segment,conversion_rate,count
7F286560861764CCB93C90B7AA833949|D7D1FB49049702BF6338894757E0D959|NA|NA|20848236690EA6F7AAEB7B2203DF1EE1,0.5042016806722689,952
13C26D10258053889D75D9B9CA922EC7|D7D1FB49049702BF6338894757E0D959|NA|A5D15FC386510762EC0DDFF54ABE6F94|7224EEA2FEA6562982AC0BF2207A300C,0.47413793103448276,232
7532B3FBAFEC164460C4ED6FEB0C022C|D7D1FB49049702BF6338894757E0D959|NA|NA|CC41567564F70D2FCA2A2FC422E67A17,0.47115384615384615,208
DDC2B3CC38945E431DE1B3F59EC56680|D7D1FB49049702BF6338894757E0D959|NA|NA|3F17CFE077B38C83C2A83833DD2A5FF2,0.4619164619164619,814
13C26D10258053889D75D9B9CA922EC7|D7D1FB49049702BF6338894757E0D959|NA|A5D15FC386510762EC0DDFF54ABE6F94|795B0C735963709E3044C645C95214DE,0.4541984732824427,262
944B2A351FEFAC79AEAA9DA57E1B351F|D7D1FB49049702BF6338894757E0D959|NA|NA|116574F0F4EC2D31AD49078E93B4879A,0.4508320726172466,661
635623BABBB7DA2E072D8C339F606E15|D7D1FB49049702BF6338894757E0D959|NA|NA|379647E2CF351489D153E1A5029B3436,0.44787644787644787,259
5D656311CF9F47E34248BE9FBFF194A0|D7D1FB49049702BF6338894757E0D959|NA|NA|3B44E737767F889F4D9BB95E2C1ABC99,0.43796711509715996,669
2134F56D3769B5022DB7172F1536B749|D7D1FB49049702BF6338894757E0D959|NA|NA|D501D473C4046E3F3B4F69F0CF6EF1A4,0.43409597084430046,4939
13C26D10258053889D75D9B9CA922EC7|D7D1FB49049702BF6338894757E0D959|NA|NA|9AE7DB16F63B635EBD07468854A6A078,0.43209876543209874,648
7532B3FBAFEC164460C4ED6FEB0C022C|D7D1FB49049702BF6338894757E0D959|NA|NA|7BBDFCFC46949668B29D800B9F7D4AEC,0.4264705882352941,204
9D307E5B713DE5E90D787BE9F802AFBB|D7D1FB49049702BF6338894757E0D959|NA|NA|51D97541771248551C034768A2A62AB9,0.4248927038626609,233
635623BABBB7DA2E072D8C339F606E15|D7D1FB49049702BF6338894757E0D959|NA|NA|B4181899D9FDDA808CC2AB8B3693F30B,0.423963133640553,217
033E492229C2222EFAA16EE8A6462D8B|FF2C446555E3822B0E0FC3406116E86D|4C90FD52FC53D2C1C205844CB69575AB|A5D15FC386510762EC0DDFF54ABE6F94|3A7B934DE16AAE790DD2C0113DD673D2,0.4212328767123288,292
13C26D10258053889D75D9B9CA922EC7|D7D1FB49049702BF6338894757E0D959|NA|NA|17745B980FF46FBB1B59A66D2F0BC478,0.4204081632653061,245
62D6A49514020FA0B2E434DB0B506005|D7D1FB49049702BF6338894757E0D959|NA|NA|8A44A9742DF903751BBF126DF7365D44,0.4174131135793622,2791
B4B45C6CE5FC4DE45AB02974D8849DBD|7E56C27BFF0305E788DA55A029EC4988|921B36149E5B081FD24450BFE2CE4430|A5D15FC386510762EC0DDFF54ABE6F94|67DA7719163A1E0C5D5D9F487B948090,0.41732283464566927,254
7532B3FBAFEC164460C4ED6FEB0C022C|D7D1FB49049702BF6338894757E0D959|NA|NA|54742E512A4B3D75213239F53EC8F27C,0.41124260355029585,338
7F286560861764CCB93C90B7AA833949|D7D1FB49049702BF6338894757E0D959|NA|NA|6ED675F72169706FA1DC284879D43FF3,0.40973630831643004,493
7F286560861764CCB93C90B7AA833949|D7D1FB49049702BF6338894757E0D959|4C90FD52FC53D2C1C205844CB69575AB|A5D15FC386510762EC0DDFF54ABE6F94|C405338BAC421B99B09D894E1476D05E,0.4085106382978723,235
033E492229C2222EFAA16EE8A6462D8B|D7D1FB49049702BF6338894757E0D959|4C90FD52FC53D2C1C205844CB69575AB|A5D15FC386510762EC0DDFF54ABE6F94|4C2B6130202FADBB9C268AC8ACEC1A2E,0.39920948616600793,253
62D6A49514020FA0B2E434DB0B506005|D7D1FB49049702BF6338894757E0D959|NA|NA|AA3A63200B5F9C9BD85FDE9EEA643363,0.39814814814814814,216
13C26D10258053889D75D9B9CA922EC7|D7D1FB49049702BF6338894757E0D959|NA|A5D15FC386510762EC0DDFF54ABE6F94|FCD960FC6FBA97AA1BFCAA2D1EB0B36A,0.39714285714285713,350
13C26D10258053889D75D9B9CA922EC7|D7D1FB49049702BF6338894757E0D959|NA|NA|0C399119C1ACBAA9F688527086D5F84D,0.3967741935483871,620
033E492229C2222EFAA16EE8A6462D8B|D7D1FB49049702BF6338894757E0D959|4C90FD52FC53D2C1C205844CB69575AB|1B491180398E2F0390E6A588B3BCE291|9119C93E1C39F568D3BDFB2CD3EAEC1A,0.39338235294117646,272
13C26D10258053889D75D9B9CA922EC7|D7D1FB49049702BF6338894757E0D959|NA|NA|C81B7FC04F25245B85F785B38609D4E6,0.39300411522633744,486
13C26D10258053889D75D9B9CA922EC7|D7D1FB49049702BF6338894757E0D959|NA|A5D15FC386510762EC0DDFF54ABE6F94|C93878CDD6542101C7E215CF3D026B69,0.39268680445151033,629
13C26D10258053889D75D9B9CA922EC7|D7D1FB49049702BF6338894757E0D959|NA|A5D15FC386510762EC0DDFF54ABE6F94|4F0ED626627C4A0D5DECB2B57A629E09,0.3900074571215511,1341
7F286560861764CCB93C90B7AA833949|D7D1FB49049702BF6338894757E0D959|NA|NA|5EBAA5C54B096159C9817E348EE9E17B,0.3880597014925373,201
13C26D10258053889D75D9B9CA922EC7|D7D1FB49049702BF6338894757E0D959|NA|A5D15FC386510762EC0DDFF54ABE6F94|052F001C02EB3ED5D6D9956615C38725,0.38207547169811323,212
5D656311CF9F47E34248BE9FBFF194A0|FF2C446555E3822B0E0FC3406116E86D|NA|NA|3B44E737767F889F4D9BB95E2C1ABC99,0.38095238095238093,273
9D307E5B713DE5E90D787BE9F802AFBB|D7D1FB49049702BF6338894757E0D959|NA|NA|NA,0.3808118081180812,1355
88CED8BA3AA711A20ACF8B1FC574F218|D7D1FB49049702BF6338894757E0D959|NA|NA|4876C1F36B306D22200F07B2165A4DAB,0.37995824634655534,479
7F286560861764CCB93C90B7AA833949|D7D1FB49049702BF6338894757E0D959|NA|NA|7C97695F487E5628DCEFB08B9EBCE098,0.378698224852071,507
7F286560861764CCB93C90B7AA833949|D7D1FB49049702BF6338894757E0D959|4C90FD52FC53D2C1C205844CB69575AB|A5D15FC386510762EC0DDFF54ABE6F94|F15DCA9E43DF2C07E9A9DA8E69CB1037,0.3786008230452675,243
62D6A49514020FA0B2E434DB0B506005|D7D1FB49049702BF6338894757E0D959|NA|NA|47188859656650964952DB5A346CE33A,0.37821657388929736,19042
13C26D10258053889D75D9B9CA922EC7|D7D1FB49049702BF6338894757E0D959|NA|NA|FB05F67B7E868983840F2DEAA11082B9,0.3777602523659306,1268
7F286560861764CCB93C90B7AA833949|D7D1FB49049702BF6338894757E0D959|4C90FD52FC53D2C1C205844CB69575AB|A5D15FC386510762EC0DDFF54ABE6F94|48D9201753DC9A5BED4A1A20C5C4480C,0.3774193548387097,310
033E492229C2222EFAA16EE8A6462D8B|FF2C446555E3822B0E0FC3406116E86D|4C90FD52FC53D2C1C205844CB69575AB|A5D15FC386510762EC0DDFF54ABE6F94|8F961304A5BCE54F9D49B3652E142D90,0.3755656108597285,221
9D307E5B713DE5E90D787BE9F802AFBB|D7D1FB49049702BF6338894757E0D959|NA|NA|2643D22A9E0423A34D74481EA401068A,0.37540453074433655,309
13C26D10258053889D75D9B9CA922EC7|D7D1FB49049702BF6338894757E0D959|4C90FD52FC53D2C1C205844CB69575AB|A5D15FC386510762EC0DDFF54ABE6F94|48D9201753DC9A5BED4A1A20C5C4480C,0.3745557924662402,1407
13C26D10258053889D75D9B9CA922EC7|D7D1FB49049702BF6338894757E0D959|NA|NA|D51C9B52C3D3FC12979F4AD0F3717D38,0.37431941923774953,2204
7532B3FBAFEC164460C4ED6FEB0C022C|D7D1FB49049702BF6338894757E0D959|NA|NA|AB28B9142D37FE28AECAD3C9F84A450E,0.37075471698113205,1060
7F286560861764CCB93C90B7AA833949|D7D1FB49049702BF6338894757E0D959|NA|A5D15FC386510762EC0DDFF54ABE6F94|05FDF0DAF6E8F552B8F9C92ABBF85F8F,0.37055837563451777,1773
13C26D10258053889D75D9B9CA922EC7|D7D1FB49049702BF6338894757E0D959|NA|NA|F0FC5EAA77AE8C283E9A2BD1ED5FF100,0.37006578947368424,1216
E02400CDAD96905D88E932FE9B7D3552|D7D1FB49049702BF6338894757E0D959|921B36149E5B081FD24450BFE2CE4430|A5D15FC386510762EC0DDFF54ABE6F94|1CF3030E70DFAB83AB3BBCF0188E86A8,0.3694915254237288,295
033E492229C2222EFAA16EE8A6462D8B|D7D1FB49049702BF6338894757E0D959|4C90FD52FC53D2C1C205844CB69575AB|1B491180398E2F0390E6A588B3BCE291|98DFCDEBF0D8AFF8AF6E18E76B9C0224,0.36904761904761907,252
7F286560861764CCB93C90B7AA833949|D7D1FB49049702BF6338894757E0D959|NA|A5D15FC386510762EC0DDFF54ABE6F94|E500682F28E8A3BF6072077BF67FFEDC,0.3684210526315789,437
B4B45C6CE5FC4DE45AB02974D8849DBD|D7D1FB49049702BF6338894757E0D959|NA|NA|F709174394FEE0EDC99910AAE9A691F4,0.36792452830188677,212
7F286560861764CCB93C90B7AA833949|D7D1FB49049702BF6338894757E0D959|NA|A5D15FC386510762EC0DDFF54ABE6F94|D63ABF5F5E37CE14EF7297B4E8CE77ED,0.3660531697341513,978
7F286560861764CCB93C90B7AA833949|D7D1FB49049702BF6338894757E0D959|NA|NA|50CA84E9C7C84640D74F60838960B28D,0.3659574468085106,235
13C26D10258053889D75D9B9CA922EC7|D7D1FB49049702BF6338894757E0D959|NA|NA|E058174B669D2275DAEB73253AB469FB,0.36541353383458647,1330
635623BABBB7DA2E072D8C339F606E15|D7D1FB49049702BF6338894757E0D959|NA|NA|1EBD6909723927E6E3A8F5C1835BD112,0.3651452282157676,241
033E492229C2222EFAA16EE8A6462D8B|D7D1FB49049702BF6338894757E0D959|4C90FD52FC53D2C1C205844CB69575AB|A5D15FC386510762EC0DDFF54ABE6F94|0856CCF5CC2C3EEE7B2C30C66313BFE7,0.3644859813084112,321
9D307E5B713DE5E90D787BE9F802AFBB|D7D1FB49049702BF6338894757E0D959|4C90FD52FC53D2C1C205844CB69575AB|C45A9AC6D102ACAEEDF0D6F78636D84A|E840B5CB23AF05D606E5120870FE7F9A,0.36363636363636365,330
7F286560861764CCB93C90B7AA833949|D7D1FB49049702BF6338894757E0D959|4C90FD52FC53D2C1C205844CB69575AB|A5D15FC386510762EC0DDFF54ABE6F94|5988945F3727F7C82157CEBF67D822D4,0.36224188790560474,1695
B4B45C6CE5FC4DE45AB02974D8849DBD|D7D1FB49049702BF6338894757E0D959|NA|NA|8D50F9BC5BD24CB4ECB5D5210A04D05D,0.3619402985074627,268
033E492229C2222EFAA16EE8A6462D8B|D7D1FB49049702BF6338894757E0D959|4C90FD52FC53D2C1C205844CB69575AB|A5D15FC386510762EC0DDFF54ABE6F94|58308E990BC3C5F44A61AE59551CAC11,0.36,225
13C26D10258053889D75D9B9CA922EC7|D7D1FB49049702BF6338894757E0D959|NA|NA|5AF76278CF13478663F2F952871C86DD,0.35988200589970504,339
7F286560861764CCB93C90B7AA833949|D7D1FB49049702BF6338894757E0D959|4C90FD52FC53D2C1C205844CB69575AB|A5D15FC386510762EC0DDFF54ABE6F94|6D24A55D1F62B4EA6C132F140DAAEE09,0.359375,256
7F286560861764CCB93C90B7AA833949|D7D1FB49049702BF6338894757E0D959|NA|NA|56FF7FDD1248B8BDC9F0A56B76DBCC44,0.359375,384
7F286560861764CCB93C90B7AA833949|D7D1FB49049702BF6338894757E0D959|NA|NA|46317F3010AE222734789A58615F059D,0.359375,384
7F286560861764CCB93C90B7AA833949|D7D1FB49049702BF6338894757E0D959|4C90FD52FC53D2C1C205844CB69575AB|A5D15FC386510762EC0DDFF54ABE6F94|C35F816FC5812C2D919B04C5EE1CFF77,0.35874439461883406,223
2134F56D3769B5022DB7172F1536B749|FF2C446555E3822B0E0FC3406116E86D|NA|NA|D501D473C4046E3F3B4F69F0CF6EF1A4,0.35873015873015873,630
7F286560861764CCB93C90B7AA833949|D7D1FB49049702BF6338894757E0D959|NA|A5D15FC386510762EC0DDFF54ABE6F94|B7670035C6797132EC922335AF1FE60D,0.3584070796460177,678
B83EF4115DC165749F3FCB737CC1044D|D7D1FB49049702BF6338894757E0D959|NA|NA|52FDF4866022772216B4CB3B875C4D82,0.35830212234706615,1602
7F286560861764CCB93C90B7AA833949|D7D1FB49049702BF6338894757E0D959|4C90FD52FC53D2C1C205844CB69575AB|A5D15FC386510762EC0DDFF54ABE6F94|58D64FC46342D43AD1F7C3113727206B,0.3582089552238806,201
13C26D10258053889D75D9B9CA922EC7|FF2C446555E3822B0E0FC3406116E86D|4C90FD52FC53D2C1C205844CB69575AB|A5D15FC386510762EC0DDFF54ABE6F94|48D9201753DC9A5BED4A1A20C5C4480C,0.35733333333333334,375
62D6A49514020FA0B2E434DB0B506005|D7D1FB49049702BF6338894757E0D959|NA|NA|4FB36B24D75C688E7790D8CD22907B64,0.3570581257413998,843
7F286560861764CCB93C90B7AA833949|D7D1FB49049702BF6338894757E0D959|4C90FD52FC53D2C1C205844CB69575AB|A5D15FC386510762EC0DDFF54ABE6F94|BA6D404B046A2EE3B1D51CD05D4922CA,0.35664335664335667,286
033E492229C2222EFAA16EE8A6462D8B|D7D1FB49049702BF6338894757E0D959|4C90FD52FC53D2C1C205844CB69575AB|1B491180398E2F0390E6A588B3BCE291|B996C1B2FF9D91BCCF667A841B5FCEEF,0.3554817275747508,301
B4B45C6CE5FC4DE45AB02974D8849DBD|D7D1FB49049702BF6338894757E0D959|NA|NA|6AAC59B9CEFC1C49996502F4B7EA953E,0.3551912568306011,549
7F286560861764CCB93C90B7AA833949|D7D1FB49049702BF6338894757E0D959|NA|NA|89209FA6EB5F71984DD6F779ADBDD9BB,0.3548387096774194,279
033E492229C2222EFAA16EE8A6462D8B|D7D1FB49049702BF6338894757E0D959|4C90FD52FC53D2C1C205844CB69575AB|A5D15FC386510762EC0DDFF54ABE6F94|777BEECAD173AC93E5CE0CE1CC82DF15,0.3545232273838631,409
033E492229C2222EFAA16EE8A6462D8B|7E56C27BFF0305E788DA55A029EC4988|4C90FD52FC53D2C1C205844CB69575AB|A5D15FC386510762EC0DDFF54ABE6F94|8F961304A5BCE54F9D49B3652E142D90,0.35443037974683544,237
2134F56D3769B5022DB7172F1536B749|D7D1FB49049702BF6338894757E0D959|NA|NA|B40827F4CCAEE4D4DBB9B6DFEEFB2BD2,0.35436893203883496,206
7F286560861764CCB93C90B7AA833949|D7D1FB49049702BF6338894757E0D959|4C90FD52FC53D2C1C205844CB69575AB|A5D15FC386510762EC0DDFF54ABE6F94|07AE3A6696365F4390E726992343DDEB,0.35406698564593303,418
7F286560861764CCB93C90B7AA833949|D7D1FB49049702BF6338894757E0D959|4C90FD52FC53D2C1C205844CB69575AB|A5D15FC386510762EC0DDFF54ABE6F94|CC91F59AD5F87E012DB63337C8EC1C2D,0.35384615384615387,260
E02400CDAD96905D88E932FE9B7D3552|D7D1FB49049702BF6338894757E0D959|NA|NA|13B194B368783257015BD41DFCFB86C9,0.35348837209302325,215
13C26D10258053889D75D9B9CA922EC7|D7D1FB49049702BF6338894757E0D959|NA|NA|E7ABBB96C62D4B1F07AEDA6DCE6A8F8C,0.3522388059701492,670
5D656311CF9F47E34248BE9FBFF194A0|D7D1FB49049702BF6338894757E0D959|88460293E9517D21E39AA889BD5AADC8|A5D15FC386510762EC0DDFF54ABE6F94|3A53F1BADB52C35E9DE79BB16ADE50A7,0.35222052067381315,653
62D6A49514020FA0B2E434DB0B506005|D7D1FB49049702BF6338894757E0D959|NA|NA|183CA72B3D949C5CD9AC5868F4CE8796,0.352,500
62D6A49514020FA0B2E434DB0B506005|D7D1FB49049702BF6338894757E0D959|NA|NA|D8E7342BECEC4370DF02BDF9CAB81F3A,0.3518742442563482,827
033E492229C2222EFAA16EE8A6462D8B|D7D1FB49049702BF6338894757E0D959|4C90FD52FC53D2C1C205844CB69575AB|A5D15FC386510762EC0DDFF54ABE6F94|07AE3A6696365F4390E726992343DDEB,0.3516260162601626,492
033E492229C2222EFAA16EE8A6462D8B|D7D1FB49049702BF6338894757E0D959|4C90FD52FC53D2C1C205844CB69575AB|1B491180398E2F0390E6A588B3BCE291|7B844A587FA2CDC12A2F6CB3F6DFA97F,0.35094339622641507,265
13C26D10258053889D75D9B9CA922EC7|D7D1FB49049702BF6338894757E0D959|NA|NA|45A860AF2065AD87F9DAB2F7E01D42C5,0.350597609561753,251
7F286560861764CCB93C90B7AA833949|D7D1FB49049702BF6338894757E0D959|4C90FD52FC53D2C1C205844CB69575AB|A5D15FC386510762EC0DDFF54ABE6F94|7D2961B8BF5D579A51276662D70D2C75,0.35,240
62D6A49514020FA0B2E434DB0B506005|D7D1FB49049702BF6338894757E0D959|NA|NA|4D3185E530A324EB68AE4F7C5129682A,0.34971098265895956,346
7F286560861764CCB93C90B7AA833949|D7D1FB49049702BF6338894757E0D959|NA|A5D15FC386510762EC0DDFF54ABE6F94|C28BEC4644A494F3E1BCDDF5C798DCE6,0.34935897435897434,312
7F286560861764CCB93C90B7AA833949|D7D1FB49049702BF6338894757E0D959|4C90FD52FC53D2C1C205844CB69575AB|A5D15FC386510762EC0DDFF54ABE6F94|6C0F874E8CD1A6F748737B6B5CB057F5,0.3482758620689655,1740
62D6A49514020FA0B2E434DB0B506005|D7D1FB49049702BF6338894757E0D959|NA|NA|962C200077EECE25C452C7EF608CC37C,0.34823529411764703,425
B4B45C6CE5FC4DE45AB02974D8849DBD|D7D1FB49049702BF6338894757E0D959|NA|NA|9D002EAF1CFA13A74CF31A66A189E7B4,0.34806629834254144,362
62D6A49514020FA0B2E434DB0B506005|D7D1FB49049702BF6338894757E0D959|NA|NA|798465D9138DE46611FFA161B1402B5D,0.3475,400
2551A1FA7839742971CDF4C67667E17A|D7D1FB49049702BF6338894757E0D959|NA|NA|116ACBB7E1881C29A6EB95E3CA0E53D3,0.3469750889679715,562
62D6A49514020FA0B2E434DB0B506005|D7D1FB49049702BF6338894757E0D959|NA|NA|E94F0DC87DF180B566443CAC605E3B26,0.3469387755102041,245
13C26D10258053889D75D9B9CA922EC7|D7D1FB49049702BF6338894757E0D959|NA|NA|0E37E4148E8361D2F239A5C46E16E688,0.3462897526501767,283
B4B45C6CE5FC4DE45AB02974D8849DBD|D7D1FB49049702BF6338894757E0D959|NA|NA|B8C0FE637FD5FF6EC39C94265ADB17C3,0.34593023255813954,344
7532B3FBAFEC164460C4ED6FEB0C022C|D7D1FB49049702BF6338894757E0D959|NA|NA|0B984B4F31FE4B9104AF791F1DCFCA88,0.34545454545454546,550
7F286560861764CCB93C90B7AA833949|D7D1FB49049702BF6338894757E0D959|NA|A5D15FC386510762EC0DDFF54ABE6F94|7A502D6140CB0643DFF65B7AD18D3A52,0.34539473684210525,304
033E492229C2222EFAA16EE8A6462D8B|D7D1FB49049702BF6338894757E0D959|4C90FD52FC53D2C1C205844CB69575AB|1B491180398E2F0390E6A588B3BCE291|E2A851731FEE342F931CDC35EF93A7E3,0.34494773519163763,574
033E492229C2222EFAA16EE8A6462D8B|D7D1FB49049702BF6338894757E0D959|4C90FD52FC53D2C1C205844CB69575AB|1B491180398E2F0390E6A588B3BCE291|BF045F38233F121BE01C2B8255865B7F,0.3431818181818182,440
B83EF4115DC165749F3FCB737CC1044D|D7D1FB49049702BF6338894757E0D959|NA|A5D15FC386510762EC0DDFF54ABE6F94|NA,0.3418722786647315,13780
7F286560861764CCB93C90B7AA833949|FF2C446555E3822B0E0FC3406116E86D|NA|A5D15FC386510762EC0DDFF54ABE6F94|05FDF0DAF6E8F552B8F9C92ABBF85F8F,0.34182908545727136,667
944B2A351FEFAC79AEAA9DA57E1B351F|D7D1FB49049702BF6338894757E0D959|NA|NA|116ACBB7E1881C29A6EB95E3CA0E53D3,0.34101382488479265,651
B4B45C6CE5FC4DE45AB02974D8849DBD|D7D1FB49049702BF6338894757E0D959|NA|NA|7BA18B7FCC191ACEE7F98578EA9258D1,0.3406666666666667,1500
033E492229C2222EFAA16EE8A6462D8B|D7D1FB49049702BF6338894757E0D959|4C90FD52FC53D2C1C205844CB69575AB|A5D15FC386510762EC0DDFF54ABE6F94|A1977347A6AC699BD49667201654B1FF,0.34048257372654156,373
033E492229C2222EFAA16EE8A6462D8B|D7D1FB49049702BF6338894757E0D959|4C90FD52FC53D2C1C205844CB69575AB|A5D15FC386510762EC0DDFF54ABE6F94|600876DC0F83940E57DADF87CBF3ED5B,0.34035087719298246,285
B4B45C6CE5FC4DE45AB02974D8849DBD|D7D1FB49049702BF6338894757E0D959|NA|NA|A6A457ABCB2687F40FA0F95FB365397D,0.3386243386243386,378
13C26D10258053889D75D9B9CA922EC7|D7D1FB49049702BF6338894757E0D959|4C90FD52FC53D2C1C205844CB69575AB|A5D15FC386510762EC0DDFF54ABE6F94|1E8E36999C30A9ADF3E430FAD7F54498,0.3380281690140845,213
B4B45C6CE5FC4DE45AB02974D8849DBD|D7D1FB49049702BF6338894757E0D959|NA|NA|AF968932F63B5833B3036C5DC0A1E565,0.3378076062639821,447
033E492229C2222EFAA16EE8A6462D8B|D7D1FB49049702BF6338894757E0D959|4C90FD52FC53D2C1C205844CB69575AB|1B491180398E2F0390E6A588B3BCE291|A20343B10720145A5225D9EB4F99C4ED,0.33755274261603374,237
7F286560861764CCB93C90B7AA833949|D7D1FB49049702BF6338894757E0D959|NA|NA|9DA65457581FCC980093B1EDFE4EA77B,0.33755274261603374,237
62D6A49514020FA0B2E434DB0B506005|FF2C446555E3822B0E0FC3406116E86D|NA|NA|8A44A9742DF903751BBF126DF7365D44,0.33724340175953077,341
7F286560861764CCB93C90B7AA833949|D7D1FB49049702BF6338894757E0D959|NA|NA|45A386BE639B63D568A75235C5AA9B50,0.3372093023255814,258
033E492229C2222EFAA16EE8A6462D8B|D7D1FB49049702BF6338894757E0D959|4C90FD52FC53D2C1C205844CB69575AB|1B491180398E2F0390E6A588B3BCE291|6ABAA8452A125B7D861F471F2804A227,0.3357664233576642,274
62D6A49514020FA0B2E434DB0B506005|FF2C446555E3822B0E0FC3406116E86D|NA|NA|47188859656650964952DB5A346CE33A,0.33572359843546284,1534
033E492229C2222EFAA16EE8A6462D8B|D7D1FB49049702BF6338894757E0D959|4C90FD52FC53D2C1C205844CB69575AB|A5D15FC386510762EC0DDFF54ABE6F94|86A261B840609360F9D5A0A74C86A644,0.33554817275747506,301
033E492229C2222EFAA16EE8A6462D8B|D7D1FB49049702BF6338894757E0D959|4C90FD52FC53D2C1C205844CB69575AB|D7B42B0C4D807EF1C13F79948743E9DA|80D1839688E41BD2663F389C6C2F3866,0.33541666666666664,1440
2134F56D3769B5022DB7172F1536B749|D7D1FB49049702BF6338894757E0D959|NA|NA|701EB091DB94947AE2F85ACDC80C7105,0.3347517730496454,705
13C26D10258053889D75D9B9CA922EC7|D7D1FB49049702BF6338894757E0D959|4C90FD52FC53D2C1C205844CB69575AB|A5D15FC386510762EC0DDFF54ABE6F94|58892A86476EE287AD37AD5607560B29,0.3346613545816733,251
7F286560861764CCB93C90B7AA833949|D7D1FB49049702BF6338894757E0D959|4C90FD52FC53D2C1C205844CB69575AB|A5D15FC386510762EC0DDFF54ABE6F94|75AADD93A0693944F491C8ED4C849085,0.3345724907063197,538
7F286560861764CCB93C90B7AA833949|D7D1FB49049702BF6338894757E0D959|NA|NA|3EBD1F56B438CC172A1BD35C7188DABD,0.33447098976109213,293
2134F56D3769B5022DB7172F1536B749|D7D1FB49049702BF6338894757E0D959|NA|NA|87D65706FA81E0C995C284FB5B0B5E94,0.33444816053511706,897
7F286560861764CCB93C90B7AA833949|D7D1FB49049702BF6338894757E0D959|NA|A5D15FC386510762EC0DDFF54ABE6F94|DB89BE834272DF84F578E88033131577,0.3339253996447602,563
7F286560861764CCB93C90B7AA833949|D7D1FB49049702BF6338894757E0D959|NA|NA|7BA18B7FCC191ACEE7F98578EA9258D1,0.3333333333333333,240
111C91D6B0D89C84BF196FED8DBE7BBB|D7D1FB49049702BF6338894757E0D959|NA|NA|7BA18B7FCC191ACEE7F98578EA9258D1,0.3333333333333333,210
033E492229C2222EFAA16EE8A6462D8B|D7D1FB49049702BF6338894757E0D959|4C90FD52FC53D2C1C205844CB69575AB|C45A9AC6D102ACAEEDF0D6F78636D84A|07AE3A6696365F4390E726992343DDEB,0.3333333333333333,207
944B2A351FEFAC79AEAA9DA57E1B351F|D7D1FB49049702BF6338894757E0D959|NA|NA|8CF804D0510BAE86EAC5325C4F71B20C,0.3333333333333333,318
7F286560861764CCB93C90B7AA833949|D7D1FB49049702BF6338894757E0D959|NA|NA|FB05F67B7E868983840F2DEAA11082B9,0.3326073428749222,3214
033E492229C2222EFAA16EE8A6462D8B|D7D1FB49049702BF6338894757E0D959|4C90FD52FC53D2C1C205844CB69575AB|C45A9AC6D102ACAEEDF0D6F78636D84A|D80666DA86F9FB1E61F8F5449FE59B32,0.3319755600814664,491
62D6A49514020FA0B2E434DB0B506005|D7D1FB49049702BF6338894757E0D959|NA|NA|C1140F6F61F51379907D4DD2B2DE341C,0.33195020746887965,241
2134F56D3769B5022DB7172F1536B749|D7D1FB49049702BF6338894757E0D959|NA|NA|NA,0.33168520807581375,2427
13C26D10258053889D75D9B9CA922EC7|7E56C27BFF0305E788DA55A029EC4988|NA|NA|48C276188688A4784E6B926BE0938466,0.3306930693069307,505
7F286560861764CCB93C90B7AA833949|D7D1FB49049702BF6338894757E0D959|NA|NA|6BF9FBA844119A9E01E61EBFAE75D26B,0.33004926108374383,203
635623BABBB7DA2E072D8C339F606E15|D7D1FB49049702BF6338894757E0D959|NA|NA|AAE5DE0771BAD0DAB5FDC9E03A4F22B4,0.330028328611898,706
2134F56D3769B5022DB7172F1536B749|D7D1FB49049702BF6338894757E0D959|NA|NA|7A755D9F2E3D48B6AECC8B28A27E0F98,0.3288201160541586,517
033E492229C2222EFAA16EE8A6462D8B|D7D1FB49049702BF6338894757E0D959|4C90FD52FC53D2C1C205844CB69575AB|1B491180398E2F0390E6A588B3BCE291|9DF2E301D41E2762B9B36D5BCFD64FA6,0.32786885245901637,366
EC997D43AC86A75D9B88A1051F86A67C|D7D1FB49049702BF6338894757E0D959|NA|NA|92ADD6127829428CA9091C1B0C270AF3,0.3273542600896861,223
2134F56D3769B5022DB7172F1536B749|D7D1FB49049702BF6338894757E0D959|NA|NA|24C5CAB2830A2EE0F5BEA0AECA87DD2B,0.3270042194092827,474
033E492229C2222EFAA16EE8A6462D8B|D7D1FB49049702BF6338894757E0D959|4C90FD52FC53D2C1C205844CB69575AB|C45A9AC6D102ACAEEDF0D6F78636D84A|600876DC0F83940E57DADF87CBF3ED5B,0.3269961977186312,263
033E492229C2222EFAA16EE8A6462D8B|D7D1FB49049702BF6338894757E0D959|4C90FD52FC53D2C1C205844CB69575AB|1B491180398E2F0390E6A588B3BCE291|496D3CD047509A512B4F94216F44FC5D,0.3269230769230769,312
7F286560861764CCB93C90B7AA833949|D7D1FB49049702BF6338894757E0D959|NA|A5D15FC386510762EC0DDFF54ABE6F94|13CA26D9A64E15A7D79EFB6CD3062726,0.32661290322580644,248
033E492229C2222EFAA16EE8A6462D8B|D7D1FB49049702BF6338894757E0D959|4C90FD52FC53D2C1C205844CB69575AB|C45A9AC6D102ACAEEDF0D6F78636D84A|7AFA37DD94D871E2C24B7D048AAF8966,0.32515337423312884,326
9D307E5B713DE5E90D787BE9F802AFBB|D7D1FB49049702BF6338894757E0D959|4C90FD52FC53D2C1C205844CB69575AB|1B491180398E2F0390E6A588B3BCE291|E840B5CB23AF05D606E5120870FE7F9A,0.32514450867052025,692
13C26D10258053889D75D9B9CA922EC7|D7D1FB49049702BF6338894757E0D959|4C90FD52FC53D2C1C205844CB69575AB|1B491180398E2F0390E6A588B3BCE291|EBA7DD8E9FCE82C2A318F63B1A65C4E4,0.325,240
7F286560861764CCB93C90B7AA833949|D7D1FB49049702BF6338894757E0D959|4C90FD52FC53D2C1C205844CB69575AB|A5D15FC386510762EC0DDFF54ABE6F94|62899490AC0E72CDE90CE293E6600756,0.3245192307692308,416
EC997D43AC86A75D9B88A1051F86A67C|D7D1FB49049702BF6338894757E0D959|NA|NA|21A90C549878278288AA68AC91306813,0.32325581395348835,430
13C26D10258053889D75D9B9CA922EC7|D7D1FB49049702BF6338894757E0D959|NA|NA|6816C21825B327DBFCA859D84A902552,0.32320441988950277,1086
EC997D43AC86A75D9B88A1051F86A67C|D7D1FB49049702BF6338894757E0D959|NA|NA|379647E2CF351489D153E1A5029B3436,0.3230240549828179,291
033E492229C2222EFAA16EE8A6462D8B|D7D1FB49049702BF6338894757E0D959|4C90FD52FC53D2C1C205844CB69575AB|1B491180398E2F0390E6A588B3BCE291|12AD2996494DFF657A50F4AB0D7F4230,0.3230088495575221,226
13C26D10258053889D75D9B9CA922EC7|D7D1FB49049702BF6338894757E0D959|NA|NA|9CE73A6B2B899488A21DAFCD2311AC21,0.32286995515695066,223
7F286560861764CCB93C90B7AA833949|D7D1FB49049702BF6338894757E0D959|4C90FD52FC53D2C1C205844CB69575AB|A5D15FC386510762EC0DDFF54ABE6F94|D6EF29B0FA9248B83AF1E38816F3128E,0.3228511530398323,477
E02400CDAD96905D88E932FE9B7D3552|D7D1FB49049702BF6338894757E0D959|NA|NA|NA,0.32271169226863017,7877
E02400CDAD96905D88E932FE9B7D3552|D7D1FB49049702BF6338894757E0D959|NA|NA|378ADE4008A99DA66F6B237A58898461,0.32231404958677684,1089
7F286560861764CCB93C90B7AA833949|D7D1FB49049702BF6338894757E0D959|NA|NA|C73AAA75E559B624180B2780BD09D675,0.32229965156794427,1148
62D6A49514020FA0B2E434DB0B506005|D7D1FB49049702BF6338894757E0D959|NA|NA|EDFC5F48E429BDE26ED5FD3CEFD816C7,0.32187670485542824,5499
13C26D10258053889D75D9B9CA922EC7|D7D1FB49049702BF6338894757E0D959|NA|NA|24276EA731CB0FE8D03657C7CEE47E0D,0.32167832167832167,286
7F286560861764CCB93C90B7AA833949|D7D1FB49049702BF6338894757E0D959|4C90FD52FC53D2C1C205844CB69575AB|A5D15FC386510762EC0DDFF54ABE6F94|D6BC28A8F34D824C89F03313BBD5614A,0.32113821138211385,246
9D307E5B713DE5E90D787BE9F802AFBB|D7D1FB49049702BF6338894757E0D959|4C90FD52FC53D2C1C205844CB69575AB|A5D15FC386510762EC0DDFF54ABE6F94|BD57B7DA38852A9B96E655EC445618BD,0.32075471698113206,212
7F286560861764CCB93C90B7AA833949|D7D1FB49049702BF6338894757E0D959|NA|NA|6310EF1525C1CCE734DCF3F6421ADF99,0.32027649769585254,434
EC997D43AC86A75D9B88A1051F86A67C|7E56C27BFF0305E788DA55A029EC4988|NA|NA|4B5725D4CC24CF253E2266CC300FC597,0.32,200
E02400CDAD96905D88E932FE9B7D3552|D7D1FB49049702BF6338894757E0D959|NA|NA|116ACBB7E1881C29A6EB95E3CA0E53D3,0.31989247311827956,372
B4B45C6CE5FC4DE45AB02974D8849DBD|D7D1FB49049702BF6338894757E0D959|921B36149E5B081FD24450BFE2CE4430|A5D15FC386510762EC0DDFF54ABE6F94|D4E98A9DB553381424D56F07C0A6BEEB,0.3197879858657244,566
033E492229C2222EFAA16EE8A6462D8B|D7D1FB49049702BF6338894757E0D959|4C90FD52FC53D2C1C205844CB69575AB|1B491180398E2F0390E6A588B3BCE291|33A29D591B7F8FF7FFA64AFF4220B0F8,0.3194805194805195,385
7F286560861764CCB93C90B7AA833949|D7D1FB49049702BF6338894757E0D959|4C90FD52FC53D2C1C205844CB69575AB|A5D15FC386510762EC0DDFF54ABE6F94|A51459F2008EB80D460C2463096349D8,0.31935176358436607,1049
7F286560861764CCB93C90B7AA833949|D7D1FB49049702BF6338894757E0D959|NA|A5D15FC386510762EC0DDFF54ABE6F94|4044139FAE704929D7BD1081DE1BD28C,0.31877729257641924,229
033E492229C2222EFAA16EE8A6462D8B|D7D1FB49049702BF6338894757E0D959|4C90FD52FC53D2C1C205844CB69575AB|1B491180398E2F0390E6A588B3BCE291|818F6ED39A77D380E8EE590F97CC5D52,0.31873479318734793,411
033E492229C2222EFAA16EE8A6462D8B|D7D1FB49049702BF6338894757E0D959|4C90FD52FC53D2C1C205844CB69575AB|A5D15FC386510762EC0DDFF54ABE6F94|93805425440E0B0C93655083D59FFA2E,0.3185840707964602,226
B4B45C6CE5FC4DE45AB02974D8849DBD|D7D1FB49049702BF6338894757E0D959|NA|NA|1212975A7EADA2D3101EA3C8A3262D2F,0.3181818181818182,1672
62D6A49514020FA0B2E434DB0B506005|D7D1FB49049702BF6338894757E0D959|NA|NA|448BE32E3AF9D2A34E00BA54DE94421C,0.31790123456790126,324
033E492229C2222EFAA16EE8A6462D8B|7E56C27BFF0305E788DA55A029EC4988|4C90FD52FC53D2C1C205844CB69575AB|A5D15FC386510762EC0DDFF54ABE6F94|3A7B934DE16AAE790DD2C0113DD673D2,0.31788079470198677,302
2134F56D3769B5022DB7172F1536B749|D7D1FB49049702BF6338894757E0D959|NA|NA|9A0EA21647E006E4AAA6908795A06465,0.31785714285714284,2520
635623BABBB7DA2E072D8C339F606E15|D7D1FB49049702BF6338894757E0D959|NA|NA|41417B1A2B2BCD8B234EC61B886FADCF,0.3176470588235294,425
033E492229C2222EFAA16EE8A6462D8B|D7D1FB49049702BF6338894757E0D959|4C90FD52FC53D2C1C205844CB69575AB|1B491180398E2F0390E6A588B3BCE291|259720A0B080DC49431920C10F59417C,0.31758530183727035,381
88CED8BA3AA711A20ACF8B1FC574F218|D7D1FB49049702BF6338894757E0D959|NA|NA|4E976F1BB709F251CB51B0FB0C3BB7B5,0.3173913043478261,230
033E492229C2222EFAA16EE8A6462D8B|D7D1FB49049702BF6338894757E0D959|4C90FD52FC53D2C1C205844CB69575AB|1B491180398E2F0390E6A588B3BCE291|71742F939927AA3F7F3C97CBDD35B8CC,0.3169642857142857,224
13C26D10258053889D75D9B9CA922EC7|D7D1FB49049702BF6338894757E0D959|4C90FD52FC53D2C1C205844CB69575AB|1B491180398E2F0390E6A588B3BCE291|8D3D5D3D10BC47ED6EADBD570DEB57D4,0.3165829145728643,398
EC997D43AC86A75D9B88A1051F86A67C|D7D1FB49049702BF6338894757E0D959|NA|NA|1212975A7EADA2D3101EA3C8A3262D2F,0.31654676258992803,417
13C26D10258053889D75D9B9CA922EC7|D7D1FB49049702BF6338894757E0D959|4C90FD52FC53D2C1C205844CB69575AB|1B491180398E2F0390E6A588B3BCE291|A8552A725BC2A95AC43EAF241515E060,0.3162162162162162,370
7F286560861764CCB93C90B7AA833949|D7D1FB49049702BF6338894757E0D959|NA|A5D15FC386510762EC0DDFF54ABE6F94|514079215E791936F564CC4B40632AF7,0.3151862464183381,349
7F286560861764CCB93C90B7AA833949|D7D1FB49049702BF6338894757E0D959|NA|NA|70A0488F4C5578A750592A5518B63141,0.3147982062780269,1115
033E492229C2222EFAA16EE8A6462D8B|D7D1FB49049702BF6338894757E0D959|4C90FD52FC53D2C1C205844CB69575AB|A5D15FC386510762EC0DDFF54ABE6F94|BE2384727615757A41C291AFE0F4DAF8,0.3141025641025641,312
635623BABBB7DA2E072D8C339F606E15|D7D1FB49049702BF6338894757E0D959|NA|NA|281A85DD29C022E36ABDC2EE30915B0E,0.3141025641025641,312
2134F56D3769B5022DB7172F1536B749|D7D1FB49049702BF6338894757E0D959|NA|NA|793E7E0B62E1634309B603FD3CB902F7,0.31351351351351353,740
E02400CDAD96905D88E932FE9B7D3552|D7D1FB49049702BF6338894757E0D959|NA|NA|46CCC9D9F096D22AA42975588010F0D6,0.31309904153354634,313
7F286560861764CCB93C90B7AA833949|FF2C446555E3822B0E0FC3406116E86D|NA|A5D15FC386510762EC0DDFF54ABE6F94|B7670035C6797132EC922335AF1FE60D,0.3130841121495327,428
7F286560861764CCB93C90B7AA833949|D7D1FB49049702BF6338894757E0D959|4C90FD52FC53D2C1C205844CB69575AB|A5D15FC386510762EC0DDFF54ABE6F94|53F02588B177AA9BA649AC9C091F44D4,0.31293503480278423,3448
2134F56D3769B5022DB7172F1536B749|D7D1FB49049702BF6338894757E0D959|NA|NA|B72A529BFB5BE51AD425E6F507FF8E51,0.3125,624
7F286560861764CCB93C90B7AA833949|D7D1FB49049702BF6338894757E0D959|4C90FD52FC53D2C1C205844CB69575AB|A5D15FC386510762EC0DDFF54ABE6F94|D8A8DF78798DD1EA762A4FA9DA162168,0.3125,352
E02400CDAD96905D88E932FE9B7D3552|D7D1FB49049702BF6338894757E0D959|NA|NA|3B8C3A85B07C3C0B662EFF27131F511B,0.31203931203931207,814
62D6A49514020FA0B2E434DB0B506005|7E56C27BFF0305E788DA55A029EC4988|NA|NA|962C200077EECE25C452C7EF608CC37C,0.31196581196581197,234
EC997D43AC86A75D9B88A1051F86A67C|D7D1FB49049702BF6338894757E0D959|NA|NA|96C5625A152D14CD7744F180323AAD78,0.31092436974789917,238
7F286560861764CCB93C90B7AA833949|D7D1FB49049702BF6338894757E0D959|NA|A5D15FC386510762EC0DDFF54ABE6F94|5C7CD44F54BADA22500400653FF2F72C,0.3103448275862069,203
E02400CDAD96905D88E932FE9B7D3552|D7D1FB49049702BF6338894757E0D959|NA|NA|9101E1040D2051A4741E2978FAFDABA3,0.31020408163265306,490
7F286560861764CCB93C90B7AA833949|D7D1FB49049702BF6338894757E0D959|4C90FD52FC53D2C1C205844CB69575AB|A5D15FC386510762EC0DDFF54ABE6F94|87AC5124D8D7C05251EF2D4BC837640D,0.31006160164271046,487
7F286560861764CCB93C90B7AA833949|D7D1FB49049702BF6338894757E0D959|4C90FD52FC53D2C1C205844CB69575AB|A5D15FC386510762EC0DDFF54ABE6F94|31F1B0BDC045EBB1E79A848607029D37,0.31,200
62D6A49514020FA0B2E434DB0B506005|D7D1FB49049702BF6338894757E0D959|NA|NA|BDACDB417E759587A401E3BD30183344,0.30943396226415093,265
E02400CDAD96905D88E932FE9B7D3552|FF2C446555E3822B0E0FC3406116E86D|NA|NA|3B8C3A85B07C3C0B662EFF27131F511B,0.30935251798561153,278
033E492229C2222EFAA16EE8A6462D8B|7E56C27BFF0305E788DA55A029EC4988|4C90FD52FC53D2C1C205844CB69575AB|D7B42B0C4D807EF1C13F79948743E9DA|F5356FCB36EA47C8BCF1DD0D309872B8,0.30917874396135264,207
033E492229C2222EFAA16EE8A6462D8B|D7D1FB49049702BF6338894757E0D959|4C90FD52FC53D2C1C205844CB69575AB|1B491180398E2F0390E6A588B3BCE291|2872E11CAC214C16162194F8B140A245,0.3089430894308943,492
7F286560861764CCB93C90B7AA833949|D7D1FB49049702BF6338894757E0D959|NA|NA|06EF75110610D490469271FDCCA7986B,0.3088590899098703,4549
033E492229C2222EFAA16EE8A6462D8B|7E56C27BFF0305E788DA55A029EC4988|4C90FD52FC53D2C1C205844CB69575AB|1B491180398E2F0390E6A588B3BCE291|B032FED4A9FCFBF80531DA4F2F8EC6AD,0.30864197530864196,243
033E492229C2222EFAA16EE8A6462D8B|D7D1FB49049702BF6338894757E0D959|4C90FD52FC53D2C1C205844CB69575AB|1B491180398E2F0390E6A588B3BCE291|DDEEA3CC466BCAE25584A5FF98230587,0.3083778966131907,561
13C26D10258053889D75D9B9CA922EC7|D7D1FB49049702BF6338894757E0D959|NA|NA|4876C1F36B306D22200F07B2165A4DAB,0.30833333333333335,240
B4B45C6CE5FC4DE45AB02974D8849DBD|D7D1FB49049702BF6338894757E0D959|NA|NA|AE75C31274DD1127DBCCF44C84CEB6F9,0.3082901554404145,386
62D6A49514020FA0B2E434DB0B506005|D7D1FB49049702BF6338894757E0D959|NA|NA|C8AA88259FC02558174A36A5A3D38BCD,0.3081570996978852,331
7F286560861764CCB93C90B7AA833949|D7D1FB49049702BF6338894757E0D959|4C90FD52FC53D2C1C205844CB69575AB|A5D15FC386510762EC0DDFF54ABE6F94|E15F861F6390FAC60799ACA9F596BC58,0.3079978813559322,3776
DDC2B3CC38945E431DE1B3F59EC56680|D7D1FB49049702BF6338894757E0D959|921B36149E5B081FD24450BFE2CE4430|A5D15FC386510762EC0DDFF54ABE6F94|3BB2AD395EC35EAC138F542215460325,0.30796460176991153,565
033E492229C2222EFAA16EE8A6462D8B|7E56C27BFF0305E788DA55A029EC4988|4C90FD52FC53D2C1C205844CB69575AB|1B491180398E2F0390E6A588B3BCE291|9119C93E1C39F568D3BDFB2CD3EAEC1A,0.3079268292682927,656
033E492229C2222EFAA16EE8A6462D8B|7E56C27BFF0305E788DA55A029EC4988|4C90FD52FC53D2C1C205844CB69575AB|1B491180398E2F0390E6A588B3BCE291|B411858ACB52FD9337F3FBD2C45CD2A7,0.3076923076923077,338
62D6A49514020FA0B2E434DB0B506005|D7D1FB49049702BF6338894757E0D959|4C90FD52FC53D2C1C205844CB69575AB|A5D15FC386510762EC0DDFF54ABE6F94|065F6AE8A6727D9E0411ECAB325BEB2F,0.3076923076923077,325
7F286560861764CCB93C90B7AA833949|D7D1FB49049702BF6338894757E0D959|NA|NA|2FC81788CFD2B954495898DCB2FAB9BA,0.3076923076923077,208
B4B45C6CE5FC4DE45AB02974D8849DBD|D7D1FB49049702BF6338894757E0D959|NA|NA|60E2A62D9012675FC18C44F75BCCDE1A,0.3073394495412844,218
033E492229C2222EFAA16EE8A6462D8B|D7D1FB49049702BF6338894757E0D959|4C90FD52FC53D2C1C205844CB69575AB|1B491180398E2F0390E6A588B3BCE291|74A770F7BF07563F89FF66038ED8B2CC,0.30660377358490565,848
62D6A49514020FA0B2E434DB0B506005|D7D1FB49049702BF6338894757E0D959|NA|NA|44295F20F1D73FBC902759772EE7A2B2,0.3064182194616977,483
033E492229C2222EFAA16EE8A6462D8B|7E56C27BFF0305E788DA55A029EC4988|4C90FD52FC53D2C1C205844CB69575AB|1B491180398E2F0390E6A588B3BCE291|0570529A20788074BFBB78D2E4B4F03D,0.3063583815028902,346
033E492229C2222EFAA16EE8A6462D8B|D7D1FB49049702BF6338894757E0D959|4C90FD52FC53D2C1C205844CB69575AB|1B491180398E2F0390E6A588B3BCE291|6375D61E38D6EFECE2A645737F31567E,0.3062730627306273,271
033E492229C2222EFAA16EE8A6462D8B|D7D1FB49049702BF6338894757E0D959|4C90FD52FC53D2C1C205844CB69575AB|1B491180398E2F0390E6A588B3BCE291|1DD809553114268B9FB082ABA1BB2F60,0.30583941605839415,2740
7F286560861764CCB93C90B7AA833949|D7D1FB49049702BF6338894757E0D959|NA|NA|EACB2E6AC3C8AF9B5B7D00A7D17F35F6,0.3056768558951965,229
033E492229C2222EFAA16EE8A6462D8B|D7D1FB49049702BF6338894757E0D959|4C90FD52FC53D2C1C205844CB69575AB|1B491180398E2F0390E6A588B3BCE291|929AE3F17F2DEE1EC181C674C5A10A4C,0.3054393305439331,239
033E492229C2222EFAA16EE8A6462D8B|D7D1FB49049702BF6338894757E0D959|4C90FD52FC53D2C1C205844CB69575AB|1B491180398E2F0390E6A588B3BCE291|50AD1BE4325C2EAF8AB3DB440745CB65,0.3053097345132743,226
E02400CDAD96905D88E932FE9B7D3552|D7D1FB49049702BF6338894757E0D959|NA|NA|33C92B722556E99F0CFCFB2C9879B1B5,0.30517711171662126,367
635623BABBB7DA2E072D8C339F606E15|D7D1FB49049702BF6338894757E0D959|NA|NA|DCB2D2F8BF0DA2C0212A51F10F581144,0.30513595166163143,331
2134F56D3769B5022DB7172F1536B749|D7D1FB49049702BF6338894757E0D959|NA|NA|DE81C081CB2C3C671DEFB7E0FFFE0494,0.3050847457627119,472
033E492229C2222EFAA16EE8A6462D8B|D7D1FB49049702BF6338894757E0D959|4C90FD52FC53D2C1C205844CB69575AB|A5D15FC386510762EC0DDFF54ABE6F94|AC43EF708D88EFA7DBDAF73126E9517E,0.30493273542600896,223
6A21F69EBA80612A04B0F6BAC857AAF2|D7D1FB49049702BF6338894757E0D959|NA|NA|NA,0.30489192263936293,1758
62D6A49514020FA0B2E434DB0B506005|D7D1FB49049702BF6338894757E0D959|NA|NA|58975AAE4D7ABFE5D20D31E86D75292E,0.3047619047619048,315
7F286560861764CCB93C90B7AA833949|D7D1FB49049702BF6338894757E0D959|NA|NA|62796FF766F829BF299CBD36061C1EEF,0.30450177035913,1977
62D6A49514020FA0B2E434DB0B506005|D7D1FB49049702BF6338894757E0D959|NA|NA|9F7B844BA88AE5363909C34C570832B2,0.3042505592841163,447
7F286560861764CCB93C90B7AA833949|D7D1FB49049702BF6338894757E0D959|NA|NA|332D6E9563D0269CDBFEB793590FFC73,0.30390492359932086,589
7F286560861764CCB93C90B7AA833949|FF2C446555E3822B0E0FC3406116E86D|NA|A5D15FC386510762EC0DDFF54ABE6F94|514079215E791936F564CC4B40632AF7,0.30364372469635625,247
7F286560861764CCB93C90B7AA833949|D7D1FB49049702BF6338894757E0D959|NA|NA|5F158414045F00DF64581337C4C0986F,0.3035143769968051,313
033E492229C2222EFAA16EE8A6462D8B|D7D1FB49049702BF6338894757E0D959|4C90FD52FC53D2C1C205844CB69575AB|1B491180398E2F0390E6A588B3BCE291|F6AD14CF4387F11A08F4D73DDA25F41F,0.3034825870646766,201
7F286560861764CCB93C90B7AA833949|D7D1FB49049702BF6338894757E0D959|4C90FD52FC53D2C1C205844CB69575AB|A5D15FC386510762EC0DDFF54ABE6F94|BA1509A805D08A0E16F6466F7A3C90F1,0.30333333333333334,300
635623BABBB7DA2E072D8C339F606E15|D7D1FB49049702BF6338894757E0D959|NA|NA|95AA91B86918675414C94EA64EBD48A3,0.3029045643153527,241
944B2A351FEFAC79AEAA9DA57E1B351F|D7D1FB49049702BF6338894757E0D959|NA|NA|NA,0.3026617714547958,4358
13C26D10258053889D75D9B9CA922EC7|D7D1FB49049702BF6338894757E0D959|4C90FD52FC53D2C1C205844CB69575AB|A5D15FC386510762EC0DDFF54ABE6F94|FCDDCC4732C2C35F9AF7FA011E7FD3A3,0.30248306997742663,443
62D6A49514020FA0B2E434DB0B506005|D7D1FB49049702BF6338894757E0D959|NA|NA|EA25EE868F6431CFBF01D34BA76A1CA6,0.302158273381295,278
033E492229C2222EFAA16EE8A6462D8B|D7D1FB49049702BF6338894757E0D959|4C90FD52FC53D2C1C205844CB69575AB|1B491180398E2F0390E6A588B3BCE291|86EA93DAD042F308F03B447E86BC8FDF,0.3018065887353879,941
9D307E5B713DE5E90D787BE9F802AFBB|D7D1FB49049702BF6338894757E0D959|4C90FD52FC53D2C1C205844CB69575AB|C45A9AC6D102ACAEEDF0D6F78636D84A|5BBA1A673F6C71DA2AAEF211530CD8DF,0.3017543859649123,285
62D6A49514020FA0B2E434DB0B506005|D7D1FB49049702BF6338894757E0D959|NA|NA|A8016B376B32434E45216D9DDDC0C129,0.30131004366812225,229
7F286560861764CCB93C90B7AA833949|D7D1FB49049702BF6338894757E0D959|NA|NA|3F17CFE077B38C83C2A83833DD2A5FF2,0.3010825439783491,1478
033E492229C2222EFAA16EE8A6462D8B|D7D1FB49049702BF6338894757E0D959|4C90FD52FC53D2C1C205844CB69575AB|A5D15FC386510762EC0DDFF54ABE6F94|6C0F874E8CD1A6F748737B6B5CB057F5,0.3010279001468429,2043
033E492229C2222EFAA16EE8A6462D8B|D7D1FB49049702BF6338894757E0D959|4C90FD52FC53D2C1C205844CB69575AB|A5D15FC386510762EC0DDFF54ABE6F94|7AFA37DD94D871E2C24B7D048AAF8966,0.30092592592592593,432
7532B3FBAFEC164460C4ED6FEB0C022C|D7D1FB49049702BF6338894757E0D959|4C90FD52FC53D2C1C205844CB69575AB|A5D15FC386510762EC0DDFF54ABE6F94|065F6AE8A6727D9E0411ECAB325BEB2F,0.30064655172413796,1856
62D6A49514020FA0B2E434DB0B506005|D7D1FB49049702BF6338894757E0D959|NA|NA|6594B61E3D878850B80830F518B7EE6A,0.3002680965147453,2238
033E492229C2222EFAA16EE8A6462D8B|D7D1FB49049702BF6338894757E0D959|4C90FD52FC53D2C1C205844CB69575AB|1B491180398E2F0390E6A588B3BCE291|D53536F19171181CEA92D295907E289D,0.30022075055187636,453
2134F56D3769B5022DB7172F1536B749|7E56C27BFF0305E788DA55A029EC4988|NA|NA|D501D473C4046E3F3B4F69F0CF6EF1A4,0.3001624095674,6773
635623BABBB7DA2E072D8C339F606E15|D7D1FB49049702BF6338894757E0D959|NA|NA|1F7B3FDBE3F6465DDAA5C5DDA7122189,0.3,250
033E492229C2222EFAA16EE8A6462D8B|D7D1FB49049702BF6338894757E0D959|4C90FD52FC53D2C1C205844CB69575AB|1B491180398E2F0390E6A588B3BCE291|B3856C96094BFEA31BBAB90908389DB6,0.3,350
7F286560861764CCB93C90B7AA833949|D7D1FB49049702BF6338894757E0D959|NA|A5D15FC386510762EC0DDFF54ABE6F94|DCD0918461348AD3E796B876D25C0E0B,0.2992957746478873,284
7F286560861764CCB93C90B7AA833949|D7D1FB49049702BF6338894757E0D959|4C90FD52FC53D2C1C205844CB69575AB|A5D15FC386510762EC0DDFF54ABE6F94|90B9A31A7867EDC0C450A6E767FD0F47,0.29910714285714285,224
62D6A49514020FA0B2E434DB0B506005|D7D1FB49049702BF6338894757E0D959|NA|NA|NA,0.2990505751323717,54770
7532B3FBAFEC164460C4ED6FEB0C022C|D7D1FB49049702BF6338894757E0D959|NA|NA|B7B8003DE4CAAEE7382B9731CF84468C,0.2986425339366516,221
033E492229C2222EFAA16EE8A6462D8B|D7D1FB49049702BF6338894757E0D959|4C90FD52FC53D2C1C205844CB69575AB|1B491180398E2F0390E6A588B3BCE291|94FDA4CB9F93CB042AEFB98E3D5A01AB,0.29815303430079154,379
62D6A49514020FA0B2E434DB0B506005|D7D1FB49049702BF6338894757E0D959|NA|NA|06EF75110610D490469271FDCCA7986B,0.29797191887675506,641
033E492229C2222EFAA16EE8A6462D8B|D7D1FB49049702BF6338894757E0D959|4C90FD52FC53D2C1C205844CB69575AB|1B491180398E2F0390E6A588B3BCE291|7EEFC1D319C1DE62C97BD60C522701DC,0.29791271347248577,527
033E492229C2222EFAA16EE8A6462D8B|D7D1FB49049702BF6338894757E0D959|4C90FD52FC53D2C1C205844CB69575AB|1B491180398E2F0390E6A588B3BCE291|D722318CF89E39DCEBE4F7D95971EA32,0.29782082324455206,413
62D6A49514020FA0B2E434DB0B506005|D7D1FB49049702BF6338894757E0D959|NA|NA|DEE01C70ED04F15A2878E0C185CF14C1,0.29781900225620456,3989
033E492229C2222EFAA16EE8A6462D8B|D7D1FB49049702BF6338894757E0D959|4C90FD52FC53D2C1C205844CB69575AB|1B491180398E2F0390E6A588B3BCE291|109841283F4526B1CE4B0785520D8A7D,0.2976190476190476,336
033E492229C2222EFAA16EE8A6462D8B|D7D1FB49049702BF6338894757E0D959|4C90FD52FC53D2C1C205844CB69575AB|1B491180398E2F0390E6A588B3BCE291|2C8A195B05CBE39D4E6AF08254335B5C,0.2972292191435768,794
7F286560861764CCB93C90B7AA833949|D7D1FB49049702BF6338894757E0D959|4C90FD52FC53D2C1C205844CB69575AB|A5D15FC386510762EC0DDFF54ABE6F94|39A582C8A8DDBEB38514DC3C5631ED65,0.29675425038639874,647
033E492229C2222EFAA16EE8A6462D8B|D7D1FB49049702BF6338894757E0D959|4C90FD52FC53D2C1C205844CB69575AB|1B491180398E2F0390E6A588B3BCE291|2369D8B7EB6DCE8116C40013F1FD2623,0.2961165048543689,1030
E02400CDAD96905D88E932FE9B7D3552|7E56C27BFF0305E788DA55A029EC4988|921B36149E5B081FD24450BFE2CE4430|A5D15FC386510762EC0DDFF54ABE6F94|1CF3030E70DFAB83AB3BBCF0188E86A8,0.2959830866807611,946
033E492229C2222EFAA16EE8A6462D8B|D7D1FB49049702BF6338894757E0D959|4C90FD52FC53D2C1C205844CB69575AB|1B491180398E2F0390E6A588B3BCE291|3DEDE8FB8CAEFCC90FA2671881CD1559,0.2956521739130435,230
033E492229C2222EFAA16EE8A6462D8B|D7D1FB49049702BF6338894757E0D959|4C90FD52FC53D2C1C205844CB69575AB|A5D15FC386510762EC0DDFF54ABE6F94|57EE9D5FA21CB22613B2491A93E49D03,0.29545454545454547,440
7532B3FBAFEC164460C4ED6FEB0C022C|D7D1FB49049702BF6338894757E0D959|NA|NA|116ACBB7E1881C29A6EB95E3CA0E53D3,0.2954161187300395,21292
033E492229C2222EFAA16EE8A6462D8B|FF2C446555E3822B0E0FC3406116E86D|4C90FD52FC53D2C1C205844CB69575AB|1B491180398E2F0390E6A588B3BCE291|668116FA3E451E98C068D4FB40B70E13,0.29518072289156627,830
033E492229C2222EFAA16EE8A6462D8B|D7D1FB49049702BF6338894757E0D959|4C90FD52FC53D2C1C205844CB69575AB|1B491180398E2F0390E6A588B3BCE291|AF6098DF4929E458B23AE9CB61ED13A4,0.29457364341085274,645
62D6A49514020FA0B2E434DB0B506005|D7D1FB49049702BF6338894757E0D959|NA|NA|E2652E76C48E26736438B98E33218DB9,0.2944606413994169,343
7F286560861764CCB93C90B7AA833949|D7D1FB49049702BF6338894757E0D959|NA|A5D15FC386510762EC0DDFF54ABE6F94|4AF48BC4346AB3C3347383F930DD0308,0.29411764705882354,425
E02400CDAD96905D88E932FE9B7D3552|D7D1FB49049702BF6338894757E0D959|921B36149E5B081FD24450BFE2CE4430|A5D15FC386510762EC0DDFF54ABE6F94|BBEB83D3FD58DA0B0B6890CD3B0D2869,0.29411764705882354,527
13C26D10258053889D75D9B9CA922EC7|D7D1FB49049702BF6338894757E0D959|NA|NA|76CF5A7DD83AC465902535AF776A1E36,0.29411764705882354,731
5D656311CF9F47E34248BE9FBFF194A0|D7D1FB49049702BF6338894757E0D959|88460293E9517D21E39AA889BD5AADC8|A5D15FC386510762EC0DDFF54ABE6F94|D2C4E2A07744651FE80556DF86A1EA05,0.2937956204379562,548
635623BABBB7DA2E072D8C339F606E15|D7D1FB49049702BF6338894757E0D959|NA|NA|7C0D99E6B5DBBEDE17E2375A1B4AB48C,0.2937062937062937,572
E02400CDAD96905D88E932FE9B7D3552|D7D1FB49049702BF6338894757E0D959|NA|NA|EC78C1EB71DE898DF58B246B953A191E,0.2935323383084577,402
033E492229C2222EFAA16EE8A6462D8B|D7D1FB49049702BF6338894757E0D959|4C90FD52FC53D2C1C205844CB69575AB|1B491180398E2F0390E6A588B3BCE291|EACC19B315CB79A78B840CAD7AAEF999,0.29310344827586204,406
033E492229C2222EFAA16EE8A6462D8B|D7D1FB49049702BF6338894757E0D959|4C90FD52FC53D2C1C205844CB69575AB|A5D15FC386510762EC0DDFF54ABE6F94|39A582C8A8DDBEB38514DC3C5631ED65,0.29266895761741124,1746
7F286560861764CCB93C90B7AA833949|FF2C446555E3822B0E0FC3406116E86D|4C90FD52FC53D2C1C205844CB69575AB|A5D15FC386510762EC0DDFF54ABE6F94|D6EF29B0FA9248B83AF1E38816F3128E,0.2925764192139738,229
62D6A49514020FA0B2E434DB0B506005|D7D1FB49049702BF6338894757E0D959|NA|NA|7FC399CFB690EEE91B6FB7FF9BC463FB,0.29243353783231085,489
635623BABBB7DA2E072D8C339F606E15|D7D1FB49049702BF6338894757E0D959|NA|NA|6940CFADDB7C8E641F4AC44D2A517B72,0.2922374429223744,219
7F286560861764CCB93C90B7AA833949|FF2C446555E3822B0E0FC3406116E86D|NA|A5D15FC386510762EC0DDFF54ABE6F94|E500682F28E8A3BF6072077BF67FFEDC,0.2913165266106443,357
7F286560861764CCB93C90B7AA833949|D7D1FB49049702BF6338894757E0D959|NA|NA|8BB701619CD58291765B951D0DCF59B4,0.29124820659971307,697
9D307E5B713DE5E90D787BE9F802AFBB|FF2C446555E3822B0E0FC3406116E86D|4C90FD52FC53D2C1C205844CB69575AB|1B491180398E2F0390E6A588B3BCE291|E840B5CB23AF05D606E5120870FE7F9A,0.29098360655737704,244
13C26D10258053889D75D9B9CA922EC7|7E56C27BFF0305E788DA55A029EC4988|NA|NA|9AE7DB16F63B635EBD07468854A6A078,0.29073482428115016,3130
033E492229C2222EFAA16EE8A6462D8B|D7D1FB49049702BF6338894757E0D959|4C90FD52FC53D2C1C205844CB69575AB|1B491180398E2F0390E6A588B3BCE291|ACD4574FD4971D9FE286877BF624EA5E,0.2906574394463668,289
033E492229C2222EFAA16EE8A6462D8B|D7D1FB49049702BF6338894757E0D959|4C90FD52FC53D2C1C205844CB69575AB|1B491180398E2F0390E6A588B3BCE291|D821D156AC80486DC3EF4A7710247EF7,0.2904191616766467,334
7F286560861764CCB93C90B7AA833949|D7D1FB49049702BF6338894757E0D959|NA|NA|E869325EA1AB36C2E369AC0C55300100,0.29003359462486,893
033E492229C2222EFAA16EE8A6462D8B|D7D1FB49049702BF6338894757E0D959|4C90FD52FC53D2C1C205844CB69575AB|1B491180398E2F0390E6A588B3BCE291|665FC79F5BD85890324435D3BAB05EA3,0.29,200
88CED8BA3AA711A20ACF8B1FC574F218|D7D1FB49049702BF6338894757E0D959|NA|NA|A7910F456BE1844E8C623DA33E0442AD,0.2898876404494382,445
033E492229C2222EFAA16EE8A6462D8B|FF2C446555E3822B0E0FC3406116E86D|4C90FD52FC53D2C1C205844CB69575AB|1B491180398E2F0390E6A588B3BCE291|39A582C8A8DDBEB38514DC3C5631ED65,0.2898550724637681,207
DDC2B3CC38945E431DE1B3F59EC56680|FF2C446555E3822B0E0FC3406116E86D|921B36149E5B081FD24450BFE2CE4430|A5D15FC386510762EC0DDFF54ABE6F94|3BB2AD395EC35EAC138F542215460325,0.2897196261682243,321
7F286560861764CCB93C90B7AA833949|D7D1FB49049702BF6338894757E0D959|NA|NA|037BA350D60E9E529ABD9FCDA02146A9,0.2897196261682243,321
B83EF4115DC165749F3FCB737CC1044D|FF2C446555E3822B0E0FC3406116E86D|NA|A5D15FC386510762EC0DDFF54ABE6F94|NA,0.2896341463414634,328
E02400CDAD96905D88E932FE9B7D3552|D7D1FB49049702BF6338894757E0D959|NA|NA|20438E812A01FFC6650E8AE2B8379D68,0.28957528957528955,259
944B2A351FEFAC79AEAA9DA57E1B351F|D7D1FB49049702BF6338894757E0D959|NA|NA|00E146549503D60B6FE52F48227224E1,0.28941176470588237,425
88CED8BA3AA711A20ACF8B1FC574F218|D7D1FB49049702BF6338894757E0D959|NA|NA|DD4C4DFC629DEFB15AA263DD63C8ADB5,0.2890995260663507,211
7532B3FBAFEC164460C4ED6FEB0C022C|7E56C27BFF0305E788DA55A029EC4988|NA|NA|A71CE239B5CB424DBCEFF3F4FD722E9B,0.28888888888888886,225
7F286560861764CCB93C90B7AA833949|D7D1FB49049702BF6338894757E0D959|4C90FD52FC53D2C1C205844CB69575AB|A5D15FC386510762EC0DDFF54ABE6F94|DAB06C48B438C833F9E5B24B92C1A487,0.2887700534759358,935
B4B45C6CE5FC4DE45AB02974D8849DBD|D7D1FB49049702BF6338894757E0D959|NA|A5D15FC386510762EC0DDFF54ABE6F94|C29BE91984DD415148D437D917C4FA96,0.28854625550660795,454
7F286560861764CCB93C90B7AA833949|FF2C446555E3822B0E0FC3406116E86D|NA|NA|7C97695F487E5628DCEFB08B9EBCE098,0.28837209302325584,215
033E492229C2222EFAA16EE8A6462D8B|D7D1FB49049702BF6338894757E0D959|4C90FD52FC53D2C1C205844CB69575AB|1B491180398E2F0390E6A588B3BCE291|84AB16510E3D2DE9D330FEA84DEBDFA5,0.28771929824561404,285
7F286560861764CCB93C90B7AA833949|D7D1FB49049702BF6338894757E0D959|921B36149E5B081FD24450BFE2CE4430|A5D15FC386510762EC0DDFF54ABE6F94|158E69F2E7F536AB3FC27AD9D62EAA0B,0.2876712328767123,219
7F286560861764CCB93C90B7AA833949|D7D1FB49049702BF6338894757E0D959|NA|NA|C81067B852CA80182934598620F3E0EE,0.2876331635016211,2159
B4B45C6CE5FC4DE45AB02974D8849DBD|D7D1FB49049702BF6338894757E0D959|NA|NA|A6CE825EFB7B65D9A01010552154AAAF,0.2872727272727273,275
E02400CDAD96905D88E932FE9B7D3552|D7D1FB49049702BF6338894757E0D959|921B36149E5B081FD24450BFE2CE4430|A5D15FC386510762EC0DDFF54ABE6F94|70633E730D41FE794E4603A5884D3239,0.28708133971291866,209
033E492229C2222EFAA16EE8A6462D8B|D7D1FB49049702BF6338894757E0D959|4C90FD52FC53D2C1C205844CB69575AB|1B491180398E2F0390E6A588B3BCE291|043DBDCB6C49ED2813ED8352E3D49FC9,0.28703703703703703,216
6A21F69EBA80612A04B0F6BAC857AAF2|D7D1FB49049702BF6338894757E0D959|NA|NA|9BE36E0BD1977E9957D494B84C7E819F,0.2870036101083033,554
9D307E5B713DE5E90D787BE9F802AFBB|D7D1FB49049702BF6338894757E0D959|4C90FD52FC53D2C1C205844CB69575AB|1B491180398E2F0390E6A588B3BCE291|51B93A54AA2E134E33B112115AA95A80,0.2869318181818182,352
E02400CDAD96905D88E932FE9B7D3552|D7D1FB49049702BF6338894757E0D959|921B36149E5B081FD24450BFE2CE4430|A5D15FC386510762EC0DDFF54ABE6F94|B1A587CAC9D7544901E0048FE243B3F2,0.2868525896414343,251
033E492229C2222EFAA16EE8A6462D8B|D7D1FB49049702BF6338894757E0D959|4C90FD52FC53D2C1C205844CB69575AB|1B491180398E2F0390E6A588B3BCE291|1010920E31A27C237032B8496C92ABFB,0.2865853658536585,492
635623BABBB7DA2E072D8C339F606E15|D7D1FB49049702BF6338894757E0D959|NA|NA|70D6EAAF5B7F3DB911AFDA843A026F9E,0.2862595419847328,262
13C26D10258053889D75D9B9CA922EC7|FF2C446555E3822B0E0FC3406116E86D|NA|A5D15FC386510762EC0DDFF54ABE6F94|FCD960FC6FBA97AA1BFCAA2D1EB0B36A,0.2862453531598513,269
B4B45C6CE5FC4DE45AB02974D8849DBD|FF2C446555E3822B0E0FC3406116E86D|921B36149E5B081FD24450BFE2CE4430|A5D15FC386510762EC0DDFF54ABE6F94|D4E98A9DB553381424D56F07C0A6BEEB,0.2861635220125786,318
7532B3FBAFEC164460C4ED6FEB0C022C|D7D1FB49049702BF6338894757E0D959|NA|NA|11FB1AE41F998DB9255ED1A13AB1ECD4,0.28592057761732853,1385
033E492229C2222EFAA16EE8A6462D8B|D7D1FB49049702BF6338894757E0D959|4C90FD52FC53D2C1C205844CB69575AB|1B491180398E2F0390E6A588B3BCE291|465684054164F030A11DC67D4BE8AB5C,0.28588807785888076,822
62D6A49514020FA0B2E434DB0B506005|D7D1FB49049702BF6338894757E0D959|NA|NA|148A1360EA95D51A7327F1C38E87BE16,0.2857142857142857,924
033E492229C2222EFAA16EE8A6462D8B|D7D1FB49049702BF6338894757E0D959|4C90FD52FC53D2C1C205844CB69575AB|1B491180398E2F0390E6A588B3BCE291|04AFC1A4B64B61F886D699979A48BA71,0.2857142857142857,280
033E492229C2222EFAA16EE8A6462D8B|D7D1FB49049702BF6338894757E0D959|4C90FD52FC53D2C1C205844CB69575AB|A5D15FC386510762EC0DDFF54ABE6F94|6271E7ACEF710C0C57E758E473279B63,0.28535353535353536,1584
E02400CDAD96905D88E932FE9B7D3552|D7D1FB49049702BF6338894757E0D959|921B36149E5B081FD24450BFE2CE4430|A5D15FC386510762EC0DDFF54ABE6F94|4F9C61102FB643CF91522716DC166787,0.285140562248996,249
7F286560861764CCB93C90B7AA833949|7E56C27BFF0305E788DA55A029EC4988|NA|NA|937F100A3934A5B7907DC17F329D91C2,0.2850467289719626,214
7F286560861764CCB93C90B7AA833949|FF2C446555E3822B0E0FC3406116E86D|NA|A5D15FC386510762EC0DDFF54ABE6F94|D63ABF5F5E37CE14EF7297B4E8CE77ED,0.2848,625
62D6A49514020FA0B2E434DB0B506005|D7D1FB49049702BF6338894757E0D959|NA|NA|03BE4F2D19F715C94114D12256166F49,0.2841121495327103,535
7F286560861764CCB93C90B7AA833949|D7D1FB49049702BF6338894757E0D959|4C90FD52FC53D2C1C205844CB69575AB|A5D15FC386510762EC0DDFF54ABE6F94|5730A6E20EFA239FC9968766E94FC1FB,0.28407460545193686,697
635623BABBB7DA2E072D8C339F606E15|D7D1FB49049702BF6338894757E0D959|NA|NA|129808574EBC78C521D382A91AF45682,0.28343949044585987,314
033E492229C2222EFAA16EE8A6462D8B|D7D1FB49049702BF6338894757E0D959|4C90FD52FC53D2C1C205844CB69575AB|1B491180398E2F0390E6A588B3BCE291|2813326DBFE99D2994EB971A82F9697E,0.2831050228310502,219
635623BABBB7DA2E072D8C339F606E15|D7D1FB49049702BF6338894757E0D959|NA|NA|116ACBB7E1881C29A6EB95E3CA0E53D3,0.28296296296296297,2700
13C26D10258053889D75D9B9CA922EC7|D7D1FB49049702BF6338894757E0D959|NA|NA|116ACBB7E1881C29A6EB95E3CA0E53D3,0.2824074074074074,432
033E492229C2222EFAA16EE8A6462D8B|D7D1FB49049702BF6338894757E0D959|4C90FD52FC53D2C1C205844CB69575AB|A5D15FC386510762EC0DDFF54ABE6F94|F15DCA9E43DF2C07E9A9DA8E69CB1037,0.2821917808219178,365
635623BABBB7DA2E072D8C339F606E15|D7D1FB49049702BF6338894757E0D959|NA|NA|NA,0.28210566910914,5186
13C26D10258053889D75D9B9CA922EC7|7E56C27BFF0305E788DA55A029EC4988|NA|NA|71E761835087317025EC485030B81B30,0.2820037105751391,539
635623BABBB7DA2E072D8C339F606E15|D7D1FB49049702BF6338894757E0D959|NA|NA|7655FF4FECAF8E871DAF19AD98589C7D,0.2815533980582524,206
E02400CDAD96905D88E932FE9B7D3552|D7D1FB49049702BF6338894757E0D959|921B36149E5B081FD24450BFE2CE4430|A5D15FC386510762EC0DDFF54ABE6F94|AB2863F1FAF2299D819744EC2C5BF731,0.2815126050420168,238
033E492229C2222EFAA16EE8A6462D8B|D7D1FB49049702BF6338894757E0D959|4C90FD52FC53D2C1C205844CB69575AB|D7B42B0C4D807EF1C13F79948743E9DA|AF987DFD50EA97717E6A0D8B2984DF66,0.281437125748503,1002
033E492229C2222EFAA16EE8A6462D8B|D7D1FB49049702BF6338894757E0D959|4C90FD52FC53D2C1C205844CB69575AB|A5D15FC386510762EC0DDFF54ABE6F94|A51459F2008EB80D460C2463096349D8,0.28114213994352055,3187
7F286560861764CCB93C90B7AA833949|7E56C27BFF0305E788DA55A029EC4988|4C90FD52FC53D2C1C205844CB69575AB|A5D15FC386510762EC0DDFF54ABE6F94|C405338BAC421B99B09D894E1476D05E,0.28104575163398693,306
7F286560861764CCB93C90B7AA833949|D7D1FB49049702BF6338894757E0D959|4C90FD52FC53D2C1C205844CB69575AB|A5D15FC386510762EC0DDFF54ABE6F94|30941532357784091949297C7995D874,0.2807017543859649,342
7F286560861764CCB93C90B7AA833949|D7D1FB49049702BF6338894757E0D959|4C90FD52FC53D2C1C205844CB69575AB|A5D15FC386510762EC0DDFF54ABE6F94|A7BB702AB7867C08E4ACF9FD77F57E1C,0.28065395095367845,367
033E492229C2222EFAA16EE8A6462D8B|D7D1FB49049702BF6338894757E0D959|921B36149E5B081FD24450BFE2CE4430|A5D15FC386510762EC0DDFF54ABE6F94|4F9C61102FB643CF91522716DC166787,0.2806451612903226,310
9D307E5B713DE5E90D787BE9F802AFBB|D7D1FB49049702BF6338894757E0D959|4C90FD52FC53D2C1C205844CB69575AB|1B491180398E2F0390E6A588B3BCE291|BD57B7DA38852A9B96E655EC445618BD,0.2803738317757009,642
033E492229C2222EFAA16EE8A6462D8B|D7D1FB49049702BF6338894757E0D959|4C90FD52FC53D2C1C205844CB69575AB|1B491180398E2F0390E6A588B3BCE291|A00D0E7172F1937D2F8ED667EAA03583,0.28034682080924855,346
944B2A351FEFAC79AEAA9DA57E1B351F|D7D1FB49049702BF6338894757E0D959|NA|NA|A43F17679234212076EF3A6125171F2F,0.28,225
7F286560861764CCB93C90B7AA833949|D7D1FB49049702BF6338894757E0D959|NA|NA|687DE56FE46B8FF266B52EEFE60267D8,0.27997737556561086,1768
7F286560861764CCB93C90B7AA833949|D7D1FB49049702BF6338894757E0D959|NA|NA|135DFD1A09357B3167408662A1A0A738,0.27978750316215534,7906
033E492229C2222EFAA16EE8A6462D8B|D7D1FB49049702BF6338894757E0D959|4C90FD52FC53D2C1C205844CB69575AB|C45A9AC6D102ACAEEDF0D6F78636D84A|11AB757CEEB9EE3D0EA6267F7BDA8643,0.27967257844474763,733
E02400CDAD96905D88E932FE9B7D3552|D7D1FB49049702BF6338894757E0D959|NA|NA|D7F0E23D3172AE3AE084403EDCA64ED5,0.27964426877470355,1012
E02400CDAD96905D88E932FE9B7D3552|FF2C446555E3822B0E0FC3406116E86D|NA|NA|NA,0.27948990435706694,2823
7F286560861764CCB93C90B7AA833949|FF2C446555E3822B0E0FC3406116E86D|4C90FD52FC53D2C1C205844CB69575AB|A5D15FC386510762EC0DDFF54ABE6F94|39A582C8A8DDBEB38514DC3C5631ED65,0.27927927927927926,222
635623BABBB7DA2E072D8C339F606E15|D7D1FB49049702BF6338894757E0D959|NA|NA|250C50A6E4BDE63B59538FDAB3C7201E,0.2792607802874743,487
033E492229C2222EFAA16EE8A6462D8B|D7D1FB49049702BF6338894757E0D959|4C90FD52FC53D2C1C205844CB69575AB|1B491180398E2F0390E6A588B3BCE291|93F32675E7423B86B4404E67E5E5E785,0.2792022792022792,351
7F286560861764CCB93C90B7AA833949|FF2C446555E3822B0E0FC3406116E86D|NA|NA|20848236690EA6F7AAEB7B2203DF1EE1,0.279126213592233,412
7F286560861764CCB93C90B7AA833949|D7D1FB49049702BF6338894757E0D959|NA|NA|FCD188A0E1F24BE0A2AAF75AB2069E77,0.27901785714285715,448
E02400CDAD96905D88E932FE9B7D3552|FF2C446555E3822B0E0FC3406116E86D|921B36149E5B081FD24450BFE2CE4430|A5D15FC386510762EC0DDFF54ABE6F94|BBEB83D3FD58DA0B0B6890CD3B0D2869,0.2789317507418398,337
7F286560861764CCB93C90B7AA833949|D7D1FB49049702BF6338894757E0D959|NA|NA|438BC5027C9C28DC8D496215EA68083A,0.2787286063569682,818
033E492229C2222EFAA16EE8A6462D8B|D7D1FB49049702BF6338894757E0D959|4C90FD52FC53D2C1C205844CB69575AB|1B491180398E2F0390E6A588B3BCE291|1C01A3A78F431232658331196A0C0023,0.27865532604293236,2469
13C26D10258053889D75D9B9CA922EC7|D7D1FB49049702BF6338894757E0D959|NA|NA|0A93D76495F3D7D964B524DACF2D0D6D,0.2782608695652174,1955
033E492229C2222EFAA16EE8A6462D8B|D7D1FB49049702BF6338894757E0D959|4C90FD52FC53D2C1C205844CB69575AB|C45A9AC6D102ACAEEDF0D6F78636D84A|BB97FFEB435FDCF43F9FC3919C3EB2D3,0.27764127764127766,407
033E492229C2222EFAA16EE8A6462D8B|FF2C446555E3822B0E0FC3406116E86D|4C90FD52FC53D2C1C205844CB69575AB|D7B42B0C4D807EF1C13F79948743E9DA|80D1839688E41BD2663F389C6C2F3866,0.27744982290436837,847
9D307E5B713DE5E90D787BE9F802AFBB|D7D1FB49049702BF6338894757E0D959|4C90FD52FC53D2C1C205844CB69575AB|C45A9AC6D102ACAEEDF0D6F78636D84A|51B93A54AA2E134E33B112115AA95A80,0.2773333333333333,375
033E492229C2222EFAA16EE8A6462D8B|D7D1FB49049702BF6338894757E0D959|4C90FD52FC53D2C1C205844CB69575AB|1B491180398E2F0390E6A588B3BCE291|92044B58D05E98F0012A059F53292E66,0.27722772277227725,202
13C26D10258053889D75D9B9CA922EC7|D7D1FB49049702BF6338894757E0D959|NA|NA|79FFA3643E57ABA57D8D79EBFB894387,0.27710843373493976,332
635623BABBB7DA2E072D8C339F606E15|D7D1FB49049702BF6338894757E0D959|NA|NA|F29E228168F16900DE48C3D46CDFDBCE,0.2766990291262136,206
033E492229C2222EFAA16EE8A6462D8B|D7D1FB49049702BF6338894757E0D959|4C90FD52FC53D2C1C205844CB69575AB|C45A9AC6D102ACAEEDF0D6F78636D84A|B955C3771E1AE6CB0A8752B269D93E58,0.2765957446808511,376
13C26D10258053889D75D9B9CA922EC7|D7D1FB49049702BF6338894757E0D959|4C90FD52FC53D2C1C205844CB69575AB|A5D15FC386510762EC0DDFF54ABE6F94|83FC1E1E519F0F6B2CEEB05CDBCE48B6,0.2765151515151515,264
13C26D10258053889D75D9B9CA922EC7|FF2C446555E3822B0E0FC3406116E86D|NA|NA|FB05F67B7E868983840F2DEAA11082B9,0.27631578947368424,228
033E492229C2222EFAA16EE8A6462D8B|7E56C27BFF0305E788DA55A029EC4988|4C90FD52FC53D2C1C205844CB69575AB|1B491180398E2F0390E6A588B3BCE291|F6AD14CF4387F11A08F4D73DDA25F41F,0.27626459143968873,514
7F286560861764CCB93C90B7AA833949|D7D1FB49049702BF6338894757E0D959|NA|A5D15FC386510762EC0DDFF54ABE6F94|22BB1EC6D60238B699549A25C8607706,0.2762557077625571,438
033E492229C2222EFAA16EE8A6462D8B|D7D1FB49049702BF6338894757E0D959|4C90FD52FC53D2C1C205844CB69575AB|C45A9AC6D102ACAEEDF0D6F78636D84A|9CCC210C04280FCB7B67D8FFDDFDA3E7,0.276,250
033E492229C2222EFAA16EE8A6462D8B|D7D1FB49049702BF6338894757E0D959|4C90FD52FC53D2C1C205844CB69575AB|1B491180398E2F0390E6A588B3BCE291|5CEE4F6A95970A04956B3F1A2B3697F6,0.27598566308243727,279
635623BABBB7DA2E072D8C339F606E15|D7D1FB49049702BF6338894757E0D959|NA|NA|5F0630A68F72CE81E850B936A10AACD7,0.27598566308243727,279
033E492229C2222EFAA16EE8A6462D8B|D7D1FB49049702BF6338894757E0D959|4C90FD52FC53D2C1C205844CB69575AB|A5D15FC386510762EC0DDFF54ABE6F94|D80666DA86F9FB1E61F8F5449FE59B32,0.2759009009009009,888
033E492229C2222EFAA16EE8A6462D8B|D7D1FB49049702BF6338894757E0D959|4C90FD52FC53D2C1C205844CB69575AB|1B491180398E2F0390E6A588B3BCE291|56B2A0F5DE683EE8D8EE25CB849AF601,0.27586206896551724,232
DDC2B3CC38945E431DE1B3F59EC56680|D7D1FB49049702BF6338894757E0D959|NA|NA|79BF2AE6E55DA6321A29F770AE61E9AD,0.27586206896551724,203
033E492229C2222EFAA16EE8A6462D8B|D7D1FB49049702BF6338894757E0D959|4C90FD52FC53D2C1C205844CB69575AB|1B491180398E2F0390E6A588B3BCE291|668116FA3E451E98C068D4FB40B70E13,0.2757352941176471,2992
033E492229C2222EFAA16EE8A6462D8B|D7D1FB49049702BF6338894757E0D959|4C90FD52FC53D2C1C205844CB69575AB|A5D15FC386510762EC0DDFF54ABE6F94|53F02588B177AA9BA649AC9C091F44D4,0.2757352941176471,272
033E492229C2222EFAA16EE8A6462D8B|D7D1FB49049702BF6338894757E0D959|4C90FD52FC53D2C1C205844CB69575AB|1B491180398E2F0390E6A588B3BCE291|4E40E4A0E1CD51FDAF8CCCFAB46D3BAC,0.2756598240469208,341
033E492229C2222EFAA16EE8A6462D8B|D7D1FB49049702BF6338894757E0D959|4C90FD52FC53D2C1C205844CB69575AB|A5D15FC386510762EC0DDFF54ABE6F94|C153E8F0FBDDA2D14CC066665B07AE35,0.27543314082629944,2251
033E492229C2222EFAA16EE8A6462D8B|D7D1FB49049702BF6338894757E0D959|4C90FD52FC53D2C1C205844CB69575AB|1B491180398E2F0390E6A588B3BCE291|CBB60068EB555E1967344B7EEB2BEB5C,0.2753623188405797,276
7F286560861764CCB93C90B7AA833949|D7D1FB49049702BF6338894757E0D959|4C90FD52FC53D2C1C205844CB69575AB|A5D15FC386510762EC0DDFF54ABE6F94|4AD6CB9B9369B5B37B47190502480D55,0.27530364372469635,247
033E492229C2222EFAA16EE8A6462D8B|D7D1FB49049702BF6338894757E0D959|4C90FD52FC53D2C1C205844CB69575AB|1B491180398E2F0390E6A588B3BCE291|9E35D1017A660C8610F18219E0721092,0.2751937984496124,258
033E492229C2222EFAA16EE8A6462D8B|D7D1FB49049702BF6338894757E0D959|4C90FD52FC53D2C1C205844CB69575AB|1B491180398E2F0390E6A588B3BCE291|BE6F37902E01B9419D967BC1D20058FD,0.27485380116959063,342
7F286560861764CCB93C90B7AA833949|D7D1FB49049702BF6338894757E0D959|NA|NA|E232C85157D477BCAE26A17A99AB2431,0.2746730083234245,841
033E492229C2222EFAA16EE8A6462D8B|FF2C446555E3822B0E0FC3406116E86D|4C90FD52FC53D2C1C205844CB69575AB|A5D15FC386510762EC0DDFF54ABE6F94|635A3EF4F16C9B52F3334F52B864E056,0.2745664739884393,346
B4B45C6CE5FC4DE45AB02974D8849DBD|D7D1FB49049702BF6338894757E0D959|NA|NA|B1307FE5A41D1B598A37FA0A26B71DFE,0.2744360902255639,266
62D6A49514020FA0B2E434DB0B506005|D7D1FB49049702BF6338894757E0D959|NA|NA|7D86D48A6B484CCA0AAD1CBA1881A438,0.2743682310469314,277
033E492229C2222EFAA16EE8A6462D8B|D7D1FB49049702BF6338894757E0D959|4C90FD52FC53D2C1C205844CB69575AB|1B491180398E2F0390E6A588B3BCE291|744376EE0EAAAF50011485FE825594F4,0.2743362831858407,226
E02400CDAD96905D88E932FE9B7D3552|FF2C446555E3822B0E0FC3406116E86D|921B36149E5B081FD24450BFE2CE4430|A5D15FC386510762EC0DDFF54ABE6F94|9101E1040D2051A4741E2978FAFDABA3,0.2743362831858407,452
033E492229C2222EFAA16EE8A6462D8B|D7D1FB49049702BF6338894757E0D959|4C90FD52FC53D2C1C205844CB69575AB|A5D15FC386510762EC0DDFF54ABE6F94|8B72676326A3F25E01B5ACE9AB669D67,0.2742616033755274,237
E02400CDAD96905D88E932FE9B7D3552|7E56C27BFF0305E788DA55A029EC4988|NA|NA|817841B75162D8662B87D976FF6EDF69,0.2742616033755274,237
033E492229C2222EFAA16EE8A6462D8B|D7D1FB49049702BF6338894757E0D959|4C90FD52FC53D2C1C205844CB69575AB|A5D15FC386510762EC0DDFF54ABE6F94|116ACBB7E1881C29A6EB95E3CA0E53D3,0.27380952380952384,420
B4B45C6CE5FC4DE45AB02974D8849DBD|7E56C27BFF0305E788DA55A029EC4988|NA|NA|F709174394FEE0EDC99910AAE9A691F4,0.27380952380952384,420
033E492229C2222EFAA16EE8A6462D8B|D7D1FB49049702BF6338894757E0D959|4C90FD52FC53D2C1C205844CB69575AB|1B491180398E2F0390E6A588B3BCE291|0D0C3C3C88EA12CE635F41E42D9082BA,0.2737556561085973,442
033E492229C2222EFAA16EE8A6462D8B|D7D1FB49049702BF6338894757E0D959|4C90FD52FC53D2C1C205844CB69575AB|A5D15FC386510762EC0DDFF54ABE6F94|635A3EF4F16C9B52F3334F52B864E056,0.2735282338806568,2497
62D6A49514020FA0B2E434DB0B506005|D7D1FB49049702BF6338894757E0D959|NA|NA|62899490AC0E72CDE90CE293E6600756,0.27346938775510204,245
033E492229C2222EFAA16EE8A6462D8B|D7D1FB49049702BF6338894757E0D959|4C90FD52FC53D2C1C205844CB69575AB|1B491180398E2F0390E6A588B3BCE291|695B42862A904809B588C7468C05B27C,0.2732732732732733,333
7F286560861764CCB93C90B7AA833949|D7D1FB49049702BF6338894757E0D959|NA|NA|256A99A6C5EB9065B047193FE6CBC1B3,0.27310924369747897,238
7F286560861764CCB93C90B7AA833949|D7D1FB49049702BF6338894757E0D959|NA|A5D15FC386510762EC0DDFF54ABE6F94|F238842D6BEE084717EF0659DCF611A9,0.27309236947791166,249
033E492229C2222EFAA16EE8A6462D8B|D7D1FB49049702BF6338894757E0D959|4C90FD52FC53D2C1C205844CB69575AB|1B491180398E2F0390E6A588B3BCE291|80D1839688E41BD2663F389C6C2F3866,0.2730627306273063,271
7F286560861764CCB93C90B7AA833949|D7D1FB49049702BF6338894757E0D959|NA|NA|D26C66CD1BC5EF811217043EE5505E2B,0.2727272727272727,264
88CED8BA3AA711A20ACF8B1FC574F218|D7D1FB49049702BF6338894757E0D959|NA|NA|FFC348665D86BB057248A3392B9993F1,0.2727272727272727,539
7532B3FBAFEC164460C4ED6FEB0C022C|D7D1FB49049702BF6338894757E0D959|NA|NA|C40BE171AAC9111CB0B27846C841E67C,0.27247191011235955,356
7F286560861764CCB93C90B7AA833949|D7D1FB49049702BF6338894757E0D959|921B36149E5B081FD24450BFE2CE4430|A5D15FC386510762EC0DDFF54ABE6F94|B9BD68BF0460DDBC289CE9EAF235D6B9,0.2724014336917563,558
7F286560861764CCB93C90B7AA833949|D7D1FB49049702BF6338894757E0D959|NA|NA|28A80AB2D0906DDB3331FC1463226E4D,0.27202323330106487,1033
033E492229C2222EFAA16EE8A6462D8B|D7D1FB49049702BF6338894757E0D959|4C90FD52FC53D2C1C205844CB69575AB|A5D15FC386510762EC0DDFF54ABE6F94|F3445315BE81BC54C9D01F3485076899,0.2719298245614035,228
62D6A49514020FA0B2E434DB0B506005|D7D1FB49049702BF6338894757E0D959|NA|NA|135DFD1A09357B3167408662A1A0A738,0.2719112988384372,1894
B4B45C6CE5FC4DE45AB02974D8849DBD|D7D1FB49049702BF6338894757E0D959|NA|NA|NA,0.2718129459296828,11633
033E492229C2222EFAA16EE8A6462D8B|D7D1FB49049702BF6338894757E0D959|4C90FD52FC53D2C1C205844CB69575AB|1B491180398E2F0390E6A588B3BCE291|987B710FEC126B0B72B033C8CF8B3251,0.2716417910447761,335
033E492229C2222EFAA16EE8A6462D8B|FF2C446555E3822B0E0FC3406116E86D|4C90FD52FC53D2C1C205844CB69575AB|1B491180398E2F0390E6A588B3BCE291|DE66A91FC83536D49ED1941A8F7B940C,0.2713833157338965,947
62D6A49514020FA0B2E434DB0B506005|D7D1FB49049702BF6338894757E0D959|NA|NA|DD932BA05661E48A68338643EB7AD4BF,0.271356783919598,398
B4B45C6CE5FC4DE45AB02974D8849DBD|D7D1FB49049702BF6338894757E0D959|NA|NA|8B22D860877E19AD8DCF3A2F2135AF1D,0.2713068181818182,704
B4B45C6CE5FC4DE45AB02974D8849DBD|D7D1FB49049702BF6338894757E0D959|NA|NA|9F71B43CA1C169A4DD47C8F69DBE8C22,0.27106227106227104,273
E02400CDAD96905D88E932FE9B7D3552|D7D1FB49049702BF6338894757E0D959|NA|NA|70633E730D41FE794E4603A5884D3239,0.2708074534161491,805
033E492229C2222EFAA16EE8A6462D8B|D7D1FB49049702BF6338894757E0D959|4C90FD52FC53D2C1C205844CB69575AB|1B491180398E2F0390E6A588B3BCE291|4CC6659FA80EF46CDBB9A8057E616D9C,0.27049180327868855,244
7F286560861764CCB93C90B7AA833949|D7D1FB49049702BF6338894757E0D959|NA|NA|E0B5B0C006C82AF06554E5ACB850F771,0.27034120734908135,381
033E492229C2222EFAA16EE8A6462D8B|D7D1FB49049702BF6338894757E0D959|4C90FD52FC53D2C1C205844CB69575AB|1B491180398E2F0390E6A588B3BCE291|15737AA80C5FAC88CF420787D3B53032,0.26972477064220185,1090
E02400CDAD96905D88E932FE9B7D3552|D7D1FB49049702BF6338894757E0D959|921B36149E5B081FD24450BFE2CE4430|A5D15FC386510762EC0DDFF54ABE6F94|9101E1040D2051A4741E2978FAFDABA3,0.26968973747016706,838
033E492229C2222EFAA16EE8A6462D8B|FF2C446555E3822B0E0FC3406116E86D|4C90FD52FC53D2C1C205844CB69575AB|1B491180398E2F0390E6A588B3BCE291|2C8A195B05CBE39D4E6AF08254335B5C,0.2692307692307692,234
7F286560861764CCB93C90B7AA833949|D7D1FB49049702BF6338894757E0D959|NA|NA|D2EB03A2E3278FD5F6F1585E6FAB263B,0.2689655172413793,290
E02400CDAD96905D88E932FE9B7D3552|D7D1FB49049702BF6338894757E0D959|921B36149E5B081FD24450BFE2CE4430|A5D15FC386510762EC0DDFF54ABE6F94|3BB2AD395EC35EAC138F542215460325,0.26857142857142857,700
033E492229C2222EFAA16EE8A6462D8B|D7D1FB49049702BF6338894757E0D959|0CD76C7030D0900BE250C8D41703D180|A5D15FC386510762EC0DDFF54ABE6F94|98E8F1EDF22D7B95306F4EBD070C091C,0.26851851851851855,216
033E492229C2222EFAA16EE8A6462D8B|D7D1FB49049702BF6338894757E0D959|4C90FD52FC53D2C1C205844CB69575AB|1B491180398E2F0390E6A588B3BCE291|7E89D2AF2061DD4D4F5F47DC0AA91390,0.26838235294117646,272
033E492229C2222EFAA16EE8A6462D8B|FF2C446555E3822B0E0FC3406116E86D|4C90FD52FC53D2C1C205844CB69575AB|A5D15FC386510762EC0DDFF54ABE6F94|6271E7ACEF710C0C57E758E473279B63,0.268361581920904,354
033E492229C2222EFAA16EE8A6462D8B|D7D1FB49049702BF6338894757E0D959|4C90FD52FC53D2C1C205844CB69575AB|1B491180398E2F0390E6A588B3BCE291|3C583E0C515719DE5DB989D267B760EF,0.268048606147248,1399
033E492229C2222EFAA16EE8A6462D8B|D7D1FB49049702BF6338894757E0D959|4C90FD52FC53D2C1C205844CB69575AB|C45A9AC6D102ACAEEDF0D6F78636D84A|5CF65BBC4CB84D2C0587B305B1242DB6,0.26767200754005654,1061
DDC2B3CC38945E431DE1B3F59EC56680|D7D1FB49049702BF6338894757E0D959|NA|NA|13B0E6EF5726CB3F31F7480F0FE6C1E8,0.2676269901440485,1319
7F286560861764CCB93C90B7AA833949|7E56C27BFF0305E788DA55A029EC4988|NA|NA|20848236690EA6F7AAEB7B2203DF1EE1,0.2674865488086088,1301
DDC2B3CC38945E431DE1B3F59EC56680|D7D1FB49049702BF6338894757E0D959|NA|NA|E0D3FC000100DBA2537B4DF0C060681D,0.26730310262529833,419
033E492229C2222EFAA16EE8A6462D8B|FF2C446555E3822B0E0FC3406116E86D|4C90FD52FC53D2C1C205844CB69575AB|1B491180398E2F0390E6A588B3BCE291|3C583E0C515719DE5DB989D267B760EF,0.2670157068062827,382
2134F56D3769B5022DB7172F1536B749|FF2C446555E3822B0E0FC3406116E86D|NA|NA|NA,0.26688102893890675,311
635623BABBB7DA2E072D8C339F606E15|D7D1FB49049702BF6338894757E0D959|NA|NA|CDCE914EB8858F41EF31A89C39AE68A8,0.26686656671664166,667
033E492229C2222EFAA16EE8A6462D8B|D7D1FB49049702BF6338894757E0D959|4C90FD52FC53D2C1C205844CB69575AB|1B491180398E2F0390E6A588B3BCE291|AE129D89E385CF9DD0EDFB1F6B20E8FA,0.26666666666666666,735
62D6A49514020FA0B2E434DB0B506005|D7D1FB49049702BF6338894757E0D959|NA|NA|C262049EFCA52849143EDDE5B7DAA69C,0.2662904053360698,1949
033E492229C2222EFAA16EE8A6462D8B|7E56C27BFF0305E788DA55A029EC4988|4C90FD52FC53D2C1C205844CB69575AB|1B491180398E2F0390E6A588B3BCE291|B3856C96094BFEA31BBAB90908389DB6,0.26595744680851063,470
033E492229C2222EFAA16EE8A6462D8B|7E56C27BFF0305E788DA55A029EC4988|4C90FD52FC53D2C1C205844CB69575AB|1B491180398E2F0390E6A588B3BCE291|EFAC1B7FF421A3B845B802F855C2FADF,0.26586102719033233,331
033E492229C2222EFAA16EE8A6462D8B|D7D1FB49049702BF6338894757E0D959|4C90FD52FC53D2C1C205844CB69575AB|1B491180398E2F0390E6A588B3BCE291|5DAF0031AD100C30DECEB8A50BF83E8B,0.2656621728786677,1261
7F286560861764CCB93C90B7AA833949|FF2C446555E3822B0E0FC3406116E86D|NA|A5D15FC386510762EC0DDFF54ABE6F94|DB89BE834272DF84F578E88033131577,0.2653061224489796,441
033E492229C2222EFAA16EE8A6462D8B|D7D1FB49049702BF6338894757E0D959|4C90FD52FC53D2C1C205844CB69575AB|1B491180398E2F0390E6A588B3BCE291|1865D275F8FC538DF8DD08FECCA65979,0.26520681265206814,411
6A21F69EBA80612A04B0F6BAC857AAF2|D7D1FB49049702BF6338894757E0D959|NA|NA|76330A6DECE60404585CB3D3C17425B8,0.26512968299711814,347
033E492229C2222EFAA16EE8A6462D8B|D7D1FB49049702BF6338894757E0D959|4C90FD52FC53D2C1C205844CB69575AB|C45A9AC6D102ACAEEDF0D6F78636D84A|777BEECAD173AC93E5CE0CE1CC82DF15,0.2651162790697674,215
033E492229C2222EFAA16EE8A6462D8B|D7D1FB49049702BF6338894757E0D959|4C90FD52FC53D2C1C205844CB69575AB|1B491180398E2F0390E6A588B3BCE291|6D3AD60F9BE3C4954F76B01F86A795A6,0.2649350649350649,385
033E492229C2222EFAA16EE8A6462D8B|D7D1FB49049702BF6338894757E0D959|4C90FD52FC53D2C1C205844CB69575AB|A5D15FC386510762EC0DDFF54ABE6F94|C0BF8CD82DECA7220057E528F3B99640,0.2647814910025707,389
033E492229C2222EFAA16EE8A6462D8B|D7D1FB49049702BF6338894757E0D959|921B36149E5B081FD24450BFE2CE4430|A5D15FC386510762EC0DDFF54ABE6F94|B1A587CAC9D7544901E0048FE243B3F2,0.2643171806167401,227
E02400CDAD96905D88E932FE9B7D3552|7E56C27BFF0305E788DA55A029EC4988|NA|NA|6AAC59B9CEFC1C49996502F4B7EA953E,0.26429980276134124,507
88CED8BA3AA711A20ACF8B1FC574F218|D7D1FB49049702BF6338894757E0D959|4C90FD52FC53D2C1C205844CB69575AB|C45A9AC6D102ACAEEDF0D6F78636D84A|48D9201753DC9A5BED4A1A20C5C4480C,0.26422764227642276,246
635623BABBB7DA2E072D8C339F606E15|D7D1FB49049702BF6338894757E0D959|NA|NA|1F81D0EECCDD22ACFFA0599F14BFAA25,0.26409495548961426,674
944B2A351FEFAC79AEAA9DA57E1B351F|FF2C446555E3822B0E0FC3406116E86D|NA|NA|NA,0.26397919375812745,1538
033E492229C2222EFAA16EE8A6462D8B|D7D1FB49049702BF6338894757E0D959|4C90FD52FC53D2C1C205844CB69575AB|1B491180398E2F0390E6A588B3BCE291|099B1B57D977BA318AE6EDC4B0F36554,0.26360725720384204,937
033E492229C2222EFAA16EE8A6462D8B|D7D1FB49049702BF6338894757E0D959|88460293E9517D21E39AA889BD5AADC8|1B491180398E2F0390E6A588B3BCE291|71ED3EF184D4503384F979FACCDA5571,0.26339622641509436,1325
DDC2B3CC38945E431DE1B3F59EC56680|7E56C27BFF0305E788DA55A029EC4988|921B36149E5B081FD24450BFE2CE4430|A5D15FC386510762EC0DDFF54ABE6F94|DCEACDDF1C5346640EFBE1C80782B56A,0.26339285714285715,448
B4B45C6CE5FC4DE45AB02974D8849DBD|D7D1FB49049702BF6338894757E0D959|NA|NA|9E602BFCC65B869A81EDE2235ABEE52D,0.26339285714285715,224
033E492229C2222EFAA16EE8A6462D8B|D7D1FB49049702BF6338894757E0D959|4C90FD52FC53D2C1C205844CB69575AB|1B491180398E2F0390E6A588B3BCE291|106652C8F791AAE2A27555424E4DF971,0.2631578947368421,228
033E492229C2222EFAA16EE8A6462D8B|D7D1FB49049702BF6338894757E0D959|4C90FD52FC53D2C1C205844CB69575AB|A5D15FC386510762EC0DDFF54ABE6F94|22BB1EC6D60238B699549A25C8607706,0.2631578947368421,247
033E492229C2222EFAA16EE8A6462D8B|D7D1FB49049702BF6338894757E0D959|4C90FD52FC53D2C1C205844CB69575AB|C45A9AC6D102ACAEEDF0D6F78636D84A|6C0F874E8CD1A6F748737B6B5CB057F5,0.26283048211508553,1286
033E492229C2222EFAA16EE8A6462D8B|D7D1FB49049702BF6338894757E0D959|4C90FD52FC53D2C1C205844CB69575AB|1B491180398E2F0390E6A588B3BCE291|D6576CAC43A758C901987FD71E6B784F,0.2627118644067797,236
9D307E5B713DE5E90D787BE9F802AFBB|7E56C27BFF0305E788DA55A029EC4988|NA|NA|116ACBB7E1881C29A6EB95E3CA0E53D3,0.26244343891402716,221
7F286560861764CCB93C90B7AA833949|D7D1FB49049702BF6338894757E0D959|4C90FD52FC53D2C1C205844CB69575AB|A5D15FC386510762EC0DDFF54ABE6F94|B5C61E9DDF10A745A7011C003B5BA6AC,0.26242236024844723,644
62D6A49514020FA0B2E434DB0B506005|D7D1FB49049702BF6338894757E0D959|NA|NA|250C50A6E4BDE63B59538FDAB3C7201E,0.26239669421487605,484
033E492229C2222EFAA16EE8A6462D8B|D7D1FB49049702BF6338894757E0D959|4C90FD52FC53D2C1C205844CB69575AB|C45A9AC6D102ACAEEDF0D6F78636D84A|986B48B5AD844BCBD71C0902FA742CF1,0.26229508196721313,244
033E492229C2222EFAA16EE8A6462D8B|D7D1FB49049702BF6338894757E0D959|4C90FD52FC53D2C1C205844CB69575AB|1B491180398E2F0390E6A588B3BCE291|4CE7778C2861639BD33B55BBA003C8CE,0.26223776223776224,286
88CED8BA3AA711A20ACF8B1FC574F218|D7D1FB49049702BF6338894757E0D959|NA|NA|NA,0.2622371740958789,11890
EC997D43AC86A75D9B88A1051F86A67C|7E56C27BFF0305E788DA55A029EC4988|NA|NA|A96A390A03DB5B6748CBE5739135CA30,0.2621359223300971,206
7F286560861764CCB93C90B7AA833949|D7D1FB49049702BF6338894757E0D959|4C90FD52FC53D2C1C205844CB69575AB|A5D15FC386510762EC0DDFF54ABE6F94|0D40C070EF1755017EDD34094AD4D048,0.2620253164556962,790
13C26D10258053889D75D9B9CA922EC7|FF2C446555E3822B0E0FC3406116E86D|NA|NA|NA,0.26194398682042835,1214
62D6A49514020FA0B2E434DB0B506005|D7D1FB49049702BF6338894757E0D959|NA|NA|8D19B59BEA06777A4E3BE0146A561612,0.2618322723498478,3613
033E492229C2222EFAA16EE8A6462D8B|7E56C27BFF0305E788DA55A029EC4988|4C90FD52FC53D2C1C205844CB69575AB|1B491180398E2F0390E6A588B3BCE291|7103114006C36A51D8D3598F93BE57C2,0.26153846153846155,520
7F286560861764CCB93C90B7AA833949|FF2C446555E3822B0E0FC3406116E86D|NA|A5D15FC386510762EC0DDFF54ABE6F94|4AF48BC4346AB3C3347383F930DD0308,0.2614942528735632,348
7F286560861764CCB93C90B7AA833949|D7D1FB49049702BF6338894757E0D959|4C90FD52FC53D2C1C205844CB69575AB|A5D15FC386510762EC0DDFF54ABE6F94|3EC767F98BC3F3AB275CAF1E262D3F3A,0.26126126126126126,222
033E492229C2222EFAA16EE8A6462D8B|D7D1FB49049702BF6338894757E0D959|4C90FD52FC53D2C1C205844CB69575AB|1B491180398E2F0390E6A588B3BCE291|F3B28A618855E16DBB02B0DC204A52EF,0.2608695652173913,276
033E492229C2222EFAA16EE8A6462D8B|D7D1FB49049702BF6338894757E0D959|4C90FD52FC53D2C1C205844CB69575AB|C45A9AC6D102ACAEEDF0D6F78636D84A|7E89D2AF2061DD4D4F5F47DC0AA91390,0.2608695652173913,322
7F286560861764CCB93C90B7AA833949|D7D1FB49049702BF6338894757E0D959|NA|NA|E5ADBA7EA46FFA59C2580697A4809C90,0.2608695652173913,529
033E492229C2222EFAA16EE8A6462D8B|D7D1FB49049702BF6338894757E0D959|4C90FD52FC53D2C1C205844CB69575AB|1B491180398E2F0390E6A588B3BCE291|634F9339DC24878E9D41866CFABBA54F,0.2608695652173913,299
DDC2B3CC38945E431DE1B3F59EC56680|D7D1FB49049702BF6338894757E0D959|NA|NA|B90E605811C70B18D5DE34A523B77C60,0.26052631578947366,760
033E492229C2222EFAA16EE8A6462D8B|D7D1FB49049702BF6338894757E0D959|4C90FD52FC53D2C1C205844CB69575AB|1B491180398E2F0390E6A588B3BCE291|57C016169928FE157AC13203CF3FE696,0.2604340567612688,599
033E492229C2222EFAA16EE8A6462D8B|D7D1FB49049702BF6338894757E0D959|4C90FD52FC53D2C1C205844CB69575AB|1B491180398E2F0390E6A588B3BCE291|CEE637BF59DA498230F496FC60F9D2AD,0.2603305785123967,242
7F286560861764CCB93C90B7AA833949|D7D1FB49049702BF6338894757E0D959|NA|NA|NA,0.25996354712323655,69679
033E492229C2222EFAA16EE8A6462D8B|D7D1FB49049702BF6338894757E0D959|4C90FD52FC53D2C1C205844CB69575AB|A5D15FC386510762EC0DDFF54ABE6F94|BB97FFEB435FDCF43F9FC3919C3EB2D3,0.25948103792415167,501
62D6A49514020FA0B2E434DB0B506005|D7D1FB49049702BF6338894757E0D959|NA|NA|50972BA52D5E06E612F43017E974B8E1,0.25925925925925924,270
2134F56D3769B5022DB7172F1536B749|7E56C27BFF0305E788DA55A029EC4988|NA|NA|NA,0.25917686318131256,1798
7532B3FBAFEC164460C4ED6FEB0C022C|D7D1FB49049702BF6338894757E0D959|NA|NA|E895713A223BA62A45EF586012AEBA31,0.2590529247910863,359
B4B45C6CE5FC4DE45AB02974D8849DBD|7E56C27BFF0305E788DA55A029EC4988|NA|NA|175C3B7117580EB6D3D508A1679B6839,0.2588996763754045,309
B4B45C6CE5FC4DE45AB02974D8849DBD|D7D1FB49049702BF6338894757E0D959|NA|NA|05B0ACDB23EE03E36D2B4A178048ED4A,0.2588383838383838,5544
7F286560861764CCB93C90B7AA833949|D7D1FB49049702BF6338894757E0D959|4C90FD52FC53D2C1C205844CB69575AB|A5D15FC386510762EC0DDFF54ABE6F94|C15D7F4C3A09EADC0665D1899B56C035,0.2582480091012514,879
7F286560861764CCB93C90B7AA833949|D7D1FB49049702BF6338894757E0D959|NA|NA|1212975A7EADA2D3101EA3C8A3262D2F,0.2581699346405229,306
E02400CDAD96905D88E932FE9B7D3552|7E56C27BFF0305E788DA55A029EC4988|NA|NA|B2A00DACE00378419150280C7275D5D0,0.25806451612903225,217
033E492229C2222EFAA16EE8A6462D8B|D7D1FB49049702BF6338894757E0D959|4C90FD52FC53D2C1C205844CB69575AB|1B491180398E2F0390E6A588B3BCE291|0F2DFF17C1E5757E6B2E8C8AF836F610,0.2579787234042553,376
62D6A49514020FA0B2E434DB0B506005|D7D1FB49049702BF6338894757E0D959|NA|NA|DB51B0646689810173A6C4588730B35A,0.25797691785471827,1473
62D6A49514020FA0B2E434DB0B506005|D7D1FB49049702BF6338894757E0D959|NA|NA|5403D8923180FADDD0DB280DAC16E744,0.2575558475689882,11415
13C26D10258053889D75D9B9CA922EC7|7E56C27BFF0305E788DA55A029EC4988|NA|A5D15FC386510762EC0DDFF54ABE6F94|052F001C02EB3ED5D6D9956615C38725,0.2574468085106383,470
033E492229C2222EFAA16EE8A6462D8B|FF2C446555E3822B0E0FC3406116E86D|4C90FD52FC53D2C1C205844CB69575AB|1B491180398E2F0390E6A588B3BCE291|14D50FDC631A9EB0AA17C66D100B6DD4,0.25742574257425743,202
7F286560861764CCB93C90B7AA833949|FF2C446555E3822B0E0FC3406116E86D|4C90FD52FC53D2C1C205844CB69575AB|A5D15FC386510762EC0DDFF54ABE6F94|5988945F3727F7C82157CEBF67D822D4,0.2572178477690289,762
033E492229C2222EFAA16EE8A6462D8B|7E56C27BFF0305E788DA55A029EC4988|4C90FD52FC53D2C1C205844CB69575AB|1B491180398E2F0390E6A588B3BCE291|28BE1A782121CD7428F3905921FF41E0,0.25699745547073793,393
033E492229C2222EFAA16EE8A6462D8B|7E56C27BFF0305E788DA55A029EC4988|4C90FD52FC53D2C1C205844CB69575AB|1B491180398E2F0390E6A588B3BCE291|2872E11CAC214C16162194F8B140A245,0.2569832402234637,1432
033E492229C2222EFAA16EE8A6462D8B|7E56C27BFF0305E788DA55A029EC4988|4C90FD52FC53D2C1C205844CB69575AB|1B491180398E2F0390E6A588B3BCE291|14EFF4C4A87E532EF32C32EA7C5F3804,0.2567849686847599,479
B4B45C6CE5FC4DE45AB02974D8849DBD|D7D1FB49049702BF6338894757E0D959|NA|NA|79A8BA026E4124D2F04D46EE5A8AE706,0.25676664228237017,1367
033E492229C2222EFAA16EE8A6462D8B|7E56C27BFF0305E788DA55A029EC4988|4C90FD52FC53D2C1C205844CB69575AB|1B491180398E2F0390E6A588B3BCE291|259720A0B080DC49431920C10F59417C,0.25646551724137934,928
7F286560861764CCB93C90B7AA833949|D7D1FB49049702BF6338894757E0D959|NA|NA|11C216AF41313CCF3A6659998CECBB4D,0.2564516129032258,1860
033E492229C2222EFAA16EE8A6462D8B|7E56C27BFF0305E788DA55A029EC4988|4C90FD52FC53D2C1C205844CB69575AB|1B491180398E2F0390E6A588B3BCE291|CC96D73139F63B528055BD9FF502C39F,0.2564102564102564,273
033E492229C2222EFAA16EE8A6462D8B|D7D1FB49049702BF6338894757E0D959|4C90FD52FC53D2C1C205844CB69575AB|1B491180398E2F0390E6A588B3BCE291|98EE5020242DA3741962CA1C95BE5F97,0.256243213897937,1842
635623BABBB7DA2E072D8C339F606E15|D7D1FB49049702BF6338894757E0D959|NA|NA|61069557D2F143284C1FC9DEC2224313,0.256,375
88CED8BA3AA711A20ACF8B1FC574F218|D7D1FB49049702BF6338894757E0D959|NA|NA|5507643A0163E893A62D897BDCACB3F7,0.25595238095238093,504
B4B45C6CE5FC4DE45AB02974D8849DBD|D7D1FB49049702BF6338894757E0D959|NA|NA|E419332903EAAA889645B5716AE869B5,0.25583982202447164,899
033E492229C2222EFAA16EE8A6462D8B|D7D1FB49049702BF6338894757E0D959|4C90FD52FC53D2C1C205844CB69575AB|1B491180398E2F0390E6A588B3BCE291|9CCC210C04280FCB7B67D8FFDDFDA3E7,0.25576923076923075,520
033E492229C2222EFAA16EE8A6462D8B|D7D1FB49049702BF6338894757E0D959|4C90FD52FC53D2C1C205844CB69575AB|1B491180398E2F0390E6A588B3BCE291|EA564033E757EF800E01B6B78EA36632,0.2553191489361702,282
E02400CDAD96905D88E932FE9B7D3552|D7D1FB49049702BF6338894757E0D959|NA|NA|2E5C1ED10D12DFBEA698FB8AAA19F1D5,0.255278310940499,521
033E492229C2222EFAA16EE8A6462D8B|FF2C446555E3822B0E0FC3406116E86D|4C90FD52FC53D2C1C205844CB69575AB|1B491180398E2F0390E6A588B3BCE291|1DD809553114268B9FB082ABA1BB2F60,0.255079006772009,886
033E492229C2222EFAA16EE8A6462D8B|D7D1FB49049702BF6338894757E0D959|4C90FD52FC53D2C1C205844CB69575AB|1B491180398E2F0390E6A588B3BCE291|941884F8834E5C221582193C12D55D46,0.2550607287449393,741
033E492229C2222EFAA16EE8A6462D8B|D7D1FB49049702BF6338894757E0D959|4C90FD52FC53D2C1C205844CB69575AB|1B491180398E2F0390E6A588B3BCE291|04DE24CF8BCBF7C0992FDB04DE992012,0.2550607287449393,247
13C26D10258053889D75D9B9CA922EC7|D7D1FB49049702BF6338894757E0D959|NA|NA|C09EF7E6D24002C58986619A5921470D,0.2548262548262548,518
033E492229C2222EFAA16EE8A6462D8B|D7D1FB49049702BF6338894757E0D959|4C90FD52FC53D2C1C205844CB69575AB|C45A9AC6D102ACAEEDF0D6F78636D84A|DE66A91FC83536D49ED1941A8F7B940C,0.2548076923076923,832
033E492229C2222EFAA16EE8A6462D8B|D7D1FB49049702BF6338894757E0D959|4C90FD52FC53D2C1C205844CB69575AB|D7B42B0C4D807EF1C13F79948743E9DA|CF167AEC477F8B8FB7EC1F7B27519AC9,0.2542372881355932,354
9D307E5B713DE5E90D787BE9F802AFBB|7E56C27BFF0305E788DA55A029EC4988|NA|NA|NA,0.25415676959619954,2105
7F286560861764CCB93C90B7AA833949|D7D1FB49049702BF6338894757E0D959|NA|NA|BA498092AEC7BDAF160EF202EC5B748F,0.25386313465783666,453
635623BABBB7DA2E072D8C339F606E15|D7D1FB49049702BF6338894757E0D959|NA|NA|773F014B9FFD0BB7725B89B4F2A85548,0.2538569424964937,713
7532B3FBAFEC164460C4ED6FEB0C022C|D7D1FB49049702BF6338894757E0D959|NA|NA|CD3D65E3D2A23D6F97EADAC395355E50,0.25384615384615383,260
62D6A49514020FA0B2E434DB0B506005|D7D1FB49049702BF6338894757E0D959|NA|NA|0BE34C357F146FE60890C3DC97978FBC,0.25384615384615383,260
635623BABBB7DA2E072D8C339F606E15|D7D1FB49049702BF6338894757E0D959|NA|NA|47B4E2D2DB06E284450A4C47EAAB0F44,0.2537313432835821,201
E02400CDAD96905D88E932FE9B7D3552|7E56C27BFF0305E788DA55A029EC4988|921B36149E5B081FD24450BFE2CE4430|A5D15FC386510762EC0DDFF54ABE6F94|C326FDA294FFD8043EAF02FD1B592C74,0.25371120107962214,741
7F286560861764CCB93C90B7AA833949|D7D1FB49049702BF6338894757E0D959|NA|NA|116ACBB7E1881C29A6EB95E3CA0E53D3,0.25370281892021024,8372
033E492229C2222EFAA16EE8A6462D8B|D7D1FB49049702BF6338894757E0D959|4C90FD52FC53D2C1C205844CB69575AB|A5D15FC386510762EC0DDFF54ABE6F94|96E619640B34DA9AB3CE096BB5A644C0,0.2534451767525464,1669
88CED8BA3AA711A20ACF8B1FC574F218|D7D1FB49049702BF6338894757E0D959|NA|NA|068C5E64922E0092E236A79F91208482,0.2532981530343008,379
B4B45C6CE5FC4DE45AB02974D8849DBD|D7D1FB49049702BF6338894757E0D959|NA|NA|E790596569B4A8FD4356914517E301D4,0.2530487804878049,328
88CED8BA3AA711A20ACF8B1FC574F218|D7D1FB49049702BF6338894757E0D959|NA|NA|D4E4A4FC016480C34B8F5FC5E9881BB0,0.25301204819277107,1328
EC997D43AC86A75D9B88A1051F86A67C|D7D1FB49049702BF6338894757E0D959|NA|NA|9C0452C82A219D953A5FCEED3348DEF4,0.2529182879377432,257
033E492229C2222EFAA16EE8A6462D8B|FF2C446555E3822B0E0FC3406116E86D|4C90FD52FC53D2C1C205844CB69575AB|A5D15FC386510762EC0DDFF54ABE6F94|C153E8F0FBDDA2D14CC066665B07AE35,0.2528473804100228,439
62D6A49514020FA0B2E434DB0B506005|D7D1FB49049702BF6338894757E0D959|NA|NA|7E8477DC5E5E2DC29B0B5BC8B14C908C,0.25245098039215685,408
13C26D10258053889D75D9B9CA922EC7|D7D1FB49049702BF6338894757E0D959|NA|NA|EC4DF3F86ED35340464606A19FB83493,0.2522255192878338,674
033E492229C2222EFAA16EE8A6462D8B|7E56C27BFF0305E788DA55A029EC4988|4C90FD52FC53D2C1C205844CB69575AB|1B491180398E2F0390E6A588B3BCE291|912F7A34B965E6F5CC8079ED1F358E27,0.252,250
033E492229C2222EFAA16EE8A6462D8B|D7D1FB49049702BF6338894757E0D959|4C90FD52FC53D2C1C205844CB69575AB|1B491180398E2F0390E6A588B3BCE291|2EED9DCA2565065D0B4D2A33E59E910B,0.2517482517482518,429
B4B45C6CE5FC4DE45AB02974D8849DBD|7E56C27BFF0305E788DA55A029EC4988|921B36149E5B081FD24450BFE2CE4430|A5D15FC386510762EC0DDFF54ABE6F94|1A92571CE50D1534E612FD305F2CAD25,0.2515592515592516,481
033E492229C2222EFAA16EE8A6462D8B|D7D1FB49049702BF6338894757E0D959|4C90FD52FC53D2C1C205844CB69575AB|1B491180398E2F0390E6A588B3BCE291|DABA7758AAAFB4F514B46CA9F8C8C836,0.25130616509926856,1914
7F286560861764CCB93C90B7AA833949|7E56C27BFF0305E788DA55A029EC4988|NA|NA|EC78C1EB71DE898DF58B246B953A191E,0.25116279069767444,215
7F286560861764CCB93C90B7AA833949|D7D1FB49049702BF6338894757E0D959|NA|NA|DD932BA05661E48A68338643EB7AD4BF,0.2511225144323284,3118
635623BABBB7DA2E072D8C339F606E15|D7D1FB49049702BF6338894757E0D959|NA|NA|DB682EBE0F06DC3C05D25FF3F2612B4D,0.2508361204013378,299
7F286560861764CCB93C90B7AA833949|7E56C27BFF0305E788DA55A029EC4988|NA|NA|33C92B722556E99F0CFCFB2C9879B1B5,0.2508250825082508,303
635623BABBB7DA2E072D8C339F606E15|D7D1FB49049702BF6338894757E0D959|NA|NA|5BD5ED9E3F5AEDB59BC0DA4E1D68E549,0.25054945054945055,910
E02400CDAD96905D88E932FE9B7D3552|D7D1FB49049702BF6338894757E0D959|921B36149E5B081FD24450BFE2CE4430|A5D15FC386510762EC0DDFF54ABE6F94|899A34C980AD9C044C53AB1E498FCE8E,0.25048923679060664,511
EC997D43AC86A75D9B88A1051F86A67C|D7D1FB49049702BF6338894757E0D959|NA|NA|NA,0.25014376078205863,5217
13C26D10258053889D75D9B9CA922EC7|FF2C446555E3822B0E0FC3406116E86D|NA|NA|E7ABBB96C62D4B1F07AEDA6DCE6A8F8C,0.25,220
62D6A49514020FA0B2E434DB0B506005|D7D1FB49049702BF6338894757E0D959|NA|NA|EC311796B27420B7F2FBECFA2A0FBD3A,0.25,216
7F286560861764CCB93C90B7AA833949|D7D1FB49049702BF6338894757E0D959|NA|NA|B06CE3C9FBF90365F9E1BE0D9C1EDC17,0.24938875305623473,409
033E492229C2222EFAA16EE8A6462D8B|D7D1FB49049702BF6338894757E0D959|4C90FD52FC53D2C1C205844CB69575AB|A5D15FC386510762EC0DDFF54ABE6F94|FAB1AF3C4A304CAF67E358B4CE0A3407,0.2493150684931507,730
7532B3FBAFEC164460C4ED6FEB0C022C|7E56C27BFF0305E788DA55A029EC4988|NA|NA|7B2035D76291A588EBBC05F09ECE76ED,0.2492753623188406,345
E02400CDAD96905D88E932FE9B7D3552|D7D1FB49049702BF6338894757E0D959|921B36149E5B081FD24450BFE2CE4430|A5D15FC386510762EC0DDFF54ABE6F94|938B0864E6472C5FB7E865E89BB5C50B,0.24920127795527156,313
7F286560861764CCB93C90B7AA833949|FF2C446555E3822B0E0FC3406116E86D|921B36149E5B081FD24450BFE2CE4430|A5D15FC386510762EC0DDFF54ABE6F94|B9BD68BF0460DDBC289CE9EAF235D6B9,0.2491349480968858,289
635623BABBB7DA2E072D8C339F606E15|D7D1FB49049702BF6338894757E0D959|NA|NA|29C27B7EE7DE97EB66BCBD79B83D24A8,0.24912280701754386,285
033E492229C2222EFAA16EE8A6462D8B|7E56C27BFF0305E788DA55A029EC4988|4C90FD52FC53D2C1C205844CB69575AB|1B491180398E2F0390E6A588B3BCE291|668116FA3E451E98C068D4FB40B70E13,0.24894726288349708,9974
033E492229C2222EFAA16EE8A6462D8B|D7D1FB49049702BF6338894757E0D959|4C90FD52FC53D2C1C205844CB69575AB|1B491180398E2F0390E6A588B3BCE291|09285EEB0CCA8BD1353F171AA9BE0057,0.2488479262672811,217
E02400CDAD96905D88E932FE9B7D3552|D7D1FB49049702BF6338894757E0D959|921B36149E5B081FD24450BFE2CE4430|A5D15FC386510762EC0DDFF54ABE6F94|FE891F38CD6BA38B107841C1C90DF9A7,0.24874371859296482,398
E02400CDAD96905D88E932FE9B7D3552|7E56C27BFF0305E788DA55A029EC4988|921B36149E5B081FD24450BFE2CE4430|A5D15FC386510762EC0DDFF54ABE6F94|408F35B9C1A51EE9A41E57121CEDD873,0.2486910994764398,382
7F286560861764CCB93C90B7AA833949|D7D1FB49049702BF6338894757E0D959|NA|NA|24C5E6ED434B2119A2B9B078B0B2A573,0.2484076433121019,314
13C26D10258053889D75D9B9CA922EC7|7E56C27BFF0305E788DA55A029EC4988|NA|NA|0C399119C1ACBAA9F688527086D5F84D,0.24838709677419354,930
7F286560861764CCB93C90B7AA833949|D7D1FB49049702BF6338894757E0D959|NA|NA|705FAF0AB620D2B61DD0E3745F37D103,0.24825174825174826,286
7F286560861764CCB93C90B7AA833949|D7D1FB49049702BF6338894757E0D959|NA|NA|79CD9F9469C08406F6115256DC2DD691,0.24822695035460993,1128
944B2A351FEFAC79AEAA9DA57E1B351F|7E56C27BFF0305E788DA55A029EC4988|NA|NA|116574F0F4EC2D31AD49078E93B4879A,0.24790794979079497,956
033E492229C2222EFAA16EE8A6462D8B|D7D1FB49049702BF6338894757E0D959|4C90FD52FC53D2C1C205844CB69575AB|1B491180398E2F0390E6A588B3BCE291|169466B21C2F7D3EBB2BEBADADAE8992,0.24778761061946902,339
7F286560861764CCB93C90B7AA833949|D7D1FB49049702BF6338894757E0D959|NA|NA|601D58945194C51FB3D3A0B3A12A5C4B,0.24770642201834864,327
E02400CDAD96905D88E932FE9B7D3552|7E56C27BFF0305E788DA55A029EC4988|NA|NA|C2C8D8096BB666B3E144F5D9B1EF2D9A,0.24738675958188153,574
033E492229C2222EFAA16EE8A6462D8B|FF2C446555E3822B0E0FC3406116E86D|4C90FD52FC53D2C1C205844CB69575AB|A5D15FC386510762EC0DDFF54ABE6F94|39A582C8A8DDBEB38514DC3C5631ED65,0.24723247232472326,271
033E492229C2222EFAA16EE8A6462D8B|D7D1FB49049702BF6338894757E0D959|4C90FD52FC53D2C1C205844CB69575AB|C45A9AC6D102ACAEEDF0D6F78636D84A|A51459F2008EB80D460C2463096349D8,0.24717607973421926,1505
635623BABBB7DA2E072D8C339F606E15|D7D1FB49049702BF6338894757E0D959|NA|NA|5EAE90C8B37A532C3290DC8107A77A61,0.2471042471042471,259
7F286560861764CCB93C90B7AA833949|D7D1FB49049702BF6338894757E0D959|NA|NA|7DF21487D3DE8842C97D1333B0524E4A,0.24678111587982832,6990
7F286560861764CCB93C90B7AA833949|D7D1FB49049702BF6338894757E0D959|NA|NA|B882F59F0F425C71411A4A0DAE88D5EB,0.24671772428884026,1828
9D307E5B713DE5E90D787BE9F802AFBB|7E56C27BFF0305E788DA55A029EC4988|NA|NA|51D97541771248551C034768A2A62AB9,0.24671052631578946,304
7F286560861764CCB93C90B7AA833949|D7D1FB49049702BF6338894757E0D959|NA|NA|F5A359C11CD00084544C1FF0FB01B8B6,0.24666666666666667,900
7F286560861764CCB93C90B7AA833949|D7D1FB49049702BF6338894757E0D959|NA|NA|3A6704FCA18BDBC51DFE4EBFDA642D20,0.2463768115942029,345
7F286560861764CCB93C90B7AA833949|D7D1FB49049702BF6338894757E0D959|NA|NA|23CD9CB3EFD5DAE7E6FD38407A952DBD,0.2463768115942029,276
635623BABBB7DA2E072D8C339F606E15|D7D1FB49049702BF6338894757E0D959|NA|NA|3F2BD2B123E8193FA56E605478ABC484,0.24609375,256
033E492229C2222EFAA16EE8A6462D8B|D7D1FB49049702BF6338894757E0D959|4C90FD52FC53D2C1C205844CB69575AB|A5D15FC386510762EC0DDFF54ABE6F94|0657926C9C97EBCD34FE9B6C4E181E96,0.24606299212598426,2032
033E492229C2222EFAA16EE8A6462D8B|D7D1FB49049702BF6338894757E0D959|4C90FD52FC53D2C1C205844CB69575AB|1B491180398E2F0390E6A588B3BCE291|DE66A91FC83536D49ED1941A8F7B940C,0.246007371007371,3256
9D307E5B713DE5E90D787BE9F802AFBB|D7D1FB49049702BF6338894757E0D959|4C90FD52FC53D2C1C205844CB69575AB|1B491180398E2F0390E6A588B3BCE291|93805425440E0B0C93655083D59FFA2E,0.24584323040380046,842
033E492229C2222EFAA16EE8A6462D8B|D7D1FB49049702BF6338894757E0D959|4C90FD52FC53D2C1C205844CB69575AB|1B491180398E2F0390E6A588B3BCE291|14EFF4C4A87E532EF32C32EA7C5F3804,0.24568965517241378,232
033E492229C2222EFAA16EE8A6462D8B|D7D1FB49049702BF6338894757E0D959|4C90FD52FC53D2C1C205844CB69575AB|1B491180398E2F0390E6A588B3BCE291|5EC02E4B18ABEF194288093BDBBCD445,0.24555160142348753,562
033E492229C2222EFAA16EE8A6462D8B|D7D1FB49049702BF6338894757E0D959|4C90FD52FC53D2C1C205844CB69575AB|C45A9AC6D102ACAEEDF0D6F78636D84A|3A3987EE9DCC96608ECB9FE50DBBECC0,0.24489795918367346,245
E02400CDAD96905D88E932FE9B7D3552|D7D1FB49049702BF6338894757E0D959|NA|NA|0C01670CE148D7D27FA90A0C832F7538,0.24472573839662448,237
62D6A49514020FA0B2E434DB0B506005|FF2C446555E3822B0E0FC3406116E86D|NA|NA|EDFC5F48E429BDE26ED5FD3CEFD816C7,0.24425887265135698,479
B4B45C6CE5FC4DE45AB02974D8849DBD|D7D1FB49049702BF6338894757E0D959|NA|NA|B2292159211C240309DA63418C0CAF44,0.24416135881104034,471
033E492229C2222EFAA16EE8A6462D8B|D7D1FB49049702BF6338894757E0D959|4C90FD52FC53D2C1C205844CB69575AB|1B491180398E2F0390E6A588B3BCE291|3078F4AF16893F0AFA137832363E663E,0.2440944881889764,381
E02400CDAD96905D88E932FE9B7D3552|FF2C446555E3822B0E0FC3406116E86D|921B36149E5B081FD24450BFE2CE4430|A5D15FC386510762EC0DDFF54ABE6F94|3BB2AD395EC35EAC138F542215460325,0.24404761904761904,336
033E492229C2222EFAA16EE8A6462D8B|D7D1FB49049702BF6338894757E0D959|4C90FD52FC53D2C1C205844CB69575AB|C45A9AC6D102ACAEEDF0D6F78636D84A|85D5C595FC8A533C55D000C9F6C0F27E,0.24390243902439024,205
033E492229C2222EFAA16EE8A6462D8B|D7D1FB49049702BF6338894757E0D959|4C90FD52FC53D2C1C205844CB69575AB|A5D15FC386510762EC0DDFF54ABE6F94|CFA9B43E3C327F11F0CB144275F9929E,0.24376731301939059,361
62D6A49514020FA0B2E434DB0B506005|D7D1FB49049702BF6338894757E0D959|NA|NA|77BC84B04E574F685D13DD4E33BE6AC9,0.24367816091954023,870
033E492229C2222EFAA16EE8A6462D8B|7E56C27BFF0305E788DA55A029EC4988|E7BD5A29457B8E92582951B586319A9C|A5D15FC386510762EC0DDFF54ABE6F94|7E526652718C970D929FA804DD3CA207,0.24367088607594936,632
88CED8BA3AA711A20ACF8B1FC574F218|D7D1FB49049702BF6338894757E0D959|NA|NA|E96F5BEE9F0B4E2B7091F58CFE499E60,0.24360236220472442,2032
B4B45C6CE5FC4DE45AB02974D8849DBD|7E56C27BFF0305E788DA55A029EC4988|NA|NA|60E2A62D9012675FC18C44F75BCCDE1A,0.24324324324324326,296
9D307E5B713DE5E90D787BE9F802AFBB|D7D1FB49049702BF6338894757E0D959|4C90FD52FC53D2C1C205844CB69575AB|1B491180398E2F0390E6A588B3BCE291|57EE9D5FA21CB22613B2491A93E49D03,0.24311926605504589,218
9D307E5B713DE5E90D787BE9F802AFBB|FF2C446555E3822B0E0FC3406116E86D|NA|NA|NA,0.24299065420560748,428
033E492229C2222EFAA16EE8A6462D8B|D7D1FB49049702BF6338894757E0D959|4C90FD52FC53D2C1C205844CB69575AB|1B491180398E2F0390E6A588B3BCE291|453DD252922E07B46543CCD6AD5E7150,0.24295774647887325,284
7F286560861764CCB93C90B7AA833949|7E56C27BFF0305E788DA55A029EC4988|921B36149E5B081FD24450BFE2CE4430|1B491180398E2F0390E6A588B3BCE291|C13DB58C355CAC045B6B8CFA608FD0DB,0.242914979757085,247
635623BABBB7DA2E072D8C339F606E15|D7D1FB49049702BF6338894757E0D959|NA|NA|AEFFFEA2796B8B2D2C8403C9E005F9BC,0.24288256227758007,1124
7F286560861764CCB93C90B7AA833949|FF2C446555E3822B0E0FC3406116E86D|NA|NA|FB05F67B7E868983840F2DEAA11082B9,0.24282982791587,1046
7F286560861764CCB93C90B7AA833949|D7D1FB49049702BF6338894757E0D959|NA|NA|FCE0967ED05955909B009746EC2553D0,0.24271844660194175,309
033E492229C2222EFAA16EE8A6462D8B|D7D1FB49049702BF6338894757E0D959|4C90FD52FC53D2C1C205844CB69575AB|1B491180398E2F0390E6A588B3BCE291|E586CCCF242FDD79877874C4ABD5A2AE,0.24268502581755594,581
E02400CDAD96905D88E932FE9B7D3552|D7D1FB49049702BF6338894757E0D959|921B36149E5B081FD24450BFE2CE4430|A5D15FC386510762EC0DDFF54ABE6F94|7E526652718C970D929FA804DD3CA207,0.24242424242424243,330
033E492229C2222EFAA16EE8A6462D8B|D7D1FB49049702BF6338894757E0D959|4C90FD52FC53D2C1C205844CB69575AB|1B491180398E2F0390E6A588B3BCE291|70FD5E7045D7C65C0FBBD96977C2F7BE,0.2423780487804878,656
033E492229C2222EFAA16EE8A6462D8B|D7D1FB49049702BF6338894757E0D959|88460293E9517D21E39AA889BD5AADC8|1B491180398E2F0390E6A588B3BCE291|1540A660A0A86E5FD0E2A3D2CAA09E65,0.24233128834355827,326
13C26D10258053889D75D9B9CA922EC7|D7D1FB49049702BF6338894757E0D959|4C90FD52FC53D2C1C205844CB69575AB|1B491180398E2F0390E6A588B3BCE291|7F42E33C31B4DFBFAAAD957EFEBF42E2,0.2423076923076923,260
033E492229C2222EFAA16EE8A6462D8B|7E56C27BFF0305E788DA55A029EC4988|4C90FD52FC53D2C1C205844CB69575AB|1B491180398E2F0390E6A588B3BCE291|4F6BBD0BBD10E36DA375503B114B32EF,0.2422680412371134,388
9D307E5B713DE5E90D787BE9F802AFBB|D7D1FB49049702BF6338894757E0D959|NA|NA|5BA857F3454155CCA244F244C745E78F,0.2420814479638009,442
62D6A49514020FA0B2E434DB0B506005|D7D1FB49049702BF6338894757E0D959|NA|NA|238442E6C526F02DB1BFEB92F106A464,0.2420185375901133,971
033E492229C2222EFAA16EE8A6462D8B|D7D1FB49049702BF6338894757E0D959|4C90FD52FC53D2C1C205844CB69575AB|C45A9AC6D102ACAEEDF0D6F78636D84A|1865D275F8FC538DF8DD08FECCA65979,0.24200278164116829,719
7F286560861764CCB93C90B7AA833949|FF2C446555E3822B0E0FC3406116E86D|4C90FD52FC53D2C1C205844CB69575AB|A5D15FC386510762EC0DDFF54ABE6F94|A51459F2008EB80D460C2463096349D8,0.24193548387096775,310
635623BABBB7DA2E072D8C339F606E15|FF2C446555E3822B0E0FC3406116E86D|NA|NA|7DF21487D3DE8842C97D1333B0524E4A,0.24183006535947713,306
62D6A49514020FA0B2E434DB0B506005|D7D1FB49049702BF6338894757E0D959|NA|NA|2951C95505688DD443432F6D6FF93BC1,0.24153166421207659,679
7532B3FBAFEC164460C4ED6FEB0C022C|7E56C27BFF0305E788DA55A029EC4988|NA|NA|CC41567564F70D2FCA2A2FC422E67A17,0.24150943396226415,265
7F286560861764CCB93C90B7AA833949|D7D1FB49049702BF6338894757E0D959|NA|NA|0D1BC0C43E51EB04536C85D775458B98,0.24146981627296588,381
69995F9BE9CA542AF2D7A3A2344C2B0A|D7D1FB49049702BF6338894757E0D959|88460293E9517D21E39AA889BD5AADC8|NA|NA,0.24124513618677043,257
7532B3FBAFEC164460C4ED6FEB0C022C|D7D1FB49049702BF6338894757E0D959|NA|NA|NA,0.24110976918947932,29808
7F286560861764CCB93C90B7AA833949|D7D1FB49049702BF6338894757E0D959|NA|NA|32798D7FAB213DC3ACB92ADC488316EA,0.24103035878564857,1087
635623BABBB7DA2E072D8C339F606E15|7E56C27BFF0305E788DA55A029EC4988|NA|NA|379647E2CF351489D153E1A5029B3436,0.24102564102564103,585
7F286560861764CCB93C90B7AA833949|D7D1FB49049702BF6338894757E0D959|4C90FD52FC53D2C1C205844CB69575AB|A5D15FC386510762EC0DDFF54ABE6F94|065F6AE8A6727D9E0411ECAB325BEB2F,0.24084548972908604,3359
033E492229C2222EFAA16EE8A6462D8B|7E56C27BFF0305E788DA55A029EC4988|4C90FD52FC53D2C1C205844CB69575AB|1B491180398E2F0390E6A588B3BCE291|74B7718D1F33A859447B2C0D0C5F3F0E,0.24067796610169492,295
7F286560861764CCB93C90B7AA833949|D7D1FB49049702BF6338894757E0D959|NA|NA|2D63B2B23C64A6900A625570E33AA1A5,0.24065420560747663,428
033E492229C2222EFAA16EE8A6462D8B|D7D1FB49049702BF6338894757E0D959|4C90FD52FC53D2C1C205844CB69575AB|1B491180398E2F0390E6A588B3BCE291|D7ED7A3D932F4CB3E77454EC79418E60,0.24015748031496062,254
9D307E5B713DE5E90D787BE9F802AFBB|D7D1FB49049702BF6338894757E0D959|4C90FD52FC53D2C1C205844CB69575AB|1B491180398E2F0390E6A588B3BCE291|16B7CEA7B509DC4816887E481FDE11D1,0.24,250
033E492229C2222EFAA16EE8A6462D8B|D7D1FB49049702BF6338894757E0D959|4C90FD52FC53D2C1C205844CB69575AB|1B491180398E2F0390E6A588B3BCE291|D619A21D273F4610C59327B9B5295EF1,0.24,225
033E492229C2222EFAA16EE8A6462D8B|D7D1FB49049702BF6338894757E0D959|4C90FD52FC53D2C1C205844CB69575AB|1B491180398E2F0390E6A588B3BCE291|0A03D6B8CA64708B684A3A9EA37AC03B,0.24,750
7F286560861764CCB93C90B7AA833949|D7D1FB49049702BF6338894757E0D959|4C90FD52FC53D2C1C205844CB69575AB|A5D15FC386510762EC0DDFF54ABE6F94|21C3F9F07228094AEC57D54D4F194023,0.23943661971830985,213
033E492229C2222EFAA16EE8A6462D8B|D7D1FB49049702BF6338894757E0D959|4C90FD52FC53D2C1C205844CB69575AB|C45A9AC6D102ACAEEDF0D6F78636D84A|D00E36BED8ADDBF7B619AF6A29D3FED0,0.23923444976076555,209
B4B45C6CE5FC4DE45AB02974D8849DBD|D7D1FB49049702BF6338894757E0D959|NA|NA|116ACBB7E1881C29A6EB95E3CA0E53D3,0.2390843577787198,2359
13C26D10258053889D75D9B9CA922EC7|D7D1FB49049702BF6338894757E0D959|NA|NA|6835075C9CF2C8104070EF1790D84EEF,0.23902439024390243,205
033E492229C2222EFAA16EE8A6462D8B|D7D1FB49049702BF6338894757E0D959|4C90FD52FC53D2C1C205844CB69575AB|1B491180398E2F0390E6A588B3BCE291|E5AD48424E722431B83DB68AAAE82895,0.2388888888888889,540
7532B3FBAFEC164460C4ED6FEB0C022C|D7D1FB49049702BF6338894757E0D959|NA|NA|B1307FE5A41D1B598A37FA0A26B71DFE,0.23880597014925373,737
033E492229C2222EFAA16EE8A6462D8B|D7D1FB49049702BF6338894757E0D959|4C90FD52FC53D2C1C205844CB69575AB|C45A9AC6D102ACAEEDF0D6F78636D84A|A64512DA14DA94529779A1E630EF5D52,0.23880597014925373,335
7F286560861764CCB93C90B7AA833949|FF2C446555E3822B0E0FC3406116E86D|NA|A5D15FC386510762EC0DDFF54ABE6F94|22BB1EC6D60238B699549A25C8607706,0.23853211009174313,218
13C26D10258053889D75D9B9CA922EC7|7E56C27BFF0305E788DA55A029EC4988|NA|A5D15FC386510762EC0DDFF54ABE6F94|C93878CDD6542101C7E215CF3D026B69,0.23853211009174313,218
033E492229C2222EFAA16EE8A6462D8B|D7D1FB49049702BF6338894757E0D959|4C90FD52FC53D2C1C205844CB69575AB|1B491180398E2F0390E6A588B3BCE291|B53A7E0987908402AAE7322B17538514,0.2384937238493724,239
033E492229C2222EFAA16EE8A6462D8B|7E56C27BFF0305E788DA55A029EC4988|4C90FD52FC53D2C1C205844CB69575AB|1B491180398E2F0390E6A588B3BCE291|A64512DA14DA94529779A1E630EF5D52,0.2375296912114014,421
635623BABBB7DA2E072D8C339F606E15|7E56C27BFF0305E788DA55A029EC4988|NA|NA|B4181899D9FDDA808CC2AB8B3693F30B,0.23735408560311283,257
033E492229C2222EFAA16EE8A6462D8B|D7D1FB49049702BF6338894757E0D959|4C90FD52FC53D2C1C205844CB69575AB|C45A9AC6D102ACAEEDF0D6F78636D84A|6271E7ACEF710C0C57E758E473279B63,0.23729582577132485,2204
033E492229C2222EFAA16EE8A6462D8B|D7D1FB49049702BF6338894757E0D959|4C90FD52FC53D2C1C205844CB69575AB|1B491180398E2F0390E6A588B3BCE291|468511D3F738B28015DBD51823AF75EB,0.23728813559322035,885
033E492229C2222EFAA16EE8A6462D8B|D7D1FB49049702BF6338894757E0D959|4C90FD52FC53D2C1C205844CB69575AB|1B491180398E2F0390E6A588B3BCE291|91B22DE27E9D5A5608C4EB3BDFA679AC,0.2372047244094488,1016
033E492229C2222EFAA16EE8A6462D8B|D7D1FB49049702BF6338894757E0D959|4C90FD52FC53D2C1C205844CB69575AB|1B491180398E2F0390E6A588B3BCE291|A9F5D1F2CECF9BF2209EAA69DB7D1DF1,0.23717472118959107,1345
13C26D10258053889D75D9B9CA922EC7|7E56C27BFF0305E788DA55A029EC4988|NA|NA|6816C21825B327DBFCA859D84A902552,0.2369146005509642,1089
E02400CDAD96905D88E932FE9B7D3552|D7D1FB49049702BF6338894757E0D959|921B36149E5B081FD24450BFE2CE4430|A5D15FC386510762EC0DDFF54ABE6F94|B9BD68BF0460DDBC289CE9EAF235D6B9,0.23676323676323677,1001
033E492229C2222EFAA16EE8A6462D8B|D7D1FB49049702BF6338894757E0D959|4C90FD52FC53D2C1C205844CB69575AB|1B491180398E2F0390E6A588B3BCE291|3DB628420AD06F867EDC6A18D2A51EE0,0.2366412213740458,262
EC997D43AC86A75D9B88A1051F86A67C|D7D1FB49049702BF6338894757E0D959|0CD76C7030D0900BE250C8D41703D180|A5D15FC386510762EC0DDFF54ABE6F94|C2A3C0EEF5AA756E65FA54DE98AF2033,0.2365038560411311,389
033E492229C2222EFAA16EE8A6462D8B|D7D1FB49049702BF6338894757E0D959|4C90FD52FC53D2C1C205844CB69575AB|A5D15FC386510762EC0DDFF54ABE6F94|42F3860B1FF15084296A981A4A1BB459,0.23641304347826086,1840
E02400CDAD96905D88E932FE9B7D3552|D7D1FB49049702BF6338894757E0D959|921B36149E5B081FD24450BFE2CE4430|A5D15FC386510762EC0DDFF54ABE6F94|CC5275AF6E3F9DB7801F1E2B1C08B1ED,0.23628691983122363,237
635623BABBB7DA2E072D8C339F606E15|D7D1FB49049702BF6338894757E0D959|NA|NA|6760D598FF2B58D139A608A1323D3E5F,0.23537519142419602,13060
7F286560861764CCB93C90B7AA833949|D7D1FB49049702BF6338894757E0D959|NA|NA|CD3D65E3D2A23D6F97EADAC395355E50,0.23529411764705882,255
E02400CDAD96905D88E932FE9B7D3552|FF2C446555E3822B0E0FC3406116E86D|921B36149E5B081FD24450BFE2CE4430|A5D15FC386510762EC0DDFF54ABE6F94|899A34C980AD9C044C53AB1E498FCE8E,0.23529411764705882,289
033E492229C2222EFAA16EE8A6462D8B|D7D1FB49049702BF6338894757E0D959|4C90FD52FC53D2C1C205844CB69575AB|1B491180398E2F0390E6A588B3BCE291|3721AB968EC7F8DD283B1022D8F8C906,0.23484848484848486,528
033E492229C2222EFAA16EE8A6462D8B|D7D1FB49049702BF6338894757E0D959|4C90FD52FC53D2C1C205844CB69575AB|1B491180398E2F0390E6A588B3BCE291|24AF59364D3973C8E3E35B1999FDAF21,0.23481781376518218,247
033E492229C2222EFAA16EE8A6462D8B|7E56C27BFF0305E788DA55A029EC4988|4C90FD52FC53D2C1C205844CB69575AB|A5D15FC386510762EC0DDFF54ABE6F94|308B3CBCD626B6A89777A85C6C0D0E45,0.2347417840375587,213
9D307E5B713DE5E90D787BE9F802AFBB|D7D1FB49049702BF6338894757E0D959|4C90FD52FC53D2C1C205844CB69575AB|C45A9AC6D102ACAEEDF0D6F78636D84A|6A1F1F344D0A4A99940699B11365E7E8,0.2345132743362832,226
033E492229C2222EFAA16EE8A6462D8B|D7D1FB49049702BF6338894757E0D959|4C90FD52FC53D2C1C205844CB69575AB|1B491180398E2F0390E6A588B3BCE291|FAA11670030E98B385F724C13B811F42,0.23447772096420746,1369
7F286560861764CCB93C90B7AA833949|D7D1FB49049702BF6338894757E0D959|NA|NA|BB9C9F1DB90F43855E8B057135975D7D,0.234375,256
9D307E5B713DE5E90D787BE9F802AFBB|7E56C27BFF0305E788DA55A029EC4988|NA|NA|33C92B722556E99F0CFCFB2C9879B1B5,0.23433242506811988,367
944B2A351FEFAC79AEAA9DA57E1B351F|FF2C446555E3822B0E0FC3406116E86D|NA|NA|116ACBB7E1881C29A6EB95E3CA0E53D3,0.23423423423423423,222
13C26D10258053889D75D9B9CA922EC7|7E56C27BFF0305E788DA55A029EC4988|NA|NA|0A93D76495F3D7D964B524DACF2D0D6D,0.23417721518987342,1264
B83EF4115DC165749F3FCB737CC1044D|D7D1FB49049702BF6338894757E0D959|88460293E9517D21E39AA889BD5AADC8|NA|NA,0.2341037690610914,10427
9D307E5B713DE5E90D787BE9F802AFBB|7E56C27BFF0305E788DA55A029EC4988|NA|NA|EC78C1EB71DE898DF58B246B953A191E,0.23387096774193547,248
033E492229C2222EFAA16EE8A6462D8B|D7D1FB49049702BF6338894757E0D959|4C90FD52FC53D2C1C205844CB69575AB|C45A9AC6D102ACAEEDF0D6F78636D84A|DB855C9C3E1E700EA68F693FBD8657B8,0.23372781065088757,338
EC997D43AC86A75D9B88A1051F86A67C|FF2C446555E3822B0E0FC3406116E86D|E7BD5A29457B8E92582951B586319A9C|A5D15FC386510762EC0DDFF54ABE6F94|4B31DA8286F17ED3018BAB1C172F8124,0.2336448598130841,214
7F286560861764CCB93C90B7AA833949|FF2C446555E3822B0E0FC3406116E86D|NA|A5D15FC386510762EC0DDFF54ABE6F94|DCD0918461348AD3E796B876D25C0E0B,0.23333333333333334,210
7F286560861764CCB93C90B7AA833949|7E56C27BFF0305E788DA55A029EC4988|NA|NA|5EBAA5C54B096159C9817E348EE9E17B,0.233201581027668,253
88CED8BA3AA711A20ACF8B1FC574F218|D7D1FB49049702BF6338894757E0D959|NA|NA|68E167AC22E51687E00AB7C62BE513A9,0.23300970873786409,412
033E492229C2222EFAA16EE8A6462D8B|D7D1FB49049702BF6338894757E0D959|4C90FD52FC53D2C1C205844CB69575AB|A5D15FC386510762EC0DDFF54ABE6F94|B44DB6C821809F15EAAE08CB92BE000D,0.2328159645232816,451
62D6A49514020FA0B2E434DB0B506005|D7D1FB49049702BF6338894757E0D959|NA|NA|709F5BEC2F9BED5A5A5BFC4046705EDC,0.23272727272727273,275
62D6A49514020FA0B2E434DB0B506005|D7D1FB49049702BF6338894757E0D959|NA|NA|7450BC9756C8412DA8F8783AA3F14430,0.23267326732673269,1010
033E492229C2222EFAA16EE8A6462D8B|D7D1FB49049702BF6338894757E0D959|4C90FD52FC53D2C1C205844CB69575AB|1B491180398E2F0390E6A588B3BCE291|9DCC181512FAEE1776DB200579462E15,0.2326283987915408,331
E02400CDAD96905D88E932FE9B7D3552|7E56C27BFF0305E788DA55A029EC4988|921B36149E5B081FD24450BFE2CE4430|1B491180398E2F0390E6A588B3BCE291|F5B17C5C54368A90C09E964D751EEC6A,0.2325,400
7F286560861764CCB93C90B7AA833949|D7D1FB49049702BF6338894757E0D959|88460293E9517D21E39AA889BD5AADC8|NA|NA,0.23229461756373937,353
62D6A49514020FA0B2E434DB0B506005|D7D1FB49049702BF6338894757E0D959|NA|NA|7F5F592164DBE394334F14048DFD9D5D,0.23210412147505424,461
13C26D10258053889D75D9B9CA922EC7|7E56C27BFF0305E788DA55A029EC4988|4C90FD52FC53D2C1C205844CB69575AB|C45A9AC6D102ACAEEDF0D6F78636D84A|C77FFB9C06EFF440825D5300A97600BE,0.23197492163009403,319
2551A1FA7839742971CDF4C67667E17A|D7D1FB49049702BF6338894757E0D959|4C90FD52FC53D2C1C205844CB69575AB|A5D15FC386510762EC0DDFF54ABE6F94|C8FB540CFE3E218363D1D554B0FE166C,0.2318840579710145,345
033E492229C2222EFAA16EE8A6462D8B|D7D1FB49049702BF6338894757E0D959|4C90FD52FC53D2C1C205844CB69575AB|1B491180398E2F0390E6A588B3BCE291|A7376287D4C753A7BA2C20601725514D,0.23183391003460208,867
62D6A49514020FA0B2E434DB0B506005|D7D1FB49049702BF6338894757E0D959|NA|NA|6980438F56CD0C4082D5706FE1A2BD11,0.2317596566523605,233
B4B45C6CE5FC4DE45AB02974D8849DBD|7E56C27BFF0305E788DA55A029EC4988|921B36149E5B081FD24450BFE2CE4430|1B491180398E2F0390E6A588B3BCE291|3BB2AD395EC35EAC138F542215460325,0.23127035830618892,307
944B2A351FEFAC79AEAA9DA57E1B351F|D7D1FB49049702BF6338894757E0D959|NA|NA|1B9180B7F04A4584DA5E017CF6BD3F08,0.23121387283236994,519
033E492229C2222EFAA16EE8A6462D8B|D7D1FB49049702BF6338894757E0D959|4C90FD52FC53D2C1C205844CB69575AB|1B491180398E2F0390E6A588B3BCE291|7103114006C36A51D8D3598F93BE57C2,0.23113207547169812,212
B4B45C6CE5FC4DE45AB02974D8849DBD|D7D1FB49049702BF6338894757E0D959|NA|NA|29707608E0E2B1004D3225CC9A387BF8,0.2310185975089575,5861
635623BABBB7DA2E072D8C339F606E15|D7D1FB49049702BF6338894757E0D959|NA|NA|62696F43B890E862A76BD6CDA43F03FE,0.23095238095238096,420
033E492229C2222EFAA16EE8A6462D8B|D7D1FB49049702BF6338894757E0D959|4C90FD52FC53D2C1C205844CB69575AB|1B491180398E2F0390E6A588B3BCE291|888BA40554CD20BBC163C71C3DCC354E,0.23089171974522293,628
DDC2B3CC38945E431DE1B3F59EC56680|D7D1FB49049702BF6338894757E0D959|NA|NA|8D19B59BEA06777A4E3BE0146A561612,0.23076923076923078,702
DDC2B3CC38945E431DE1B3F59EC56680|D7D1FB49049702BF6338894757E0D959|NA|NA|NA,0.23057216054654142,4684
13C26D10258053889D75D9B9CA922EC7|7E56C27BFF0305E788DA55A029EC4988|NA|NA|F0FC5EAA77AE8C283E9A2BD1ED5FF100,0.23043478260869565,920
9D307E5B713DE5E90D787BE9F802AFBB|D7D1FB49049702BF6338894757E0D959|NA|NA|3EBD1F56B438CC172A1BD35C7188DABD,0.23039215686274508,204
033E492229C2222EFAA16EE8A6462D8B|7E56C27BFF0305E788DA55A029EC4988|4C90FD52FC53D2C1C205844CB69575AB|1B491180398E2F0390E6A588B3BCE291|986B48B5AD844BCBD71C0902FA742CF1,0.23037974683544304,395
EC997D43AC86A75D9B88A1051F86A67C|D7D1FB49049702BF6338894757E0D959|0CD76C7030D0900BE250C8D41703D180|A5D15FC386510762EC0DDFF54ABE6F94|109C9EFB9C0B130E922078B1FF68FB08,0.23030707610146864,1498
033E492229C2222EFAA16EE8A6462D8B|7E56C27BFF0305E788DA55A029EC4988|4C90FD52FC53D2C1C205844CB69575AB|1B491180398E2F0390E6A588B3BCE291|531620278EE027AA8EC855CBF151B6A7,0.22972972972972974,444
033E492229C2222EFAA16EE8A6462D8B|D7D1FB49049702BF6338894757E0D959|4C90FD52FC53D2C1C205844CB69575AB|A5D15FC386510762EC0DDFF54ABE6F94|2C3B3337D6AE42AF8CF51958BEB08641,0.22956730769230768,1664
7F286560861764CCB93C90B7AA833949|D7D1FB49049702BF6338894757E0D959|NA|NA|FFC348665D86BB057248A3392B9993F1,0.22950819672131148,488
033E492229C2222EFAA16EE8A6462D8B|7E56C27BFF0305E788DA55A029EC4988|4C90FD52FC53D2C1C205844CB69575AB|1B491180398E2F0390E6A588B3BCE291|3C583E0C515719DE5DB989D267B760EF,0.22938490464679023,3723
033E492229C2222EFAA16EE8A6462D8B|D7D1FB49049702BF6338894757E0D959|4C90FD52FC53D2C1C205844CB69575AB|A5D15FC386510762EC0DDFF54ABE6F94|EF23C47AD7D51B055866E75B15583230,0.22935779816513763,436
2134F56D3769B5022DB7172F1536B749|FF2C446555E3822B0E0FC3406116E86D|NA|NA|9A0EA21647E006E4AAA6908795A06465,0.22929936305732485,314
B4B45C6CE5FC4DE45AB02974D8849DBD|D7D1FB49049702BF6338894757E0D959|NA|NA|5D873435E21E3D758F74272CEDA12114,0.22898032200357782,559
635623BABBB7DA2E072D8C339F606E15|D7D1FB49049702BF6338894757E0D959|NA|NA|1D1CC85CB0C6575CF1084A1604CEA199,0.22897196261682243,214
033E492229C2222EFAA16EE8A6462D8B|D7D1FB49049702BF6338894757E0D959|4C90FD52FC53D2C1C205844CB69575AB|1B491180398E2F0390E6A588B3BCE291|AE7E2169C2127224F1FB56916F302731,0.22885572139303484,201
7F286560861764CCB93C90B7AA833949|D7D1FB49049702BF6338894757E0D959|NA|NA|533EA65E8B09C7239C8626A15543ED7B,0.22857142857142856,245
033E492229C2222EFAA16EE8A6462D8B|D7D1FB49049702BF6338894757E0D959|4C90FD52FC53D2C1C205844CB69575AB|1B491180398E2F0390E6A588B3BCE291|519D60BF59E4493AB1BAC3AD175BEA90,0.22857142857142856,385
033E492229C2222EFAA16EE8A6462D8B|D7D1FB49049702BF6338894757E0D959|4C90FD52FC53D2C1C205844CB69575AB|C45A9AC6D102ACAEEDF0D6F78636D84A|84A5FF79CAE90211A2F6ACD659BBE57D,0.22839506172839505,324
033E492229C2222EFAA16EE8A6462D8B|7E56C27BFF0305E788DA55A029EC4988|4C90FD52FC53D2C1C205844CB69575AB|1B491180398E2F0390E6A588B3BCE291|1DD809553114268B9FB082ABA1BB2F60,0.2280481235410307,5569
7F286560861764CCB93C90B7AA833949|D7D1FB49049702BF6338894757E0D959|NA|NA|9D7462D3232A12164219925FF85BD267,0.22790697674418606,430
E02400CDAD96905D88E932FE9B7D3552|D7D1FB49049702BF6338894757E0D959|NA|NA|CD899DF174A0A3CDC706C26F3891F3E0,0.2277825711820535,1159
033E492229C2222EFAA16EE8A6462D8B|7E56C27BFF0305E788DA55A029EC4988|D72D7E92251E4C54C786FDEFFA4DEF5A|A5D15FC386510762EC0DDFF54ABE6F94|4F9C61102FB643CF91522716DC166787,0.22761194029850745,268
033E492229C2222EFAA16EE8A6462D8B|7E56C27BFF0305E788DA55A029EC4988|E7BD5A29457B8E92582951B586319A9C|C45A9AC6D102ACAEEDF0D6F78636D84A|4F9C61102FB643CF91522716DC166787,0.22745098039215686,255
DDC2B3CC38945E431DE1B3F59EC56680|7E56C27BFF0305E788DA55A029EC4988|NA|NA|3F17CFE077B38C83C2A83833DD2A5FF2,0.22727272727272727,1122
E02400CDAD96905D88E932FE9B7D3552|D7D1FB49049702BF6338894757E0D959|921B36149E5B081FD24450BFE2CE4430|A5D15FC386510762EC0DDFF54ABE6F94|A7A7AC8D9A3685C53304990D776C5470,0.22727272727272727,308
7F286560861764CCB93C90B7AA833949|FF2C446555E3822B0E0FC3406116E86D|4C90FD52FC53D2C1C205844CB69575AB|A5D15FC386510762EC0DDFF54ABE6F94|6C0F874E8CD1A6F748737B6B5CB057F5,0.22701149425287356,696
7F286560861764CCB93C90B7AA833949|FF2C446555E3822B0E0FC3406116E86D|4C90FD52FC53D2C1C205844CB69575AB|A5D15FC386510762EC0DDFF54ABE6F94|DAB06C48B438C833F9E5B24B92C1A487,0.22698072805139186,467
88CED8BA3AA711A20ACF8B1FC574F218|D7D1FB49049702BF6338894757E0D959|NA|NA|0A475F6358F01DE0F9446A08C538099C,0.226890756302521,238
033E492229C2222EFAA16EE8A6462D8B|D7D1FB49049702BF6338894757E0D959|4C90FD52FC53D2C1C205844CB69575AB|1B491180398E2F0390E6A588B3BCE291|0291087BF3081EEC4B9F7DB460D38E8E,0.22671353251318102,1138
033E492229C2222EFAA16EE8A6462D8B|7E56C27BFF0305E788DA55A029EC4988|4C90FD52FC53D2C1C205844CB69575AB|1B491180398E2F0390E6A588B3BCE291|681CACDA8F02209EA8B954EBFAF214F1,0.22666666666666666,225
033E492229C2222EFAA16EE8A6462D8B|D7D1FB49049702BF6338894757E0D959|4C90FD52FC53D2C1C205844CB69575AB|1B491180398E2F0390E6A588B3BCE291|C5C27729FAD9394CDDA9019C9951721F,0.22629969418960244,327
033E492229C2222EFAA16EE8A6462D8B|D7D1FB49049702BF6338894757E0D959|4C90FD52FC53D2C1C205844CB69575AB|1B491180398E2F0390E6A588B3BCE291|05F88AFBDD21B32DEF06CAFC314AAF49,0.22623545413329305,6617
033E492229C2222EFAA16EE8A6462D8B|D7D1FB49049702BF6338894757E0D959|4C90FD52FC53D2C1C205844CB69575AB|1B491180398E2F0390E6A588B3BCE291|5E24697869960732A10B91798AC92261,0.22606382978723405,376
7F286560861764CCB93C90B7AA833949|7E56C27BFF0305E788DA55A029EC4988|NA|NA|9DA65457581FCC980093B1EDFE4EA77B,0.2260536398467433,261
7F286560861764CCB93C90B7AA833949|7E56C27BFF0305E788DA55A029EC4988|NA|NA|D0E71444A0C5CBDA449CA2F6E92C0CFF,0.22592592592592592,270
033E492229C2222EFAA16EE8A6462D8B|FF2C446555E3822B0E0FC3406116E86D|4C90FD52FC53D2C1C205844CB69575AB|A5D15FC386510762EC0DDFF54ABE6F94|6C0F874E8CD1A6F748737B6B5CB057F5,0.22580645161290322,496
033E492229C2222EFAA16EE8A6462D8B|D7D1FB49049702BF6338894757E0D959|4C90FD52FC53D2C1C205844CB69575AB|1B491180398E2F0390E6A588B3BCE291|8EA6278E7D58A09D36604BCB7C85816B,0.22572178477690288,381
033E492229C2222EFAA16EE8A6462D8B|FF2C446555E3822B0E0FC3406116E86D|4C90FD52FC53D2C1C205844CB69575AB|1B491180398E2F0390E6A588B3BCE291|9CD0728F8862BB15ABAE2C25AF596BAD,0.22549019607843138,408
EC997D43AC86A75D9B88A1051F86A67C|D7D1FB49049702BF6338894757E0D959|0CD76C7030D0900BE250C8D41703D180|A5D15FC386510762EC0DDFF54ABE6F94|ABFA4278571559AA3BD821A31DBEF2C9,0.22549019607843138,408
033E492229C2222EFAA16EE8A6462D8B|7E56C27BFF0305E788DA55A029EC4988|4C90FD52FC53D2C1C205844CB69575AB|1B491180398E2F0390E6A588B3BCE291|9755404A1F997096539FCA3C893BF266,0.22535211267605634,213
13C26D10258053889D75D9B9CA922EC7|7E56C27BFF0305E788DA55A029EC4988|4C90FD52FC53D2C1C205844CB69575AB|C45A9AC6D102ACAEEDF0D6F78636D84A|48D9201753DC9A5BED4A1A20C5C4480C,0.22535211267605634,213
B4B45C6CE5FC4DE45AB02974D8849DBD|D7D1FB49049702BF6338894757E0D959|921B36149E5B081FD24450BFE2CE4430|A5D15FC386510762EC0DDFF54ABE6F94|7BA18B7FCC191ACEE7F98578EA9258D1,0.22522522522522523,222
62D6A49514020FA0B2E434DB0B506005|D7D1FB49049702BF6338894757E0D959|NA|NA|9A0EA21647E006E4AAA6908795A06465,0.225207427894113,2531
033E492229C2222EFAA16EE8A6462D8B|7E56C27BFF0305E788DA55A029EC4988|4C90FD52FC53D2C1C205844CB69575AB|1B491180398E2F0390E6A588B3BCE291|04AFC1A4B64B61F886D699979A48BA71,0.22511848341232227,422
7F286560861764CCB93C90B7AA833949|7E56C27BFF0305E788DA55A029EC4988|NA|NA|6310EF1525C1CCE734DCF3F6421ADF99,0.2250996015936255,502
033E492229C2222EFAA16EE8A6462D8B|D7D1FB49049702BF6338894757E0D959|4C90FD52FC53D2C1C205844CB69575AB|C45A9AC6D102ACAEEDF0D6F78636D84A|39A582C8A8DDBEB38514DC3C5631ED65,0.22492401215805471,1645
033E492229C2222EFAA16EE8A6462D8B|D7D1FB49049702BF6338894757E0D959|4C90FD52FC53D2C1C205844CB69575AB|1B491180398E2F0390E6A588B3BCE291|E9B9FD59450010DDDB885F5AFBFF3D52,0.2248995983935743,249
033E492229C2222EFAA16EE8A6462D8B|7E56C27BFF0305E788DA55A029EC4988|4C90FD52FC53D2C1C205844CB69575AB|1B491180398E2F0390E6A588B3BCE291|7AAA0EAEA1324789C1FA32A0762B451A,0.22488038277511962,209
B4B45C6CE5FC4DE45AB02974D8849DBD|FF2C446555E3822B0E0FC3406116E86D|NA|NA|7BA18B7FCC191ACEE7F98578EA9258D1,0.22486772486772486,378
635623BABBB7DA2E072D8C339F606E15|D7D1FB49049702BF6338894757E0D959|NA|NA|0AE9335D11D7E84372B8B7B575A77430,0.2246547659144493,2969
033E492229C2222EFAA16EE8A6462D8B|D7D1FB49049702BF6338894757E0D959|4C90FD52FC53D2C1C205844CB69575AB|1B491180398E2F0390E6A588B3BCE291|A7DA33E6B71EECB57A480F17C3F2BFDF,0.22459893048128343,374
033E492229C2222EFAA16EE8A6462D8B|7E56C27BFF0305E788DA55A029EC4988|4C90FD52FC53D2C1C205844CB69575AB|1B491180398E2F0390E6A588B3BCE291|0ED8A528CC2180E38BE209ACCDDF7E3A,0.22458628841607564,423
EC997D43AC86A75D9B88A1051F86A67C|7E56C27BFF0305E788DA55A029EC4988|NA|NA|49B9B4CB537DC327EB3ED6070467337A,0.22448979591836735,294
033E492229C2222EFAA16EE8A6462D8B|D7D1FB49049702BF6338894757E0D959|4C90FD52FC53D2C1C205844CB69575AB|1B491180398E2F0390E6A588B3BCE291|3A3987EE9DCC96608ECB9FE50DBBECC0,0.22440944881889763,508
033E492229C2222EFAA16EE8A6462D8B|FF2C446555E3822B0E0FC3406116E86D|4C90FD52FC53D2C1C205844CB69575AB|C45A9AC6D102ACAEEDF0D6F78636D84A|C153E8F0FBDDA2D14CC066665B07AE35,0.22440944881889763,254
033E492229C2222EFAA16EE8A6462D8B|D7D1FB49049702BF6338894757E0D959|4C90FD52FC53D2C1C205844CB69575AB|1B491180398E2F0390E6A588B3BCE291|936049DD1D15860AB39B54BE8A82D73D,0.22439024390243903,410
62D6A49514020FA0B2E434DB0B506005|D7D1FB49049702BF6338894757E0D959|NA|NA|116ACBB7E1881C29A6EB95E3CA0E53D3,0.2241204575068771,6907
9D307E5B713DE5E90D787BE9F802AFBB|D7D1FB49049702BF6338894757E0D959|4C90FD52FC53D2C1C205844CB69575AB|C45A9AC6D102ACAEEDF0D6F78636D84A|7882D14961B66AD5E0F79DCA354D359D,0.22406639004149378,241
5D656311CF9F47E34248BE9FBFF194A0|7E56C27BFF0305E788DA55A029EC4988|NA|NA|3B44E737767F889F4D9BB95E2C1ABC99,0.22395833333333334,768
033E492229C2222EFAA16EE8A6462D8B|D7D1FB49049702BF6338894757E0D959|4C90FD52FC53D2C1C205844CB69575AB|1B491180398E2F0390E6A588B3BCE291|91BBC9789EEC28F8EC3B8DB8D4F84D76,0.223943661971831,710
033E492229C2222EFAA16EE8A6462D8B|7E56C27BFF0305E788DA55A029EC4988|4C90FD52FC53D2C1C205844CB69575AB|1B491180398E2F0390E6A588B3BCE291|CBB60068EB555E1967344B7EEB2BEB5C,0.22379032258064516,496
13C26D10258053889D75D9B9CA922EC7|D7D1FB49049702BF6338894757E0D959|NA|NA|02CE62C74E02704DC3E033ED11FE6EFB,0.22377622377622378,286
033E492229C2222EFAA16EE8A6462D8B|7E56C27BFF0305E788DA55A029EC4988|921B36149E5B081FD24450BFE2CE4430|C45A9AC6D102ACAEEDF0D6F78636D84A|91A7F523DFA39B022F354506BCAAFE3E,0.22375690607734808,362
62D6A49514020FA0B2E434DB0B506005|D7D1FB49049702BF6338894757E0D959|NA|NA|7BA18B7FCC191ACEE7F98578EA9258D1,0.22372881355932203,590
E02400CDAD96905D88E932FE9B7D3552|7E56C27BFF0305E788DA55A029EC4988|921B36149E5B081FD24450BFE2CE4430|1B491180398E2F0390E6A588B3BCE291|1CF3030E70DFAB83AB3BBCF0188E86A8,0.22356495468277945,331
944B2A351FEFAC79AEAA9DA57E1B351F|D7D1FB49049702BF6338894757E0D959|NA|NA|903612DF849FF9607820EF1FA93CD984,0.22323049001814882,1102
EC997D43AC86A75D9B88A1051F86A67C|7E56C27BFF0305E788DA55A029EC4988|921B36149E5B081FD24450BFE2CE4430|A5D15FC386510762EC0DDFF54ABE6F94|468F3A4A9F378619EB8B0CA2ADB2B8EF,0.22298850574712645,870
033E492229C2222EFAA16EE8A6462D8B|7E56C27BFF0305E788DA55A029EC4988|4C90FD52FC53D2C1C205844CB69575AB|1B491180398E2F0390E6A588B3BCE291|C74D783FE0708FE75E7F5B02A040CA1E,0.22285714285714286,350
88CED8BA3AA711A20ACF8B1FC574F218|D7D1FB49049702BF6338894757E0D959|NA|NA|F6E94DDA6EDE34DE6094F84FD72BEF17,0.22272957889396244,1971
E02400CDAD96905D88E932FE9B7D3552|7E56C27BFF0305E788DA55A029EC4988|921B36149E5B081FD24450BFE2CE4430|A5D15FC386510762EC0DDFF54ABE6F94|F5B17C5C54368A90C09E964D751EEC6A,0.22272215973003376,889
033E492229C2222EFAA16EE8A6462D8B|D7D1FB49049702BF6338894757E0D959|4C90FD52FC53D2C1C205844CB69575AB|1B491180398E2F0390E6A588B3BCE291|14D50FDC631A9EB0AA17C66D100B6DD4,0.2227204783258595,669
033E492229C2222EFAA16EE8A6462D8B|FF2C446555E3822B0E0FC3406116E86D|4C90FD52FC53D2C1C205844CB69575AB|1B491180398E2F0390E6A588B3BCE291|70FD5E7045D7C65C0FBBD96977C2F7BE,0.22267206477732793,247
7F286560861764CCB93C90B7AA833949|D7D1FB49049702BF6338894757E0D959|NA|NA|D7351C81ADEC61DB42809C4FE9E6043B,0.22262118491921004,557
62D6A49514020FA0B2E434DB0B506005|D7D1FB49049702BF6338894757E0D959|NA|NA|9BE36E0BD1977E9957D494B84C7E819F,0.2225382154283683,2813
033E492229C2222EFAA16EE8A6462D8B|D7D1FB49049702BF6338894757E0D959|4C90FD52FC53D2C1C205844CB69575AB|1B491180398E2F0390E6A588B3BCE291|B425ACFF7DEEF090F9C242BB261E8934,0.22245322245322247,481
7F286560861764CCB93C90B7AA833949|D7D1FB49049702BF6338894757E0D959|NA|NA|29707608E0E2B1004D3225CC9A387BF8,0.2222222222222222,234
033E492229C2222EFAA16EE8A6462D8B|7E56C27BFF0305E788DA55A029EC4988|4C90FD52FC53D2C1C205844CB69575AB|1B491180398E2F0390E6A588B3BCE291|941884F8834E5C221582193C12D55D46,0.2221297836938436,1202
7F286560861764CCB93C90B7AA833949|7E56C27BFF0305E788DA55A029EC4988|4C90FD52FC53D2C1C205844CB69575AB|A5D15FC386510762EC0DDFF54ABE6F94|F011C74F5F5D63855883DF78109D4F6B,0.22188449848024316,329
7F286560861764CCB93C90B7AA833949|7E56C27BFF0305E788DA55A029EC4988|NA|NA|56FF7FDD1248B8BDC9F0A56B76DBCC44,0.2216624685138539,397
033E492229C2222EFAA16EE8A6462D8B|D7D1FB49049702BF6338894757E0D959|4C90FD52FC53D2C1C205844CB69575AB|C45A9AC6D102ACAEEDF0D6F78636D84A|CEE637BF59DA498230F496FC60F9D2AD,0.2215909090909091,352
EC997D43AC86A75D9B88A1051F86A67C|FF2C446555E3822B0E0FC3406116E86D|0CD76C7030D0900BE250C8D41703D180|A5D15FC386510762EC0DDFF54ABE6F94|109C9EFB9C0B130E922078B1FF68FB08,0.2214765100671141,298
B4B45C6CE5FC4DE45AB02974D8849DBD|7E56C27BFF0305E788DA55A029EC4988|NA|NA|7BA18B7FCC191ACEE7F98578EA9258D1,0.22136817832436587,2602
033E492229C2222EFAA16EE8A6462D8B|FF2C446555E3822B0E0FC3406116E86D|4C90FD52FC53D2C1C205844CB69575AB|A5D15FC386510762EC0DDFF54ABE6F94|A51459F2008EB80D460C2463096349D8,0.22129436325678498,479
033E492229C2222EFAA16EE8A6462D8B|D7D1FB49049702BF6338894757E0D959|4C90FD52FC53D2C1C205844CB69575AB|1B491180398E2F0390E6A588B3BCE291|AE60277C1C595D3D8DE4EE07E54ED752,0.22121212121212122,330
033E492229C2222EFAA16EE8A6462D8B|D7D1FB49049702BF6338894757E0D959|4C90FD52FC53D2C1C205844CB69575AB|C45A9AC6D102ACAEEDF0D6F78636D84A|96E619640B34DA9AB3CE096BB5A644C0,0.22111553784860558,1004
62D6A49514020FA0B2E434DB0B506005|FF2C446555E3822B0E0FC3406116E86D|NA|NA|DEE01C70ED04F15A2878E0C185CF14C1,0.22084367245657568,403
033E492229C2222EFAA16EE8A6462D8B|7E56C27BFF0305E788DA55A029EC4988|4C90FD52FC53D2C1C205844CB69575AB|1B491180398E2F0390E6A588B3BCE291|86272D41466F8EA3E7DB7AEB9B215A79,0.22058823529411764,204
E02400CDAD96905D88E932FE9B7D3552|7E56C27BFF0305E788DA55A029EC4988|NA|NA|40D2A8E2FC7236B060AB8C28277B78AE,0.22058823529411764,204
033E492229C2222EFAA16EE8A6462D8B|D7D1FB49049702BF6338894757E0D959|4C90FD52FC53D2C1C205844CB69575AB|C45A9AC6D102ACAEEDF0D6F78636D84A|EF23C47AD7D51B055866E75B15583230,0.22040816326530613,245
033E492229C2222EFAA16EE8A6462D8B|FF2C446555E3822B0E0FC3406116E86D|4C90FD52FC53D2C1C205844CB69575AB|1B491180398E2F0390E6A588B3BCE291|3A3987EE9DCC96608ECB9FE50DBBECC0,0.22033898305084745,236
7F286560861764CCB93C90B7AA833949|D7D1FB49049702BF6338894757E0D959|NA|NA|4876C1F36B306D22200F07B2165A4DAB,0.22032996274614156,1879
033E492229C2222EFAA16EE8A6462D8B|D7D1FB49049702BF6338894757E0D959|4C90FD52FC53D2C1C205844CB69575AB|1B491180398E2F0390E6A588B3BCE291|2BE124001A5CA32CC7D7F8EA7B0B68F8,0.22020725388601037,386
033E492229C2222EFAA16EE8A6462D8B|D7D1FB49049702BF6338894757E0D959|4C90FD52FC53D2C1C205844CB69575AB|1B491180398E2F0390E6A588B3BCE291|6735BF6FCE83157F0FBDEA92F044DB13,0.22014051522248243,427
033E492229C2222EFAA16EE8A6462D8B|7E56C27BFF0305E788DA55A029EC4988|88460293E9517D21E39AA889BD5AADC8|86E2AFBF909EC95B069893FF0BBC5B26|A7DA33E6B71EECB57A480F17C3F2BFDF,0.22012578616352202,318
7532B3FBAFEC164460C4ED6FEB0C022C|D7D1FB49049702BF6338894757E0D959|921B36149E5B081FD24450BFE2CE4430|A5D15FC386510762EC0DDFF54ABE6F94|64F6272B488F200B11AB6126575B8DFD,0.22007722007722008,1295
13C26D10258053889D75D9B9CA922EC7|7E56C27BFF0305E788DA55A029EC4988|NA|A5D15FC386510762EC0DDFF54ABE6F94|F89F5A9EF618B2F34E2F3F5F20C80B42,0.22,200
033E492229C2222EFAA16EE8A6462D8B|7E56C27BFF0305E788DA55A029EC4988|4C90FD52FC53D2C1C205844CB69575AB|1B491180398E2F0390E6A588B3BCE291|393A28430FC9D7F24D2BAF1A39C18354,0.2197452229299363,314
7F286560861764CCB93C90B7AA833949|FF2C446555E3822B0E0FC3406116E86D|4C90FD52FC53D2C1C205844CB69575AB|A5D15FC386510762EC0DDFF54ABE6F94|E15F861F6390FAC60799ACA9F596BC58,0.21967213114754097,1830
033E492229C2222EFAA16EE8A6462D8B|7E56C27BFF0305E788DA55A029EC4988|88460293E9517D21E39AA889BD5AADC8|26FE89E9DD2E6FC18AA5BE1F6D5A6870|A7DA33E6B71EECB57A480F17C3F2BFDF,0.2196078431372549,255
7F286560861764CCB93C90B7AA833949|FF2C446555E3822B0E0FC3406116E86D|NA|NA|3F17CFE077B38C83C2A83833DD2A5FF2,0.2196078431372549,255
033E492229C2222EFAA16EE8A6462D8B|D7D1FB49049702BF6338894757E0D959|4C90FD52FC53D2C1C205844CB69575AB|1B491180398E2F0390E6A588B3BCE291|9D2BB6B2504EF2EBBCEDFBB7B4D9A742,0.21942110177404295,1071
033E492229C2222EFAA16EE8A6462D8B|D7D1FB49049702BF6338894757E0D959|4C90FD52FC53D2C1C205844CB69575AB|1B491180398E2F0390E6A588B3BCE291|CF6033FD84371F3A8C9F6D9B9334E7A4,0.21941747572815534,515
7F286560861764CCB93C90B7AA833949|D7D1FB49049702BF6338894757E0D959|921B36149E5B081FD24450BFE2CE4430|A5D15FC386510762EC0DDFF54ABE6F94|3BB2AD395EC35EAC138F542215460325,0.2191780821917808,657
13C26D10258053889D75D9B9CA922EC7|D7D1FB49049702BF6338894757E0D959|4C90FD52FC53D2C1C205844CB69575AB|C45A9AC6D102ACAEEDF0D6F78636D84A|B0902D7074FDEC4DBDE5707E335AB454,0.2191780821917808,219
13C26D10258053889D75D9B9CA922EC7|D7D1FB49049702BF6338894757E0D959|4C90FD52FC53D2C1C205844CB69575AB|A5D15FC386510762EC0DDFF54ABE6F94|B99AF8833783F53B05D284407B3985DA,0.21885521885521886,594
6A21F69EBA80612A04B0F6BAC857AAF2|FF2C446555E3822B0E0FC3406116E86D|NA|NA|NA,0.2188365650969529,361
033E492229C2222EFAA16EE8A6462D8B|FF2C446555E3822B0E0FC3406116E86D|4C90FD52FC53D2C1C205844CB69575AB|1B491180398E2F0390E6A588B3BCE291|0291087BF3081EEC4B9F7DB460D38E8E,0.21875,480
62D6A49514020FA0B2E434DB0B506005|D7D1FB49049702BF6338894757E0D959|NA|NA|D3A7262CA26FA458C6DB75B0B0D8A400,0.21875,288
B4B45C6CE5FC4DE45AB02974D8849DBD|7E56C27BFF0305E788DA55A029EC4988|NA|NA|AF968932F63B5833B3036C5DC0A1E565,0.21875,544
B4B45C6CE5FC4DE45AB02974D8849DBD|7E56C27BFF0305E788DA55A029EC4988|NA|NA|8D50F9BC5BD24CB4ECB5D5210A04D05D,0.21866666666666668,375
B4B45C6CE5FC4DE45AB02974D8849DBD|7E56C27BFF0305E788DA55A029EC4988|921B36149E5B081FD24450BFE2CE4430|A5D15FC386510762EC0DDFF54ABE6F94|A9D9F15E6D5A5CEE402D85BBEBE3592B,0.2184873949579832,238
7F286560861764CCB93C90B7AA833949|D7D1FB49049702BF6338894757E0D959|4C90FD52FC53D2C1C205844CB69575AB|A5D15FC386510762EC0DDFF54ABE6F94|A706BF8E0DC6304210E6F8FD362BD459,0.2182890855457227,339
7F286560861764CCB93C90B7AA833949|D7D1FB49049702BF6338894757E0D959|NA|NA|06ED4E319EEDD83AA4B4A38574ACD204,0.2182628062360802,449
B4B45C6CE5FC4DE45AB02974D8849DBD|7E56C27BFF0305E788DA55A029EC4988|NA|NA|9D002EAF1CFA13A74CF31A66A189E7B4,0.21823204419889503,362
13C26D10258053889D75D9B9CA922EC7|7E56C27BFF0305E788DA55A029EC4988|NA|NA|17745B980FF46FBB1B59A66D2F0BC478,0.21804511278195488,399
E02400CDAD96905D88E932FE9B7D3552|D7D1FB49049702BF6338894757E0D959|921B36149E5B081FD24450BFE2CE4430|A5D15FC386510762EC0DDFF54ABE6F94|1995A0A91237CB436AFDB5676C4F4708,0.21797752808988763,445
033E492229C2222EFAA16EE8A6462D8B|7E56C27BFF0305E788DA55A029EC4988|4C90FD52FC53D2C1C205844CB69575AB|1B491180398E2F0390E6A588B3BCE291|2813326DBFE99D2994EB971A82F9697E,0.21779141104294478,652
635623BABBB7DA2E072D8C339F606E15|D7D1FB49049702BF6338894757E0D959|NA|NA|54ABE082C3AFF8DBC18C18C6E231D981,0.21763085399449036,363
033E492229C2222EFAA16EE8A6462D8B|7E56C27BFF0305E788DA55A029EC4988|4C90FD52FC53D2C1C205844CB69575AB|1B491180398E2F0390E6A588B3BCE291|883697E7E3500AE8C7DB15239AF39561,0.2175732217573222,239
7532B3FBAFEC164460C4ED6FEB0C022C|7E56C27BFF0305E788DA55A029EC4988|921B36149E5B081FD24450BFE2CE4430|C45A9AC6D102ACAEEDF0D6F78636D84A|AD4285ECDD100BBF3FE757C36FD5D9F6,0.21755725190839695,262
7F286560861764CCB93C90B7AA833949|D7D1FB49049702BF6338894757E0D959|NA|NA|2457828720ECA1EBC1564ED10123B67B,0.21739130434782608,667
033E492229C2222EFAA16EE8A6462D8B|D7D1FB49049702BF6338894757E0D959|4C90FD52FC53D2C1C205844CB69575AB|1B491180398E2F0390E6A588B3BCE291|4F6BBD0BBD10E36DA375503B114B32EF,0.21739130434782608,207
13C26D10258053889D75D9B9CA922EC7|D7D1FB49049702BF6338894757E0D959|4C90FD52FC53D2C1C205844CB69575AB|A5D15FC386510762EC0DDFF54ABE6F94|DB18C98926DC3490908C3ED6C7EA84C6,0.21739130434782608,253
033E492229C2222EFAA16EE8A6462D8B|7E56C27BFF0305E788DA55A029EC4988|4C90FD52FC53D2C1C205844CB69575AB|1B491180398E2F0390E6A588B3BCE291|634F9339DC24878E9D41866CFABBA54F,0.2173076923076923,520
7F286560861764CCB93C90B7AA833949|FF2C446555E3822B0E0FC3406116E86D|NA|A5D15FC386510762EC0DDFF54ABE6F94|13CA26D9A64E15A7D79EFB6CD3062726,0.21721311475409835,244
62D6A49514020FA0B2E434DB0B506005|D7D1FB49049702BF6338894757E0D959|NA|NA|0109000AA4E9AC17FB0BC65B42BA8749,0.21705426356589147,258
033E492229C2222EFAA16EE8A6462D8B|7E56C27BFF0305E788DA55A029EC4988|E7BD5A29457B8E92582951B586319A9C|A5D15FC386510762EC0DDFF54ABE6F94|4F9C61102FB643CF91522716DC166787,0.21696801112656466,719
033E492229C2222EFAA16EE8A6462D8B|D7D1FB49049702BF6338894757E0D959|4C90FD52FC53D2C1C205844CB69575AB|1B491180398E2F0390E6A588B3BCE291|D10AC7BF47C5EBF694DD9BE227269D70,0.21694915254237288,295
E02400CDAD96905D88E932FE9B7D3552|7E56C27BFF0305E788DA55A029EC4988|921B36149E5B081FD24450BFE2CE4430|A5D15FC386510762EC0DDFF54ABE6F94|C3FEA772E070C9C6DC7C2C1611EA6B79,0.21689497716894976,876
033E492229C2222EFAA16EE8A6462D8B|D7D1FB49049702BF6338894757E0D959|4C90FD52FC53D2C1C205844CB69575AB|1B491180398E2F0390E6A588B3BCE291|12A280943B2EAFDDF0D4D08733DA4A4F,0.21666666666666667,240
13C26D10258053889D75D9B9CA922EC7|D7D1FB49049702BF6338894757E0D959|4C90FD52FC53D2C1C205844CB69575AB|1B491180398E2F0390E6A588B3BCE291|BAED1CDE4EA9644F885CB85B8000FFDE,0.21660649819494585,277
13C26D10258053889D75D9B9CA922EC7|D7D1FB49049702BF6338894757E0D959|NA|NA|0076D2B96A55E10DE45DDEF8DF345647,0.21652892561983472,605
DDC2B3CC38945E431DE1B3F59EC56680|7E56C27BFF0305E788DA55A029EC4988|NA|NA|79BF2AE6E55DA6321A29F770AE61E9AD,0.21639344262295082,305
13C26D10258053889D75D9B9CA922EC7|D7D1FB49049702BF6338894757E0D959|NA|NA|E9D33E9F6FD3A2CD6AD102E398F0CA95,0.21635883905013192,379
635623BABBB7DA2E072D8C339F606E15|D7D1FB49049702BF6338894757E0D959|NA|NA|EC5B86BD6FA95CD6F27BFBB18BA86CF2,0.216,250
033E492229C2222EFAA16EE8A6462D8B|D7D1FB49049702BF6338894757E0D959|4C90FD52FC53D2C1C205844CB69575AB|1B491180398E2F0390E6A588B3BCE291|5145B4E9AA8085B04E7BE4F3294B7F56,0.2159090909090909,264
7F286560861764CCB93C90B7AA833949|D7D1FB49049702BF6338894757E0D959|NA|A5D15FC386510762EC0DDFF54ABE6F94|FB05F67B7E868983840F2DEAA11082B9,0.2158920539730135,667
13C26D10258053889D75D9B9CA922EC7|D7D1FB49049702BF6338894757E0D959|NA|NA|D105C0990ABB82DFD772EF725007F445,0.215633423180593,742
B83EF4115DC165749F3FCB737CC1044D|FF2C446555E3822B0E0FC3406116E86D|88460293E9517D21E39AA889BD5AADC8|NA|NA,0.2152777777777778,1440
7F286560861764CCB93C90B7AA833949|7E56C27BFF0305E788DA55A029EC4988|921B36149E5B081FD24450BFE2CE4430|A5D15FC386510762EC0DDFF54ABE6F94|7E526652718C970D929FA804DD3CA207,0.21515151515151515,330
033E492229C2222EFAA16EE8A6462D8B|FF2C446555E3822B0E0FC3406116E86D|4C90FD52FC53D2C1C205844CB69575AB|A5D15FC386510762EC0DDFF54ABE6F94|B44DB6C821809F15EAAE08CB92BE000D,0.215,200
13C26D10258053889D75D9B9CA922EC7|D7D1FB49049702BF6338894757E0D959|4C90FD52FC53D2C1C205844CB69575AB|A5D15FC386510762EC0DDFF54ABE6F94|21C3F9F07228094AEC57D54D4F194023,0.2148936170212766,470
2134F56D3769B5022DB7172F1536B749|7E56C27BFF0305E788DA55A029EC4988|NA|NA|701EB091DB94947AE2F85ACDC80C7105,0.21465076660988075,587
033E492229C2222EFAA16EE8A6462D8B|D7D1FB49049702BF6338894757E0D959|4C90FD52FC53D2C1C205844CB69575AB|1B491180398E2F0390E6A588B3BCE291|C77188C74BA34533EBA89174A5ABC49C,0.2146118721461187,219
033E492229C2222EFAA16EE8A6462D8B|7E56C27BFF0305E788DA55A029EC4988|4C90FD52FC53D2C1C205844CB69575AB|1B491180398E2F0390E6A588B3BCE291|AD8A2F0CBF07D11A33260E6BCBE93DDA,0.2145748987854251,247
7F286560861764CCB93C90B7AA833949|D7D1FB49049702BF6338894757E0D959|NA|NA|E18E4C1D081973D9085F970050ED4164,0.2144702842377261,1548
033E492229C2222EFAA16EE8A6462D8B|D7D1FB49049702BF6338894757E0D959|4C90FD52FC53D2C1C205844CB69575AB|1B491180398E2F0390E6A588B3BCE291|02299996C88DACC664299F695DC1F131,0.2144177449168207,541
7F286560861764CCB93C90B7AA833949|7E56C27BFF0305E788DA55A029EC4988|NA|NA|DCE720ACFA3ECC7B074022CAB7FD0A7E,0.21428571428571427,210
033E492229C2222EFAA16EE8A6462D8B|7E56C27BFF0305E788DA55A029EC4988|4C90FD52FC53D2C1C205844CB69575AB|1B491180398E2F0390E6A588B3BCE291|ECC7D2BC7EDD12B646E17163C63CCBE5,0.21428571428571427,266
033E492229C2222EFAA16EE8A6462D8B|7E56C27BFF0305E788DA55A029EC4988|4C90FD52FC53D2C1C205844CB69575AB|A5D15FC386510762EC0DDFF54ABE6F94|8490E179CDD9C13AEC335E44B339DFCC,0.21428571428571427,238
13C26D10258053889D75D9B9CA922EC7|D7D1FB49049702BF6338894757E0D959|NA|NA|2A7A35B0F85EE2E42531E274BEC3FCB9,0.21417133706965572,2498
033E492229C2222EFAA16EE8A6462D8B|D7D1FB49049702BF6338894757E0D959|4C90FD52FC53D2C1C205844CB69575AB|1B491180398E2F0390E6A588B3BCE291|D544DD4C9E7F122F9299A06DCC827F2B,0.21411509229098805,4605
62D6A49514020FA0B2E434DB0B506005|D7D1FB49049702BF6338894757E0D959|NA|NA|73F7BDE32893C8A538ECBAA53E9626B0,0.21410788381742737,7230
033E492229C2222EFAA16EE8A6462D8B|D7D1FB49049702BF6338894757E0D959|4C90FD52FC53D2C1C205844CB69575AB|1B491180398E2F0390E6A588B3BCE291|B3D3E564B19E3FFE11CAD4EAC9E32D0F,0.21405750798722045,313
62D6A49514020FA0B2E434DB0B506005|D7D1FB49049702BF6338894757E0D959|NA|NA|A9FC0F975DD5C0285525C1D4B4CC8A8D,0.21405750798722045,313
E02400CDAD96905D88E932FE9B7D3552|D7D1FB49049702BF6338894757E0D959|NA|NA|B1307FE5A41D1B598A37FA0A26B71DFE,0.21397649969078542,1617
7F286560861764CCB93C90B7AA833949|7E56C27BFF0305E788DA55A029EC4988|NA|NA|7C97695F487E5628DCEFB08B9EBCE098,0.2137546468401487,538
033E492229C2222EFAA16EE8A6462D8B|D7D1FB49049702BF6338894757E0D959|4C90FD52FC53D2C1C205844CB69575AB|1B491180398E2F0390E6A588B3BCE291|99A250CEE373389D6FBD3996FA7151E9,0.21365638766519823,454
033E492229C2222EFAA16EE8A6462D8B|D7D1FB49049702BF6338894757E0D959|4C90FD52FC53D2C1C205844CB69575AB|C45A9AC6D102ACAEEDF0D6F78636D84A|C153E8F0FBDDA2D14CC066665B07AE35,0.21360381861575178,1676
033E492229C2222EFAA16EE8A6462D8B|D7D1FB49049702BF6338894757E0D959|4C90FD52FC53D2C1C205844CB69575AB|A5D15FC386510762EC0DDFF54ABE6F94|6A1F1F344D0A4A99940699B11365E7E8,0.2134703196347032,876
033E492229C2222EFAA16EE8A6462D8B|7E56C27BFF0305E788DA55A029EC4988|4C90FD52FC53D2C1C205844CB69575AB|1B491180398E2F0390E6A588B3BCE291|169466B21C2F7D3EBB2BEBADADAE8992,0.21343146274149033,1087
2134F56D3769B5022DB7172F1536B749|7E56C27BFF0305E788DA55A029EC4988|NA|NA|87D65706FA81E0C995C284FB5B0B5E94,0.21338383838383837,792
033E492229C2222EFAA16EE8A6462D8B|7E56C27BFF0305E788DA55A029EC4988|4C90FD52FC53D2C1C205844CB69575AB|1B491180398E2F0390E6A588B3BCE291|ACD4574FD4971D9FE286877BF624EA5E,0.21320754716981133,530
7F286560861764CCB93C90B7AA833949|D7D1FB49049702BF6338894757E0D959|NA|NA|EC27B164DDDFF0D623517D1652912E38,0.2131979695431472,394
13C26D10258053889D75D9B9CA922EC7|D7D1FB49049702BF6338894757E0D959|NA|NA|AC8015348D5C18CBD0E0D6FA22506FC3,0.2131979695431472,1970
E02400CDAD96905D88E932FE9B7D3552|D7D1FB49049702BF6338894757E0D959|921B36149E5B081FD24450BFE2CE4430|A5D15FC386510762EC0DDFF54ABE6F94|AA06156549438A4EA05C3693E6E9A600,0.21296296296296297,216
7F286560861764CCB93C90B7AA833949|FF2C446555E3822B0E0FC3406116E86D|4C90FD52FC53D2C1C205844CB69575AB|A5D15FC386510762EC0DDFF54ABE6F94|065F6AE8A6727D9E0411ECAB325BEB2F,0.2129086336965633,1193
635623BABBB7DA2E072D8C339F606E15|D7D1FB49049702BF6338894757E0D959|NA|NA|955F04B52341270CD48EAF9100355F26,0.212890625,1024
033E492229C2222EFAA16EE8A6462D8B|7E56C27BFF0305E788DA55A029EC4988|4C90FD52FC53D2C1C205844CB69575AB|1B491180398E2F0390E6A588B3BCE291|C8BF7D50457AD9F2C1CA9FDE8596B9A4,0.21285140562248997,249
033E492229C2222EFAA16EE8A6462D8B|D7D1FB49049702BF6338894757E0D959|4C90FD52FC53D2C1C205844CB69575AB|1B491180398E2F0390E6A588B3BCE291|53C00BD57EE6D31C3868CE1775A495DC,0.212707182320442,362
2134F56D3769B5022DB7172F1536B749|7E56C27BFF0305E788DA55A029EC4988|NA|NA|24C5CAB2830A2EE0F5BEA0AECA87DD2B,0.2126984126984127,315
62D6A49514020FA0B2E434DB0B506005|D7D1FB49049702BF6338894757E0D959|NA|NA|9962B2F79D78F2F967A4CAC667A15695,0.21266968325791855,221
7F286560861764CCB93C90B7AA833949|FF2C446555E3822B0E0FC3406116E86D|NA|A5D15FC386510762EC0DDFF54ABE6F94|F238842D6BEE084717EF0659DCF611A9,0.21266968325791855,221
7F286560861764CCB93C90B7AA833949|7E56C27BFF0305E788DA55A029EC4988|4C90FD52FC53D2C1C205844CB69575AB|A5D15FC386510762EC0DDFF54ABE6F94|CC91F59AD5F87E012DB63337C8EC1C2D,0.2125,240
033E492229C2222EFAA16EE8A6462D8B|D7D1FB49049702BF6338894757E0D959|4C90FD52FC53D2C1C205844CB69575AB|1B491180398E2F0390E6A588B3BCE291|88DC814F61E4FB44F16B583C58EC93CD,0.21227621483375958,391
62D6A49514020FA0B2E434DB0B506005|D7D1FB49049702BF6338894757E0D959|NA|NA|DAA6BA9003421FE173513415516F6CCF,0.21212121212121213,231
033E492229C2222EFAA16EE8A6462D8B|D7D1FB49049702BF6338894757E0D959|4C90FD52FC53D2C1C205844CB69575AB|1B491180398E2F0390E6A588B3BCE291|7B4F751A5189AAA6315B6E9AEED5CA8F,0.21204188481675393,382
033E492229C2222EFAA16EE8A6462D8B|D7D1FB49049702BF6338894757E0D959|4C90FD52FC53D2C1C205844CB69575AB|1B491180398E2F0390E6A588B3BCE291|5DD3DE4FA246323814D0AAE0E83B72B5,0.21203155818540434,1014
E02400CDAD96905D88E932FE9B7D3552|7E56C27BFF0305E788DA55A029EC4988|NA|NA|1212975A7EADA2D3101EA3C8A3262D2F,0.211864406779661,236
033E492229C2222EFAA16EE8A6462D8B|FF2C446555E3822B0E0FC3406116E86D|4C90FD52FC53D2C1C205844CB69575AB|1B491180398E2F0390E6A588B3BCE291|91BBC9789EEC28F8EC3B8DB8D4F84D76,0.21161825726141079,241
62D6A49514020FA0B2E434DB0B506005|D7D1FB49049702BF6338894757E0D959|NA|NA|DC8355D6299406A155A247E99F213FDE,0.21160822249093109,1654
88CED8BA3AA711A20ACF8B1FC574F218|D7D1FB49049702BF6338894757E0D959|NA|NA|116ACBB7E1881C29A6EB95E3CA0E53D3,0.21156558533145275,2127
033E492229C2222EFAA16EE8A6462D8B|FF2C446555E3822B0E0FC3406116E86D|4C90FD52FC53D2C1C205844CB69575AB|1B491180398E2F0390E6A588B3BCE291|698F2579AC7447257CCED891BCA196EB,0.21145374449339208,227
033E492229C2222EFAA16EE8A6462D8B|7E56C27BFF0305E788DA55A029EC4988|921B36149E5B081FD24450BFE2CE4430|A5D15FC386510762EC0DDFF54ABE6F94|4F9C61102FB643CF91522716DC166787,0.21137640449438203,1424
13C26D10258053889D75D9B9CA922EC7|D7D1FB49049702BF6338894757E0D959|4C90FD52FC53D2C1C205844CB69575AB|1B491180398E2F0390E6A588B3BCE291|2A7A35B0F85EE2E42531E274BEC3FCB9,0.2112676056338028,497
E02400CDAD96905D88E932FE9B7D3552|7E56C27BFF0305E788DA55A029EC4988|921B36149E5B081FD24450BFE2CE4430|C45A9AC6D102ACAEEDF0D6F78636D84A|F5B17C5C54368A90C09E964D751EEC6A,0.21124031007751937,516
2134F56D3769B5022DB7172F1536B749|7E56C27BFF0305E788DA55A029EC4988|NA|NA|7A755D9F2E3D48B6AECC8B28A27E0F98,0.21120689655172414,464
7F286560861764CCB93C90B7AA833949|7E56C27BFF0305E788DA55A029EC4988|NA|A5D15FC386510762EC0DDFF54ABE6F94|05FDF0DAF6E8F552B8F9C92ABBF85F8F,0.210752688172043,3255
033E492229C2222EFAA16EE8A6462D8B|7E56C27BFF0305E788DA55A029EC4988|E7BD5A29457B8E92582951B586319A9C|A5D15FC386510762EC0DDFF54ABE6F94|B1A587CAC9D7544901E0048FE243B3F2,0.2103960396039604,808
033E492229C2222EFAA16EE8A6462D8B|D7D1FB49049702BF6338894757E0D959|4C90FD52FC53D2C1C205844CB69575AB|1B491180398E2F0390E6A588B3BCE291|F5356FCB36EA47C8BCF1DD0D309872B8,0.21036106750392464,637
033E492229C2222EFAA16EE8A6462D8B|7E56C27BFF0305E788DA55A029EC4988|4C90FD52FC53D2C1C205844CB69575AB|1B491180398E2F0390E6A588B3BCE291|0B3151F35C2EC2F1ABD974862B4766B8,0.21026156941649898,994
033E492229C2222EFAA16EE8A6462D8B|7E56C27BFF0305E788DA55A029EC4988|4C90FD52FC53D2C1C205844CB69575AB|1B491180398E2F0390E6A588B3BCE291|AF6098DF4929E458B23AE9CB61ED13A4,0.21024096385542168,1660
033E492229C2222EFAA16EE8A6462D8B|7E56C27BFF0305E788DA55A029EC4988|4C90FD52FC53D2C1C205844CB69575AB|1B491180398E2F0390E6A588B3BCE291|2C8A195B05CBE39D4E6AF08254335B5C,0.21,1700
7F286560861764CCB93C90B7AA833949|7E56C27BFF0305E788DA55A029EC4988|4C90FD52FC53D2C1C205844CB69575AB|A5D15FC386510762EC0DDFF54ABE6F94|53CCE9F234607C0AE2C7BD753EA88DD8,0.2099644128113879,281
EC997D43AC86A75D9B88A1051F86A67C|7E56C27BFF0305E788DA55A029EC4988|NA|NA|E62C10B43BF9FECAB9CD058D1AC4A5EF,0.20967741935483872,372
635623BABBB7DA2E072D8C339F606E15|D7D1FB49049702BF6338894757E0D959|NA|NA|5C7577EBF90364D317D08C6A8031A4D9,0.20963855421686747,415
EC997D43AC86A75D9B88A1051F86A67C|D7D1FB49049702BF6338894757E0D959|0CD76C7030D0900BE250C8D41703D180|A5D15FC386510762EC0DDFF54ABE6F94|4ACB3CBE7A6E1CC82AC6FEDCA2B24AC5,0.2096317280453258,353
033E492229C2222EFAA16EE8A6462D8B|D7D1FB49049702BF6338894757E0D959|4C90FD52FC53D2C1C205844CB69575AB|1B491180398E2F0390E6A588B3BCE291|4EDBF237CBE902C27553CC8A4F143707,0.2096069868995633,229
7F286560861764CCB93C90B7AA833949|7E56C27BFF0305E788DA55A029EC4988|921B36149E5B081FD24450BFE2CE4430|A5D15FC386510762EC0DDFF54ABE6F94|17F817C0BD311CC8C811FE7C447DF842,0.20950704225352113,568
13C26D10258053889D75D9B9CA922EC7|D7D1FB49049702BF6338894757E0D959|NA|NA|9D88EF39C6BE13E33C745EDB06B22E55,0.20938628158844766,277
7F286560861764CCB93C90B7AA833949|7E56C27BFF0305E788DA55A029EC4988|921B36149E5B081FD24450BFE2CE4430|A5D15FC386510762EC0DDFF54ABE6F94|67FDA90FE3F261D8763D1522FE86EA08,0.20930232558139536,645
B4B45C6CE5FC4DE45AB02974D8849DBD|FF2C446555E3822B0E0FC3406116E86D|NA|NA|1212975A7EADA2D3101EA3C8A3262D2F,0.20921985815602837,564
13C26D10258053889D75D9B9CA922EC7|D7D1FB49049702BF6338894757E0D959|4C90FD52FC53D2C1C205844CB69575AB|A5D15FC386510762EC0DDFF54ABE6F94|5C6C73BA925DEDE1CFAF9FE89FDB3131,0.20921985815602837,282
DDC2B3CC38945E431DE1B3F59EC56680|D7D1FB49049702BF6338894757E0D959|NA|NA|116ACBB7E1881C29A6EB95E3CA0E53D3,0.20912547528517111,526
E02400CDAD96905D88E932FE9B7D3552|D7D1FB49049702BF6338894757E0D959|921B36149E5B081FD24450BFE2CE4430|A5D15FC386510762EC0DDFF54ABE6F94|29C0B2B5126E480F0DD4454F31F10A39,0.20908230842005676,1057
7F286560861764CCB93C90B7AA833949|FF2C446555E3822B0E0FC3406116E86D|4C90FD52FC53D2C1C205844CB69575AB|A5D15FC386510762EC0DDFF54ABE6F94|53F02588B177AA9BA649AC9C091F44D4,0.2090341182123979,2081
E02400CDAD96905D88E932FE9B7D3552|7E56C27BFF0305E788DA55A029EC4988|NA|NA|9101E1040D2051A4741E2978FAFDABA3,0.20897615708274894,713
62D6A49514020FA0B2E434DB0B506005|7E56C27BFF0305E788DA55A029EC4988|NA|NA|4FB36B24D75C688E7790D8CD22907B64,0.208955223880597,335
E02400CDAD96905D88E932FE9B7D3552|7E56C27BFF0305E788DA55A029EC4988|921B36149E5B081FD24450BFE2CE4430|A5D15FC386510762EC0DDFF54ABE6F94|BBEB83D3FD58DA0B0B6890CD3B0D2869,0.2088607594936709,2054
B4B45C6CE5FC4DE45AB02974D8849DBD|D7D1FB49049702BF6338894757E0D959|NA|NA|60950EC4C4DB80D7117D2F0E6941678A,0.20869565217391303,230
E02400CDAD96905D88E932FE9B7D3552|7E56C27BFF0305E788DA55A029EC4988|NA|NA|NA,0.20850994457124225,18402
7532B3FBAFEC164460C4ED6FEB0C022C|7E56C27BFF0305E788DA55A029EC4988|NA|NA|AFA685591B4FF1E831EA303780B1FF75,0.2084942084942085,259
62D6A49514020FA0B2E434DB0B506005|D7D1FB49049702BF6338894757E0D959|NA|NA|DC7337F0BD8B49AD230A053A5F8BCD0B,0.20833333333333334,216
E02400CDAD96905D88E932FE9B7D3552|7E56C27BFF0305E788DA55A029EC4988|921B36149E5B081FD24450BFE2CE4430|A5D15FC386510762EC0DDFF54ABE6F94|4F9C61102FB643CF91522716DC166787,0.2079646017699115,452
033E492229C2222EFAA16EE8A6462D8B|D7D1FB49049702BF6338894757E0D959|4C90FD52FC53D2C1C205844CB69575AB|1B491180398E2F0390E6A588B3BCE291|51B93A54AA2E134E33B112115AA95A80,0.20795660036166366,553
7F286560861764CCB93C90B7AA833949|D7D1FB49049702BF6338894757E0D959|NA|NA|67C9C9A8BCFBD1125C9651922A3BE358,0.20766129032258066,496
033E492229C2222EFAA16EE8A6462D8B|7E56C27BFF0305E788DA55A029EC4988|4C90FD52FC53D2C1C205844CB69575AB|1B491180398E2F0390E6A588B3BCE291|80D1839688E41BD2663F389C6C2F3866,0.20745542949756887,617
033E492229C2222EFAA16EE8A6462D8B|D7D1FB49049702BF6338894757E0D959|4C90FD52FC53D2C1C205844CB69575AB|1B491180398E2F0390E6A588B3BCE291|E8C2A2476470823C7768E6E0F76A161B,0.2072072072072072,333
033E492229C2222EFAA16EE8A6462D8B|FF2C446555E3822B0E0FC3406116E86D|4C90FD52FC53D2C1C205844CB69575AB|A5D15FC386510762EC0DDFF54ABE6F94|96E619640B34DA9AB3CE096BB5A644C0,0.20704845814977973,227
9D307E5B713DE5E90D787BE9F802AFBB|D7D1FB49049702BF6338894757E0D959|4C90FD52FC53D2C1C205844CB69575AB|1B491180398E2F0390E6A588B3BCE291|7882D14961B66AD5E0F79DCA354D359D,0.20704845814977973,227
033E492229C2222EFAA16EE8A6462D8B|D7D1FB49049702BF6338894757E0D959|4C90FD52FC53D2C1C205844CB69575AB|1B491180398E2F0390E6A588B3BCE291|C1802DF8B99ED5897FE58389977AD6EE,0.20696324951644102,517
88CED8BA3AA711A20ACF8B1FC574F218|D7D1FB49049702BF6338894757E0D959|NA|NA|7DF21487D3DE8842C97D1333B0524E4A,0.20689655172413793,3248
88CED8BA3AA711A20ACF8B1FC574F218|D7D1FB49049702BF6338894757E0D959|NA|NA|CDCE914EB8858F41EF31A89C39AE68A8,0.20670391061452514,537
033E492229C2222EFAA16EE8A6462D8B|D7D1FB49049702BF6338894757E0D959|4C90FD52FC53D2C1C205844CB69575AB|1B491180398E2F0390E6A588B3BCE291|9D70E676DEA215BBB590ABE468E3FE83,0.20654911838790932,397
033E492229C2222EFAA16EE8A6462D8B|D7D1FB49049702BF6338894757E0D959|4C90FD52FC53D2C1C205844CB69575AB|1B491180398E2F0390E6A588B3BCE291|75943D0B4F40778BED1CC1C8C10393A4,0.2062780269058296,223
7F286560861764CCB93C90B7AA833949|D7D1FB49049702BF6338894757E0D959|NA|NA|EAC4ED95FBDE95412FA86079EED1E8BE,0.20604395604395603,364
9D307E5B713DE5E90D787BE9F802AFBB|D7D1FB49049702BF6338894757E0D959|4C90FD52FC53D2C1C205844CB69575AB|A5D15FC386510762EC0DDFF54ABE6F94|93805425440E0B0C93655083D59FFA2E,0.20601851851851852,432
E02400CDAD96905D88E932FE9B7D3552|7E56C27BFF0305E788DA55A029EC4988|NA|NA|B3F8CD354C8B52FF9187C4476F7FC8BD,0.20600858369098712,466
DDC2B3CC38945E431DE1B3F59EC56680|D7D1FB49049702BF6338894757E0D959|88460293E9517D21E39AA889BD5AADC8|A5D15FC386510762EC0DDFF54ABE6F94|NA,0.20594292438952633,3399
033E492229C2222EFAA16EE8A6462D8B|FF2C446555E3822B0E0FC3406116E86D|4C90FD52FC53D2C1C205844CB69575AB|C45A9AC6D102ACAEEDF0D6F78636D84A|6C0F874E8CD1A6F748737B6B5CB057F5,0.20588235294117646,272
635623BABBB7DA2E072D8C339F606E15|D7D1FB49049702BF6338894757E0D959|NA|NA|2951C95505688DD443432F6D6FF93BC1,0.20580474934036938,1137
033E492229C2222EFAA16EE8A6462D8B|7E56C27BFF0305E788DA55A029EC4988|4C90FD52FC53D2C1C205844CB69575AB|1B491180398E2F0390E6A588B3BCE291|91BBC9789EEC28F8EC3B8DB8D4F84D76,0.20572916666666666,1536
E02400CDAD96905D88E932FE9B7D3552|D7D1FB49049702BF6338894757E0D959|921B36149E5B081FD24450BFE2CE4430|A5D15FC386510762EC0DDFF54ABE6F94|EE7B911F2CA2C6AE84D857FF85258C6F,0.20572916666666666,384
9D307E5B713DE5E90D787BE9F802AFBB|D7D1FB49049702BF6338894757E0D959|4C90FD52FC53D2C1C205844CB69575AB|1B491180398E2F0390E6A588B3BCE291|F7AC010E050C1DC733AA12EE1F2A8C8C,0.20569620253164558,316
7532B3FBAFEC164460C4ED6FEB0C022C|D7D1FB49049702BF6338894757E0D959|921B36149E5B081FD24450BFE2CE4430|A5D15FC386510762EC0DDFF54ABE6F94|AD4285ECDD100BBF3FE757C36FD5D9F6,0.205607476635514,214
B4B45C6CE5FC4DE45AB02974D8849DBD|D7D1FB49049702BF6338894757E0D959|921B36149E5B081FD24450BFE2CE4430|A5D15FC386510762EC0DDFF54ABE6F94|BBEB83D3FD58DA0B0B6890CD3B0D2869,0.2053872053872054,297
13C26D10258053889D75D9B9CA922EC7|7E56C27BFF0305E788DA55A029EC4988|4C90FD52FC53D2C1C205844CB69575AB|A5D15FC386510762EC0DDFF54ABE6F94|58892A86476EE287AD37AD5607560B29,0.20535714285714285,336
033E492229C2222EFAA16EE8A6462D8B|7E56C27BFF0305E788DA55A029EC4988|4C90FD52FC53D2C1C205844CB69575AB|A5D15FC386510762EC0DDFF54ABE6F94|62A12F6E8F7FBBC179E1967B9CE191ED,0.2052401746724891,229
2551A1FA7839742971CDF4C67667E17A|D7D1FB49049702BF6338894757E0D959|88460293E9517D21E39AA889BD5AADC8|A5D15FC386510762EC0DDFF54ABE6F94|NA,0.2052401746724891,687
13C26D10258053889D75D9B9CA922EC7|D7D1FB49049702BF6338894757E0D959|NA|NA|FB52950A048B2CA3CCDAA03087EF6B84,0.20521172638436483,307
033E492229C2222EFAA16EE8A6462D8B|7E56C27BFF0305E788DA55A029EC4988|4C90FD52FC53D2C1C205844CB69575AB|1B491180398E2F0390E6A588B3BCE291|292AF961714E512F5B23D71BB9BAC017,0.20512820512820512,429
033E492229C2222EFAA16EE8A6462D8B|7E56C27BFF0305E788DA55A029EC4988|4C90FD52FC53D2C1C205844CB69575AB|1B491180398E2F0390E6A588B3BCE291|C78684C95C957A2FCC607474F0E948B2,0.20512820512820512,351
033E492229C2222EFAA16EE8A6462D8B|D7D1FB49049702BF6338894757E0D959|4C90FD52FC53D2C1C205844CB69575AB|C45A9AC6D102ACAEEDF0D6F78636D84A|F810DD1421156D3D27124ADAFE83B3EC,0.205,200
7F286560861764CCB93C90B7AA833949|FF2C446555E3822B0E0FC3406116E86D|NA|NA|62796FF766F829BF299CBD36061C1EEF,0.2047872340425532,752
62D6A49514020FA0B2E434DB0B506005|D7D1FB49049702BF6338894757E0D959|4C90FD52FC53D2C1C205844CB69575AB|A5D15FC386510762EC0DDFF54ABE6F94|9C13602C30448A778214E27B18E039AF,0.20469798657718122,298
2134F56D3769B5022DB7172F1536B749|D7D1FB49049702BF6338894757E0D959|NA|NA|66B82DDB65B4E19B57724114CEF5FFA5,0.20446927374301677,1790
9D307E5B713DE5E90D787BE9F802AFBB|D7D1FB49049702BF6338894757E0D959|4C90FD52FC53D2C1C205844CB69575AB|C45A9AC6D102ACAEEDF0D6F78636D84A|93805425440E0B0C93655083D59FFA2E,0.2043343653250774,323
7F286560861764CCB93C90B7AA833949|D7D1FB49049702BF6338894757E0D959|NA|NA|0DEC4A2C5575525A724B2B1E676699CE,0.20411392405063292,1896
7F286560861764CCB93C90B7AA833949|D7D1FB49049702BF6338894757E0D959|NA|NA|6F973EE8EF724A9224565ED3C3600584,0.20408163265306123,245
033E492229C2222EFAA16EE8A6462D8B|FF2C446555E3822B0E0FC3406116E86D|88460293E9517D21E39AA889BD5AADC8|1B491180398E2F0390E6A588B3BCE291|71ED3EF184D4503384F979FACCDA5571,0.20408163265306123,294
033E492229C2222EFAA16EE8A6462D8B|7E56C27BFF0305E788DA55A029EC4988|4C90FD52FC53D2C1C205844CB69575AB|1B491180398E2F0390E6A588B3BCE291|C65618C997B6691219E5897A92E502C1,0.2040133779264214,299
5D656311CF9F47E34248BE9FBFF194A0|D7D1FB49049702BF6338894757E0D959|88460293E9517D21E39AA889BD5AADC8|A5D15FC386510762EC0DDFF54ABE6F94|NA,0.20399538993469074,2603
7F286560861764CCB93C90B7AA833949|7E56C27BFF0305E788DA55A029EC4988|921B36149E5B081FD24450BFE2CE4430|A5D15FC386510762EC0DDFF54ABE6F94|B1A587CAC9D7544901E0048FE243B3F2,0.20388349514563106,309
033E492229C2222EFAA16EE8A6462D8B|D7D1FB49049702BF6338894757E0D959|4C90FD52FC53D2C1C205844CB69575AB|1B491180398E2F0390E6A588B3BCE291|6A81F0F63CE31EE205D9AF812C14E8F1,0.2037914691943128,211
EC997D43AC86A75D9B88A1051F86A67C|7E56C27BFF0305E788DA55A029EC4988|4C90FD52FC53D2C1C205844CB69575AB|1B491180398E2F0390E6A588B3BCE291|48D9201753DC9A5BED4A1A20C5C4480C,0.2037914691943128,211
EC997D43AC86A75D9B88A1051F86A67C|D7D1FB49049702BF6338894757E0D959|NA|NA|ECFE7C213360E21E32A9F4D818B84DAA,0.20359281437125748,334
B83EF4115DC165749F3FCB737CC1044D|D7D1FB49049702BF6338894757E0D959|NA|NA|116ACBB7E1881C29A6EB95E3CA0E53D3,0.20357634112792297,727
7F286560861764CCB93C90B7AA833949|7E56C27BFF0305E788DA55A029EC4988|921B36149E5B081FD24450BFE2CE4430|A5D15FC386510762EC0DDFF54ABE6F94|C13DB58C355CAC045B6B8CFA608FD0DB,0.20353982300884957,226
033E492229C2222EFAA16EE8A6462D8B|7E56C27BFF0305E788DA55A029EC4988|4C90FD52FC53D2C1C205844CB69575AB|1B491180398E2F0390E6A588B3BCE291|14D50FDC631A9EB0AA17C66D100B6DD4,0.2034956304619226,1602
13C26D10258053889D75D9B9CA922EC7|D7D1FB49049702BF6338894757E0D959|4C90FD52FC53D2C1C205844CB69575AB|1B491180398E2F0390E6A588B3BCE291|331C4CA75DFBD99415B12C4B07DD06F4,0.2033195020746888,241
9D307E5B713DE5E90D787BE9F802AFBB|D7D1FB49049702BF6338894757E0D959|4C90FD52FC53D2C1C205844CB69575AB|C45A9AC6D102ACAEEDF0D6F78636D84A|7B4F751A5189AAA6315B6E9AEED5CA8F,0.2032520325203252,246
033E492229C2222EFAA16EE8A6462D8B|7E56C27BFF0305E788DA55A029EC4988|4C90FD52FC53D2C1C205844CB69575AB|1B491180398E2F0390E6A588B3BCE291|98DFCDEBF0D8AFF8AF6E18E76B9C0224,0.20318725099601595,251
7F286560861764CCB93C90B7AA833949|7E56C27BFF0305E788DA55A029EC4988|4C90FD52FC53D2C1C205844CB69575AB|A5D15FC386510762EC0DDFF54ABE6F94|5988945F3727F7C82157CEBF67D822D4,0.2029664324746292,2562
62D6A49514020FA0B2E434DB0B506005|FF2C446555E3822B0E0FC3406116E86D|NA|NA|NA,0.20293762201357254,10757
7F286560861764CCB93C90B7AA833949|7E56C27BFF0305E788DA55A029EC4988|NA|A5D15FC386510762EC0DDFF54ABE6F94|A86427DE93DB2014F36971B1F1220CE7,0.2028985507246377,345
033E492229C2222EFAA16EE8A6462D8B|7E56C27BFF0305E788DA55A029EC4988|4C90FD52FC53D2C1C205844CB69575AB|C45A9AC6D102ACAEEDF0D6F78636D84A|BFEEE5F4232E521C7A0E02E1984BDBF8,0.2028985507246377,483
B4B45C6CE5FC4DE45AB02974D8849DBD|7E56C27BFF0305E788DA55A029EC4988|921B36149E5B081FD24450BFE2CE4430|C45A9AC6D102ACAEEDF0D6F78636D84A|3BB2AD395EC35EAC138F542215460325,0.2028301886792453,424
033E492229C2222EFAA16EE8A6462D8B|D7D1FB49049702BF6338894757E0D959|A443B40A19DB45968C2825CE225368DF|6EFABCEDA36A931DBF760F88970BAF0E|6F2803C343F6DA0602D3B008D02C7113,0.2027761013880507,1657
635623BABBB7DA2E072D8C339F606E15|D7D1FB49049702BF6338894757E0D959|NA|NA|7DF21487D3DE8842C97D1333B0524E4A,0.20263262863980855,2507
B4B45C6CE5FC4DE45AB02974D8849DBD|FF2C446555E3822B0E0FC3406116E86D|NA|NA|NA,0.20261256253474152,3598
033E492229C2222EFAA16EE8A6462D8B|7E56C27BFF0305E788DA55A029EC4988|4C90FD52FC53D2C1C205844CB69575AB|A5D15FC386510762EC0DDFF54ABE6F94|BE2384727615757A41C291AFE0F4DAF8,0.20257510729613734,1165
62D6A49514020FA0B2E434DB0B506005|D7D1FB49049702BF6338894757E0D959|NA|NA|9CA1190682A85CF8423E6BCD858F49A8,0.2025,400
033E492229C2222EFAA16EE8A6462D8B|FF2C446555E3822B0E0FC3406116E86D|4C90FD52FC53D2C1C205844CB69575AB|1B491180398E2F0390E6A588B3BCE291|A7376287D4C753A7BA2C20601725514D,0.2024793388429752,242
7532B3FBAFEC164460C4ED6FEB0C022C|FF2C446555E3822B0E0FC3406116E86D|4C90FD52FC53D2C1C205844CB69575AB|A5D15FC386510762EC0DDFF54ABE6F94|065F6AE8A6727D9E0411ECAB325BEB2F,0.20242214532871972,578
033E492229C2222EFAA16EE8A6462D8B|D7D1FB49049702BF6338894757E0D959|4C90FD52FC53D2C1C205844CB69575AB|1B491180398E2F0390E6A588B3BCE291|2484E4A29B631E282FE3E1F16DD35CD1,0.20229885057471264,435
033E492229C2222EFAA16EE8A6462D8B|D7D1FB49049702BF6338894757E0D959|4C90FD52FC53D2C1C205844CB69575AB|1B491180398E2F0390E6A588B3BCE291|BBEBDBDA2D1BDD9514E9AF16C551A1FE,0.20224719101123595,534
EC997D43AC86A75D9B88A1051F86A67C|7E56C27BFF0305E788DA55A029EC4988|NA|NA|92ADD6127829428CA9091C1B0C270AF3,0.20221606648199447,361
7532B3FBAFEC164460C4ED6FEB0C022C|7E56C27BFF0305E788DA55A029EC4988|NA|NA|7BBDFCFC46949668B29D800B9F7D4AEC,0.20215633423180593,371
033E492229C2222EFAA16EE8A6462D8B|FF2C446555E3822B0E0FC3406116E86D|4C90FD52FC53D2C1C205844CB69575AB|C45A9AC6D102ACAEEDF0D6F78636D84A|39A582C8A8DDBEB38514DC3C5631ED65,0.20168067226890757,238
B4B45C6CE5FC4DE45AB02974D8849DBD|7E56C27BFF0305E788DA55A029EC4988|NA|NA|6AAC59B9CEFC1C49996502F4B7EA953E,0.201246660730187,1123
033E492229C2222EFAA16EE8A6462D8B|7E56C27BFF0305E788DA55A029EC4988|4C90FD52FC53D2C1C205844CB69575AB|A5D15FC386510762EC0DDFF54ABE6F94|600876DC0F83940E57DADF87CBF3ED5B,0.20114942528735633,348
033E492229C2222EFAA16EE8A6462D8B|D7D1FB49049702BF6338894757E0D959|4C90FD52FC53D2C1C205844CB69575AB|1B491180398E2F0390E6A588B3BCE291|84E77450CE3FE3B65FFCC9873C48CDBE,0.20114122681883023,701
EC997D43AC86A75D9B88A1051F86A67C|D7D1FB49049702BF6338894757E0D959|E7BD5A29457B8E92582951B586319A9C|A5D15FC386510762EC0DDFF54ABE6F94|4B31DA8286F17ED3018BAB1C172F8124,0.20107719928186715,557
88CED8BA3AA711A20ACF8B1FC574F218|D7D1FB49049702BF6338894757E0D959|NA|NA|0AE9335D11D7E84372B8B7B575A77430,0.2010443864229765,383
033E492229C2222EFAA16EE8A6462D8B|7E56C27BFF0305E788DA55A029EC4988|4C90FD52FC53D2C1C205844CB69575AB|1B491180398E2F0390E6A588B3BCE291|6FA85A27CA7BF60BDA086AD04E23B9DD,0.20095693779904306,209
E02400CDAD96905D88E932FE9B7D3552|D7D1FB49049702BF6338894757E0D959|921B36149E5B081FD24450BFE2CE4430|A5D15FC386510762EC0DDFF54ABE6F94|0E0E04C4D48CB7CFB33FA92615A3E86E,0.20079522862823063,503
DDC2B3CC38945E431DE1B3F59EC56680|7E56C27BFF0305E788DA55A029EC4988|NA|NA|06EF75110610D490469271FDCCA7986B,0.20077220077220076,259
B4B45C6CE5FC4DE45AB02974D8849DBD|D7D1FB49049702BF6338894757E0D959|NA|NA|3F8E71155CA86BE347F00735875CA874,0.2007205352547607,1943
635623BABBB7DA2E072D8C339F606E15|D7D1FB49049702BF6338894757E0D959|0CD76C7030D0900BE250C8D41703D180|A5D15FC386510762EC0DDFF54ABE6F94|B3DC6D19669DD4C04ED743622DCBAF2E,0.20044543429844097,449
033E492229C2222EFAA16EE8A6462D8B|D7D1FB49049702BF6338894757E0D959|4C90FD52FC53D2C1C205844CB69575AB|1B491180398E2F0390E6A588B3BCE291|3B71A2C4BB9A98C1ADC5F5A462AE3D2C,0.20042643923240938,469
13C26D10258053889D75D9B9CA922EC7|7E56C27BFF0305E788DA55A029EC4988|NA|A5D15FC386510762EC0DDFF54ABE6F94|795B0C735963709E3044C645C95214DE,0.20039292730844793,509
7532B3FBAFEC164460C4ED6FEB0C022C|7E56C27BFF0305E788DA55A029EC4988|NA|NA|7BA18B7FCC191ACEE7F98578EA9258D1,0.2,215
B4B45C6CE5FC4DE45AB02974D8849DBD|D7D1FB49049702BF6338894757E0D959|88460293E9517D21E39AA889BD5AADC8|A5D15FC386510762EC0DDFF54ABE6F94|NA,0.2,395
7532B3FBAFEC164460C4ED6FEB0C022C|7E56C27BFF0305E788DA55A029EC4988|NA|NA|27D52DBD2209E6DD90C6C3B44E0A1FE5,0.2,340
13C26D10258053889D75D9B9CA922EC7|D7D1FB49049702BF6338894757E0D959|NA|NA|740E87DFBF9D9C10F195893C7759DA00,0.19977553310886645,891
E02400CDAD96905D88E932FE9B7D3552|7E56C27BFF0305E788DA55A029EC4988|NA|NA|13B194B368783257015BD41DFCFB86C9,0.19950738916256158,406
62D6A49514020FA0B2E434DB0B506005|D7D1FB49049702BF6338894757E0D959|NA|NA|AE76EB360EEC8312F77A117D9A002BD9,0.1992929739284136,2263
69995F9BE9CA542AF2D7A3A2344C2B0A|7E56C27BFF0305E788DA55A029EC4988|88460293E9517D21E39AA889BD5AADC8|NA|NA,0.199203187250996,251
033E492229C2222EFAA16EE8A6462D8B|D7D1FB49049702BF6338894757E0D959|4C90FD52FC53D2C1C205844CB69575AB|1B491180398E2F0390E6A588B3BCE291|6271E7ACEF710C0C57E758E473279B63,0.1991643454038997,1436
E02400CDAD96905D88E932FE9B7D3552|7E56C27BFF0305E788DA55A029EC4988|921B36149E5B081FD24450BFE2CE4430|1B491180398E2F0390E6A588B3BCE291|9101E1040D2051A4741E2978FAFDABA3,0.19913419913419914,231
033E492229C2222EFAA16EE8A6462D8B|D7D1FB49049702BF6338894757E0D959|4C90FD52FC53D2C1C205844CB69575AB|1B491180398E2F0390E6A588B3BCE291|8D61324D0749847F1A197404F6EAF16E,0.19913419913419914,231
033E492229C2222EFAA16EE8A6462D8B|D7D1FB49049702BF6338894757E0D959|4C90FD52FC53D2C1C205844CB69575AB|1B491180398E2F0390E6A588B3BCE291|4E529914EA1E0311310618142C5DEC69,0.19912280701754387,1140
033E492229C2222EFAA16EE8A6462D8B|7E56C27BFF0305E788DA55A029EC4988|4C90FD52FC53D2C1C205844CB69575AB|1B491180398E2F0390E6A588B3BCE291|92044B58D05E98F0012A059F53292E66,0.19909502262443438,221
E02400CDAD96905D88E932FE9B7D3552|FF2C446555E3822B0E0FC3406116E86D|921B36149E5B081FD24450BFE2CE4430|A5D15FC386510762EC0DDFF54ABE6F94|A22E951A8878419B87D272B693094495,0.19902912621359223,206
DDC2B3CC38945E431DE1B3F59EC56680|D7D1FB49049702BF6338894757E0D959|88460293E9517D21E39AA889BD5AADC8|NA|NA,0.19901719901719903,814
033E492229C2222EFAA16EE8A6462D8B|D7D1FB49049702BF6338894757E0D959|4C90FD52FC53D2C1C205844CB69575AB|1B491180398E2F0390E6A588B3BCE291|683148B9A68C065831D7B4057CF3733F,0.1988472622478386,347
E02400CDAD96905D88E932FE9B7D3552|7E56C27BFF0305E788DA55A029EC4988|921B36149E5B081FD24450BFE2CE4430|C45A9AC6D102ACAEEDF0D6F78636D84A|BBEB83D3FD58DA0B0B6890CD3B0D2869,0.1987179487179487,312
033E492229C2222EFAA16EE8A6462D8B|7E56C27BFF0305E788DA55A029EC4988|4C90FD52FC53D2C1C205844CB69575AB|A5D15FC386510762EC0DDFF54ABE6F94|1BD86CF8F9199FE0F88C19B18E1B4C96,0.1984126984126984,252
033E492229C2222EFAA16EE8A6462D8B|D7D1FB49049702BF6338894757E0D959|538912C31E773613AB51FBAE58492476|D7B42B0C4D807EF1C13F79948743E9DA|7807D1C31E020624523E2F99726B0D22,0.19838162359697206,3831
7F286560861764CCB93C90B7AA833949|7E56C27BFF0305E788DA55A029EC4988|NA|NA|6ED675F72169706FA1DC284879D43FF3,0.19833333333333333,600
033E492229C2222EFAA16EE8A6462D8B|D7D1FB49049702BF6338894757E0D959|4C90FD52FC53D2C1C205844CB69575AB|A5D15FC386510762EC0DDFF54ABE6F94|5D769AFF8F2FE21856199CD3846CFF09,0.19831223628691982,237
13C26D10258053889D75D9B9CA922EC7|D7D1FB49049702BF6338894757E0D959|NA|NA|A4C910D11110EDEC7755FED5D19988D9,0.19831223628691982,237
635623BABBB7DA2E072D8C339F606E15|D7D1FB49049702BF6338894757E0D959|NA|NA|FA403A0A144355E54E0EFB93090B613C,0.19809760132340778,2418
B4B45C6CE5FC4DE45AB02974D8849DBD|D7D1FB49049702BF6338894757E0D959|88460293E9517D21E39AA889BD5AADC8|NA|NA,0.19790301441677588,763
13C26D10258053889D75D9B9CA922EC7|D7D1FB49049702BF6338894757E0D959|4C90FD52FC53D2C1C205844CB69575AB|A5D15FC386510762EC0DDFF54ABE6F94|206677DE127DA85915DF2C1B1A565B93,0.19788359788359788,2835
E02400CDAD96905D88E932FE9B7D3552|7E56C27BFF0305E788DA55A029EC4988|921B36149E5B081FD24450BFE2CE4430|A5D15FC386510762EC0DDFF54ABE6F94|46CCC9D9F096D22AA42975588010F0D6,0.1978021978021978,819
7F286560861764CCB93C90B7AA833949|D7D1FB49049702BF6338894757E0D959|NA|NA|C26242F739C8C377615ADA8FFAD390AC,0.19769874476987448,1912
88CED8BA3AA711A20ACF8B1FC574F218|D7D1FB49049702BF6338894757E0D959|NA|NA|6760D598FF2B58D139A608A1323D3E5F,0.19767441860465115,258
7F286560861764CCB93C90B7AA833949|D7D1FB49049702BF6338894757E0D959|NA|NA|E82A63CCF5B3188E29B41D5251B4B625,0.19764216366158113,1442
5D656311CF9F47E34248BE9FBFF194A0|D7D1FB49049702BF6338894757E0D959|NA|NA|NA,0.19764150943396228,2120
9D307E5B713DE5E90D787BE9F802AFBB|D7D1FB49049702BF6338894757E0D959|4C90FD52FC53D2C1C205844CB69575AB|1B491180398E2F0390E6A588B3BCE291|67DBF7F8959F609E3D9E8DDB54588FF5,0.19753086419753085,1053
7F286560861764CCB93C90B7AA833949|D7D1FB49049702BF6338894757E0D959|NA|NA|6B32F2AE92C6F149F0CEF2C7015BB52D,0.19753086419753085,243
033E492229C2222EFAA16EE8A6462D8B|D7D1FB49049702BF6338894757E0D959|4C90FD52FC53D2C1C205844CB69575AB|1B491180398E2F0390E6A588B3BCE291|3DE441E9C18ED2FBA95C27A35CCA9AED,0.19753086419753085,324
7F286560861764CCB93C90B7AA833949|D7D1FB49049702BF6338894757E0D959|NA|NA|3B74E691D58FE66E2E341A7CB38A55CD,0.19742489270386265,233
033E492229C2222EFAA16EE8A6462D8B|D7D1FB49049702BF6338894757E0D959|4C90FD52FC53D2C1C205844CB69575AB|1B491180398E2F0390E6A588B3BCE291|365E31A5A756067B3C23342B244A5B25,0.19742489270386265,233
EC997D43AC86A75D9B88A1051F86A67C|D7D1FB49049702BF6338894757E0D959|NA|NA|ABA1CD9D6DAC31470876373789969F42,0.19730941704035873,223
033E492229C2222EFAA16EE8A6462D8B|D7D1FB49049702BF6338894757E0D959|4C90FD52FC53D2C1C205844CB69575AB|1B491180398E2F0390E6A588B3BCE291|0B3151F35C2EC2F1ABD974862B4766B8,0.19727891156462585,441
033E492229C2222EFAA16EE8A6462D8B|FF2C446555E3822B0E0FC3406116E86D|4C90FD52FC53D2C1C205844CB69575AB|1B491180398E2F0390E6A588B3BCE291|F5356FCB36EA47C8BCF1DD0D309872B8,0.19727891156462585,294
EC997D43AC86A75D9B88A1051F86A67C|D7D1FB49049702BF6338894757E0D959|NA|NA|116ACBB7E1881C29A6EB95E3CA0E53D3,0.19723337795626952,2241
88CED8BA3AA711A20ACF8B1FC574F218|D7D1FB49049702BF6338894757E0D959|NA|NA|0B242EBC0ACCF7ACFA8B73D33B697AC5,0.19722222222222222,360
62D6A49514020FA0B2E434DB0B506005|D7D1FB49049702BF6338894757E0D959|NA|NA|8A975F5E16CB4965E1EB939E39F53129,0.19710144927536233,690
033E492229C2222EFAA16EE8A6462D8B|D7D1FB49049702BF6338894757E0D959|88460293E9517D21E39AA889BD5AADC8|1B491180398E2F0390E6A588B3BCE291|468511D3F738B28015DBD51823AF75EB,0.1970260223048327,269
033E492229C2222EFAA16EE8A6462D8B|7E56C27BFF0305E788DA55A029EC4988|4C90FD52FC53D2C1C205844CB69575AB|1B491180398E2F0390E6A588B3BCE291|3491B0F7C3C0D6684C5E0CF18D6BE834,0.1970074812967581,401
EC997D43AC86A75D9B88A1051F86A67C|7E56C27BFF0305E788DA55A029EC4988|NA|NA|1212975A7EADA2D3101EA3C8A3262D2F,0.1968408262454435,823
033E492229C2222EFAA16EE8A6462D8B|D7D1FB49049702BF6338894757E0D959|4C90FD52FC53D2C1C205844CB69575AB|C45A9AC6D102ACAEEDF0D6F78636D84A|75EC1C14719987701220BD2E048B548B,0.1967741935483871,310
EC997D43AC86A75D9B88A1051F86A67C|D7D1FB49049702BF6338894757E0D959|0CD76C7030D0900BE250C8D41703D180|A5D15FC386510762EC0DDFF54ABE6F94|9E194C0B7FBDE648396FBDA4A953302C,0.19672131147540983,305
2551A1FA7839742971CDF4C67667E17A|D7D1FB49049702BF6338894757E0D959|4C90FD52FC53D2C1C205844CB69575AB|A5D15FC386510762EC0DDFF54ABE6F94|E281A227E3D9C0023D6E4DFD912605AC,0.19658119658119658,234
033E492229C2222EFAA16EE8A6462D8B|FF2C446555E3822B0E0FC3406116E86D|4C90FD52FC53D2C1C205844CB69575AB|A5D15FC386510762EC0DDFF54ABE6F94|0657926C9C97EBCD34FE9B6C4E181E96,0.19651741293532338,804
62D6A49514020FA0B2E434DB0B506005|D7D1FB49049702BF6338894757E0D959|NA|NA|842A8948FA33D97F613FB731A145FA7C,0.19642857142857142,560
111C91D6B0D89C84BF196FED8DBE7BBB|D7D1FB49049702BF6338894757E0D959|NA|NA|B90E605811C70B18D5DE34A523B77C60,0.19642857142857142,224
88CED8BA3AA711A20ACF8B1FC574F218|D7D1FB49049702BF6338894757E0D959|NA|NA|A1E493D4EDAEF806C0C886BF1518B96D,0.19607843137254902,1275
7F286560861764CCB93C90B7AA833949|7E56C27BFF0305E788DA55A029EC4988|921B36149E5B081FD24450BFE2CE4430|A5D15FC386510762EC0DDFF54ABE6F94|7127EDE67647B77A58EAFAD923324FFF,0.19601328903654486,301
033E492229C2222EFAA16EE8A6462D8B|7E56C27BFF0305E788DA55A029EC4988|4C90FD52FC53D2C1C205844CB69575AB|1B491180398E2F0390E6A588B3BCE291|C3820FFB99DB787E1FFCAD62D80B1698,0.195906432748538,342
033E492229C2222EFAA16EE8A6462D8B|7E56C27BFF0305E788DA55A029EC4988|4C90FD52FC53D2C1C205844CB69575AB|C45A9AC6D102ACAEEDF0D6F78636D84A|2FCD1C97D820525931463DEAFCB5E509,0.1958762886597938,291
2134F56D3769B5022DB7172F1536B749|7E56C27BFF0305E788DA55A029EC4988|NA|NA|793E7E0B62E1634309B603FD3CB902F7,0.19586206896551725,725
033E492229C2222EFAA16EE8A6462D8B|7E56C27BFF0305E788DA55A029EC4988|4C90FD52FC53D2C1C205844CB69575AB|1B491180398E2F0390E6A588B3BCE291|694A6DBA636B0FAFA1D3EA51AAD8AC85,0.19584569732937684,337
033E492229C2222EFAA16EE8A6462D8B|7E56C27BFF0305E788DA55A029EC4988|4C90FD52FC53D2C1C205844CB69575AB|1B491180398E2F0390E6A588B3BCE291|F3B28A618855E16DBB02B0DC204A52EF,0.1958041958041958,572
033E492229C2222EFAA16EE8A6462D8B|D7D1FB49049702BF6338894757E0D959|4C90FD52FC53D2C1C205844CB69575AB|1B491180398E2F0390E6A588B3BCE291|74518E6308AAA34825ECBACBCD0288D8,0.19571045576407506,746
635623BABBB7DA2E072D8C339F606E15|FF2C446555E3822B0E0FC3406116E86D|NA|NA|NA,0.19570222563315426,1303
2134F56D3769B5022DB7172F1536B749|7E56C27BFF0305E788DA55A029EC4988|NA|NA|9A0EA21647E006E4AAA6908795A06465,0.19568648079957918,1901
635623BABBB7DA2E072D8C339F606E15|D7D1FB49049702BF6338894757E0D959|NA|NA|1AF1343F7EF1E43E139376F91AB16E8B,0.19559228650137742,363
635623BABBB7DA2E072D8C339F606E15|FF2C446555E3822B0E0FC3406116E86D|NA|NA|116ACBB7E1881C29A6EB95E3CA0E53D3,0.19555555555555557,675
7F286560861764CCB93C90B7AA833949|D7D1FB49049702BF6338894757E0D959|NA|NA|625A3BFFE141FE092818267B776807C1,0.19553072625698323,1253
7F286560861764CCB93C90B7AA833949|D7D1FB49049702BF6338894757E0D959|NA|NA|444C915216B3197D9CD22900BDE9F1E2,0.19543973941368079,614
B83EF4115DC165749F3FCB737CC1044D|7E56C27BFF0305E788DA55A029EC4988|NA|NA|52FDF4866022772216B4CB3B875C4D82,0.19539375928677563,1346
033E492229C2222EFAA16EE8A6462D8B|D7D1FB49049702BF6338894757E0D959|4C90FD52FC53D2C1C205844CB69575AB|A5D15FC386510762EC0DDFF54ABE6F94|EAC38FD6310DBC294B18C440652DE0D5,0.19534883720930232,215
033E492229C2222EFAA16EE8A6462D8B|D7D1FB49049702BF6338894757E0D959|4C90FD52FC53D2C1C205844CB69575AB|1B491180398E2F0390E6A588B3BCE291|3A0C41A4EBCCA3A0C38B6A1D6EAAC985,0.19534883720930232,215
E02400CDAD96905D88E932FE9B7D3552|7E56C27BFF0305E788DA55A029EC4988|921B36149E5B081FD24450BFE2CE4430|A5D15FC386510762EC0DDFF54ABE6F94|87F2C7049901143E2A0D2F504F1E9503,0.19517102615694165,497
13C26D10258053889D75D9B9CA922EC7|7E56C27BFF0305E788DA55A029EC4988|NA|NA|E7ABBB96C62D4B1F07AEDA6DCE6A8F8C,0.1951219512195122,615
13C26D10258053889D75D9B9CA922EC7|D7D1FB49049702BF6338894757E0D959|4C90FD52FC53D2C1C205844CB69575AB|1B491180398E2F0390E6A588B3BCE291|36536C66213448C37DF661273A6EA4D6,0.195,200
033E492229C2222EFAA16EE8A6462D8B|7E56C27BFF0305E788DA55A029EC4988|4C90FD52FC53D2C1C205844CB69575AB|1B491180398E2F0390E6A588B3BCE291|3A3987EE9DCC96608ECB9FE50DBBECC0,0.19484702093397746,621
62D6A49514020FA0B2E434DB0B506005|D7D1FB49049702BF6338894757E0D959|NA|NA|FFC102A15D38060E1B3B952B0F4A8760,0.19480519480519481,1001
E02400CDAD96905D88E932FE9B7D3552|7E56C27BFF0305E788DA55A029EC4988|NA|NA|3B8C3A85B07C3C0B662EFF27131F511B,0.19472140762463344,1705
62D6A49514020FA0B2E434DB0B506005|D7D1FB49049702BF6338894757E0D959|NA|NA|66B82DDB65B4E19B57724114CEF5FFA5,0.19470538001707943,3513
E02400CDAD96905D88E932FE9B7D3552|FF2C446555E3822B0E0FC3406116E86D|NA|NA|378ADE4008A99DA66F6B237A58898461,0.19458128078817735,406
033E492229C2222EFAA16EE8A6462D8B|FF2C446555E3822B0E0FC3406116E86D|4C90FD52FC53D2C1C205844CB69575AB|A5D15FC386510762EC0DDFF54ABE6F94|42F3860B1FF15084296A981A4A1BB459,0.1944922547332186,581
88CED8BA3AA711A20ACF8B1FC574F218|D7D1FB49049702BF6338894757E0D959|4C90FD52FC53D2C1C205844CB69575AB|A5D15FC386510762EC0DDFF54ABE6F94|21C3F9F07228094AEC57D54D4F194023,0.19444444444444445,216
7F286560861764CCB93C90B7AA833949|FF2C446555E3822B0E0FC3406116E86D|NA|A5D15FC386510762EC0DDFF54ABE6F94|FB05F67B7E868983840F2DEAA11082B9,0.19436619718309858,355
033E492229C2222EFAA16EE8A6462D8B|D7D1FB49049702BF6338894757E0D959|4C90FD52FC53D2C1C205844CB69575AB|1B491180398E2F0390E6A588B3BCE291|090EB90AEE5B73BA9F9EF6504F95772A,0.1942675159235669,314
033E492229C2222EFAA16EE8A6462D8B|FF2C446555E3822B0E0FC3406116E86D|4C90FD52FC53D2C1C205844CB69575AB|C45A9AC6D102ACAEEDF0D6F78636D84A|7B77DCEDF23DCF7996D58C7BE859E365,0.1940928270042194,237
033E492229C2222EFAA16EE8A6462D8B|7E56C27BFF0305E788DA55A029EC4988|4C90FD52FC53D2C1C205844CB69575AB|1B491180398E2F0390E6A588B3BCE291|7B844A587FA2CDC12A2F6CB3F6DFA97F,0.19398907103825136,732
033E492229C2222EFAA16EE8A6462D8B|7E56C27BFF0305E788DA55A029EC4988|4C90FD52FC53D2C1C205844CB69575AB|1B491180398E2F0390E6A588B3BCE291|91B22DE27E9D5A5608C4EB3BDFA679AC,0.19396903015484923,2454
B4B45C6CE5FC4DE45AB02974D8849DBD|7E56C27BFF0305E788DA55A029EC4988|NA|NA|A6CE825EFB7B65D9A01010552154AAAF,0.19390581717451524,361
E02400CDAD96905D88E932FE9B7D3552|FF2C446555E3822B0E0FC3406116E86D|921B36149E5B081FD24450BFE2CE4430|A5D15FC386510762EC0DDFF54ABE6F94|1995A0A91237CB436AFDB5676C4F4708,0.19387755102040816,294
7F286560861764CCB93C90B7AA833949|7E56C27BFF0305E788DA55A029EC4988|NA|NA|46317F3010AE222734789A58615F059D,0.1937984496124031,516
033E492229C2222EFAA16EE8A6462D8B|7E56C27BFF0305E788DA55A029EC4988|88460293E9517D21E39AA889BD5AADC8|86E2AFBF909EC95B069893FF0BBC5B26|F5356FCB36EA47C8BCF1DD0D309872B8,0.1937984496124031,258
7532B3FBAFEC164460C4ED6FEB0C022C|FF2C446555E3822B0E0FC3406116E86D|921B36149E5B081FD24450BFE2CE4430|A5D15FC386510762EC0DDFF54ABE6F94|64F6272B488F200B11AB6126575B8DFD,0.19375812743823148,769
7F286560861764CCB93C90B7AA833949|D7D1FB49049702BF6338894757E0D959|88460293E9517D21E39AA889BD5AADC8|A5D15FC386510762EC0DDFF54ABE6F94|3A53F1BADB52C35E9DE79BB16ADE50A7,0.19375,320
B4B45C6CE5FC4DE45AB02974D8849DBD|7E56C27BFF0305E788DA55A029EC4988|921B36149E5B081FD24450BFE2CE4430|A5D15FC386510762EC0DDFF54ABE6F94|0612710F4A2D9A1D3A05DE01C14DA98E,0.1937046004842615,413
2134F56D3769B5022DB7172F1536B749|D7D1FB49049702BF6338894757E0D959|88460293E9517D21E39AA889BD5AADC8|NA|NA,0.19368532767312285,3769
DDC2B3CC38945E431DE1B3F59EC56680|7E56C27BFF0305E788DA55A029EC4988|921B36149E5B081FD24450BFE2CE4430|A5D15FC386510762EC0DDFF54ABE6F94|3BB2AD395EC35EAC138F542215460325,0.1936619718309859,1420
7532B3FBAFEC164460C4ED6FEB0C022C|7E56C27BFF0305E788DA55A029EC4988|NA|NA|54742E512A4B3D75213239F53EC8F27C,0.1935483870967742,1178
7F286560861764CCB93C90B7AA833949|7E56C27BFF0305E788DA55A029EC4988|4C90FD52FC53D2C1C205844CB69575AB|A5D15FC386510762EC0DDFF54ABE6F94|07AE3A6696365F4390E726992343DDEB,0.1934931506849315,584
033E492229C2222EFAA16EE8A6462D8B|D7D1FB49049702BF6338894757E0D959|0CD76C7030D0900BE250C8D41703D180|A5D15FC386510762EC0DDFF54ABE6F94|AB7DFEF8550C902ABCDCF2017017B6B0,0.19330855018587362,269
033E492229C2222EFAA16EE8A6462D8B|D7D1FB49049702BF6338894757E0D959|538912C31E773613AB51FBAE58492476|6EFABCEDA36A931DBF760F88970BAF0E|6F2803C343F6DA0602D3B008D02C7113,0.19328889910365432,4351
E02400CDAD96905D88E932FE9B7D3552|7E56C27BFF0305E788DA55A029EC4988|921B36149E5B081FD24450BFE2CE4430|A5D15FC386510762EC0DDFF54ABE6F94|3BB2AD395EC35EAC138F542215460325,0.19325686478971152,2877
033E492229C2222EFAA16EE8A6462D8B|7E56C27BFF0305E788DA55A029EC4988|4C90FD52FC53D2C1C205844CB69575AB|1B491180398E2F0390E6A588B3BCE291|A7376287D4C753A7BA2C20601725514D,0.19322033898305085,1770
62D6A49514020FA0B2E434DB0B506005|D7D1FB49049702BF6338894757E0D959|NA|NA|A64100D9B66AA0026DA1394D4BF5B802,0.19318181818181818,792
E02400CDAD96905D88E932FE9B7D3552|7E56C27BFF0305E788DA55A029EC4988|921B36149E5B081FD24450BFE2CE4430|A5D15FC386510762EC0DDFF54ABE6F94|7BA18B7FCC191ACEE7F98578EA9258D1,0.19315403422982885,818
7F286560861764CCB93C90B7AA833949|7E56C27BFF0305E788DA55A029EC4988|NA|NA|FCD188A0E1F24BE0A2AAF75AB2069E77,0.19313304721030042,466
E02400CDAD96905D88E932FE9B7D3552|7E56C27BFF0305E788DA55A029EC4988|921B36149E5B081FD24450BFE2CE4430|A5D15FC386510762EC0DDFF54ABE6F94|70633E730D41FE794E4603A5884D3239,0.19305555555555556,720
033E492229C2222EFAA16EE8A6462D8B|7E56C27BFF0305E788DA55A029EC4988|4C90FD52FC53D2C1C205844CB69575AB|1B491180398E2F0390E6A588B3BCE291|9ABEBC88867561B1C63CD91913145E74,0.19287833827893175,337
033E492229C2222EFAA16EE8A6462D8B|D7D1FB49049702BF6338894757E0D959|4C90FD52FC53D2C1C205844CB69575AB|1B491180398E2F0390E6A588B3BCE291|39A582C8A8DDBEB38514DC3C5631ED65,0.19250871080139373,1148
033E492229C2222EFAA16EE8A6462D8B|D7D1FB49049702BF6338894757E0D959|4C90FD52FC53D2C1C205844CB69575AB|1B491180398E2F0390E6A588B3BCE291|FA0E518B46EB7A1C717EF692D18A056A,0.19230769230769232,234
62D6A49514020FA0B2E434DB0B506005|D7D1FB49049702BF6338894757E0D959|NA|NA|E76C7039FE4133BF88CAB6D726DCEAC4,0.19210197896238188,11218
13C26D10258053889D75D9B9CA922EC7|7E56C27BFF0305E788DA55A029EC4988|NA|A5D15FC386510762EC0DDFF54ABE6F94|FCD960FC6FBA97AA1BFCAA2D1EB0B36A,0.1919805589307412,823
13C26D10258053889D75D9B9CA922EC7|D7D1FB49049702BF6338894757E0D959|NA|NA|8E5DC01626AC9BF3B96428C8BF2E7C79,0.19183673469387755,245
033E492229C2222EFAA16EE8A6462D8B|D7D1FB49049702BF6338894757E0D959|4C90FD52FC53D2C1C205844CB69575AB|1B491180398E2F0390E6A588B3BCE291|58EF48095A3D8AE108B6B77E88B86CCC,0.19172932330827067,266
033E492229C2222EFAA16EE8A6462D8B|D7D1FB49049702BF6338894757E0D959|4C90FD52FC53D2C1C205844CB69575AB|A5D15FC386510762EC0DDFF54ABE6F94|9CD8E8B59F67D68F9DF10A79AE0A3758,0.19169329073482427,939
033E492229C2222EFAA16EE8A6462D8B|7E56C27BFF0305E788DA55A029EC4988|4C90FD52FC53D2C1C205844CB69575AB|A5D15FC386510762EC0DDFF54ABE6F94|16D8ACF0AEFA7973CCB83FDEC6D4645C,0.19163292847503374,741
033E492229C2222EFAA16EE8A6462D8B|D7D1FB49049702BF6338894757E0D959|4C90FD52FC53D2C1C205844CB69575AB|A5D15FC386510762EC0DDFF54ABE6F94|26310B2E8CE3DB83301584EE8FD1E341,0.19148936170212766,517
7F286560861764CCB93C90B7AA833949|7E56C27BFF0305E788DA55A029EC4988|921B36149E5B081FD24450BFE2CE4430|A5D15FC386510762EC0DDFF54ABE6F94|B9BD68BF0460DDBC289CE9EAF235D6B9,0.19146666666666667,1875
13C26D10258053889D75D9B9CA922EC7|7E56C27BFF0305E788DA55A029EC4988|NA|NA|FB05F67B7E868983840F2DEAA11082B9,0.191391237509608,1301
9D307E5B713DE5E90D787BE9F802AFBB|7E56C27BFF0305E788DA55A029EC4988|NA|NA|2643D22A9E0423A34D74481EA401068A,0.19130434782608696,345
7F286560861764CCB93C90B7AA833949|D7D1FB49049702BF6338894757E0D959|NA|A5D15FC386510762EC0DDFF54ABE6F94|8C83357A456568F5BA3247ED5DDC9EC5,0.1912640635340834,1511
EC997D43AC86A75D9B88A1051F86A67C|FF2C446555E3822B0E0FC3406116E86D|NA|NA|NA,0.19126029132362254,1579
9D307E5B713DE5E90D787BE9F802AFBB|D7D1FB49049702BF6338894757E0D959|4C90FD52FC53D2C1C205844CB69575AB|1B491180398E2F0390E6A588B3BCE291|5C0EF401E2C466E72CC5559C8674F369,0.19111111111111112,225
7F286560861764CCB93C90B7AA833949|D7D1FB49049702BF6338894757E0D959|NA|NA|7679FCB7DD0FBD6A703F481323CF0552,0.1911001911001911,3663
033E492229C2222EFAA16EE8A6462D8B|D7D1FB49049702BF6338894757E0D959|4C90FD52FC53D2C1C205844CB69575AB|1B491180398E2F0390E6A588B3BCE291|AC056D10C0D87FC2E884B80A30C25147,0.1909212283044059,749
E02400CDAD96905D88E932FE9B7D3552|7E56C27BFF0305E788DA55A029EC4988|NA|NA|4B5725D4CC24CF253E2266CC300FC597,0.19090909090909092,220
033E492229C2222EFAA16EE8A6462D8B|7E56C27BFF0305E788DA55A029EC4988|4C90FD52FC53D2C1C205844CB69575AB|1B491180398E2F0390E6A588B3BCE291|698F2579AC7447257CCED891BCA196EB,0.19076005961251863,1342
033E492229C2222EFAA16EE8A6462D8B|7E56C27BFF0305E788DA55A029EC4988|4C90FD52FC53D2C1C205844CB69575AB|1B491180398E2F0390E6A588B3BCE291|A3C449F53AD9625CC6DC236B8DB8FBFA,0.19072164948453607,388
033E492229C2222EFAA16EE8A6462D8B|7E56C27BFF0305E788DA55A029EC4988|4C90FD52FC53D2C1C205844CB69575AB|1B491180398E2F0390E6A588B3BCE291|9CCC210C04280FCB7B67D8FFDDFDA3E7,0.19065126050420167,1904
635623BABBB7DA2E072D8C339F606E15|7E56C27BFF0305E788DA55A029EC4988|NA|NA|AAE5DE0771BAD0DAB5FDC9E03A4F22B4,0.19056099732858414,1123
E02400CDAD96905D88E932FE9B7D3552|7E56C27BFF0305E788DA55A029EC4988|921B36149E5B081FD24450BFE2CE4430|A5D15FC386510762EC0DDFF54ABE6F94|69A459C1C8CA4D86E0C1F990093F1D15,0.19055118110236222,635
7F286560861764CCB93C90B7AA833949|7E56C27BFF0305E788DA55A029EC4988|NA|A5D15FC386510762EC0DDFF54ABE6F94|C28BEC4644A494F3E1BCDDF5C798DCE6,0.19047619047619047,399
5D656311CF9F47E34248BE9FBFF194A0|D7D1FB49049702BF6338894757E0D959|NA|NA|116ACBB7E1881C29A6EB95E3CA0E53D3,0.19025157232704404,3180
13C26D10258053889D75D9B9CA922EC7|D7D1FB49049702BF6338894757E0D959|NA|NA|8524B95BFAE274CAB1E2E69432C6EF03,0.1901639344262295,305
033E492229C2222EFAA16EE8A6462D8B|7E56C27BFF0305E788DA55A029EC4988|4C90FD52FC53D2C1C205844CB69575AB|1B491180398E2F0390E6A588B3BCE291|DE66A91FC83536D49ED1941A8F7B940C,0.18988333623541703,11486
7532B3FBAFEC164460C4ED6FEB0C022C|7E56C27BFF0305E788DA55A029EC4988|NA|NA|AB5E4C0ABB70A662102F3524E74A09D4,0.18981481481481483,216
62D6A49514020FA0B2E434DB0B506005|D7D1FB49049702BF6338894757E0D959|NA|NA|4FFB670F5D08704AD43A987D059C8A8F,0.1897810218978102,548
033E492229C2222EFAA16EE8A6462D8B|7E56C27BFF0305E788DA55A029EC4988|4C90FD52FC53D2C1C205844CB69575AB|D7B42B0C4D807EF1C13F79948743E9DA|80D1839688E41BD2663F389C6C2F3866,0.1896964856230032,2504
13C26D10258053889D75D9B9CA922EC7|7E56C27BFF0305E788DA55A029EC4988|4C90FD52FC53D2C1C205844CB69575AB|A5D15FC386510762EC0DDFF54ABE6F94|48D9201753DC9A5BED4A1A20C5C4480C,0.18962663233400773,5437
111C91D6B0D89C84BF196FED8DBE7BBB|7E56C27BFF0305E788DA55A029EC4988|NA|NA|7BA18B7FCC191ACEE7F98578EA9258D1,0.1896067415730337,712
033E492229C2222EFAA16EE8A6462D8B|D7D1FB49049702BF6338894757E0D959|4C90FD52FC53D2C1C205844CB69575AB|C45A9AC6D102ACAEEDF0D6F78636D84A|51B93A54AA2E134E33B112115AA95A80,0.18935837245696402,639
62D6A49514020FA0B2E434DB0B506005|D7D1FB49049702BF6338894757E0D959|NA|NA|F8B6FECD8697EF3824FC13093A513FEC,0.18915159944367177,719
033E492229C2222EFAA16EE8A6462D8B|D7D1FB49049702BF6338894757E0D959|4C90FD52FC53D2C1C205844CB69575AB|1B491180398E2F0390E6A588B3BCE291|380F31C348A21F35774E32C3816C48FE,0.1890909090909091,275
13C26D10258053889D75D9B9CA922EC7|D7D1FB49049702BF6338894757E0D959|4C90FD52FC53D2C1C205844CB69575AB|A5D15FC386510762EC0DDFF54ABE6F94|937DB720F30BFC8C5C81E7BE3323736A,0.1890547263681592,201
62D6A49514020FA0B2E434DB0B506005|D7D1FB49049702BF6338894757E0D959|NA|NA|193DFE100EDB2EFB50AB1F0DAD443782,0.1889763779527559,254
033E492229C2222EFAA16EE8A6462D8B|D7D1FB49049702BF6338894757E0D959|4C90FD52FC53D2C1C205844CB69575AB|C45A9AC6D102ACAEEDF0D6F78636D84A|A7376287D4C753A7BA2C20601725514D,0.18892508143322476,307
E02400CDAD96905D88E932FE9B7D3552|D7D1FB49049702BF6338894757E0D959|NA|NA|CB951EF3ABBB6DD2DE153BECE0F8E60A,0.1888446215139442,1255
033E492229C2222EFAA16EE8A6462D8B|7E56C27BFF0305E788DA55A029EC4988|4C90FD52FC53D2C1C205844CB69575AB|1B491180398E2F0390E6A588B3BCE291|7E89D2AF2061DD4D4F5F47DC0AA91390,0.18883610451306412,842
7F286560861764CCB93C90B7AA833949|7E56C27BFF0305E788DA55A029EC4988|4C90FD52FC53D2C1C205844CB69575AB|A5D15FC386510762EC0DDFF54ABE6F94|62899490AC0E72CDE90CE293E6600756,0.18882175226586104,662
7F286560861764CCB93C90B7AA833949|FF2C446555E3822B0E0FC3406116E86D|921B36149E5B081FD24450BFE2CE4430|A5D15FC386510762EC0DDFF54ABE6F94|3BB2AD395EC35EAC138F542215460325,0.18867924528301888,424
033E492229C2222EFAA16EE8A6462D8B|7E56C27BFF0305E788DA55A029EC4988|4C90FD52FC53D2C1C205844CB69575AB|A5D15FC386510762EC0DDFF54ABE6F94|777BEECAD173AC93E5CE0CE1CC82DF15,0.1885245901639344,610
B4B45C6CE5FC4DE45AB02974D8849DBD|7E56C27BFF0305E788DA55A029EC4988|NA|NA|A0D4596DB1EC6332F53D94477C46DBF1,0.1885245901639344,244
7F286560861764CCB93C90B7AA833949|7E56C27BFF0305E788DA55A029EC4988|4C90FD52FC53D2C1C205844CB69575AB|A5D15FC386510762EC0DDFF54ABE6F94|5730A6E20EFA239FC9968766E94FC1FB,0.1885245901639344,1586
033E492229C2222EFAA16EE8A6462D8B|7E56C27BFF0305E788DA55A029EC4988|4C90FD52FC53D2C1C205844CB69575AB|1B491180398E2F0390E6A588B3BCE291|0D0C3C3C88EA12CE635F41E42D9082BA,0.1884522854851644,1247
9D307E5B713DE5E90D787BE9F802AFBB|7E56C27BFF0305E788DA55A029EC4988|4C90FD52FC53D2C1C205844CB69575AB|C45A9AC6D102ACAEEDF0D6F78636D84A|57EE9D5FA21CB22613B2491A93E49D03,0.18840579710144928,207
7F286560861764CCB93C90B7AA833949|FF2C446555E3822B0E0FC3406116E86D|4C90FD52FC53D2C1C205844CB69575AB|A5D15FC386510762EC0DDFF54ABE6F94|5730A6E20EFA239FC9968766E94FC1FB,0.18835616438356165,292
13C26D10258053889D75D9B9CA922EC7|D7D1FB49049702BF6338894757E0D959|NA|NA|43468F61F071C10E5865681D28F4633B,0.18834080717488788,223
033E492229C2222EFAA16EE8A6462D8B|7E56C27BFF0305E788DA55A029EC4988|4C90FD52FC53D2C1C205844CB69575AB|1B491180398E2F0390E6A588B3BCE291|CEE637BF59DA498230F496FC60F9D2AD,0.1881918819188192,813
7F286560861764CCB93C90B7AA833949|FF2C446555E3822B0E0FC3406116E86D|NA|NA|E0B5B0C006C82AF06554E5ACB850F771,0.18815331010452963,287
7F286560861764CCB93C90B7AA833949|7E56C27BFF0305E788DA55A029EC4988|NA|A5D15FC386510762EC0DDFF54ABE6F94|D63ABF5F5E37CE14EF7297B4E8CE77ED,0.1881060116354234,1547
033E492229C2222EFAA16EE8A6462D8B|D7D1FB49049702BF6338894757E0D959|4C90FD52FC53D2C1C205844CB69575AB|1B491180398E2F0390E6A588B3BCE291|9CD0728F8862BB15ABAE2C25AF596BAD,0.18789584799437017,1421
B4B45C6CE5FC4DE45AB02974D8849DBD|7E56C27BFF0305E788DA55A029EC4988|NA|NA|A6A457ABCB2687F40FA0F95FB365397D,0.18763326226012794,469
7532B3FBAFEC164460C4ED6FEB0C022C|FF2C446555E3822B0E0FC3406116E86D|NA|NA|B1307FE5A41D1B598A37FA0A26B71DFE,0.1875,272
7532B3FBAFEC164460C4ED6FEB0C022C|7E56C27BFF0305E788DA55A029EC4988|NA|NA|AB28B9142D37FE28AECAD3C9F84A450E,0.18746892093485829,2011
88CED8BA3AA711A20ACF8B1FC574F218|D7D1FB49049702BF6338894757E0D959|NA|NA|C6471642CAE25DC8B3DFAD3B5DA0E7BD,0.18736141906873613,902
B4B45C6CE5FC4DE45AB02974D8849DBD|7E56C27BFF0305E788DA55A029EC4988|NA|NA|5C1AD2C28ACE22D57887E85980AE7D1F,0.1872791519434629,283
033E492229C2222EFAA16EE8A6462D8B|D7D1FB49049702BF6338894757E0D959|4C90FD52FC53D2C1C205844CB69575AB|1B491180398E2F0390E6A588B3BCE291|2BE3BED781AF57455FC44BB4BAE590E6,0.1872037914691943,422
EC997D43AC86A75D9B88A1051F86A67C|FF2C446555E3822B0E0FC3406116E86D|NA|NA|21A90C549878278288AA68AC91306813,0.18719211822660098,203
033E492229C2222EFAA16EE8A6462D8B|7E56C27BFF0305E788DA55A029EC4988|4C90FD52FC53D2C1C205844CB69575AB|A5D15FC386510762EC0DDFF54ABE6F94|6FEB3D5CA6EFFBD0E496D36514D7F5CD,0.18716577540106952,374
B4B45C6CE5FC4DE45AB02974D8849DBD|7E56C27BFF0305E788DA55A029EC4988|NA|NA|NA,0.1871431202799779,16287
EC997D43AC86A75D9B88A1051F86A67C|D7D1FB49049702BF6338894757E0D959|0CD76C7030D0900BE250C8D41703D180|A5D15FC386510762EC0DDFF54ABE6F94|E727AC8096F6D3C7781BDF8E54BB377B,0.18699186991869918,246
B4B45C6CE5FC4DE45AB02974D8849DBD|FF2C446555E3822B0E0FC3406116E86D|NA|NA|05B0ACDB23EE03E36D2B4A178048ED4A,0.1867704280155642,1542
033E492229C2222EFAA16EE8A6462D8B|7E56C27BFF0305E788DA55A029EC4988|4C90FD52FC53D2C1C205844CB69575AB|1B491180398E2F0390E6A588B3BCE291|E615B35F177A37D7C043030355FBD7ED,0.18672199170124482,241
7F286560861764CCB93C90B7AA833949|7E56C27BFF0305E788DA55A029EC4988|4C90FD52FC53D2C1C205844CB69575AB|A5D15FC386510762EC0DDFF54ABE6F94|DAB06C48B438C833F9E5B24B92C1A487,0.18671875,1280
033E492229C2222EFAA16EE8A6462D8B|FF2C446555E3822B0E0FC3406116E86D|4C90FD52FC53D2C1C205844CB69575AB|1B491180398E2F0390E6A588B3BCE291|91B22DE27E9D5A5608C4EB3BDFA679AC,0.18666666666666668,225
62D6A49514020FA0B2E434DB0B506005|7E56C27BFF0305E788DA55A029EC4988|NA|A5D15FC386510762EC0DDFF54ABE6F94|3050FE352360703C678CFEF01109890F,0.18661971830985916,284
033E492229C2222EFAA16EE8A6462D8B|D7D1FB49049702BF6338894757E0D959|4C90FD52FC53D2C1C205844CB69575AB|1B491180398E2F0390E6A588B3BCE291|82E64A79FE7AF3C0853E6F5AEDDD1CDD,0.18660758247168882,2031
9D307E5B713DE5E90D787BE9F802AFBB|7E56C27BFF0305E788DA55A029EC4988|4C90FD52FC53D2C1C205844CB69575AB|1B491180398E2F0390E6A588B3BCE291|E840B5CB23AF05D606E5120870FE7F9A,0.18659658344283836,761
944B2A351FEFAC79AEAA9DA57E1B351F|7E56C27BFF0305E788DA55A029EC4988|NA|NA|8CF804D0510BAE86EAC5325C4F71B20C,0.1864406779661017,413
13C26D10258053889D75D9B9CA922EC7|D7D1FB49049702BF6338894757E0D959|NA|NA|71267A82BFBDED9FE4B53008B30E0F48,0.1864406779661017,295
13C26D10258053889D75D9B9CA922EC7|7E56C27BFF0305E788DA55A029EC4988|4C90FD52FC53D2C1C205844CB69575AB|A5D15FC386510762EC0DDFF54ABE6F94|8A9C55DE0D42146F68C5B01C7EE6B770,0.1863905325443787,338
033E492229C2222EFAA16EE8A6462D8B|D7D1FB49049702BF6338894757E0D959|4C90FD52FC53D2C1C205844CB69575AB|1B491180398E2F0390E6A588B3BCE291|9B210E9BAE7E91075CA86986AE5F4FFB,0.18625678119349007,553
13C26D10258053889D75D9B9CA922EC7|D7D1FB49049702BF6338894757E0D959|NA|NA|3F2A694AFCABB764146464292F7BE503,0.18621456364647027,1799
B4B45C6CE5FC4DE45AB02974D8849DBD|7E56C27BFF0305E788DA55A029EC4988|NA|NA|1212975A7EADA2D3101EA3C8A3262D2F,0.18616207951070338,2616
635623BABBB7DA2E072D8C339F606E15|D7D1FB49049702BF6338894757E0D959|NA|NA|128856F445F48D007F16301BB6F5FFCB,0.18612521150592218,591
62D6A49514020FA0B2E434DB0B506005|D7D1FB49049702BF6338894757E0D959|NA|NA|FB05F67B7E868983840F2DEAA11082B9,0.185978932074101,2753
62D6A49514020FA0B2E434DB0B506005|7E56C27BFF0305E788DA55A029EC4988|NA|NA|C1140F6F61F51379907D4DD2B2DE341C,0.18586387434554974,382
033E492229C2222EFAA16EE8A6462D8B|D7D1FB49049702BF6338894757E0D959|4C90FD52FC53D2C1C205844CB69575AB|1B491180398E2F0390E6A588B3BCE291|7B77DCEDF23DCF7996D58C7BE859E365,0.18585526315789475,608
62D6A49514020FA0B2E434DB0B506005|FF2C446555E3822B0E0FC3406116E86D|NA|NA|5403D8923180FADDD0DB280DAC16E744,0.18584070796460178,4068
033E492229C2222EFAA16EE8A6462D8B|D7D1FB49049702BF6338894757E0D959|4C90FD52FC53D2C1C205844CB69575AB|1B491180398E2F0390E6A588B3BCE291|698F2579AC7447257CCED891BCA196EB,0.1858288770053476,748
033E492229C2222EFAA16EE8A6462D8B|D7D1FB49049702BF6338894757E0D959|4C90FD52FC53D2C1C205844CB69575AB|C45A9AC6D102ACAEEDF0D6F78636D84A|0FE9F28F4004F0B48D66C26499E6D002,0.18559556786703602,361
7F286560861764CCB93C90B7AA833949|7E56C27BFF0305E788DA55A029EC4988|NA|NA|2FC81788CFD2B954495898DCB2FAB9BA,0.18556701030927836,291
88CED8BA3AA711A20ACF8B1FC574F218|FF2C446555E3822B0E0FC3406116E86D|NA|NA|NA,0.18549848942598188,3310
62D6A49514020FA0B2E434DB0B506005|D7D1FB49049702BF6338894757E0D959|NA|NA|CD539EC774D2B54D8B45E6CEED8D315A,0.1853932584269663,712
033E492229C2222EFAA16EE8A6462D8B|D7D1FB49049702BF6338894757E0D959|A443B40A19DB45968C2825CE225368DF|D7B42B0C4D807EF1C13F79948743E9DA|7807D1C31E020624523E2F99726B0D22,0.18536350505536833,2077
EC997D43AC86A75D9B88A1051F86A67C|7E56C27BFF0305E788DA55A029EC4988|NA|NA|96C5625A152D14CD7744F180323AAD78,0.18518518518518517,297
635623BABBB7DA2E072D8C339F606E15|7E56C27BFF0305E788DA55A029EC4988|NA|NA|EC5B86BD6FA95CD6F27BFBB18BA86CF2,0.18518518518518517,351
635623BABBB7DA2E072D8C339F606E15|D7D1FB49049702BF6338894757E0D959|NA|NA|4F5032F092E78A4D91EE95322C31EC6D,0.18518518518518517,216
E02400CDAD96905D88E932FE9B7D3552|7E56C27BFF0305E788DA55A029EC4988|921B36149E5B081FD24450BFE2CE4430|A5D15FC386510762EC0DDFF54ABE6F94|AD4285ECDD100BBF3FE757C36FD5D9F6,0.18518518518518517,243
B4B45C6CE5FC4DE45AB02974D8849DBD|7E56C27BFF0305E788DA55A029EC4988|921B36149E5B081FD24450BFE2CE4430|A5D15FC386510762EC0DDFF54ABE6F94|D4E98A9DB553381424D56F07C0A6BEEB,0.18514219384793965,1723
7532B3FBAFEC164460C4ED6FEB0C022C|FF2C446555E3822B0E0FC3406116E86D|NA|NA|AB28B9142D37FE28AECAD3C9F84A450E,0.1851145038167939,524
EC997D43AC86A75D9B88A1051F86A67C|7E56C27BFF0305E788DA55A029EC4988|NA|NA|B970198A0E3CFB18D601744A2395E00B,0.1850828729281768,362
033E492229C2222EFAA16EE8A6462D8B|D7D1FB49049702BF6338894757E0D959|4C90FD52FC53D2C1C205844CB69575AB|1B491180398E2F0390E6A588B3BCE291|4C7FFFD80E7B4950F7E772219CC0DC29,0.18503937007874016,254
033E492229C2222EFAA16EE8A6462D8B|D7D1FB49049702BF6338894757E0D959|4C90FD52FC53D2C1C205844CB69575AB|C45A9AC6D102ACAEEDF0D6F78636D84A|155FAE50E849443D6B418B634954FE7B,0.18502202643171806,227
635623BABBB7DA2E072D8C339F606E15|7E56C27BFF0305E788DA55A029EC4988|NA|NA|3BFCF3089DE6D2A3DAB612D06B1807AD,0.185,200
033E492229C2222EFAA16EE8A6462D8B|D7D1FB49049702BF6338894757E0D959|4C90FD52FC53D2C1C205844CB69575AB|A5D15FC386510762EC0DDFF54ABE6F94|7B4F751A5189AAA6315B6E9AEED5CA8F,0.1849912739965096,573
033E492229C2222EFAA16EE8A6462D8B|D7D1FB49049702BF6338894757E0D959|4C90FD52FC53D2C1C205844CB69575AB|1B491180398E2F0390E6A588B3BCE291|4D7C26F4F71AC69FE9808E4ABE8BC050,0.18493150684931506,292
033E492229C2222EFAA16EE8A6462D8B|7E56C27BFF0305E788DA55A029EC4988|4C90FD52FC53D2C1C205844CB69575AB|1B491180398E2F0390E6A588B3BCE291|2ECC4F8077BC3C24C94B75DDD66E5649,0.18491484184914841,411
62D6A49514020FA0B2E434DB0B506005|7E56C27BFF0305E788DA55A029EC4988|NA|NA|EA25EE868F6431CFBF01D34BA76A1CA6,0.18487394957983194,357
033E492229C2222EFAA16EE8A6462D8B|D7D1FB49049702BF6338894757E0D959|4C90FD52FC53D2C1C205844CB69575AB|1B491180398E2F0390E6A588B3BCE291|C0D311177F823A33270412C09C5FAAB3,0.1848341232227488,211
033E492229C2222EFAA16EE8A6462D8B|D7D1FB49049702BF6338894757E0D959|4C90FD52FC53D2C1C205844CB69575AB|1B491180398E2F0390E6A588B3BCE291|79FAA4C5A4947D1B074436EEC7504C52,0.18468468468468469,222
E02400CDAD96905D88E932FE9B7D3552|D7D1FB49049702BF6338894757E0D959|921B36149E5B081FD24450BFE2CE4430|A5D15FC386510762EC0DDFF54ABE6F94|378ADE4008A99DA66F6B237A58898461,0.18461538461538463,780
033E492229C2222EFAA16EE8A6462D8B|D7D1FB49049702BF6338894757E0D959|4C90FD52FC53D2C1C205844CB69575AB|C45A9AC6D102ACAEEDF0D6F78636D84A|FAB1AF3C4A304CAF67E358B4CE0A3407,0.18454935622317598,466
7F286560861764CCB93C90B7AA833949|7E56C27BFF0305E788DA55A029EC4988|4C90FD52FC53D2C1C205844CB69575AB|A5D15FC386510762EC0DDFF54ABE6F94|7D2961B8BF5D579A51276662D70D2C75,0.1845102505694761,439
7532B3FBAFEC164460C4ED6FEB0C022C|7E56C27BFF0305E788DA55A029EC4988|NA|NA|1212975A7EADA2D3101EA3C8A3262D2F,0.18446601941747573,206
7532B3FBAFEC164460C4ED6FEB0C022C|D7D1FB49049702BF6338894757E0D959|NA|NA|30E6B8D1AE9403154A42C92925FCF1FE,0.18433179723502305,434
62D6A49514020FA0B2E434DB0B506005|D7D1FB49049702BF6338894757E0D959|NA|NA|1B601D20830D9FC868B01C36D409C168,0.1843137254901961,255
033E492229C2222EFAA16EE8A6462D8B|FF2C446555E3822B0E0FC3406116E86D|4C90FD52FC53D2C1C205844CB69575AB|C45A9AC6D102ACAEEDF0D6F78636D84A|6271E7ACEF710C0C57E758E473279B63,0.18421052631578946,494
033E492229C2222EFAA16EE8A6462D8B|FF2C446555E3822B0E0FC3406116E86D|4C90FD52FC53D2C1C205844CB69575AB|1B491180398E2F0390E6A588B3BCE291|BBEBDBDA2D1BDD9514E9AF16C551A1FE,0.18421052631578946,228
E02400CDAD96905D88E932FE9B7D3552|7E56C27BFF0305E788DA55A029EC4988|NA|NA|33C92B722556E99F0CFCFB2C9879B1B5,0.18396226415094338,848
7F286560861764CCB93C90B7AA833949|7E56C27BFF0305E788DA55A029EC4988|NA|A5D15FC386510762EC0DDFF54ABE6F94|4B5DD6670080546EDD3DEC02879A1A3A,0.18385650224215247,223
033E492229C2222EFAA16EE8A6462D8B|7E56C27BFF0305E788DA55A029EC4988|4C90FD52FC53D2C1C205844CB69575AB|1B491180398E2F0390E6A588B3BCE291|5E24697869960732A10B91798AC92261,0.18373493975903615,664
EC997D43AC86A75D9B88A1051F86A67C|D7D1FB49049702BF6338894757E0D959|0CD76C7030D0900BE250C8D41703D180|A5D15FC386510762EC0DDFF54ABE6F94|64A2D4015D6980E2E04A8EF11A0FCF49,0.1836829836829837,2145
7F286560861764CCB93C90B7AA833949|D7D1FB49049702BF6338894757E0D959|4C90FD52FC53D2C1C205844CB69575AB|A5D15FC386510762EC0DDFF54ABE6F94|4D5F4B155EC991C4AAD734F17104585D,0.18364974815962806,2581
7F286560861764CCB93C90B7AA833949|FF2C446555E3822B0E0FC3406116E86D|NA|NA|8BB701619CD58291765B951D0DCF59B4,0.18360655737704917,305
B4B45C6CE5FC4DE45AB02974D8849DBD|D7D1FB49049702BF6338894757E0D959|4C90FD52FC53D2C1C205844CB69575AB|A5D15FC386510762EC0DDFF54ABE6F94|9CD8E8B59F67D68F9DF10A79AE0A3758,0.18360655737704917,305
E02400CDAD96905D88E932FE9B7D3552|7E56C27BFF0305E788DA55A029EC4988|921B36149E5B081FD24450BFE2CE4430|A5D15FC386510762EC0DDFF54ABE6F94|EDA0A99FD695C843468A929FC8FFDE15,0.18358208955223881,670
EC997D43AC86A75D9B88A1051F86A67C|D7D1FB49049702BF6338894757E0D959|0CD76C7030D0900BE250C8D41703D180|A5D15FC386510762EC0DDFF54ABE6F94|A1BA1D4E694A5D5D4000BBD42FBD5B0F,0.1834862385321101,218
13C26D10258053889D75D9B9CA922EC7|7E56C27BFF0305E788DA55A029EC4988|NA|A5D15FC386510762EC0DDFF54ABE6F94|4F0ED626627C4A0D5DECB2B57A629E09,0.1833810888252149,698
033E492229C2222EFAA16EE8A6462D8B|7E56C27BFF0305E788DA55A029EC4988|921B36149E5B081FD24450BFE2CE4430|1B491180398E2F0390E6A588B3BCE291|4F9C61102FB643CF91522716DC166787,0.18336886993603413,469
13C26D10258053889D75D9B9CA922EC7|D7D1FB49049702BF6338894757E0D959|NA|NA|6F1EDBC03827F3F51B5C360E0ACEA427,0.18333333333333332,240
635623BABBB7DA2E072D8C339F606E15|FF2C446555E3822B0E0FC3406116E86D|NA|NA|6760D598FF2B58D139A608A1323D3E5F,0.18332413031474323,1811
033E492229C2222EFAA16EE8A6462D8B|7E56C27BFF0305E788DA55A029EC4988|4C90FD52FC53D2C1C205844CB69575AB|1B491180398E2F0390E6A588B3BCE291|70FD5E7045D7C65C0FBBD96977C2F7BE,0.1831831831831832,1332
111C91D6B0D89C84BF196FED8DBE7BBB|D7D1FB49049702BF6338894757E0D959|NA|NA|NA,0.18315018315018314,1092
E02400CDAD96905D88E932FE9B7D3552|7E56C27BFF0305E788DA55A029EC4988|NA|NA|7B2035D76291A588EBBC05F09ECE76ED,0.18315018315018314,273
13C26D10258053889D75D9B9CA922EC7|7E56C27BFF0305E788DA55A029EC4988|NA|NA|C81B7FC04F25245B85F785B38609D4E6,0.18315018315018314,273
13C26D10258053889D75D9B9CA922EC7|D7D1FB49049702BF6338894757E0D959|4C90FD52FC53D2C1C205844CB69575AB|1B491180398E2F0390E6A588B3BCE291|702CFB087468075EDFA072A01AA726DE,0.18309859154929578,355
033E492229C2222EFAA16EE8A6462D8B|D7D1FB49049702BF6338894757E0D959|4C90FD52FC53D2C1C205844CB69575AB|1B491180398E2F0390E6A588B3BCE291|48C1F79BCEC4AEF55DAF43E876C97AAA,0.18305084745762712,295
EC997D43AC86A75D9B88A1051F86A67C|7E56C27BFF0305E788DA55A029EC4988|NA|NA|21A90C549878278288AA68AC91306813,0.18280739934711643,919
033E492229C2222EFAA16EE8A6462D8B|7E56C27BFF0305E788DA55A029EC4988|4C90FD52FC53D2C1C205844CB69575AB|1B491180398E2F0390E6A588B3BCE291|50AD1BE4325C2EAF8AB3DB440745CB65,0.1827956989247312,465
62D6A49514020FA0B2E434DB0B506005|7E56C27BFF0305E788DA55A029EC4988|NA|NA|BDACDB417E759587A401E3BD30183344,0.18275862068965518,290
033E492229C2222EFAA16EE8A6462D8B|D7D1FB49049702BF6338894757E0D959|4C90FD52FC53D2C1C205844CB69575AB|C45A9AC6D102ACAEEDF0D6F78636D84A|9C7F345D8CD9E743F018B36FBABED373,0.18269230769230768,312
88CED8BA3AA711A20ACF8B1FC574F218|D7D1FB49049702BF6338894757E0D959|NA|NA|E5ADBA7EA46FFA59C2580697A4809C90,0.18266978922716628,854
033E492229C2222EFAA16EE8A6462D8B|7E56C27BFF0305E788DA55A029EC4988|4C90FD52FC53D2C1C205844CB69575AB|A5D15FC386510762EC0DDFF54ABE6F94|86A261B840609360F9D5A0A74C86A644,0.18263473053892215,334
7F286560861764CCB93C90B7AA833949|7E56C27BFF0305E788DA55A029EC4988|4C90FD52FC53D2C1C205844CB69575AB|A5D15FC386510762EC0DDFF54ABE6F94|C35F816FC5812C2D919B04C5EE1CFF77,0.1826086956521739,345
13C26D10258053889D75D9B9CA922EC7|7E56C27BFF0305E788DA55A029EC4988|4C90FD52FC53D2C1C205844CB69575AB|A5D15FC386510762EC0DDFF54ABE6F94|FCDDCC4732C2C35F9AF7FA011E7FD3A3,0.18253968253968253,1008
033E492229C2222EFAA16EE8A6462D8B|D7D1FB49049702BF6338894757E0D959|4C90FD52FC53D2C1C205844CB69575AB|1B491180398E2F0390E6A588B3BCE291|B56FAF4FF95571934D31101BEECBFB74,0.18251735134121178,5331
7F286560861764CCB93C90B7AA833949|D7D1FB49049702BF6338894757E0D959|NA|NA|688AAD314F886EA12C8D8CA1EAE3C42C,0.18248175182481752,959
635623BABBB7DA2E072D8C339F606E15|7E56C27BFF0305E788DA55A029EC4988|NA|NA|95AA91B86918675414C94EA64EBD48A3,0.18243243243243243,296
E02400CDAD96905D88E932FE9B7D3552|7E56C27BFF0305E788DA55A029EC4988|921B36149E5B081FD24450BFE2CE4430|A5D15FC386510762EC0DDFF54ABE6F94|B9BD68BF0460DDBC289CE9EAF235D6B9,0.18237314002289204,2621
EC997D43AC86A75D9B88A1051F86A67C|FF2C446555E3822B0E0FC3406116E86D|0CD76C7030D0900BE250C8D41703D180|A5D15FC386510762EC0DDFF54ABE6F94|64A2D4015D6980E2E04A8EF11A0FCF49,0.18229166666666666,384
7F286560861764CCB93C90B7AA833949|7E56C27BFF0305E788DA55A029EC4988|4C90FD52FC53D2C1C205844CB69575AB|A5D15FC386510762EC0DDFF54ABE6F94|79CD9F9469C08406F6115256DC2DD691,0.1822429906542056,214
033E492229C2222EFAA16EE8A6462D8B|7E56C27BFF0305E788DA55A029EC4988|4C90FD52FC53D2C1C205844CB69575AB|1B491180398E2F0390E6A588B3BCE291|4E40E4A0E1CD51FDAF8CCCFAB46D3BAC,0.18223028105167724,1103
9D307E5B713DE5E90D787BE9F802AFBB|D7D1FB49049702BF6338894757E0D959|4C90FD52FC53D2C1C205844CB69575AB|C45A9AC6D102ACAEEDF0D6F78636D84A|96E619640B34DA9AB3CE096BB5A644C0,0.18220338983050846,472
E02400CDAD96905D88E932FE9B7D3552|7E56C27BFF0305E788DA55A029EC4988|NA|NA|5EC536A8629B756EB292F7A8E222DC96,0.18218623481781376,247
7532B3FBAFEC164460C4ED6FEB0C022C|7E56C27BFF0305E788DA55A029EC4988|NA|NA|B7F7367A567718783E45506036A7FBC2,0.18208955223880596,335
7F286560861764CCB93C90B7AA833949|FF2C446555E3822B0E0FC3406116E86D|NA|NA|438BC5027C9C28DC8D496215EA68083A,0.18208092485549132,346
7F286560861764CCB93C90B7AA833949|7E56C27BFF0305E788DA55A029EC4988|4C90FD52FC53D2C1C205844CB69575AB|A5D15FC386510762EC0DDFF54ABE6F94|F15DCA9E43DF2C07E9A9DA8E69CB1037,0.18200408997955012,489
7F286560861764CCB93C90B7AA833949|D7D1FB49049702BF6338894757E0D959|NA|NA|C3F1ED3BEA1C11397EA3046E2D5AB696,0.18181818181818182,209
62D6A49514020FA0B2E434DB0B506005|D7D1FB49049702BF6338894757E0D959|88460293E9517D21E39AA889BD5AADC8|NA|NA,0.18181818181818182,209
7F286560861764CCB93C90B7AA833949|7E56C27BFF0305E788DA55A029EC4988|NA|NA|50CA84E9C7C84640D74F60838960B28D,0.18181818181818182,308
944B2A351FEFAC79AEAA9DA57E1B351F|7E56C27BFF0305E788DA55A029EC4988|NA|NA|C474A521E256E41CF9316454A3C4D7CE,0.18181818181818182,209
7F286560861764CCB93C90B7AA833949|FF2C446555E3822B0E0FC3406116E86D|NA|NA|687DE56FE46B8FF266B52EEFE60267D8,0.18181818181818182,682
62D6A49514020FA0B2E434DB0B506005|FF2C446555E3822B0E0FC3406116E86D|NA|NA|8D19B59BEA06777A4E3BE0146A561612,0.18181818181818182,286
13C26D10258053889D75D9B9CA922EC7|D7D1FB49049702BF6338894757E0D959|NA|NA|NA,0.18181818181818182,10131
62D6A49514020FA0B2E434DB0B506005|D7D1FB49049702BF6338894757E0D959|NA|NA|79B3930985290E0BD83527E34D5AEE68,0.18171926006528835,919
033E492229C2222EFAA16EE8A6462D8B|7E56C27BFF0305E788DA55A029EC4988|4C90FD52FC53D2C1C205844CB69575AB|1B491180398E2F0390E6A588B3BCE291|4CE7778C2861639BD33B55BBA003C8CE,0.18169398907103826,732
033E492229C2222EFAA16EE8A6462D8B|D7D1FB49049702BF6338894757E0D959|4C90FD52FC53D2C1C205844CB69575AB|1B491180398E2F0390E6A588B3BCE291|D66031A219506E11A6503E8938463817,0.18155619596541786,347
62D6A49514020FA0B2E434DB0B506005|D7D1FB49049702BF6338894757E0D959|4C90FD52FC53D2C1C205844CB69575AB|A5D15FC386510762EC0DDFF54ABE6F94|1CF43E94B0421089AE4EF3E598C192FD,0.18149466192170818,281
B4B45C6CE5FC4DE45AB02974D8849DBD|7E56C27BFF0305E788DA55A029EC4988|NA|NA|884A2330565265DB1D987B2D58696611,0.1814814814814815,270
033E492229C2222EFAA16EE8A6462D8B|D7D1FB49049702BF6338894757E0D959|4C90FD52FC53D2C1C205844CB69575AB|A5D15FC386510762EC0DDFF54ABE6F94|B90E605811C70B18D5DE34A523B77C60,0.1814516129032258,744
E02400CDAD96905D88E932FE9B7D3552|7E56C27BFF0305E788DA55A029EC4988|NA|NA|0C01670CE148D7D27FA90A0C832F7538,0.18140929535232383,667
7F286560861764CCB93C90B7AA833949|7E56C27BFF0305E788DA55A029EC4988|4C90FD52FC53D2C1C205844CB69575AB|A5D15FC386510762EC0DDFF54ABE6F94|D6BC28A8F34D824C89F03313BBD5614A,0.18128654970760233,342
B4B45C6CE5FC4DE45AB02974D8849DBD|D7D1FB49049702BF6338894757E0D959|88460293E9517D21E39AA889BD5AADC8|NA|9A0EA21647E006E4AAA6908795A06465,0.18099547511312217,221
7F286560861764CCB93C90B7AA833949|FF2C446555E3822B0E0FC3406116E86D|NA|NA|70A0488F4C5578A750592A5518B63141,0.18089430894308944,492
7F286560861764CCB93C90B7AA833949|7E56C27BFF0305E788DA55A029EC4988|NA|NA|FB05F67B7E868983840F2DEAA11082B9,0.18078602620087336,3435
6A21F69EBA80612A04B0F6BAC857AAF2|7E56C27BFF0305E788DA55A029EC4988|NA|NA|NA,0.18074191002367798,1267
2134F56D3769B5022DB7172F1536B749|7E56C27BFF0305E788DA55A029EC4988|NA|NA|DE81C081CB2C3C671DEFB7E0FFFE0494,0.18037135278514588,377
62D6A49514020FA0B2E434DB0B506005|7E56C27BFF0305E788DA55A029EC4988|NA|NA|183CA72B3D949C5CD9AC5868F4CE8796,0.18028169014084508,355
7F286560861764CCB93C90B7AA833949|7E56C27BFF0305E788DA55A029EC4988|NA|NA|A14A3A7FDA9F5EB6589E21D2B37579F4,0.18027210884353742,294
B4B45C6CE5FC4DE45AB02974D8849DBD|7E56C27BFF0305E788DA55A029EC4988|NA|NA|9F71B43CA1C169A4DD47C8F69DBE8C22,0.18007662835249041,261
033E492229C2222EFAA16EE8A6462D8B|7E56C27BFF0305E788DA55A029EC4988|4C90FD52FC53D2C1C205844CB69575AB|1B491180398E2F0390E6A588B3BCE291|447F86E254B22E87005128543DB79ABD,0.18004866180048662,411
13C26D10258053889D75D9B9CA922EC7|D7D1FB49049702BF6338894757E0D959|NA|NA|C440B1FD6D2B241C702A562C504CBB50,0.17991169977924945,906
033E492229C2222EFAA16EE8A6462D8B|D7D1FB49049702BF6338894757E0D959|4C90FD52FC53D2C1C205844CB69575AB|1B491180398E2F0390E6A588B3BCE291|586B83A2060B96585C9D0F9BE9DBD68F,0.17985611510791366,417
13C26D10258053889D75D9B9CA922EC7|D7D1FB49049702BF6338894757E0D959|NA|NA|8696C116BFA541F222AE3AFB4FB4277C,0.17969094922737308,2265
033E492229C2222EFAA16EE8A6462D8B|D7D1FB49049702BF6338894757E0D959|4C90FD52FC53D2C1C205844CB69575AB|1B491180398E2F0390E6A588B3BCE291|A9ED787AC279FA294FF9FFF5968D2A46,0.1796875,384
13C26D10258053889D75D9B9CA922EC7|D7D1FB49049702BF6338894757E0D959|4C90FD52FC53D2C1C205844CB69575AB|1B491180398E2F0390E6A588B3BCE291|4DBCA5EB28A45183C1F0F10A79048EFA,0.1796116504854369,206
7F286560861764CCB93C90B7AA833949|7E56C27BFF0305E788DA55A029EC4988|921B36149E5B081FD24450BFE2CE4430|A5D15FC386510762EC0DDFF54ABE6F94|EC78C1EB71DE898DF58B246B953A191E,0.1796116504854369,618
7F286560861764CCB93C90B7AA833949|FF2C446555E3822B0E0FC3406116E86D|NA|NA|79CD9F9469C08406F6115256DC2DD691,0.1794871794871795,546
E02400CDAD96905D88E932FE9B7D3552|D7D1FB49049702BF6338894757E0D959|921B36149E5B081FD24450BFE2CE4430|A5D15FC386510762EC0DDFF54ABE6F94|BDE8FBAA9FDCE9CE53D932C34FC09B09,0.17941585535465926,1438
62D6A49514020FA0B2E434DB0B506005|FF2C446555E3822B0E0FC3406116E86D|NA|NA|5CB96F171B586A7CC3974C32755AEF36,0.17934508816120906,1985
944B2A351FEFAC79AEAA9DA57E1B351F|7E56C27BFF0305E788DA55A029EC4988|NA|NA|NA,0.1793103448275862,6815
88CED8BA3AA711A20ACF8B1FC574F218|D7D1FB49049702BF6338894757E0D959|NA|NA|DCDCE89EAF2BD343E6DD051C73469DC2,0.17928286852589642,251
033E492229C2222EFAA16EE8A6462D8B|D7D1FB49049702BF6338894757E0D959|4C90FD52FC53D2C1C205844CB69575AB|1B491180398E2F0390E6A588B3BCE291|E93FF2EB5C5099B26FD2F432505EF3B8,0.17922077922077922,385
13C26D10258053889D75D9B9CA922EC7|D7D1FB49049702BF6338894757E0D959|NA|NA|9E0EAAF455B7E51AE375D9CA77041CE4,0.1791794422543437,34245
033E492229C2222EFAA16EE8A6462D8B|7E56C27BFF0305E788DA55A029EC4988|921B36149E5B081FD24450BFE2CE4430|C45A9AC6D102ACAEEDF0D6F78636D84A|4F9C61102FB643CF91522716DC166787,0.1791304347826087,575
2134F56D3769B5022DB7172F1536B749|7E56C27BFF0305E788DA55A029EC4988|88460293E9517D21E39AA889BD5AADC8|NA|9A0EA21647E006E4AAA6908795A06465,0.1791044776119403,201
EC997D43AC86A75D9B88A1051F86A67C|7E56C27BFF0305E788DA55A029EC4988|921B36149E5B081FD24450BFE2CE4430|A5D15FC386510762EC0DDFF54ABE6F94|29C0B2B5126E480F0DD4454F31F10A39,0.1791044776119403,402
033E492229C2222EFAA16EE8A6462D8B|7E56C27BFF0305E788DA55A029EC4988|4C90FD52FC53D2C1C205844CB69575AB|1B491180398E2F0390E6A588B3BCE291|C7EE57A5E7B8FD2900EAE5AC995B9A50,0.17889908256880735,218
033E492229C2222EFAA16EE8A6462D8B|D7D1FB49049702BF6338894757E0D959|4C90FD52FC53D2C1C205844CB69575AB|1B491180398E2F0390E6A588B3BCE291|493B88AC8225128B0F81F0F7199C0441,0.17889908256880735,436
033E492229C2222EFAA16EE8A6462D8B|D7D1FB49049702BF6338894757E0D959|4C90FD52FC53D2C1C205844CB69575AB|28F311FA00BD3B4D076659D87EE3AE8D|8764A183F131AFF30376FAC34A1C7585,0.17889908256880735,218
7532B3FBAFEC164460C4ED6FEB0C022C|7E56C27BFF0305E788DA55A029EC4988|NA|NA|0C01670CE148D7D27FA90A0C832F7538,0.1787709497206704,358
033E492229C2222EFAA16EE8A6462D8B|D7D1FB49049702BF6338894757E0D959|4C90FD52FC53D2C1C205844CB69575AB|1B491180398E2F0390E6A588B3BCE291|1A5152ACA961F6279A5E86BB202B5B68,0.178752107925801,593
7532B3FBAFEC164460C4ED6FEB0C022C|7E56C27BFF0305E788DA55A029EC4988|NA|NA|378ADE4008A99DA66F6B237A58898461,0.17872340425531916,235
033E492229C2222EFAA16EE8A6462D8B|D7D1FB49049702BF6338894757E0D959|4C90FD52FC53D2C1C205844CB69575AB|C45A9AC6D102ACAEEDF0D6F78636D84A|D544DD4C9E7F122F9299A06DCC827F2B,0.17867253853413023,3179
7532B3FBAFEC164460C4ED6FEB0C022C|7E56C27BFF0305E788DA55A029EC4988|NA|NA|576376A05E547A280B4364841F042B84,0.1784776902887139,381
033E492229C2222EFAA16EE8A6462D8B|FF2C446555E3822B0E0FC3406116E86D|4C90FD52FC53D2C1C205844CB69575AB|1B491180398E2F0390E6A588B3BCE291|1C01A3A78F431232658331196A0C0023,0.17845117845117844,297
B4B45C6CE5FC4DE45AB02974D8849DBD|FF2C446555E3822B0E0FC3406116E86D|NA|NA|116ACBB7E1881C29A6EB95E3CA0E53D3,0.17827298050139276,718
033E492229C2222EFAA16EE8A6462D8B|D7D1FB49049702BF6338894757E0D959|4C90FD52FC53D2C1C205844CB69575AB|A5D15FC386510762EC0DDFF54ABE6F94|D94B395DCBDB81933A64090916E99424,0.17819148936170212,376
033E492229C2222EFAA16EE8A6462D8B|7E56C27BFF0305E788DA55A029EC4988|4C90FD52FC53D2C1C205844CB69575AB|A5D15FC386510762EC0DDFF54ABE6F94|4BB27E2C6A84C48887E90CD14DC3DE5D,0.17813765182186234,247
7F286560861764CCB93C90B7AA833949|7E56C27BFF0305E788DA55A029EC4988|NA|NA|D26C66CD1BC5EF811217043EE5505E2B,0.1780821917808219,365
033E492229C2222EFAA16EE8A6462D8B|D7D1FB49049702BF6338894757E0D959|4C90FD52FC53D2C1C205844CB69575AB|1B491180398E2F0390E6A588B3BCE291|16CBCF9A48FCB3042641BF67C10FB326,0.17784256559766765,343
DDC2B3CC38945E431DE1B3F59EC56680|7E56C27BFF0305E788DA55A029EC4988|NA|NA|8B22D860877E19AD8DCF3A2F2135AF1D,0.17777777777777778,225
13C26D10258053889D75D9B9CA922EC7|D7D1FB49049702BF6338894757E0D959|NA|NA|0D3BC6DDE2CD902E97FA6D0736366076,0.1777408637873754,602
62D6A49514020FA0B2E434DB0B506005|FF2C446555E3822B0E0FC3406116E86D|NA|NA|73F7BDE32893C8A538ECBAA53E9626B0,0.177734375,512
E02400CDAD96905D88E932FE9B7D3552|7E56C27BFF0305E788DA55A029EC4988|NA|NA|6B8BF886DF46A40B820FF67FB5F42B74,0.17768595041322313,242
7F286560861764CCB93C90B7AA833949|7E56C27BFF0305E788DA55A029EC4988|NA|NA|256A99A6C5EB9065B047193FE6CBC1B3,0.17768595041322313,242
635623BABBB7DA2E072D8C339F606E15|D7D1FB49049702BF6338894757E0D959|NA|NA|5BC3E72681C28967ED4302D193364E8D,0.17757009345794392,214
62D6A49514020FA0B2E434DB0B506005|D7D1FB49049702BF6338894757E0D959|NA|NA|05D66BBF428185A408A2A0AC5CE212C6,0.17746580273578114,2778
2134F56D3769B5022DB7172F1536B749|7E56C27BFF0305E788DA55A029EC4988|NA|NA|B72A529BFB5BE51AD425E6F507FF8E51,0.1773308957952468,547
033E492229C2222EFAA16EE8A6462D8B|7E56C27BFF0305E788DA55A029EC4988|921B36149E5B081FD24450BFE2CE4430|C45A9AC6D102ACAEEDF0D6F78636D84A|3BB2AD395EC35EAC138F542215460325,0.17703349282296652,209
62D6A49514020FA0B2E434DB0B506005|D7D1FB49049702BF6338894757E0D959|NA|NA|3F94FAC734E34A7C02302FDA8F348C64,0.17702448210922786,531
033E492229C2222EFAA16EE8A6462D8B|D7D1FB49049702BF6338894757E0D959|4C90FD52FC53D2C1C205844CB69575AB|C45A9AC6D102ACAEEDF0D6F78636D84A|16CBCF9A48FCB3042641BF67C10FB326,0.17699115044247787,226
7F286560861764CCB93C90B7AA833949|7E56C27BFF0305E788DA55A029EC4988|NA|A5D15FC386510762EC0DDFF54ABE6F94|B7670035C6797132EC922335AF1FE60D,0.17697063369397217,1294
7F286560861764CCB93C90B7AA833949|FF2C446555E3822B0E0FC3406116E86D|NA|NA|116ACBB7E1881C29A6EB95E3CA0E53D3,0.17688762850053172,2821
033E492229C2222EFAA16EE8A6462D8B|D7D1FB49049702BF6338894757E0D959|4C90FD52FC53D2C1C205844CB69575AB|1B491180398E2F0390E6A588B3BCE291|30B46A98AF3EAF060546E68753769434,0.17687747035573123,1012
EC997D43AC86A75D9B88A1051F86A67C|7E56C27BFF0305E788DA55A029EC4988|NA|NA|379647E2CF351489D153E1A5029B3436,0.17674418604651163,430
E02400CDAD96905D88E932FE9B7D3552|D7D1FB49049702BF6338894757E0D959|921B36149E5B081FD24450BFE2CE4430|A5D15FC386510762EC0DDFF54ABE6F94|9379A73F3DC53CAE363E122481BBACAA,0.17673716012084592,662
635623BABBB7DA2E072D8C339F606E15|D7D1FB49049702BF6338894757E0D959|NA|NA|1B5A7114D73348E5BD797DCEF693DE25,0.17670682730923695,249
033E492229C2222EFAA16EE8A6462D8B|D7D1FB49049702BF6338894757E0D959|4C90FD52FC53D2C1C205844CB69575AB|C45A9AC6D102ACAEEDF0D6F78636D84A|79204E913335D0D7867688F7FE0E0481,0.17665615141955837,317
033E492229C2222EFAA16EE8A6462D8B|7E56C27BFF0305E788DA55A029EC4988|4C90FD52FC53D2C1C205844CB69575AB|C45A9AC6D102ACAEEDF0D6F78636D84A|B955C3771E1AE6CB0A8752B269D93E58,0.17647058823529413,391
7F286560861764CCB93C90B7AA833949|7E56C27BFF0305E788DA55A029EC4988|4C90FD52FC53D2C1C205844CB69575AB|A5D15FC386510762EC0DDFF54ABE6F94|E134740A855E264876E8C30294A51F66,0.17647058823529413,204
635623BABBB7DA2E072D8C339F606E15|7E56C27BFF0305E788DA55A029EC4988|NA|NA|NA,0.17645759717314488,4528
033E492229C2222EFAA16EE8A6462D8B|7E56C27BFF0305E788DA55A029EC4988|88460293E9517D21E39AA889BD5AADC8|A5D15FC386510762EC0DDFF54ABE6F94|8539D45754C419334BEC3D1823FE4B47,0.1762295081967213,244
033E492229C2222EFAA16EE8A6462D8B|7E56C27BFF0305E788DA55A029EC4988|4C90FD52FC53D2C1C205844CB69575AB|1B491180398E2F0390E6A588B3BCE291|39A582C8A8DDBEB38514DC3C5631ED65,0.17596932253941203,2347
E02400CDAD96905D88E932FE9B7D3552|7E56C27BFF0305E788DA55A029EC4988|921B36149E5B081FD24450BFE2CE4430|A5D15FC386510762EC0DDFF54ABE6F94|8A2B1EBDEE182A040758FD049CB7F6B1,0.17595307917888564,341
DDC2B3CC38945E431DE1B3F59EC56680|7E56C27BFF0305E788DA55A029EC4988|88460293E9517D21E39AA889BD5AADC8|NA|NA,0.17589175891758918,813
033E492229C2222EFAA16EE8A6462D8B|7E56C27BFF0305E788DA55A029EC4988|4C90FD52FC53D2C1C205844CB69575AB|A5D15FC386510762EC0DDFF54ABE6F94|116ACBB7E1881C29A6EB95E3CA0E53D3,0.1757028112449799,996
62D6A49514020FA0B2E434DB0B506005|FF2C446555E3822B0E0FC3406116E86D|NA|NA|148A1360EA95D51A7327F1C38E87BE16,0.17567567567567569,222
7F286560861764CCB93C90B7AA833949|D7D1FB49049702BF6338894757E0D959|4C90FD52FC53D2C1C205844CB69575AB|A5D15FC386510762EC0DDFF54ABE6F94|0AC7360583F193A168CD43B576CCCD61,0.17560975609756097,410
033E492229C2222EFAA16EE8A6462D8B|7E56C27BFF0305E788DA55A029EC4988|4C90FD52FC53D2C1C205844CB69575AB|1B491180398E2F0390E6A588B3BCE291|D63C5B38B2E6C0D0B30F57E3786E5952,0.17549668874172186,302
7532B3FBAFEC164460C4ED6FEB0C022C|D7D1FB49049702BF6338894757E0D959|921B36149E5B081FD24450BFE2CE4430|A5D15FC386510762EC0DDFF54ABE6F94|17F817C0BD311CC8C811FE7C447DF842,0.17543859649122806,627
7F286560861764CCB93C90B7AA833949|FF2C446555E3822B0E0FC3406116E86D|NA|NA|E232C85157D477BCAE26A17A99AB2431,0.17543859649122806,342
5D656311CF9F47E34248BE9FBFF194A0|FF2C446555E3822B0E0FC3406116E86D|NA|NA|NA,0.17537313432835822,268
635623BABBB7DA2E072D8C339F606E15|D7D1FB49049702BF6338894757E0D959|NA|NA|065F6AE8A6727D9E0411ECAB325BEB2F,0.17533718689788053,519
033E492229C2222EFAA16EE8A6462D8B|D7D1FB49049702BF6338894757E0D959|4C90FD52FC53D2C1C205844CB69575AB|A5D15FC386510762EC0DDFF54ABE6F94|5C7F8ADC5E78FDD710F0D7CB0F14E7F3,0.17525773195876287,485
033E492229C2222EFAA16EE8A6462D8B|D7D1FB49049702BF6338894757E0D959|4C90FD52FC53D2C1C205844CB69575AB|1B491180398E2F0390E6A588B3BCE291|006BF7E19650E869A7E07335C07ECD0E,0.17512437810945275,1005
7F286560861764CCB93C90B7AA833949|7E56C27BFF0305E788DA55A029EC4988|4C90FD52FC53D2C1C205844CB69575AB|A5D15FC386510762EC0DDFF54ABE6F94|6C0F874E8CD1A6F748737B6B5CB057F5,0.17508677207867335,2593
033E492229C2222EFAA16EE8A6462D8B|D7D1FB49049702BF6338894757E0D959|4C90FD52FC53D2C1C205844CB69575AB|1B491180398E2F0390E6A588B3BCE291|40DDD0875CEDB74AFB077AA15C232A5D,0.1750599520383693,417
033E492229C2222EFAA16EE8A6462D8B|D7D1FB49049702BF6338894757E0D959|0CD76C7030D0900BE250C8D41703D180|A5D15FC386510762EC0DDFF54ABE6F94|C73F4B2C3D24900F767B4D9A8491E583,0.175,280
033E492229C2222EFAA16EE8A6462D8B|D7D1FB49049702BF6338894757E0D959|4C90FD52FC53D2C1C205844CB69575AB|1B491180398E2F0390E6A588B3BCE291|C7C31B2E180C2CEE5423057306AE76C9,0.17496443812233287,703
13C26D10258053889D75D9B9CA922EC7|D7D1FB49049702BF6338894757E0D959|NA|NA|B091AE6EC5741DA82BCA1F4457A0CFE4,0.17491369390103567,869
7F286560861764CCB93C90B7AA833949|FF2C446555E3822B0E0FC3406116E86D|4C90FD52FC53D2C1C205844CB69575AB|A5D15FC386510762EC0DDFF54ABE6F94|B5C61E9DDF10A745A7011C003B5BA6AC,0.17490494296577946,263
7F286560861764CCB93C90B7AA833949|D7D1FB49049702BF6338894757E0D959|NA|NA|531DC8F75345659F3B1CECB329146BB5,0.17488789237668162,223
033E492229C2222EFAA16EE8A6462D8B|7E56C27BFF0305E788DA55A029EC4988|4C90FD52FC53D2C1C205844CB69575AB|A5D15FC386510762EC0DDFF54ABE6F94|58308E990BC3C5F44A61AE59551CAC11,0.17482517482517482,286
EC997D43AC86A75D9B88A1051F86A67C|7E56C27BFF0305E788DA55A029EC4988|NA|NA|04E721A7F4223AA9AB89C2C4BFD27FC6,0.17479674796747968,246
033E492229C2222EFAA16EE8A6462D8B|D7D1FB49049702BF6338894757E0D959|4C90FD52FC53D2C1C205844CB69575AB|1B491180398E2F0390E6A588B3BCE291|B54132036D9716F94B2C8C9E226BD6A2,0.17468354430379746,395
033E492229C2222EFAA16EE8A6462D8B|D7D1FB49049702BF6338894757E0D959|4C90FD52FC53D2C1C205844CB69575AB|1B491180398E2F0390E6A588B3BCE291|2CF37906D2CBEC728F13F580769D080C,0.17462311557788945,796
E02400CDAD96905D88E932FE9B7D3552|7E56C27BFF0305E788DA55A029EC4988|NA|NA|2E5C1ED10D12DFBEA698FB8AAA19F1D5,0.17461746174617462,1111
62D6A49514020FA0B2E434DB0B506005|D7D1FB49049702BF6338894757E0D959|NA|NA|E96F5BEE9F0B4E2B7091F58CFE499E60,0.17459581917413242,38844
033E492229C2222EFAA16EE8A6462D8B|7E56C27BFF0305E788DA55A029EC4988|921B36149E5B081FD24450BFE2CE4430|A5D15FC386510762EC0DDFF54ABE6F94|B1A587CAC9D7544901E0048FE243B3F2,0.17456021650879566,739
EC997D43AC86A75D9B88A1051F86A67C|D7D1FB49049702BF6338894757E0D959|0CD76C7030D0900BE250C8D41703D180|A5D15FC386510762EC0DDFF54ABE6F94|A8DE3C5AEC68CD05E766D08A639F7663,0.17437722419928825,281
7F286560861764CCB93C90B7AA833949|FF2C446555E3822B0E0FC3406116E86D|NA|NA|NA,0.1743580269721042,27065
62D6A49514020FA0B2E434DB0B506005|D7D1FB49049702BF6338894757E0D959|NA|NA|77290BDCB8C96B45F655FAA2FDDC353D,0.17412935323383086,402
6A21F69EBA80612A04B0F6BAC857AAF2|D7D1FB49049702BF6338894757E0D959|NA|NA|DAA6BA9003421FE173513415516F6CCF,0.17407407407407408,270
E02400CDAD96905D88E932FE9B7D3552|FF2C446555E3822B0E0FC3406116E86D|NA|NA|B1307FE5A41D1B598A37FA0A26B71DFE,0.17406749555950266,563
7F286560861764CCB93C90B7AA833949|7E56C27BFF0305E788DA55A029EC4988|NA|NA|7BA18B7FCC191ACEE7F98578EA9258D1,0.17398648648648649,592
B4B45C6CE5FC4DE45AB02974D8849DBD|FF2C446555E3822B0E0FC3406116E86D|921B36149E5B081FD24450BFE2CE4430|A5D15FC386510762EC0DDFF54ABE6F94|3BB2AD395EC35EAC138F542215460325,0.17391304347826086,299
033E492229C2222EFAA16EE8A6462D8B|D7D1FB49049702BF6338894757E0D959|4C90FD52FC53D2C1C205844CB69575AB|1B491180398E2F0390E6A588B3BCE291|ED8FC6F94876F58702478D3E32AE708A,0.17380688124306326,4505
62D6A49514020FA0B2E434DB0B506005|FF2C446555E3822B0E0FC3406116E86D|NA|NA|DB51B0646689810173A6C4588730B35A,0.17379679144385027,374
033E492229C2222EFAA16EE8A6462D8B|7E56C27BFF0305E788DA55A029EC4988|4C90FD52FC53D2C1C205844CB69575AB|1B491180398E2F0390E6A588B3BCE291|FA0E518B46EB7A1C717EF692D18A056A,0.17363344051446947,622
2551A1FA7839742971CDF4C67667E17A|FF2C446555E3822B0E0FC3406116E86D|NA|NA|NA,0.17355371900826447,242
033E492229C2222EFAA16EE8A6462D8B|7E56C27BFF0305E788DA55A029EC4988|4C90FD52FC53D2C1C205844CB69575AB|1B491180398E2F0390E6A588B3BCE291|B3D3E564B19E3FFE11CAD4EAC9E32D0F,0.1735159817351598,219
033E492229C2222EFAA16EE8A6462D8B|D7D1FB49049702BF6338894757E0D959|4C90FD52FC53D2C1C205844CB69575AB|1B491180398E2F0390E6A588B3BCE291|4C6965BD82243A99DE8A115F5EB89895,0.1735159817351598,876
62D6A49514020FA0B2E434DB0B506005|D7D1FB49049702BF6338894757E0D959|NA|NA|5CB96F171B586A7CC3974C32755AEF36,0.17336087986874887,16457
033E492229C2222EFAA16EE8A6462D8B|FF2C446555E3822B0E0FC3406116E86D|4C90FD52FC53D2C1C205844CB69575AB|1B491180398E2F0390E6A588B3BCE291|453DD252922E07B46543CCD6AD5E7150,0.17333333333333334,225
B4B45C6CE5FC4DE45AB02974D8849DBD|7E56C27BFF0305E788DA55A029EC4988|4C90FD52FC53D2C1C205844CB69575AB|A5D15FC386510762EC0DDFF54ABE6F94|FA62BE7784EACD133948C9B556A8C66C,0.17330210772833723,427
033E492229C2222EFAA16EE8A6462D8B|FF2C446555E3822B0E0FC3406116E86D|538912C31E773613AB51FBAE58492476|D7B42B0C4D807EF1C13F79948743E9DA|7807D1C31E020624523E2F99726B0D22,0.17325524646168863,2049
62D6A49514020FA0B2E434DB0B506005|D7D1FB49049702BF6338894757E0D959|NA|NA|D0598164A7318CC9ABCAACBA367F856B,0.1732283464566929,254
033E492229C2222EFAA16EE8A6462D8B|D7D1FB49049702BF6338894757E0D959|4C90FD52FC53D2C1C205844CB69575AB|1B491180398E2F0390E6A588B3BCE291|F41B9EFE26058AFFB180779FBEB998DC,0.17308735756918067,1843
62D6A49514020FA0B2E434DB0B506005|D7D1FB49049702BF6338894757E0D959|NA|NA|C61F3B0B84F1E48B4A240B0B36C19D57,0.17307692307692307,260
88CED8BA3AA711A20ACF8B1FC574F218|7E56C27BFF0305E788DA55A029EC4988|4C90FD52FC53D2C1C205844CB69575AB|C45A9AC6D102ACAEEDF0D6F78636D84A|48D9201753DC9A5BED4A1A20C5C4480C,0.17307692307692307,676
7532B3FBAFEC164460C4ED6FEB0C022C|D7D1FB49049702BF6338894757E0D959|921B36149E5B081FD24450BFE2CE4430|A5D15FC386510762EC0DDFF54ABE6F94|7E526652718C970D929FA804DD3CA207,0.1729957805907173,237
033E492229C2222EFAA16EE8A6462D8B|D7D1FB49049702BF6338894757E0D959|4C90FD52FC53D2C1C205844CB69575AB|1B491180398E2F0390E6A588B3BCE291|E7C3F8528F113651D62732A5A436593D,0.17295813315030886,1457
B4B45C6CE5FC4DE45AB02974D8849DBD|D7D1FB49049702BF6338894757E0D959|NA|NA|0EDED1DA380B04003218D8E51B5E8B1D,0.17288801571709234,509
944B2A351FEFAC79AEAA9DA57E1B351F|7E56C27BFF0305E788DA55A029EC4988|NA|NA|7DF863FD47B12EFFC72C6E0C1A02404B,0.17280453257790368,353
033E492229C2222EFAA16EE8A6462D8B|D7D1FB49049702BF6338894757E0D959|4C90FD52FC53D2C1C205844CB69575AB|1B491180398E2F0390E6A588B3BCE291|9957C28A56F91CCA75409AF10FF3961D,0.17277486910994763,382
7F286560861764CCB93C90B7AA833949|D7D1FB49049702BF6338894757E0D959|4C90FD52FC53D2C1C205844CB69575AB|A5D15FC386510762EC0DDFF54ABE6F94|081C7F0EA274A81510B50D6FC144EDD1,0.17254528122020973,2098
7F286560861764CCB93C90B7AA833949|D7D1FB49049702BF6338894757E0D959|88460293E9517D21E39AA889BD5AADC8|A5D15FC386510762EC0DDFF54ABE6F94|NA,0.17249782419495213,5745
E02400CDAD96905D88E932FE9B7D3552|D7D1FB49049702BF6338894757E0D959|921B36149E5B081FD24450BFE2CE4430|A5D15FC386510762EC0DDFF54ABE6F94|E6712D73A15E1DF6BFC25AA1C6A4C33C,0.17235494880546076,586
62D6A49514020FA0B2E434DB0B506005|7E56C27BFF0305E788DA55A029EC4988|NA|NA|7BA18B7FCC191ACEE7F98578EA9258D1,0.1723076923076923,975
111C91D6B0D89C84BF196FED8DBE7BBB|D7D1FB49049702BF6338894757E0D959|4C90FD52FC53D2C1C205844CB69575AB|A5D15FC386510762EC0DDFF54ABE6F94|7B4F751A5189AAA6315B6E9AEED5CA8F,0.17219251336898395,935
635623BABBB7DA2E072D8C339F606E15|FF2C446555E3822B0E0FC3406116E86D|NA|NA|B472C3BA8EB25F5B9ECF7DB2ED25BA0C,0.172147001934236,517
635623BABBB7DA2E072D8C339F606E15|FF2C446555E3822B0E0FC3406116E86D|NA|NA|2951C95505688DD443432F6D6FF93BC1,0.17204301075268819,279
7532B3FBAFEC164460C4ED6FEB0C022C|FF2C446555E3822B0E0FC3406116E86D|NA|NA|11FB1AE41F998DB9255ED1A13AB1ECD4,0.171875,512
7F286560861764CCB93C90B7AA833949|D7D1FB49049702BF6338894757E0D959|NA|NA|F378349B58EBBD5DE33FABB3764BD47D,0.1717612809315866,1374
DDC2B3CC38945E431DE1B3F59EC56680|FF2C446555E3822B0E0FC3406116E86D|NA|NA|13B0E6EF5726CB3F31F7480F0FE6C1E8,0.1717557251908397,262
13C26D10258053889D75D9B9CA922EC7|D7D1FB49049702BF6338894757E0D959|NA|NA|2A0B01C4E14709C10BB06051B4AF1DAC,0.1717171717171717,297
62D6A49514020FA0B2E434DB0B506005|FF2C446555E3822B0E0FC3406116E86D|NA|NA|06EF75110610D490469271FDCCA7986B,0.17167381974248927,233
635623BABBB7DA2E072D8C339F606E15|D7D1FB49049702BF6338894757E0D959|NA|NA|B472C3BA8EB25F5B9ECF7DB2ED25BA0C,0.1716357775987107,3723
033E492229C2222EFAA16EE8A6462D8B|7E56C27BFF0305E788DA55A029EC4988|921B36149E5B081FD24450BFE2CE4430|A5D15FC386510762EC0DDFF54ABE6F94|91B22DE27E9D5A5608C4EB3BDFA679AC,0.1716171617161716,303
033E492229C2222EFAA16EE8A6462D8B|7E56C27BFF0305E788DA55A029EC4988|4C90FD52FC53D2C1C205844CB69575AB|C45A9AC6D102ACAEEDF0D6F78636D84A|B68AABABE756FBDB4612C0309FDF5F2C,0.1715686274509804,204
033E492229C2222EFAA16EE8A6462D8B|D7D1FB49049702BF6338894757E0D959|4C90FD52FC53D2C1C205844CB69575AB|1B491180398E2F0390E6A588B3BCE291|759043C1E59A252377DBDCA0D1B6061F,0.17154811715481172,239
635623BABBB7DA2E072D8C339F606E15|7E56C27BFF0305E788DA55A029EC4988|NA|NA|41417B1A2B2BCD8B234EC61B886FADCF,0.1714922048997773,449
635623BABBB7DA2E072D8C339F606E15|D7D1FB49049702BF6338894757E0D959|NA|NA|C9925ADE32C8A3925E31F996F2A59481,0.17142857142857143,350
033E492229C2222EFAA16EE8A6462D8B|D7D1FB49049702BF6338894757E0D959|4C90FD52FC53D2C1C205844CB69575AB|C45A9AC6D102ACAEEDF0D6F78636D84A|7B4F751A5189AAA6315B6E9AEED5CA8F,0.17101449275362318,345
7F286560861764CCB93C90B7AA833949|7E56C27BFF0305E788DA55A029EC4988|4C90FD52FC53D2C1C205844CB69575AB|A5D15FC386510762EC0DDFF54ABE6F94|D8A8DF78798DD1EA762A4FA9DA162168,0.17100977198697068,614
033E492229C2222EFAA16EE8A6462D8B|FF2C446555E3822B0E0FC3406116E86D|4C90FD52FC53D2C1C205844CB69575AB|D7B42B0C4D807EF1C13F79948743E9DA|CF167AEC477F8B8FB7EC1F7B27519AC9,0.17086834733893558,357
B4B45C6CE5FC4DE45AB02974D8849DBD|D7D1FB49049702BF6338894757E0D959|921B36149E5B081FD24450BFE2CE4430|1B491180398E2F0390E6A588B3BCE291|174B309C46B7AAC0006FB70493DC38CD,0.17073170731707318,205
7F286560861764CCB93C90B7AA833949|D7D1FB49049702BF6338894757E0D959|NA|NA|C0D6D6AA9F0FC898AAE616DE33C9CCD4,0.17062634989200864,926
E02400CDAD96905D88E932FE9B7D3552|7E56C27BFF0305E788DA55A029EC4988|921B36149E5B081FD24450BFE2CE4430|A5D15FC386510762EC0DDFF54ABE6F94|B950E043444F9F8730131E80A43C1438,0.17060367454068243,381
7F286560861764CCB93C90B7AA833949|7E56C27BFF0305E788DA55A029EC4988|921B36149E5B081FD24450BFE2CE4430|A5D15FC386510762EC0DDFF54ABE6F94|AD4285ECDD100BBF3FE757C36FD5D9F6,0.17058823529411765,340
033E492229C2222EFAA16EE8A6462D8B|7E56C27BFF0305E788DA55A029EC4988|4C90FD52FC53D2C1C205844CB69575AB|C45A9AC6D102ACAEEDF0D6F78636D84A|9CCC210C04280FCB7B67D8FFDDFDA3E7,0.1704718417047184,657
13C26D10258053889D75D9B9CA922EC7|D7D1FB49049702BF6338894757E0D959|NA|NA|3DDF0C162933F8FD92E650BF581DC4B4,0.17035398230088494,452
033E492229C2222EFAA16EE8A6462D8B|D7D1FB49049702BF6338894757E0D959|4C90FD52FC53D2C1C205844CB69575AB|A5D15FC386510762EC0DDFF54ABE6F94|A706BF8E0DC6304210E6F8FD362BD459,0.1703011422637591,963
88CED8BA3AA711A20ACF8B1FC574F218|D7D1FB49049702BF6338894757E0D959|NA|NA|20ACBDAC0D0647435B52D85EEFA87E31,0.17029972752043596,734
033E492229C2222EFAA16EE8A6462D8B|D7D1FB49049702BF6338894757E0D959|4C90FD52FC53D2C1C205844CB69575AB|1B491180398E2F0390E6A588B3BCE291|532E508F5E82B661CC1888116EA6638D,0.17027027027027028,370
033E492229C2222EFAA16EE8A6462D8B|7E56C27BFF0305E788DA55A029EC4988|4C90FD52FC53D2C1C205844CB69575AB|1B491180398E2F0390E6A588B3BCE291|F5356FCB36EA47C8BCF1DD0D309872B8,0.1700626959247649,1276
7F286560861764CCB93C90B7AA833949|FF2C446555E3822B0E0FC3406116E86D|NA|A5D15FC386510762EC0DDFF54ABE6F94|7A502D6140CB0643DFF65B7AD18D3A52,0.17002881844380405,347
033E492229C2222EFAA16EE8A6462D8B|FF2C446555E3822B0E0FC3406116E86D|4C90FD52FC53D2C1C205844CB69575AB|1B491180398E2F0390E6A588B3BCE291|DABA7758AAAFB4F514B46CA9F8C8C836,0.17,200
E02400CDAD96905D88E932FE9B7D3552|7E56C27BFF0305E788DA55A029EC4988|NA|NA|378ADE4008A99DA66F6B237A58898461,0.16993254095727595,3113
033E492229C2222EFAA16EE8A6462D8B|7E56C27BFF0305E788DA55A029EC4988|921B36149E5B081FD24450BFE2CE4430|A5D15FC386510762EC0DDFF54ABE6F94|7E526652718C970D929FA804DD3CA207,0.16991150442477876,565
033E492229C2222EFAA16EE8A6462D8B|D7D1FB49049702BF6338894757E0D959|4C90FD52FC53D2C1C205844CB69575AB|C45A9AC6D102ACAEEDF0D6F78636D84A|0A9CC825D4A2B96B9ADEA9A096796D31,0.16990291262135923,206
033E492229C2222EFAA16EE8A6462D8B|7E56C27BFF0305E788DA55A029EC4988|4C90FD52FC53D2C1C205844CB69575AB|1B491180398E2F0390E6A588B3BCE291|DDFEA6EE698477851D89A072F14511C2,0.16987179487179488,312
7F286560861764CCB93C90B7AA833949|D7D1FB49049702BF6338894757E0D959|88460293E9517D21E39AA889BD5AADC8|A5D15FC386510762EC0DDFF54ABE6F94|05C80D147A36B482098EF90C75DDD451,0.16981132075471697,318
E02400CDAD96905D88E932FE9B7D3552|7E56C27BFF0305E788DA55A029EC4988|921B36149E5B081FD24450BFE2CE4430|1B491180398E2F0390E6A588B3BCE291|819275E34D1EE5B55DC466D58333F4B7,0.16981132075471697,212
7F286560861764CCB93C90B7AA833949|7E56C27BFF0305E788DA55A029EC4988|NA|A5D15FC386510762EC0DDFF54ABE6F94|9B0BAA2D734970B52DF29A4D4F64C098,0.16981132075471697,265
033E492229C2222EFAA16EE8A6462D8B|D7D1FB49049702BF6338894757E0D959|4C90FD52FC53D2C1C205844CB69575AB|1B491180398E2F0390E6A588B3BCE291|CE253794D95EA72A60C9DAE89FA78460,0.16972477064220184,218
13C26D10258053889D75D9B9CA922EC7|D7D1FB49049702BF6338894757E0D959|4C90FD52FC53D2C1C205844CB69575AB|1B491180398E2F0390E6A588B3BCE291|0455BD502E6AFC9C741B7770942B5022,0.16972477064220184,218
033E492229C2222EFAA16EE8A6462D8B|FF2C446555E3822B0E0FC3406116E86D|4C90FD52FC53D2C1C205844CB69575AB|1B491180398E2F0390E6A588B3BCE291|5DD3DE4FA246323814D0AAE0E83B72B5,0.1694915254237288,413
7F286560861764CCB93C90B7AA833949|FF2C446555E3822B0E0FC3406116E86D|NA|NA|06EF75110610D490469271FDCCA7986B,0.16945812807881774,2030
7F286560861764CCB93C90B7AA833949|7E56C27BFF0305E788DA55A029EC4988|NA|NA|62796FF766F829BF299CBD36061C1EEF,0.1694011484823626,2438
EC997D43AC86A75D9B88A1051F86A67C|D7D1FB49049702BF6338894757E0D959|3FEC071EF6B3D061D8804E0522FF4D2A|A5D15FC386510762EC0DDFF54ABE6F94|F952E7DCF7CB8BB9AB1377F2A47B626E,0.16938110749185667,307
6A21F69EBA80612A04B0F6BAC857AAF2|D7D1FB49049702BF6338894757E0D959|NA|NA|0EDED1DA380B04003218D8E51B5E8B1D,0.16929698708751795,697
033E492229C2222EFAA16EE8A6462D8B|D7D1FB49049702BF6338894757E0D959|4C90FD52FC53D2C1C205844CB69575AB|1B491180398E2F0390E6A588B3BCE291|CB9944F2553618238FC65DCE69E676D4,0.16927453769559034,1406
13C26D10258053889D75D9B9CA922EC7|D7D1FB49049702BF6338894757E0D959|4C90FD52FC53D2C1C205844CB69575AB|A5D15FC386510762EC0DDFF54ABE6F94|3BF54852DD59AAABFF83C588A0246F96,0.16908212560386474,207
7F286560861764CCB93C90B7AA833949|FF2C446555E3822B0E0FC3406116E86D|NA|NA|C73AAA75E559B624180B2780BD09D675,0.16906474820143885,556
033E492229C2222EFAA16EE8A6462D8B|7E56C27BFF0305E788DA55A029EC4988|4C90FD52FC53D2C1C205844CB69575AB|1B491180398E2F0390E6A588B3BCE291|683148B9A68C065831D7B4057CF3733F,0.16897081413210446,651
033E492229C2222EFAA16EE8A6462D8B|7E56C27BFF0305E788DA55A029EC4988|4C90FD52FC53D2C1C205844CB69575AB|1B491180398E2F0390E6A588B3BCE291|63D14CC295ABB8EBB2AD3449549B0881,0.16895874263261296,509
13C26D10258053889D75D9B9CA922EC7|7E56C27BFF0305E788DA55A029EC4988|NA|NA|E0035CB057858FEB9423A832169F9ED3,0.1688888888888889,225
7F286560861764CCB93C90B7AA833949|7E56C27BFF0305E788DA55A029EC4988|NA|A5D15FC386510762EC0DDFF54ABE6F94|E500682F28E8A3BF6072077BF67FFEDC,0.16888433981576254,977
5D656311CF9F47E34248BE9FBFF194A0|7E56C27BFF0305E788DA55A029EC4988|88460293E9517D21E39AA889BD5AADC8|A5D15FC386510762EC0DDFF54ABE6F94|D2C4E2A07744651FE80556DF86A1EA05,0.16884422110552763,995
033E492229C2222EFAA16EE8A6462D8B|D7D1FB49049702BF6338894757E0D959|88460293E9517D21E39AA889BD5AADC8|1B491180398E2F0390E6A588B3BCE291|NA,0.1688208915853337,11373
7F286560861764CCB93C90B7AA833949|D7D1FB49049702BF6338894757E0D959|NA|NA|219A8CCB3DFC82F8C0ABF3B048FB3F15,0.1687956204379562,1096
033E492229C2222EFAA16EE8A6462D8B|7E56C27BFF0305E788DA55A029EC4988|4C90FD52FC53D2C1C205844CB69575AB|86E2AFBF909EC95B069893FF0BBC5B26|B53856794A4BD084514F52721D5EADC0,0.1687344913151365,403
033E492229C2222EFAA16EE8A6462D8B|7E56C27BFF0305E788DA55A029EC4988|4C90FD52FC53D2C1C205844CB69575AB|1B491180398E2F0390E6A588B3BCE291|A7DA33E6B71EECB57A480F17C3F2BFDF,0.16869300911854104,658
7F286560861764CCB93C90B7AA833949|7E56C27BFF0305E788DA55A029EC4988|NA|NA|687DE56FE46B8FF266B52EEFE60267D8,0.16857670979667283,2705
7F286560861764CCB93C90B7AA833949|7E56C27BFF0305E788DA55A029EC4988|NA|NA|5F158414045F00DF64581337C4C0986F,0.16853932584269662,356
033E492229C2222EFAA16EE8A6462D8B|D7D1FB49049702BF6338894757E0D959|4C90FD52FC53D2C1C205844CB69575AB|1B491180398E2F0390E6A588B3BCE291|E2127B255C2764B2146F007CC608431D,0.1684848484848485,3300
E02400CDAD96905D88E932FE9B7D3552|7E56C27BFF0305E788DA55A029EC4988|921B36149E5B081FD24450BFE2CE4430|1B491180398E2F0390E6A588B3BCE291|938B0864E6472C5FB7E865E89BB5C50B,0.16845878136200718,279
033E492229C2222EFAA16EE8A6462D8B|D7D1FB49049702BF6338894757E0D959|88460293E9517D21E39AA889BD5AADC8|A5D15FC386510762EC0DDFF54ABE6F94|NA,0.16822429906542055,214
7532B3FBAFEC164460C4ED6FEB0C022C|7E56C27BFF0305E788DA55A029EC4988|NA|NA|D0E71444A0C5CBDA449CA2F6E92C0CFF,0.168141592920354,678
13C26D10258053889D75D9B9CA922EC7|7E56C27BFF0305E788DA55A029EC4988|NA|NA|EC4DF3F86ED35340464606A19FB83493,0.16807909604519775,708
033E492229C2222EFAA16EE8A6462D8B|7E56C27BFF0305E788DA55A029EC4988|4C90FD52FC53D2C1C205844CB69575AB|A5D15FC386510762EC0DDFF54ABE6F94|A1977347A6AC699BD49667201654B1FF,0.1680327868852459,488
033E492229C2222EFAA16EE8A6462D8B|D7D1FB49049702BF6338894757E0D959|4C90FD52FC53D2C1C205844CB69575AB|A5D15FC386510762EC0DDFF54ABE6F94|7C5B12F2EE0E2A6E804BE05D1BA45DA3,0.16797488226059654,637
62D6A49514020FA0B2E434DB0B506005|FF2C446555E3822B0E0FC3406116E86D|NA|NA|6594B61E3D878850B80830F518B7EE6A,0.16796267496111975,643
033E492229C2222EFAA16EE8A6462D8B|D7D1FB49049702BF6338894757E0D959|538912C31E773613AB51FBAE58492476|6EFABCEDA36A931DBF760F88970BAF0E|DDA08B25049F71A36C9EEB0710CE23D6,0.16793893129770993,262
NA|D7D1FB49049702BF6338894757E0D959|NA|NA|NA,0.16793171332427845,2437723
E02400CDAD96905D88E932FE9B7D3552|7E56C27BFF0305E788DA55A029EC4988|NA|NA|D7F0E23D3172AE3AE084403EDCA64ED5,0.16785714285714284,1120
033E492229C2222EFAA16EE8A6462D8B|7E56C27BFF0305E788DA55A029EC4988|4C90FD52FC53D2C1C205844CB69575AB|1B491180398E2F0390E6A588B3BCE291|453DD252922E07B46543CCD6AD5E7150,0.16777041942604856,453
B4B45C6CE5FC4DE45AB02974D8849DBD|D7D1FB49049702BF6338894757E0D959|921B36149E5B081FD24450BFE2CE4430|A5D15FC386510762EC0DDFF54ABE6F94|F07952F22ABAAD847384670276F0E986,0.16776556776556775,1365
EC997D43AC86A75D9B88A1051F86A67C|D7D1FB49049702BF6338894757E0D959|0CD76C7030D0900BE250C8D41703D180|A5D15FC386510762EC0DDFF54ABE6F94|68210DFFCF4AC875C0D127069CA164B5,0.16774193548387098,310
62D6A49514020FA0B2E434DB0B506005|7E56C27BFF0305E788DA55A029EC4988|NA|NA|06EF75110610D490469271FDCCA7986B,0.1677096370463079,799
13C26D10258053889D75D9B9CA922EC7|FF2C446555E3822B0E0FC3406116E86D|NA|NA|AC8015348D5C18CBD0E0D6FA22506FC3,0.1676829268292683,328
62D6A49514020FA0B2E434DB0B506005|FF2C446555E3822B0E0FC3406116E86D|NA|NA|116ACBB7E1881C29A6EB95E3CA0E53D3,0.16758241758241757,1092
DDC2B3CC38945E431DE1B3F59EC56680|D7D1FB49049702BF6338894757E0D959|4C90FD52FC53D2C1C205844CB69575AB|A5D15FC386510762EC0DDFF54ABE6F94|9CD8E8B59F67D68F9DF10A79AE0A3758,0.16748768472906403,203
7F286560861764CCB93C90B7AA833949|D7D1FB49049702BF6338894757E0D959|NA|NA|B472C3BA8EB25F5B9ECF7DB2ED25BA0C,0.16748768472906403,203
7532B3FBAFEC164460C4ED6FEB0C022C|7E56C27BFF0305E788DA55A029EC4988|NA|NA|C5C676F4B294DB6BD0C514AFB0B26A56,0.1674641148325359,627
7F286560861764CCB93C90B7AA833949|D7D1FB49049702BF6338894757E0D959|4C90FD52FC53D2C1C205844CB69575AB|A5D15FC386510762EC0DDFF54ABE6F94|05C80D147A36B482098EF90C75DDD451,0.16745336030568667,4449
7F286560861764CCB93C90B7AA833949|7E56C27BFF0305E788DA55A029EC4988|4C90FD52FC53D2C1C205844CB69575AB|A5D15FC386510762EC0DDFF54ABE6F94|BA6D404B046A2EE3B1D51CD05D4922CA,0.1673728813559322,472
033E492229C2222EFAA16EE8A6462D8B|7E56C27BFF0305E788DA55A029EC4988|4C90FD52FC53D2C1C205844CB69575AB|1B491180398E2F0390E6A588B3BCE291|718F2AD49B9FC5129894E8F73A25AAEA,0.16733601070950468,747
033E492229C2222EFAA16EE8A6462D8B|7E56C27BFF0305E788DA55A029EC4988|4C90FD52FC53D2C1C205844CB69575AB|1B491180398E2F0390E6A588B3BCE291|D53536F19171181CEA92D295907E289D,0.16725978647686832,562
635623BABBB7DA2E072D8C339F606E15|7E56C27BFF0305E788DA55A029EC4988|NA|NA|CDCE914EB8858F41EF31A89C39AE68A8,0.16724336793540945,867
88CED8BA3AA711A20ACF8B1FC574F218|D7D1FB49049702BF6338894757E0D959|NA|NA|C26242F739C8C377615ADA8FFAD390AC,0.16723549488054607,586
E02400CDAD96905D88E932FE9B7D3552|7E56C27BFF0305E788DA55A029EC4988|921B36149E5B081FD24450BFE2CE4430|A5D15FC386510762EC0DDFF54ABE6F94|4D481D18D4EFE1F6F10BD359263626AB,0.16721311475409836,305
B83EF4115DC165749F3FCB737CC1044D|7E56C27BFF0305E788DA55A029EC4988|88460293E9517D21E39AA889BD5AADC8|NA|NA,0.16719403899152802,9797
13C26D10258053889D75D9B9CA922EC7|D7D1FB49049702BF6338894757E0D959|NA|NA|D26C66CD1BC5EF811217043EE5505E2B,0.16714697406340057,347
033E492229C2222EFAA16EE8A6462D8B|D7D1FB49049702BF6338894757E0D959|4C90FD52FC53D2C1C205844CB69575AB|1B491180398E2F0390E6A588B3BCE291|789934101660236A537C3CCFB86E5F10,0.1671388101983003,706
62D6A49514020FA0B2E434DB0B506005|7E56C27BFF0305E788DA55A029EC4988|NA|NA|6594B61E3D878850B80830F518B7EE6A,0.16710046850598648,1921
7532B3FBAFEC164460C4ED6FEB0C022C|7E56C27BFF0305E788DA55A029EC4988|921B36149E5B081FD24450BFE2CE4430|A5D15FC386510762EC0DDFF54ABE6F94|378ADE4008A99DA66F6B237A58898461,0.1670886075949367,395
7F286560861764CCB93C90B7AA833949|7E56C27BFF0305E788DA55A029EC4988|4C90FD52FC53D2C1C205844CB69575AB|A5D15FC386510762EC0DDFF54ABE6F94|6D24A55D1F62B4EA6C132F140DAAEE09,0.16705882352941176,425
B4B45C6CE5FC4DE45AB02974D8849DBD|7E56C27BFF0305E788DA55A029EC4988|NA|NA|E790596569B4A8FD4356914517E301D4,0.1669902912621359,515
635623BABBB7DA2E072D8C339F606E15|FF2C446555E3822B0E0FC3406116E86D|NA|NA|0AE9335D11D7E84372B8B7B575A77430,0.16695059625212946,587
635623BABBB7DA2E072D8C339F606E15|7E56C27BFF0305E788DA55A029EC4988|NA|NA|129808574EBC78C521D382A91AF45682,0.16666666666666666,264
033E492229C2222EFAA16EE8A6462D8B|7E56C27BFF0305E788DA55A029EC4988|4C90FD52FC53D2C1C205844CB69575AB|1B491180398E2F0390E6A588B3BCE291|84AB16510E3D2DE9D330FEA84DEBDFA5,0.16666666666666666,372
635623BABBB7DA2E072D8C339F606E15|7E56C27BFF0305E788DA55A029EC4988|NA|NA|47B4E2D2DB06E284450A4C47EAAB0F44,0.16666666666666666,270
033E492229C2222EFAA16EE8A6462D8B|D7D1FB49049702BF6338894757E0D959|4C90FD52FC53D2C1C205844CB69575AB|C45A9AC6D102ACAEEDF0D6F78636D84A|81310F789D82923A6E265C88229FFF09,0.16666666666666666,228
033E492229C2222EFAA16EE8A6462D8B|7E56C27BFF0305E788DA55A029EC4988|88460293E9517D21E39AA889BD5AADC8|A5D15FC386510762EC0DDFF54ABE6F94|6E01D4E987F05F454B0B87FBCECEF7D6,0.16666666666666666,282
6A21F69EBA80612A04B0F6BAC857AAF2|D7D1FB49049702BF6338894757E0D959|NA|NA|116ACBB7E1881C29A6EB95E3CA0E53D3,0.16666666666666666,390
7F286560861764CCB93C90B7AA833949|D7D1FB49049702BF6338894757E0D959|4C90FD52FC53D2C1C205844CB69575AB|A5D15FC386510762EC0DDFF54ABE6F94|9CB6EAAD6AE2037B3873530FB3709741,0.16666666666666666,426
13C26D10258053889D75D9B9CA922EC7|7E56C27BFF0305E788DA55A029EC4988|NA|A5D15FC386510762EC0DDFF54ABE6F94|22BB1EC6D60238B699549A25C8607706,0.16666666666666666,216
033E492229C2222EFAA16EE8A6462D8B|7E56C27BFF0305E788DA55A029EC4988|D72D7E92251E4C54C786FDEFFA4DEF5A|A5D15FC386510762EC0DDFF54ABE6F94|7E526652718C970D929FA804DD3CA207,0.16644295302013423,745
88CED8BA3AA711A20ACF8B1FC574F218|FF2C446555E3822B0E0FC3406116E86D|NA|NA|116ACBB7E1881C29A6EB95E3CA0E53D3,0.16633663366336635,505
7F286560861764CCB93C90B7AA833949|7E56C27BFF0305E788DA55A029EC4988|921B36149E5B081FD24450BFE2CE4430|C45A9AC6D102ACAEEDF0D6F78636D84A|F57BC39A9AC5D8B0A23FEABBD3625B44,0.166044776119403,536
7F286560861764CCB93C90B7AA833949|D7D1FB49049702BF6338894757E0D959|4C90FD52FC53D2C1C205844CB69575AB|1B491180398E2F0390E6A588B3BCE291|3149C50FF377CF641BA7BBD9A34FB100,0.16600790513833993,253
033E492229C2222EFAA16EE8A6462D8B|FF2C446555E3822B0E0FC3406116E86D|4C90FD52FC53D2C1C205844CB69575AB|1B491180398E2F0390E6A588B3BCE291|E7C3F8528F113651D62732A5A436593D,0.16587677725118483,211
62D6A49514020FA0B2E434DB0B506005|D7D1FB49049702BF6338894757E0D959|NA|NA|3B74E691D58FE66E2E341A7CB38A55CD,0.16583629893238433,1405
B4B45C6CE5FC4DE45AB02974D8849DBD|D7D1FB49049702BF6338894757E0D959|NA|NA|20438E812A01FFC6650E8AE2B8379D68,0.16570327552986513,519
13C26D10258053889D75D9B9CA922EC7|7E56C27BFF0305E788DA55A029EC4988|4C90FD52FC53D2C1C205844CB69575AB|1B491180398E2F0390E6A588B3BCE291|60BFDF0D907DC4DC27A37057368C876D,0.16549295774647887,284
033E492229C2222EFAA16EE8A6462D8B|D7D1FB49049702BF6338894757E0D959|4C90FD52FC53D2C1C205844CB69575AB|C45A9AC6D102ACAEEDF0D6F78636D84A|E7FE85190702A396ACFD2C136A5B7E57,0.16541353383458646,266
7F286560861764CCB93C90B7AA833949|7E56C27BFF0305E788DA55A029EC4988|4C90FD52FC53D2C1C205844CB69575AB|A5D15FC386510762EC0DDFF54ABE6F94|39A582C8A8DDBEB38514DC3C5631ED65,0.16536203522504891,1022
13C26D10258053889D75D9B9CA922EC7|7E56C27BFF0305E788DA55A029EC4988|NA|NA|ABE4088BEEEB04C2871E312C34582725,0.16535433070866143,254
9D307E5B713DE5E90D787BE9F802AFBB|7E56C27BFF0305E788DA55A029EC4988|4C90FD52FC53D2C1C205844CB69575AB|1B491180398E2F0390E6A588B3BCE291|6A1F1F344D0A4A99940699B11365E7E8,0.16533333333333333,375
033E492229C2222EFAA16EE8A6462D8B|D7D1FB49049702BF6338894757E0D959|4C90FD52FC53D2C1C205844CB69575AB|C45A9AC6D102ACAEEDF0D6F78636D84A|88DC814F61E4FB44F16B583C58EC93CD,0.16532258064516128,248
E02400CDAD96905D88E932FE9B7D3552|7E56C27BFF0305E788DA55A029EC4988|NA|NA|116ACBB7E1881C29A6EB95E3CA0E53D3,0.16531322505800464,1724
033E492229C2222EFAA16EE8A6462D8B|D7D1FB49049702BF6338894757E0D959|4C90FD52FC53D2C1C205844CB69575AB|1B491180398E2F0390E6A588B3BCE291|AF9AC90BE4F67EC0B714F7CD75C4875F,0.1653061224489796,490
EC997D43AC86A75D9B88A1051F86A67C|D7D1FB49049702BF6338894757E0D959|0CD76C7030D0900BE250C8D41703D180|A5D15FC386510762EC0DDFF54ABE6F94|0C1CECB95A3D279D671FBDAA117DBED5,0.1651376146788991,654
9D307E5B713DE5E90D787BE9F802AFBB|FF2C446555E3822B0E0FC3406116E86D|4C90FD52FC53D2C1C205844CB69575AB|1B491180398E2F0390E6A588B3BCE291|BD57B7DA38852A9B96E655EC445618BD,0.1650943396226415,212
DDC2B3CC38945E431DE1B3F59EC56680|FF2C446555E3822B0E0FC3406116E86D|88460293E9517D21E39AA889BD5AADC8|A5D15FC386510762EC0DDFF54ABE6F94|NA,0.16493656286043828,867
5D656311CF9F47E34248BE9FBFF194A0|D7D1FB49049702BF6338894757E0D959|NA|NA|4D958A96C74542E772051500744B40D0,0.16475095785440613,261
635623BABBB7DA2E072D8C339F606E15|D7D1FB49049702BF6338894757E0D959|NA|NA|D6EB3AFE8B7D76C6AD1CA10111AB0EE7,0.1646919431279621,844
033E492229C2222EFAA16EE8A6462D8B|D7D1FB49049702BF6338894757E0D959|4C90FD52FC53D2C1C205844CB69575AB|1B491180398E2F0390E6A588B3BCE291|7548CFD0478011E05F0CFE66EEB0DCE7,0.1646234676007005,571
62D6A49514020FA0B2E434DB0B506005|D7D1FB49049702BF6338894757E0D959|NA|NA|79CEC8E2F3B56D9CFA176DF28CC4680A,0.16459627329192547,322
B4B45C6CE5FC4DE45AB02974D8849DBD|7E56C27BFF0305E788DA55A029EC4988|NA|NA|AE75C31274DD1127DBCCF44C84CEB6F9,0.16457960644007155,559
033E492229C2222EFAA16EE8A6462D8B|7E56C27BFF0305E788DA55A029EC4988|4C90FD52FC53D2C1C205844CB69575AB|C45A9AC6D102ACAEEDF0D6F78636D84A|BB97FFEB435FDCF43F9FC3919C3EB2D3,0.164576802507837,638
62D6A49514020FA0B2E434DB0B506005|D7D1FB49049702BF6338894757E0D959|NA|NA|09201C4FD8B656EE4C0C55BC436B6663,0.16441441441441443,1776
EC997D43AC86A75D9B88A1051F86A67C|D7D1FB49049702BF6338894757E0D959|0CD76C7030D0900BE250C8D41703D180|A5D15FC386510762EC0DDFF54ABE6F94|8050997971BCADE432582A6D00AE91C2,0.16433566433566432,286
635623BABBB7DA2E072D8C339F606E15|D7D1FB49049702BF6338894757E0D959|NA|NA|78CFDEC3B07EFFA3D27CE827B76DA444,0.1643192488262911,852
033E492229C2222EFAA16EE8A6462D8B|FF2C446555E3822B0E0FC3406116E86D|4C90FD52FC53D2C1C205844CB69575AB|1B491180398E2F0390E6A588B3BCE291|271B3C1DD6DC0D06C67B540F4257F6F7,0.16429699842022116,633
13C26D10258053889D75D9B9CA922EC7|7E56C27BFF0305E788DA55A029EC4988|NA|NA|116ACBB7E1881C29A6EB95E3CA0E53D3,0.16424581005586592,895
033E492229C2222EFAA16EE8A6462D8B|D7D1FB49049702BF6338894757E0D959|4C90FD52FC53D2C1C205844CB69575AB|1B491180398E2F0390E6A588B3BCE291|C5A550E7B8077A1FFA18AD636D2E9C6E,0.16419141914191418,1212
033E492229C2222EFAA16EE8A6462D8B|D7D1FB49049702BF6338894757E0D959|4C90FD52FC53D2C1C205844CB69575AB|C45A9AC6D102ACAEEDF0D6F78636D84A|7B77DCEDF23DCF7996D58C7BE859E365,0.16419019316493313,1346
E02400CDAD96905D88E932FE9B7D3552|D7D1FB49049702BF6338894757E0D959|921B36149E5B081FD24450BFE2CE4430|A5D15FC386510762EC0DDFF54ABE6F94|8B698195738EFBA10DB86CEC7642E72B,0.16407185628742516,4175
033E492229C2222EFAA16EE8A6462D8B|FF2C446555E3822B0E0FC3406116E86D|4C90FD52FC53D2C1C205844CB69575AB|A5D15FC386510762EC0DDFF54ABE6F94|2C3B3337D6AE42AF8CF51958BEB08641,0.1640378548895899,634
7532B3FBAFEC164460C4ED6FEB0C022C|7E56C27BFF0305E788DA55A029EC4988|NA|NA|D67AB35696B69C33A8A37314FBA3DB3B,0.16397228637413394,433
E02400CDAD96905D88E932FE9B7D3552|FF2C446555E3822B0E0FC3406116E86D|921B36149E5B081FD24450BFE2CE4430|A5D15FC386510762EC0DDFF54ABE6F94|B9BD68BF0460DDBC289CE9EAF235D6B9,0.16396761133603238,494
7F286560861764CCB93C90B7AA833949|FF2C446555E3822B0E0FC3406116E86D|NA|NA|C81067B852CA80182934598620F3E0EE,0.1638888888888889,1080
033E492229C2222EFAA16EE8A6462D8B|D7D1FB49049702BF6338894757E0D959|0CD76C7030D0900BE250C8D41703D180|A5D15FC386510762EC0DDFF54ABE6F94|8424AAC8989C86F51047C69C99F94571,0.16380952380952382,525
7F286560861764CCB93C90B7AA833949|D7D1FB49049702BF6338894757E0D959|NA|NA|0BF795FEFF0EC68850E1CCBCBB40D9CE,0.16379310344827586,232
9D307E5B713DE5E90D787BE9F802AFBB|D7D1FB49049702BF6338894757E0D959|4C90FD52FC53D2C1C205844CB69575AB|1B491180398E2F0390E6A588B3BCE291|B56FAF4FF95571934D31101BEECBFB74,0.16379310344827586,928
033E492229C2222EFAA16EE8A6462D8B|D7D1FB49049702BF6338894757E0D959|4C90FD52FC53D2C1C205844CB69575AB|1B491180398E2F0390E6A588B3BCE291|6DCE196C6F1F603E303DC59FD60E3894,0.16371681415929204,226
033E492229C2222EFAA16EE8A6462D8B|D7D1FB49049702BF6338894757E0D959|4C90FD52FC53D2C1C205844CB69575AB|1B491180398E2F0390E6A588B3BCE291|8392D6EDCEDA10492F356A656792E241,0.16363636363636364,220
EC997D43AC86A75D9B88A1051F86A67C|7E56C27BFF0305E788DA55A029EC4988|NA|NA|1FD3119DF006873894B1A6506947D10C,0.16363636363636364,275
635623BABBB7DA2E072D8C339F606E15|D7D1FB49049702BF6338894757E0D959|NA|NA|A052D61F296FFD48817B031FF7399312,0.16363636363636364,330
62D6A49514020FA0B2E434DB0B506005|FF2C446555E3822B0E0FC3406116E86D|NA|NA|9A0EA21647E006E4AAA6908795A06465,0.16363636363636364,660
EC997D43AC86A75D9B88A1051F86A67C|D7D1FB49049702BF6338894757E0D959|0CD76C7030D0900BE250C8D41703D180|A5D15FC386510762EC0DDFF54ABE6F94|3025C20325FC9F759EAE024D4BC7EAD3,0.1636004257260149,6577
033E492229C2222EFAA16EE8A6462D8B|D7D1FB49049702BF6338894757E0D959|4C90FD52FC53D2C1C205844CB69575AB|C45A9AC6D102ACAEEDF0D6F78636D84A|3E5E174C28240E4D53B0E77B089B455A,0.16358839050131926,379
13C26D10258053889D75D9B9CA922EC7|7E56C27BFF0305E788DA55A029EC4988|4C90FD52FC53D2C1C205844CB69575AB|A5D15FC386510762EC0DDFF54ABE6F94|6B1A5B34C1A34E8C194A53130057B322,0.16358024691358025,324
033E492229C2222EFAA16EE8A6462D8B|D7D1FB49049702BF6338894757E0D959|4C90FD52FC53D2C1C205844CB69575AB|A5D15FC386510762EC0DDFF54ABE6F94|0AC7360583F193A168CD43B576CCCD61,0.16356107660455488,1449
7F286560861764CCB93C90B7AA833949|7E56C27BFF0305E788DA55A029EC4988|NA|NA|45A386BE639B63D568A75235C5AA9B50,0.16353887399463807,373
033E492229C2222EFAA16EE8A6462D8B|7E56C27BFF0305E788DA55A029EC4988|4C90FD52FC53D2C1C205844CB69575AB|1B491180398E2F0390E6A588B3BCE291|BBEBDBDA2D1BDD9514E9AF16C551A1FE,0.1635150166852058,899
E02400CDAD96905D88E932FE9B7D3552|7E56C27BFF0305E788DA55A029EC4988|921B36149E5B081FD24450BFE2CE4430|C45A9AC6D102ACAEEDF0D6F78636D84A|9101E1040D2051A4741E2978FAFDABA3,0.1635036496350365,685
033E492229C2222EFAA16EE8A6462D8B|7E56C27BFF0305E788DA55A029EC4988|4C90FD52FC53D2C1C205844CB69575AB|1B491180398E2F0390E6A588B3BCE291|93F32675E7423B86B4404E67E5E5E785,0.16343825665859565,826
944B2A351FEFAC79AEAA9DA57E1B351F|7E56C27BFF0305E788DA55A029EC4988|NA|NA|116ACBB7E1881C29A6EB95E3CA0E53D3,0.16338880484114976,1322
E02400CDAD96905D88E932FE9B7D3552|7E56C27BFF0305E788DA55A029EC4988|921B36149E5B081FD24450BFE2CE4430|A5D15FC386510762EC0DDFF54ABE6F94|CC5275AF6E3F9DB7801F1E2B1C08B1ED,0.16338259441707717,1218
62D6A49514020FA0B2E434DB0B506005|D7D1FB49049702BF6338894757E0D959|NA|NA|B90E605811C70B18D5DE34A523B77C60,0.16336633663366337,606
E02400CDAD96905D88E932FE9B7D3552|D7D1FB49049702BF6338894757E0D959|921B36149E5B081FD24450BFE2CE4430|A5D15FC386510762EC0DDFF54ABE6F94|A22E951A8878419B87D272B693094495,0.16335540838852097,453
7F286560861764CCB93C90B7AA833949|FF2C446555E3822B0E0FC3406116E86D|4C90FD52FC53D2C1C205844CB69575AB|A5D15FC386510762EC0DDFF54ABE6F94|75AADD93A0693944F491C8ED4C849085,0.16326530612244897,343
62D6A49514020FA0B2E434DB0B506005|D7D1FB49049702BF6338894757E0D959|4C90FD52FC53D2C1C205844CB69575AB|A5D15FC386510762EC0DDFF54ABE6F94|7B4F751A5189AAA6315B6E9AEED5CA8F,0.16317991631799164,239
7F286560861764CCB93C90B7AA833949|D7D1FB49049702BF6338894757E0D959|NA|NA|24D4F8D30C3029FD1D24B305FDC06DBE,0.1630266931392014,9066
B4B45C6CE5FC4DE45AB02974D8849DBD|7E56C27BFF0305E788DA55A029EC4988|NA|NA|B1307FE5A41D1B598A37FA0A26B71DFE,0.16286644951140064,614
E02400CDAD96905D88E932FE9B7D3552|7E56C27BFF0305E788DA55A029EC4988|NA|NA|70633E730D41FE794E4603A5884D3239,0.1628056628056628,1554
033E492229C2222EFAA16EE8A6462D8B|7E56C27BFF0305E788DA55A029EC4988|4C90FD52FC53D2C1C205844CB69575AB|1B491180398E2F0390E6A588B3BCE291|32AF35E4536F91A28EC6A5916529DE80,0.16267942583732056,209
62D6A49514020FA0B2E434DB0B506005|D7D1FB49049702BF6338894757E0D959|NA|NA|8E5DC01626AC9BF3B96428C8BF2E7C79,0.16265060240963855,332
7F286560861764CCB93C90B7AA833949|7E56C27BFF0305E788DA55A029EC4988|NA|A5D15FC386510762EC0DDFF54ABE6F94|4AF48BC4346AB3C3347383F930DD0308,0.16260162601626016,984
EC997D43AC86A75D9B88A1051F86A67C|D7D1FB49049702BF6338894757E0D959|NA|NA|DF521510BD061D6699FAF86A561C0BD4,0.16258351893095768,449
62D6A49514020FA0B2E434DB0B506005|FF2C446555E3822B0E0FC3406116E86D|NA|NA|135DFD1A09357B3167408662A1A0A738,0.16257088846880907,529
EC997D43AC86A75D9B88A1051F86A67C|D7D1FB49049702BF6338894757E0D959|0CD76C7030D0900BE250C8D41703D180|A5D15FC386510762EC0DDFF54ABE6F94|A85ACBD454B7550280E2E6F0685C50B5,0.1625,1040
033E492229C2222EFAA16EE8A6462D8B|FF2C446555E3822B0E0FC3406116E86D|4C90FD52FC53D2C1C205844CB69575AB|1B491180398E2F0390E6A588B3BCE291|05F88AFBDD21B32DEF06CAFC314AAF49,0.16245034497177505,14349
033E492229C2222EFAA16EE8A6462D8B|7E56C27BFF0305E788DA55A029EC4988|4C90FD52FC53D2C1C205844CB69575AB|A5D15FC386510762EC0DDFF54ABE6F94|07AE3A6696365F4390E726992343DDEB,0.16234652114597545,733
E02400CDAD96905D88E932FE9B7D3552|7E56C27BFF0305E788DA55A029EC4988|921B36149E5B081FD24450BFE2CE4430|A5D15FC386510762EC0DDFF54ABE6F94|01A8E4BBC206FA31C2F421E47109C3BA,0.16226415094339622,265
B4B45C6CE5FC4DE45AB02974D8849DBD|7E56C27BFF0305E788DA55A029EC4988|921B36149E5B081FD24450BFE2CE4430|C45A9AC6D102ACAEEDF0D6F78636D84A|0612710F4A2D9A1D3A05DE01C14DA98E,0.16216216216216217,259
033E492229C2222EFAA16EE8A6462D8B|FF2C446555E3822B0E0FC3406116E86D|4C90FD52FC53D2C1C205844CB69575AB|1B491180398E2F0390E6A588B3BCE291|F41B9EFE26058AFFB180779FBEB998DC,0.16212338593974174,697
033E492229C2222EFAA16EE8A6462D8B|7E56C27BFF0305E788DA55A029EC4988|88460293E9517D21E39AA889BD5AADC8|1B491180398E2F0390E6A588B3BCE291|71ED3EF184D4503384F979FACCDA5571,0.16211121583411875,3183
033E492229C2222EFAA16EE8A6462D8B|7E56C27BFF0305E788DA55A029EC4988|E7BD5A29457B8E92582951B586319A9C|C45A9AC6D102ACAEEDF0D6F78636D84A|920E3C3C087ABB235E1AA11B055ABAA3,0.16205533596837945,253
033E492229C2222EFAA16EE8A6462D8B|D7D1FB49049702BF6338894757E0D959|4C90FD52FC53D2C1C205844CB69575AB|1B491180398E2F0390E6A588B3BCE291|C839281045151050599C3B791E3CF158,0.16203703703703703,216
033E492229C2222EFAA16EE8A6462D8B|D7D1FB49049702BF6338894757E0D959|4C90FD52FC53D2C1C205844CB69575AB|1B491180398E2F0390E6A588B3BCE291|CF144BB67D9D993489D757D9C1FD087A,0.16193181818181818,704
E02400CDAD96905D88E932FE9B7D3552|7E56C27BFF0305E788DA55A029EC4988|921B36149E5B081FD24450BFE2CE4430|A5D15FC386510762EC0DDFF54ABE6F94|3F6C5C459F06B2A5A0CF15B37FFEC78C,0.1619234543670265,1019
033E492229C2222EFAA16EE8A6462D8B|7E56C27BFF0305E788DA55A029EC4988|4C90FD52FC53D2C1C205844CB69575AB|1B491180398E2F0390E6A588B3BCE291|532E508F5E82B661CC1888116EA6638D,0.16180048661800486,822
7F286560861764CCB93C90B7AA833949|D7D1FB49049702BF6338894757E0D959|NA|NA|7FF7AC62EDA23B0BD77453C479F39CDF,0.16176470588235295,204
033E492229C2222EFAA16EE8A6462D8B|7E56C27BFF0305E788DA55A029EC4988|4C90FD52FC53D2C1C205844CB69575AB|C45A9AC6D102ACAEEDF0D6F78636D84A|DE66A91FC83536D49ED1941A8F7B940C,0.1617161716171617,2121
E02400CDAD96905D88E932FE9B7D3552|D7D1FB49049702BF6338894757E0D959|921B36149E5B081FD24450BFE2CE4430|A5D15FC386510762EC0DDFF54ABE6F94|8C6B8FCFC5E4907594DB42334265491C,0.16167664670658682,501
033E492229C2222EFAA16EE8A6462D8B|D7D1FB49049702BF6338894757E0D959|4C90FD52FC53D2C1C205844CB69575AB|1B491180398E2F0390E6A588B3BCE291|3AE1D1BFECFA56569B54D4690CC799D4,0.1615598885793872,359
E02400CDAD96905D88E932FE9B7D3552|7E56C27BFF0305E788DA55A029EC4988|NA|NA|9ECC6858B1896E4CFF9A2DB50D733717,0.16151202749140894,291
033E492229C2222EFAA16EE8A6462D8B|D7D1FB49049702BF6338894757E0D959|4C90FD52FC53D2C1C205844CB69575AB|C45A9AC6D102ACAEEDF0D6F78636D84A|345F8671D7F8B7576C91F01E3AEF7873,0.16150442477876106,452
033E492229C2222EFAA16EE8A6462D8B|D7D1FB49049702BF6338894757E0D959|0CD76C7030D0900BE250C8D41703D180|D7B42B0C4D807EF1C13F79948743E9DA|8424AAC8989C86F51047C69C99F94571,0.16141732283464566,254
13C26D10258053889D75D9B9CA922EC7|D7D1FB49049702BF6338894757E0D959|NA|NA|BD18AB51C4EC1B08BC9B4A4A0FC1DE9F,0.16139240506329114,316
7F286560861764CCB93C90B7AA833949|7E56C27BFF0305E788DA55A029EC4988|921B36149E5B081FD24450BFE2CE4430|A5D15FC386510762EC0DDFF54ABE6F94|9101E1040D2051A4741E2978FAFDABA3,0.16139240506329114,316
635623BABBB7DA2E072D8C339F606E15|D7D1FB49049702BF6338894757E0D959|NA|NA|2433ACF72F4C6BF78F914616D982ECAC,0.16138328530259366,347
033E492229C2222EFAA16EE8A6462D8B|D7D1FB49049702BF6338894757E0D959|4C90FD52FC53D2C1C205844CB69575AB|1B491180398E2F0390E6A588B3BCE291|7984D65347E3BCD2BBC3D86BDE891DCB,0.1613785557986871,3656
13C26D10258053889D75D9B9CA922EC7|D7D1FB49049702BF6338894757E0D959|NA|NA|A72B4C6426215ECCD805355AE71009E9,0.16123499142367068,583
EC997D43AC86A75D9B88A1051F86A67C|7E56C27BFF0305E788DA55A029EC4988|NA|NA|NA,0.1612345350538779,7517
7F286560861764CCB93C90B7AA833949|7E56C27BFF0305E788DA55A029EC4988|NA|NA|E232C85157D477BCAE26A17A99AB2431,0.1611459265890779,1117
E02400CDAD96905D88E932FE9B7D3552|7E56C27BFF0305E788DA55A029EC4988|921B36149E5B081FD24450BFE2CE4430|A5D15FC386510762EC0DDFF54ABE6F94|9101E1040D2051A4741E2978FAFDABA3,0.1611124430592184,4171
2134F56D3769B5022DB7172F1536B749|FF2C446555E3822B0E0FC3406116E86D|NA|NA|66B82DDB65B4E19B57724114CEF5FFA5,0.16095890410958905,292
5D656311CF9F47E34248BE9FBFF194A0|D7D1FB49049702BF6338894757E0D959|NA|NA|B31F79E2B310DD305138530821BBF51A,0.1608832807570978,634
9D307E5B713DE5E90D787BE9F802AFBB|D7D1FB49049702BF6338894757E0D959|4C90FD52FC53D2C1C205844CB69575AB|C45A9AC6D102ACAEEDF0D6F78636D84A|0028E9FDA4F99C7B7D7B5EA576F9A62C,0.1608695652173913,230
E02400CDAD96905D88E932FE9B7D3552|7E56C27BFF0305E788DA55A029EC4988|921B36149E5B081FD24450BFE2CE4430|A5D15FC386510762EC0DDFF54ABE6F94|58DEEAF370741AA3CDF0330F6AB913B6,0.1607843137254902,510
033E492229C2222EFAA16EE8A6462D8B|D7D1FB49049702BF6338894757E0D959|4C90FD52FC53D2C1C205844CB69575AB|C45A9AC6D102ACAEEDF0D6F78636D84A|DDFEA6EE698477851D89A072F14511C2,0.1607717041800643,311
111C91D6B0D89C84BF196FED8DBE7BBB|D7D1FB49049702BF6338894757E0D959|NA|NA|1D3BFF4E8F5932B394B5C7B293DE3E81,0.16037735849056603,212
EC997D43AC86A75D9B88A1051F86A67C|D7D1FB49049702BF6338894757E0D959|0CD76C7030D0900BE250C8D41703D180|A5D15FC386510762EC0DDFF54ABE6F94|DFAB3625570563C35B88D71AADBCE89F,0.16037735849056603,212
7F286560861764CCB93C90B7AA833949|7E56C27BFF0305E788DA55A029EC4988|4C90FD52FC53D2C1C205844CB69575AB|A5D15FC386510762EC0DDFF54ABE6F94|53F02588B177AA9BA649AC9C091F44D4,0.1603140847374448,6113
88CED8BA3AA711A20ACF8B1FC574F218|FF2C446555E3822B0E0FC3406116E86D|NA|NA|F6E94DDA6EDE34DE6094F84FD72BEF17,0.16027088036117382,443
033E492229C2222EFAA16EE8A6462D8B|D7D1FB49049702BF6338894757E0D959|88460293E9517D21E39AA889BD5AADC8|A5D15FC386510762EC0DDFF54ABE6F94|271B3C1DD6DC0D06C67B540F4257F6F7,0.160075329566855,531
7532B3FBAFEC164460C4ED6FEB0C022C|7E56C27BFF0305E788DA55A029EC4988|NA|NA|B7B8003DE4CAAEE7382B9731CF84468C,0.16005873715124816,681
635623BABBB7DA2E072D8C339F606E15|D7D1FB49049702BF6338894757E0D959|NA|NA|6B8F4FA77197B00C94EC5B605457B6BF,0.16002490660024907,1606
033E492229C2222EFAA16EE8A6462D8B|D7D1FB49049702BF6338894757E0D959|4C90FD52FC53D2C1C205844CB69575AB|A5D15FC386510762EC0DDFF54ABE6F94|586B83A2060B96585C9D0F9BE9DBD68F,0.16,200
7F286560861764CCB93C90B7AA833949|7E56C27BFF0305E788DA55A029EC4988|NA|NA|3EBD1F56B438CC172A1BD35C7188DABD,0.16,600
E02400CDAD96905D88E932FE9B7D3552|FF2C446555E3822B0E0FC3406116E86D|921B36149E5B081FD24450BFE2CE4430|A5D15FC386510762EC0DDFF54ABE6F94|3FB2807B96587F7D5A96B111A7599336,0.1598639455782313,1176
033E492229C2222EFAA16EE8A6462D8B|D7D1FB49049702BF6338894757E0D959|4C90FD52FC53D2C1C205844CB69575AB|1B491180398E2F0390E6A588B3BCE291|8F18CEA7DF93B3926CA0978F35864E03,0.1596989966555184,1196
033E492229C2222EFAA16EE8A6462D8B|7E56C27BFF0305E788DA55A029EC4988|4C90FD52FC53D2C1C205844CB69575AB|1B491180398E2F0390E6A588B3BCE291|12AD2996494DFF657A50F4AB0D7F4230,0.1596958174904943,263
033E492229C2222EFAA16EE8A6462D8B|D7D1FB49049702BF6338894757E0D959|4C90FD52FC53D2C1C205844CB69575AB|1B491180398E2F0390E6A588B3BCE291|A00EE73CFEADBBDEAC8F930911534442,0.15968992248062017,645
62D6A49514020FA0B2E434DB0B506005|D7D1FB49049702BF6338894757E0D959|NA|NA|BDB40E10672A79231D3FB77B7236F15D,0.1595744680851064,282
7F286560861764CCB93C90B7AA833949|7E56C27BFF0305E788DA55A029EC4988|NA|A5D15FC386510762EC0DDFF54ABE6F94|DB89BE834272DF84F578E88033131577,0.15952890792291222,934
033E492229C2222EFAA16EE8A6462D8B|7E56C27BFF0305E788DA55A029EC4988|88460293E9517D21E39AA889BD5AADC8|A5D15FC386510762EC0DDFF54ABE6F94|F5356FCB36EA47C8BCF1DD0D309872B8,0.15948275862068967,464
033E492229C2222EFAA16EE8A6462D8B|7E56C27BFF0305E788DA55A029EC4988|4C90FD52FC53D2C1C205844CB69575AB|1B491180398E2F0390E6A588B3BCE291|2369D8B7EB6DCE8116C40013F1FD2623,0.1593959731543624,1192
033E492229C2222EFAA16EE8A6462D8B|D7D1FB49049702BF6338894757E0D959|4C90FD52FC53D2C1C205844CB69575AB|1B491180398E2F0390E6A588B3BCE291|271B3C1DD6DC0D06C67B540F4257F6F7,0.15922249793217536,2418
62D6A49514020FA0B2E434DB0B506005|D7D1FB49049702BF6338894757E0D959|NA|NA|1C708EEFD39C7F5CC88A3F959F606C0B,0.15920398009950248,402
62D6A49514020FA0B2E434DB0B506005|7E56C27BFF0305E788DA55A029EC4988|NA|NA|47188859656650964952DB5A346CE33A,0.15912770212360727,10501
EC997D43AC86A75D9B88A1051F86A67C|7E56C27BFF0305E788DA55A029EC4988|4C90FD52FC53D2C1C205844CB69575AB|A5D15FC386510762EC0DDFF54ABE6F94|6640CDAA1700657A735B7993EB2B9D60,0.1590909090909091,396
E02400CDAD96905D88E932FE9B7D3552|D7D1FB49049702BF6338894757E0D959|921B36149E5B081FD24450BFE2CE4430|A5D15FC386510762EC0DDFF54ABE6F94|3AB5EF173708C4BCFCBFF75F3C84761E,0.15894039735099338,755
033E492229C2222EFAA16EE8A6462D8B|D7D1FB49049702BF6338894757E0D959|4C90FD52FC53D2C1C205844CB69575AB|1B491180398E2F0390E6A588B3BCE291|8AD8AED0B138088C2DC662517944B192,0.1588785046728972,214
7F286560861764CCB93C90B7AA833949|FF2C446555E3822B0E0FC3406116E86D|NA|A5D15FC386510762EC0DDFF54ABE6F94|8C83357A456568F5BA3247ED5DDC9EC5,0.15886524822695036,705
033E492229C2222EFAA16EE8A6462D8B|D7D1FB49049702BF6338894757E0D959|4C90FD52FC53D2C1C205844CB69575AB|1B491180398E2F0390E6A588B3BCE291|39C1CA4A2EDB1483A31B54EEE2F035B1,0.1588447653429603,831
033E492229C2222EFAA16EE8A6462D8B|7E56C27BFF0305E788DA55A029EC4988|4C90FD52FC53D2C1C205844CB69575AB|1B491180398E2F0390E6A588B3BCE291|94FDA4CB9F93CB042AEFB98E3D5A01AB,0.1588235294117647,510
88CED8BA3AA711A20ACF8B1FC574F218|D7D1FB49049702BF6338894757E0D959|NA|NA|F0625C62265F55F13045ED386E29151B,0.15879828326180256,233
033E492229C2222EFAA16EE8A6462D8B|FF2C446555E3822B0E0FC3406116E86D|4C90FD52FC53D2C1C205844CB69575AB|D7B42B0C4D807EF1C13F79948743E9DA|AF987DFD50EA97717E6A0D8B2984DF66,0.15870570107858242,649
13C26D10258053889D75D9B9CA922EC7|D7D1FB49049702BF6338894757E0D959|NA|NA|A5979B99F4694399B9943AA60E37B19A,0.15866666666666668,750
E02400CDAD96905D88E932FE9B7D3552|7E56C27BFF0305E788DA55A029EC4988|NA|NA|EC78C1EB71DE898DF58B246B953A191E,0.15862068965517243,1015
E02400CDAD96905D88E932FE9B7D3552|7E56C27BFF0305E788DA55A029EC4988|921B36149E5B081FD24450BFE2CE4430|A5D15FC386510762EC0DDFF54ABE6F94|AB2863F1FAF2299D819744EC2C5BF731,0.15858585858585858,990
7F286560861764CCB93C90B7AA833949|FF2C446555E3822B0E0FC3406116E86D|NA|NA|F5A359C11CD00084544C1FF0FB01B8B6,0.15844155844155844,385
E02400CDAD96905D88E932FE9B7D3552|7E56C27BFF0305E788DA55A029EC4988|NA|NA|46CCC9D9F096D22AA42975588010F0D6,0.15841584158415842,505
E02400CDAD96905D88E932FE9B7D3552|FF2C446555E3822B0E0FC3406116E86D|921B36149E5B081FD24450BFE2CE4430|A5D15FC386510762EC0DDFF54ABE6F94|29C0B2B5126E480F0DD4454F31F10A39,0.15841584158415842,707
635623BABBB7DA2E072D8C339F606E15|7E56C27BFF0305E788DA55A029EC4988|NA|NA|281A85DD29C022E36ABDC2EE30915B0E,0.15835777126099707,341
033E492229C2222EFAA16EE8A6462D8B|D7D1FB49049702BF6338894757E0D959|4C90FD52FC53D2C1C205844CB69575AB|1B491180398E2F0390E6A588B3BCE291|5AF7F144C0234FD0777AABBDC3899945,0.15825688073394495,436
EC997D43AC86A75D9B88A1051F86A67C|D7D1FB49049702BF6338894757E0D959|NA|NA|E0125A52D02FB73C2F55F01E1B1A7696,0.15825688073394495,436
635623BABBB7DA2E072D8C339F606E15|D7D1FB49049702BF6338894757E0D959|NA|NA|B9505C92C9B126ECB673D550E2A9F674,0.15818181818181817,550
EC997D43AC86A75D9B88A1051F86A67C|D7D1FB49049702BF6338894757E0D959|0CD76C7030D0900BE250C8D41703D180|A5D15FC386510762EC0DDFF54ABE6F94|1FB8886A8596F4D886D7541E804D603E,0.1581769436997319,746
62D6A49514020FA0B2E434DB0B506005|7E56C27BFF0305E788DA55A029EC4988|NA|NA|DC7337F0BD8B49AD230A053A5F8BCD0B,0.15813953488372093,215
7F286560861764CCB93C90B7AA833949|FF2C446555E3822B0E0FC3406116E86D|4C90FD52FC53D2C1C205844CB69575AB|A5D15FC386510762EC0DDFF54ABE6F94|0D40C070EF1755017EDD34094AD4D048,0.15806451612903225,310
13C26D10258053889D75D9B9CA922EC7|7E56C27BFF0305E788DA55A029EC4988|NA|NA|E058174B669D2275DAEB73253AB469FB,0.15797101449275364,690
033E492229C2222EFAA16EE8A6462D8B|7E56C27BFF0305E788DA55A029EC4988|4C90FD52FC53D2C1C205844CB69575AB|1B491180398E2F0390E6A588B3BCE291|0291087BF3081EEC4B9F7DB460D38E8E,0.1579191825359963,4306
7F286560861764CCB93C90B7AA833949|D7D1FB49049702BF6338894757E0D959|NA|NA|2076F34CE8252516277EAC1EF575D661,0.15789473684210525,817
033E492229C2222EFAA16EE8A6462D8B|FF2C446555E3822B0E0FC3406116E86D|4C90FD52FC53D2C1C205844CB69575AB|A5D15FC386510762EC0DDFF54ABE6F94|26310B2E8CE3DB83301584EE8FD1E341,0.15789473684210525,209
033E492229C2222EFAA16EE8A6462D8B|D7D1FB49049702BF6338894757E0D959|4C90FD52FC53D2C1C205844CB69575AB|A5D15FC386510762EC0DDFF54ABE6F94|C9B224C385A70C39A998F0C7AAF5E0A2,0.15778688524590165,488
7532B3FBAFEC164460C4ED6FEB0C022C|D7D1FB49049702BF6338894757E0D959|NA|NA|8DB7A3959FB4D07DCBB2B3CADF39A0AE,0.15771349862258954,1452
033E492229C2222EFAA16EE8A6462D8B|D7D1FB49049702BF6338894757E0D959|4C90FD52FC53D2C1C205844CB69575AB|1B491180398E2F0390E6A588B3BCE291|795959C07996E0F5FA494E8E2F4BDB70,0.1576923076923077,260
13C26D10258053889D75D9B9CA922EC7|FF2C446555E3822B0E0FC3406116E86D|NA|NA|A8552A725BC2A95AC43EAF241515E060,0.15755627009646303,311
E02400CDAD96905D88E932FE9B7D3552|D7D1FB49049702BF6338894757E0D959|921B36149E5B081FD24450BFE2CE4430|A5D15FC386510762EC0DDFF54ABE6F94|FC96C69F67E781A74FAEC89C8014D272,0.1575,400
62D6A49514020FA0B2E434DB0B506005|7E56C27BFF0305E788DA55A029EC4988|NA|NA|8A44A9742DF903751BBF126DF7365D44,0.15744274809160305,1048
E02400CDAD96905D88E932FE9B7D3552|7E56C27BFF0305E788DA55A029EC4988|921B36149E5B081FD24450BFE2CE4430|A5D15FC386510762EC0DDFF54ABE6F94|938B0864E6472C5FB7E865E89BB5C50B,0.1572379367720466,1202
033E492229C2222EFAA16EE8A6462D8B|D7D1FB49049702BF6338894757E0D959|4C90FD52FC53D2C1C205844CB69575AB|1B491180398E2F0390E6A588B3BCE291|7DE221685FBDD5F1CB7818F89740D46D,0.1571753986332574,439
635623BABBB7DA2E072D8C339F606E15|7E56C27BFF0305E788DA55A029EC4988|NA|NA|51C55AEA8C66A76918733F7E6E5A0198,0.15714285714285714,350
033E492229C2222EFAA16EE8A6462D8B|D7D1FB49049702BF6338894757E0D959|4C90FD52FC53D2C1C205844CB69575AB|1B491180398E2F0390E6A588B3BCE291|323CB375A44A7423EDED31D92B6AE0E2,0.15713883413123064,7102
033E492229C2222EFAA16EE8A6462D8B|FF2C446555E3822B0E0FC3406116E86D|4C90FD52FC53D2C1C205844CB69575AB|1B491180398E2F0390E6A588B3BCE291|941884F8834E5C221582193C12D55D46,0.15695067264573992,223
033E492229C2222EFAA16EE8A6462D8B|7E56C27BFF0305E788DA55A029EC4988|921B36149E5B081FD24450BFE2CE4430|1B491180398E2F0390E6A588B3BCE291|B1A587CAC9D7544901E0048FE243B3F2,0.1568627450980392,204
13C26D10258053889D75D9B9CA922EC7|7E56C27BFF0305E788DA55A029EC4988|NA|A5D15FC386510762EC0DDFF54ABE6F94|2A7A35B0F85EE2E42531E274BEC3FCB9,0.1568627450980392,357
033E492229C2222EFAA16EE8A6462D8B|D7D1FB49049702BF6338894757E0D959|4C90FD52FC53D2C1C205844CB69575AB|A5D15FC386510762EC0DDFF54ABE6F94|B8C0FE637FD5FF6EC39C94265ADB17C3,0.15682656826568267,542
B83EF4115DC165749F3FCB737CC1044D|7E56C27BFF0305E788DA55A029EC4988|NA|A5D15FC386510762EC0DDFF54ABE6F94|NA,0.1566965769358591,6018
EC997D43AC86A75D9B88A1051F86A67C|D7D1FB49049702BF6338894757E0D959|0CD76C7030D0900BE250C8D41703D180|A5D15FC386510762EC0DDFF54ABE6F94|4F5032F092E78A4D91EE95322C31EC6D,0.15668202764976957,217
033E492229C2222EFAA16EE8A6462D8B|7E56C27BFF0305E788DA55A029EC4988|4C90FD52FC53D2C1C205844CB69575AB|C45A9AC6D102ACAEEDF0D6F78636D84A|EF23C47AD7D51B055866E75B15583230,0.1566265060240964,415
7F286560861764CCB93C90B7AA833949|D7D1FB49049702BF6338894757E0D959|NA|NA|0EA006066396E3169C30421CD3359325,0.15658259221460855,6859
B4B45C6CE5FC4DE45AB02974D8849DBD|FF2C446555E3822B0E0FC3406116E86D|NA|NA|E419332903EAAA889645B5716AE869B5,0.15636363636363637,275
033E492229C2222EFAA16EE8A6462D8B|7E56C27BFF0305E788DA55A029EC4988|4C90FD52FC53D2C1C205844CB69575AB|1B491180398E2F0390E6A588B3BCE291|5CEE4F6A95970A04956B3F1A2B3697F6,0.15625,384
62D6A49514020FA0B2E434DB0B506005|7E56C27BFF0305E788DA55A029EC4988|NA|NA|34C1E2FD68192376FF4AF6AD2E5CE160,0.15613382899628253,269
7F286560861764CCB93C90B7AA833949|7E56C27BFF0305E788DA55A029EC4988|NA|A5D15FC386510762EC0DDFF54ABE6F94|F238842D6BEE084717EF0659DCF611A9,0.15609756097560976,615
E02400CDAD96905D88E932FE9B7D3552|FF2C446555E3822B0E0FC3406116E86D|921B36149E5B081FD24450BFE2CE4430|A5D15FC386510762EC0DDFF54ABE6F94|9C60E4AC0F639215762FC1E94FCE6B5B,0.15604395604395604,455
033E492229C2222EFAA16EE8A6462D8B|D7D1FB49049702BF6338894757E0D959|4C90FD52FC53D2C1C205844CB69575AB|C45A9AC6D102ACAEEDF0D6F78636D84A|93805425440E0B0C93655083D59FFA2E,0.1560418648905804,1051
88CED8BA3AA711A20ACF8B1FC574F218|7E56C27BFF0305E788DA55A029EC4988|NA|NA|A7910F456BE1844E8C623DA33E0442AD,0.15588235294117647,340
EC997D43AC86A75D9B88A1051F86A67C|D7D1FB49049702BF6338894757E0D959|NA|NA|D0549FA9DDE3F2FAA7D909D9E1D0F6E1,0.15584415584415584,308
E02400CDAD96905D88E932FE9B7D3552|7E56C27BFF0305E788DA55A029EC4988|NA|NA|7BA18B7FCC191ACEE7F98578EA9258D1,0.15579710144927536,552
13C26D10258053889D75D9B9CA922EC7|D7D1FB49049702BF6338894757E0D959|NA|NA|632BB6C855EDC5F51105A3255ECA40B1,0.15579119086460033,1226
E02400CDAD96905D88E932FE9B7D3552|7E56C27BFF0305E788DA55A029EC4988|921B36149E5B081FD24450BFE2CE4430|A5D15FC386510762EC0DDFF54ABE6F94|B1A587CAC9D7544901E0048FE243B3F2,0.155668358714044,591
7F286560861764CCB93C90B7AA833949|7E56C27BFF0305E788DA55A029EC4988|88460293E9517D21E39AA889BD5AADC8|A5D15FC386510762EC0DDFF54ABE6F94|4F1F93F65CDC91886883DBB25E60563E,0.1556420233463035,257
033E492229C2222EFAA16EE8A6462D8B|D7D1FB49049702BF6338894757E0D959|4C90FD52FC53D2C1C205844CB69575AB|1B491180398E2F0390E6A588B3BCE291|F1F8C33BE568D5026BEB8621666F391A,0.15560640732265446,437
7532B3FBAFEC164460C4ED6FEB0C022C|FF2C446555E3822B0E0FC3406116E86D|NA|NA|116ACBB7E1881C29A6EB95E3CA0E53D3,0.15558071516180771,10599
033E492229C2222EFAA16EE8A6462D8B|FF2C446555E3822B0E0FC3406116E86D|4C90FD52FC53D2C1C205844CB69575AB|C45A9AC6D102ACAEEDF0D6F78636D84A|493B88AC8225128B0F81F0F7199C0441,0.15555555555555556,225
033E492229C2222EFAA16EE8A6462D8B|D7D1FB49049702BF6338894757E0D959|4C90FD52FC53D2C1C205844CB69575AB|1B491180398E2F0390E6A588B3BCE291|3DC607C5628B27E720F27DE3DE2527D3,0.15546218487394958,238
62D6A49514020FA0B2E434DB0B506005|7E56C27BFF0305E788DA55A029EC4988|NA|NA|EDFC5F48E429BDE26ED5FD3CEFD816C7,0.15542710340398203,1557
033E492229C2222EFAA16EE8A6462D8B|7E56C27BFF0305E788DA55A029EC4988|4C90FD52FC53D2C1C205844CB69575AB|C45A9AC6D102ACAEEDF0D6F78636D84A|600876DC0F83940E57DADF87CBF3ED5B,0.1553784860557769,251
033E492229C2222EFAA16EE8A6462D8B|7E56C27BFF0305E788DA55A029EC4988|4C90FD52FC53D2C1C205844CB69575AB|1B491180398E2F0390E6A588B3BCE291|B996C1B2FF9D91BCCF667A841B5FCEEF,0.1553672316384181,354
033E492229C2222EFAA16EE8A6462D8B|7E56C27BFF0305E788DA55A029EC4988|4C90FD52FC53D2C1C205844CB69575AB|C45A9AC6D102ACAEEDF0D6F78636D84A|7AFA37DD94D871E2C24B7D048AAF8966,0.1553398058252427,515
635623BABBB7DA2E072D8C339F606E15|D7D1FB49049702BF6338894757E0D959|NA|NA|2B723BAF77ECF87D5F66A2415AD18159,0.15531914893617021,470
62D6A49514020FA0B2E434DB0B506005|7E56C27BFF0305E788DA55A029EC4988|4C90FD52FC53D2C1C205844CB69575AB|A5D15FC386510762EC0DDFF54ABE6F94|065F6AE8A6727D9E0411ECAB325BEB2F,0.15527950310559005,483
7F286560861764CCB93C90B7AA833949|D7D1FB49049702BF6338894757E0D959|NA|NA|AB562BDE645ABEB4C4A44153CEE68A1B,0.15527950310559005,483
EC997D43AC86A75D9B88A1051F86A67C|D7D1FB49049702BF6338894757E0D959|0CD76C7030D0900BE250C8D41703D180|A5D15FC386510762EC0DDFF54ABE6F94|FCFC6F9C0B81C65F387F28E54F24EEBF,0.15522388059701492,335
7F286560861764CCB93C90B7AA833949|7E56C27BFF0305E788DA55A029EC4988|NA|A5D15FC386510762EC0DDFF54ABE6F94|514079215E791936F564CC4B40632AF7,0.15517241379310345,696
033E492229C2222EFAA16EE8A6462D8B|7E56C27BFF0305E788DA55A029EC4988|4C90FD52FC53D2C1C205844CB69575AB|1B491180398E2F0390E6A588B3BCE291|9DF2E301D41E2762B9B36D5BCFD64FA6,0.15517241379310345,406
033E492229C2222EFAA16EE8A6462D8B|7E56C27BFF0305E788DA55A029EC4988|4C90FD52FC53D2C1C205844CB69575AB|A5D15FC386510762EC0DDFF54ABE6F94|ED7266772B5661C581DACBA367475CDA,0.15513626834381553,477
033E492229C2222EFAA16EE8A6462D8B|7E56C27BFF0305E788DA55A029EC4988|4C90FD52FC53D2C1C205844CB69575AB|A5D15FC386510762EC0DDFF54ABE6F94|0856CCF5CC2C3EEE7B2C30C66313BFE7,0.1550925925925926,432
62D6A49514020FA0B2E434DB0B506005|7E56C27BFF0305E788DA55A029EC4988|NA|NA|709F5BEC2F9BED5A5A5BFC4046705EDC,0.155,200
B4B45C6CE5FC4DE45AB02974D8849DBD|FF2C446555E3822B0E0FC3406116E86D|921B36149E5B081FD24450BFE2CE4430|1B491180398E2F0390E6A588B3BCE291|174B309C46B7AAC0006FB70493DC38CD,0.155,200
13C26D10258053889D75D9B9CA922EC7|D7D1FB49049702BF6338894757E0D959|NA|NA|2E4A23A6B8E087CA5B453A58E3D3CE75,0.155,200
7F286560861764CCB93C90B7AA833949|D7D1FB49049702BF6338894757E0D959|NA|NA|ECF8828553220D88B8DCE6BED82F5986,0.15492957746478872,213
7F286560861764CCB93C90B7AA833949|7E56C27BFF0305E788DA55A029EC4988|4C90FD52FC53D2C1C205844CB69575AB|A5D15FC386510762EC0DDFF54ABE6F94|D6EF29B0FA9248B83AF1E38816F3128E,0.15485996705107083,607
033E492229C2222EFAA16EE8A6462D8B|D7D1FB49049702BF6338894757E0D959|4C90FD52FC53D2C1C205844CB69575AB|A5D15FC386510762EC0DDFF54ABE6F94|2AEF24D7ADC9FE1D10028100D070EB79,0.15471698113207547,265
033E492229C2222EFAA16EE8A6462D8B|7E56C27BFF0305E788DA55A029EC4988|4C90FD52FC53D2C1C205844CB69575AB|1B491180398E2F0390E6A588B3BCE291|12A280943B2EAFDDF0D4D08733DA4A4F,0.1546572934973638,569
88CED8BA3AA711A20ACF8B1FC574F218|D7D1FB49049702BF6338894757E0D959|88460293E9517D21E39AA889BD5AADC8|A5D15FC386510762EC0DDFF54ABE6F94|NA,0.15450643776824036,233
EC997D43AC86A75D9B88A1051F86A67C|7E56C27BFF0305E788DA55A029EC4988|NA|NA|7DF863FD47B12EFFC72C6E0C1A02404B,0.1543942992874109,421
E02400CDAD96905D88E932FE9B7D3552|7E56C27BFF0305E788DA55A029EC4988|NA|NA|A7A7AC8D9A3685C53304990D776C5470,0.15434782608695652,460
033E492229C2222EFAA16EE8A6462D8B|D7D1FB49049702BF6338894757E0D959|4C90FD52FC53D2C1C205844CB69575AB|C45A9AC6D102ACAEEDF0D6F78636D84A|C96DBB02E07873BF5185FDAF23D8127B,0.15432098765432098,648
E02400CDAD96905D88E932FE9B7D3552|7E56C27BFF0305E788DA55A029EC4988|921B36149E5B081FD24450BFE2CE4430|A5D15FC386510762EC0DDFF54ABE6F94|EC78C1EB71DE898DF58B246B953A191E,0.15416666666666667,480
B4B45C6CE5FC4DE45AB02974D8849DBD|FF2C446555E3822B0E0FC3406116E86D|NA|NA|8B22D860877E19AD8DCF3A2F2135AF1D,0.15413533834586465,266
B4B45C6CE5FC4DE45AB02974D8849DBD|D7D1FB49049702BF6338894757E0D959|4C90FD52FC53D2C1C205844CB69575AB|A5D15FC386510762EC0DDFF54ABE6F94|5B34262C6B6B52578FFBA49A8C6C4D0E,0.1541095890410959,292
13C26D10258053889D75D9B9CA922EC7|D7D1FB49049702BF6338894757E0D959|NA|NA|00E146549503D60B6FE52F48227224E1,0.1541095890410959,292
62D6A49514020FA0B2E434DB0B506005|D7D1FB49049702BF6338894757E0D959|NA|NA|CD886AD2EA373C74FEE56551B39E4B87,0.15410668924640136,3543
E02400CDAD96905D88E932FE9B7D3552|7E56C27BFF0305E788DA55A029EC4988|921B36149E5B081FD24450BFE2CE4430|A5D15FC386510762EC0DDFF54ABE6F94|4A18848F8789D414EE8B74BF99115561,0.1540983606557377,305
62D6A49514020FA0B2E434DB0B506005|7E56C27BFF0305E788DA55A029EC4988|NA|NA|D8E7342BECEC4370DF02BDF9CAB81F3A,0.15406162464985995,357
62D6A49514020FA0B2E434DB0B506005|D7D1FB49049702BF6338894757E0D959|NA|NA|24D4F8D30C3029FD1D24B305FDC06DBE,0.15392528424472118,36940
7532B3FBAFEC164460C4ED6FEB0C022C|D7D1FB49049702BF6338894757E0D959|NA|NA|574073C6268C81B0E135FA8A730B0CD2,0.15384615384615385,455
033E492229C2222EFAA16EE8A6462D8B|FF2C446555E3822B0E0FC3406116E86D|4C90FD52FC53D2C1C205844CB69575AB|1B491180398E2F0390E6A588B3BCE291|CB9944F2553618238FC65DCE69E676D4,0.15384615384615385,312
E02400CDAD96905D88E932FE9B7D3552|7E56C27BFF0305E788DA55A029EC4988|921B36149E5B081FD24450BFE2CE4430|A5D15FC386510762EC0DDFF54ABE6F94|20438E812A01FFC6650E8AE2B8379D68,0.15379061371841155,1385
7532B3FBAFEC164460C4ED6FEB0C022C|7E56C27BFF0305E788DA55A029EC4988|NA|NA|0B984B4F31FE4B9104AF791F1DCFCA88,0.1536189069423929,1354
635623BABBB7DA2E072D8C339F606E15|7E56C27BFF0305E788DA55A029EC4988|NA|NA|DCB2D2F8BF0DA2C0212A51F10F581144,0.15359477124183007,612
7F286560861764CCB93C90B7AA833949|FF2C446555E3822B0E0FC3406116E86D|4C90FD52FC53D2C1C205844CB69575AB|A5D15FC386510762EC0DDFF54ABE6F94|C15D7F4C3A09EADC0665D1899B56C035,0.15359477124183007,306
13C26D10258053889D75D9B9CA922EC7|D7D1FB49049702BF6338894757E0D959|NA|NA|331C4CA75DFBD99415B12C4B07DD06F4,0.15349887133182843,886
635623BABBB7DA2E072D8C339F606E15|7E56C27BFF0305E788DA55A029EC4988|NA|NA|3F2BD2B123E8193FA56E605478ABC484,0.15335463258785942,313
B4B45C6CE5FC4DE45AB02974D8849DBD|D7D1FB49049702BF6338894757E0D959|4C90FD52FC53D2C1C205844CB69575AB|A5D15FC386510762EC0DDFF54ABE6F94|A706BF8E0DC6304210E6F8FD362BD459,0.15319148936170213,235
9D307E5B713DE5E90D787BE9F802AFBB|7E56C27BFF0305E788DA55A029EC4988|4C90FD52FC53D2C1C205844CB69575AB|C45A9AC6D102ACAEEDF0D6F78636D84A|51B93A54AA2E134E33B112115AA95A80,0.15302491103202848,281
EC997D43AC86A75D9B88A1051F86A67C|D7D1FB49049702BF6338894757E0D959|0CD76C7030D0900BE250C8D41703D180|A5D15FC386510762EC0DDFF54ABE6F94|5678890DC6A51DC56FF0BCBD5A7E99AD,0.1529051987767584,981
7F286560861764CCB93C90B7AA833949|D7D1FB49049702BF6338894757E0D959|4C90FD52FC53D2C1C205844CB69575AB|A5D15FC386510762EC0DDFF54ABE6F94|A3D7859B9210257F225F62543C518624,0.1528776978417266,556
2134F56D3769B5022DB7172F1536B749|FF2C446555E3822B0E0FC3406116E86D|88460293E9517D21E39AA889BD5AADC8|NA|NA,0.15285451197053407,543
033E492229C2222EFAA16EE8A6462D8B|D7D1FB49049702BF6338894757E0D959|4C90FD52FC53D2C1C205844CB69575AB|A5D15FC386510762EC0DDFF54ABE6F94|2B5705CA6177E41D0A26EEEB44D82F0A,0.15283842794759825,229
033E492229C2222EFAA16EE8A6462D8B|D7D1FB49049702BF6338894757E0D959|4C90FD52FC53D2C1C205844CB69575AB|C45A9AC6D102ACAEEDF0D6F78636D84A|21C3F9F07228094AEC57D54D4F194023,0.1527777777777778,432
E02400CDAD96905D88E932FE9B7D3552|7E56C27BFF0305E788DA55A029EC4988|921B36149E5B081FD24450BFE2CE4430|A5D15FC386510762EC0DDFF54ABE6F94|899A34C980AD9C044C53AB1E498FCE8E,0.15276695245518315,1283
13C26D10258053889D75D9B9CA922EC7|D7D1FB49049702BF6338894757E0D959|NA|NA|9E62E9853AE9062A00B4CB399AEC8A4C,0.15265866209262435,583
033E492229C2222EFAA16EE8A6462D8B|7E56C27BFF0305E788DA55A029EC4988|4C90FD52FC53D2C1C205844CB69575AB|C45A9AC6D102ACAEEDF0D6F78636D84A|CEE637BF59DA498230F496FC60F9D2AD,0.1525974025974026,616
033E492229C2222EFAA16EE8A6462D8B|D7D1FB49049702BF6338894757E0D959|4C90FD52FC53D2C1C205844CB69575AB|1B491180398E2F0390E6A588B3BCE291|5F951BDDE0F2A4E7745C213030F5BAFA,0.15252416756176154,931
033E492229C2222EFAA16EE8A6462D8B|D7D1FB49049702BF6338894757E0D959|4C90FD52FC53D2C1C205844CB69575AB|1B491180398E2F0390E6A588B3BCE291|9CB1FCCB3DCEB2F4DF14F06CC6EA1158,0.15250544662309368,459
033E492229C2222EFAA16EE8A6462D8B|D7D1FB49049702BF6338894757E0D959|4C90FD52FC53D2C1C205844CB69575AB|1B491180398E2F0390E6A588B3BCE291|A53596E7C70F724AC92D76661CC6FED0,0.15250544662309368,918
033E492229C2222EFAA16EE8A6462D8B|7E56C27BFF0305E788DA55A029EC4988|4C90FD52FC53D2C1C205844CB69575AB|1B491180398E2F0390E6A588B3BCE291|885B78F6A54146996BA0CA0DB199FF21,0.15246636771300448,223
13C26D10258053889D75D9B9CA922EC7|7E56C27BFF0305E788DA55A029EC4988|NA|NA|D51C9B52C3D3FC12979F4AD0F3717D38,0.15245327102803738,1712
7532B3FBAFEC164460C4ED6FEB0C022C|FF2C446555E3822B0E0FC3406116E86D|NA|NA|NA,0.15244787290918813,13093
033E492229C2222EFAA16EE8A6462D8B|D7D1FB49049702BF6338894757E0D959|4C90FD52FC53D2C1C205844CB69575AB|A5D15FC386510762EC0DDFF54ABE6F94|B4EEE9A63D30F382574E5634B66D2BA4,0.1523809523809524,210
62D6A49514020FA0B2E434DB0B506005|D7D1FB49049702BF6338894757E0D959|NA|NA|E0D3FC000100DBA2537B4DF0C060681D,0.1523809523809524,315
DDC2B3CC38945E431DE1B3F59EC56680|D7D1FB49049702BF6338894757E0D959|NA|NA|E96F5BEE9F0B4E2B7091F58CFE499E60,0.15234822451317298,873
88CED8BA3AA711A20ACF8B1FC574F218|D7D1FB49049702BF6338894757E0D959|NA|NA|D55317284DC9DB1EBA593306FC35D16A,0.15226939970717424,683
7F286560861764CCB93C90B7AA833949|D7D1FB49049702BF6338894757E0D959|NA|NA|3572274099E8F3E31724F9DECC3D35BC,0.1522633744855967,243
EC997D43AC86A75D9B88A1051F86A67C|FF2C446555E3822B0E0FC3406116E86D|0CD76C7030D0900BE250C8D41703D180|A5D15FC386510762EC0DDFF54ABE6F94|3025C20325FC9F759EAE024D4BC7EAD3,0.15217391304347827,966
7532B3FBAFEC164460C4ED6FEB0C022C|D7D1FB49049702BF6338894757E0D959|921B36149E5B081FD24450BFE2CE4430|A5D15FC386510762EC0DDFF54ABE6F94|3C48314751DBD15F0CB908796B35A53C,0.15207373271889402,434
033E492229C2222EFAA16EE8A6462D8B|7E56C27BFF0305E788DA55A029EC4988|88460293E9517D21E39AA889BD5AADC8|86E2AFBF909EC95B069893FF0BBC5B26|271B3C1DD6DC0D06C67B540F4257F6F7,0.15206185567010308,388
7F286560861764CCB93C90B7AA833949|D7D1FB49049702BF6338894757E0D959|NA|NA|08DA21E7F6CE4357729CD379A1A1C86C,0.15200562983814214,5684
EC997D43AC86A75D9B88A1051F86A67C|D7D1FB49049702BF6338894757E0D959|0CD76C7030D0900BE250C8D41703D180|A5D15FC386510762EC0DDFF54ABE6F94|DBCDE5DC3593A4437F3B02CDDC44BE2B,0.15196078431372548,612
033E492229C2222EFAA16EE8A6462D8B|D7D1FB49049702BF6338894757E0D959|4C90FD52FC53D2C1C205844CB69575AB|1B491180398E2F0390E6A588B3BCE291|FCF3FBEDB732E8800C16DF8BA3B169E5,0.15196078431372548,204
7F286560861764CCB93C90B7AA833949|D7D1FB49049702BF6338894757E0D959|NA|NA|B7385B7C0070F99481722F47B77DE118,0.15191986644407346,599
033E492229C2222EFAA16EE8A6462D8B|7E56C27BFF0305E788DA55A029EC4988|4C90FD52FC53D2C1C205844CB69575AB|1B491180398E2F0390E6A588B3BCE291|929AE3F17F2DEE1EC181C674C5A10A4C,0.1518987341772152,237
7532B3FBAFEC164460C4ED6FEB0C022C|7E56C27BFF0305E788DA55A029EC4988|NA|NA|CD3D65E3D2A23D6F97EADAC395355E50,0.15179606025492468,863
7F286560861764CCB93C90B7AA833949|7E56C27BFF0305E788DA55A029EC4988|NA|NA|E0B5B0C006C82AF06554E5ACB850F771,0.15175718849840256,626
E02400CDAD96905D88E932FE9B7D3552|FF2C446555E3822B0E0FC3406116E86D|921B36149E5B081FD24450BFE2CE4430|A5D15FC386510762EC0DDFF54ABE6F94|BDE8FBAA9FDCE9CE53D932C34FC09B09,0.15175537938844846,883
7532B3FBAFEC164460C4ED6FEB0C022C|7E56C27BFF0305E788DA55A029EC4988|921B36149E5B081FD24450BFE2CE4430|A5D15FC386510762EC0DDFF54ABE6F94|AD4285ECDD100BBF3FE757C36FD5D9F6,0.1517412935323383,402
62D6A49514020FA0B2E434DB0B506005|D7D1FB49049702BF6338894757E0D959|NA|NA|E466F2944925D5359A0D34AADE9757FB,0.15170207904957733,4377
B4B45C6CE5FC4DE45AB02974D8849DBD|7E56C27BFF0305E788DA55A029EC4988|NA|NA|B2292159211C240309DA63418C0CAF44,0.15168539325842698,534
B4B45C6CE5FC4DE45AB02974D8849DBD|7E56C27BFF0305E788DA55A029EC4988|NA|NA|05B0ACDB23EE03E36D2B4A178048ED4A,0.15168287210172027,6685
7F286560861764CCB93C90B7AA833949|7E56C27BFF0305E788DA55A029EC4988|4C90FD52FC53D2C1C205844CB69575AB|A5D15FC386510762EC0DDFF54ABE6F94|31F1B0BDC045EBB1E79A848607029D37,0.15167095115681234,389
7F286560861764CCB93C90B7AA833949|D7D1FB49049702BF6338894757E0D959|4C90FD52FC53D2C1C205844CB69575AB|A5D15FC386510762EC0DDFF54ABE6F94|DC31D4641EBB3213EDA758F50F18482A,0.1516406498884995,3139
033E492229C2222EFAA16EE8A6462D8B|D7D1FB49049702BF6338894757E0D959|538912C31E773613AB51FBAE58492476|D7B42B0C4D807EF1C13F79948743E9DA|6F2803C343F6DA0602D3B008D02C7113,0.15151515151515152,3300
13C26D10258053889D75D9B9CA922EC7|7E56C27BFF0305E788DA55A029EC4988|4C90FD52FC53D2C1C205844CB69575AB|A5D15FC386510762EC0DDFF54ABE6F94|206677DE127DA85915DF2C1B1A565B93,0.15135561989997368,3799
B4B45C6CE5FC4DE45AB02974D8849DBD|7E56C27BFF0305E788DA55A029EC4988|88460293E9517D21E39AA889BD5AADC8|NA|NA,0.151270207852194,866
E02400CDAD96905D88E932FE9B7D3552|FF2C446555E3822B0E0FC3406116E86D|921B36149E5B081FD24450BFE2CE4430|A5D15FC386510762EC0DDFF54ABE6F94|FC96C69F67E781A74FAEC89C8014D272,0.15126050420168066,238
033E492229C2222EFAA16EE8A6462D8B|D7D1FB49049702BF6338894757E0D959|4C90FD52FC53D2C1C205844CB69575AB|1B491180398E2F0390E6A588B3BCE291|7E348F62D69F815881A487A2C69CD0C4,0.15126050420168066,238
9D307E5B713DE5E90D787BE9F802AFBB|7E56C27BFF0305E788DA55A029EC4988|4C90FD52FC53D2C1C205844CB69575AB|A5D15FC386510762EC0DDFF54ABE6F94|635A3EF4F16C9B52F3334F52B864E056,0.1511111111111111,225
2134F56D3769B5022DB7172F1536B749|D7D1FB49049702BF6338894757E0D959|NA|NA|CD886AD2EA373C74FEE56551B39E4B87,0.15107296137339055,1165
DDC2B3CC38945E431DE1B3F59EC56680|D7D1FB49049702BF6338894757E0D959|4C90FD52FC53D2C1C205844CB69575AB|A5D15FC386510762EC0DDFF54ABE6F94|F2C377D738844FF39295036C302C2CBE,0.15087719298245614,285
033E492229C2222EFAA16EE8A6462D8B|7E56C27BFF0305E788DA55A029EC4988|4C90FD52FC53D2C1C205844CB69575AB|1B491180398E2F0390E6A588B3BCE291|72731BDC218F955712A2B1656039BEFE,0.15087719298245614,285
6A21F69EBA80612A04B0F6BAC857AAF2|D7D1FB49049702BF6338894757E0D959|NA|NA|0945722C1915539A7E51B39918A2FA99,0.15076923076923077,325
E02400CDAD96905D88E932FE9B7D3552|FF2C446555E3822B0E0FC3406116E86D|921B36149E5B081FD24450BFE2CE4430|A5D15FC386510762EC0DDFF54ABE6F94|8B698195738EFBA10DB86CEC7642E72B,0.1507177033492823,1672
033E492229C2222EFAA16EE8A6462D8B|7E56C27BFF0305E788DA55A029EC4988|4C90FD52FC53D2C1C205844CB69575AB|1B491180398E2F0390E6A588B3BCE291|09285EEB0CCA8BD1353F171AA9BE0057,0.1506849315068493,438
033E492229C2222EFAA16EE8A6462D8B|7E56C27BFF0305E788DA55A029EC4988|4C90FD52FC53D2C1C205844CB69575AB|1B491180398E2F0390E6A588B3BCE291|3B71A2C4BB9A98C1ADC5F5A462AE3D2C,0.15057915057915058,518
033E492229C2222EFAA16EE8A6462D8B|FF2C446555E3822B0E0FC3406116E86D|A443B40A19DB45968C2825CE225368DF|6EFABCEDA36A931DBF760F88970BAF0E|6F2803C343F6DA0602D3B008D02C7113,0.15057915057915058,518
62D6A49514020FA0B2E434DB0B506005|7E56C27BFF0305E788DA55A029EC4988|NA|NA|NA,0.15057544757033248,53176
635623BABBB7DA2E072D8C339F606E15|D7D1FB49049702BF6338894757E0D959|NA|NA|8A23EF6FDDA53509CBE2F84B42FD7102,0.15055762081784388,538
033E492229C2222EFAA16EE8A6462D8B|D7D1FB49049702BF6338894757E0D959|88460293E9517D21E39AA889BD5AADC8|C45A9AC6D102ACAEEDF0D6F78636D84A|NA,0.15053626149131766,7832
033E492229C2222EFAA16EE8A6462D8B|7E56C27BFF0305E788DA55A029EC4988|4C90FD52FC53D2C1C205844CB69575AB|A5D15FC386510762EC0DDFF54ABE6F94|84A5FF79CAE90211A2F6ACD659BBE57D,0.15048543689320387,206
033E492229C2222EFAA16EE8A6462D8B|7E56C27BFF0305E788DA55A029EC4988|4C90FD52FC53D2C1C205844CB69575AB|1B491180398E2F0390E6A588B3BCE291|C6927DAB5ACB135EFF1F97F8B0959DE3,0.1504424778761062,226
033E492229C2222EFAA16EE8A6462D8B|D7D1FB49049702BF6338894757E0D959|4C90FD52FC53D2C1C205844CB69575AB|1B491180398E2F0390E6A588B3BCE291|DB855C9C3E1E700EA68F693FBD8657B8,0.15038560411311053,778
033E492229C2222EFAA16EE8A6462D8B|FF2C446555E3822B0E0FC3406116E86D|4C90FD52FC53D2C1C205844CB69575AB|1B491180398E2F0390E6A588B3BCE291|D544DD4C9E7F122F9299A06DCC827F2B,0.15036333147009504,1789
033E492229C2222EFAA16EE8A6462D8B|7E56C27BFF0305E788DA55A029EC4988|4C90FD52FC53D2C1C205844CB69575AB|C45A9AC6D102ACAEEDF0D6F78636D84A|C3820FFB99DB787E1FFCAD62D80B1698,0.15023474178403756,213
7F286560861764CCB93C90B7AA833949|7E56C27BFF0305E788DA55A029EC4988|4C90FD52FC53D2C1C205844CB69575AB|A5D15FC386510762EC0DDFF54ABE6F94|6665A34D83B76B419337FA7CEBC29810,0.15023474178403756,213
62D6A49514020FA0B2E434DB0B506005|D7D1FB49049702BF6338894757E0D959|NA|NA|38ADFC142F85F62EFFA546D5A064A2C3,0.15021008403361344,952
7F286560861764CCB93C90B7AA833949|D7D1FB49049702BF6338894757E0D959|NA|NA|5742A765A91C77034A7EEAB859C08357,0.15,300
033E492229C2222EFAA16EE8A6462D8B|7E56C27BFF0305E788DA55A029EC4988|4C90FD52FC53D2C1C205844CB69575AB|1B491180398E2F0390E6A588B3BCE291|3078F4AF16893F0AFA137832363E663E,0.15,300
B4B45C6CE5FC4DE45AB02974D8849DBD|7E56C27BFF0305E788DA55A029EC4988|NA|A5D15FC386510762EC0DDFF54ABE6F94|C29BE91984DD415148D437D917C4FA96,0.14994425863991082,1794
B4B45C6CE5FC4DE45AB02974D8849DBD|7E56C27BFF0305E788DA55A029EC4988|NA|NA|116ACBB7E1881C29A6EB95E3CA0E53D3,0.14978855998219454,4493
E02400CDAD96905D88E932FE9B7D3552|D7D1FB49049702BF6338894757E0D959|921B36149E5B081FD24450BFE2CE4430|A5D15FC386510762EC0DDFF54ABE6F94|3FB2807B96587F7D5A96B111A7599336,0.14972776769509982,2204
7F286560861764CCB93C90B7AA833949|7E56C27BFF0305E788DA55A029EC4988|NA|NA|24C5E6ED434B2119A2B9B078B0B2A573,0.14968152866242038,314
033E492229C2222EFAA16EE8A6462D8B|7E56C27BFF0305E788DA55A029EC4988|4C90FD52FC53D2C1C205844CB69575AB|A5D15FC386510762EC0DDFF54ABE6F94|9967D60CD53C21E09050C35728A57E18,0.14963503649635038,274
033E492229C2222EFAA16EE8A6462D8B|7E56C27BFF0305E788DA55A029EC4988|4C90FD52FC53D2C1C205844CB69575AB|1B491180398E2F0390E6A588B3BCE291|C1802DF8B99ED5897FE58389977AD6EE,0.14947780678851175,1532
033E492229C2222EFAA16EE8A6462D8B|7E56C27BFF0305E788DA55A029EC4988|4C90FD52FC53D2C1C205844CB69575AB|1B491180398E2F0390E6A588B3BCE291|AE7E2169C2127224F1FB56916F302731,0.1494661921708185,281
B4B45C6CE5FC4DE45AB02974D8849DBD|D7D1FB49049702BF6338894757E0D959|921B36149E5B081FD24450BFE2CE4430|A5D15FC386510762EC0DDFF54ABE6F94|3BB2AD395EC35EAC138F542215460325,0.14941022280471822,763
EC997D43AC86A75D9B88A1051F86A67C|FF2C446555E3822B0E0FC3406116E86D|NA|NA|116ACBB7E1881C29A6EB95E3CA0E53D3,0.14938488576449913,569
EC997D43AC86A75D9B88A1051F86A67C|D7D1FB49049702BF6338894757E0D959|0CD76C7030D0900BE250C8D41703D180|A5D15FC386510762EC0DDFF54ABE6F94|67ED21375042B685A4C0EA227D9E7E08,0.14937759336099585,241
DDC2B3CC38945E431DE1B3F59EC56680|FF2C446555E3822B0E0FC3406116E86D|NA|NA|8D19B59BEA06777A4E3BE0146A561612,0.1493212669683258,221
033E492229C2222EFAA16EE8A6462D8B|7E56C27BFF0305E788DA55A029EC4988|4C90FD52FC53D2C1C205844CB69575AB|C45A9AC6D102ACAEEDF0D6F78636D84A|4E40E4A0E1CD51FDAF8CCCFAB46D3BAC,0.14925373134328357,201
033E492229C2222EFAA16EE8A6462D8B|D7D1FB49049702BF6338894757E0D959|4C90FD52FC53D2C1C205844CB69575AB|A5D15FC386510762EC0DDFF54ABE6F94|21C3F9F07228094AEC57D54D4F194023,0.14925373134328357,1340
033E492229C2222EFAA16EE8A6462D8B|7E56C27BFF0305E788DA55A029EC4988|4C90FD52FC53D2C1C205844CB69575AB|1B491180398E2F0390E6A588B3BCE291|2C3EF1CD2C6109EFDC82575E540235C8,0.14919354838709678,248
DDC2B3CC38945E431DE1B3F59EC56680|D7D1FB49049702BF6338894757E0D959|NA|NA|90F24D3252E571074225BC07F9A2C656,0.14893617021276595,376
88CED8BA3AA711A20ACF8B1FC574F218|FF2C446555E3822B0E0FC3406116E86D|NA|NA|7DF21487D3DE8842C97D1333B0524E4A,0.1488673139158576,309
033E492229C2222EFAA16EE8A6462D8B|7E56C27BFF0305E788DA55A029EC4988|4C90FD52FC53D2C1C205844CB69575AB|C45A9AC6D102ACAEEDF0D6F78636D84A|A64512DA14DA94529779A1E630EF5D52,0.14885496183206107,524
033E492229C2222EFAA16EE8A6462D8B|7E56C27BFF0305E788DA55A029EC4988|4C90FD52FC53D2C1C205844CB69575AB|A5D15FC386510762EC0DDFF54ABE6F94|4C2B6130202FADBB9C268AC8ACEC1A2E,0.14878892733564014,289
7F286560861764CCB93C90B7AA833949|7E56C27BFF0305E788DA55A029EC4988|NA|NA|8BB701619CD58291765B951D0DCF59B4,0.1487603305785124,726
13C26D10258053889D75D9B9CA922EC7|D7D1FB49049702BF6338894757E0D959|NA|NA|C7E7553DEB2BA3EF229BCCD9D32E1EC8,0.14873417721518986,948
111C91D6B0D89C84BF196FED8DBE7BBB|D7D1FB49049702BF6338894757E0D959|NA|NA|8D19B59BEA06777A4E3BE0146A561612,0.14864864864864866,222
033E492229C2222EFAA16EE8A6462D8B|D7D1FB49049702BF6338894757E0D959|4C90FD52FC53D2C1C205844CB69575AB|1B491180398E2F0390E6A588B3BCE291|543482EA544EED1B1B8B93682AB972F8,0.14859437751004015,249
7532B3FBAFEC164460C4ED6FEB0C022C|7E56C27BFF0305E788DA55A029EC4988|NA|NA|D7F0E23D3172AE3AE084403EDCA64ED5,0.14858490566037735,424
033E492229C2222EFAA16EE8A6462D8B|7E56C27BFF0305E788DA55A029EC4988|4C90FD52FC53D2C1C205844CB69575AB|C45A9AC6D102ACAEEDF0D6F78636D84A|D80666DA86F9FB1E61F8F5449FE59B32,0.14848883048620237,761
E02400CDAD96905D88E932FE9B7D3552|7E56C27BFF0305E788DA55A029EC4988|NA|NA|7DF863FD47B12EFFC72C6E0C1A02404B,0.1484848484848485,330
EC997D43AC86A75D9B88A1051F86A67C|D7D1FB49049702BF6338894757E0D959|0CD76C7030D0900BE250C8D41703D180|A5D15FC386510762EC0DDFF54ABE6F94|8424AAC8989C86F51047C69C99F94571,0.14840989399293286,283
033E492229C2222EFAA16EE8A6462D8B|D7D1FB49049702BF6338894757E0D959|4C90FD52FC53D2C1C205844CB69575AB|A5D15FC386510762EC0DDFF54ABE6F94|3491B0F7C3C0D6684C5E0CF18D6BE834,0.14838709677419354,465
7F286560861764CCB93C90B7AA833949|FF2C446555E3822B0E0FC3406116E86D|NA|NA|7679FCB7DD0FBD6A703F481323CF0552,0.14832535885167464,627
033E492229C2222EFAA16EE8A6462D8B|FF2C446555E3822B0E0FC3406116E86D|4C90FD52FC53D2C1C205844CB69575AB|1B491180398E2F0390E6A588B3BCE291|323CB375A44A7423EDED31D92B6AE0E2,0.1483050847457627,236
033E492229C2222EFAA16EE8A6462D8B|D7D1FB49049702BF6338894757E0D959|4C90FD52FC53D2C1C205844CB69575AB|C45A9AC6D102ACAEEDF0D6F78636D84A|493B88AC8225128B0F81F0F7199C0441,0.14827018121911037,1214
62D6A49514020FA0B2E434DB0B506005|7E56C27BFF0305E788DA55A029EC4988|NA|NA|4D3185E530A324EB68AE4F7C5129682A,0.14824797843665768,371
033E492229C2222EFAA16EE8A6462D8B|7E56C27BFF0305E788DA55A029EC4988|4C90FD52FC53D2C1C205844CB69575AB|A5D15FC386510762EC0DDFF54ABE6F94|6271E7ACEF710C0C57E758E473279B63,0.1481725386894962,3037
033E492229C2222EFAA16EE8A6462D8B|D7D1FB49049702BF6338894757E0D959|4C90FD52FC53D2C1C205844CB69575AB|A5D15FC386510762EC0DDFF54ABE6F94|2580744E12A499F2C41BB3746EE1BFB5,0.14814814814814814,297
033E492229C2222EFAA16EE8A6462D8B|7E56C27BFF0305E788DA55A029EC4988|4C90FD52FC53D2C1C205844CB69575AB|1B491180398E2F0390E6A588B3BCE291|1010920E31A27C237032B8496C92ABFB,0.14803625377643503,662
033E492229C2222EFAA16EE8A6462D8B|7E56C27BFF0305E788DA55A029EC4988|4C90FD52FC53D2C1C205844CB69575AB|A5D15FC386510762EC0DDFF54ABE6F94|22B13494CAE591EE06745090797751EB,0.14797136038186157,419
62D6A49514020FA0B2E434DB0B506005|D7D1FB49049702BF6338894757E0D959|NA|NA|5087546883EE729688F23DAA72B836F3,0.1477832512315271,203
EC997D43AC86A75D9B88A1051F86A67C|D7D1FB49049702BF6338894757E0D959|0CD76C7030D0900BE250C8D41703D180|A5D15FC386510762EC0DDFF54ABE6F94|B3DC6D19669DD4C04ED743622DCBAF2E,0.14776632302405499,291
B83EF4115DC165749F3FCB737CC1044D|7E56C27BFF0305E788DA55A029EC4988|NA|NA|116ACBB7E1881C29A6EB95E3CA0E53D3,0.14769975786924938,826
033E492229C2222EFAA16EE8A6462D8B|D7D1FB49049702BF6338894757E0D959|4C90FD52FC53D2C1C205844CB69575AB|C45A9AC6D102ACAEEDF0D6F78636D84A|5C3341D4A1BF6FB4384110608EE86AA6,0.14766158696794535,1903
88CED8BA3AA711A20ACF8B1FC574F218|7E56C27BFF0305E788DA55A029EC4988|NA|NA|5507643A0163E893A62D897BDCACB3F7,0.14756671899529042,637
7532B3FBAFEC164460C4ED6FEB0C022C|FF2C446555E3822B0E0FC3406116E86D|921B36149E5B081FD24450BFE2CE4430|A5D15FC386510762EC0DDFF54ABE6F94|17F817C0BD311CC8C811FE7C447DF842,0.14754098360655737,366
B4B45C6CE5FC4DE45AB02974D8849DBD|7E56C27BFF0305E788DA55A029EC4988|921B36149E5B081FD24450BFE2CE4430|A5D15FC386510762EC0DDFF54ABE6F94|532AC8B236E0B914E6D39E8925FB44B4,0.14741035856573706,251
7532B3FBAFEC164460C4ED6FEB0C022C|D7D1FB49049702BF6338894757E0D959|NA|NA|A487FBFF829FAD949EAEAD8FFF24BCD8,0.14741035856573706,251
7F286560861764CCB93C90B7AA833949|D7D1FB49049702BF6338894757E0D959|NA|NA|5B30D217B40ABD1F31F2FFBA1A39448B,0.14738805970149255,3752
033E492229C2222EFAA16EE8A6462D8B|7E56C27BFF0305E788DA55A029EC4988|4C90FD52FC53D2C1C205844CB69575AB|C45A9AC6D102ACAEEDF0D6F78636D84A|F810DD1421156D3D27124ADAFE83B3EC,0.14728682170542637,258
E02400CDAD96905D88E932FE9B7D3552|7E56C27BFF0305E788DA55A029EC4988|921B36149E5B081FD24450BFE2CE4430|A5D15FC386510762EC0DDFF54ABE6F94|0B3683C8FAD9B5BB1D66AB9A243C810B,0.14722536806342015,883
033E492229C2222EFAA16EE8A6462D8B|D7D1FB49049702BF6338894757E0D959|4C90FD52FC53D2C1C205844CB69575AB|C45A9AC6D102ACAEEDF0D6F78636D84A|CB9944F2553618238FC65DCE69E676D4,0.1471747700394218,1522
7532B3FBAFEC164460C4ED6FEB0C022C|7E56C27BFF0305E788DA55A029EC4988|NA|NA|11FB1AE41F998DB9255ED1A13AB1ECD4,0.1471513456833275,2861
62D6A49514020FA0B2E434DB0B506005|D7D1FB49049702BF6338894757E0D959|NA|NA|0945722C1915539A7E51B39918A2FA99,0.14713896457765668,367
7F286560861764CCB93C90B7AA833949|7E56C27BFF0305E788DA55A029EC4988|4C90FD52FC53D2C1C205844CB69575AB|A5D15FC386510762EC0DDFF54ABE6F94|C15D7F4C3A09EADC0665D1899B56C035,0.1469970600587988,2381
033E492229C2222EFAA16EE8A6462D8B|D7D1FB49049702BF6338894757E0D959|538912C31E773613AB51FBAE58492476|D7B42B0C4D807EF1C13F79948743E9DA|DDA08B25049F71A36C9EEB0710CE23D6,0.14699331848552338,449
E02400CDAD96905D88E932FE9B7D3552|7E56C27BFF0305E788DA55A029EC4988|NA|NA|1AB302BD1629523F0405FA3CA4A1ABA1,0.14678899082568808,327
033E492229C2222EFAA16EE8A6462D8B|D7D1FB49049702BF6338894757E0D959|4C90FD52FC53D2C1C205844CB69575AB|1B491180398E2F0390E6A588B3BCE291|80E33821924A285C74D65C294FC99ADC,0.1467304625199362,627
033E492229C2222EFAA16EE8A6462D8B|7E56C27BFF0305E788DA55A029EC4988|4C90FD52FC53D2C1C205844CB69575AB|1B491180398E2F0390E6A588B3BCE291|0F2DFF17C1E5757E6B2E8C8AF836F610,0.14666666666666667,375
13C26D10258053889D75D9B9CA922EC7|7E56C27BFF0305E788DA55A029EC4988|NA|NA|24990A7BD4BABE82A5C84BF46EED1C16,0.14655172413793102,232
E02400CDAD96905D88E932FE9B7D3552|FF2C446555E3822B0E0FC3406116E86D|921B36149E5B081FD24450BFE2CE4430|A5D15FC386510762EC0DDFF54ABE6F94|3AB5EF173708C4BCFCBFF75F3C84761E,0.14651162790697675,430
7F286560861764CCB93C90B7AA833949|7E56C27BFF0305E788DA55A029EC4988|4C90FD52FC53D2C1C205844CB69575AB|1B491180398E2F0390E6A588B3BCE291|E840B5CB23AF05D606E5120870FE7F9A,0.14644351464435146,239
033E492229C2222EFAA16EE8A6462D8B|7E56C27BFF0305E788DA55A029EC4988|4C90FD52FC53D2C1C205844CB69575AB|C45A9AC6D102ACAEEDF0D6F78636D84A|D00E36BED8ADDBF7B619AF6A29D3FED0,0.14634146341463414,246
E02400CDAD96905D88E932FE9B7D3552|7E56C27BFF0305E788DA55A029EC4988|NA|NA|7782229C663C106796697E5F3B43691B,0.14634146341463414,328
7F286560861764CCB93C90B7AA833949|D7D1FB49049702BF6338894757E0D959|NA|NA|E96F5BEE9F0B4E2B7091F58CFE499E60,0.14614830813534918,1389
EC997D43AC86A75D9B88A1051F86A67C|D7D1FB49049702BF6338894757E0D959|0CD76C7030D0900BE250C8D41703D180|A5D15FC386510762EC0DDFF54ABE6F94|C488AF48947B585878414E87E660BA6A,0.1460446247464503,493
B4B45C6CE5FC4DE45AB02974D8849DBD|7E56C27BFF0305E788DA55A029EC4988|NA|NA|E419332903EAAA889645B5716AE869B5,0.14599824098504838,1137
635623BABBB7DA2E072D8C339F606E15|7E56C27BFF0305E788DA55A029EC4988|NA|NA|BBA326F597B139BA808E06005732DD11,0.145985401459854,274
033E492229C2222EFAA16EE8A6462D8B|7E56C27BFF0305E788DA55A029EC4988|4C90FD52FC53D2C1C205844CB69575AB|C45A9AC6D102ACAEEDF0D6F78636D84A|986B48B5AD844BCBD71C0902FA742CF1,0.14596949891067537,459
635623BABBB7DA2E072D8C339F606E15|D7D1FB49049702BF6338894757E0D959|NA|NA|B1CCD079543D2386EE4183F0AF1096D6,0.14595898673100122,829
7F286560861764CCB93C90B7AA833949|7E56C27BFF0305E788DA55A029EC4988|4C90FD52FC53D2C1C205844CB69575AB|A5D15FC386510762EC0DDFF54ABE6F94|354F6F187EAA2E12DBBB959446F2CEC1,0.14594594594594595,370
033E492229C2222EFAA16EE8A6462D8B|D7D1FB49049702BF6338894757E0D959|4C90FD52FC53D2C1C205844CB69575AB|A5D15FC386510762EC0DDFF54ABE6F94|F4A076AF4511D460A0EF78EC9FCCD6AB,0.14590747330960854,281
033E492229C2222EFAA16EE8A6462D8B|D7D1FB49049702BF6338894757E0D959|4C90FD52FC53D2C1C205844CB69575AB|C45A9AC6D102ACAEEDF0D6F78636D84A|CDE9265A3BD6A397A568BF35767DDDAF,0.14583333333333334,912
9D307E5B713DE5E90D787BE9F802AFBB|7E56C27BFF0305E788DA55A029EC4988|4C90FD52FC53D2C1C205844CB69575AB|A5D15FC386510762EC0DDFF54ABE6F94|BD57B7DA38852A9B96E655EC445618BD,0.14583333333333334,384
944B2A351FEFAC79AEAA9DA57E1B351F|D7D1FB49049702BF6338894757E0D959|4C90FD52FC53D2C1C205844CB69575AB|A5D15FC386510762EC0DDFF54ABE6F94|88846D6A65EECEE306081CF837B674C0,0.1457875457875458,1365
033E492229C2222EFAA16EE8A6462D8B|FF2C446555E3822B0E0FC3406116E86D|4C90FD52FC53D2C1C205844CB69575AB|A5D15FC386510762EC0DDFF54ABE6F94|A706BF8E0DC6304210E6F8FD362BD459,0.14553014553014554,481
62D6A49514020FA0B2E434DB0B506005|7E56C27BFF0305E788DA55A029EC4988|NA|NA|238442E6C526F02DB1BFEB92F106A464,0.14534883720930233,860
7F286560861764CCB93C90B7AA833949|7E56C27BFF0305E788DA55A029EC4988|921B36149E5B081FD24450BFE2CE4430|A5D15FC386510762EC0DDFF54ABE6F94|3BB2AD395EC35EAC138F542215460325,0.14533538936006168,2594
B4B45C6CE5FC4DE45AB02974D8849DBD|7E56C27BFF0305E788DA55A029EC4988|NA|NA|79A8BA026E4124D2F04D46EE5A8AE706,0.14527421236872812,3428
62D6A49514020FA0B2E434DB0B506005|D7D1FB49049702BF6338894757E0D959|NA|NA|DB11EC7F11329CA9BCCB585E9EE64F3F,0.14526096344278164,13431
62D6A49514020FA0B2E434DB0B506005|D7D1FB49049702BF6338894757E0D959|NA|NA|4E8D5B131CE7AB2EF7CEAADDEF936A90,0.14525745257452574,1845
62D6A49514020FA0B2E434DB0B506005|D7D1FB49049702BF6338894757E0D959|NA|NA|D4220C946FFE984078D3E10010CD7A75,0.14522821576763487,241
033E492229C2222EFAA16EE8A6462D8B|D7D1FB49049702BF6338894757E0D959|4C90FD52FC53D2C1C205844CB69575AB|1B491180398E2F0390E6A588B3BCE291|1F2E6D77363D150D28D03EE414C2D0F3,0.14520547945205478,730
635623BABBB7DA2E072D8C339F606E15|7E56C27BFF0305E788DA55A029EC4988|NA|NA|773F014B9FFD0BB7725B89B4F2A85548,0.14520098441345364,1219
9D307E5B713DE5E90D787BE9F802AFBB|7E56C27BFF0305E788DA55A029EC4988|4C90FD52FC53D2C1C205844CB69575AB|1B491180398E2F0390E6A588B3BCE291|48C1F79BCEC4AEF55DAF43E876C97AAA,0.14516129032258066,248
033E492229C2222EFAA16EE8A6462D8B|D7D1FB49049702BF6338894757E0D959|4C90FD52FC53D2C1C205844CB69575AB|1B491180398E2F0390E6A588B3BCE291|09D61FD4DFD439F271ABC38B7C4852F9,0.14513788098693758,689
62D6A49514020FA0B2E434DB0B506005|7E56C27BFF0305E788DA55A029EC4988|NA|NA|84F8A27E1D7EB94A2384CE415262FC9F,0.14506172839506173,324
033E492229C2222EFAA16EE8A6462D8B|7E56C27BFF0305E788DA55A029EC4988|4C90FD52FC53D2C1C205844CB69575AB|A5D15FC386510762EC0DDFF54ABE6F94|C49AD6391B34E3B60C13059A769345C1,0.14505494505494507,455
E02400CDAD96905D88E932FE9B7D3552|7E56C27BFF0305E788DA55A029EC4988|921B36149E5B081FD24450BFE2CE4430|A5D15FC386510762EC0DDFF54ABE6F94|A7A7AC8D9A3685C53304990D776C5470,0.14504596527068436,1958
B4B45C6CE5FC4DE45AB02974D8849DBD|D7D1FB49049702BF6338894757E0D959|NA|NA|9DA479F85125C119DAE4170DF9F997AD,0.14502762430939226,724
033E492229C2222EFAA16EE8A6462D8B|D7D1FB49049702BF6338894757E0D959|88460293E9517D21E39AA889BD5AADC8|1B491180398E2F0390E6A588B3BCE291|8D68F4C858185944BA871C82FB593081,0.145,200
7F286560861764CCB93C90B7AA833949|7E56C27BFF0305E788DA55A029EC4988|4C90FD52FC53D2C1C205844CB69575AB|A5D15FC386510762EC0DDFF54ABE6F94|4198496514F39F36F57947B9A55E34C4,0.14497041420118342,338
7F286560861764CCB93C90B7AA833949|D7D1FB49049702BF6338894757E0D959|NA|NA|09A0D4409400622974EA603590AD167F,0.14492753623188406,414
033E492229C2222EFAA16EE8A6462D8B|7E56C27BFF0305E788DA55A029EC4988|4C90FD52FC53D2C1C205844CB69575AB|1B491180398E2F0390E6A588B3BCE291|62B60D1F4788857DA8EC809CB2242218,0.14485981308411214,214
635623BABBB7DA2E072D8C339F606E15|D7D1FB49049702BF6338894757E0D959|NA|NA|419823F0D5457FA48DBFB55AFC3F0EEA,0.14479638009049775,221
62D6A49514020FA0B2E434DB0B506005|FF2C446555E3822B0E0FC3406116E86D|NA|NA|8A975F5E16CB4965E1EB939E39F53129,0.14469453376205788,311
B4B45C6CE5FC4DE45AB02974D8849DBD|D7D1FB49049702BF6338894757E0D959|NA|NA|44E9BDDDA30376FA5431089366837D98,0.1446629213483146,712
7F286560861764CCB93C90B7AA833949|7E56C27BFF0305E788DA55A029EC4988|4C90FD52FC53D2C1C205844CB69575AB|A5D15FC386510762EC0DDFF54ABE6F94|90B9A31A7867EDC0C450A6E767FD0F47,0.14453125,256
033E492229C2222EFAA16EE8A6462D8B|7E56C27BFF0305E788DA55A029EC4988|4C90FD52FC53D2C1C205844CB69575AB|1B491180398E2F0390E6A588B3BCE291|21F3209C7D3365DE0264E65E9CE4148B,0.14444444444444443,270
033E492229C2222EFAA16EE8A6462D8B|7E56C27BFF0305E788DA55A029EC4988|538912C31E773613AB51FBAE58492476|D7B42B0C4D807EF1C13F79948743E9DA|7807D1C31E020624523E2F99726B0D22,0.14438356164383562,14600
033E492229C2222EFAA16EE8A6462D8B|7E56C27BFF0305E788DA55A029EC4988|4C90FD52FC53D2C1C205844CB69575AB|1B491180398E2F0390E6A588B3BCE291|56B2A0F5DE683EE8D8EE25CB849AF601,0.14432989690721648,388
13C26D10258053889D75D9B9CA922EC7|D7D1FB49049702BF6338894757E0D959|4C90FD52FC53D2C1C205844CB69575AB|1B491180398E2F0390E6A588B3BCE291|7F1D6A04A118AAAE420D5C5441CE3190,0.14430379746835442,395
9D307E5B713DE5E90D787BE9F802AFBB|7E56C27BFF0305E788DA55A029EC4988|4C90FD52FC53D2C1C205844CB69575AB|1B491180398E2F0390E6A588B3BCE291|BD57B7DA38852A9B96E655EC445618BD,0.1441515650741351,1214
88CED8BA3AA711A20ACF8B1FC574F218|7E56C27BFF0305E788DA55A029EC4988|NA|NA|4876C1F36B306D22200F07B2165A4DAB,0.14412136536030343,791
2551A1FA7839742971CDF4C67667E17A|7E56C27BFF0305E788DA55A029EC4988|88460293E9517D21E39AA889BD5AADC8|A5D15FC386510762EC0DDFF54ABE6F94|NA,0.144076840981857,937
033E492229C2222EFAA16EE8A6462D8B|7E56C27BFF0305E788DA55A029EC4988|4C90FD52FC53D2C1C205844CB69575AB|1B491180398E2F0390E6A588B3BCE291|84E77450CE3FE3B65FFCC9873C48CDBE,0.1439873417721519,1264
5D656311CF9F47E34248BE9FBFF194A0|FF2C446555E3822B0E0FC3406116E86D|88460293E9517D21E39AA889BD5AADC8|A5D15FC386510762EC0DDFF54ABE6F94|NA,0.1438953488372093,688
7F286560861764CCB93C90B7AA833949|D7D1FB49049702BF6338894757E0D959|NA|NA|8CFA8980502E79F8B5BD0110F35DFC62,0.14380530973451328,452
635623BABBB7DA2E072D8C339F606E15|7E56C27BFF0305E788DA55A029EC4988|NA|NA|5F0630A68F72CE81E850B936A10AACD7,0.1437308868501529,327
E02400CDAD96905D88E932FE9B7D3552|7E56C27BFF0305E788DA55A029EC4988|921B36149E5B081FD24450BFE2CE4430|1B491180398E2F0390E6A588B3BCE291|53497DE9D37AFFDFEB7DA529600F9969,0.1437125748502994,501
5D656311CF9F47E34248BE9FBFF194A0|7E56C27BFF0305E788DA55A029EC4988|NA|NA|40C5204BECB9EB19F6703797B1A37F85,0.1437125748502994,334
7F286560861764CCB93C90B7AA833949|D7D1FB49049702BF6338894757E0D959|NA|NA|6F1EDBC03827F3F51B5C360E0ACEA427,0.14360313315926893,766
7532B3FBAFEC164460C4ED6FEB0C022C|7E56C27BFF0305E788DA55A029EC4988|NA|NA|116ACBB7E1881C29A6EB95E3CA0E53D3,0.14357747370086213,50572
033E492229C2222EFAA16EE8A6462D8B|7E56C27BFF0305E788DA55A029EC4988|4C90FD52FC53D2C1C205844CB69575AB|1B491180398E2F0390E6A588B3BCE291|5145B4E9AA8085B04E7BE4F3294B7F56,0.14356435643564355,202
635623BABBB7DA2E072D8C339F606E15|D7D1FB49049702BF6338894757E0D959|NA|NA|68C2D74CE65681DC75F163E0CF47F62C,0.1433210957356679,7082
B4B45C6CE5FC4DE45AB02974D8849DBD|7E56C27BFF0305E788DA55A029EC4988|NA|NA|8B22D860877E19AD8DCF3A2F2135AF1D,0.143290831815422,1647
13C26D10258053889D75D9B9CA922EC7|7E56C27BFF0305E788DA55A029EC4988|4C90FD52FC53D2C1C205844CB69575AB|A5D15FC386510762EC0DDFF54ABE6F94|751584D0055E7BAF7506AA9FFEE982F3,0.14318706697459585,433
033E492229C2222EFAA16EE8A6462D8B|D7D1FB49049702BF6338894757E0D959|4C90FD52FC53D2C1C205844CB69575AB|1B491180398E2F0390E6A588B3BCE291|A520B93F734873CBA3BE41EA9F8993AF,0.14312267657992564,538
7F286560861764CCB93C90B7AA833949|FF2C446555E3822B0E0FC3406116E86D|4C90FD52FC53D2C1C205844CB69575AB|A5D15FC386510762EC0DDFF54ABE6F94|4D5F4B155EC991C4AAD734F17104585D,0.14311270125223613,559
7F286560861764CCB93C90B7AA833949|D7D1FB49049702BF6338894757E0D959|NA|NA|8CA8B9E3C51D70A181B4FE6B437F7DD8,0.14285714285714285,294
033E492229C2222EFAA16EE8A6462D8B|7E56C27BFF0305E788DA55A029EC4988|4C90FD52FC53D2C1C205844CB69575AB|1B491180398E2F0390E6A588B3BCE291|469B2503BFCA20C96EB1E0BDF87B9F42,0.14285714285714285,224
033E492229C2222EFAA16EE8A6462D8B|D7D1FB49049702BF6338894757E0D959|4C90FD52FC53D2C1C205844CB69575AB|1B491180398E2F0390E6A588B3BCE291|8CDF2C0E44D248E625FB8F1505C8E36B,0.14285714285714285,252
7532B3FBAFEC164460C4ED6FEB0C022C|D7D1FB49049702BF6338894757E0D959|NA|NA|D7351C81ADEC61DB42809C4FE9E6043B,0.14285714285714285,378
9D307E5B713DE5E90D787BE9F802AFBB|7E56C27BFF0305E788DA55A029EC4988|4C90FD52FC53D2C1C205844CB69575AB|C45A9AC6D102ACAEEDF0D6F78636D84A|6A1F1F344D0A4A99940699B11365E7E8,0.14285714285714285,378
7F286560861764CCB93C90B7AA833949|FF2C446555E3822B0E0FC3406116E86D|NA|NA|135DFD1A09357B3167408662A1A0A738,0.1428192898781134,3774
033E492229C2222EFAA16EE8A6462D8B|7E56C27BFF0305E788DA55A029EC4988|4C90FD52FC53D2C1C205844CB69575AB|1B491180398E2F0390E6A588B3BCE291|5DD3DE4FA246323814D0AAE0E83B72B5,0.14276161818789704,2991
033E492229C2222EFAA16EE8A6462D8B|D7D1FB49049702BF6338894757E0D959|4C90FD52FC53D2C1C205844CB69575AB|1B491180398E2F0390E6A588B3BCE291|3F0742176FED6A10186CF70E40E13257,0.14272211720226843,1058
7532B3FBAFEC164460C4ED6FEB0C022C|D7D1FB49049702BF6338894757E0D959|NA|NA|4DC6B5EA2F40E9FBD42BDBAFA62A47F9,0.14267515923566879,1570
2551A1FA7839742971CDF4C67667E17A|7E56C27BFF0305E788DA55A029EC4988|NA|NA|116ACBB7E1881C29A6EB95E3CA0E53D3,0.1426056338028169,568
7532B3FBAFEC164460C4ED6FEB0C022C|7E56C27BFF0305E788DA55A029EC4988|NA|NA|NA,0.1425429306917788,61378
7F286560861764CCB93C90B7AA833949|7E56C27BFF0305E788DA55A029EC4988|NA|NA|EAC4ED95FBDE95412FA86079EED1E8BE,0.14240506329113925,316
7F286560861764CCB93C90B7AA833949|7E56C27BFF0305E788DA55A029EC4988|921B36149E5B081FD24450BFE2CE4430|A5D15FC386510762EC0DDFF54ABE6F94|408F35B9C1A51EE9A41E57121CEDD873,0.1423487544483986,562
944B2A351FEFAC79AEAA9DA57E1B351F|FF2C446555E3822B0E0FC3406116E86D|NA|NA|903612DF849FF9607820EF1FA93CD984,0.14207650273224043,366
62D6A49514020FA0B2E434DB0B506005|7E56C27BFF0305E788DA55A029EC4988|NA|NA|E1FDA9D97B0441AD095E7F87CB446E16,0.14193548387096774,310
5D656311CF9F47E34248BE9FBFF194A0|D7D1FB49049702BF6338894757E0D959|NA|NA|BA9102370C822FF737E88702624C9FE6,0.1417910447761194,268
635623BABBB7DA2E072D8C339F606E15|D7D1FB49049702BF6338894757E0D959|NA|NA|80D08023DF2F0877733F329E4B4D994B,0.1417624521072797,261
88CED8BA3AA711A20ACF8B1FC574F218|D7D1FB49049702BF6338894757E0D959|NA|NA|527F8B109DE2D3ED587625303E5279DA,0.1417624521072797,261
033E492229C2222EFAA16EE8A6462D8B|7E56C27BFF0305E788DA55A029EC4988|4C90FD52FC53D2C1C205844CB69575AB|1B491180398E2F0390E6A588B3BCE291|9E35D1017A660C8610F18219E0721092,0.14168937329700274,367
62D6A49514020FA0B2E434DB0B506005|D7D1FB49049702BF6338894757E0D959|NA|NA|E2D9CCD659D3CF9391D9FD404FD16782,0.14163090128755365,233
033E492229C2222EFAA16EE8A6462D8B|FF2C446555E3822B0E0FC3406116E86D|4C90FD52FC53D2C1C205844CB69575AB|1B491180398E2F0390E6A588B3BCE291|CF144BB67D9D993489D757D9C1FD087A,0.14163090128755365,233
7F286560861764CCB93C90B7AA833949|FF2C446555E3822B0E0FC3406116E86D|NA|NA|688AAD314F886EA12C8D8CA1EAE3C42C,0.1415259172976121,1717
033E492229C2222EFAA16EE8A6462D8B|7E56C27BFF0305E788DA55A029EC4988|88460293E9517D21E39AA889BD5AADC8|C45A9AC6D102ACAEEDF0D6F78636D84A|71ED3EF184D4503384F979FACCDA5571,0.14149443561208266,629
635623BABBB7DA2E072D8C339F606E15|7E56C27BFF0305E788DA55A029EC4988|NA|NA|7C0D99E6B5DBBEDE17E2375A1B4AB48C,0.14148681055155876,417
033E492229C2222EFAA16EE8A6462D8B|D7D1FB49049702BF6338894757E0D959|4C90FD52FC53D2C1C205844CB69575AB|1B491180398E2F0390E6A588B3BCE291|1C706AAA03DE5DE9DC3BE1785BD8653E,0.14147286821705427,516
B4B45C6CE5FC4DE45AB02974D8849DBD|FF2C446555E3822B0E0FC3406116E86D|NA|NA|29707608E0E2B1004D3225CC9A387BF8,0.14136125654450263,1528
944B2A351FEFAC79AEAA9DA57E1B351F|7E56C27BFF0305E788DA55A029EC4988|NA|NA|58750CE680C33307B429B4F2B5A52527,0.1413427561837456,566
13C26D10258053889D75D9B9CA922EC7|7E56C27BFF0305E788DA55A029EC4988|NA|NA|76CF5A7DD83AC465902535AF776A1E36,0.14134041141340412,1507
033E492229C2222EFAA16EE8A6462D8B|FF2C446555E3822B0E0FC3406116E86D|4C90FD52FC53D2C1C205844CB69575AB|C45A9AC6D102ACAEEDF0D6F78636D84A|CB9944F2553618238FC65DCE69E676D4,0.1412639405204461,269
033E492229C2222EFAA16EE8A6462D8B|D7D1FB49049702BF6338894757E0D959|4C90FD52FC53D2C1C205844CB69575AB|1B491180398E2F0390E6A588B3BCE291|38D8117DBFA311E72669528630E91969,0.14125874125874127,715
7F286560861764CCB93C90B7AA833949|FF2C446555E3822B0E0FC3406116E86D|NA|NA|B8C0FE637FD5FF6EC39C94265ADB17C3,0.14118792599805258,2054
033E492229C2222EFAA16EE8A6462D8B|D7D1FB49049702BF6338894757E0D959|4C90FD52FC53D2C1C205844CB69575AB|1B491180398E2F0390E6A588B3BCE291|87DD841FA1A07F24BF02DDF354C3824D,0.1411111111111111,900
033E492229C2222EFAA16EE8A6462D8B|7E56C27BFF0305E788DA55A029EC4988|88460293E9517D21E39AA889BD5AADC8|86E2AFBF909EC95B069893FF0BBC5B26|9A8F8B4FD8638829ADDC15404C8BA61C,0.14102564102564102,234
635623BABBB7DA2E072D8C339F606E15|7E56C27BFF0305E788DA55A029EC4988|NA|NA|5EAE90C8B37A532C3290DC8107A77A61,0.14093959731543623,298
5D656311CF9F47E34248BE9FBFF194A0|FF2C446555E3822B0E0FC3406116E86D|NA|NA|116ACBB7E1881C29A6EB95E3CA0E53D3,0.14084507042253522,355
B4B45C6CE5FC4DE45AB02974D8849DBD|FF2C446555E3822B0E0FC3406116E86D|921B36149E5B081FD24450BFE2CE4430|A5D15FC386510762EC0DDFF54ABE6F94|BBEB83D3FD58DA0B0B6890CD3B0D2869,0.14074074074074075,270
635623BABBB7DA2E072D8C339F606E15|D7D1FB49049702BF6338894757E0D959|NA|NA|AFD15FEF00356D8AE1692A8DE37337DF,0.14068441064638784,263
13C26D10258053889D75D9B9CA922EC7|D7D1FB49049702BF6338894757E0D959|NA|NA|7DBD828C0AC195DCD3BAA4DA8DD220E1,0.14056224899598393,249
B4B45C6CE5FC4DE45AB02974D8849DBD|FF2C446555E3822B0E0FC3406116E86D|NA|NA|79A8BA026E4124D2F04D46EE5A8AE706,0.1404399323181049,591
7532B3FBAFEC164460C4ED6FEB0C022C|7E56C27BFF0305E788DA55A029EC4988|NA|NA|79A8BA026E4124D2F04D46EE5A8AE706,0.14027149321266968,221
033E492229C2222EFAA16EE8A6462D8B|7E56C27BFF0305E788DA55A029EC4988|4C90FD52FC53D2C1C205844CB69575AB|1B491180398E2F0390E6A588B3BCE291|D60204EBB6AC5BF7303D2A04E76E6752,0.14022140221402213,271
033E492229C2222EFAA16EE8A6462D8B|D7D1FB49049702BF6338894757E0D959|4C90FD52FC53D2C1C205844CB69575AB|1B491180398E2F0390E6A588B3BCE291|0933DB97EA092BCF0F57DDD92EB623AB,0.1402116402116402,378
62D6A49514020FA0B2E434DB0B506005|7E56C27BFF0305E788DA55A029EC4988|NA|NA|148A1360EA95D51A7327F1C38E87BE16,0.1402061855670103,970
9D307E5B713DE5E90D787BE9F802AFBB|7E56C27BFF0305E788DA55A029EC4988|4C90FD52FC53D2C1C205844CB69575AB|1B491180398E2F0390E6A588B3BCE291|16B7CEA7B509DC4816887E481FDE11D1,0.14018691588785046,428
E02400CDAD96905D88E932FE9B7D3552|7E56C27BFF0305E788DA55A029EC4988|921B36149E5B081FD24450BFE2CE4430|A5D15FC386510762EC0DDFF54ABE6F94|7E526652718C970D929FA804DD3CA207,0.14018691588785046,1070
13C26D10258053889D75D9B9CA922EC7|7E56C27BFF0305E788DA55A029EC4988|4C90FD52FC53D2C1C205844CB69575AB|A5D15FC386510762EC0DDFF54ABE6F94|5C6C73BA925DEDE1CFAF9FE89FDB3131,0.14011976047904193,835
7532B3FBAFEC164460C4ED6FEB0C022C|7E56C27BFF0305E788DA55A029EC4988|NA|NA|481BE0270FE85CAFCCDED3116B3BDB87,0.1401151631477927,521
7F286560861764CCB93C90B7AA833949|7E56C27BFF0305E788DA55A029EC4988|4C90FD52FC53D2C1C205844CB69575AB|A5D15FC386510762EC0DDFF54ABE6F94|75AADD93A0693944F491C8ED4C849085,0.14009661835748793,1242
033E492229C2222EFAA16EE8A6462D8B|7E56C27BFF0305E788DA55A029EC4988|4C90FD52FC53D2C1C205844CB69575AB|C45A9AC6D102ACAEEDF0D6F78636D84A|5DD3DE4FA246323814D0AAE0E83B72B5,0.14009661835748793,207
7F286560861764CCB93C90B7AA833949|7E56C27BFF0305E788DA55A029EC4988|NA|NA|CD3D65E3D2A23D6F97EADAC395355E50,0.14,350
7F286560861764CCB93C90B7AA833949|D7D1FB49049702BF6338894757E0D959|4C90FD52FC53D2C1C205844CB69575AB|A5D15FC386510762EC0DDFF54ABE6F94|2B5705CA6177E41D0A26EEEB44D82F0A,0.1398176291793313,329
7F286560861764CCB93C90B7AA833949|7E56C27BFF0305E788DA55A029EC4988|NA|A5D15FC386510762EC0DDFF54ABE6F94|5C7CD44F54BADA22500400653FF2F72C,0.13978494623655913,372
9D307E5B713DE5E90D787BE9F802AFBB|7E56C27BFF0305E788DA55A029EC4988|4C90FD52FC53D2C1C205844CB69575AB|1B491180398E2F0390E6A588B3BCE291|57EE9D5FA21CB22613B2491A93E49D03,0.13966480446927373,537
E02400CDAD96905D88E932FE9B7D3552|7E56C27BFF0305E788DA55A029EC4988|NA|NA|DD401846A3FD6660BB11177DE6D7D2A5,0.13958810068649885,437
033E492229C2222EFAA16EE8A6462D8B|7E56C27BFF0305E788DA55A029EC4988|4C90FD52FC53D2C1C205844CB69575AB|A5D15FC386510762EC0DDFF54ABE6F94|CCDBEB06D93F35BE97A06E2DABCD19AE,0.1394658753709199,337
EC997D43AC86A75D9B88A1051F86A67C|D7D1FB49049702BF6338894757E0D959|0CD76C7030D0900BE250C8D41703D180|A5D15FC386510762EC0DDFF54ABE6F94|2DCC82A3B51BC38E9989B1E5954FE7B2,0.13945578231292516,294
033E492229C2222EFAA16EE8A6462D8B|7E56C27BFF0305E788DA55A029EC4988|4C90FD52FC53D2C1C205844CB69575AB|86E2AFBF909EC95B069893FF0BBC5B26|0D0C3C3C88EA12CE635F41E42D9082BA,0.1393939393939394,330
635623BABBB7DA2E072D8C339F606E15|7E56C27BFF0305E788DA55A029EC4988|NA|NA|1D1CC85CB0C6575CF1084A1604CEA199,0.13937282229965156,287
033E492229C2222EFAA16EE8A6462D8B|7E56C27BFF0305E788DA55A029EC4988|4C90FD52FC53D2C1C205844CB69575AB|C45A9AC6D102ACAEEDF0D6F78636D84A|6CFB117BAF465A201828A99C7499B239,0.13930348258706468,201
E02400CDAD96905D88E932FE9B7D3552|7E56C27BFF0305E788DA55A029EC4988|921B36149E5B081FD24450BFE2CE4430|A5D15FC386510762EC0DDFF54ABE6F94|56A6F4BEB46FACE3CFF199F2AFD8B06E,0.1391941391941392,273
7F286560861764CCB93C90B7AA833949|FF2C446555E3822B0E0FC3406116E86D|NA|NA|11C216AF41313CCF3A6659998CECBB4D,0.13915416098226466,733
62D6A49514020FA0B2E434DB0B506005|D7D1FB49049702BF6338894757E0D959|NA|NA|6B7A3AB78F0C7B75293C871EF00EB7A8,0.13904761904761906,525
13C26D10258053889D75D9B9CA922EC7|D7D1FB49049702BF6338894757E0D959|NA|NA|4BC4C1F9E6C4C3D63A7CD2061DE92A83,0.1388888888888889,252
7F286560861764CCB93C90B7AA833949|D7D1FB49049702BF6338894757E0D959|NA|NA|35BBBEBC97AF5335BEA391B989BEF7B6,0.1388888888888889,288
033E492229C2222EFAA16EE8A6462D8B|D7D1FB49049702BF6338894757E0D959|A443B40A19DB45968C2825CE225368DF|D7B42B0C4D807EF1C13F79948743E9DA|6F2803C343F6DA0602D3B008D02C7113,0.13878326996197718,1578
2551A1FA7839742971CDF4C67667E17A|D7D1FB49049702BF6338894757E0D959|4C90FD52FC53D2C1C205844CB69575AB|A5D15FC386510762EC0DDFF54ABE6F94|A3087455DC81F8CBFA29D2D174CBC974,0.13873626373626374,728
7F286560861764CCB93C90B7AA833949|7E56C27BFF0305E788DA55A029EC4988|4C90FD52FC53D2C1C205844CB69575AB|A5D15FC386510762EC0DDFF54ABE6F94|0D40C070EF1755017EDD34094AD4D048,0.13869625520110956,1442
E02400CDAD96905D88E932FE9B7D3552|D7D1FB49049702BF6338894757E0D959|921B36149E5B081FD24450BFE2CE4430|A5D15FC386510762EC0DDFF54ABE6F94|B486779308D3649D0402203BD54BE620,0.1386861313868613,274
E02400CDAD96905D88E932FE9B7D3552|7E56C27BFF0305E788DA55A029EC4988|921B36149E5B081FD24450BFE2CE4430|A5D15FC386510762EC0DDFF54ABE6F94|348A918C8BD1B670422D2F76EAE71A41,0.13857677902621723,267
033E492229C2222EFAA16EE8A6462D8B|7E56C27BFF0305E788DA55A029EC4988|4C90FD52FC53D2C1C205844CB69575AB|C45A9AC6D102ACAEEDF0D6F78636D84A|39A582C8A8DDBEB38514DC3C5631ED65,0.13854653633659159,2353
7532B3FBAFEC164460C4ED6FEB0C022C|7E56C27BFF0305E788DA55A029EC4988|NA|NA|E895713A223BA62A45EF586012AEBA31,0.1384909264565425,1047
635623BABBB7DA2E072D8C339F606E15|D7D1FB49049702BF6338894757E0D959|NA|NA|FAC3941399439E6437332E8B3DE7FBF5,0.13846153846153847,715
635623BABBB7DA2E072D8C339F606E15|D7D1FB49049702BF6338894757E0D959|NA|NA|49E68E2DD9C2B785A80054A55CF4FCF0,0.1382699868938401,1526
033E492229C2222EFAA16EE8A6462D8B|7E56C27BFF0305E788DA55A029EC4988|4C90FD52FC53D2C1C205844CB69575AB|1B491180398E2F0390E6A588B3BCE291|665FC79F5BD85890324435D3BAB05EA3,0.1382488479262673,217
635623BABBB7DA2E072D8C339F606E15|FF2C446555E3822B0E0FC3406116E86D|NA|NA|AEFFFEA2796B8B2D2C8403C9E005F9BC,0.13819095477386933,398
EC997D43AC86A75D9B88A1051F86A67C|D7D1FB49049702BF6338894757E0D959|0CD76C7030D0900BE250C8D41703D180|A5D15FC386510762EC0DDFF54ABE6F94|64089FAF625318DB1E1FB38CD1C04A90,0.1381692573402418,579
033E492229C2222EFAA16EE8A6462D8B|7E56C27BFF0305E788DA55A029EC4988|4C90FD52FC53D2C1C205844CB69575AB|C45A9AC6D102ACAEEDF0D6F78636D84A|AF6098DF4929E458B23AE9CB61ED13A4,0.13815789473684212,304
13C26D10258053889D75D9B9CA922EC7|D7D1FB49049702BF6338894757E0D959|4C90FD52FC53D2C1C205844CB69575AB|C45A9AC6D102ACAEEDF0D6F78636D84A|2FA69AA97C066B24921FA57A50F96D0A,0.13805970149253732,268
033E492229C2222EFAA16EE8A6462D8B|7E56C27BFF0305E788DA55A029EC4988|4C90FD52FC53D2C1C205844CB69575AB|1B491180398E2F0390E6A588B3BCE291|E2A851731FEE342F931CDC35EF93A7E3,0.13799283154121864,558
7F286560861764CCB93C90B7AA833949|7E56C27BFF0305E788DA55A029EC4988|4C90FD52FC53D2C1C205844CB69575AB|A5D15FC386510762EC0DDFF54ABE6F94|E15F861F6390FAC60799ACA9F596BC58,0.137942070731317,6249
88CED8BA3AA711A20ACF8B1FC574F218|7E56C27BFF0305E788DA55A029EC4988|NA|NA|NA,0.13787622926393167,10067
033E492229C2222EFAA16EE8A6462D8B|7E56C27BFF0305E788DA55A029EC4988|4C90FD52FC53D2C1C205844CB69575AB|1B491180398E2F0390E6A588B3BCE291|D144B85E3C00B3C9DE3C97676347931D,0.13777777777777778,225
033E492229C2222EFAA16EE8A6462D8B|7E56C27BFF0305E788DA55A029EC4988|4C90FD52FC53D2C1C205844CB69575AB|C45A9AC6D102ACAEEDF0D6F78636D84A|A7376287D4C753A7BA2C20601725514D,0.13774104683195593,363
5D656311CF9F47E34248BE9FBFF194A0|D7D1FB49049702BF6338894757E0D959|NA|NA|2580744E12A499F2C41BB3746EE1BFB5,0.1377091377091377,777
033E492229C2222EFAA16EE8A6462D8B|7E56C27BFF0305E788DA55A029EC4988|88460293E9517D21E39AA889BD5AADC8|A5D15FC386510762EC0DDFF54ABE6F94|4DE670D09C5F83874F1E6FC908E1F956,0.13765182186234817,247
7F286560861764CCB93C90B7AA833949|7E56C27BFF0305E788DA55A029EC4988|88460293E9517D21E39AA889BD5AADC8|NA|NA,0.13764044943820225,356
7F286560861764CCB93C90B7AA833949|FF2C446555E3822B0E0FC3406116E86D|NA|NA|2580744E12A499F2C41BB3746EE1BFB5,0.13760806916426513,1388
7F286560861764CCB93C90B7AA833949|7E56C27BFF0305E788DA55A029EC4988|NA|NA|3F17CFE077B38C83C2A83833DD2A5FF2,0.13755020080321284,3984
033E492229C2222EFAA16EE8A6462D8B|7E56C27BFF0305E788DA55A029EC4988|4C90FD52FC53D2C1C205844CB69575AB|1B491180398E2F0390E6A588B3BCE291|109841283F4526B1CE4B0785520D8A7D,0.13753581661891118,349
033E492229C2222EFAA16EE8A6462D8B|7E56C27BFF0305E788DA55A029EC4988|4C90FD52FC53D2C1C205844CB69575AB|1B491180398E2F0390E6A588B3BCE291|BF045F38233F121BE01C2B8255865B7F,0.1374764595103578,531
635623BABBB7DA2E072D8C339F606E15|7E56C27BFF0305E788DA55A029EC4988|NA|NA|F29E228168F16900DE48C3D46CDFDBCE,0.13745704467353953,291
033E492229C2222EFAA16EE8A6462D8B|D7D1FB49049702BF6338894757E0D959|4C90FD52FC53D2C1C205844CB69575AB|C45A9AC6D102ACAEEDF0D6F78636D84A|E2312C6AA5D1A6A8871AD49AC8A315A3,0.13742690058479531,342
033E492229C2222EFAA16EE8A6462D8B|D7D1FB49049702BF6338894757E0D959|4C90FD52FC53D2C1C205844CB69575AB|1B491180398E2F0390E6A588B3BCE291|DA75F50D7A4E517339BC971975AD7BEA,0.13742690058479531,342
62D6A49514020FA0B2E434DB0B506005|D7D1FB49049702BF6338894757E0D959|NA|NA|B4F48D5E70E7F7F416E0C8B0D492783D,0.13722317726767114,9889
9D307E5B713DE5E90D787BE9F802AFBB|7E56C27BFF0305E788DA55A029EC4988|921B36149E5B081FD24450BFE2CE4430|A5D15FC386510762EC0DDFF54ABE6F94|F59ECB94EDFA40D98FA9547CC298D780,0.13720642768850433,809
62D6A49514020FA0B2E434DB0B506005|FF2C446555E3822B0E0FC3406116E86D|NA|NA|E76C7039FE4133BF88CAB6D726DCEAC4,0.13716012084592144,1655
7F286560861764CCB93C90B7AA833949|7E56C27BFF0305E788DA55A029EC4988|NA|NA|4876C1F36B306D22200F07B2165A4DAB,0.1371527777777778,1728
EC997D43AC86A75D9B88A1051F86A67C|D7D1FB49049702BF6338894757E0D959|0CD76C7030D0900BE250C8D41703D180|A5D15FC386510762EC0DDFF54ABE6F94|385F474F4B667AAEE3360C175C60B380,0.1371308016877637,948
2134F56D3769B5022DB7172F1536B749|7E56C27BFF0305E788DA55A029EC4988|88460293E9517D21E39AA889BD5AADC8|NA|NA,0.13711298753518295,4974
B4B45C6CE5FC4DE45AB02974D8849DBD|7E56C27BFF0305E788DA55A029EC4988|921B36149E5B081FD24450BFE2CE4430|A5D15FC386510762EC0DDFF54ABE6F94|7BA18B7FCC191ACEE7F98578EA9258D1,0.13709677419354838,1488
13C26D10258053889D75D9B9CA922EC7|7E56C27BFF0305E788DA55A029EC4988|4C90FD52FC53D2C1C205844CB69575AB|A5D15FC386510762EC0DDFF54ABE6F94|0C399119C1ACBAA9F688527086D5F84D,0.13701923076923078,416
13C26D10258053889D75D9B9CA922EC7|D7D1FB49049702BF6338894757E0D959|0CD76C7030D0900BE250C8D41703D180|A5D15FC386510762EC0DDFF54ABE6F94|8524B95BFAE274CAB1E2E69432C6EF03,0.136986301369863,219
033E492229C2222EFAA16EE8A6462D8B|FF2C446555E3822B0E0FC3406116E86D|A443B40A19DB45968C2825CE225368DF|D7B42B0C4D807EF1C13F79948743E9DA|7807D1C31E020624523E2F99726B0D22,0.13695299837925445,1234
7F286560861764CCB93C90B7AA833949|7E56C27BFF0305E788DA55A029EC4988|4C90FD52FC53D2C1C205844CB69575AB|A5D15FC386510762EC0DDFF54ABE6F94|87AC5124D8D7C05251EF2D4BC837640D,0.13692307692307693,650
7F286560861764CCB93C90B7AA833949|D7D1FB49049702BF6338894757E0D959|NA|NA|2580744E12A499F2C41BB3746EE1BFB5,0.13680494263018536,4532
7F286560861764CCB93C90B7AA833949|FF2C446555E3822B0E0FC3406116E86D|NA|NA|B882F59F0F425C71411A4A0DAE88D5EB,0.1366906474820144,973
033E492229C2222EFAA16EE8A6462D8B|D7D1FB49049702BF6338894757E0D959|4C90FD52FC53D2C1C205844CB69575AB|1B491180398E2F0390E6A588B3BCE291|5C18DE15B59582D607DFFFA1E2CA832B,0.1366906474820144,278
E02400CDAD96905D88E932FE9B7D3552|7E56C27BFF0305E788DA55A029EC4988|921B36149E5B081FD24450BFE2CE4430|A5D15FC386510762EC0DDFF54ABE6F94|FE891F38CD6BA38B107841C1C90DF9A7,0.13665086887835703,1266
033E492229C2222EFAA16EE8A6462D8B|D7D1FB49049702BF6338894757E0D959|4C90FD52FC53D2C1C205844CB69575AB|A5D15FC386510762EC0DDFF54ABE6F94|3D46B86885B5DFEB30D6DFD3D690BA8A,0.13664596273291926,483
635623BABBB7DA2E072D8C339F606E15|D7D1FB49049702BF6338894757E0D959|NA|NA|28A3CC2396D8DEC64B6E3F17E3053340,0.13651591289782244,1194
7F286560861764CCB93C90B7AA833949|7E56C27BFF0305E788DA55A029EC4988|NA|NA|116ACBB7E1881C29A6EB95E3CA0E53D3,0.13645591647331787,13792
033E492229C2222EFAA16EE8A6462D8B|7E56C27BFF0305E788DA55A029EC4988|4C90FD52FC53D2C1C205844CB69575AB|1B491180398E2F0390E6A588B3BCE291|3DE441E9C18ED2FBA95C27A35CCA9AED,0.13636363636363635,528
B4B45C6CE5FC4DE45AB02974D8849DBD|7E56C27BFF0305E788DA55A029EC4988|88460293E9517D21E39AA889BD5AADC8|A5D15FC386510762EC0DDFF54ABE6F94|NA,0.13629160063391443,631
7F286560861764CCB93C90B7AA833949|7E56C27BFF0305E788DA55A029EC4988|NA|NA|2457828720ECA1EBC1564ED10123B67B,0.13623188405797101,345
E02400CDAD96905D88E932FE9B7D3552|7E56C27BFF0305E788DA55A029EC4988|NA|NA|4F1F93F65CDC91886883DBB25E60563E,0.13622291021671826,646
033E492229C2222EFAA16EE8A6462D8B|7E56C27BFF0305E788DA55A029EC4988|4C90FD52FC53D2C1C205844CB69575AB|1B491180398E2F0390E6A588B3BCE291|6735BF6FCE83157F0FBDEA92F044DB13,0.1362179487179487,624
7F286560861764CCB93C90B7AA833949|7E56C27BFF0305E788DA55A029EC4988|NA|A5D15FC386510762EC0DDFF54ABE6F94|22BB1EC6D60238B699549A25C8607706,0.1361760660247593,727
033E492229C2222EFAA16EE8A6462D8B|7E56C27BFF0305E788DA55A029EC4988|A443B40A19DB45968C2825CE225368DF|D7B42B0C4D807EF1C13F79948743E9DA|7807D1C31E020624523E2F99726B0D22,0.13616398243045388,7513
B4B45C6CE5FC4DE45AB02974D8849DBD|7E56C27BFF0305E788DA55A029EC4988|NA|NA|9E602BFCC65B869A81EDE2235ABEE52D,0.13613861386138615,404
5D656311CF9F47E34248BE9FBFF194A0|D7D1FB49049702BF6338894757E0D959|NA|NA|A733C3A7B231DFE70CB42E191C632070,0.13595166163141995,331
033E492229C2222EFAA16EE8A6462D8B|D7D1FB49049702BF6338894757E0D959|4C90FD52FC53D2C1C205844CB69575AB|1B491180398E2F0390E6A588B3BCE291|1534DBE63DB3EA968D7F1618E9A78E43,0.13592233009708737,206
033E492229C2222EFAA16EE8A6462D8B|D7D1FB49049702BF6338894757E0D959|4C90FD52FC53D2C1C205844CB69575AB|1B491180398E2F0390E6A588B3BCE291|5C3341D4A1BF6FB4384110608EE86AA6,0.13590342679127726,12840
9D307E5B713DE5E90D787BE9F802AFBB|7E56C27BFF0305E788DA55A029EC4988|4C90FD52FC53D2C1C205844CB69575AB|1B491180398E2F0390E6A588B3BCE291|51B93A54AA2E134E33B112115AA95A80,0.1358695652173913,368
033E492229C2222EFAA16EE8A6462D8B|7E56C27BFF0305E788DA55A029EC4988|4C90FD52FC53D2C1C205844CB69575AB|A5D15FC386510762EC0DDFF54ABE6F94|BB97FFEB435FDCF43F9FC3919C3EB2D3,0.13582677165354332,1016
033E492229C2222EFAA16EE8A6462D8B|D7D1FB49049702BF6338894757E0D959|4C90FD52FC53D2C1C205844CB69575AB|1B491180398E2F0390E6A588B3BCE291|02FFD9AE920C75CA9EF543FB17AFE198,0.1357615894039735,604
DDC2B3CC38945E431DE1B3F59EC56680|FF2C446555E3822B0E0FC3406116E86D|NA|NA|NA,0.13568376068376067,936
033E492229C2222EFAA16EE8A6462D8B|7E56C27BFF0305E788DA55A029EC4988|4C90FD52FC53D2C1C205844CB69575AB|A5D15FC386510762EC0DDFF54ABE6F94|57EE9D5FA21CB22613B2491A93E49D03,0.13561643835616438,730
7F286560861764CCB93C90B7AA833949|7E56C27BFF0305E788DA55A029EC4988|4C90FD52FC53D2C1C205844CB69575AB|A5D15FC386510762EC0DDFF54ABE6F94|4AD6CB9B9369B5B37B47190502480D55,0.13551401869158877,214
033E492229C2222EFAA16EE8A6462D8B|D7D1FB49049702BF6338894757E0D959|4C90FD52FC53D2C1C205844CB69575AB|A5D15FC386510762EC0DDFF54ABE6F94|74CC401B9C9A99695BEE1EEC4D75B0E5,0.13541666666666666,288
033E492229C2222EFAA16EE8A6462D8B|7E56C27BFF0305E788DA55A029EC4988|4C90FD52FC53D2C1C205844CB69575AB|1B491180398E2F0390E6A588B3BCE291|BE6F37902E01B9419D967BC1D20058FD,0.13539192399049882,421
7F286560861764CCB93C90B7AA833949|D7D1FB49049702BF6338894757E0D959|4C90FD52FC53D2C1C205844CB69575AB|1B491180398E2F0390E6A588B3BCE291|4B734189EB0CF1DBE2AA2949E05E344C,0.13537117903930132,229
7F286560861764CCB93C90B7AA833949|7E56C27BFF0305E788DA55A029EC4988|NA|NA|70A0488F4C5578A750592A5518B63141,0.13536121673003804,1315
635623BABBB7DA2E072D8C339F606E15|D7D1FB49049702BF6338894757E0D959|0CD76C7030D0900BE250C8D41703D180|A5D15FC386510762EC0DDFF54ABE6F94|B68AB9A37357E57DA05A58E418993596,0.13524590163934427,488
13C26D10258053889D75D9B9CA922EC7|7E56C27BFF0305E788DA55A029EC4988|NA|NA|EA372FBAF80F50C012AB49F23BD91831,0.13523809523809524,525
635623BABBB7DA2E072D8C339F606E15|FF2C446555E3822B0E0FC3406116E86D|NA|NA|FA403A0A144355E54E0EFB93090B613C,0.13522012578616352,318
7F286560861764CCB93C90B7AA833949|D7D1FB49049702BF6338894757E0D959|NA|NA|B8C0FE637FD5FF6EC39C94265ADB17C3,0.1351849010280804,13034
033E492229C2222EFAA16EE8A6462D8B|7E56C27BFF0305E788DA55A029EC4988|4C90FD52FC53D2C1C205844CB69575AB|A5D15FC386510762EC0DDFF54ABE6F94|93805425440E0B0C93655083D59FFA2E,0.13518197573656845,577
635623BABBB7DA2E072D8C339F606E15|D7D1FB49049702BF6338894757E0D959|NA|NA|E15B04F7268C5DE85F7282FAEAB33DD3,0.13513513513513514,222
13C26D10258053889D75D9B9CA922EC7|D7D1FB49049702BF6338894757E0D959|4C90FD52FC53D2C1C205844CB69575AB|1B491180398E2F0390E6A588B3BCE291|4DF0189FA57750229B1E1A0C46215360,0.13503649635036497,274
033E492229C2222EFAA16EE8A6462D8B|D7D1FB49049702BF6338894757E0D959|4C90FD52FC53D2C1C205844CB69575AB|C45A9AC6D102ACAEEDF0D6F78636D84A|57EE9D5FA21CB22613B2491A93E49D03,0.13490725126475547,593
7F286560861764CCB93C90B7AA833949|7E56C27BFF0305E788DA55A029EC4988|NA|NA|06EF75110610D490469271FDCCA7986B,0.13486462209675348,7793
033E492229C2222EFAA16EE8A6462D8B|7E56C27BFF0305E788DA55A029EC4988|4C90FD52FC53D2C1C205844CB69575AB|A5D15FC386510762EC0DDFF54ABE6F94|C0BF8CD82DECA7220057E528F3B99640,0.13474025974025974,616
635623BABBB7DA2E072D8C339F606E15|D7D1FB49049702BF6338894757E0D959|NA|NA|ACA46399E3FBC69B8A33CCD1A882842C,0.13468013468013468,594
88CED8BA3AA711A20ACF8B1FC574F218|7E56C27BFF0305E788DA55A029EC4988|NA|NA|6760D598FF2B58D139A608A1323D3E5F,0.1346704871060172,349
635623BABBB7DA2E072D8C339F606E15|7E56C27BFF0305E788DA55A029EC4988|NA|NA|1F7B3FDBE3F6465DDAA5C5DDA7122189,0.1346704871060172,349
B4B45C6CE5FC4DE45AB02974D8849DBD|7E56C27BFF0305E788DA55A029EC4988|NA|NA|B41418ADC65456083CC7671BDF7291C0,0.1346153846153846,208
7532B3FBAFEC164460C4ED6FEB0C022C|7E56C27BFF0305E788DA55A029EC4988|NA|NA|B1307FE5A41D1B598A37FA0A26B71DFE,0.1345657781599312,2326
7532B3FBAFEC164460C4ED6FEB0C022C|D7D1FB49049702BF6338894757E0D959|NA|NA|BA0D8F808ADB67DC19F2E844BBD87232,0.13452914798206278,223
033E492229C2222EFAA16EE8A6462D8B|7E56C27BFF0305E788DA55A029EC4988|4C90FD52FC53D2C1C205844CB69575AB|1B491180398E2F0390E6A588B3BCE291|D722318CF89E39DCEBE4F7D95971EA32,0.13447432762836187,409
033E492229C2222EFAA16EE8A6462D8B|7E56C27BFF0305E788DA55A029EC4988|4C90FD52FC53D2C1C205844CB69575AB|A5D15FC386510762EC0DDFF54ABE6F94|1944E0295F58E2A2596EF8BE8114D7EB,0.13438735177865613,253
E02400CDAD96905D88E932FE9B7D3552|7E56C27BFF0305E788DA55A029EC4988|921B36149E5B081FD24450BFE2CE4430|A5D15FC386510762EC0DDFF54ABE6F94|95B3249940CD2BECB6C87D30305229B2,0.13438735177865613,759
88CED8BA3AA711A20ACF8B1FC574F218|7E56C27BFF0305E788DA55A029EC4988|NA|NA|4E976F1BB709F251CB51B0FB0C3BB7B5,0.134375,320
033E492229C2222EFAA16EE8A6462D8B|D7D1FB49049702BF6338894757E0D959|4C90FD52FC53D2C1C205844CB69575AB|C45A9AC6D102ACAEEDF0D6F78636D84A|00AF1D1CB6DE522C356AF896151160A1,0.13432835820895522,201
033E492229C2222EFAA16EE8A6462D8B|7E56C27BFF0305E788DA55A029EC4988|4C90FD52FC53D2C1C205844CB69575AB|A5D15FC386510762EC0DDFF54ABE6F94|0657926C9C97EBCD34FE9B6C4E181E96,0.13428315010096478,8914
033E492229C2222EFAA16EE8A6462D8B|7E56C27BFF0305E788DA55A029EC4988|4C90FD52FC53D2C1C205844CB69575AB|C45A9AC6D102ACAEEDF0D6F78636D84A|9967D60CD53C21E09050C35728A57E18,0.13425925925925927,216
62D6A49514020FA0B2E434DB0B506005|7E56C27BFF0305E788DA55A029EC4988|NA|NA|9A0EA21647E006E4AAA6908795A06465,0.13425,4000
DDC2B3CC38945E431DE1B3F59EC56680|FF2C446555E3822B0E0FC3406116E86D|NA|NA|B8C0FE637FD5FF6EC39C94265ADB17C3,0.1341991341991342,231
88CED8BA3AA711A20ACF8B1FC574F218|D7D1FB49049702BF6338894757E0D959|NA|NA|705FAF0AB620D2B61DD0E3745F37D103,0.13411078717201166,1029
7F286560861764CCB93C90B7AA833949|7E56C27BFF0305E788DA55A029EC4988|4C90FD52FC53D2C1C205844CB69575AB|A5D15FC386510762EC0DDFF54ABE6F94|30941532357784091949297C7995D874,0.13404255319148936,470
7F286560861764CCB93C90B7AA833949|D7D1FB49049702BF6338894757E0D959|88460293E9517D21E39AA889BD5AADC8|1B491180398E2F0390E6A588B3BCE291|NA,0.13404255319148936,940
13C26D10258053889D75D9B9CA922EC7|FF2C446555E3822B0E0FC3406116E86D|NA|NA|9E0EAAF455B7E51AE375D9CA77041CE4,0.13398294762484775,821
13C26D10258053889D75D9B9CA922EC7|D7D1FB49049702BF6338894757E0D959|NA|NA|D3931F4C90F6A79744867488D0801594,0.13382899628252787,538
E02400CDAD96905D88E932FE9B7D3552|D7D1FB49049702BF6338894757E0D959|921B36149E5B081FD24450BFE2CE4430|A5D15FC386510762EC0DDFF54ABE6F94|64F6272B488F200B11AB6126575B8DFD,0.13377926421404682,299
7F286560861764CCB93C90B7AA833949|D7D1FB49049702BF6338894757E0D959|NA|NA|13B0E6EF5726CB3F31F7480F0FE6C1E8,0.1337719298245614,456
033E492229C2222EFAA16EE8A6462D8B|7E56C27BFF0305E788DA55A029EC4988|4C90FD52FC53D2C1C205844CB69575AB|1B491180398E2F0390E6A588B3BCE291|8F18CEA7DF93B3926CA0978F35864E03,0.13375648269989937,12919
635623BABBB7DA2E072D8C339F606E15|7E56C27BFF0305E788DA55A029EC4988|NA|NA|54ABE082C3AFF8DBC18C18C6E231D981,0.13368283093053734,763
B4B45C6CE5FC4DE45AB02974D8849DBD|FF2C446555E3822B0E0FC3406116E86D|NA|NA|44E9BDDDA30376FA5431089366837D98,0.1336206896551724,232
033E492229C2222EFAA16EE8A6462D8B|7E56C27BFF0305E788DA55A029EC4988|4C90FD52FC53D2C1C205844CB69575AB|A5D15FC386510762EC0DDFF54ABE6F94|8B72676326A3F25E01B5ACE9AB669D67,0.13358778625954199,524
7F286560861764CCB93C90B7AA833949|7E56C27BFF0305E788DA55A029EC4988|NA|A5D15FC386510762EC0DDFF54ABE6F94|DCD0918461348AD3E796B876D25C0E0B,0.13343328335832083,667
033E492229C2222EFAA16EE8A6462D8B|D7D1FB49049702BF6338894757E0D959|4C90FD52FC53D2C1C205844CB69575AB|1B491180398E2F0390E6A588B3BCE291|045C4A44537C197EBC1E8415971E0D7A,0.13333333333333333,240
EC997D43AC86A75D9B88A1051F86A67C|7E56C27BFF0305E788DA55A029EC4988|NA|NA|CD3D65E3D2A23D6F97EADAC395355E50,0.13333333333333333,225
7F286560861764CCB93C90B7AA833949|7E56C27BFF0305E788DA55A029EC4988|NA|NA|23CD9CB3EFD5DAE7E6FD38407A952DBD,0.13333333333333333,210
7F286560861764CCB93C90B7AA833949|D7D1FB49049702BF6338894757E0D959|NA|A5D15FC386510762EC0DDFF54ABE6F94|05C80D147A36B482098EF90C75DDD451,0.13333333333333333,1890
635623BABBB7DA2E072D8C339F606E15|D7D1FB49049702BF6338894757E0D959|NA|NA|7234632A7A43D4839E18FCD8179E54D6,0.13333333333333333,270
13C26D10258053889D75D9B9CA922EC7|D7D1FB49049702BF6338894757E0D959|NA|NA|57466AD7A4F7B61E5BA5F96A55E9AE29,0.133276740237691,1178
033E492229C2222EFAA16EE8A6462D8B|D7D1FB49049702BF6338894757E0D959|4C90FD52FC53D2C1C205844CB69575AB|C45A9AC6D102ACAEEDF0D6F78636D84A|A53596E7C70F724AC92D76661CC6FED0,0.13314447592067988,353
B4B45C6CE5FC4DE45AB02974D8849DBD|D7D1FB49049702BF6338894757E0D959|4C90FD52FC53D2C1C205844CB69575AB|C45A9AC6D102ACAEEDF0D6F78636D84A|475B85B78C0E595616E40A995EC513B1,0.13304721030042918,233
033E492229C2222EFAA16EE8A6462D8B|D7D1FB49049702BF6338894757E0D959|88460293E9517D21E39AA889BD5AADC8|C45A9AC6D102ACAEEDF0D6F78636D84A|08064AF40B89C5077D515E041B76BD0A,0.13304721030042918,233
62D6A49514020FA0B2E434DB0B506005|FF2C446555E3822B0E0FC3406116E86D|NA|NA|9BE36E0BD1977E9957D494B84C7E819F,0.1330049261083744,203
88CED8BA3AA711A20ACF8B1FC574F218|D7D1FB49049702BF6338894757E0D959|NA|NA|7904038293981F50AB6EFE0A11769C4E,0.1328976034858388,459
033E492229C2222EFAA16EE8A6462D8B|7E56C27BFF0305E788DA55A029EC4988|4C90FD52FC53D2C1C205844CB69575AB|A5D15FC386510762EC0DDFF54ABE6F94|AC43EF708D88EFA7DBDAF73126E9517E,0.13271028037383178,535
635623BABBB7DA2E072D8C339F606E15|7E56C27BFF0305E788DA55A029EC4988|NA|NA|D4CD269A48894CD8CADE0062D54E044A,0.13268608414239483,309
7F286560861764CCB93C90B7AA833949|FF2C446555E3822B0E0FC3406116E86D|NA|NA|E82A63CCF5B3188E29B41D5251B4B625,0.132569558101473,611
62D6A49514020FA0B2E434DB0B506005|7E56C27BFF0305E788DA55A029EC4988|NA|NA|DB51B0646689810173A6C4588730B35A,0.13245702730030334,1978
7F286560861764CCB93C90B7AA833949|7E56C27BFF0305E788DA55A029EC4988|4C90FD52FC53D2C1C205844CB69575AB|A5D15FC386510762EC0DDFF54ABE6F94|48D9201753DC9A5BED4A1A20C5C4480C,0.13244613434727504,1578
033E492229C2222EFAA16EE8A6462D8B|D7D1FB49049702BF6338894757E0D959|4C90FD52FC53D2C1C205844CB69575AB|A5D15FC386510762EC0DDFF54ABE6F94|4A4C26C655AB9A4C9B6B61484CCA5CB4,0.13237410071942446,695
9D307E5B713DE5E90D787BE9F802AFBB|D7D1FB49049702BF6338894757E0D959|4C90FD52FC53D2C1C205844CB69575AB|A5D15FC386510762EC0DDFF54ABE6F94|7B4F751A5189AAA6315B6E9AEED5CA8F,0.13227513227513227,378
944B2A351FEFAC79AEAA9DA57E1B351F|D7D1FB49049702BF6338894757E0D959|NA|NA|40F9279F6279E8DCD3D731AF368BEA0A,0.1322314049586777,363
EC997D43AC86A75D9B88A1051F86A67C|D7D1FB49049702BF6338894757E0D959|NA|NA|0E22F80595A115112CC6719F5271796B,0.1322314049586777,363
033E492229C2222EFAA16EE8A6462D8B|D7D1FB49049702BF6338894757E0D959|4C90FD52FC53D2C1C205844CB69575AB|C45A9AC6D102ACAEEDF0D6F78636D84A|72731BDC218F955712A2B1656039BEFE,0.1320754716981132,212
7F286560861764CCB93C90B7AA833949|7E56C27BFF0305E788DA55A029EC4988|NA|NA|C73AAA75E559B624180B2780BD09D675,0.13206262763784887,1469
9D307E5B713DE5E90D787BE9F802AFBB|7E56C27BFF0305E788DA55A029EC4988|88460293E9517D21E39AA889BD5AADC8|A5D15FC386510762EC0DDFF54ABE6F94|4F1F93F65CDC91886883DBB25E60563E,0.13201820940819423,659
62D6A49514020FA0B2E434DB0B506005|FF2C446555E3822B0E0FC3406116E86D|NA|NA|FB05F67B7E868983840F2DEAA11082B9,0.132,500
7F286560861764CCB93C90B7AA833949|7E56C27BFF0305E788DA55A029EC4988|NA|NA|9D7462D3232A12164219925FF85BD267,0.13194444444444445,288
13C26D10258053889D75D9B9CA922EC7|D7D1FB49049702BF6338894757E0D959|NA|NA|EA372FBAF80F50C012AB49F23BD91831,0.13186813186813187,455
033E492229C2222EFAA16EE8A6462D8B|7E56C27BFF0305E788DA55A029EC4988|4C90FD52FC53D2C1C205844CB69575AB|1B491180398E2F0390E6A588B3BCE291|8019E5AD49C111F4B881BA01E6319F8B,0.13184931506849315,584
033E492229C2222EFAA16EE8A6462D8B|7E56C27BFF0305E788DA55A029EC4988|4C90FD52FC53D2C1C205844CB69575AB|1B491180398E2F0390E6A588B3BCE291|74518E6308AAA34825ECBACBCD0288D8,0.13183856502242153,1115
7F286560861764CCB93C90B7AA833949|7E56C27BFF0305E788DA55A029EC4988|NA|NA|9E602BFCC65B869A81EDE2235ABEE52D,0.1318181818181818,220
7F286560861764CCB93C90B7AA833949|D7D1FB49049702BF6338894757E0D959|NA|NA|1B48071BADBFF9F15C94318A8061432B,0.13165266106442577,357
033E492229C2222EFAA16EE8A6462D8B|D7D1FB49049702BF6338894757E0D959|4C90FD52FC53D2C1C205844CB69575AB|C45A9AC6D102ACAEEDF0D6F78636D84A|9CD0728F8862BB15ABAE2C25AF596BAD,0.13164556962025317,790
033E492229C2222EFAA16EE8A6462D8B|7E56C27BFF0305E788DA55A029EC4988|4C90FD52FC53D2C1C205844CB69575AB|A5D15FC386510762EC0DDFF54ABE6F94|EF23C47AD7D51B055866E75B15583230,0.13160987074030553,851
033E492229C2222EFAA16EE8A6462D8B|7E56C27BFF0305E788DA55A029EC4988|4C90FD52FC53D2C1C205844CB69575AB|A5D15FC386510762EC0DDFF54ABE6F94|39CB3CA78D7BA7E06C265861F4F14F62,0.13157894736842105,570
7F286560861764CCB93C90B7AA833949|D7D1FB49049702BF6338894757E0D959|4C90FD52FC53D2C1C205844CB69575AB|A5D15FC386510762EC0DDFF54ABE6F94|4CCBCB471226E4D3B028C950F44A58ED,0.13145539906103287,213
B4B45C6CE5FC4DE45AB02974D8849DBD|D7D1FB49049702BF6338894757E0D959|NA|NA|B970198A0E3CFB18D601744A2395E00B,0.13136729222520108,373
EC997D43AC86A75D9B88A1051F86A67C|7E56C27BFF0305E788DA55A029EC4988|921B36149E5B081FD24450BFE2CE4430|A5D15FC386510762EC0DDFF54ABE6F94|A2103E9498F4060D1A6410B7138779E7,0.13127413127413126,259
5D656311CF9F47E34248BE9FBFF194A0|D7D1FB49049702BF6338894757E0D959|NA|NA|6F4B0C762C99FB294924C06D5384DEBD,0.13122721749696234,823
033E492229C2222EFAA16EE8A6462D8B|D7D1FB49049702BF6338894757E0D959|4C90FD52FC53D2C1C205844CB69575AB|1B491180398E2F0390E6A588B3BCE291|580EBF29FC9F7CED5F53B1FB28AC00D4,0.13120567375886524,282
635623BABBB7DA2E072D8C339F606E15|D7D1FB49049702BF6338894757E0D959|NA|NA|1145C405A750213385EDDC83AE1F74E8,0.13114754098360656,854
033E492229C2222EFAA16EE8A6462D8B|7E56C27BFF0305E788DA55A029EC4988|4C90FD52FC53D2C1C205844CB69575AB|1B491180398E2F0390E6A588B3BCE291|B54132036D9716F94B2C8C9E226BD6A2,0.13114754098360656,427
13C26D10258053889D75D9B9CA922EC7|7E56C27BFF0305E788DA55A029EC4988|NA|NA|4876C1F36B306D22200F07B2165A4DAB,0.13111111111111112,450
033E492229C2222EFAA16EE8A6462D8B|7E56C27BFF0305E788DA55A029EC4988|4C90FD52FC53D2C1C205844CB69575AB|1B491180398E2F0390E6A588B3BCE291|A00D0E7172F1937D2F8ED667EAA03583,0.1310344827586207,435
033E492229C2222EFAA16EE8A6462D8B|7E56C27BFF0305E788DA55A029EC4988|4C90FD52FC53D2C1C205844CB69575AB|A5D15FC386510762EC0DDFF54ABE6F94|53F02588B177AA9BA649AC9C091F44D4,0.1310344827586207,435
DDC2B3CC38945E431DE1B3F59EC56680|FF2C446555E3822B0E0FC3406116E86D|NA|NA|A384C4AB463C4C40B38999C687D09058,0.13100436681222707,229
13C26D10258053889D75D9B9CA922EC7|7E56C27BFF0305E788DA55A029EC4988|NA|NA|5AF76278CF13478663F2F952871C86DD,0.13097345132743363,565
7F286560861764CCB93C90B7AA833949|7E56C27BFF0305E788DA55A029EC4988|88460293E9517D21E39AA889BD5AADC8|1B491180398E2F0390E6A588B3BCE291|6B917AD5CBF0038D8224120D3CD600CB,0.13095238095238096,420
7F286560861764CCB93C90B7AA833949|D7D1FB49049702BF6338894757E0D959|4C90FD52FC53D2C1C205844CB69575AB|A5D15FC386510762EC0DDFF54ABE6F94|7D0F3AC4514009B19F988B676F1D7F8F,0.13093709884467267,779
033E492229C2222EFAA16EE8A6462D8B|FF2C446555E3822B0E0FC3406116E86D|4C90FD52FC53D2C1C205844CB69575AB|1B491180398E2F0390E6A588B3BCE291|6271E7ACEF710C0C57E758E473279B63,0.130859375,512
033E492229C2222EFAA16EE8A6462D8B|7E56C27BFF0305E788DA55A029EC4988|4C90FD52FC53D2C1C205844CB69575AB|1B491180398E2F0390E6A588B3BCE291|2484E4A29B631E282FE3E1F16DD35CD1,0.1308411214953271,428
7F286560861764CCB93C90B7AA833949|7E56C27BFF0305E788DA55A029EC4988|4C90FD52FC53D2C1C205844CB69575AB|A5D15FC386510762EC0DDFF54ABE6F94|BA1509A805D08A0E16F6466F7A3C90F1,0.1308139534883721,344
635623BABBB7DA2E072D8C339F606E15|D7D1FB49049702BF6338894757E0D959|NA|NA|D57B51BD3B8118B4D4F06AB7EE23E141,0.13076923076923078,390
7F286560861764CCB93C90B7AA833949|7E56C27BFF0305E788DA55A029EC4988|NA|NA|0D1BC0C43E51EB04536C85D775458B98,0.13071895424836602,306
62D6A49514020FA0B2E434DB0B506005|D7D1FB49049702BF6338894757E0D959|88460293E9517D21E39AA889BD5AADC8|NA|9A0EA21647E006E4AAA6908795A06465,0.13066465256797583,1324
EC997D43AC86A75D9B88A1051F86A67C|D7D1FB49049702BF6338894757E0D959|NA|NA|1D3BFF4E8F5932B394B5C7B293DE3E81,0.13063063063063063,222
033E492229C2222EFAA16EE8A6462D8B|7E56C27BFF0305E788DA55A029EC4988|4C90FD52FC53D2C1C205844CB69575AB|C45A9AC6D102ACAEEDF0D6F78636D84A|51B93A54AA2E134E33B112115AA95A80,0.13055555555555556,360
7F286560861764CCB93C90B7AA833949|D7D1FB49049702BF6338894757E0D959|NA|NA|8E1358289AD6C47F564732F993FEF1B5,0.13049267643142476,751
7F286560861764CCB93C90B7AA833949|7E56C27BFF0305E788DA55A029EC4988|NA|NA|1212975A7EADA2D3101EA3C8A3262D2F,0.13048245614035087,912
033E492229C2222EFAA16EE8A6462D8B|7E56C27BFF0305E788DA55A029EC4988|4C90FD52FC53D2C1C205844CB69575AB|1B491180398E2F0390E6A588B3BCE291|80877D82C228F92A6C99275F18797C61,0.13043478260869565,207
13C26D10258053889D75D9B9CA922EC7|7E56C27BFF0305E788DA55A029EC4988|NA|NA|NA,0.13029913745641403,10898
7532B3FBAFEC164460C4ED6FEB0C022C|FF2C446555E3822B0E0FC3406116E86D|921B36149E5B081FD24450BFE2CE4430|A5D15FC386510762EC0DDFF54ABE6F94|3C48314751DBD15F0CB908796B35A53C,0.13026819923371646,261
033E492229C2222EFAA16EE8A6462D8B|FF2C446555E3822B0E0FC3406116E86D|4C90FD52FC53D2C1C205844CB69575AB|1B491180398E2F0390E6A588B3BCE291|84E77450CE3FE3B65FFCC9873C48CDBE,0.13025210084033614,238
033E492229C2222EFAA16EE8A6462D8B|7E56C27BFF0305E788DA55A029EC4988|4C90FD52FC53D2C1C205844CB69575AB|C45A9AC6D102ACAEEDF0D6F78636D84A|11AB757CEEB9EE3D0EA6267F7BDA8643,0.13024142312579415,1574
E02400CDAD96905D88E932FE9B7D3552|FF2C446555E3822B0E0FC3406116E86D|921B36149E5B081FD24450BFE2CE4430|A5D15FC386510762EC0DDFF54ABE6F94|9379A73F3DC53CAE363E122481BBACAA,0.13020833333333334,384
033E492229C2222EFAA16EE8A6462D8B|7E56C27BFF0305E788DA55A029EC4988|4C90FD52FC53D2C1C205844CB69575AB|1B491180398E2F0390E6A588B3BCE291|15737AA80C5FAC88CF420787D3B53032,0.1302048909451421,1513
7F286560861764CCB93C90B7AA833949|7E56C27BFF0305E788DA55A029EC4988|NA|A5D15FC386510762EC0DDFF54ABE6F94|13CA26D9A64E15A7D79EFB6CD3062726,0.13010590015128592,661
033E492229C2222EFAA16EE8A6462D8B|7E56C27BFF0305E788DA55A029EC4988|4C90FD52FC53D2C1C205844CB69575AB|1B491180398E2F0390E6A588B3BCE291|40BCFC5E37E6F6601AA735967BED038B,0.13008130081300814,246
635623BABBB7DA2E072D8C339F606E15|D7D1FB49049702BF6338894757E0D959|NA|NA|B75B24431EF1A52DCBBEC844E9E9FB21,0.1300639658848614,469
033E492229C2222EFAA16EE8A6462D8B|7E56C27BFF0305E788DA55A029EC4988|4C90FD52FC53D2C1C205844CB69575AB|1B491180398E2F0390E6A588B3BCE291|1865D275F8FC538DF8DD08FECCA65979,0.1299545159194282,1539
7F286560861764CCB93C90B7AA833949|7E56C27BFF0305E788DA55A029EC4988|NA|NA|332D6E9563D0269CDBFEB793590FFC73,0.12993630573248408,785
033E492229C2222EFAA16EE8A6462D8B|D7D1FB49049702BF6338894757E0D959|4C90FD52FC53D2C1C205844CB69575AB|C45A9AC6D102ACAEEDF0D6F78636D84A|9CB1FCCB3DCEB2F4DF14F06CC6EA1158,0.12980269989615784,963
033E492229C2222EFAA16EE8A6462D8B|7E56C27BFF0305E788DA55A029EC4988|4C90FD52FC53D2C1C205844CB69575AB|1B491180398E2F0390E6A588B3BCE291|A20343B10720145A5225D9EB4F99C4ED,0.1297071129707113,239
EC997D43AC86A75D9B88A1051F86A67C|D7D1FB49049702BF6338894757E0D959|4C90FD52FC53D2C1C205844CB69575AB|A5D15FC386510762EC0DDFF54ABE6F94|88CC31995CBC30EAC66C18A2A4D2AF3F,0.12966252220248667,563
13C26D10258053889D75D9B9CA922EC7|7E56C27BFF0305E788DA55A029EC4988|4C90FD52FC53D2C1C205844CB69575AB|1B491180398E2F0390E6A588B3BCE291|A8552A725BC2A95AC43EAF241515E060,0.12962962962962962,378
033E492229C2222EFAA16EE8A6462D8B|D7D1FB49049702BF6338894757E0D959|4C90FD52FC53D2C1C205844CB69575AB|1B491180398E2F0390E6A588B3BCE291|667D73AF1C9B18B25A2EFE5985745438,0.12962962962962962,270
033E492229C2222EFAA16EE8A6462D8B|7E56C27BFF0305E788DA55A029EC4988|4C90FD52FC53D2C1C205844CB69575AB|C45A9AC6D102ACAEEDF0D6F78636D84A|E3AC46A8ABBCC08EA434E2EEC5931E3A,0.12962962962962962,378
7F286560861764CCB93C90B7AA833949|7E56C27BFF0305E788DA55A029EC4988|NA|NA|037BA350D60E9E529ABD9FCDA02146A9,0.12962962962962962,378
7F286560861764CCB93C90B7AA833949|7E56C27BFF0305E788DA55A029EC4988|NA|NA|NA,0.12950107819100226,101559
7F286560861764CCB93C90B7AA833949|7E56C27BFF0305E788DA55A029EC4988|NA|A5D15FC386510762EC0DDFF54ABE6F94|77298FC2BFD8C077654BC0CAC68B2DEB,0.12949640287769784,278
111C91D6B0D89C84BF196FED8DBE7BBB|7E56C27BFF0305E788DA55A029EC4988|NA|NA|116ACBB7E1881C29A6EB95E3CA0E53D3,0.12944983818770225,309
7F286560861764CCB93C90B7AA833949|7E56C27BFF0305E788DA55A029EC4988|NA|NA|135DFD1A09357B3167408662A1A0A738,0.12938521507214662,14623
EC997D43AC86A75D9B88A1051F86A67C|7E56C27BFF0305E788DA55A029EC4988|921B36149E5B081FD24450BFE2CE4430|A5D15FC386510762EC0DDFF54ABE6F94|3BB2AD395EC35EAC138F542215460325,0.1293800539083558,371
EC997D43AC86A75D9B88A1051F86A67C|D7D1FB49049702BF6338894757E0D959|NA|NA|200593A1609907F033B392B62B2AAC06,0.12933025404157045,433
033E492229C2222EFAA16EE8A6462D8B|7E56C27BFF0305E788DA55A029EC4988|4C90FD52FC53D2C1C205844CB69575AB|1B491180398E2F0390E6A588B3BCE291|BC2BC6AE3B8733947323E2D3A1BF7B69,0.12903225806451613,496
033E492229C2222EFAA16EE8A6462D8B|7E56C27BFF0305E788DA55A029EC4988|4C90FD52FC53D2C1C205844CB69575AB|1B491180398E2F0390E6A588B3BCE291|9CD0728F8862BB15ABAE2C25AF596BAD,0.1290186125211506,4728
033E492229C2222EFAA16EE8A6462D8B|D7D1FB49049702BF6338894757E0D959|88460293E9517D21E39AA889BD5AADC8|A5D15FC386510762EC0DDFF54ABE6F94|91B22DE27E9D5A5608C4EB3BDFA679AC,0.12897526501766785,566
62D6A49514020FA0B2E434DB0B506005|D7D1FB49049702BF6338894757E0D959|NA|NA|78C505F2A2144247F6F826C0E4F5B98D,0.12890625,256
13C26D10258053889D75D9B9CA922EC7|7E56C27BFF0305E788DA55A029EC4988|NA|NA|24276EA731CB0FE8D03657C7CEE47E0D,0.12880143112701253,559
944B2A351FEFAC79AEAA9DA57E1B351F|D7D1FB49049702BF6338894757E0D959|NA|NA|7F038ACEA3D79E11037191F71CBCB05B,0.12876052948255115,831
033E492229C2222EFAA16EE8A6462D8B|7E56C27BFF0305E788DA55A029EC4988|4C90FD52FC53D2C1C205844CB69575AB|1B491180398E2F0390E6A588B3BCE291|E8C2A2476470823C7768E6E0F76A161B,0.12874251497005987,334
033E492229C2222EFAA16EE8A6462D8B|7E56C27BFF0305E788DA55A029EC4988|4C90FD52FC53D2C1C205844CB69575AB|A5D15FC386510762EC0DDFF54ABE6F94|22BB1EC6D60238B699549A25C8607706,0.12874251497005987,334
033E492229C2222EFAA16EE8A6462D8B|7E56C27BFF0305E788DA55A029EC4988|4C90FD52FC53D2C1C205844CB69575AB|A5D15FC386510762EC0DDFF54ABE6F94|C153E8F0FBDDA2D14CC066665B07AE35,0.1287180379196382,5749
E02400CDAD96905D88E932FE9B7D3552|7E56C27BFF0305E788DA55A029EC4988|921B36149E5B081FD24450BFE2CE4430|A5D15FC386510762EC0DDFF54ABE6F94|2AB34FC7A17720D602BDCD2FEE4A9218,0.12867647058823528,544
033E492229C2222EFAA16EE8A6462D8B|D7D1FB49049702BF6338894757E0D959|4C90FD52FC53D2C1C205844CB69575AB|1B491180398E2F0390E6A588B3BCE291|FB5FB8B06251FE14E378CA39DDAA44EA,0.12863705972434916,653
635623BABBB7DA2E072D8C339F606E15|D7D1FB49049702BF6338894757E0D959|NA|NA|7CD1911FBA25F0A766D270BA0AF3145A,0.12863070539419086,241
7F286560861764CCB93C90B7AA833949|D7D1FB49049702BF6338894757E0D959|NA|NA|654800B7E7882647B2A01A16C3992F84,0.12849872773536897,786
7F286560861764CCB93C90B7AA833949|FF2C446555E3822B0E0FC3406116E86D|4C90FD52FC53D2C1C205844CB69575AB|A5D15FC386510762EC0DDFF54ABE6F94|DC31D4641EBB3213EDA758F50F18482A,0.12831241283124128,717
033E492229C2222EFAA16EE8A6462D8B|7E56C27BFF0305E788DA55A029EC4988|4C90FD52FC53D2C1C205844CB69575AB|D7B42B0C4D807EF1C13F79948743E9DA|4DABE5EAC507672B0C77463827FDCDA8,0.12830188679245283,265
7F286560861764CCB93C90B7AA833949|FF2C446555E3822B0E0FC3406116E86D|NA|NA|0EA006066396E3169C30421CD3359325,0.12824675324675325,1232
033E492229C2222EFAA16EE8A6462D8B|7E56C27BFF0305E788DA55A029EC4988|88460293E9517D21E39AA889BD5AADC8|C45A9AC6D102ACAEEDF0D6F78636D84A|7DA17367CA1FEE19D9A65EFC51B741C0,0.1282051282051282,429
9D307E5B713DE5E90D787BE9F802AFBB|7E56C27BFF0305E788DA55A029EC4988|NA|NA|5BA857F3454155CCA244F244C745E78F,0.12817551963048499,866
033E492229C2222EFAA16EE8A6462D8B|7E56C27BFF0305E788DA55A029EC4988|4C90FD52FC53D2C1C205844CB69575AB|1B491180398E2F0390E6A588B3BCE291|EACC19B315CB79A78B840CAD7AAEF999,0.1279317697228145,469
9D307E5B713DE5E90D787BE9F802AFBB|D7D1FB49049702BF6338894757E0D959|4C90FD52FC53D2C1C205844CB69575AB|1B491180398E2F0390E6A588B3BCE291|AE14AD4556C9DA677DD9635D93D9C0D7,0.12790697674418605,258
635623BABBB7DA2E072D8C339F606E15|D7D1FB49049702BF6338894757E0D959|NA|NA|A887ACE794330D4CD1552AED617E2434,0.12783505154639174,485
635623BABBB7DA2E072D8C339F606E15|7E56C27BFF0305E788DA55A029EC4988|NA|NA|29C27B7EE7DE97EB66BCBD79B83D24A8,0.12781954887218044,665
7532B3FBAFEC164460C4ED6FEB0C022C|7E56C27BFF0305E788DA55A029EC4988|4C90FD52FC53D2C1C205844CB69575AB|A5D15FC386510762EC0DDFF54ABE6F94|065F6AE8A6727D9E0411ECAB325BEB2F,0.12780656303972365,1158
2134F56D3769B5022DB7172F1536B749|7E56C27BFF0305E788DA55A029EC4988|NA|NA|CD886AD2EA373C74FEE56551B39E4B87,0.1277533039647577,454
B4B45C6CE5FC4DE45AB02974D8849DBD|7E56C27BFF0305E788DA55A029EC4988|921B36149E5B081FD24450BFE2CE4430|A5D15FC386510762EC0DDFF54ABE6F94|174B309C46B7AAC0006FB70493DC38CD,0.1277533039647577,454
033E492229C2222EFAA16EE8A6462D8B|7E56C27BFF0305E788DA55A029EC4988|4C90FD52FC53D2C1C205844CB69575AB|1B491180398E2F0390E6A588B3BCE291|E5AD48424E722431B83DB68AAAE82895,0.12769485903814262,603
EC997D43AC86A75D9B88A1051F86A67C|D7D1FB49049702BF6338894757E0D959|0CD76C7030D0900BE250C8D41703D180|A5D15FC386510762EC0DDFF54ABE6F94|3261AB68A9D6A776270F8A9B1A6F9F26,0.12763466042154567,854
033E492229C2222EFAA16EE8A6462D8B|7E56C27BFF0305E788DA55A029EC4988|4C90FD52FC53D2C1C205844CB69575AB|1B491180398E2F0390E6A588B3BCE291|465684054164F030A11DC67D4BE8AB5C,0.12758996728462377,917
9D307E5B713DE5E90D787BE9F802AFBB|7E56C27BFF0305E788DA55A029EC4988|4C90FD52FC53D2C1C205844CB69575AB|C45A9AC6D102ACAEEDF0D6F78636D84A|E840B5CB23AF05D606E5120870FE7F9A,0.12758620689655173,290
13C26D10258053889D75D9B9CA922EC7|7E56C27BFF0305E788DA55A029EC4988|NA|NA|36680BF436603CC58AC2E9BD5541D147,0.12757201646090535,243
13C26D10258053889D75D9B9CA922EC7|D7D1FB49049702BF6338894757E0D959|4C90FD52FC53D2C1C205844CB69575AB|1B491180398E2F0390E6A588B3BCE291|DCABEFBDA6E35FE1B723EB5363EB6DC9,0.12745098039215685,204
7F286560861764CCB93C90B7AA833949|7E56C27BFF0305E788DA55A029EC4988|NA|NA|E869325EA1AB36C2E369AC0C55300100,0.12737642585551331,526
7F286560861764CCB93C90B7AA833949|D7D1FB49049702BF6338894757E0D959|NA|NA|2C621B35307A7CF6ECF288390D5247DD,0.12734082397003746,267
033E492229C2222EFAA16EE8A6462D8B|D7D1FB49049702BF6338894757E0D959|4C90FD52FC53D2C1C205844CB69575AB|C45A9AC6D102ACAEEDF0D6F78636D84A|090EB90AEE5B73BA9F9EF6504F95772A,0.1273344651952462,589
033E492229C2222EFAA16EE8A6462D8B|7E56C27BFF0305E788DA55A029EC4988|4C90FD52FC53D2C1C205844CB69575AB|1B491180398E2F0390E6A588B3BCE291|AE28A33ACA450DE436913E003F8C9AAD,0.12732919254658384,322
62D6A49514020FA0B2E434DB0B506005|FF2C446555E3822B0E0FC3406116E86D|NA|NA|E96F5BEE9F0B4E2B7091F58CFE499E60,0.12731811697574894,2804
7F286560861764CCB93C90B7AA833949|D7D1FB49049702BF6338894757E0D959|NA|NA|0A5765E2F9BF15B655AB7632B1138609,0.1273006134969325,652
033E492229C2222EFAA16EE8A6462D8B|7E56C27BFF0305E788DA55A029EC4988|4C90FD52FC53D2C1C205844CB69575AB|A5D15FC386510762EC0DDFF54ABE6F94|85D5C595FC8A533C55D000C9F6C0F27E,0.12727272727272726,220
62D6A49514020FA0B2E434DB0B506005|7E56C27BFF0305E788DA55A029EC4988|NA|NA|44295F20F1D73FBC902759772EE7A2B2,0.12727272727272726,220
033E492229C2222EFAA16EE8A6462D8B|D7D1FB49049702BF6338894757E0D959|4C90FD52FC53D2C1C205844CB69575AB|A5D15FC386510762EC0DDFF54ABE6F94|9D2BB6B2504EF2EBBCEDFBB7B4D9A742,0.12727272727272726,440
033E492229C2222EFAA16EE8A6462D8B|FF2C446555E3822B0E0FC3406116E86D|4C90FD52FC53D2C1C205844CB69575AB|C45A9AC6D102ACAEEDF0D6F78636D84A|271B3C1DD6DC0D06C67B540F4257F6F7,0.1272365805168986,503
7F286560861764CCB93C90B7AA833949|D7D1FB49049702BF6338894757E0D959|NA|NA|903612DF849FF9607820EF1FA93CD984,0.127208480565371,283
7532B3FBAFEC164460C4ED6FEB0C022C|7E56C27BFF0305E788DA55A029EC4988|NA|NA|F05DB79043BEC5815AA1E9D50A61886D,0.12709832134292565,417
13C26D10258053889D75D9B9CA922EC7|D7D1FB49049702BF6338894757E0D959|NA|NA|EBA7DD8E9FCE82C2A318F63B1A65C4E4,0.12707545618938024,6083
033E492229C2222EFAA16EE8A6462D8B|FF2C446555E3822B0E0FC3406116E86D|4C90FD52FC53D2C1C205844CB69575AB|1B491180398E2F0390E6A588B3BCE291|635A3EF4F16C9B52F3334F52B864E056,0.12701829924650163,929
033E492229C2222EFAA16EE8A6462D8B|7E56C27BFF0305E788DA55A029EC4988|88460293E9517D21E39AA889BD5AADC8|C45A9AC6D102ACAEEDF0D6F78636D84A|8B59BB248523C6A92FA0EA38B55715ED,0.12698412698412698,567
E02400CDAD96905D88E932FE9B7D3552|7E56C27BFF0305E788DA55A029EC4988|921B36149E5B081FD24450BFE2CE4430|A5D15FC386510762EC0DDFF54ABE6F94|B1307FE5A41D1B598A37FA0A26B71DFE,0.12698412698412698,378
944B2A351FEFAC79AEAA9DA57E1B351F|7E56C27BFF0305E788DA55A029EC4988|NA|NA|F98276131760E27F525696BFEDAC372E,0.12682926829268293,205
033E492229C2222EFAA16EE8A6462D8B|7E56C27BFF0305E788DA55A029EC4988|4C90FD52FC53D2C1C205844CB69575AB|A5D15FC386510762EC0DDFF54ABE6F94|D80666DA86F9FB1E61F8F5449FE59B32,0.12673056443024494,1878
E02400CDAD96905D88E932FE9B7D3552|D7D1FB49049702BF6338894757E0D959|921B36149E5B081FD24450BFE2CE4430|A5D15FC386510762EC0DDFF54ABE6F94|9C60E4AC0F639215762FC1E94FCE6B5B,0.12664277180406214,837
13C26D10258053889D75D9B9CA922EC7|7E56C27BFF0305E788DA55A029EC4988|4C90FD52FC53D2C1C205844CB69575AB|1B491180398E2F0390E6A588B3BCE291|8D3D5D3D10BC47ED6EADBD570DEB57D4,0.12661498708010335,387
E02400CDAD96905D88E932FE9B7D3552|7E56C27BFF0305E788DA55A029EC4988|921B36149E5B081FD24450BFE2CE4430|A5D15FC386510762EC0DDFF54ABE6F94|EE7B911F2CA2C6AE84D857FF85258C6F,0.126599634369287,2188
88CED8BA3AA711A20ACF8B1FC574F218|D7D1FB49049702BF6338894757E0D959|NA|NA|B1F6545D9DD29BCDEB5BF7C742A94B6A,0.12658227848101267,316
033E492229C2222EFAA16EE8A6462D8B|7E56C27BFF0305E788DA55A029EC4988|4C90FD52FC53D2C1C205844CB69575AB|1B491180398E2F0390E6A588B3BCE291|365E31A5A756067B3C23342B244A5B25,0.12658227848101267,237
88CED8BA3AA711A20ACF8B1FC574F218|D7D1FB49049702BF6338894757E0D959|NA|NA|68C2D74CE65681DC75F163E0CF47F62C,0.12654179990863407,2189
033E492229C2222EFAA16EE8A6462D8B|7E56C27BFF0305E788DA55A029EC4988|4C90FD52FC53D2C1C205844CB69575AB|1B491180398E2F0390E6A588B3BCE291|695B42862A904809B588C7468C05B27C,0.12653061224489795,490
7F286560861764CCB93C90B7AA833949|7E56C27BFF0305E788DA55A029EC4988|4C90FD52FC53D2C1C205844CB69575AB|A5D15FC386510762EC0DDFF54ABE6F94|A51459F2008EB80D460C2463096349D8,0.12651030561478321,1407
EC997D43AC86A75D9B88A1051F86A67C|D7D1FB49049702BF6338894757E0D959|0CD76C7030D0900BE250C8D41703D180|A5D15FC386510762EC0DDFF54ABE6F94|8E5DC01626AC9BF3B96428C8BF2E7C79,0.12648221343873517,253
62D6A49514020FA0B2E434DB0B506005|7E56C27BFF0305E788DA55A029EC4988|NA|NA|7D86D48A6B484CCA0AAD1CBA1881A438,0.12647554806070826,593
E02400CDAD96905D88E932FE9B7D3552|7E56C27BFF0305E788DA55A029EC4988|NA|NA|DA7E0296E7DC2B5E8331B7A6434CBF15,0.1264705882352941,340
B4B45C6CE5FC4DE45AB02974D8849DBD|7E56C27BFF0305E788DA55A029EC4988|921B36149E5B081FD24450BFE2CE4430|A5D15FC386510762EC0DDFF54ABE6F94|B2292159211C240309DA63418C0CAF44,0.12624584717607973,301
DDC2B3CC38945E431DE1B3F59EC56680|D7D1FB49049702BF6338894757E0D959|NA|NA|AEE12CEB5435B622E0FDA4DE01E03459,0.12624584717607973,301
033E492229C2222EFAA16EE8A6462D8B|D7D1FB49049702BF6338894757E0D959|4C90FD52FC53D2C1C205844CB69575AB|1B491180398E2F0390E6A588B3BCE291|635A3EF4F16C9B52F3334F52B864E056,0.1262179922954906,4413
6A21F69EBA80612A04B0F6BAC857AAF2|D7D1FB49049702BF6338894757E0D959|4C90FD52FC53D2C1C205844CB69575AB|A5D15FC386510762EC0DDFF54ABE6F94|1CF43E94B0421089AE4EF3E598C192FD,0.1261682242990654,214
E02400CDAD96905D88E932FE9B7D3552|D7D1FB49049702BF6338894757E0D959|921B36149E5B081FD24450BFE2CE4430|A5D15FC386510762EC0DDFF54ABE6F94|1548DF691A36BB8D67FCCA1CB8E93842,0.12608695652173912,230
B4B45C6CE5FC4DE45AB02974D8849DBD|7E56C27BFF0305E788DA55A029EC4988|921B36149E5B081FD24450BFE2CE4430|A5D15FC386510762EC0DDFF54ABE6F94|3BB2AD395EC35EAC138F542215460325,0.12595785440613028,2088
7F286560861764CCB93C90B7AA833949|7E56C27BFF0305E788DA55A029EC4988|NA|NA|438BC5027C9C28DC8D496215EA68083A,0.12588235294117647,850
9D307E5B713DE5E90D787BE9F802AFBB|FF2C446555E3822B0E0FC3406116E86D|4C90FD52FC53D2C1C205844CB69575AB|1B491180398E2F0390E6A588B3BCE291|67DBF7F8959F609E3D9E8DDB54588FF5,0.12585034013605442,294
7F286560861764CCB93C90B7AA833949|7E56C27BFF0305E788DA55A029EC4988|NA|NA|D7351C81ADEC61DB42809C4FE9E6043B,0.12581344902386118,461
635623BABBB7DA2E072D8C339F606E15|7E56C27BFF0305E788DA55A029EC4988|NA|NA|5C7577EBF90364D317D08C6A8031A4D9,0.12576687116564417,652
EC997D43AC86A75D9B88A1051F86A67C|D7D1FB49049702BF6338894757E0D959|NA|NA|1253E5CD7F08786F6FF52826F4930E93,0.1257606490872211,493
7F286560861764CCB93C90B7AA833949|7E56C27BFF0305E788DA55A029EC4988|NA|A5D15FC386510762EC0DDFF54ABE6F94|4044139FAE704929D7BD1081DE1BD28C,0.12570356472795496,533
B4B45C6CE5FC4DE45AB02974D8849DBD|7E56C27BFF0305E788DA55A029EC4988|88460293E9517D21E39AA889BD5AADC8|NA|9A0EA21647E006E4AAA6908795A06465,0.1256544502617801,382
13C26D10258053889D75D9B9CA922EC7|D7D1FB49049702BF6338894757E0D959|NA|NA|06C2A6D54B105C2532156662D338397C,0.12562396006655574,1202
7F286560861764CCB93C90B7AA833949|FF2C446555E3822B0E0FC3406116E86D|NA|NA|625A3BFFE141FE092818267B776807C1,0.12561576354679804,406
635623BABBB7DA2E072D8C339F606E15|7E56C27BFF0305E788DA55A029EC4988|NA|NA|955F04B52341270CD48EAF9100355F26,0.12559618441971382,629
635623BABBB7DA2E072D8C339F606E15|D7D1FB49049702BF6338894757E0D959|NA|NA|96C161171D0662A0D16D5142ECB0814D,0.12558139534883722,645
033E492229C2222EFAA16EE8A6462D8B|FF2C446555E3822B0E0FC3406116E86D|4C90FD52FC53D2C1C205844CB69575AB|C45A9AC6D102ACAEEDF0D6F78636D84A|21C3F9F07228094AEC57D54D4F194023,0.12558139534883722,215
13C26D10258053889D75D9B9CA922EC7|D7D1FB49049702BF6338894757E0D959|NA|NA|BFC84B19C241F393C917CA141C5AD17C,0.12555066079295155,454
033E492229C2222EFAA16EE8A6462D8B|7E56C27BFF0305E788DA55A029EC4988|4C90FD52FC53D2C1C205844CB69575AB|C45A9AC6D102ACAEEDF0D6F78636D84A|71C37987BF1C339A91E9EADA5CC1C690,0.12549019607843137,255
7F286560861764CCB93C90B7AA833949|7E56C27BFF0305E788DA55A029EC4988|921B36149E5B081FD24450BFE2CE4430|A5D15FC386510762EC0DDFF54ABE6F94|158E69F2E7F536AB3FC27AD9D62EAA0B,0.12547528517110265,789
13C26D10258053889D75D9B9CA922EC7|D7D1FB49049702BF6338894757E0D959|NA|NA|6D5CE5C0F731FA033BCF8F6EEC96ED02,0.1254491017964072,3340
033E492229C2222EFAA16EE8A6462D8B|D7D1FB49049702BF6338894757E0D959|4C90FD52FC53D2C1C205844CB69575AB|1B491180398E2F0390E6A588B3BCE291|8CE9179E6883F05A3A80A925E831219E,0.12540192926045016,311
62D6A49514020FA0B2E434DB0B506005|7E56C27BFF0305E788DA55A029EC4988|NA|NA|135DFD1A09357B3167408662A1A0A738,0.12504722327162826,2647
033E492229C2222EFAA16EE8A6462D8B|7E56C27BFF0305E788DA55A029EC4988|4C90FD52FC53D2C1C205844CB69575AB|1B491180398E2F0390E6A588B3BCE291|C0D311177F823A33270412C09C5FAAB3,0.125,208
635623BABBB7DA2E072D8C339F606E15|D7D1FB49049702BF6338894757E0D959|NA|NA|7D83891436F60503589583AEF12650D2,0.125,256
EC997D43AC86A75D9B88A1051F86A67C|7E56C27BFF0305E788DA55A029EC4988|E7BD5A29457B8E92582951B586319A9C|A5D15FC386510762EC0DDFF54ABE6F94|4B31DA8286F17ED3018BAB1C172F8124,0.125,1656
033E492229C2222EFAA16EE8A6462D8B|7E56C27BFF0305E788DA55A029EC4988|4C90FD52FC53D2C1C205844CB69575AB|1B491180398E2F0390E6A588B3BCE291|33A29D591B7F8FF7FFA64AFF4220B0F8,0.125,472
033E492229C2222EFAA16EE8A6462D8B|7E56C27BFF0305E788DA55A029EC4988|4C90FD52FC53D2C1C205844CB69575AB|1B491180398E2F0390E6A588B3BCE291|744376EE0EAAAF50011485FE825594F4,0.125,376
033E492229C2222EFAA16EE8A6462D8B|D7D1FB49049702BF6338894757E0D959|4C90FD52FC53D2C1C205844CB69575AB|1B491180398E2F0390E6A588B3BCE291|E2CEC42E0FE29489FFFC43599662FE7C,0.125,240
2134F56D3769B5022DB7172F1536B749|7E56C27BFF0305E788DA55A029EC4988|NA|NA|66B82DDB65B4E19B57724114CEF5FFA5,0.125,1600
E02400CDAD96905D88E932FE9B7D3552|7E56C27BFF0305E788DA55A029EC4988|921B36149E5B081FD24450BFE2CE4430|A5D15FC386510762EC0DDFF54ABE6F94|1995A0A91237CB436AFDB5676C4F4708,0.12494061757719715,2105
13C26D10258053889D75D9B9CA922EC7|7E56C27BFF0305E788DA55A029EC4988|NA|NA|0076D2B96A55E10DE45DDEF8DF345647,0.12475633528265107,513
033E492229C2222EFAA16EE8A6462D8B|D7D1FB49049702BF6338894757E0D959|88460293E9517D21E39AA889BD5AADC8|A5D15FC386510762EC0DDFF54ABE6F94|705BC549AFF7EFF0FB438E5BDDC40029,0.12474849094567404,497
033E492229C2222EFAA16EE8A6462D8B|7E56C27BFF0305E788DA55A029EC4988|4C90FD52FC53D2C1C205844CB69575AB|D7B42B0C4D807EF1C13F79948743E9DA|B86B1167EB4E62C320FA131211CC93BF,0.12462006079027356,329
033E492229C2222EFAA16EE8A6462D8B|7E56C27BFF0305E788DA55A029EC4988|4C90FD52FC53D2C1C205844CB69575AB|C45A9AC6D102ACAEEDF0D6F78636D84A|0291087BF3081EEC4B9F7DB460D38E8E,0.12461059190031153,321
EC997D43AC86A75D9B88A1051F86A67C|D7D1FB49049702BF6338894757E0D959|0CD76C7030D0900BE250C8D41703D180|A5D15FC386510762EC0DDFF54ABE6F94|7F6D8BCEF2713D732E5566282D84DD25,0.12457912457912458,297
NA|FF2C446555E3822B0E0FC3406116E86D|NA|NA|NA,0.12457095355572241,596672
B4B45C6CE5FC4DE45AB02974D8849DBD|FF2C446555E3822B0E0FC3406116E86D|921B36149E5B081FD24450BFE2CE4430|A5D15FC386510762EC0DDFF54ABE6F94|F07952F22ABAAD847384670276F0E986,0.1245674740484429,867
7F286560861764CCB93C90B7AA833949|7E56C27BFF0305E788DA55A029EC4988|NA|NA|992D4A3A4924B30FC4B66071FA98B18F,0.12455516014234876,281
033E492229C2222EFAA16EE8A6462D8B|D7D1FB49049702BF6338894757E0D959|4C90FD52FC53D2C1C205844CB69575AB|1B491180398E2F0390E6A588B3BCE291|BCCFB8A25476382DFAD84014C6D89941,0.12441314553990611,1704
7F286560861764CCB93C90B7AA833949|7E56C27BFF0305E788DA55A029EC4988|NA|A5D15FC386510762EC0DDFF54ABE6F94|7A502D6140CB0643DFF65B7AD18D3A52,0.12429378531073447,885
033E492229C2222EFAA16EE8A6462D8B|7E56C27BFF0305E788DA55A029EC4988|4C90FD52FC53D2C1C205844CB69575AB|1B491180398E2F0390E6A588B3BCE291|02299996C88DACC664299F695DC1F131,0.12429378531073447,708
E02400CDAD96905D88E932FE9B7D3552|D7D1FB49049702BF6338894757E0D959|88460293E9517D21E39AA889BD5AADC8|1B491180398E2F0390E6A588B3BCE291|NA,0.12428774928774929,2808
033E492229C2222EFAA16EE8A6462D8B|7E56C27BFF0305E788DA55A029EC4988|4C90FD52FC53D2C1C205844CB69575AB|A5D15FC386510762EC0DDFF54ABE6F94|7C5B12F2EE0E2A6E804BE05D1BA45DA3,0.12418725617685306,1538
033E492229C2222EFAA16EE8A6462D8B|7E56C27BFF0305E788DA55A029EC4988|4C90FD52FC53D2C1C205844CB69575AB|1B491180398E2F0390E6A588B3BCE291|BF718B9F19DA21E0C8BC41B427FED405,0.12413793103448276,290
033E492229C2222EFAA16EE8A6462D8B|7E56C27BFF0305E788DA55A029EC4988|4C90FD52FC53D2C1C205844CB69575AB|A5D15FC386510762EC0DDFF54ABE6F94|2CD71FA63E3EBBB6E9D649C6ADE7AEAA,0.12413793103448276,290
88CED8BA3AA711A20ACF8B1FC574F218|D7D1FB49049702BF6338894757E0D959|NA|NA|ACABBF3AF565CF16682432FC1454FD2D,0.124,1500
5D656311CF9F47E34248BE9FBFF194A0|7E56C27BFF0305E788DA55A029EC4988|88460293E9517D21E39AA889BD5AADC8|A5D15FC386510762EC0DDFF54ABE6F94|3A53F1BADB52C35E9DE79BB16ADE50A7,0.12398921832884097,1113
7532B3FBAFEC164460C4ED6FEB0C022C|FF2C446555E3822B0E0FC3406116E86D|NA|NA|C40BE171AAC9111CB0B27846C841E67C,0.12393162393162394,234
7532B3FBAFEC164460C4ED6FEB0C022C|D7D1FB49049702BF6338894757E0D959|NA|NA|A56CB0376AC4B7B0A13BC066356E2BC7,0.12393162393162394,234
9D307E5B713DE5E90D787BE9F802AFBB|7E56C27BFF0305E788DA55A029EC4988|4C90FD52FC53D2C1C205844CB69575AB|1B491180398E2F0390E6A588B3BCE291|93805425440E0B0C93655083D59FFA2E,0.12386363636363637,880
635623BABBB7DA2E072D8C339F606E15|7E56C27BFF0305E788DA55A029EC4988|NA|NA|62696F43B890E862A76BD6CDA43F03FE,0.1238244514106583,638
E02400CDAD96905D88E932FE9B7D3552|7E56C27BFF0305E788DA55A029EC4988|921B36149E5B081FD24450BFE2CE4430|C45A9AC6D102ACAEEDF0D6F78636D84A|8A2B1EBDEE182A040758FD049CB7F6B1,0.12371134020618557,291
033E492229C2222EFAA16EE8A6462D8B|7E56C27BFF0305E788DA55A029EC4988|4C90FD52FC53D2C1C205844CB69575AB|1B491180398E2F0390E6A588B3BCE291|9DCC181512FAEE1776DB200579462E15,0.12359550561797752,445
033E492229C2222EFAA16EE8A6462D8B|D7D1FB49049702BF6338894757E0D959|4C90FD52FC53D2C1C205844CB69575AB|C45A9AC6D102ACAEEDF0D6F78636D84A|F15DCA9E43DF2C07E9A9DA8E69CB1037,0.12358393408856849,971
033E492229C2222EFAA16EE8A6462D8B|7E56C27BFF0305E788DA55A029EC4988|4C90FD52FC53D2C1C205844CB69575AB|1B491180398E2F0390E6A588B3BCE291|F95F97D756E5022734601BEC9D494F6C,0.12355212355212356,259
13C26D10258053889D75D9B9CA922EC7|7E56C27BFF0305E788DA55A029EC4988|4C90FD52FC53D2C1C205844CB69575AB|A5D15FC386510762EC0DDFF54ABE6F94|EE3682F6BA3A90CD9556559A2086369E,0.12355212355212356,259
033E492229C2222EFAA16EE8A6462D8B|7E56C27BFF0305E788DA55A029EC4988|4C90FD52FC53D2C1C205844CB69575AB|1B491180398E2F0390E6A588B3BCE291|6375D61E38D6EFECE2A645737F31567E,0.12351543942992874,421
944B2A351FEFAC79AEAA9DA57E1B351F|D7D1FB49049702BF6338894757E0D959|NA|NA|EF3ACB51A9185A458C999FCE54202BCA,0.12350597609561753,251
EC997D43AC86A75D9B88A1051F86A67C|7E56C27BFF0305E788DA55A029EC4988|NA|NA|5D873435E21E3D758F74272CEDA12114,0.12350597609561753,251
033E492229C2222EFAA16EE8A6462D8B|FF2C446555E3822B0E0FC3406116E86D|4C90FD52FC53D2C1C205844CB69575AB|1B491180398E2F0390E6A588B3BCE291|E2127B255C2764B2146F007CC608431D,0.1234887737478411,2316
033E492229C2222EFAA16EE8A6462D8B|7E56C27BFF0305E788DA55A029EC4988|4C90FD52FC53D2C1C205844CB69575AB|A5D15FC386510762EC0DDFF54ABE6F94|635A3EF4F16C9B52F3334F52B864E056,0.123469182895001,4981
033E492229C2222EFAA16EE8A6462D8B|D7D1FB49049702BF6338894757E0D959|4C90FD52FC53D2C1C205844CB69575AB|C45A9AC6D102ACAEEDF0D6F78636D84A|BECF0C770DE7831D74CB8DA5C7E47831,0.12341772151898735,316
13C26D10258053889D75D9B9CA922EC7|7E56C27BFF0305E788DA55A029EC4988|4C90FD52FC53D2C1C205844CB69575AB|1B491180398E2F0390E6A588B3BCE291|7F42E33C31B4DFBFAAAD957EFEBF42E2,0.12339331619537275,389
033E492229C2222EFAA16EE8A6462D8B|7E56C27BFF0305E788DA55A029EC4988|4C90FD52FC53D2C1C205844CB69575AB|A5D15FC386510762EC0DDFF54ABE6F94|7AFA37DD94D871E2C24B7D048AAF8966,0.12335329341317365,835
033E492229C2222EFAA16EE8A6462D8B|7E56C27BFF0305E788DA55A029EC4988|4C90FD52FC53D2C1C205844CB69575AB|1B491180398E2F0390E6A588B3BCE291|DDEEA3CC466BCAE25584A5FF98230587,0.12333736396614269,827
7F286560861764CCB93C90B7AA833949|FF2C446555E3822B0E0FC3406116E86D|NA|NA|7DF21487D3DE8842C97D1333B0524E4A,0.1233071988595866,2806
9D307E5B713DE5E90D787BE9F802AFBB|D7D1FB49049702BF6338894757E0D959|4C90FD52FC53D2C1C205844CB69575AB|A5D15FC386510762EC0DDFF54ABE6F94|21C3F9F07228094AEC57D54D4F194023,0.12315270935960591,406
033E492229C2222EFAA16EE8A6462D8B|7E56C27BFF0305E788DA55A029EC4988|4C90FD52FC53D2C1C205844CB69575AB|A5D15FC386510762EC0DDFF54ABE6F94|6C0F874E8CD1A6F748737B6B5CB057F5,0.12310077519379845,3225
033E492229C2222EFAA16EE8A6462D8B|7E56C27BFF0305E788DA55A029EC4988|4C90FD52FC53D2C1C205844CB69575AB|C45A9AC6D102ACAEEDF0D6F78636D84A|8FDDCD40A0A8F12531F74137E624AC38,0.12307692307692308,390
033E492229C2222EFAA16EE8A6462D8B|7E56C27BFF0305E788DA55A029EC4988|4C90FD52FC53D2C1C205844CB69575AB|1B491180398E2F0390E6A588B3BCE291|80E33821924A285C74D65C294FC99ADC,0.12305699481865284,772
B4B45C6CE5FC4DE45AB02974D8849DBD|7E56C27BFF0305E788DA55A029EC4988|921B36149E5B081FD24450BFE2CE4430|1B491180398E2F0390E6A588B3BCE291|174B309C46B7AAC0006FB70493DC38CD,0.12303664921465969,764
033E492229C2222EFAA16EE8A6462D8B|D7D1FB49049702BF6338894757E0D959|538912C31E773613AB51FBAE58492476|6EFABCEDA36A931DBF760F88970BAF0E|7807D1C31E020624523E2F99726B0D22,0.12301587301587301,252
88CED8BA3AA711A20ACF8B1FC574F218|FF2C446555E3822B0E0FC3406116E86D|NA|NA|ACABBF3AF565CF16682432FC1454FD2D,0.12297734627831715,309
7F286560861764CCB93C90B7AA833949|D7D1FB49049702BF6338894757E0D959|NA|A5D15FC386510762EC0DDFF54ABE6F94|081C7F0EA274A81510B50D6FC144EDD1,0.12293388429752067,968
7532B3FBAFEC164460C4ED6FEB0C022C|D7D1FB49049702BF6338894757E0D959|NA|NA|BB255BAABFFBBF05B6DF3C7C5E257200,0.12280701754385964,228
2551A1FA7839742971CDF4C67667E17A|D7D1FB49049702BF6338894757E0D959|NA|NA|NA,0.12279888785912882,2158
7F286560861764CCB93C90B7AA833949|D7D1FB49049702BF6338894757E0D959|NA|NA|1D3BFF4E8F5932B394B5C7B293DE3E81,0.12275862068965518,1450
B4B45C6CE5FC4DE45AB02974D8849DBD|D7D1FB49049702BF6338894757E0D959|88460293E9517D21E39AA889BD5AADC8|A5D15FC386510762EC0DDFF54ABE6F94|475B85B78C0E595616E40A995EC513B1,0.12264150943396226,212
033E492229C2222EFAA16EE8A6462D8B|7E56C27BFF0305E788DA55A029EC4988|4C90FD52FC53D2C1C205844CB69575AB|C45A9AC6D102ACAEEDF0D6F78636D84A|75EC1C14719987701220BD2E048B548B,0.1226215644820296,473
6A21F69EBA80612A04B0F6BAC857AAF2|D7D1FB49049702BF6338894757E0D959|NA|NA|48674DD1BAA85E6BA2109C88D7B123B4,0.12244897959183673,245
033E492229C2222EFAA16EE8A6462D8B|FF2C446555E3822B0E0FC3406116E86D|538912C31E773613AB51FBAE58492476|6EFABCEDA36A931DBF760F88970BAF0E|6F2803C343F6DA0602D3B008D02C7113,0.1224105461393597,1593
13C26D10258053889D75D9B9CA922EC7|D7D1FB49049702BF6338894757E0D959|NA|NA|34216178778748F7AFD02AE4AB6D47C3,0.12237762237762238,286
033E492229C2222EFAA16EE8A6462D8B|7E56C27BFF0305E788DA55A029EC4988|4C90FD52FC53D2C1C205844CB69575AB|1B491180398E2F0390E6A588B3BCE291|AF9AC90BE4F67EC0B714F7CD75C4875F,0.12231404958677686,1815
9D307E5B713DE5E90D787BE9F802AFBB|7E56C27BFF0305E788DA55A029EC4988|4C90FD52FC53D2C1C205844CB69575AB|A5D15FC386510762EC0DDFF54ABE6F94|93805425440E0B0C93655083D59FFA2E,0.1223021582733813,556
13C26D10258053889D75D9B9CA922EC7|D7D1FB49049702BF6338894757E0D959|4C90FD52FC53D2C1C205844CB69575AB|1B491180398E2F0390E6A588B3BCE291|0FD0CA5F97E5DA6999FDCD1B124F7F6F,0.12228260869565218,368
DDC2B3CC38945E431DE1B3F59EC56680|D7D1FB49049702BF6338894757E0D959|NA|NA|A384C4AB463C4C40B38999C687D09058,0.12228260869565218,1104
033E492229C2222EFAA16EE8A6462D8B|7E56C27BFF0305E788DA55A029EC4988|88460293E9517D21E39AA889BD5AADC8|86E2AFBF909EC95B069893FF0BBC5B26|88DC814F61E4FB44F16B583C58EC93CD,0.12224938875305623,409
033E492229C2222EFAA16EE8A6462D8B|7E56C27BFF0305E788DA55A029EC4988|4C90FD52FC53D2C1C205844CB69575AB|C45A9AC6D102ACAEEDF0D6F78636D84A|777BEECAD173AC93E5CE0CE1CC82DF15,0.12222222222222222,270
7532B3FBAFEC164460C4ED6FEB0C022C|7E56C27BFF0305E788DA55A029EC4988|921B36149E5B081FD24450BFE2CE4430|A5D15FC386510762EC0DDFF54ABE6F94|1548DF691A36BB8D67FCCA1CB8E93842,0.12219451371571072,401
033E492229C2222EFAA16EE8A6462D8B|7E56C27BFF0305E788DA55A029EC4988|4C90FD52FC53D2C1C205844CB69575AB|1B491180398E2F0390E6A588B3BCE291|FA724A796C6BFE4490E5B2E5942638AB,0.12217194570135746,221
62D6A49514020FA0B2E434DB0B506005|FF2C446555E3822B0E0FC3406116E86D|NA|NA|E466F2944925D5359A0D34AADE9757FB,0.12209302325581395,516
944B2A351FEFAC79AEAA9DA57E1B351F|7E56C27BFF0305E788DA55A029EC4988|NA|NA|CD3D65E3D2A23D6F97EADAC395355E50,0.12206572769953052,213
033E492229C2222EFAA16EE8A6462D8B|7E56C27BFF0305E788DA55A029EC4988|88460293E9517D21E39AA889BD5AADC8|A5D15FC386510762EC0DDFF54ABE6F94|321C82C284BFC5F9D004E32EBEE462BB,0.12203389830508475,295
B4B45C6CE5FC4DE45AB02974D8849DBD|D7D1FB49049702BF6338894757E0D959|NA|NA|1D3BFF4E8F5932B394B5C7B293DE3E81,0.12200956937799043,418
13C26D10258053889D75D9B9CA922EC7|D7D1FB49049702BF6338894757E0D959|NA|NA|96B9B0D7BFE52BC36FE757AA7880FF12,0.12190082644628099,484
033E492229C2222EFAA16EE8A6462D8B|7E56C27BFF0305E788DA55A029EC4988|4C90FD52FC53D2C1C205844CB69575AB|C45A9AC6D102ACAEEDF0D6F78636D84A|A51459F2008EB80D460C2463096349D8,0.12189859762675297,1854
635623BABBB7DA2E072D8C339F606E15|7E56C27BFF0305E788DA55A029EC4988|NA|NA|6940CFADDB7C8E641F4AC44D2A517B72,0.12188365650969529,361
7532B3FBAFEC164460C4ED6FEB0C022C|D7D1FB49049702BF6338894757E0D959|NA|NA|F396283196E8A244B18642080B2EAFE2,0.12178619756427606,739
9D307E5B713DE5E90D787BE9F802AFBB|D7D1FB49049702BF6338894757E0D959|4C90FD52FC53D2C1C205844CB69575AB|C45A9AC6D102ACAEEDF0D6F78636D84A|06487C946CF632BDAD19017DED98B471,0.12178387650085763,583
635623BABBB7DA2E072D8C339F606E15|7E56C27BFF0305E788DA55A029EC4988|NA|NA|B0ECF86BFBCA91FA702376C53F5655AE,0.12171052631578948,304
13C26D10258053889D75D9B9CA922EC7|D7D1FB49049702BF6338894757E0D959|NA|NA|234FC88E2C1EC8684975BE0CAB109558,0.12169312169312169,378
E02400CDAD96905D88E932FE9B7D3552|7E56C27BFF0305E788DA55A029EC4988|NA|NA|CD899DF174A0A3CDC706C26F3891F3E0,0.12163814180929096,1636
7F286560861764CCB93C90B7AA833949|FF2C446555E3822B0E0FC3406116E86D|4C90FD52FC53D2C1C205844CB69575AB|A5D15FC386510762EC0DDFF54ABE6F94|05C80D147A36B482098EF90C75DDD451,0.12159214830970556,1834
7F286560861764CCB93C90B7AA833949|D7D1FB49049702BF6338894757E0D959|NA|NA|F48450F44C761DF178546DFF78AF1839,0.12156862745098039,255
033E492229C2222EFAA16EE8A6462D8B|D7D1FB49049702BF6338894757E0D959|4C90FD52FC53D2C1C205844CB69575AB|1B491180398E2F0390E6A588B3BCE291|F3E500C04EAF226A02A35BB62B00BFC8,0.12156862745098039,255
7F286560861764CCB93C90B7AA833949|7E56C27BFF0305E788DA55A029EC4988|NA|NA|F5A359C11CD00084544C1FF0FB01B8B6,0.12155809267965077,1489
DDC2B3CC38945E431DE1B3F59EC56680|D7D1FB49049702BF6338894757E0D959|NA|NA|98C47E9F39F60B3C301BDDDDD9A703A1,0.12135922330097088,206
E02400CDAD96905D88E932FE9B7D3552|7E56C27BFF0305E788DA55A029EC4988|921B36149E5B081FD24450BFE2CE4430|C45A9AC6D102ACAEEDF0D6F78636D84A|69A459C1C8CA4D86E0C1F990093F1D15,0.12135922330097088,206
033E492229C2222EFAA16EE8A6462D8B|7E56C27BFF0305E788DA55A029EC4988|4C90FD52FC53D2C1C205844CB69575AB|1B491180398E2F0390E6A588B3BCE291|05F88AFBDD21B32DEF06CAFC314AAF49,0.12135426342188371,21532
635623BABBB7DA2E072D8C339F606E15|7E56C27BFF0305E788DA55A029EC4988|NA|NA|0AE9335D11D7E84372B8B7B575A77430,0.12132285766490042,5473
033E492229C2222EFAA16EE8A6462D8B|7E56C27BFF0305E788DA55A029EC4988|D72D7E92251E4C54C786FDEFFA4DEF5A|A5D15FC386510762EC0DDFF54ABE6F94|AD4285ECDD100BBF3FE757C36FD5D9F6,0.12131715771230503,577
E02400CDAD96905D88E932FE9B7D3552|FF2C446555E3822B0E0FC3406116E86D|921B36149E5B081FD24450BFE2CE4430|A5D15FC386510762EC0DDFF54ABE6F94|378ADE4008A99DA66F6B237A58898461,0.12127236580516898,503
7532B3FBAFEC164460C4ED6FEB0C022C|D7D1FB49049702BF6338894757E0D959|NA|NA|0BF795FEFF0EC68850E1CCBCBB40D9CE,0.12127236580516898,503
E02400CDAD96905D88E932FE9B7D3552|FF2C446555E3822B0E0FC3406116E86D|921B36149E5B081FD24450BFE2CE4430|A5D15FC386510762EC0DDFF54ABE6F94|E6712D73A15E1DF6BFC25AA1C6A4C33C,0.12121212121212122,264
033E492229C2222EFAA16EE8A6462D8B|D7D1FB49049702BF6338894757E0D959|4C90FD52FC53D2C1C205844CB69575AB|C45A9AC6D102ACAEEDF0D6F78636D84A|271B3C1DD6DC0D06C67B540F4257F6F7,0.12109704641350211,2370
033E492229C2222EFAA16EE8A6462D8B|7E56C27BFF0305E788DA55A029EC4988|4C90FD52FC53D2C1C205844CB69575AB|C45A9AC6D102ACAEEDF0D6F78636D84A|C94FEC0083D40931646DFD102D86FF25,0.1210762331838565,223
7F286560861764CCB93C90B7AA833949|D7D1FB49049702BF6338894757E0D959|NA|NA|963F38B480810E78ECF5AE212F724D97,0.12091503267973856,306
62D6A49514020FA0B2E434DB0B506005|D7D1FB49049702BF6338894757E0D959|4C90FD52FC53D2C1C205844CB69575AB|A5D15FC386510762EC0DDFF54ABE6F94|380BF84A84B4EAF676BD1932160E87A0,0.12087912087912088,546
7F286560861764CCB93C90B7AA833949|D7D1FB49049702BF6338894757E0D959|NA|NA|6A0D13693DFAA167D38A2F6A04059E67,0.12081218274111676,985
111C91D6B0D89C84BF196FED8DBE7BBB|D7D1FB49049702BF6338894757E0D959|NA|NA|004C766EA2814B2B966606786F563B6C,0.12080536912751678,447
7F286560861764CCB93C90B7AA833949|D7D1FB49049702BF6338894757E0D959|NA|NA|D27993DF992EBD91C0D742FC0CFF1760,0.12074483561245272,3437
033E492229C2222EFAA16EE8A6462D8B|7E56C27BFF0305E788DA55A029EC4988|4C90FD52FC53D2C1C205844CB69575AB|1B491180398E2F0390E6A588B3BCE291|E586CCCF242FDD79877874C4ABD5A2AE,0.12073490813648294,762
635623BABBB7DA2E072D8C339F606E15|D7D1FB49049702BF6338894757E0D959|NA|NA|20FF381D170C1E28B426D8884907A02D,0.1206896551724138,232
13C26D10258053889D75D9B9CA922EC7|D7D1FB49049702BF6338894757E0D959|NA|NA|907D944A6C223D4844D2F12F587E9750,0.12056737588652482,423
B4B45C6CE5FC4DE45AB02974D8849DBD|7E56C27BFF0305E788DA55A029EC4988|921B36149E5B081FD24450BFE2CE4430|A5D15FC386510762EC0DDFF54ABE6F94|5BBC76939CD448568AD564780E7AC0FB,0.12054794520547946,365
033E492229C2222EFAA16EE8A6462D8B|D7D1FB49049702BF6338894757E0D959|4C90FD52FC53D2C1C205844CB69575AB|1B491180398E2F0390E6A588B3BCE291|5269E0A33A875CCFFFDF82BD0413CB4C,0.12048192771084337,249
033E492229C2222EFAA16EE8A6462D8B|7E56C27BFF0305E788DA55A029EC4988|4C90FD52FC53D2C1C205844CB69575AB|1B491180398E2F0390E6A588B3BCE291|2EED9DCA2565065D0B4D2A33E59E910B,0.1203125,640
7F286560861764CCB93C90B7AA833949|FF2C446555E3822B0E0FC3406116E86D|NA|NA|B06CE3C9FBF90365F9E1BE0D9C1EDC17,0.12027491408934708,291
033E492229C2222EFAA16EE8A6462D8B|7E56C27BFF0305E788DA55A029EC4988|4C90FD52FC53D2C1C205844CB69575AB|C45A9AC6D102ACAEEDF0D6F78636D84A|DDFEA6EE698477851D89A072F14511C2,0.12026002166847237,923
033E492229C2222EFAA16EE8A6462D8B|D7D1FB49049702BF6338894757E0D959|88460293E9517D21E39AA889BD5AADC8|A5D15FC386510762EC0DDFF54ABE6F94|F41B9EFE26058AFFB180779FBEB998DC,0.12013536379018612,1182
033E492229C2222EFAA16EE8A6462D8B|7E56C27BFF0305E788DA55A029EC4988|4C90FD52FC53D2C1C205844CB69575AB|1B491180398E2F0390E6A588B3BCE291|58EF48095A3D8AE108B6B77E88B86CCC,0.12009237875288684,433
7F286560861764CCB93C90B7AA833949|FF2C446555E3822B0E0FC3406116E86D|88460293E9517D21E39AA889BD5AADC8|A5D15FC386510762EC0DDFF54ABE6F94|NA,0.12005191434133679,1541
033E492229C2222EFAA16EE8A6462D8B|7E56C27BFF0305E788DA55A029EC4988|4C90FD52FC53D2C1C205844CB69575AB|1B491180398E2F0390E6A588B3BCE291|099B1B57D977BA318AE6EDC4B0F36554,0.12,1275
033E492229C2222EFAA16EE8A6462D8B|D7D1FB49049702BF6338894757E0D959|4C90FD52FC53D2C1C205844CB69575AB|1B491180398E2F0390E6A588B3BCE291|2EFA06AC7A54B27C3BB23D707112C5EA,0.11992945326278659,567
033E492229C2222EFAA16EE8A6462D8B|D7D1FB49049702BF6338894757E0D959|4C90FD52FC53D2C1C205844CB69575AB|1B491180398E2F0390E6A588B3BCE291|A82F6A8B2B36C4F316922E76C683C3D5,0.11989100817438691,367
DDC2B3CC38945E431DE1B3F59EC56680|7E56C27BFF0305E788DA55A029EC4988|88460293E9517D21E39AA889BD5AADC8|A5D15FC386510762EC0DDFF54ABE6F94|NA,0.11983700685312094,5399
033E492229C2222EFAA16EE8A6462D8B|D7D1FB49049702BF6338894757E0D959|4C90FD52FC53D2C1C205844CB69575AB|C45A9AC6D102ACAEEDF0D6F78636D84A|321C82C284BFC5F9D004E32EBEE462BB,0.11982570806100218,459
033E492229C2222EFAA16EE8A6462D8B|D7D1FB49049702BF6338894757E0D959|4C90FD52FC53D2C1C205844CB69575AB|1B491180398E2F0390E6A588B3BCE291|321C82C284BFC5F9D004E32EBEE462BB,0.11982570806100218,918
033E492229C2222EFAA16EE8A6462D8B|FF2C446555E3822B0E0FC3406116E86D|4C90FD52FC53D2C1C205844CB69575AB|A5D15FC386510762EC0DDFF54ABE6F94|0AC7360583F193A168CD43B576CCCD61,0.11968503937007874,635
88CED8BA3AA711A20ACF8B1FC574F218|D7D1FB49049702BF6338894757E0D959|NA|NA|973C4BCBCF1A3EAF597080F527E454F2,0.11964549483013294,677
7F286560861764CCB93C90B7AA833949|D7D1FB49049702BF6338894757E0D959|4C90FD52FC53D2C1C205844CB69575AB|A5D15FC386510762EC0DDFF54ABE6F94|88846D6A65EECEE306081CF837B674C0,0.11956521739130435,276
033E492229C2222EFAA16EE8A6462D8B|D7D1FB49049702BF6338894757E0D959|4C90FD52FC53D2C1C205844CB69575AB|1B491180398E2F0390E6A588B3BCE291|93805425440E0B0C93655083D59FFA2E,0.11956521739130435,368
EC997D43AC86A75D9B88A1051F86A67C|D7D1FB49049702BF6338894757E0D959|0CD76C7030D0900BE250C8D41703D180|A5D15FC386510762EC0DDFF54ABE6F94|F9736BEF7C7B6086AEC613D59A54DDD6,0.11943092474728566,2671
033E492229C2222EFAA16EE8A6462D8B|D7D1FB49049702BF6338894757E0D959|4C90FD52FC53D2C1C205844CB69575AB|1B491180398E2F0390E6A588B3BCE291|73B986AC309EE3F4539FA4E9A2F59C43,0.11940298507462686,268
033E492229C2222EFAA16EE8A6462D8B|7E56C27BFF0305E788DA55A029EC4988|4C90FD52FC53D2C1C205844CB69575AB|C45A9AC6D102ACAEEDF0D6F78636D84A|5CF65BBC4CB84D2C0587B305B1242DB6,0.11938775510204082,980
7F286560861764CCB93C90B7AA833949|D7D1FB49049702BF6338894757E0D959|NA|NA|0C39B270E0895AC6E4B67099687BE574,0.11936936936936937,888
7F286560861764CCB93C90B7AA833949|D7D1FB49049702BF6338894757E0D959|NA|NA|B24C1C568F6EF99E0D98CA513F04A8FD,0.11927927927927928,2775
62D6A49514020FA0B2E434DB0B506005|7E56C27BFF0305E788DA55A029EC4988|NA|NA|77BC84B04E574F685D13DD4E33BE6AC9,0.11914893617021277,235
62D6A49514020FA0B2E434DB0B506005|FF2C446555E3822B0E0FC3406116E86D|NA|NA|66B82DDB65B4E19B57724114CEF5FFA5,0.1188118811881188,606
13C26D10258053889D75D9B9CA922EC7|7E56C27BFF0305E788DA55A029EC4988|4C90FD52FC53D2C1C205844CB69575AB|A5D15FC386510762EC0DDFF54ABE6F94|AFF27074DAEBB9ACF740DC5071C1098F,0.11873350923482849,379
033E492229C2222EFAA16EE8A6462D8B|7E56C27BFF0305E788DA55A029EC4988|4C90FD52FC53D2C1C205844CB69575AB|1B491180398E2F0390E6A588B3BCE291|7EEFC1D319C1DE62C97BD60C522701DC,0.11869918699186992,615
13C26D10258053889D75D9B9CA922EC7|D7D1FB49049702BF6338894757E0D959|NA|NA|448A2E73E62330F1358CF96F32A77973,0.11869436201780416,337
E02400CDAD96905D88E932FE9B7D3552|7E56C27BFF0305E788DA55A029EC4988|921B36149E5B081FD24450BFE2CE4430|A5D15FC386510762EC0DDFF54ABE6F94|29C0B2B5126E480F0DD4454F31F10A39,0.11866791744840526,6396
033E492229C2222EFAA16EE8A6462D8B|7E56C27BFF0305E788DA55A029EC4988|4C90FD52FC53D2C1C205844CB69575AB|C45A9AC6D102ACAEEDF0D6F78636D84A|3A3987EE9DCC96608ECB9FE50DBBECC0,0.11851851851851852,270
635623BABBB7DA2E072D8C339F606E15|D7D1FB49049702BF6338894757E0D959|NA|NA|67B97678297C7ECC0DEE8AC2ACBCA031,0.11848341232227488,211
88CED8BA3AA711A20ACF8B1FC574F218|D7D1FB49049702BF6338894757E0D959|NA|NA|5B26D9818845F7433495FFDB9AF2E7B4,0.11846689895470383,287
5D656311CF9F47E34248BE9FBFF194A0|D7D1FB49049702BF6338894757E0D959|NA|NA|B0C7CEEF77B595C9B3DA425C15320851,0.11822660098522167,203
033E492229C2222EFAA16EE8A6462D8B|7E56C27BFF0305E788DA55A029EC4988|4C90FD52FC53D2C1C205844CB69575AB|C45A9AC6D102ACAEEDF0D6F78636D84A|BECF0C770DE7831D74CB8DA5C7E47831,0.11818181818181818,220
62D6A49514020FA0B2E434DB0B506005|7E56C27BFF0305E788DA55A029EC4988|921B36149E5B081FD24450BFE2CE4430|1B491180398E2F0390E6A588B3BCE291|EA25EE868F6431CFBF01D34BA76A1CA6,0.11814345991561181,237
635623BABBB7DA2E072D8C339F606E15|D7D1FB49049702BF6338894757E0D959|NA|NA|A246D647225C0722C632E4B8EA76D22B,0.1180327868852459,2440
7F286560861764CCB93C90B7AA833949|D7D1FB49049702BF6338894757E0D959|NA|NA|14BA108513B5C8C80C94DC91B4126E91,0.11793214862681745,619
033E492229C2222EFAA16EE8A6462D8B|FF2C446555E3822B0E0FC3406116E86D|4C90FD52FC53D2C1C205844CB69575AB|1B491180398E2F0390E6A588B3BCE291|5DAF0031AD100C30DECEB8A50BF83E8B,0.1179245283018868,212
6A21F69EBA80612A04B0F6BAC857AAF2|D7D1FB49049702BF6338894757E0D959|4C90FD52FC53D2C1C205844CB69575AB|A5D15FC386510762EC0DDFF54ABE6F94|9C13602C30448A778214E27B18E039AF,0.11787072243346007,526
033E492229C2222EFAA16EE8A6462D8B|7E56C27BFF0305E788DA55A029EC4988|4C90FD52FC53D2C1C205844CB69575AB|1B491180398E2F0390E6A588B3BCE291|93805425440E0B0C93655083D59FFA2E,0.11778563015312132,849
62D6A49514020FA0B2E434DB0B506005|7E56C27BFF0305E788DA55A029EC4988|NA|NA|DEE01C70ED04F15A2878E0C185CF14C1,0.1177136389360498,1767
7F286560861764CCB93C90B7AA833949|7E56C27BFF0305E788DA55A029EC4988|NA|NA|E82A63CCF5B3188E29B41D5251B4B625,0.11764705882352941,1343
033E492229C2222EFAA16EE8A6462D8B|7E56C27BFF0305E788DA55A029EC4988|4C90FD52FC53D2C1C205844CB69575AB|1B491180398E2F0390E6A588B3BCE291|C77188C74BA34533EBA89174A5ABC49C,0.11764705882352941,289
13C26D10258053889D75D9B9CA922EC7|D7D1FB49049702BF6338894757E0D959|NA|NA|8A27E8E0C5AF672EEF22099186967358,0.11764705882352941,221
62D6A49514020FA0B2E434DB0B506005|7E56C27BFF0305E788DA55A029EC4988|NA|NA|9F7B844BA88AE5363909C34C570832B2,0.11764705882352941,272
7F286560861764CCB93C90B7AA833949|7E56C27BFF0305E788DA55A029EC4988|88460293E9517D21E39AA889BD5AADC8|A5D15FC386510762EC0DDFF54ABE6F94|NA,0.11759471141622171,7866
62D6A49514020FA0B2E434DB0B506005|D7D1FB49049702BF6338894757E0D959|NA|NA|B24C1C568F6EF99E0D98CA513F04A8FD,0.11757719714964371,842
9D307E5B713DE5E90D787BE9F802AFBB|7E56C27BFF0305E788DA55A029EC4988|4C90FD52FC53D2C1C205844CB69575AB|1B491180398E2F0390E6A588B3BCE291|39B5C5BE493B3A06B17D9FA6A42B75A6,0.11757575757575757,825
033E492229C2222EFAA16EE8A6462D8B|7E56C27BFF0305E788DA55A029EC4988|4C90FD52FC53D2C1C205844CB69575AB|1B491180398E2F0390E6A588B3BCE291|3DC607C5628B27E720F27DE3DE2527D3,0.11752577319587629,485
13C26D10258053889D75D9B9CA922EC7|D7D1FB49049702BF6338894757E0D959|NA|NA|A3356F81A58E123B11CD8ABFBF5A22D4,0.1174934725848564,383
033E492229C2222EFAA16EE8A6462D8B|7E56C27BFF0305E788DA55A029EC4988|4C90FD52FC53D2C1C205844CB69575AB|1B491180398E2F0390E6A588B3BCE291|5EC02E4B18ABEF194288093BDBBCD445,0.11746987951807229,664
033E492229C2222EFAA16EE8A6462D8B|7E56C27BFF0305E788DA55A029EC4988|4C90FD52FC53D2C1C205844CB69575AB|1B491180398E2F0390E6A588B3BCE291|33CA9EBA1D7AE679F3122900705A3D20,0.11739130434782609,230
62D6A49514020FA0B2E434DB0B506005|7E56C27BFF0305E788DA55A029EC4988|NA|NA|5403D8923180FADDD0DB280DAC16E744,0.11739038637483286,14209
033E492229C2222EFAA16EE8A6462D8B|D7D1FB49049702BF6338894757E0D959|4C90FD52FC53D2C1C205844CB69575AB|1B491180398E2F0390E6A588B3BCE291|89727828850A050EFBA546E7AD8648BA,0.11737089201877934,213
033E492229C2222EFAA16EE8A6462D8B|D7D1FB49049702BF6338894757E0D959|4C90FD52FC53D2C1C205844CB69575AB|1B491180398E2F0390E6A588B3BCE291|1AD3068232C3FEC4BCB748225F7F54E0,0.11726384364820847,307
DDC2B3CC38945E431DE1B3F59EC56680|7E56C27BFF0305E788DA55A029EC4988|NA|NA|116ACBB7E1881C29A6EB95E3CA0E53D3,0.11712846347607053,794
033E492229C2222EFAA16EE8A6462D8B|FF2C446555E3822B0E0FC3406116E86D|4C90FD52FC53D2C1C205844CB69575AB|1B491180398E2F0390E6A588B3BCE291|AF9AC90BE4F67EC0B714F7CD75C4875F,0.11711711711711711,222
7532B3FBAFEC164460C4ED6FEB0C022C|7E56C27BFF0305E788DA55A029EC4988|NA|NA|7DF863FD47B12EFFC72C6E0C1A02404B,0.11693548387096774,248
7F286560861764CCB93C90B7AA833949|7E56C27BFF0305E788DA55A029EC4988|4C90FD52FC53D2C1C205844CB69575AB|A5D15FC386510762EC0DDFF54ABE6F94|065F6AE8A6727D9E0411ECAB325BEB2F,0.11693102176318701,2711
E02400CDAD96905D88E932FE9B7D3552|7E56C27BFF0305E788DA55A029EC4988|921B36149E5B081FD24450BFE2CE4430|A5D15FC386510762EC0DDFF54ABE6F94|3C48314751DBD15F0CB908796B35A53C,0.11690363349131122,633
033E492229C2222EFAA16EE8A6462D8B|7E56C27BFF0305E788DA55A029EC4988|4C90FD52FC53D2C1C205844CB69575AB|1B491180398E2F0390E6A588B3BCE291|6577925ECE3420E3353EBC3E0658F2DF,0.11688311688311688,385
7F286560861764CCB93C90B7AA833949|7E56C27BFF0305E788DA55A029EC4988|NA|NA|7DF21487D3DE8842C97D1333B0524E4A,0.11683904330963155,6188
E02400CDAD96905D88E932FE9B7D3552|7E56C27BFF0305E788DA55A029EC4988|921B36149E5B081FD24450BFE2CE4430|A5D15FC386510762EC0DDFF54ABE6F94|378ADE4008A99DA66F6B237A58898461,0.11683532658693652,2174
13C26D10258053889D75D9B9CA922EC7|7E56C27BFF0305E788DA55A029EC4988|4C90FD52FC53D2C1C205844CB69575AB|1B491180398E2F0390E6A588B3BCE291|EBA7DD8E9FCE82C2A318F63B1A65C4E4,0.11676646706586827,334
033E492229C2222EFAA16EE8A6462D8B|D7D1FB49049702BF6338894757E0D959|4C90FD52FC53D2C1C205844CB69575AB|1B491180398E2F0390E6A588B3BCE291|2F3652FAA68FBD727B9891ACE4C11A13,0.1167192429022082,317
033E492229C2222EFAA16EE8A6462D8B|7E56C27BFF0305E788DA55A029EC4988|4C90FD52FC53D2C1C205844CB69575AB|1B491180398E2F0390E6A588B3BCE291|6271E7ACEF710C0C57E758E473279B63,0.11668132512459689,3411
033E492229C2222EFAA16EE8A6462D8B|7E56C27BFF0305E788DA55A029EC4988|4C90FD52FC53D2C1C205844CB69575AB|1B491180398E2F0390E6A588B3BCE291|F3E500C04EAF226A02A35BB62B00BFC8,0.11666666666666667,240
033E492229C2222EFAA16EE8A6462D8B|7E56C27BFF0305E788DA55A029EC4988|4C90FD52FC53D2C1C205844CB69575AB|A5D15FC386510762EC0DDFF54ABE6F94|5FF000A6F93F88504BA1229BEDB80361,0.11666666666666667,300
033E492229C2222EFAA16EE8A6462D8B|7E56C27BFF0305E788DA55A029EC4988|88460293E9517D21E39AA889BD5AADC8|A5D15FC386510762EC0DDFF54ABE6F94|16D150285C38758DC8BB7479F4AA3617,0.11666666666666667,360
62D6A49514020FA0B2E434DB0B506005|D7D1FB49049702BF6338894757E0D959|NA|NA|15E3BC3F1B1531808679E682CDD31411,0.11663066954643629,6482
7F286560861764CCB93C90B7AA833949|D7D1FB49049702BF6338894757E0D959|NA|NA|89BFF5EDCF7F188F42C6CF00EB269880,0.11662531017369727,1209
033E492229C2222EFAA16EE8A6462D8B|7E56C27BFF0305E788DA55A029EC4988|4C90FD52FC53D2C1C205844CB69575AB|1B491180398E2F0390E6A588B3BCE291|B7B7F28FCC999670B065097BE85D4C9D,0.1166077738515901,283
88CED8BA3AA711A20ACF8B1FC574F218|D7D1FB49049702BF6338894757E0D959|NA|NA|F48450F44C761DF178546DFF78AF1839,0.11657559198542805,549
033E492229C2222EFAA16EE8A6462D8B|7E56C27BFF0305E788DA55A029EC4988|A443B40A19DB45968C2825CE225368DF|6EFABCEDA36A931DBF760F88970BAF0E|6F2803C343F6DA0602D3B008D02C7113,0.1163895486935867,421
6A21F69EBA80612A04B0F6BAC857AAF2|7E56C27BFF0305E788DA55A029EC4988|NA|NA|0945722C1915539A7E51B39918A2FA99,0.11636363636363636,275
DDC2B3CC38945E431DE1B3F59EC56680|D7D1FB49049702BF6338894757E0D959|NA|NA|1EB8202F1AB0F1DCF25B93FA3DDCDCC3,0.11636363636363636,275
033E492229C2222EFAA16EE8A6462D8B|D7D1FB49049702BF6338894757E0D959|4C90FD52FC53D2C1C205844CB69575AB|C45A9AC6D102ACAEEDF0D6F78636D84A|5E24697869960732A10B91798AC92261,0.11632653061224489,490
E02400CDAD96905D88E932FE9B7D3552|7E56C27BFF0305E788DA55A029EC4988|921B36149E5B081FD24450BFE2CE4430|A5D15FC386510762EC0DDFF54ABE6F94|0E0E04C4D48CB7CFB33FA92615A3E86E,0.11630079402148528,2141
635623BABBB7DA2E072D8C339F606E15|D7D1FB49049702BF6338894757E0D959|NA|NA|C11EBF8AF43A0EEF601CA45D5FDA4F63,0.11627906976744186,215
033E492229C2222EFAA16EE8A6462D8B|7E56C27BFF0305E788DA55A029EC4988|4C90FD52FC53D2C1C205844CB69575AB|1B491180398E2F0390E6A588B3BCE291|8539D45754C419334BEC3D1823FE4B47,0.11627906976744186,258
033E492229C2222EFAA16EE8A6462D8B|7E56C27BFF0305E788DA55A029EC4988|4C90FD52FC53D2C1C205844CB69575AB|1B491180398E2F0390E6A588B3BCE291|CE253794D95EA72A60C9DAE89FA78460,0.11618257261410789,241
13C26D10258053889D75D9B9CA922EC7|7E56C27BFF0305E788DA55A029EC4988|NA|A5D15FC386510762EC0DDFF54ABE6F94|094C8AA4377C3C3B4973EC6C1865F7EC,0.11594202898550725,207
88CED8BA3AA711A20ACF8B1FC574F218|7E56C27BFF0305E788DA55A029EC4988|NA|NA|CDCE914EB8858F41EF31A89C39AE68A8,0.11592632719393282,923
E02400CDAD96905D88E932FE9B7D3552|7E56C27BFF0305E788DA55A029EC4988|921B36149E5B081FD24450BFE2CE4430|A5D15FC386510762EC0DDFF54ABE6F94|C746015451A7F4DEF3353B610E285ED7,0.11583011583011583,259
033E492229C2222EFAA16EE8A6462D8B|7E56C27BFF0305E788DA55A029EC4988|4C90FD52FC53D2C1C205844CB69575AB|1B491180398E2F0390E6A588B3BCE291|818F6ED39A77D380E8EE590F97CC5D52,0.11583011583011583,518
E02400CDAD96905D88E932FE9B7D3552|7E56C27BFF0305E788DA55A029EC4988|921B36149E5B081FD24450BFE2CE4430|A5D15FC386510762EC0DDFF54ABE6F94|0309C5CADDBF0D64810EF027A7BCA988,0.11563169164882227,467
13C26D10258053889D75D9B9CA922EC7|D7D1FB49049702BF6338894757E0D959|NA|NA|651C670AC1E66CBFFB8A3C3639C174AE,0.11561181434599156,1185
7F286560861764CCB93C90B7AA833949|7E56C27BFF0305E788DA55A029EC4988|NA|NA|C81067B852CA80182934598620F3E0EE,0.1156,5000
13C26D10258053889D75D9B9CA922EC7|D7D1FB49049702BF6338894757E0D959|4C90FD52FC53D2C1C205844CB69575AB|1B491180398E2F0390E6A588B3BCE291|877BDDA3549776759DE99F8DF3CF42F1,0.11555555555555555,225
033E492229C2222EFAA16EE8A6462D8B|D7D1FB49049702BF6338894757E0D959|4C90FD52FC53D2C1C205844CB69575AB|1B491180398E2F0390E6A588B3BCE291|D163B9E09C5895CA03C6CA3149633C13,0.11555555555555555,225
033E492229C2222EFAA16EE8A6462D8B|7E56C27BFF0305E788DA55A029EC4988|4C90FD52FC53D2C1C205844CB69575AB|C45A9AC6D102ACAEEDF0D6F78636D84A|586B83A2060B96585C9D0F9BE9DBD68F,0.11553784860557768,251
033E492229C2222EFAA16EE8A6462D8B|FF2C446555E3822B0E0FC3406116E86D|4C90FD52FC53D2C1C205844CB69575AB|A5D15FC386510762EC0DDFF54ABE6F94|21C3F9F07228094AEC57D54D4F194023,0.11547619047619048,840
033E492229C2222EFAA16EE8A6462D8B|7E56C27BFF0305E788DA55A029EC4988|4C90FD52FC53D2C1C205844CB69575AB|1B491180398E2F0390E6A588B3BCE291|04DE24CF8BCBF7C0992FDB04DE992012,0.11547344110854503,433
5D656311CF9F47E34248BE9FBFF194A0|D7D1FB49049702BF6338894757E0D959|NA|NA|BDA857ACFC56A36A556B0D4A3A9796AB,0.11538461538461539,234
EC997D43AC86A75D9B88A1051F86A67C|7E56C27BFF0305E788DA55A029EC4988|NA|NA|9C0452C82A219D953A5FCEED3348DEF4,0.11538461538461539,260
033E492229C2222EFAA16EE8A6462D8B|D7D1FB49049702BF6338894757E0D959|4C90FD52FC53D2C1C205844CB69575AB|C45A9AC6D102ACAEEDF0D6F78636D84A|833FB868724C413BEA760A69E3F74CE5,0.11538461538461539,312
7F286560861764CCB93C90B7AA833949|FF2C446555E3822B0E0FC3406116E86D|4C90FD52FC53D2C1C205844CB69575AB|A5D15FC386510762EC0DDFF54ABE6F94|7D0F3AC4514009B19F988B676F1D7F8F,0.11510791366906475,278
EC997D43AC86A75D9B88A1051F86A67C|D7D1FB49049702BF6338894757E0D959|0CD76C7030D0900BE250C8D41703D180|A5D15FC386510762EC0DDFF54ABE6F94|2593D9DE056BF89A039A2B887530E81E,0.11508951406649616,782
13C26D10258053889D75D9B9CA922EC7|7E56C27BFF0305E788DA55A029EC4988|4C90FD52FC53D2C1C205844CB69575AB|A5D15FC386510762EC0DDFF54ABE6F94|039965E927BC415F7699E910AF8B5293,0.11507936507936507,252
E02400CDAD96905D88E932FE9B7D3552|7E56C27BFF0305E788DA55A029EC4988|921B36149E5B081FD24450BFE2CE4430|A5D15FC386510762EC0DDFF54ABE6F94|B30C6F673060328FF110FF657F955CB1,0.11486486486486487,296
033E492229C2222EFAA16EE8A6462D8B|FF2C446555E3822B0E0FC3406116E86D|4C90FD52FC53D2C1C205844CB69575AB|1B491180398E2F0390E6A588B3BCE291|5F951BDDE0F2A4E7745C213030F5BAFA,0.11478599221789883,514
5D656311CF9F47E34248BE9FBFF194A0|7E56C27BFF0305E788DA55A029EC4988|88460293E9517D21E39AA889BD5AADC8|A5D15FC386510762EC0DDFF54ABE6F94|NA,0.11474778590681556,5194
635623BABBB7DA2E072D8C339F606E15|7E56C27BFF0305E788DA55A029EC4988|NA|NA|4F5032F092E78A4D91EE95322C31EC6D,0.11469534050179211,279
62D6A49514020FA0B2E434DB0B506005|D7D1FB49049702BF6338894757E0D959|NA|NA|51CE0736649385033671F2A0A6CCB223,0.11467889908256881,218
033E492229C2222EFAA16EE8A6462D8B|7E56C27BFF0305E788DA55A029EC4988|4C90FD52FC53D2C1C205844CB69575AB|1B491180398E2F0390E6A588B3BCE291|3A0C41A4EBCCA3A0C38B6A1D6EAAC985,0.11467889908256881,218
62D6A49514020FA0B2E434DB0B506005|D7D1FB49049702BF6338894757E0D959|NA|NA|B54AB6CB5221CBCF51F9D64F6CC7FF9E,0.11461759868421052,9728
EC997D43AC86A75D9B88A1051F86A67C|7E56C27BFF0305E788DA55A029EC4988|NA|NA|116ACBB7E1881C29A6EB95E3CA0E53D3,0.1145610278372591,3736
033E492229C2222EFAA16EE8A6462D8B|7E56C27BFF0305E788DA55A029EC4988|E7BD5A29457B8E92582951B586319A9C|1B491180398E2F0390E6A588B3BCE291|B53856794A4BD084514F52721D5EADC0,0.1145374449339207,227
635623BABBB7DA2E072D8C339F606E15|D7D1FB49049702BF6338894757E0D959|NA|NA|80ABA3EABCA5CCCFC1F10E9587B4C08C,0.11448598130841121,1284
62D6A49514020FA0B2E434DB0B506005|7E56C27BFF0305E788DA55A029EC4988|88460293E9517D21E39AA889BD5AADC8|NA|NA,0.11440677966101695,236
13C26D10258053889D75D9B9CA922EC7|7E56C27BFF0305E788DA55A029EC4988|NA|NA|AC8015348D5C18CBD0E0D6FA22506FC3,0.11436413540713632,5465
EC997D43AC86A75D9B88A1051F86A67C|D7D1FB49049702BF6338894757E0D959|3FEC071EF6B3D061D8804E0522FF4D2A|A5D15FC386510762EC0DDFF54ABE6F94|76D383C393152D29DD7C262446283023,0.11428571428571428,245
7F286560861764CCB93C90B7AA833949|7E56C27BFF0305E788DA55A029EC4988|4C90FD52FC53D2C1C205844CB69575AB|1B491180398E2F0390E6A588B3BCE291|3149C50FF377CF641BA7BBD9A34FB100,0.11428571428571428,210
6A21F69EBA80612A04B0F6BAC857AAF2|D7D1FB49049702BF6338894757E0D959|NA|NA|E73949BEF6380DB7F38094D566E3FBD0,0.11421319796954314,394
13C26D10258053889D75D9B9CA922EC7|7E56C27BFF0305E788DA55A029EC4988|4C90FD52FC53D2C1C205844CB69575AB|A5D15FC386510762EC0DDFF54ABE6F94|91014EAAB113C736602591EC0B419FA4,0.1141732283464567,254
13C26D10258053889D75D9B9CA922EC7|7E56C27BFF0305E788DA55A029EC4988|NA|NA|6835075C9CF2C8104070EF1790D84EEF,0.11397058823529412,272
88CED8BA3AA711A20ACF8B1FC574F218|D7D1FB49049702BF6338894757E0D959|NA|NA|3B74E691D58FE66E2E341A7CB38A55CD,0.11396011396011396,351
7F286560861764CCB93C90B7AA833949|D7D1FB49049702BF6338894757E0D959|4C90FD52FC53D2C1C205844CB69575AB|A5D15FC386510762EC0DDFF54ABE6F94|930787DE1B2824808AFD372689081340,0.11387900355871886,281
033E492229C2222EFAA16EE8A6462D8B|7E56C27BFF0305E788DA55A029EC4988|4C90FD52FC53D2C1C205844CB69575AB|C45A9AC6D102ACAEEDF0D6F78636D84A|6C0F874E8CD1A6F748737B6B5CB057F5,0.11382113821138211,1353
033E492229C2222EFAA16EE8A6462D8B|7E56C27BFF0305E788DA55A029EC4988|4C90FD52FC53D2C1C205844CB69575AB|1B491180398E2F0390E6A588B3BCE291|936049DD1D15860AB39B54BE8A82D73D,0.11382113821138211,492
635623BABBB7DA2E072D8C339F606E15|7E56C27BFF0305E788DA55A029EC4988|NA|NA|AEFFFEA2796B8B2D2C8403C9E005F9BC,0.11381618989653074,1643
7532B3FBAFEC164460C4ED6FEB0C022C|7E56C27BFF0305E788DA55A029EC4988|NA|NA|8022ED8430C7C3B0703203116284E773,0.11379310344827587,290
7F286560861764CCB93C90B7AA833949|D7D1FB49049702BF6338894757E0D959|NA|NA|5D9D6D88509BBE7003BBEBE4B98A4C31,0.11377245508982035,334
62D6A49514020FA0B2E434DB0B506005|D7D1FB49049702BF6338894757E0D959|NA|NA|1BFD42619FD6C25C19E72659E493FD83,0.11347517730496454,282
033E492229C2222EFAA16EE8A6462D8B|7E56C27BFF0305E788DA55A029EC4988|88460293E9517D21E39AA889BD5AADC8|86E2AFBF909EC95B069893FF0BBC5B26|A7376287D4C753A7BA2C20601725514D,0.1134453781512605,238
88CED8BA3AA711A20ACF8B1FC574F218|7E56C27BFF0305E788DA55A029EC4988|NA|NA|FFC348665D86BB057248A3392B9993F1,0.11337209302325581,344
033E492229C2222EFAA16EE8A6462D8B|7E56C27BFF0305E788DA55A029EC4988|4C90FD52FC53D2C1C205844CB69575AB|1B491180398E2F0390E6A588B3BCE291|759043C1E59A252377DBDCA0D1B6061F,0.113345521023766,547
88CED8BA3AA711A20ACF8B1FC574F218|D7D1FB49049702BF6338894757E0D959|NA|NA|D82320396E61303B0CAD5A40398B4610,0.11330049261083744,203
6A21F69EBA80612A04B0F6BAC857AAF2|7E56C27BFF0305E788DA55A029EC4988|NA|NA|76330A6DECE60404585CB3D3C17425B8,0.11320754716981132,636
635623BABBB7DA2E072D8C339F606E15|FF2C446555E3822B0E0FC3406116E86D|NA|NA|EBEBE012AEF2A4F77336F1B2F57D8E75,0.11320754716981132,318
13C26D10258053889D75D9B9CA922EC7|7E56C27BFF0305E788DA55A029EC4988|4C90FD52FC53D2C1C205844CB69575AB|A5D15FC386510762EC0DDFF54ABE6F94|83FC1E1E519F0F6B2CEEB05CDBCE48B6,0.11320754716981132,424
DDC2B3CC38945E431DE1B3F59EC56680|7E56C27BFF0305E788DA55A029EC4988|921B36149E5B081FD24450BFE2CE4430|A5D15FC386510762EC0DDFF54ABE6F94|1AE3120765A9054A95EC317AF9FD6358,0.11312217194570136,221
635623BABBB7DA2E072D8C339F606E15|D7D1FB49049702BF6338894757E0D959|NA|NA|A7910F456BE1844E8C623DA33E0442AD,0.11300738007380073,2168
62D6A49514020FA0B2E434DB0B506005|7E56C27BFF0305E788DA55A029EC4988|NA|NA|4FFB670F5D08704AD43A987D059C8A8F,0.11294765840220386,363
B83EF4115DC165749F3FCB737CC1044D|D7D1FB49049702BF6338894757E0D959|4C90FD52FC53D2C1C205844CB69575AB|A5D15FC386510762EC0DDFF54ABE6F94|AAB3B523C26F0DFD22D8F900B8BDE283,0.11293759512937596,3285
EC997D43AC86A75D9B88A1051F86A67C|7E56C27BFF0305E788DA55A029EC4988|0CD76C7030D0900BE250C8D41703D180|A5D15FC386510762EC0DDFF54ABE6F94|109C9EFB9C0B130E922078B1FF68FB08,0.11292073832790445,921
E02400CDAD96905D88E932FE9B7D3552|D7D1FB49049702BF6338894757E0D959|NA|NA|A69E99FBCBC6D9FCF4569BD168E3746E,0.11289274106175515,4615
635623BABBB7DA2E072D8C339F606E15|7E56C27BFF0305E788DA55A029EC4988|NA|NA|6760D598FF2B58D139A608A1323D3E5F,0.11280503402056581,19547
033E492229C2222EFAA16EE8A6462D8B|7E56C27BFF0305E788DA55A029EC4988|4C90FD52FC53D2C1C205844CB69575AB|1B491180398E2F0390E6A588B3BCE291|D821D156AC80486DC3EF4A7710247EF7,0.11267605633802817,355
7F286560861764CCB93C90B7AA833949|7E56C27BFF0305E788DA55A029EC4988|NA|NA|79CD9F9469C08406F6115256DC2DD691,0.11267605633802817,1917
E02400CDAD96905D88E932FE9B7D3552|7E56C27BFF0305E788DA55A029EC4988|921B36149E5B081FD24450BFE2CE4430|A5D15FC386510762EC0DDFF54ABE6F94|55B531C8C726A3741907C5E24CE8BB6A,0.11267605633802817,923
635623BABBB7DA2E072D8C339F606E15|7E56C27BFF0305E788DA55A029EC4988|NA|NA|250C50A6E4BDE63B59538FDAB3C7201E,0.11263736263736264,728
635623BABBB7DA2E072D8C339F606E15|D7D1FB49049702BF6338894757E0D959|NA|NA|79932D613E653DB87F4819CB926BDDDA,0.11256281407035176,1990
033E492229C2222EFAA16EE8A6462D8B|D7D1FB49049702BF6338894757E0D959|4C90FD52FC53D2C1C205844CB69575AB|1B491180398E2F0390E6A588B3BCE291|511D99DD9472CD09B2613962780516E7,0.11255411255411256,231
EC997D43AC86A75D9B88A1051F86A67C|7E56C27BFF0305E788DA55A029EC4988|4C90FD52FC53D2C1C205844CB69575AB|A5D15FC386510762EC0DDFF54ABE6F94|A7B7048446375B2F4CEDFCC5E6C2904F,0.11254019292604502,311
033E492229C2222EFAA16EE8A6462D8B|7E56C27BFF0305E788DA55A029EC4988|4C90FD52FC53D2C1C205844CB69575AB|1B491180398E2F0390E6A588B3BCE291|48C1F79BCEC4AEF55DAF43E876C97AAA,0.11251758087201125,711
033E492229C2222EFAA16EE8A6462D8B|7E56C27BFF0305E788DA55A029EC4988|4C90FD52FC53D2C1C205844CB69575AB|1B491180398E2F0390E6A588B3BCE291|888BA40554CD20BBC163C71C3DCC354E,0.11245674740484429,578
7F286560861764CCB93C90B7AA833949|D7D1FB49049702BF6338894757E0D959|NA|NA|A48A2F3BD1B680DE3954EB961A85A6C5,0.11244377811094453,667
7F286560861764CCB93C90B7AA833949|FF2C446555E3822B0E0FC3406116E86D|4C90FD52FC53D2C1C205844CB69575AB|A5D15FC386510762EC0DDFF54ABE6F94|081C7F0EA274A81510B50D6FC144EDD1,0.11241007194244604,1112
62D6A49514020FA0B2E434DB0B506005|7E56C27BFF0305E788DA55A029EC4988|NA|NA|C262049EFCA52849143EDDE5B7DAA69C,0.11238532110091744,872
033E492229C2222EFAA16EE8A6462D8B|7E56C27BFF0305E788DA55A029EC4988|4C90FD52FC53D2C1C205844CB69575AB|1B491180398E2F0390E6A588B3BCE291|57C016169928FE157AC13203CF3FE696,0.11233211233211234,819
635623BABBB7DA2E072D8C339F606E15|7E56C27BFF0305E788DA55A029EC4988|NA|NA|116ACBB7E1881C29A6EB95E3CA0E53D3,0.11231884057971014,4968
033E492229C2222EFAA16EE8A6462D8B|D7D1FB49049702BF6338894757E0D959|4C90FD52FC53D2C1C205844CB69575AB|1B491180398E2F0390E6A588B3BCE291|FBA072615A32BA27240F70370592DDA9,0.11231884057971014,276
033E492229C2222EFAA16EE8A6462D8B|D7D1FB49049702BF6338894757E0D959|4C90FD52FC53D2C1C205844CB69575AB|C45A9AC6D102ACAEEDF0D6F78636D84A|5773F1358969D415FB523BC424E98C6C,0.11229946524064172,374
033E492229C2222EFAA16EE8A6462D8B|7E56C27BFF0305E788DA55A029EC4988|4C90FD52FC53D2C1C205844CB69575AB|A5D15FC386510762EC0DDFF54ABE6F94|39A582C8A8DDBEB38514DC3C5631ED65,0.11220682302771855,3752
033E492229C2222EFAA16EE8A6462D8B|7E56C27BFF0305E788DA55A029EC4988|4C90FD52FC53D2C1C205844CB69575AB|1B491180398E2F0390E6A588B3BCE291|987B710FEC126B0B72B033C8CF8B3251,0.11220472440944881,508
7F286560861764CCB93C90B7AA833949|D7D1FB49049702BF6338894757E0D959|NA|NA|065E8FAED81D70CD0859E95AFD9DA4C7,0.11210762331838565,223
7F286560861764CCB93C90B7AA833949|7E56C27BFF0305E788DA55A029EC4988|NA|NA|444C915216B3197D9CD22900BDE9F1E2,0.11210398050365557,1231
7F286560861764CCB93C90B7AA833949|7E56C27BFF0305E788DA55A029EC4988|4C90FD52FC53D2C1C205844CB69575AB|A5D15FC386510762EC0DDFF54ABE6F94|B5C61E9DDF10A745A7011C003B5BA6AC,0.11207834602829161,919
635623BABBB7DA2E072D8C339F606E15|D7D1FB49049702BF6338894757E0D959|NA|NA|3172FCE7A9421BF61D5623B9B8C1D9D2,0.11206896551724138,232
7F286560861764CCB93C90B7AA833949|7E56C27BFF0305E788DA55A029EC4988|NA|NA|43802F140443C30FC0F2DA312915AE71,0.11206896551724138,232
033E492229C2222EFAA16EE8A6462D8B|7E56C27BFF0305E788DA55A029EC4988|4C90FD52FC53D2C1C205844CB69575AB|C45A9AC6D102ACAEEDF0D6F78636D84A|3491B0F7C3C0D6684C5E0CF18D6BE834,0.11204481792717087,357
635623BABBB7DA2E072D8C339F606E15|D7D1FB49049702BF6338894757E0D959|NA|NA|FB05F67B7E868983840F2DEAA11082B9,0.11195158850226929,661
7F286560861764CCB93C90B7AA833949|FF2C446555E3822B0E0FC3406116E86D|NA|NA|DD932BA05661E48A68338643EB7AD4BF,0.1118421052631579,1672
033E492229C2222EFAA16EE8A6462D8B|7E56C27BFF0305E788DA55A029EC4988|4C90FD52FC53D2C1C205844CB69575AB|C45A9AC6D102ACAEEDF0D6F78636D84A|6271E7ACEF710C0C57E758E473279B63,0.11181923522595597,3452
62D6A49514020FA0B2E434DB0B506005|7E56C27BFF0305E788DA55A029EC4988|NA|NA|C61F3B0B84F1E48B4A240B0B36C19D57,0.11178247734138973,331
B83EF4115DC165749F3FCB737CC1044D|7E56C27BFF0305E788DA55A029EC4988|NA|NA|9CC0920315B02B9B09D3DA794E93943D,0.11174785100286533,1047
88CED8BA3AA711A20ACF8B1FC574F218|D7D1FB49049702BF6338894757E0D959|NA|NA|C2BC8501709FE7130F454E5B9BE6DE70,0.11174296275234574,3517
635623BABBB7DA2E072D8C339F606E15|D7D1FB49049702BF6338894757E0D959|NA|NA|2E8DA8FA9738E88FE6E4AF5A4F765619,0.11173974540311174,707
033E492229C2222EFAA16EE8A6462D8B|7E56C27BFF0305E788DA55A029EC4988|4C90FD52FC53D2C1C205844CB69575AB|C45A9AC6D102ACAEEDF0D6F78636D84A|7B844A587FA2CDC12A2F6CB3F6DFA97F,0.11160714285714286,224
7F286560861764CCB93C90B7AA833949|FF2C446555E3822B0E0FC3406116E86D|NA|NA|5B30D217B40ABD1F31F2FFBA1A39448B,0.1115987460815047,3190
62D6A49514020FA0B2E434DB0B506005|D7D1FB49049702BF6338894757E0D959|NA|NA|AB63F5B09C00A51ADAD9C185BF696D87,0.11155378486055777,502
033E492229C2222EFAA16EE8A6462D8B|7E56C27BFF0305E788DA55A029EC4988|4C90FD52FC53D2C1C205844CB69575AB|1B491180398E2F0390E6A588B3BCE291|74A770F7BF07563F89FF66038ED8B2CC,0.11152073732718894,1085
033E492229C2222EFAA16EE8A6462D8B|D7D1FB49049702BF6338894757E0D959|4C90FD52FC53D2C1C205844CB69575AB|C45A9AC6D102ACAEEDF0D6F78636D84A|05EAFFB9867660DB93626941B80C14F8,0.11151079136690648,278
E02400CDAD96905D88E932FE9B7D3552|7E56C27BFF0305E788DA55A029EC4988|NA|NA|B486779308D3649D0402203BD54BE620,0.11146496815286625,314
E02400CDAD96905D88E932FE9B7D3552|D7D1FB49049702BF6338894757E0D959|4C90FD52FC53D2C1C205844CB69575AB|A5D15FC386510762EC0DDFF54ABE6F94|NA,0.11140724946695096,13132
62D6A49514020FA0B2E434DB0B506005|7E56C27BFF0305E788DA55A029EC4988|NA|NA|FFC102A15D38060E1B3B952B0F4A8760,0.11128526645768025,638
033E492229C2222EFAA16EE8A6462D8B|7E56C27BFF0305E788DA55A029EC4988|4C90FD52FC53D2C1C205844CB69575AB|1B491180398E2F0390E6A588B3BCE291|75943D0B4F40778BED1CC1C8C10393A4,0.1111111111111111,279
B4B45C6CE5FC4DE45AB02974D8849DBD|7E56C27BFF0305E788DA55A029EC4988|921B36149E5B081FD24450BFE2CE4430|1B491180398E2F0390E6A588B3BCE291|1D8B7EDC00C4CE3937A26D810E2542A5,0.1111111111111111,441
7F286560861764CCB93C90B7AA833949|FF2C446555E3822B0E0FC3406116E86D|NA|NA|32798D7FAB213DC3ACB92ADC488316EA,0.1111111111111111,216
033E492229C2222EFAA16EE8A6462D8B|7E56C27BFF0305E788DA55A029EC4988|4C90FD52FC53D2C1C205844CB69575AB|1B491180398E2F0390E6A588B3BCE291|A53596E7C70F724AC92D76661CC6FED0,0.11097899326198969,2523
033E492229C2222EFAA16EE8A6462D8B|D7D1FB49049702BF6338894757E0D959|4C90FD52FC53D2C1C205844CB69575AB|C45A9AC6D102ACAEEDF0D6F78636D84A|F7B97A2D17D426927E09CD572AF7C7F3,0.11092436974789915,1190
033E492229C2222EFAA16EE8A6462D8B|FF2C446555E3822B0E0FC3406116E86D|4C90FD52FC53D2C1C205844CB69575AB|C45A9AC6D102ACAEEDF0D6F78636D84A|D544DD4C9E7F122F9299A06DCC827F2B,0.11090573012939002,541
7F286560861764CCB93C90B7AA833949|FF2C446555E3822B0E0FC3406116E86D|NA|NA|08DA21E7F6CE4357729CD379A1A1C86C,0.11081441922563418,2247
B4B45C6CE5FC4DE45AB02974D8849DBD|7E56C27BFF0305E788DA55A029EC4988|NA|NA|C4DE44A45BB3829A28B90FE05AA8358C,0.11076923076923077,325
62D6A49514020FA0B2E434DB0B506005|FF2C446555E3822B0E0FC3406116E86D|NA|NA|CD886AD2EA373C74FEE56551B39E4B87,0.11074918566775244,307
033E492229C2222EFAA16EE8A6462D8B|FF2C446555E3822B0E0FC3406116E86D|4C90FD52FC53D2C1C205844CB69575AB|1B491180398E2F0390E6A588B3BCE291|8F18CEA7DF93B3926CA0978F35864E03,0.11073446327683616,885
033E492229C2222EFAA16EE8A6462D8B|D7D1FB49049702BF6338894757E0D959|4C90FD52FC53D2C1C205844CB69575AB|A5D15FC386510762EC0DDFF54ABE6F94|90885ED227469922844B5D595EE30E7D,0.11070110701107011,271
88CED8BA3AA711A20ACF8B1FC574F218|7E56C27BFF0305E788DA55A029EC4988|NA|NA|068C5E64922E0092E236A79F91208482,0.11065573770491803,488
9D307E5B713DE5E90D787BE9F802AFBB|7E56C27BFF0305E788DA55A029EC4988|921B36149E5B081FD24450BFE2CE4430|A5D15FC386510762EC0DDFF54ABE6F94|3AB5EF173708C4BCFCBFF75F3C84761E,0.11061946902654868,226
B4B45C6CE5FC4DE45AB02974D8849DBD|D7D1FB49049702BF6338894757E0D959|4C90FD52FC53D2C1C205844CB69575AB|A5D15FC386510762EC0DDFF54ABE6F94|380BF84A84B4EAF676BD1932160E87A0,0.11060948081264109,1329
033E492229C2222EFAA16EE8A6462D8B|FF2C446555E3822B0E0FC3406116E86D|4C90FD52FC53D2C1C205844CB69575AB|C45A9AC6D102ACAEEDF0D6F78636D84A|9CB1FCCB3DCEB2F4DF14F06CC6EA1158,0.11057692307692307,208
88CED8BA3AA711A20ACF8B1FC574F218|7E56C27BFF0305E788DA55A029EC4988|NA|NA|68E167AC22E51687E00AB7C62BE513A9,0.11049723756906077,724
033E492229C2222EFAA16EE8A6462D8B|D7D1FB49049702BF6338894757E0D959|4C90FD52FC53D2C1C205844CB69575AB|C45A9AC6D102ACAEEDF0D6F78636D84A|D08204406DDC936CEEC0A8302AB525FE,0.1104868913857678,534
13C26D10258053889D75D9B9CA922EC7|D7D1FB49049702BF6338894757E0D959|NA|NA|8D3D5D3D10BC47ED6EADBD570DEB57D4,0.1104847801578354,887
13C26D10258053889D75D9B9CA922EC7|D7D1FB49049702BF6338894757E0D959|NA|NA|51E4BD24F0ADA0FC2C01CC56C584E533,0.11046511627906977,516
033E492229C2222EFAA16EE8A6462D8B|7E56C27BFF0305E788DA55A029EC4988|4C90FD52FC53D2C1C205844CB69575AB|C45A9AC6D102ACAEEDF0D6F78636D84A|7E89D2AF2061DD4D4F5F47DC0AA91390,0.1103448275862069,725
EC997D43AC86A75D9B88A1051F86A67C|D7D1FB49049702BF6338894757E0D959|0CD76C7030D0900BE250C8D41703D180|A5D15FC386510762EC0DDFF54ABE6F94|D3215114FD57C040D9C37623B6F92364,0.11029411764705882,272
88CED8BA3AA711A20ACF8B1FC574F218|D7D1FB49049702BF6338894757E0D959|NA|NA|883E7DBD4D6A2B11A2958536DD856BF9,0.11012433392539965,563
635623BABBB7DA2E072D8C339F606E15|D7D1FB49049702BF6338894757E0D959|NA|NA|1E37B93AD08777B1B501B2CE331F9792,0.11009174311926606,763
13C26D10258053889D75D9B9CA922EC7|7E56C27BFF0305E788DA55A029EC4988|4C90FD52FC53D2C1C205844CB69575AB|1B491180398E2F0390E6A588B3BCE291|98DB35159DBEC16BFDB45B9CDAB19699,0.11004784688995216,209
033E492229C2222EFAA16EE8A6462D8B|7E56C27BFF0305E788DA55A029EC4988|4C90FD52FC53D2C1C205844CB69575AB|1B491180398E2F0390E6A588B3BCE291|DE0015C9221F2364D3F1765F24DE7032,0.11,200
EC997D43AC86A75D9B88A1051F86A67C|D7D1FB49049702BF6338894757E0D959|88460293E9517D21E39AA889BD5AADC8|1B491180398E2F0390E6A588B3BCE291|NA,0.10996563573883161,2328
7532B3FBAFEC164460C4ED6FEB0C022C|D7D1FB49049702BF6338894757E0D959|NA|NA|533EA65E8B09C7239C8626A15543ED7B,0.1099476439790576,573
88CED8BA3AA711A20ACF8B1FC574F218|7E56C27BFF0305E788DA55A029EC4988|NA|NA|116ACBB7E1881C29A6EB95E3CA0E53D3,0.1099332548095799,2547
033E492229C2222EFAA16EE8A6462D8B|7E56C27BFF0305E788DA55A029EC4988|4C90FD52FC53D2C1C205844CB69575AB|C45A9AC6D102ACAEEDF0D6F78636D84A|F5356FCB36EA47C8BCF1DD0D309872B8,0.10984848484848485,264
033E492229C2222EFAA16EE8A6462D8B|7E56C27BFF0305E788DA55A029EC4988|4C90FD52FC53D2C1C205844CB69575AB|1B491180398E2F0390E6A588B3BCE291|1427AC03E876CDA36ED64D661AFD5918,0.10984848484848485,264
13C26D10258053889D75D9B9CA922EC7|D7D1FB49049702BF6338894757E0D959|NA|NA|DD93414984FE620C62559FB42A086199,0.10972568578553615,401
635623BABBB7DA2E072D8C339F606E15|7E56C27BFF0305E788DA55A029EC4988|NA|NA|DB682EBE0F06DC3C05D25FF3F2612B4D,0.10961968680089486,447
7F286560861764CCB93C90B7AA833949|D7D1FB49049702BF6338894757E0D959|NA|NA|4BE4FBA8BD90A1D872EBC95B688F48CD,0.10952380952380952,420
033E492229C2222EFAA16EE8A6462D8B|7E56C27BFF0305E788DA55A029EC4988|4C90FD52FC53D2C1C205844CB69575AB|C45A9AC6D102ACAEEDF0D6F78636D84A|0ED8A528CC2180E38BE209ACCDDF7E3A,0.10943396226415095,265
033E492229C2222EFAA16EE8A6462D8B|7E56C27BFF0305E788DA55A029EC4988|4C90FD52FC53D2C1C205844CB69575AB|C45A9AC6D102ACAEEDF0D6F78636D84A|84A5FF79CAE90211A2F6ACD659BBE57D,0.10940919037199125,457
13C26D10258053889D75D9B9CA922EC7|D7D1FB49049702BF6338894757E0D959|NA|NA|242185DB7F0153CAC30D33CD1CFC93FE,0.10936591041303083,1719
7F286560861764CCB93C90B7AA833949|FF2C446555E3822B0E0FC3406116E86D|NA|NA|2076F34CE8252516277EAC1EF575D661,0.10931174089068826,247
62D6A49514020FA0B2E434DB0B506005|7E56C27BFF0305E788DA55A029EC4988|NA|NA|38999BE34B27115CD2B75B7C47CDD29A,0.1092436974789916,238
033E492229C2222EFAA16EE8A6462D8B|7E56C27BFF0305E788DA55A029EC4988|4C90FD52FC53D2C1C205844CB69575AB|A5D15FC386510762EC0DDFF54ABE6F94|A51459F2008EB80D460C2463096349D8,0.10917782026768642,5230
9D307E5B713DE5E90D787BE9F802AFBB|7E56C27BFF0305E788DA55A029EC4988|NA|NA|3AAE39567DFFB22B4539101FA449DD69,0.10909090909090909,220
7F286560861764CCB93C90B7AA833949|7E56C27BFF0305E788DA55A029EC4988|NA|NA|BA498092AEC7BDAF160EF202EC5B748F,0.10909090909090909,385
033E492229C2222EFAA16EE8A6462D8B|D7D1FB49049702BF6338894757E0D959|4C90FD52FC53D2C1C205844CB69575AB|1B491180398E2F0390E6A588B3BCE291|AADCA395E0D248DE29796F443D1B17BD,0.10902255639097744,266
13C26D10258053889D75D9B9CA922EC7|D7D1FB49049702BF6338894757E0D959|NA|NA|4DF0189FA57750229B1E1A0C46215360,0.10885761589403974,2416
033E492229C2222EFAA16EE8A6462D8B|7E56C27BFF0305E788DA55A029EC4988|4C90FD52FC53D2C1C205844CB69575AB|1B491180398E2F0390E6A588B3BCE291|40DDD0875CEDB74AFB077AA15C232A5D,0.10884353741496598,441
033E492229C2222EFAA16EE8A6462D8B|7E56C27BFF0305E788DA55A029EC4988|E7BD5A29457B8E92582951B586319A9C|C45A9AC6D102ACAEEDF0D6F78636D84A|B53856794A4BD084514F52721D5EADC0,0.10884353741496598,294
62D6A49514020FA0B2E434DB0B506005|7E56C27BFF0305E788DA55A029EC4988|NA|NA|250C50A6E4BDE63B59538FDAB3C7201E,0.1087962962962963,432
B4B45C6CE5FC4DE45AB02974D8849DBD|7E56C27BFF0305E788DA55A029EC4988|921B36149E5B081FD24450BFE2CE4430|A5D15FC386510762EC0DDFF54ABE6F94|B950E043444F9F8730131E80A43C1438,0.10877192982456141,285
033E492229C2222EFAA16EE8A6462D8B|7E56C27BFF0305E788DA55A029EC4988|4C90FD52FC53D2C1C205844CB69575AB|C45A9AC6D102ACAEEDF0D6F78636D84A|941884F8834E5C221582193C12D55D46,0.10869565217391304,230
62D6A49514020FA0B2E434DB0B506005|D7D1FB49049702BF6338894757E0D959|NA|NA|3C5FD9BE95D5466146E165F496EFFC7D,0.10869565217391304,1012
033E492229C2222EFAA16EE8A6462D8B|D7D1FB49049702BF6338894757E0D959|4C90FD52FC53D2C1C205844CB69575AB|A5D15FC386510762EC0DDFF54ABE6F94|91B22DE27E9D5A5608C4EB3BDFA679AC,0.10852713178294573,258
62D6A49514020FA0B2E434DB0B506005|D7D1FB49049702BF6338894757E0D959|NA|NA|1D28D25D0E72B20D38AA53659E49E682,0.1083984375,1024
7F286560861764CCB93C90B7AA833949|7E56C27BFF0305E788DA55A029EC4988|NA|NA|11C216AF41313CCF3A6659998CECBB4D,0.10830704521556257,1902
635623BABBB7DA2E072D8C339F606E15|D7D1FB49049702BF6338894757E0D959|NA|NA|5622190DFDBC651D44F916EE4AF168C1,0.1082995951417004,988
E02400CDAD96905D88E932FE9B7D3552|7E56C27BFF0305E788DA55A029EC4988|921B36149E5B081FD24450BFE2CE4430|A5D15FC386510762EC0DDFF54ABE6F94|A69E99FBCBC6D9FCF4569BD168E3746E,0.10829493087557604,1302
9D307E5B713DE5E90D787BE9F802AFBB|D7D1FB49049702BF6338894757E0D959|4C90FD52FC53D2C1C205844CB69575AB|A5D15FC386510762EC0DDFF54ABE6F94|D085C3EEAD0C9346BBE0B61B5A2E5C13,0.10826210826210826,351
5D656311CF9F47E34248BE9FBFF194A0|D7D1FB49049702BF6338894757E0D959|NA|NA|596F8344F77329A811917F98EB381DFB,0.10822510822510822,231
9D307E5B713DE5E90D787BE9F802AFBB|7E56C27BFF0305E788DA55A029EC4988|4C90FD52FC53D2C1C205844CB69575AB|1B491180398E2F0390E6A588B3BCE291|BE21322E34A274C5BB6933DDA3CBF21C,0.10820895522388059,268
9D307E5B713DE5E90D787BE9F802AFBB|7E56C27BFF0305E788DA55A029EC4988|4C90FD52FC53D2C1C205844CB69575AB|1B491180398E2F0390E6A588B3BCE291|88DC814F61E4FB44F16B583C58EC93CD,0.10810810810810811,222
033E492229C2222EFAA16EE8A6462D8B|7E56C27BFF0305E788DA55A029EC4988|4C90FD52FC53D2C1C205844CB69575AB|1B491180398E2F0390E6A588B3BCE291|586B83A2060B96585C9D0F9BE9DBD68F,0.10808876163206872,1397
033E492229C2222EFAA16EE8A6462D8B|7E56C27BFF0305E788DA55A029EC4988|88460293E9517D21E39AA889BD5AADC8|1B491180398E2F0390E6A588B3BCE291|7EF6F0F8026E1B620A69305436AC52C6,0.108,250
62D6A49514020FA0B2E434DB0B506005|D7D1FB49049702BF6338894757E0D959|NA|NA|698FA87555CD17731B4CEA46D83E2ECE,0.10799238820171266,2102
033E492229C2222EFAA16EE8A6462D8B|7E56C27BFF0305E788DA55A029EC4988|4C90FD52FC53D2C1C205844CB69575AB|1B491180398E2F0390E6A588B3BCE291|106652C8F791AAE2A27555424E4DF971,0.10786516853932585,445
88CED8BA3AA711A20ACF8B1FC574F218|D7D1FB49049702BF6338894757E0D959|NA|NA|110237E47BC7145FA6F42A1A0506A83A,0.10784313725490197,612
88CED8BA3AA711A20ACF8B1FC574F218|7E56C27BFF0305E788DA55A029EC4988|NA|NA|0AE9335D11D7E84372B8B7B575A77430,0.10777385159010601,566
111C91D6B0D89C84BF196FED8DBE7BBB|7E56C27BFF0305E788DA55A029EC4988|NA|NA|NA,0.10766045548654245,966
DDC2B3CC38945E431DE1B3F59EC56680|7E56C27BFF0305E788DA55A029EC4988|921B36149E5B081FD24450BFE2CE4430|A5D15FC386510762EC0DDFF54ABE6F94|E02C4849F753D37C68885AF8691B4718,0.1076388888888889,288
7F286560861764CCB93C90B7AA833949|7E56C27BFF0305E788DA55A029EC4988|4C90FD52FC53D2C1C205844CB69575AB|A5D15FC386510762EC0DDFF54ABE6F94|A7BB702AB7867C08E4ACF9FD77F57E1C,0.10763454317897372,799
E02400CDAD96905D88E932FE9B7D3552|7E56C27BFF0305E788DA55A029EC4988|921B36149E5B081FD24450BFE2CE4430|1B491180398E2F0390E6A588B3BCE291|DD401846A3FD6660BB11177DE6D7D2A5,0.10762331838565023,223
5D656311CF9F47E34248BE9FBFF194A0|D7D1FB49049702BF6338894757E0D959|NA|NA|EB9508FBB6F62C669DB7D9DC11691BEC,0.10762331838565023,223
033E492229C2222EFAA16EE8A6462D8B|7E56C27BFF0305E788DA55A029EC4988|4C90FD52FC53D2C1C205844CB69575AB|1B491180398E2F0390E6A588B3BCE291|51B93A54AA2E134E33B112115AA95A80,0.10757946210268948,409
EC997D43AC86A75D9B88A1051F86A67C|7E56C27BFF0305E788DA55A029EC4988|NA|NA|C2022B87D942EE8E25928C98909BE8EF,0.10752688172043011,279
033E492229C2222EFAA16EE8A6462D8B|7E56C27BFF0305E788DA55A029EC4988|4C90FD52FC53D2C1C205844CB69575AB|1B491180398E2F0390E6A588B3BCE291|86EA93DAD042F308F03B447E86BC8FDF,0.10748065348237318,1163
EC997D43AC86A75D9B88A1051F86A67C|D7D1FB49049702BF6338894757E0D959|0CD76C7030D0900BE250C8D41703D180|A5D15FC386510762EC0DDFF54ABE6F94|312321FF86E52F624FE3AD957F9FF7D7,0.10747663551401869,214
033E492229C2222EFAA16EE8A6462D8B|7E56C27BFF0305E788DA55A029EC4988|4C90FD52FC53D2C1C205844CB69575AB|C45A9AC6D102ACAEEDF0D6F78636D84A|1865D275F8FC538DF8DD08FECCA65979,0.10744920993227991,2215
033E492229C2222EFAA16EE8A6462D8B|7E56C27BFF0305E788DA55A029EC4988|4C90FD52FC53D2C1C205844CB69575AB|1B491180398E2F0390E6A588B3BCE291|88DC814F61E4FB44F16B583C58EC93CD,0.10741049125728559,1201
033E492229C2222EFAA16EE8A6462D8B|7E56C27BFF0305E788DA55A029EC4988|4C90FD52FC53D2C1C205844CB69575AB|1B491180398E2F0390E6A588B3BCE291|2BE124001A5CA32CC7D7F8EA7B0B68F8,0.10736842105263159,475
033E492229C2222EFAA16EE8A6462D8B|7E56C27BFF0305E788DA55A029EC4988|4C90FD52FC53D2C1C205844CB69575AB|1B491180398E2F0390E6A588B3BCE291|CF144BB67D9D993489D757D9C1FD087A,0.10734787600459242,1742
033E492229C2222EFAA16EE8A6462D8B|D7D1FB49049702BF6338894757E0D959|4C90FD52FC53D2C1C205844CB69575AB|1B491180398E2F0390E6A588B3BCE291|399DE02C62BC7EBDEDC6B187D6250D64,0.10734463276836158,885
B4B45C6CE5FC4DE45AB02974D8849DBD|7E56C27BFF0305E788DA55A029EC4988|921B36149E5B081FD24450BFE2CE4430|1B491180398E2F0390E6A588B3BCE291|1C3A3EDE679BDD6942D6D2F3C0960B7A,0.1073345259391771,559
62D6A49514020FA0B2E434DB0B506005|7E56C27BFF0305E788DA55A029EC4988|NA|NA|8A975F5E16CB4965E1EB939E39F53129,0.1073170731707317,2255
13C26D10258053889D75D9B9CA922EC7|7E56C27BFF0305E788DA55A029EC4988|4C90FD52FC53D2C1C205844CB69575AB|A5D15FC386510762EC0DDFF54ABE6F94|3319B94D8C93DBBE6A8F96427288A244,0.1072961373390558,233
B4B45C6CE5FC4DE45AB02974D8849DBD|7E56C27BFF0305E788DA55A029EC4988|NA|NA|60DF2A9FEF0D5B283B162EDA19124767,0.10722100656455143,457
7F286560861764CCB93C90B7AA833949|7E56C27BFF0305E788DA55A029EC4988|NA|NA|6B32F2AE92C6F149F0CEF2C7015BB52D,0.10714285714285714,252
7F286560861764CCB93C90B7AA833949|7E56C27BFF0305E788DA55A029EC4988|NA|NA|28A80AB2D0906DDB3331FC1463226E4D,0.10710321864594895,1802
033E492229C2222EFAA16EE8A6462D8B|7E56C27BFF0305E788DA55A029EC4988|88460293E9517D21E39AA889BD5AADC8|A5D15FC386510762EC0DDFF54ABE6F94|A53596E7C70F724AC92D76661CC6FED0,0.1070110701107011,271
033E492229C2222EFAA16EE8A6462D8B|7E56C27BFF0305E788DA55A029EC4988|4C90FD52FC53D2C1C205844CB69575AB|1B491180398E2F0390E6A588B3BCE291|AE129D89E385CF9DD0EDFB1F6B20E8FA,0.10687830687830688,945
033E492229C2222EFAA16EE8A6462D8B|D7D1FB49049702BF6338894757E0D959|4C90FD52FC53D2C1C205844CB69575AB|1B491180398E2F0390E6A588B3BCE291|F7B97A2D17D426927E09CD572AF7C7F3,0.10683760683760683,234
033E492229C2222EFAA16EE8A6462D8B|7E56C27BFF0305E788DA55A029EC4988|4C90FD52FC53D2C1C205844CB69575AB|1B491180398E2F0390E6A588B3BCE291|0A03D6B8CA64708B684A3A9EA37AC03B,0.10671573137074516,1087
9D307E5B713DE5E90D787BE9F802AFBB|D7D1FB49049702BF6338894757E0D959|88460293E9517D21E39AA889BD5AADC8|C45A9AC6D102ACAEEDF0D6F78636D84A|NA,0.10669456066945607,478
9D307E5B713DE5E90D787BE9F802AFBB|7E56C27BFF0305E788DA55A029EC4988|4C90FD52FC53D2C1C205844CB69575AB|1B491180398E2F0390E6A588B3BCE291|23618B0D6325F6D332E9B7FC1F9E9A7B,0.10666666666666667,300
033E492229C2222EFAA16EE8A6462D8B|D7D1FB49049702BF6338894757E0D959|88460293E9517D21E39AA889BD5AADC8|C45A9AC6D102ACAEEDF0D6F78636D84A|635A3EF4F16C9B52F3334F52B864E056,0.10657193605683836,563
9D307E5B713DE5E90D787BE9F802AFBB|D7D1FB49049702BF6338894757E0D959|88460293E9517D21E39AA889BD5AADC8|1B491180398E2F0390E6A588B3BCE291|NA,0.10650069156293222,723
62D6A49514020FA0B2E434DB0B506005|7E56C27BFF0305E788DA55A029EC4988|4C90FD52FC53D2C1C205844CB69575AB|A5D15FC386510762EC0DDFF54ABE6F94|020334615D3DC758016CC6C279EBFC9B,0.10648148148148148,216
944B2A351FEFAC79AEAA9DA57E1B351F|D7D1FB49049702BF6338894757E0D959|NA|NA|F83C0BD5D804BC9612787A0D05533AB7,0.1064516129032258,310
033E492229C2222EFAA16EE8A6462D8B|7E56C27BFF0305E788DA55A029EC4988|4C90FD52FC53D2C1C205844CB69575AB|1B491180398E2F0390E6A588B3BCE291|C5C27729FAD9394CDDA9019C9951721F,0.10642570281124498,498
13C26D10258053889D75D9B9CA922EC7|D7D1FB49049702BF6338894757E0D959|NA|NA|2580744E12A499F2C41BB3746EE1BFB5,0.10631229235880399,301
E02400CDAD96905D88E932FE9B7D3552|7E56C27BFF0305E788DA55A029EC4988|NA|NA|20438E812A01FFC6650E8AE2B8379D68,0.1062874251497006,668
7F286560861764CCB93C90B7AA833949|7E56C27BFF0305E788DA55A029EC4988|NA|NA|B882F59F0F425C71411A4A0DAE88D5EB,0.10627836611195159,2644
944B2A351FEFAC79AEAA9DA57E1B351F|FF2C446555E3822B0E0FC3406116E86D|4C90FD52FC53D2C1C205844CB69575AB|A5D15FC386510762EC0DDFF54ABE6F94|88846D6A65EECEE306081CF837B674C0,0.10625737898465171,847
13C26D10258053889D75D9B9CA922EC7|7E56C27BFF0305E788DA55A029EC4988|4C90FD52FC53D2C1C205844CB69575AB|A5D15FC386510762EC0DDFF54ABE6F94|DB18C98926DC3490908C3ED6C7EA84C6,0.10618279569892473,744
9D307E5B713DE5E90D787BE9F802AFBB|7E56C27BFF0305E788DA55A029EC4988|NA|NA|3EBD1F56B438CC172A1BD35C7188DABD,0.10616438356164383,292
62D6A49514020FA0B2E434DB0B506005|7E56C27BFF0305E788DA55A029EC4988|NA|NA|2289BDC10B0F69FF7CBAC48F736D3E77,0.10616438356164383,292
13C26D10258053889D75D9B9CA922EC7|7E56C27BFF0305E788DA55A029EC4988|NA|NA|74CEE45A223EF678DC99BA401C8627EF,0.10612244897959183,245
033E492229C2222EFAA16EE8A6462D8B|D7D1FB49049702BF6338894757E0D959|88460293E9517D21E39AA889BD5AADC8|86E2AFBF909EC95B069893FF0BBC5B26|91B22DE27E9D5A5608C4EB3BDFA679AC,0.10612244897959183,245
88CED8BA3AA711A20ACF8B1FC574F218|D7D1FB49049702BF6338894757E0D959|4C90FD52FC53D2C1C205844CB69575AB|A5D15FC386510762EC0DDFF54ABE6F94|1711762F027DD120A6F07210142304B1,0.10610932475884244,311
E02400CDAD96905D88E932FE9B7D3552|7E56C27BFF0305E788DA55A029EC4988|921B36149E5B081FD24450BFE2CE4430|A5D15FC386510762EC0DDFF54ABE6F94|936B1159B3F3089A397DC2958FCC9D84,0.10610932475884244,311
62D6A49514020FA0B2E434DB0B506005|7E56C27BFF0305E788DA55A029EC4988|NA|NA|842A8948FA33D97F613FB731A145FA7C,0.10609037328094302,509
B4B45C6CE5FC4DE45AB02974D8849DBD|7E56C27BFF0305E788DA55A029EC4988|921B36149E5B081FD24450BFE2CE4430|A5D15FC386510762EC0DDFF54ABE6F94|BBEB83D3FD58DA0B0B6890CD3B0D2869,0.10596446700507614,1576
B4B45C6CE5FC4DE45AB02974D8849DBD|7E56C27BFF0305E788DA55A029EC4988|4C90FD52FC53D2C1C205844CB69575AB|1B491180398E2F0390E6A588B3BCE291|E48786E34B3212F46CB79A7D75988487,0.1059322033898305,236
B4B45C6CE5FC4DE45AB02974D8849DBD|D7D1FB49049702BF6338894757E0D959|NA|NA|4F1F93F65CDC91886883DBB25E60563E,0.10588235294117647,255
B4B45C6CE5FC4DE45AB02974D8849DBD|7E56C27BFF0305E788DA55A029EC4988|NA|NA|0EDED1DA380B04003218D8E51B5E8B1D,0.10588235294117647,425
13C26D10258053889D75D9B9CA922EC7|D7D1FB49049702BF6338894757E0D959|NA|NA|CA14A35227D764533DE6FA3BA39C8C89,0.10582010582010581,378
B4B45C6CE5FC4DE45AB02974D8849DBD|7E56C27BFF0305E788DA55A029EC4988|NA|NA|60950EC4C4DB80D7117D2F0E6941678A,0.10555555555555556,360
033E492229C2222EFAA16EE8A6462D8B|7E56C27BFF0305E788DA55A029EC4988|88460293E9517D21E39AA889BD5AADC8|86E2AFBF909EC95B069893FF0BBC5B26|F41B9EFE26058AFFB180779FBEB998DC,0.10554089709762533,379
62D6A49514020FA0B2E434DB0B506005|D7D1FB49049702BF6338894757E0D959|NA|NA|6A0D13693DFAA167D38A2F6A04059E67,0.10551724137931034,1450
635623BABBB7DA2E072D8C339F606E15|D7D1FB49049702BF6338894757E0D959|NA|NA|594DED610EC01E6C9A08A1C4507508C3,0.10543919467446014,30795
033E492229C2222EFAA16EE8A6462D8B|7E56C27BFF0305E788DA55A029EC4988|4C90FD52FC53D2C1C205844CB69575AB|1B491180398E2F0390E6A588B3BCE291|3D1F9D3805DB50920DA1D17B552D4D3F,0.10526315789473684,266
13C26D10258053889D75D9B9CA922EC7|7E56C27BFF0305E788DA55A029EC4988|NA|NA|E9D33E9F6FD3A2CD6AD102E398F0CA95,0.10526315789473684,456
033E492229C2222EFAA16EE8A6462D8B|7E56C27BFF0305E788DA55A029EC4988|4C90FD52FC53D2C1C205844CB69575AB|1B491180398E2F0390E6A588B3BCE291|090EB90AEE5B73BA9F9EF6504F95772A,0.10513245033112582,1208
13C26D10258053889D75D9B9CA922EC7|7E56C27BFF0305E788DA55A029EC4988|NA|NA|9D88EF39C6BE13E33C745EDB06B22E55,0.10512129380053908,371
13C26D10258053889D75D9B9CA922EC7|D7D1FB49049702BF6338894757E0D959|NA|NA|85C629A840BBBD0DA38761E721FEDC04,0.10482374768089053,2156
7F286560861764CCB93C90B7AA833949|7E56C27BFF0305E788DA55A029EC4988|NA|NA|B027FEB9F9C54F8F2A35CAF6D4D51D6D,0.10476190476190476,210
635623BABBB7DA2E072D8C339F606E15|D7D1FB49049702BF6338894757E0D959|NA|NA|CF9D8B2945C2CF297B5BBCB49FEA1613,0.10462776659959759,497
033E492229C2222EFAA16EE8A6462D8B|7E56C27BFF0305E788DA55A029EC4988|4C90FD52FC53D2C1C205844CB69575AB|1B491180398E2F0390E6A588B3BCE291|B011E4FD90DFA5231D1F39C522307DAF,0.1044776119402985,201
033E492229C2222EFAA16EE8A6462D8B|D7D1FB49049702BF6338894757E0D959|4C90FD52FC53D2C1C205844CB69575AB|1B491180398E2F0390E6A588B3BCE291|F3F09125C84909DF8A6428FC3DCC709C,0.10443548387096774,2480
033E492229C2222EFAA16EE8A6462D8B|FF2C446555E3822B0E0FC3406116E86D|4C90FD52FC53D2C1C205844CB69575AB|1B491180398E2F0390E6A588B3BCE291|7984D65347E3BCD2BBC3D86BDE891DCB,0.10441240716470074,2289
7F286560861764CCB93C90B7AA833949|D7D1FB49049702BF6338894757E0D959|4C90FD52FC53D2C1C205844CB69575AB|A5D15FC386510762EC0DDFF54ABE6F94|7C84CE1A0BA08F0B5DE02910AE7D377A,0.10437710437710437,297
7F286560861764CCB93C90B7AA833949|7E56C27BFF0305E788DA55A029EC4988|4C90FD52FC53D2C1C205844CB69575AB|A5D15FC386510762EC0DDFF54ABE6F94|EE3682F6BA3A90CD9556559A2086369E,0.10432569974554708,393
9D307E5B713DE5E90D787BE9F802AFBB|7E56C27BFF0305E788DA55A029EC4988|4C90FD52FC53D2C1C205844CB69575AB|C45A9AC6D102ACAEEDF0D6F78636D84A|5BBA1A673F6C71DA2AAEF211530CD8DF,0.10431654676258993,278
7F286560861764CCB93C90B7AA833949|7E56C27BFF0305E788DA55A029EC4988|NA|A5D15FC386510762EC0DDFF54ABE6F94|8C83357A456568F5BA3247ED5DDC9EC5,0.10430463576158941,2416
DDC2B3CC38945E431DE1B3F59EC56680|D7D1FB49049702BF6338894757E0D959|NA|NA|68E305A84C35D4FDD73C231564A632D6,0.10426540284360189,211
635623BABBB7DA2E072D8C339F606E15|D7D1FB49049702BF6338894757E0D959|NA|NA|AFB233A510AD82BAB7AF8D7402205FDF,0.10424710424710425,259
B4B45C6CE5FC4DE45AB02974D8849DBD|7E56C27BFF0305E788DA55A029EC4988|NA|NA|29707608E0E2B1004D3225CC9A387BF8,0.10423959548813691,5142
635623BABBB7DA2E072D8C339F606E15|D7D1FB49049702BF6338894757E0D959|NA|NA|0753A826A93887404308F29F72559D7C,0.10416666666666667,384
033E492229C2222EFAA16EE8A6462D8B|7E56C27BFF0305E788DA55A029EC4988|88460293E9517D21E39AA889BD5AADC8|1B491180398E2F0390E6A588B3BCE291|1540A660A0A86E5FD0E2A3D2CAA09E65,0.10414452709883103,941
033E492229C2222EFAA16EE8A6462D8B|D7D1FB49049702BF6338894757E0D959|88460293E9517D21E39AA889BD5AADC8|A5D15FC386510762EC0DDFF54ABE6F94|6271E7ACEF710C0C57E758E473279B63,0.10401891252955082,423
033E492229C2222EFAA16EE8A6462D8B|7E56C27BFF0305E788DA55A029EC4988|4C90FD52FC53D2C1C205844CB69575AB|1B491180398E2F0390E6A588B3BCE291|836F890130275261FC16A3B603D82232,0.104,250
88CED8BA3AA711A20ACF8B1FC574F218|D7D1FB49049702BF6338894757E0D959|NA|NA|A74BB9DE13FF220A0E8EAB2376F520A5,0.10395010395010396,481
7F286560861764CCB93C90B7AA833949|D7D1FB49049702BF6338894757E0D959|NA|NA|234D868EB360F83CD0AF8711655E68CC,0.10394889663182347,5166
033E492229C2222EFAA16EE8A6462D8B|D7D1FB49049702BF6338894757E0D959|4C90FD52FC53D2C1C205844CB69575AB|1B491180398E2F0390E6A588B3BCE291|35C04A9E2BBD45E8FA4E37D4CB5FF61E,0.1039426523297491,279
62D6A49514020FA0B2E434DB0B506005|FF2C446555E3822B0E0FC3406116E86D|NA|NA|05D66BBF428185A408A2A0AC5CE212C6,0.1038961038961039,231
033E492229C2222EFAA16EE8A6462D8B|7E56C27BFF0305E788DA55A029EC4988|4C90FD52FC53D2C1C205844CB69575AB|1B491180398E2F0390E6A588B3BCE291|F41B9EFE26058AFFB180779FBEB998DC,0.10389225987864437,6757
E02400CDAD96905D88E932FE9B7D3552|7E56C27BFF0305E788DA55A029EC4988|921B36149E5B081FD24450BFE2CE4430|A5D15FC386510762EC0DDFF54ABE6F94|A22E951A8878419B87D272B693094495,0.10388247639034627,1906
B4B45C6CE5FC4DE45AB02974D8849DBD|D7D1FB49049702BF6338894757E0D959|88460293E9517D21E39AA889BD5AADC8|A5D15FC386510762EC0DDFF54ABE6F94|F64B3D25DB31DD470EBFADCAB077AA3F,0.10382978723404256,1175
7F286560861764CCB93C90B7AA833949|D7D1FB49049702BF6338894757E0D959|NA|NA|32CCB5B0200F3F36580946C1BAB148DE,0.10377358490566038,212
033E492229C2222EFAA16EE8A6462D8B|D7D1FB49049702BF6338894757E0D959|4C90FD52FC53D2C1C205844CB69575AB|A5D15FC386510762EC0DDFF54ABE6F94|A103333C932B7B5A9CB6D491DD2482C7,0.10368349249658936,733
033E492229C2222EFAA16EE8A6462D8B|D7D1FB49049702BF6338894757E0D959|4C90FD52FC53D2C1C205844CB69575AB|1B491180398E2F0390E6A588B3BCE291|61FA2CBC864F919D6E3C011BA3F7CCD0,0.1036734693877551,1225
13C26D10258053889D75D9B9CA922EC7|7E56C27BFF0305E788DA55A029EC4988|4C90FD52FC53D2C1C205844CB69575AB|A5D15FC386510762EC0DDFF54ABE6F94|B99AF8833783F53B05D284407B3985DA,0.1035977459904638,2307
7F286560861764CCB93C90B7AA833949|7E56C27BFF0305E788DA55A029EC4988|4C90FD52FC53D2C1C205844CB69575AB|A5D15FC386510762EC0DDFF54ABE6F94|1611EBCBB669B618BC79E5B74353F61E,0.10357142857142858,280
E02400CDAD96905D88E932FE9B7D3552|7E56C27BFF0305E788DA55A029EC4988|921B36149E5B081FD24450BFE2CE4430|A5D15FC386510762EC0DDFF54ABE6F94|AA06156549438A4EA05C3693E6E9A600,0.10355329949238579,985
B4B45C6CE5FC4DE45AB02974D8849DBD|7E56C27BFF0305E788DA55A029EC4988|NA|NA|20438E812A01FFC6650E8AE2B8379D68,0.1034920634920635,1575
88CED8BA3AA711A20ACF8B1FC574F218|7E56C27BFF0305E788DA55A029EC4988|NA|NA|7DF21487D3DE8842C97D1333B0524E4A,0.10339030540767723,3569
13C26D10258053889D75D9B9CA922EC7|D7D1FB49049702BF6338894757E0D959|NA|NA|1D3BFF4E8F5932B394B5C7B293DE3E81,0.10337078651685393,445
635623BABBB7DA2E072D8C339F606E15|D7D1FB49049702BF6338894757E0D959|NA|NA|A87005698F819197CD635F1C311AAF97,0.10326086956521739,368
62D6A49514020FA0B2E434DB0B506005|FF2C446555E3822B0E0FC3406116E86D|NA|NA|B54AB6CB5221CBCF51F9D64F6CC7FF9E,0.10318559556786704,1444
EC997D43AC86A75D9B88A1051F86A67C|D7D1FB49049702BF6338894757E0D959|NA|NA|6C37BAD255FA1CA7755AA7342B70FE75,0.10303030303030303,3795
033E492229C2222EFAA16EE8A6462D8B|D7D1FB49049702BF6338894757E0D959|88460293E9517D21E39AA889BD5AADC8|C45A9AC6D102ACAEEDF0D6F78636D84A|6A1F1F344D0A4A99940699B11365E7E8,0.1029082774049217,447
88CED8BA3AA711A20ACF8B1FC574F218|D7D1FB49049702BF6338894757E0D959|NA|NA|52E21F45974F98BC9E61F7B118CC7C91,0.102880658436214,243
62D6A49514020FA0B2E434DB0B506005|D7D1FB49049702BF6338894757E0D959|NA|NA|63877D8D5B03DBA1CD605C6A61809DC5,0.10285285285285285,1332
88CED8BA3AA711A20ACF8B1FC574F218|7E56C27BFF0305E788DA55A029EC4988|NA|NA|E96F5BEE9F0B4E2B7091F58CFE499E60,0.10283960092095165,1303
033E492229C2222EFAA16EE8A6462D8B|D7D1FB49049702BF6338894757E0D959|4C90FD52FC53D2C1C205844CB69575AB|C45A9AC6D102ACAEEDF0D6F78636D84A|2F3652FAA68FBD727B9891ACE4C11A13,0.102803738317757,214
7F286560861764CCB93C90B7AA833949|D7D1FB49049702BF6338894757E0D959|NA|NA|2D3760699BFCB6C2435AFF1461B2C9AD,0.10267857142857142,224
635623BABBB7DA2E072D8C339F606E15|D7D1FB49049702BF6338894757E0D959|NA|NA|EAB3A1A0B5AF53623178BDC9C12818FE,0.10264900662251655,302
7532B3FBAFEC164460C4ED6FEB0C022C|7E56C27BFF0305E788DA55A029EC4988|NA|NA|C40BE171AAC9111CB0B27846C841E67C,0.10263522884882108,721
13C26D10258053889D75D9B9CA922EC7|D7D1FB49049702BF6338894757E0D959|NA|NA|A8552A725BC2A95AC43EAF241515E060,0.10262449528936743,8916
033E492229C2222EFAA16EE8A6462D8B|7E56C27BFF0305E788DA55A029EC4988|4C90FD52FC53D2C1C205844CB69575AB|1B491180398E2F0390E6A588B3BCE291|271B3C1DD6DC0D06C67B540F4257F6F7,0.10262008733624454,7786
62D6A49514020FA0B2E434DB0B506005|D7D1FB49049702BF6338894757E0D959|NA|NA|ECF8828553220D88B8DCE6BED82F5986,0.10260869565217391,575
7F286560861764CCB93C90B7AA833949|7E56C27BFF0305E788DA55A029EC4988|NA|NA|D2EB03A2E3278FD5F6F1585E6FAB263B,0.10256410256410256,663
033E492229C2222EFAA16EE8A6462D8B|7E56C27BFF0305E788DA55A029EC4988|4C90FD52FC53D2C1C205844CB69575AB|A5D15FC386510762EC0DDFF54ABE6F94|586B83A2060B96585C9D0F9BE9DBD68F,0.10245310245310245,693
62D6A49514020FA0B2E434DB0B506005|7E56C27BFF0305E788DA55A029EC4988|NA|NA|793076D1BE20EA2B63F41691D12A1A16,0.10244988864142539,449
7F286560861764CCB93C90B7AA833949|FF2C446555E3822B0E0FC3406116E86D|NA|NA|0DEC4A2C5575525A724B2B1E676699CE,0.10234278668310727,811
B4B45C6CE5FC4DE45AB02974D8849DBD|7E56C27BFF0305E788DA55A029EC4988|921B36149E5B081FD24450BFE2CE4430|A5D15FC386510762EC0DDFF54ABE6F94|9C60E4AC0F639215762FC1E94FCE6B5B,0.1023391812865497,342
033E492229C2222EFAA16EE8A6462D8B|D7D1FB49049702BF6338894757E0D959|88460293E9517D21E39AA889BD5AADC8|1B491180398E2F0390E6A588B3BCE291|C839281045151050599C3B791E3CF158,0.10230179028132992,391
033E492229C2222EFAA16EE8A6462D8B|7E56C27BFF0305E788DA55A029EC4988|4C90FD52FC53D2C1C205844CB69575AB|1B491180398E2F0390E6A588B3BCE291|EFD69217F6597494416C0F83F7B0AC90,0.10227272727272728,264
B4B45C6CE5FC4DE45AB02974D8849DBD|7E56C27BFF0305E788DA55A029EC4988|NA|NA|5D873435E21E3D758F74272CEDA12114,0.10224948875255624,1467
635623BABBB7DA2E072D8C339F606E15|7E56C27BFF0305E788DA55A029EC4988|NA|NA|61069557D2F143284C1FC9DEC2224313,0.10223642172523961,313
033E492229C2222EFAA16EE8A6462D8B|7E56C27BFF0305E788DA55A029EC4988|4C90FD52FC53D2C1C205844CB69575AB|1B491180398E2F0390E6A588B3BCE291|850D461EC0EFB38AD5276F9822E9BBE2,0.1021671826625387,323
62D6A49514020FA0B2E434DB0B506005|FF2C446555E3822B0E0FC3406116E86D|NA|NA|B4F48D5E70E7F7F416E0C8B0D492783D,0.1021180030257186,1322
033E492229C2222EFAA16EE8A6462D8B|D7D1FB49049702BF6338894757E0D959|4C90FD52FC53D2C1C205844CB69575AB|1B491180398E2F0390E6A588B3BCE291|16007CE6FF9018C22349ABC2B0E60B08,0.10208816705336426,431
B4B45C6CE5FC4DE45AB02974D8849DBD|D7D1FB49049702BF6338894757E0D959|NA|NA|380BF84A84B4EAF676BD1932160E87A0,0.10207612456747404,578
033E492229C2222EFAA16EE8A6462D8B|FF2C446555E3822B0E0FC3406116E86D|4C90FD52FC53D2C1C205844CB69575AB|1B491180398E2F0390E6A588B3BCE291|C5A550E7B8077A1FFA18AD636D2E9C6E,0.10197368421052631,304
13C26D10258053889D75D9B9CA922EC7|7E56C27BFF0305E788DA55A029EC4988|NA|NA|0D3BC6DDE2CD902E97FA6D0736366076,0.10196560196560196,814
033E492229C2222EFAA16EE8A6462D8B|FF2C446555E3822B0E0FC3406116E86D|88460293E9517D21E39AA889BD5AADC8|A5D15FC386510762EC0DDFF54ABE6F94|635A3EF4F16C9B52F3334F52B864E056,0.1016949152542373,472
7F286560861764CCB93C90B7AA833949|7E56C27BFF0305E788DA55A029EC4988|NA|NA|3B74E691D58FE66E2E341A7CB38A55CD,0.1016548463356974,423
88CED8BA3AA711A20ACF8B1FC574F218|D7D1FB49049702BF6338894757E0D959|NA|NA|B11F83250E97B9AE77366F23AD8D8567,0.10164835164835165,364
635623BABBB7DA2E072D8C339F606E15|7E56C27BFF0305E788DA55A029EC4988|4C90FD52FC53D2C1C205844CB69575AB|A5D15FC386510762EC0DDFF54ABE6F94|NA,0.10163934426229508,305
62D6A49514020FA0B2E434DB0B506005|7E56C27BFF0305E788DA55A029EC4988|NA|NA|DD932BA05661E48A68338643EB7AD4BF,0.101620029455081,679
88CED8BA3AA711A20ACF8B1FC574F218|7E56C27BFF0305E788DA55A029EC4988|NA|NA|F6E94DDA6EDE34DE6094F84FD72BEF17,0.10161290322580645,1860
033E492229C2222EFAA16EE8A6462D8B|7E56C27BFF0305E788DA55A029EC4988|4C90FD52FC53D2C1C205844CB69575AB|1B491180398E2F0390E6A588B3BCE291|496D3CD047509A512B4F94216F44FC5D,0.10158730158730159,315
E02400CDAD96905D88E932FE9B7D3552|7E56C27BFF0305E788DA55A029EC4988|921B36149E5B081FD24450BFE2CE4430|A5D15FC386510762EC0DDFF54ABE6F94|D9F4E2D6CD7E2E4624E794089A055C10,0.10150375939849623,266
7532B3FBAFEC164460C4ED6FEB0C022C|D7D1FB49049702BF6338894757E0D959|NA|NA|E96F5BEE9F0B4E2B7091F58CFE499E60,0.10144927536231885,207
033E492229C2222EFAA16EE8A6462D8B|7E56C27BFF0305E788DA55A029EC4988|4C90FD52FC53D2C1C205844CB69575AB|C45A9AC6D102ACAEEDF0D6F78636D84A|0FE9F28F4004F0B48D66C26499E6D002,0.10144927536231885,207
033E492229C2222EFAA16EE8A6462D8B|7E56C27BFF0305E788DA55A029EC4988|4C90FD52FC53D2C1C205844CB69575AB|1B491180398E2F0390E6A588B3BCE291|3DB628420AD06F867EDC6A18D2A51EE0,0.10136986301369863,365
033E492229C2222EFAA16EE8A6462D8B|7E56C27BFF0305E788DA55A029EC4988|4C90FD52FC53D2C1C205844CB69575AB|1B491180398E2F0390E6A588B3BCE291|EA564033E757EF800E01B6B78EA36632,0.10136986301369863,365
033E492229C2222EFAA16EE8A6462D8B|7E56C27BFF0305E788DA55A029EC4988|4C90FD52FC53D2C1C205844CB69575AB|A5D15FC386510762EC0DDFF54ABE6F94|6A1F1F344D0A4A99940699B11365E7E8,0.10130904951622083,1757
13C26D10258053889D75D9B9CA922EC7|D7D1FB49049702BF6338894757E0D959|4C90FD52FC53D2C1C205844CB69575AB|A5D15FC386510762EC0DDFF54ABE6F94|EA16983438F22A09633BB210E4BE288C,0.10122989593188268,1057
033E492229C2222EFAA16EE8A6462D8B|7E56C27BFF0305E788DA55A029EC4988|4C90FD52FC53D2C1C205844CB69575AB|A5D15FC386510762EC0DDFF54ABE6F94|F15DCA9E43DF2C07E9A9DA8E69CB1037,0.10121012101210121,909
13C26D10258053889D75D9B9CA922EC7|7E56C27BFF0305E788DA55A029EC4988|NA|NA|9F2312BC93DDCB239D577B1AE146EDFA,0.1011826544021025,761
62D6A49514020FA0B2E434DB0B506005|D7D1FB49049702BF6338894757E0D959|NA|NA|66F5D384C016700890D0FB4B8D707AAC,0.10106382978723404,564
62D6A49514020FA0B2E434DB0B506005|7E56C27BFF0305E788DA55A029EC4988|NA|NA|0945722C1915539A7E51B39918A2FA99,0.10105263157894737,475
033E492229C2222EFAA16EE8A6462D8B|D7D1FB49049702BF6338894757E0D959|88460293E9517D21E39AA889BD5AADC8|A5D15FC386510762EC0DDFF54ABE6F94|635A3EF4F16C9B52F3334F52B864E056,0.10097919216646267,1634
033E492229C2222EFAA16EE8A6462D8B|7E56C27BFF0305E788DA55A029EC4988|88460293E9517D21E39AA889BD5AADC8|1B491180398E2F0390E6A588B3BCE291|08064AF40B89C5077D515E041B76BD0A,0.10091743119266056,218
033E492229C2222EFAA16EE8A6462D8B|D7D1FB49049702BF6338894757E0D959|4C90FD52FC53D2C1C205844CB69575AB|C45A9AC6D102ACAEEDF0D6F78636D84A|CF144BB67D9D993489D757D9C1FD087A,0.10090702947845805,882
7F286560861764CCB93C90B7AA833949|D7D1FB49049702BF6338894757E0D959|4C90FD52FC53D2C1C205844CB69575AB|A5D15FC386510762EC0DDFF54ABE6F94|A4D2D55CECB1A1B80B1AB633F6059CF6,0.10087719298245613,228
033E492229C2222EFAA16EE8A6462D8B|FF2C446555E3822B0E0FC3406116E86D|4C90FD52FC53D2C1C205844CB69575AB|1B491180398E2F0390E6A588B3BCE291|79FAA4C5A4947D1B074436EEC7504C52,0.10087719298245613,228
033E492229C2222EFAA16EE8A6462D8B|D7D1FB49049702BF6338894757E0D959|4C90FD52FC53D2C1C205844CB69575AB|C45A9AC6D102ACAEEDF0D6F78636D84A|EFB1122EAF034D2671AE815ACFFC7B9E,0.10087719298245613,228
7532B3FBAFEC164460C4ED6FEB0C022C|7E56C27BFF0305E788DA55A029EC4988|921B36149E5B081FD24450BFE2CE4430|A5D15FC386510762EC0DDFF54ABE6F94|64F6272B488F200B11AB6126575B8DFD,0.10086206896551723,4640
13C26D10258053889D75D9B9CA922EC7|7E56C27BFF0305E788DA55A029EC4988|NA|NA|A4C910D11110EDEC7755FED5D19988D9,0.10080645161290322,248
62D6A49514020FA0B2E434DB0B506005|7E56C27BFF0305E788DA55A029EC4988|NA|NA|2951C95505688DD443432F6D6FF93BC1,0.1007905138339921,506
033E492229C2222EFAA16EE8A6462D8B|D7D1FB49049702BF6338894757E0D959|4C90FD52FC53D2C1C205844CB69575AB|1B491180398E2F0390E6A588B3BCE291|079EABA496663B090C12502AB2841CF0,0.10062893081761007,477
9D307E5B713DE5E90D787BE9F802AFBB|7E56C27BFF0305E788DA55A029EC4988|4C90FD52FC53D2C1C205844CB69575AB|1B491180398E2F0390E6A588B3BCE291|5C0EF401E2C466E72CC5559C8674F369,0.10059171597633136,338
7F286560861764CCB93C90B7AA833949|D7D1FB49049702BF6338894757E0D959|NA|NA|7875B01C723500D08F9F30D110F81765,0.10047846889952153,209
B4B45C6CE5FC4DE45AB02974D8849DBD|D7D1FB49049702BF6338894757E0D959|NA|NA|08DB00AC287FC6F1B8810D90E15F7FB7,0.10044642857142858,448
E02400CDAD96905D88E932FE9B7D3552|7E56C27BFF0305E788DA55A029EC4988|921B36149E5B081FD24450BFE2CE4430|A5D15FC386510762EC0DDFF54ABE6F94|3AB5EF173708C4BCFCBFF75F3C84761E,0.10041048310704137,3167
111C91D6B0D89C84BF196FED8DBE7BBB|FF2C446555E3822B0E0FC3406116E86D|4C90FD52FC53D2C1C205844CB69575AB|A5D15FC386510762EC0DDFF54ABE6F94|7B4F751A5189AAA6315B6E9AEED5CA8F,0.10037174721189591,269
9D307E5B713DE5E90D787BE9F802AFBB|D7D1FB49049702BF6338894757E0D959|4C90FD52FC53D2C1C205844CB69575AB|C45A9AC6D102ACAEEDF0D6F78636D84A|FA24D126F45439FE742F2DAE7C559B36,0.1003584229390681,279
6A21F69EBA80612A04B0F6BAC857AAF2|7E56C27BFF0305E788DA55A029EC4988|NA|NA|688AAD314F886EA12C8D8CA1EAE3C42C,0.10032362459546926,309
033E492229C2222EFAA16EE8A6462D8B|D7D1FB49049702BF6338894757E0D959|4C90FD52FC53D2C1C205844CB69575AB|C45A9AC6D102ACAEEDF0D6F78636D84A|630CFBEA7AF62744CFFB2B418B97041C,0.10027855153203342,359
033E492229C2222EFAA16EE8A6462D8B|D7D1FB49049702BF6338894757E0D959|4C90FD52FC53D2C1C205844CB69575AB|C45A9AC6D102ACAEEDF0D6F78636D84A|D2DA2BB0114D88DDFBC16AD46632FD7E,0.10025706940874037,389
635623BABBB7DA2E072D8C339F606E15|D7D1FB49049702BF6338894757E0D959|NA|NA|1AD88E8AA30F484D8C964799C4627677,0.10005293806246691,1889
033E492229C2222EFAA16EE8A6462D8B|7E56C27BFF0305E788DA55A029EC4988|921B36149E5B081FD24450BFE2CE4430|A5D15FC386510762EC0DDFF54ABE6F94|FB81E7C836AE3BE3A8FB018942AC6B29,0.1,250
033E492229C2222EFAA16EE8A6462D8B|FF2C446555E3822B0E0FC3406116E86D|4C90FD52FC53D2C1C205844CB69575AB|1B491180398E2F0390E6A588B3BCE291|FAA11670030E98B385F724C13B811F42,0.1,230
033E492229C2222EFAA16EE8A6462D8B|D7D1FB49049702BF6338894757E0D959|4C90FD52FC53D2C1C205844CB69575AB|A5D15FC386510762EC0DDFF54ABE6F94|CB9944F2553618238FC65DCE69E676D4,0.1,200
E02400CDAD96905D88E932FE9B7D3552|7E56C27BFF0305E788DA55A029EC4988|921B36149E5B081FD24450BFE2CE4430|A5D15FC386510762EC0DDFF54ABE6F94|7B7BB07C348B857C2997D51EA398326C,0.1,250
7F286560861764CCB93C90B7AA833949|D7D1FB49049702BF6338894757E0D959|NA|NA|9DB6DE62E751F0106CC19E022DBC191F,0.1,230
7F286560861764CCB93C90B7AA833949|7E56C27BFF0305E788DA55A029EC4988|NA|A5D15FC386510762EC0DDFF54ABE6F94|EC27B164DDDFF0D623517D1652912E38,0.1,210
E02400CDAD96905D88E932FE9B7D3552|7E56C27BFF0305E788DA55A029EC4988|921B36149E5B081FD24450BFE2CE4430|A5D15FC386510762EC0DDFF54ABE6F94|DD401846A3FD6660BB11177DE6D7D2A5,0.09984152139461172,631
62D6A49514020FA0B2E434DB0B506005|7E56C27BFF0305E788DA55A029EC4988|NA|NA|116ACBB7E1881C29A6EB95E3CA0E53D3,0.09978880675818373,11364
033E492229C2222EFAA16EE8A6462D8B|D7D1FB49049702BF6338894757E0D959|4C90FD52FC53D2C1C205844CB69575AB|C45A9AC6D102ACAEEDF0D6F78636D84A|04DE24CF8BCBF7C0992FDB04DE992012,0.0997229916897507,361
635623BABBB7DA2E072D8C339F606E15|D7D1FB49049702BF6338894757E0D959|NA|NA|22489335CE80B9CFCE85DEFED4C47820,0.09965635738831616,291
033E492229C2222EFAA16EE8A6462D8B|7E56C27BFF0305E788DA55A029EC4988|4C90FD52FC53D2C1C205844CB69575AB|1B491180398E2F0390E6A588B3BCE291|F15DCA9E43DF2C07E9A9DA8E69CB1037,0.09957325746799431,703
13C26D10258053889D75D9B9CA922EC7|7E56C27BFF0305E788DA55A029EC4988|NA|NA|C440B1FD6D2B241C702A562C504CBB50,0.09955555555555555,1125
635623BABBB7DA2E072D8C339F606E15|D7D1FB49049702BF6338894757E0D959|NA|NA|AD3E916EEC73811E10BE7ADD48A01F68,0.09954007884362681,3044
033E492229C2222EFAA16EE8A6462D8B|7E56C27BFF0305E788DA55A029EC4988|4C90FD52FC53D2C1C205844CB69575AB|C45A9AC6D102ACAEEDF0D6F78636D84A|88DC814F61E4FB44F16B583C58EC93CD,0.0995260663507109,422
033E492229C2222EFAA16EE8A6462D8B|7E56C27BFF0305E788DA55A029EC4988|4C90FD52FC53D2C1C205844CB69575AB|1B491180398E2F0390E6A588B3BCE291|B53A7E0987908402AAE7322B17538514,0.09950248756218906,804
033E492229C2222EFAA16EE8A6462D8B|D7D1FB49049702BF6338894757E0D959|4C90FD52FC53D2C1C205844CB69575AB|1B491180398E2F0390E6A588B3BCE291|8719CE59A4ED034DC891C5070E29B507,0.09948032665181886,1347
635623BABBB7DA2E072D8C339F606E15|D7D1FB49049702BF6338894757E0D959|NA|NA|109C9EFB9C0B130E922078B1FF68FB08,0.09938837920489296,1308
E02400CDAD96905D88E932FE9B7D3552|7E56C27BFF0305E788DA55A029EC4988|921B36149E5B081FD24450BFE2CE4430|A5D15FC386510762EC0DDFF54ABE6F94|1548DF691A36BB8D67FCCA1CB8E93842,0.09933774834437085,604
033E492229C2222EFAA16EE8A6462D8B|FF2C446555E3822B0E0FC3406116E86D|4C90FD52FC53D2C1C205844CB69575AB|A5D15FC386510762EC0DDFF54ABE6F94|D94B395DCBDB81933A64090916E99424,0.09929078014184398,282
7F286560861764CCB93C90B7AA833949|FF2C446555E3822B0E0FC3406116E86D|NA|NA|24D4F8D30C3029FD1D24B305FDC06DBE,0.09925093632958802,2136
B4B45C6CE5FC4DE45AB02974D8849DBD|7E56C27BFF0305E788DA55A029EC4988|4C90FD52FC53D2C1C205844CB69575AB|A5D15FC386510762EC0DDFF54ABE6F94|A706BF8E0DC6304210E6F8FD362BD459,0.0992063492063492,252
635623BABBB7DA2E072D8C339F606E15|7E56C27BFF0305E788DA55A029EC4988|NA|NA|B472C3BA8EB25F5B9ECF7DB2ED25BA0C,0.09911978568694986,2613
88CED8BA3AA711A20ACF8B1FC574F218|D7D1FB49049702BF6338894757E0D959|NA|NA|50FD889CF96E216CF14270A7632CB1FB,0.09907640638119228,1191
7532B3FBAFEC164460C4ED6FEB0C022C|D7D1FB49049702BF6338894757E0D959|NA|NA|857F841D4C331405E7C3755AB913F483,0.09898989898989899,495
13C26D10258053889D75D9B9CA922EC7|D7D1FB49049702BF6338894757E0D959|NA|NA|5D9D6D88509BBE7003BBEBE4B98A4C31,0.09893522626441881,2254
7F286560861764CCB93C90B7AA833949|D7D1FB49049702BF6338894757E0D959|NA|A5D15FC386510762EC0DDFF54ABE6F94|17ED1FB598BD22D6DA34BFB98B364D1A,0.09885057471264368,435
B4B45C6CE5FC4DE45AB02974D8849DBD|7E56C27BFF0305E788DA55A029EC4988|NA|NA|B8C0FE637FD5FF6EC39C94265ADB17C3,0.09880239520958084,334
033E492229C2222EFAA16EE8A6462D8B|7E56C27BFF0305E788DA55A029EC4988|4C90FD52FC53D2C1C205844CB69575AB|1B491180398E2F0390E6A588B3BCE291|75EC1C14719987701220BD2E048B548B,0.09879518072289156,415
033E492229C2222EFAA16EE8A6462D8B|7E56C27BFF0305E788DA55A029EC4988|4C90FD52FC53D2C1C205844CB69575AB|1B491180398E2F0390E6A588B3BCE291|D619A21D273F4610C59327B9B5295EF1,0.09876543209876543,243
9D307E5B713DE5E90D787BE9F802AFBB|7E56C27BFF0305E788DA55A029EC4988|4C90FD52FC53D2C1C205844CB69575AB|C45A9AC6D102ACAEEDF0D6F78636D84A|0028E9FDA4F99C7B7D7B5EA576F9A62C,0.09865470852017937,223
033E492229C2222EFAA16EE8A6462D8B|D7D1FB49049702BF6338894757E0D959|4C90FD52FC53D2C1C205844CB69575AB|1B491180398E2F0390E6A588B3BCE291|C8EE11AC751CB950595BC6596BC3C000,0.09863945578231292,294
7F286560861764CCB93C90B7AA833949|7E56C27BFF0305E788DA55A029EC4988|NA|NA|06ED4E319EEDD83AA4B4A38574ACD204,0.09863945578231292,294
033E492229C2222EFAA16EE8A6462D8B|7E56C27BFF0305E788DA55A029EC4988|4C90FD52FC53D2C1C205844CB69575AB|A5D15FC386510762EC0DDFF54ABE6F94|42F3860B1FF15084296A981A4A1BB459,0.0986093552465234,3164
7F286560861764CCB93C90B7AA833949|D7D1FB49049702BF6338894757E0D959|NA|NA|517F6C3881913AD8B992168999A2BCFA,0.09843400447427293,447
635623BABBB7DA2E072D8C339F606E15|D7D1FB49049702BF6338894757E0D959|NA|NA|E7038833DB0E8EAE69CF6BBF014AE7C5,0.09835385253838705,7229
033E492229C2222EFAA16EE8A6462D8B|7E56C27BFF0305E788DA55A029EC4988|4C90FD52FC53D2C1C205844CB69575AB|1B491180398E2F0390E6A588B3BCE291|D66031A219506E11A6503E8938463817,0.09831460674157304,356
9D307E5B713DE5E90D787BE9F802AFBB|7E56C27BFF0305E788DA55A029EC4988|88460293E9517D21E39AA889BD5AADC8|A5D15FC386510762EC0DDFF54ABE6F94|23036333705F6CCBEF831C1D1E3F629F,0.09829059829059829,234
033E492229C2222EFAA16EE8A6462D8B|D7D1FB49049702BF6338894757E0D959|4C90FD52FC53D2C1C205844CB69575AB|1B491180398E2F0390E6A588B3BCE291|F15DCA9E43DF2C07E9A9DA8E69CB1037,0.09815950920245399,326
033E492229C2222EFAA16EE8A6462D8B|7E56C27BFF0305E788DA55A029EC4988|4C90FD52FC53D2C1C205844CB69575AB|A5D15FC386510762EC0DDFF54ABE6F94|B44DB6C821809F15EAAE08CB92BE000D,0.09815078236130868,703
033E492229C2222EFAA16EE8A6462D8B|D7D1FB49049702BF6338894757E0D959|4C90FD52FC53D2C1C205844CB69575AB|C45A9AC6D102ACAEEDF0D6F78636D84A|CE66DA391EF4494DC9A35494B33B9C86,0.09803921568627451,204
13C26D10258053889D75D9B9CA922EC7|D7D1FB49049702BF6338894757E0D959|NA|NA|4E1C2BB34BBA2407AB43585C3EA5D426,0.09803921568627451,204
7F286560861764CCB93C90B7AA833949|D7D1FB49049702BF6338894757E0D959|NA|NA|38D70D76FA79022E9EED2C4E6F6A97FA,0.09797297297297297,296
033E492229C2222EFAA16EE8A6462D8B|7E56C27BFF0305E788DA55A029EC4988|4C90FD52FC53D2C1C205844CB69575AB|1B491180398E2F0390E6A588B3BCE291|1C706AAA03DE5DE9DC3BE1785BD8653E,0.0979381443298969,970
7F286560861764CCB93C90B7AA833949|FF2C446555E3822B0E0FC3406116E86D|NA|NA|1D3BFF4E8F5932B394B5C7B293DE3E81,0.09792284866468842,337
5D656311CF9F47E34248BE9FBFF194A0|D7D1FB49049702BF6338894757E0D959|NA|NA|CD7F70779475761780E8E2072081BE23,0.09787234042553192,235
9D307E5B713DE5E90D787BE9F802AFBB|7E56C27BFF0305E788DA55A029EC4988|4C90FD52FC53D2C1C205844CB69575AB|1B491180398E2F0390E6A588B3BCE291|E46F64F65578198820AD567DB9E37021,0.09787234042553192,235
5D656311CF9F47E34248BE9FBFF194A0|D7D1FB49049702BF6338894757E0D959|NA|NA|5D9D6D88509BBE7003BBEBE4B98A4C31,0.09786012526096033,7664
13C26D10258053889D75D9B9CA922EC7|D7D1FB49049702BF6338894757E0D959|4C90FD52FC53D2C1C205844CB69575AB|C45A9AC6D102ACAEEDF0D6F78636D84A|74B040CF7EFE9836718C19173BDFE539,0.09782608695652174,276
033E492229C2222EFAA16EE8A6462D8B|FF2C446555E3822B0E0FC3406116E86D|4C90FD52FC53D2C1C205844CB69575AB|1B491180398E2F0390E6A588B3BCE291|B56FAF4FF95571934D31101BEECBFB74,0.0978013646702047,1319
7F286560861764CCB93C90B7AA833949|FF2C446555E3822B0E0FC3406116E86D|NA|NA|C0D6D6AA9F0FC898AAE616DE33C9CCD4,0.09779179810725552,317
7532B3FBAFEC164460C4ED6FEB0C022C|D7D1FB49049702BF6338894757E0D959|4C90FD52FC53D2C1C205844CB69575AB|A5D15FC386510762EC0DDFF54ABE6F94|10DDE3CEC52BA0EABA5E8AFFE53B9D23,0.09777777777777778,225
62D6A49514020FA0B2E434DB0B506005|FF2C446555E3822B0E0FC3406116E86D|NA|NA|4E8D5B131CE7AB2EF7CEAADDEF936A90,0.09761904761904762,420
944B2A351FEFAC79AEAA9DA57E1B351F|D7D1FB49049702BF6338894757E0D959|NA|NA|CD51782A85435187F659FD0F72CB54C6,0.09761904761904762,420
033E492229C2222EFAA16EE8A6462D8B|D7D1FB49049702BF6338894757E0D959|4C90FD52FC53D2C1C205844CB69575AB|C45A9AC6D102ACAEEDF0D6F78636D84A|A103333C932B7B5A9CB6D491DD2482C7,0.0975609756097561,533
62D6A49514020FA0B2E434DB0B506005|D7D1FB49049702BF6338894757E0D959|NA|NA|A86677D924EBA1410B57F92808097754,0.09753231492361927,851
9D307E5B713DE5E90D787BE9F802AFBB|FF2C446555E3822B0E0FC3406116E86D|4C90FD52FC53D2C1C205844CB69575AB|A5D15FC386510762EC0DDFF54ABE6F94|21C3F9F07228094AEC57D54D4F194023,0.09745762711864407,236
7532B3FBAFEC164460C4ED6FEB0C022C|7E56C27BFF0305E788DA55A029EC4988|921B36149E5B081FD24450BFE2CE4430|A5D15FC386510762EC0DDFF54ABE6F94|7E526652718C970D929FA804DD3CA207,0.09743589743589744,390
EC997D43AC86A75D9B88A1051F86A67C|7E56C27BFF0305E788DA55A029EC4988|NA|NA|5AD8511587B1F15267A4CF46777C2ADA,0.09743589743589744,585
033E492229C2222EFAA16EE8A6462D8B|FF2C446555E3822B0E0FC3406116E86D|538912C31E773613AB51FBAE58492476|D7B42B0C4D807EF1C13F79948743E9DA|6F2803C343F6DA0602D3B008D02C7113,0.09741114523913998,2279
13C26D10258053889D75D9B9CA922EC7|D7D1FB49049702BF6338894757E0D959|NA|NA|8E05144B4F9E50D7C649B2E4B4E25B7B,0.09740259740259741,308
DDC2B3CC38945E431DE1B3F59EC56680|7E56C27BFF0305E788DA55A029EC4988|NA|NA|8D19B59BEA06777A4E3BE0146A561612,0.09736540664375716,873
033E492229C2222EFAA16EE8A6462D8B|D7D1FB49049702BF6338894757E0D959|4C90FD52FC53D2C1C205844CB69575AB|A5D15FC386510762EC0DDFF54ABE6F94|1D3BFF4E8F5932B394B5C7B293DE3E81,0.09727626459143969,514
62D6A49514020FA0B2E434DB0B506005|FF2C446555E3822B0E0FC3406116E86D|NA|NA|24D4F8D30C3029FD1D24B305FDC06DBE,0.09719883667534057,6533
033E492229C2222EFAA16EE8A6462D8B|D7D1FB49049702BF6338894757E0D959|4C90FD52FC53D2C1C205844CB69575AB|1B491180398E2F0390E6A588B3BCE291|EB1FF27B5C56B95C4C78DD88521A4861,0.0970873786407767,927
13C26D10258053889D75D9B9CA922EC7|D7D1FB49049702BF6338894757E0D959|NA|NA|C879D5380D1E645632D9FA9A518202CA,0.09705882352941177,340
DDC2B3CC38945E431DE1B3F59EC56680|D7D1FB49049702BF6338894757E0D959|NA|NA|1333E57ACE8A1BCD4724E837503E6EFD,0.0970464135021097,237
62D6A49514020FA0B2E434DB0B506005|D7D1FB49049702BF6338894757E0D959|NA|NA|34C1E2FD68192376FF4AF6AD2E5CE160,0.09698996655518395,299
635623BABBB7DA2E072D8C339F606E15|7E56C27BFF0305E788DA55A029EC4988|NA|NA|AFD15FEF00356D8AE1692A8DE37337DF,0.09696969696969697,330
13C26D10258053889D75D9B9CA922EC7|7E56C27BFF0305E788DA55A029EC4988|NA|NA|02CE62C74E02704DC3E033ED11FE6EFB,0.09695290858725762,361
88CED8BA3AA711A20ACF8B1FC574F218|D7D1FB49049702BF6338894757E0D959|NA|NA|241F4AEF603A870742F48E3ED05071ED,0.09689922480620156,258
033E492229C2222EFAA16EE8A6462D8B|7E56C27BFF0305E788DA55A029EC4988|4C90FD52FC53D2C1C205844CB69575AB|1B491180398E2F0390E6A588B3BCE291|1C01A3A78F431232658331196A0C0023,0.09681998864281659,3522
5D656311CF9F47E34248BE9FBFF194A0|D7D1FB49049702BF6338894757E0D959|NA|NA|D44C6579AC6189703528314EF3429724,0.0967741935483871,248
62D6A49514020FA0B2E434DB0B506005|7E56C27BFF0305E788DA55A029EC4988|NA|NA|66B82DDB65B4E19B57724114CEF5FFA5,0.09676531314521679,7265
033E492229C2222EFAA16EE8A6462D8B|7E56C27BFF0305E788DA55A029EC4988|4C90FD52FC53D2C1C205844CB69575AB|A5D15FC386510762EC0DDFF54ABE6F94|FAB1AF3C4A304CAF67E358B4CE0A3407,0.09673366834170855,1592
E02400CDAD96905D88E932FE9B7D3552|7E56C27BFF0305E788DA55A029EC4988|921B36149E5B081FD24450BFE2CE4430|A5D15FC386510762EC0DDFF54ABE6F94|FC96C69F67E781A74FAEC89C8014D272,0.09669101847872798,2327
033E492229C2222EFAA16EE8A6462D8B|D7D1FB49049702BF6338894757E0D959|4C90FD52FC53D2C1C205844CB69575AB|A5D15FC386510762EC0DDFF54ABE6F94|21813EB0EBE0BB7CFB54B52EA6296FD4,0.09665427509293681,538
7F286560861764CCB93C90B7AA833949|7E56C27BFF0305E788DA55A029EC4988|4C90FD52FC53D2C1C205844CB69575AB|A5D15FC386510762EC0DDFF54ABE6F94|505DB187E5EE959819C661221206909E,0.0966183574879227,207
7F286560861764CCB93C90B7AA833949|FF2C446555E3822B0E0FC3406116E86D|NA|NA|F378349B58EBBD5DE33FABB3764BD47D,0.09660107334525939,559
033E492229C2222EFAA16EE8A6462D8B|D7D1FB49049702BF6338894757E0D959|A443B40A19DB45968C2825CE225368DF|D7B42B0C4D807EF1C13F79948743E9DA|DDA08B25049F71A36C9EEB0710CE23D6,0.09659090909090909,352
7F286560861764CCB93C90B7AA833949|D7D1FB49049702BF6338894757E0D959|4C90FD52FC53D2C1C205844CB69575AB|1B491180398E2F0390E6A588B3BCE291|AAB3B523C26F0DFD22D8F900B8BDE283,0.09652509652509653,259
13C26D10258053889D75D9B9CA922EC7|7E56C27BFF0305E788DA55A029EC4988|NA|NA|79FFA3643E57ABA57D8D79EBFB894387,0.09651898734177215,632
7F286560861764CCB93C90B7AA833949|D7D1FB49049702BF6338894757E0D959|NA|NA|27009C282B3E48E22294DC1E164E79DA,0.0963855421686747,249
033E492229C2222EFAA16EE8A6462D8B|D7D1FB49049702BF6338894757E0D959|4C90FD52FC53D2C1C205844CB69575AB|1B491180398E2F0390E6A588B3BCE291|9E50590CE978C80CFD34CEE96BC7BAF1,0.0962962962962963,270
13C26D10258053889D75D9B9CA922EC7|7E56C27BFF0305E788DA55A029EC4988|4C90FD52FC53D2C1C205844CB69575AB|C45A9AC6D102ACAEEDF0D6F78636D84A|96C28406160F09E4AE05818D64BE3695,0.09627329192546584,322
033E492229C2222EFAA16EE8A6462D8B|D7D1FB49049702BF6338894757E0D959|4C90FD52FC53D2C1C205844CB69575AB|1B491180398E2F0390E6A588B3BCE291|5FFB28958DAE396758633654DCB967D5,0.09625212947189098,1174
E02400CDAD96905D88E932FE9B7D3552|7E56C27BFF0305E788DA55A029EC4988|NA|NA|B1307FE5A41D1B598A37FA0A26B71DFE,0.09624413145539906,5964
033E492229C2222EFAA16EE8A6462D8B|7E56C27BFF0305E788DA55A029EC4988|4C90FD52FC53D2C1C205844CB69575AB|1B491180398E2F0390E6A588B3BCE291|F1F8C33BE568D5026BEB8621666F391A,0.09622641509433963,530
635623BABBB7DA2E072D8C339F606E15|D7D1FB49049702BF6338894757E0D959|NA|NA|91CCBB469566D1E6C473F5EE7DCC15D3,0.09615384615384616,416
EC997D43AC86A75D9B88A1051F86A67C|FF2C446555E3822B0E0FC3406116E86D|0CD76C7030D0900BE250C8D41703D180|A5D15FC386510762EC0DDFF54ABE6F94|A85ACBD454B7550280E2E6F0685C50B5,0.09615384615384616,208
62D6A49514020FA0B2E434DB0B506005|FF2C446555E3822B0E0FC3406116E86D|NA|NA|38ADFC142F85F62EFFA546D5A064A2C3,0.09615384615384616,260
EC997D43AC86A75D9B88A1051F86A67C|D7D1FB49049702BF6338894757E0D959|NA|NA|244D177967B03058DA8B2CC7E572B014,0.0960960960960961,333
033E492229C2222EFAA16EE8A6462D8B|D7D1FB49049702BF6338894757E0D959|4C90FD52FC53D2C1C205844CB69575AB|1B491180398E2F0390E6A588B3BCE291|A103333C932B7B5A9CB6D491DD2482C7,0.09606986899563319,229
EC997D43AC86A75D9B88A1051F86A67C|D7D1FB49049702BF6338894757E0D959|4C90FD52FC53D2C1C205844CB69575AB|A5D15FC386510762EC0DDFF54ABE6F94|2B18118F979F0D29BF22178016827B9F,0.09606986899563319,229
033E492229C2222EFAA16EE8A6462D8B|7E56C27BFF0305E788DA55A029EC4988|88460293E9517D21E39AA889BD5AADC8|C45A9AC6D102ACAEEDF0D6F78636D84A|08064AF40B89C5077D515E041B76BD0A,0.09606986899563319,229
7F286560861764CCB93C90B7AA833949|7E56C27BFF0305E788DA55A029EC4988|NA|NA|F378349B58EBBD5DE33FABB3764BD47D,0.0959792477302205,771
033E492229C2222EFAA16EE8A6462D8B|7E56C27BFF0305E788DA55A029EC4988|4C90FD52FC53D2C1C205844CB69575AB|C45A9AC6D102ACAEEDF0D6F78636D84A|A126AD660E563106161CB33316EF54FE,0.0958904109589041,219
E02400CDAD96905D88E932FE9B7D3552|7E56C27BFF0305E788DA55A029EC4988|921B36149E5B081FD24450BFE2CE4430|A5D15FC386510762EC0DDFF54ABE6F94|BDE8FBAA9FDCE9CE53D932C34FC09B09,0.09586755646817248,7792
7F286560861764CCB93C90B7AA833949|D7D1FB49049702BF6338894757E0D959|NA|NA|BB3C3DE13D9C2285F91600B148F4A76E,0.09585492227979274,386
033E492229C2222EFAA16EE8A6462D8B|7E56C27BFF0305E788DA55A029EC4988|4C90FD52FC53D2C1C205844CB69575AB|A5D15FC386510762EC0DDFF54ABE6F94|96E619640B34DA9AB3CE096BB5A644C0,0.09577278731836196,3028
033E492229C2222EFAA16EE8A6462D8B|7E56C27BFF0305E788DA55A029EC4988|4C90FD52FC53D2C1C205844CB69575AB|1B491180398E2F0390E6A588B3BCE291|006BF7E19650E869A7E07335C07ECD0E,0.09573672400897532,1337
635623BABBB7DA2E072D8C339F606E15|D7D1FB49049702BF6338894757E0D959|NA|NA|FD2994FDC3A60EE6234CADF1FE63BCC3,0.09569377990430622,209
033E492229C2222EFAA16EE8A6462D8B|7E56C27BFF0305E788DA55A029EC4988|4C90FD52FC53D2C1C205844CB69575AB|A5D15FC386510762EC0DDFF54ABE6F94|26310B2E8CE3DB83301584EE8FD1E341,0.09565987599645705,1129
033E492229C2222EFAA16EE8A6462D8B|7E56C27BFF0305E788DA55A029EC4988|4C90FD52FC53D2C1C205844CB69575AB|C45A9AC6D102ACAEEDF0D6F78636D84A|C153E8F0FBDDA2D14CC066665B07AE35,0.09563812600969306,3095
033E492229C2222EFAA16EE8A6462D8B|7E56C27BFF0305E788DA55A029EC4988|4C90FD52FC53D2C1C205844CB69575AB|1B491180398E2F0390E6A588B3BCE291|D6576CAC43A758C901987FD71E6B784F,0.09561752988047809,251
13C26D10258053889D75D9B9CA922EC7|7E56C27BFF0305E788DA55A029EC4988|NA|NA|D26C66CD1BC5EF811217043EE5505E2B,0.09556607834696514,2323
635623BABBB7DA2E072D8C339F606E15|7E56C27BFF0305E788DA55A029EC4988|NA|NA|1F81D0EECCDD22ACFFA0599F14BFAA25,0.09544787077826726,681
635623BABBB7DA2E072D8C339F606E15|FF2C446555E3822B0E0FC3406116E86D|NA|NA|1AD88E8AA30F484D8C964799C4627677,0.09540636042402827,283
9D307E5B713DE5E90D787BE9F802AFBB|7E56C27BFF0305E788DA55A029EC4988|4C90FD52FC53D2C1C205844CB69575AB|C45A9AC6D102ACAEEDF0D6F78636D84A|ACA1251915D79E3324CB855F06A8E0CD,0.09540636042402827,283
13C26D10258053889D75D9B9CA922EC7|7E56C27BFF0305E788DA55A029EC4988|NA|NA|BD18AB51C4EC1B08BC9B4A4A0FC1DE9F,0.09536082474226804,388
033E492229C2222EFAA16EE8A6462D8B|7E56C27BFF0305E788DA55A029EC4988|4C90FD52FC53D2C1C205844CB69575AB|1B491180398E2F0390E6A588B3BCE291|4E529914EA1E0311310618142C5DEC69,0.09533678756476684,1930
033E492229C2222EFAA16EE8A6462D8B|7E56C27BFF0305E788DA55A029EC4988|4C90FD52FC53D2C1C205844CB69575AB|1B491180398E2F0390E6A588B3BCE291|3CD2B4EC2F691CD2D8FEB3881CECF280,0.09523809523809523,210
033E492229C2222EFAA16EE8A6462D8B|7E56C27BFF0305E788DA55A029EC4988|4C90FD52FC53D2C1C205844CB69575AB|1B491180398E2F0390E6A588B3BCE291|5885D4E459B2116BEDEB55F023329B18,0.09523809523809523,252
13C26D10258053889D75D9B9CA922EC7|D7D1FB49049702BF6338894757E0D959|NA|NA|8006CCF6857F06AA2D4F32B9F4BB83AF,0.09523809523809523,483
033E492229C2222EFAA16EE8A6462D8B|7E56C27BFF0305E788DA55A029EC4988|4C90FD52FC53D2C1C205844CB69575AB|1B491180398E2F0390E6A588B3BCE291|5DAF0031AD100C30DECEB8A50BF83E8B,0.0952109464082098,1754
033E492229C2222EFAA16EE8A6462D8B|D7D1FB49049702BF6338894757E0D959|4C90FD52FC53D2C1C205844CB69575AB|A5D15FC386510762EC0DDFF54ABE6F94|B5B4E4F79549395A98045CE392F4D3AF,0.09516380655226209,3846
EC997D43AC86A75D9B88A1051F86A67C|7E56C27BFF0305E788DA55A029EC4988|0CD76C7030D0900BE250C8D41703D180|A5D15FC386510762EC0DDFF54ABE6F94|64089FAF625318DB1E1FB38CD1C04A90,0.0950920245398773,326
62D6A49514020FA0B2E434DB0B506005|7E56C27BFF0305E788DA55A029EC4988|NA|NA|4E8D5B131CE7AB2EF7CEAADDEF936A90,0.09501289767841789,2326
033E492229C2222EFAA16EE8A6462D8B|7E56C27BFF0305E788DA55A029EC4988|4C90FD52FC53D2C1C205844CB69575AB|C45A9AC6D102ACAEEDF0D6F78636D84A|F95F97D756E5022734601BEC9D494F6C,0.095,200
7F286560861764CCB93C90B7AA833949|7E56C27BFF0305E788DA55A029EC4988|NA|A5D15FC386510762EC0DDFF54ABE6F94|FB05F67B7E868983840F2DEAA11082B9,0.09495192307692307,832
13C26D10258053889D75D9B9CA922EC7|7E56C27BFF0305E788DA55A029EC4988|NA|NA|7DBD828C0AC195DCD3BAA4DA8DD220E1,0.09486166007905138,253
B4B45C6CE5FC4DE45AB02974D8849DBD|7E56C27BFF0305E788DA55A029EC4988|NA|NA|3F8E71155CA86BE347F00735875CA874,0.09480566654558663,2753
88CED8BA3AA711A20ACF8B1FC574F218|7E56C27BFF0305E788DA55A029EC4988|NA|NA|0B242EBC0ACCF7ACFA8B73D33B697AC5,0.0947867298578199,211
7532B3FBAFEC164460C4ED6FEB0C022C|D7D1FB49049702BF6338894757E0D959|NA|NA|FCD71A335DE827A62DB43F82E6FBD5FF,0.0947867298578199,211
7F286560861764CCB93C90B7AA833949|D7D1FB49049702BF6338894757E0D959|NA|NA|B90E605811C70B18D5DE34A523B77C60,0.09473684210526316,665
033E492229C2222EFAA16EE8A6462D8B|7E56C27BFF0305E788DA55A029EC4988|88460293E9517D21E39AA889BD5AADC8|A5D15FC386510762EC0DDFF54ABE6F94|CF144BB67D9D993489D757D9C1FD087A,0.09473684210526316,285
13C26D10258053889D75D9B9CA922EC7|7E56C27BFF0305E788DA55A029EC4988|4C90FD52FC53D2C1C205844CB69575AB|A5D15FC386510762EC0DDFF54ABE6F94|D26C66CD1BC5EF811217043EE5505E2B,0.09471094710947109,813
62D6A49514020FA0B2E434DB0B506005|7E56C27BFF0305E788DA55A029EC4988|NA|NA|19FDFE72A028C42899A0FC42955B6F94,0.09465020576131687,243
B4B45C6CE5FC4DE45AB02974D8849DBD|7E56C27BFF0305E788DA55A029EC4988|921B36149E5B081FD24450BFE2CE4430|A5D15FC386510762EC0DDFF54ABE6F94|58DEEAF370741AA3CDF0330F6AB913B6,0.09460834181078331,983
B4B45C6CE5FC4DE45AB02974D8849DBD|7E56C27BFF0305E788DA55A029EC4988|NA|NA|4F1F93F65CDC91886883DBB25E60563E,0.09453302961275627,878
88CED8BA3AA711A20ACF8B1FC574F218|7E56C27BFF0305E788DA55A029EC4988|NA|NA|D4E4A4FC016480C34B8F5FC5E9881BB0,0.0945179584120983,2116
635623BABBB7DA2E072D8C339F606E15|D7D1FB49049702BF6338894757E0D959|NA|NA|1999540C822C969BE735CD2BAA22E146,0.09442353746151215,2923
111C91D6B0D89C84BF196FED8DBE7BBB|D7D1FB49049702BF6338894757E0D959|NA|NA|C97B5370646B70CA6A6AB99F83D22CD7,0.0944206008583691,233
62D6A49514020FA0B2E434DB0B506005|7E56C27BFF0305E788DA55A029EC4988|NA|NA|F8B6FECD8697EF3824FC13093A513FEC,0.0944,625
635623BABBB7DA2E072D8C339F606E15|D7D1FB49049702BF6338894757E0D959|NA|NA|C3E0B55C8797670F34629A4534CFFD1F,0.09438202247191012,445
B4B45C6CE5FC4DE45AB02974D8849DBD|FF2C446555E3822B0E0FC3406116E86D|88460293E9517D21E39AA889BD5AADC8|A5D15FC386510762EC0DDFF54ABE6F94|F64B3D25DB31DD470EBFADCAB077AA3F,0.09437386569872959,551
635623BABBB7DA2E072D8C339F606E15|7E56C27BFF0305E788DA55A029EC4988|NA|NA|7DF21487D3DE8842C97D1333B0524E4A,0.09431651151396374,4082
033E492229C2222EFAA16EE8A6462D8B|7E56C27BFF0305E788DA55A029EC4988|4C90FD52FC53D2C1C205844CB69575AB|1B491180398E2F0390E6A588B3BCE291|667D73AF1C9B18B25A2EFE5985745438,0.09427609427609428,297
9D307E5B713DE5E90D787BE9F802AFBB|D7D1FB49049702BF6338894757E0D959|4C90FD52FC53D2C1C205844CB69575AB|A5D15FC386510762EC0DDFF54ABE6F94|39B5C5BE493B3A06B17D9FA6A42B75A6,0.09417596034696406,807
5D656311CF9F47E34248BE9FBFF194A0|FF2C446555E3822B0E0FC3406116E86D|NA|NA|5D9D6D88509BBE7003BBEBE4B98A4C31,0.09417040358744394,223
E02400CDAD96905D88E932FE9B7D3552|7E56C27BFF0305E788DA55A029EC4988|921B36149E5B081FD24450BFE2CE4430|A5D15FC386510762EC0DDFF54ABE6F94|9C60E4AC0F639215762FC1E94FCE6B5B,0.09406392694063927,4380
7F286560861764CCB93C90B7AA833949|7E56C27BFF0305E788DA55A029EC4988|921B36149E5B081FD24450BFE2CE4430|A5D15FC386510762EC0DDFF54ABE6F94|D9F4E2D6CD7E2E4624E794089A055C10,0.09395973154362416,298
B83EF4115DC165749F3FCB737CC1044D|D7D1FB49049702BF6338894757E0D959|NA|NA|9CC0920315B02B9B09D3DA794E93943D,0.09389383246394599,3259
B4B45C6CE5FC4DE45AB02974D8849DBD|D7D1FB49049702BF6338894757E0D959|4C90FD52FC53D2C1C205844CB69575AB|A5D15FC386510762EC0DDFF54ABE6F94|NA,0.0938634713144517,5508
62D6A49514020FA0B2E434DB0B506005|7E56C27BFF0305E788DA55A029EC4988|NA|NA|03BE4F2D19F715C94114D12256166F49,0.0938337801608579,373
635623BABBB7DA2E072D8C339F606E15|D7D1FB49049702BF6338894757E0D959|NA|NA|7AB33D393A636E3D1B883A548021CFED,0.09381237524950099,3507
E02400CDAD96905D88E932FE9B7D3552|D7D1FB49049702BF6338894757E0D959|88460293E9517D21E39AA889BD5AADC8|C45A9AC6D102ACAEEDF0D6F78636D84A|NA,0.09379070777247069,2303
9D307E5B713DE5E90D787BE9F802AFBB|7E56C27BFF0305E788DA55A029EC4988|4C90FD52FC53D2C1C205844CB69575AB|1B491180398E2F0390E6A588B3BCE291|F7AC010E050C1DC733AA12EE1F2A8C8C,0.09375,384
7F286560861764CCB93C90B7AA833949|7E56C27BFF0305E788DA55A029EC4988|NA|NA|DD932BA05661E48A68338643EB7AD4BF,0.09373069796170476,6476
033E492229C2222EFAA16EE8A6462D8B|D7D1FB49049702BF6338894757E0D959|4C90FD52FC53D2C1C205844CB69575AB|1B491180398E2F0390E6A588B3BCE291|D29D8BF15C3EC35BF18F72F85ECC2D76,0.09358288770053476,374
033E492229C2222EFAA16EE8A6462D8B|7E56C27BFF0305E788DA55A029EC4988|4C90FD52FC53D2C1C205844CB69575AB|1B491180398E2F0390E6A588B3BCE291|2BE3BED781AF57455FC44BB4BAE590E6,0.09357997823721437,919
13C26D10258053889D75D9B9CA922EC7|D7D1FB49049702BF6338894757E0D959|NA|NA|0066539E7A7A6DFAF19B60554F499480,0.09352517985611511,973
13C26D10258053889D75D9B9CA922EC7|D7D1FB49049702BF6338894757E0D959|88460293E9517D21E39AA889BD5AADC8|A5D15FC386510762EC0DDFF54ABE6F94|NA,0.09349593495934959,246
033E492229C2222EFAA16EE8A6462D8B|7E56C27BFF0305E788DA55A029EC4988|4C90FD52FC53D2C1C205844CB69575AB|A5D15FC386510762EC0DDFF54ABE6F94|F4A076AF4511D460A0EF78EC9FCCD6AB,0.09333333333333334,375
033E492229C2222EFAA16EE8A6462D8B|7E56C27BFF0305E788DA55A029EC4988|4C90FD52FC53D2C1C205844CB69575AB|C45A9AC6D102ACAEEDF0D6F78636D84A|7B4F751A5189AAA6315B6E9AEED5CA8F,0.09322033898305085,590
62D6A49514020FA0B2E434DB0B506005|D7D1FB49049702BF6338894757E0D959|88460293E9517D21E39AA889BD5AADC8|NA|AF8393D72184D72EC9D55D7C6B10DFD5,0.09320557491289198,2296
7F286560861764CCB93C90B7AA833949|7E56C27BFF0305E788DA55A029EC4988|NA|NA|C0D6D6AA9F0FC898AAE616DE33C9CCD4,0.09313725490196079,612
033E492229C2222EFAA16EE8A6462D8B|7E56C27BFF0305E788DA55A029EC4988|4C90FD52FC53D2C1C205844CB69575AB|1B491180398E2F0390E6A588B3BCE291|1A5152ACA961F6279A5E86BB202B5B68,0.09302325581395349,559
033E492229C2222EFAA16EE8A6462D8B|7E56C27BFF0305E788DA55A029EC4988|4C90FD52FC53D2C1C205844CB69575AB|C45A9AC6D102ACAEEDF0D6F78636D84A|07AE3A6696365F4390E726992343DDEB,0.09302325581395349,344
62D6A49514020FA0B2E434DB0B506005|7E56C27BFF0305E788DA55A029EC4988|NA|NA|9BE36E0BD1977E9957D494B84C7E819F,0.09302325581395349,1720
635623BABBB7DA2E072D8C339F606E15|D7D1FB49049702BF6338894757E0D959|NA|NA|DFF163EFD2EF6EB2E2D1868AE46BE204,0.0929783122181662,4657
62D6A49514020FA0B2E434DB0B506005|7E56C27BFF0305E788DA55A029EC4988|NA|NA|77290BDCB8C96B45F655FAA2FDDC353D,0.09297052154195011,441
033E492229C2222EFAA16EE8A6462D8B|D7D1FB49049702BF6338894757E0D959|4C90FD52FC53D2C1C205844CB69575AB|1B491180398E2F0390E6A588B3BCE291|ED0D37301B0A41E480084DE7D47FC586,0.09292929292929293,13365
7F286560861764CCB93C90B7AA833949|D7D1FB49049702BF6338894757E0D959|NA|NA|497D944F6CFE73DF3820CB6D47244B6D,0.09289617486338798,366
111C91D6B0D89C84BF196FED8DBE7BBB|D7D1FB49049702BF6338894757E0D959|NA|NA|87185D01110B3035816664D33C027386,0.09289617486338798,366
033E492229C2222EFAA16EE8A6462D8B|7E56C27BFF0305E788DA55A029EC4988|4C90FD52FC53D2C1C205844CB69575AB|C45A9AC6D102ACAEEDF0D6F78636D84A|321C82C284BFC5F9D004E32EBEE462BB,0.09281437125748503,334
5D656311CF9F47E34248BE9FBFF194A0|D7D1FB49049702BF6338894757E0D959|NA|NA|3BE1085B3A60FFBDDD9BE0A8CE9DACE3,0.09276018099547512,442
033E492229C2222EFAA16EE8A6462D8B|7E56C27BFF0305E788DA55A029EC4988|4C90FD52FC53D2C1C205844CB69575AB|1B491180398E2F0390E6A588B3BCE291|7B4F751A5189AAA6315B6E9AEED5CA8F,0.09274193548387097,496
7532B3FBAFEC164460C4ED6FEB0C022C|7E56C27BFF0305E788DA55A029EC4988|NA|NA|CF94CBB09B852BC9CB879FBFA8178317,0.09274193548387097,248
033E492229C2222EFAA16EE8A6462D8B|7E56C27BFF0305E788DA55A029EC4988|4C90FD52FC53D2C1C205844CB69575AB|1B491180398E2F0390E6A588B3BCE291|CB9944F2553618238FC65DCE69E676D4,0.09264497878359264,4242
62D6A49514020FA0B2E434DB0B506005|7E56C27BFF0305E788DA55A029EC4988|NA|NA|F98276131760E27F525696BFEDAC372E,0.09259259259259259,216
033E492229C2222EFAA16EE8A6462D8B|FF2C446555E3822B0E0FC3406116E86D|88460293E9517D21E39AA889BD5AADC8|A5D15FC386510762EC0DDFF54ABE6F94|F41B9EFE26058AFFB180779FBEB998DC,0.09256449165402124,659
033E492229C2222EFAA16EE8A6462D8B|D7D1FB49049702BF6338894757E0D959|4C90FD52FC53D2C1C205844CB69575AB|C45A9AC6D102ACAEEDF0D6F78636D84A|1F7FC5AEA3E698FA519CEE8A4806F472,0.09256198347107437,605
033E492229C2222EFAA16EE8A6462D8B|7E56C27BFF0305E788DA55A029EC4988|4C90FD52FC53D2C1C205844CB69575AB|1B491180398E2F0390E6A588B3BCE291|99A250CEE373389D6FBD3996FA7151E9,0.0925414364640884,1448
7F286560861764CCB93C90B7AA833949|7E56C27BFF0305E788DA55A029EC4988|4C90FD52FC53D2C1C205844CB69575AB|A5D15FC386510762EC0DDFF54ABE6F94|0F1E1B1D225F412B2B53D73A63F8E4BC,0.09251101321585903,227
7532B3FBAFEC164460C4ED6FEB0C022C|7E56C27BFF0305E788DA55A029EC4988|921B36149E5B081FD24450BFE2CE4430|A5D15FC386510762EC0DDFF54ABE6F94|936B1159B3F3089A397DC2958FCC9D84,0.09246575342465753,292
EC997D43AC86A75D9B88A1051F86A67C|FF2C446555E3822B0E0FC3406116E86D|0CD76C7030D0900BE250C8D41703D180|A5D15FC386510762EC0DDFF54ABE6F94|F9736BEF7C7B6086AEC613D59A54DDD6,0.09244992295839753,649
033E492229C2222EFAA16EE8A6462D8B|7E56C27BFF0305E788DA55A029EC4988|4C90FD52FC53D2C1C205844CB69575AB|1B491180398E2F0390E6A588B3BCE291|E7C3F8528F113651D62732A5A436593D,0.09243212016175621,1731
033E492229C2222EFAA16EE8A6462D8B|7E56C27BFF0305E788DA55A029EC4988|4C90FD52FC53D2C1C205844CB69575AB|1B491180398E2F0390E6A588B3BCE291|24AF59364D3973C8E3E35B1999FDAF21,0.09230769230769231,325
033E492229C2222EFAA16EE8A6462D8B|7E56C27BFF0305E788DA55A029EC4988|4C90FD52FC53D2C1C205844CB69575AB|1B491180398E2F0390E6A588B3BCE291|71742F939927AA3F7F3C97CBDD35B8CC,0.09210526315789473,380
033E492229C2222EFAA16EE8A6462D8B|7E56C27BFF0305E788DA55A029EC4988|4C90FD52FC53D2C1C205844CB69575AB|1B491180398E2F0390E6A588B3BCE291|6D3AD60F9BE3C4954F76B01F86A795A6,0.09207459207459208,858
62D6A49514020FA0B2E434DB0B506005|7E56C27BFF0305E788DA55A029EC4988|NA|NA|EC311796B27420B7F2FBECFA2A0FBD3A,0.09193245778611632,533
033E492229C2222EFAA16EE8A6462D8B|7E56C27BFF0305E788DA55A029EC4988|4C90FD52FC53D2C1C205844CB69575AB|1B491180398E2F0390E6A588B3BCE291|E9B9FD59450010DDDB885F5AFBFF3D52,0.09191176470588236,272
B4B45C6CE5FC4DE45AB02974D8849DBD|D7D1FB49049702BF6338894757E0D959|88460293E9517D21E39AA889BD5AADC8|C45A9AC6D102ACAEEDF0D6F78636D84A|NA,0.09190672153635117,2187
EC997D43AC86A75D9B88A1051F86A67C|7E56C27BFF0305E788DA55A029EC4988|NA|NA|B73F8C40D206F25361B6918DC48C2FF7,0.09174311926605505,218
033E492229C2222EFAA16EE8A6462D8B|D7D1FB49049702BF6338894757E0D959|4C90FD52FC53D2C1C205844CB69575AB|1B491180398E2F0390E6A588B3BCE291|8496D9864998438CA0C262EC5C6DB19A,0.09172259507829977,447
88CED8BA3AA711A20ACF8B1FC574F218|D7D1FB49049702BF6338894757E0D959|4C90FD52FC53D2C1C205844CB69575AB|1B491180398E2F0390E6A588B3BCE291|184F7F677D7DE802477016DB8965BBB7,0.09170305676855896,229
7532B3FBAFEC164460C4ED6FEB0C022C|7E56C27BFF0305E788DA55A029EC4988|NA|NA|D7351C81ADEC61DB42809C4FE9E6043B,0.09166666666666666,360
62D6A49514020FA0B2E434DB0B506005|FF2C446555E3822B0E0FC3406116E86D|88460293E9517D21E39AA889BD5AADC8|NA|AF8393D72184D72EC9D55D7C6B10DFD5,0.09164420485175202,371
033E492229C2222EFAA16EE8A6462D8B|7E56C27BFF0305E788DA55A029EC4988|4C90FD52FC53D2C1C205844CB69575AB|1B491180398E2F0390E6A588B3BCE291|543482EA544EED1B1B8B93682AB972F8,0.09163346613545817,251
033E492229C2222EFAA16EE8A6462D8B|7E56C27BFF0305E788DA55A029EC4988|4C90FD52FC53D2C1C205844CB69575AB|1B491180398E2F0390E6A588B3BCE291|3721AB968EC7F8DD283B1022D8F8C906,0.0915805022156573,677
88CED8BA3AA711A20ACF8B1FC574F218|7E56C27BFF0305E788DA55A029EC4988|NA|NA|20ACBDAC0D0647435B52D85EEFA87E31,0.09152542372881356,295
62D6A49514020FA0B2E434DB0B506005|7E56C27BFF0305E788DA55A029EC4988|NA|NA|DC8355D6299406A155A247E99F213FDE,0.0915032679738562,459
944B2A351FEFAC79AEAA9DA57E1B351F|7E56C27BFF0305E788DA55A029EC4988|NA|NA|1B9180B7F04A4584DA5E017CF6BD3F08,0.09145129224652088,503
033E492229C2222EFAA16EE8A6462D8B|7E56C27BFF0305E788DA55A029EC4988|4C90FD52FC53D2C1C205844CB69575AB|1B491180398E2F0390E6A588B3BCE291|0B4DF805F61266768F3236EEBFB650FA,0.09134615384615384,208
033E492229C2222EFAA16EE8A6462D8B|FF2C446555E3822B0E0FC3406116E86D|4C90FD52FC53D2C1C205844CB69575AB|C45A9AC6D102ACAEEDF0D6F78636D84A|F7B97A2D17D426927E09CD572AF7C7F3,0.09129511677282377,471
7532B3FBAFEC164460C4ED6FEB0C022C|7E56C27BFF0305E788DA55A029EC4988|921B36149E5B081FD24450BFE2CE4430|A5D15FC386510762EC0DDFF54ABE6F94|1995A0A91237CB436AFDB5676C4F4708,0.09121245828698554,899
62D6A49514020FA0B2E434DB0B506005|7E56C27BFF0305E788DA55A029EC4988|NA|NA|3F94FAC734E34A7C02302FDA8F348C64,0.0911983032873807,943
13C26D10258053889D75D9B9CA922EC7|7E56C27BFF0305E788DA55A029EC4988|4C90FD52FC53D2C1C205844CB69575AB|1B491180398E2F0390E6A588B3BCE291|36536C66213448C37DF661273A6EA4D6,0.09119496855345911,318
E02400CDAD96905D88E932FE9B7D3552|7E56C27BFF0305E788DA55A029EC4988|921B36149E5B081FD24450BFE2CE4430|A5D15FC386510762EC0DDFF54ABE6F94|40F91E3A305BBDA078B7FC166B16E0DE,0.09117647058823529,340
7F286560861764CCB93C90B7AA833949|D7D1FB49049702BF6338894757E0D959|NA|NA|6974FE91917C76901A623D29E9700DE7,0.09113924050632911,395
033E492229C2222EFAA16EE8A6462D8B|7E56C27BFF0305E788DA55A029EC4988|88460293E9517D21E39AA889BD5AADC8|1B491180398E2F0390E6A588B3BCE291|FF1E04977D6985B75DECFA4A7CCC4C22,0.09113300492610837,406
635623BABBB7DA2E072D8C339F606E15|7E56C27BFF0305E788DA55A029EC4988|NA|NA|D57B51BD3B8118B4D4F06AB7EE23E141,0.09104704097116843,1318
033E492229C2222EFAA16EE8A6462D8B|7E56C27BFF0305E788DA55A029EC4988|4C90FD52FC53D2C1C205844CB69575AB|C45A9AC6D102ACAEEDF0D6F78636D84A|FAB1AF3C4A304CAF67E358B4CE0A3407,0.09102564102564102,780
033E492229C2222EFAA16EE8A6462D8B|FF2C446555E3822B0E0FC3406116E86D|88460293E9517D21E39AA889BD5AADC8|A5D15FC386510762EC0DDFF54ABE6F94|705BC549AFF7EFF0FB438E5BDDC40029,0.09090909090909091,220
7F286560861764CCB93C90B7AA833949|D7D1FB49049702BF6338894757E0D959|NA|NA|D1BCDA359E9C8183BA33151A4A62CCA4,0.09090909090909091,242
9D307E5B713DE5E90D787BE9F802AFBB|7E56C27BFF0305E788DA55A029EC4988|88460293E9517D21E39AA889BD5AADC8|A5D15FC386510762EC0DDFF54ABE6F94|9F1805099CA44241C369D8B47EBA180C,0.09090909090909091,209
62D6A49514020FA0B2E434DB0B506005|7E56C27BFF0305E788DA55A029EC4988|NA|NA|DF9AF88EE2F55CCABBAB6409D2201825,0.09090909090909091,253
B4B45C6CE5FC4DE45AB02974D8849DBD|D7D1FB49049702BF6338894757E0D959|4C90FD52FC53D2C1C205844CB69575AB|A5D15FC386510762EC0DDFF54ABE6F94|475B85B78C0E595616E40A995EC513B1,0.09090909090909091,605
B4B45C6CE5FC4DE45AB02974D8849DBD|7E56C27BFF0305E788DA55A029EC4988|921B36149E5B081FD24450BFE2CE4430|A5D15FC386510762EC0DDFF54ABE6F94|F07952F22ABAAD847384670276F0E986,0.09084473808400188,4238
7F286560861764CCB93C90B7AA833949|7E56C27BFF0305E788DA55A029EC4988|NA|NA|AB562BDE645ABEB4C4A44153CEE68A1B,0.09070422535211267,1775
13C26D10258053889D75D9B9CA922EC7|D7D1FB49049702BF6338894757E0D959|NA|NA|89F262CA6F3CFB28E5F76A37084D1B27,0.09069901790872328,1731
7532B3FBAFEC164460C4ED6FEB0C022C|D7D1FB49049702BF6338894757E0D959|NA|A5D15FC386510762EC0DDFF54ABE6F94|05C80D147A36B482098EF90C75DDD451,0.09068627450980392,408
944B2A351FEFAC79AEAA9DA57E1B351F|7E56C27BFF0305E788DA55A029EC4988|NA|NA|FDEE41518D74DA84E6D4B4ED2DBA8393,0.09056603773584905,265
13C26D10258053889D75D9B9CA922EC7|7E56C27BFF0305E788DA55A029EC4988|NA|NA|2A7A35B0F85EE2E42531E274BEC3FCB9,0.0905020032995522,4243
88CED8BA3AA711A20ACF8B1FC574F218|D7D1FB49049702BF6338894757E0D959|NA|NA|6BA8C3F901CE77067E94C1B499098882,0.09049773755656108,221
E02400CDAD96905D88E932FE9B7D3552|7E56C27BFF0305E788DA55A029EC4988|NA|NA|A69E99FBCBC6D9FCF4569BD168E3746E,0.09039395574743658,3706
7F286560861764CCB93C90B7AA833949|D7D1FB49049702BF6338894757E0D959|NA|NA|E9A927D1AA1A9CFAED7CFD4ED890ED83,0.09034267912772585,321
EC997D43AC86A75D9B88A1051F86A67C|7E56C27BFF0305E788DA55A029EC4988|921B36149E5B081FD24450BFE2CE4430|C45A9AC6D102ACAEEDF0D6F78636D84A|1212975A7EADA2D3101EA3C8A3262D2F,0.09032258064516129,310
635623BABBB7DA2E072D8C339F606E15|7E56C27BFF0305E788DA55A029EC4988|NA|NA|128856F445F48D007F16301BB6F5FFCB,0.09030837004405286,908
033E492229C2222EFAA16EE8A6462D8B|D7D1FB49049702BF6338894757E0D959|4C90FD52FC53D2C1C205844CB69575AB|1B491180398E2F0390E6A588B3BCE291|05C80D147A36B482098EF90C75DDD451,0.0903010033444816,299
62D6A49514020FA0B2E434DB0B506005|D7D1FB49049702BF6338894757E0D959|NA|NA|9E61BF24AB4009898294B24AC9680503,0.09026548672566372,565
5D656311CF9F47E34248BE9FBFF194A0|7E56C27BFF0305E788DA55A029EC4988|NA|NA|2580744E12A499F2C41BB3746EE1BFB5,0.09022931206380858,2006
033E492229C2222EFAA16EE8A6462D8B|D7D1FB49049702BF6338894757E0D959|4C90FD52FC53D2C1C205844CB69575AB|C45A9AC6D102ACAEEDF0D6F78636D84A|1C706AAA03DE5DE9DC3BE1785BD8653E,0.09021406727828746,654
62D6A49514020FA0B2E434DB0B506005|7E56C27BFF0305E788DA55A029EC4988|NA|NA|E76C7039FE4133BF88CAB6D726DCEAC4,0.09018137602593981,9869
033E492229C2222EFAA16EE8A6462D8B|7E56C27BFF0305E788DA55A029EC4988|4C90FD52FC53D2C1C205844CB69575AB|1B491180398E2F0390E6A588B3BCE291|8EA6278E7D58A09D36604BCB7C85816B,0.09018036072144289,499
033E492229C2222EFAA16EE8A6462D8B|7E56C27BFF0305E788DA55A029EC4988|88460293E9517D21E39AA889BD5AADC8|A5D15FC386510762EC0DDFF54ABE6F94|74CC401B9C9A99695BEE1EEC4D75B0E5,0.09016393442622951,244
EC997D43AC86A75D9B88A1051F86A67C|7E56C27BFF0305E788DA55A029EC4988|NA|NA|D0549FA9DDE3F2FAA7D909D9E1D0F6E1,0.09013605442176871,588
033E492229C2222EFAA16EE8A6462D8B|7E56C27BFF0305E788DA55A029EC4988|88460293E9517D21E39AA889BD5AADC8|1B491180398E2F0390E6A588B3BCE291|8D68F4C858185944BA871C82FB593081,0.09011627906976744,344
7F286560861764CCB93C90B7AA833949|7E56C27BFF0305E788DA55A029EC4988|NA|NA|F98276131760E27F525696BFEDAC372E,0.09009009009009009,222
88CED8BA3AA711A20ACF8B1FC574F218|FF2C446555E3822B0E0FC3406116E86D|NA|NA|E5ADBA7EA46FFA59C2580697A4809C90,0.09004739336492891,211
62D6A49514020FA0B2E434DB0B506005|D7D1FB49049702BF6338894757E0D959|NA|NA|4A6BF5CB5F2C4DE0B27E1E206F9395B1,0.09004739336492891,1688
7532B3FBAFEC164460C4ED6FEB0C022C|D7D1FB49049702BF6338894757E0D959|88460293E9517D21E39AA889BD5AADC8|C45A9AC6D102ACAEEDF0D6F78636D84A|NA,0.09002169197396963,2766
6A21F69EBA80612A04B0F6BAC857AAF2|7E56C27BFF0305E788DA55A029EC4988|NA|NA|116ACBB7E1881C29A6EB95E3CA0E53D3,0.09,700
033E492229C2222EFAA16EE8A6462D8B|7E56C27BFF0305E788DA55A029EC4988|4C90FD52FC53D2C1C205844CB69575AB|A5D15FC386510762EC0DDFF54ABE6F94|986B48B5AD844BCBD71C0902FA742CF1,0.08996539792387544,578
62D6A49514020FA0B2E434DB0B506005|D7D1FB49049702BF6338894757E0D959|NA|NA|6CB1E7B6DC8B7B0957059F16D0407C5A,0.08992805755395683,278
13C26D10258053889D75D9B9CA922EC7|7E56C27BFF0305E788DA55A029EC4988|4C90FD52FC53D2C1C205844CB69575AB|A5D15FC386510762EC0DDFF54ABE6F94|04AC990D0888FF687258395AB9AEBA76,0.08991825613079019,367
033E492229C2222EFAA16EE8A6462D8B|7E56C27BFF0305E788DA55A029EC4988|88460293E9517D21E39AA889BD5AADC8|1B491180398E2F0390E6A588B3BCE291|NA,0.08988057825267128,17501
13C26D10258053889D75D9B9CA922EC7|7E56C27BFF0305E788DA55A029EC4988|4C90FD52FC53D2C1C205844CB69575AB|A5D15FC386510762EC0DDFF54ABE6F94|21C3F9F07228094AEC57D54D4F194023,0.08986175115207373,434
033E492229C2222EFAA16EE8A6462D8B|7E56C27BFF0305E788DA55A029EC4988|4C90FD52FC53D2C1C205844CB69575AB|1B491180398E2F0390E6A588B3BCE291|9D2BB6B2504EF2EBBCEDFBB7B4D9A742,0.08983050847457627,2360
EC997D43AC86A75D9B88A1051F86A67C|7E56C27BFF0305E788DA55A029EC4988|NA|NA|DB4CCC842087AE209F4B48EB5E957334,0.08979591836734693,245
635623BABBB7DA2E072D8C339F606E15|D7D1FB49049702BF6338894757E0D959|NA|NA|EBEBE012AEF2A4F77336F1B2F57D8E75,0.08970649028524183,2419
7F286560861764CCB93C90B7AA833949|7E56C27BFF0305E788DA55A029EC4988|NA|NA|625A3BFFE141FE092818267B776807C1,0.08964646464646464,792
7F286560861764CCB93C90B7AA833949|7E56C27BFF0305E788DA55A029EC4988|4C90FD52FC53D2C1C205844CB69575AB|A5D15FC386510762EC0DDFF54ABE6F94|46110B34AC0D8DEAB4E05C23E6F73BF1,0.08960573476702509,279
7F286560861764CCB93C90B7AA833949|7E56C27BFF0305E788DA55A029EC4988|NA|NA|AA906E50555EC3F83CE83AA40A88E4A6,0.08955223880597014,268
635623BABBB7DA2E072D8C339F606E15|D7D1FB49049702BF6338894757E0D959|NA|NA|7894FCEEFF2DB9971D2BF55F00F6DA56,0.08955223880597014,201
62D6A49514020FA0B2E434DB0B506005|D7D1FB49049702BF6338894757E0D959|88460293E9517D21E39AA889BD5AADC8|NA|24D4F8D30C3029FD1D24B305FDC06DBE,0.08952273369104773,3541
DDC2B3CC38945E431DE1B3F59EC56680|7E56C27BFF0305E788DA55A029EC4988|NA|NA|NA,0.08950896901612611,5519
7F286560861764CCB93C90B7AA833949|7E56C27BFF0305E788DA55A029EC4988|NA|NA|533EA65E8B09C7239C8626A15543ED7B,0.08950617283950617,324
DDC2B3CC38945E431DE1B3F59EC56680|7E56C27BFF0305E788DA55A029EC4988|NA|NA|44B028A5CC54FFF5275F5A94380E4648,0.08950617283950617,324
033E492229C2222EFAA16EE8A6462D8B|7E56C27BFF0305E788DA55A029EC4988|4C90FD52FC53D2C1C205844CB69575AB|A5D15FC386510762EC0DDFF54ABE6F94|0B055E97E968D12B9EC4715E56F180F2,0.08945686900958466,313
033E492229C2222EFAA16EE8A6462D8B|7E56C27BFF0305E788DA55A029EC4988|4C90FD52FC53D2C1C205844CB69575AB|C45A9AC6D102ACAEEDF0D6F78636D84A|3E5E174C28240E4D53B0E77B089B455A,0.08943089430894309,2460
13C26D10258053889D75D9B9CA922EC7|7E56C27BFF0305E788DA55A029EC4988|NA|NA|D105C0990ABB82DFD772EF725007F445,0.08935508935508936,1287
033E492229C2222EFAA16EE8A6462D8B|7E56C27BFF0305E788DA55A029EC4988|4C90FD52FC53D2C1C205844CB69575AB|C45A9AC6D102ACAEEDF0D6F78636D84A|9C7F345D8CD9E743F018B36FBABED373,0.08932461873638345,459
62D6A49514020FA0B2E434DB0B506005|7E56C27BFF0305E788DA55A029EC4988|NA|NA|DAA6BA9003421FE173513415516F6CCF,0.08932038834951456,515
033E492229C2222EFAA16EE8A6462D8B|7E56C27BFF0305E788DA55A029EC4988|4C90FD52FC53D2C1C205844CB69575AB|0FB06F1EAC1E00A436B336C5DF3C14AF|FCF3FBEDB732E8800C16DF8BA3B169E5,0.08928571428571429,224
033E492229C2222EFAA16EE8A6462D8B|7E56C27BFF0305E788DA55A029EC4988|4C90FD52FC53D2C1C205844CB69575AB|A5D15FC386510762EC0DDFF54ABE6F94|82E47AEB1B4839FECB3D492C30D632BF,0.08921933085501858,269
7532B3FBAFEC164460C4ED6FEB0C022C|7E56C27BFF0305E788DA55A029EC4988|921B36149E5B081FD24450BFE2CE4430|A5D15FC386510762EC0DDFF54ABE6F94|3C48314751DBD15F0CB908796B35A53C,0.08914728682170543,2064
033E492229C2222EFAA16EE8A6462D8B|7E56C27BFF0305E788DA55A029EC4988|4C90FD52FC53D2C1C205844CB69575AB|1B491180398E2F0390E6A588B3BCE291|98EE5020242DA3741962CA1C95BE5F97,0.08912952936276551,2401
7532B3FBAFEC164460C4ED6FEB0C022C|D7D1FB49049702BF6338894757E0D959|NA|NA|5740DF2012C7D506A0798A3ABB21550F,0.08907103825136611,1830
033E492229C2222EFAA16EE8A6462D8B|7E56C27BFF0305E788DA55A029EC4988|4C90FD52FC53D2C1C205844CB69575AB|1B491180398E2F0390E6A588B3BCE291|DABA7758AAAFB4F514B46CA9F8C8C836,0.0890461997019374,2684
7F286560861764CCB93C90B7AA833949|7E56C27BFF0305E788DA55A029EC4988|NA|NA|4DC6B5EA2F40E9FBD42BDBAFA62A47F9,0.08898305084745763,236
033E492229C2222EFAA16EE8A6462D8B|7E56C27BFF0305E788DA55A029EC4988|4C90FD52FC53D2C1C205844CB69575AB|C45A9AC6D102ACAEEDF0D6F78636D84A|FCF3FBEDB732E8800C16DF8BA3B169E5,0.08898305084745763,236
7532B3FBAFEC164460C4ED6FEB0C022C|D7D1FB49049702BF6338894757E0D959|NA|NA|E86FF451B84FD179A776B2B45C1E5952,0.08888888888888889,225
033E492229C2222EFAA16EE8A6462D8B|7E56C27BFF0305E788DA55A029EC4988|4C90FD52FC53D2C1C205844CB69575AB|1B491180398E2F0390E6A588B3BCE291|9D70E676DEA215BBB590ABE468E3FE83,0.08888888888888889,360
B4B45C6CE5FC4DE45AB02974D8849DBD|7E56C27BFF0305E788DA55A029EC4988|4C90FD52FC53D2C1C205844CB69575AB|A5D15FC386510762EC0DDFF54ABE6F94|D422382B97F1E619EEBC936B3C0F69BA,0.08882521489971347,349
62D6A49514020FA0B2E434DB0B506005|D7D1FB49049702BF6338894757E0D959|NA|NA|AF8393D72184D72EC9D55D7C6B10DFD5,0.08879819870531945,7106
944B2A351FEFAC79AEAA9DA57E1B351F|D7D1FB49049702BF6338894757E0D959|NA|NA|44BDA8872E2E1F6164BF6A2CA4B20373,0.08878504672897196,214
62D6A49514020FA0B2E434DB0B506005|D7D1FB49049702BF6338894757E0D959|NA|NA|80ABA3EABCA5CCCFC1F10E9587B4C08C,0.08866995073891626,406
5D656311CF9F47E34248BE9FBFF194A0|D7D1FB49049702BF6338894757E0D959|NA|NA|39B14C2D671283628F1D2B74B7E60A8A,0.0886558627264061,1049
13C26D10258053889D75D9B9CA922EC7|D7D1FB49049702BF6338894757E0D959|NA|NA|ACE68CE037C741BDC228A36C7A41CC9F,0.08856682769726248,621
13C26D10258053889D75D9B9CA922EC7|7E56C27BFF0305E788DA55A029EC4988|NA|NA|3F2A694AFCABB764146464292F7BE503,0.08849171752397558,2294
033E492229C2222EFAA16EE8A6462D8B|7E56C27BFF0305E788DA55A029EC4988|4C90FD52FC53D2C1C205844CB69575AB|1B491180398E2F0390E6A588B3BCE291|D544DD4C9E7F122F9299A06DCC827F2B,0.08847901630580059,7482
E02400CDAD96905D88E932FE9B7D3552|D7D1FB49049702BF6338894757E0D959|NA|NA|B11F83250E97B9AE77366F23AD8D8567,0.08843017329255862,7848
033E492229C2222EFAA16EE8A6462D8B|D7D1FB49049702BF6338894757E0D959|4C90FD52FC53D2C1C205844CB69575AB|1B491180398E2F0390E6A588B3BCE291|28FE92651CA100DA86C4E2C802DF8395,0.088379705400982,611
88CED8BA3AA711A20ACF8B1FC574F218|7E56C27BFF0305E788DA55A029EC4988|NA|NA|D55317284DC9DB1EBA593306FC35D16A,0.08832807570977919,317
033E492229C2222EFAA16EE8A6462D8B|7E56C27BFF0305E788DA55A029EC4988|4C90FD52FC53D2C1C205844CB69575AB|1B491180398E2F0390E6A588B3BCE291|82E64A79FE7AF3C0853E6F5AEDDD1CDD,0.08829691709069142,3341
7F286560861764CCB93C90B7AA833949|7E56C27BFF0305E788DA55A029EC4988|NA|NA|0DEC4A2C5575525A724B2B1E676699CE,0.08826657213753988,2821
2551A1FA7839742971CDF4C67667E17A|7E56C27BFF0305E788DA55A029EC4988|NA|NA|NA,0.08825910931174089,1235
B4B45C6CE5FC4DE45AB02974D8849DBD|D7D1FB49049702BF6338894757E0D959|4C90FD52FC53D2C1C205844CB69575AB|A5D15FC386510762EC0DDFF54ABE6F94|60F66E8A43C769994A25D6E02E9D5AF9,0.08823529411764706,374
033E492229C2222EFAA16EE8A6462D8B|7E56C27BFF0305E788DA55A029EC4988|4C90FD52FC53D2C1C205844CB69575AB|1B491180398E2F0390E6A588B3BCE291|277C80112E3F0A5A922F6491E3D60045,0.08823529411764706,204
635623BABBB7DA2E072D8C339F606E15|D7D1FB49049702BF6338894757E0D959|NA|NA|AB63F5B09C00A51ADAD9C185BF696D87,0.08816705336426914,1724
5D656311CF9F47E34248BE9FBFF194A0|D7D1FB49049702BF6338894757E0D959|NA|NA|6533C4B2DCB5E41AFAADFFBAB63115E1,0.0881057268722467,227
944B2A351FEFAC79AEAA9DA57E1B351F|7E56C27BFF0305E788DA55A029EC4988|NA|NA|00E146549503D60B6FE52F48227224E1,0.0880893300248139,806
033E492229C2222EFAA16EE8A6462D8B|7E56C27BFF0305E788DA55A029EC4988|88460293E9517D21E39AA889BD5AADC8|C45A9AC6D102ACAEEDF0D6F78636D84A|07AE3A6696365F4390E726992343DDEB,0.0880281690140845,284
033E492229C2222EFAA16EE8A6462D8B|7E56C27BFF0305E788DA55A029EC4988|4C90FD52FC53D2C1C205844CB69575AB|A5D15FC386510762EC0DDFF54ABE6F94|CFA9B43E3C327F11F0CB144275F9929E,0.08801498127340825,534
9D307E5B713DE5E90D787BE9F802AFBB|7E56C27BFF0305E788DA55A029EC4988|4C90FD52FC53D2C1C205844CB69575AB|C45A9AC6D102ACAEEDF0D6F78636D84A|96E619640B34DA9AB3CE096BB5A644C0,0.088,500
033E492229C2222EFAA16EE8A6462D8B|7E56C27BFF0305E788DA55A029EC4988|4C90FD52FC53D2C1C205844CB69575AB|1B491180398E2F0390E6A588B3BCE291|427C25B70CEDC4E9ACB2A2096E31E31F,0.08796296296296297,216
13C26D10258053889D75D9B9CA922EC7|D7D1FB49049702BF6338894757E0D959|NA|NA|79F148517D69F4456A79FF73FCC6F49A,0.08791832104367556,1763
EC997D43AC86A75D9B88A1051F86A67C|D7D1FB49049702BF6338894757E0D959|4C90FD52FC53D2C1C205844CB69575AB|1B491180398E2F0390E6A588B3BCE291|NA,0.08791208791208792,273
033E492229C2222EFAA16EE8A6462D8B|D7D1FB49049702BF6338894757E0D959|4C90FD52FC53D2C1C205844CB69575AB|C45A9AC6D102ACAEEDF0D6F78636D84A|91B22DE27E9D5A5608C4EB3BDFA679AC,0.0878721859114016,1377
033E492229C2222EFAA16EE8A6462D8B|7E56C27BFF0305E788DA55A029EC4988|4C90FD52FC53D2C1C205844CB69575AB|1B491180398E2F0390E6A588B3BCE291|9B210E9BAE7E91075CA86986AE5F4FFB,0.08785529715762273,774
B4B45C6CE5FC4DE45AB02974D8849DBD|7E56C27BFF0305E788DA55A029EC4988|NA|NA|44E9BDDDA30376FA5431089366837D98,0.08783783783783784,2220
EC997D43AC86A75D9B88A1051F86A67C|7E56C27BFF0305E788DA55A029EC4988|NA|NA|963F38B480810E78ECF5AE212F724D97,0.08771929824561403,342
9D307E5B713DE5E90D787BE9F802AFBB|7E56C27BFF0305E788DA55A029EC4988|NA|NA|179EFF4D58EA67908733745FBBB5322F,0.08771929824561403,228
635623BABBB7DA2E072D8C339F606E15|D7D1FB49049702BF6338894757E0D959|NA|NA|701EC48D8F78DC811A94D82B190B3CF7,0.08771929824561403,342
033E492229C2222EFAA16EE8A6462D8B|D7D1FB49049702BF6338894757E0D959|4C90FD52FC53D2C1C205844CB69575AB|1B491180398E2F0390E6A588B3BCE291|389477BB4C665A05F5ECCF6B83A1BFA9,0.08759124087591241,274
6A21F69EBA80612A04B0F6BAC857AAF2|7E56C27BFF0305E788DA55A029EC4988|NA|NA|0EDED1DA380B04003218D8E51B5E8B1D,0.08757062146892655,708
033E492229C2222EFAA16EE8A6462D8B|D7D1FB49049702BF6338894757E0D959|4C90FD52FC53D2C1C205844CB69575AB|1B491180398E2F0390E6A588B3BCE291|F95F97D756E5022734601BEC9D494F6C,0.08755760368663594,434
13C26D10258053889D75D9B9CA922EC7|7E56C27BFF0305E788DA55A029EC4988|NA|NA|B091AE6EC5741DA82BCA1F4457A0CFE4,0.08748728382502544,983
6A21F69EBA80612A04B0F6BAC857AAF2|D7D1FB49049702BF6338894757E0D959|4C90FD52FC53D2C1C205844CB69575AB|A5D15FC386510762EC0DDFF54ABE6F94|0F4D19465D3B797A71CACEA26F1C1BCB,0.08746355685131195,343
7F286560861764CCB93C90B7AA833949|7E56C27BFF0305E788DA55A029EC4988|NA|NA|705FAF0AB620D2B61DD0E3745F37D103,0.08744394618834081,446
13C26D10258053889D75D9B9CA922EC7|D7D1FB49049702BF6338894757E0D959|NA|NA|CFA23F496FDD9B4CB798CC9B190ACB08,0.08744038155802862,629
E02400CDAD96905D88E932FE9B7D3552|7E56C27BFF0305E788DA55A029EC4988|NA|NA|CB951EF3ABBB6DD2DE153BECE0F8E60A,0.08741475511469311,1613
033E492229C2222EFAA16EE8A6462D8B|7E56C27BFF0305E788DA55A029EC4988|4C90FD52FC53D2C1C205844CB69575AB|C45A9AC6D102ACAEEDF0D6F78636D84A|5E24697869960732A10B91798AC92261,0.08735632183908046,870
13C26D10258053889D75D9B9CA922EC7|D7D1FB49049702BF6338894757E0D959|4C90FD52FC53D2C1C205844CB69575AB|A5D15FC386510762EC0DDFF54ABE6F94|42F3860B1FF15084296A981A4A1BB459,0.08733624454148471,229
033E492229C2222EFAA16EE8A6462D8B|7E56C27BFF0305E788DA55A029EC4988|4C90FD52FC53D2C1C205844CB69575AB|1B491180398E2F0390E6A588B3BCE291|D10AC7BF47C5EBF694DD9BE227269D70,0.08732394366197183,355
7F286560861764CCB93C90B7AA833949|D7D1FB49049702BF6338894757E0D959|NA|A5D15FC386510762EC0DDFF54ABE6F94|1CC4CE879A47360EE3142A337047F676,0.0873015873015873,252
13C26D10258053889D75D9B9CA922EC7|7E56C27BFF0305E788DA55A029EC4988|4C90FD52FC53D2C1C205844CB69575AB|A5D15FC386510762EC0DDFF54ABE6F94|937DB720F30BFC8C5C81E7BE3323736A,0.08704453441295547,494
7F286560861764CCB93C90B7AA833949|7E56C27BFF0305E788DA55A029EC4988|NA|NA|2C621B35307A7CF6ECF288390D5247DD,0.08695652173913043,207
7F286560861764CCB93C90B7AA833949|7E56C27BFF0305E788DA55A029EC4988|NA|NA|67C9C9A8BCFBD1125C9651922A3BE358,0.08695652173913043,874
7532B3FBAFEC164460C4ED6FEB0C022C|7E56C27BFF0305E788DA55A029EC4988|921B36149E5B081FD24450BFE2CE4430|A5D15FC386510762EC0DDFF54ABE6F94|ABB7BFED70A7069D9846610A1E6DB049,0.08683473389355742,357
B4B45C6CE5FC4DE45AB02974D8849DBD|FF2C446555E3822B0E0FC3406116E86D|NA|NA|3F8E71155CA86BE347F00735875CA874,0.08682634730538923,668
88CED8BA3AA711A20ACF8B1FC574F218|D7D1FB49049702BF6338894757E0D959|NA|NA|935FFCE8C0FBC9EA703EB8CCC4429C55,0.08681672025723473,311
EC997D43AC86A75D9B88A1051F86A67C|7E56C27BFF0305E788DA55A029EC4988|4C90FD52FC53D2C1C205844CB69575AB|1B491180398E2F0390E6A588B3BCE291|67DBF7F8959F609E3D9E8DDB54588FF5,0.0867579908675799,219
033E492229C2222EFAA16EE8A6462D8B|7E56C27BFF0305E788DA55A029EC4988|4C90FD52FC53D2C1C205844CB69575AB|A5D15FC386510762EC0DDFF54ABE6F94|9CD8E8B59F67D68F9DF10A79AE0A3758,0.08669108669108669,819
7F286560861764CCB93C90B7AA833949|D7D1FB49049702BF6338894757E0D959|NA|A5D15FC386510762EC0DDFF54ABE6F94|705BC549AFF7EFF0FB438E5BDDC40029,0.08661417322834646,254
7532B3FBAFEC164460C4ED6FEB0C022C|D7D1FB49049702BF6338894757E0D959|NA|NA|AB86232A5E06567BB583A8A9742835FF,0.08661417322834646,254
7F286560861764CCB93C90B7AA833949|7E56C27BFF0305E788DA55A029EC4988|NA|NA|6F973EE8EF724A9224565ED3C3600584,0.0865979381443299,485
635623BABBB7DA2E072D8C339F606E15|D7D1FB49049702BF6338894757E0D959|NA|NA|857FDAE4546F5626E73BDB2D82EFE8AA,0.08659638554216867,1328
13C26D10258053889D75D9B9CA922EC7|7E56C27BFF0305E788DA55A029EC4988|NA|NA|740E87DFBF9D9C10F195893C7759DA00,0.08653846153846154,936
033E492229C2222EFAA16EE8A6462D8B|7E56C27BFF0305E788DA55A029EC4988|4C90FD52FC53D2C1C205844CB69575AB|1B491180398E2F0390E6A588B3BCE291|519D60BF59E4493AB1BAC3AD175BEA90,0.08652246256239601,601
033E492229C2222EFAA16EE8A6462D8B|D7D1FB49049702BF6338894757E0D959|4C90FD52FC53D2C1C205844CB69575AB|A5D15FC386510762EC0DDFF54ABE6F94|4183F21E1FE828458867D8596B169E22,0.08651685393258426,1780
62D6A49514020FA0B2E434DB0B506005|D7D1FB49049702BF6338894757E0D959|88460293E9517D21E39AA889BD5AADC8|NA|25F0696A59436343B947AF32F76AFE14,0.08651026392961877,682
13C26D10258053889D75D9B9CA922EC7|7E56C27BFF0305E788DA55A029EC4988|NA|NA|067CDBD25EE4B3CE6BD52A59F4F133C2,0.08641975308641975,243
E02400CDAD96905D88E932FE9B7D3552|7E56C27BFF0305E788DA55A029EC4988|921B36149E5B081FD24450BFE2CE4430|A5D15FC386510762EC0DDFF54ABE6F94|3FB2807B96587F7D5A96B111A7599336,0.08635405161160759,9959
62D6A49514020FA0B2E434DB0B506005|D7D1FB49049702BF6338894757E0D959|88460293E9517D21E39AA889BD5AADC8|NA|1C75335F3076AD36545D4FE1EC59073C,0.08627450980392157,255
62D6A49514020FA0B2E434DB0B506005|D7D1FB49049702BF6338894757E0D959|NA|NA|BFC7FC4C7E25459BBD992FF43FF123ED,0.08624708624708624,429
7F286560861764CCB93C90B7AA833949|7E56C27BFF0305E788DA55A029EC4988|NA|NA|4BE4FBA8BD90A1D872EBC95B688F48CD,0.08620689655172414,522
7F286560861764CCB93C90B7AA833949|7E56C27BFF0305E788DA55A029EC4988|88460293E9517D21E39AA889BD5AADC8|A5D15FC386510762EC0DDFF54ABE6F94|3A53F1BADB52C35E9DE79BB16ADE50A7,0.08620689655172414,290
033E492229C2222EFAA16EE8A6462D8B|7E56C27BFF0305E788DA55A029EC4988|88460293E9517D21E39AA889BD5AADC8|A5D15FC386510762EC0DDFF54ABE6F94|NA,0.08615384615384615,325
62D6A49514020FA0B2E434DB0B506005|D7D1FB49049702BF6338894757E0D959|NA|NA|23B8B77502E2A9976ED5B2210E80D00C,0.08607594936708861,1185
033E492229C2222EFAA16EE8A6462D8B|7E56C27BFF0305E788DA55A029EC4988|4C90FD52FC53D2C1C205844CB69575AB|1B491180398E2F0390E6A588B3BCE291|079EABA496663B090C12502AB2841CF0,0.08604206500956023,523
944B2A351FEFAC79AEAA9DA57E1B351F|D7D1FB49049702BF6338894757E0D959|NA|NA|693609705117C1D159FCA4DCF9D94088,0.08598726114649681,314
033E492229C2222EFAA16EE8A6462D8B|7E56C27BFF0305E788DA55A029EC4988|538912C31E773613AB51FBAE58492476|6EFABCEDA36A931DBF760F88970BAF0E|6F2803C343F6DA0602D3B008D02C7113,0.08594594594594594,1850
88CED8BA3AA711A20ACF8B1FC574F218|D7D1FB49049702BF6338894757E0D959|NA|NA|49776484F6F4CF9B9B1953339FA79F6B,0.08584686774941995,431
635623BABBB7DA2E072D8C339F606E15|7E56C27BFF0305E788DA55A029EC4988|NA|NA|5BD5ED9E3F5AEDB59BC0DA4E1D68E549,0.08583959899749373,1596
033E492229C2222EFAA16EE8A6462D8B|7E56C27BFF0305E788DA55A029EC4988|4C90FD52FC53D2C1C205844CB69575AB|1B491180398E2F0390E6A588B3BCE291|CED13F1E17DDC8E10A42740865AF5EAA,0.08582089552238806,268
033E492229C2222EFAA16EE8A6462D8B|7E56C27BFF0305E788DA55A029EC4988|4C90FD52FC53D2C1C205844CB69575AB|1B491180398E2F0390E6A588B3BCE291|896E9F751254D7A521564515AE4EAFD8,0.08571428571428572,280
E02400CDAD96905D88E932FE9B7D3552|7E56C27BFF0305E788DA55A029EC4988|921B36149E5B081FD24450BFE2CE4430|A5D15FC386510762EC0DDFF54ABE6F94|38D0EC805FA9837575ADBC7A75A2210D,0.08561643835616438,584
13C26D10258053889D75D9B9CA922EC7|7E56C27BFF0305E788DA55A029EC4988|NA|NA|9E0EAAF455B7E51AE375D9CA77041CE4,0.08560611721338016,40149
EC997D43AC86A75D9B88A1051F86A67C|7E56C27BFF0305E788DA55A029EC4988|NA|NA|139FBAFFF052754BD9D4CCEE8670F7AD,0.08560311284046693,257
7F286560861764CCB93C90B7AA833949|D7D1FB49049702BF6338894757E0D959|NA|NA|627EFCFE6CB76A6987CD24B67DFE8452,0.08558558558558559,222
62D6A49514020FA0B2E434DB0B506005|D7D1FB49049702BF6338894757E0D959|88460293E9517D21E39AA889BD5AADC8|NA|B4F48D5E70E7F7F416E0C8B0D492783D,0.08558558558558559,222
88CED8BA3AA711A20ACF8B1FC574F218|D7D1FB49049702BF6338894757E0D959|NA|NA|8E1AA1A1FC6830A76CECA764554E3F9F,0.08558558558558559,888
7532B3FBAFEC164460C4ED6FEB0C022C|D7D1FB49049702BF6338894757E0D959|88460293E9517D21E39AA889BD5AADC8|1B491180398E2F0390E6A588B3BCE291|NA,0.08558299827685238,3482
B4B45C6CE5FC4DE45AB02974D8849DBD|7E56C27BFF0305E788DA55A029EC4988|921B36149E5B081FD24450BFE2CE4430|A5D15FC386510762EC0DDFF54ABE6F94|1212975A7EADA2D3101EA3C8A3262D2F,0.0855106888361045,421
9D307E5B713DE5E90D787BE9F802AFBB|7E56C27BFF0305E788DA55A029EC4988|4C90FD52FC53D2C1C205844CB69575AB|1B491180398E2F0390E6A588B3BCE291|67DBF7F8959F609E3D9E8DDB54588FF5,0.08548009367681499,1708
13C26D10258053889D75D9B9CA922EC7|7E56C27BFF0305E788DA55A029EC4988|NA|NA|C09EF7E6D24002C58986619A5921470D,0.08547008547008547,468
DDC2B3CC38945E431DE1B3F59EC56680|D7D1FB49049702BF6338894757E0D959|NA|NA|1BF09CE656C12C3B08444F17F7F599FC,0.08543417366946779,714
62D6A49514020FA0B2E434DB0B506005|7E56C27BFF0305E788DA55A029EC4988|NA|NA|E0D3FC000100DBA2537B4DF0C060681D,0.08540925266903915,562
6A21F69EBA80612A04B0F6BAC857AAF2|D7D1FB49049702BF6338894757E0D959|4C90FD52FC53D2C1C205844CB69575AB|A5D15FC386510762EC0DDFF54ABE6F94|380BF84A84B4EAF676BD1932160E87A0,0.08538163001293661,773
635623BABBB7DA2E072D8C339F606E15|D7D1FB49049702BF6338894757E0D959|NA|NA|7363D2FCD8A69598AE95CB08E3F05FB6,0.08533333333333333,375
033E492229C2222EFAA16EE8A6462D8B|7E56C27BFF0305E788DA55A029EC4988|4C90FD52FC53D2C1C205844CB69575AB|D7B42B0C4D807EF1C13F79948743E9DA|AF987DFD50EA97717E6A0D8B2984DF66,0.08523409363745499,1666
033E492229C2222EFAA16EE8A6462D8B|7E56C27BFF0305E788DA55A029EC4988|4C90FD52FC53D2C1C205844CB69575AB|A5D15FC386510762EC0DDFF54ABE6F94|5D769AFF8F2FE21856199CD3846CFF09,0.08515057113187954,963
7F286560861764CCB93C90B7AA833949|7E56C27BFF0305E788DA55A029EC4988|NA|NA|531DC8F75345659F3B1CECB329146BB5,0.085,200
88CED8BA3AA711A20ACF8B1FC574F218|7E56C27BFF0305E788DA55A029EC4988|NA|NA|C6471642CAE25DC8B3DFAD3B5DA0E7BD,0.08498583569405099,353
62D6A49514020FA0B2E434DB0B506005|FF2C446555E3822B0E0FC3406116E86D|NA|NA|DB11EC7F11329CA9BCCB585E9EE64F3F,0.08496732026143791,1377
7F286560861764CCB93C90B7AA833949|FF2C446555E3822B0E0FC3406116E86D|NA|A5D15FC386510762EC0DDFF54ABE6F94|05C80D147A36B482098EF90C75DDD451,0.08492569002123142,942
033E492229C2222EFAA16EE8A6462D8B|7E56C27BFF0305E788DA55A029EC4988|4C90FD52FC53D2C1C205844CB69575AB|1B491180398E2F0390E6A588B3BCE291|E93FF2EB5C5099B26FD2F432505EF3B8,0.08492569002123142,471
635623BABBB7DA2E072D8C339F606E15|D7D1FB49049702BF6338894757E0D959|NA|NA|C98F3640F98A60B35FF943B3441EFB64,0.08490566037735849,318
033E492229C2222EFAA16EE8A6462D8B|D7D1FB49049702BF6338894757E0D959|4C90FD52FC53D2C1C205844CB69575AB|1B491180398E2F0390E6A588B3BCE291|FDC724138567034C5D7C9303563D7ED0,0.08490566037735849,530
13C26D10258053889D75D9B9CA922EC7|7E56C27BFF0305E788DA55A029EC4988|NA|NA|632BB6C855EDC5F51105A3255ECA40B1,0.08489208633093526,1390
13C26D10258053889D75D9B9CA922EC7|7E56C27BFF0305E788DA55A029EC4988|4C90FD52FC53D2C1C205844CB69575AB|1B491180398E2F0390E6A588B3BCE291|2A7A35B0F85EE2E42531E274BEC3FCB9,0.08485499462943072,931
033E492229C2222EFAA16EE8A6462D8B|7E56C27BFF0305E788DA55A029EC4988|88460293E9517D21E39AA889BD5AADC8|A5D15FC386510762EC0DDFF54ABE6F94|271B3C1DD6DC0D06C67B540F4257F6F7,0.0848294434470377,2228
033E492229C2222EFAA16EE8A6462D8B|7E56C27BFF0305E788DA55A029EC4988|4C90FD52FC53D2C1C205844CB69575AB|1B491180398E2F0390E6A588B3BCE291|233A32A14B8633DD6EEB5596FA963469,0.08482142857142858,224
B4B45C6CE5FC4DE45AB02974D8849DBD|7E56C27BFF0305E788DA55A029EC4988|4C90FD52FC53D2C1C205844CB69575AB|A5D15FC386510762EC0DDFF54ABE6F94|9CD8E8B59F67D68F9DF10A79AE0A3758,0.08482142857142858,224
033E492229C2222EFAA16EE8A6462D8B|7E56C27BFF0305E788DA55A029EC4988|4C90FD52FC53D2C1C205844CB69575AB|A5D15FC386510762EC0DDFF54ABE6F94|2C3B3337D6AE42AF8CF51958BEB08641,0.08477699963140435,2713
635623BABBB7DA2E072D8C339F606E15|D7D1FB49049702BF6338894757E0D959|NA|NA|6E7539867D2A93BB78CA817F05672611,0.0847457627118644,1121
EC997D43AC86A75D9B88A1051F86A67C|7E56C27BFF0305E788DA55A029EC4988|NA|NA|8CFA8980502E79F8B5BD0110F35DFC62,0.08461538461538462,260
7F286560861764CCB93C90B7AA833949|FF2C446555E3822B0E0FC3406116E86D|NA|NA|A48A2F3BD1B680DE3954EB961A85A6C5,0.0845771144278607,201
7F286560861764CCB93C90B7AA833949|FF2C446555E3822B0E0FC3406116E86D|NA|NA|6A0D13693DFAA167D38A2F6A04059E67,0.0845771144278607,201
7532B3FBAFEC164460C4ED6FEB0C022C|FF2C446555E3822B0E0FC3406116E86D|NA|NA|F396283196E8A244B18642080B2EAFE2,0.08455882352941177,272
13C26D10258053889D75D9B9CA922EC7|7E56C27BFF0305E788DA55A029EC4988|NA|NA|4BC4C1F9E6C4C3D63A7CD2061DE92A83,0.08445945945945946,296
62D6A49514020FA0B2E434DB0B506005|7E56C27BFF0305E788DA55A029EC4988|NA|NA|A12AD9791D204F07B3A2D56FEC2ACBC3,0.08443271767810026,379
033E492229C2222EFAA16EE8A6462D8B|FF2C446555E3822B0E0FC3406116E86D|4C90FD52FC53D2C1C205844CB69575AB|1B491180398E2F0390E6A588B3BCE291|BCCFB8A25476382DFAD84014C6D89941,0.08442982456140351,912
033E492229C2222EFAA16EE8A6462D8B|7E56C27BFF0305E788DA55A029EC4988|4C90FD52FC53D2C1C205844CB69575AB|D7B42B0C4D807EF1C13F79948743E9DA|CF167AEC477F8B8FB7EC1F7B27519AC9,0.08439897698209718,782
E02400CDAD96905D88E932FE9B7D3552|7E56C27BFF0305E788DA55A029EC4988|921B36149E5B081FD24450BFE2CE4430|A5D15FC386510762EC0DDFF54ABE6F94|8C6B8FCFC5E4907594DB42334265491C,0.0843585237258348,1138
033E492229C2222EFAA16EE8A6462D8B|D7D1FB49049702BF6338894757E0D959|4C90FD52FC53D2C1C205844CB69575AB|1B491180398E2F0390E6A588B3BCE291|705BC549AFF7EFF0FB438E5BDDC40029,0.0842745438748914,1151
033E492229C2222EFAA16EE8A6462D8B|FF2C446555E3822B0E0FC3406116E86D|4C90FD52FC53D2C1C205844CB69575AB|C45A9AC6D102ACAEEDF0D6F78636D84A|9CD0728F8862BB15ABAE2C25AF596BAD,0.08415841584158416,202
B4B45C6CE5FC4DE45AB02974D8849DBD|7E56C27BFF0305E788DA55A029EC4988|4C90FD52FC53D2C1C205844CB69575AB|A5D15FC386510762EC0DDFF54ABE6F94|5BC3237D2723F228E5FA9F199C180C0C,0.08415841584158416,202
7F286560861764CCB93C90B7AA833949|D7D1FB49049702BF6338894757E0D959|NA|NA|68C2D74CE65681DC75F163E0CF47F62C,0.08408796895213454,773
944B2A351FEFAC79AEAA9DA57E1B351F|7E56C27BFF0305E788DA55A029EC4988|NA|NA|903612DF849FF9607820EF1FA93CD984,0.08403361344537816,1309
033E492229C2222EFAA16EE8A6462D8B|7E56C27BFF0305E788DA55A029EC4988|4C90FD52FC53D2C1C205844CB69575AB|1B491180398E2F0390E6A588B3BCE291|EE9B23C8F4F9FE4C424101374E1B1718,0.08403361344537816,238
EC997D43AC86A75D9B88A1051F86A67C|7E56C27BFF0305E788DA55A029EC4988|NA|NA|ABA1CD9D6DAC31470876373789969F42,0.08402489626556017,964
033E492229C2222EFAA16EE8A6462D8B|D7D1FB49049702BF6338894757E0D959|4C90FD52FC53D2C1C205844CB69575AB|C45A9AC6D102ACAEEDF0D6F78636D84A|635A3EF4F16C9B52F3334F52B864E056,0.08387856582046585,15284
62D6A49514020FA0B2E434DB0B506005|D7D1FB49049702BF6338894757E0D959|NA|NA|AFAB362782A7602E3657A915D72EB2BA,0.08387096774193549,465
635623BABBB7DA2E072D8C339F606E15|D7D1FB49049702BF6338894757E0D959|NA|NA|DA39B9366CE30905719825A4B232FF68,0.08386116037496832,3947
033E492229C2222EFAA16EE8A6462D8B|7E56C27BFF0305E788DA55A029EC4988|88460293E9517D21E39AA889BD5AADC8|A5D15FC386510762EC0DDFF54ABE6F94|5904A641AC943DCC0DAFB0510BA0A0F6,0.08383233532934131,668
033E492229C2222EFAA16EE8A6462D8B|7E56C27BFF0305E788DA55A029EC4988|4C90FD52FC53D2C1C205844CB69575AB|A5D15FC386510762EC0DDFF54ABE6F94|59B8E4D91ACE683515F4CFBFFD831E58,0.08376963350785341,382
033E492229C2222EFAA16EE8A6462D8B|7E56C27BFF0305E788DA55A029EC4988|4C90FD52FC53D2C1C205844CB69575AB|1B491180398E2F0390E6A588B3BCE291|79FAA4C5A4947D1B074436EEC7504C52,0.08374384236453201,406
635623BABBB7DA2E072D8C339F606E15|D7D1FB49049702BF6338894757E0D959|NA|NA|680650D5D38F9389630F39C259DFF1F8,0.08374384236453201,203
B4B45C6CE5FC4DE45AB02974D8849DBD|7E56C27BFF0305E788DA55A029EC4988|921B36149E5B081FD24450BFE2CE4430|A5D15FC386510762EC0DDFF54ABE6F94|A6FA805A0E2F845D1B774DF6F935A82F,0.083710407239819,442
62D6A49514020FA0B2E434DB0B506005|7E56C27BFF0305E788DA55A029EC4988|NA|NA|73F7BDE32893C8A538ECBAA53E9626B0,0.08368532206969377,3788
033E492229C2222EFAA16EE8A6462D8B|7E56C27BFF0305E788DA55A029EC4988|4C90FD52FC53D2C1C205844CB69575AB|1B491180398E2F0390E6A588B3BCE291|E2312C6AA5D1A6A8871AD49AC8A315A3,0.08365019011406843,263
7F286560861764CCB93C90B7AA833949|D7D1FB49049702BF6338894757E0D959|NA|NA|E935402728890A129484025BF055E9EE,0.08361204013377926,299
033E492229C2222EFAA16EE8A6462D8B|D7D1FB49049702BF6338894757E0D959|4C90FD52FC53D2C1C205844CB69575AB|1B491180398E2F0390E6A588B3BCE291|0F72697E4469C00C34A2840767072250,0.08353808353808354,407
033E492229C2222EFAA16EE8A6462D8B|7E56C27BFF0305E788DA55A029EC4988|4C90FD52FC53D2C1C205844CB69575AB|1B491180398E2F0390E6A588B3BCE291|493B88AC8225128B0F81F0F7199C0441,0.08351893095768374,898
033E492229C2222EFAA16EE8A6462D8B|7E56C27BFF0305E788DA55A029EC4988|4C90FD52FC53D2C1C205844CB69575AB|1B491180398E2F0390E6A588B3BCE291|580EBF29FC9F7CED5F53B1FB28AC00D4,0.08343868520859671,2373
033E492229C2222EFAA16EE8A6462D8B|7E56C27BFF0305E788DA55A029EC4988|4C90FD52FC53D2C1C205844CB69575AB|A5D15FC386510762EC0DDFF54ABE6F94|90B9A31A7867EDC0C450A6E767FD0F47,0.08333333333333333,288
6A21F69EBA80612A04B0F6BAC857AAF2|FF2C446555E3822B0E0FC3406116E86D|NA|NA|7EE4093CEB17971392BDA4A6E096B08A,0.08333333333333333,276
62D6A49514020FA0B2E434DB0B506005|7E56C27BFF0305E788DA55A029EC4988|NA|NA|A9FC0F975DD5C0285525C1D4B4CC8A8D,0.08333333333333333,240
033E492229C2222EFAA16EE8A6462D8B|D7D1FB49049702BF6338894757E0D959|4C90FD52FC53D2C1C205844CB69575AB|D7B42B0C4D807EF1C13F79948743E9DA|FA3E4B6C0CC028CBB24C7487997FD784,0.08333333333333333,360
033E492229C2222EFAA16EE8A6462D8B|7E56C27BFF0305E788DA55A029EC4988|4C90FD52FC53D2C1C205844CB69575AB|A5D15FC386510762EC0DDFF54ABE6F94|9E0590F8976F03B4271DA9B84C32E962,0.08333333333333333,216
033E492229C2222EFAA16EE8A6462D8B|FF2C446555E3822B0E0FC3406116E86D|4C90FD52FC53D2C1C205844CB69575AB|1B491180398E2F0390E6A588B3BCE291|5C3341D4A1BF6FB4384110608EE86AA6,0.08333333333333333,432
7F286560861764CCB93C90B7AA833949|D7D1FB49049702BF6338894757E0D959|4C90FD52FC53D2C1C205844CB69575AB|1B491180398E2F0390E6A588B3BCE291|NA,0.08333333333333333,228
033E492229C2222EFAA16EE8A6462D8B|7E56C27BFF0305E788DA55A029EC4988|4C90FD52FC53D2C1C205844CB69575AB|1B491180398E2F0390E6A588B3BCE291|B425ACFF7DEEF090F9C242BB261E8934,0.08310991957104558,746
13C26D10258053889D75D9B9CA922EC7|D7D1FB49049702BF6338894757E0D959|NA|NA|A4B2BD9949294DC9CB9F6E8A5B702164,0.08309859154929577,710
62D6A49514020FA0B2E434DB0B506005|7E56C27BFF0305E788DA55A029EC4988|NA|NA|AE76EB360EEC8312F77A117D9A002BD9,0.08299180327868852,976
EC997D43AC86A75D9B88A1051F86A67C|D7D1FB49049702BF6338894757E0D959|0CD76C7030D0900BE250C8D41703D180|A5D15FC386510762EC0DDFF54ABE6F94|6BDD06124A0B9FEDDE53723E205A2D5D,0.08296943231441048,229
033E492229C2222EFAA16EE8A6462D8B|D7D1FB49049702BF6338894757E0D959|4C90FD52FC53D2C1C205844CB69575AB|D7B42B0C4D807EF1C13F79948743E9DA|6F51511AC97F48DC86EA81A50C678477,0.08290155440414508,386
9D307E5B713DE5E90D787BE9F802AFBB|7E56C27BFF0305E788DA55A029EC4988|4C90FD52FC53D2C1C205844CB69575AB|1B491180398E2F0390E6A588B3BCE291|5C3192BE83E1D7966D634270C70D1861,0.08287292817679558,362
033E492229C2222EFAA16EE8A6462D8B|7E56C27BFF0305E788DA55A029EC4988|4C90FD52FC53D2C1C205844CB69575AB|1B491180398E2F0390E6A588B3BCE291|FCF3FBEDB732E8800C16DF8BA3B169E5,0.08287292817679558,362
033E492229C2222EFAA16EE8A6462D8B|7E56C27BFF0305E788DA55A029EC4988|4C90FD52FC53D2C1C205844CB69575AB|1B491180398E2F0390E6A588B3BCE291|3F0742176FED6A10186CF70E40E13257,0.08284714119019837,1714
111C91D6B0D89C84BF196FED8DBE7BBB|7E56C27BFF0305E788DA55A029EC4988|4C90FD52FC53D2C1C205844CB69575AB|A5D15FC386510762EC0DDFF54ABE6F94|7B4F751A5189AAA6315B6E9AEED5CA8F,0.08275862068965517,870
62D6A49514020FA0B2E434DB0B506005|7E56C27BFF0305E788DA55A029EC4988|NA|NA|C618BA7C3840FACAB084093896581B81,0.08275862068965517,290
9D307E5B713DE5E90D787BE9F802AFBB|7E56C27BFF0305E788DA55A029EC4988|4C90FD52FC53D2C1C205844CB69575AB|1B491180398E2F0390E6A588B3BCE291|7882D14961B66AD5E0F79DCA354D359D,0.08273381294964029,278
7F286560861764CCB93C90B7AA833949|D7D1FB49049702BF6338894757E0D959|4C90FD52FC53D2C1C205844CB69575AB|A5D15FC386510762EC0DDFF54ABE6F94|33C324E25E9C770024B41A67C284E9A9,0.08270676691729323,266
635623BABBB7DA2E072D8C339F606E15|D7D1FB49049702BF6338894757E0D959|NA|NA|FC349FAE4C1FCDD03B285DEFF8B947A5,0.08260869565217391,460
7F286560861764CCB93C90B7AA833949|D7D1FB49049702BF6338894757E0D959|NA|NA|74A7EEFA264BFBF1CE03BCE3A33CE8C8,0.08255451713395638,642
13C26D10258053889D75D9B9CA922EC7|7E56C27BFF0305E788DA55A029EC4988|NA|NA|96B9B0D7BFE52BC36FE757AA7880FF12,0.0824607329842932,764
033E492229C2222EFAA16EE8A6462D8B|D7D1FB49049702BF6338894757E0D959|4C90FD52FC53D2C1C205844CB69575AB|1B491180398E2F0390E6A588B3BCE291|0A52952FE7ECA61C85A6A0FEA9A87FE3,0.08244680851063829,376
033E492229C2222EFAA16EE8A6462D8B|7E56C27BFF0305E788DA55A029EC4988|4C90FD52FC53D2C1C205844CB69575AB|A5D15FC386510762EC0DDFF54ABE6F94|7B4F751A5189AAA6315B6E9AEED5CA8F,0.08237986270022883,874
033E492229C2222EFAA16EE8A6462D8B|7E56C27BFF0305E788DA55A029EC4988|4C90FD52FC53D2C1C205844CB69575AB|1B491180398E2F0390E6A588B3BCE291|321C82C284BFC5F9D004E32EBEE462BB,0.0823293172690763,996
033E492229C2222EFAA16EE8A6462D8B|7E56C27BFF0305E788DA55A029EC4988|4C90FD52FC53D2C1C205844CB69575AB|1B491180398E2F0390E6A588B3BCE291|A9F5D1F2CECF9BF2209EAA69DB7D1DF1,0.08223510806536637,1897
635623BABBB7DA2E072D8C339F606E15|D7D1FB49049702BF6338894757E0D959|NA|NA|78C505F2A2144247F6F826C0E4F5B98D,0.08222066057624737,1423
7F286560861764CCB93C90B7AA833949|7E56C27BFF0305E788DA55A029EC4988|NA|NA|E18E4C1D081973D9085F970050ED4164,0.0821337849280271,1181
88CED8BA3AA711A20ACF8B1FC574F218|D7D1FB49049702BF6338894757E0D959|NA|A5D15FC386510762EC0DDFF54ABE6F94|7DF21487D3DE8842C97D1333B0524E4A,0.0821256038647343,207
7F286560861764CCB93C90B7AA833949|D7D1FB49049702BF6338894757E0D959|NA|NA|A2A16B5DAFAC2868BC14C731DA687D5B,0.08206686930091185,329
033E492229C2222EFAA16EE8A6462D8B|7E56C27BFF0305E788DA55A029EC4988|88460293E9517D21E39AA889BD5AADC8|C45A9AC6D102ACAEEDF0D6F78636D84A|NA,0.08200126433667479,11073
033E492229C2222EFAA16EE8A6462D8B|D7D1FB49049702BF6338894757E0D959|4C90FD52FC53D2C1C205844CB69575AB|1B491180398E2F0390E6A588B3BCE291|A33504E9C788538BCBE37C51BBF087E2,0.08194774346793349,842
033E492229C2222EFAA16EE8A6462D8B|7E56C27BFF0305E788DA55A029EC4988|4C90FD52FC53D2C1C205844CB69575AB|1B491180398E2F0390E6A588B3BCE291|A00EE73CFEADBBDEAC8F930911534442,0.0817391304347826,1150
7F286560861764CCB93C90B7AA833949|7E56C27BFF0305E788DA55A029EC4988|NA|NA|09A0D4409400622974EA603590AD167F,0.08169934640522876,306
033E492229C2222EFAA16EE8A6462D8B|FF2C446555E3822B0E0FC3406116E86D|4C90FD52FC53D2C1C205844CB69575AB|1B491180398E2F0390E6A588B3BCE291|F3F09125C84909DF8A6428FC3DCC709C,0.08169934640522876,1224
033E492229C2222EFAA16EE8A6462D8B|D7D1FB49049702BF6338894757E0D959|4C90FD52FC53D2C1C205844CB69575AB|1B491180398E2F0390E6A588B3BCE291|1444F7B81C77B6A1752DC478F00BF61F,0.08168421052631579,2375
033E492229C2222EFAA16EE8A6462D8B|D7D1FB49049702BF6338894757E0D959|4C90FD52FC53D2C1C205844CB69575AB|1B491180398E2F0390E6A588B3BCE291|6A1F1F344D0A4A99940699B11365E7E8,0.08162066940692896,1703
7532B3FBAFEC164460C4ED6FEB0C022C|FF2C446555E3822B0E0FC3406116E86D|NA|NA|4DC6B5EA2F40E9FBD42BDBAFA62A47F9,0.08148148148148149,270
033E492229C2222EFAA16EE8A6462D8B|FF2C446555E3822B0E0FC3406116E86D|4C90FD52FC53D2C1C205844CB69575AB|1B491180398E2F0390E6A588B3BCE291|ED0D37301B0A41E480084DE7D47FC586,0.08148148148148149,675
6A21F69EBA80612A04B0F6BAC857AAF2|D7D1FB49049702BF6338894757E0D959|NA|NA|7EE4093CEB17971392BDA4A6E096B08A,0.081399921352733,2543
62D6A49514020FA0B2E434DB0B506005|7E56C27BFF0305E788DA55A029EC4988|NA|NA|5CB96F171B586A7CC3974C32755AEF36,0.08138584736067984,12238
635623BABBB7DA2E072D8C339F606E15|D7D1FB49049702BF6338894757E0D959|NA|NA|5A9562FC8FFA5679319A7BA3AB4D4C6F,0.08137931034482758,725
13C26D10258053889D75D9B9CA922EC7|D7D1FB49049702BF6338894757E0D959|NA|NA|D80388FD8EAC793C5C555EA9DB4466CB,0.08135593220338982,295
033E492229C2222EFAA16EE8A6462D8B|7E56C27BFF0305E788DA55A029EC4988|4C90FD52FC53D2C1C205844CB69575AB|1B491180398E2F0390E6A588B3BCE291|FBA072615A32BA27240F70370592DDA9,0.08132530120481928,332
62D6A49514020FA0B2E434DB0B506005|7E56C27BFF0305E788DA55A029EC4988|NA|NA|FB05F67B7E868983840F2DEAA11082B9,0.08130081300813008,2952
033E492229C2222EFAA16EE8A6462D8B|D7D1FB49049702BF6338894757E0D959|4C90FD52FC53D2C1C205844CB69575AB|1B491180398E2F0390E6A588B3BCE291|AAB3B523C26F0DFD22D8F900B8BDE283,0.08127611090011394,7899
88CED8BA3AA711A20ACF8B1FC574F218|D7D1FB49049702BF6338894757E0D959|NA|NA|067B23655AFF9D1E0E8676A2F5B2DA50,0.0812720848056537,283
6A21F69EBA80612A04B0F6BAC857AAF2|D7D1FB49049702BF6338894757E0D959|NA|NA|6A0D13693DFAA167D38A2F6A04059E67,0.08126410835214447,886
7532B3FBAFEC164460C4ED6FEB0C022C|7E56C27BFF0305E788DA55A029EC4988|921B36149E5B081FD24450BFE2CE4430|A5D15FC386510762EC0DDFF54ABE6F94|3BB2AD395EC35EAC138F542215460325,0.0811965811965812,234
033E492229C2222EFAA16EE8A6462D8B|7E56C27BFF0305E788DA55A029EC4988|4C90FD52FC53D2C1C205844CB69575AB|86E2AFBF909EC95B069893FF0BBC5B26|271B3C1DD6DC0D06C67B540F4257F6F7,0.08116883116883117,308
13C26D10258053889D75D9B9CA922EC7|7E56C27BFF0305E788DA55A029EC4988|NA|NA|D3931F4C90F6A79744867488D0801594,0.08115942028985507,1035
7F286560861764CCB93C90B7AA833949|7E56C27BFF0305E788DA55A029EC4988|921B36149E5B081FD24450BFE2CE4430|A5D15FC386510762EC0DDFF54ABE6F94|7DF21487D3DE8842C97D1333B0524E4A,0.08115942028985507,345
944B2A351FEFAC79AEAA9DA57E1B351F|D7D1FB49049702BF6338894757E0D959|NA|NA|67E6BB71C2C270D90D09F7E5D7135183,0.08115942028985507,345
033E492229C2222EFAA16EE8A6462D8B|7E56C27BFF0305E788DA55A029EC4988|4C90FD52FC53D2C1C205844CB69575AB|1B491180398E2F0390E6A588B3BCE291|39C1CA4A2EDB1483A31B54EEE2F035B1,0.08113590263691683,1479
033E492229C2222EFAA16EE8A6462D8B|7E56C27BFF0305E788DA55A029EC4988|88460293E9517D21E39AA889BD5AADC8|26FE89E9DD2E6FC18AA5BE1F6D5A6870|88DC814F61E4FB44F16B583C58EC93CD,0.08108108108108109,851
EC997D43AC86A75D9B88A1051F86A67C|7E56C27BFF0305E788DA55A029EC4988|NA|NA|200593A1609907F033B392B62B2AAC06,0.08108108108108109,1591
62D6A49514020FA0B2E434DB0B506005|D7D1FB49049702BF6338894757E0D959|NA|NA|C2BC8501709FE7130F454E5B9BE6DE70,0.08101851851851852,432
13C26D10258053889D75D9B9CA922EC7|D7D1FB49049702BF6338894757E0D959|NA|NA|0B501EBD66CD22A2B5A26F558455B8F0,0.08099688473520249,321
13C26D10258053889D75D9B9CA922EC7|D7D1FB49049702BF6338894757E0D959|NA|NA|067CDBD25EE4B3CE6BD52A59F4F133C2,0.08071748878923767,223
62D6A49514020FA0B2E434DB0B506005|7E56C27BFF0305E788DA55A029EC4988|NA|NA|D3A7262CA26FA458C6DB75B0B0D8A400,0.08070175438596491,570
033E492229C2222EFAA16EE8A6462D8B|7E56C27BFF0305E788DA55A029EC4988|4C90FD52FC53D2C1C205844CB69575AB|1B491180398E2F0390E6A588B3BCE291|B56FAF4FF95571934D31101BEECBFB74,0.08062869973463972,9798
7F286560861764CCB93C90B7AA833949|7E56C27BFF0305E788DA55A029EC4988|NA|NA|2580744E12A499F2C41BB3746EE1BFB5,0.08057070919009651,11915
7532B3FBAFEC164460C4ED6FEB0C022C|7E56C27BFF0305E788DA55A029EC4988|921B36149E5B081FD24450BFE2CE4430|A5D15FC386510762EC0DDFF54ABE6F94|102EF948C7CB9FFBD9C442D336D74209,0.08051948051948052,385
033E492229C2222EFAA16EE8A6462D8B|D7D1FB49049702BF6338894757E0D959|4C90FD52FC53D2C1C205844CB69575AB|0FB06F1EAC1E00A436B336C5DF3C14AF|5C3341D4A1BF6FB4384110608EE86AA6,0.08048780487804878,410
7F286560861764CCB93C90B7AA833949|D7D1FB49049702BF6338894757E0D959|NA|NA|818F6EFB7EBD4BBD027FFD52F5CAE718,0.08044692737430167,895
033E492229C2222EFAA16EE8A6462D8B|7E56C27BFF0305E788DA55A029EC4988|4C90FD52FC53D2C1C205844CB69575AB|1B491180398E2F0390E6A588B3BCE291|53C00BD57EE6D31C3868CE1775A495DC,0.08037383177570094,535
033E492229C2222EFAA16EE8A6462D8B|7E56C27BFF0305E788DA55A029EC4988|4C90FD52FC53D2C1C205844CB69575AB|1B491180398E2F0390E6A588B3BCE291|6ABAA8452A125B7D861F471F2804A227,0.08032786885245902,610
033E492229C2222EFAA16EE8A6462D8B|7E56C27BFF0305E788DA55A029EC4988|4C90FD52FC53D2C1C205844CB69575AB|C45A9AC6D102ACAEEDF0D6F78636D84A|96E619640B34DA9AB3CE096BB5A644C0,0.08028673835125448,1395
E02400CDAD96905D88E932FE9B7D3552|D7D1FB49049702BF6338894757E0D959|NA|NA|290C31EB56BBB2BF28B7808CA6C13948,0.08021390374331551,374
033E492229C2222EFAA16EE8A6462D8B|7E56C27BFF0305E788DA55A029EC4988|4C90FD52FC53D2C1C205844CB69575AB|A5D15FC386510762EC0DDFF54ABE6F94|CB9944F2553618238FC65DCE69E676D4,0.08016877637130802,474
62D6A49514020FA0B2E434DB0B506005|D7D1FB49049702BF6338894757E0D959|NA|NA|28BD4D793DD8386572D2810074CE7277,0.08013937282229965,861
E02400CDAD96905D88E932FE9B7D3552|7E56C27BFF0305E788DA55A029EC4988|921B36149E5B081FD24450BFE2CE4430|A5D15FC386510762EC0DDFF54ABE6F94|1895F076447AFF654A9A23552956A6A6,0.0801068090787717,749
635623BABBB7DA2E072D8C339F606E15|D7D1FB49049702BF6338894757E0D959|NA|NA|2B8AD82ECBBF8EBA4388421DA1C3B7C1,0.08008898776418243,899
033E492229C2222EFAA16EE8A6462D8B|D7D1FB49049702BF6338894757E0D959|4C90FD52FC53D2C1C205844CB69575AB|A5D15FC386510762EC0DDFF54ABE6F94|B11F83250E97B9AE77366F23AD8D8567,0.08002808002808003,2849
62D6A49514020FA0B2E434DB0B506005|D7D1FB49049702BF6338894757E0D959|88460293E9517D21E39AA889BD5AADC8|NA|CD886AD2EA373C74FEE56551B39E4B87,0.08,1325
DDC2B3CC38945E431DE1B3F59EC56680|D7D1FB49049702BF6338894757E0D959|NA|NA|B8C0FE637FD5FF6EC39C94265ADB17C3,0.07991169977924945,2265
9D307E5B713DE5E90D787BE9F802AFBB|7E56C27BFF0305E788DA55A029EC4988|4C90FD52FC53D2C1C205844CB69575AB|C45A9AC6D102ACAEEDF0D6F78636D84A|06487C946CF632BDAD19017DED98B471,0.07982261640798226,451
033E492229C2222EFAA16EE8A6462D8B|7E56C27BFF0305E788DA55A029EC4988|4C90FD52FC53D2C1C205844CB69575AB|1B491180398E2F0390E6A588B3BCE291|3DEDE8FB8CAEFCC90FA2671881CD1559,0.07981220657276995,426
7F286560861764CCB93C90B7AA833949|D7D1FB49049702BF6338894757E0D959|NA|NA|90E395311F39F356A0837AB16361B79A,0.0797872340425532,376
B4B45C6CE5FC4DE45AB02974D8849DBD|7E56C27BFF0305E788DA55A029EC4988|88460293E9517D21E39AA889BD5AADC8|A5D15FC386510762EC0DDFF54ABE6F94|475B85B78C0E595616E40A995EC513B1,0.0797872340425532,376
033E492229C2222EFAA16EE8A6462D8B|7E56C27BFF0305E788DA55A029EC4988|4C90FD52FC53D2C1C205844CB69575AB|1B491180398E2F0390E6A588B3BCE291|9DED84887B9818867E67BCE7DB523574,0.07973421926910298,301
944B2A351FEFAC79AEAA9DA57E1B351F|D7D1FB49049702BF6338894757E0D959|NA|NA|8DF1CC1D582665EC8417DA850C7D3610,0.07971014492753623,276
7F286560861764CCB93C90B7AA833949|D7D1FB49049702BF6338894757E0D959|NA|NA|FE624CB636969F980FC38206F5DB3FC7,0.07970280310705842,2961
033E492229C2222EFAA16EE8A6462D8B|7E56C27BFF0305E788DA55A029EC4988|4C90FD52FC53D2C1C205844CB69575AB|1B491180398E2F0390E6A588B3BCE291|C7C31B2E180C2CEE5423057306AE76C9,0.07967479674796749,1230
7F286560861764CCB93C90B7AA833949|FF2C446555E3822B0E0FC3406116E86D|NA|A5D15FC386510762EC0DDFF54ABE6F94|081C7F0EA274A81510B50D6FC144EDD1,0.07964601769911504,452
13C26D10258053889D75D9B9CA922EC7|7E56C27BFF0305E788DA55A029EC4988|4C90FD52FC53D2C1C205844CB69575AB|A5D15FC386510762EC0DDFF54ABE6F94|0C4048EC7B0FA5F340D16487F1B572BD,0.07964601769911504,339
5D656311CF9F47E34248BE9FBFF194A0|D7D1FB49049702BF6338894757E0D959|NA|NA|E6F5BB969B94E7EE39F8DEFAA7FDA43A,0.07958477508650519,289
033E492229C2222EFAA16EE8A6462D8B|7E56C27BFF0305E788DA55A029EC4988|4C90FD52FC53D2C1C205844CB69575AB|1B491180398E2F0390E6A588B3BCE291|29D9AE916F42871CB5D9A3F52D96BB20,0.07954545454545454,264
033E492229C2222EFAA16EE8A6462D8B|7E56C27BFF0305E788DA55A029EC4988|4C90FD52FC53D2C1C205844CB69575AB|1B491180398E2F0390E6A588B3BCE291|D7ED7A3D932F4CB3E77454EC79418E60,0.07950530035335689,566
2551A1FA7839742971CDF4C67667E17A|7E56C27BFF0305E788DA55A029EC4988|4C90FD52FC53D2C1C205844CB69575AB|A5D15FC386510762EC0DDFF54ABE6F94|C8FB540CFE3E218363D1D554B0FE166C,0.07948717948717948,1170
7F286560861764CCB93C90B7AA833949|7E56C27BFF0305E788DA55A029EC4988|4C90FD52FC53D2C1C205844CB69575AB|A5D15FC386510762EC0DDFF54ABE6F94|F86A69C94FC60723D4D8588AED2AB1EE,0.07947019867549669,302
033E492229C2222EFAA16EE8A6462D8B|7E56C27BFF0305E788DA55A029EC4988|4C90FD52FC53D2C1C205844CB69575AB|1B491180398E2F0390E6A588B3BCE291|CF6033FD84371F3A8C9F6D9B9334E7A4,0.07942238267148015,831
7532B3FBAFEC164460C4ED6FEB0C022C|D7D1FB49049702BF6338894757E0D959|NA|NA|CC81D8750AE27FC724499E87CACC2BB1,0.07939508506616257,529
635623BABBB7DA2E072D8C339F606E15|7E56C27BFF0305E788DA55A029EC4988|NA|NA|2951C95505688DD443432F6D6FF93BC1,0.07936507936507936,945
033E492229C2222EFAA16EE8A6462D8B|FF2C446555E3822B0E0FC3406116E86D|88460293E9517D21E39AA889BD5AADC8|C45A9AC6D102ACAEEDF0D6F78636D84A|NA,0.07936507936507936,378
13C26D10258053889D75D9B9CA922EC7|D7D1FB49049702BF6338894757E0D959|NA|NA|960B99308D990B702DBA6137E77A2B52,0.07936507936507936,441
13C26D10258053889D75D9B9CA922EC7|7E56C27BFF0305E788DA55A029EC4988|NA|NA|3DDF0C162933F8FD92E650BF581DC4B4,0.07926829268292683,492
EC997D43AC86A75D9B88A1051F86A67C|7E56C27BFF0305E788DA55A029EC4988|0CD76C7030D0900BE250C8D41703D180|A5D15FC386510762EC0DDFF54ABE6F94|A8DE3C5AEC68CD05E766D08A639F7663,0.07916666666666666,240
635623BABBB7DA2E072D8C339F606E15|D7D1FB49049702BF6338894757E0D959|NA|NA|566156D1BAB00055C81551887FA843BF,0.07913669064748201,278
7F286560861764CCB93C90B7AA833949|7E56C27BFF0305E788DA55A029EC4988|NA|NA|C0FD9F697B5AB38EB37FD457715A69DD,0.07912457912457913,594
033E492229C2222EFAA16EE8A6462D8B|7E56C27BFF0305E788DA55A029EC4988|4C90FD52FC53D2C1C205844CB69575AB|C45A9AC6D102ACAEEDF0D6F78636D84A|271B3C1DD6DC0D06C67B540F4257F6F7,0.07907497202536368,5362
9D307E5B713DE5E90D787BE9F802AFBB|FF2C446555E3822B0E0FC3406116E86D|4C90FD52FC53D2C1C205844CB69575AB|C45A9AC6D102ACAEEDF0D6F78636D84A|06487C946CF632BDAD19017DED98B471,0.07906976744186046,215
033E492229C2222EFAA16EE8A6462D8B|7E56C27BFF0305E788DA55A029EC4988|4C90FD52FC53D2C1C205844CB69575AB|A5D15FC386510762EC0DDFF54ABE6F94|F3445315BE81BC54C9D01F3485076899,0.07905982905982906,468
EC997D43AC86A75D9B88A1051F86A67C|7E56C27BFF0305E788DA55A029EC4988|0CD76C7030D0900BE250C8D41703D180|A5D15FC386510762EC0DDFF54ABE6F94|A85ACBD454B7550280E2E6F0685C50B5,0.07905138339920949,506
62D6A49514020FA0B2E434DB0B506005|7E56C27BFF0305E788DA55A029EC4988|NA|NA|79CEC8E2F3B56D9CFA176DF28CC4680A,0.07901907356948229,367
7F286560861764CCB93C90B7AA833949|D7D1FB49049702BF6338894757E0D959|NA|NA|52C395F2286B2F794259FBDACE2B453B,0.07899869960988297,9228
033E492229C2222EFAA16EE8A6462D8B|7E56C27BFF0305E788DA55A029EC4988|4C90FD52FC53D2C1C205844CB69575AB|D7B42B0C4D807EF1C13F79948743E9DA|BD59039AE994C0D59F491C1AE96E0A59,0.07894736842105263,228
033E492229C2222EFAA16EE8A6462D8B|7E56C27BFF0305E788DA55A029EC4988|4C90FD52FC53D2C1C205844CB69575AB|C45A9AC6D102ACAEEDF0D6F78636D84A|9CD0728F8862BB15ABAE2C25AF596BAD,0.07887161773172136,1737
13C26D10258053889D75D9B9CA922EC7|7E56C27BFF0305E788DA55A029EC4988|NA|NA|8524B95BFAE274CAB1E2E69432C6EF03,0.07885304659498207,279
E02400CDAD96905D88E932FE9B7D3552|7E56C27BFF0305E788DA55A029EC4988|921B36149E5B081FD24450BFE2CE4430|A5D15FC386510762EC0DDFF54ABE6F94|8B698195738EFBA10DB86CEC7642E72B,0.07883554832293645,11061
B4B45C6CE5FC4DE45AB02974D8849DBD|D7D1FB49049702BF6338894757E0D959|921B36149E5B081FD24450BFE2CE4430|C45A9AC6D102ACAEEDF0D6F78636D84A|F07952F22ABAAD847384670276F0E986,0.07881773399014778,203
EC997D43AC86A75D9B88A1051F86A67C|D7D1FB49049702BF6338894757E0D959|0CD76C7030D0900BE250C8D41703D180|A5D15FC386510762EC0DDFF54ABE6F94|8524B95BFAE274CAB1E2E69432C6EF03,0.07881773399014778,203
7F286560861764CCB93C90B7AA833949|D7D1FB49049702BF6338894757E0D959|NA|NA|8E1AA1A1FC6830A76CECA764554E3F9F,0.07881773399014778,203
635623BABBB7DA2E072D8C339F606E15|7E56C27BFF0305E788DA55A029EC4988|NA|NA|5BC3E72681C28967ED4302D193364E8D,0.07878787878787878,330
7F286560861764CCB93C90B7AA833949|D7D1FB49049702BF6338894757E0D959|4C90FD52FC53D2C1C205844CB69575AB|A5D15FC386510762EC0DDFF54ABE6F94|D2EB03A2E3278FD5F6F1585E6FAB263B,0.07874015748031496,254
13C26D10258053889D75D9B9CA922EC7|D7D1FB49049702BF6338894757E0D959|NA|NA|F7F1658DD450129A07937C0711A3193F,0.07871720116618076,343
033E492229C2222EFAA16EE8A6462D8B|7E56C27BFF0305E788DA55A029EC4988|4C90FD52FC53D2C1C205844CB69575AB|1B491180398E2F0390E6A588B3BCE291|C839281045151050599C3B791E3CF158,0.07868383404864092,699
7F286560861764CCB93C90B7AA833949|D7D1FB49049702BF6338894757E0D959|NA|NA|233AAA786FF45E77556ADF2B1EF8853D,0.07865168539325842,267
7F286560861764CCB93C90B7AA833949|D7D1FB49049702BF6338894757E0D959|NA|NA|261B4E03E76EBB3424E1137D9A9B6358,0.07859848484848485,2112
E02400CDAD96905D88E932FE9B7D3552|7E56C27BFF0305E788DA55A029EC4988|921B36149E5B081FD24450BFE2CE4430|A5D15FC386510762EC0DDFF54ABE6F94|F3C07A6104716F9DCEB446B3ED2EF3E4,0.07859733978234583,827
033E492229C2222EFAA16EE8A6462D8B|7E56C27BFF0305E788DA55A029EC4988|4C90FD52FC53D2C1C205844CB69575AB|1B491180398E2F0390E6A588B3BCE291|16CBCF9A48FCB3042641BF67C10FB326,0.07852193995381063,433
E02400CDAD96905D88E932FE9B7D3552|7E56C27BFF0305E788DA55A029EC4988|4C90FD52FC53D2C1C205844CB69575AB|C45A9AC6D102ACAEEDF0D6F78636D84A|NA,0.07851239669421488,242
B4B45C6CE5FC4DE45AB02974D8849DBD|7E56C27BFF0305E788DA55A029EC4988|NA|NA|41A92F278F8B7E5AA56B8F344B9A86E4,0.07851239669421488,484
033E492229C2222EFAA16EE8A6462D8B|7E56C27BFF0305E788DA55A029EC4988|88460293E9517D21E39AA889BD5AADC8|C45A9AC6D102ACAEEDF0D6F78636D84A|76987D75EC7789FEDD450B1ED28707F0,0.07847082494969819,497
7532B3FBAFEC164460C4ED6FEB0C022C|D7D1FB49049702BF6338894757E0D959|NA|NA|E935402728890A129484025BF055E9EE,0.0784313725490196,204
13C26D10258053889D75D9B9CA922EC7|7E56C27BFF0305E788DA55A029EC4988|NA|NA|B3A593CB32EF837C48AB4872A66AC63C,0.0784313725490196,255
7532B3FBAFEC164460C4ED6FEB0C022C|D7D1FB49049702BF6338894757E0D959|NA|NA|9BD630227201C4A20641D675A9E46E88,0.07835820895522388,268
635623BABBB7DA2E072D8C339F606E15|D7D1FB49049702BF6338894757E0D959|NA|NA|294B1448A8646112F3731167E65805B8,0.07835051546391752,1940
635623BABBB7DA2E072D8C339F606E15|D7D1FB49049702BF6338894757E0D959|NA|NA|E162949063EE8039063BCD22C06D2028,0.07832422586520947,1098
13C26D10258053889D75D9B9CA922EC7|7E56C27BFF0305E788DA55A029EC4988|4C90FD52FC53D2C1C205844CB69575AB|1B491180398E2F0390E6A588B3BCE291|DCABEFBDA6E35FE1B723EB5363EB6DC9,0.07829977628635347,447
9D307E5B713DE5E90D787BE9F802AFBB|7E56C27BFF0305E788DA55A029EC4988|4C90FD52FC53D2C1C205844CB69575AB|C45A9AC6D102ACAEEDF0D6F78636D84A|93805425440E0B0C93655083D59FFA2E,0.07829181494661921,281
7F286560861764CCB93C90B7AA833949|7E56C27BFF0305E788DA55A029EC4988|NA|NA|E96F5BEE9F0B4E2B7091F58CFE499E60,0.07828810020876827,958
88CED8BA3AA711A20ACF8B1FC574F218|7E56C27BFF0305E788DA55A029EC4988|NA|NA|A1E493D4EDAEF806C0C886BF1518B96D,0.0782800441014333,907
033E492229C2222EFAA16EE8A6462D8B|7E56C27BFF0305E788DA55A029EC4988|4C90FD52FC53D2C1C205844CB69575AB|C45A9AC6D102ACAEEDF0D6F78636D84A|F41B9EFE26058AFFB180779FBEB998DC,0.0782608695652174,230
7F286560861764CCB93C90B7AA833949|7E56C27BFF0305E788DA55A029EC4988|NA|NA|3A6704FCA18BDBC51DFE4EBFDA642D20,0.0782312925170068,588
NA|7E56C27BFF0305E788DA55A029EC4988|NA|NA|NA,0.07820519350074236,3102262
033E492229C2222EFAA16EE8A6462D8B|FF2C446555E3822B0E0FC3406116E86D|4C90FD52FC53D2C1C205844CB69575AB|1B491180398E2F0390E6A588B3BCE291|705BC549AFF7EFF0FB438E5BDDC40029,0.07820299500831947,601
13C26D10258053889D75D9B9CA922EC7|7E56C27BFF0305E788DA55A029EC4988|4C90FD52FC53D2C1C205844CB69575AB|A5D15FC386510762EC0DDFF54ABE6F94|A7B50B072BF8205D2E199D0BD6797EBB,0.07818930041152264,243
635623BABBB7DA2E072D8C339F606E15|7E56C27BFF0305E788DA55A029EC4988|NA|NA|79B2C10A16CC03B620CEDD1B2F0F5DE8,0.078125,256
033E492229C2222EFAA16EE8A6462D8B|D7D1FB49049702BF6338894757E0D959|4C90FD52FC53D2C1C205844CB69575AB|1B491180398E2F0390E6A588B3BCE291|425286992DDFA425FE3D78CB17D9AE54,0.078125,320
88CED8BA3AA711A20ACF8B1FC574F218|7E56C27BFF0305E788DA55A029EC4988|NA|NA|822AA43B3AE9E0192659C125C6BC4CE1,0.07804878048780488,205
B4B45C6CE5FC4DE45AB02974D8849DBD|D7D1FB49049702BF6338894757E0D959|NA|NA|9D85931219774F3231F3DDA5CB909237,0.07804878048780488,205
033E492229C2222EFAA16EE8A6462D8B|7E56C27BFF0305E788DA55A029EC4988|4C90FD52FC53D2C1C205844CB69575AB|1B491180398E2F0390E6A588B3BCE291|323CB375A44A7423EDED31D92B6AE0E2,0.0779896013864818,13848
E02400CDAD96905D88E932FE9B7D3552|7E56C27BFF0305E788DA55A029EC4988|921B36149E5B081FD24450BFE2CE4430|A5D15FC386510762EC0DDFF54ABE6F94|E6712D73A15E1DF6BFC25AA1C6A4C33C,0.07795698924731183,1488
635623BABBB7DA2E072D8C339F606E15|7E56C27BFF0305E788DA55A029EC4988|NA|NA|CD03484BB1E679791D87DF491DE9D2BC,0.07792207792207792,231
033E492229C2222EFAA16EE8A6462D8B|7E56C27BFF0305E788DA55A029EC4988|4C90FD52FC53D2C1C205844CB69575AB|1B491180398E2F0390E6A588B3BCE291|7B77DCEDF23DCF7996D58C7BE859E365,0.07780082987551867,964
033E492229C2222EFAA16EE8A6462D8B|7E56C27BFF0305E788DA55A029EC4988|4C90FD52FC53D2C1C205844CB69575AB|1B491180398E2F0390E6A588B3BCE291|4C6965BD82243A99DE8A115F5EB89895,0.0777027027027027,1480
033E492229C2222EFAA16EE8A6462D8B|FF2C446555E3822B0E0FC3406116E86D|4C90FD52FC53D2C1C205844CB69575AB|1B491180398E2F0390E6A588B3BCE291|321C82C284BFC5F9D004E32EBEE462BB,0.07766990291262135,412
5D656311CF9F47E34248BE9FBFF194A0|7E56C27BFF0305E788DA55A029EC4988|NA|NA|8DD75EE3D2775D0D5FA549E8307C5903,0.0776255707762557,657
635623BABBB7DA2E072D8C339F606E15|D7D1FB49049702BF6338894757E0D959|NA|NA|C9B820DD70196AAEB4A9F890480B4E03,0.0776255707762557,219
6A21F69EBA80612A04B0F6BAC857AAF2|D7D1FB49049702BF6338894757E0D959|88460293E9517D21E39AA889BD5AADC8|NA|AD5A725A9E146BF20BEC743F9AA93098,0.07755102040816327,245
635623BABBB7DA2E072D8C339F606E15|7E56C27BFF0305E788DA55A029EC4988|NA|NA|2433ACF72F4C6BF78F914616D982ECAC,0.0775347912524851,503
62D6A49514020FA0B2E434DB0B506005|7E56C27BFF0305E788DA55A029EC4988|NA|NA|CD886AD2EA373C74FEE56551B39E4B87,0.0775065963060686,3032
EC997D43AC86A75D9B88A1051F86A67C|7E56C27BFF0305E788DA55A029EC4988|NA|NA|BECF0C770DE7831D74CB8DA5C7E47831,0.0775,400
033E492229C2222EFAA16EE8A6462D8B|D7D1FB49049702BF6338894757E0D959|4C90FD52FC53D2C1C205844CB69575AB|A5D15FC386510762EC0DDFF54ABE6F94|00AF1D1CB6DE522C356AF896151160A1,0.07745048247841543,3938
62D6A49514020FA0B2E434DB0B506005|7E56C27BFF0305E788DA55A029EC4988|NA|NA|50972BA52D5E06E612F43017E974B8E1,0.07741935483870968,310
9D307E5B713DE5E90D787BE9F802AFBB|D7D1FB49049702BF6338894757E0D959|NA|NA|B11F83250E97B9AE77366F23AD8D8567,0.07730959730098341,13931
DDC2B3CC38945E431DE1B3F59EC56680|7E56C27BFF0305E788DA55A029EC4988|NA|NA|1EB8202F1AB0F1DCF25B93FA3DDCDCC3,0.07729468599033816,207
13C26D10258053889D75D9B9CA922EC7|7E56C27BFF0305E788DA55A029EC4988|NA|NA|71267A82BFBDED9FE4B53008B30E0F48,0.07725321888412018,466
635623BABBB7DA2E072D8C339F606E15|D7D1FB49049702BF6338894757E0D959|NA|NA|CB2F44FE8A597C9A28A8F40F076697F2,0.07725321888412018,233
635623BABBB7DA2E072D8C339F606E15|7E56C27BFF0305E788DA55A029EC4988|NA|NA|515C36E4A72F5ADAC5D256E6E8872809,0.07725321888412018,233
033E492229C2222EFAA16EE8A6462D8B|7E56C27BFF0305E788DA55A029EC4988|4C90FD52FC53D2C1C205844CB69575AB|1B491180398E2F0390E6A588B3BCE291|5269E0A33A875CCFFFDF82BD0413CB4C,0.07725321888412018,233
62D6A49514020FA0B2E434DB0B506005|FF2C446555E3822B0E0FC3406116E86D|NA|NA|15E3BC3F1B1531808679E682CDD31411,0.07724719101123595,712
033E492229C2222EFAA16EE8A6462D8B|7E56C27BFF0305E788DA55A029EC4988|4C90FD52FC53D2C1C205844CB69575AB|1B491180398E2F0390E6A588B3BCE291|FAA11670030E98B385F724C13B811F42,0.07714016933207903,3189
033E492229C2222EFAA16EE8A6462D8B|7E56C27BFF0305E788DA55A029EC4988|88460293E9517D21E39AA889BD5AADC8|A5D15FC386510762EC0DDFF54ABE6F94|CB9944F2553618238FC65DCE69E676D4,0.07713498622589532,726
7532B3FBAFEC164460C4ED6FEB0C022C|7E56C27BFF0305E788DA55A029EC4988|NA|NA|B556AE06330ABD925A1907306E4600A1,0.07705192629815745,597
635623BABBB7DA2E072D8C339F606E15|7E56C27BFF0305E788DA55A029EC4988|NA|NA|68C2D74CE65681DC75F163E0CF47F62C,0.07702220459952419,10088
62D6A49514020FA0B2E434DB0B506005|D7D1FB49049702BF6338894757E0D959|NA|NA|B6ADEA75185B4006F20A915630C543E7,0.07693577678718838,6057
033E492229C2222EFAA16EE8A6462D8B|7E56C27BFF0305E788DA55A029EC4988|4C90FD52FC53D2C1C205844CB69575AB|D7B42B0C4D807EF1C13F79948743E9DA|FA3E4B6C0CC028CBB24C7487997FD784,0.07692307692307693,403
7532B3FBAFEC164460C4ED6FEB0C022C|D7D1FB49049702BF6338894757E0D959|NA|NA|90542D844A9EBF7C3FC8F1441C53DFB5,0.07692307692307693,247
13C26D10258053889D75D9B9CA922EC7|D7D1FB49049702BF6338894757E0D959|NA|NA|3744295C2F5B98A4C307269AABD528AF,0.07692307692307693,338
5D656311CF9F47E34248BE9FBFF194A0|7E56C27BFF0305E788DA55A029EC4988|NA|NA|116ACBB7E1881C29A6EB95E3CA0E53D3,0.0768531150522965,2199
62D6A49514020FA0B2E434DB0B506005|D7D1FB49049702BF6338894757E0D959|88460293E9517D21E39AA889BD5AADC8|NA|B54AB6CB5221CBCF51F9D64F6CC7FF9E,0.076833720544308,6026
7F286560861764CCB93C90B7AA833949|7E56C27BFF0305E788DA55A029EC4988|88460293E9517D21E39AA889BD5AADC8|A5D15FC386510762EC0DDFF54ABE6F94|05C80D147A36B482098EF90C75DDD451,0.07677902621722846,534
62D6A49514020FA0B2E434DB0B506005|D7D1FB49049702BF6338894757E0D959|NA|NA|E927E76CAB4952055605E359932D57DE,0.07674418604651163,430
EC997D43AC86A75D9B88A1051F86A67C|7E56C27BFF0305E788DA55A029EC4988|NA|NA|B0A301F1AF3D65F1D45ECF8DB0DB5ECA,0.07672634271099744,391
13C26D10258053889D75D9B9CA922EC7|D7D1FB49049702BF6338894757E0D959|NA|NA|5A5BFADBF986788812B126EF32B8FBA6,0.07671232876712329,730
033E492229C2222EFAA16EE8A6462D8B|7E56C27BFF0305E788DA55A029EC4988|4C90FD52FC53D2C1C205844CB69575AB|1B491180398E2F0390E6A588B3BCE291|30B46A98AF3EAF060546E68753769434,0.07666098807495741,1174
635623BABBB7DA2E072D8C339F606E15|7E56C27BFF0305E788DA55A029EC4988|NA|NA|1145C405A750213385EDDC83AE1F74E8,0.07665198237885462,1135
033E492229C2222EFAA16EE8A6462D8B|7E56C27BFF0305E788DA55A029EC4988|4C90FD52FC53D2C1C205844CB69575AB|1B491180398E2F0390E6A588B3BCE291|9957C28A56F91CCA75409AF10FF3961D,0.07661290322580645,496
62D6A49514020FA0B2E434DB0B506005|7E56C27BFF0305E788DA55A029EC4988|NA|NA|98C92FB61F53413DC20E1BC5C2E51E87,0.07659574468085106,470
7F286560861764CCB93C90B7AA833949|7E56C27BFF0305E788DA55A029EC4988|4C90FD52FC53D2C1C205844CB69575AB|A5D15FC386510762EC0DDFF54ABE6F94|2D32D4CD18F17CD1885B898511A835DC,0.07659574468085106,235
13C26D10258053889D75D9B9CA922EC7|D7D1FB49049702BF6338894757E0D959|NA|NA|27557C49C70B030AA18248743635907A,0.07656145063801209,1489
033E492229C2222EFAA16EE8A6462D8B|D7D1FB49049702BF6338894757E0D959|4C90FD52FC53D2C1C205844CB69575AB|1B491180398E2F0390E6A588B3BCE291|B5442BD6C51E100E03D435F5DC7B518F,0.07655502392344497,209
E02400CDAD96905D88E932FE9B7D3552|7E56C27BFF0305E788DA55A029EC4988|921B36149E5B081FD24450BFE2CE4430|A5D15FC386510762EC0DDFF54ABE6F94|6A80BEA5CD9A5D5D46B294B96B5BAB1B,0.07645631067961164,824
635623BABBB7DA2E072D8C339F606E15|FF2C446555E3822B0E0FC3406116E86D|NA|NA|68C2D74CE65681DC75F163E0CF47F62C,0.07642487046632124,1544
B4B45C6CE5FC4DE45AB02974D8849DBD|7E56C27BFF0305E788DA55A029EC4988|NA|NA|605906CA2BC35163467B922B0EA2E518,0.0763888888888889,288
88CED8BA3AA711A20ACF8B1FC574F218|7E56C27BFF0305E788DA55A029EC4988|4C90FD52FC53D2C1C205844CB69575AB|A5D15FC386510762EC0DDFF54ABE6F94|7B6DFE17AE1E2AA9F90A593EB7EFF9D6,0.07637231503579953,419
9D307E5B713DE5E90D787BE9F802AFBB|D7D1FB49049702BF6338894757E0D959|4C90FD52FC53D2C1C205844CB69575AB|A5D15FC386510762EC0DDFF54ABE6F94|NA,0.07630979498861047,878
944B2A351FEFAC79AEAA9DA57E1B351F|D7D1FB49049702BF6338894757E0D959|NA|NA|81ABD67AB05A983B5DB3EE003CF27E4E,0.07630522088353414,249
033E492229C2222EFAA16EE8A6462D8B|D7D1FB49049702BF6338894757E0D959|4C90FD52FC53D2C1C205844CB69575AB|C45A9AC6D102ACAEEDF0D6F78636D84A|705BC549AFF7EFF0FB438E5BDDC40029,0.07628294036061026,721
635623BABBB7DA2E072D8C339F606E15|D7D1FB49049702BF6338894757E0D959|NA|NA|47BA5C2492A5A35FF725FA1AF3407C65,0.07628004179728318,957
033E492229C2222EFAA16EE8A6462D8B|7E56C27BFF0305E788DA55A029EC4988|4C90FD52FC53D2C1C205844CB69575AB|1B491180398E2F0390E6A588B3BCE291|8D61324D0749847F1A197404F6EAF16E,0.0761904761904762,420
7F286560861764CCB93C90B7AA833949|7E56C27BFF0305E788DA55A029EC4988|NA|NA|688AAD314F886EA12C8D8CA1EAE3C42C,0.07618722241202597,2927
13C26D10258053889D75D9B9CA922EC7|D7D1FB49049702BF6338894757E0D959|NA|NA|93FCC84E44FD0FE75B806D42D143F265,0.07612456747404844,578
033E492229C2222EFAA16EE8A6462D8B|7E56C27BFF0305E788DA55A029EC4988|4C90FD52FC53D2C1C205844CB69575AB|1B491180398E2F0390E6A588B3BCE291|9CB1FCCB3DCEB2F4DF14F06CC6EA1158,0.07604994324631101,881
EC997D43AC86A75D9B88A1051F86A67C|D7D1FB49049702BF6338894757E0D959|0CD76C7030D0900BE250C8D41703D180|6EFABCEDA36A931DBF760F88970BAF0E|F9736BEF7C7B6086AEC613D59A54DDD6,0.07601351351351351,592
13C26D10258053889D75D9B9CA922EC7|D7D1FB49049702BF6338894757E0D959|NA|NA|BF8FBA4622733E456B462E977F473F3C,0.07589285714285714,224
62D6A49514020FA0B2E434DB0B506005|FF2C446555E3822B0E0FC3406116E86D|88460293E9517D21E39AA889BD5AADC8|NA|9A0EA21647E006E4AAA6908795A06465,0.07584269662921349,356
EC997D43AC86A75D9B88A1051F86A67C|7E56C27BFF0305E788DA55A029EC4988|NA|NA|DF521510BD061D6699FAF86A561C0BD4,0.07582349285270354,1609
13C26D10258053889D75D9B9CA922EC7|D7D1FB49049702BF6338894757E0D959|NA|NA|DA46EB2043C5B48914F5617F964C6BB2,0.07575097953852851,2297
033E492229C2222EFAA16EE8A6462D8B|D7D1FB49049702BF6338894757E0D959|4C90FD52FC53D2C1C205844CB69575AB|C45A9AC6D102ACAEEDF0D6F78636D84A|6A1F1F344D0A4A99940699B11365E7E8,0.07564287054995933,15983
6A21F69EBA80612A04B0F6BAC857AAF2|D7D1FB49049702BF6338894757E0D959|88460293E9517D21E39AA889BD5AADC8|NA|7EE4093CEB17971392BDA4A6E096B08A,0.07563025210084033,952
7532B3FBAFEC164460C4ED6FEB0C022C|D7D1FB49049702BF6338894757E0D959|NA|NA|B11F83250E97B9AE77366F23AD8D8567,0.07561139126125864,34307
033E492229C2222EFAA16EE8A6462D8B|7E56C27BFF0305E788DA55A029EC4988|4C90FD52FC53D2C1C205844CB69575AB|1B491180398E2F0390E6A588B3BCE291|9E50590CE978C80CFD34CEE96BC7BAF1,0.07556675062972293,397
9D307E5B713DE5E90D787BE9F802AFBB|7E56C27BFF0305E788DA55A029EC4988|4C90FD52FC53D2C1C205844CB69575AB|C45A9AC6D102ACAEEDF0D6F78636D84A|7B4F751A5189AAA6315B6E9AEED5CA8F,0.07553956834532374,278
DDC2B3CC38945E431DE1B3F59EC56680|7E56C27BFF0305E788DA55A029EC4988|4C90FD52FC53D2C1C205844CB69575AB|A5D15FC386510762EC0DDFF54ABE6F94|DC31D4641EBB3213EDA758F50F18482A,0.07553956834532374,278
033E492229C2222EFAA16EE8A6462D8B|7E56C27BFF0305E788DA55A029EC4988|4C90FD52FC53D2C1C205844CB69575AB|A5D15FC386510762EC0DDFF54ABE6F94|271B3C1DD6DC0D06C67B540F4257F6F7,0.0755287009063444,331
033E492229C2222EFAA16EE8A6462D8B|7E56C27BFF0305E788DA55A029EC4988|88460293E9517D21E39AA889BD5AADC8|C45A9AC6D102ACAEEDF0D6F78636D84A|6A1F1F344D0A4A99940699B11365E7E8,0.07547169811320754,530
033E492229C2222EFAA16EE8A6462D8B|D7D1FB49049702BF6338894757E0D959|4C90FD52FC53D2C1C205844CB69575AB|A5D15FC386510762EC0DDFF54ABE6F94|ABABB67DDD5CC573C514195F716A18DE,0.07539682539682539,252
033E492229C2222EFAA16EE8A6462D8B|7E56C27BFF0305E788DA55A029EC4988|4C90FD52FC53D2C1C205844CB69575AB|1B491180398E2F0390E6A588B3BCE291|BD6858A69A503014668C638E857D0AE4,0.07526881720430108,279
635623BABBB7DA2E072D8C339F606E15|7E56C27BFF0305E788DA55A029EC4988|NA|NA|065F6AE8A6727D9E0411ECAB325BEB2F,0.07526881720430108,558
62D6A49514020FA0B2E434DB0B506005|7E56C27BFF0305E788DA55A029EC4988|NA|NA|BDB40E10672A79231D3FB77B7236F15D,0.07523510971786834,319
033E492229C2222EFAA16EE8A6462D8B|7E56C27BFF0305E788DA55A029EC4988|4C90FD52FC53D2C1C205844CB69575AB|D7B42B0C4D807EF1C13F79948743E9DA|32AF35E4536F91A28EC6A5916529DE80,0.0752212389380531,226
033E492229C2222EFAA16EE8A6462D8B|7E56C27BFF0305E788DA55A029EC4988|4C90FD52FC53D2C1C205844CB69575AB|1B491180398E2F0390E6A588B3BCE291|E68B96068779759F8AF7274A3FA6E3CC,0.07511737089201878,213
7F286560861764CCB93C90B7AA833949|7E56C27BFF0305E788DA55A029EC4988|NA|NA|8F7586E75D2E68CB3C5EE428EE404B66,0.07509881422924901,253
7F286560861764CCB93C90B7AA833949|7E56C27BFF0305E788DA55A029EC4988|NA|NA|32798D7FAB213DC3ACB92ADC488316EA,0.07508532423208192,586
033E492229C2222EFAA16EE8A6462D8B|7E56C27BFF0305E788DA55A029EC4988|4C90FD52FC53D2C1C205844CB69575AB|1B491180398E2F0390E6A588B3BCE291|8CDF2C0E44D248E625FB8F1505C8E36B,0.07507507507507508,333
033E492229C2222EFAA16EE8A6462D8B|7E56C27BFF0305E788DA55A029EC4988|4C90FD52FC53D2C1C205844CB69575AB|A5D15FC386510762EC0DDFF54ABE6F94|2580744E12A499F2C41BB3746EE1BFB5,0.07507082152974505,706
7F286560861764CCB93C90B7AA833949|D7D1FB49049702BF6338894757E0D959|NA|NA|4853C993CA553E6C4C44D45B4F057DD3,0.07502467917077986,1013
B4B45C6CE5FC4DE45AB02974D8849DBD|7E56C27BFF0305E788DA55A029EC4988|921B36149E5B081FD24450BFE2CE4430|1B491180398E2F0390E6A588B3BCE291|F07952F22ABAAD847384670276F0E986,0.075,1120
13C26D10258053889D75D9B9CA922EC7|D7D1FB49049702BF6338894757E0D959|NA|NA|AF4C6588A73BD1F2D99A2975BCEC8C6C,0.075,760
7F286560861764CCB93C90B7AA833949|7E56C27BFF0305E788DA55A029EC4988|4C90FD52FC53D2C1C205844CB69575AB|A5D15FC386510762EC0DDFF54ABE6F94|081C7F0EA274A81510B50D6FC144EDD1,0.075,2160
033E492229C2222EFAA16EE8A6462D8B|7E56C27BFF0305E788DA55A029EC4988|4C90FD52FC53D2C1C205844CB69575AB|1B491180398E2F0390E6A588B3BCE291|045C4A44537C197EBC1E8415971E0D7A,0.07482993197278912,294
033E492229C2222EFAA16EE8A6462D8B|7E56C27BFF0305E788DA55A029EC4988|88460293E9517D21E39AA889BD5AADC8|86E2AFBF909EC95B069893FF0BBC5B26|91B22DE27E9D5A5608C4EB3BDFA679AC,0.07482993197278912,1323
033E492229C2222EFAA16EE8A6462D8B|7E56C27BFF0305E788DA55A029EC4988|4C90FD52FC53D2C1C205844CB69575AB|1B491180398E2F0390E6A588B3BCE291|ED8FC6F94876F58702478D3E32AE708A,0.07476866132017274,8105
7532B3FBAFEC164460C4ED6FEB0C022C|D7D1FB49049702BF6338894757E0D959|NA|NA|CDDC04BD002926954A406E5AA5CCD7DA,0.07462686567164178,201
13C26D10258053889D75D9B9CA922EC7|7E56C27BFF0305E788DA55A029EC4988|NA|NA|511D99DD9472CD09B2613962780516E7,0.07462686567164178,201
13C26D10258053889D75D9B9CA922EC7|7E56C27BFF0305E788DA55A029EC4988|NA|NA|9E368F68D97AADC0456024C01B054623,0.07456140350877193,228
033E492229C2222EFAA16EE8A6462D8B|FF2C446555E3822B0E0FC3406116E86D|4C90FD52FC53D2C1C205844CB69575AB|C45A9AC6D102ACAEEDF0D6F78636D84A|705BC549AFF7EFF0FB438E5BDDC40029,0.07441860465116279,215
033E492229C2222EFAA16EE8A6462D8B|FF2C446555E3822B0E0FC3406116E86D|4C90FD52FC53D2C1C205844CB69575AB|1B491180398E2F0390E6A588B3BCE291|1444F7B81C77B6A1752DC478F00BF61F,0.07428571428571429,350
033E492229C2222EFAA16EE8A6462D8B|7E56C27BFF0305E788DA55A029EC4988|4C90FD52FC53D2C1C205844CB69575AB|1B491180398E2F0390E6A588B3BCE291|5AF7F144C0234FD0777AABBDC3899945,0.07426597582037997,579
E02400CDAD96905D88E932FE9B7D3552|7E56C27BFF0305E788DA55A029EC4988|921B36149E5B081FD24450BFE2CE4430|A5D15FC386510762EC0DDFF54ABE6F94|9379A73F3DC53CAE363E122481BBACAA,0.0741687979539642,1955
62D6A49514020FA0B2E434DB0B506005|7E56C27BFF0305E788DA55A029EC4988|NA|NA|E96F5BEE9F0B4E2B7091F58CFE499E60,0.0741169239668824,27659
7F286560861764CCB93C90B7AA833949|7E56C27BFF0305E788DA55A029EC4988|NA|NA|5742A765A91C77034A7EEAB859C08357,0.07407407407407407,243
033E492229C2222EFAA16EE8A6462D8B|FF2C446555E3822B0E0FC3406116E86D|88460293E9517D21E39AA889BD5AADC8|1B491180398E2F0390E6A588B3BCE291|NA,0.07407407407407407,702
033E492229C2222EFAA16EE8A6462D8B|7E56C27BFF0305E788DA55A029EC4988|4C90FD52FC53D2C1C205844CB69575AB|C45A9AC6D102ACAEEDF0D6F78636D84A|F15DCA9E43DF2C07E9A9DA8E69CB1037,0.07407407407407407,1809
635623BABBB7DA2E072D8C339F606E15|D7D1FB49049702BF6338894757E0D959|NA|NA|3B74E691D58FE66E2E341A7CB38A55CD,0.07399577167019028,1419
7F286560861764CCB93C90B7AA833949|7E56C27BFF0305E788DA55A029EC4988|4C90FD52FC53D2C1C205844CB69575AB|A5D15FC386510762EC0DDFF54ABE6F94|4D5F4B155EC991C4AAD734F17104585D,0.0739691532892666,3177
13C26D10258053889D75D9B9CA922EC7|D7D1FB49049702BF6338894757E0D959|NA|NA|86BCCC3827BD9B8C445FBC63E3E425CC,0.07395498392282958,311
DDC2B3CC38945E431DE1B3F59EC56680|7E56C27BFF0305E788DA55A029EC4988|NA|NA|E0D3FC000100DBA2537B4DF0C060681D,0.07391910739191074,1434
DDC2B3CC38945E431DE1B3F59EC56680|7E56C27BFF0305E788DA55A029EC4988|4C90FD52FC53D2C1C205844CB69575AB|A5D15FC386510762EC0DDFF54ABE6F94|9CB6EAAD6AE2037B3873530FB3709741,0.07391304347826087,230
033E492229C2222EFAA16EE8A6462D8B|D7D1FB49049702BF6338894757E0D959|4C90FD52FC53D2C1C205844CB69575AB|A5D15FC386510762EC0DDFF54ABE6F94|0BD6B188627C5835C6844910DBD4070A,0.07389162561576355,203
033E492229C2222EFAA16EE8A6462D8B|7E56C27BFF0305E788DA55A029EC4988|88460293E9517D21E39AA889BD5AADC8|26FE89E9DD2E6FC18AA5BE1F6D5A6870|9CB1FCCB3DCEB2F4DF14F06CC6EA1158,0.0738255033557047,298
7F286560861764CCB93C90B7AA833949|7E56C27BFF0305E788DA55A029EC4988|4C90FD52FC53D2C1C205844CB69575AB|A5D15FC386510762EC0DDFF54ABE6F94|3EC767F98BC3F3AB275CAF1E262D3F3A,0.07380073800738007,271
033E492229C2222EFAA16EE8A6462D8B|7E56C27BFF0305E788DA55A029EC4988|4C90FD52FC53D2C1C205844CB69575AB|1B491180398E2F0390E6A588B3BCE291|DFD2E475110F800A325EACE2BB0DC3E8,0.07377049180327869,244
033E492229C2222EFAA16EE8A6462D8B|7E56C27BFF0305E788DA55A029EC4988|88460293E9517D21E39AA889BD5AADC8|C45A9AC6D102ACAEEDF0D6F78636D84A|D544DD4C9E7F122F9299A06DCC827F2B,0.07377049180327869,366
033E492229C2222EFAA16EE8A6462D8B|7E56C27BFF0305E788DA55A029EC4988|4C90FD52FC53D2C1C205844CB69575AB|C45A9AC6D102ACAEEDF0D6F78636D84A|0A9CC825D4A2B96B9ADEA9A096796D31,0.0736196319018405,326
E02400CDAD96905D88E932FE9B7D3552|7E56C27BFF0305E788DA55A029EC4988|921B36149E5B081FD24450BFE2CE4430|A5D15FC386510762EC0DDFF54ABE6F94|64F6272B488F200B11AB6126575B8DFD,0.0736196319018405,1793
B4B45C6CE5FC4DE45AB02974D8849DBD|7E56C27BFF0305E788DA55A029EC4988|4C90FD52FC53D2C1C205844CB69575AB|A5D15FC386510762EC0DDFF54ABE6F94|60F66E8A43C769994A25D6E02E9D5AF9,0.0735930735930736,1155
88CED8BA3AA711A20ACF8B1FC574F218|D7D1FB49049702BF6338894757E0D959|NA|NA|301B5DA7BE44DA0488A33A82FBD2FFF7,0.0735930735930736,462
7532B3FBAFEC164460C4ED6FEB0C022C|7E56C27BFF0305E788DA55A029EC4988|921B36149E5B081FD24450BFE2CE4430|A5D15FC386510762EC0DDFF54ABE6F94|B1307FE5A41D1B598A37FA0A26B71DFE,0.0735930735930736,231
B4B45C6CE5FC4DE45AB02974D8849DBD|7E56C27BFF0305E788DA55A029EC4988|921B36149E5B081FD24450BFE2CE4430|A5D15FC386510762EC0DDFF54ABE6F94|E0F54BB60E4822204DF2D0F2A8C00475,0.07354555433589462,911
88CED8BA3AA711A20ACF8B1FC574F218|D7D1FB49049702BF6338894757E0D959|NA|NA|C77394B7A981AE848D4AD98247DCDF3F,0.07343124165554073,749
E02400CDAD96905D88E932FE9B7D3552|7E56C27BFF0305E788DA55A029EC4988|921B36149E5B081FD24450BFE2CE4430|A5D15FC386510762EC0DDFF54ABE6F94|819275E34D1EE5B55DC466D58333F4B7,0.07342657342657342,286
DDC2B3CC38945E431DE1B3F59EC56680|D7D1FB49049702BF6338894757E0D959|NA|NA|B11F83250E97B9AE77366F23AD8D8567,0.07341772151898734,395
7F286560861764CCB93C90B7AA833949|7E56C27BFF0305E788DA55A029EC4988|4C90FD52FC53D2C1C205844CB69575AB|A5D15FC386510762EC0DDFF54ABE6F94|05C80D147A36B482098EF90C75DDD451,0.0733652312599681,6270
033E492229C2222EFAA16EE8A6462D8B|D7D1FB49049702BF6338894757E0D959|4C90FD52FC53D2C1C205844CB69575AB|1B491180398E2F0390E6A588B3BCE291|5773F1358969D415FB523BC424E98C6C,0.07334963325183375,409
B4B45C6CE5FC4DE45AB02974D8849DBD|7E56C27BFF0305E788DA55A029EC4988|921B36149E5B081FD24450BFE2CE4430|A5D15FC386510762EC0DDFF54ABE6F94|819275E34D1EE5B55DC466D58333F4B7,0.07331378299120235,341
033E492229C2222EFAA16EE8A6462D8B|7E56C27BFF0305E788DA55A029EC4988|4C90FD52FC53D2C1C205844CB69575AB|C45A9AC6D102ACAEEDF0D6F78636D84A|EFD69217F6597494416C0F83F7B0AC90,0.07329192546583851,805
13C26D10258053889D75D9B9CA922EC7|D7D1FB49049702BF6338894757E0D959|NA|NA|F0D5D67EB388609ED73125E8258992AC,0.07327586206896551,232
033E492229C2222EFAA16EE8A6462D8B|7E56C27BFF0305E788DA55A029EC4988|88460293E9517D21E39AA889BD5AADC8|1B491180398E2F0390E6A588B3BCE291|C839281045151050599C3B791E3CF158,0.07320644216691069,683
EC997D43AC86A75D9B88A1051F86A67C|7E56C27BFF0305E788DA55A029EC4988|0CD76C7030D0900BE250C8D41703D180|A5D15FC386510762EC0DDFF54ABE6F94|5678890DC6A51DC56FF0BCBD5A7E99AD,0.07317073170731707,410
033E492229C2222EFAA16EE8A6462D8B|7E56C27BFF0305E788DA55A029EC4988|88460293E9517D21E39AA889BD5AADC8|C45A9AC6D102ACAEEDF0D6F78636D84A|CB9944F2553618238FC65DCE69E676D4,0.07317073170731707,369
7F286560861764CCB93C90B7AA833949|D7D1FB49049702BF6338894757E0D959|4C90FD52FC53D2C1C205844CB69575AB|A5D15FC386510762EC0DDFF54ABE6F94|NA,0.07314833707406651,9802
7532B3FBAFEC164460C4ED6FEB0C022C|D7D1FB49049702BF6338894757E0D959|NA|NA|343E207042D27475F79B87DC37A07DFA,0.07308970099667775,301
B4B45C6CE5FC4DE45AB02974D8849DBD|7E56C27BFF0305E788DA55A029EC4988|921B36149E5B081FD24450BFE2CE4430|A5D15FC386510762EC0DDFF54ABE6F94|A6A457ABCB2687F40FA0F95FB365397D,0.0730593607305936,438
88CED8BA3AA711A20ACF8B1FC574F218|7E56C27BFF0305E788DA55A029EC4988|NA|NA|ACABBF3AF565CF16682432FC1454FD2D,0.07305194805194805,616
944B2A351FEFAC79AEAA9DA57E1B351F|D7D1FB49049702BF6338894757E0D959|NA|NA|FFC05E6753B9BF424205E353E082238B,0.07303370786516854,1068
635623BABBB7DA2E072D8C339F606E15|D7D1FB49049702BF6338894757E0D959|NA|NA|07564456AE107E6E96D25C6ED7ECEBE6,0.07301587301587302,315
13C26D10258053889D75D9B9CA922EC7|7E56C27BFF0305E788DA55A029EC4988|4C90FD52FC53D2C1C205844CB69575AB|C45A9AC6D102ACAEEDF0D6F78636D84A|1408A80288FE3E473F5B7CD5099FCA7F,0.07297297297297298,370
7F286560861764CCB93C90B7AA833949|D7D1FB49049702BF6338894757E0D959|NA|NA|B11F83250E97B9AE77366F23AD8D8567,0.0729185438817805,44392
7F286560861764CCB93C90B7AA833949|D7D1FB49049702BF6338894757E0D959|88460293E9517D21E39AA889BD5AADC8|A5D15FC386510762EC0DDFF54ABE6F94|AAB3B523C26F0DFD22D8F900B8BDE283,0.07291666666666667,288
7F286560861764CCB93C90B7AA833949|D7D1FB49049702BF6338894757E0D959|88460293E9517D21E39AA889BD5AADC8|C45A9AC6D102ACAEEDF0D6F78636D84A|NA,0.07286166842661035,947
7F286560861764CCB93C90B7AA833949|D7D1FB49049702BF6338894757E0D959|4C90FD52FC53D2C1C205844CB69575AB|C45A9AC6D102ACAEEDF0D6F78636D84A|NA,0.0728476821192053,302
033E492229C2222EFAA16EE8A6462D8B|D7D1FB49049702BF6338894757E0D959|4C90FD52FC53D2C1C205844CB69575AB|1B491180398E2F0390E6A588B3BCE291|D21C05ABF5C3AF11EB792E1DB18B5F60,0.0728476821192053,302
13C26D10258053889D75D9B9CA922EC7|7E56C27BFF0305E788DA55A029EC4988|NA|NA|8696C116BFA541F222AE3AFB4FB4277C,0.07276562088056947,3793
033E492229C2222EFAA16EE8A6462D8B|FF2C446555E3822B0E0FC3406116E86D|4C90FD52FC53D2C1C205844CB69575AB|1B491180398E2F0390E6A588B3BCE291|38D8117DBFA311E72669528630E91969,0.0726643598615917,289
DDC2B3CC38945E431DE1B3F59EC56680|D7D1FB49049702BF6338894757E0D959|NA|NA|F36A05C91DE4A1A15775AB6604602668,0.07258753202391119,1171
88CED8BA3AA711A20ACF8B1FC574F218|D7D1FB49049702BF6338894757E0D959|NA|NA|52428ABFC9A05682C5B4A0B2794CA42C,0.07255520504731862,317
E02400CDAD96905D88E932FE9B7D3552|7E56C27BFF0305E788DA55A029EC4988|921B36149E5B081FD24450BFE2CE4430|A5D15FC386510762EC0DDFF54ABE6F94|38D4D4D5D3092AF3D662815FB097462E,0.07254464285714286,896
B4B45C6CE5FC4DE45AB02974D8849DBD|7E56C27BFF0305E788DA55A029EC4988|NA|NA|44B028A5CC54FFF5275F5A94380E4648,0.07249712313003452,869
7F286560861764CCB93C90B7AA833949|7E56C27BFF0305E788DA55A029EC4988|4C90FD52FC53D2C1C205844CB69575AB|A5D15FC386510762EC0DDFF54ABE6F94|21C3F9F07228094AEC57D54D4F194023,0.07246376811594203,207
033E492229C2222EFAA16EE8A6462D8B|7E56C27BFF0305E788DA55A029EC4988|4C90FD52FC53D2C1C205844CB69575AB|1B491180398E2F0390E6A588B3BCE291|4EDBF237CBE902C27553CC8A4F143707,0.07236842105263158,304
6A21F69EBA80612A04B0F6BAC857AAF2|D7D1FB49049702BF6338894757E0D959|88460293E9517D21E39AA889BD5AADC8|NA|DEE01C70ED04F15A2878E0C185CF14C1,0.07233796296296297,1728
033E492229C2222EFAA16EE8A6462D8B|7E56C27BFF0305E788DA55A029EC4988|4C90FD52FC53D2C1C205844CB69575AB|1B491180398E2F0390E6A588B3BCE291|8CE9179E6883F05A3A80A925E831219E,0.07232704402515723,318
7F286560861764CCB93C90B7AA833949|7E56C27BFF0305E788DA55A029EC4988|NA|NA|29707608E0E2B1004D3225CC9A387BF8,0.07232704402515723,318
EC997D43AC86A75D9B88A1051F86A67C|D7D1FB49049702BF6338894757E0D959|NA|NA|B11F83250E97B9AE77366F23AD8D8567,0.07228434504792332,2504
7532B3FBAFEC164460C4ED6FEB0C022C|D7D1FB49049702BF6338894757E0D959|NA|NA|A43CF1E71932B9F59B0FF1899096BD9E,0.07226890756302522,595
62D6A49514020FA0B2E434DB0B506005|D7D1FB49049702BF6338894757E0D959|NA|NA|CF322E0E21184AF65E9CA70EC7FB63B0,0.07220822837951302,1191
033E492229C2222EFAA16EE8A6462D8B|D7D1FB49049702BF6338894757E0D959|4C90FD52FC53D2C1C205844CB69575AB|1B491180398E2F0390E6A588B3BCE291|9BA72A04EE51F332C43482F4178B20EB,0.07211538461538461,416
7532B3FBAFEC164460C4ED6FEB0C022C|D7D1FB49049702BF6338894757E0D959|NA|NA|9CE8B7F756775FDCB80F5F400D54AD04,0.07211538461538461,208
13C26D10258053889D75D9B9CA922EC7|D7D1FB49049702BF6338894757E0D959|4C90FD52FC53D2C1C205844CB69575AB|C45A9AC6D102ACAEEDF0D6F78636D84A|970F7F5D2A62623FCE80BE8253D4699F,0.07208872458410351,541
9D307E5B713DE5E90D787BE9F802AFBB|7E56C27BFF0305E788DA55A029EC4988|4C90FD52FC53D2C1C205844CB69575AB|C45A9AC6D102ACAEEDF0D6F78636D84A|7882D14961B66AD5E0F79DCA354D359D,0.07203389830508475,236
033E492229C2222EFAA16EE8A6462D8B|7E56C27BFF0305E788DA55A029EC4988|4C90FD52FC53D2C1C205844CB69575AB|1B491180398E2F0390E6A588B3BCE291|B59842EE213BAD8C539F9037534C5CC9,0.07196969696969698,264
033E492229C2222EFAA16EE8A6462D8B|7E56C27BFF0305E788DA55A029EC4988|88460293E9517D21E39AA889BD5AADC8|A5D15FC386510762EC0DDFF54ABE6F94|3A5CD3A5AF1D5B6FBC342CFABCE9F2F2,0.07196969696969698,264
033E492229C2222EFAA16EE8A6462D8B|FF2C446555E3822B0E0FC3406116E86D|4C90FD52FC53D2C1C205844CB69575AB|A5D15FC386510762EC0DDFF54ABE6F94|NA,0.0718954248366013,612
033E492229C2222EFAA16EE8A6462D8B|7E56C27BFF0305E788DA55A029EC4988|4C90FD52FC53D2C1C205844CB69575AB|C45A9AC6D102ACAEEDF0D6F78636D84A|93805425440E0B0C93655083D59FFA2E,0.07178217821782178,1616
62D6A49514020FA0B2E434DB0B506005|7E56C27BFF0305E788DA55A029EC4988|NA|NA|586B83A2060B96585C9D0F9BE9DBD68F,0.07177033492822966,209
635623BABBB7DA2E072D8C339F606E15|7E56C27BFF0305E788DA55A029EC4988|NA|NA|A052D61F296FFD48817B031FF7399312,0.07171314741035857,502
7532B3FBAFEC164460C4ED6FEB0C022C|D7D1FB49049702BF6338894757E0D959|NA|NA|265EEB2293D1C0009C24D384FD8ED6A9,0.07169811320754717,265
7532B3FBAFEC164460C4ED6FEB0C022C|7E56C27BFF0305E788DA55A029EC4988|NA|NA|B43EBB31605C2DE27AC26C7742EFFEEC,0.07142857142857142,224
033E492229C2222EFAA16EE8A6462D8B|D7D1FB49049702BF6338894757E0D959|88460293E9517D21E39AA889BD5AADC8|A5D15FC386510762EC0DDFF54ABE6F94|6A1F1F344D0A4A99940699B11365E7E8,0.07142857142857142,308
635623BABBB7DA2E072D8C339F606E15|D7D1FB49049702BF6338894757E0D959|NA|NA|1E8595166BD67129519AEF667872F2F4,0.07142857142857142,434
033E492229C2222EFAA16EE8A6462D8B|D7D1FB49049702BF6338894757E0D959|4C90FD52FC53D2C1C205844CB69575AB|C45A9AC6D102ACAEEDF0D6F78636D84A|F95F97D756E5022734601BEC9D494F6C,0.07142857142857142,364
EC997D43AC86A75D9B88A1051F86A67C|D7D1FB49049702BF6338894757E0D959|88460293E9517D21E39AA889BD5AADC8|C45A9AC6D102ACAEEDF0D6F78636D84A|NA,0.07134767836919592,1766
635623BABBB7DA2E072D8C339F606E15|D7D1FB49049702BF6338894757E0D959|NA|NA|F576E68985719953B7929839A7E1D7CB,0.0712707182320442,1810
033E492229C2222EFAA16EE8A6462D8B|D7D1FB49049702BF6338894757E0D959|88460293E9517D21E39AA889BD5AADC8|A5D15FC386510762EC0DDFF54ABE6F94|AAB3B523C26F0DFD22D8F900B8BDE283,0.0712401055408971,758
13C26D10258053889D75D9B9CA922EC7|D7D1FB49049702BF6338894757E0D959|NA|NA|7F1D6A04A118AAAE420D5C5441CE3190,0.07121057985757884,1966
E02400CDAD96905D88E932FE9B7D3552|FF2C446555E3822B0E0FC3406116E86D|4C90FD52FC53D2C1C205844CB69575AB|A5D15FC386510762EC0DDFF54ABE6F94|NA,0.07112970711297072,717
7F286560861764CCB93C90B7AA833949|D7D1FB49049702BF6338894757E0D959|NA|NA|ABCAFCA5481165CB274D5A4B9AD5842F,0.07112970711297072,239
EC997D43AC86A75D9B88A1051F86A67C|7E56C27BFF0305E788DA55A029EC4988|921B36149E5B081FD24450BFE2CE4430|A5D15FC386510762EC0DDFF54ABE6F94|42F9F06F255F15F04EDE5A17734053DF,0.07109004739336493,211
033E492229C2222EFAA16EE8A6462D8B|7E56C27BFF0305E788DA55A029EC4988|4C90FD52FC53D2C1C205844CB69575AB|A5D15FC386510762EC0DDFF54ABE6F94|08F4E8CCB93D5C6149863E6BA68ACD95,0.07104795737122557,563
033E492229C2222EFAA16EE8A6462D8B|7E56C27BFF0305E788DA55A029EC4988|538912C31E773613AB51FBAE58492476|6EFABCEDA36A931DBF760F88970BAF0E|7807D1C31E020624523E2F99726B0D22,0.07104413347685684,929
62D6A49514020FA0B2E434DB0B506005|D7D1FB49049702BF6338894757E0D959|88460293E9517D21E39AA889BD5AADC8|NA|A689370FB138E462F89F5FB42A7909F1,0.07086614173228346,508
033E492229C2222EFAA16EE8A6462D8B|7E56C27BFF0305E788DA55A029EC4988|4C90FD52FC53D2C1C205844CB69575AB|C45A9AC6D102ACAEEDF0D6F78636D84A|72731BDC218F955712A2B1656039BEFE,0.07079646017699115,226
13C26D10258053889D75D9B9CA922EC7|D7D1FB49049702BF6338894757E0D959|NA|NA|F8CCACB50E65CA776527369F2A361479,0.07077922077922078,1540
033E492229C2222EFAA16EE8A6462D8B|7E56C27BFF0305E788DA55A029EC4988|4C90FD52FC53D2C1C205844CB69575AB|1B491180398E2F0390E6A588B3BCE291|AE9380302508D162C3B3E0C2EC5D61FC,0.0706713780918728,283
E02400CDAD96905D88E932FE9B7D3552|FF2C446555E3822B0E0FC3406116E86D|NA|NA|B11F83250E97B9AE77366F23AD8D8567,0.07065217391304347,368
635623BABBB7DA2E072D8C339F606E15|D7D1FB49049702BF6338894757E0D959|NA|NA|8FF024207742DFAD397DFF1FC3F5A2D6,0.07063197026022305,269
033E492229C2222EFAA16EE8A6462D8B|FF2C446555E3822B0E0FC3406116E86D|4C90FD52FC53D2C1C205844CB69575AB|C45A9AC6D102ACAEEDF0D6F78636D84A|635A3EF4F16C9B52F3334F52B864E056,0.07056345444971038,1899
EC997D43AC86A75D9B88A1051F86A67C|D7D1FB49049702BF6338894757E0D959|NA|NA|52C395F2286B2F794259FBDACE2B453B,0.0705596107055961,822
13C26D10258053889D75D9B9CA922EC7|7E56C27BFF0305E788DA55A029EC4988|4C90FD52FC53D2C1C205844CB69575AB|C45A9AC6D102ACAEEDF0D6F78636D84A|B0902D7074FDEC4DBDE5707E335AB454,0.07048458149779736,454
7532B3FBAFEC164460C4ED6FEB0C022C|FF2C446555E3822B0E0FC3406116E86D|NA|NA|857F841D4C331405E7C3755AB913F483,0.07046070460704607,369
88CED8BA3AA711A20ACF8B1FC574F218|D7D1FB49049702BF6338894757E0D959|NA|NA|7BD798DE7638C3B377FB5FA17EB1FF76,0.07045009784735812,511
635623BABBB7DA2E072D8C339F606E15|D7D1FB49049702BF6338894757E0D959|NA|NA|643CAF13D3C03D009177352AAB4FACFF,0.07042253521126761,213
033E492229C2222EFAA16EE8A6462D8B|D7D1FB49049702BF6338894757E0D959|4C90FD52FC53D2C1C205844CB69575AB|1B491180398E2F0390E6A588B3BCE291|8A152E905450A20787F92A2A26D2E894,0.07035175879396985,597
13C26D10258053889D75D9B9CA922EC7|D7D1FB49049702BF6338894757E0D959|NA|NA|A797597374D52C1A67E70E42330B6638,0.07029478458049887,882
635623BABBB7DA2E072D8C339F606E15|D7D1FB49049702BF6338894757E0D959|NA|NA|E0D3FC000100DBA2537B4DF0C060681D,0.07029177718832891,754
62D6A49514020FA0B2E434DB0B506005|D7D1FB49049702BF6338894757E0D959|NA|NA|84AF5FD8B827A38A011C98DF1ADFFBD2,0.07027027027027027,370
7F286560861764CCB93C90B7AA833949|7E56C27BFF0305E788DA55A029EC4988|NA|NA|EC27B164DDDFF0D623517D1652912E38,0.07021791767554479,413
9D307E5B713DE5E90D787BE9F802AFBB|7E56C27BFF0305E788DA55A029EC4988|4C90FD52FC53D2C1C205844CB69575AB|A5D15FC386510762EC0DDFF54ABE6F94|5C3192BE83E1D7966D634270C70D1861,0.07017543859649122,228
7F286560861764CCB93C90B7AA833949|D7D1FB49049702BF6338894757E0D959|NA|NA|D80388FD8EAC793C5C555EA9DB4466CB,0.07013574660633484,442
7532B3FBAFEC164460C4ED6FEB0C022C|7E56C27BFF0305E788DA55A029EC4988|921B36149E5B081FD24450BFE2CE4430|A5D15FC386510762EC0DDFF54ABE6F94|0CBA07C314326BD17230B3E8D1155EB6,0.07009345794392523,214
88CED8BA3AA711A20ACF8B1FC574F218|D7D1FB49049702BF6338894757E0D959|4C90FD52FC53D2C1C205844CB69575AB|A5D15FC386510762EC0DDFF54ABE6F94|NA,0.07008086253369272,371
033E492229C2222EFAA16EE8A6462D8B|7E56C27BFF0305E788DA55A029EC4988|4C90FD52FC53D2C1C205844CB69575AB|1B491180398E2F0390E6A588B3BCE291|D1A94BCFA6615AC53A6878AEC79C333C,0.07007575757575757,528
033E492229C2222EFAA16EE8A6462D8B|7E56C27BFF0305E788DA55A029EC4988|4C90FD52FC53D2C1C205844CB69575AB|1B491180398E2F0390E6A588B3BCE291|AD09745B258A84422EC1C01BAF77CD85,0.07006369426751592,314
13C26D10258053889D75D9B9CA922EC7|D7D1FB49049702BF6338894757E0D959|4C90FD52FC53D2C1C205844CB69575AB|1B491180398E2F0390E6A588B3BCE291|D8EC36B68C2DAF2BED8BF48A24A05B73,0.06994818652849741,386
B4B45C6CE5FC4DE45AB02974D8849DBD|D7D1FB49049702BF6338894757E0D959|4C90FD52FC53D2C1C205844CB69575AB|A5D15FC386510762EC0DDFF54ABE6F94|AC0A66382E09D8566243ACA858C36FAF,0.06990881458966565,658
033E492229C2222EFAA16EE8A6462D8B|7E56C27BFF0305E788DA55A029EC4988|4C90FD52FC53D2C1C205844CB69575AB|A5D15FC386510762EC0DDFF54ABE6F94|4A4C26C655AB9A4C9B6B61484CCA5CB4,0.06990881458966565,329
13C26D10258053889D75D9B9CA922EC7|7E56C27BFF0305E788DA55A029EC4988|NA|NA|331C4CA75DFBD99415B12C4B07DD06F4,0.06987951807228916,1660
5D656311CF9F47E34248BE9FBFF194A0|D7D1FB49049702BF6338894757E0D959|NA|NA|EEEE9F2B0AD02D42F117AFC2F5612EF9,0.06986899563318777,229
62D6A49514020FA0B2E434DB0B506005|D7D1FB49049702BF6338894757E0D959|NA|NA|3C6810CE0F25072FD902C5A4D2248BF7,0.06981948381321797,6703
EC997D43AC86A75D9B88A1051F86A67C|7E56C27BFF0305E788DA55A029EC4988|0CD76C7030D0900BE250C8D41703D180|A5D15FC386510762EC0DDFF54ABE6F94|3025C20325FC9F759EAE024D4BC7EAD3,0.06980742778541953,2908
EC997D43AC86A75D9B88A1051F86A67C|7E56C27BFF0305E788DA55A029EC4988|0CD76C7030D0900BE250C8D41703D180|A5D15FC386510762EC0DDFF54ABE6F94|385F474F4B667AAEE3360C175C60B380,0.06976744186046512,430
13C26D10258053889D75D9B9CA922EC7|D7D1FB49049702BF6338894757E0D959|4C90FD52FC53D2C1C205844CB69575AB|1B491180398E2F0390E6A588B3BCE291|970F7F5D2A62623FCE80BE8253D4699F,0.06976744186046512,559
033E492229C2222EFAA16EE8A6462D8B|D7D1FB49049702BF6338894757E0D959|4C90FD52FC53D2C1C205844CB69575AB|1B491180398E2F0390E6A588B3BCE291|A353EF97DA0BC5E631E5EDD1F2DD799B,0.06976744186046512,387
033E492229C2222EFAA16EE8A6462D8B|7E56C27BFF0305E788DA55A029EC4988|4C90FD52FC53D2C1C205844CB69575AB|1B491180398E2F0390E6A588B3BCE291|A520B93F734873CBA3BE41EA9F8993AF,0.06973293768545995,674
033E492229C2222EFAA16EE8A6462D8B|FF2C446555E3822B0E0FC3406116E86D|A443B40A19DB45968C2825CE225368DF|D7B42B0C4D807EF1C13F79948743E9DA|6F2803C343F6DA0602D3B008D02C7113,0.06971514242878561,1334
E02400CDAD96905D88E932FE9B7D3552|D7D1FB49049702BF6338894757E0D959|NA|NA|FE46A0265F7296A0FD3AEEDC1F28F5CE,0.06968641114982578,287
033E492229C2222EFAA16EE8A6462D8B|7E56C27BFF0305E788DA55A029EC4988|4C90FD52FC53D2C1C205844CB69575AB|1B491180398E2F0390E6A588B3BCE291|468511D3F738B28015DBD51823AF75EB,0.06965442764578833,1852
13C26D10258053889D75D9B9CA922EC7|D7D1FB49049702BF6338894757E0D959|NA|NA|BC91E3EE5817446D2D691C2BC81A60BA,0.06962025316455696,316
EC997D43AC86A75D9B88A1051F86A67C|7E56C27BFF0305E788DA55A029EC4988|NA|NA|E0125A52D02FB73C2F55F01E1B1A7696,0.06959498003422704,1753
B4B45C6CE5FC4DE45AB02974D8849DBD|7E56C27BFF0305E788DA55A029EC4988|921B36149E5B081FD24450BFE2CE4430|A5D15FC386510762EC0DDFF54ABE6F94|950ECCFE2A563A194B6D1C275865B66E,0.06958762886597938,388
13C26D10258053889D75D9B9CA922EC7|7E56C27BFF0305E788DA55A029EC4988|NA|NA|43468F61F071C10E5865681D28F4633B,0.06956521739130435,230
635623BABBB7DA2E072D8C339F606E15|D7D1FB49049702BF6338894757E0D959|NA|NA|1EF04C2F38BCF5CF23698658391B0708,0.06946688206785137,619
033E492229C2222EFAA16EE8A6462D8B|D7D1FB49049702BF6338894757E0D959|4C90FD52FC53D2C1C205844CB69575AB|1B491180398E2F0390E6A588B3BCE291|22EAD5A6E80BCA16B9A88D8AC4463846,0.06944444444444445,216
111C91D6B0D89C84BF196FED8DBE7BBB|D7D1FB49049702BF6338894757E0D959|NA|NA|5C7F8ADC5E78FDD710F0D7CB0F14E7F3,0.0694006309148265,317
033E492229C2222EFAA16EE8A6462D8B|D7D1FB49049702BF6338894757E0D959|4C90FD52FC53D2C1C205844CB69575AB|1B491180398E2F0390E6A588B3BCE291|AF4C6588A73BD1F2D99A2975BCEC8C6C,0.06936416184971098,1038
7F286560861764CCB93C90B7AA833949|D7D1FB49049702BF6338894757E0D959|NA|NA|DB11EC7F11329CA9BCCB585E9EE64F3F,0.06924771797293043,3177
7F286560861764CCB93C90B7AA833949|7E56C27BFF0305E788DA55A029EC4988|4C90FD52FC53D2C1C205844CB69575AB|A5D15FC386510762EC0DDFF54ABE6F94|7C84CE1A0BA08F0B5DE02910AE7D377A,0.0691699604743083,506
033E492229C2222EFAA16EE8A6462D8B|7E56C27BFF0305E788DA55A029EC4988|4C90FD52FC53D2C1C205844CB69575AB|C45A9AC6D102ACAEEDF0D6F78636D84A|94A50323038B972F49162DB631697249,0.069164265129683,347
635623BABBB7DA2E072D8C339F606E15|7E56C27BFF0305E788DA55A029EC4988|NA|NA|ACA46399E3FBC69B8A33CCD1A882842C,0.06915306915306915,1287
88CED8BA3AA711A20ACF8B1FC574F218|D7D1FB49049702BF6338894757E0D959|NA|NA|B5597587575BD213D23B74C0BE721C8D,0.06914893617021277,564
7532B3FBAFEC164460C4ED6FEB0C022C|D7D1FB49049702BF6338894757E0D959|NA|NA|A2A16B5DAFAC2868BC14C731DA687D5B,0.06912826207662409,3602
EC997D43AC86A75D9B88A1051F86A67C|7E56C27BFF0305E788DA55A029EC4988|NA|A5D15FC386510762EC0DDFF54ABE6F94|CBDE2F06641371EE3C4B1C9FAEECE025,0.06912442396313365,217
88CED8BA3AA711A20ACF8B1FC574F218|D7D1FB49049702BF6338894757E0D959|NA|NA|818F6EFB7EBD4BBD027FFD52F5CAE718,0.06912209889001009,3964
13C26D10258053889D75D9B9CA922EC7|D7D1FB49049702BF6338894757E0D959|NA|NA|142A08B2CA2398515C9C4191E1260299,0.06903765690376569,478
635623BABBB7DA2E072D8C339F606E15|D7D1FB49049702BF6338894757E0D959|NA|NA|0F6E1C83DB12F7E6590AFA98B67A80FD,0.06903353057199212,1521
7F286560861764CCB93C90B7AA833949|7E56C27BFF0305E788DA55A029EC4988|NA|NA|FCE0967ED05955909B009746EC2553D0,0.06896551724137931,319
033E492229C2222EFAA16EE8A6462D8B|7E56C27BFF0305E788DA55A029EC4988|4C90FD52FC53D2C1C205844CB69575AB|1B491180398E2F0390E6A588B3BCE291|AC056D10C0D87FC2E884B80A30C25147,0.06896551724137931,1073
13C26D10258053889D75D9B9CA922EC7|7E56C27BFF0305E788DA55A029EC4988|NA|NA|907D944A6C223D4844D2F12F587E9750,0.0688976377952756,508
62D6A49514020FA0B2E434DB0B506005|D7D1FB49049702BF6338894757E0D959|NA|NA|7C9EEA320C3DCEB5DB909E74349FD10F,0.06886792452830189,1060
033E492229C2222EFAA16EE8A6462D8B|7E56C27BFF0305E788DA55A029EC4988|4C90FD52FC53D2C1C205844CB69575AB|A5D15FC386510762EC0DDFF54ABE6F94|9D2BB6B2504EF2EBBCEDFBB7B4D9A742,0.06881720430107527,930
7F286560861764CCB93C90B7AA833949|7E56C27BFF0305E788DA55A029EC4988|921B36149E5B081FD24450BFE2CE4430|A5D15FC386510762EC0DDFF54ABE6F94|64F6272B488F200B11AB6126575B8DFD,0.06880733944954129,218
7F286560861764CCB93C90B7AA833949|7E56C27BFF0305E788DA55A029EC4988|NA|NA|B06CE3C9FBF90365F9E1BE0D9C1EDC17,0.0688,625
7F286560861764CCB93C90B7AA833949|7E56C27BFF0305E788DA55A029EC4988|NA|A5D15FC386510762EC0DDFF54ABE6F94|17ED1FB598BD22D6DA34BFB98B364D1A,0.06876790830945559,349
62D6A49514020FA0B2E434DB0B506005|7E56C27BFF0305E788DA55A029EC4988|NA|NA|6B7A3AB78F0C7B75293C871EF00EB7A8,0.06865671641791045,335
13C26D10258053889D75D9B9CA922EC7|7E56C27BFF0305E788DA55A029EC4988|4C90FD52FC53D2C1C205844CB69575AB|A5D15FC386510762EC0DDFF54ABE6F94|26310B2E8CE3DB83301584EE8FD1E341,0.06862745098039216,204
62D6A49514020FA0B2E434DB0B506005|FF2C446555E3822B0E0FC3406116E86D|NA|NA|AF8393D72184D72EC9D55D7C6B10DFD5,0.0686046511627907,860
9D307E5B713DE5E90D787BE9F802AFBB|7E56C27BFF0305E788DA55A029EC4988|NA|NA|F05AB4C481B7B3D12DFD850188A2AD1C,0.06854838709677419,248
B4B45C6CE5FC4DE45AB02974D8849DBD|D7D1FB49049702BF6338894757E0D959|4C90FD52FC53D2C1C205844CB69575AB|A5D15FC386510762EC0DDFF54ABE6F94|2C90F59243D124D28F03F01F52929573,0.06844106463878327,263
13C26D10258053889D75D9B9CA922EC7|D7D1FB49049702BF6338894757E0D959|4C90FD52FC53D2C1C205844CB69575AB|A5D15FC386510762EC0DDFF54ABE6F94|NA,0.06840390879478828,614
B4B45C6CE5FC4DE45AB02974D8849DBD|7E56C27BFF0305E788DA55A029EC4988|4C90FD52FC53D2C1C205844CB69575AB|A5D15FC386510762EC0DDFF54ABE6F94|1F2DD8B2858A7298078BE8D606905C48,0.06829268292682927,205
033E492229C2222EFAA16EE8A6462D8B|7E56C27BFF0305E788DA55A029EC4988|4C90FD52FC53D2C1C205844CB69575AB|D7B42B0C4D807EF1C13F79948743E9DA|22BB1EC6D60238B699549A25C8607706,0.06829268292682927,205
62D6A49514020FA0B2E434DB0B506005|D7D1FB49049702BF6338894757E0D959|NA|NA|81827A9C0DA30F3FC9B79EFC586539D8,0.06829268292682927,205
88CED8BA3AA711A20ACF8B1FC574F218|D7D1FB49049702BF6338894757E0D959|4C90FD52FC53D2C1C205844CB69575AB|A5D15FC386510762EC0DDFF54ABE6F94|BFB018CB2CD40223877D8FB85E89FA68,0.06825232678386763,967
635623BABBB7DA2E072D8C339F606E15|D7D1FB49049702BF6338894757E0D959|NA|NA|DED4F520642C66C53BAAF9A8C59DB687,0.06824146981627296,381
E02400CDAD96905D88E932FE9B7D3552|D7D1FB49049702BF6338894757E0D959|4C90FD52FC53D2C1C205844CB69575AB|A5D15FC386510762EC0DDFF54ABE6F94|CD899DF174A0A3CDC706C26F3891F3E0,0.06818181818181818,264
033E492229C2222EFAA16EE8A6462D8B|7E56C27BFF0305E788DA55A029EC4988|0CD76C7030D0900BE250C8D41703D180|A5D15FC386510762EC0DDFF54ABE6F94|8424AAC8989C86F51047C69C99F94571,0.06818181818181818,264
13C26D10258053889D75D9B9CA922EC7|7E56C27BFF0305E788DA55A029EC4988|NA|NA|2A0B01C4E14709C10BB06051B4AF1DAC,0.06811145510835913,323
033E492229C2222EFAA16EE8A6462D8B|D7D1FB49049702BF6338894757E0D959|4C90FD52FC53D2C1C205844CB69575AB|1B491180398E2F0390E6A588B3BCE291|022EC1AA9926BE6ABB130F85012EDDFC,0.06807131280388978,617
7F286560861764CCB93C90B7AA833949|D7D1FB49049702BF6338894757E0D959|NA|NA|12008D5F2B64F7D86C9D5EDFA8FD2D3D,0.06785714285714285,280
7F286560861764CCB93C90B7AA833949|7E56C27BFF0305E788DA55A029EC4988|NA|NA|1B48071BADBFF9F15C94318A8061432B,0.06775067750677506,369
033E492229C2222EFAA16EE8A6462D8B|7E56C27BFF0305E788DA55A029EC4988|88460293E9517D21E39AA889BD5AADC8|A5D15FC386510762EC0DDFF54ABE6F94|532E508F5E82B661CC1888116EA6638D,0.06770833333333333,768
033E492229C2222EFAA16EE8A6462D8B|7E56C27BFF0305E788DA55A029EC4988|4C90FD52FC53D2C1C205844CB69575AB|1B491180398E2F0390E6A588B3BCE291|2CF37906D2CBEC728F13F580769D080C,0.06766917293233082,1064
7532B3FBAFEC164460C4ED6FEB0C022C|D7D1FB49049702BF6338894757E0D959|NA|NA|9EF129F59E67E908553E60FBB72F215C,0.06763285024154589,207
033E492229C2222EFAA16EE8A6462D8B|D7D1FB49049702BF6338894757E0D959|4C90FD52FC53D2C1C205844CB69575AB|C45A9AC6D102ACAEEDF0D6F78636D84A|661B58F9F8F0EA56C6407D6440C5639B,0.06761565836298933,281
033E492229C2222EFAA16EE8A6462D8B|D7D1FB49049702BF6338894757E0D959|4C90FD52FC53D2C1C205844CB69575AB|A5D15FC386510762EC0DDFF54ABE6F94|0188329ACD93F3C83FBA617EC01E3017,0.06756756756756757,222
033E492229C2222EFAA16EE8A6462D8B|7E56C27BFF0305E788DA55A029EC4988|4C90FD52FC53D2C1C205844CB69575AB|1B491180398E2F0390E6A588B3BCE291|8392D6EDCEDA10492F356A656792E241,0.06756756756756757,222
9D307E5B713DE5E90D787BE9F802AFBB|7E56C27BFF0305E788DA55A029EC4988|4C90FD52FC53D2C1C205844CB69575AB|1B491180398E2F0390E6A588B3BCE291|B56FAF4FF95571934D31101BEECBFB74,0.06752655538694992,1318
13C26D10258053889D75D9B9CA922EC7|D7D1FB49049702BF6338894757E0D959|NA|NA|29B9EC21B1740CF7DECE97C4CC5843F6,0.06744868035190615,341
7F286560861764CCB93C90B7AA833949|7E56C27BFF0305E788DA55A029EC4988|NA|NA|219A8CCB3DFC82F8C0ABF3B048FB3F15,0.06733036416033535,3817
13C26D10258053889D75D9B9CA922EC7|7E56C27BFF0305E788DA55A029EC4988|4C90FD52FC53D2C1C205844CB69575AB|1B491180398E2F0390E6A588B3BCE291|331C4CA75DFBD99415B12C4B07DD06F4,0.0673076923076923,208
5D656311CF9F47E34248BE9FBFF194A0|D7D1FB49049702BF6338894757E0D959|NA|NA|79252FC0BD81D1A1735352FA2ED515CC,0.0673076923076923,728
EC997D43AC86A75D9B88A1051F86A67C|D7D1FB49049702BF6338894757E0D959|NA|NA|5740DF2012C7D506A0798A3ABB21550F,0.06722689075630252,238
13C26D10258053889D75D9B9CA922EC7|D7D1FB49049702BF6338894757E0D959|NA|NA|6C6FD338414C1299C604EF1F575AB5DF,0.06719367588932806,253
E02400CDAD96905D88E932FE9B7D3552|7E56C27BFF0305E788DA55A029EC4988|921B36149E5B081FD24450BFE2CE4430|A5D15FC386510762EC0DDFF54ABE6F94|07ED24537A76582501371813D38F2F76,0.06718346253229975,774
033E492229C2222EFAA16EE8A6462D8B|7E56C27BFF0305E788DA55A029EC4988|4C90FD52FC53D2C1C205844CB69575AB|1B491180398E2F0390E6A588B3BCE291|7548CFD0478011E05F0CFE66EEB0DCE7,0.06717226435536294,923
13C26D10258053889D75D9B9CA922EC7|7E56C27BFF0305E788DA55A029EC4988|4C90FD52FC53D2C1C205844CB69575AB|1B491180398E2F0390E6A588B3BCE291|371D156B80EE8D1EE50604DDC4F41181,0.0670926517571885,313
635623BABBB7DA2E072D8C339F606E15|7E56C27BFF0305E788DA55A029EC4988|NA|NA|20FF381D170C1E28B426D8884907A02D,0.0670926517571885,313
033E492229C2222EFAA16EE8A6462D8B|7E56C27BFF0305E788DA55A029EC4988|4C90FD52FC53D2C1C205844CB69575AB|1B491180398E2F0390E6A588B3BCE291|C5A550E7B8077A1FFA18AD636D2E9C6E,0.06706792777300086,2326
033E492229C2222EFAA16EE8A6462D8B|7E56C27BFF0305E788DA55A029EC4988|4C90FD52FC53D2C1C205844CB69575AB|A5D15FC386510762EC0DDFF54ABE6F94|21813EB0EBE0BB7CFB54B52EA6296FD4,0.06697923643670463,1493
62D6A49514020FA0B2E434DB0B506005|7E56C27BFF0305E788DA55A029EC4988|NA|NA|8E5DC01626AC9BF3B96428C8BF2E7C79,0.06696428571428571,224
13C26D10258053889D75D9B9CA922EC7|D7D1FB49049702BF6338894757E0D959|4C90FD52FC53D2C1C205844CB69575AB|1B491180398E2F0390E6A588B3BCE291|9FE36B8229882F07FA524E9B825353F2,0.06692160611854685,523
033E492229C2222EFAA16EE8A6462D8B|7E56C27BFF0305E788DA55A029EC4988|4C90FD52FC53D2C1C205844CB69575AB|A5D15FC386510762EC0DDFF54ABE6F94|4C9B54EF4978DC21EBF8AF8972C1810B,0.06690140845070422,284
13C26D10258053889D75D9B9CA922EC7|7E56C27BFF0305E788DA55A029EC4988|NA|NA|6F1EDBC03827F3F51B5C360E0ACEA427,0.06684491978609626,374
13C26D10258053889D75D9B9CA922EC7|7E56C27BFF0305E788DA55A029EC4988|4C90FD52FC53D2C1C205844CB69575AB|C45A9AC6D102ACAEEDF0D6F78636D84A|2FA69AA97C066B24921FA57A50F96D0A,0.06679389312977099,524
7F286560861764CCB93C90B7AA833949|7E56C27BFF0305E788DA55A029EC4988|4C90FD52FC53D2C1C205844CB69575AB|A5D15FC386510762EC0DDFF54ABE6F94|DC31D4641EBB3213EDA758F50F18482A,0.06677486668212382,4313
2551A1FA7839742971CDF4C67667E17A|7E56C27BFF0305E788DA55A029EC4988|4C90FD52FC53D2C1C205844CB69575AB|A5D15FC386510762EC0DDFF54ABE6F94|E281A227E3D9C0023D6E4DFD912605AC,0.06673728813559322,944
033E492229C2222EFAA16EE8A6462D8B|D7D1FB49049702BF6338894757E0D959|4C90FD52FC53D2C1C205844CB69575AB|A5D15FC386510762EC0DDFF54ABE6F94|E68F94EBDF6E2A66F27B3368A06EDCDB,0.06666666666666667,1215
7F286560861764CCB93C90B7AA833949|7E56C27BFF0305E788DA55A029EC4988|NA|NA|BB9C9F1DB90F43855E8B057135975D7D,0.06666666666666667,330
635623BABBB7DA2E072D8C339F606E15|D7D1FB49049702BF6338894757E0D959|NA|NA|9A5191B556ECA72DD78F643FB677949E,0.06666666666666667,345
033E492229C2222EFAA16EE8A6462D8B|7E56C27BFF0305E788DA55A029EC4988|4C90FD52FC53D2C1C205844CB69575AB|1B491180398E2F0390E6A588B3BCE291|2CE92654522F9C49FADE53EDD75A9A17,0.06653225806451613,496
7F286560861764CCB93C90B7AA833949|7E56C27BFF0305E788DA55A029EC4988|NA|NA|FFC348665D86BB057248A3392B9993F1,0.06647398843930635,346
7F286560861764CCB93C90B7AA833949|D7D1FB49049702BF6338894757E0D959|NA|NA|0D208F1F0E9B0AFA67168C64F523A436,0.06643356643356643,286
033E492229C2222EFAA16EE8A6462D8B|7E56C27BFF0305E788DA55A029EC4988|4C90FD52FC53D2C1C205844CB69575AB|1B491180398E2F0390E6A588B3BCE291|AE60277C1C595D3D8DE4EE07E54ED752,0.06642066420664207,542
5D656311CF9F47E34248BE9FBFF194A0|7E56C27BFF0305E788DA55A029EC4988|NA|NA|D44C6579AC6189703528314EF3429724,0.06637168141592921,904
033E492229C2222EFAA16EE8A6462D8B|7E56C27BFF0305E788DA55A029EC4988|4C90FD52FC53D2C1C205844CB69575AB|C45A9AC6D102ACAEEDF0D6F78636D84A|7B77DCEDF23DCF7996D58C7BE859E365,0.06636885768985322,1567
EC997D43AC86A75D9B88A1051F86A67C|D7D1FB49049702BF6338894757E0D959|4C90FD52FC53D2C1C205844CB69575AB|C45A9AC6D102ACAEEDF0D6F78636D84A|6A1F1F344D0A4A99940699B11365E7E8,0.06620209059233449,1722
7532B3FBAFEC164460C4ED6FEB0C022C|D7D1FB49049702BF6338894757E0D959|4C90FD52FC53D2C1C205844CB69575AB|A5D15FC386510762EC0DDFF54ABE6F94|NA,0.06609202953774998,38053
EC997D43AC86A75D9B88A1051F86A67C|D7D1FB49049702BF6338894757E0D959|4C90FD52FC53D2C1C205844CB69575AB|A5D15FC386510762EC0DDFF54ABE6F94|NA,0.06607785410533203,3057
7F286560861764CCB93C90B7AA833949|7E56C27BFF0305E788DA55A029EC4988|NA|A5D15FC386510762EC0DDFF54ABE6F94|05C80D147A36B482098EF90C75DDD451,0.06601021152443472,2742
033E492229C2222EFAA16EE8A6462D8B|FF2C446555E3822B0E0FC3406116E86D|4C90FD52FC53D2C1C205844CB69575AB|1B491180398E2F0390E6A588B3BCE291|61FA2CBC864F919D6E3C011BA3F7CCD0,0.066006600660066,303
033E492229C2222EFAA16EE8A6462D8B|7E56C27BFF0305E788DA55A029EC4988|4C90FD52FC53D2C1C205844CB69575AB|1B491180398E2F0390E6A588B3BCE291|789934101660236A537C3CCFB86E5F10,0.06583427922814983,881
033E492229C2222EFAA16EE8A6462D8B|D7D1FB49049702BF6338894757E0D959|4C90FD52FC53D2C1C205844CB69575AB|C45A9AC6D102ACAEEDF0D6F78636D84A|3EC06F4FE75CB579DD2F2A9176AAADDA,0.06578947368421052,304
62D6A49514020FA0B2E434DB0B506005|D7D1FB49049702BF6338894757E0D959|NA|NA|0EDED1DA380B04003218D8E51B5E8B1D,0.06578947368421052,228
B83EF4115DC165749F3FCB737CC1044D|D7D1FB49049702BF6338894757E0D959|NA|NA|NA,0.0657057281916885,5342
62D6A49514020FA0B2E434DB0B506005|7E56C27BFF0305E788DA55A029EC4988|NA|NA|E466F2944925D5359A0D34AADE9757FB,0.06570155902004454,3592
62D6A49514020FA0B2E434DB0B506005|7E56C27BFF0305E788DA55A029EC4988|NA|NA|8D19B59BEA06777A4E3BE0146A561612,0.06544293695131684,1253
5D656311CF9F47E34248BE9FBFF194A0|D7D1FB49049702BF6338894757E0D959|NA|NA|6166D17DD9A097C8AFC75F8AB201230F,0.06542056074766354,214
033E492229C2222EFAA16EE8A6462D8B|7E56C27BFF0305E788DA55A029EC4988|4C90FD52FC53D2C1C205844CB69575AB|1B491180398E2F0390E6A588B3BCE291|5F951BDDE0F2A4E7745C213030F5BAFA,0.0653735632183908,1392
635623BABBB7DA2E072D8C339F606E15|7E56C27BFF0305E788DA55A029EC4988|NA|NA|B1CCD079543D2386EE4183F0AF1096D6,0.06534870950027458,1821
B4B45C6CE5FC4DE45AB02974D8849DBD|7E56C27BFF0305E788DA55A029EC4988|NA|A5D15FC386510762EC0DDFF54ABE6F94|B2292159211C240309DA63418C0CAF44,0.0653061224489796,490
13C26D10258053889D75D9B9CA922EC7|D7D1FB49049702BF6338894757E0D959|NA|NA|0EFBFDC9A1F90A72493200D746E2EC95,0.06526806526806526,429
033E492229C2222EFAA16EE8A6462D8B|D7D1FB49049702BF6338894757E0D959|4C90FD52FC53D2C1C205844CB69575AB|1B491180398E2F0390E6A588B3BCE291|652591450D18838FD9C833BE9CB5B53A,0.06515580736543909,353
944B2A351FEFAC79AEAA9DA57E1B351F|D7D1FB49049702BF6338894757E0D959|NA|NA|8C0D099401B1045282915D918106CD0D,0.0650887573964497,845
7532B3FBAFEC164460C4ED6FEB0C022C|7E56C27BFF0305E788DA55A029EC4988|921B36149E5B081FD24450BFE2CE4430|A5D15FC386510762EC0DDFF54ABE6F94|17F817C0BD311CC8C811FE7C447DF842,0.0650768887898373,4487
7F286560861764CCB93C90B7AA833949|D7D1FB49049702BF6338894757E0D959|NA|NA|67E6BB71C2C270D90D09F7E5D7135183,0.065,200
E02400CDAD96905D88E932FE9B7D3552|7E56C27BFF0305E788DA55A029EC4988|921B36149E5B081FD24450BFE2CE4430|A5D15FC386510762EC0DDFF54ABE6F94|1FA3C115ECEA172D48D5362704100D87,0.06498194945848375,831
7F286560861764CCB93C90B7AA833949|7E56C27BFF0305E788DA55A029EC4988|4C90FD52FC53D2C1C205844CB69575AB|A5D15FC386510762EC0DDFF54ABE6F94|7D0F3AC4514009B19F988B676F1D7F8F,0.06489675516224189,1017
13C26D10258053889D75D9B9CA922EC7|7E56C27BFF0305E788DA55A029EC4988|NA|NA|09713D433E101AE38CAD49485AAB9C2C,0.0648854961832061,262
033E492229C2222EFAA16EE8A6462D8B|7E56C27BFF0305E788DA55A029EC4988|4C90FD52FC53D2C1C205844CB69575AB|C45A9AC6D102ACAEEDF0D6F78636D84A|833FB868724C413BEA760A69E3F74CE5,0.06481481481481481,324
033E492229C2222EFAA16EE8A6462D8B|D7D1FB49049702BF6338894757E0D959|4C90FD52FC53D2C1C205844CB69575AB|1B491180398E2F0390E6A588B3BCE291|38F856E4FDA7BE1E61C8527D98C4C3FC,0.06481481481481481,216
7F286560861764CCB93C90B7AA833949|7E56C27BFF0305E788DA55A029EC4988|NA|NA|08DA21E7F6CE4357729CD379A1A1C86C,0.06477529500376601,7966
033E492229C2222EFAA16EE8A6462D8B|7E56C27BFF0305E788DA55A029EC4988|4C90FD52FC53D2C1C205844CB69575AB|1B491180398E2F0390E6A588B3BCE291|635A3EF4F16C9B52F3334F52B864E056,0.06477012954025908,11811
7F286560861764CCB93C90B7AA833949|D7D1FB49049702BF6338894757E0D959|NA|A5D15FC386510762EC0DDFF54ABE6F94|7DF21487D3DE8842C97D1333B0524E4A,0.06474820143884892,417
7F286560861764CCB93C90B7AA833949|7E56C27BFF0305E788DA55A029EC4988|NA|NA|7679FCB7DD0FBD6A703F481323CF0552,0.06473684210526316,3800
7F286560861764CCB93C90B7AA833949|D7D1FB49049702BF6338894757E0D959|NA|NA|42AB439D3DAD3A6B868FC49A184F886C,0.06472491909385113,309
033E492229C2222EFAA16EE8A6462D8B|7E56C27BFF0305E788DA55A029EC4988|4C90FD52FC53D2C1C205844CB69575AB|1B491180398E2F0390E6A588B3BCE291|5C3341D4A1BF6FB4384110608EE86AA6,0.0647246866132682,27841
13C26D10258053889D75D9B9CA922EC7|7E56C27BFF0305E788DA55A029EC4988|NA|NA|C7E7553DEB2BA3EF229BCCD9D32E1EC8,0.06463878326996197,1052
13C26D10258053889D75D9B9CA922EC7|D7D1FB49049702BF6338894757E0D959|NA|NA|66ED4BE5685A7C755DB721F994465ED7,0.06462585034013606,294
944B2A351FEFAC79AEAA9DA57E1B351F|7E56C27BFF0305E788DA55A029EC4988|NA|NA|7F038ACEA3D79E11037191F71CBCB05B,0.06451612903225806,1178
7F286560861764CCB93C90B7AA833949|D7D1FB49049702BF6338894757E0D959|NA|NA|33EB4F09F2C88E423614E10DD05A84CC,0.06451612903225806,217
033E492229C2222EFAA16EE8A6462D8B|7E56C27BFF0305E788DA55A029EC4988|4C90FD52FC53D2C1C205844CB69575AB|C45A9AC6D102ACAEEDF0D6F78636D84A|090EB90AEE5B73BA9F9EF6504F95772A,0.06448202959830866,946
62D6A49514020FA0B2E434DB0B506005|FF2C446555E3822B0E0FC3406116E86D|NA|NA|B6ADEA75185B4006F20A915630C543E7,0.06447831184056271,853
88CED8BA3AA711A20ACF8B1FC574F218|7E56C27BFF0305E788DA55A029EC4988|NA|NA|68C2D74CE65681DC75F163E0CF47F62C,0.06446348429212566,2451
88CED8BA3AA711A20ACF8B1FC574F218|7E56C27BFF0305E788DA55A029EC4988|NA|NA|883E7DBD4D6A2B11A2958536DD856BF9,0.06444906444906445,481
033E492229C2222EFAA16EE8A6462D8B|D7D1FB49049702BF6338894757E0D959|4C90FD52FC53D2C1C205844CB69575AB|C45A9AC6D102ACAEEDF0D6F78636D84A|532E508F5E82B661CC1888116EA6638D,0.0644431882419446,1769
033E492229C2222EFAA16EE8A6462D8B|D7D1FB49049702BF6338894757E0D959|4C90FD52FC53D2C1C205844CB69575AB|C45A9AC6D102ACAEEDF0D6F78636D84A|585B1F165875F86701AF4E45AAB7AFCA,0.06439393939393939,528
033E492229C2222EFAA16EE8A6462D8B|D7D1FB49049702BF6338894757E0D959|4C90FD52FC53D2C1C205844CB69575AB|A5D15FC386510762EC0DDFF54ABE6F94|AAB3B523C26F0DFD22D8F900B8BDE283,0.06436781609195402,435
88CED8BA3AA711A20ACF8B1FC574F218|D7D1FB49049702BF6338894757E0D959|NA|NA|4A16DDE4DF76AAFF461ACEF2ADE05364,0.06435643564356436,202
5D656311CF9F47E34248BE9FBFF194A0|7E56C27BFF0305E788DA55A029EC4988|NA|NA|CD7F70779475761780E8E2072081BE23,0.06433677521842732,1259
033E492229C2222EFAA16EE8A6462D8B|7E56C27BFF0305E788DA55A029EC4988|4C90FD52FC53D2C1C205844CB69575AB|1B491180398E2F0390E6A588B3BCE291|6744714DC61A0469628F376A17560C11,0.06428571428571428,280
635623BABBB7DA2E072D8C339F606E15|D7D1FB49049702BF6338894757E0D959|NA|NA|3D1DDB4A438CCCECFFA71256F05EDAAD,0.06427503736920777,669
033E492229C2222EFAA16EE8A6462D8B|7E56C27BFF0305E788DA55A029EC4988|4C90FD52FC53D2C1C205844CB69575AB|C45A9AC6D102ACAEEDF0D6F78636D84A|493B88AC8225128B0F81F0F7199C0441,0.06424581005586592,2506
13C26D10258053889D75D9B9CA922EC7|D7D1FB49049702BF6338894757E0D959|NA|NA|7131F8830CDD5E2106D4F8114E2FF10F,0.06422018348623854,218
7F286560861764CCB93C90B7AA833949|D7D1FB49049702BF6338894757E0D959|NA|NA|9ECFE540140135FD32696D78DE8DA43F,0.06422018348623854,327
13C26D10258053889D75D9B9CA922EC7|7E56C27BFF0305E788DA55A029EC4988|NA|NA|51E4BD24F0ADA0FC2C01CC56C584E533,0.06420595533498759,3224
5D656311CF9F47E34248BE9FBFF194A0|D7D1FB49049702BF6338894757E0D959|NA|NA|3D6933B35F2677F54EB59CBF425D9876,0.0641399416909621,343
9D307E5B713DE5E90D787BE9F802AFBB|7E56C27BFF0305E788DA55A029EC4988|4C90FD52FC53D2C1C205844CB69575AB|A5D15FC386510762EC0DDFF54ABE6F94|7B4F751A5189AAA6315B6E9AEED5CA8F,0.06407322654462243,437
7F286560861764CCB93C90B7AA833949|7E56C27BFF0305E788DA55A029EC4988|NA|NA|6F1EDBC03827F3F51B5C360E0ACEA427,0.064030131826742,1062
033E492229C2222EFAA16EE8A6462D8B|D7D1FB49049702BF6338894757E0D959|4C90FD52FC53D2C1C205844CB69575AB|1B491180398E2F0390E6A588B3BCE291|DBA9F0A8868AFCF00C3F8891181246C3,0.06402048655569782,781
EC997D43AC86A75D9B88A1051F86A67C|7E56C27BFF0305E788DA55A029EC4988|0CD76C7030D0900BE250C8D41703D180|A5D15FC386510762EC0DDFF54ABE6F94|0C1CECB95A3D279D671FBDAA117DBED5,0.064,250
033E492229C2222EFAA16EE8A6462D8B|7E56C27BFF0305E788DA55A029EC4988|4C90FD52FC53D2C1C205844CB69575AB|C45A9AC6D102ACAEEDF0D6F78636D84A|5C3341D4A1BF6FB4384110608EE86AA6,0.06395173453996983,3315
7F286560861764CCB93C90B7AA833949|7E56C27BFF0305E788DA55A029EC4988|4C90FD52FC53D2C1C205844CB69575AB|A5D15FC386510762EC0DDFF54ABE6F94|A706BF8E0DC6304210E6F8FD362BD459,0.06386554621848739,595
DDC2B3CC38945E431DE1B3F59EC56680|7E56C27BFF0305E788DA55A029EC4988|88460293E9517D21E39AA889BD5AADC8|1B491180398E2F0390E6A588B3BCE291|NA,0.06382978723404255,235
B4B45C6CE5FC4DE45AB02974D8849DBD|7E56C27BFF0305E788DA55A029EC4988|921B36149E5B081FD24450BFE2CE4430|A5D15FC386510762EC0DDFF54ABE6F94|3C48314751DBD15F0CB908796B35A53C,0.06382978723404255,235
635623BABBB7DA2E072D8C339F606E15|D7D1FB49049702BF6338894757E0D959|NA|NA|E2555F29B911EF3734C3CF915D43D7A8,0.06377551020408163,784
033E492229C2222EFAA16EE8A6462D8B|7E56C27BFF0305E788DA55A029EC4988|4C90FD52FC53D2C1C205844CB69575AB|A5D15FC386510762EC0DDFF54ABE6F94|2B5705CA6177E41D0A26EEEB44D82F0A,0.06376811594202898,345
033E492229C2222EFAA16EE8A6462D8B|7E56C27BFF0305E788DA55A029EC4988|4C90FD52FC53D2C1C205844CB69575AB|1B491180398E2F0390E6A588B3BCE291|A51459F2008EB80D460C2463096349D8,0.06368330464716007,581
033E492229C2222EFAA16EE8A6462D8B|D7D1FB49049702BF6338894757E0D959|88460293E9517D21E39AA889BD5AADC8|A5D15FC386510762EC0DDFF54ABE6F94|090EB90AEE5B73BA9F9EF6504F95772A,0.0635593220338983,236
033E492229C2222EFAA16EE8A6462D8B|7E56C27BFF0305E788DA55A029EC4988|88460293E9517D21E39AA889BD5AADC8|A5D15FC386510762EC0DDFF54ABE6F94|F41B9EFE26058AFFB180779FBEB998DC,0.06354009077155824,7271
033E492229C2222EFAA16EE8A6462D8B|7E56C27BFF0305E788DA55A029EC4988|4C90FD52FC53D2C1C205844CB69575AB|1B491180398E2F0390E6A588B3BCE291|380F31C348A21F35774E32C3816C48FE,0.06333333333333334,600
EC997D43AC86A75D9B88A1051F86A67C|FF2C446555E3822B0E0FC3406116E86D|NA|NA|52C395F2286B2F794259FBDACE2B453B,0.06329113924050633,237
EC997D43AC86A75D9B88A1051F86A67C|7E56C27BFF0305E788DA55A029EC4988|NA|NA|1253E5CD7F08786F6FF52826F4930E93,0.06319702602230483,538
033E492229C2222EFAA16EE8A6462D8B|7E56C27BFF0305E788DA55A029EC4988|4C90FD52FC53D2C1C205844CB69575AB|1B491180398E2F0390E6A588B3BCE291|B348A66726711645BECB959ED7A87A79,0.06317204301075269,744
EC997D43AC86A75D9B88A1051F86A67C|7E56C27BFF0305E788DA55A029EC4988|0CD76C7030D0900BE250C8D41703D180|A5D15FC386510762EC0DDFF54ABE6F94|64A2D4015D6980E2E04A8EF11A0FCF49,0.0631424375917768,1362
033E492229C2222EFAA16EE8A6462D8B|D7D1FB49049702BF6338894757E0D959|4C90FD52FC53D2C1C205844CB69575AB|A5D15FC386510762EC0DDFF54ABE6F94|NA,0.06312378483473752,7715
B4B45C6CE5FC4DE45AB02974D8849DBD|D7D1FB49049702BF6338894757E0D959|88460293E9517D21E39AA889BD5AADC8|1B491180398E2F0390E6A588B3BCE291|NA,0.06312292358803986,2107
62D6A49514020FA0B2E434DB0B506005|FF2C446555E3822B0E0FC3406116E86D|88460293E9517D21E39AA889BD5AADC8|NA|CD886AD2EA373C74FEE56551B39E4B87,0.06310679611650485,206
7532B3FBAFEC164460C4ED6FEB0C022C|D7D1FB49049702BF6338894757E0D959|NA|NA|119D16CB8CB1E718DE4C33AE2737CBCA,0.06306306306306306,333
13C26D10258053889D75D9B9CA922EC7|7E56C27BFF0305E788DA55A029EC4988|NA|NA|651C670AC1E66CBFFB8A3C3639C174AE,0.06302757456387169,1777
635623BABBB7DA2E072D8C339F606E15|7E56C27BFF0305E788DA55A029EC4988|NA|NA|8FF024207742DFAD397DFF1FC3F5A2D6,0.06293706293706294,429
B4B45C6CE5FC4DE45AB02974D8849DBD|D7D1FB49049702BF6338894757E0D959|NA|NA|B11F83250E97B9AE77366F23AD8D8567,0.06293402777777778,2304
6A21F69EBA80612A04B0F6BAC857AAF2|D7D1FB49049702BF6338894757E0D959|88460293E9517D21E39AA889BD5AADC8|NA|AF8393D72184D72EC9D55D7C6B10DFD5,0.06290115532734275,779
033E492229C2222EFAA16EE8A6462D8B|7E56C27BFF0305E788DA55A029EC4988|4C90FD52FC53D2C1C205844CB69575AB|1B491180398E2F0390E6A588B3BCE291|9B7F6143E210A5527A2593856C84FF78,0.06282722513089005,382
13C26D10258053889D75D9B9CA922EC7|7E56C27BFF0305E788DA55A029EC4988|NA|NA|61222C6C83BC6C28A827D41CEBFEC52C,0.06280193236714976,207
13C26D10258053889D75D9B9CA922EC7|D7D1FB49049702BF6338894757E0D959|NA|NA|B08ABD9600FECBFA84E05E6D4A4098B2,0.06279069767441861,430
DDC2B3CC38945E431DE1B3F59EC56680|7E56C27BFF0305E788DA55A029EC4988|NA|NA|13B0E6EF5726CB3F31F7480F0FE6C1E8,0.06279069767441861,860
033E492229C2222EFAA16EE8A6462D8B|7E56C27BFF0305E788DA55A029EC4988|4C90FD52FC53D2C1C205844CB69575AB|1B491180398E2F0390E6A588B3BCE291|6DCE196C6F1F603E303DC59FD60E3894,0.06276150627615062,239
88CED8BA3AA711A20ACF8B1FC574F218|7E56C27BFF0305E788DA55A029EC4988|NA|NA|E5ADBA7EA46FFA59C2580697A4809C90,0.06269592476489028,638
7F286560861764CCB93C90B7AA833949|D7D1FB49049702BF6338894757E0D959|NA|NA|CF98C2A16D5E97A60FB979C15F04A1A8,0.06265060240963856,415
62D6A49514020FA0B2E434DB0B506005|D7D1FB49049702BF6338894757E0D959|NA|NA|BCC8F8BAFD13EF836E0197F98B6F6CF8,0.06251902355877519,16427
7F286560861764CCB93C90B7AA833949|D7D1FB49049702BF6338894757E0D959|NA|NA|50683EBCA9FD80FA03FB91F74EAF77A9,0.0625,640
7F286560861764CCB93C90B7AA833949|7E56C27BFF0305E788DA55A029EC4988|NA|NA|2D63B2B23C64A6900A625570E33AA1A5,0.0625,1024
7532B3FBAFEC164460C4ED6FEB0C022C|D7D1FB49049702BF6338894757E0D959|NA|NA|EC093122D0D5FC4D7E5A9A294779F9D9,0.0625,304
88CED8BA3AA711A20ACF8B1FC574F218|FF2C446555E3822B0E0FC3406116E86D|NA|NA|C2BC8501709FE7130F454E5B9BE6DE70,0.0625,736
E02400CDAD96905D88E932FE9B7D3552|7E56C27BFF0305E788DA55A029EC4988|4C90FD52FC53D2C1C205844CB69575AB|A5D15FC386510762EC0DDFF54ABE6F94|E19FDCA050D5BADC171A5D1FC822559C,0.0625,352
7F286560861764CCB93C90B7AA833949|D7D1FB49049702BF6338894757E0D959|NA|NA|32504979EAE0DF9899CCFCB3D41D8AF4,0.0625,240
635623BABBB7DA2E072D8C339F606E15|7E56C27BFF0305E788DA55A029EC4988|NA|NA|9A81D1B46F33EE99321C14FD6292EDCF,0.0625,208
9D307E5B713DE5E90D787BE9F802AFBB|7E56C27BFF0305E788DA55A029EC4988|NA|NA|B7BC27C242F50667610A3569FFDAF1F4,0.0625,256
033E492229C2222EFAA16EE8A6462D8B|7E56C27BFF0305E788DA55A029EC4988|88460293E9517D21E39AA889BD5AADC8|C45A9AC6D102ACAEEDF0D6F78636D84A|6271E7ACEF710C0C57E758E473279B63,0.0625,208
62D6A49514020FA0B2E434DB0B506005|D7D1FB49049702BF6338894757E0D959|NA|NA|CC8C5A48F0943AC0BDF8D61D6EFFA4AB,0.0625,592
635623BABBB7DA2E072D8C339F606E15|7E56C27BFF0305E788DA55A029EC4988|NA|NA|FA403A0A144355E54E0EFB93090B613C,0.062433183664742355,4677
EC997D43AC86A75D9B88A1051F86A67C|FF2C446555E3822B0E0FC3406116E86D|NA|NA|6C37BAD255FA1CA7755AA7342B70FE75,0.062432723358449946,929
B4B45C6CE5FC4DE45AB02974D8849DBD|7E56C27BFF0305E788DA55A029EC4988|4C90FD52FC53D2C1C205844CB69575AB|C45A9AC6D102ACAEEDF0D6F78636D84A|475B85B78C0E595616E40A995EC513B1,0.06230529595015576,321
13C26D10258053889D75D9B9CA922EC7|D7D1FB49049702BF6338894757E0D959|NA|NA|1192EBCDC1287BE8763EFFE25A3028CE,0.06229508196721312,610
033E492229C2222EFAA16EE8A6462D8B|FF2C446555E3822B0E0FC3406116E86D|4C90FD52FC53D2C1C205844CB69575AB|A5D15FC386510762EC0DDFF54ABE6F94|B5B4E4F79549395A98045CE392F4D3AF,0.0622813156053184,1429
62D6A49514020FA0B2E434DB0B506005|7E56C27BFF0305E788DA55A029EC4988|NA|NA|38ADFC142F85F62EFFA546D5A064A2C3,0.0622568093385214,771
7F286560861764CCB93C90B7AA833949|7E56C27BFF0305E788DA55A029EC4988|4C90FD52FC53D2C1C205844CB69575AB|A5D15FC386510762EC0DDFF54ABE6F94|2D19D3B27538B932DA91DB287CE600EB,0.0622568093385214,257
7532B3FBAFEC164460C4ED6FEB0C022C|7E56C27BFF0305E788DA55A029EC4988|NA|NA|4DC6B5EA2F40E9FBD42BDBAFA62A47F9,0.06224899598393574,2988
033E492229C2222EFAA16EE8A6462D8B|D7D1FB49049702BF6338894757E0D959|4C90FD52FC53D2C1C205844CB69575AB|1B491180398E2F0390E6A588B3BCE291|2B27FDE6C82813067EA44A8CC4E99A89,0.06224066390041494,241
033E492229C2222EFAA16EE8A6462D8B|7E56C27BFF0305E788DA55A029EC4988|538912C31E773613AB51FBAE58492476|D7B42B0C4D807EF1C13F79948743E9DA|6F2803C343F6DA0602D3B008D02C7113,0.06219886114761279,2283
033E492229C2222EFAA16EE8A6462D8B|7E56C27BFF0305E788DA55A029EC4988|4C90FD52FC53D2C1C205844CB69575AB|1B491180398E2F0390E6A588B3BCE291|3AE1D1BFECFA56569B54D4690CC799D4,0.06218905472636816,402
7F286560861764CCB93C90B7AA833949|7E56C27BFF0305E788DA55A029EC4988|921B36149E5B081FD24450BFE2CE4430|A5D15FC386510762EC0DDFF54ABE6F94|7BA18B7FCC191ACEE7F98578EA9258D1,0.06218905472636816,1608
635623BABBB7DA2E072D8C339F606E15|7E56C27BFF0305E788DA55A029EC4988|NA|NA|78CFDEC3B07EFFA3D27CE827B76DA444,0.06218905472636816,1206
88CED8BA3AA711A20ACF8B1FC574F218|D7D1FB49049702BF6338894757E0D959|4C90FD52FC53D2C1C205844CB69575AB|A5D15FC386510762EC0DDFF54ABE6F94|68C374F63AE74137CEB5E1FAA6F986E8,0.062146892655367235,354
033E492229C2222EFAA16EE8A6462D8B|D7D1FB49049702BF6338894757E0D959|4C90FD52FC53D2C1C205844CB69575AB|C45A9AC6D102ACAEEDF0D6F78636D84A|4586D423CB2DAB83D00A187B4F3F73F7,0.06209150326797386,306
7F286560861764CCB93C90B7AA833949|7E56C27BFF0305E788DA55A029EC4988|4C90FD52FC53D2C1C205844CB69575AB|A5D15FC386510762EC0DDFF54ABE6F94|A3D7859B9210257F225F62543C518624,0.062087186261558784,757
B4B45C6CE5FC4DE45AB02974D8849DBD|7E56C27BFF0305E788DA55A029EC4988|4C90FD52FC53D2C1C205844CB69575AB|A5D15FC386510762EC0DDFF54ABE6F94|59B8E4D91ACE683515F4CFBFFD831E58,0.06205673758865248,564
033E492229C2222EFAA16EE8A6462D8B|7E56C27BFF0305E788DA55A029EC4988|4C90FD52FC53D2C1C205844CB69575AB|1B491180398E2F0390E6A588B3BCE291|4D7C26F4F71AC69FE9808E4ABE8BC050,0.06204379562043796,274
7532B3FBAFEC164460C4ED6FEB0C022C|7E56C27BFF0305E788DA55A029EC4988|921B36149E5B081FD24450BFE2CE4430|A5D15FC386510762EC0DDFF54ABE6F94|7B7BB07C348B857C2997D51EA398326C,0.0620253164556962,790
033E492229C2222EFAA16EE8A6462D8B|7E56C27BFF0305E788DA55A029EC4988|4C90FD52FC53D2C1C205844CB69575AB|C45A9AC6D102ACAEEDF0D6F78636D84A|63BE331B22828BDA0954E1E7E02A065A,0.06201550387596899,387
033E492229C2222EFAA16EE8A6462D8B|D7D1FB49049702BF6338894757E0D959|F716A9DB9D084CD5CFBDA30A923016E1|C83584C67375245584CEBF5DCE5BEE2D|5F951BDDE0F2A4E7745C213030F5BAFA,0.06200527704485488,758
033E492229C2222EFAA16EE8A6462D8B|7E56C27BFF0305E788DA55A029EC4988|4C90FD52FC53D2C1C205844CB69575AB|C45A9AC6D102ACAEEDF0D6F78636D84A|DB855C9C3E1E700EA68F693FBD8657B8,0.06190476190476191,840
9D307E5B713DE5E90D787BE9F802AFBB|D7D1FB49049702BF6338894757E0D959|4C90FD52FC53D2C1C205844CB69575AB|1B491180398E2F0390E6A588B3BCE291|5C3192BE83E1D7966D634270C70D1861,0.06179775280898876,356
7F286560861764CCB93C90B7AA833949|7E56C27BFF0305E788DA55A029EC4988|NA|NA|24D4F8D30C3029FD1D24B305FDC06DBE,0.06169071402145764,10812
88CED8BA3AA711A20ACF8B1FC574F218|D7D1FB49049702BF6338894757E0D959|NA|NA|8E32F0A591CA647640A4DB46F0E3E8C2,0.06166219839142091,373
9D307E5B713DE5E90D787BE9F802AFBB|7E56C27BFF0305E788DA55A029EC4988|4C90FD52FC53D2C1C205844CB69575AB|1B491180398E2F0390E6A588B3BCE291|80E33821924A285C74D65C294FC99ADC,0.061611374407582936,211
033E492229C2222EFAA16EE8A6462D8B|7E56C27BFF0305E788DA55A029EC4988|4C90FD52FC53D2C1C205844CB69575AB|1B491180398E2F0390E6A588B3BCE291|7DE221685FBDD5F1CB7818F89740D46D,0.06153846153846154,455
033E492229C2222EFAA16EE8A6462D8B|7E56C27BFF0305E788DA55A029EC4988|4C90FD52FC53D2C1C205844CB69575AB|C45A9AC6D102ACAEEDF0D6F78636D84A|CB9944F2553618238FC65DCE69E676D4,0.061465721040189124,2961
88CED8BA3AA711A20ACF8B1FC574F218|D7D1FB49049702BF6338894757E0D959|NA|NA|8B42CEC20458B1F5421A373B1BB189AC,0.06140350877192982,228
13C26D10258053889D75D9B9CA922EC7|7E56C27BFF0305E788DA55A029EC4988|NA|NA|234FC88E2C1EC8684975BE0CAB109558,0.061389337641357025,619
033E492229C2222EFAA16EE8A6462D8B|7E56C27BFF0305E788DA55A029EC4988|4C90FD52FC53D2C1C205844CB69575AB|C45A9AC6D102ACAEEDF0D6F78636D84A|91B22DE27E9D5A5608C4EB3BDFA679AC,0.061314512571680635,2267
033E492229C2222EFAA16EE8A6462D8B|7E56C27BFF0305E788DA55A029EC4988|4C90FD52FC53D2C1C205844CB69575AB|A5D15FC386510762EC0DDFF54ABE6F94|2AEF24D7ADC9FE1D10028100D070EB79,0.06130268199233716,783
033E492229C2222EFAA16EE8A6462D8B|7E56C27BFF0305E788DA55A029EC4988|4C90FD52FC53D2C1C205844CB69575AB|A5D15FC386510762EC0DDFF54ABE6F94|475B85B78C0E595616E40A995EC513B1,0.06130268199233716,261
13C26D10258053889D75D9B9CA922EC7|D7D1FB49049702BF6338894757E0D959|4C90FD52FC53D2C1C205844CB69575AB|C45A9AC6D102ACAEEDF0D6F78636D84A|6A1F1F344D0A4A99940699B11365E7E8,0.06128133704735376,359
88CED8BA3AA711A20ACF8B1FC574F218|D7D1FB49049702BF6338894757E0D959|NA|NA|1DE82676BF78466E95BF19215CC12D9A,0.06126482213438735,506
635623BABBB7DA2E072D8C339F606E15|7E56C27BFF0305E788DA55A029EC4988|NA|NA|80D08023DF2F0877733F329E4B4D994B,0.061068702290076333,393
944B2A351FEFAC79AEAA9DA57E1B351F|D7D1FB49049702BF6338894757E0D959|NA|NA|3BC4AFE10E58EAED2C7AA7BB30443DCE,0.06102635228848821,721
B4B45C6CE5FC4DE45AB02974D8849DBD|D7D1FB49049702BF6338894757E0D959|NA|NA|E96F5BEE9F0B4E2B7091F58CFE499E60,0.061016949152542375,885
033E492229C2222EFAA16EE8A6462D8B|D7D1FB49049702BF6338894757E0D959|4C90FD52FC53D2C1C205844CB69575AB|1B491180398E2F0390E6A588B3BCE291|DD3A7C5E65EF208FD862259178544E6C,0.0610079575596817,377
033E492229C2222EFAA16EE8A6462D8B|FF2C446555E3822B0E0FC3406116E86D|4C90FD52FC53D2C1C205844CB69575AB|A5D15FC386510762EC0DDFF54ABE6F94|4183F21E1FE828458867D8596B169E22,0.06097560975609756,328
033E492229C2222EFAA16EE8A6462D8B|7E56C27BFF0305E788DA55A029EC4988|4C90FD52FC53D2C1C205844CB69575AB|C45A9AC6D102ACAEEDF0D6F78636D84A|9CB1FCCB3DCEB2F4DF14F06CC6EA1158,0.060810810810810814,2072
13C26D10258053889D75D9B9CA922EC7|D7D1FB49049702BF6338894757E0D959|NA|NA|009C76194E29368FB073FD890067104F,0.060801144492131615,1398
13C26D10258053889D75D9B9CA922EC7|D7D1FB49049702BF6338894757E0D959|NA|NA|1408A80288FE3E473F5B7CD5099FCA7F,0.06077940650697176,2797
62D6A49514020FA0B2E434DB0B506005|7E56C27BFF0305E788DA55A029EC4988|NA|NA|DB173D03A03FE981604F482E73AF57A1,0.06074766355140187,214
7532B3FBAFEC164460C4ED6FEB0C022C|D7D1FB49049702BF6338894757E0D959|NA|NA|F925D442752F1D051A5EA5728731E280,0.060714285714285714,280
033E492229C2222EFAA16EE8A6462D8B|7E56C27BFF0305E788DA55A029EC4988|A443B40A19DB45968C2825CE225368DF|6EFABCEDA36A931DBF760F88970BAF0E|7807D1C31E020624523E2F99726B0D22,0.060674157303370786,445
EC997D43AC86A75D9B88A1051F86A67C|7E56C27BFF0305E788DA55A029EC4988|NA|NA|863E32A839C22072B36C81DCA39B2239,0.06060606060606061,462
13C26D10258053889D75D9B9CA922EC7|7E56C27BFF0305E788DA55A029EC4988|NA|NA|6D5CE5C0F731FA033BCF8F6EEC96ED02,0.06050256160039034,4099
5D656311CF9F47E34248BE9FBFF194A0|7E56C27BFF0305E788DA55A029EC4988|NA|NA|NA,0.06045223811721274,2167
033E492229C2222EFAA16EE8A6462D8B|7E56C27BFF0305E788DA55A029EC4988|4C90FD52FC53D2C1C205844CB69575AB|1B491180398E2F0390E6A588B3BCE291|BCCFB8A25476382DFAD84014C6D89941,0.06039578514520689,3891
13C26D10258053889D75D9B9CA922EC7|D7D1FB49049702BF6338894757E0D959|NA|NA|D6107258A61809659ADD53A3DA0D03E6,0.060291060291060294,481
B4B45C6CE5FC4DE45AB02974D8849DBD|7E56C27BFF0305E788DA55A029EC4988|NA|NA|71520C1E614EED8058E9CFC101444155,0.06018518518518518,216
B4B45C6CE5FC4DE45AB02974D8849DBD|7E56C27BFF0305E788DA55A029EC4988|4C90FD52FC53D2C1C205844CB69575AB|A5D15FC386510762EC0DDFF54ABE6F94|04DBC5D2BBAFF49FACAB38BC919810F5,0.06018518518518518,216
033E492229C2222EFAA16EE8A6462D8B|7E56C27BFF0305E788DA55A029EC4988|4C90FD52FC53D2C1C205844CB69575AB|A5D15FC386510762EC0DDFF54ABE6F94|8D9816B96D4413BB6843ACF5381AF782,0.06017699115044248,565
7F286560861764CCB93C90B7AA833949|7E56C27BFF0305E788DA55A029EC4988|88460293E9517D21E39AA889BD5AADC8|C45A9AC6D102ACAEEDF0D6F78636D84A|NA,0.060124395300621976,1447
7F286560861764CCB93C90B7AA833949|D7D1FB49049702BF6338894757E0D959|NA|NA|A29BF82BD63CF789441238F138189F03,0.06012024048096192,499
033E492229C2222EFAA16EE8A6462D8B|D7D1FB49049702BF6338894757E0D959|4C90FD52FC53D2C1C205844CB69575AB|1B491180398E2F0390E6A588B3BCE291|7F5584925C9EA048ED42DD2BB29A6E99,0.06,200
7532B3FBAFEC164460C4ED6FEB0C022C|7E56C27BFF0305E788DA55A029EC4988|NA|NA|F396283196E8A244B18642080B2EAFE2,0.05995475113122172,1768
033E492229C2222EFAA16EE8A6462D8B|7E56C27BFF0305E788DA55A029EC4988|4C90FD52FC53D2C1C205844CB69575AB|A5D15FC386510762EC0DDFF54ABE6F94|3D46B86885B5DFEB30D6DFD3D690BA8A,0.05994897959183673,784
7F286560861764CCB93C90B7AA833949|D7D1FB49049702BF6338894757E0D959|NA|NA|125F3501E963982DC8D3BE8AF0F4B1DF,0.059941520467836254,684
62D6A49514020FA0B2E434DB0B506005|7E56C27BFF0305E788DA55A029EC4988|NA|NA|E120E488D02A3009A1E545BECD813112,0.059907834101382486,217
13C26D10258053889D75D9B9CA922EC7|7E56C27BFF0305E788DA55A029EC4988|NA|NA|242185DB7F0153CAC30D33CD1CFC93FE,0.05975143403441682,2092
033E492229C2222EFAA16EE8A6462D8B|FF2C446555E3822B0E0FC3406116E86D|4C90FD52FC53D2C1C205844CB69575AB|1B491180398E2F0390E6A588B3BCE291|8719CE59A4ED034DC891C5070E29B507,0.05973025048169557,519
033E492229C2222EFAA16EE8A6462D8B|D7D1FB49049702BF6338894757E0D959|4C90FD52FC53D2C1C205844CB69575AB|1B491180398E2F0390E6A588B3BCE291|BD78C6EF38BA521BF636C8E50F9C2B5D,0.05973025048169557,519
033E492229C2222EFAA16EE8A6462D8B|D7D1FB49049702BF6338894757E0D959|4C90FD52FC53D2C1C205844CB69575AB|1B491180398E2F0390E6A588B3BCE291|00AF1D1CB6DE522C356AF896151160A1,0.0596529284164859,922
033E492229C2222EFAA16EE8A6462D8B|7E56C27BFF0305E788DA55A029EC4988|4C90FD52FC53D2C1C205844CB69575AB|C45A9AC6D102ACAEEDF0D6F78636D84A|D2DA2BB0114D88DDFBC16AD46632FD7E,0.05964912280701754,570
62D6A49514020FA0B2E434DB0B506005|FF2C446555E3822B0E0FC3406116E86D|88460293E9517D21E39AA889BD5AADC8|NA|24D4F8D30C3029FD1D24B305FDC06DBE,0.05964467005076142,788
62D6A49514020FA0B2E434DB0B506005|D7D1FB49049702BF6338894757E0D959|NA|NA|18331F36EF7E26CFE1FB207BBF3E0422,0.05963302752293578,218
9D307E5B713DE5E90D787BE9F802AFBB|7E56C27BFF0305E788DA55A029EC4988|4C90FD52FC53D2C1C205844CB69575AB|A5D15FC386510762EC0DDFF54ABE6F94|D085C3EEAD0C9346BBE0B61B5A2E5C13,0.059574468085106386,470
033E492229C2222EFAA16EE8A6462D8B|7E56C27BFF0305E788DA55A029EC4988|4C90FD52FC53D2C1C205844CB69575AB|28F311FA00BD3B4D076659D87EE3AE8D|8764A183F131AFF30376FAC34A1C7585,0.05952380952380952,336
7532B3FBAFEC164460C4ED6FEB0C022C|7E56C27BFF0305E788DA55A029EC4988|NA|NA|574073C6268C81B0E135FA8A730B0CD2,0.059513074842200184,1109
13C26D10258053889D75D9B9CA922EC7|D7D1FB49049702BF6338894757E0D959|NA|NA|D7B7300C21C704F77FCB3E6B7965AD05,0.05943536404160475,673
635623BABBB7DA2E072D8C339F606E15|D7D1FB49049702BF6338894757E0D959|NA|NA|0880A73C829B3554A87E79EE47E3FBEE,0.0594059405940594,202
88CED8BA3AA711A20ACF8B1FC574F218|7E56C27BFF0305E788DA55A029EC4988|NA|NA|3B74E691D58FE66E2E341A7CB38A55CD,0.0594059405940594,404
13C26D10258053889D75D9B9CA922EC7|D7D1FB49049702BF6338894757E0D959|NA|NA|EC3E3378594094F73464463F5E7BCF7E,0.0594059405940594,202
635623BABBB7DA2E072D8C339F606E15|7E56C27BFF0305E788DA55A029EC4988|NA|NA|7894FCEEFF2DB9971D2BF55F00F6DA56,0.05934718100890208,337
6A21F69EBA80612A04B0F6BAC857AAF2|D7D1FB49049702BF6338894757E0D959|88460293E9517D21E39AA889BD5AADC8|NA|EDEA1EFD30C9CCC44C0AD28CF1FD3EB4,0.059322033898305086,236
033E492229C2222EFAA16EE8A6462D8B|D7D1FB49049702BF6338894757E0D959|4C90FD52FC53D2C1C205844CB69575AB|C45A9AC6D102ACAEEDF0D6F78636D84A|0A52952FE7ECA61C85A6A0FEA9A87FE3,0.05929919137466307,371
635623BABBB7DA2E072D8C339F606E15|7E56C27BFF0305E788DA55A029EC4988|NA|NA|2B723BAF77ECF87D5F66A2415AD18159,0.05922865013774105,726
B4B45C6CE5FC4DE45AB02974D8849DBD|7E56C27BFF0305E788DA55A029EC4988|4C90FD52FC53D2C1C205844CB69575AB|A5D15FC386510762EC0DDFF54ABE6F94|475B85B78C0E595616E40A995EC513B1,0.05921680993314231,1047
7F286560861764CCB93C90B7AA833949|D7D1FB49049702BF6338894757E0D959|NA|NA|2941789D2260A66F613E668977BDD8BF,0.05917159763313609,1352
033E492229C2222EFAA16EE8A6462D8B|7E56C27BFF0305E788DA55A029EC4988|4C90FD52FC53D2C1C205844CB69575AB|1B491180398E2F0390E6A588B3BCE291|DB855C9C3E1E700EA68F693FBD8657B8,0.059113300492610835,2639
635623BABBB7DA2E072D8C339F606E15|7E56C27BFF0305E788DA55A029EC4988|NA|NA|1E37B93AD08777B1B501B2CE331F9792,0.05907172995780591,948
13C26D10258053889D75D9B9CA922EC7|7E56C27BFF0305E788DA55A029EC4988|NA|NA|C83584C67375245584CEBF5DCE5BEE2D,0.05901639344262295,305
033E492229C2222EFAA16EE8A6462D8B|7E56C27BFF0305E788DA55A029EC4988|4C90FD52FC53D2C1C205844CB69575AB|C45A9AC6D102ACAEEDF0D6F78636D84A|D544DD4C9E7F122F9299A06DCC827F2B,0.05900723208415516,6084
13C26D10258053889D75D9B9CA922EC7|D7D1FB49049702BF6338894757E0D959|NA|NA|65AB1C0AB51141E9EC83A17841CF3912,0.05900383141762452,1305
62D6A49514020FA0B2E434DB0B506005|D7D1FB49049702BF6338894757E0D959|NA|NA|1C75335F3076AD36545D4FE1EC59073C,0.05900383141762452,1305
033E492229C2222EFAA16EE8A6462D8B|D7D1FB49049702BF6338894757E0D959|4C90FD52FC53D2C1C205844CB69575AB|1B491180398E2F0390E6A588B3BCE291|5484AC04F0FAC496618FD48E4FB2E240,0.05898876404494382,356
7F286560861764CCB93C90B7AA833949|7E56C27BFF0305E788DA55A029EC4988|4C90FD52FC53D2C1C205844CB69575AB|A5D15FC386510762EC0DDFF54ABE6F94|930787DE1B2824808AFD372689081340,0.058823529411764705,357
033E492229C2222EFAA16EE8A6462D8B|7E56C27BFF0305E788DA55A029EC4988|4C90FD52FC53D2C1C205844CB69575AB|A5D15FC386510762EC0DDFF54ABE6F94|B2F17DEB02382D701D903B8F20E44801,0.058823529411764705,221
13C26D10258053889D75D9B9CA922EC7|7E56C27BFF0305E788DA55A029EC4988|4C90FD52FC53D2C1C205844CB69575AB|1B491180398E2F0390E6A588B3BCE291|1408A80288FE3E473F5B7CD5099FCA7F,0.058823529411764705,340
88CED8BA3AA711A20ACF8B1FC574F218|7E56C27BFF0305E788DA55A029EC4988|921B36149E5B081FD24450BFE2CE4430|C45A9AC6D102ACAEEDF0D6F78636D84A|7DF21487D3DE8842C97D1333B0524E4A,0.058823529411764705,408
7F286560861764CCB93C90B7AA833949|D7D1FB49049702BF6338894757E0D959|4C90FD52FC53D2C1C205844CB69575AB|A5D15FC386510762EC0DDFF54ABE6F94|DC534E2D6FBB583D4699ABA741ECD2ED,0.05870020964360587,477
033E492229C2222EFAA16EE8A6462D8B|D7D1FB49049702BF6338894757E0D959|4C90FD52FC53D2C1C205844CB69575AB|C45A9AC6D102ACAEEDF0D6F78636D84A|AF4C6588A73BD1F2D99A2975BCEC8C6C,0.058682634730538925,835
033E492229C2222EFAA16EE8A6462D8B|7E56C27BFF0305E788DA55A029EC4988|88460293E9517D21E39AA889BD5AADC8|1B491180398E2F0390E6A588B3BCE291|0B5D0069451738C0BFEA3142EC6ECC88,0.05864197530864197,324
13C26D10258053889D75D9B9CA922EC7|7E56C27BFF0305E788DA55A029EC4988|NA|NA|60BFDF0D907DC4DC27A37057368C876D,0.05860805860805861,273
033E492229C2222EFAA16EE8A6462D8B|D7D1FB49049702BF6338894757E0D959|4C90FD52FC53D2C1C205844CB69575AB|1B491180398E2F0390E6A588B3BCE291|762CE60A368D3A96A67E01CBCAE7B8BA,0.05859375,256
033E492229C2222EFAA16EE8A6462D8B|7E56C27BFF0305E788DA55A029EC4988|4C90FD52FC53D2C1C205844CB69575AB|1B491180398E2F0390E6A588B3BCE291|16007CE6FF9018C22349ABC2B0E60B08,0.05858585858585859,495
E02400CDAD96905D88E932FE9B7D3552|D7D1FB49049702BF6338894757E0D959|88460293E9517D21E39AA889BD5AADC8|A5D15FC386510762EC0DDFF54ABE6F94|AAB3B523C26F0DFD22D8F900B8BDE283,0.05853658536585366,205
635623BABBB7DA2E072D8C339F606E15|D7D1FB49049702BF6338894757E0D959|NA|NA|5C10174D5B38D1A7B3EB170D7B81DE79,0.0585,2000
EC997D43AC86A75D9B88A1051F86A67C|D7D1FB49049702BF6338894757E0D959|4C90FD52FC53D2C1C205844CB69575AB|C45A9AC6D102ACAEEDF0D6F78636D84A|635A3EF4F16C9B52F3334F52B864E056,0.05846774193548387,992
13C26D10258053889D75D9B9CA922EC7|7E56C27BFF0305E788DA55A029EC4988|NA|NA|A3356F81A58E123B11CD8ABFBF5A22D4,0.058394160583941604,548
B4B45C6CE5FC4DE45AB02974D8849DBD|D7D1FB49049702BF6338894757E0D959|921B36149E5B081FD24450BFE2CE4430|A5D15FC386510762EC0DDFF54ABE6F94|E0F54BB60E4822204DF2D0F2A8C00475,0.058365758754863814,514
635623BABBB7DA2E072D8C339F606E15|7E56C27BFF0305E788DA55A029EC4988|NA|NA|3E53A5C8A1E07CC922481E7EEC5693FA,0.05829596412556054,223
DDC2B3CC38945E431DE1B3F59EC56680|7E56C27BFF0305E788DA55A029EC4988|NA|NA|D96E6D858A3AAB3F04FD1FDA412BCD7B,0.05825242718446602,206
944B2A351FEFAC79AEAA9DA57E1B351F|7E56C27BFF0305E788DA55A029EC4988|NA|NA|2CA3C070A974D1FBF0AF940888C34C4F,0.05825242718446602,309
033E492229C2222EFAA16EE8A6462D8B|7E56C27BFF0305E788DA55A029EC4988|4C90FD52FC53D2C1C205844CB69575AB|1B491180398E2F0390E6A588B3BCE291|F5CD79ED8FC1CE59FB5E303812781A65,0.05825242718446602,206
6A21F69EBA80612A04B0F6BAC857AAF2|7E56C27BFF0305E788DA55A029EC4988|NA|NA|DAA6BA9003421FE173513415516F6CCF,0.05822784810126582,395
635623BABBB7DA2E072D8C339F606E15|7E56C27BFF0305E788DA55A029EC4988|NA|NA|A887ACE794330D4CD1552AED617E2434,0.05822784810126582,790
033E492229C2222EFAA16EE8A6462D8B|7E56C27BFF0305E788DA55A029EC4988|4C90FD52FC53D2C1C205844CB69575AB|C45A9AC6D102ACAEEDF0D6F78636D84A|C96DBB02E07873BF5185FDAF23D8127B,0.05811138014527845,413
033E492229C2222EFAA16EE8A6462D8B|7E56C27BFF0305E788DA55A029EC4988|88460293E9517D21E39AA889BD5AADC8|A5D15FC386510762EC0DDFF54ABE6F94|090EB90AEE5B73BA9F9EF6504F95772A,0.05811138014527845,1239
9D307E5B713DE5E90D787BE9F802AFBB|D7D1FB49049702BF6338894757E0D959|4C90FD52FC53D2C1C205844CB69575AB|1B491180398E2F0390E6A588B3BCE291|88DC814F61E4FB44F16B583C58EC93CD,0.058091286307053944,241
033E492229C2222EFAA16EE8A6462D8B|7E56C27BFF0305E788DA55A029EC4988|A443B40A19DB45968C2825CE225368DF|D7B42B0C4D807EF1C13F79948743E9DA|6F2803C343F6DA0602D3B008D02C7113,0.058091286307053944,723
033E492229C2222EFAA16EE8A6462D8B|D7D1FB49049702BF6338894757E0D959|4C90FD52FC53D2C1C205844CB69575AB|A5D15FC386510762EC0DDFF54ABE6F94|DA39B9366CE30905719825A4B232FF68,0.05793991416309013,466
033E492229C2222EFAA16EE8A6462D8B|7E56C27BFF0305E788DA55A029EC4988|4C90FD52FC53D2C1C205844CB69575AB|C45A9AC6D102ACAEEDF0D6F78636D84A|CF144BB67D9D993489D757D9C1FD087A,0.057777777777777775,1350
635623BABBB7DA2E072D8C339F606E15|7E56C27BFF0305E788DA55A029EC4988|NA|NA|1AF1343F7EF1E43E139376F91AB16E8B,0.057724957555178265,589
5D656311CF9F47E34248BE9FBFF194A0|7E56C27BFF0305E788DA55A029EC4988|4C90FD52FC53D2C1C205844CB69575AB|A5D15FC386510762EC0DDFF54ABE6F94|DBA145929F830854507130143D8F5175,0.057692307692307696,208
944B2A351FEFAC79AEAA9DA57E1B351F|D7D1FB49049702BF6338894757E0D959|NA|NA|00BE9B4D62C060AE925E4AA92D8A4F78,0.057692307692307696,312
EC997D43AC86A75D9B88A1051F86A67C|7E56C27BFF0305E788DA55A029EC4988|4C90FD52FC53D2C1C205844CB69575AB|A5D15FC386510762EC0DDFF54ABE6F94|88CC31995CBC30EAC66C18A2A4D2AF3F,0.057660626029654036,607
7532B3FBAFEC164460C4ED6FEB0C022C|D7D1FB49049702BF6338894757E0D959|4C90FD52FC53D2C1C205844CB69575AB|A5D15FC386510762EC0DDFF54ABE6F94|CBC06CACD26D252F45D31D9E7D3861E0,0.05764411027568922,399
7F286560861764CCB93C90B7AA833949|D7D1FB49049702BF6338894757E0D959|NA|A5D15FC386510762EC0DDFF54ABE6F94|15FB49AEF176915909A36D6D765EED13,0.05763688760806916,347
033E492229C2222EFAA16EE8A6462D8B|7E56C27BFF0305E788DA55A029EC4988|4C90FD52FC53D2C1C205844CB69575AB|1B491180398E2F0390E6A588B3BCE291|A103333C932B7B5A9CB6D491DD2482C7,0.0576271186440678,295
033E492229C2222EFAA16EE8A6462D8B|FF2C446555E3822B0E0FC3406116E86D|4C90FD52FC53D2C1C205844CB69575AB|1B491180398E2F0390E6A588B3BCE291|F0D5D67EB388609ED73125E8258992AC,0.0576036866359447,434
635623BABBB7DA2E072D8C339F606E15|D7D1FB49049702BF6338894757E0D959|NA|NA|DB0F1608D25FDCFD761673324B10F365,0.05759162303664921,382
635623BABBB7DA2E072D8C339F606E15|D7D1FB49049702BF6338894757E0D959|NA|NA|D92480DA5FA45D3F2AEFD613EBEB6071,0.05758157389635317,521
88CED8BA3AA711A20ACF8B1FC574F218|FF2C446555E3822B0E0FC3406116E86D|NA|NA|68C2D74CE65681DC75F163E0CF47F62C,0.05752212389380531,678
7F286560861764CCB93C90B7AA833949|7E56C27BFF0305E788DA55A029EC4988|NA|NA|0EA006066396E3169C30421CD3359325,0.0575204041974349,10292
7F286560861764CCB93C90B7AA833949|D7D1FB49049702BF6338894757E0D959|NA|NA|CF884DB599F25CAC398E084BCDCC0F5A,0.057461406518010294,1166
635623BABBB7DA2E072D8C339F606E15|7E56C27BFF0305E788DA55A029EC4988|NA|NA|BA2EB7422C2123CA6F6865D0EEF91262,0.05741626794258373,209
9D307E5B713DE5E90D787BE9F802AFBB|D7D1FB49049702BF6338894757E0D959|4C90FD52FC53D2C1C205844CB69575AB|A5D15FC386510762EC0DDFF54ABE6F94|5C3192BE83E1D7966D634270C70D1861,0.05739514348785872,453
E02400CDAD96905D88E932FE9B7D3552|7E56C27BFF0305E788DA55A029EC4988|921B36149E5B081FD24450BFE2CE4430|A5D15FC386510762EC0DDFF54ABE6F94|B486779308D3649D0402203BD54BE620,0.05736636245110821,767
033E492229C2222EFAA16EE8A6462D8B|FF2C446555E3822B0E0FC3406116E86D|4C90FD52FC53D2C1C205844CB69575AB|C45A9AC6D102ACAEEDF0D6F78636D84A|6A1F1F344D0A4A99940699B11365E7E8,0.0572655690765927,1397
033E492229C2222EFAA16EE8A6462D8B|7E56C27BFF0305E788DA55A029EC4988|4C90FD52FC53D2C1C205844CB69575AB|1B491180398E2F0390E6A588B3BCE291|F7B97A2D17D426927E09CD572AF7C7F3,0.05725971370143149,978
033E492229C2222EFAA16EE8A6462D8B|7E56C27BFF0305E788DA55A029EC4988|4C90FD52FC53D2C1C205844CB69575AB|1B491180398E2F0390E6A588B3BCE291|4C7FFFD80E7B4950F7E772219CC0DC29,0.05724299065420561,856
033E492229C2222EFAA16EE8A6462D8B|D7D1FB49049702BF6338894757E0D959|4C90FD52FC53D2C1C205844CB69575AB|1B491180398E2F0390E6A588B3BCE291|E522C3A4139B7205B588676954662F50,0.057177615571776155,822
EC997D43AC86A75D9B88A1051F86A67C|7E56C27BFF0305E788DA55A029EC4988|4C90FD52FC53D2C1C205844CB69575AB|C45A9AC6D102ACAEEDF0D6F78636D84A|NA,0.05714285714285714,280
7F286560861764CCB93C90B7AA833949|7E56C27BFF0305E788DA55A029EC4988|88460293E9517D21E39AA889BD5AADC8|1B491180398E2F0390E6A588B3BCE291|NA,0.05707346690953248,1647
13C26D10258053889D75D9B9CA922EC7|7E56C27BFF0305E788DA55A029EC4988|4C90FD52FC53D2C1C205844CB69575AB|A5D15FC386510762EC0DDFF54ABE6F94|42F3860B1FF15084296A981A4A1BB459,0.057034220532319393,526
13C26D10258053889D75D9B9CA922EC7|D7D1FB49049702BF6338894757E0D959|NA|NA|D2DC22FA5FEAFA1F088F00FEB30D0A3F,0.057034220532319393,526
EC997D43AC86A75D9B88A1051F86A67C|FF2C446555E3822B0E0FC3406116E86D|88460293E9517D21E39AA889BD5AADC8|1B491180398E2F0390E6A588B3BCE291|NA,0.05701754385964912,228
033E492229C2222EFAA16EE8A6462D8B|7E56C27BFF0305E788DA55A029EC4988|4C90FD52FC53D2C1C205844CB69575AB|C45A9AC6D102ACAEEDF0D6F78636D84A|A53596E7C70F724AC92D76661CC6FED0,0.05698529411764706,544
B4B45C6CE5FC4DE45AB02974D8849DBD|FF2C446555E3822B0E0FC3406116E86D|4C90FD52FC53D2C1C205844CB69575AB|A5D15FC386510762EC0DDFF54ABE6F94|NA,0.05694760820045558,439
EC997D43AC86A75D9B88A1051F86A67C|7E56C27BFF0305E788DA55A029EC4988|NA|NA|0E22F80595A115112CC6719F5271796B,0.05694760820045558,439
DDC2B3CC38945E431DE1B3F59EC56680|D7D1FB49049702BF6338894757E0D959|NA|NA|8E461D0010153522736A655528DB6110,0.05693950177935943,281
62D6A49514020FA0B2E434DB0B506005|7E56C27BFF0305E788DA55A029EC4988|NA|NA|7450BC9756C8412DA8F8783AA3F14430,0.05693950177935943,281
EC997D43AC86A75D9B88A1051F86A67C|7E56C27BFF0305E788DA55A029EC4988|NA|NA|1055F3060C2C2EB77D4D11191C867400,0.05693069306930693,404
944B2A351FEFAC79AEAA9DA57E1B351F|D7D1FB49049702BF6338894757E0D959|NA|NA|3FAA2027C3E2693674909A5F9AE6A817,0.056925996204933584,527
944B2A351FEFAC79AEAA9DA57E1B351F|D7D1FB49049702BF6338894757E0D959|NA|NA|A53C660169AD8CAB6B0417621266AD6E,0.056910569105691054,369
033E492229C2222EFAA16EE8A6462D8B|7E56C27BFF0305E788DA55A029EC4988|4C90FD52FC53D2C1C205844CB69575AB|1B491180398E2F0390E6A588B3BCE291|4CC6659FA80EF46CDBB9A8057E616D9C,0.05689277899343545,457
13C26D10258053889D75D9B9CA922EC7|D7D1FB49049702BF6338894757E0D959|NA|NA|4EB9568DDF1AF24021A2A227C102299E,0.05687203791469194,211
6A21F69EBA80612A04B0F6BAC857AAF2|D7D1FB49049702BF6338894757E0D959|NA|NA|AD5A725A9E146BF20BEC743F9AA93098,0.056795131845841784,493
13C26D10258053889D75D9B9CA922EC7|7E56C27BFF0305E788DA55A029EC4988|4C90FD52FC53D2C1C205844CB69575AB|A5D15FC386510762EC0DDFF54ABE6F94|EA16983438F22A09633BB210E4BE288C,0.056752278376139186,2414
7532B3FBAFEC164460C4ED6FEB0C022C|7E56C27BFF0305E788DA55A029EC4988|921B36149E5B081FD24450BFE2CE4430|A5D15FC386510762EC0DDFF54ABE6F94|9379A73F3DC53CAE363E122481BBACAA,0.05668934240362812,441
033E492229C2222EFAA16EE8A6462D8B|7E56C27BFF0305E788DA55A029EC4988|4C90FD52FC53D2C1C205844CB69575AB|1B491180398E2F0390E6A588B3BCE291|8AD8AED0B138088C2DC662517944B192,0.05668016194331984,247
7F286560861764CCB93C90B7AA833949|7E56C27BFF0305E788DA55A029EC4988|NA|NA|7FF7AC62EDA23B0BD77453C479F39CDF,0.056666666666666664,300
033E492229C2222EFAA16EE8A6462D8B|D7D1FB49049702BF6338894757E0D959|4C90FD52FC53D2C1C205844CB69575AB|C45A9AC6D102ACAEEDF0D6F78636D84A|AE28A33ACA450DE436913E003F8C9AAD,0.05660377358490566,265
EC997D43AC86A75D9B88A1051F86A67C|7E56C27BFF0305E788DA55A029EC4988|921B36149E5B081FD24450BFE2CE4430|A5D15FC386510762EC0DDFF54ABE6F94|1212975A7EADA2D3101EA3C8A3262D2F,0.05660377358490566,212
033E492229C2222EFAA16EE8A6462D8B|7E56C27BFF0305E788DA55A029EC4988|4C90FD52FC53D2C1C205844CB69575AB|C45A9AC6D102ACAEEDF0D6F78636D84A|345F8671D7F8B7576C91F01E3AEF7873,0.05656350053361793,937
7F286560861764CCB93C90B7AA833949|D7D1FB49049702BF6338894757E0D959|NA|NA|85F59A391791E96F4BA3F534FDC465F6,0.056451612903225805,248
033E492229C2222EFAA16EE8A6462D8B|D7D1FB49049702BF6338894757E0D959|4C90FD52FC53D2C1C205844CB69575AB|1B491180398E2F0390E6A588B3BCE291|FE63FBD46A3E8500C1FFBF993C608B4C,0.0564373897707231,1701
62D6A49514020FA0B2E434DB0B506005|7E56C27BFF0305E788DA55A029EC4988|88460293E9517D21E39AA889BD5AADC8|NA|9A0EA21647E006E4AAA6908795A06465,0.0560625814863103,3068
13C26D10258053889D75D9B9CA922EC7|7E56C27BFF0305E788DA55A029EC4988|NA|NA|3DC798320CA5C36F61F4B1B5EC15BD6C,0.05603448275862069,232
7532B3FBAFEC164460C4ED6FEB0C022C|FF2C446555E3822B0E0FC3406116E86D|NA|NA|EC093122D0D5FC4D7E5A9A294779F9D9,0.056,250
13C26D10258053889D75D9B9CA922EC7|7E56C27BFF0305E788DA55A029EC4988|NA|NA|8D3D5D3D10BC47ED6EADBD570DEB57D4,0.05583756345177665,1379
033E492229C2222EFAA16EE8A6462D8B|D7D1FB49049702BF6338894757E0D959|4C90FD52FC53D2C1C205844CB69575AB|A5D15FC386510762EC0DDFF54ABE6F94|94A61E9DE15C6044228959D30082F0FF,0.055776892430278883,753
7F286560861764CCB93C90B7AA833949|7E56C27BFF0305E788DA55A029EC4988|4C90FD52FC53D2C1C205844CB69575AB|A5D15FC386510762EC0DDFF54ABE6F94|D94B395DCBDB81933A64090916E99424,0.05570291777188329,377
DDC2B3CC38945E431DE1B3F59EC56680|7E56C27BFF0305E788DA55A029EC4988|NA|NA|E96F5BEE9F0B4E2B7091F58CFE499E60,0.05555555555555555,1098
13C26D10258053889D75D9B9CA922EC7|7E56C27BFF0305E788DA55A029EC4988|NA|NA|2580744E12A499F2C41BB3746EE1BFB5,0.055415617128463476,794
111C91D6B0D89C84BF196FED8DBE7BBB|D7D1FB49049702BF6338894757E0D959|4C90FD52FC53D2C1C205844CB69575AB|A5D15FC386510762EC0DDFF54ABE6F94|5CB96F171B586A7CC3974C32755AEF36,0.05537459283387622,307
6A21F69EBA80612A04B0F6BAC857AAF2|D7D1FB49049702BF6338894757E0D959|4C90FD52FC53D2C1C205844CB69575AB|A5D15FC386510762EC0DDFF54ABE6F94|AD5A725A9E146BF20BEC743F9AA93098,0.055350553505535055,542
EC997D43AC86A75D9B88A1051F86A67C|7E56C27BFF0305E788DA55A029EC4988|0CD76C7030D0900BE250C8D41703D180|A5D15FC386510762EC0DDFF54ABE6F94|3261AB68A9D6A776270F8A9B1A6F9F26,0.05530973451327434,452
033E492229C2222EFAA16EE8A6462D8B|7E56C27BFF0305E788DA55A029EC4988|88460293E9517D21E39AA889BD5AADC8|C45A9AC6D102ACAEEDF0D6F78636D84A|F7B97A2D17D426927E09CD572AF7C7F3,0.055299539170506916,217
13C26D10258053889D75D9B9CA922EC7|7E56C27BFF0305E788DA55A029EC4988|4C90FD52FC53D2C1C205844CB69575AB|A5D15FC386510762EC0DDFF54ABE6F94|FB05F67B7E868983840F2DEAA11082B9,0.055299539170506916,217
635623BABBB7DA2E072D8C339F606E15|7E56C27BFF0305E788DA55A029EC4988|NA|NA|6B8F4FA77197B00C94EC5B605457B6BF,0.055168986083499,2012
7F286560861764CCB93C90B7AA833949|7E56C27BFF0305E788DA55A029EC4988|NA|NA|8CA8B9E3C51D70A181B4FE6B437F7DD8,0.05504587155963303,327
B4B45C6CE5FC4DE45AB02974D8849DBD|D7D1FB49049702BF6338894757E0D959|88460293E9517D21E39AA889BD5AADC8|A5D15FC386510762EC0DDFF54ABE6F94|E419332903EAAA889645B5716AE869B5,0.055,200
033E492229C2222EFAA16EE8A6462D8B|D7D1FB49049702BF6338894757E0D959|4C90FD52FC53D2C1C205844CB69575AB|C45A9AC6D102ACAEEDF0D6F78636D84A|AAB3B523C26F0DFD22D8F900B8BDE283,0.054878048780487805,1312
13C26D10258053889D75D9B9CA922EC7|7E56C27BFF0305E788DA55A029EC4988|4C90FD52FC53D2C1C205844CB69575AB|1B491180398E2F0390E6A588B3BCE291|FB61908731FB7A21FD8731A32C4CA6C7,0.0547945205479452,292
7F286560861764CCB93C90B7AA833949|7E56C27BFF0305E788DA55A029EC4988|NA|NA|903612DF849FF9607820EF1FA93CD984,0.05475504322766571,347
B4B45C6CE5FC4DE45AB02974D8849DBD|7E56C27BFF0305E788DA55A029EC4988|NA|NA|9DA479F85125C119DAE4170DF9F997AD,0.0547112462006079,987
13C26D10258053889D75D9B9CA922EC7|D7D1FB49049702BF6338894757E0D959|4C90FD52FC53D2C1C205844CB69575AB|1B491180398E2F0390E6A588B3BCE291|AAB3B523C26F0DFD22D8F900B8BDE283,0.0546984572230014,1426
7532B3FBAFEC164460C4ED6FEB0C022C|D7D1FB49049702BF6338894757E0D959|NA|NA|640F261C8C7DA27A95DCCB08959C5386,0.0546875,256
13C26D10258053889D75D9B9CA922EC7|D7D1FB49049702BF6338894757E0D959|NA|NA|3104540E07E2D9EC637522C5F654E413,0.0546448087431694,1830
7532B3FBAFEC164460C4ED6FEB0C022C|D7D1FB49049702BF6338894757E0D959|NA|NA|3C2F2EA10E7027874423FA3C02DF005A,0.0546218487394958,238
7532B3FBAFEC164460C4ED6FEB0C022C|7E56C27BFF0305E788DA55A029EC4988|NA|NA|D233C2F141F132D2A0752513C37587A2,0.05454545454545454,220
033E492229C2222EFAA16EE8A6462D8B|7E56C27BFF0305E788DA55A029EC4988|4C90FD52FC53D2C1C205844CB69575AB|1B491180398E2F0390E6A588B3BCE291|7984D65347E3BCD2BBC3D86BDE891DCB,0.05454545454545454,4675
7F286560861764CCB93C90B7AA833949|7E56C27BFF0305E788DA55A029EC4988|NA|NA|2076F34CE8252516277EAC1EF575D661,0.05439814814814815,864
DDC2B3CC38945E431DE1B3F59EC56680|D7D1FB49049702BF6338894757E0D959|NA|NA|1BDF3014FA48CF012263FA6EF902E0DB,0.05429864253393665,221
7532B3FBAFEC164460C4ED6FEB0C022C|D7D1FB49049702BF6338894757E0D959|NA|NA|467712B842C1B3B9A014C9B7AE558D5A,0.05429864253393665,221
13C26D10258053889D75D9B9CA922EC7|D7D1FB49049702BF6338894757E0D959|NA|NA|B11F83250E97B9AE77366F23AD8D8567,0.054279749478079335,479
033E492229C2222EFAA16EE8A6462D8B|D7D1FB49049702BF6338894757E0D959|4C90FD52FC53D2C1C205844CB69575AB|28F311FA00BD3B4D076659D87EE3AE8D|1900D6F6046C37D012B19EC8EB30D86B,0.05426356589147287,387
13C26D10258053889D75D9B9CA922EC7|D7D1FB49049702BF6338894757E0D959|NA|NA|39A582C8A8DDBEB38514DC3C5631ED65,0.054187192118226604,203
7532B3FBAFEC164460C4ED6FEB0C022C|D7D1FB49049702BF6338894757E0D959|NA|A5D15FC386510762EC0DDFF54ABE6F94|8C83357A456568F5BA3247ED5DDC9EC5,0.05416666666666667,720
7F286560861764CCB93C90B7AA833949|D7D1FB49049702BF6338894757E0D959|NA|NA|E29F9977A3CF6596F5D2A415B32F3FD1,0.05416666666666667,240
EC997D43AC86A75D9B88A1051F86A67C|7E56C27BFF0305E788DA55A029EC4988|NA|NA|CD4F95A65036C6B652573622B0A9F643,0.05415162454873646,277
6A21F69EBA80612A04B0F6BAC857AAF2|D7D1FB49049702BF6338894757E0D959|88460293E9517D21E39AA889BD5AADC8|NA|65AA74C29D61CB88D808B4B3565E02A6,0.05415162454873646,277
6A21F69EBA80612A04B0F6BAC857AAF2|7E56C27BFF0305E788DA55A029EC4988|88460293E9517D21E39AA889BD5AADC8|NA|5678890DC6A51DC56FF0BCBD5A7E99AD,0.05413105413105413,351
13C26D10258053889D75D9B9CA922EC7|7E56C27BFF0305E788DA55A029EC4988|NA|NA|8A27E8E0C5AF672EEF22099186967358,0.054098360655737705,610
944B2A351FEFAC79AEAA9DA57E1B351F|7E56C27BFF0305E788DA55A029EC4988|NA|NA|CD7F70779475761780E8E2072081BE23,0.05405405405405406,222
033E492229C2222EFAA16EE8A6462D8B|7E56C27BFF0305E788DA55A029EC4988|4C90FD52FC53D2C1C205844CB69575AB|C45A9AC6D102ACAEEDF0D6F78636D84A|AE28A33ACA450DE436913E003F8C9AAD,0.05405405405405406,296
6A21F69EBA80612A04B0F6BAC857AAF2|D7D1FB49049702BF6338894757E0D959|88460293E9517D21E39AA889BD5AADC8|NA|6A0D13693DFAA167D38A2F6A04059E67,0.05398457583547558,389
033E492229C2222EFAA16EE8A6462D8B|D7D1FB49049702BF6338894757E0D959|88460293E9517D21E39AA889BD5AADC8|C45A9AC6D102ACAEEDF0D6F78636D84A|91B22DE27E9D5A5608C4EB3BDFA679AC,0.05397727272727273,352
7F286560861764CCB93C90B7AA833949|7E56C27BFF0305E788DA55A029EC4988|NA|NA|D27993DF992EBD91C0D742FC0CFF1760,0.053929121725731895,2596
62D6A49514020FA0B2E434DB0B506005|D7D1FB49049702BF6338894757E0D959|88460293E9517D21E39AA889BD5AADC8|NA|15E3BC3F1B1531808679E682CDD31411,0.05392156862745098,204
E02400CDAD96905D88E932FE9B7D3552|7E56C27BFF0305E788DA55A029EC4988|921B36149E5B081FD24450BFE2CE4430|A5D15FC386510762EC0DDFF54ABE6F94|3F47295C0BD0EFEC46580096FA7270EE,0.05389221556886228,334
7F286560861764CCB93C90B7AA833949|7E56C27BFF0305E788DA55A029EC4988|NA|NA|CD0E5A6A8625ADAFF51C95370466561F,0.053763440860215055,372
033E492229C2222EFAA16EE8A6462D8B|7E56C27BFF0305E788DA55A029EC4988|88460293E9517D21E39AA889BD5AADC8|C45A9AC6D102ACAEEDF0D6F78636D84A|271B3C1DD6DC0D06C67B540F4257F6F7,0.053763440860215055,465
033E492229C2222EFAA16EE8A6462D8B|7E56C27BFF0305E788DA55A029EC4988|4C90FD52FC53D2C1C205844CB69575AB|A5D15FC386510762EC0DDFF54ABE6F94|F86A69C94FC60723D4D8588AED2AB1EE,0.05371900826446281,242
635623BABBB7DA2E072D8C339F606E15|7E56C27BFF0305E788DA55A029EC4988|NA|NA|5B422C2710261F168357211494D66981,0.05371900826446281,242
DDC2B3CC38945E431DE1B3F59EC56680|7E56C27BFF0305E788DA55A029EC4988|4C90FD52FC53D2C1C205844CB69575AB|A5D15FC386510762EC0DDFF54ABE6F94|F2C377D738844FF39295036C302C2CBE,0.053691275167785234,447
033E492229C2222EFAA16EE8A6462D8B|7E56C27BFF0305E788DA55A029EC4988|4C90FD52FC53D2C1C205844CB69575AB|C45A9AC6D102ACAEEDF0D6F78636D84A|3DB628420AD06F867EDC6A18D2A51EE0,0.053691275167785234,298
5D656311CF9F47E34248BE9FBFF194A0|7E56C27BFF0305E788DA55A029EC4988|NA|NA|A733C3A7B231DFE70CB42E191C632070,0.05367008681925809,2534
88CED8BA3AA711A20ACF8B1FC574F218|D7D1FB49049702BF6338894757E0D959|NA|NA|EB69EDC2CDE08C0EC0DEDFA808CCD5AE,0.05361930294906166,373
033E492229C2222EFAA16EE8A6462D8B|7E56C27BFF0305E788DA55A029EC4988|88460293E9517D21E39AA889BD5AADC8|A5D15FC386510762EC0DDFF54ABE6F94|91B22DE27E9D5A5608C4EB3BDFA679AC,0.05360333531864205,1679
7F286560861764CCB93C90B7AA833949|D7D1FB49049702BF6338894757E0D959|NA|NA|643CAF13D3C03D009177352AAB4FACFF,0.05357142857142857,224
635623BABBB7DA2E072D8C339F606E15|7E56C27BFF0305E788DA55A029EC4988|NA|NA|1AD88E8AA30F484D8C964799C4627677,0.05357142857142857,2856
62D6A49514020FA0B2E434DB0B506005|FF2C446555E3822B0E0FC3406116E86D|88460293E9517D21E39AA889BD5AADC8|NA|B54AB6CB5221CBCF51F9D64F6CC7FF9E,0.05347326336831584,2001
62D6A49514020FA0B2E434DB0B506005|D7D1FB49049702BF6338894757E0D959|NA|NA|49E68E2DD9C2B785A80054A55CF4FCF0,0.053418803418803416,468
13C26D10258053889D75D9B9CA922EC7|7E56C27BFF0305E788DA55A029EC4988|NA|NA|57466AD7A4F7B61E5BA5F96A55E9AE29,0.05341614906832298,1610
88CED8BA3AA711A20ACF8B1FC574F218|7E56C27BFF0305E788DA55A029EC4988|88460293E9517D21E39AA889BD5AADC8|A5D15FC386510762EC0DDFF54ABE6F94|NA,0.053406998158379376,543
033E492229C2222EFAA16EE8A6462D8B|7E56C27BFF0305E788DA55A029EC4988|4C90FD52FC53D2C1C205844CB69575AB|1B491180398E2F0390E6A588B3BCE291|A82F6A8B2B36C4F316922E76C683C3D5,0.053406998158379376,1086
B4B45C6CE5FC4DE45AB02974D8849DBD|7E56C27BFF0305E788DA55A029EC4988|4C90FD52FC53D2C1C205844CB69575AB|C45A9AC6D102ACAEEDF0D6F78636D84A|9CD8E8B59F67D68F9DF10A79AE0A3758,0.05339805825242718,206
033E492229C2222EFAA16EE8A6462D8B|7E56C27BFF0305E788DA55A029EC4988|4C90FD52FC53D2C1C205844CB69575AB|1B491180398E2F0390E6A588B3BCE291|E2CEC42E0FE29489FFFC43599662FE7C,0.05339105339105339,693
13C26D10258053889D75D9B9CA922EC7|D7D1FB49049702BF6338894757E0D959|NA|NA|5D889F0BD2EF702359B9AED873411A07,0.05338078291814947,281
033E492229C2222EFAA16EE8A6462D8B|D7D1FB49049702BF6338894757E0D959|4C90FD52FC53D2C1C205844CB69575AB|C45A9AC6D102ACAEEDF0D6F78636D84A|5484AC04F0FAC496618FD48E4FB2E240,0.05333333333333334,225
033E492229C2222EFAA16EE8A6462D8B|7E56C27BFF0305E788DA55A029EC4988|4C90FD52FC53D2C1C205844CB69575AB|C45A9AC6D102ACAEEDF0D6F78636D84A|05EAFFB9867660DB93626941B80C14F8,0.05330882352941176,544
7F286560861764CCB93C90B7AA833949|D7D1FB49049702BF6338894757E0D959|NA|NA|D220C8326B0443D2423F124D546C5A41,0.053268765133171914,413
033E492229C2222EFAA16EE8A6462D8B|D7D1FB49049702BF6338894757E0D959|4C90FD52FC53D2C1C205844CB69575AB|1B491180398E2F0390E6A588B3BCE291|F0D5D67EB388609ED73125E8258992AC,0.053260328521652564,4018
033E492229C2222EFAA16EE8A6462D8B|7E56C27BFF0305E788DA55A029EC4988|4C90FD52FC53D2C1C205844CB69575AB|C45A9AC6D102ACAEEDF0D6F78636D84A|17941342B34DA19B357261A8B6E2FECF,0.05319148936170213,282
88CED8BA3AA711A20ACF8B1FC574F218|D7D1FB49049702BF6338894757E0D959|4C90FD52FC53D2C1C205844CB69575AB|A5D15FC386510762EC0DDFF54ABE6F94|36002328382BF8B1BE52254A56827D2F,0.05314009661835749,207
13C26D10258053889D75D9B9CA922EC7|D7D1FB49049702BF6338894757E0D959|NA|NA|7DF25B737B921866775F158F9BF5FEEC,0.05314009661835749,414
635623BABBB7DA2E072D8C339F606E15|D7D1FB49049702BF6338894757E0D959|NA|NA|0BD9524321A19B633801BA61122EFCD8,0.05314009661835749,414
033E492229C2222EFAA16EE8A6462D8B|7E56C27BFF0305E788DA55A029EC4988|4C90FD52FC53D2C1C205844CB69575AB|1B491180398E2F0390E6A588B3BCE291|87DD841FA1A07F24BF02DDF354C3824D,0.05313092979127135,1581
033E492229C2222EFAA16EE8A6462D8B|7E56C27BFF0305E788DA55A029EC4988|4C90FD52FC53D2C1C205844CB69575AB|1B491180398E2F0390E6A588B3BCE291|DA75F50D7A4E517339BC971975AD7BEA,0.05309734513274336,452
7F286560861764CCB93C90B7AA833949|D7D1FB49049702BF6338894757E0D959|NA|NA|FFA9E94A7867D812548C467260321F3E,0.05309734513274336,226
13C26D10258053889D75D9B9CA922EC7|D7D1FB49049702BF6338894757E0D959|NA|NA|8B85CBB7748283E03F520E406A454602,0.05307262569832402,716
033E492229C2222EFAA16EE8A6462D8B|7E56C27BFF0305E788DA55A029EC4988|4C90FD52FC53D2C1C205844CB69575AB|C45A9AC6D102ACAEEDF0D6F78636D84A|21C3F9F07228094AEC57D54D4F194023,0.053003533568904596,283
033E492229C2222EFAA16EE8A6462D8B|7E56C27BFF0305E788DA55A029EC4988|4C90FD52FC53D2C1C205844CB69575AB|C45A9AC6D102ACAEEDF0D6F78636D84A|79204E913335D0D7867688F7FE0E0481,0.052980132450331126,302
033E492229C2222EFAA16EE8A6462D8B|7E56C27BFF0305E788DA55A029EC4988|4C90FD52FC53D2C1C205844CB69575AB|C45A9AC6D102ACAEEDF0D6F78636D84A|E2312C6AA5D1A6A8871AD49AC8A315A3,0.052980132450331126,302
033E492229C2222EFAA16EE8A6462D8B|7E56C27BFF0305E788DA55A029EC4988|88460293E9517D21E39AA889BD5AADC8|1B491180398E2F0390E6A588B3BCE291|635A3EF4F16C9B52F3334F52B864E056,0.0529595015576324,321
7532B3FBAFEC164460C4ED6FEB0C022C|FF2C446555E3822B0E0FC3406116E86D|NA|NA|90542D844A9EBF7C3FC8F1441C53DFB5,0.052884615384615384,208
62D6A49514020FA0B2E434DB0B506005|7E56C27BFF0305E788DA55A029EC4988|88460293E9517D21E39AA889BD5AADC8|NA|AF8393D72184D72EC9D55D7C6B10DFD5,0.05287835373795259,3839
62D6A49514020FA0B2E434DB0B506005|D7D1FB49049702BF6338894757E0D959|88460293E9517D21E39AA889BD5AADC8|NA|D9E3D47BFB9121B1097F2A18B4D92D02,0.052854122621564484,473
7F286560861764CCB93C90B7AA833949|D7D1FB49049702BF6338894757E0D959|4C90FD52FC53D2C1C205844CB69575AB|A5D15FC386510762EC0DDFF54ABE6F94|AAB3B523C26F0DFD22D8F900B8BDE283,0.052848672338231505,3879
13C26D10258053889D75D9B9CA922EC7|7E56C27BFF0305E788DA55A029EC4988|4C90FD52FC53D2C1C205844CB69575AB|1B491180398E2F0390E6A588B3BCE291|0455BD502E6AFC9C741B7770942B5022,0.052845528455284556,246
033E492229C2222EFAA16EE8A6462D8B|7E56C27BFF0305E788DA55A029EC4988|4C90FD52FC53D2C1C205844CB69575AB|1B491180398E2F0390E6A588B3BCE291|38D8117DBFA311E72669528630E91969,0.05284227381905524,2498
635623BABBB7DA2E072D8C339F606E15|D7D1FB49049702BF6338894757E0D959|NA|NA|45DB77CEFE5C907CFAC6A9E7B17320B8,0.05283757338551859,511
033E492229C2222EFAA16EE8A6462D8B|7E56C27BFF0305E788DA55A029EC4988|88460293E9517D21E39AA889BD5AADC8|C45A9AC6D102ACAEEDF0D6F78636D84A|9CB1FCCB3DCEB2F4DF14F06CC6EA1158,0.05274725274725275,455
033E492229C2222EFAA16EE8A6462D8B|7E56C27BFF0305E788DA55A029EC4988|4C90FD52FC53D2C1C205844CB69575AB|C45A9AC6D102ACAEEDF0D6F78636D84A|F7B97A2D17D426927E09CD572AF7C7F3,0.05273025544879306,4267
62D6A49514020FA0B2E434DB0B506005|7E56C27BFF0305E788DA55A029EC4988|NA|NA|1BFD42619FD6C25C19E72659E493FD83,0.05269922879177378,1556
635623BABBB7DA2E072D8C339F606E15|D7D1FB49049702BF6338894757E0D959|NA|NA|3F16C6D677EE6E128061D50B06775390,0.05266644584299437,3019
9D307E5B713DE5E90D787BE9F802AFBB|7E56C27BFF0305E788DA55A029EC4988|4C90FD52FC53D2C1C205844CB69575AB|A5D15FC386510762EC0DDFF54ABE6F94|NA,0.05263157894736842,855
9D307E5B713DE5E90D787BE9F802AFBB|FF2C446555E3822B0E0FC3406116E86D|NA|NA|B11F83250E97B9AE77366F23AD8D8567,0.05263157894736842,665
9D307E5B713DE5E90D787BE9F802AFBB|D7D1FB49049702BF6338894757E0D959|4C90FD52FC53D2C1C205844CB69575AB|1B491180398E2F0390E6A588B3BCE291|6216E5349E80A11B0CF04CA528F65280,0.05263157894736842,228
033E492229C2222EFAA16EE8A6462D8B|7E56C27BFF0305E788DA55A029EC4988|4C90FD52FC53D2C1C205844CB69575AB|1B491180398E2F0390E6A588B3BCE291|0933DB97EA092BCF0F57DDD92EB623AB,0.05263157894736842,1349
7532B3FBAFEC164460C4ED6FEB0C022C|D7D1FB49049702BF6338894757E0D959|NA|NA|E98D1546048AF4B86D7F30456FD1ABC5,0.05261136712749616,2604
033E492229C2222EFAA16EE8A6462D8B|7E56C27BFF0305E788DA55A029EC4988|4C90FD52FC53D2C1C205844CB69575AB|1B491180398E2F0390E6A588B3BCE291|73B986AC309EE3F4539FA4E9A2F59C43,0.0525164113785558,457
7F286560861764CCB93C90B7AA833949|D7D1FB49049702BF6338894757E0D959|4C90FD52FC53D2C1C205844CB69575AB|A5D15FC386510762EC0DDFF54ABE6F94|B25F32A34B362657D488D9D84F6CAC44,0.0525164113785558,457
033E492229C2222EFAA16EE8A6462D8B|7E56C27BFF0305E788DA55A029EC4988|4C90FD52FC53D2C1C205844CB69575AB|1B491180398E2F0390E6A588B3BCE291|AADCA395E0D248DE29796F443D1B17BD,0.05245901639344262,305
033E492229C2222EFAA16EE8A6462D8B|7E56C27BFF0305E788DA55A029EC4988|4C90FD52FC53D2C1C205844CB69575AB|C45A9AC6D102ACAEEDF0D6F78636D84A|0933DB97EA092BCF0F57DDD92EB623AB,0.05244755244755245,286
944B2A351FEFAC79AEAA9DA57E1B351F|D7D1FB49049702BF6338894757E0D959|NA|NA|202165BDC8B614AC3B7F292214B455AD,0.05240174672489083,687
944B2A351FEFAC79AEAA9DA57E1B351F|D7D1FB49049702BF6338894757E0D959|NA|NA|D9ACEB7C9C60D0FDCC6AA2BAEA79D1E3,0.05236907730673317,401
13C26D10258053889D75D9B9CA922EC7|7E56C27BFF0305E788DA55A029EC4988|4C90FD52FC53D2C1C205844CB69575AB|1B491180398E2F0390E6A588B3BCE291|702CFB087468075EDFA072A01AA726DE,0.05234460196292257,917
7F286560861764CCB93C90B7AA833949|7E56C27BFF0305E788DA55A029EC4988|4C90FD52FC53D2C1C205844CB69575AB|A5D15FC386510762EC0DDFF54ABE6F94|88846D6A65EECEE306081CF837B674C0,0.05232558139534884,516
62D6A49514020FA0B2E434DB0B506005|7E56C27BFF0305E788DA55A029EC4988|NA|NA|B4F48D5E70E7F7F416E0C8B0D492783D,0.05228622018539735,9601
033E492229C2222EFAA16EE8A6462D8B|7E56C27BFF0305E788DA55A029EC4988|88460293E9517D21E39AA889BD5AADC8|A5D15FC386510762EC0DDFF54ABE6F94|635A3EF4F16C9B52F3334F52B864E056,0.0522823779193206,7536
033E492229C2222EFAA16EE8A6462D8B|7E56C27BFF0305E788DA55A029EC4988|4C90FD52FC53D2C1C205844CB69575AB|A5D15FC386510762EC0DDFF54ABE6F94|4183F21E1FE828458867D8596B169E22,0.05226149752945648,5262
033E492229C2222EFAA16EE8A6462D8B|7E56C27BFF0305E788DA55A029EC4988|4C90FD52FC53D2C1C205844CB69575AB|1B491180398E2F0390E6A588B3BCE291|2EFA06AC7A54B27C3BB23D707112C5EA,0.05224564619615032,1091
88CED8BA3AA711A20ACF8B1FC574F218|7E56C27BFF0305E788DA55A029EC4988|NA|NA|D57B51BD3B8118B4D4F06AB7EE23E141,0.05223880597014925,268
EC997D43AC86A75D9B88A1051F86A67C|7E56C27BFF0305E788DA55A029EC4988|NA|NA|DED4F520642C66C53BAAF9A8C59DB687,0.05217391304347826,230
62D6A49514020FA0B2E434DB0B506005|7E56C27BFF0305E788DA55A029EC4988|88460293E9517D21E39AA889BD5AADC8|NA|CD886AD2EA373C74FEE56551B39E4B87,0.05214050493962678,1822
635623BABBB7DA2E072D8C339F606E15|7E56C27BFF0305E788DA55A029EC4988|NA|NA|E9CB3D350C65AB7A19D66E4F4C9E7192,0.052132701421800945,211
EC997D43AC86A75D9B88A1051F86A67C|7E56C27BFF0305E788DA55A029EC4988|NA|NA|C704D8EFBA9EAFCC07ABF587CCE98EF1,0.052100840336134456,595
7F286560861764CCB93C90B7AA833949|D7D1FB49049702BF6338894757E0D959|NA|NA|301B5DA7BE44DA0488A33A82FBD2FFF7,0.052083333333333336,384
033E492229C2222EFAA16EE8A6462D8B|7E56C27BFF0305E788DA55A029EC4988|4C90FD52FC53D2C1C205844CB69575AB|1B491180398E2F0390E6A588B3BCE291|1AD3068232C3FEC4BCB748225F7F54E0,0.05206463195691203,557
7532B3FBAFEC164460C4ED6FEB0C022C|FF2C446555E3822B0E0FC3406116E86D|NA|NA|B11F83250E97B9AE77366F23AD8D8567,0.052002390914524806,1673
6A21F69EBA80612A04B0F6BAC857AAF2|D7D1FB49049702BF6338894757E0D959|NA|NA|2678C83B0377D4C5FD5367C123EB7F76,0.052,500
62D6A49514020FA0B2E434DB0B506005|7E56C27BFF0305E788DA55A029EC4988|NA|NA|05D66BBF428185A408A2A0AC5CE212C6,0.052,1750
033E492229C2222EFAA16EE8A6462D8B|7E56C27BFF0305E788DA55A029EC4988|4C90FD52FC53D2C1C205844CB69575AB|C45A9AC6D102ACAEEDF0D6F78636D84A|81310F789D82923A6E265C88229FFF09,0.052,250
13C26D10258053889D75D9B9CA922EC7|7E56C27BFF0305E788DA55A029EC4988|NA|NA|00E146549503D60B6FE52F48227224E1,0.05198776758409786,654
B4B45C6CE5FC4DE45AB02974D8849DBD|D7D1FB49049702BF6338894757E0D959|4C90FD52FC53D2C1C205844CB69575AB|1B491180398E2F0390E6A588B3BCE291|NA,0.05198776758409786,327
B83EF4115DC165749F3FCB737CC1044D|7E56C27BFF0305E788DA55A029EC4988|4C90FD52FC53D2C1C205844CB69575AB|A5D15FC386510762EC0DDFF54ABE6F94|AAB3B523C26F0DFD22D8F900B8BDE283,0.051957831325301206,2656
033E492229C2222EFAA16EE8A6462D8B|7E56C27BFF0305E788DA55A029EC4988|4C90FD52FC53D2C1C205844CB69575AB|1B491180398E2F0390E6A588B3BCE291|5E3AB1456B9ACFE9EFD5DCF72A26AD0E,0.05194805194805195,231
033E492229C2222EFAA16EE8A6462D8B|7E56C27BFF0305E788DA55A029EC4988|4C90FD52FC53D2C1C205844CB69575AB|C45A9AC6D102ACAEEDF0D6F78636D84A|08F4E8CCB93D5C6149863E6BA68ACD95,0.05194805194805195,231
7F286560861764CCB93C90B7AA833949|7E56C27BFF0305E788DA55A029EC4988|NA|NA|B8C0FE637FD5FF6EC39C94265ADB17C3,0.05191434133679429,13869
EC997D43AC86A75D9B88A1051F86A67C|D7D1FB49049702BF6338894757E0D959|4C90FD52FC53D2C1C205844CB69575AB|A5D15FC386510762EC0DDFF54ABE6F94|351B9737D300EC18A841F25B1AA4C6A9,0.05190311418685121,289
7F286560861764CCB93C90B7AA833949|7E56C27BFF0305E788DA55A029EC4988|NA|NA|5B30D217B40ABD1F31F2FFBA1A39448B,0.0518853225303833,6418
7F286560861764CCB93C90B7AA833949|7E56C27BFF0305E788DA55A029EC4988|NA|NA|35BBBEBC97AF5335BEA391B989BEF7B6,0.05179282868525897,251
944B2A351FEFAC79AEAA9DA57E1B351F|D7D1FB49049702BF6338894757E0D959|NA|NA|812D27B9EAACD03AEF0E6C2CCA4B8F9A,0.05179282868525897,251
7532B3FBAFEC164460C4ED6FEB0C022C|D7D1FB49049702BF6338894757E0D959|NA|NA|2455CF80E16BB9CD1A6B8D97B3454317,0.051666666666666666,600
62D6A49514020FA0B2E434DB0B506005|FF2C446555E3822B0E0FC3406116E86D|NA|NA|3C6810CE0F25072FD902C5A4D2248BF7,0.05166051660516605,271
635623BABBB7DA2E072D8C339F606E15|7E56C27BFF0305E788DA55A029EC4988|NA|NA|47BA5C2492A5A35FF725FA1AF3407C65,0.05165409170052235,1723
EC997D43AC86A75D9B88A1051F86A67C|7E56C27BFF0305E788DA55A029EC4988|NA|NA|31719CA959E620FD6C7456FFDC72BDDF,0.051630434782608696,368
EC997D43AC86A75D9B88A1051F86A67C|7E56C27BFF0305E788DA55A029EC4988|4C90FD52FC53D2C1C205844CB69575AB|1B491180398E2F0390E6A588B3BCE291|NA,0.051587301587301584,252
7F286560861764CCB93C90B7AA833949|7E56C27BFF0305E788DA55A029EC4988|NA|NA|818F6EFB7EBD4BBD027FFD52F5CAE718,0.05157593123209169,349
033E492229C2222EFAA16EE8A6462D8B|7E56C27BFF0305E788DA55A029EC4988|4C90FD52FC53D2C1C205844CB69575AB|1B491180398E2F0390E6A588B3BCE291|399DE02C62BC7EBDEDC6B187D6250D64,0.05151915455746367,757
13C26D10258053889D75D9B9CA922EC7|7E56C27BFF0305E788DA55A029EC4988|NA|NA|1551C2475F204B0BB1B9925F4C720837,0.05150214592274678,233
7F286560861764CCB93C90B7AA833949|7E56C27BFF0305E788DA55A029EC4988|NA|NA|C26242F739C8C377615ADA8FFAD390AC,0.05148883374689826,4836
033E492229C2222EFAA16EE8A6462D8B|7E56C27BFF0305E788DA55A029EC4988|4C90FD52FC53D2C1C205844CB69575AB|1B491180398E2F0390E6A588B3BCE291|F2F788977DCF384145EF78652C651998,0.051470588235294115,272
6A21F69EBA80612A04B0F6BAC857AAF2|D7D1FB49049702BF6338894757E0D959|88460293E9517D21E39AA889BD5AADC8|NA|5678890DC6A51DC56FF0BCBD5A7E99AD,0.051470588235294115,408
13C26D10258053889D75D9B9CA922EC7|D7D1FB49049702BF6338894757E0D959|NA|NA|4F75DFA8691720C6C339B4FC1AE4934B,0.051440329218107,486
E02400CDAD96905D88E932FE9B7D3552|7E56C27BFF0305E788DA55A029EC4988|88460293E9517D21E39AA889BD5AADC8|C45A9AC6D102ACAEEDF0D6F78636D84A|NA,0.05142857142857143,4025
7532B3FBAFEC164460C4ED6FEB0C022C|D7D1FB49049702BF6338894757E0D959|NA|NA|0B6FE3743781904A2CD4FE996B0E2B4A,0.05137227304714989,1421
033E492229C2222EFAA16EE8A6462D8B|7E56C27BFF0305E788DA55A029EC4988|4C90FD52FC53D2C1C205844CB69575AB|A5D15FC386510762EC0DDFF54ABE6F94|DBA9F0A8868AFCF00C3F8891181246C3,0.05128205128205128,351
6A21F69EBA80612A04B0F6BAC857AAF2|D7D1FB49049702BF6338894757E0D959|NA|NA|AF8393D72184D72EC9D55D7C6B10DFD5,0.051118210862619806,626
7F286560861764CCB93C90B7AA833949|FF2C446555E3822B0E0FC3406116E86D|NA|A5D15FC386510762EC0DDFF54ABE6F94|15FB49AEF176915909A36D6D765EED13,0.051094890510948905,274
033E492229C2222EFAA16EE8A6462D8B|7E56C27BFF0305E788DA55A029EC4988|88460293E9517D21E39AA889BD5AADC8|26FE89E9DD2E6FC18AA5BE1F6D5A6870|635A3EF4F16C9B52F3334F52B864E056,0.051094890510948905,548
7532B3FBAFEC164460C4ED6FEB0C022C|7E56C27BFF0305E788DA55A029EC4988|NA|NA|0BF795FEFF0EC68850E1CCBCBB40D9CE,0.05104408352668213,431
7F286560861764CCB93C90B7AA833949|7E56C27BFF0305E788DA55A029EC4988|NA|NA|7875B01C723500D08F9F30D110F81765,0.05099150141643059,353
033E492229C2222EFAA16EE8A6462D8B|D7D1FB49049702BF6338894757E0D959|4C90FD52FC53D2C1C205844CB69575AB|1B491180398E2F0390E6A588B3BCE291|5FF000A6F93F88504BA1229BEDB80361,0.05087440381558029,629
6A21F69EBA80612A04B0F6BAC857AAF2|D7D1FB49049702BF6338894757E0D959|4C90FD52FC53D2C1C205844CB69575AB|A5D15FC386510762EC0DDFF54ABE6F94|2678C83B0377D4C5FD5367C123EB7F76,0.05084745762711865,295
DDC2B3CC38945E431DE1B3F59EC56680|7E56C27BFF0305E788DA55A029EC4988|NA|NA|98C47E9F39F60B3C301BDDDDD9A703A1,0.05084745762711865,354
13C26D10258053889D75D9B9CA922EC7|7E56C27BFF0305E788DA55A029EC4988|4C90FD52FC53D2C1C205844CB69575AB|1B491180398E2F0390E6A588B3BCE291|7F1D6A04A118AAAE420D5C5441CE3190,0.05079825834542816,689
E02400CDAD96905D88E932FE9B7D3552|7E56C27BFF0305E788DA55A029EC4988|4C90FD52FC53D2C1C205844CB69575AB|A5D15FC386510762EC0DDFF54ABE6F94|NA,0.05078394994361381,27489
EC997D43AC86A75D9B88A1051F86A67C|7E56C27BFF0305E788DA55A029EC4988|0CD76C7030D0900BE250C8D41703D180|A5D15FC386510762EC0DDFF54ABE6F94|1FB8886A8596F4D886D7541E804D603E,0.050724637681159424,414
13C26D10258053889D75D9B9CA922EC7|D7D1FB49049702BF6338894757E0D959|NA|NA|0E99540E46D47A68037491509FF373E2,0.050655021834061134,1145
13C26D10258053889D75D9B9CA922EC7|7E56C27BFF0305E788DA55A029EC4988|4C90FD52FC53D2C1C205844CB69575AB|A5D15FC386510762EC0DDFF54ABE6F94|F03BFBFE7EAC2712400DE3912C8FB67F,0.05063291139240506,237
033E492229C2222EFAA16EE8A6462D8B|7E56C27BFF0305E788DA55A029EC4988|4C90FD52FC53D2C1C205844CB69575AB|A5D15FC386510762EC0DDFF54ABE6F94|88846D6A65EECEE306081CF837B674C0,0.050595238095238096,336
B4B45C6CE5FC4DE45AB02974D8849DBD|7E56C27BFF0305E788DA55A029EC4988|NA|NA|B970198A0E3CFB18D601744A2395E00B,0.05057803468208093,692
111C91D6B0D89C84BF196FED8DBE7BBB|7E56C27BFF0305E788DA55A029EC4988|NA|NA|004C766EA2814B2B966606786F563B6C,0.05056179775280899,534
13C26D10258053889D75D9B9CA922EC7|7E56C27BFF0305E788DA55A029EC4988|NA|NA|8E5DC01626AC9BF3B96428C8BF2E7C79,0.05054151624548736,277
7F286560861764CCB93C90B7AA833949|D7D1FB49049702BF6338894757E0D959|NA|NA|8F8490C45E69AA1F9E1F65AE04B97CC0,0.0505313135880624,8846
033E492229C2222EFAA16EE8A6462D8B|7E56C27BFF0305E788DA55A029EC4988|4C90FD52FC53D2C1C205844CB69575AB|1B491180398E2F0390E6A588B3BCE291|E2127B255C2764B2146F007CC608431D,0.050522156364662715,3543
5D656311CF9F47E34248BE9FBFF194A0|D7D1FB49049702BF6338894757E0D959|NA|NA|568B57AC56B92680E19687D64D17E4F8,0.05048543689320388,515
033E492229C2222EFAA16EE8A6462D8B|7E56C27BFF0305E788DA55A029EC4988|4C90FD52FC53D2C1C205844CB69575AB|1B491180398E2F0390E6A588B3BCE291|09D61FD4DFD439F271ABC38B7C4852F9,0.05048076923076923,832
7532B3FBAFEC164460C4ED6FEB0C022C|7E56C27BFF0305E788DA55A029EC4988|NA|NA|8DB7A3959FB4D07DCBB2B3CADF39A0AE,0.050446016610273765,3251
13C26D10258053889D75D9B9CA922EC7|7E56C27BFF0305E788DA55A029EC4988|4C90FD52FC53D2C1C205844CB69575AB|A5D15FC386510762EC0DDFF54ABE6F94|C63B8516FD21413724C6AD5056A48E90,0.05042016806722689,238
62D6A49514020FA0B2E434DB0B506005|D7D1FB49049702BF6338894757E0D959|NA|NA|9653F7D0A55581A24D4536B1D62F1499,0.05042016806722689,3213
033E492229C2222EFAA16EE8A6462D8B|7E56C27BFF0305E788DA55A029EC4988|88460293E9517D21E39AA889BD5AADC8|1B491180398E2F0390E6A588B3BCE291|34B50C8C476A2BDC3B0094EB34AD19BB,0.050397877984084884,377
62D6A49514020FA0B2E434DB0B506005|7E56C27BFF0305E788DA55A029EC4988|NA|NA|84FF3B73111FFCCF1F2071F4705DEBBC,0.050387596899224806,258
13C26D10258053889D75D9B9CA922EC7|7E56C27BFF0305E788DA55A029EC4988|NA|NA|9E62E9853AE9062A00B4CB399AEC8A4C,0.050387596899224806,1032
13C26D10258053889D75D9B9CA922EC7|7E56C27BFF0305E788DA55A029EC4988|4C90FD52FC53D2C1C205844CB69575AB|A5D15FC386510762EC0DDFF54ABE6F94|32699327B657931DD2F9447961B712F2,0.050359712230215826,278
033E492229C2222EFAA16EE8A6462D8B|FF2C446555E3822B0E0FC3406116E86D|538912C31E773613AB51FBAE58492476|D7B42B0C4D807EF1C13F79948743E9DA|DDA08B25049F71A36C9EEB0710CE23D6,0.05025125628140704,398
635623BABBB7DA2E072D8C339F606E15|D7D1FB49049702BF6338894757E0D959|NA|NA|813CD77A816C9C44AF04B959A50BBDB0,0.05019305019305019,259
88CED8BA3AA711A20ACF8B1FC574F218|7E56C27BFF0305E788DA55A029EC4988|NA|NA|49776484F6F4CF9B9B1953339FA79F6B,0.05019305019305019,259
033E492229C2222EFAA16EE8A6462D8B|D7D1FB49049702BF6338894757E0D959|4C90FD52FC53D2C1C205844CB69575AB|1B491180398E2F0390E6A588B3BCE291|NA,0.05017182130584193,4365
13C26D10258053889D75D9B9CA922EC7|7E56C27BFF0305E788DA55A029EC4988|NA|NA|8E05144B4F9E50D7C649B2E4B4E25B7B,0.050156739811912224,319
DDC2B3CC38945E431DE1B3F59EC56680|7E56C27BFF0305E788DA55A029EC4988|NA|NA|B8C0FE637FD5FF6EC39C94265ADB17C3,0.05014749262536873,2034
E02400CDAD96905D88E932FE9B7D3552|7E56C27BFF0305E788DA55A029EC4988|88460293E9517D21E39AA889BD5AADC8|1B491180398E2F0390E6A588B3BCE291|NA,0.050140928645601546,6741
033E492229C2222EFAA16EE8A6462D8B|7E56C27BFF0305E788DA55A029EC4988|4C90FD52FC53D2C1C205844CB69575AB|A5D15FC386510762EC0DDFF54ABE6F94|0AC7360583F193A168CD43B576CCCD61,0.05011185682326622,2235
7F286560861764CCB93C90B7AA833949|7E56C27BFF0305E788DA55A029EC4988|NA|A5D15FC386510762EC0DDFF54ABE6F94|081C7F0EA274A81510B50D6FC144EDD1,0.05009823182711198,1018
635623BABBB7DA2E072D8C339F606E15|7E56C27BFF0305E788DA55A029EC4988|NA|NA|A246D647225C0722C632E4B8EA76D22B,0.05003849114703618,2598
033E492229C2222EFAA16EE8A6462D8B|D7D1FB49049702BF6338894757E0D959|88460293E9517D21E39AA889BD5AADC8|C45A9AC6D102ACAEEDF0D6F78636D84A|271B3C1DD6DC0D06C67B540F4257F6F7,0.05,200
62D6A49514020FA0B2E434DB0B506005|7E56C27BFF0305E788DA55A029EC4988|NA|NA|E3DA214CE2C371AE94F2F5F27FAD1DA2,0.05,220
635623BABBB7DA2E072D8C339F606E15|7E56C27BFF0305E788DA55A029EC4988|NA|NA|8A23EF6FDDA53509CBE2F84B42FD7102,0.05,720
635623BABBB7DA2E072D8C339F606E15|7E56C27BFF0305E788DA55A029EC4988|NA|NA|A7910F456BE1844E8C623DA33E0442AD,0.049980476376415464,2561
62D6A49514020FA0B2E434DB0B506005|7E56C27BFF0305E788DA55A029EC4988|NA|NA|80ABA3EABCA5CCCFC1F10E9587B4C08C,0.04990757855822551,541
B4B45C6CE5FC4DE45AB02974D8849DBD|7E56C27BFF0305E788DA55A029EC4988|4C90FD52FC53D2C1C205844CB69575AB|A5D15FC386510762EC0DDFF54ABE6F94|0B1F2041140CD7C2FDEA354CA498D5E4,0.04987531172069826,401
DDC2B3CC38945E431DE1B3F59EC56680|7E56C27BFF0305E788DA55A029EC4988|NA|NA|AEE12CEB5435B622E0FDA4DE01E03459,0.049783549783549784,462
033E492229C2222EFAA16EE8A6462D8B|7E56C27BFF0305E788DA55A029EC4988|4C90FD52FC53D2C1C205844CB69575AB|1B491180398E2F0390E6A588B3BCE291|3EC06F4FE75CB579DD2F2A9176AAADDA,0.04976303317535545,422
7532B3FBAFEC164460C4ED6FEB0C022C|FF2C446555E3822B0E0FC3406116E86D|NA|NA|CC81D8750AE27FC724499E87CACC2BB1,0.049738219895287955,382
62D6A49514020FA0B2E434DB0B506005|7E56C27BFF0305E788DA55A029EC4988|NA|NA|3B74E691D58FE66E2E341A7CB38A55CD,0.04962779156327544,2015
7532B3FBAFEC164460C4ED6FEB0C022C|7E56C27BFF0305E788DA55A029EC4988|NA|NA|7732E66B6045C754A808DB1E437F9909,0.049586776859504134,363
033E492229C2222EFAA16EE8A6462D8B|7E56C27BFF0305E788DA55A029EC4988|4C90FD52FC53D2C1C205844CB69575AB|1B491180398E2F0390E6A588B3BCE291|F3F09125C84909DF8A6428FC3DCC709C,0.04952166572875633,3554
7F286560861764CCB93C90B7AA833949|7E56C27BFF0305E788DA55A029EC4988|4C90FD52FC53D2C1C205844CB69575AB|A5D15FC386510762EC0DDFF54ABE6F94|5D769AFF8F2FE21856199CD3846CFF09,0.04952076677316294,626
B4B45C6CE5FC4DE45AB02974D8849DBD|7E56C27BFF0305E788DA55A029EC4988|NA|NA|63EAC33869EDFCB5299C8F9DF492691F,0.04950495049504951,202
7F286560861764CCB93C90B7AA833949|D7D1FB49049702BF6338894757E0D959|NA|NA|EA1D3AF2C09E218B62C72871265FA3AD,0.04950495049504951,202
635623BABBB7DA2E072D8C339F606E15|7E56C27BFF0305E788DA55A029EC4988|NA|NA|419823F0D5457FA48DBFB55AFC3F0EEA,0.04950495049504951,303
B4B45C6CE5FC4DE45AB02974D8849DBD|FF2C446555E3822B0E0FC3406116E86D|921B36149E5B081FD24450BFE2CE4430|A5D15FC386510762EC0DDFF54ABE6F94|E0F54BB60E4822204DF2D0F2A8C00475,0.04946996466431095,283
944B2A351FEFAC79AEAA9DA57E1B351F|D7D1FB49049702BF6338894757E0D959|NA|NA|9F72DE7414E2F789689C6587B580F250,0.04946996466431095,283
13C26D10258053889D75D9B9CA922EC7|D7D1FB49049702BF6338894757E0D959|NA|NA|A51459F2008EB80D460C2463096349D8,0.04945054945054945,546
635623BABBB7DA2E072D8C339F606E15|7E56C27BFF0305E788DA55A029EC4988|NA|NA|109C9EFB9C0B130E922078B1FF68FB08,0.04940587867417136,1599
62D6A49514020FA0B2E434DB0B506005|7E56C27BFF0305E788DA55A029EC4988|NA|NA|D0598164A7318CC9ABCAACBA367F856B,0.04938271604938271,324
033E492229C2222EFAA16EE8A6462D8B|D7D1FB49049702BF6338894757E0D959|4C90FD52FC53D2C1C205844CB69575AB|C45A9AC6D102ACAEEDF0D6F78636D84A|003A8B066A910616B22E05C9504A74B4,0.04935064935064935,385
7F286560861764CCB93C90B7AA833949|7E56C27BFF0305E788DA55A029EC4988|NA|NA|B7385B7C0070F99481722F47B77DE118,0.049342105263157895,608
7532B3FBAFEC164460C4ED6FEB0C022C|D7D1FB49049702BF6338894757E0D959|NA|NA|B041C91C1D7E7A48AADEAA33ECFDC0C1,0.04932735426008968,223
5D656311CF9F47E34248BE9FBFF194A0|FF2C446555E3822B0E0FC3406116E86D|NA|NA|A733C3A7B231DFE70CB42E191C632070,0.04923076923076923,325
62D6A49514020FA0B2E434DB0B506005|7E56C27BFF0305E788DA55A029EC4988|NA|NA|B24C1C568F6EF99E0D98CA513F04A8FD,0.049193548387096775,1240
5D656311CF9F47E34248BE9FBFF194A0|7E56C27BFF0305E788DA55A029EC4988|NA|NA|43BC60A3FAB68C3133538EA75D6FE86F,0.04918032786885246,610
EC997D43AC86A75D9B88A1051F86A67C|7E56C27BFF0305E788DA55A029EC4988|NA|NA|1D3BFF4E8F5932B394B5C7B293DE3E81,0.04918032786885246,244
7532B3FBAFEC164460C4ED6FEB0C022C|D7D1FB49049702BF6338894757E0D959|NA|NA|24AE15501D236CCF09C5CC95F559D973,0.049151027703306524,1119
7F286560861764CCB93C90B7AA833949|D7D1FB49049702BF6338894757E0D959|4C90FD52FC53D2C1C205844CB69575AB|1B491180398E2F0390E6A588B3BCE291|F9B2CECDF9EEC85B0DC2C095183C1532,0.049132947976878616,346
635623BABBB7DA2E072D8C339F606E15|7E56C27BFF0305E788DA55A029EC4988|NA|NA|F98276131760E27F525696BFEDAC372E,0.04912280701754386,285
033E492229C2222EFAA16EE8A6462D8B|D7D1FB49049702BF6338894757E0D959|4C90FD52FC53D2C1C205844CB69575AB|1B491180398E2F0390E6A588B3BCE291|B753384726DD80E72A4D4C13AACAA261,0.049107142857142856,224
EC997D43AC86A75D9B88A1051F86A67C|7E56C27BFF0305E788DA55A029EC4988|NA|NA|5740DF2012C7D506A0798A3ABB21550F,0.049107142857142856,448
7F286560861764CCB93C90B7AA833949|FF2C446555E3822B0E0FC3406116E86D|NA|NA|DB11EC7F11329CA9BCCB585E9EE64F3F,0.04906542056074766,428
635623BABBB7DA2E072D8C339F606E15|D7D1FB49049702BF6338894757E0D959|4C90FD52FC53D2C1C205844CB69575AB|A5D15FC386510762EC0DDFF54ABE6F94|E342B9F0CD5971B3451EE7391DFFBB00,0.04905660377358491,265
033E492229C2222EFAA16EE8A6462D8B|7E56C27BFF0305E788DA55A029EC4988|4C90FD52FC53D2C1C205844CB69575AB|1B491180398E2F0390E6A588B3BCE291|815CD2F8943A02D1D0B907378D58E68B,0.04905660377358491,265
033E492229C2222EFAA16EE8A6462D8B|7E56C27BFF0305E788DA55A029EC4988|4C90FD52FC53D2C1C205844CB69575AB|C45A9AC6D102ACAEEDF0D6F78636D84A|68E256463418EBD9D4A6710262E620CC,0.049019607843137254,204
13C26D10258053889D75D9B9CA922EC7|7E56C27BFF0305E788DA55A029EC4988|4C90FD52FC53D2C1C205844CB69575AB|A5D15FC386510762EC0DDFF54ABE6F94|F085187A1472467FA3C8B2B0AECBDDAF,0.049019607843137254,204
62D6A49514020FA0B2E434DB0B506005|7E56C27BFF0305E788DA55A029EC4988|88460293E9517D21E39AA889BD5AADC8|NA|D9E3D47BFB9121B1097F2A18B4D92D02,0.04893617021276596,470
13C26D10258053889D75D9B9CA922EC7|7E56C27BFF0305E788DA55A029EC4988|NA|NA|5D9D6D88509BBE7003BBEBE4B98A4C31,0.04886988393402566,1637
033E492229C2222EFAA16EE8A6462D8B|7E56C27BFF0305E788DA55A029EC4988|4C90FD52FC53D2C1C205844CB69575AB|1B491180398E2F0390E6A588B3BCE291|2A39EEC0F791F5993547049B2F937C36,0.04878048780487805,205
7F286560861764CCB93C90B7AA833949|7E56C27BFF0305E788DA55A029EC4988|4C90FD52FC53D2C1C205844CB69575AB|A5D15FC386510762EC0DDFF54ABE6F94|A4D2D55CECB1A1B80B1AB633F6059CF6,0.04878048780487805,533
033E492229C2222EFAA16EE8A6462D8B|FF2C446555E3822B0E0FC3406116E86D|4C90FD52FC53D2C1C205844CB69575AB|1B491180398E2F0390E6A588B3BCE291|NA,0.04878048780487805,246
033E492229C2222EFAA16EE8A6462D8B|7E56C27BFF0305E788DA55A029EC4988|4C90FD52FC53D2C1C205844CB69575AB|A5D15FC386510762EC0DDFF54ABE6F94|CA14A35227D764533DE6FA3BA39C8C89,0.04871794871794872,390
13C26D10258053889D75D9B9CA922EC7|D7D1FB49049702BF6338894757E0D959|NA|NA|9C0B4A048E9A930CD14E8D607637D081,0.04871060171919771,349
7F286560861764CCB93C90B7AA833949|FF2C446555E3822B0E0FC3406116E86D|NA|NA|B11F83250E97B9AE77366F23AD8D8567,0.04870940882597835,2402
7F286560861764CCB93C90B7AA833949|7E56C27BFF0305E788DA55A029EC4988|NA|NA|68C2D74CE65681DC75F163E0CF47F62C,0.04861111111111111,864
033E492229C2222EFAA16EE8A6462D8B|7E56C27BFF0305E788DA55A029EC4988|88460293E9517D21E39AA889BD5AADC8|1B491180398E2F0390E6A588B3BCE291|468511D3F738B28015DBD51823AF75EB,0.048600883652430045,679
033E492229C2222EFAA16EE8A6462D8B|7E56C27BFF0305E788DA55A029EC4988|4C90FD52FC53D2C1C205844CB69575AB|A5D15FC386510762EC0DDFF54ABE6F94|B11F83250E97B9AE77366F23AD8D8567,0.048600105652403594,7572
7F286560861764CCB93C90B7AA833949|D7D1FB49049702BF6338894757E0D959|NA|A5D15FC386510762EC0DDFF54ABE6F94|F3F09125C84909DF8A6428FC3DCC709C,0.048582995951417005,247
033E492229C2222EFAA16EE8A6462D8B|7E56C27BFF0305E788DA55A029EC4988|4C90FD52FC53D2C1C205844CB69575AB|1B491180398E2F0390E6A588B3BCE291|02FFD9AE920C75CA9EF543FB17AFE198,0.048559670781893,1215
033E492229C2222EFAA16EE8A6462D8B|D7D1FB49049702BF6338894757E0D959|4C90FD52FC53D2C1C205844CB69575AB|C45A9AC6D102ACAEEDF0D6F78636D84A|4F5817F9AA748A99FF9951817A9D1C96,0.04854368932038835,206
635623BABBB7DA2E072D8C339F606E15|D7D1FB49049702BF6338894757E0D959|NA|NA|9BECABCEB5C936CA1EE1BEB845FFB096,0.048484848484848485,825
7F286560861764CCB93C90B7AA833949|7E56C27BFF0305E788DA55A029EC4988|NA|NA|BB3C3DE13D9C2285F91600B148F4A76E,0.04846938775510204,392
62D6A49514020FA0B2E434DB0B506005|7E56C27BFF0305E788DA55A029EC4988|88460293E9517D21E39AA889BD5AADC8|NA|66B82DDB65B4E19B57724114CEF5FFA5,0.04844290657439446,289
635623BABBB7DA2E072D8C339F606E15|D7D1FB49049702BF6338894757E0D959|NA|NA|6CB1E7B6DC8B7B0957059F16D0407C5A,0.04842105263157895,950
6A21F69EBA80612A04B0F6BAC857AAF2|D7D1FB49049702BF6338894757E0D959|NA|NA|DEE01C70ED04F15A2878E0C185CF14C1,0.04841645431379687,2747
7F286560861764CCB93C90B7AA833949|D7D1FB49049702BF6338894757E0D959|NA|A5D15FC386510762EC0DDFF54ABE6F94|2BCC75A08053D2A3311C55FE63947547,0.0484027105517909,1033
13C26D10258053889D75D9B9CA922EC7|7E56C27BFF0305E788DA55A029EC4988|NA|NA|B08ABD9600FECBFA84E05E6D4A4098B2,0.04838709677419355,248
033E492229C2222EFAA16EE8A6462D8B|7E56C27BFF0305E788DA55A029EC4988|4C90FD52FC53D2C1C205844CB69575AB|C45A9AC6D102ACAEEDF0D6F78636D84A|CDE9265A3BD6A397A568BF35767DDDAF,0.048344370860927154,1510
7532B3FBAFEC164460C4ED6FEB0C022C|D7D1FB49049702BF6338894757E0D959|4C90FD52FC53D2C1C205844CB69575AB|A5D15FC386510762EC0DDFF54ABE6F94|16DC08297D469D4E52076F9DAD24540F,0.04833512352309345,931
033E492229C2222EFAA16EE8A6462D8B|7E56C27BFF0305E788DA55A029EC4988|4C90FD52FC53D2C1C205844CB69575AB|A5D15FC386510762EC0DDFF54ABE6F94|D94B395DCBDB81933A64090916E99424,0.048316251830161056,683
033E492229C2222EFAA16EE8A6462D8B|7E56C27BFF0305E788DA55A029EC4988|4C90FD52FC53D2C1C205844CB69575AB|A5D15FC386510762EC0DDFF54ABE6F94|C9930B8E613639A963541EA6C6066CE6,0.04830917874396135,207
944B2A351FEFAC79AEAA9DA57E1B351F|7E56C27BFF0305E788DA55A029EC4988|NA|NA|F9C2516C7BA08F4C6ABC2E47C3A697C6,0.04830917874396135,207
033E492229C2222EFAA16EE8A6462D8B|D7D1FB49049702BF6338894757E0D959|4C90FD52FC53D2C1C205844CB69575AB|C45A9AC6D102ACAEEDF0D6F78636D84A|C8EE11AC751CB950595BC6596BC3C000,0.04830053667262969,559
635623BABBB7DA2E072D8C339F606E15|7E56C27BFF0305E788DA55A029EC4988|NA|NA|EBEBE012AEF2A4F77336F1B2F57D8E75,0.04824561403508772,4560
62D6A49514020FA0B2E434DB0B506005|D7D1FB49049702BF6338894757E0D959|4C90FD52FC53D2C1C205844CB69575AB|A5D15FC386510762EC0DDFF54ABE6F94|NA,0.04823943661971831,5680
7F286560861764CCB93C90B7AA833949|FF2C446555E3822B0E0FC3406116E86D|NA|NA|D27993DF992EBD91C0D742FC0CFF1760,0.04819277108433735,249
033E492229C2222EFAA16EE8A6462D8B|7E56C27BFF0305E788DA55A029EC4988|4C90FD52FC53D2C1C205844CB69575AB|D7B42B0C4D807EF1C13F79948743E9DA|7C3A06F01A2FE056E3E023A94FBBA876,0.04819277108433735,249
62D6A49514020FA0B2E434DB0B506005|7E56C27BFF0305E788DA55A029EC4988|NA|NA|79B3930985290E0BD83527E34D5AEE68,0.04816955684007707,519
033E492229C2222EFAA16EE8A6462D8B|7E56C27BFF0305E788DA55A029EC4988|4C90FD52FC53D2C1C205844CB69575AB|1B491180398E2F0390E6A588B3BCE291|795959C07996E0F5FA494E8E2F4BDB70,0.04815864022662889,353
033E492229C2222EFAA16EE8A6462D8B|7E56C27BFF0305E788DA55A029EC4988|4C90FD52FC53D2C1C205844CB69575AB|1B491180398E2F0390E6A588B3BCE291|D0D30CAC956C3CAF6C63DB6F120CA851,0.04815864022662889,353
B83EF4115DC165749F3FCB737CC1044D|FF2C446555E3822B0E0FC3406116E86D|NA|NA|NA,0.04814004376367615,457
13C26D10258053889D75D9B9CA922EC7|7E56C27BFF0305E788DA55A029EC4988|NA|NA|EBA7DD8E9FCE82C2A318F63B1A65C4E4,0.048130154784770084,8851
944B2A351FEFAC79AEAA9DA57E1B351F|D7D1FB49049702BF6338894757E0D959|NA|NA|DF68DB562BF125245B6790DD3D4C7D92,0.04810126582278481,395
13C26D10258053889D75D9B9CA922EC7|D7D1FB49049702BF6338894757E0D959|NA|NA|87F92D087006F08CC7FC79D5929ADE3E,0.04810126582278481,395
033E492229C2222EFAA16EE8A6462D8B|7E56C27BFF0305E788DA55A029EC4988|4C90FD52FC53D2C1C205844CB69575AB|D7B42B0C4D807EF1C13F79948743E9DA|6F51511AC97F48DC86EA81A50C678477,0.048034934497816595,687
033E492229C2222EFAA16EE8A6462D8B|7E56C27BFF0305E788DA55A029EC4988|4C90FD52FC53D2C1C205844CB69575AB|1B491180398E2F0390E6A588B3BCE291|6A81F0F63CE31EE205D9AF812C14E8F1,0.04801920768307323,833
7F286560861764CCB93C90B7AA833949|7E56C27BFF0305E788DA55A029EC4988|NA|NA|654800B7E7882647B2A01A16C3992F84,0.04789053591790194,877
033E492229C2222EFAA16EE8A6462D8B|7E56C27BFF0305E788DA55A029EC4988|4C90FD52FC53D2C1C205844CB69575AB|1B491180398E2F0390E6A588B3BCE291|C419C771D389C9600A70DCB31A14BCF4,0.04788732394366197,355
7F286560861764CCB93C90B7AA833949|D7D1FB49049702BF6338894757E0D959|NA|NA|A7910C21F102460C1AB34D23D69FBBAD,0.04785894206549118,397
111C91D6B0D89C84BF196FED8DBE7BBB|7E56C27BFF0305E788DA55A029EC4988|NA|NA|1D3BFF4E8F5932B394B5C7B293DE3E81,0.04782608695652174,230
635623BABBB7DA2E072D8C339F606E15|7E56C27BFF0305E788DA55A029EC4988|NA|NA|7CD1911FBA25F0A766D270BA0AF3145A,0.047619047619047616,357
033E492229C2222EFAA16EE8A6462D8B|7E56C27BFF0305E788DA55A029EC4988|88460293E9517D21E39AA889BD5AADC8|1B491180398E2F0390E6A588B3BCE291|7C359F6317048338B8BD724234EEB568,0.047503045066991476,821
E02400CDAD96905D88E932FE9B7D3552|7E56C27BFF0305E788DA55A029EC4988|4C90FD52FC53D2C1C205844CB69575AB|A5D15FC386510762EC0DDFF54ABE6F94|BA0D8F808ADB67DC19F2E844BBD87232,0.0475,400
635623BABBB7DA2E072D8C339F606E15|7E56C27BFF0305E788DA55A029EC4988|NA|NA|96C161171D0662A0D16D5142ECB0814D,0.04747991234477721,1369
033E492229C2222EFAA16EE8A6462D8B|7E56C27BFF0305E788DA55A029EC4988|4C90FD52FC53D2C1C205844CB69575AB|1B491180398E2F0390E6A588B3BCE291|C47D6D403337914FB37B3F6502CA4475,0.04745762711864407,295
7F286560861764CCB93C90B7AA833949|D7D1FB49049702BF6338894757E0D959|NA|A5D15FC386510762EC0DDFF54ABE6F94|A26F87F9AFAE0651D9EA992A95C407A2,0.04743935309973046,3710
033E492229C2222EFAA16EE8A6462D8B|7E56C27BFF0305E788DA55A029EC4988|4C90FD52FC53D2C1C205844CB69575AB|1B491180398E2F0390E6A588B3BCE291|9CABA4BFB4120686AA83CD7585EC7DBD,0.04741379310344827,232
7F286560861764CCB93C90B7AA833949|D7D1FB49049702BF6338894757E0D959|NA|NA|235308C7EEDCB096D28AD2C474E80EB3,0.04739336492890995,422
635623BABBB7DA2E072D8C339F606E15|7E56C27BFF0305E788DA55A029EC4988|NA|NA|67B97678297C7ECC0DEE8AC2ACBCA031,0.04725897920604915,529
62D6A49514020FA0B2E434DB0B506005|D7D1FB49049702BF6338894757E0D959|NA|A5D15FC386510762EC0DDFF54ABE6F94|24D4F8D30C3029FD1D24B305FDC06DBE,0.04719101123595506,445
033E492229C2222EFAA16EE8A6462D8B|7E56C27BFF0305E788DA55A029EC4988|4C90FD52FC53D2C1C205844CB69575AB|C45A9AC6D102ACAEEDF0D6F78636D84A|04DE24CF8BCBF7C0992FDB04DE992012,0.04717948717948718,975
033E492229C2222EFAA16EE8A6462D8B|7E56C27BFF0305E788DA55A029EC4988|4C90FD52FC53D2C1C205844CB69575AB|A5D15FC386510762EC0DDFF54ABE6F94|90885ED227469922844B5D595EE30E7D,0.04714640198511166,403
033E492229C2222EFAA16EE8A6462D8B|7E56C27BFF0305E788DA55A029EC4988|4C90FD52FC53D2C1C205844CB69575AB|1B491180398E2F0390E6A588B3BCE291|05EAFFB9867660DB93626941B80C14F8,0.047058823529411764,425
033E492229C2222EFAA16EE8A6462D8B|7E56C27BFF0305E788DA55A029EC4988|88460293E9517D21E39AA889BD5AADC8|C45A9AC6D102ACAEEDF0D6F78636D84A|635A3EF4F16C9B52F3334F52B864E056,0.047021943573667714,1595
7F286560861764CCB93C90B7AA833949|7E56C27BFF0305E788DA55A029EC4988|NA|NA|50564CFC9B8814B6AB96216B14AFB3D4,0.04700854700854701,234
635623BABBB7DA2E072D8C339F606E15|7E56C27BFF0305E788DA55A029EC4988|NA|NA|7D83891436F60503589583AEF12650D2,0.04693877551020408,490
62D6A49514020FA0B2E434DB0B506005|D7D1FB49049702BF6338894757E0D959|NA|NA|D6A1F1050840CBF24F9F4136FA0C61AB,0.046822742474916385,299
033E492229C2222EFAA16EE8A6462D8B|7E56C27BFF0305E788DA55A029EC4988|4C90FD52FC53D2C1C205844CB69575AB|C45A9AC6D102ACAEEDF0D6F78636D84A|8E4E0F7A68B74BE268905E301717412C,0.04680851063829787,235
033E492229C2222EFAA16EE8A6462D8B|D7D1FB49049702BF6338894757E0D959|4C90FD52FC53D2C1C205844CB69575AB|C45A9AC6D102ACAEEDF0D6F78636D84A|EFD69217F6597494416C0F83F7B0AC90,0.046637744034707156,1844
7F286560861764CCB93C90B7AA833949|D7D1FB49049702BF6338894757E0D959|4C90FD52FC53D2C1C205844CB69575AB|1B491180398E2F0390E6A588B3BCE291|A7910C21F102460C1AB34D23D69FBBAD,0.04662379421221865,622
7532B3FBAFEC164460C4ED6FEB0C022C|7E56C27BFF0305E788DA55A029EC4988|NA|NA|3B3E9AF0B2E91F99FD477C2146F90528,0.046610169491525424,236
033E492229C2222EFAA16EE8A6462D8B|7E56C27BFF0305E788DA55A029EC4988|4C90FD52FC53D2C1C205844CB69575AB|1B491180398E2F0390E6A588B3BCE291|7F5584925C9EA048ED42DD2BB29A6E99,0.046610169491525424,472
13C26D10258053889D75D9B9CA922EC7|7E56C27BFF0305E788DA55A029EC4988|NA|NA|CDA07D76BD678FC06B93DAC085458DF7,0.046511627906976744,215
033E492229C2222EFAA16EE8A6462D8B|D7D1FB49049702BF6338894757E0D959|4C90FD52FC53D2C1C205844CB69575AB|A5D15FC386510762EC0DDFF54ABE6F94|8F811DBE74F99680F00DF9BBD22421EC,0.04648074369189907,753
B4B45C6CE5FC4DE45AB02974D8849DBD|7E56C27BFF0305E788DA55A029EC4988|921B36149E5B081FD24450BFE2CE4430|C45A9AC6D102ACAEEDF0D6F78636D84A|F07952F22ABAAD847384670276F0E986,0.04644808743169399,366
9D307E5B713DE5E90D787BE9F802AFBB|7E56C27BFF0305E788DA55A029EC4988|NA|NA|9F1805099CA44241C369D8B47EBA180C,0.04642857142857143,280
635623BABBB7DA2E072D8C339F606E15|7E56C27BFF0305E788DA55A029EC4988|NA|NA|B9505C92C9B126ECB673D550E2A9F674,0.046357615894039736,906
7532B3FBAFEC164460C4ED6FEB0C022C|D7D1FB49049702BF6338894757E0D959|NA|NA|198F0A3784FB28D104AFA135F5540421,0.0463038180341186,2462
62D6A49514020FA0B2E434DB0B506005|7E56C27BFF0305E788DA55A029EC4988|NA|NA|698FA87555CD17731B4CEA46D83E2ECE,0.04626865671641791,670
033E492229C2222EFAA16EE8A6462D8B|7E56C27BFF0305E788DA55A029EC4988|4C90FD52FC53D2C1C205844CB69575AB|C45A9AC6D102ACAEEDF0D6F78636D84A|00AF1D1CB6DE522C356AF896151160A1,0.046242774566473986,346
7F286560861764CCB93C90B7AA833949|D7D1FB49049702BF6338894757E0D959|NA|A5D15FC386510762EC0DDFF54ABE6F94|F1EFA34D978323A71CFFFED6B9A4883B,0.046242774566473986,346
033E492229C2222EFAA16EE8A6462D8B|7E56C27BFF0305E788DA55A029EC4988|4C90FD52FC53D2C1C205844CB69575AB|1B491180398E2F0390E6A588B3BCE291|1F2E6D77363D150D28D03EE414C2D0F3,0.046228710462287104,822
7F286560861764CCB93C90B7AA833949|7E56C27BFF0305E788DA55A029EC4988|4C90FD52FC53D2C1C205844CB69575AB|A5D15FC386510762EC0DDFF54ABE6F94|9CB6EAAD6AE2037B3873530FB3709741,0.046199701937406856,671
13C26D10258053889D75D9B9CA922EC7|7E56C27BFF0305E788DA55A029EC4988|4C90FD52FC53D2C1C205844CB69575AB|A5D15FC386510762EC0DDFF54ABE6F94|61E9C36C2238A166B9CB8D6E089B6017,0.04619565217391304,368
DDC2B3CC38945E431DE1B3F59EC56680|7E56C27BFF0305E788DA55A029EC4988|NA|NA|90F24D3252E571074225BC07F9A2C656,0.046153846153846156,1105
033E492229C2222EFAA16EE8A6462D8B|7E56C27BFF0305E788DA55A029EC4988|88460293E9517D21E39AA889BD5AADC8|A5D15FC386510762EC0DDFF54ABE6F94|705BC549AFF7EFF0FB438E5BDDC40029,0.046139359698681735,1062
033E492229C2222EFAA16EE8A6462D8B|7E56C27BFF0305E788DA55A029EC4988|4C90FD52FC53D2C1C205844CB69575AB|A5D15FC386510762EC0DDFF54ABE6F94|3491B0F7C3C0D6684C5E0CF18D6BE834,0.04612159329140461,954
62D6A49514020FA0B2E434DB0B506005|7E56C27BFF0305E788DA55A029EC4988|NA|NA|C3E0B55C8797670F34629A4534CFFD1F,0.04608294930875576,434
635623BABBB7DA2E072D8C339F606E15|D7D1FB49049702BF6338894757E0D959|NA|NA|E2EB092A03C54836EE803727A8456A47,0.04597701149425287,348
7532B3FBAFEC164460C4ED6FEB0C022C|D7D1FB49049702BF6338894757E0D959|4C90FD52FC53D2C1C205844CB69575AB|A5D15FC386510762EC0DDFF54ABE6F94|350614B9917D4F86060C8918182D8AC1,0.04597701149425287,261
13C26D10258053889D75D9B9CA922EC7|7E56C27BFF0305E788DA55A029EC4988|4C90FD52FC53D2C1C205844CB69575AB|A5D15FC386510762EC0DDFF54ABE6F94|2FA69AA97C066B24921FA57A50F96D0A,0.04597701149425287,261
033E492229C2222EFAA16EE8A6462D8B|7E56C27BFF0305E788DA55A029EC4988|4C90FD52FC53D2C1C205844CB69575AB|1B491180398E2F0390E6A588B3BCE291|D163B9E09C5895CA03C6CA3149633C13,0.04591836734693878,588
88CED8BA3AA711A20ACF8B1FC574F218|D7D1FB49049702BF6338894757E0D959|NA|NA|8125DB073D6CB052531C4EDF78A6D7B1,0.045871559633027525,218
033E492229C2222EFAA16EE8A6462D8B|D7D1FB49049702BF6338894757E0D959|4C90FD52FC53D2C1C205844CB69575AB|C45A9AC6D102ACAEEDF0D6F78636D84A|94A61E9DE15C6044228959D30082F0FF,0.04583333333333333,480
7532B3FBAFEC164460C4ED6FEB0C022C|D7D1FB49049702BF6338894757E0D959|4C90FD52FC53D2C1C205844CB69575AB|A5D15FC386510762EC0DDFF54ABE6F94|F26554F7FBD58D035F846E530C15A8BC,0.045774647887323945,284
635623BABBB7DA2E072D8C339F606E15|7E56C27BFF0305E788DA55A029EC4988|NA|NA|8044A96D3AC9F844AB0324CB8217B8E9,0.0457516339869281,306
033E492229C2222EFAA16EE8A6462D8B|7E56C27BFF0305E788DA55A029EC4988|4C90FD52FC53D2C1C205844CB69575AB|1B491180398E2F0390E6A588B3BCE291|7E348F62D69F815881A487A2C69CD0C4,0.04573170731707317,328
033E492229C2222EFAA16EE8A6462D8B|7E56C27BFF0305E788DA55A029EC4988|4C90FD52FC53D2C1C205844CB69575AB|1B491180398E2F0390E6A588B3BCE291|87E68CC49D37F3055DC8D50F7BF06A8E,0.0456989247311828,372
88CED8BA3AA711A20ACF8B1FC574F218|7E56C27BFF0305E788DA55A029EC4988|NA|NA|110237E47BC7145FA6F42A1A0506A83A,0.04559270516717325,329
13C26D10258053889D75D9B9CA922EC7|7E56C27BFF0305E788DA55A029EC4988|4C90FD52FC53D2C1C205844CB69575AB|1B491180398E2F0390E6A588B3BCE291|4DF0189FA57750229B1E1A0C46215360,0.0455531453362256,461
62D6A49514020FA0B2E434DB0B506005|7E56C27BFF0305E788DA55A029EC4988|NA|NA|1D28D25D0E72B20D38AA53659E49E682,0.045454545454545456,418
033E492229C2222EFAA16EE8A6462D8B|7E56C27BFF0305E788DA55A029EC4988|4C90FD52FC53D2C1C205844CB69575AB|A5D15FC386510762EC0DDFF54ABE6F94|88123E2596432F0FB5A90AD8FAFA881C,0.045454545454545456,594
5D656311CF9F47E34248BE9FBFF194A0|D7D1FB49049702BF6338894757E0D959|NA|NA|756C8BF5C005753DC9AEB757F4F7BEC3,0.045454545454545456,286
62D6A49514020FA0B2E434DB0B506005|7E56C27BFF0305E788DA55A029EC4988|88460293E9517D21E39AA889BD5AADC8|NA|962D256E485ADD6DA0F98D9ED46D673E,0.045454545454545456,264
944B2A351FEFAC79AEAA9DA57E1B351F|D7D1FB49049702BF6338894757E0D959|NA|NA|C28DD24F2F259A97EEDC6E350A7A499E,0.045454545454545456,264
13C26D10258053889D75D9B9CA922EC7|D7D1FB49049702BF6338894757E0D959|NA|NA|0B031A13E9B4E34818F564F88087245B,0.045454545454545456,462
13C26D10258053889D75D9B9CA922EC7|7E56C27BFF0305E788DA55A029EC4988|4C90FD52FC53D2C1C205844CB69575AB|A5D15FC386510762EC0DDFF54ABE6F94|3BF54852DD59AAABFF83C588A0246F96,0.045317220543806644,331
62D6A49514020FA0B2E434DB0B506005|D7D1FB49049702BF6338894757E0D959|NA|NA|A689370FB138E462F89F5FB42A7909F1,0.04530950861518826,1567
E02400CDAD96905D88E932FE9B7D3552|7E56C27BFF0305E788DA55A029EC4988|921B36149E5B081FD24450BFE2CE4430|A5D15FC386510762EC0DDFF54ABE6F94|8AA0C126723AFA0F99879A1AA8D81400,0.04523809523809524,420
62D6A49514020FA0B2E434DB0B506005|7E56C27BFF0305E788DA55A029EC4988|NA|NA|09201C4FD8B656EE4C0C55BC436B6663,0.045171339563862926,642
13C26D10258053889D75D9B9CA922EC7|7E56C27BFF0305E788DA55A029EC4988|NA|NA|65AB1C0AB51141E9EC83A17841CF3912,0.045112781954887216,665
635623BABBB7DA2E072D8C339F606E15|7E56C27BFF0305E788DA55A029EC4988|NA|NA|701EC48D8F78DC811A94D82B190B3CF7,0.04507042253521127,355
7F286560861764CCB93C90B7AA833949|7E56C27BFF0305E788DA55A029EC4988|NA|NA|5D9D6D88509BBE7003BBEBE4B98A4C31,0.04507042253521127,355
88CED8BA3AA711A20ACF8B1FC574F218|D7D1FB49049702BF6338894757E0D959|NA|NA|50683EBCA9FD80FA03FB91F74EAF77A9,0.04504504504504504,1221
13C26D10258053889D75D9B9CA922EC7|D7D1FB49049702BF6338894757E0D959|NA|NA|273A94D68A818FF701A692C50E33B646,0.04500978473581213,511
13C26D10258053889D75D9B9CA922EC7|D7D1FB49049702BF6338894757E0D959|NA|NA|B3E30951DD4689ABF25F27F72DF43641,0.0449438202247191,356
033E492229C2222EFAA16EE8A6462D8B|D7D1FB49049702BF6338894757E0D959|4C90FD52FC53D2C1C205844CB69575AB|C45A9AC6D102ACAEEDF0D6F78636D84A|160545AFA042752EEA35E0D4A6CF0894,0.044874715261959,8780
E02400CDAD96905D88E932FE9B7D3552|7E56C27BFF0305E788DA55A029EC4988|921B36149E5B081FD24450BFE2CE4430|A5D15FC386510762EC0DDFF54ABE6F94|D7D3E4BFAD4CD7144A39E88CB88F68AE,0.04477611940298507,268
033E492229C2222EFAA16EE8A6462D8B|7E56C27BFF0305E788DA55A029EC4988|88460293E9517D21E39AA889BD5AADC8|26FE89E9DD2E6FC18AA5BE1F6D5A6870|CB9944F2553618238FC65DCE69E676D4,0.04477611940298507,201
7532B3FBAFEC164460C4ED6FEB0C022C|D7D1FB49049702BF6338894757E0D959|NA|A5D15FC386510762EC0DDFF54ABE6F94|A26F87F9AFAE0651D9EA992A95C407A2,0.04474673348845534,5587
13C26D10258053889D75D9B9CA922EC7|D7D1FB49049702BF6338894757E0D959|NA|NA|2694ECBAA3379A9E793FB764F9A6FE81,0.044642857142857144,224
B4B45C6CE5FC4DE45AB02974D8849DBD|7E56C27BFF0305E788DA55A029EC4988|NA|NA|46B5BB1A6FCD90FBF6D4AD69089396A5,0.044642857142857144,224
7532B3FBAFEC164460C4ED6FEB0C022C|D7D1FB49049702BF6338894757E0D959|4C90FD52FC53D2C1C205844CB69575AB|A5D15FC386510762EC0DDFF54ABE6F94|2EC35BDFEF36B021AD4FB39FE62035F6,0.044534412955465584,494
033E492229C2222EFAA16EE8A6462D8B|7E56C27BFF0305E788DA55A029EC4988|4C90FD52FC53D2C1C205844CB69575AB|A5D15FC386510762EC0DDFF54ABE6F94|E68F94EBDF6E2A66F27B3368A06EDCDB,0.04440389294403893,3288
033E492229C2222EFAA16EE8A6462D8B|7E56C27BFF0305E788DA55A029EC4988|4C90FD52FC53D2C1C205844CB69575AB|1B491180398E2F0390E6A588B3BCE291|8AD753220847FBF3CBBCA007BC4DAA15,0.04436860068259386,293
13C26D10258053889D75D9B9CA922EC7|7E56C27BFF0305E788DA55A029EC4988|NA|NA|06C2A6D54B105C2532156662D338397C,0.044343891402714934,2210
944B2A351FEFAC79AEAA9DA57E1B351F|D7D1FB49049702BF6338894757E0D959|NA|NA|8F811DBE74F99680F00DF9BBD22421EC,0.04434337691870381,1759
7F286560861764CCB93C90B7AA833949|7E56C27BFF0305E788DA55A029EC4988|NA|NA|0A5765E2F9BF15B655AB7632B1138609,0.04423076923076923,520
6A21F69EBA80612A04B0F6BAC857AAF2|D7D1FB49049702BF6338894757E0D959|NA|NA|5678890DC6A51DC56FF0BCBD5A7E99AD,0.04421052631578947,475
033E492229C2222EFAA16EE8A6462D8B|D7D1FB49049702BF6338894757E0D959|4C90FD52FC53D2C1C205844CB69575AB|A5D15FC386510762EC0DDFF54ABE6F94|A353EF97DA0BC5E631E5EDD1F2DD799B,0.04416403785488959,317
7F286560861764CCB93C90B7AA833949|7E56C27BFF0305E788DA55A029EC4988|4C90FD52FC53D2C1C205844CB69575AB|A5D15FC386510762EC0DDFF54ABE6F94|2B5705CA6177E41D0A26EEEB44D82F0A,0.044142614601018676,589
033E492229C2222EFAA16EE8A6462D8B|7E56C27BFF0305E788DA55A029EC4988|4C90FD52FC53D2C1C205844CB69575AB|C45A9AC6D102ACAEEDF0D6F78636D84A|16CBCF9A48FCB3042641BF67C10FB326,0.04411764705882353,204
033E492229C2222EFAA16EE8A6462D8B|7E56C27BFF0305E788DA55A029EC4988|4C90FD52FC53D2C1C205844CB69575AB|A5D15FC386510762EC0DDFF54ABE6F94|7EEBBB252329AFB21A11C3C430431A75,0.04408352668213457,431
033E492229C2222EFAA16EE8A6462D8B|7E56C27BFF0305E788DA55A029EC4988|4C90FD52FC53D2C1C205844CB69575AB|1B491180398E2F0390E6A588B3BCE291|9BA72A04EE51F332C43482F4178B20EB,0.044009779951100246,409
033E492229C2222EFAA16EE8A6462D8B|FF2C446555E3822B0E0FC3406116E86D|A443B40A19DB45968C2825CE225368DF|D7B42B0C4D807EF1C13F79948743E9DA|DDA08B25049F71A36C9EEB0710CE23D6,0.044,250
7F286560861764CCB93C90B7AA833949|7E56C27BFF0305E788DA55A029EC4988|NA|NA|E9A927D1AA1A9CFAED7CFD4ED890ED83,0.04398826979472141,341
635623BABBB7DA2E072D8C339F606E15|7E56C27BFF0305E788DA55A029EC4988|NA|NA|B75B24431EF1A52DCBBEC844E9E9FB21,0.04398826979472141,682
13C26D10258053889D75D9B9CA922EC7|7E56C27BFF0305E788DA55A029EC4988|NA|NA|A8552A725BC2A95AC43EAF241515E060,0.04396946564885496,13100
033E492229C2222EFAA16EE8A6462D8B|7E56C27BFF0305E788DA55A029EC4988|4C90FD52FC53D2C1C205844CB69575AB|1B491180398E2F0390E6A588B3BCE291|A9ED787AC279FA294FF9FFF5968D2A46,0.04395604395604396,728
9D307E5B713DE5E90D787BE9F802AFBB|7E56C27BFF0305E788DA55A029EC4988|88460293E9517D21E39AA889BD5AADC8|1B491180398E2F0390E6A588B3BCE291|NA,0.0439297124600639,1252
033E492229C2222EFAA16EE8A6462D8B|7E56C27BFF0305E788DA55A029EC4988|4C90FD52FC53D2C1C205844CB69575AB|C45A9AC6D102ACAEEDF0D6F78636D84A|57EE9D5FA21CB22613B2491A93E49D03,0.0439297124600639,1252
62D6A49514020FA0B2E434DB0B506005|D7D1FB49049702BF6338894757E0D959|NA|NA|594DED610EC01E6C9A08A1C4507508C3,0.043859649122807015,228
7F286560861764CCB93C90B7AA833949|7E56C27BFF0305E788DA55A029EC4988|NA|NA|497D944F6CFE73DF3820CB6D47244B6D,0.04377880184331797,434
033E492229C2222EFAA16EE8A6462D8B|D7D1FB49049702BF6338894757E0D959|4C90FD52FC53D2C1C205844CB69575AB|1B491180398E2F0390E6A588B3BCE291|EFD69217F6597494416C0F83F7B0AC90,0.04373522458628842,846
13C26D10258053889D75D9B9CA922EC7|7E56C27BFF0305E788DA55A029EC4988|4C90FD52FC53D2C1C205844CB69575AB|1B491180398E2F0390E6A588B3BCE291|86106EF7C7ABC43686AE8EDBD2C7048C,0.043689320388349516,206
13C26D10258053889D75D9B9CA922EC7|7E56C27BFF0305E788DA55A029EC4988|NA|NA|FAFD940EF331CE0DEB7EC30C49E718B2,0.043668122270742356,229
635623BABBB7DA2E072D8C339F606E15|7E56C27BFF0305E788DA55A029EC4988|NA|NA|7234632A7A43D4839E18FCD8179E54D6,0.04365904365904366,481
EC997D43AC86A75D9B88A1051F86A67C|D7D1FB49049702BF6338894757E0D959|NA|NA|8E1358289AD6C47F564732F993FEF1B5,0.04365079365079365,252
13C26D10258053889D75D9B9CA922EC7|7E56C27BFF0305E788DA55A029EC4988|NA|NA|5D889F0BD2EF702359B9AED873411A07,0.0436241610738255,298
033E492229C2222EFAA16EE8A6462D8B|D7D1FB49049702BF6338894757E0D959|4C90FD52FC53D2C1C205844CB69575AB|1B491180398E2F0390E6A588B3BCE291|07437DCDB57B7C9FAEFA4BA70E28D8FA,0.043478260869565216,276
033E492229C2222EFAA16EE8A6462D8B|7E56C27BFF0305E788DA55A029EC4988|4C90FD52FC53D2C1C205844CB69575AB|C45A9AC6D102ACAEEDF0D6F78636D84A|A103333C932B7B5A9CB6D491DD2482C7,0.04343891402714932,1105
62D6A49514020FA0B2E434DB0B506005|7E56C27BFF0305E788DA55A029EC4988|NA|NA|3C5FD9BE95D5466146E165F496EFFC7D,0.043333333333333335,300
033E492229C2222EFAA16EE8A6462D8B|7E56C27BFF0305E788DA55A029EC4988|4C90FD52FC53D2C1C205844CB69575AB|1B491180398E2F0390E6A588B3BCE291|61FA2CBC864F919D6E3C011BA3F7CCD0,0.04326123128119801,1803
62D6A49514020FA0B2E434DB0B506005|7E56C27BFF0305E788DA55A029EC4988|NA|NA|63877D8D5B03DBA1CD605C6A61809DC5,0.04320502749410841,1273
13C26D10258053889D75D9B9CA922EC7|D7D1FB49049702BF6338894757E0D959|NA|NA|82FC241ADD369D1B2D6080F214DDF53F,0.0431266846361186,371
033E492229C2222EFAA16EE8A6462D8B|7E56C27BFF0305E788DA55A029EC4988|4C90FD52FC53D2C1C205844CB69575AB|1B491180398E2F0390E6A588B3BCE291|7F19442AAE41F1BD0A0657948D936A42,0.04310344827586207,232
7532B3FBAFEC164460C4ED6FEB0C022C|D7D1FB49049702BF6338894757E0D959|NA|NA|FE624CB636969F980FC38206F5DB3FC7,0.04309475806451613,3968
62D6A49514020FA0B2E434DB0B506005|7E56C27BFF0305E788DA55A029EC4988|88460293E9517D21E39AA889BD5AADC8|1B491180398E2F0390E6A588B3BCE291|NA,0.0430622009569378,209
033E492229C2222EFAA16EE8A6462D8B|7E56C27BFF0305E788DA55A029EC4988|4C90FD52FC53D2C1C205844CB69575AB|C45A9AC6D102ACAEEDF0D6F78636D84A|5773F1358969D415FB523BC424E98C6C,0.0430622009569378,418
635623BABBB7DA2E072D8C339F606E15|7E56C27BFF0305E788DA55A029EC4988|NA|NA|7363D2FCD8A69598AE95CB08E3F05FB6,0.043052837573385516,511
033E492229C2222EFAA16EE8A6462D8B|D7D1FB49049702BF6338894757E0D959|4C90FD52FC53D2C1C205844CB69575AB|C45A9AC6D102ACAEEDF0D6F78636D84A|BD78C6EF38BA521BF636C8E50F9C2B5D,0.0430327868852459,488
9D307E5B713DE5E90D787BE9F802AFBB|7E56C27BFF0305E788DA55A029EC4988|88460293E9517D21E39AA889BD5AADC8|C45A9AC6D102ACAEEDF0D6F78636D84A|NA,0.043010752688172046,558
7F286560861764CCB93C90B7AA833949|D7D1FB49049702BF6338894757E0D959|4C90FD52FC53D2C1C205844CB69575AB|A5D15FC386510762EC0DDFF54ABE6F94|F40AEA0CC5155475D35A8419C9B538C4,0.043010752688172046,372
7F286560861764CCB93C90B7AA833949|7E56C27BFF0305E788DA55A029EC4988|NA|C45A9AC6D102ACAEEDF0D6F78636D84A|585B1F165875F86701AF4E45AAB7AFCA,0.04294478527607362,326
033E492229C2222EFAA16EE8A6462D8B|7E56C27BFF0305E788DA55A029EC4988|4C90FD52FC53D2C1C205844CB69575AB|C45A9AC6D102ACAEEDF0D6F78636D84A|CE66DA391EF4494DC9A35494B33B9C86,0.04288939051918736,443
B4B45C6CE5FC4DE45AB02974D8849DBD|7E56C27BFF0305E788DA55A029EC4988|4C90FD52FC53D2C1C205844CB69575AB|A5D15FC386510762EC0DDFF54ABE6F94|AC0A66382E09D8566243ACA858C36FAF,0.04285714285714286,1120
13C26D10258053889D75D9B9CA922EC7|7E56C27BFF0305E788DA55A029EC4988|NA|NA|3FA89D9996E4B3BAD973316EF4E0BDC7,0.04285714285714286,210
62D6A49514020FA0B2E434DB0B506005|7E56C27BFF0305E788DA55A029EC4988|NA|NA|78C505F2A2144247F6F826C0E4F5B98D,0.04283604135893648,677
13C26D10258053889D75D9B9CA922EC7|D7D1FB49049702BF6338894757E0D959|NA|NA|74B040CF7EFE9836718C19173BDFE539,0.042759961127308066,1029
033E492229C2222EFAA16EE8A6462D8B|7E56C27BFF0305E788DA55A029EC4988|4C90FD52FC53D2C1C205844CB69575AB|A5D15FC386510762EC0DDFF54ABE6F94|1D3BFF4E8F5932B394B5C7B293DE3E81,0.04265402843601896,844
EC997D43AC86A75D9B88A1051F86A67C|7E56C27BFF0305E788DA55A029EC4988|0CD76C7030D0900BE250C8D41703D180|A5D15FC386510762EC0DDFF54ABE6F94|F9736BEF7C7B6086AEC613D59A54DDD6,0.04261481175010343,2417
033E492229C2222EFAA16EE8A6462D8B|7E56C27BFF0305E788DA55A029EC4988|4C90FD52FC53D2C1C205844CB69575AB|1B491180398E2F0390E6A588B3BCE291|DD3A7C5E65EF208FD862259178544E6C,0.04259259259259259,540
033E492229C2222EFAA16EE8A6462D8B|7E56C27BFF0305E788DA55A029EC4988|4C90FD52FC53D2C1C205844CB69575AB|1B491180398E2F0390E6A588B3BCE291|5FFB28958DAE396758633654DCB967D5,0.04256233877901978,2326
B4B45C6CE5FC4DE45AB02974D8849DBD|7E56C27BFF0305E788DA55A029EC4988|921B36149E5B081FD24450BFE2CE4430|1B491180398E2F0390E6A588B3BCE291|33E436806020EF6D28F4D1016BC8570A,0.0425531914893617,329
62D6A49514020FA0B2E434DB0B506005|D7D1FB49049702BF6338894757E0D959|NA|NA|6D47982233CC143C5EDAFFDA1A5031A2,0.0425531914893617,282
88CED8BA3AA711A20ACF8B1FC574F218|7E56C27BFF0305E788DA55A029EC4988|NA|NA|5B26D9818845F7433495FFDB9AF2E7B4,0.0425531914893617,329
7F286560861764CCB93C90B7AA833949|7E56C27BFF0305E788DA55A029EC4988|4C90FD52FC53D2C1C205844CB69575AB|A5D15FC386510762EC0DDFF54ABE6F94|0AC7360583F193A168CD43B576CCCD61,0.0425531914893617,846
635623BABBB7DA2E072D8C339F606E15|D7D1FB49049702BF6338894757E0D959|NA|NA|E3239CED2B981E888B2D060975A2320C,0.04247104247104247,259
62D6A49514020FA0B2E434DB0B506005|D7D1FB49049702BF6338894757E0D959|NA|NA|624137EAFA78913FF6BD638D1ACCBE43,0.04245283018867924,424
033E492229C2222EFAA16EE8A6462D8B|7E56C27BFF0305E788DA55A029EC4988|4C90FD52FC53D2C1C205844CB69575AB|1B491180398E2F0390E6A588B3BCE291|8719CE59A4ED034DC891C5070E29B507,0.04245224122861781,8009
62D6A49514020FA0B2E434DB0B506005|7E56C27BFF0305E788DA55A029EC4988|NA|NA|22489335CE80B9CFCE85DEFED4C47820,0.0423728813559322,236
635623BABBB7DA2E072D8C339F606E15|7E56C27BFF0305E788DA55A029EC4988|NA|NA|FB05F67B7E868983840F2DEAA11082B9,0.04230769230769231,1300
B4B45C6CE5FC4DE45AB02974D8849DBD|7E56C27BFF0305E788DA55A029EC4988|NA|NA|B11F83250E97B9AE77366F23AD8D8567,0.04228615562849971,5179
635623BABBB7DA2E072D8C339F606E15|7E56C27BFF0305E788DA55A029EC4988|NA|NA|659EA651D5D64D597E18650FF5DBB91A,0.04225352112676056,213
033E492229C2222EFAA16EE8A6462D8B|7E56C27BFF0305E788DA55A029EC4988|88460293E9517D21E39AA889BD5AADC8|A5D15FC386510762EC0DDFF54ABE6F94|21936D7BA9CC940C987C5534B840787D,0.04225352112676056,213
111C91D6B0D89C84BF196FED8DBE7BBB|7E56C27BFF0305E788DA55A029EC4988|NA|NA|87185D01110B3035816664D33C027386,0.04220779220779221,308
7F286560861764CCB93C90B7AA833949|7E56C27BFF0305E788DA55A029EC4988|4C90FD52FC53D2C1C205844CB69575AB|1B491180398E2F0390E6A588B3BCE291|4B734189EB0CF1DBE2AA2949E05E344C,0.042105263157894736,475
7F286560861764CCB93C90B7AA833949|D7D1FB49049702BF6338894757E0D959|NA|NA|DDF24F231E4859B2D5D9504FFB666193,0.04201680672268908,357
13C26D10258053889D75D9B9CA922EC7|7E56C27BFF0305E788DA55A029EC4988|NA|NA|79F148517D69F4456A79FF73FCC6F49A,0.042009527934170635,2309
5D656311CF9F47E34248BE9FBFF194A0|D7D1FB49049702BF6338894757E0D959|NA|NA|DB4EE3B75CFD5B967DD7615291B4D112,0.04195804195804196,286
7532B3FBAFEC164460C4ED6FEB0C022C|FF2C446555E3822B0E0FC3406116E86D|4C90FD52FC53D2C1C205844CB69575AB|A5D15FC386510762EC0DDFF54ABE6F94|NA,0.04194556001784917,2241
7532B3FBAFEC164460C4ED6FEB0C022C|FF2C446555E3822B0E0FC3406116E86D|NA|NA|A2A16B5DAFAC2868BC14C731DA687D5B,0.041916167664670656,835
7F286560861764CCB93C90B7AA833949|D7D1FB49049702BF6338894757E0D959|4C90FD52FC53D2C1C205844CB69575AB|C45A9AC6D102ACAEEDF0D6F78636D84A|635A3EF4F16C9B52F3334F52B864E056,0.04190260475651189,1766
62D6A49514020FA0B2E434DB0B506005|7E56C27BFF0305E788DA55A029EC4988|NA|NA|0EDED1DA380B04003218D8E51B5E8B1D,0.04184100418410042,239
7F286560861764CCB93C90B7AA833949|7E56C27BFF0305E788DA55A029EC4988|NA|NA|F70FAE48ABD529C587BDD230C053406B,0.04179728317659352,957
B4B45C6CE5FC4DE45AB02974D8849DBD|D7D1FB49049702BF6338894757E0D959|88460293E9517D21E39AA889BD5AADC8|A5D15FC386510762EC0DDFF54ABE6F94|AAB3B523C26F0DFD22D8F900B8BDE283,0.041791044776119404,670
033E492229C2222EFAA16EE8A6462D8B|7E56C27BFF0305E788DA55A029EC4988|F716A9DB9D084CD5CFBDA30A923016E1|C83584C67375245584CEBF5DCE5BEE2D|9CD0728F8862BB15ABAE2C25AF596BAD,0.041666666666666664,264
944B2A351FEFAC79AEAA9DA57E1B351F|D7D1FB49049702BF6338894757E0D959|NA|NA|1124EE670BCF1488FBA840E64ED425C1,0.041666666666666664,240
7F286560861764CCB93C90B7AA833949|7E56C27BFF0305E788DA55A029EC4988|4C90FD52FC53D2C1C205844CB69575AB|A5D15FC386510762EC0DDFF54ABE6F94|B5B4E4F79549395A98045CE392F4D3AF,0.041666666666666664,216
7532B3FBAFEC164460C4ED6FEB0C022C|7E56C27BFF0305E788DA55A029EC4988|921B36149E5B081FD24450BFE2CE4430|C45A9AC6D102ACAEEDF0D6F78636D84A|3C48314751DBD15F0CB908796B35A53C,0.041666666666666664,288
635623BABBB7DA2E072D8C339F606E15|7E56C27BFF0305E788DA55A029EC4988|NA|NA|4B34566672102BD36EC84C41FEDE53A5,0.041666666666666664,264
7532B3FBAFEC164460C4ED6FEB0C022C|D7D1FB49049702BF6338894757E0D959|NA|NA|5AE3320B0D2E56B322A2646ED96F4D74,0.04160084254870985,1899
635623BABBB7DA2E072D8C339F606E15|7E56C27BFF0305E788DA55A029EC4988|NA|NA|E15B04F7268C5DE85F7282FAEAB33DD3,0.04152249134948097,289
62D6A49514020FA0B2E434DB0B506005|D7D1FB49049702BF6338894757E0D959|NA|NA|69228E4AB5375F26AFD4409D4E724CE1,0.04148783977110158,699
033E492229C2222EFAA16EE8A6462D8B|7E56C27BFF0305E788DA55A029EC4988|4C90FD52FC53D2C1C205844CB69575AB|A5D15FC386510762EC0DDFF54ABE6F94|A706BF8E0DC6304210E6F8FD362BD459,0.0413176996091569,1791
635623BABBB7DA2E072D8C339F606E15|D7D1FB49049702BF6338894757E0D959|NA|NA|119F91BFED31DDDF40F5B9184A51CD4C,0.04129793510324484,339
13C26D10258053889D75D9B9CA922EC7|7E56C27BFF0305E788DA55A029EC4988|4C90FD52FC53D2C1C205844CB69575AB|A5D15FC386510762EC0DDFF54ABE6F94|ACBEC1C2C64E79A811EB132FFA0B56FF,0.0411522633744856,243
7F286560861764CCB93C90B7AA833949|7E56C27BFF0305E788DA55A029EC4988|NA|NA|6A0D13693DFAA167D38A2F6A04059E67,0.04114285714285714,875
033E492229C2222EFAA16EE8A6462D8B|7E56C27BFF0305E788DA55A029EC4988|4C90FD52FC53D2C1C205844CB69575AB|C45A9AC6D102ACAEEDF0D6F78636D84A|9D5333D99880387B150C09BE42B1E93C,0.0410958904109589,219
13C26D10258053889D75D9B9CA922EC7|D7D1FB49049702BF6338894757E0D959|4C90FD52FC53D2C1C205844CB69575AB|1B491180398E2F0390E6A588B3BCE291|ABFB9F7109140F14F59EAB297E04B3A8,0.0410958904109589,365
7532B3FBAFEC164460C4ED6FEB0C022C|D7D1FB49049702BF6338894757E0D959|4C90FD52FC53D2C1C205844CB69575AB|A5D15FC386510762EC0DDFF54ABE6F94|517BD9C2B983DEECCBDF5EAFAA74107A,0.0410958904109589,219
033E492229C2222EFAA16EE8A6462D8B|FF2C446555E3822B0E0FC3406116E86D|4C90FD52FC53D2C1C205844CB69575AB|1B491180398E2F0390E6A588B3BCE291|8A152E905450A20787F92A2A26D2E894,0.04100946372239748,317
033E492229C2222EFAA16EE8A6462D8B|7E56C27BFF0305E788DA55A029EC4988|4C90FD52FC53D2C1C205844CB69575AB|1B491180398E2F0390E6A588B3BCE291|FB5FB8B06251FE14E378CA39DDAA44EA,0.04100946372239748,1268
635623BABBB7DA2E072D8C339F606E15|7E56C27BFF0305E788DA55A029EC4988|NA|NA|1B5A7114D73348E5BD797DCEF693DE25,0.04100227790432802,439
E02400CDAD96905D88E932FE9B7D3552|7E56C27BFF0305E788DA55A029EC4988|NA|NA|4C85F0B3E928400448CDFCDA57B69CDC,0.040983606557377046,488
7F286560861764CCB93C90B7AA833949|D7D1FB49049702BF6338894757E0D959|NA|NA|23AE94E8211B092582E0A836AF86971F,0.04092526690391459,562
2134F56D3769B5022DB7172F1536B749|D7D1FB49049702BF6338894757E0D959|4C90FD52FC53D2C1C205844CB69575AB|A5D15FC386510762EC0DDFF54ABE6F94|AAB3B523C26F0DFD22D8F900B8BDE283,0.04088586030664395,587
033E492229C2222EFAA16EE8A6462D8B|D7D1FB49049702BF6338894757E0D959|4C90FD52FC53D2C1C205844CB69575AB|C45A9AC6D102ACAEEDF0D6F78636D84A|1444F7B81C77B6A1752DC478F00BF61F,0.04086021505376344,465
9D307E5B713DE5E90D787BE9F802AFBB|7E56C27BFF0305E788DA55A029EC4988|4C90FD52FC53D2C1C205844CB69575AB|A5D15FC386510762EC0DDFF54ABE6F94|39B5C5BE493B3A06B17D9FA6A42B75A6,0.040829986613119144,1494
5D656311CF9F47E34248BE9FBFF194A0|7E56C27BFF0305E788DA55A029EC4988|NA|NA|3BE1085B3A60FFBDDD9BE0A8CE9DACE3,0.04081632653061224,490
033E492229C2222EFAA16EE8A6462D8B|7E56C27BFF0305E788DA55A029EC4988|4C90FD52FC53D2C1C205844CB69575AB|A5D15FC386510762EC0DDFF54ABE6F94|74CC401B9C9A99695BEE1EEC4D75B0E5,0.04081632653061224,588
7F286560861764CCB93C90B7AA833949|7E56C27BFF0305E788DA55A029EC4988|NA|NA|FE624CB636969F980FC38206F5DB3FC7,0.040810953133228016,3798
033E492229C2222EFAA16EE8A6462D8B|D7D1FB49049702BF6338894757E0D959|F716A9DB9D084CD5CFBDA30A923016E1|C83584C67375245584CEBF5DCE5BEE2D|86272D41466F8EA3E7DB7AEB9B215A79,0.04065040650406504,246
B4B45C6CE5FC4DE45AB02974D8849DBD|D7D1FB49049702BF6338894757E0D959|4C90FD52FC53D2C1C205844CB69575AB|A5D15FC386510762EC0DDFF54ABE6F94|AAB3B523C26F0DFD22D8F900B8BDE283,0.040625,320
033E492229C2222EFAA16EE8A6462D8B|D7D1FB49049702BF6338894757E0D959|4C90FD52FC53D2C1C205844CB69575AB|1B491180398E2F0390E6A588B3BCE291|D7448754AAA9555399BC62206EA922A4,0.040625,320
7F286560861764CCB93C90B7AA833949|D7D1FB49049702BF6338894757E0D959|NA|NA|198F0A3784FB28D104AFA135F5540421,0.04056437389770723,567
033E492229C2222EFAA16EE8A6462D8B|7E56C27BFF0305E788DA55A029EC4988|4C90FD52FC53D2C1C205844CB69575AB|1B491180398E2F0390E6A588B3BCE291|ED0D37301B0A41E480084DE7D47FC586,0.04054231933658023,22791
033E492229C2222EFAA16EE8A6462D8B|7E56C27BFF0305E788DA55A029EC4988|4C90FD52FC53D2C1C205844CB69575AB|C45A9AC6D102ACAEEDF0D6F78636D84A|532E508F5E82B661CC1888116EA6638D,0.04054054054054054,3330
7532B3FBAFEC164460C4ED6FEB0C022C|D7D1FB49049702BF6338894757E0D959|NA|NA|7732E66B6045C754A808DB1E437F9909,0.04054054054054054,296
635623BABBB7DA2E072D8C339F606E15|7E56C27BFF0305E788DA55A029EC4988|NA|NA|AFB233A510AD82BAB7AF8D7402205FDF,0.04051863857374392,617
033E492229C2222EFAA16EE8A6462D8B|D7D1FB49049702BF6338894757E0D959|4C90FD52FC53D2C1C205844CB69575AB|A5D15FC386510762EC0DDFF54ABE6F94|A29BF82BD63CF789441238F138189F03,0.04044943820224719,445
7F286560861764CCB93C90B7AA833949|D7D1FB49049702BF6338894757E0D959|NA|NA|DA39B9366CE30905719825A4B232FF68,0.04044117647058824,272
033E492229C2222EFAA16EE8A6462D8B|D7D1FB49049702BF6338894757E0D959|538912C31E773613AB51FBAE58492476|D7B42B0C4D807EF1C13F79948743E9DA|3DACE0B66C0B3A7B106E3878D070E5E9,0.04035874439461883,223
62D6A49514020FA0B2E434DB0B506005|7E56C27BFF0305E788DA55A029EC4988|88460293E9517D21E39AA889BD5AADC8|NA|8E5DC01626AC9BF3B96428C8BF2E7C79,0.04035874439461883,223
635623BABBB7DA2E072D8C339F606E15|7E56C27BFF0305E788DA55A029EC4988|NA|NA|80ABA3EABCA5CCCFC1F10E9587B4C08C,0.04032604032604033,2331
13C26D10258053889D75D9B9CA922EC7|D7D1FB49049702BF6338894757E0D959|4C90FD52FC53D2C1C205844CB69575AB|1B491180398E2F0390E6A588B3BCE291|446646487F3CBF40C3EF05A87098A248,0.04032258064516129,248
7F286560861764CCB93C90B7AA833949|FF2C446555E3822B0E0FC3406116E86D|4C90FD52FC53D2C1C205844CB69575AB|A5D15FC386510762EC0DDFF54ABE6F94|16DC08297D469D4E52076F9DAD24540F,0.04030226700251889,397
88CED8BA3AA711A20ACF8B1FC574F218|D7D1FB49049702BF6338894757E0D959|NA|NA|772A2833FFF639F9FF9371AFACA779E3,0.04018912529550828,846
7532B3FBAFEC164460C4ED6FEB0C022C|7E56C27BFF0305E788DA55A029EC4988|NA|NA|BB255BAABFFBBF05B6DF3C7C5E257200,0.04017857142857143,224
7F286560861764CCB93C90B7AA833949|7E56C27BFF0305E788DA55A029EC4988|4C90FD52FC53D2C1C205844CB69575AB|A5D15FC386510762EC0DDFF54ABE6F94|DC534E2D6FBB583D4699ABA741ECD2ED,0.04013605442176871,1470
033E492229C2222EFAA16EE8A6462D8B|7E56C27BFF0305E788DA55A029EC4988|4C90FD52FC53D2C1C205844CB69575AB|1B491180398E2F0390E6A588B3BCE291|511D99DD9472CD09B2613962780516E7,0.04011461318051576,349
033E492229C2222EFAA16EE8A6462D8B|7E56C27BFF0305E788DA55A029EC4988|4C90FD52FC53D2C1C205844CB69575AB|A5D15FC386510762EC0DDFF54ABE6F94|B5B4E4F79549395A98045CE392F4D3AF,0.040111731843575416,8950
944B2A351FEFAC79AEAA9DA57E1B351F|D7D1FB49049702BF6338894757E0D959|4C90FD52FC53D2C1C205844CB69575AB|A5D15FC386510762EC0DDFF54ABE6F94|AAB3B523C26F0DFD22D8F900B8BDE283,0.04009433962264151,424
7F286560861764CCB93C90B7AA833949|7E56C27BFF0305E788DA55A029EC4988|NA|NA|8CFA8980502E79F8B5BD0110F35DFC62,0.0400890868596882,898
B4B45C6CE5FC4DE45AB02974D8849DBD|7E56C27BFF0305E788DA55A029EC4988|4C90FD52FC53D2C1C205844CB69575AB|A5D15FC386510762EC0DDFF54ABE6F94|2C90F59243D124D28F03F01F52929573,0.04006410256410257,624
62D6A49514020FA0B2E434DB0B506005|D7D1FB49049702BF6338894757E0D959|4C90FD52FC53D2C1C205844CB69575AB|A5D15FC386510762EC0DDFF54ABE6F94|24D4F8D30C3029FD1D24B305FDC06DBE,0.04001828246406988,19691
033E492229C2222EFAA16EE8A6462D8B|7E56C27BFF0305E788DA55A029EC4988|4C90FD52FC53D2C1C205844CB69575AB|1B491180398E2F0390E6A588B3BCE291|FDC724138567034C5D7C9303563D7ED0,0.04,675
944B2A351FEFAC79AEAA9DA57E1B351F|7E56C27BFF0305E788DA55A029EC4988|NA|NA|247A8B93814B745C773EC4CD2C0E5196,0.04,200
635623BABBB7DA2E072D8C339F606E15|D7D1FB49049702BF6338894757E0D959|NA|NA|E342B9F0CD5971B3451EE7391DFFBB00,0.04,250
62D6A49514020FA0B2E434DB0B506005|D7D1FB49049702BF6338894757E0D959|4C90FD52FC53D2C1C205844CB69575AB|C45A9AC6D102ACAEEDF0D6F78636D84A|635A3EF4F16C9B52F3334F52B864E056,0.04,275
13C26D10258053889D75D9B9CA922EC7|7E56C27BFF0305E788DA55A029EC4988|NA|NA|DD93414984FE620C62559FB42A086199,0.04,675
033E492229C2222EFAA16EE8A6462D8B|7E56C27BFF0305E788DA55A029EC4988|88460293E9517D21E39AA889BD5AADC8|A5D15FC386510762EC0DDFF54ABE6F94|6A1F1F344D0A4A99940699B11365E7E8,0.03991130820399113,451
7532B3FBAFEC164460C4ED6FEB0C022C|7E56C27BFF0305E788DA55A029EC4988|NA|NA|CDDC04BD002926954A406E5AA5CCD7DA,0.0399002493765586,401
62D6A49514020FA0B2E434DB0B506005|7E56C27BFF0305E788DA55A029EC4988|NA|NA|CC8C5A48F0943AC0BDF8D61D6EFFA4AB,0.039889958734525444,727
62D6A49514020FA0B2E434DB0B506005|7E56C27BFF0305E788DA55A029EC4988|NA|NA|28BD4D793DD8386572D2810074CE7277,0.03987730061349693,326
7F286560861764CCB93C90B7AA833949|7E56C27BFF0305E788DA55A029EC4988|NA|NA|67E6BB71C2C270D90D09F7E5D7135183,0.03985507246376811,276
E02400CDAD96905D88E932FE9B7D3552|D7D1FB49049702BF6338894757E0D959|NA|NA|B16275D10AF8C1651D61B09156167B5D,0.03985507246376811,276
033E492229C2222EFAA16EE8A6462D8B|7E56C27BFF0305E788DA55A029EC4988|4C90FD52FC53D2C1C205844CB69575AB|1B491180398E2F0390E6A588B3BCE291|89727828850A050EFBA546E7AD8648BA,0.03982300884955752,226
635623BABBB7DA2E072D8C339F606E15|D7D1FB49049702BF6338894757E0D959|NA|NA|19163C9CD4E22D50B3CD2248B2A60E90,0.03980099502487562,201
13C26D10258053889D75D9B9CA922EC7|7E56C27BFF0305E788DA55A029EC4988|4C90FD52FC53D2C1C205844CB69575AB|1B491180398E2F0390E6A588B3BCE291|FB534C424E96690C74B1CAC6294FBC66,0.03980099502487562,201
E02400CDAD96905D88E932FE9B7D3552|7E56C27BFF0305E788DA55A029EC4988|NA|NA|B11F83250E97B9AE77366F23AD8D8567,0.03979141596470116,24930
033E492229C2222EFAA16EE8A6462D8B|7E56C27BFF0305E788DA55A029EC4988|4C90FD52FC53D2C1C205844CB69575AB|C45A9AC6D102ACAEEDF0D6F78636D84A|705BC549AFF7EFF0FB438E5BDDC40029,0.03976608187134503,855
033E492229C2222EFAA16EE8A6462D8B|7E56C27BFF0305E788DA55A029EC4988|4C90FD52FC53D2C1C205844CB69575AB|1B491180398E2F0390E6A588B3BCE291|3C2FB4F2A04F819E5BC8CFA0E50454D9,0.039735099337748346,302
7F286560861764CCB93C90B7AA833949|7E56C27BFF0305E788DA55A029EC4988|NA|NA|D220C8326B0443D2423F124D546C5A41,0.03968253968253968,378
13C26D10258053889D75D9B9CA922EC7|7E56C27BFF0305E788DA55A029EC4988|NA|NA|A72B4C6426215ECCD805355AE71009E9,0.03966789667896679,1084
7F286560861764CCB93C90B7AA833949|D7D1FB49049702BF6338894757E0D959|NA|NA|996572A8B7ECAA52FBA590359FE2B8A5,0.039660056657223795,353
033E492229C2222EFAA16EE8A6462D8B|7E56C27BFF0305E788DA55A029EC4988|4C90FD52FC53D2C1C205844CB69575AB|1B491180398E2F0390E6A588B3BCE291|705BC549AFF7EFF0FB438E5BDDC40029,0.03965599617773531,2093
B4B45C6CE5FC4DE45AB02974D8849DBD|7E56C27BFF0305E788DA55A029EC4988|4C90FD52FC53D2C1C205844CB69575AB|A5D15FC386510762EC0DDFF54ABE6F94|NA,0.03961748633879782,10980
13C26D10258053889D75D9B9CA922EC7|D7D1FB49049702BF6338894757E0D959|NA|NA|F3445315BE81BC54C9D01F3485076899,0.0395778364116095,379
2551A1FA7839742971CDF4C67667E17A|7E56C27BFF0305E788DA55A029EC4988|4C90FD52FC53D2C1C205844CB69575AB|A5D15FC386510762EC0DDFF54ABE6F94|A3087455DC81F8CBFA29D2D174CBC974,0.03953084274543875,2302
033E492229C2222EFAA16EE8A6462D8B|7E56C27BFF0305E788DA55A029EC4988|4C90FD52FC53D2C1C205844CB69575AB|C45A9AC6D102ACAEEDF0D6F78636D84A|EFB1122EAF034D2671AE815ACFFC7B9E,0.03951367781155015,329
B4B45C6CE5FC4DE45AB02974D8849DBD|7E56C27BFF0305E788DA55A029EC4988|NA|NA|5740DF2012C7D506A0798A3ABB21550F,0.039473684210526314,228
88CED8BA3AA711A20ACF8B1FC574F218|FF2C446555E3822B0E0FC3406116E86D|NA|NA|818F6EFB7EBD4BBD027FFD52F5CAE718,0.03944773175542406,507
635623BABBB7DA2E072D8C339F606E15|7E56C27BFF0305E788DA55A029EC4988|NA|NA|C11EBF8AF43A0EEF601CA45D5FDA4F63,0.03942652329749104,279
033E492229C2222EFAA16EE8A6462D8B|D7D1FB49049702BF6338894757E0D959|F716A9DB9D084CD5CFBDA30A923016E1|C83584C67375245584CEBF5DCE5BEE2D|A2DA50A97861C3AAEBBB77E44CBFAA21,0.03942652329749104,279
7F286560861764CCB93C90B7AA833949|FF2C446555E3822B0E0FC3406116E86D|4C90FD52FC53D2C1C205844CB69575AB|A5D15FC386510762EC0DDFF54ABE6F94|NA,0.039399624765478425,533
033E492229C2222EFAA16EE8A6462D8B|D7D1FB49049702BF6338894757E0D959|4C90FD52FC53D2C1C205844CB69575AB|C45A9AC6D102ACAEEDF0D6F78636D84A|NA,0.03934426229508197,1525
635623BABBB7DA2E072D8C339F606E15|7E56C27BFF0305E788DA55A029EC4988|NA|NA|0753A826A93887404308F29F72559D7C,0.039337474120082816,483
033E492229C2222EFAA16EE8A6462D8B|7E56C27BFF0305E788DA55A029EC4988|4C90FD52FC53D2C1C205844CB69575AB|1B491180398E2F0390E6A588B3BCE291|8496D9864998438CA0C262EC5C6DB19A,0.039334341906202726,661
62D6A49514020FA0B2E434DB0B506005|7E56C27BFF0305E788DA55A029EC4988|NA|NA|DB11EC7F11329CA9BCCB585E9EE64F3F,0.039060795181774535,22913
13C26D10258053889D75D9B9CA922EC7|7E56C27BFF0305E788DA55A029EC4988|4C90FD52FC53D2C1C205844CB69575AB|1B491180398E2F0390E6A588B3BCE291|6D123B1A998776F5985C903A15D9BFA2,0.03902439024390244,205
13C26D10258053889D75D9B9CA922EC7|D7D1FB49049702BF6338894757E0D959|NA|NA|A8792CA3DC57DC041B7796ED0B59230B,0.03900709219858156,282
635623BABBB7DA2E072D8C339F606E15|7E56C27BFF0305E788DA55A029EC4988|NA|NA|CB2F44FE8A597C9A28A8F40F076697F2,0.03896103896103896,385
B4B45C6CE5FC4DE45AB02974D8849DBD|7E56C27BFF0305E788DA55A029EC4988|NA|NA|E816354036F375914C857BECE68AA83C,0.03896103896103896,308
7F286560861764CCB93C90B7AA833949|7E56C27BFF0305E788DA55A029EC4988|NA|NA|2D3760699BFCB6C2435AFF1461B2C9AD,0.038869257950530034,283
6A21F69EBA80612A04B0F6BAC857AAF2|7E56C27BFF0305E788DA55A029EC4988|88460293E9517D21E39AA889BD5AADC8|NA|7EE4093CEB17971392BDA4A6E096B08A,0.038834951456310676,824
033E492229C2222EFAA16EE8A6462D8B|7E56C27BFF0305E788DA55A029EC4988|4C90FD52FC53D2C1C205844CB69575AB|1B491180398E2F0390E6A588B3BCE291|C704ADFA870481197B15F60E55F8B650,0.03875968992248062,258
62D6A49514020FA0B2E434DB0B506005|7E56C27BFF0305E788DA55A029EC4988|NA|NA|24D4F8D30C3029FD1D24B305FDC06DBE,0.03875410238321627,65206
88CED8BA3AA711A20ACF8B1FC574F218|D7D1FB49049702BF6338894757E0D959|4C90FD52FC53D2C1C205844CB69575AB|A5D15FC386510762EC0DDFF54ABE6F94|AAB3B523C26F0DFD22D8F900B8BDE283,0.03870967741935484,465
13C26D10258053889D75D9B9CA922EC7|D7D1FB49049702BF6338894757E0D959|NA|NA|B53441CAF7AD8C340C8E9CCA88BB1F87,0.03869047619047619,2688
033E492229C2222EFAA16EE8A6462D8B|7E56C27BFF0305E788DA55A029EC4988|4C90FD52FC53D2C1C205844CB69575AB|1B491180398E2F0390E6A588B3BCE291|4722736657F9C33D5F25C0B561CA1317,0.03864734299516908,207
7F286560861764CCB93C90B7AA833949|7E56C27BFF0305E788DA55A029EC4988|4C90FD52FC53D2C1C205844CB69575AB|A5D15FC386510762EC0DDFF54ABE6F94|4CCBCB471226E4D3B028C950F44A58ED,0.03864734299516908,207
13C26D10258053889D75D9B9CA922EC7|7E56C27BFF0305E788DA55A029EC4988|NA|NA|BAED1CDE4EA9644F885CB85B8000FFDE,0.03861003861003861,259
033E492229C2222EFAA16EE8A6462D8B|7E56C27BFF0305E788DA55A029EC4988|4C90FD52FC53D2C1C205844CB69575AB|C45A9AC6D102ACAEEDF0D6F78636D84A|39A0DB182CE5409AEB1D3E7D9447E47F,0.03857566765578635,337
88CED8BA3AA711A20ACF8B1FC574F218|D7D1FB49049702BF6338894757E0D959|4C90FD52FC53D2C1C205844CB69575AB|A5D15FC386510762EC0DDFF54ABE6F94|306F2286F56ED5588366AD4D1269B871,0.03851261620185923,753
13C26D10258053889D75D9B9CA922EC7|7E56C27BFF0305E788DA55A029EC4988|NA|NA|108A78F210DA30256CD1A8FE025F4B04,0.038461538461538464,260
033E492229C2222EFAA16EE8A6462D8B|7E56C27BFF0305E788DA55A029EC4988|4C90FD52FC53D2C1C205844CB69575AB|1B491180398E2F0390E6A588B3BCE291|NA,0.038442211055276385,3980
7F286560861764CCB93C90B7AA833949|7E56C27BFF0305E788DA55A029EC4988|NA|NA|1D3BFF4E8F5932B394B5C7B293DE3E81,0.03838484546360917,2006
62D6A49514020FA0B2E434DB0B506005|7E56C27BFF0305E788DA55A029EC4988|NA|NA|ECF8828553220D88B8DCE6BED82F5986,0.03836317135549872,782
13C26D10258053889D75D9B9CA922EC7|7E56C27BFF0305E788DA55A029EC4988|NA|NA|D7B7300C21C704F77FCB3E6B7965AD05,0.038348082595870206,339
B4B45C6CE5FC4DE45AB02974D8849DBD|7E56C27BFF0305E788DA55A029EC4988|4C90FD52FC53D2C1C205844CB69575AB|A5D15FC386510762EC0DDFF54ABE6F94|BFDD63334341E4F48532017DF35D94AE,0.038338658146964855,313
635623BABBB7DA2E072D8C339F606E15|7E56C27BFF0305E788DA55A029EC4988|NA|NA|49E68E2DD9C2B785A80054A55CF4FCF0,0.03827859569648924,4415
EC997D43AC86A75D9B88A1051F86A67C|D7D1FB49049702BF6338894757E0D959|NA|NA|609A88C740D4061DEEE9F3C98648F341,0.03827751196172249,836
6A21F69EBA80612A04B0F6BAC857AAF2|7E56C27BFF0305E788DA55A029EC4988|NA|NA|6A0D13693DFAA167D38A2F6A04059E67,0.03826530612244898,392
13C26D10258053889D75D9B9CA922EC7|D7D1FB49049702BF6338894757E0D959|NA|NA|0F72697E4469C00C34A2840767072250,0.03826530612244898,392
9D307E5B713DE5E90D787BE9F802AFBB|7E56C27BFF0305E788DA55A029EC4988|4C90FD52FC53D2C1C205844CB69575AB|A5D15FC386510762EC0DDFF54ABE6F94|21C3F9F07228094AEC57D54D4F194023,0.03821656050955414,471
EC997D43AC86A75D9B88A1051F86A67C|D7D1FB49049702BF6338894757E0D959|4C90FD52FC53D2C1C205844CB69575AB|A5D15FC386510762EC0DDFF54ABE6F94|BF17BABC8C57C3AB1856623495B9CB7C,0.03807106598984772,394
B4B45C6CE5FC4DE45AB02974D8849DBD|7E56C27BFF0305E788DA55A029EC4988|NA|NA|8D4EE2AF8207DD97BE20AD96F014AD95,0.03793103448275862,290
033E492229C2222EFAA16EE8A6462D8B|7E56C27BFF0305E788DA55A029EC4988|4C90FD52FC53D2C1C205844CB69575AB|A5D15FC386510762EC0DDFF54ABE6F94|A1C3C8A9FBE7640EF93E0F4D6BC9BFF9,0.03793103448275862,290
62D6A49514020FA0B2E434DB0B506005|7E56C27BFF0305E788DA55A029EC4988|NA|NA|6A0D13693DFAA167D38A2F6A04059E67,0.03788546255506608,1135
7F286560861764CCB93C90B7AA833949|7E56C27BFF0305E788DA55A029EC4988|4C90FD52FC53D2C1C205844CB69575AB|A5D15FC386510762EC0DDFF54ABE6F94|3DB6611FDCD097E2511EA152342C2B5F,0.03783783783783784,370
62D6A49514020FA0B2E434DB0B506005|7E56C27BFF0305E788DA55A029EC4988|NA|NA|15E3BC3F1B1531808679E682CDD31411,0.03779253636938647,6324
944B2A351FEFAC79AEAA9DA57E1B351F|7E56C27BFF0305E788DA55A029EC4988|4C90FD52FC53D2C1C205844CB69575AB|A5D15FC386510762EC0DDFF54ABE6F94|88846D6A65EECEE306081CF837B674C0,0.037786373103243086,3361
635623BABBB7DA2E072D8C339F606E15|D7D1FB49049702BF6338894757E0D959|NA|NA|D3344F35756F79D8C0D60AD257606D52,0.03773584905660377,265
13C26D10258053889D75D9B9CA922EC7|7E56C27BFF0305E788DA55A029EC4988|4C90FD52FC53D2C1C205844CB69575AB|1B491180398E2F0390E6A588B3BCE291|E6DF676789F4D7E76847C98690B2B124,0.03773584905660377,265
88CED8BA3AA711A20ACF8B1FC574F218|FF2C446555E3822B0E0FC3406116E86D|4C90FD52FC53D2C1C205844CB69575AB|A5D15FC386510762EC0DDFF54ABE6F94|C8FB540CFE3E218363D1D554B0FE166C,0.03773584905660377,424
033E492229C2222EFAA16EE8A6462D8B|D7D1FB49049702BF6338894757E0D959|4C90FD52FC53D2C1C205844CB69575AB|A5D15FC386510762EC0DDFF54ABE6F94|5E93B56FAF18F54A5F2D839CD9EBA410,0.037727850784230604,2359
7F286560861764CCB93C90B7AA833949|7E56C27BFF0305E788DA55A029EC4988|NA|NA|A71D79F0419AEBE37576521FED232711,0.03767123287671233,292
7F286560861764CCB93C90B7AA833949|7E56C27BFF0305E788DA55A029EC4988|NA|NA|C79BAC38B82A1CA86A949815ACAB3E0B,0.03759398496240601,266
033E492229C2222EFAA16EE8A6462D8B|7E56C27BFF0305E788DA55A029EC4988|4C90FD52FC53D2C1C205844CB69575AB|A5D15FC386510762EC0DDFF54ABE6F94|DE736A3006618F2917FF9E6BE2B45790,0.03755868544600939,213
B4B45C6CE5FC4DE45AB02974D8849DBD|7E56C27BFF0305E788DA55A029EC4988|4C90FD52FC53D2C1C205844CB69575AB|A5D15FC386510762EC0DDFF54ABE6F94|63B5FB3B2F4D23FFD87C423ED8E5D73A,0.03755868544600939,213
13C26D10258053889D75D9B9CA922EC7|D7D1FB49049702BF6338894757E0D959|NA|NA|FA9B9E133A04B2D2E01021E55AA6422D,0.03755868544600939,426
13C26D10258053889D75D9B9CA922EC7|D7D1FB49049702BF6338894757E0D959|NA|NA|F07FBCE1C8A8A4FA95FC880224885FEA,0.0375,240
944B2A351FEFAC79AEAA9DA57E1B351F|7E56C27BFF0305E788DA55A029EC4988|NA|NA|CD51782A85435187F659FD0F72CB54C6,0.037383177570093455,535
033E492229C2222EFAA16EE8A6462D8B|7E56C27BFF0305E788DA55A029EC4988|4C90FD52FC53D2C1C205844CB69575AB|1B491180398E2F0390E6A588B3BCE291|97FF7C428AC387FF0F936DEC348121A0,0.037383177570093455,321
13C26D10258053889D75D9B9CA922EC7|D7D1FB49049702BF6338894757E0D959|4C90FD52FC53D2C1C205844CB69575AB|1B491180398E2F0390E6A588B3BCE291|AFAE1A8E7B73839730DE0DC17A901E84,0.03735632183908046,348
944B2A351FEFAC79AEAA9DA57E1B351F|7E56C27BFF0305E788DA55A029EC4988|NA|NA|D9ACEB7C9C60D0FDCC6AA2BAEA79D1E3,0.03734439834024896,482
88CED8BA3AA711A20ACF8B1FC574F218|D7D1FB49049702BF6338894757E0D959|4C90FD52FC53D2C1C205844CB69575AB|A5D15FC386510762EC0DDFF54ABE6F94|A3087455DC81F8CBFA29D2D174CBC974,0.0372972972972973,3700
635623BABBB7DA2E072D8C339F606E15|FF2C446555E3822B0E0FC3406116E86D|NA|NA|594DED610EC01E6C9A08A1C4507508C3,0.03728813559322034,590
62D6A49514020FA0B2E434DB0B506005|D7D1FB49049702BF6338894757E0D959|4C90FD52FC53D2C1C205844CB69575AB|A5D15FC386510762EC0DDFF54ABE6F94|B54AB6CB5221CBCF51F9D64F6CC7FF9E,0.03727514372256908,16177
033E492229C2222EFAA16EE8A6462D8B|7E56C27BFF0305E788DA55A029EC4988|88460293E9517D21E39AA889BD5AADC8|A5D15FC386510762EC0DDFF54ABE6F94|6271E7ACEF710C0C57E758E473279B63,0.03726287262872629,1476
7532B3FBAFEC164460C4ED6FEB0C022C|D7D1FB49049702BF6338894757E0D959|NA|NA|AD597DDC47CC6B68B3412EC1A2EC3B68,0.03724928366762178,349
88CED8BA3AA711A20ACF8B1FC574F218|D7D1FB49049702BF6338894757E0D959|4C90FD52FC53D2C1C205844CB69575AB|A5D15FC386510762EC0DDFF54ABE6F94|C8FB540CFE3E218363D1D554B0FE166C,0.03722794959908362,1746
E02400CDAD96905D88E932FE9B7D3552|D7D1FB49049702BF6338894757E0D959|NA|NA|626F646E0CB5DABC7D76D116CFEC93B6,0.037209302325581395,215
033E492229C2222EFAA16EE8A6462D8B|7E56C27BFF0305E788DA55A029EC4988|4C90FD52FC53D2C1C205844CB69575AB|1B491180398E2F0390E6A588B3BCE291|05C80D147A36B482098EF90C75DDD451,0.03712871287128713,404
635623BABBB7DA2E072D8C339F606E15|7E56C27BFF0305E788DA55A029EC4988|NA|NA|DED4F520642C66C53BAAF9A8C59DB687,0.03711340206185567,485
7F286560861764CCB93C90B7AA833949|FF2C446555E3822B0E0FC3406116E86D|NA|A5D15FC386510762EC0DDFF54ABE6F94|2BCC75A08053D2A3311C55FE63947547,0.03709428129829984,647
9D307E5B713DE5E90D787BE9F802AFBB|D7D1FB49049702BF6338894757E0D959|4C90FD52FC53D2C1C205844CB69575AB|C45A9AC6D102ACAEEDF0D6F78636D84A|NA,0.037037037037037035,216
7F286560861764CCB93C90B7AA833949|D7D1FB49049702BF6338894757E0D959|NA|NA|5AE3320B0D2E56B322A2646ED96F4D74,0.037037037037037035,378
944B2A351FEFAC79AEAA9DA57E1B351F|7E56C27BFF0305E788DA55A029EC4988|NA|NA|40F9279F6279E8DCD3D731AF368BEA0A,0.036939313984168866,379
7532B3FBAFEC164460C4ED6FEB0C022C|7E56C27BFF0305E788DA55A029EC4988|NA|NA|E86FF451B84FD179A776B2B45C1E5952,0.036923076923076927,325
7F286560861764CCB93C90B7AA833949|7E56C27BFF0305E788DA55A029EC4988|NA|NA|8E1358289AD6C47F564732F993FEF1B5,0.03691983122362869,948
635623BABBB7DA2E072D8C339F606E15|7E56C27BFF0305E788DA55A029EC4988|NA|NA|594DED610EC01E6C9A08A1C4507508C3,0.03689964857477548,61464
B4B45C6CE5FC4DE45AB02974D8849DBD|7E56C27BFF0305E788DA55A029EC4988|4C90FD52FC53D2C1C205844CB69575AB|A5D15FC386510762EC0DDFF54ABE6F94|A7821717E1164D97FF13D89A9AFA24AE,0.036885245901639344,244
7F286560861764CCB93C90B7AA833949|7E56C27BFF0305E788DA55A029EC4988|4C90FD52FC53D2C1C205844CB69575AB|C45A9AC6D102ACAEEDF0D6F78636D84A|NA,0.0367965367965368,924
13C26D10258053889D75D9B9CA922EC7|7E56C27BFF0305E788DA55A029EC4988|NA|NA|4DF0189FA57750229B1E1A0C46215360,0.03679435483870968,3968
7532B3FBAFEC164460C4ED6FEB0C022C|FF2C446555E3822B0E0FC3406116E86D|88460293E9517D21E39AA889BD5AADC8|1B491180398E2F0390E6A588B3BCE291|NA,0.036734693877551024,245
033E492229C2222EFAA16EE8A6462D8B|7E56C27BFF0305E788DA55A029EC4988|4C90FD52FC53D2C1C205844CB69575AB|C45A9AC6D102ACAEEDF0D6F78636D84A|3A82E8CCFC55105D45B8D977CDFB4921,0.036734693877551024,245
111C91D6B0D89C84BF196FED8DBE7BBB|D7D1FB49049702BF6338894757E0D959|4C90FD52FC53D2C1C205844CB69575AB|A5D15FC386510762EC0DDFF54ABE6F94|AAB3B523C26F0DFD22D8F900B8BDE283,0.0367170626349892,463
033E492229C2222EFAA16EE8A6462D8B|7E56C27BFF0305E788DA55A029EC4988|4C90FD52FC53D2C1C205844CB69575AB|A5D15FC386510762EC0DDFF54ABE6F94|91B22DE27E9D5A5608C4EB3BDFA679AC,0.03669724770642202,218
13C26D10258053889D75D9B9CA922EC7|7E56C27BFF0305E788DA55A029EC4988|4C90FD52FC53D2C1C205844CB69575AB|A5D15FC386510762EC0DDFF54ABE6F94|NA,0.036605657237936774,1202
033E492229C2222EFAA16EE8A6462D8B|7E56C27BFF0305E788DA55A029EC4988|4C90FD52FC53D2C1C205844CB69575AB|1B491180398E2F0390E6A588B3BCE291|695ED3A5778E3B353C1D26B103EF21CE,0.036585365853658534,492
033E492229C2222EFAA16EE8A6462D8B|7E56C27BFF0305E788DA55A029EC4988|4C90FD52FC53D2C1C205844CB69575AB|1B491180398E2F0390E6A588B3BCE291|EB1FF27B5C56B95C4C78DD88521A4861,0.036574487065120426,1121
7F286560861764CCB93C90B7AA833949|D7D1FB49049702BF6338894757E0D959|NA|NA|6C823ECD1683D97A861D6AC24EF9A0EB,0.03657314629258517,1996
13C26D10258053889D75D9B9CA922EC7|7E56C27BFF0305E788DA55A029EC4988|NA|NA|34216178778748F7AFD02AE4AB6D47C3,0.0365296803652968,219
7F286560861764CCB93C90B7AA833949|FF2C446555E3822B0E0FC3406116E86D|NA|NA|198F0A3784FB28D104AFA135F5540421,0.0365296803652968,219
033E492229C2222EFAA16EE8A6462D8B|D7D1FB49049702BF6338894757E0D959|4C90FD52FC53D2C1C205844CB69575AB|C45A9AC6D102ACAEEDF0D6F78636D84A|FC16A1CE21E4ED4B38ADDB55B87FF9FB,0.0364963503649635,274
13C26D10258053889D75D9B9CA922EC7|D7D1FB49049702BF6338894757E0D959|NA|NA|71F1145523CD9950428A8E25D456DFF5,0.0364963503649635,274
13C26D10258053889D75D9B9CA922EC7|7E56C27BFF0305E788DA55A029EC4988|4C90FD52FC53D2C1C205844CB69575AB|1B491180398E2F0390E6A588B3BCE291|0FD0CA5F97E5DA6999FDCD1B124F7F6F,0.03640776699029126,824
033E492229C2222EFAA16EE8A6462D8B|7E56C27BFF0305E788DA55A029EC4988|4C90FD52FC53D2C1C205844CB69575AB|1B491180398E2F0390E6A588B3BCE291|5B38C0297145BC3B2C1A40A00CA7B64D,0.03639846743295019,522
5D656311CF9F47E34248BE9FBFF194A0|7E56C27BFF0305E788DA55A029EC4988|NA|NA|5D9D6D88509BBE7003BBEBE4B98A4C31,0.036379613356766254,5690
033E492229C2222EFAA16EE8A6462D8B|7E56C27BFF0305E788DA55A029EC4988|4C90FD52FC53D2C1C205844CB69575AB|C45A9AC6D102ACAEEDF0D6F78636D84A|585B1F165875F86701AF4E45AAB7AFCA,0.036345776031434185,1018
13C26D10258053889D75D9B9CA922EC7|7E56C27BFF0305E788DA55A029EC4988|NA|NA|0066539E7A7A6DFAF19B60554F499480,0.036328871892925434,1569
7532B3FBAFEC164460C4ED6FEB0C022C|7E56C27BFF0305E788DA55A029EC4988|NA|NA|7EDE50CE2C9FE30ADCE151B238BF3969,0.03631961259079903,413
7532B3FBAFEC164460C4ED6FEB0C022C|7E56C27BFF0305E788DA55A029EC4988|NA|NA|90542D844A9EBF7C3FC8F1441C53DFB5,0.03626943005181347,579
635623BABBB7DA2E072D8C339F606E15|7E56C27BFF0305E788DA55A029EC4988|NA|NA|D6EB3AFE8B7D76C6AD1CA10111AB0EE7,0.03625377643504532,662
635623BABBB7DA2E072D8C339F606E15|7E56C27BFF0305E788DA55A029EC4988|NA|NA|28A3CC2396D8DEC64B6E3F17E3053340,0.036244541484716154,2290
13C26D10258053889D75D9B9CA922EC7|7E56C27BFF0305E788DA55A029EC4988|NA|NA|A5979B99F4694399B9943AA60E37B19A,0.036181678214010776,1299
88CED8BA3AA711A20ACF8B1FC574F218|7E56C27BFF0305E788DA55A029EC4988|NA|NA|B11F83250E97B9AE77366F23AD8D8567,0.03617363344051447,1244
635623BABBB7DA2E072D8C339F606E15|7E56C27BFF0305E788DA55A029EC4988|NA|NA|FAC3941399439E6437332E8B3DE7FBF5,0.036120401337792644,1495
635623BABBB7DA2E072D8C339F606E15|7E56C27BFF0305E788DA55A029EC4988|NA|NA|DA39B9366CE30905719825A4B232FF68,0.03607784431137725,6680
7532B3FBAFEC164460C4ED6FEB0C022C|7E56C27BFF0305E788DA55A029EC4988|NA|NA|5315395274C43AA65B13406529E10CD7,0.036036036036036036,222
944B2A351FEFAC79AEAA9DA57E1B351F|7E56C27BFF0305E788DA55A029EC4988|NA|NA|59CF5AA5419DC8EE88DB3BA15318BA4F,0.036036036036036036,222
13C26D10258053889D75D9B9CA922EC7|7E56C27BFF0305E788DA55A029EC4988|NA|NA|24C988032A4B4CA1A2B7227B849EA2C1,0.036036036036036036,333
033E492229C2222EFAA16EE8A6462D8B|7E56C27BFF0305E788DA55A029EC4988|4C90FD52FC53D2C1C205844CB69575AB|1B491180398E2F0390E6A588B3BCE291|C7C9F534AB66D880F7DD9049E07B6F0E,0.036036036036036036,333
033E492229C2222EFAA16EE8A6462D8B|7E56C27BFF0305E788DA55A029EC4988|4C90FD52FC53D2C1C205844CB69575AB|C45A9AC6D102ACAEEDF0D6F78636D84A|E522C3A4139B7205B588676954662F50,0.03597122302158273,278
033E492229C2222EFAA16EE8A6462D8B|7E56C27BFF0305E788DA55A029EC4988|4C90FD52FC53D2C1C205844CB69575AB|C45A9AC6D102ACAEEDF0D6F78636D84A|B5B4E4F79549395A98045CE392F4D3AF,0.03594771241830065,306
033E492229C2222EFAA16EE8A6462D8B|7E56C27BFF0305E788DA55A029EC4988|4C90FD52FC53D2C1C205844CB69575AB|1B491180398E2F0390E6A588B3BCE291|FE63FBD46A3E8500C1FFBF993C608B4C,0.035924932975871314,3730
88CED8BA3AA711A20ACF8B1FC574F218|D7D1FB49049702BF6338894757E0D959|4C90FD52FC53D2C1C205844CB69575AB|A5D15FC386510762EC0DDFF54ABE6F94|16DC08297D469D4E52076F9DAD24540F,0.0358814352574103,641
B4B45C6CE5FC4DE45AB02974D8849DBD|FF2C446555E3822B0E0FC3406116E86D|NA|NA|9DA479F85125C119DAE4170DF9F997AD,0.03587443946188341,223
7532B3FBAFEC164460C4ED6FEB0C022C|7E56C27BFF0305E788DA55A029EC4988|NA|NA|CC81D8750AE27FC724499E87CACC2BB1,0.03587443946188341,892
B4B45C6CE5FC4DE45AB02974D8849DBD|7E56C27BFF0305E788DA55A029EC4988|4C90FD52FC53D2C1C205844CB69575AB|A5D15FC386510762EC0DDFF54ABE6F94|2686E0AAB94D990A819131BEB772F1F4,0.03587443946188341,446
7F286560861764CCB93C90B7AA833949|7E56C27BFF0305E788DA55A029EC4988|4C90FD52FC53D2C1C205844CB69575AB|A5D15FC386510762EC0DDFF54ABE6F94|E3F9AA46849C7A5BB4EB263746C3F712,0.035842293906810034,558
7532B3FBAFEC164460C4ED6FEB0C022C|FF2C446555E3822B0E0FC3406116E86D|NA|NA|6C823ECD1683D97A861D6AC24EF9A0EB,0.03578528827037773,503
62D6A49514020FA0B2E434DB0B506005|FF2C446555E3822B0E0FC3406116E86D|NA|NA|9102A4A2C1AA280D98A841F78360567D,0.03571428571428571,280
B4B45C6CE5FC4DE45AB02974D8849DBD|7E56C27BFF0305E788DA55A029EC4988|4C90FD52FC53D2C1C205844CB69575AB|A5D15FC386510762EC0DDFF54ABE6F94|C19551270D3604525ACA669C17CD5C60,0.03571428571428571,280
B4B45C6CE5FC4DE45AB02974D8849DBD|7E56C27BFF0305E788DA55A029EC4988|4C90FD52FC53D2C1C205844CB69575AB|A5D15FC386510762EC0DDFF54ABE6F94|9D63A67928AA6990C47BB75B2AEB358B,0.03571428571428571,224
7532B3FBAFEC164460C4ED6FEB0C022C|7E56C27BFF0305E788DA55A029EC4988|NA|NA|35EAA44462BD2E62C4A4938A2850389D,0.03571428571428571,392
88CED8BA3AA711A20ACF8B1FC574F218|D7D1FB49049702BF6338894757E0D959|4C90FD52FC53D2C1C205844CB69575AB|A5D15FC386510762EC0DDFF54ABE6F94|682F6FB59A18F68A4A2E86E58CC8C612,0.035555555555555556,225
88CED8BA3AA711A20ACF8B1FC574F218|D7D1FB49049702BF6338894757E0D959|4C90FD52FC53D2C1C205844CB69575AB|A5D15FC386510762EC0DDFF54ABE6F94|B1668372637287EFC11E48E2616E8989,0.035555555555555556,225
62D6A49514020FA0B2E434DB0B506005|D7D1FB49049702BF6338894757E0D959|NA|NA|9102A4A2C1AA280D98A841F78360567D,0.03548277038553395,2931
635623BABBB7DA2E072D8C339F606E15|D7D1FB49049702BF6338894757E0D959|NA|NA|C623329BB6224BB407CD019864DAD0F3,0.03547671840354767,451
B4B45C6CE5FC4DE45AB02974D8849DBD|7E56C27BFF0305E788DA55A029EC4988|4C90FD52FC53D2C1C205844CB69575AB|A5D15FC386510762EC0DDFF54ABE6F94|879F7BAA1AA5A909E11A5A2B318C11F0,0.0354251012145749,988
62D6A49514020FA0B2E434DB0B506005|7E56C27BFF0305E788DA55A029EC4988|NA|NA|4A6BF5CB5F2C4DE0B27E1E206F9395B1,0.035398230088495575,1017
7F286560861764CCB93C90B7AA833949|7E56C27BFF0305E788DA55A029EC4988|NA|NA|89BFF5EDCF7F188F42C6CF00EB269880,0.03534031413612566,1528
033E492229C2222EFAA16EE8A6462D8B|7E56C27BFF0305E788DA55A029EC4988|4C90FD52FC53D2C1C205844CB69575AB|A5D15FC386510762EC0DDFF54ABE6F94|A103333C932B7B5A9CB6D491DD2482C7,0.03533278553820871,1217
6A21F69EBA80612A04B0F6BAC857AAF2|7E56C27BFF0305E788DA55A029EC4988|88460293E9517D21E39AA889BD5AADC8|NA|DEE01C70ED04F15A2878E0C185CF14C1,0.03523489932885906,1192
13C26D10258053889D75D9B9CA922EC7|D7D1FB49049702BF6338894757E0D959|4C90FD52FC53D2C1C205844CB69575AB|A5D15FC386510762EC0DDFF54ABE6F94|AAB3B523C26F0DFD22D8F900B8BDE283,0.03519061583577713,341
13C26D10258053889D75D9B9CA922EC7|D7D1FB49049702BF6338894757E0D959|NA|NA|07F0DF86BFCE46294F02F6A6E2C44122,0.03519061583577713,341
88CED8BA3AA711A20ACF8B1FC574F218|7E56C27BFF0305E788DA55A029EC4988|NA|NA|C2BC8501709FE7130F454E5B9BE6DE70,0.03510226644555003,3618
7F286560861764CCB93C90B7AA833949|D7D1FB49049702BF6338894757E0D959|NA|NA|FC200ABE320F24BE63F48E788D07448F,0.03508771929824561,798
7F286560861764CCB93C90B7AA833949|D7D1FB49049702BF6338894757E0D959|NA|NA|CF836C0C6C61CB2393241DA651571FD9,0.0350609756097561,1312
13C26D10258053889D75D9B9CA922EC7|7E56C27BFF0305E788DA55A029EC4988|NA|NA|CE0F587AA13C0DCC53C45CBD130CC7B3,0.03501945525291829,257
033E492229C2222EFAA16EE8A6462D8B|D7D1FB49049702BF6338894757E0D959|4C90FD52FC53D2C1C205844CB69575AB|1B491180398E2F0390E6A588B3BCE291|204FA34D19080FBC0AA45826AB1AFB24,0.03501945525291829,257
944B2A351FEFAC79AEAA9DA57E1B351F|D7D1FB49049702BF6338894757E0D959|NA|NA|880CAAF31062A16E35CD166A15764EBB,0.035,200
033E492229C2222EFAA16EE8A6462D8B|D7D1FB49049702BF6338894757E0D959|4C90FD52FC53D2C1C205844CB69575AB|C45A9AC6D102ACAEEDF0D6F78636D84A|5C29C13E5E52C958894FFC13E942CFB5,0.03498542274052478,343
033E492229C2222EFAA16EE8A6462D8B|7E56C27BFF0305E788DA55A029EC4988|4C90FD52FC53D2C1C205844CB69575AB|1B491180398E2F0390E6A588B3BCE291|389477BB4C665A05F5ECCF6B83A1BFA9,0.03494623655913978,744
7532B3FBAFEC164460C4ED6FEB0C022C|D7D1FB49049702BF6338894757E0D959|NA|NA|B04F95D4E809D68605903ECF6F030492,0.03494176372712146,601
635623BABBB7DA2E072D8C339F606E15|7E56C27BFF0305E788DA55A029EC4988|NA|NA|1999540C822C969BE735CD2BAA22E146,0.034912718204488775,5213
13C26D10258053889D75D9B9CA922EC7|7E56C27BFF0305E788DA55A029EC4988|NA|NA|6C6FD338414C1299C604EF1F575AB5DF,0.03486529318541997,631
111C91D6B0D89C84BF196FED8DBE7BBB|D7D1FB49049702BF6338894757E0D959|NA|NA|AEDC1A1B59212CC3B126341C1CF2D64A,0.03482587064676617,201
62D6A49514020FA0B2E434DB0B506005|7E56C27BFF0305E788DA55A029EC4988|NA|NA|AB63F5B09C00A51ADAD9C185BF696D87,0.0348221044663134,1321
7F286560861764CCB93C90B7AA833949|D7D1FB49049702BF6338894757E0D959|NA|NA|5740DF2012C7D506A0798A3ABB21550F,0.03482099068170672,2039
7532B3FBAFEC164460C4ED6FEB0C022C|7E56C27BFF0305E788DA55A029EC4988|NA|NA|A43CF1E71932B9F59B0FF1899096BD9E,0.03481624758220503,1034
033E492229C2222EFAA16EE8A6462D8B|D7D1FB49049702BF6338894757E0D959|4C90FD52FC53D2C1C205844CB69575AB|1B491180398E2F0390E6A588B3BCE291|AE28A33ACA450DE436913E003F8C9AAD,0.034653465346534656,404
E02400CDAD96905D88E932FE9B7D3552|7E56C27BFF0305E788DA55A029EC4988|88460293E9517D21E39AA889BD5AADC8|1B491180398E2F0390E6A588B3BCE291|BA0D8F808ADB67DC19F2E844BBD87232,0.03461538461538462,260
13C26D10258053889D75D9B9CA922EC7|D7D1FB49049702BF6338894757E0D959|NA|NA|86106EF7C7ABC43686AE8EDBD2C7048C,0.03461538461538462,1560
13C26D10258053889D75D9B9CA922EC7|7E56C27BFF0305E788DA55A029EC4988|NA|NA|A4B2BD9949294DC9CB9F6E8A5B702164,0.03457943925233645,1070
B4B45C6CE5FC4DE45AB02974D8849DBD|D7D1FB49049702BF6338894757E0D959|88460293E9517D21E39AA889BD5AADC8|A5D15FC386510762EC0DDFF54ABE6F94|3F8E71155CA86BE347F00735875CA874,0.034482758620689655,232
635623BABBB7DA2E072D8C339F606E15|7E56C27BFF0305E788DA55A029EC4988|NA|NA|EAB3A1A0B5AF53623178BDC9C12818FE,0.0344418052256532,842
7F286560861764CCB93C90B7AA833949|7E56C27BFF0305E788DA55A029EC4988|4C90FD52FC53D2C1C205844CB69575AB|1B491180398E2F0390E6A588B3BCE291|NA,0.03436426116838488,291
62D6A49514020FA0B2E434DB0B506005|D7D1FB49049702BF6338894757E0D959|NA|A5D15FC386510762EC0DDFF54ABE6F94|B4F48D5E70E7F7F416E0C8B0D492783D,0.03428571428571429,350
944B2A351FEFAC79AEAA9DA57E1B351F|7E56C27BFF0305E788DA55A029EC4988|NA|NA|EF3ACB51A9185A458C999FCE54202BCA,0.034210526315789476,380
62D6A49514020FA0B2E434DB0B506005|7E56C27BFF0305E788DA55A029EC4988|NA|NA|BFC7FC4C7E25459BBD992FF43FF123ED,0.034161490683229816,322
EC997D43AC86A75D9B88A1051F86A67C|7E56C27BFF0305E788DA55A029EC4988|88460293E9517D21E39AA889BD5AADC8|1B491180398E2F0390E6A588B3BCE291|NA,0.034141201264488934,4745
62D6A49514020FA0B2E434DB0B506005|7E56C27BFF0305E788DA55A029EC4988|NA|NA|B54AB6CB5221CBCF51F9D64F6CC7FF9E,0.034083442838370566,12176
7532B3FBAFEC164460C4ED6FEB0C022C|D7D1FB49049702BF6338894757E0D959|NA|NA|B899035A23B2A3C703A4B8A27A866496,0.03406813627254509,499
7F286560861764CCB93C90B7AA833949|7E56C27BFF0305E788DA55A029EC4988|4C90FD52FC53D2C1C205844CB69575AB|1B491180398E2F0390E6A588B3BCE291|AAB3B523C26F0DFD22D8F900B8BDE283,0.034031413612565446,382
635623BABBB7DA2E072D8C339F606E15|7E56C27BFF0305E788DA55A029EC4988|NA|NA|07564456AE107E6E96D25C6ED7ECEBE6,0.03398058252427184,412
033E492229C2222EFAA16EE8A6462D8B|FF2C446555E3822B0E0FC3406116E86D|4C90FD52FC53D2C1C205844CB69575AB|1B491180398E2F0390E6A588B3BCE291|AAB3B523C26F0DFD22D8F900B8BDE283,0.033962264150943396,265
B4B45C6CE5FC4DE45AB02974D8849DBD|7E56C27BFF0305E788DA55A029EC4988|NA|NA|1D3BFF4E8F5932B394B5C7B293DE3E81,0.03395585738539898,589
13C26D10258053889D75D9B9CA922EC7|7E56C27BFF0305E788DA55A029EC4988|NA|NA|8006CCF6857F06AA2D4F32B9F4BB83AF,0.03391472868217054,1032
13C26D10258053889D75D9B9CA922EC7|7E56C27BFF0305E788DA55A029EC4988|NA|NA|ACE68CE037C741BDC228A36C7A41CC9F,0.0338849487785658,1269
13C26D10258053889D75D9B9CA922EC7|D7D1FB49049702BF6338894757E0D959|NA|NA|D7448754AAA9555399BC62206EA922A4,0.033854166666666664,384
635623BABBB7DA2E072D8C339F606E15|7E56C27BFF0305E788DA55A029EC4988|NA|NA|3172FCE7A9421BF61D5623B9B8C1D9D2,0.033846153846153845,325
033E492229C2222EFAA16EE8A6462D8B|7E56C27BFF0305E788DA55A029EC4988|4C90FD52FC53D2C1C205844CB69575AB|1B491180398E2F0390E6A588B3BCE291|28FE92651CA100DA86C4E2C802DF8395,0.03383458646616541,798
033E492229C2222EFAA16EE8A6462D8B|7E56C27BFF0305E788DA55A029EC4988|4C90FD52FC53D2C1C205844CB69575AB|1B491180398E2F0390E6A588B3BCE291|A832DA19915E9B04D9D03265DB5B3AF5,0.033816425120772944,207
033E492229C2222EFAA16EE8A6462D8B|7E56C27BFF0305E788DA55A029EC4988|4C90FD52FC53D2C1C205844CB69575AB|C45A9AC6D102ACAEEDF0D6F78636D84A|59AB217F1856464E284F34C10F6376B2,0.03375527426160337,237
7532B3FBAFEC164460C4ED6FEB0C022C|D7D1FB49049702BF6338894757E0D959|NA|A5D15FC386510762EC0DDFF54ABE6F94|F3F09125C84909DF8A6428FC3DCC709C,0.03365999147848317,4694
EC997D43AC86A75D9B88A1051F86A67C|7E56C27BFF0305E788DA55A029EC4988|4C90FD52FC53D2C1C205844CB69575AB|A5D15FC386510762EC0DDFF54ABE6F94|9E97468EF919C750F1DC47D83D16F4B1,0.03365384615384615,208
13C26D10258053889D75D9B9CA922EC7|7E56C27BFF0305E788DA55A029EC4988|NA|NA|2E4A23A6B8E087CA5B453A58E3D3CE75,0.03363914373088685,327
62D6A49514020FA0B2E434DB0B506005|D7D1FB49049702BF6338894757E0D959|NA|NA|27F3DDB18D22F7006BBEFCCC856DE2CC,0.03359683794466403,506
B4B45C6CE5FC4DE45AB02974D8849DBD|7E56C27BFF0305E788DA55A029EC4988|NA|NA|DEE0C7B3835649971AE977B9E7743BED,0.03353658536585366,328
7532B3FBAFEC164460C4ED6FEB0C022C|D7D1FB49049702BF6338894757E0D959|NA|NA|FC200ABE320F24BE63F48E788D07448F,0.03349282296650718,418
033E492229C2222EFAA16EE8A6462D8B|7E56C27BFF0305E788DA55A029EC4988|4C90FD52FC53D2C1C205844CB69575AB|1B491180398E2F0390E6A588B3BCE291|5484AC04F0FAC496618FD48E4FB2E240,0.0334855403348554,657
7F286560861764CCB93C90B7AA833949|D7D1FB49049702BF6338894757E0D959|NA|NA|567143590CBD314681C0B29801AA4D90,0.03347280334728033,239
7532B3FBAFEC164460C4ED6FEB0C022C|FF2C446555E3822B0E0FC3406116E86D|NA|NA|119D16CB8CB1E718DE4C33AE2737CBCA,0.033426183844011144,359
B4B45C6CE5FC4DE45AB02974D8849DBD|7E56C27BFF0305E788DA55A029EC4988|88460293E9517D21E39AA889BD5AADC8|C45A9AC6D102ACAEEDF0D6F78636D84A|NA,0.033419023136246784,5446
7F286560861764CCB93C90B7AA833949|D7D1FB49049702BF6338894757E0D959|4C90FD52FC53D2C1C205844CB69575AB|1B491180398E2F0390E6A588B3BCE291|635A3EF4F16C9B52F3334F52B864E056,0.03333333333333333,240
033E492229C2222EFAA16EE8A6462D8B|7E56C27BFF0305E788DA55A029EC4988|4C90FD52FC53D2C1C205844CB69575AB|C45A9AC6D102ACAEEDF0D6F78636D84A|F6EF35B0675837C18E1C5F95DD5022E4,0.03333333333333333,240
13C26D10258053889D75D9B9CA922EC7|D7D1FB49049702BF6338894757E0D959|NA|NA|B9D7940266FDD4F9C1DF66E8ED45B8F7,0.03316326530612245,784
9D307E5B713DE5E90D787BE9F802AFBB|7E56C27BFF0305E788DA55A029EC4988|NA|NA|B11F83250E97B9AE77366F23AD8D8567,0.0331624232555069,45443
7532B3FBAFEC164460C4ED6FEB0C022C|7E56C27BFF0305E788DA55A029EC4988|4C90FD52FC53D2C1C205844CB69575AB|A5D15FC386510762EC0DDFF54ABE6F94|16DC08297D469D4E52076F9DAD24540F,0.033102386451116246,1299
7F286560861764CCB93C90B7AA833949|7E56C27BFF0305E788DA55A029EC4988|4C90FD52FC53D2C1C205844CB69575AB|A5D15FC386510762EC0DDFF54ABE6F94|NA,0.03305911029859841,13128
7532B3FBAFEC164460C4ED6FEB0C022C|FF2C446555E3822B0E0FC3406116E86D|4C90FD52FC53D2C1C205844CB69575AB|A5D15FC386510762EC0DDFF54ABE6F94|16DC08297D469D4E52076F9DAD24540F,0.0330188679245283,212
635623BABBB7DA2E072D8C339F606E15|7E56C27BFF0305E788DA55A029EC4988|NA|NA|5A9562FC8FFA5679319A7BA3AB4D4C6F,0.03301384451544196,939
88CED8BA3AA711A20ACF8B1FC574F218|D7D1FB49049702BF6338894757E0D959|4C90FD52FC53D2C1C205844CB69575AB|A5D15FC386510762EC0DDFF54ABE6F94|D51821F54B7CF18F627B244F3BD33CE9,0.03296703296703297,273
5D656311CF9F47E34248BE9FBFF194A0|D7D1FB49049702BF6338894757E0D959|NA|NA|C6D09E429803847B1D705B0A0464CA52,0.03296703296703297,364
635623BABBB7DA2E072D8C339F606E15|7E56C27BFF0305E788DA55A029EC4988|NA|NA|566156D1BAB00055C81551887FA843BF,0.032818532818532815,518
033E492229C2222EFAA16EE8A6462D8B|7E56C27BFF0305E788DA55A029EC4988|F716A9DB9D084CD5CFBDA30A923016E1|C83584C67375245584CEBF5DCE5BEE2D|FCF43AD66E4922D1F0038F6C976B5576,0.03278688524590164,244
033E492229C2222EFAA16EE8A6462D8B|7E56C27BFF0305E788DA55A029EC4988|4C90FD52FC53D2C1C205844CB69575AB|1B491180398E2F0390E6A588B3BCE291|DBA9F0A8868AFCF00C3F8891181246C3,0.03272939801285798,1711
13C26D10258053889D75D9B9CA922EC7|7E56C27BFF0305E788DA55A029EC4988|4C90FD52FC53D2C1C205844CB69575AB|A5D15FC386510762EC0DDFF54ABE6F94|F1DA724CE8A1D4D100E3230487539DA0,0.03271028037383177,428
7F286560861764CCB93C90B7AA833949|FF2C446555E3822B0E0FC3406116E86D|NA|NA|52C395F2286B2F794259FBDACE2B453B,0.03268845897264843,2998
033E492229C2222EFAA16EE8A6462D8B|7E56C27BFF0305E788DA55A029EC4988|4C90FD52FC53D2C1C205844CB69575AB|C45A9AC6D102ACAEEDF0D6F78636D84A|F7F1658DD450129A07937C0711A3193F,0.0326530612244898,245
B4B45C6CE5FC4DE45AB02974D8849DBD|7E56C27BFF0305E788DA55A029EC4988|NA|NA|820EEC552B8EC30D64886FEF21981B32,0.03255813953488372,215
13C26D10258053889D75D9B9CA922EC7|7E56C27BFF0305E788DA55A029EC4988|4C90FD52FC53D2C1C205844CB69575AB|A5D15FC386510762EC0DDFF54ABE6F94|B0902D7074FDEC4DBDE5707E335AB454,0.032520325203252036,246
7F286560861764CCB93C90B7AA833949|D7D1FB49049702BF6338894757E0D959|NA|NA|54DF00F52D4E2F97966991673DFD8868,0.032520325203252036,246
7532B3FBAFEC164460C4ED6FEB0C022C|FF2C446555E3822B0E0FC3406116E86D|NA|NA|198F0A3784FB28D104AFA135F5540421,0.032490974729241874,831
7F286560861764CCB93C90B7AA833949|7E56C27BFF0305E788DA55A029EC4988|NA|NA|6974FE91917C76901A623D29E9700DE7,0.03248587570621469,708
13C26D10258053889D75D9B9CA922EC7|7E56C27BFF0305E788DA55A029EC4988|NA|NA|89F262CA6F3CFB28E5F76A37084D1B27,0.03248113998323554,4772
033E492229C2222EFAA16EE8A6462D8B|7E56C27BFF0305E788DA55A029EC4988|4C90FD52FC53D2C1C205844CB69575AB|1B491180398E2F0390E6A588B3BCE291|9214E9A54F1590AEA0167A09AE961F3E,0.032448377581120944,339
13C26D10258053889D75D9B9CA922EC7|D7D1FB49049702BF6338894757E0D959|4C90FD52FC53D2C1C205844CB69575AB|1B491180398E2F0390E6A588B3BCE291|NA,0.032407407407407406,216
033E492229C2222EFAA16EE8A6462D8B|7E56C27BFF0305E788DA55A029EC4988|88460293E9517D21E39AA889BD5AADC8|A5D15FC386510762EC0DDFF54ABE6F94|7DA2D1A33F2754440AACC2030C33427D,0.03235294117647059,340
635623BABBB7DA2E072D8C339F606E15|D7D1FB49049702BF6338894757E0D959|NA|NA|C5982070978B495B9A9BF24B56359894,0.03234880450070324,711
7F286560861764CCB93C90B7AA833949|D7D1FB49049702BF6338894757E0D959|4C90FD52FC53D2C1C205844CB69575AB|1B491180398E2F0390E6A588B3BCE291|DB11EC7F11329CA9BCCB585E9EE64F3F,0.03232323232323232,495
13C26D10258053889D75D9B9CA922EC7|7E56C27BFF0305E788DA55A029EC4988|NA|NA|5A5BFADBF986788812B126EF32B8FBA6,0.032317636195752536,1083
88CED8BA3AA711A20ACF8B1FC574F218|7E56C27BFF0305E788DA55A029EC4988|NA|NA|50FD889CF96E216CF14270A7632CB1FB,0.03229061553985873,991
9D307E5B713DE5E90D787BE9F802AFBB|7E56C27BFF0305E788DA55A029EC4988|4C90FD52FC53D2C1C205844CB69575AB|A5D15FC386510762EC0DDFF54ABE6F94|B9F1ADE486CFDAB0B593C66804CB918F,0.03225806451612903,341
7532B3FBAFEC164460C4ED6FEB0C022C|FF2C446555E3822B0E0FC3406116E86D|NA|NA|FE624CB636969F980FC38206F5DB3FC7,0.03216374269005848,342
13C26D10258053889D75D9B9CA922EC7|7E56C27BFF0305E788DA55A029EC4988|NA|NA|B31F79E2B310DD305138530821BBF51A,0.0321285140562249,249
635623BABBB7DA2E072D8C339F606E15|7E56C27BFF0305E788DA55A029EC4988|NA|NA|2E8DA8FA9738E88FE6E4AF5A4F765619,0.03205128205128205,1248
033E492229C2222EFAA16EE8A6462D8B|7E56C27BFF0305E788DA55A029EC4988|4C90FD52FC53D2C1C205844CB69575AB|1B491180398E2F0390E6A588B3BCE291|93B3CE0B45E143FE4EEC55526C0EACC3,0.03202846975088968,281
635623BABBB7DA2E072D8C339F606E15|7E56C27BFF0305E788DA55A029EC4988|NA|NA|FD2994FDC3A60EE6234CADF1FE63BCC3,0.032,250
7532B3FBAFEC164460C4ED6FEB0C022C|7E56C27BFF0305E788DA55A029EC4988|4C90FD52FC53D2C1C205844CB69575AB|A5D15FC386510762EC0DDFF54ABE6F94|7D0F3AC4514009B19F988B676F1D7F8F,0.032,250
7F286560861764CCB93C90B7AA833949|D7D1FB49049702BF6338894757E0D959|NA|NA|F6C457B6B0A4A5296E3897E1B8257E39,0.0319634703196347,219
7532B3FBAFEC164460C4ED6FEB0C022C|7E56C27BFF0305E788DA55A029EC4988|NA|NA|AB86232A5E06567BB583A8A9742835FF,0.03195739014647137,751
033E492229C2222EFAA16EE8A6462D8B|7E56C27BFF0305E788DA55A029EC4988|4C90FD52FC53D2C1C205844CB69575AB|C45A9AC6D102ACAEEDF0D6F78636D84A|661B58F9F8F0EA56C6407D6440C5639B,0.03195739014647137,751
033E492229C2222EFAA16EE8A6462D8B|D7D1FB49049702BF6338894757E0D959|4C90FD52FC53D2C1C205844CB69575AB|A5D15FC386510762EC0DDFF54ABE6F94|4335DC14B9A5A90515AB7389AF276D90,0.03188405797101449,345
88CED8BA3AA711A20ACF8B1FC574F218|7E56C27BFF0305E788DA55A029EC4988|4C90FD52FC53D2C1C205844CB69575AB|A5D15FC386510762EC0DDFF54ABE6F94|NA,0.03187250996015936,502
13C26D10258053889D75D9B9CA922EC7|D7D1FB49049702BF6338894757E0D959|NA|NA|A62F89C534EE110BE2BCBE2B54C60D27,0.03180212014134275,566
033E492229C2222EFAA16EE8A6462D8B|FF2C446555E3822B0E0FC3406116E86D|4C90FD52FC53D2C1C205844CB69575AB|1B491180398E2F0390E6A588B3BCE291|022EC1AA9926BE6ABB130F85012EDDFC,0.03180212014134275,283
033E492229C2222EFAA16EE8A6462D8B|7E56C27BFF0305E788DA55A029EC4988|4C90FD52FC53D2C1C205844CB69575AB|1B491180398E2F0390E6A588B3BCE291|B8F68F8D0FD9A1982AB5176FBE52A426,0.03180212014134275,566
033E492229C2222EFAA16EE8A6462D8B|D7D1FB49049702BF6338894757E0D959|4C90FD52FC53D2C1C205844CB69575AB|A5D15FC386510762EC0DDFF54ABE6F94|532E508F5E82B661CC1888116EA6638D,0.031746031746031744,252
7F286560861764CCB93C90B7AA833949|D7D1FB49049702BF6338894757E0D959|NA|NA|F8A8F693508CE1173DD0AE648FBC1FF3,0.03168376584188292,13256
7F286560861764CCB93C90B7AA833949|D7D1FB49049702BF6338894757E0D959|4C90FD52FC53D2C1C205844CB69575AB|1B491180398E2F0390E6A588B3BCE291|B84B674638B7B14D874B3EC44DD7F2B3,0.031609195402298854,348
B4B45C6CE5FC4DE45AB02974D8849DBD|7E56C27BFF0305E788DA55A029EC4988|88460293E9517D21E39AA889BD5AADC8|A5D15FC386510762EC0DDFF54ABE6F94|F64B3D25DB31DD470EBFADCAB077AA3F,0.03159478435305918,1994
7532B3FBAFEC164460C4ED6FEB0C022C|D7D1FB49049702BF6338894757E0D959|NA|A5D15FC386510762EC0DDFF54ABE6F94|NA,0.03155237694572991,2377
635623BABBB7DA2E072D8C339F606E15|7E56C27BFF0305E788DA55A029EC4988|NA|NA|C3E0B55C8797670F34629A4534CFFD1F,0.03154305200341006,1173
EC997D43AC86A75D9B88A1051F86A67C|7E56C27BFF0305E788DA55A029EC4988|4C90FD52FC53D2C1C205844CB69575AB|A5D15FC386510762EC0DDFF54ABE6F94|NA,0.03153153153153153,3552
033E492229C2222EFAA16EE8A6462D8B|7E56C27BFF0305E788DA55A029EC4988|538912C31E773613AB51FBAE58492476|D7B42B0C4D807EF1C13F79948743E9DA|3DACE0B66C0B3A7B106E3878D070E5E9,0.031496062992125984,254
EC997D43AC86A75D9B88A1051F86A67C|7E56C27BFF0305E788DA55A029EC4988|88460293E9517D21E39AA889BD5AADC8|C45A9AC6D102ACAEEDF0D6F78636D84A|NA,0.03144424131627057,2735
635623BABBB7DA2E072D8C339F606E15|7E56C27BFF0305E788DA55A029EC4988|NA|NA|294B1448A8646112F3731167E65805B8,0.03137254901960784,2805
62D6A49514020FA0B2E434DB0B506005|7E56C27BFF0305E788DA55A029EC4988|NA|NA|66F5D384C016700890D0FB4B8D707AAC,0.03137254901960784,255
13C26D10258053889D75D9B9CA922EC7|7E56C27BFF0305E788DA55A029EC4988|NA|NA|AF4C6588A73BD1F2D99A2975BCEC8C6C,0.03136136849607983,1403
62D6A49514020FA0B2E434DB0B506005|D7D1FB49049702BF6338894757E0D959|NA|NA|B97E61E618BF416E6BF83040CD9C1C7A,0.03134328358208955,670
7F286560861764CCB93C90B7AA833949|D7D1FB49049702BF6338894757E0D959|NA|NA|21F69C9BFF1D8FB0655F1E1D3BA0892A,0.03133903133903134,702
13C26D10258053889D75D9B9CA922EC7|7E56C27BFF0305E788DA55A029EC4988|NA|NA|0B501EBD66CD22A2B5A26F558455B8F0,0.03131991051454139,447
7532B3FBAFEC164460C4ED6FEB0C022C|7E56C27BFF0305E788DA55A029EC4988|4C90FD52FC53D2C1C205844CB69575AB|A5D15FC386510762EC0DDFF54ABE6F94|F26554F7FBD58D035F846E530C15A8BC,0.03125,256
6A21F69EBA80612A04B0F6BAC857AAF2|7E56C27BFF0305E788DA55A029EC4988|88460293E9517D21E39AA889BD5AADC8|NA|AF8393D72184D72EC9D55D7C6B10DFD5,0.031192660550458717,545
033E492229C2222EFAA16EE8A6462D8B|7E56C27BFF0305E788DA55A029EC4988|F716A9DB9D084CD5CFBDA30A923016E1|C83584C67375245584CEBF5DCE5BEE2D|586B83A2060B96585C9D0F9BE9DBD68F,0.03114754098360656,610
033E492229C2222EFAA16EE8A6462D8B|7E56C27BFF0305E788DA55A029EC4988|4C90FD52FC53D2C1C205844CB69575AB|1B491180398E2F0390E6A588B3BCE291|35C04A9E2BBD45E8FA4E37D4CB5FF61E,0.03112033195020747,482
62D6A49514020FA0B2E434DB0B506005|7E56C27BFF0305E788DA55A029EC4988|88460293E9517D21E39AA889BD5AADC8|NA|25F0696A59436343B947AF32F76AFE14,0.031096563011456628,611
635623BABBB7DA2E072D8C339F606E15|7E56C27BFF0305E788DA55A029EC4988|NA|NA|E7038833DB0E8EAE69CF6BBF014AE7C5,0.031092285508291274,11096
7F286560861764CCB93C90B7AA833949|7E56C27BFF0305E788DA55A029EC4988|4C90FD52FC53D2C1C205844CB69575AB|A5D15FC386510762EC0DDFF54ABE6F94|B25F32A34B362657D488D9D84F6CAC44,0.031020408163265307,1225
7532B3FBAFEC164460C4ED6FEB0C022C|D7D1FB49049702BF6338894757E0D959|4C90FD52FC53D2C1C205844CB69575AB|A5D15FC386510762EC0DDFF54ABE6F94|F3F09125C84909DF8A6428FC3DCC709C,0.03099510603588907,613
E02400CDAD96905D88E932FE9B7D3552|7E56C27BFF0305E788DA55A029EC4988|4C90FD52FC53D2C1C205844CB69575AB|A5D15FC386510762EC0DDFF54ABE6F94|CCE1FE30C9A713452610E078FACAE2CD,0.03088803088803089,259
7532B3FBAFEC164460C4ED6FEB0C022C|FF2C446555E3822B0E0FC3406116E86D|NA|NA|5740DF2012C7D506A0798A3ABB21550F,0.0308839190628328,939
033E492229C2222EFAA16EE8A6462D8B|7E56C27BFF0305E788DA55A029EC4988|4C90FD52FC53D2C1C205844CB69575AB|A5D15FC386510762EC0DDFF54ABE6F94|21C3F9F07228094AEC57D54D4F194023,0.030837004405286344,1589
033E492229C2222EFAA16EE8A6462D8B|7E56C27BFF0305E788DA55A029EC4988|4C90FD52FC53D2C1C205844CB69575AB|1B491180398E2F0390E6A588B3BCE291|425286992DDFA425FE3D78CB17D9AE54,0.030821917808219176,584
DDC2B3CC38945E431DE1B3F59EC56680|7E56C27BFF0305E788DA55A029EC4988|NA|NA|A384C4AB463C4C40B38999C687D09058,0.03079483978360383,2403
033E492229C2222EFAA16EE8A6462D8B|7E56C27BFF0305E788DA55A029EC4988|4C90FD52FC53D2C1C205844CB69575AB|0FB06F1EAC1E00A436B336C5DF3C14AF|5C3341D4A1BF6FB4384110608EE86AA6,0.030735455543358946,911
E02400CDAD96905D88E932FE9B7D3552|7E56C27BFF0305E788DA55A029EC4988|4C90FD52FC53D2C1C205844CB69575AB|1B491180398E2F0390E6A588B3BCE291|NA,0.030726256983240222,358
033E492229C2222EFAA16EE8A6462D8B|7E56C27BFF0305E788DA55A029EC4988|4C90FD52FC53D2C1C205844CB69575AB|C45A9AC6D102ACAEEDF0D6F78636D84A|0A52952FE7ECA61C85A6A0FEA9A87FE3,0.030716723549488054,586
635623BABBB7DA2E072D8C339F606E15|7E56C27BFF0305E788DA55A029EC4988|4C90FD52FC53D2C1C205844CB69575AB|A5D15FC386510762EC0DDFF54ABE6F94|E57C5BD6C481F4C9BBB002BF7945B09A,0.030716723549488054,293
E02400CDAD96905D88E932FE9B7D3552|7E56C27BFF0305E788DA55A029EC4988|NA|NA|290C31EB56BBB2BF28B7808CA6C13948,0.030697674418604652,1075
635623BABBB7DA2E072D8C339F606E15|7E56C27BFF0305E788DA55A029EC4988|NA|NA|3B74E691D58FE66E2E341A7CB38A55CD,0.03067993366500829,2412
B4B45C6CE5FC4DE45AB02974D8849DBD|7E56C27BFF0305E788DA55A029EC4988|4C90FD52FC53D2C1C205844CB69575AB|A5D15FC386510762EC0DDFF54ABE6F94|C67E65556202C99DC53A5F9433CA94D0,0.03065134099616858,522
62D6A49514020FA0B2E434DB0B506005|FF2C446555E3822B0E0FC3406116E86D|NA|NA|9653F7D0A55581A24D4536B1D62F1499,0.03064066852367688,359
635623BABBB7DA2E072D8C339F606E15|7E56C27BFF0305E788DA55A029EC4988|NA|NA|35A837ED63F3C1176F1B22920AB7BEE1,0.030612244897959183,294
635623BABBB7DA2E072D8C339F606E15|7E56C27BFF0305E788DA55A029EC4988|NA|NA|1EF04C2F38BCF5CF23698658391B0708,0.03056768558951965,916
62D6A49514020FA0B2E434DB0B506005|7E56C27BFF0305E788DA55A029EC4988|88460293E9517D21E39AA889BD5AADC8|NA|15E3BC3F1B1531808679E682CDD31411,0.03056768558951965,229
635623BABBB7DA2E072D8C339F606E15|7E56C27BFF0305E788DA55A029EC4988|NA|NA|19B10117A3163E02B1B3551E60CAEB71,0.03054662379421222,622
13C26D10258053889D75D9B9CA922EC7|D7D1FB49049702BF6338894757E0D959|4C90FD52FC53D2C1C205844CB69575AB|A5D15FC386510762EC0DDFF54ABE6F94|00AF1D1CB6DE522C356AF896151160A1,0.030534351145038167,262
62D6A49514020FA0B2E434DB0B506005|D7D1FB49049702BF6338894757E0D959|NA|NA|B69CF3E0DE187F8C95B1AA259D3A2691,0.030413625304136254,822
88CED8BA3AA711A20ACF8B1FC574F218|7E56C27BFF0305E788DA55A029EC4988|NA|NA|527F8B109DE2D3ED587625303E5279DA,0.0304,625
13C26D10258053889D75D9B9CA922EC7|D7D1FB49049702BF6338894757E0D959|NA|NA|D717D50A99814C70B958ADDB1FB1F4A9,0.030395136778115502,329
033E492229C2222EFAA16EE8A6462D8B|7E56C27BFF0305E788DA55A029EC4988|4C90FD52FC53D2C1C205844CB69575AB|1B491180398E2F0390E6A588B3BCE291|3CFFE70E006903253B8D0FB559688777,0.03038674033149171,362
635623BABBB7DA2E072D8C339F606E15|D7D1FB49049702BF6338894757E0D959|4C90FD52FC53D2C1C205844CB69575AB|A5D15FC386510762EC0DDFF54ABE6F94|DFF163EFD2EF6EB2E2D1868AE46BE204,0.03038674033149171,362
7F286560861764CCB93C90B7AA833949|7E56C27BFF0305E788DA55A029EC4988|NA|NA|B24C1C568F6EF99E0D98CA513F04A8FD,0.030275846602377216,4459
7532B3FBAFEC164460C4ED6FEB0C022C|D7D1FB49049702BF6338894757E0D959|NA|NA|0D989962AF75DFF7D579B2FFB9CCCA71,0.030204962243797196,927
7532B3FBAFEC164460C4ED6FEB0C022C|D7D1FB49049702BF6338894757E0D959|NA|NA|C198401195FD7CA540EF03209B668A06,0.03018867924528302,265
6A21F69EBA80612A04B0F6BAC857AAF2|7E56C27BFF0305E788DA55A029EC4988|NA|NA|AD5A725A9E146BF20BEC743F9AA93098,0.03018867924528302,530
033E492229C2222EFAA16EE8A6462D8B|FF2C446555E3822B0E0FC3406116E86D|4C90FD52FC53D2C1C205844CB69575AB|1B491180398E2F0390E6A588B3BCE291|FDC724138567034C5D7C9303563D7ED0,0.03018867924528302,265
635623BABBB7DA2E072D8C339F606E15|7E56C27BFF0305E788DA55A029EC4988|NA|NA|B68AB9A37357E57DA05A58E418993596,0.03017241379310345,232
7F286560861764CCB93C90B7AA833949|7E56C27BFF0305E788DA55A029EC4988|NA|NA|14BA108513B5C8C80C94DC91B4126E91,0.030162412993039442,862
033E492229C2222EFAA16EE8A6462D8B|D7D1FB49049702BF6338894757E0D959|4C90FD52FC53D2C1C205844CB69575AB|1B491180398E2F0390E6A588B3BCE291|CA14A35227D764533DE6FA3BA39C8C89,0.030136986301369864,365
7F286560861764CCB93C90B7AA833949|D7D1FB49049702BF6338894757E0D959|4C90FD52FC53D2C1C205844CB69575AB|A5D15FC386510762EC0DDFF54ABE6F94|1CCC8DF7A53E9D7A687B64E4773686CF,0.03007518796992481,532
033E492229C2222EFAA16EE8A6462D8B|7E56C27BFF0305E788DA55A029EC4988|88460293E9517D21E39AA889BD5AADC8|C45A9AC6D102ACAEEDF0D6F78636D84A|A71F2E807D44C99431627B6220B61760,0.03007518796992481,266
033E492229C2222EFAA16EE8A6462D8B|7E56C27BFF0305E788DA55A029EC4988|4C90FD52FC53D2C1C205844CB69575AB|1B491180398E2F0390E6A588B3BCE291|652591450D18838FD9C833BE9CB5B53A,0.030037546933667083,799
033E492229C2222EFAA16EE8A6462D8B|7E56C27BFF0305E788DA55A029EC4988|4C90FD52FC53D2C1C205844CB69575AB|A5D15FC386510762EC0DDFF54ABE6F94|F67F1E3CC80929015A2F3B3C42249B7A,0.03,200
DDC2B3CC38945E431DE1B3F59EC56680|7E56C27BFF0305E788DA55A029EC4988|NA|NA|1333E57ACE8A1BCD4724E837503E6EFD,0.03,200
7532B3FBAFEC164460C4ED6FEB0C022C|7E56C27BFF0305E788DA55A029EC4988|NA|NA|FCD71A335DE827A62DB43F82E6FBD5FF,0.029957203994293864,701
635623BABBB7DA2E072D8C339F606E15|7E56C27BFF0305E788DA55A029EC4988|NA|NA|C9B820DD70196AAEB4A9F890480B4E03,0.029940119760479042,334
DDC2B3CC38945E431DE1B3F59EC56680|7E56C27BFF0305E788DA55A029EC4988|4C90FD52FC53D2C1C205844CB69575AB|A5D15FC386510762EC0DDFF54ABE6F94|A3D7859B9210257F225F62543C518624,0.029914529914529916,234
7532B3FBAFEC164460C4ED6FEB0C022C|7E56C27BFF0305E788DA55A029EC4988|NA|NA|4072DB7FFFB9233574BB9B3D9CB95A16,0.029891304347826088,368
B4B45C6CE5FC4DE45AB02974D8849DBD|FF2C446555E3822B0E0FC3406116E86D|88460293E9517D21E39AA889BD5AADC8|C45A9AC6D102ACAEEDF0D6F78636D84A|NA,0.029850746268656716,268
7532B3FBAFEC164460C4ED6FEB0C022C|7E56C27BFF0305E788DA55A029EC4988|NA|NA|DC7747B830AFE84E9DA8EC0876EAEBDB,0.029850746268656716,201
13C26D10258053889D75D9B9CA922EC7|7E56C27BFF0305E788DA55A029EC4988|NA|NA|50F7339609F46842D627CD9CB5FEFCDA,0.029850746268656716,201
13C26D10258053889D75D9B9CA922EC7|7E56C27BFF0305E788DA55A029EC4988|NA|NA|9DE42E83B58D6487E7FD2EF4F5508B8A,0.029850746268656716,201
62D6A49514020FA0B2E434DB0B506005|7E56C27BFF0305E788DA55A029EC4988|NA|NA|92CAB4E93F2B6C6896EFFCC114E32AE3,0.029801324503311258,302
62D6A49514020FA0B2E434DB0B506005|D7D1FB49049702BF6338894757E0D959|4C90FD52FC53D2C1C205844CB69575AB|A5D15FC386510762EC0DDFF54ABE6F94|BCC8F8BAFD13EF836E0197F98B6F6CF8,0.02967251673602316,5527
62D6A49514020FA0B2E434DB0B506005|FF2C446555E3822B0E0FC3406116E86D|NA|NA|CF322E0E21184AF65E9CA70EC7FB63B0,0.029661016949152543,236
62D6A49514020FA0B2E434DB0B506005|FF2C446555E3822B0E0FC3406116E86D|4C90FD52FC53D2C1C205844CB69575AB|A5D15FC386510762EC0DDFF54ABE6F94|NA,0.029661016949152543,236
62D6A49514020FA0B2E434DB0B506005|D7D1FB49049702BF6338894757E0D959|NA|NA|AA9C91F8A00586D8E06BB1498755B16E,0.029593094944512947,811
EC997D43AC86A75D9B88A1051F86A67C|7E56C27BFF0305E788DA55A029EC4988|NA|NA|52C395F2286B2F794259FBDACE2B453B,0.029585798816568046,507
033E492229C2222EFAA16EE8A6462D8B|7E56C27BFF0305E788DA55A029EC4988|4C90FD52FC53D2C1C205844CB69575AB|C45A9AC6D102ACAEEDF0D6F78636D84A|1F7FC5AEA3E698FA519CEE8A4806F472,0.02956081081081081,1184
62D6A49514020FA0B2E434DB0B506005|7E56C27BFF0305E788DA55A029EC4988|88460293E9517D21E39AA889BD5AADC8|NA|363522FD259BB20A3E7DE4FF206C79A9,0.029556650246305417,203
7F286560861764CCB93C90B7AA833949|7E56C27BFF0305E788DA55A029EC4988|4C90FD52FC53D2C1C205844CB69575AB|A5D15FC386510762EC0DDFF54ABE6F94|C63B8516FD21413724C6AD5056A48E90,0.029545454545454545,440
13C26D10258053889D75D9B9CA922EC7|7E56C27BFF0305E788DA55A029EC4988|NA|NA|B3E30951DD4689ABF25F27F72DF43641,0.029449423815621,781
13C26D10258053889D75D9B9CA922EC7|7E56C27BFF0305E788DA55A029EC4988|4C90FD52FC53D2C1C205844CB69575AB|1B491180398E2F0390E6A588B3BCE291|E9D33E9F6FD3A2CD6AD102E398F0CA95,0.029411764705882353,204
9D307E5B713DE5E90D787BE9F802AFBB|7E56C27BFF0305E788DA55A029EC4988|4C90FD52FC53D2C1C205844CB69575AB|C45A9AC6D102ACAEEDF0D6F78636D84A|NA,0.029411764705882353,272
7F286560861764CCB93C90B7AA833949|7E56C27BFF0305E788DA55A029EC4988|NA|NA|50683EBCA9FD80FA03FB91F74EAF77A9,0.02936857562408223,681
033E492229C2222EFAA16EE8A6462D8B|7E56C27BFF0305E788DA55A029EC4988|4C90FD52FC53D2C1C205844CB69575AB|A5D15FC386510762EC0DDFF54ABE6F94|8F811DBE74F99680F00DF9BBD22421EC,0.02933737986848761,1977
033E492229C2222EFAA16EE8A6462D8B|7E56C27BFF0305E788DA55A029EC4988|4C90FD52FC53D2C1C205844CB69575AB|A5D15FC386510762EC0DDFF54ABE6F94|C9B224C385A70C39A998F0C7AAF5E0A2,0.029333333333333333,375
E02400CDAD96905D88E932FE9B7D3552|7E56C27BFF0305E788DA55A029EC4988|4C90FD52FC53D2C1C205844CB69575AB|A5D15FC386510762EC0DDFF54ABE6F94|D7F0E23D3172AE3AE084403EDCA64ED5,0.029304029304029304,273
62D6A49514020FA0B2E434DB0B506005|7E56C27BFF0305E788DA55A029EC4988|88460293E9517D21E39AA889BD5AADC8|NA|24D4F8D30C3029FD1D24B305FDC06DBE,0.02930024129610479,5802
2134F56D3769B5022DB7172F1536B749|D7D1FB49049702BF6338894757E0D959|NA|NA|2C526994B3C620E4A90A0B64E5958479,0.029275808936825885,649
62D6A49514020FA0B2E434DB0B506005|7E56C27BFF0305E788DA55A029EC4988|NA|NA|594DED610EC01E6C9A08A1C4507508C3,0.02924634420697413,889
7532B3FBAFEC164460C4ED6FEB0C022C|7E56C27BFF0305E788DA55A029EC4988|88460293E9517D21E39AA889BD5AADC8|1B491180398E2F0390E6A588B3BCE291|NA,0.02921875,6400
033E492229C2222EFAA16EE8A6462D8B|7E56C27BFF0305E788DA55A029EC4988|4C90FD52FC53D2C1C205844CB69575AB|C45A9AC6D102ACAEEDF0D6F78636D84A|94A61E9DE15C6044228959D30082F0FF,0.02920723226703755,719
7F286560861764CCB93C90B7AA833949|D7D1FB49049702BF6338894757E0D959|NA|A5D15FC386510762EC0DDFF54ABE6F94|F378349B58EBBD5DE33FABB3764BD47D,0.02912621359223301,412
DDC2B3CC38945E431DE1B3F59EC56680|7E56C27BFF0305E788DA55A029EC4988|NA|NA|B11F83250E97B9AE77366F23AD8D8567,0.02911931818181818,1408
DDC2B3CC38945E431DE1B3F59EC56680|D7D1FB49049702BF6338894757E0D959|NA|NA|108710700332494629A135194D769338,0.0291005291005291,378
033E492229C2222EFAA16EE8A6462D8B|7E56C27BFF0305E788DA55A029EC4988|4C90FD52FC53D2C1C205844CB69575AB|1B491180398E2F0390E6A588B3BCE291|07437DCDB57B7C9FAEFA4BA70E28D8FA,0.029077117572692796,791
7F286560861764CCB93C90B7AA833949|7E56C27BFF0305E788DA55A029EC4988|4C90FD52FC53D2C1C205844CB69575AB|A5D15FC386510762EC0DDFF54ABE6F94|C2E6CDD3B3CA1F3286585096B6A1C110,0.029045643153526972,241
62D6A49514020FA0B2E434DB0B506005|D7D1FB49049702BF6338894757E0D959|NA|NA|4E72C4CD48BC8B884E9381B2F213F740,0.02904162633107454,1033
033E492229C2222EFAA16EE8A6462D8B|7E56C27BFF0305E788DA55A029EC4988|4C90FD52FC53D2C1C205844CB69575AB|1B491180398E2F0390E6A588B3BCE291|5C18DE15B59582D607DFFFA1E2CA832B,0.02903225806451613,310
B4B45C6CE5FC4DE45AB02974D8849DBD|FF2C446555E3822B0E0FC3406116E86D|88460293E9517D21E39AA889BD5AADC8|1B491180398E2F0390E6A588B3BCE291|NA,0.028985507246376812,345
62D6A49514020FA0B2E434DB0B506005|7E56C27BFF0305E788DA55A029EC4988|NA|NA|81827A9C0DA30F3FC9B79EFC586539D8,0.028846153846153848,416
033E492229C2222EFAA16EE8A6462D8B|7E56C27BFF0305E788DA55A029EC4988|4C90FD52FC53D2C1C205844CB69575AB|1B491180398E2F0390E6A588B3BCE291|67096EE2371B01CF99BF0849CA11339D,0.028846153846153848,208
62D6A49514020FA0B2E434DB0B506005|7E56C27BFF0305E788DA55A029EC4988|NA|NA|CBC00BEBCB54C0BC77EF37DCD5B35351,0.02880658436213992,243
13C26D10258053889D75D9B9CA922EC7|D7D1FB49049702BF6338894757E0D959|NA|NA|F5EF2DF62CB0368589D7B6D9B0C3428B,0.02874251497005988,835
13C26D10258053889D75D9B9CA922EC7|7E56C27BFF0305E788DA55A029EC4988|NA|NA|4F75DFA8691720C6C339B4FC1AE4934B,0.028740490278951817,1183
033E492229C2222EFAA16EE8A6462D8B|7E56C27BFF0305E788DA55A029EC4988|4C90FD52FC53D2C1C205844CB69575AB|1B491180398E2F0390E6A588B3BCE291|0A52952FE7ECA61C85A6A0FEA9A87FE3,0.028735632183908046,522
7532B3FBAFEC164460C4ED6FEB0C022C|7E56C27BFF0305E788DA55A029EC4988|NA|NA|B11F83250E97B9AE77366F23AD8D8567,0.028717102152063075,116307
EC997D43AC86A75D9B88A1051F86A67C|7E56C27BFF0305E788DA55A029EC4988|NA|NA|6C37BAD255FA1CA7755AA7342B70FE75,0.028705837173579107,10416
7F286560861764CCB93C90B7AA833949|7E56C27BFF0305E788DA55A029EC4988|NA|NA|38D70D76FA79022E9EED2C4E6F6A97FA,0.02867383512544803,558
033E492229C2222EFAA16EE8A6462D8B|D7D1FB49049702BF6338894757E0D959|4C90FD52FC53D2C1C205844CB69575AB|1B491180398E2F0390E6A588B3BCE291|BDFF836E18B0B61A7370F3B38C705C58,0.02867383512544803,279
B4B45C6CE5FC4DE45AB02974D8849DBD|7E56C27BFF0305E788DA55A029EC4988|NA|NA|0E72E8857D94BBAD66D540DBB6E696DB,0.02857142857142857,210
13C26D10258053889D75D9B9CA922EC7|D7D1FB49049702BF6338894757E0D959|NA|NA|1B813517940C058C7C91EA8A06069F08,0.02857142857142857,210
033E492229C2222EFAA16EE8A6462D8B|7E56C27BFF0305E788DA55A029EC4988|4C90FD52FC53D2C1C205844CB69575AB|1B491180398E2F0390E6A588B3BCE291|1444F7B81C77B6A1752DC478F00BF61F,0.02854923286074966,5149
13C26D10258053889D75D9B9CA922EC7|7E56C27BFF0305E788DA55A029EC4988|NA|NA|C0DB167523C1294111BF32BD10B8C034,0.02849002849002849,351
033E492229C2222EFAA16EE8A6462D8B|D7D1FB49049702BF6338894757E0D959|4C90FD52FC53D2C1C205844CB69575AB|C45A9AC6D102ACAEEDF0D6F78636D84A|5C7F8ADC5E78FDD710F0D7CB0F14E7F3,0.02849002849002849,351
5D656311CF9F47E34248BE9FBFF194A0|7E56C27BFF0305E788DA55A029EC4988|4C90FD52FC53D2C1C205844CB69575AB|A5D15FC386510762EC0DDFF54ABE6F94|F03C4DD9957C2764BC46A72F31E4D781,0.028481012658227847,316
7532B3FBAFEC164460C4ED6FEB0C022C|D7D1FB49049702BF6338894757E0D959|NA|NA|7701878A012E56D94E3892FA2EF86D86,0.028469750889679714,281
B4B45C6CE5FC4DE45AB02974D8849DBD|7E56C27BFF0305E788DA55A029EC4988|NA|NA|B7BC27C242F50667610A3569FFDAF1F4,0.02843601895734597,633
7532B3FBAFEC164460C4ED6FEB0C022C|D7D1FB49049702BF6338894757E0D959|88460293E9517D21E39AA889BD5AADC8|A5D15FC386510762EC0DDFF54ABE6F94|NA,0.02843601895734597,211
7F286560861764CCB93C90B7AA833949|7E56C27BFF0305E788DA55A029EC4988|NA|NA|A384C4AB463C4C40B38999C687D09058,0.02843601895734597,211
033E492229C2222EFAA16EE8A6462D8B|D7D1FB49049702BF6338894757E0D959|88460293E9517D21E39AA889BD5AADC8|A5D15FC386510762EC0DDFF54ABE6F94|160545AFA042752EEA35E0D4A6CF0894,0.028309741881765195,1201
7532B3FBAFEC164460C4ED6FEB0C022C|7E56C27BFF0305E788DA55A029EC4988|NA|NA|5BCBE7162BC4BA8113309EF34B7FD9CA,0.02830188679245283,212
13C26D10258053889D75D9B9CA922EC7|D7D1FB49049702BF6338894757E0D959|NA|NA|B9AD7BDBC46ED22B4E8678F1785AAAAB,0.028273809523809524,672
7F286560861764CCB93C90B7AA833949|7E56C27BFF0305E788DA55A029EC4988|4C90FD52FC53D2C1C205844CB69575AB|A5D15FC386510762EC0DDFF54ABE6F94|16DC08297D469D4E52076F9DAD24540F,0.028255927249106853,3079
635623BABBB7DA2E072D8C339F606E15|7E56C27BFF0305E788DA55A029EC4988|NA|NA|E162949063EE8039063BCD22C06D2028,0.02823920265780731,3010
DDC2B3CC38945E431DE1B3F59EC56680|D7D1FB49049702BF6338894757E0D959|NA|NA|A834296B9A929B137F0488F82EC7EAE0,0.02823529411764706,425
7532B3FBAFEC164460C4ED6FEB0C022C|7E56C27BFF0305E788DA55A029EC4988|NA|NA|BBB731D7CE3409859340771B083DFA46,0.028225806451612902,248
B4B45C6CE5FC4DE45AB02974D8849DBD|7E56C27BFF0305E788DA55A029EC4988|4C90FD52FC53D2C1C205844CB69575AB|A5D15FC386510762EC0DDFF54ABE6F94|559757634EFE98680DD4EE7BD4BBCDC0,0.02821316614420063,319
635623BABBB7DA2E072D8C339F606E15|7E56C27BFF0305E788DA55A029EC4988|NA|NA|7AB33D393A636E3D1B883A548021CFED,0.028178389172398493,4507
7F286560861764CCB93C90B7AA833949|D7D1FB49049702BF6338894757E0D959|NA|NA|234616CF0F33924F5F104C3BC3AC6AE9,0.028169014084507043,213
DDC2B3CC38945E431DE1B3F59EC56680|7E56C27BFF0305E788DA55A029EC4988|NA|NA|AE2BAD2C8A2874D044B931B7811636DA,0.028112449799196786,249
88CED8BA3AA711A20ACF8B1FC574F218|7E56C27BFF0305E788DA55A029EC4988|NA|NA|973C4BCBCF1A3EAF597080F527E454F2,0.028064992614475627,677
DDC2B3CC38945E431DE1B3F59EC56680|D7D1FB49049702BF6338894757E0D959|NA|NA|A29BF82BD63CF789441238F138189F03,0.028057173107464268,1889
88CED8BA3AA711A20ACF8B1FC574F218|FF2C446555E3822B0E0FC3406116E86D|NA|NA|772A2833FFF639F9FF9371AFACA779E3,0.028037383177570093,214
B4B45C6CE5FC4DE45AB02974D8849DBD|7E56C27BFF0305E788DA55A029EC4988|NA|NA|9F1805099CA44241C369D8B47EBA180C,0.028037383177570093,642
033E492229C2222EFAA16EE8A6462D8B|7E56C27BFF0305E788DA55A029EC4988|4C90FD52FC53D2C1C205844CB69575AB|C45A9AC6D102ACAEEDF0D6F78636D84A|89727828850A050EFBA546E7AD8648BA,0.028037383177570093,214
033E492229C2222EFAA16EE8A6462D8B|7E56C27BFF0305E788DA55A029EC4988|4C90FD52FC53D2C1C205844CB69575AB|C45A9AC6D102ACAEEDF0D6F78636D84A|635A3EF4F16C9B52F3334F52B864E056,0.028024217719697878,33364
13C26D10258053889D75D9B9CA922EC7|7E56C27BFF0305E788DA55A029EC4988|NA|NA|E5EBD17B8FAF14A821B4254C667CD5CA,0.027906976744186046,215
944B2A351FEFAC79AEAA9DA57E1B351F|D7D1FB49049702BF6338894757E0D959|NA|NA|7A3498DB539F266FC1E3FABB4D1EE501,0.027874564459930314,287
033E492229C2222EFAA16EE8A6462D8B|7E56C27BFF0305E788DA55A029EC4988|88460293E9517D21E39AA889BD5AADC8|C45A9AC6D102ACAEEDF0D6F78636D84A|91B22DE27E9D5A5608C4EB3BDFA679AC,0.027834351663272233,1473
EC997D43AC86A75D9B88A1051F86A67C|D7D1FB49049702BF6338894757E0D959|NA|NA|08DB00AC287FC6F1B8810D90E15F7FB7,0.027807486631016044,935
E02400CDAD96905D88E932FE9B7D3552|7E56C27BFF0305E788DA55A029EC4988|NA|NA|6394CA9C53E1A1793B4D84902703BEF2,0.027777777777777776,216
033E492229C2222EFAA16EE8A6462D8B|7E56C27BFF0305E788DA55A029EC4988|88460293E9517D21E39AA889BD5AADC8|C45A9AC6D102ACAEEDF0D6F78636D84A|160545AFA042752EEA35E0D4A6CF0894,0.027777777777777776,540
2551A1FA7839742971CDF4C67667E17A|7E56C27BFF0305E788DA55A029EC4988|4C90FD52FC53D2C1C205844CB69575AB|A5D15FC386510762EC0DDFF54ABE6F94|0D6DE028115527624E70F3B029FC78FD,0.027777777777777776,288
13C26D10258053889D75D9B9CA922EC7|7E56C27BFF0305E788DA55A029EC4988|4C90FD52FC53D2C1C205844CB69575AB|C45A9AC6D102ACAEEDF0D6F78636D84A|970F7F5D2A62623FCE80BE8253D4699F,0.027755102040816326,1225
13C26D10258053889D75D9B9CA922EC7|D7D1FB49049702BF6338894757E0D959|NA|NA|0C2383E4B832F2FCD9BB84F82454581C,0.02773246329526917,1839
13C26D10258053889D75D9B9CA922EC7|7E56C27BFF0305E788DA55A029EC4988|NA|NA|754D371335C89C2FB2EAA50D651207BE,0.027726432532347505,541
7F286560861764CCB93C90B7AA833949|7E56C27BFF0305E788DA55A029EC4988|NA|NA|B11F83250E97B9AE77366F23AD8D8567,0.027678830126293186,176019
13C26D10258053889D75D9B9CA922EC7|7E56C27BFF0305E788DA55A029EC4988|NA|NA|C879D5380D1E645632D9FA9A518202CA,0.027675276752767528,542
13C26D10258053889D75D9B9CA922EC7|7E56C27BFF0305E788DA55A029EC4988|NA|NA|BF8FBA4622733E456B462E977F473F3C,0.02766798418972332,253
033E492229C2222EFAA16EE8A6462D8B|7E56C27BFF0305E788DA55A029EC4988|4C90FD52FC53D2C1C205844CB69575AB|C45A9AC6D102ACAEEDF0D6F78636D84A|67096EE2371B01CF99BF0849CA11339D,0.02766798418972332,506
635623BABBB7DA2E072D8C339F606E15|7E56C27BFF0305E788DA55A029EC4988|NA|NA|22489335CE80B9CFCE85DEFED4C47820,0.02761795166858458,869
635623BABBB7DA2E072D8C339F606E15|D7D1FB49049702BF6338894757E0D959|NA|NA|C4EE7EA84A44D30C8BA8FE7547029F23,0.027522935779816515,218
13C26D10258053889D75D9B9CA922EC7|D7D1FB49049702BF6338894757E0D959|NA|NA|247644C124C3882AC675FFD5F306B98C,0.027522935779816515,327
B4B45C6CE5FC4DE45AB02974D8849DBD|D7D1FB49049702BF6338894757E0D959|NA|NA|7751E7E17F02159D12302F5D1F69B2F7,0.027522935779816515,218
62D6A49514020FA0B2E434DB0B506005|7E56C27BFF0305E788DA55A029EC4988|NA|NA|115A0F721A382F1952B6F0F800ABF38A,0.027522935779816515,218
7532B3FBAFEC164460C4ED6FEB0C022C|7E56C27BFF0305E788DA55A029EC4988|NA|NA|B82E76D8D869391920AC76350E2642A5,0.027450980392156862,255
5D656311CF9F47E34248BE9FBFF194A0|D7D1FB49049702BF6338894757E0D959|NA|NA|4176C387CC64BE7AF5FCB3B50E36AF90,0.02734375,256
635623BABBB7DA2E072D8C339F606E15|7E56C27BFF0305E788DA55A029EC4988|NA|NA|79932D613E653DB87F4819CB926BDDDA,0.0273109243697479,2856
13C26D10258053889D75D9B9CA922EC7|D7D1FB49049702BF6338894757E0D959|NA|NA|66A576241F26DC2F3EFCA238E61D30C4,0.0273109243697479,476
033E492229C2222EFAA16EE8A6462D8B|7E56C27BFF0305E788DA55A029EC4988|4C90FD52FC53D2C1C205844CB69575AB|1B491180398E2F0390E6A588B3BCE291|2F70794FA84640F808ACAA15708FA300,0.027303754266211604,293
033E492229C2222EFAA16EE8A6462D8B|7E56C27BFF0305E788DA55A029EC4988|4C90FD52FC53D2C1C205844CB69575AB|1B491180398E2F0390E6A588B3BCE291|022EC1AA9926BE6ABB130F85012EDDFC,0.02727272727272727,440
635623BABBB7DA2E072D8C339F606E15|7E56C27BFF0305E788DA55A029EC4988|NA|NA|5622190DFDBC651D44F916EE4AF168C1,0.027232425585813805,1579
033E492229C2222EFAA16EE8A6462D8B|7E56C27BFF0305E788DA55A029EC4988|4C90FD52FC53D2C1C205844CB69575AB|C45A9AC6D102ACAEEDF0D6F78636D84A|D08204406DDC936CEEC0A8302AB525FE,0.027210884353741496,294
7532B3FBAFEC164460C4ED6FEB0C022C|7E56C27BFF0305E788DA55A029EC4988|NA|NA|D05844D030B416F21C26B06431EB8C6D,0.027210884353741496,441
033E492229C2222EFAA16EE8A6462D8B|7E56C27BFF0305E788DA55A029EC4988|4C90FD52FC53D2C1C205844CB69575AB|1B491180398E2F0390E6A588B3BCE291|8A152E905450A20787F92A2A26D2E894,0.027192982456140352,1140
033E492229C2222EFAA16EE8A6462D8B|7E56C27BFF0305E788DA55A029EC4988|4C90FD52FC53D2C1C205844CB69575AB|A5D15FC386510762EC0DDFF54ABE6F94|00AF1D1CB6DE522C356AF896151160A1,0.02719200887902331,7208
13C26D10258053889D75D9B9CA922EC7|7E56C27BFF0305E788DA55A029EC4988|NA|NA|F7F1658DD450129A07937C0711A3193F,0.027149321266968326,663
13C26D10258053889D75D9B9CA922EC7|7E56C27BFF0305E788DA55A029EC4988|4C90FD52FC53D2C1C205844CB69575AB|A5D15FC386510762EC0DDFF54ABE6F94|E714933778B60057DF766A99D51A0092,0.027149321266968326,221
7F286560861764CCB93C90B7AA833949|7E56C27BFF0305E788DA55A029EC4988|NA|NA|2C3C4DE27C50844DFA37D48BA84EBF1C,0.027131782945736434,258
7532B3FBAFEC164460C4ED6FEB0C022C|7E56C27BFF0305E788DA55A029EC4988|NA|NA|857F841D4C331405E7C3755AB913F483,0.027105517909002903,1033
7F286560861764CCB93C90B7AA833949|D7D1FB49049702BF6338894757E0D959|NA|NA|C73110F60976C49F41160AC28CBBF218,0.02710413694721826,701
9D307E5B713DE5E90D787BE9F802AFBB|7E56C27BFF0305E788DA55A029EC4988|88460293E9517D21E39AA889BD5AADC8|A5D15FC386510762EC0DDFF54ABE6F94|C2D8BCFF32B2F318ED81C00EC2566E3F,0.027093596059113302,406
033E492229C2222EFAA16EE8A6462D8B|7E56C27BFF0305E788DA55A029EC4988|4C90FD52FC53D2C1C205844CB69575AB|1B491180398E2F0390E6A588B3BCE291|D6B50AA443DF861F0F05207AE53CD736,0.027093596059113302,406
62D6A49514020FA0B2E434DB0B506005|7E56C27BFF0305E788DA55A029EC4988|88460293E9517D21E39AA889BD5AADC8|NA|B54AB6CB5221CBCF51F9D64F6CC7FF9E,0.02706943899568458,10196
944B2A351FEFAC79AEAA9DA57E1B351F|7E56C27BFF0305E788DA55A029EC4988|NA|NA|118A89A9AD13C189F072525F2129BFB8,0.02702702702702703,259
13C26D10258053889D75D9B9CA922EC7|7E56C27BFF0305E788DA55A029EC4988|NA|NA|A797597374D52C1A67E70E42330B6638,0.02702702702702703,1369
13C26D10258053889D75D9B9CA922EC7|7E56C27BFF0305E788DA55A029EC4988|NA|NA|07F0DF86BFCE46294F02F6A6E2C44122,0.02702702702702703,333
7F286560861764CCB93C90B7AA833949|D7D1FB49049702BF6338894757E0D959|NA|A5D15FC386510762EC0DDFF54ABE6F94|BB2F29DFC2519EB26E041BDCBF98F454,0.026905829596412557,223
B4B45C6CE5FC4DE45AB02974D8849DBD|7E56C27BFF0305E788DA55A029EC4988|88460293E9517D21E39AA889BD5AADC8|1B491180398E2F0390E6A588B3BCE291|NA,0.02689655172413793,4350
635623BABBB7DA2E072D8C339F606E15|7E56C27BFF0305E788DA55A029EC4988|NA|NA|857FDAE4546F5626E73BDB2D82EFE8AA,0.026802567006417515,2649
7F286560861764CCB93C90B7AA833949|D7D1FB49049702BF6338894757E0D959|NA|NA|5A3A8C42F94A44C355B403084267211E,0.026785714285714284,560
033E492229C2222EFAA16EE8A6462D8B|7E56C27BFF0305E788DA55A029EC4988|4C90FD52FC53D2C1C205844CB69575AB|1B491180398E2F0390E6A588B3BCE291|1F7FC5AEA3E698FA519CEE8A4806F472,0.026785714285714284,224
7532B3FBAFEC164460C4ED6FEB0C022C|7E56C27BFF0305E788DA55A029EC4988|NA|NA|343E207042D27475F79B87DC37A07DFA,0.02677376171352075,747
7532B3FBAFEC164460C4ED6FEB0C022C|7E56C27BFF0305E788DA55A029EC4988|88460293E9517D21E39AA889BD5AADC8|C45A9AC6D102ACAEEDF0D6F78636D84A|NA,0.0267601146862058,6278
EC997D43AC86A75D9B88A1051F86A67C|7E56C27BFF0305E788DA55A029EC4988|NA|NA|B11F83250E97B9AE77366F23AD8D8567,0.026687763713080168,9480
13C26D10258053889D75D9B9CA922EC7|7E56C27BFF0305E788DA55A029EC4988|NA|NA|BC91E3EE5817446D2D691C2BC81A60BA,0.026683608640406607,787
6A21F69EBA80612A04B0F6BAC857AAF2|7E56C27BFF0305E788DA55A029EC4988|88460293E9517D21E39AA889BD5AADC8|NA|65AA74C29D61CB88D808B4B3565E02A6,0.02666666666666667,300
7F286560861764CCB93C90B7AA833949|7E56C27BFF0305E788DA55A029EC4988|NA|NA|234D868EB360F83CD0AF8711655E68CC,0.026614651061985264,11535
88CED8BA3AA711A20ACF8B1FC574F218|FF2C446555E3822B0E0FC3406116E86D|NA|NA|8E1AA1A1FC6830A76CECA764554E3F9F,0.026578073089700997,301
635623BABBB7DA2E072D8C339F606E15|7E56C27BFF0305E788DA55A029EC4988|NA|NA|91CCBB469566D1E6C473F5EE7DCC15D3,0.026533996683250415,603
635623BABBB7DA2E072D8C339F606E15|7E56C27BFF0305E788DA55A029EC4988|NA|NA|DFF163EFD2EF6EB2E2D1868AE46BE204,0.026503567787971458,5886
13C26D10258053889D75D9B9CA922EC7|D7D1FB49049702BF6338894757E0D959|4C90FD52FC53D2C1C205844CB69575AB|1B491180398E2F0390E6A588B3BCE291|B8968390A2493DD7B9BA9B59AD57138D,0.026503567787971458,981
13C26D10258053889D75D9B9CA922EC7|7E56C27BFF0305E788DA55A029EC4988|4C90FD52FC53D2C1C205844CB69575AB|1B491180398E2F0390E6A588B3BCE291|970F7F5D2A62623FCE80BE8253D4699F,0.026394422310756973,2008
13C26D10258053889D75D9B9CA922EC7|7E56C27BFF0305E788DA55A029EC4988|NA|NA|8FB3CCD05A351D929F2642899D6368AD,0.026392961876832845,341
7532B3FBAFEC164460C4ED6FEB0C022C|FF2C446555E3822B0E0FC3406116E86D|NA|A5D15FC386510762EC0DDFF54ABE6F94|8C83357A456568F5BA3247ED5DDC9EC5,0.026385224274406333,379
13C26D10258053889D75D9B9CA922EC7|D7D1FB49049702BF6338894757E0D959|NA|NA|07508A753CA60A33280BE61FB127B09E,0.026359143327841845,607
033E492229C2222EFAA16EE8A6462D8B|D7D1FB49049702BF6338894757E0D959|4C90FD52FC53D2C1C205844CB69575AB|C45A9AC6D102ACAEEDF0D6F78636D84A|CA14A35227D764533DE6FA3BA39C8C89,0.02635431918008785,683
033E492229C2222EFAA16EE8A6462D8B|7E56C27BFF0305E788DA55A029EC4988|4C90FD52FC53D2C1C205844CB69575AB|1B491180398E2F0390E6A588B3BCE291|89D7B0D0C5A8113F6801389949CC47E0,0.02631578947368421,228
13C26D10258053889D75D9B9CA922EC7|7E56C27BFF0305E788DA55A029EC4988|NA|NA|9DD2C9A7B930159DAFDEAD9EC827AF9B,0.02631578947368421,266
62D6A49514020FA0B2E434DB0B506005|D7D1FB49049702BF6338894757E0D959|NA|NA|FC7B9A84CDC293B043B53D922CC20A44,0.02626970227670753,571
13C26D10258053889D75D9B9CA922EC7|7E56C27BFF0305E788DA55A029EC4988|4C90FD52FC53D2C1C205844CB69575AB|1B491180398E2F0390E6A588B3BCE291|BAED1CDE4EA9644F885CB85B8000FFDE,0.026251025430680888,1219
033E492229C2222EFAA16EE8A6462D8B|7E56C27BFF0305E788DA55A029EC4988|4C90FD52FC53D2C1C205844CB69575AB|A5D15FC386510762EC0DDFF54ABE6F94|DA39B9366CE30905719825A4B232FF68,0.026243093922651933,724
635623BABBB7DA2E072D8C339F606E15|7E56C27BFF0305E788DA55A029EC4988|NA|NA|0F6E1C83DB12F7E6590AFA98B67A80FD,0.02620967741935484,1984
033E492229C2222EFAA16EE8A6462D8B|7E56C27BFF0305E788DA55A029EC4988|4C90FD52FC53D2C1C205844CB69575AB|1B491180398E2F0390E6A588B3BCE291|BD78C6EF38BA521BF636C8E50F9C2B5D,0.02619047619047619,840
635623BABBB7DA2E072D8C339F606E15|7E56C27BFF0305E788DA55A029EC4988|NA|NA|CF9D8B2945C2CF297B5BBCB49FEA1613,0.026143790849673203,918
033E492229C2222EFAA16EE8A6462D8B|7E56C27BFF0305E788DA55A029EC4988|4C90FD52FC53D2C1C205844CB69575AB|C45A9AC6D102ACAEEDF0D6F78636D84A|2F3652FAA68FBD727B9891ACE4C11A13,0.026128266033254157,421
7532B3FBAFEC164460C4ED6FEB0C022C|7E56C27BFF0305E788DA55A029EC4988|NA|NA|5740DF2012C7D506A0798A3ABB21550F,0.026106987458407987,7814
13C26D10258053889D75D9B9CA922EC7|D7D1FB49049702BF6338894757E0D959|NA|NA|0FB68EC8CA884C33131EA7D83DF3E514,0.026041666666666668,1536
635623BABBB7DA2E072D8C339F606E15|7E56C27BFF0305E788DA55A029EC4988|NA|NA|F576E68985719953B7929839A7E1D7CB,0.026040336992596374,3917
7F286560861764CCB93C90B7AA833949|D7D1FB49049702BF6338894757E0D959|NA|NA|AEDB10AA244E676818E82788E2A56781,0.025974025974025976,231
944B2A351FEFAC79AEAA9DA57E1B351F|7E56C27BFF0305E788DA55A029EC4988|NA|NA|3EE8AC2C070682D9A463196D131D8B56,0.025974025974025976,231
635623BABBB7DA2E072D8C339F606E15|7E56C27BFF0305E788DA55A029EC4988|NA|NA|AB63F5B09C00A51ADAD9C185BF696D87,0.02593192868719611,4936
2134F56D3769B5022DB7172F1536B749|D7D1FB49049702BF6338894757E0D959|NA|NA|624137EAFA78913FF6BD638D1ACCBE43,0.025906735751295335,386
88CED8BA3AA711A20ACF8B1FC574F218|D7D1FB49049702BF6338894757E0D959|NA|NA|52C395F2286B2F794259FBDACE2B453B,0.025905687107872902,4941
033E492229C2222EFAA16EE8A6462D8B|7E56C27BFF0305E788DA55A029EC4988|4C90FD52FC53D2C1C205844CB69575AB|1B491180398E2F0390E6A588B3BCE291|AF4C6588A73BD1F2D99A2975BCEC8C6C,0.025891548607718612,2047
944B2A351FEFAC79AEAA9DA57E1B351F|7E56C27BFF0305E788DA55A029EC4988|NA|NA|8DF1CC1D582665EC8417DA850C7D3610,0.025878003696857672,541
62D6A49514020FA0B2E434DB0B506005|D7D1FB49049702BF6338894757E0D959|NA|A5D15FC386510762EC0DDFF54ABE6F94|B54AB6CB5221CBCF51F9D64F6CC7FF9E,0.025830258302583026,271
7F286560861764CCB93C90B7AA833949|7E56C27BFF0305E788DA55A029EC4988|NA|NA|74A7EEFA264BFBF1CE03BCE3A33CE8C8,0.025821596244131457,852
13C26D10258053889D75D9B9CA922EC7|7E56C27BFF0305E788DA55A029EC4988|4C90FD52FC53D2C1C205844CB69575AB|1B491180398E2F0390E6A588B3BCE291|NA,0.025821596244131457,426
6A21F69EBA80612A04B0F6BAC857AAF2|7E56C27BFF0305E788DA55A029EC4988|4C90FD52FC53D2C1C205844CB69575AB|A5D15FC386510762EC0DDFF54ABE6F94|2678C83B0377D4C5FD5367C123EB7F76,0.025806451612903226,310
033E492229C2222EFAA16EE8A6462D8B|D7D1FB49049702BF6338894757E0D959|4C90FD52FC53D2C1C205844CB69575AB|1B491180398E2F0390E6A588B3BCE291|3DF2BEDE6A8FDFA7F97B97FFF6EF38CC,0.02575107296137339,233
88CED8BA3AA711A20ACF8B1FC574F218|7E56C27BFF0305E788DA55A029EC4988|NA|NA|0E6BFF1004611496843A03A25712B65D,0.02575107296137339,233
13C26D10258053889D75D9B9CA922EC7|D7D1FB49049702BF6338894757E0D959|NA|NA|B16275D10AF8C1651D61B09156167B5D,0.02574257425742574,505
EC997D43AC86A75D9B88A1051F86A67C|D7D1FB49049702BF6338894757E0D959|NA|NA|429BD8007F352B3AED05752092963E50,0.025714285714285714,350
13C26D10258053889D75D9B9CA922EC7|D7D1FB49049702BF6338894757E0D959|NA|NA|AD8B39EEEA95526C8B9B11CA8BC8E6E5,0.02564102564102564,351
7F286560861764CCB93C90B7AA833949|D7D1FB49049702BF6338894757E0D959|NA|NA|4E72C4CD48BC8B884E9381B2F213F740,0.02564102564102564,234
EC997D43AC86A75D9B88A1051F86A67C|7E56C27BFF0305E788DA55A029EC4988|4C90FD52FC53D2C1C205844CB69575AB|1B491180398E2F0390E6A588B3BCE291|705BC549AFF7EFF0FB438E5BDDC40029,0.02564102564102564,312
033E492229C2222EFAA16EE8A6462D8B|7E56C27BFF0305E788DA55A029EC4988|4C90FD52FC53D2C1C205844CB69575AB|C45A9AC6D102ACAEEDF0D6F78636D84A|1C706AAA03DE5DE9DC3BE1785BD8653E,0.025602409638554216,1328
7532B3FBAFEC164460C4ED6FEB0C022C|7E56C27BFF0305E788DA55A029EC4988|NA|NA|119D16CB8CB1E718DE4C33AE2737CBCA,0.02558139534883721,860
62D6A49514020FA0B2E434DB0B506005|7E56C27BFF0305E788DA55A029EC4988|NA|NA|CF322E0E21184AF65E9CA70EC7FB63B0,0.025563403969054828,2973
033E492229C2222EFAA16EE8A6462D8B|D7D1FB49049702BF6338894757E0D959|4C90FD52FC53D2C1C205844CB69575AB|C45A9AC6D102ACAEEDF0D6F78636D84A|F0D5D67EB388609ED73125E8258992AC,0.025523560209424083,1528
7532B3FBAFEC164460C4ED6FEB0C022C|7E56C27BFF0305E788DA55A029EC4988|4C90FD52FC53D2C1C205844CB69575AB|A5D15FC386510762EC0DDFF54ABE6F94|350614B9917D4F86060C8918182D8AC1,0.025522041763341066,431
62D6A49514020FA0B2E434DB0B506005|D7D1FB49049702BF6338894757E0D959|4C90FD52FC53D2C1C205844CB69575AB|A5D15FC386510762EC0DDFF54ABE6F94|79A102275FB44F8BFBEA45E190947514,0.02546296296296296,432
7532B3FBAFEC164460C4ED6FEB0C022C|7E56C27BFF0305E788DA55A029EC4988|NA|NA|640F261C8C7DA27A95DCCB08959C5386,0.02536997885835095,473
033E492229C2222EFAA16EE8A6462D8B|7E56C27BFF0305E788DA55A029EC4988|4C90FD52FC53D2C1C205844CB69575AB|C45A9AC6D102ACAEEDF0D6F78636D84A|B39A159BB282D1A2C863DC1AB92F1DC0,0.025362318840579712,276
033E492229C2222EFAA16EE8A6462D8B|7E56C27BFF0305E788DA55A029EC4988|88460293E9517D21E39AA889BD5AADC8|A5D15FC386510762EC0DDFF54ABE6F94|A7376287D4C753A7BA2C20601725514D,0.025362318840579712,276
635623BABBB7DA2E072D8C339F606E15|7E56C27BFF0305E788DA55A029EC4988|NA|NA|A87005698F819197CD635F1C311AAF97,0.025295109612141653,593
13C26D10258053889D75D9B9CA922EC7|7E56C27BFF0305E788DA55A029EC4988|4C90FD52FC53D2C1C205844CB69575AB|C45A9AC6D102ACAEEDF0D6F78636D84A|74B040CF7EFE9836718C19173BDFE539,0.02527075812274368,831
DDC2B3CC38945E431DE1B3F59EC56680|D7D1FB49049702BF6338894757E0D959|4C90FD52FC53D2C1C205844CB69575AB|C45A9AC6D102ACAEEDF0D6F78636D84A|635A3EF4F16C9B52F3334F52B864E056,0.025252525252525252,396
635623BABBB7DA2E072D8C339F606E15|7E56C27BFF0305E788DA55A029EC4988|NA|NA|45DB77CEFE5C907CFAC6A9E7B17320B8,0.025185185185185185,675
033E492229C2222EFAA16EE8A6462D8B|7E56C27BFF0305E788DA55A029EC4988|4C90FD52FC53D2C1C205844CB69575AB|1B491180398E2F0390E6A588B3BCE291|7346C24148D8BCD23758B4C2E12FE84E,0.025179856115107913,278
88CED8BA3AA711A20ACF8B1FC574F218|7E56C27BFF0305E788DA55A029EC4988|NA|NA|8E1AA1A1FC6830A76CECA764554E3F9F,0.02512562814070352,995
635623BABBB7DA2E072D8C339F606E15|7E56C27BFF0305E788DA55A029EC4988|NA|NA|6E7539867D2A93BB78CA817F05672611,0.025020177562550445,1239
7532B3FBAFEC164460C4ED6FEB0C022C|D7D1FB49049702BF6338894757E0D959|NA|NA|F9129A56FB5D3F2279E0D4E9C6EBE85D,0.025,240
635623BABBB7DA2E072D8C339F606E15|7E56C27BFF0305E788DA55A029EC4988|NA|NA|1657FDA632AA14EBD86FF2072EDBDCB0,0.025,240
944B2A351FEFAC79AEAA9DA57E1B351F|7E56C27BFF0305E788DA55A029EC4988|NA|NA|8C0D099401B1045282915D918106CD0D,0.025,1880
B4B45C6CE5FC4DE45AB02974D8849DBD|7E56C27BFF0305E788DA55A029EC4988|4C90FD52FC53D2C1C205844CB69575AB|A5D15FC386510762EC0DDFF54ABE6F94|C2041C39592D7C4CB10FF93D2023B298,0.02491103202846975,281
88CED8BA3AA711A20ACF8B1FC574F218|7E56C27BFF0305E788DA55A029EC4988|NA|NA|7BD798DE7638C3B377FB5FA17EB1FF76,0.02491103202846975,281
7F286560861764CCB93C90B7AA833949|7E56C27BFF0305E788DA55A029EC4988|4C90FD52FC53D2C1C205844CB69575AB|A5D15FC386510762EC0DDFF54ABE6F94|33C324E25E9C770024B41A67C284E9A9,0.024886877828054297,442
7F286560861764CCB93C90B7AA833949|7E56C27BFF0305E788DA55A029EC4988|NA|NA|4853C993CA553E6C4C44D45B4F057DD3,0.024859663191659984,1247
033E492229C2222EFAA16EE8A6462D8B|7E56C27BFF0305E788DA55A029EC4988|4C90FD52FC53D2C1C205844CB69575AB|1B491180398E2F0390E6A588B3BCE291|5FF000A6F93F88504BA1229BEDB80361,0.02480752780153978,1169
E02400CDAD96905D88E932FE9B7D3552|7E56C27BFF0305E788DA55A029EC4988|4C90FD52FC53D2C1C205844CB69575AB|A5D15FC386510762EC0DDFF54ABE6F94|6B997DDC9D76A5946A4606B5CBDAE62F,0.024793388429752067,242
944B2A351FEFAC79AEAA9DA57E1B351F|D7D1FB49049702BF6338894757E0D959|NA|NA|7E065DD9CA4725B2413E7A233A994829,0.024793388429752067,242
88CED8BA3AA711A20ACF8B1FC574F218|7E56C27BFF0305E788DA55A029EC4988|4C90FD52FC53D2C1C205844CB69575AB|A5D15FC386510762EC0DDFF54ABE6F94|BFB018CB2CD40223877D8FB85E89FA68,0.024774774774774775,1332
62D6A49514020FA0B2E434DB0B506005|7E56C27BFF0305E788DA55A029EC4988|NA|NA|6D47982233CC143C5EDAFFDA1A5031A2,0.024734982332155476,283
B4B45C6CE5FC4DE45AB02974D8849DBD|7E56C27BFF0305E788DA55A029EC4988|NA|NA|E96F5BEE9F0B4E2B7091F58CFE499E60,0.024709302325581394,688
635623BABBB7DA2E072D8C339F606E15|7E56C27BFF0305E788DA55A029EC4988|NA|NA|F45DBC77CF3B6BFCF029A054976ABF70,0.024691358024691357,324
88CED8BA3AA711A20ACF8B1FC574F218|FF2C446555E3822B0E0FC3406116E86D|4C90FD52FC53D2C1C205844CB69575AB|A5D15FC386510762EC0DDFF54ABE6F94|A3087455DC81F8CBFA29D2D174CBC974,0.024667931688804556,527
635623BABBB7DA2E072D8C339F606E15|7E56C27BFF0305E788DA55A029EC4988|NA|NA|AD3E916EEC73811E10BE7ADD48A01F68,0.024576109735187656,5249
E02400CDAD96905D88E932FE9B7D3552|D7D1FB49049702BF6338894757E0D959|NA|NA|3FAA2027C3E2693674909A5F9AE6A817,0.024539877300613498,326
13C26D10258053889D75D9B9CA922EC7|7E56C27BFF0305E788DA55A029EC4988|4C90FD52FC53D2C1C205844CB69575AB|1B491180398E2F0390E6A588B3BCE291|9FE36B8229882F07FA524E9B825353F2,0.02450229709035222,1306
033E492229C2222EFAA16EE8A6462D8B|7E56C27BFF0305E788DA55A029EC4988|4C90FD52FC53D2C1C205844CB69575AB|1B491180398E2F0390E6A588B3BCE291|A353EF97DA0BC5E631E5EDD1F2DD799B,0.02450229709035222,653
7532B3FBAFEC164460C4ED6FEB0C022C|7E56C27BFF0305E788DA55A029EC4988|NA|NA|467712B842C1B3B9A014C9B7AE558D5A,0.024489795918367346,490
7F286560861764CCB93C90B7AA833949|7E56C27BFF0305E788DA55A029EC4988|NA|NA|517F6C3881913AD8B992168999A2BCFA,0.024484536082474227,776
7F286560861764CCB93C90B7AA833949|D7D1FB49049702BF6338894757E0D959|NA|A5D15FC386510762EC0DDFF54ABE6F94|NA,0.02443280977312391,573
EC997D43AC86A75D9B88A1051F86A67C|D7D1FB49049702BF6338894757E0D959|4C90FD52FC53D2C1C205844CB69575AB|C45A9AC6D102ACAEEDF0D6F78636D84A|160545AFA042752EEA35E0D4A6CF0894,0.024390243902439025,246
635623BABBB7DA2E072D8C339F606E15|7E56C27BFF0305E788DA55A029EC4988|NA|NA|E7A8141C4FD319250F245F6D42D0B941,0.024390243902439025,451
88CED8BA3AA711A20ACF8B1FC574F218|7E56C27BFF0305E788DA55A029EC4988|NA|NA|935FFCE8C0FBC9EA703EB8CCC4429C55,0.024390243902439025,615
13C26D10258053889D75D9B9CA922EC7|7E56C27BFF0305E788DA55A029EC4988|NA|NA|009C76194E29368FB073FD890067104F,0.024390243902439025,820
13C26D10258053889D75D9B9CA922EC7|7E56C27BFF0305E788DA55A029EC4988|NA|NA|CA14A35227D764533DE6FA3BA39C8C89,0.024361948955916472,862
033E492229C2222EFAA16EE8A6462D8B|7E56C27BFF0305E788DA55A029EC4988|4C90FD52FC53D2C1C205844CB69575AB|C45A9AC6D102ACAEEDF0D6F78636D84A|NA,0.024350649350649352,1232
13C26D10258053889D75D9B9CA922EC7|7E56C27BFF0305E788DA55A029EC4988|NA|NA|93FCC84E44FD0FE75B806D42D143F265,0.024324324324324326,370
7F286560861764CCB93C90B7AA833949|7E56C27BFF0305E788DA55A029EC4988|NA|NA|DBE3F4533B1116C40199ADFAE803C05A,0.024291497975708502,247
62D6A49514020FA0B2E434DB0B506005|7E56C27BFF0305E788DA55A029EC4988|88460293E9517D21E39AA889BD5AADC8|NA|B4F48D5E70E7F7F416E0C8B0D492783D,0.024291497975708502,247
E02400CDAD96905D88E932FE9B7D3552|7E56C27BFF0305E788DA55A029EC4988|921B36149E5B081FD24450BFE2CE4430|A5D15FC386510762EC0DDFF54ABE6F94|BB79074B2BF41FBF641C859EB5D449A0,0.024271844660194174,206
7532B3FBAFEC164460C4ED6FEB0C022C|D7D1FB49049702BF6338894757E0D959|NA|NA|E1FCC4B159DAE066364B3A461B6C60A6,0.024271844660194174,412
7F286560861764CCB93C90B7AA833949|7E56C27BFF0305E788DA55A029EC4988|NA|A5D15FC386510762EC0DDFF54ABE6F94|705BC549AFF7EFF0FB438E5BDDC40029,0.024271844660194174,412
944B2A351FEFAC79AEAA9DA57E1B351F|7E56C27BFF0305E788DA55A029EC4988|NA|NA|67E6BB71C2C270D90D09F7E5D7135183,0.024263431542461005,577
13C26D10258053889D75D9B9CA922EC7|7E56C27BFF0305E788DA55A029EC4988|NA|NA|07AE3A6696365F4390E726992343DDEB,0.02425876010781671,371
635623BABBB7DA2E072D8C339F606E15|7E56C27BFF0305E788DA55A029EC4988|NA|NA|2B20732E5203FF083766B28026C15761,0.024193548387096774,248
EC997D43AC86A75D9B88A1051F86A67C|D7D1FB49049702BF6338894757E0D959|4C90FD52FC53D2C1C205844CB69575AB|A5D15FC386510762EC0DDFF54ABE6F94|7C62943F063E5AF145FF4E271BBC380A,0.024154589371980676,207
944B2A351FEFAC79AEAA9DA57E1B351F|7E56C27BFF0305E788DA55A029EC4988|NA|NA|3FAA2027C3E2693674909A5F9AE6A817,0.024096385542168676,332
DDC2B3CC38945E431DE1B3F59EC56680|7E56C27BFF0305E788DA55A029EC4988|NA|NA|1BF09CE656C12C3B08444F17F7F599FC,0.024,750
13C26D10258053889D75D9B9CA922EC7|7E56C27BFF0305E788DA55A029EC4988|NA|NA|0EFBFDC9A1F90A72493200D746E2EC95,0.023983315954118872,959
7532B3FBAFEC164460C4ED6FEB0C022C|7E56C27BFF0305E788DA55A029EC4988|NA|A5D15FC386510762EC0DDFF54ABE6F94|05C80D147A36B482098EF90C75DDD451,0.023980815347721823,417
033E492229C2222EFAA16EE8A6462D8B|7E56C27BFF0305E788DA55A029EC4988|4C90FD52FC53D2C1C205844CB69575AB|1B491180398E2F0390E6A588B3BCE291|6A1F1F344D0A4A99940699B11365E7E8,0.023965141612200435,2295
033E492229C2222EFAA16EE8A6462D8B|7E56C27BFF0305E788DA55A029EC4988|4C90FD52FC53D2C1C205844CB69575AB|1B491180398E2F0390E6A588B3BCE291|D29D8BF15C3EC35BF18F72F85ECC2D76,0.023952095808383235,668
7F286560861764CCB93C90B7AA833949|D7D1FB49049702BF6338894757E0D959|NA|NA|FA9B9E133A04B2D2E01021E55AA6422D,0.023923444976076555,209
13C26D10258053889D75D9B9CA922EC7|7E56C27BFF0305E788DA55A029EC4988|NA|NA|27557C49C70B030AA18248743635907A,0.02390710382513661,1464
033E492229C2222EFAA16EE8A6462D8B|7E56C27BFF0305E788DA55A029EC4988|4C90FD52FC53D2C1C205844CB69575AB|A5D15FC386510762EC0DDFF54ABE6F94|NA,0.023866801721954926,15796
033E492229C2222EFAA16EE8A6462D8B|7E56C27BFF0305E788DA55A029EC4988|4C90FD52FC53D2C1C205844CB69575AB|C45A9AC6D102ACAEEDF0D6F78636D84A|3EC06F4FE75CB579DD2F2A9176AAADDA,0.02384105960264901,755
7F286560861764CCB93C90B7AA833949|D7D1FB49049702BF6338894757E0D959|NA|NA|F19A35C8187D2B88B1A1751E97C82AD4,0.023809523809523808,504
13C26D10258053889D75D9B9CA922EC7|7E56C27BFF0305E788DA55A029EC4988|NA|NA|89D730A4036118410D0F4EB046C2994B,0.023809523809523808,294
7532B3FBAFEC164460C4ED6FEB0C022C|7E56C27BFF0305E788DA55A029EC4988|NA|NA|1CEC3645BF22A7BEFA2C2626AD0522BE,0.023809523809523808,210
62D6A49514020FA0B2E434DB0B506005|D7D1FB49049702BF6338894757E0D959|NA|NA|CECC1EDF41B6452F676864742E03EE18,0.023809523809523808,252
033E492229C2222EFAA16EE8A6462D8B|7E56C27BFF0305E788DA55A029EC4988|4C90FD52FC53D2C1C205844CB69575AB|1B491180398E2F0390E6A588B3BCE291|83A83C6CB82E4F2F6B7F659F68CC8A62,0.023809523809523808,336
635623BABBB7DA2E072D8C339F606E15|7E56C27BFF0305E788DA55A029EC4988|4C90FD52FC53D2C1C205844CB69575AB|A5D15FC386510762EC0DDFF54ABE6F94|9E2DE851619DE1FF687164D4A448B3DA,0.023809523809523808,252
B4B45C6CE5FC4DE45AB02974D8849DBD|7E56C27BFF0305E788DA55A029EC4988|4C90FD52FC53D2C1C205844CB69575AB|A5D15FC386510762EC0DDFF54ABE6F94|6C836D103E13B794A2C74C30F23E8C29,0.023809523809523808,252
13C26D10258053889D75D9B9CA922EC7|7E56C27BFF0305E788DA55A029EC4988|4C90FD52FC53D2C1C205844CB69575AB|1B491180398E2F0390E6A588B3BCE291|970E43B765CCA7EBC3BD2F163D1A1EFE,0.023809523809523808,210
033E492229C2222EFAA16EE8A6462D8B|7E56C27BFF0305E788DA55A029EC4988|4C90FD52FC53D2C1C205844CB69575AB|1B491180398E2F0390E6A588B3BCE291|00AF1D1CB6DE522C356AF896151160A1,0.023758099352051837,1852
033E492229C2222EFAA16EE8A6462D8B|7E56C27BFF0305E788DA55A029EC4988|4C90FD52FC53D2C1C205844CB69575AB|28F311FA00BD3B4D076659D87EE3AE8D|184B83F2FF4A8F93E238F37840CBC519,0.023728813559322035,295
6A21F69EBA80612A04B0F6BAC857AAF2|7E56C27BFF0305E788DA55A029EC4988|NA|NA|7EE4093CEB17971392BDA4A6E096B08A,0.02371364653243848,2235
88CED8BA3AA711A20ACF8B1FC574F218|7E56C27BFF0305E788DA55A029EC4988|4C90FD52FC53D2C1C205844CB69575AB|A5D15FC386510762EC0DDFF54ABE6F94|1711762F027DD120A6F07210142304B1,0.023706896551724137,464
7532B3FBAFEC164460C4ED6FEB0C022C|7E56C27BFF0305E788DA55A029EC4988|NA|NA|9EF129F59E67E908553E60FBB72F215C,0.02364066193853428,423
033E492229C2222EFAA16EE8A6462D8B|7E56C27BFF0305E788DA55A029EC4988|4C90FD52FC53D2C1C205844CB69575AB|1B491180398E2F0390E6A588B3BCE291|B5442BD6C51E100E03D435F5DC7B518F,0.023622047244094488,381
033E492229C2222EFAA16EE8A6462D8B|7E56C27BFF0305E788DA55A029EC4988|4C90FD52FC53D2C1C205844CB69575AB|A5D15FC386510762EC0DDFF54ABE6F94|0BD6B188627C5835C6844910DBD4070A,0.02358490566037736,212
033E492229C2222EFAA16EE8A6462D8B|D7D1FB49049702BF6338894757E0D959|4C90FD52FC53D2C1C205844CB69575AB|C45A9AC6D102ACAEEDF0D6F78636D84A|6A6D1C3C8A295236B21ED4B1A8E69BF3,0.02358490566037736,212
033E492229C2222EFAA16EE8A6462D8B|FF2C446555E3822B0E0FC3406116E86D|F716A9DB9D084CD5CFBDA30A923016E1|C83584C67375245584CEBF5DCE5BEE2D|5F951BDDE0F2A4E7745C213030F5BAFA,0.023575638506876228,509
944B2A351FEFAC79AEAA9DA57E1B351F|7E56C27BFF0305E788DA55A029EC4988|NA|NA|DF68DB562BF125245B6790DD3D4C7D92,0.023564064801178203,679
6A21F69EBA80612A04B0F6BAC857AAF2|D7D1FB49049702BF6338894757E0D959|4C90FD52FC53D2C1C205844CB69575AB|A5D15FC386510762EC0DDFF54ABE6F94|DEE01C70ED04F15A2878E0C185CF14C1,0.0235626767200754,1061
62D6A49514020FA0B2E434DB0B506005|D7D1FB49049702BF6338894757E0D959|4C90FD52FC53D2C1C205844CB69575AB|A5D15FC386510762EC0DDFF54ABE6F94|AAB3B523C26F0DFD22D8F900B8BDE283,0.023549934583515047,2293
62D6A49514020FA0B2E434DB0B506005|D7D1FB49049702BF6338894757E0D959|NA|NA|E97061FD55842ECA75766629A553BF69,0.023529411764705882,255
635623BABBB7DA2E072D8C339F606E15|7E56C27BFF0305E788DA55A029EC4988|NA|NA|2B8AD82ECBBF8EBA4388421DA1C3B7C1,0.02342786683107275,811
9D307E5B713DE5E90D787BE9F802AFBB|7E56C27BFF0305E788DA55A029EC4988|NA|NA|C5EB95FF8B39494F75BFCACBA1EDD0AF,0.023411371237458192,299
7F286560861764CCB93C90B7AA833949|FF2C446555E3822B0E0FC3406116E86D|NA|NA|8F8490C45E69AA1F9E1F65AE04B97CC0,0.02336448598130841,428
7F286560861764CCB93C90B7AA833949|FF2C446555E3822B0E0FC3406116E86D|NA|NA|F8A8F693508CE1173DD0AE648FBC1FF3,0.02336354481369587,4965
5D656311CF9F47E34248BE9FBFF194A0|7E56C27BFF0305E788DA55A029EC4988|NA|NA|DB4EE3B75CFD5B967DD7615291B4D112,0.023316062176165803,386
DDC2B3CC38945E431DE1B3F59EC56680|D7D1FB49049702BF6338894757E0D959|4C90FD52FC53D2C1C205844CB69575AB|A5D15FC386510762EC0DDFF54ABE6F94|AAB3B523C26F0DFD22D8F900B8BDE283,0.023166023166023165,777
6A21F69EBA80612A04B0F6BAC857AAF2|D7D1FB49049702BF6338894757E0D959|4C90FD52FC53D2C1C205844CB69575AB|A5D15FC386510762EC0DDFF54ABE6F94|AF8393D72184D72EC9D55D7C6B10DFD5,0.023154848046309694,691
88CED8BA3AA711A20ACF8B1FC574F218|7E56C27BFF0305E788DA55A029EC4988|NA|NA|8B42CEC20458B1F5421A373B1BB189AC,0.023148148148148147,216
7F286560861764CCB93C90B7AA833949|D7D1FB49049702BF6338894757E0D959|4C90FD52FC53D2C1C205844CB69575AB|A5D15FC386510762EC0DDFF54ABE6F94|C26242F739C8C377615ADA8FFAD390AC,0.023076923076923078,780
033E492229C2222EFAA16EE8A6462D8B|7E56C27BFF0305E788DA55A029EC4988|4C90FD52FC53D2C1C205844CB69575AB|1B491180398E2F0390E6A588B3BCE291|A701ADF19544C62035ADA00C0E4984F2,0.023076923076923078,260
13C26D10258053889D75D9B9CA922EC7|7E56C27BFF0305E788DA55A029EC4988|NA|NA|82FC241ADD369D1B2D6080F214DDF53F,0.023076923076923078,260
62D6A49514020FA0B2E434DB0B506005|7E56C27BFF0305E788DA55A029EC4988|NA|NA|9D89154E9CF9E3691D7676781FC424EB,0.023054755043227664,347
B4B45C6CE5FC4DE45AB02974D8849DBD|7E56C27BFF0305E788DA55A029EC4988|NA|NA|08DB00AC287FC6F1B8810D90E15F7FB7,0.023044692737430168,1432
B4B45C6CE5FC4DE45AB02974D8849DBD|7E56C27BFF0305E788DA55A029EC4988|88460293E9517D21E39AA889BD5AADC8|A5D15FC386510762EC0DDFF54ABE6F94|4F1F93F65CDC91886883DBB25E60563E,0.02304147465437788,217
7532B3FBAFEC164460C4ED6FEB0C022C|7E56C27BFF0305E788DA55A029EC4988|NA|NA|B041C91C1D7E7A48AADEAA33ECFDC0C1,0.02304147465437788,217
033E492229C2222EFAA16EE8A6462D8B|7E56C27BFF0305E788DA55A029EC4988|F716A9DB9D084CD5CFBDA30A923016E1|C83584C67375245584CEBF5DCE5BEE2D|5F951BDDE0F2A4E7745C213030F5BAFA,0.02302025782688766,1086
7532B3FBAFEC164460C4ED6FEB0C022C|D7D1FB49049702BF6338894757E0D959|NA|NA|5A3A8C42F94A44C355B403084267211E,0.022988505747126436,435
033E492229C2222EFAA16EE8A6462D8B|7E56C27BFF0305E788DA55A029EC4988|4C90FD52FC53D2C1C205844CB69575AB|A5D15FC386510762EC0DDFF54ABE6F94|AAB3B523C26F0DFD22D8F900B8BDE283,0.022988505747126436,522
944B2A351FEFAC79AEAA9DA57E1B351F|7E56C27BFF0305E788DA55A029EC4988|NA|NA|C28DD24F2F259A97EEDC6E350A7A499E,0.022950819672131147,305
EC997D43AC86A75D9B88A1051F86A67C|7E56C27BFF0305E788DA55A029EC4988|0CD76C7030D0900BE250C8D41703D180|A5D15FC386510762EC0DDFF54ABE6F94|2593D9DE056BF89A039A2B887530E81E,0.022935779816513763,654
7F286560861764CCB93C90B7AA833949|7E56C27BFF0305E788DA55A029EC4988|NA|NA|A29BF82BD63CF789441238F138189F03,0.02287581699346405,612
7532B3FBAFEC164460C4ED6FEB0C022C|7E56C27BFF0305E788DA55A029EC4988|4C90FD52FC53D2C1C205844CB69575AB|A5D15FC386510762EC0DDFF54ABE6F94|NA,0.022865983237279203,58821
13C26D10258053889D75D9B9CA922EC7|D7D1FB49049702BF6338894757E0D959|NA|NA|702CFB087468075EDFA072A01AA726DE,0.022847100175746926,569
E02400CDAD96905D88E932FE9B7D3552|D7D1FB49049702BF6338894757E0D959|NA|NA|0A439BDB6ED625C7AFBEDA1C41890BD1,0.0228310502283105,876
7F286560861764CCB93C90B7AA833949|7E56C27BFF0305E788DA55A029EC4988|NA|NA|CF98C2A16D5E97A60FB979C15F04A1A8,0.022813688212927757,263
B4B45C6CE5FC4DE45AB02974D8849DBD|7E56C27BFF0305E788DA55A029EC4988|4C90FD52FC53D2C1C205844CB69575AB|1B491180398E2F0390E6A588B3BCE291|NA,0.022796352583586626,658
13C26D10258053889D75D9B9CA922EC7|7E56C27BFF0305E788DA55A029EC4988|NA|NA|4E1C2BB34BBA2407AB43585C3EA5D426,0.02278481012658228,395
7F286560861764CCB93C90B7AA833949|7E56C27BFF0305E788DA55A029EC4988|NA|NA|9F7D6934F1768A9D4F86A37A1E5364BD,0.022727272727272728,220
DDC2B3CC38945E431DE1B3F59EC56680|7E56C27BFF0305E788DA55A029EC4988|4C90FD52FC53D2C1C205844CB69575AB|C45A9AC6D102ACAEEDF0D6F78636D84A|9CD8E8B59F67D68F9DF10A79AE0A3758,0.022727272727272728,220
7532B3FBAFEC164460C4ED6FEB0C022C|7E56C27BFF0305E788DA55A029EC4988|NA|NA|0CB73C89214BEEC87145CA878C83EAD5,0.022670025188916875,397
13C26D10258053889D75D9B9CA922EC7|7E56C27BFF0305E788DA55A029EC4988|NA|NA|3104540E07E2D9EC637522C5F654E413,0.022660098522167486,1015
7F286560861764CCB93C90B7AA833949|7E56C27BFF0305E788DA55A029EC4988|NA|NA|996572A8B7ECAA52FBA590359FE2B8A5,0.02264808362369338,574
7532B3FBAFEC164460C4ED6FEB0C022C|7E56C27BFF0305E788DA55A029EC4988|NA|NA|533EA65E8B09C7239C8626A15543ED7B,0.022636484687083888,751
111C91D6B0D89C84BF196FED8DBE7BBB|7E56C27BFF0305E788DA55A029EC4988|NA|NA|9F1805099CA44241C369D8B47EBA180C,0.02262443438914027,221
7F286560861764CCB93C90B7AA833949|7E56C27BFF0305E788DA55A029EC4988|NA|NA|08A492277C5C5B86EBD8A490D0FBEA7F,0.022598870056497175,354
13C26D10258053889D75D9B9CA922EC7|7E56C27BFF0305E788DA55A029EC4988|4C90FD52FC53D2C1C205844CB69575AB|1B491180398E2F0390E6A588B3BCE291|877BDDA3549776759DE99F8DF3CF42F1,0.02258064516129032,310
033E492229C2222EFAA16EE8A6462D8B|7E56C27BFF0305E788DA55A029EC4988|4C90FD52FC53D2C1C205844CB69575AB|1B491180398E2F0390E6A588B3BCE291|E522C3A4139B7205B588676954662F50,0.022569444444444444,1728
DDC2B3CC38945E431DE1B3F59EC56680|D7D1FB49049702BF6338894757E0D959|NA|NA|A86677D924EBA1410B57F92808097754,0.022556390977443608,266
6A21F69EBA80612A04B0F6BAC857AAF2|D7D1FB49049702BF6338894757E0D959|4C90FD52FC53D2C1C205844CB69575AB|A5D15FC386510762EC0DDFF54ABE6F94|7EE4093CEB17971392BDA4A6E096B08A,0.02255054432348367,1286
88CED8BA3AA711A20ACF8B1FC574F218|FF2C446555E3822B0E0FC3406116E86D|4C90FD52FC53D2C1C205844CB69575AB|A5D15FC386510762EC0DDFF54ABE6F94|16DC08297D469D4E52076F9DAD24540F,0.02252252252252252,222
7532B3FBAFEC164460C4ED6FEB0C022C|FF2C446555E3822B0E0FC3406116E86D|NA|NA|5AE3320B0D2E56B322A2646ED96F4D74,0.0225140712945591,533
033E492229C2222EFAA16EE8A6462D8B|7E56C27BFF0305E788DA55A029EC4988|4C90FD52FC53D2C1C205844CB69575AB|1B491180398E2F0390E6A588B3BCE291|204FA34D19080FBC0AA45826AB1AFB24,0.02249134948096886,578
7F286560861764CCB93C90B7AA833949|D7D1FB49049702BF6338894757E0D959|NA|NA|7CABF58EF8FAAFEF53ACC5AD873207CB,0.02247191011235955,267
7F286560861764CCB93C90B7AA833949|7E56C27BFF0305E788DA55A029EC4988|NA|NA|FC6E5900EE1879F07A401543A4C47CB6,0.02247191011235955,267
62D6A49514020FA0B2E434DB0B506005|D7D1FB49049702BF6338894757E0D959|NA|A5D15FC386510762EC0DDFF54ABE6F94|CC342A2CF274115A9B11929E2B188F2E,0.02247191011235955,356
13C26D10258053889D75D9B9CA922EC7|7E56C27BFF0305E788DA55A029EC4988|NA|NA|7131F8830CDD5E2106D4F8114E2FF10F,0.02242152466367713,223
62D6A49514020FA0B2E434DB0B506005|D7D1FB49049702BF6338894757E0D959|NA|NA|037DD638C78F649662CA0C63E200FE18,0.02242152466367713,223
2134F56D3769B5022DB7172F1536B749|D7D1FB49049702BF6338894757E0D959|NA|NA|D6A1F1050840CBF24F9F4136FA0C61AB,0.022396416573348264,893
62D6A49514020FA0B2E434DB0B506005|FF2C446555E3822B0E0FC3406116E86D|NA|NA|BCC8F8BAFD13EF836E0197F98B6F6CF8,0.022372881355932205,1475
7532B3FBAFEC164460C4ED6FEB0C022C|FF2C446555E3822B0E0FC3406116E86D|NA|A5D15FC386510762EC0DDFF54ABE6F94|NA,0.022364217252396165,1252
033E492229C2222EFAA16EE8A6462D8B|7E56C27BFF0305E788DA55A029EC4988|4C90FD52FC53D2C1C205844CB69575AB|A5D15FC386510762EC0DDFF54ABE6F94|ABABB67DDD5CC573C514195F716A18DE,0.0223463687150838,358
2134F56D3769B5022DB7172F1536B749|D7D1FB49049702BF6338894757E0D959|NA|NA|B35B1DFE3AE306CF6FED7312730C6BF0,0.022292993630573247,314
88CED8BA3AA711A20ACF8B1FC574F218|7E56C27BFF0305E788DA55A029EC4988|NA|NA|C26242F739C8C377615ADA8FFAD390AC,0.02227298686464877,1751
635623BABBB7DA2E072D8C339F606E15|7E56C27BFF0305E788DA55A029EC4988|NA|NA|E0D3FC000100DBA2537B4DF0C060681D,0.02227298686464877,1751
13C26D10258053889D75D9B9CA922EC7|7E56C27BFF0305E788DA55A029EC4988|4C90FD52FC53D2C1C205844CB69575AB|A5D15FC386510762EC0DDFF54ABE6F94|754D371335C89C2FB2EAA50D651207BE,0.02225519287833828,674
033E492229C2222EFAA16EE8A6462D8B|7E56C27BFF0305E788DA55A029EC4988|4C90FD52FC53D2C1C205844CB69575AB|1B491180398E2F0390E6A588B3BCE291|CA14A35227D764533DE6FA3BA39C8C89,0.02224694104560623,899
033E492229C2222EFAA16EE8A6462D8B|7E56C27BFF0305E788DA55A029EC4988|4C90FD52FC53D2C1C205844CB69575AB|1B491180398E2F0390E6A588B3BCE291|A33504E9C788538BCBE37C51BBF087E2,0.022185246810870772,1803
13C26D10258053889D75D9B9CA922EC7|D7D1FB49049702BF6338894757E0D959|NA|NA|A01DB6E64CC3EDFACC8B5B553B927A87,0.022172949002217297,451
E02400CDAD96905D88E932FE9B7D3552|7E56C27BFF0305E788DA55A029EC4988|NA|NA|8A2B1EBDEE182A040758FD049CB7F6B1,0.022151898734177215,316
88CED8BA3AA711A20ACF8B1FC574F218|7E56C27BFF0305E788DA55A029EC4988|NA|NA|1DE82676BF78466E95BF19215CC12D9A,0.022128556375131718,949
7532B3FBAFEC164460C4ED6FEB0C022C|D7D1FB49049702BF6338894757E0D959|4C90FD52FC53D2C1C205844CB69575AB|A5D15FC386510762EC0DDFF54ABE6F94|AAB3B523C26F0DFD22D8F900B8BDE283,0.02212236432768752,2893
62D6A49514020FA0B2E434DB0B506005|7E56C27BFF0305E788DA55A029EC4988|NA|NA|A86677D924EBA1410B57F92808097754,0.02211874272409779,859
7F286560861764CCB93C90B7AA833949|7E56C27BFF0305E788DA55A029EC4988|4C90FD52FC53D2C1C205844CB69575AB|A5D15FC386510762EC0DDFF54ABE6F94|591AD7C5AA60A8E50461F3D9CBC95E15,0.022026431718061675,227
635623BABBB7DA2E072D8C339F606E15|7E56C27BFF0305E788DA55A029EC4988|NA|NA|9A5191B556ECA72DD78F643FB677949E,0.0220162224797219,863
7F286560861764CCB93C90B7AA833949|7E56C27BFF0305E788DA55A029EC4988|NA|NA|A2A16B5DAFAC2868BC14C731DA687D5B,0.022004889975550123,409
88CED8BA3AA711A20ACF8B1FC574F218|7E56C27BFF0305E788DA55A029EC4988|NA|NA|C77394B7A981AE848D4AD98247DCDF3F,0.021961932650073207,683
635623BABBB7DA2E072D8C339F606E15|7E56C27BFF0305E788DA55A029EC4988|NA|NA|78C505F2A2144247F6F826C0E4F5B98D,0.021892527591821965,5527
7532B3FBAFEC164460C4ED6FEB0C022C|7E56C27BFF0305E788DA55A029EC4988|4C90FD52FC53D2C1C205844CB69575AB|A5D15FC386510762EC0DDFF54ABE6F94|517BD9C2B983DEECCBDF5EAFAA74107A,0.021834061135371178,229
EC997D43AC86A75D9B88A1051F86A67C|D7D1FB49049702BF6338894757E0D959|NA|NA|5BDBEF1AEE49860B36DABF7D1F4795B5,0.021825396825396824,504
B4B45C6CE5FC4DE45AB02974D8849DBD|7E56C27BFF0305E788DA55A029EC4988|NA|NA|9CF653ED33F28875F899793DFD81B354,0.021825396825396824,504
033E492229C2222EFAA16EE8A6462D8B|7E56C27BFF0305E788DA55A029EC4988|4C90FD52FC53D2C1C205844CB69575AB|C45A9AC6D102ACAEEDF0D6F78636D84A|4F5817F9AA748A99FF9951817A9D1C96,0.021739130434782608,322
111C91D6B0D89C84BF196FED8DBE7BBB|7E56C27BFF0305E788DA55A029EC4988|NA|NA|C97B5370646B70CA6A6AB99F83D22CD7,0.021686746987951807,415
62D6A49514020FA0B2E434DB0B506005|7E56C27BFF0305E788DA55A029EC4988|88460293E9517D21E39AA889BD5AADC8|NA|1C75335F3076AD36545D4FE1EC59073C,0.021645021645021644,231
5D656311CF9F47E34248BE9FBFF194A0|7E56C27BFF0305E788DA55A029EC4988|NA|NA|BDA857ACFC56A36A556B0D4A3A9796AB,0.021621621621621623,555
2551A1FA7839742971CDF4C67667E17A|7E56C27BFF0305E788DA55A029EC4988|4C90FD52FC53D2C1C205844CB69575AB|A5D15FC386510762EC0DDFF54ABE6F94|AAB3B523C26F0DFD22D8F900B8BDE283,0.021551724137931036,232
635623BABBB7DA2E072D8C339F606E15|7E56C27BFF0305E788DA55A029EC4988|NA|NA|0880A73C829B3554A87E79EE47E3FBEE,0.021546261089987327,789
6A21F69EBA80612A04B0F6BAC857AAF2|7E56C27BFF0305E788DA55A029EC4988|88460293E9517D21E39AA889BD5AADC8|NA|6A0D13693DFAA167D38A2F6A04059E67,0.021538461538461538,325
033E492229C2222EFAA16EE8A6462D8B|7E56C27BFF0305E788DA55A029EC4988|4C90FD52FC53D2C1C205844CB69575AB|1B491180398E2F0390E6A588B3BCE291|2F3652FAA68FBD727B9891ACE4C11A13,0.02152317880794702,604
7F286560861764CCB93C90B7AA833949|7E56C27BFF0305E788DA55A029EC4988|4C90FD52FC53D2C1C205844CB69575AB|A5D15FC386510762EC0DDFF54ABE6F94|F40AEA0CC5155475D35A8419C9B538C4,0.02148997134670487,698
033E492229C2222EFAA16EE8A6462D8B|7E56C27BFF0305E788DA55A029EC4988|4C90FD52FC53D2C1C205844CB69575AB|1B491180398E2F0390E6A588B3BCE291|C8EE11AC751CB950595BC6596BC3C000,0.021442495126705652,513
88CED8BA3AA711A20ACF8B1FC574F218|7E56C27BFF0305E788DA55A029EC4988|4C90FD52FC53D2C1C205844CB69575AB|A5D15FC386510762EC0DDFF54ABE6F94|7DF21487D3DE8842C97D1333B0524E4A,0.021367521367521368,234
635623BABBB7DA2E072D8C339F606E15|D7D1FB49049702BF6338894757E0D959|4C90FD52FC53D2C1C205844CB69575AB|A5D15FC386510762EC0DDFF54ABE6F94|41417B1A2B2BCD8B234EC61B886FADCF,0.021367521367521368,234
033E492229C2222EFAA16EE8A6462D8B|7E56C27BFF0305E788DA55A029EC4988|4C90FD52FC53D2C1C205844CB69575AB|1B491180398E2F0390E6A588B3BCE291|3CB7C7A817CB7565150C840157BFA5F4,0.021333333333333333,375
13C26D10258053889D75D9B9CA922EC7|7E56C27BFF0305E788DA55A029EC4988|NA|NA|85C629A840BBBD0DA38761E721FEDC04,0.021292217327459617,2724
7F286560861764CCB93C90B7AA833949|7E56C27BFF0305E788DA55A029EC4988|921B36149E5B081FD24450BFE2CE4430|A5D15FC386510762EC0DDFF54ABE6F94|E0F54BB60E4822204DF2D0F2A8C00475,0.02127659574468085,235
13C26D10258053889D75D9B9CA922EC7|7E56C27BFF0305E788DA55A029EC4988|NA|NA|29B9EC21B1740CF7DECE97C4CC5843F6,0.02127659574468085,470
033E492229C2222EFAA16EE8A6462D8B|7E56C27BFF0305E788DA55A029EC4988|4C90FD52FC53D2C1C205844CB69575AB|A5D15FC386510762EC0DDFF54ABE6F94|BB84E397BF4CEFEE0E040BB19022808D,0.0211864406779661,236
7532B3FBAFEC164460C4ED6FEB0C022C|D7D1FB49049702BF6338894757E0D959|NA|NA|6C823ECD1683D97A861D6AC24EF9A0EB,0.021168687982359425,9070
E02400CDAD96905D88E932FE9B7D3552|7E56C27BFF0305E788DA55A029EC4988|88460293E9517D21E39AA889BD5AADC8|A5D15FC386510762EC0DDFF54ABE6F94|C67E65556202C99DC53A5F9433CA94D0,0.021141649048625793,473
944B2A351FEFAC79AEAA9DA57E1B351F|7E56C27BFF0305E788DA55A029EC4988|NA|NA|693609705117C1D159FCA4DCF9D94088,0.02111324376199616,521
7F286560861764CCB93C90B7AA833949|7E56C27BFF0305E788DA55A029EC4988|NA|NA|FCAE20184846F2421F6F63C5C0A37A24,0.02109704641350211,237
111C91D6B0D89C84BF196FED8DBE7BBB|D7D1FB49049702BF6338894757E0D959|NA|NA|AB9C444A2F4613F3B2215C8BE3ABB170,0.02107728337236534,427
033E492229C2222EFAA16EE8A6462D8B|D7D1FB49049702BF6338894757E0D959|4C90FD52FC53D2C1C205844CB69575AB|C45A9AC6D102ACAEEDF0D6F78636D84A|D7448754AAA9555399BC62206EA922A4,0.021052631578947368,285
13C26D10258053889D75D9B9CA922EC7|7E56C27BFF0305E788DA55A029EC4988|NA|NA|7F1D6A04A118AAAE420D5C5441CE3190,0.02103049421661409,5706
7532B3FBAFEC164460C4ED6FEB0C022C|7E56C27BFF0305E788DA55A029EC4988|4C90FD52FC53D2C1C205844CB69575AB|A5D15FC386510762EC0DDFF54ABE6F94|2B1B2FB0B1A49F4E46D8AEB8081FB822,0.02100840336134454,238
7F286560861764CCB93C90B7AA833949|7E56C27BFF0305E788DA55A029EC4988|NA|NA|6C68F25BA8BF58755A235C6F7398E1D8,0.02097902097902098,286
033E492229C2222EFAA16EE8A6462D8B|7E56C27BFF0305E788DA55A029EC4988|4C90FD52FC53D2C1C205844CB69575AB|1B491180398E2F0390E6A588B3BCE291|F0D5D67EB388609ED73125E8258992AC,0.02094395280235988,6780
88CED8BA3AA711A20ACF8B1FC574F218|7E56C27BFF0305E788DA55A029EC4988|4C90FD52FC53D2C1C205844CB69575AB|A5D15FC386510762EC0DDFF54ABE6F94|36002328382BF8B1BE52254A56827D2F,0.020942408376963352,382
13C26D10258053889D75D9B9CA922EC7|7E56C27BFF0305E788DA55A029EC4988|NA|NA|D2DC22FA5FEAFA1F088F00FEB30D0A3F,0.020942408376963352,764
033E492229C2222EFAA16EE8A6462D8B|7E56C27BFF0305E788DA55A029EC4988|4C90FD52FC53D2C1C205844CB69575AB|C45A9AC6D102ACAEEDF0D6F78636D84A|8719CE59A4ED034DC891C5070E29B507,0.02092050209205021,239
13C26D10258053889D75D9B9CA922EC7|7E56C27BFF0305E788DA55A029EC4988|NA|NA|4572553B2FC31C7CBD5AC67C2DF521C2,0.02092050209205021,239
13C26D10258053889D75D9B9CA922EC7|D7D1FB49049702BF6338894757E0D959|NA|NA|67E6BB71C2C270D90D09F7E5D7135183,0.02088167053364269,431
635623BABBB7DA2E072D8C339F606E15|7E56C27BFF0305E788DA55A029EC4988|NA|NA|0F199CF61570374981516C601EB9150B,0.02088167053364269,431
13C26D10258053889D75D9B9CA922EC7|7E56C27BFF0305E788DA55A029EC4988|NA|NA|142A08B2CA2398515C9C4191E1260299,0.020868113522537562,1198
B4B45C6CE5FC4DE45AB02974D8849DBD|7E56C27BFF0305E788DA55A029EC4988|NA|NA|380BF84A84B4EAF676BD1932160E87A0,0.020752269779507133,771
13C26D10258053889D75D9B9CA922EC7|7E56C27BFF0305E788DA55A029EC4988|NA|NA|CFA23F496FDD9B4CB798CC9B190ACB08,0.020713463751438434,869
033E492229C2222EFAA16EE8A6462D8B|7E56C27BFF0305E788DA55A029EC4988|4C90FD52FC53D2C1C205844CB69575AB|1B491180398E2F0390E6A588B3BCE291|D21C05ABF5C3AF11EB792E1DB18B5F60,0.020710059171597635,338
62D6A49514020FA0B2E434DB0B506005|7E56C27BFF0305E788DA55A029EC4988|88460293E9517D21E39AA889BD5AADC8|NA|A689370FB138E462F89F5FB42A7909F1,0.020689655172413793,435
944B2A351FEFAC79AEAA9DA57E1B351F|7E56C27BFF0305E788DA55A029EC4988|NA|NA|EBF46952322D0C982A0DF67A4C370882,0.02066115702479339,242
033E492229C2222EFAA16EE8A6462D8B|7E56C27BFF0305E788DA55A029EC4988|4C90FD52FC53D2C1C205844CB69575AB|1B491180398E2F0390E6A588B3BCE291|041BF4AAD8210B334325AC41EF9C589C,0.02064896755162242,339
7532B3FBAFEC164460C4ED6FEB0C022C|7E56C27BFF0305E788DA55A029EC4988|NA|NA|24AE15501D236CCF09C5CC95F559D973,0.020618556701030927,2522
944B2A351FEFAC79AEAA9DA57E1B351F|7E56C27BFF0305E788DA55A029EC4988|NA|NA|1124EE670BCF1488FBA840E64ED425C1,0.02054794520547945,292
7F286560861764CCB93C90B7AA833949|7E56C27BFF0305E788DA55A029EC4988|NA|NA|167604926C6C9F26D5931614A4831399,0.02054794520547945,292
13C26D10258053889D75D9B9CA922EC7|D7D1FB49049702BF6338894757E0D959|NA|NA|483D16BF676A02C9F774E0653586A978,0.02054794520547945,1168
033E492229C2222EFAA16EE8A6462D8B|7E56C27BFF0305E788DA55A029EC4988|88460293E9517D21E39AA889BD5AADC8|A5D15FC386510762EC0DDFF54ABE6F94|AAB3B523C26F0DFD22D8F900B8BDE283,0.02047005307050796,1319
7F286560861764CCB93C90B7AA833949|7E56C27BFF0305E788DA55A029EC4988|NA|NA|125F3501E963982DC8D3BE8AF0F4B1DF,0.020460358056265986,782
7F286560861764CCB93C90B7AA833949|7E56C27BFF0305E788DA55A029EC4988|NA|A5D15FC386510762EC0DDFF54ABE6F94|A26F87F9AFAE0651D9EA992A95C407A2,0.02044235924932976,2984
033E492229C2222EFAA16EE8A6462D8B|7E56C27BFF0305E788DA55A029EC4988|4C90FD52FC53D2C1C205844CB69575AB|1B491180398E2F0390E6A588B3BCE291|762CE60A368D3A96A67E01CBCAE7B8BA,0.02040816326530612,343
13C26D10258053889D75D9B9CA922EC7|7E56C27BFF0305E788DA55A029EC4988|NA|NA|8496D9864998438CA0C262EC5C6DB19A,0.02040816326530612,245
62D6A49514020FA0B2E434DB0B506005|D7D1FB49049702BF6338894757E0D959|NA|NA|00FF9651A998B640C35943BB3FE2335B,0.02040816326530612,294
033E492229C2222EFAA16EE8A6462D8B|7E56C27BFF0305E788DA55A029EC4988|4C90FD52FC53D2C1C205844CB69575AB|C45A9AC6D102ACAEEDF0D6F78636D84A|C8EE11AC751CB950595BC6596BC3C000,0.02037617554858934,1276
62D6A49514020FA0B2E434DB0B506005|7E56C27BFF0305E788DA55A029EC4988|NA|NA|AF8393D72184D72EC9D55D7C6B10DFD5,0.020370871683811586,14776
13C26D10258053889D75D9B9CA922EC7|D7D1FB49049702BF6338894757E0D959|4C90FD52FC53D2C1C205844CB69575AB|C45A9AC6D102ACAEEDF0D6F78636D84A|D8EC36B68C2DAF2BED8BF48A24A05B73,0.020338983050847456,295
7532B3FBAFEC164460C4ED6FEB0C022C|7E56C27BFF0305E788DA55A029EC4988|NA|NA|0B6FE3743781904A2CD4FE996B0E2B4A,0.02032150439793752,3297
635623BABBB7DA2E072D8C339F606E15|7E56C27BFF0305E788DA55A029EC4988|NA|NA|0BD9524321A19B633801BA61122EFCD8,0.0203125,640
13C26D10258053889D75D9B9CA922EC7|7E56C27BFF0305E788DA55A029EC4988|NA|NA|66A576241F26DC2F3EFCA238E61D30C4,0.020242914979757085,247
033E492229C2222EFAA16EE8A6462D8B|D7D1FB49049702BF6338894757E0D959|4C90FD52FC53D2C1C205844CB69575AB|C45A9AC6D102ACAEEDF0D6F78636D84A|425286992DDFA425FE3D78CB17D9AE54,0.020224719101123594,445
7F286560861764CCB93C90B7AA833949|D7D1FB49049702BF6338894757E0D959|NA|NA|1A51A23A93546CCBD581EC2F77ACA1F3,0.020172910662824207,347
6A21F69EBA80612A04B0F6BAC857AAF2|7E56C27BFF0305E788DA55A029EC4988|88460293E9517D21E39AA889BD5AADC8|NA|AD5A725A9E146BF20BEC743F9AA93098,0.020134228187919462,298
13C26D10258053889D75D9B9CA922EC7|7E56C27BFF0305E788DA55A029EC4988|NA|NA|68FB15ECD64DE6FF097CA09E0F8E5609,0.020080321285140562,249
13C26D10258053889D75D9B9CA922EC7|7E56C27BFF0305E788DA55A029EC4988|NA|NA|D6107258A61809659ADD53A3DA0D03E6,0.020080321285140562,249
62D6A49514020FA0B2E434DB0B506005|D7D1FB49049702BF6338894757E0D959|NA|NA|95C025CEC610B5575FB3F1CBEE964561,0.020080321285140562,249
62D6A49514020FA0B2E434DB0B506005|D7D1FB49049702BF6338894757E0D959|NA|A5D15FC386510762EC0DDFF54ABE6F94|FFC102A15D38060E1B3B952B0F4A8760,0.020080321285140562,249
033E492229C2222EFAA16EE8A6462D8B|7E56C27BFF0305E788DA55A029EC4988|4C90FD52FC53D2C1C205844CB69575AB|1B491180398E2F0390E6A588B3BCE291|D6CE64626305774AA6E3414E21DE01B7,0.020066889632107024,299
635623BABBB7DA2E072D8C339F606E15|D7D1FB49049702BF6338894757E0D959|NA|NA|49CB50C69CDDBDA35ACC5F73A029E4E0,0.02005730659025788,349
111C91D6B0D89C84BF196FED8DBE7BBB|D7D1FB49049702BF6338894757E0D959|NA|NA|8F8490C45E69AA1F9E1F65AE04B97CC0,0.020038167938931296,3144
7F286560861764CCB93C90B7AA833949|7E56C27BFF0305E788DA55A029EC4988|NA|NA|261B4E03E76EBB3424E1137D9A9B6358,0.020007550018875046,5298
7F286560861764CCB93C90B7AA833949|7E56C27BFF0305E788DA55A029EC4988|NA|NA|CED82B300BE0A6BF49F69EFB847AF6B1,0.02,250
62D6A49514020FA0B2E434DB0B506005|7E56C27BFF0305E788DA55A029EC4988|NA|NA|E848B40835B2DA6649CD48978E4D5669,0.02,250
DDC2B3CC38945E431DE1B3F59EC56680|D7D1FB49049702BF6338894757E0D959|NA|NA|125F3501E963982DC8D3BE8AF0F4B1DF,0.0199501246882793,401
DDC2B3CC38945E431DE1B3F59EC56680|7E56C27BFF0305E788DA55A029EC4988|NA|NA|1BDF3014FA48CF012263FA6EF902E0DB,0.0199203187250996,251
944B2A351FEFAC79AEAA9DA57E1B351F|7E56C27BFF0305E788DA55A029EC4988|NA|NA|FFC05E6753B9BF424205E353E082238B,0.019912881144990666,1607
7532B3FBAFEC164460C4ED6FEB0C022C|FF2C446555E3822B0E0FC3406116E86D|NA|NA|E98D1546048AF4B86D7F30456FD1ABC5,0.01991150442477876,452
033E492229C2222EFAA16EE8A6462D8B|FF2C446555E3822B0E0FC3406116E86D|F716A9DB9D084CD5CFBDA30A923016E1|C83584C67375245584CEBF5DCE5BEE2D|A2DA50A97861C3AAEBBB77E44CBFAA21,0.01990049751243781,201
033E492229C2222EFAA16EE8A6462D8B|7E56C27BFF0305E788DA55A029EC4988|4C90FD52FC53D2C1C205844CB69575AB|1B491180398E2F0390E6A588B3BCE291|AAB3B523C26F0DFD22D8F900B8BDE283,0.019888025403192112,11967
7F286560861764CCB93C90B7AA833949|7E56C27BFF0305E788DA55A029EC4988|NA|A5D15FC386510762EC0DDFF54ABE6F94|1CC4CE879A47360EE3142A337047F676,0.019886363636363636,352
033E492229C2222EFAA16EE8A6462D8B|7E56C27BFF0305E788DA55A029EC4988|4C90FD52FC53D2C1C205844CB69575AB|A5D15FC386510762EC0DDFF54ABE6F94|94A61E9DE15C6044228959D30082F0FF,0.01980874316939891,1464
033E492229C2222EFAA16EE8A6462D8B|7E56C27BFF0305E788DA55A029EC4988|538912C31E773613AB51FBAE58492476|D7B42B0C4D807EF1C13F79948743E9DA|DDA08B25049F71A36C9EEB0710CE23D6,0.019801980198019802,202
7532B3FBAFEC164460C4ED6FEB0C022C|7E56C27BFF0305E788DA55A029EC4988|NA|NA|9CE8B7F756775FDCB80F5F400D54AD04,0.019801980198019802,202
EC997D43AC86A75D9B88A1051F86A67C|7E56C27BFF0305E788DA55A029EC4988|NA|NA|8E1358289AD6C47F564732F993FEF1B5,0.019801980198019802,303
7F286560861764CCB93C90B7AA833949|D7D1FB49049702BF6338894757E0D959|NA|NA|29C7902C21BBFEA0BD9DCB31340A357D,0.01979045401629802,859
033E492229C2222EFAA16EE8A6462D8B|7E56C27BFF0305E788DA55A029EC4988|4C90FD52FC53D2C1C205844CB69575AB|C45A9AC6D102ACAEEDF0D6F78636D84A|6A1F1F344D0A4A99940699B11365E7E8,0.019770099023613322,28882
033E492229C2222EFAA16EE8A6462D8B|7E56C27BFF0305E788DA55A029EC4988|4C90FD52FC53D2C1C205844CB69575AB|1B491180398E2F0390E6A588B3BCE291|4E9BA6BBA5F74EF1A6BAE6055CC4C02C,0.019762845849802372,253
7F286560861764CCB93C90B7AA833949|D7D1FB49049702BF6338894757E0D959|4C90FD52FC53D2C1C205844CB69575AB|A5D15FC386510762EC0DDFF54ABE6F94|77B64A5153570F497EF1783A68FA981A,0.019656019656019656,407
033E492229C2222EFAA16EE8A6462D8B|FF2C446555E3822B0E0FC3406116E86D|4C90FD52FC53D2C1C205844CB69575AB|C45A9AC6D102ACAEEDF0D6F78636D84A|160545AFA042752EEA35E0D4A6CF0894,0.0196078431372549,918
635623BABBB7DA2E072D8C339F606E15|7E56C27BFF0305E788DA55A029EC4988|NA|NA|C80E33E2212B3DBBBB53D45EF1F86F2A,0.0196078431372549,204
88CED8BA3AA711A20ACF8B1FC574F218|7E56C27BFF0305E788DA55A029EC4988|4C90FD52FC53D2C1C205844CB69575AB|A5D15FC386510762EC0DDFF54ABE6F94|D51821F54B7CF18F627B244F3BD33CE9,0.0196078431372549,255
13C26D10258053889D75D9B9CA922EC7|7E56C27BFF0305E788DA55A029EC4988|NA|NA|960B99308D990B702DBA6137E77A2B52,0.0196078431372549,204
7532B3FBAFEC164460C4ED6FEB0C022C|7E56C27BFF0305E788DA55A029EC4988|NA|NA|265EEB2293D1C0009C24D384FD8ED6A9,0.01953125,512
635623BABBB7DA2E072D8C339F606E15|7E56C27BFF0305E788DA55A029EC4988|NA|NA|5C10174D5B38D1A7B3EB170D7B81DE79,0.01951451689671585,4202
DDC2B3CC38945E431DE1B3F59EC56680|7E56C27BFF0305E788DA55A029EC4988|NA|NA|F405B8303E9D4D1EA30F83BA2F9C2C81,0.01951219512195122,205
033E492229C2222EFAA16EE8A6462D8B|7E56C27BFF0305E788DA55A029EC4988|4C90FD52FC53D2C1C205844CB69575AB|1B491180398E2F0390E6A588B3BCE291|5773F1358969D415FB523BC424E98C6C,0.01951219512195122,410
635623BABBB7DA2E072D8C339F606E15|7E56C27BFF0305E788DA55A029EC4988|NA|NA|E2555F29B911EF3734C3CF915D43D7A8,0.019508057675996608,2358
635623BABBB7DA2E072D8C339F606E15|7E56C27BFF0305E788DA55A029EC4988|NA|NA|7CB5263147DD678B866680BBBCBF667A,0.01948051948051948,308
62D6A49514020FA0B2E434DB0B506005|D7D1FB49049702BF6338894757E0D959|4C90FD52FC53D2C1C205844CB69575AB|A5D15FC386510762EC0DDFF54ABE6F94|9A0EA21647E006E4AAA6908795A06465,0.019470404984423675,1284
62D6A49514020FA0B2E434DB0B506005|D7D1FB49049702BF6338894757E0D959|4C90FD52FC53D2C1C205844CB69575AB|A5D15FC386510762EC0DDFF54ABE6F94|BDFF836E18B0B61A7370F3B38C705C58,0.019455252918287938,257
5D656311CF9F47E34248BE9FBFF194A0|7E56C27BFF0305E788DA55A029EC4988|NA|NA|7451FDE0253B87CF855BC6C467C6EB6F,0.019455252918287938,257
13C26D10258053889D75D9B9CA922EC7|D7D1FB49049702BF6338894757E0D959|NA|NA|97C8905EF120F113EB38A5B3682E633C,0.019455252918287938,257
944B2A351FEFAC79AEAA9DA57E1B351F|7E56C27BFF0305E788DA55A029EC4988|NA|NA|06CA8EE3D4061AA6EA7D7F21F42E2B35,0.019438444924406047,463
62D6A49514020FA0B2E434DB0B506005|D7D1FB49049702BF6338894757E0D959|NA|NA|2C526994B3C620E4A90A0B64E5958479,0.019417475728155338,206
EC997D43AC86A75D9B88A1051F86A67C|7E56C27BFF0305E788DA55A029EC4988|4C90FD52FC53D2C1C205844CB69575AB|A5D15FC386510762EC0DDFF54ABE6F94|33ADB0552A8D59C09A23C99C5FFE4DFC,0.019417475728155338,309
7532B3FBAFEC164460C4ED6FEB0C022C|D7D1FB49049702BF6338894757E0D959|NA|NA|BC5180F1555AADBE9877DD5B7B4C7503,0.01940755873340143,979
E02400CDAD96905D88E932FE9B7D3552|7E56C27BFF0305E788DA55A029EC4988|88460293E9517D21E39AA889BD5AADC8|A5D15FC386510762EC0DDFF54ABE6F94|8A2B1EBDEE182A040758FD049CB7F6B1,0.01937984496124031,258
7F286560861764CCB93C90B7AA833949|7E56C27BFF0305E788DA55A029EC4988|NA|NA|C4EE7EA84A44D30C8BA8FE7547029F23,0.01932367149758454,207
13C26D10258053889D75D9B9CA922EC7|D7D1FB49049702BF6338894757E0D959|NA|NA|3B4B90733DFE258133B1686C38BA7C82,0.01929824561403509,570
033E492229C2222EFAA16EE8A6462D8B|7E56C27BFF0305E788DA55A029EC4988|88460293E9517D21E39AA889BD5AADC8|1B491180398E2F0390E6A588B3BCE291|DE0015C9221F2364D3F1765F24DE7032,0.01928374655647383,363
88CED8BA3AA711A20ACF8B1FC574F218|7E56C27BFF0305E788DA55A029EC4988|NA|NA|F48450F44C761DF178546DFF78AF1839,0.01926444833625219,571
62D6A49514020FA0B2E434DB0B506005|D7D1FB49049702BF6338894757E0D959|NA|NA|3CC1164BE4CF09547F6CDC7DCE2ACA3C,0.019253910950661854,831
62D6A49514020FA0B2E434DB0B506005|7E56C27BFF0305E788DA55A029EC4988|NA|NA|1C75335F3076AD36545D4FE1EC59073C,0.019153225806451613,992
7F286560861764CCB93C90B7AA833949|D7D1FB49049702BF6338894757E0D959|NA|NA|FA14831896C98130F622B7E23A2E63A6,0.019138755980861243,209
88CED8BA3AA711A20ACF8B1FC574F218|D7D1FB49049702BF6338894757E0D959|NA|NA|3F8111257DA20E00CD96F42580DD48FF,0.019083969465648856,262
7532B3FBAFEC164460C4ED6FEB0C022C|D7D1FB49049702BF6338894757E0D959|NA|NA|70D10C3AD2D381ABB97BEDFFAE468AF2,0.019083969465648856,262
5D656311CF9F47E34248BE9FBFF194A0|7E56C27BFF0305E788DA55A029EC4988|NA|NA|F1E7EB012F889E0BC383FB8DF0387F92,0.01904761904761905,210
7532B3FBAFEC164460C4ED6FEB0C022C|7E56C27BFF0305E788DA55A029EC4988|88460293E9517D21E39AA889BD5AADC8|C45A9AC6D102ACAEEDF0D6F78636D84A|C92633F46E065894CADBB1D93FBC0F0C,0.01904761904761905,210
13C26D10258053889D75D9B9CA922EC7|D7D1FB49049702BF6338894757E0D959|NA|NA|83FC1E1E519F0F6B2CEEB05CDBCE48B6,0.01892744479495268,317
7532B3FBAFEC164460C4ED6FEB0C022C|7E56C27BFF0305E788DA55A029EC4988|4C90FD52FC53D2C1C205844CB69575AB|A5D15FC386510762EC0DDFF54ABE6F94|B721CAB08BC3F79494BAEF1B568566B5,0.018912529550827423,423
B4B45C6CE5FC4DE45AB02974D8849DBD|7E56C27BFF0305E788DA55A029EC4988|4C90FD52FC53D2C1C205844CB69575AB|A5D15FC386510762EC0DDFF54ABE6F94|2627B9AA8326408DD73E61AC8962C2EF,0.01881720430107527,372
7532B3FBAFEC164460C4ED6FEB0C022C|7E56C27BFF0305E788DA55A029EC4988|NA|NA|EE6438034284CE17A48CC757639CF7CE,0.018808777429467086,319
62D6A49514020FA0B2E434DB0B506005|D7D1FB49049702BF6338894757E0D959|NA|NA|895E916911EB67F2F3AF95A124F018FC,0.018691588785046728,1070
7F286560861764CCB93C90B7AA833949|D7D1FB49049702BF6338894757E0D959|NA|NA|594DED610EC01E6C9A08A1C4507508C3,0.018691588785046728,214
EC997D43AC86A75D9B88A1051F86A67C|D7D1FB49049702BF6338894757E0D959|NA|NA|9599DAE696BD9A09DF20B19374DF555A,0.018685955394816153,1659
7F286560861764CCB93C90B7AA833949|7E56C27BFF0305E788DA55A029EC4988|NA|NA|A48A2F3BD1B680DE3954EB961A85A6C5,0.01866977829638273,857
7F286560861764CCB93C90B7AA833949|7E56C27BFF0305E788DA55A029EC4988|NA|A5D15FC386510762EC0DDFF54ABE6F94|2BCC75A08053D2A3311C55FE63947547,0.018654884634266077,2037
7532B3FBAFEC164460C4ED6FEB0C022C|D7D1FB49049702BF6338894757E0D959|NA|NA|B6D0B456D6071324C42CA509B3F41CFA,0.018604651162790697,215
7F286560861764CCB93C90B7AA833949|7E56C27BFF0305E788DA55A029EC4988|NA|A5D15FC386510762EC0DDFF54ABE6F94|NA,0.01859504132231405,484
88CED8BA3AA711A20ACF8B1FC574F218|7E56C27BFF0305E788DA55A029EC4988|4C90FD52FC53D2C1C205844CB69575AB|A5D15FC386510762EC0DDFF54ABE6F94|16DC08297D469D4E52076F9DAD24540F,0.01859504132231405,2420
88CED8BA3AA711A20ACF8B1FC574F218|FF2C446555E3822B0E0FC3406116E86D|NA|NA|50683EBCA9FD80FA03FB91F74EAF77A9,0.018575851393188854,323
033E492229C2222EFAA16EE8A6462D8B|7E56C27BFF0305E788DA55A029EC4988|4C90FD52FC53D2C1C205844CB69575AB|1B491180398E2F0390E6A588B3BCE291|B753384726DD80E72A4D4C13AACAA261,0.01856763925729443,377
033E492229C2222EFAA16EE8A6462D8B|7E56C27BFF0305E788DA55A029EC4988|4C90FD52FC53D2C1C205844CB69575AB|1B491180398E2F0390E6A588B3BCE291|2B27FDE6C82813067EA44A8CC4E99A89,0.0185546875,1024
62D6A49514020FA0B2E434DB0B506005|7E56C27BFF0305E788DA55A029EC4988|NA|NA|8D13A4FA386E2E1D28FBD4DD9E9A705F,0.018518518518518517,216
13C26D10258053889D75D9B9CA922EC7|7E56C27BFF0305E788DA55A029EC4988|4C90FD52FC53D2C1C205844CB69575AB|1B491180398E2F0390E6A588B3BCE291|AAB3B523C26F0DFD22D8F900B8BDE283,0.01849796522382538,2703
7532B3FBAFEC164460C4ED6FEB0C022C|7E56C27BFF0305E788DA55A029EC4988|NA|NA|CEAE1B1239E045DDF7DEB28A3F3A6918,0.018469656992084433,379
E02400CDAD96905D88E932FE9B7D3552|D7D1FB49049702BF6338894757E0D959|88460293E9517D21E39AA889BD5AADC8|A5D15FC386510762EC0DDFF54ABE6F94|B1307FE5A41D1B598A37FA0A26B71DFE,0.01845018450184502,271
13C26D10258053889D75D9B9CA922EC7|D7D1FB49049702BF6338894757E0D959|NA|NA|7F1A84AA5F081EFA4B346F84F7EB50C6,0.018442622950819672,976
B4B45C6CE5FC4DE45AB02974D8849DBD|7E56C27BFF0305E788DA55A029EC4988|88460293E9517D21E39AA889BD5AADC8|A5D15FC386510762EC0DDFF54ABE6F94|C67E65556202C99DC53A5F9433CA94D0,0.018404907975460124,326
88CED8BA3AA711A20ACF8B1FC574F218|7E56C27BFF0305E788DA55A029EC4988|NA|NA|6BA8C3F901CE77067E94C1B499098882,0.018404907975460124,326
88CED8BA3AA711A20ACF8B1FC574F218|FF2C446555E3822B0E0FC3406116E86D|NA|NA|52C395F2286B2F794259FBDACE2B453B,0.01838235294117647,816
033E492229C2222EFAA16EE8A6462D8B|7E56C27BFF0305E788DA55A029EC4988|4C90FD52FC53D2C1C205844CB69575AB|1B491180398E2F0390E6A588B3BCE291|685A6316CB7B33CA8A5B1EE6CF59C736,0.01838235294117647,272
E02400CDAD96905D88E932FE9B7D3552|D7D1FB49049702BF6338894757E0D959|NA|NA|92937583B081747279DBA99B85750F5B,0.01834862385321101,218
033E492229C2222EFAA16EE8A6462D8B|7E56C27BFF0305E788DA55A029EC4988|4C90FD52FC53D2C1C205844CB69575AB|A5D15FC386510762EC0DDFF54ABE6F94|B8C0FE637FD5FF6EC39C94265ADB17C3,0.01832460732984293,382
62D6A49514020FA0B2E434DB0B506005|7E56C27BFF0305E788DA55A029EC4988|NA|NA|3C6810CE0F25072FD902C5A4D2248BF7,0.018316100443131464,3385
62D6A49514020FA0B2E434DB0B506005|D7D1FB49049702BF6338894757E0D959|4C90FD52FC53D2C1C205844CB69575AB|A5D15FC386510762EC0DDFF54ABE6F94|AF8393D72184D72EC9D55D7C6B10DFD5,0.018304071722076952,2677
033E492229C2222EFAA16EE8A6462D8B|7E56C27BFF0305E788DA55A029EC4988|4C90FD52FC53D2C1C205844CB69575AB|A5D15FC386510762EC0DDFF54ABE6F94|F0D5D67EB388609ED73125E8258992AC,0.018292682926829267,328
DDC2B3CC38945E431DE1B3F59EC56680|7E56C27BFF0305E788DA55A029EC4988|NA|NA|57CEF773436352094200B365E79901EF,0.0182648401826484,219
62D6A49514020FA0B2E434DB0B506005|7E56C27BFF0305E788DA55A029EC4988|NA|NA|AFAB362782A7602E3657A915D72EB2BA,0.018255578093306288,986
944B2A351FEFAC79AEAA9DA57E1B351F|7E56C27BFF0305E788DA55A029EC4988|NA|NA|A53C660169AD8CAB6B0417621266AD6E,0.0182370820668693,329
DDC2B3CC38945E431DE1B3F59EC56680|7E56C27BFF0305E788DA55A029EC4988|NA|NA|A86677D924EBA1410B57F92808097754,0.0182370820668693,329
88CED8BA3AA711A20ACF8B1FC574F218|7E56C27BFF0305E788DA55A029EC4988|4C90FD52FC53D2C1C205844CB69575AB|A5D15FC386510762EC0DDFF54ABE6F94|68C374F63AE74137CEB5E1FAA6F986E8,0.018214936247723135,549
033E492229C2222EFAA16EE8A6462D8B|7E56C27BFF0305E788DA55A029EC4988|4C90FD52FC53D2C1C205844CB69575AB|C45A9AC6D102ACAEEDF0D6F78636D84A|AF4C6588A73BD1F2D99A2975BCEC8C6C,0.01820294345468629,2582
5D656311CF9F47E34248BE9FBFF194A0|7E56C27BFF0305E788DA55A029EC4988|NA|NA|879299425A78899F7ACAE4F0DD4F9642,0.01818181818181818,220
13C26D10258053889D75D9B9CA922EC7|7E56C27BFF0305E788DA55A029EC4988|NA|NA|B11F83250E97B9AE77366F23AD8D8567,0.018163471241170535,1982
88CED8BA3AA711A20ACF8B1FC574F218|7E56C27BFF0305E788DA55A029EC4988|NA|NA|818F6EFB7EBD4BBD027FFD52F5CAE718,0.01815690304898938,2919
7532B3FBAFEC164460C4ED6FEB0C022C|7E56C27BFF0305E788DA55A029EC4988|NA|NA|2D1442E068BA850475FCC525A62F631A,0.018134715025906734,386
033E492229C2222EFAA16EE8A6462D8B|D7D1FB49049702BF6338894757E0D959|4C90FD52FC53D2C1C205844CB69575AB|A5D15FC386510762EC0DDFF54ABE6F94|4CD8541E6FABEDBACC672ED7E7A38ED4,0.018115942028985508,276
EC997D43AC86A75D9B88A1051F86A67C|7E56C27BFF0305E788DA55A029EC4988|0CD76C7030D0900BE250C8D41703D180|6EFABCEDA36A931DBF760F88970BAF0E|F9736BEF7C7B6086AEC613D59A54DDD6,0.01808785529715762,387
B4B45C6CE5FC4DE45AB02974D8849DBD|7E56C27BFF0305E788DA55A029EC4988|921B36149E5B081FD24450BFE2CE4430|C45A9AC6D102ACAEEDF0D6F78636D84A|33E436806020EF6D28F4D1016BC8570A,0.018050541516245487,277
033E492229C2222EFAA16EE8A6462D8B|7E56C27BFF0305E788DA55A029EC4988|4C90FD52FC53D2C1C205844CB69575AB|C45A9AC6D102ACAEEDF0D6F78636D84A|6A6D1C3C8A295236B21ED4B1A8E69BF3,0.01804511278195489,665
B4B45C6CE5FC4DE45AB02974D8849DBD|7E56C27BFF0305E788DA55A029EC4988|4C90FD52FC53D2C1C205844CB69575AB|A5D15FC386510762EC0DDFF54ABE6F94|B8432599CBDF06BADC97CF6FCEB3BA2E,0.018018018018018018,333
944B2A351FEFAC79AEAA9DA57E1B351F|7E56C27BFF0305E788DA55A029EC4988|NA|NA|9F72DE7414E2F789689C6587B580F250,0.018018018018018018,333
62D6A49514020FA0B2E434DB0B506005|D7D1FB49049702BF6338894757E0D959|4C90FD52FC53D2C1C205844CB69575AB|A5D15FC386510762EC0DDFF54ABE6F94|DB11EC7F11329CA9BCCB585E9EE64F3F,0.018007878446820485,1777
13C26D10258053889D75D9B9CA922EC7|7E56C27BFF0305E788DA55A029EC4988|NA|NA|E694D61A2EF871AE6B1E6E945BEF5538,0.017937219730941704,223
62D6A49514020FA0B2E434DB0B506005|D7D1FB49049702BF6338894757E0D959|NA|NA|378381D9108314F976EB41E71D5B0883,0.017937219730941704,223
7F286560861764CCB93C90B7AA833949|7E56C27BFF0305E788DA55A029EC4988|NA|NA|DA39B9366CE30905719825A4B232FF68,0.017889087656529516,559
13C26D10258053889D75D9B9CA922EC7|7E56C27BFF0305E788DA55A029EC4988|NA|NA|1D3BFF4E8F5932B394B5C7B293DE3E81,0.017857142857142856,1120
7532B3FBAFEC164460C4ED6FEB0C022C|7E56C27BFF0305E788DA55A029EC4988|NA|NA|2455CF80E16BB9CD1A6B8D97B3454317,0.017793594306049824,1967
13C26D10258053889D75D9B9CA922EC7|D7D1FB49049702BF6338894757E0D959|NA|NA|3A5CED2893FBAA395E7B639EFB9A7AAD,0.017777777777777778,225
DDC2B3CC38945E431DE1B3F59EC56680|7E56C27BFF0305E788DA55A029EC4988|NA|NA|F36A05C91DE4A1A15775AB6604602668,0.01777137367915466,2082
7F286560861764CCB93C90B7AA833949|7E56C27BFF0305E788DA55A029EC4988|NA|NA|0C39B270E0895AC6E4B67099687BE574,0.01777127325946059,4783
5D656311CF9F47E34248BE9FBFF194A0|7E56C27BFF0305E788DA55A029EC4988|NA|NA|79252FC0BD81D1A1735352FA2ED515CC,0.017763157894736842,1520
NA|B432A885981287B47E08B41E802860B2|NA|NA|NA,0.01773049645390071,2256
7532B3FBAFEC164460C4ED6FEB0C022C|7E56C27BFF0305E788DA55A029EC4988|NA|NA|C07CD7ED88347DC1260A3A814DB6BE37,0.017713365539452495,621
033E492229C2222EFAA16EE8A6462D8B|D7D1FB49049702BF6338894757E0D959|4C90FD52FC53D2C1C205844CB69575AB|A5D15FC386510762EC0DDFF54ABE6F94|BDFF836E18B0B61A7370F3B38C705C58,0.01770956316410862,847
7F286560861764CCB93C90B7AA833949|7E56C27BFF0305E788DA55A029EC4988|NA|NA|9162288509E95B864BF2D42CB98F0EE0,0.017699115044247787,226
7F286560861764CCB93C90B7AA833949|7E56C27BFF0305E788DA55A029EC4988|NA|NA|0D208F1F0E9B0AFA67168C64F523A436,0.017699115044247787,339
7532B3FBAFEC164460C4ED6FEB0C022C|D7D1FB49049702BF6338894757E0D959|NA|NA|0584ED67C9DDCE576829D57240A9377D,0.017660044150110375,453
033E492229C2222EFAA16EE8A6462D8B|7E56C27BFF0305E788DA55A029EC4988|4C90FD52FC53D2C1C205844CB69575AB|C45A9AC6D102ACAEEDF0D6F78636D84A|BD78C6EF38BA521BF636C8E50F9C2B5D,0.01763668430335097,567
635623BABBB7DA2E072D8C339F606E15|7E56C27BFF0305E788DA55A029EC4988|NA|NA|8F811DBE74F99680F00DF9BBD22421EC,0.017605633802816902,284
B4B45C6CE5FC4DE45AB02974D8849DBD|7E56C27BFF0305E788DA55A029EC4988|4C90FD52FC53D2C1C205844CB69575AB|A5D15FC386510762EC0DDFF54ABE6F94|88123E2596432F0FB5A90AD8FAFA881C,0.017587939698492462,796
033E492229C2222EFAA16EE8A6462D8B|7E56C27BFF0305E788DA55A029EC4988|4C90FD52FC53D2C1C205844CB69575AB|28F311FA00BD3B4D076659D87EE3AE8D|1900D6F6046C37D012B19EC8EB30D86B,0.017587939698492462,398
944B2A351FEFAC79AEAA9DA57E1B351F|7E56C27BFF0305E788DA55A029EC4988|NA|NA|8F811DBE74F99680F00DF9BBD22421EC,0.01757188498402556,4382
62D6A49514020FA0B2E434DB0B506005|FF2C446555E3822B0E0FC3406116E86D|4C90FD52FC53D2C1C205844CB69575AB|A5D15FC386510762EC0DDFF54ABE6F94|BCC8F8BAFD13EF836E0197F98B6F6CF8,0.017543859649122806,342
635623BABBB7DA2E072D8C339F606E15|7E56C27BFF0305E788DA55A029EC4988|NA|NA|E2EB092A03C54836EE803727A8456A47,0.017528483786152498,1141
62D6A49514020FA0B2E434DB0B506005|D7D1FB49049702BF6338894757E0D959|NA|NA|899A34C980AD9C044C53AB1E498FCE8E,0.0175,400
7F286560861764CCB93C90B7AA833949|7E56C27BFF0305E788DA55A029EC4988|NA|NA|2941789D2260A66F613E668977BDD8BF,0.017495395948434623,1086
635623BABBB7DA2E072D8C339F606E15|7E56C27BFF0305E788DA55A029EC4988|4C90FD52FC53D2C1C205844CB69575AB|A5D15FC386510762EC0DDFF54ABE6F94|AA8A40BDAA9A219D5A0D9E416397A4E5,0.017482517482517484,286
7532B3FBAFEC164460C4ED6FEB0C022C|D7D1FB49049702BF6338894757E0D959|NA|NA|007156D4F803F88D5A4ABE35991D86AC,0.0174496644295302,745
033E492229C2222EFAA16EE8A6462D8B|7E56C27BFF0305E788DA55A029EC4988|4C90FD52FC53D2C1C205844CB69575AB|1B491180398E2F0390E6A588B3BCE291|0F72697E4469C00C34A2840767072250,0.017432646592709985,631
EC997D43AC86A75D9B88A1051F86A67C|7E56C27BFF0305E788DA55A029EC4988|4C90FD52FC53D2C1C205844CB69575AB|A5D15FC386510762EC0DDFF54ABE6F94|BF17BABC8C57C3AB1856623495B9CB7C,0.017412935323383085,402
13C26D10258053889D75D9B9CA922EC7|D7D1FB49049702BF6338894757E0D959|NA|NA|EBD9BA5186A40EB7B33CC3889BF8E9D6,0.017391304347826087,230
EC997D43AC86A75D9B88A1051F86A67C|D7D1FB49049702BF6338894757E0D959|4C90FD52FC53D2C1C205844CB69575AB|A5D15FC386510762EC0DDFF54ABE6F94|1253E5CD7F08786F6FF52826F4930E93,0.017316017316017316,462
635623BABBB7DA2E072D8C339F606E15|7E56C27BFF0305E788DA55A029EC4988|NA|NA|3F16C6D677EE6E128061D50B06775390,0.0172585462993694,6026
7532B3FBAFEC164460C4ED6FEB0C022C|7E56C27BFF0305E788DA55A029EC4988|NA|NA|8D739C22190046898C8DB92D0CF0B4D8,0.017241379310344827,348
DDC2B3CC38945E431DE1B3F59EC56680|7E56C27BFF0305E788DA55A029EC4988|NA|NA|BE9BD48F2291CAD0E81515845FF277F3,0.01718213058419244,291
88CED8BA3AA711A20ACF8B1FC574F218|7E56C27BFF0305E788DA55A029EC4988|NA|NA|705FAF0AB620D2B61DD0E3745F37D103,0.017152658662092625,1166
7F286560861764CCB93C90B7AA833949|D7D1FB49049702BF6338894757E0D959|NA|NA|6FA198C03865BF5882C24622B61923D0,0.017130620985010708,467
7F286560861764CCB93C90B7AA833949|D7D1FB49049702BF6338894757E0D959|4C90FD52FC53D2C1C205844CB69575AB|A5D15FC386510762EC0DDFF54ABE6F94|234D868EB360F83CD0AF8711655E68CC,0.017105263157894738,760
944B2A351FEFAC79AEAA9DA57E1B351F|7E56C27BFF0305E788DA55A029EC4988|NA|NA|2A36A5929DE85DF6702189D2BE5BD750,0.017094017094017096,234
13C26D10258053889D75D9B9CA922EC7|7E56C27BFF0305E788DA55A029EC4988|NA|NA|B29BEF9FE01492E31472B6D03E56F55F,0.017094017094017096,234
7532B3FBAFEC164460C4ED6FEB0C022C|7E56C27BFF0305E788DA55A029EC4988|NA|NA|FFBD2EDDEB16BD5C8DA5AA783C83657B,0.017064846416382253,293
B4B45C6CE5FC4DE45AB02974D8849DBD|7E56C27BFF0305E788DA55A029EC4988|NA|NA|C6525BD555452F8B6833354AFDAEAB3A,0.017045454545454544,352
13C26D10258053889D75D9B9CA922EC7|7E56C27BFF0305E788DA55A029EC4988|NA|NA|DD7954C2C6951C75B6340A91F84F6B78,0.01702127659574468,235
62D6A49514020FA0B2E434DB0B506005|D7D1FB49049702BF6338894757E0D959|NA|NA|13EC4AC03D8C1C29410343D3D984E83D,0.016981132075471698,530
7F286560861764CCB93C90B7AA833949|D7D1FB49049702BF6338894757E0D959|NA|NA|9EA1BDC719FEF2D609EF9018F245D62A,0.016972635954277795,2887
5D656311CF9F47E34248BE9FBFF194A0|7E56C27BFF0305E788DA55A029EC4988|NA|NA|5FD94705FFA48D6096ECF5584A138B3A,0.01694915254237288,295
B4B45C6CE5FC4DE45AB02974D8849DBD|7E56C27BFF0305E788DA55A029EC4988|NA|NA|2CD701CE6B633A9B55AC597F1CBC3B75,0.01694915254237288,295
7F286560861764CCB93C90B7AA833949|7E56C27BFF0305E788DA55A029EC4988|NA|NA|E935402728890A129484025BF055E9EE,0.01694915254237288,236
EC997D43AC86A75D9B88A1051F86A67C|D7D1FB49049702BF6338894757E0D959|4C90FD52FC53D2C1C205844CB69575AB|A5D15FC386510762EC0DDFF54ABE6F94|AAB3B523C26F0DFD22D8F900B8BDE283,0.016931216931216932,945
13C26D10258053889D75D9B9CA922EC7|7E56C27BFF0305E788DA55A029EC4988|NA|NA|86BCCC3827BD9B8C445FBC63E3E425CC,0.016901408450704224,1065
13C26D10258053889D75D9B9CA922EC7|7E56C27BFF0305E788DA55A029EC4988|NA|NA|D0717F4EBDF93BDE6DC41FD5A18C5791,0.016891891891891893,296
DDC2B3CC38945E431DE1B3F59EC56680|7E56C27BFF0305E788DA55A029EC4988|NA|NA|AD8FB446AFBB3CDE3389A5115DC976FA,0.016877637130801686,237
7F286560861764CCB93C90B7AA833949|7E56C27BFF0305E788DA55A029EC4988|NA|NA|F36A05C91DE4A1A15775AB6604602668,0.016877637130801686,237
62D6A49514020FA0B2E434DB0B506005|7E56C27BFF0305E788DA55A029EC4988|NA|NA|49E68E2DD9C2B785A80054A55CF4FCF0,0.016861219195849545,771
7532B3FBAFEC164460C4ED6FEB0C022C|FF2C446555E3822B0E0FC3406116E86D|NA|A5D15FC386510762EC0DDFF54ABE6F94|F3F09125C84909DF8A6428FC3DCC709C,0.016848016848016848,2849
62D6A49514020FA0B2E434DB0B506005|7E56C27BFF0305E788DA55A029EC4988|4C90FD52FC53D2C1C205844CB69575AB|A5D15FC386510762EC0DDFF54ABE6F94|73F7BDE32893C8A538ECBAA53E9626B0,0.01680672268907563,238
E02400CDAD96905D88E932FE9B7D3552|7E56C27BFF0305E788DA55A029EC4988|88460293E9517D21E39AA889BD5AADC8|A5D15FC386510762EC0DDFF54ABE6F94|AAB3B523C26F0DFD22D8F900B8BDE283,0.0167427701674277,657
7F286560861764CCB93C90B7AA833949|7E56C27BFF0305E788DA55A029EC4988|NA|NA|12008D5F2B64F7D86C9D5EDFA8FD2D3D,0.016736401673640166,478
13C26D10258053889D75D9B9CA922EC7|7E56C27BFF0305E788DA55A029EC4988|NA|NA|DA46EB2043C5B48914F5617F964C6BB2,0.01670998886000743,5386
635623BABBB7DA2E072D8C339F606E15|7E56C27BFF0305E788DA55A029EC4988|NA|NA|C5982070978B495B9A9BF24B56359894,0.016706443914081145,838
88CED8BA3AA711A20ACF8B1FC574F218|7E56C27BFF0305E788DA55A029EC4988|NA|NA|301B5DA7BE44DA0488A33A82FBD2FFF7,0.016701461377870562,479
7F286560861764CCB93C90B7AA833949|7E56C27BFF0305E788DA55A029EC4988|NA|NA|DB11EC7F11329CA9BCCB585E9EE64F3F,0.016600420855740004,4277
2551A1FA7839742971CDF4C67667E17A|D7D1FB49049702BF6338894757E0D959|NA|NA|BE7425B55145859A784C10D69C99C731,0.016597510373443983,241
88CED8BA3AA711A20ACF8B1FC574F218|7E56C27BFF0305E788DA55A029EC4988|NA|NA|903612DF849FF9607820EF1FA93CD984,0.016597510373443983,241
5D656311CF9F47E34248BE9FBFF194A0|7E56C27BFF0305E788DA55A029EC4988|NA|NA|E6F5BB969B94E7EE39F8DEFAA7FDA43A,0.01655824955647546,1691
033E492229C2222EFAA16EE8A6462D8B|7E56C27BFF0305E788DA55A029EC4988|4C90FD52FC53D2C1C205844CB69575AB|C45A9AC6D102ACAEEDF0D6F78636D84A|AAB3B523C26F0DFD22D8F900B8BDE283,0.016554578375581996,1933
13C26D10258053889D75D9B9CA922EC7|7E56C27BFF0305E788DA55A029EC4988|NA|NA|3744295C2F5B98A4C307269AABD528AF,0.01655379984951091,1329
62D6A49514020FA0B2E434DB0B506005|7E56C27BFF0305E788DA55A029EC4988|NA|NA|7C9EEA320C3DCEB5DB909E74349FD10F,0.01653543307086614,1270
62D6A49514020FA0B2E434DB0B506005|7E56C27BFF0305E788DA55A029EC4988|NA|NA|E927E76CAB4952055605E359932D57DE,0.01652892561983471,363
88CED8BA3AA711A20ACF8B1FC574F218|D7D1FB49049702BF6338894757E0D959|NA|NA|04A08244085923F5668EE1E0656C27C3,0.01652892561983471,484
033E492229C2222EFAA16EE8A6462D8B|7E56C27BFF0305E788DA55A029EC4988|4C90FD52FC53D2C1C205844CB69575AB|C45A9AC6D102ACAEEDF0D6F78636D84A|CCF1305ACD83048CC410F4A7A064E03C,0.016483516483516484,364
13C26D10258053889D75D9B9CA922EC7|7E56C27BFF0305E788DA55A029EC4988|NA|NA|0B3E0F219D6BE80FAF4B9B409282F3DC,0.01646090534979424,243
62D6A49514020FA0B2E434DB0B506005|D7D1FB49049702BF6338894757E0D959|4C90FD52FC53D2C1C205844CB69575AB|A5D15FC386510762EC0DDFF54ABE6F94|73F7BDE32893C8A538ECBAA53E9626B0,0.01646090534979424,243
111C91D6B0D89C84BF196FED8DBE7BBB|7E56C27BFF0305E788DA55A029EC4988|4C90FD52FC53D2C1C205844CB69575AB|A5D15FC386510762EC0DDFF54ABE6F94|AAB3B523C26F0DFD22D8F900B8BDE283,0.01646090534979424,486
7F286560861764CCB93C90B7AA833949|7E56C27BFF0305E788DA55A029EC4988|NA|NA|F48450F44C761DF178546DFF78AF1839,0.01643835616438356,365
13C26D10258053889D75D9B9CA922EC7|7E56C27BFF0305E788DA55A029EC4988|NA|NA|40989C4546D749BA6D2DB2A0A1D97FF6,0.01643192488262911,426
7532B3FBAFEC164460C4ED6FEB0C022C|7E56C27BFF0305E788DA55A029EC4988|NA|A5D15FC386510762EC0DDFF54ABE6F94|8C83357A456568F5BA3247ED5DDC9EC5,0.016406890894175553,1219
944B2A351FEFAC79AEAA9DA57E1B351F|7E56C27BFF0305E788DA55A029EC4988|NA|NA|FCD99524A2E7F83D8005C9E165338BDC,0.01639344262295082,244
13C26D10258053889D75D9B9CA922EC7|D7D1FB49049702BF6338894757E0D959|NA|NA|42D629332688B86308BBAC2984125629,0.01639344262295082,244
EC997D43AC86A75D9B88A1051F86A67C|7E56C27BFF0305E788DA55A029EC4988|4C90FD52FC53D2C1C205844CB69575AB|A5D15FC386510762EC0DDFF54ABE6F94|8AA0C126723AFA0F99879A1AA8D81400,0.016265912305516265,1414
7F286560861764CCB93C90B7AA833949|7E56C27BFF0305E788DA55A029EC4988|NA|A5D15FC386510762EC0DDFF54ABE6F94|15FB49AEF176915909A36D6D765EED13,0.01624815361890694,677
2134F56D3769B5022DB7172F1536B749|D7D1FB49049702BF6338894757E0D959|NA|NA|3CC1164BE4CF09547F6CDC7DCE2ACA3C,0.016194331983805668,247
635623BABBB7DA2E072D8C339F606E15|7E56C27BFF0305E788DA55A029EC4988|NA|NA|119F91BFED31DDDF40F5B9184A51CD4C,0.016181229773462782,618
635623BABBB7DA2E072D8C339F606E15|7E56C27BFF0305E788DA55A029EC4988|NA|NA|3C6FCCE1AD07501D4EAA79886ADCA5C5,0.016100178890876567,559
7532B3FBAFEC164460C4ED6FEB0C022C|7E56C27BFF0305E788DA55A029EC4988|NA|NA|EC093122D0D5FC4D7E5A9A294779F9D9,0.01607717041800643,622
13C26D10258053889D75D9B9CA922EC7|7E56C27BFF0305E788DA55A029EC4988|NA|NA|1408A80288FE3E473F5B7CD5099FCA7F,0.016060862214708368,7098
B4B45C6CE5FC4DE45AB02974D8849DBD|7E56C27BFF0305E788DA55A029EC4988|88460293E9517D21E39AA889BD5AADC8|A5D15FC386510762EC0DDFF54ABE6F94|AAB3B523C26F0DFD22D8F900B8BDE283,0.016016713091922007,1436
62D6A49514020FA0B2E434DB0B506005|7E56C27BFF0305E788DA55A029EC4988|NA|NA|B6ADEA75185B4006F20A915630C543E7,0.016004844709749978,11559
62D6A49514020FA0B2E434DB0B506005|7E56C27BFF0305E788DA55A029EC4988|4C90FD52FC53D2C1C205844CB69575AB|A5D15FC386510762EC0DDFF54ABE6F94|CC8C5A48F0943AC0BDF8D61D6EFFA4AB,0.01597444089456869,313
7532B3FBAFEC164460C4ED6FEB0C022C|D7D1FB49049702BF6338894757E0D959|NA|NA|6A571C65417A51519362542442340E11,0.015968063872255488,501
88CED8BA3AA711A20ACF8B1FC574F218|7E56C27BFF0305E788DA55A029EC4988|NA|NA|E135ED7396A7DE2AA78F9689EF25021C,0.015957446808510637,376
635623BABBB7DA2E072D8C339F606E15|7E56C27BFF0305E788DA55A029EC4988|NA|NA|9BECABCEB5C936CA1EE1BEB845FFB096,0.015942028985507246,1380
EC997D43AC86A75D9B88A1051F86A67C|7E56C27BFF0305E788DA55A029EC4988|4C90FD52FC53D2C1C205844CB69575AB|A5D15FC386510762EC0DDFF54ABE6F94|F4A9BB3FB3E8497A9C2A095707A62E42,0.01593625498007968,251
13C26D10258053889D75D9B9CA922EC7|7E56C27BFF0305E788DA55A029EC4988|NA|NA|39A582C8A8DDBEB38514DC3C5631ED65,0.01592920353982301,565
635623BABBB7DA2E072D8C339F606E15|7E56C27BFF0305E788DA55A029EC4988|NA|NA|DB0F1608D25FDCFD761673324B10F365,0.01584507042253521,568
7F286560861764CCB93C90B7AA833949|FF2C446555E3822B0E0FC3406116E86D|NA|NA|68C2D74CE65681DC75F163E0CF47F62C,0.015822784810126583,316
7F286560861764CCB93C90B7AA833949|7E56C27BFF0305E788DA55A029EC4988|NA|NA|7CABF58EF8FAAFEF53ACC5AD873207CB,0.015822784810126583,316
13C26D10258053889D75D9B9CA922EC7|D7D1FB49049702BF6338894757E0D959|NA|NA|9B07DF810989700977C19959A4D1B79F,0.015810276679841896,253
B4B45C6CE5FC4DE45AB02974D8849DBD|7E56C27BFF0305E788DA55A029EC4988|NA|NA|A73D379702E11B9204C28C9CCE2122CE,0.015748031496062992,381
13C26D10258053889D75D9B9CA922EC7|7E56C27BFF0305E788DA55A029EC4988|NA|NA|8B85CBB7748283E03F520E406A454602,0.015748031496062992,762
7F286560861764CCB93C90B7AA833949|7E56C27BFF0305E788DA55A029EC4988|NA|NA|52C395F2286B2F794259FBDACE2B453B,0.015745501285347043,6224
033E492229C2222EFAA16EE8A6462D8B|7E56C27BFF0305E788DA55A029EC4988|4C90FD52FC53D2C1C205844CB69575AB|1B491180398E2F0390E6A588B3BCE291|22EAD5A6E80BCA16B9A88D8AC4463846,0.015730337078651686,445
635623BABBB7DA2E072D8C339F606E15|7E56C27BFF0305E788DA55A029EC4988|NA|NA|D3344F35756F79D8C0D60AD257606D52,0.015723270440251572,318
13C26D10258053889D75D9B9CA922EC7|7E56C27BFF0305E788DA55A029EC4988|NA|NA|5BB21A0B2BB10B0F15B80F0DDB9FFA4F,0.015717092337917484,509
2134F56D3769B5022DB7172F1536B749|7E56C27BFF0305E788DA55A029EC4988|NA|NA|B35B1DFE3AE306CF6FED7312730C6BF0,0.015706806282722512,764
7F286560861764CCB93C90B7AA833949|7E56C27BFF0305E788DA55A029EC4988|4C90FD52FC53D2C1C205844CB69575AB|A5D15FC386510762EC0DDFF54ABE6F94|DAC978D041371FDB1829C79008F6556F,0.01569506726457399,446
B4B45C6CE5FC4DE45AB02974D8849DBD|7E56C27BFF0305E788DA55A029EC4988|4C90FD52FC53D2C1C205844CB69575AB|A5D15FC386510762EC0DDFF54ABE6F94|4D4BE7AA7F89A6ADC9B25D8C6D08CF94,0.01568627450980392,255
7F286560861764CCB93C90B7AA833949|7E56C27BFF0305E788DA55A029EC4988|NA|NA|8F8490C45E69AA1F9E1F65AE04B97CC0,0.015685710174125775,13898
E02400CDAD96905D88E932FE9B7D3552|7E56C27BFF0305E788DA55A029EC4988|88460293E9517D21E39AA889BD5AADC8|A5D15FC386510762EC0DDFF54ABE6F94|B1307FE5A41D1B598A37FA0A26B71DFE,0.015665796344647518,766
7532B3FBAFEC164460C4ED6FEB0C022C|7E56C27BFF0305E788DA55A029EC4988|NA|A5D15FC386510762EC0DDFF54ABE6F94|A26F87F9AFAE0651D9EA992A95C407A2,0.0156312625250501,4990
635623BABBB7DA2E072D8C339F606E15|7E56C27BFF0305E788DA55A029EC4988|NA|NA|C4EE7EA84A44D30C8BA8FE7547029F23,0.015625,256
13C26D10258053889D75D9B9CA922EC7|7E56C27BFF0305E788DA55A029EC4988|NA|NA|B9AD7BDBC46ED22B4E8678F1785AAAAB,0.015590200445434299,449
7F286560861764CCB93C90B7AA833949|7E56C27BFF0305E788DA55A029EC4988|NA|NA|FFAFA7BBE647EF2FAA42874F165ECF5F,0.01557632398753894,321
7532B3FBAFEC164460C4ED6FEB0C022C|7E56C27BFF0305E788DA55A029EC4988|NA|NA|9BD630227201C4A20641D675A9E46E88,0.015527950310559006,322
62D6A49514020FA0B2E434DB0B506005|D7D1FB49049702BF6338894757E0D959|4C90FD52FC53D2C1C205844CB69575AB|A5D15FC386510762EC0DDFF54ABE6F94|CD886AD2EA373C74FEE56551B39E4B87,0.015521064301552107,902
13C26D10258053889D75D9B9CA922EC7|7E56C27BFF0305E788DA55A029EC4988|NA|NA|D3B651C7EB196E4F803129B9B9A381B9,0.015503875968992248,258
033E492229C2222EFAA16EE8A6462D8B|7E56C27BFF0305E788DA55A029EC4988|4C90FD52FC53D2C1C205844CB69575AB|1B491180398E2F0390E6A588B3BCE291|47005EA094C94C583941C0260DAFC54A,0.015503875968992248,258
7F286560861764CCB93C90B7AA833949|7E56C27BFF0305E788DA55A029EC4988|4C90FD52FC53D2C1C205844CB69575AB|A5D15FC386510762EC0DDFF54ABE6F94|D2EB03A2E3278FD5F6F1585E6FAB263B,0.015463917525773196,388
7532B3FBAFEC164460C4ED6FEB0C022C|7E56C27BFF0305E788DA55A029EC4988|88460293E9517D21E39AA889BD5AADC8|A5D15FC386510762EC0DDFF54ABE6F94|AAB3B523C26F0DFD22D8F900B8BDE283,0.01545253863134658,453
62D6A49514020FA0B2E434DB0B506005|D7D1FB49049702BF6338894757E0D959|4C90FD52FC53D2C1C205844CB69575AB|A5D15FC386510762EC0DDFF54ABE6F94|3C6810CE0F25072FD902C5A4D2248BF7,0.015444015444015444,777
EC997D43AC86A75D9B88A1051F86A67C|D7D1FB49049702BF6338894757E0D959|NA|NA|69780E1BD3FC3B76622E583653CBCD3C,0.015432098765432098,324
7F286560861764CCB93C90B7AA833949|D7D1FB49049702BF6338894757E0D959|4C90FD52FC53D2C1C205844CB69575AB|A5D15FC386510762EC0DDFF54ABE6F94|261B4E03E76EBB3424E1137D9A9B6358,0.015432098765432098,972
13C26D10258053889D75D9B9CA922EC7|7E56C27BFF0305E788DA55A029EC4988|NA|NA|87F92D087006F08CC7FC79D5929ADE3E,0.015384615384615385,650
5D656311CF9F47E34248BE9FBFF194A0|7E56C27BFF0305E788DA55A029EC4988|NA|NA|DD62AE48B4179417BB6A3B7DE846E128,0.015384615384615385,260
7532B3FBAFEC164460C4ED6FEB0C022C|D7D1FB49049702BF6338894757E0D959|NA|NA|2EC35BDFEF36B021AD4FB39FE62035F6,0.015384615384615385,260
7532B3FBAFEC164460C4ED6FEB0C022C|7E56C27BFF0305E788DA55A029EC4988|4C90FD52FC53D2C1C205844CB69575AB|A5D15FC386510762EC0DDFF54ABE6F94|CBC06CACD26D252F45D31D9E7D3861E0,0.015355086372360844,521
E02400CDAD96905D88E932FE9B7D3552|D7D1FB49049702BF6338894757E0D959|88460293E9517D21E39AA889BD5AADC8|A5D15FC386510762EC0DDFF54ABE6F94|CD899DF174A0A3CDC706C26F3891F3E0,0.015337423312883436,326
B4B45C6CE5FC4DE45AB02974D8849DBD|7E56C27BFF0305E788DA55A029EC4988|88460293E9517D21E39AA889BD5AADC8|A5D15FC386510762EC0DDFF54ABE6F94|C63B8516FD21413724C6AD5056A48E90,0.015317286652078774,457
033E492229C2222EFAA16EE8A6462D8B|7E56C27BFF0305E788DA55A029EC4988|538912C31E773613AB51FBAE58492476|D7B42B0C4D807EF1C13F79948743E9DA|BDFF836E18B0B61A7370F3B38C705C58,0.015267175572519083,262
EC997D43AC86A75D9B88A1051F86A67C|D7D1FB49049702BF6338894757E0D959|NA|NA|7C4AA6E791F3F876F7D6D8A8A5AAA73F,0.015267175572519083,524
13C26D10258053889D75D9B9CA922EC7|D7D1FB49049702BF6338894757E0D959|NA|NA|6B8175E439797F47FD9C60AAE562B870,0.015197568389057751,329
033E492229C2222EFAA16EE8A6462D8B|7E56C27BFF0305E788DA55A029EC4988|4C90FD52FC53D2C1C205844CB69575AB|C45A9AC6D102ACAEEDF0D6F78636D84A|1444F7B81C77B6A1752DC478F00BF61F,0.015186915887850467,856
88CED8BA3AA711A20ACF8B1FC574F218|7E56C27BFF0305E788DA55A029EC4988|NA|NA|A74BB9DE13FF220A0E8EAB2376F520A5,0.015184381778741865,461
635623BABBB7DA2E072D8C339F606E15|7E56C27BFF0305E788DA55A029EC4988|NA|NA|E3239CED2B981E888B2D060975A2320C,0.015151515151515152,264
7F286560861764CCB93C90B7AA833949|7E56C27BFF0305E788DA55A029EC4988|NA|NA|567143590CBD314681C0B29801AA4D90,0.015151515151515152,330
635623BABBB7DA2E072D8C339F606E15|7E56C27BFF0305E788DA55A029EC4988|NA|NA|3D1DDB4A438CCCECFFA71256F05EDAAD,0.015146526177148501,3037
62D6A49514020FA0B2E434DB0B506005|7E56C27BFF0305E788DA55A029EC4988|4C90FD52FC53D2C1C205844CB69575AB|A5D15FC386510762EC0DDFF54ABE6F94|NA,0.015110631408526714,9265
635623BABBB7DA2E072D8C339F606E15|D7D1FB49049702BF6338894757E0D959|88460293E9517D21E39AA889BD5AADC8|C45A9AC6D102ACAEEDF0D6F78636D84A|NA,0.015099519560741249,1457
13C26D10258053889D75D9B9CA922EC7|7E56C27BFF0305E788DA55A029EC4988|NA|NA|1192EBCDC1287BE8763EFFE25A3028CE,0.015049299429164505,1927
13C26D10258053889D75D9B9CA922EC7|7E56C27BFF0305E788DA55A029EC4988|NA|NA|F15DCA9E43DF2C07E9A9DA8E69CB1037,0.015021459227467811,466
B4B45C6CE5FC4DE45AB02974D8849DBD|7E56C27BFF0305E788DA55A029EC4988|NA|NA|66D204A0B861685BC22154839F98A7C0,0.0149812734082397,267
88CED8BA3AA711A20ACF8B1FC574F218|7E56C27BFF0305E788DA55A029EC4988|NA|NA|73D301AD0C739210CD1115229B1F9CED,0.014925373134328358,201
EC997D43AC86A75D9B88A1051F86A67C|7E56C27BFF0305E788DA55A029EC4988|NA|NA|94A5BA19E835A4869BD2BA2CD681995D,0.014925373134328358,201
13C26D10258053889D75D9B9CA922EC7|7E56C27BFF0305E788DA55A029EC4988|NA|NA|24082D1D702B68730ECD005B9AA248B1,0.014925373134328358,201
7F286560861764CCB93C90B7AA833949|7E56C27BFF0305E788DA55A029EC4988|NA|NA|CF884DB599F25CAC398E084BCDCC0F5A,0.014879425346331451,1949
EC997D43AC86A75D9B88A1051F86A67C|7E56C27BFF0305E788DA55A029EC4988|NA|NA|1E8F8F7130602FD4AE55C96AEDADE0A1,0.01486988847583643,269
EC997D43AC86A75D9B88A1051F86A67C|D7D1FB49049702BF6338894757E0D959|4C90FD52FC53D2C1C205844CB69575AB|A5D15FC386510762EC0DDFF54ABE6F94|90F66C7DD57B14B82BC666CA7B27FEFB,0.01486988847583643,269
7F286560861764CCB93C90B7AA833949|7E56C27BFF0305E788DA55A029EC4988|NA|A5D15FC386510762EC0DDFF54ABE6F94|24D4F8D30C3029FD1D24B305FDC06DBE,0.01485148514851485,202
2551A1FA7839742971CDF4C67667E17A|7E56C27BFF0305E788DA55A029EC4988|NA|NA|8423ABDA651D731F480B82F4CFA2F1A8,0.01485148514851485,202
7F286560861764CCB93C90B7AA833949|D7D1FB49049702BF6338894757E0D959|NA|NA|FB49C1C86C8058F7D8E86772D62DBE73,0.01485148514851485,404
B4B45C6CE5FC4DE45AB02974D8849DBD|7E56C27BFF0305E788DA55A029EC4988|4C90FD52FC53D2C1C205844CB69575AB|A5D15FC386510762EC0DDFF54ABE6F94|A85DB37D271B85C6743A33244D66C2D5,0.01485148514851485,808
7532B3FBAFEC164460C4ED6FEB0C022C|7E56C27BFF0305E788DA55A029EC4988|NA|NA|FE624CB636969F980FC38206F5DB3FC7,0.014844595639400032,6467
B4B45C6CE5FC4DE45AB02974D8849DBD|7E56C27BFF0305E788DA55A029EC4988|NA|NA|9AC15FF1179B3368AB09B0D8D42DF16F,0.014778325123152709,406
88CED8BA3AA711A20ACF8B1FC574F218|7E56C27BFF0305E788DA55A029EC4988|NA|NA|D9ACEB7C9C60D0FDCC6AA2BAEA79D1E3,0.014778325123152709,203
13C26D10258053889D75D9B9CA922EC7|7E56C27BFF0305E788DA55A029EC4988|NA|NA|2694ECBAA3379A9E793FB764F9A6FE81,0.014749262536873156,339
7532B3FBAFEC164460C4ED6FEB0C022C|D7D1FB49049702BF6338894757E0D959|NA|NA|1D452D880A993961230AA571686F94F4,0.014705882352941176,204
033E492229C2222EFAA16EE8A6462D8B|D7D1FB49049702BF6338894757E0D959|4C90FD52FC53D2C1C205844CB69575AB|A5D15FC386510762EC0DDFF54ABE6F94|698F2579AC7447257CCED891BCA196EB,0.014705882352941176,272
13C26D10258053889D75D9B9CA922EC7|7E56C27BFF0305E788DA55A029EC4988|NA|NA|83852B23722B0AD57475EB113F30DEDB,0.014705882352941176,340
13C26D10258053889D75D9B9CA922EC7|7E56C27BFF0305E788DA55A029EC4988|NA|NA|273A94D68A818FF701A692C50E33B646,0.014671814671814672,1295
033E492229C2222EFAA16EE8A6462D8B|7E56C27BFF0305E788DA55A029EC4988|4C90FD52FC53D2C1C205844CB69575AB|1B491180398E2F0390E6A588B3BCE291|24C988032A4B4CA1A2B7227B849EA2C1,0.014634146341463415,410
62D6A49514020FA0B2E434DB0B506005|7E56C27BFF0305E788DA55A029EC4988|NA|NA|18331F36EF7E26CFE1FB207BBF3E0422,0.014563106796116505,206
7532B3FBAFEC164460C4ED6FEB0C022C|7E56C27BFF0305E788DA55A029EC4988|88460293E9517D21E39AA889BD5AADC8|A5D15FC386510762EC0DDFF54ABE6F94|CD899DF174A0A3CDC706C26F3891F3E0,0.014534883720930232,344
033E492229C2222EFAA16EE8A6462D8B|7E56C27BFF0305E788DA55A029EC4988|4C90FD52FC53D2C1C205844CB69575AB|A5D15FC386510762EC0DDFF54ABE6F94|D0923DC139C576F30714A041A47AA60B,0.014492753623188406,276
033E492229C2222EFAA16EE8A6462D8B|7E56C27BFF0305E788DA55A029EC4988|4C90FD52FC53D2C1C205844CB69575AB|C45A9AC6D102ACAEEDF0D6F78636D84A|652591450D18838FD9C833BE9CB5B53A,0.014492753623188406,207
13C26D10258053889D75D9B9CA922EC7|7E56C27BFF0305E788DA55A029EC4988|NA|NA|07285346715CDBA54487E69BD8A27441,0.014450867052023121,346
944B2A351FEFAC79AEAA9DA57E1B351F|7E56C27BFF0305E788DA55A029EC4988|NA|NA|4760AF795E47C9937E5F980E7F2186C7,0.014423076923076924,208
62D6A49514020FA0B2E434DB0B506005|7E56C27BFF0305E788DA55A029EC4988|NA|NA|5ABA2BD8462F436D5747442D855BE7ED,0.014423076923076924,208
7F286560861764CCB93C90B7AA833949|7E56C27BFF0305E788DA55A029EC4988|NA|NA|301B5DA7BE44DA0488A33A82FBD2FFF7,0.01440329218106996,486
13C26D10258053889D75D9B9CA922EC7|7E56C27BFF0305E788DA55A029EC4988|NA|NA|483D16BF676A02C9F774E0653586A978,0.014392630972941854,1737
033E492229C2222EFAA16EE8A6462D8B|7E56C27BFF0305E788DA55A029EC4988|4C90FD52FC53D2C1C205844CB69575AB|C45A9AC6D102ACAEEDF0D6F78636D84A|5484AC04F0FAC496618FD48E4FB2E240,0.014336917562724014,558
7F286560861764CCB93C90B7AA833949|7E56C27BFF0305E788DA55A029EC4988|NA|NA|B02A58E94CCFD01B0A0D4B838515EE4C,0.014336917562724014,279
033E492229C2222EFAA16EE8A6462D8B|7E56C27BFF0305E788DA55A029EC4988|4C90FD52FC53D2C1C205844CB69575AB|1B491180398E2F0390E6A588B3BCE291|17941342B34DA19B357261A8B6E2FECF,0.014285714285714285,350
944B2A351FEFAC79AEAA9DA57E1B351F|7E56C27BFF0305E788DA55A029EC4988|NA|NA|261B45E02C6480791271BB18F0A4969F,0.0142602495543672,561
62D6A49514020FA0B2E434DB0B506005|FF2C446555E3822B0E0FC3406116E86D|4C90FD52FC53D2C1C205844CB69575AB|A5D15FC386510762EC0DDFF54ABE6F94|24D4F8D30C3029FD1D24B305FDC06DBE,0.014218009478672985,1477
13C26D10258053889D75D9B9CA922EC7|7E56C27BFF0305E788DA55A029EC4988|NA|NA|F2B267B7DCA3A53B63F9C18EB76A3F14,0.014204545454545454,352
EC997D43AC86A75D9B88A1051F86A67C|7E56C27BFF0305E788DA55A029EC4988|0CD76C7030D0900BE250C8D41703D180|A5D15FC386510762EC0DDFF54ABE6F94|D3215114FD57C040D9C37623B6F92364,0.014184397163120567,282
13C26D10258053889D75D9B9CA922EC7|7E56C27BFF0305E788DA55A029EC4988|NA|NA|F07FBCE1C8A8A4FA95FC880224885FEA,0.014164305949008499,353
62D6A49514020FA0B2E434DB0B506005|7E56C27BFF0305E788DA55A029EC4988|4C90FD52FC53D2C1C205844CB69575AB|A5D15FC386510762EC0DDFF54ABE6F94|15E3BC3F1B1531808679E682CDD31411,0.014134275618374558,283
7F286560861764CCB93C90B7AA833949|7E56C27BFF0305E788DA55A029EC4988|NA|NA|FA14831896C98130F622B7E23A2E63A6,0.014124293785310734,354
635623BABBB7DA2E072D8C339F606E15|7E56C27BFF0305E788DA55A029EC4988|NA|NA|16DC7A7B91166F973156EF1FACD52A0E,0.014124293785310734,354
13C26D10258053889D75D9B9CA922EC7|7E56C27BFF0305E788DA55A029EC4988|NA|NA|247644C124C3882AC675FFD5F306B98C,0.014084507042253521,213
7532B3FBAFEC164460C4ED6FEB0C022C|D7D1FB49049702BF6338894757E0D959|NA|NA|E0ADBA39593703F81D64A47FDC03B14D,0.014084507042253521,213
7F286560861764CCB93C90B7AA833949|FF2C446555E3822B0E0FC3406116E86D|NA|NA|708A9208B0A4E936E695B19EE186EE9A,0.014084507042253521,284
033E492229C2222EFAA16EE8A6462D8B|7E56C27BFF0305E788DA55A029EC4988|4C90FD52FC53D2C1C205844CB69575AB|C45A9AC6D102ACAEEDF0D6F78636D84A|CA14A35227D764533DE6FA3BA39C8C89,0.014076576576576577,1776
62D6A49514020FA0B2E434DB0B506005|D7D1FB49049702BF6338894757E0D959|4C90FD52FC53D2C1C205844CB69575AB|A5D15FC386510762EC0DDFF54ABE6F94|15E3BC3F1B1531808679E682CDD31411,0.014044943820224719,356
7F286560861764CCB93C90B7AA833949|D7D1FB49049702BF6338894757E0D959|NA|A5D15FC386510762EC0DDFF54ABE6F94|82FA4E5D42BC4E65E357A400943DB6C3,0.014018691588785047,214
033E492229C2222EFAA16EE8A6462D8B|7E56C27BFF0305E788DA55A029EC4988|4C90FD52FC53D2C1C205844CB69575AB|C45A9AC6D102ACAEEDF0D6F78636D84A|FC16A1CE21E4ED4B38ADDB55B87FF9FB,0.013986013986013986,429
7532B3FBAFEC164460C4ED6FEB0C022C|D7D1FB49049702BF6338894757E0D959|NA|NA|46FEEADE6FBFA3DD49178B31E6CF649C,0.013975155279503106,644
88CED8BA3AA711A20ACF8B1FC574F218|7E56C27BFF0305E788DA55A029EC4988|4C90FD52FC53D2C1C205844CB69575AB|A5D15FC386510762EC0DDFF54ABE6F94|1CCC8DF7A53E9D7A687B64E4773686CF,0.013953488372093023,215
944B2A351FEFAC79AEAA9DA57E1B351F|7E56C27BFF0305E788DA55A029EC4988|NA|NA|04ABF22DA16C9C31EE662822E88E84FE,0.013953488372093023,215
62D6A49514020FA0B2E434DB0B506005|D7D1FB49049702BF6338894757E0D959|4C90FD52FC53D2C1C205844CB69575AB|A5D15FC386510762EC0DDFF54ABE6F94|148A1360EA95D51A7327F1C38E87BE16,0.013937282229965157,574
EC997D43AC86A75D9B88A1051F86A67C|7E56C27BFF0305E788DA55A029EC4988|4C90FD52FC53D2C1C205844CB69575AB|C45A9AC6D102ACAEEDF0D6F78636D84A|635A3EF4F16C9B52F3334F52B864E056,0.01391231028667791,2372
7532B3FBAFEC164460C4ED6FEB0C022C|7E56C27BFF0305E788DA55A029EC4988|NA|NA|A2A16B5DAFAC2868BC14C731DA687D5B,0.013904982618771726,4315
62D6A49514020FA0B2E434DB0B506005|7E56C27BFF0305E788DA55A029EC4988|NA|NA|C2BC8501709FE7130F454E5B9BE6DE70,0.013888888888888888,288
635623BABBB7DA2E072D8C339F606E15|7E56C27BFF0305E788DA55A029EC4988|NA|NA|813CD77A816C9C44AF04B959A50BBDB0,0.013888888888888888,504
7F286560861764CCB93C90B7AA833949|7E56C27BFF0305E788DA55A029EC4988|NA|NA|963F38B480810E78ECF5AE212F724D97,0.013875598086124402,2090
13C26D10258053889D75D9B9CA922EC7|7E56C27BFF0305E788DA55A029EC4988|NA|NA|F8CCACB50E65CA776527369F2A361479,0.013853258081067214,1949
62D6A49514020FA0B2E434DB0B506005|7E56C27BFF0305E788DA55A029EC4988|NA|NA|8215A71461B175CC09C3A75CB7877045,0.01384083044982699,289
033E492229C2222EFAA16EE8A6462D8B|7E56C27BFF0305E788DA55A029EC4988|F716A9DB9D084CD5CFBDA30A923016E1|C83584C67375245584CEBF5DCE5BEE2D|A2DA50A97861C3AAEBBB77E44CBFAA21,0.013793103448275862,435
944B2A351FEFAC79AEAA9DA57E1B351F|7E56C27BFF0305E788DA55A029EC4988|NA|NA|68B6A3834DCB9A58C63B62177D20DD00,0.013761467889908258,218
7532B3FBAFEC164460C4ED6FEB0C022C|7E56C27BFF0305E788DA55A029EC4988|NA|NA|AD597DDC47CC6B68B3412EC1A2EC3B68,0.013729977116704805,437
7F286560861764CCB93C90B7AA833949|D7D1FB49049702BF6338894757E0D959|4C90FD52FC53D2C1C205844CB69575AB|A5D15FC386510762EC0DDFF54ABE6F94|16DC08297D469D4E52076F9DAD24540F,0.013719849524231024,4519
5D656311CF9F47E34248BE9FBFF194A0|7E56C27BFF0305E788DA55A029EC4988|NA|NA|F6EC9C4A10DACD416543A9B484ABA0F4,0.0136986301369863,292
EC997D43AC86A75D9B88A1051F86A67C|7E56C27BFF0305E788DA55A029EC4988|4C90FD52FC53D2C1C205844CB69575AB|A5D15FC386510762EC0DDFF54ABE6F94|616166C094669ACA4A086DCB463E788E,0.0136986301369863,219
033E492229C2222EFAA16EE8A6462D8B|7E56C27BFF0305E788DA55A029EC4988|4C90FD52FC53D2C1C205844CB69575AB|C45A9AC6D102ACAEEDF0D6F78636D84A|37F4367B68979917BAB9E841998C41A2,0.0136986301369863,365
5D656311CF9F47E34248BE9FBFF194A0|7E56C27BFF0305E788DA55A029EC4988|NA|NA|C93757927D5E30F937F65B985B230F26,0.013651877133105802,293
7F286560861764CCB93C90B7AA833949|7E56C27BFF0305E788DA55A029EC4988|NA|A5D15FC386510762EC0DDFF54ABE6F94|F1EFA34D978323A71CFFFED6B9A4883B,0.01364522417153996,513
DDC2B3CC38945E431DE1B3F59EC56680|7E56C27BFF0305E788DA55A029EC4988|NA|NA|108710700332494629A135194D769338,0.013636363636363636,440
7F286560861764CCB93C90B7AA833949|7E56C27BFF0305E788DA55A029EC4988|4C90FD52FC53D2C1C205844CB69575AB|A5D15FC386510762EC0DDFF54ABE6F94|AAB3B523C26F0DFD22D8F900B8BDE283,0.013622291021671827,6460
62D6A49514020FA0B2E434DB0B506005|D7D1FB49049702BF6338894757E0D959|4C90FD52FC53D2C1C205844CB69575AB|A5D15FC386510762EC0DDFF54ABE6F94|DEE01C70ED04F15A2878E0C185CF14C1,0.013513513513513514,222
033E492229C2222EFAA16EE8A6462D8B|D7D1FB49049702BF6338894757E0D959|4C90FD52FC53D2C1C205844CB69575AB|C45A9AC6D102ACAEEDF0D6F78636D84A|745378C61E74FDFAFBB1885E3C0B903A,0.013496932515337423,815
033E492229C2222EFAA16EE8A6462D8B|7E56C27BFF0305E788DA55A029EC4988|4C90FD52FC53D2C1C205844CB69575AB|A5D15FC386510762EC0DDFF54ABE6F94|69627A0B91326CFECFA77C30C6F6A6D8,0.013452914798206279,223
635623BABBB7DA2E072D8C339F606E15|7E56C27BFF0305E788DA55A029EC4988|4C90FD52FC53D2C1C205844CB69575AB|A5D15FC386510762EC0DDFF54ABE6F94|E342B9F0CD5971B3451EE7391DFFBB00,0.01338432122370937,523
635623BABBB7DA2E072D8C339F606E15|7E56C27BFF0305E788DA55A029EC4988|NA|NA|1E8595166BD67129519AEF667872F2F4,0.013383297644539615,1868
7F286560861764CCB93C90B7AA833949|7E56C27BFF0305E788DA55A029EC4988|NA|NA|90E395311F39F356A0837AB16361B79A,0.013313609467455622,676
7F286560861764CCB93C90B7AA833949|7E56C27BFF0305E788DA55A029EC4988|4C90FD52FC53D2C1C205844CB69575AB|A5D15FC386510762EC0DDFF54ABE6F94|0DEC4A2C5575525A724B2B1E676699CE,0.013297872340425532,376
62D6A49514020FA0B2E434DB0B506005|D7D1FB49049702BF6338894757E0D959|4C90FD52FC53D2C1C205844CB69575AB|A5D15FC386510762EC0DDFF54ABE6F94|5DA2C91E16905A5896FD236766C38C29,0.013297872340425532,376
EC997D43AC86A75D9B88A1051F86A67C|7E56C27BFF0305E788DA55A029EC4988|4C90FD52FC53D2C1C205844CB69575AB|A5D15FC386510762EC0DDFF54ABE6F94|90F66C7DD57B14B82BC666CA7B27FEFB,0.01327433628318584,226
033E492229C2222EFAA16EE8A6462D8B|7E56C27BFF0305E788DA55A029EC4988|4C90FD52FC53D2C1C205844CB69575AB|A5D15FC386510762EC0DDFF54ABE6F94|16007CE6FF9018C22349ABC2B0E60B08,0.01327433628318584,226
033E492229C2222EFAA16EE8A6462D8B|7E56C27BFF0305E788DA55A029EC4988|4C90FD52FC53D2C1C205844CB69575AB|1B491180398E2F0390E6A588B3BCE291|9EE6C728FD590E8C663954CD6E026E58,0.01327433628318584,452
13C26D10258053889D75D9B9CA922EC7|7E56C27BFF0305E788DA55A029EC4988|NA|NA|A62F89C534EE110BE2BCBE2B54C60D27,0.013262599469496022,377
62D6A49514020FA0B2E434DB0B506005|7E56C27BFF0305E788DA55A029EC4988|NA|NA|1C708EEFD39C7F5CC88A3F959F606C0B,0.013245033112582781,302
B4B45C6CE5FC4DE45AB02974D8849DBD|7E56C27BFF0305E788DA55A029EC4988|88460293E9517D21E39AA889BD5AADC8|A5D15FC386510762EC0DDFF54ABE6F94|E942D9B0DD3113BFA54D5914A06F7E90,0.013201320132013201,303
13C26D10258053889D75D9B9CA922EC7|7E56C27BFF0305E788DA55A029EC4988|NA|NA|0F72697E4469C00C34A2840767072250,0.013118062563067608,991
62D6A49514020FA0B2E434DB0B506005|D7D1FB49049702BF6338894757E0D959|NA|NA|5AF1D292796494F35E97E802F57E4A28,0.013100436681222707,229
7532B3FBAFEC164460C4ED6FEB0C022C|7E56C27BFF0305E788DA55A029EC4988|NA|NA|E98D1546048AF4B86D7F30456FD1ABC5,0.01306981192221868,3137
13C26D10258053889D75D9B9CA922EC7|7E56C27BFF0305E788DA55A029EC4988|NA|NA|0C2383E4B832F2FCD9BB84F82454581C,0.013059701492537313,536
62D6A49514020FA0B2E434DB0B506005|D7D1FB49049702BF6338894757E0D959|NA|NA|97EB26AFF9A03409CC48922249D83B29,0.013043478260869565,460
DDC2B3CC38945E431DE1B3F59EC56680|7E56C27BFF0305E788DA55A029EC4988|NA|NA|2518E9F82B365BEC8565325C5D731C1C,0.013043478260869565,230
7F286560861764CCB93C90B7AA833949|D7D1FB49049702BF6338894757E0D959|NA|NA|708A9208B0A4E936E695B19EE186EE9A,0.013024602026049204,691
EC997D43AC86A75D9B88A1051F86A67C|7E56C27BFF0305E788DA55A029EC4988|4C90FD52FC53D2C1C205844CB69575AB|A5D15FC386510762EC0DDFF54ABE6F94|E99AB9E0FDD163A1A586BF1829AE5A4F,0.013015184381778741,461
7F286560861764CCB93C90B7AA833949|D7D1FB49049702BF6338894757E0D959|NA|NA|8D92C8933BEE38674CC11971D83230CC,0.012987012987012988,308
62D6A49514020FA0B2E434DB0B506005|D7D1FB49049702BF6338894757E0D959|NA|NA|12A45264F0A0E9419651C2EE57C4366C,0.012944983818770227,309
EC997D43AC86A75D9B88A1051F86A67C|D7D1FB49049702BF6338894757E0D959|NA|NA|EB42BAD09CEACE37E04B1DA9A687BD66,0.01293103448275862,232
88CED8BA3AA711A20ACF8B1FC574F218|7E56C27BFF0305E788DA55A029EC4988|NA|NA|B5597587575BD213D23B74C0BE721C8D,0.012919896640826873,387
EC997D43AC86A75D9B88A1051F86A67C|7E56C27BFF0305E788DA55A029EC4988|4C90FD52FC53D2C1C205844CB69575AB|A5D15FC386510762EC0DDFF54ABE6F94|351B9737D300EC18A841F25B1AA4C6A9,0.012915129151291513,542
7F286560861764CCB93C90B7AA833949|D7D1FB49049702BF6338894757E0D959|NA|NA|344DC605C685C093D30F366412C1337F,0.012903225806451613,465
635623BABBB7DA2E072D8C339F606E15|7E56C27BFF0305E788DA55A029EC4988|NA|NA|AD08C2F6FD7D823D91CE890F24ED8D0D,0.012903225806451613,310
EC997D43AC86A75D9B88A1051F86A67C|7E56C27BFF0305E788DA55A029EC4988|4C90FD52FC53D2C1C205844CB69575AB|C45A9AC6D102ACAEEDF0D6F78636D84A|6A1F1F344D0A4A99940699B11365E7E8,0.012861736334405145,3732
033E492229C2222EFAA16EE8A6462D8B|7E56C27BFF0305E788DA55A029EC4988|4C90FD52FC53D2C1C205844CB69575AB|A5D15FC386510762EC0DDFF54ABE6F94|A353EF97DA0BC5E631E5EDD1F2DD799B,0.01284796573875803,467
635623BABBB7DA2E072D8C339F606E15|7E56C27BFF0305E788DA55A029EC4988|NA|NA|6CB1E7B6DC8B7B0957059F16D0407C5A,0.012827090815802977,3898
62D6A49514020FA0B2E434DB0B506005|D7D1FB49049702BF6338894757E0D959|4C90FD52FC53D2C1C205844CB69575AB|A5D15FC386510762EC0DDFF54ABE6F94|5CB96F171B586A7CC3974C32755AEF36,0.01282051282051282,1404
635623BABBB7DA2E072D8C339F606E15|7E56C27BFF0305E788DA55A029EC4988|4C90FD52FC53D2C1C205844CB69575AB|A5D15FC386510762EC0DDFF54ABE6F94|2B8AD82ECBBF8EBA4388421DA1C3B7C1,0.01282051282051282,234
EC997D43AC86A75D9B88A1051F86A67C|7E56C27BFF0305E788DA55A029EC4988|NA|NA|35D83D22A23FC4C647328E52A4D77FE8,0.01276595744680851,235
88CED8BA3AA711A20ACF8B1FC574F218|D7D1FB49049702BF6338894757E0D959|NA|NA|2DB07CBBFC1980CD283D86C5DDE15F6B,0.01276595744680851,235
7F286560861764CCB93C90B7AA833949|7E56C27BFF0305E788DA55A029EC4988|NA|NA|5ADD5DF6F27E176293B473AAFAA415AA,0.01276595744680851,235
033E492229C2222EFAA16EE8A6462D8B|7E56C27BFF0305E788DA55A029EC4988|F716A9DB9D084CD5CFBDA30A923016E1|C83584C67375245584CEBF5DCE5BEE2D|86272D41466F8EA3E7DB7AEB9B215A79,0.012718600953895072,629
62D6A49514020FA0B2E434DB0B506005|7E56C27BFF0305E788DA55A029EC4988|NA|NA|6CB1E7B6DC8B7B0957059F16D0407C5A,0.012716763005780347,1730
13C26D10258053889D75D9B9CA922EC7|7E56C27BFF0305E788DA55A029EC4988|NA|NA|0A111C7458CB1AC0351D396B9DC024C9,0.012698412698412698,315
7F286560861764CCB93C90B7AA833949|D7D1FB49049702BF6338894757E0D959|NA|A5D15FC386510762EC0DDFF54ABE6F94|C41188CE58BFE20AB71B1F2A2057D2A1,0.012658227848101266,316
88CED8BA3AA711A20ACF8B1FC574F218|D7D1FB49049702BF6338894757E0D959|NA|A5D15FC386510762EC0DDFF54ABE6F94|NA,0.012626262626262626,396
7F286560861764CCB93C90B7AA833949|7E56C27BFF0305E788DA55A029EC4988|4C90FD52FC53D2C1C205844CB69575AB|1B491180398E2F0390E6A588B3BCE291|635A3EF4F16C9B52F3334F52B864E056,0.012618296529968454,317
033E492229C2222EFAA16EE8A6462D8B|7E56C27BFF0305E788DA55A029EC4988|4C90FD52FC53D2C1C205844CB69575AB|1B491180398E2F0390E6A588B3BCE291|31B9A11F4640E722B38840D2385656FE,0.012605042016806723,238
033E492229C2222EFAA16EE8A6462D8B|7E56C27BFF0305E788DA55A029EC4988|4C90FD52FC53D2C1C205844CB69575AB|C45A9AC6D102ACAEEDF0D6F78636D84A|2F70794FA84640F808ACAA15708FA300,0.012594458438287154,397
7F286560861764CCB93C90B7AA833949|7E56C27BFF0305E788DA55A029EC4988|88460293E9517D21E39AA889BD5AADC8|A5D15FC386510762EC0DDFF54ABE6F94|AAB3B523C26F0DFD22D8F900B8BDE283,0.012578616352201259,636
88CED8BA3AA711A20ACF8B1FC574F218|7E56C27BFF0305E788DA55A029EC4988|NA|NA|4BE4FBA8BD90A1D872EBC95B688F48CD,0.012578616352201259,318
62D6A49514020FA0B2E434DB0B506005|D7D1FB49049702BF6338894757E0D959|NA|NA|35F032F0875C9B0A775691FDE2C58A52,0.012552301255230125,239
033E492229C2222EFAA16EE8A6462D8B|7E56C27BFF0305E788DA55A029EC4988|4C90FD52FC53D2C1C205844CB69575AB|1B491180398E2F0390E6A588B3BCE291|3B8A07B21E10DA4F432104327290CEC1,0.012552301255230125,239
DDC2B3CC38945E431DE1B3F59EC56680|D7D1FB49049702BF6338894757E0D959|4C90FD52FC53D2C1C205844CB69575AB|A5D15FC386510762EC0DDFF54ABE6F94|A86677D924EBA1410B57F92808097754,0.0125,320
7F286560861764CCB93C90B7AA833949|7E56C27BFF0305E788DA55A029EC4988|NA|NA|6C823ECD1683D97A861D6AC24EF9A0EB,0.012494793835901708,2401
944B2A351FEFAC79AEAA9DA57E1B351F|7E56C27BFF0305E788DA55A029EC4988|NA|NA|CF8755DDCF43217CB92FCB80BF1C2452,0.012461059190031152,321
B4B45C6CE5FC4DE45AB02974D8849DBD|7E56C27BFF0305E788DA55A029EC4988|NA|NA|B17FE533C6FEE005DFF4F80A057B4FD2,0.012448132780082987,241
7F286560861764CCB93C90B7AA833949|7E56C27BFF0305E788DA55A029EC4988|4C90FD52FC53D2C1C205844CB69575AB|A5D15FC386510762EC0DDFF54ABE6F94|28A80AB2D0906DDB3331FC1463226E4D,0.01240694789081886,403
62D6A49514020FA0B2E434DB0B506005|7E56C27BFF0305E788DA55A029EC4988|NA|NA|AA9C91F8A00586D8E06BB1498755B16E,0.012399708242159009,1371
033E492229C2222EFAA16EE8A6462D8B|D7D1FB49049702BF6338894757E0D959|538912C31E773613AB51FBAE58492476|6EFABCEDA36A931DBF760F88970BAF0E|7D25E411679A1D1FCD40D38E977902FD,0.012396694214876033,242
7F286560861764CCB93C90B7AA833949|D7D1FB49049702BF6338894757E0D959|NA|NA|94A5BA19E835A4869BD2BA2CD681995D,0.012345679012345678,324
88CED8BA3AA711A20ACF8B1FC574F218|7E56C27BFF0305E788DA55A029EC4988|NA|NA|6C68F25BA8BF58755A235C6F7398E1D8,0.012345679012345678,324
13C26D10258053889D75D9B9CA922EC7|7E56C27BFF0305E788DA55A029EC4988|NA|NA|0E99540E46D47A68037491509FF373E2,0.012299282541851725,2927
9D307E5B713DE5E90D787BE9F802AFBB|D7D1FB49049702BF6338894757E0D959|4C90FD52FC53D2C1C205844CB69575AB|A5D15FC386510762EC0DDFF54ABE6F94|BDFF836E18B0B61A7370F3B38C705C58,0.012276785714285714,896
62D6A49514020FA0B2E434DB0B506005|7E56C27BFF0305E788DA55A029EC4988|NA|NA|9653F7D0A55581A24D4536B1D62F1499,0.01224029634401675,6209
5D656311CF9F47E34248BE9FBFF194A0|7E56C27BFF0305E788DA55A029EC4988|NA|NA|74C4DD96B6B918E1688E5296CB94D33C,0.012232415902140673,327
7532B3FBAFEC164460C4ED6FEB0C022C|7E56C27BFF0305E788DA55A029EC4988|88460293E9517D21E39AA889BD5AADC8|A5D15FC386510762EC0DDFF54ABE6F94|NA,0.012224938875305624,409
635623BABBB7DA2E072D8C339F606E15|7E56C27BFF0305E788DA55A029EC4988|4C90FD52FC53D2C1C205844CB69575AB|A5D15FC386510762EC0DDFF54ABE6F94|DFF163EFD2EF6EB2E2D1868AE46BE204,0.012211668928086838,737
88CED8BA3AA711A20ACF8B1FC574F218|7E56C27BFF0305E788DA55A029EC4988|NA|NA|50683EBCA9FD80FA03FB91F74EAF77A9,0.012177301509985387,2053
033E492229C2222EFAA16EE8A6462D8B|7E56C27BFF0305E788DA55A029EC4988|4C90FD52FC53D2C1C205844CB69575AB|1B491180398E2F0390E6A588B3BCE291|DC2D69E271477013C3E231FDB7574F65,0.012165450121654502,411
033E492229C2222EFAA16EE8A6462D8B|7E56C27BFF0305E788DA55A029EC4988|4C90FD52FC53D2C1C205844CB69575AB|C45A9AC6D102ACAEEDF0D6F78636D84A|4586D423CB2DAB83D00A187B4F3F73F7,0.012165450121654502,411
62D6A49514020FA0B2E434DB0B506005|7E56C27BFF0305E788DA55A029EC4988|NA|NA|8E2490F0CFDB6B9DABD0D0F3F9940920,0.0121580547112462,329
6A21F69EBA80612A04B0F6BAC857AAF2|7E56C27BFF0305E788DA55A029EC4988|NA|NA|2678C83B0377D4C5FD5367C123EB7F76,0.012139605462822459,659
7F286560861764CCB93C90B7AA833949|D7D1FB49049702BF6338894757E0D959|NA|NA|BE7425B55145859A784C10D69C99C731,0.012135922330097087,824
62D6A49514020FA0B2E434DB0B506005|D7D1FB49049702BF6338894757E0D959|NA|NA|7D92800B6A6B4AC753C0CA25FBA58FE1,0.012129380053908356,742
13C26D10258053889D75D9B9CA922EC7|7E56C27BFF0305E788DA55A029EC4988|4C90FD52FC53D2C1C205844CB69575AB|A5D15FC386510762EC0DDFF54ABE6F94|AAB3B523C26F0DFD22D8F900B8BDE283,0.012084592145015106,662
5D656311CF9F47E34248BE9FBFF194A0|7E56C27BFF0305E788DA55A029EC4988|NA|NA|D4FE4F1EB37D3BE2D7770D17ECA0A6E3,0.012077294685990338,414
13C26D10258053889D75D9B9CA922EC7|7E56C27BFF0305E788DA55A029EC4988|NA|NA|D7448754AAA9555399BC62206EA922A4,0.012072434607645875,994
7F286560861764CCB93C90B7AA833949|7E56C27BFF0305E788DA55A029EC4988|NA|NA|4B980F6346D48B9EAA8A57194A846A9F,0.012048192771084338,249
62D6A49514020FA0B2E434DB0B506005|7E56C27BFF0305E788DA55A029EC4988|NA|NA|BCC8F8BAFD13EF836E0197F98B6F6CF8,0.012045328472937634,37857
88CED8BA3AA711A20ACF8B1FC574F218|7E56C27BFF0305E788DA55A029EC4988|NA|NA|DF521510BD061D6699FAF86A561C0BD4,0.012,250
13C26D10258053889D75D9B9CA922EC7|D7D1FB49049702BF6338894757E0D959|NA|NA|FCBE207277071120A47EC3B737ABCFF9,0.012,250
E02400CDAD96905D88E932FE9B7D3552|7E56C27BFF0305E788DA55A029EC4988|4C90FD52FC53D2C1C205844CB69575AB|A5D15FC386510762EC0DDFF54ABE6F94|CD899DF174A0A3CDC706C26F3891F3E0,0.01195219123505976,753
13C26D10258053889D75D9B9CA922EC7|7E56C27BFF0305E788DA55A029EC4988|NA|NA|F9818659BC8AAC1993889AF1CCEF8B2A,0.011904761904761904,336
9D307E5B713DE5E90D787BE9F802AFBB|D7D1FB49049702BF6338894757E0D959|4C90FD52FC53D2C1C205844CB69575AB|A5D15FC386510762EC0DDFF54ABE6F94|003A8B066A910616B22E05C9504A74B4,0.011904761904761904,252
5D656311CF9F47E34248BE9FBFF194A0|7E56C27BFF0305E788DA55A029EC4988|NA|NA|B31F79E2B310DD305138530821BBF51A,0.011904761904761904,1344
7F286560861764CCB93C90B7AA833949|D7D1FB49049702BF6338894757E0D959|NA|NA|A3D85378054C8E356214256BD8C32383,0.011876484560570071,421
7F286560861764CCB93C90B7AA833949|7E56C27BFF0305E788DA55A029EC4988|4C90FD52FC53D2C1C205844CB69575AB|A5D15FC386510762EC0DDFF54ABE6F94|9D86A8498901D64BC992EF1C878F7A22,0.011857707509881422,253
635623BABBB7DA2E072D8C339F606E15|7E56C27BFF0305E788DA55A029EC4988|NA|NA|12ECE5C2998917D934858C369D2C77C2,0.011857707509881422,253
944B2A351FEFAC79AEAA9DA57E1B351F|7E56C27BFF0305E788DA55A029EC4988|NA|NA|202165BDC8B614AC3B7F292214B455AD,0.011825572801182557,1353
635623BABBB7DA2E072D8C339F606E15|7E56C27BFF0305E788DA55A029EC4988|NA|NA|C623329BB6224BB407CD019864DAD0F3,0.011787819253438114,509
635623BABBB7DA2E072D8C339F606E15|7E56C27BFF0305E788DA55A029EC4988|NA|NA|5BC3237D2723F228E5FA9F199C180C0C,0.011764705882352941,255
62D6A49514020FA0B2E434DB0B506005|D7D1FB49049702BF6338894757E0D959|NA|NA|E28FA4F801E96AD0FBDB92BCDFFFE203,0.011764705882352941,425
944B2A351FEFAC79AEAA9DA57E1B351F|D7D1FB49049702BF6338894757E0D959|NA|NA|C4E93EA6D678507798FB40896BFD73E0,0.011764705882352941,255
7532B3FBAFEC164460C4ED6FEB0C022C|7E56C27BFF0305E788DA55A029EC4988|4C90FD52FC53D2C1C205844CB69575AB|A5D15FC386510762EC0DDFF54ABE6F94|2EC35BDFEF36B021AD4FB39FE62035F6,0.01171875,512
635623BABBB7DA2E072D8C339F606E15|7E56C27BFF0305E788DA55A029EC4988|NA|NA|5225DDCEE89D4F196F88B041075B4D2F,0.01171875,256
62D6A49514020FA0B2E434DB0B506005|7E56C27BFF0305E788DA55A029EC4988|NA|NA|A689370FB138E462F89F5FB42A7909F1,0.011684240524365916,3509
7532B3FBAFEC164460C4ED6FEB0C022C|D7D1FB49049702BF6338894757E0D959|NA|NA|42ED8BBB3584A40DBE8CF00D3834BDB4,0.011627906976744186,1118
B4B45C6CE5FC4DE45AB02974D8849DBD|7E56C27BFF0305E788DA55A029EC4988|NA|NA|43A23AF09F34D10DBB17ECB5EFE8724A,0.011583011583011582,518
7F286560861764CCB93C90B7AA833949|7E56C27BFF0305E788DA55A029EC4988|NA|NA|CEAE1B1239E045DDF7DEB28A3F3A6918,0.011538461538461539,260
13C26D10258053889D75D9B9CA922EC7|7E56C27BFF0305E788DA55A029EC4988|NA|NA|F3445315BE81BC54C9D01F3485076899,0.011470281543274244,959
7532B3FBAFEC164460C4ED6FEB0C022C|7E56C27BFF0305E788DA55A029EC4988|NA|NA|7701878A012E56D94E3892FA2EF86D86,0.011428571428571429,350
DDC2B3CC38945E431DE1B3F59EC56680|D7D1FB49049702BF6338894757E0D959|4C90FD52FC53D2C1C205844CB69575AB|A5D15FC386510762EC0DDFF54ABE6F94|A384C4AB463C4C40B38999C687D09058,0.011406844106463879,263
7F286560861764CCB93C90B7AA833949|D7D1FB49049702BF6338894757E0D959|NA|NA|4E10ECC4CFAF02A6062EE74CBF0823B9,0.011396011396011397,351
7F286560861764CCB93C90B7AA833949|7E56C27BFF0305E788DA55A029EC4988|NA|A5D15FC386510762EC0DDFF54ABE6F94|F3F09125C84909DF8A6428FC3DCC709C,0.011396011396011397,351
7F286560861764CCB93C90B7AA833949|7E56C27BFF0305E788DA55A029EC4988|NA|NA|23AE94E8211B092582E0A836AF86971F,0.011337868480725623,441
635623BABBB7DA2E072D8C339F606E15|7E56C27BFF0305E788DA55A029EC4988|NA|NA|19163C9CD4E22D50B3CD2248B2A60E90,0.0113314447592068,353
033E492229C2222EFAA16EE8A6462D8B|7E56C27BFF0305E788DA55A029EC4988|4C90FD52FC53D2C1C205844CB69575AB|A5D15FC386510762EC0DDFF54ABE6F94|F1A85E3A0A7E90A49359CA593C30DDA9,0.011278195488721804,266
E02400CDAD96905D88E932FE9B7D3552|7E56C27BFF0305E788DA55A029EC4988|NA|NA|3FAA2027C3E2693674909A5F9AE6A817,0.01125,800
7532B3FBAFEC164460C4ED6FEB0C022C|7E56C27BFF0305E788DA55A029EC4988|88460293E9517D21E39AA889BD5AADC8|A5D15FC386510762EC0DDFF54ABE6F94|B1E73C5DE52CBE9EAA52610B3B8A1650,0.011235955056179775,267
EC997D43AC86A75D9B88A1051F86A67C|D7D1FB49049702BF6338894757E0D959|4C90FD52FC53D2C1C205844CB69575AB|A5D15FC386510762EC0DDFF54ABE6F94|8AA0C126723AFA0F99879A1AA8D81400,0.011235955056179775,356
5D656311CF9F47E34248BE9FBFF194A0|7E56C27BFF0305E788DA55A029EC4988|NA|NA|4D958A96C74542E772051500744B40D0,0.011220196353436185,713
B4B45C6CE5FC4DE45AB02974D8849DBD|7E56C27BFF0305E788DA55A029EC4988|88460293E9517D21E39AA889BD5AADC8|A5D15FC386510762EC0DDFF54ABE6F94|E419332903EAAA889645B5716AE869B5,0.011204481792717087,357
7532B3FBAFEC164460C4ED6FEB0C022C|7E56C27BFF0305E788DA55A029EC4988|NA|A5D15FC386510762EC0DDFF54ABE6F94|F3F09125C84909DF8A6428FC3DCC709C,0.011187297004691447,8313
6A21F69EBA80612A04B0F6BAC857AAF2|7E56C27BFF0305E788DA55A029EC4988|NA|NA|DEE01C70ED04F15A2878E0C185CF14C1,0.01118162586884255,3309
7F286560861764CCB93C90B7AA833949|7E56C27BFF0305E788DA55A029EC4988|NA|NA|4E9DB04853C33D2E1CD7973A7EBD25E4,0.011142061281337047,359
7F286560861764CCB93C90B7AA833949|D7D1FB49049702BF6338894757E0D959|NA|NA|5B27BCA935A25A2FB618CB8FF10F933F,0.011142061281337047,359
944B2A351FEFAC79AEAA9DA57E1B351F|7E56C27BFF0305E788DA55A029EC4988|NA|NA|3BC4AFE10E58EAED2C7AA7BB30443DCE,0.011137629276054098,1257
13C26D10258053889D75D9B9CA922EC7|7E56C27BFF0305E788DA55A029EC4988|4C90FD52FC53D2C1C205844CB69575AB|1B491180398E2F0390E6A588B3BCE291|D8EC36B68C2DAF2BED8BF48A24A05B73,0.011131725417439703,1078
944B2A351FEFAC79AEAA9DA57E1B351F|7E56C27BFF0305E788DA55A029EC4988|NA|NA|F83C0BD5D804BC9612787A0D05533AB7,0.011111111111111112,360
7532B3FBAFEC164460C4ED6FEB0C022C|FF2C446555E3822B0E0FC3406116E86D|NA|NA|0D989962AF75DFF7D579B2FFB9CCCA71,0.01107011070110701,271
7532B3FBAFEC164460C4ED6FEB0C022C|7E56C27BFF0305E788DA55A029EC4988|NA|A5D15FC386510762EC0DDFF54ABE6F94|43D9878267380F04068FCCC0982E52B3,0.011029411764705883,816
DDC2B3CC38945E431DE1B3F59EC56680|7E56C27BFF0305E788DA55A029EC4988|NA|NA|125F3501E963982DC8D3BE8AF0F4B1DF,0.011013215859030838,454
7F286560861764CCB93C90B7AA833949|7E56C27BFF0305E788DA55A029EC4988|NA|NA|A7910C21F102460C1AB34D23D69FBBAD,0.011013215859030838,908
62D6A49514020FA0B2E434DB0B506005|7E56C27BFF0305E788DA55A029EC4988|4C90FD52FC53D2C1C205844CB69575AB|A5D15FC386510762EC0DDFF54ABE6F94|AAB3B523C26F0DFD22D8F900B8BDE283,0.011,3000
033E492229C2222EFAA16EE8A6462D8B|7E56C27BFF0305E788DA55A029EC4988|4C90FD52FC53D2C1C205844CB69575AB|A5D15FC386510762EC0DDFF54ABE6F94|4CD8541E6FABEDBACC672ED7E7A38ED4,0.01098901098901099,364
7532B3FBAFEC164460C4ED6FEB0C022C|7E56C27BFF0305E788DA55A029EC4988|NA|NA|027D7B80B7C69A49FC10501C0D72CD9D,0.01098901098901099,455
13C26D10258053889D75D9B9CA922EC7|7E56C27BFF0305E788DA55A029EC4988|NA|NA|9728D0DD82B07919B3ED95C3B4BA590D,0.010968921389396709,547
6A21F69EBA80612A04B0F6BAC857AAF2|7E56C27BFF0305E788DA55A029EC4988|4C90FD52FC53D2C1C205844CB69575AB|A5D15FC386510762EC0DDFF54ABE6F94|7EE4093CEB17971392BDA4A6E096B08A,0.010961214165261383,1186
6A21F69EBA80612A04B0F6BAC857AAF2|7E56C27BFF0305E788DA55A029EC4988|4C90FD52FC53D2C1C205844CB69575AB|A5D15FC386510762EC0DDFF54ABE6F94|AF8393D72184D72EC9D55D7C6B10DFD5,0.010954616588419406,639
635623BABBB7DA2E072D8C339F606E15|7E56C27BFF0305E788DA55A029EC4988|NA|NA|FC349FAE4C1FCDD03B285DEFF8B947A5,0.0109375,640
7532B3FBAFEC164460C4ED6FEB0C022C|D7D1FB49049702BF6338894757E0D959|NA|NA|5513879F505415FFFE5EA0B65A1BFD7B,0.010889292196007259,551
EC997D43AC86A75D9B88A1051F86A67C|7E56C27BFF0305E788DA55A029EC4988|4C90FD52FC53D2C1C205844CB69575AB|A5D15FC386510762EC0DDFF54ABE6F94|7C62943F063E5AF145FF4E271BBC380A,0.010869565217391304,368
62D6A49514020FA0B2E434DB0B506005|7E56C27BFF0305E788DA55A029EC4988|NA|NA|97EB26AFF9A03409CC48922249D83B29,0.010869565217391304,736
7F286560861764CCB93C90B7AA833949|7E56C27BFF0305E788DA55A029EC4988|4C90FD52FC53D2C1C205844CB69575AB|A5D15FC386510762EC0DDFF54ABE6F94|16DC81DFD2103C909FBFD176CDFEFDA9,0.010869565217391304,368
EC997D43AC86A75D9B88A1051F86A67C|7E56C27BFF0305E788DA55A029EC4988|4C90FD52FC53D2C1C205844CB69575AB|1B491180398E2F0390E6A588B3BCE291|6A1F1F344D0A4A99940699B11365E7E8,0.01084010840108401,369
13C26D10258053889D75D9B9CA922EC7|7E56C27BFF0305E788DA55A029EC4988|NA|NA|74B040CF7EFE9836718C19173BDFE539,0.01082651175072617,3787
7532B3FBAFEC164460C4ED6FEB0C022C|7E56C27BFF0305E788DA55A029EC4988|NA|NA|F925D442752F1D051A5EA5728731E280,0.010825439783491205,739
62D6A49514020FA0B2E434DB0B506005|7E56C27BFF0305E788DA55A029EC4988|4C90FD52FC53D2C1C205844CB69575AB|A5D15FC386510762EC0DDFF54ABE6F94|6B7A3AB78F0C7B75293C871EF00EB7A8,0.01078167115902965,371
88CED8BA3AA711A20ACF8B1FC574F218|7E56C27BFF0305E788DA55A029EC4988|4C90FD52FC53D2C1C205844CB69575AB|A5D15FC386510762EC0DDFF54ABE6F94|306F2286F56ED5588366AD4D1269B871,0.010756972111553785,2510
13C26D10258053889D75D9B9CA922EC7|7E56C27BFF0305E788DA55A029EC4988|88460293E9517D21E39AA889BD5AADC8|A5D15FC386510762EC0DDFF54ABE6F94|F64B3D25DB31DD470EBFADCAB077AA3F,0.010723860589812333,373
62D6A49514020FA0B2E434DB0B506005|7E56C27BFF0305E788DA55A029EC4988|NA|NA|9D686E0573718073DD151930A377C10F,0.010714285714285714,280
13C26D10258053889D75D9B9CA922EC7|7E56C27BFF0305E788DA55A029EC4988|NA|NA|FA9B9E133A04B2D2E01021E55AA6422D,0.010676156583629894,562
7F286560861764CCB93C90B7AA833949|D7D1FB49049702BF6338894757E0D959|NA|A5D15FC386510762EC0DDFF54ABE6F94|A69E8B8B70B89EF6FD0D191A0E1FA833,0.010638297872340425,376
E02400CDAD96905D88E932FE9B7D3552|7E56C27BFF0305E788DA55A029EC4988|88460293E9517D21E39AA889BD5AADC8|1B491180398E2F0390E6A588B3BCE291|CD899DF174A0A3CDC706C26F3891F3E0,0.010638297872340425,376
635623BABBB7DA2E072D8C339F606E15|7E56C27BFF0305E788DA55A029EC4988|4C90FD52FC53D2C1C205844CB69575AB|A5D15FC386510762EC0DDFF54ABE6F94|FDE58B2976BAF65D4D9D10EB4AF2EADF,0.01056338028169014,284
B83EF4115DC165749F3FCB737CC1044D|7E56C27BFF0305E788DA55A029EC4988|NA|NA|NA,0.010542168674698794,5976
033E492229C2222EFAA16EE8A6462D8B|7E56C27BFF0305E788DA55A029EC4988|4C90FD52FC53D2C1C205844CB69575AB|A5D15FC386510762EC0DDFF54ABE6F94|C892577D26C69C42DB6B762C369FC194,0.010526315789473684,285
13C26D10258053889D75D9B9CA922EC7|7E56C27BFF0305E788DA55A029EC4988|4C90FD52FC53D2C1C205844CB69575AB|1B491180398E2F0390E6A588B3BCE291|47005EA094C94C583941C0260DAFC54A,0.01048951048951049,286
5D656311CF9F47E34248BE9FBFF194A0|7E56C27BFF0305E788DA55A029EC4988|NA|NA|E6494EE9430A874C6E6BDAA486AEFFEE,0.010452961672473868,287
033E492229C2222EFAA16EE8A6462D8B|7E56C27BFF0305E788DA55A029EC4988|4C90FD52FC53D2C1C205844CB69575AB|1B491180398E2F0390E6A588B3BCE291|D7448754AAA9555399BC62206EA922A4,0.010385756676557863,674
7F286560861764CCB93C90B7AA833949|D7D1FB49049702BF6338894757E0D959|4C90FD52FC53D2C1C205844CB69575AB|A5D15FC386510762EC0DDFF54ABE6F94|DB11EC7F11329CA9BCCB585E9EE64F3F,0.010362694300518135,386
7532B3FBAFEC164460C4ED6FEB0C022C|7E56C27BFF0305E788DA55A029EC4988|NA|NA|B04F95D4E809D68605903ECF6F030492,0.010337323177366704,1838
DDC2B3CC38945E431DE1B3F59EC56680|7E56C27BFF0305E788DA55A029EC4988|NA|NA|8E461D0010153522736A655528DB6110,0.010263929618768328,682
7F286560861764CCB93C90B7AA833949|7E56C27BFF0305E788DA55A029EC4988|NA|NA|42AB439D3DAD3A6B868FC49A184F886C,0.010256410256410256,585
13C26D10258053889D75D9B9CA922EC7|7E56C27BFF0305E788DA55A029EC4988|NA|NA|F0D5D67EB388609ED73125E8258992AC,0.010221465076660987,587
62D6A49514020FA0B2E434DB0B506005|7E56C27BFF0305E788DA55A029EC4988|NA|NA|02D437FE0D050C96CC62F6BE90B92B09,0.01020408163265306,294
033E492229C2222EFAA16EE8A6462D8B|7E56C27BFF0305E788DA55A029EC4988|4C90FD52FC53D2C1C205844CB69575AB|A5D15FC386510762EC0DDFF54ABE6F94|A29BF82BD63CF789441238F138189F03,0.010101010101010102,891
033E492229C2222EFAA16EE8A6462D8B|7E56C27BFF0305E788DA55A029EC4988|4C90FD52FC53D2C1C205844CB69575AB|C45A9AC6D102ACAEEDF0D6F78636D84A|160545AFA042752EEA35E0D4A6CF0894,0.0100947306098283,33780
7F286560861764CCB93C90B7AA833949|7E56C27BFF0305E788DA55A029EC4988|4C90FD52FC53D2C1C205844CB69575AB|C45A9AC6D102ACAEEDF0D6F78636D84A|6A1F1F344D0A4A99940699B11365E7E8,0.010067114093959731,298
7532B3FBAFEC164460C4ED6FEB0C022C|7E56C27BFF0305E788DA55A029EC4988|NA|NA|C4AA83C0773FDE656BD1192DD7BDF8AC,0.010067114093959731,298
7F286560861764CCB93C90B7AA833949|7E56C27BFF0305E788DA55A029EC4988|4C90FD52FC53D2C1C205844CB69575AB|A5D15FC386510762EC0DDFF54ABE6F94|24D4F8D30C3029FD1D24B305FDC06DBE,0.010050251256281407,398
033E492229C2222EFAA16EE8A6462D8B|7E56C27BFF0305E788DA55A029EC4988|4C90FD52FC53D2C1C205844CB69575AB|C45A9AC6D102ACAEEDF0D6F78636D84A|A33504E9C788538BCBE37C51BBF087E2,0.010033444816053512,299
EC997D43AC86A75D9B88A1051F86A67C|7E56C27BFF0305E788DA55A029EC4988|NA|NA|0A977BFAC8175CF1CA0485249D24A9EC,0.01,300
7532B3FBAFEC164460C4ED6FEB0C022C|7E56C27BFF0305E788DA55A029EC4988|88460293E9517D21E39AA889BD5AADC8|A5D15FC386510762EC0DDFF54ABE6F94|AB295AC6DF36135A3EE5CCCB5DCB4082,0.009966777408637873,301
13C26D10258053889D75D9B9CA922EC7|7E56C27BFF0305E788DA55A029EC4988|NA|NA|8E32F0A591CA647640A4DB46F0E3E8C2,0.009950248756218905,201
13C26D10258053889D75D9B9CA922EC7|7E56C27BFF0305E788DA55A029EC4988|NA|NA|A51459F2008EB80D460C2463096349D8,0.009930486593843098,2014
033E492229C2222EFAA16EE8A6462D8B|7E56C27BFF0305E788DA55A029EC4988|4C90FD52FC53D2C1C205844CB69575AB|A5D15FC386510762EC0DDFF54ABE6F94|5E93B56FAF18F54A5F2D839CD9EBA410,0.009903713892709767,10905
62D6A49514020FA0B2E434DB0B506005|D7D1FB49049702BF6338894757E0D959|NA|NA|D49DD16DE4ECE57AE5E188EDFA99C1F6,0.009900990099009901,404
7F286560861764CCB93C90B7AA833949|7E56C27BFF0305E788DA55A029EC4988|4C90FD52FC53D2C1C205844CB69575AB|A5D15FC386510762EC0DDFF54ABE6F94|552D42B00E9D49C802641D5DB7EF5D5A,0.009900990099009901,303
62D6A49514020FA0B2E434DB0B506005|7E56C27BFF0305E788DA55A029EC4988|4C90FD52FC53D2C1C205844CB69575AB|A5D15FC386510762EC0DDFF54ABE6F94|B54AB6CB5221CBCF51F9D64F6CC7FF9E,0.009881422924901186,34408
62D6A49514020FA0B2E434DB0B506005|7E56C27BFF0305E788DA55A029EC4988|NA|NA|D6A1F1050840CBF24F9F4136FA0C61AB,0.009881422924901186,506
635623BABBB7DA2E072D8C339F606E15|7E56C27BFF0305E788DA55A029EC4988|NA|NA|E342B9F0CD5971B3451EE7391DFFBB00,0.009852216748768473,203
13C26D10258053889D75D9B9CA922EC7|7E56C27BFF0305E788DA55A029EC4988|4C90FD52FC53D2C1C205844CB69575AB|1B491180398E2F0390E6A588B3BCE291|446646487F3CBF40C3EF05A87098A248,0.00984251968503937,508
6A21F69EBA80612A04B0F6BAC857AAF2|7E56C27BFF0305E788DA55A029EC4988|NA|NA|5678890DC6A51DC56FF0BCBD5A7E99AD,0.009836065573770493,305
88CED8BA3AA711A20ACF8B1FC574F218|7E56C27BFF0305E788DA55A029EC4988|4C90FD52FC53D2C1C205844CB69575AB|A5D15FC386510762EC0DDFF54ABE6F94|682F6FB59A18F68A4A2E86E58CC8C612,0.009819967266775777,611
033E492229C2222EFAA16EE8A6462D8B|7E56C27BFF0305E788DA55A029EC4988|4C90FD52FC53D2C1C205844CB69575AB|C45A9AC6D102ACAEEDF0D6F78636D84A|0F72697E4469C00C34A2840767072250,0.00980392156862745,204
033E492229C2222EFAA16EE8A6462D8B|7E56C27BFF0305E788DA55A029EC4988|4C90FD52FC53D2C1C205844CB69575AB|1B491180398E2F0390E6A588B3BCE291|C76BC17F6700946F2C00B99C66F7EDF5,0.00980392156862745,204
7F286560861764CCB93C90B7AA833949|D7D1FB49049702BF6338894757E0D959|4C90FD52FC53D2C1C205844CB69575AB|A5D15FC386510762EC0DDFF54ABE6F94|7BBB0E056DE2C49BD02CA201FA82F4FB,0.00980392156862745,306
2134F56D3769B5022DB7172F1536B749|7E56C27BFF0305E788DA55A029EC4988|NA|NA|624137EAFA78913FF6BD638D1ACCBE43,0.00980392156862745,714
7532B3FBAFEC164460C4ED6FEB0C022C|7E56C27BFF0305E788DA55A029EC4988|NA|NA|5AE3320B0D2E56B322A2646ED96F4D74,0.009781089892873778,2147
635623BABBB7DA2E072D8C339F606E15|7E56C27BFF0305E788DA55A029EC4988|4C90FD52FC53D2C1C205844CB69575AB|A5D15FC386510762EC0DDFF54ABE6F94|F984ABEFDD248F79C3CAE05E252375F3,0.009771986970684038,307
033E492229C2222EFAA16EE8A6462D8B|7E56C27BFF0305E788DA55A029EC4988|4C90FD52FC53D2C1C205844CB69575AB|A5D15FC386510762EC0DDFF54ABE6F94|6F51511AC97F48DC86EA81A50C678477,0.009771986970684038,307
13C26D10258053889D75D9B9CA922EC7|7E56C27BFF0305E788DA55A029EC4988|NA|NA|702CFB087468075EDFA072A01AA726DE,0.009761388286334056,922
7F286560861764CCB93C90B7AA833949|7E56C27BFF0305E788DA55A029EC4988|4C90FD52FC53D2C1C205844CB69575AB|A5D15FC386510762EC0DDFF54ABE6F94|FC8D7B85D77FDFF41C041AAA2DF51221,0.00975609756097561,205
88CED8BA3AA711A20ACF8B1FC574F218|7E56C27BFF0305E788DA55A029EC4988|4C90FD52FC53D2C1C205844CB69575AB|A5D15FC386510762EC0DDFF54ABE6F94|E5ADBA7EA46FFA59C2580697A4809C90,0.00975609756097561,205
B4B45C6CE5FC4DE45AB02974D8849DBD|7E56C27BFF0305E788DA55A029EC4988|4C90FD52FC53D2C1C205844CB69575AB|C45A9AC6D102ACAEEDF0D6F78636D84A|59B8E4D91ACE683515F4CFBFFD831E58,0.00975609756097561,205
13C26D10258053889D75D9B9CA922EC7|7E56C27BFF0305E788DA55A029EC4988|NA|NA|B53441CAF7AD8C340C8E9CCA88BB1F87,0.009754267492027763,5331
7F286560861764CCB93C90B7AA833949|D7D1FB49049702BF6338894757E0D959|NA|A5D15FC386510762EC0DDFF54ABE6F94|C663965A7400097C6735BDB0E25D42EE,0.00974025974025974,308
88CED8BA3AA711A20ACF8B1FC574F218|D7D1FB49049702BF6338894757E0D959|NA|NA|49836423E02669351B02712F0C7999B2,0.009708737864077669,206
5D656311CF9F47E34248BE9FBFF194A0|7E56C27BFF0305E788DA55A029EC4988|NA|NA|CF8864B9A5B2DB7E59887DDEA10F1468,0.009708737864077669,206
7F286560861764CCB93C90B7AA833949|7E56C27BFF0305E788DA55A029EC4988|NA|NA|5B27BCA935A25A2FB618CB8FF10F933F,0.00966183574879227,828
7F286560861764CCB93C90B7AA833949|D7D1FB49049702BF6338894757E0D959|NA|NA|A48FDCADCDB85A93E96BA3A17BB378AC,0.00966183574879227,207
13C26D10258053889D75D9B9CA922EC7|7E56C27BFF0305E788DA55A029EC4988|NA|NA|FCD99524A2E7F83D8005C9E165338BDC,0.009615384615384616,208
5D656311CF9F47E34248BE9FBFF194A0|7E56C27BFF0305E788DA55A029EC4988|NA|NA|6533C4B2DCB5E41AFAADFFBAB63115E1,0.009615384615384616,624
033E492229C2222EFAA16EE8A6462D8B|7E56C27BFF0305E788DA55A029EC4988|4C90FD52FC53D2C1C205844CB69575AB|C45A9AC6D102ACAEEDF0D6F78636D84A|F0D5D67EB388609ED73125E8258992AC,0.00960049550944565,3229
13C26D10258053889D75D9B9CA922EC7|7E56C27BFF0305E788DA55A029EC4988|4C90FD52FC53D2C1C205844CB69575AB|C45A9AC6D102ACAEEDF0D6F78636D84A|6A1F1F344D0A4A99940699B11365E7E8,0.009596928982725527,521
033E492229C2222EFAA16EE8A6462D8B|7E56C27BFF0305E788DA55A029EC4988|4C90FD52FC53D2C1C205844CB69575AB|C45A9AC6D102ACAEEDF0D6F78636D84A|4BA718C3F0E535718B695C0D60850A80,0.009569377990430622,209
88CED8BA3AA711A20ACF8B1FC574F218|7E56C27BFF0305E788DA55A029EC4988|4C90FD52FC53D2C1C205844CB69575AB|A5D15FC386510762EC0DDFF54ABE6F94|2457828720ECA1EBC1564ED10123B67B,0.009554140127388535,314
7532B3FBAFEC164460C4ED6FEB0C022C|7E56C27BFF0305E788DA55A029EC4988|NA|NA|6C823ECD1683D97A861D6AC24EF9A0EB,0.009541316526610645,11424
7532B3FBAFEC164460C4ED6FEB0C022C|7E56C27BFF0305E788DA55A029EC4988|NA|NA|189112043AB6F6410BE218E8AD496E49,0.009523809523809525,420
7F286560861764CCB93C90B7AA833949|7E56C27BFF0305E788DA55A029EC4988|NA|NA|C63B8516FD21413724C6AD5056A48E90,0.009478672985781991,211
62D6A49514020FA0B2E434DB0B506005|7E56C27BFF0305E788DA55A029EC4988|NA|NA|4E72C4CD48BC8B884E9381B2F213F740,0.009478672985781991,1899
7F286560861764CCB93C90B7AA833949|7E56C27BFF0305E788DA55A029EC4988|4C90FD52FC53D2C1C205844CB69575AB|A5D15FC386510762EC0DDFF54ABE6F94|4F254033375F553EC8217D5A992EACCB,0.00946372239747634,317
033E492229C2222EFAA16EE8A6462D8B|7E56C27BFF0305E788DA55A029EC4988|4C90FD52FC53D2C1C205844CB69575AB|C45A9AC6D102ACAEEDF0D6F78636D84A|DE0AFD0CB99DB055EA8E7957BFBFF0F6,0.00946073793755913,1057
E02400CDAD96905D88E932FE9B7D3552|D7D1FB49049702BF6338894757E0D959|NA|NA|13DAD71148F6B0D0EA7B5F0368F2CAC9,0.009453781512605041,952
944B2A351FEFAC79AEAA9DA57E1B351F|7E56C27BFF0305E788DA55A029EC4988|NA|NA|02500F0224B862F16DCF31EDF4EEF26D,0.00945179584120983,529
62D6A49514020FA0B2E434DB0B506005|D7D1FB49049702BF6338894757E0D959|NA|NA|04A02CA6DEDA2ED4D27BBFAD03D8AA32,0.009433962264150943,212
13C26D10258053889D75D9B9CA922EC7|D7D1FB49049702BF6338894757E0D959|NA|NA|71D5A8205D8AF71672144BCD85E8C35F,0.009389671361502348,213
7532B3FBAFEC164460C4ED6FEB0C022C|7E56C27BFF0305E788DA55A029EC4988|NA|NA|3C2F2EA10E7027874423FA3C02DF005A,0.009375,320
2134F56D3769B5022DB7172F1536B749|7E56C27BFF0305E788DA55A029EC4988|4C90FD52FC53D2C1C205844CB69575AB|A5D15FC386510762EC0DDFF54ABE6F94|AAB3B523C26F0DFD22D8F900B8BDE283,0.0093603744149766,641
7F286560861764CCB93C90B7AA833949|7E56C27BFF0305E788DA55A029EC4988|4C90FD52FC53D2C1C205844CB69575AB|C45A9AC6D102ACAEEDF0D6F78636D84A|160545AFA042752EEA35E0D4A6CF0894,0.009345794392523364,214
62D6A49514020FA0B2E434DB0B506005|7E56C27BFF0305E788DA55A029EC4988|4C90FD52FC53D2C1C205844CB69575AB|A5D15FC386510762EC0DDFF54ABE6F94|49E68E2DD9C2B785A80054A55CF4FCF0,0.009345794392523364,214
9D307E5B713DE5E90D787BE9F802AFBB|7E56C27BFF0305E788DA55A029EC4988|4C90FD52FC53D2C1C205844CB69575AB|A5D15FC386510762EC0DDFF54ABE6F94|59B5C9096BC55EC9A481F148C04D6EFE,0.009316770186335404,322
033E492229C2222EFAA16EE8A6462D8B|D7D1FB49049702BF6338894757E0D959|4C90FD52FC53D2C1C205844CB69575AB|C45A9AC6D102ACAEEDF0D6F78636D84A|83852B23722B0AD57475EB113F30DEDB,0.009259259259259259,216
88CED8BA3AA711A20ACF8B1FC574F218|D7D1FB49049702BF6338894757E0D959|NA|NA|6C68F25BA8BF58755A235C6F7398E1D8,0.009230769230769232,325
7F286560861764CCB93C90B7AA833949|7E56C27BFF0305E788DA55A029EC4988|NA|NA|90885ED227469922844B5D595EE30E7D,0.009216589861751152,217
62D6A49514020FA0B2E434DB0B506005|7E56C27BFF0305E788DA55A029EC4988|NA|NA|12FB352E1676F55708D14BFECC36CAD0,0.009216589861751152,217
7F286560861764CCB93C90B7AA833949|FF2C446555E3822B0E0FC3406116E86D|NA|A5D15FC386510762EC0DDFF54ABE6F94|A26F87F9AFAE0651D9EA992A95C407A2,0.009216589861751152,217
033E492229C2222EFAA16EE8A6462D8B|7E56C27BFF0305E788DA55A029EC4988|4C90FD52FC53D2C1C205844CB69575AB|C45A9AC6D102ACAEEDF0D6F78636D84A|D7448754AAA9555399BC62206EA922A4,0.009202453987730062,652
944B2A351FEFAC79AEAA9DA57E1B351F|7E56C27BFF0305E788DA55A029EC4988|NA|NA|98654E1651F933590B5DB56F9C85DA09,0.009174311926605505,218
7F286560861764CCB93C90B7AA833949|7E56C27BFF0305E788DA55A029EC4988|4C90FD52FC53D2C1C205844CB69575AB|A5D15FC386510762EC0DDFF54ABE6F94|18A4E54C27E88D016570C6C283F505A5,0.009174311926605505,327
B4B45C6CE5FC4DE45AB02974D8849DBD|7E56C27BFF0305E788DA55A029EC4988|4C90FD52FC53D2C1C205844CB69575AB|A5D15FC386510762EC0DDFF54ABE6F94|AAB3B523C26F0DFD22D8F900B8BDE283,0.009153318077803204,437
635623BABBB7DA2E072D8C339F606E15|D7D1FB49049702BF6338894757E0D959|4C90FD52FC53D2C1C205844CB69575AB|A5D15FC386510762EC0DDFF54ABE6F94|CF538A18639B80F5FB7D3F8FF182448A,0.009146341463414634,328
13C26D10258053889D75D9B9CA922EC7|7E56C27BFF0305E788DA55A029EC4988|NA|NA|5FD94705FFA48D6096ECF5584A138B3A,0.00909090909090909,220
62D6A49514020FA0B2E434DB0B506005|D7D1FB49049702BF6338894757E0D959|4C90FD52FC53D2C1C205844CB69575AB|A5D15FC386510762EC0DDFF54ABE6F94|B4F48D5E70E7F7F416E0C8B0D492783D,0.00909090909090909,330
7532B3FBAFEC164460C4ED6FEB0C022C|7E56C27BFF0305E788DA55A029EC4988|NA|A5D15FC386510762EC0DDFF54ABE6F94|NA,0.009028374892519347,4652
88CED8BA3AA711A20ACF8B1FC574F218|7E56C27BFF0305E788DA55A029EC4988|NA|NA|A5878449CF6879DBCE5E004211C335EF,0.009009009009009009,222
7F286560861764CCB93C90B7AA833949|7E56C27BFF0305E788DA55A029EC4988|4C90FD52FC53D2C1C205844CB69575AB|A5D15FC386510762EC0DDFF54ABE6F94|1CCC8DF7A53E9D7A687B64E4773686CF,0.008985879332477536,1558
635623BABBB7DA2E072D8C339F606E15|D7D1FB49049702BF6338894757E0D959|4C90FD52FC53D2C1C205844CB69575AB|A5D15FC386510762EC0DDFF54ABE6F94|AAB3B523C26F0DFD22D8F900B8BDE283,0.008968609865470852,223
NA|NA|NA|NA|NA,0.008905013192612138,3032
5D656311CF9F47E34248BE9FBFF194A0|7E56C27BFF0305E788DA55A029EC4988|NA|NA|543F9BFD405080EDE3D30773E1D34B98,0.008849557522123894,226
13C26D10258053889D75D9B9CA922EC7|7E56C27BFF0305E788DA55A029EC4988|NA|NA|86106EF7C7ABC43686AE8EDBD2C7048C,0.008840864440078585,5090
7F286560861764CCB93C90B7AA833949|7E56C27BFF0305E788DA55A029EC4988|NA|NA|9ECFE540140135FD32696D78DE8DA43F,0.008837525492861998,1471
033E492229C2222EFAA16EE8A6462D8B|7E56C27BFF0305E788DA55A029EC4988|4C90FD52FC53D2C1C205844CB69575AB|1B491180398E2F0390E6A588B3BCE291|9CC7012C4A1483CF5C6B693DEBAB7D4E,0.008823529411764706,340
6A21F69EBA80612A04B0F6BAC857AAF2|7E56C27BFF0305E788DA55A029EC4988|NA|NA|AF8393D72184D72EC9D55D7C6B10DFD5,0.00881057268722467,454
7532B3FBAFEC164460C4ED6FEB0C022C|7E56C27BFF0305E788DA55A029EC4988|NA|NA|6151CC30F8D72461500FC078EE8BCD41,0.008771929824561403,228
62D6A49514020FA0B2E434DB0B506005|7E56C27BFF0305E788DA55A029EC4988|NA|NA|79260838913CB2D3C34CE0C6F2FEC587,0.008733624454148471,229
E02400CDAD96905D88E932FE9B7D3552|7E56C27BFF0305E788DA55A029EC4988|NA|NA|0A439BDB6ED625C7AFBEDA1C41890BD1,0.008688783570300158,1266
13C26D10258053889D75D9B9CA922EC7|7E56C27BFF0305E788DA55A029EC4988|NA|NA|F815887AD788EEC63A252ACF02D89DBF,0.008670520231213872,346
7F286560861764CCB93C90B7AA833949|7E56C27BFF0305E788DA55A029EC4988|NA|NA|8D92C8933BEE38674CC11971D83230CC,0.008663366336633664,808
EC997D43AC86A75D9B88A1051F86A67C|7E56C27BFF0305E788DA55A029EC4988|4C90FD52FC53D2C1C205844CB69575AB|C45A9AC6D102ACAEEDF0D6F78636D84A|160545AFA042752EEA35E0D4A6CF0894,0.008658008658008658,924
EC997D43AC86A75D9B88A1051F86A67C|7E56C27BFF0305E788DA55A029EC4988|88460293E9517D21E39AA889BD5AADC8|A5D15FC386510762EC0DDFF54ABE6F94|AAB3B523C26F0DFD22D8F900B8BDE283,0.008645533141210375,347
5D656311CF9F47E34248BE9FBFF194A0|7E56C27BFF0305E788DA55A029EC4988|NA|NA|EEEE9F2B0AD02D42F117AFC2F5612EF9,0.008645533141210375,347
13C26D10258053889D75D9B9CA922EC7|7E56C27BFF0305E788DA55A029EC4988|4C90FD52FC53D2C1C205844CB69575AB|1B491180398E2F0390E6A588B3BCE291|AFAE1A8E7B73839730DE0DC17A901E84,0.00860832137733142,697
7F286560861764CCB93C90B7AA833949|7E56C27BFF0305E788DA55A029EC4988|NA|NA|F6C457B6B0A4A5296E3897E1B8257E39,0.008605851979345954,581
13C26D10258053889D75D9B9CA922EC7|7E56C27BFF0305E788DA55A029EC4988|NA|NA|5CEEF5CEA11CAB08E4E2BBC50638ABDC,0.008595988538681949,349
7F286560861764CCB93C90B7AA833949|D7D1FB49049702BF6338894757E0D959|NA|NA|BB229D72787608939B3FA22C5C45A5D5,0.008583690987124463,233
7F286560861764CCB93C90B7AA833949|D7D1FB49049702BF6338894757E0D959|4C90FD52FC53D2C1C205844CB69575AB|A5D15FC386510762EC0DDFF54ABE6F94|F9B2CECDF9EEC85B0DC2C095183C1532,0.008583690987124463,233
7532B3FBAFEC164460C4ED6FEB0C022C|7E56C27BFF0305E788DA55A029EC4988|NA|NA|C433DB648FB3CF11C99BFF0807978178,0.008547008547008548,351
62D6A49514020FA0B2E434DB0B506005|FF2C446555E3822B0E0FC3406116E86D|4C90FD52FC53D2C1C205844CB69575AB|A5D15FC386510762EC0DDFF54ABE6F94|B54AB6CB5221CBCF51F9D64F6CC7FF9E,0.00853658536585366,820
7F286560861764CCB93C90B7AA833949|7E56C27BFF0305E788DA55A029EC4988|NA|NA|F8A8F693508CE1173DD0AE648FBC1FF3,0.008520115958424663,28286
033E492229C2222EFAA16EE8A6462D8B|7E56C27BFF0305E788DA55A029EC4988|4C90FD52FC53D2C1C205844CB69575AB|C45A9AC6D102ACAEEDF0D6F78636D84A|5C29C13E5E52C958894FFC13E942CFB5,0.00846740050804403,1181
E02400CDAD96905D88E932FE9B7D3552|D7D1FB49049702BF6338894757E0D959|NA|NA|2182927FA422DF525CDB1B85B904DE04,0.008431703204047217,593
62D6A49514020FA0B2E434DB0B506005|D7D1FB49049702BF6338894757E0D959|4C90FD52FC53D2C1C205844CB69575AB|A5D15FC386510762EC0DDFF54ABE6F94|6B7A3AB78F0C7B75293C871EF00EB7A8,0.008403361344537815,238
13C26D10258053889D75D9B9CA922EC7|7E56C27BFF0305E788DA55A029EC4988|NA|NA|F5EF2DF62CB0368589D7B6D9B0C3428B,0.008391608391608392,1430
E02400CDAD96905D88E932FE9B7D3552|7E56C27BFF0305E788DA55A029EC4988|88460293E9517D21E39AA889BD5AADC8|A5D15FC386510762EC0DDFF54ABE6F94|CD899DF174A0A3CDC706C26F3891F3E0,0.008385744234800839,954
62D6A49514020FA0B2E434DB0B506005|7E56C27BFF0305E788DA55A029EC4988|4C90FD52FC53D2C1C205844CB69575AB|A5D15FC386510762EC0DDFF54ABE6F94|24D4F8D30C3029FD1D24B305FDC06DBE,0.008381535127555491,62757
EC997D43AC86A75D9B88A1051F86A67C|7E56C27BFF0305E788DA55A029EC4988|NA|NA|7C4AA6E791F3F876F7D6D8A8A5AAA73F,0.00834326579261025,839
EC997D43AC86A75D9B88A1051F86A67C|7E56C27BFF0305E788DA55A029EC4988|4C90FD52FC53D2C1C205844CB69575AB|A5D15FC386510762EC0DDFF54ABE6F94|F66CC7FD2E2A7C5CDD6F43988F19F682,0.008333333333333333,240
7F286560861764CCB93C90B7AA833949|7E56C27BFF0305E788DA55A029EC4988|4C90FD52FC53D2C1C205844CB69575AB|1B491180398E2F0390E6A588B3BCE291|F9B2CECDF9EEC85B0DC2C095183C1532,0.008298755186721992,482
13C26D10258053889D75D9B9CA922EC7|7E56C27BFF0305E788DA55A029EC4988|NA|NA|1201DF23102E92B85CC66026BC684A97,0.008298755186721992,241
7F286560861764CCB93C90B7AA833949|7E56C27BFF0305E788DA55A029EC4988|4C90FD52FC53D2C1C205844CB69575AB|C45A9AC6D102ACAEEDF0D6F78636D84A|635A3EF4F16C9B52F3334F52B864E056,0.008268604359809572,3991
13C26D10258053889D75D9B9CA922EC7|7E56C27BFF0305E788DA55A029EC4988|NA|NA|07508A753CA60A33280BE61FB127B09E,0.008243500317057704,1577
88CED8BA3AA711A20ACF8B1FC574F218|7E56C27BFF0305E788DA55A029EC4988|NA|NA|EB69EDC2CDE08C0EC0DEDFA808CCD5AE,0.00823045267489712,486
62D6A49514020FA0B2E434DB0B506005|7E56C27BFF0305E788DA55A029EC4988|NA|NA|46ADD30D3BAE2575A2C9E6B4C5E63CAB,0.00823045267489712,486
88CED8BA3AA711A20ACF8B1FC574F218|7E56C27BFF0305E788DA55A029EC4988|4C90FD52FC53D2C1C205844CB69575AB|A5D15FC386510762EC0DDFF54ABE6F94|A3087455DC81F8CBFA29D2D174CBC974,0.008221148905559552,9731
5D656311CF9F47E34248BE9FBFF194A0|7E56C27BFF0305E788DA55A029EC4988|NA|NA|BA9102370C822FF737E88702624C9FE6,0.008210180623973728,609
7F286560861764CCB93C90B7AA833949|7E56C27BFF0305E788DA55A029EC4988|NA|NA|235308C7EEDCB096D28AD2C474E80EB3,0.0081799591002045,489
B4B45C6CE5FC4DE45AB02974D8849DBD|7E56C27BFF0305E788DA55A029EC4988|88460293E9517D21E39AA889BD5AADC8|A5D15FC386510762EC0DDFF54ABE6F94|4FC9488D1351AF857502B1634C16D416,0.008174386920980926,367
5D656311CF9F47E34248BE9FBFF194A0|D7D1FB49049702BF6338894757E0D959|NA|NA|C93757927D5E30F937F65B985B230F26,0.00816326530612245,245
5D656311CF9F47E34248BE9FBFF194A0|7E56C27BFF0305E788DA55A029EC4988|NA|NA|596F8344F77329A811917F98EB381DFB,0.008156606851549755,613
88CED8BA3AA711A20ACF8B1FC574F218|7E56C27BFF0305E788DA55A029EC4988|4C90FD52FC53D2C1C205844CB69575AB|A5D15FC386510762EC0DDFF54ABE6F94|C8FB540CFE3E218363D1D554B0FE166C,0.008129079935952703,8119
62D6A49514020FA0B2E434DB0B506005|7E56C27BFF0305E788DA55A029EC4988|NA|NA|69228E4AB5375F26AFD4409D4E724CE1,0.008122743682310469,1108
5D656311CF9F47E34248BE9FBFF194A0|7E56C27BFF0305E788DA55A029EC4988|4C90FD52FC53D2C1C205844CB69575AB|A5D15FC386510762EC0DDFF54ABE6F94|AAB3B523C26F0DFD22D8F900B8BDE283,0.008097165991902834,247
033E492229C2222EFAA16EE8A6462D8B|7E56C27BFF0305E788DA55A029EC4988|4C90FD52FC53D2C1C205844CB69575AB|C45A9AC6D102ACAEEDF0D6F78636D84A|630CFBEA7AF62744CFFB2B418B97041C,0.00808080808080808,495
7F286560861764CCB93C90B7AA833949|7E56C27BFF0305E788DA55A029EC4988|NA|NA|FA9B9E133A04B2D2E01021E55AA6422D,0.008064516129032258,372
7F286560861764CCB93C90B7AA833949|7E56C27BFF0305E788DA55A029EC4988|NA|NA|6D1F0028CA7B06D225EB690948370170,0.008064516129032258,248
6A21F69EBA80612A04B0F6BAC857AAF2|7E56C27BFF0305E788DA55A029EC4988|4C90FD52FC53D2C1C205844CB69575AB|A5D15FC386510762EC0DDFF54ABE6F94|DEE01C70ED04F15A2878E0C185CF14C1,0.008009153318077803,874
944B2A351FEFAC79AEAA9DA57E1B351F|7E56C27BFF0305E788DA55A029EC4988|NA|NA|00BE9B4D62C060AE925E4AA92D8A4F78,0.008,375
635623BABBB7DA2E072D8C339F606E15|7E56C27BFF0305E788DA55A029EC4988|4C90FD52FC53D2C1C205844CB69575AB|A5D15FC386510762EC0DDFF54ABE6F94|A260457902442A39758BD69E91B6FDB8,0.008,250
7F286560861764CCB93C90B7AA833949|7E56C27BFF0305E788DA55A029EC4988|NA|NA|37692D0E086CC635A3F8BEE1B8A87003,0.008,375
B4B45C6CE5FC4DE45AB02974D8849DBD|7E56C27BFF0305E788DA55A029EC4988|88460293E9517D21E39AA889BD5AADC8|A5D15FC386510762EC0DDFF54ABE6F94|8AC7F70E1E10FF8B2CEB6EA9C840E9AE,0.007984031936127744,501
13C26D10258053889D75D9B9CA922EC7|7E56C27BFF0305E788DA55A029EC4988|NA|NA|67E6BB71C2C270D90D09F7E5D7135183,0.007936507936507936,378
62D6A49514020FA0B2E434DB0B506005|7E56C27BFF0305E788DA55A029EC4988|4C90FD52FC53D2C1C205844CB69575AB|A5D15FC386510762EC0DDFF54ABE6F94|5DA2C91E16905A5896FD236766C38C29,0.007926023778071334,757
E02400CDAD96905D88E932FE9B7D3552|7E56C27BFF0305E788DA55A029EC4988|NA|NA|B16275D10AF8C1651D61B09156167B5D,0.007905138339920948,506
7532B3FBAFEC164460C4ED6FEB0C022C|FF2C446555E3822B0E0FC3406116E86D|NA|A5D15FC386510762EC0DDFF54ABE6F94|A26F87F9AFAE0651D9EA992A95C407A2,0.007874015748031496,381
111C91D6B0D89C84BF196FED8DBE7BBB|7E56C27BFF0305E788DA55A029EC4988|NA|NA|5C7F8ADC5E78FDD710F0D7CB0F14E7F3,0.007874015748031496,254
7F286560861764CCB93C90B7AA833949|7E56C27BFF0305E788DA55A029EC4988|4C90FD52FC53D2C1C205844CB69575AB|A5D15FC386510762EC0DDFF54ABE6F94|FAB88940B3899F0107FE05C233A58C67,0.00784313725490196,255
E02400CDAD96905D88E932FE9B7D3552|D7D1FB49049702BF6338894757E0D959|NA|NA|DBBA5B5A14A0A6359AD4BE036E572169,0.00784313725490196,255
7532B3FBAFEC164460C4ED6FEB0C022C|7E56C27BFF0305E788DA55A029EC4988|NA|NA|B899035A23B2A3C703A4B8A27A866496,0.007836990595611285,1276
62D6A49514020FA0B2E434DB0B506005|7E56C27BFF0305E788DA55A029EC4988|NA|NA|FC7B9A84CDC293B043B53D922CC20A44,0.0078125,896
7F286560861764CCB93C90B7AA833949|7E56C27BFF0305E788DA55A029EC4988|NA|NA|54DF00F52D4E2F97966991673DFD8868,0.007792207792207792,385
5D656311CF9F47E34248BE9FBFF194A0|7E56C27BFF0305E788DA55A029EC4988|NA|NA|448A2E73E62330F1358CF96F32A77973,0.007782101167315175,257
7F286560861764CCB93C90B7AA833949|7E56C27BFF0305E788DA55A029EC4988|4C90FD52FC53D2C1C205844CB69575AB|A5D15FC386510762EC0DDFF54ABE6F94|C5C9A4416C65BF0241107463B804726F,0.007776049766718507,643
944B2A351FEFAC79AEAA9DA57E1B351F|7E56C27BFF0305E788DA55A029EC4988|NA|NA|81ABD67AB05A983B5DB3EE003CF27E4E,0.007751937984496124,516
2551A1FA7839742971CDF4C67667E17A|7E56C27BFF0305E788DA55A029EC4988|NA|NA|E277E8372374DA85D81FF5D2AF8C067D,0.007751937984496124,258
88CED8BA3AA711A20ACF8B1FC574F218|7E56C27BFF0305E788DA55A029EC4988|4C90FD52FC53D2C1C205844CB69575AB|A5D15FC386510762EC0DDFF54ABE6F94|07A1F8206DF4601499E1001B9F3FF1ED,0.007722007722007722,259
111C91D6B0D89C84BF196FED8DBE7BBB|7E56C27BFF0305E788DA55A029EC4988|NA|NA|1C414C327281CD07C1F92399272EF360,0.007722007722007722,259
033E492229C2222EFAA16EE8A6462D8B|7E56C27BFF0305E788DA55A029EC4988|4C90FD52FC53D2C1C205844CB69575AB|A5D15FC386510762EC0DDFF54ABE6F94|532E508F5E82B661CC1888116EA6638D,0.007692307692307693,520
033E492229C2222EFAA16EE8A6462D8B|7E56C27BFF0305E788DA55A029EC4988|4C90FD52FC53D2C1C205844CB69575AB|C45A9AC6D102ACAEEDF0D6F78636D84A|F18B8253A634BD7B65EA5563EF4649A0,0.007692307692307693,260
2134F56D3769B5022DB7172F1536B749|7E56C27BFF0305E788DA55A029EC4988|NA|NA|2C526994B3C620E4A90A0B64E5958479,0.007683863885839737,911
13C26D10258053889D75D9B9CA922EC7|7E56C27BFF0305E788DA55A029EC4988|NA|NA|054AA2253C5D55E8D680F490D6F06697,0.007556675062972292,397
635623BABBB7DA2E072D8C339F606E15|7E56C27BFF0305E788DA55A029EC4988|NA|NA|0EC5FDBA9244AAA76906BDC99AA304D5,0.007518796992481203,266
62D6A49514020FA0B2E434DB0B506005|7E56C27BFF0305E788DA55A029EC4988|NA|NA|FB24C20CCCBD22D038D0466A903A6549,0.007518796992481203,266
033E492229C2222EFAA16EE8A6462D8B|7E56C27BFF0305E788DA55A029EC4988|88460293E9517D21E39AA889BD5AADC8|A5D15FC386510762EC0DDFF54ABE6F94|160545AFA042752EEA35E0D4A6CF0894,0.007499184871209651,6134
13C26D10258053889D75D9B9CA922EC7|7E56C27BFF0305E788DA55A029EC4988|NA|NA|D717D50A99814C70B958ADDB1FB1F4A9,0.007497656982193065,1067
7F286560861764CCB93C90B7AA833949|7E56C27BFF0305E788DA55A029EC4988|NA|NA|CF836C0C6C61CB2393241DA651571FD9,0.00749063670411985,2670
7F286560861764CCB93C90B7AA833949|7E56C27BFF0305E788DA55A029EC4988|4C90FD52FC53D2C1C205844CB69575AB|A5D15FC386510762EC0DDFF54ABE6F94|C26242F739C8C377615ADA8FFAD390AC,0.007481296758104738,802
EC997D43AC86A75D9B88A1051F86A67C|D7D1FB49049702BF6338894757E0D959|4C90FD52FC53D2C1C205844CB69575AB|A5D15FC386510762EC0DDFF54ABE6F94|148A1360EA95D51A7327F1C38E87BE16,0.007462686567164179,402
13C26D10258053889D75D9B9CA922EC7|7E56C27BFF0305E788DA55A029EC4988|4C90FD52FC53D2C1C205844CB69575AB|1B491180398E2F0390E6A588B3BCE291|00AF1D1CB6DE522C356AF896151160A1,0.007462686567164179,268
033E492229C2222EFAA16EE8A6462D8B|7E56C27BFF0305E788DA55A029EC4988|4C90FD52FC53D2C1C205844CB69575AB|C45A9AC6D102ACAEEDF0D6F78636D84A|425286992DDFA425FE3D78CB17D9AE54,0.007434944237918215,1345
62D6A49514020FA0B2E434DB0B506005|7E56C27BFF0305E788DA55A029EC4988|NA|NA|9102A4A2C1AA280D98A841F78360567D,0.007431874483897605,3633
13C26D10258053889D75D9B9CA922EC7|7E56C27BFF0305E788DA55A029EC4988|NA|NA|B16275D10AF8C1651D61B09156167B5D,0.0074211502782931356,539
944B2A351FEFAC79AEAA9DA57E1B351F|7E56C27BFF0305E788DA55A029EC4988|NA|NA|7E065DD9CA4725B2413E7A233A994829,0.007389162561576354,406
62D6A49514020FA0B2E434DB0B506005|7E56C27BFF0305E788DA55A029EC4988|NA|NA|624137EAFA78913FF6BD638D1ACCBE43,0.007357449417535254,1631
13C26D10258053889D75D9B9CA922EC7|7E56C27BFF0305E788DA55A029EC4988|4C90FD52FC53D2C1C205844CB69575AB|1B491180398E2F0390E6A588B3BCE291|B8968390A2493DD7B9BA9B59AD57138D,0.0072992700729927005,1507
DDC2B3CC38945E431DE1B3F59EC56680|7E56C27BFF0305E788DA55A029EC4988|NA|NA|A29BF82BD63CF789441238F138189F03,0.007246376811594203,3726
EC997D43AC86A75D9B88A1051F86A67C|7E56C27BFF0305E788DA55A029EC4988|NA|NA|B11F0CDECE9F4F2ABAE36128EA9BF4D8,0.007220216606498195,277
13C26D10258053889D75D9B9CA922EC7|7E56C27BFF0305E788DA55A029EC4988|NA|NA|7DF25B737B921866775F158F9BF5FEEC,0.007199424046076314,1389
5D656311CF9F47E34248BE9FBFF194A0|7E56C27BFF0305E788DA55A029EC4988|NA|NA|F85C6A07F7E2D354EB444833D02B5F6F,0.007168458781362007,279
13C26D10258053889D75D9B9CA922EC7|7E56C27BFF0305E788DA55A029EC4988|NA|NA|DEDB1864908FA3D0CD9444FF74362040,0.0071174377224199285,281
13C26D10258053889D75D9B9CA922EC7|7E56C27BFF0305E788DA55A029EC4988|NA|NA|B9D7940266FDD4F9C1DF66E8ED45B8F7,0.007113821138211382,984
7F286560861764CCB93C90B7AA833949|D7D1FB49049702BF6338894757E0D959|NA|NA|1C45D208B0FA94780A784C1308F60E02,0.007067137809187279,283
13C26D10258053889D75D9B9CA922EC7|7E56C27BFF0305E788DA55A029EC4988|NA|NA|5EB6F942767E70DEA9DEE321D8735335,0.007067137809187279,283
944B2A351FEFAC79AEAA9DA57E1B351F|7E56C27BFF0305E788DA55A029EC4988|NA|NA|6681CA70EB193CF0368248466CC07F44,0.007042253521126761,284
7532B3FBAFEC164460C4ED6FEB0C022C|7E56C27BFF0305E788DA55A029EC4988|88460293E9517D21E39AA889BD5AADC8|A5D15FC386510762EC0DDFF54ABE6F94|B1307FE5A41D1B598A37FA0A26B71DFE,0.007042253521126761,284
7F286560861764CCB93C90B7AA833949|7E56C27BFF0305E788DA55A029EC4988|4C90FD52FC53D2C1C205844CB69575AB|D7B42B0C4D807EF1C13F79948743E9DA|C579610DC59B399ABE6B491D4A3B4123,0.007017543859649123,285
EC997D43AC86A75D9B88A1051F86A67C|7E56C27BFF0305E788DA55A029EC4988|NA|NA|FCC9A41781BFE6CE4504A1EDA899C07D,0.006993006993006993,286
6A21F69EBA80612A04B0F6BAC857AAF2|7E56C27BFF0305E788DA55A029EC4988|4C90FD52FC53D2C1C205844CB69575AB|A5D15FC386510762EC0DDFF54ABE6F94|AD5A725A9E146BF20BEC743F9AA93098,0.006993006993006993,286
7F286560861764CCB93C90B7AA833949|7E56C27BFF0305E788DA55A029EC4988|4C90FD52FC53D2C1C205844CB69575AB|1B491180398E2F0390E6A588B3BCE291|A7910C21F102460C1AB34D23D69FBBAD,0.006993006993006993,715
13C26D10258053889D75D9B9CA922EC7|7E56C27BFF0305E788DA55A029EC4988|NA|NA|3B4B90733DFE258133B1686C38BA7C82,0.006896551724137931,435
13C26D10258053889D75D9B9CA922EC7|D7D1FB49049702BF6338894757E0D959|NA|NA|6DDAD061CAF97E739B6C76D65C7DF79B,0.0068775790921595595,727
62D6A49514020FA0B2E434DB0B506005|7E56C27BFF0305E788DA55A029EC4988|4C90FD52FC53D2C1C205844CB69575AB|A5D15FC386510762EC0DDFF54ABE6F94|BCC8F8BAFD13EF836E0197F98B6F6CF8,0.0068742985409652076,21384
88CED8BA3AA711A20ACF8B1FC574F218|7E56C27BFF0305E788DA55A029EC4988|NA|NA|5B0EEC2C89639EF3575A7EAC037EF499,0.006872852233676976,291
5D656311CF9F47E34248BE9FBFF194A0|7E56C27BFF0305E788DA55A029EC4988|NA|NA|C771CC65E92AF636D7720CC469363DF7,0.00684931506849315,1022
033E492229C2222EFAA16EE8A6462D8B|7E56C27BFF0305E788DA55A029EC4988|4C90FD52FC53D2C1C205844CB69575AB|1B491180398E2F0390E6A588B3BCE291|BDFF836E18B0B61A7370F3B38C705C58,0.00683371298405467,439
7532B3FBAFEC164460C4ED6FEB0C022C|7E56C27BFF0305E788DA55A029EC4988|NA|NA|FBC10996475F2B611A980D43C32BBC0A,0.006825938566552901,293
13C26D10258053889D75D9B9CA922EC7|7E56C27BFF0305E788DA55A029EC4988|4C90FD52FC53D2C1C205844CB69575AB|1B491180398E2F0390E6A588B3BCE291|ABFB9F7109140F14F59EAB297E04B3A8,0.006806930693069307,1616
5D656311CF9F47E34248BE9FBFF194A0|7E56C27BFF0305E788DA55A029EC4988|NA|NA|0F4F9E12F4F79F8EB785368D439C56AF,0.006802721088435374,294
944B2A351FEFAC79AEAA9DA57E1B351F|7E56C27BFF0305E788DA55A029EC4988|NA|NA|7A3498DB539F266FC1E3FABB4D1EE501,0.006791171477079796,589
EC997D43AC86A75D9B88A1051F86A67C|7E56C27BFF0305E788DA55A029EC4988|NA|NA|8CCF9A6156A13150DF29C9240D98C4AB,0.006779661016949152,295
7F286560861764CCB93C90B7AA833949|7E56C27BFF0305E788DA55A029EC4988|NA|NA|C476D6F38B1AC8592712EED4CCE92481,0.006779661016949152,295
62D6A49514020FA0B2E434DB0B506005|7E56C27BFF0305E788DA55A029EC4988|4C90FD52FC53D2C1C205844CB69575AB|A5D15FC386510762EC0DDFF54ABE6F94|CD886AD2EA373C74FEE56551B39E4B87,0.006756756756756757,1332
B4B45C6CE5FC4DE45AB02974D8849DBD|7E56C27BFF0305E788DA55A029EC4988|88460293E9517D21E39AA889BD5AADC8|A5D15FC386510762EC0DDFF54ABE6F94|3F8E71155CA86BE347F00735875CA874,0.006745362563237774,593
13C26D10258053889D75D9B9CA922EC7|7E56C27BFF0305E788DA55A029EC4988|NA|NA|8C6EADBB67C1D06D2BAEB7C348C88CF0,0.006711409395973154,298
62D6A49514020FA0B2E434DB0B506005|7E56C27BFF0305E788DA55A029EC4988|NA|NA|8F335E9E89908C9935B2F951855837E8,0.006666666666666667,300
7F286560861764CCB93C90B7AA833949|7E56C27BFF0305E788DA55A029EC4988|NA|NA|DDF24F231E4859B2D5D9504FFB666193,0.00663716814159292,452
62D6A49514020FA0B2E434DB0B506005|7E56C27BFF0305E788DA55A029EC4988|NA|NA|9A9FB1609DC81A1BA0E5C1AEA7F4A7DD,0.006557377049180328,305
2134F56D3769B5022DB7172F1536B749|7E56C27BFF0305E788DA55A029EC4988|NA|NA|D6A1F1050840CBF24F9F4136FA0C61AB,0.006545454545454545,1375
13C26D10258053889D75D9B9CA922EC7|D7D1FB49049702BF6338894757E0D959|NA|NA|AF3B4E4956444D4F4431C6ED1D9A5CA8,0.006535947712418301,306
5D656311CF9F47E34248BE9FBFF194A0|7E56C27BFF0305E788DA55A029EC4988|NA|NA|39B14C2D671283628F1D2B74B7E60A8A,0.006530612244897959,2450
5D656311CF9F47E34248BE9FBFF194A0|7E56C27BFF0305E788DA55A029EC4988|NA|NA|6F4B0C762C99FB294924C06D5384DEBD,0.006530612244897959,1225
635623BABBB7DA2E072D8C339F606E15|D7D1FB49049702BF6338894757E0D959|4C90FD52FC53D2C1C205844CB69575AB|A5D15FC386510762EC0DDFF54ABE6F94|A060F569EC55EA05CEEBD72C9D442A9B,0.006514657980456026,307
033E492229C2222EFAA16EE8A6462D8B|7E56C27BFF0305E788DA55A029EC4988|4C90FD52FC53D2C1C205844CB69575AB|A5D15FC386510762EC0DDFF54ABE6F94|1F2E6D77363D150D28D03EE414C2D0F3,0.006493506493506494,308
7F286560861764CCB93C90B7AA833949|7E56C27BFF0305E788DA55A029EC4988|NA|NA|FC200ABE320F24BE63F48E788D07448F,0.006490264603095357,2003
7532B3FBAFEC164460C4ED6FEB0C022C|7E56C27BFF0305E788DA55A029EC4988|NA|NA|0584ED67C9DDCE576829D57240A9377D,0.006482982171799027,617
2551A1FA7839742971CDF4C67667E17A|7E56C27BFF0305E788DA55A029EC4988|NA|NA|BE7425B55145859A784C10D69C99C731,0.006472491909385114,309
944B2A351FEFAC79AEAA9DA57E1B351F|7E56C27BFF0305E788DA55A029EC4988|NA|NA|B2EC8ED47EE319305F1D1F340FF04036,0.0064516129032258064,310
5D656311CF9F47E34248BE9FBFF194A0|7E56C27BFF0305E788DA55A029EC4988|NA|NA|9601F5159575383D6BCC2A3988678629,0.0064516129032258064,310
635623BABBB7DA2E072D8C339F606E15|7E56C27BFF0305E788DA55A029EC4988|4C90FD52FC53D2C1C205844CB69575AB|A5D15FC386510762EC0DDFF54ABE6F94|A9AB3883C8D660CBCCC13869F3E06DC4,0.0064516129032258064,310
7532B3FBAFEC164460C4ED6FEB0C022C|D7D1FB49049702BF6338894757E0D959|NA|A5D15FC386510762EC0DDFF54ABE6F94|B1E73C5DE52CBE9EAA52610B3B8A1650,0.006430868167202572,311
88CED8BA3AA711A20ACF8B1FC574F218|7E56C27BFF0305E788DA55A029EC4988|NA|NA|52428ABFC9A05682C5B4A0B2794CA42C,0.006430868167202572,311
7F286560861764CCB93C90B7AA833949|D7D1FB49049702BF6338894757E0D959|NA|NA|A6AEE15996D3A0017EF62861D5A98DF6,0.00641025641025641,468
DDC2B3CC38945E431DE1B3F59EC56680|7E56C27BFF0305E788DA55A029EC4988|4C90FD52FC53D2C1C205844CB69575AB|A5D15FC386510762EC0DDFF54ABE6F94|AAB3B523C26F0DFD22D8F900B8BDE283,0.006405124099279423,1249
62D6A49514020FA0B2E434DB0B506005|7E56C27BFF0305E788DA55A029EC4988|NA|NA|E97061FD55842ECA75766629A553BF69,0.006402048655569782,781
EC997D43AC86A75D9B88A1051F86A67C|7E56C27BFF0305E788DA55A029EC4988|NA|NA|609A88C740D4061DEEE9F3C98648F341,0.006351039260969977,1732
5D656311CF9F47E34248BE9FBFF194A0|7E56C27BFF0305E788DA55A029EC4988|NA|NA|360F38C1B039F40E0FE4D9831BA0ACCF,0.006309148264984227,317
9D307E5B713DE5E90D787BE9F802AFBB|D7D1FB49049702BF6338894757E0D959|NA|A5D15FC386510762EC0DDFF54ABE6F94|65BE6E91AA7EC1201EAA52C34210AB9B,0.0063025210084033615,476
7532B3FBAFEC164460C4ED6FEB0C022C|7E56C27BFF0305E788DA55A029EC4988|NA|NA|198F0A3784FB28D104AFA135F5540421,0.006289308176100629,2544
7532B3FBAFEC164460C4ED6FEB0C022C|7E56C27BFF0305E788DA55A029EC4988|NA|NA|BC5180F1555AADBE9877DD5B7B4C7503,0.006289308176100629,1590
033E492229C2222EFAA16EE8A6462D8B|D7D1FB49049702BF6338894757E0D959|4C90FD52FC53D2C1C205844CB69575AB|A5D15FC386510762EC0DDFF54ABE6F94|003A8B066A910616B22E05C9504A74B4,0.00625,320
635623BABBB7DA2E072D8C339F606E15|7E56C27BFF0305E788DA55A029EC4988|4C90FD52FC53D2C1C205844CB69575AB|A5D15FC386510762EC0DDFF54ABE6F94|323364490A3A548B469CA6F10F39A0DA,0.006191950464396285,323
13C26D10258053889D75D9B9CA922EC7|7E56C27BFF0305E788DA55A029EC4988|NA|NA|A01DB6E64CC3EDFACC8B5B553B927A87,0.006183745583038869,1132
B4B45C6CE5FC4DE45AB02974D8849DBD|7E56C27BFF0305E788DA55A029EC4988|NA|NA|396585480FEA11F58BB5A31C08279FB5,0.006172839506172839,324
E02400CDAD96905D88E932FE9B7D3552|7E56C27BFF0305E788DA55A029EC4988|NA|NA|92937583B081747279DBA99B85750F5B,0.006160164271047228,974
033E492229C2222EFAA16EE8A6462D8B|7E56C27BFF0305E788DA55A029EC4988|4C90FD52FC53D2C1C205844CB69575AB|1B491180398E2F0390E6A588B3BCE291|FAB1AF3C4A304CAF67E358B4CE0A3407,0.006153846153846154,325
62D6A49514020FA0B2E434DB0B506005|D7D1FB49049702BF6338894757E0D959|4C90FD52FC53D2C1C205844CB69575AB|A5D15FC386510762EC0DDFF54ABE6F94|E76C7039FE4133BF88CAB6D726DCEAC4,0.006147540983606557,488
7532B3FBAFEC164460C4ED6FEB0C022C|7E56C27BFF0305E788DA55A029EC4988|NA|NA|AD64C9D9871882FED950280226C39588,0.006097560975609756,492
13C26D10258053889D75D9B9CA922EC7|7E56C27BFF0305E788DA55A029EC4988|4C90FD52FC53D2C1C205844CB69575AB|1B491180398E2F0390E6A588B3BCE291|1ABA6BF312389CB4301A973088FAC684,0.006045949214026602,827
13C26D10258053889D75D9B9CA922EC7|7E56C27BFF0305E788DA55A029EC4988|NA|NA|6B8175E439797F47FD9C60AAE562B870,0.006029285099052541,1161
7F286560861764CCB93C90B7AA833949|7E56C27BFF0305E788DA55A029EC4988|NA|NA|94A5BA19E835A4869BD2BA2CD681995D,0.005997001499250375,667
13C26D10258053889D75D9B9CA922EC7|7E56C27BFF0305E788DA55A029EC4988|NA|NA|416BDAC97BCFBC1677FE189F9F8EF03B,0.005988023952095809,334
7F286560861764CCB93C90B7AA833949|7E56C27BFF0305E788DA55A029EC4988|4C90FD52FC53D2C1C205844CB69575AB|A5D15FC386510762EC0DDFF54ABE6F94|9E7BFE2620AD388083E83BBAE5321429,0.00597609561752988,502
13C26D10258053889D75D9B9CA922EC7|7E56C27BFF0305E788DA55A029EC4988|NA|NA|EBD9BA5186A40EB7B33CC3889BF8E9D6,0.00597609561752988,502
62D6A49514020FA0B2E434DB0B506005|7E56C27BFF0305E788DA55A029EC4988|NA|NA|8DF5E7D18CA6777EB566C3473ABC681B,0.005970149253731343,335
E02400CDAD96905D88E932FE9B7D3552|7E56C27BFF0305E788DA55A029EC4988|88460293E9517D21E39AA889BD5AADC8|1B491180398E2F0390E6A588B3BCE291|D7F0E23D3172AE3AE084403EDCA64ED5,0.005970149253731343,335
13C26D10258053889D75D9B9CA922EC7|7E56C27BFF0305E788DA55A029EC4988|NA|NA|448A2E73E62330F1358CF96F32A77973,0.005952380952380952,1008
7F286560861764CCB93C90B7AA833949|7E56C27BFF0305E788DA55A029EC4988|NA|NA|5AE3320B0D2E56B322A2646ED96F4D74,0.005934718100890208,337
7F286560861764CCB93C90B7AA833949|7E56C27BFF0305E788DA55A029EC4988|NA|NA|29C7902C21BBFEA0BD9DCB31340A357D,0.005932203389830509,1180
62D6A49514020FA0B2E434DB0B506005|7E56C27BFF0305E788DA55A029EC4988|NA|NA|2C526994B3C620E4A90A0B64E5958479,0.005905511811023622,508
B4B45C6CE5FC4DE45AB02974D8849DBD|7E56C27BFF0305E788DA55A029EC4988|NA|NA|36A033B49784A97EE619FDFF8DF539FE,0.0058997050147492625,339
7F286560861764CCB93C90B7AA833949|7E56C27BFF0305E788DA55A029EC4988|NA|NA|C73110F60976C49F41160AC28CBBF218,0.005855562784645413,1537
62D6A49514020FA0B2E434DB0B506005|7E56C27BFF0305E788DA55A029EC4988|4C90FD52FC53D2C1C205844CB69575AB|A5D15FC386510762EC0DDFF54ABE6F94|DB11EC7F11329CA9BCCB585E9EE64F3F,0.005806792187225057,5683
62D6A49514020FA0B2E434DB0B506005|D7D1FB49049702BF6338894757E0D959|NA|NA|8BC571E451F65F86A34D7A50A9FD3B97,0.005797101449275362,345
13C26D10258053889D75D9B9CA922EC7|7E56C27BFF0305E788DA55A029EC4988|4C90FD52FC53D2C1C205844CB69575AB|C45A9AC6D102ACAEEDF0D6F78636D84A|D8EC36B68C2DAF2BED8BF48A24A05B73,0.005780346820809248,692
7532B3FBAFEC164460C4ED6FEB0C022C|7E56C27BFF0305E788DA55A029EC4988|NA|NA|5442B97BF04473A119AB8AA2389FFA12,0.005780346820809248,346
7F286560861764CCB93C90B7AA833949|7E56C27BFF0305E788DA55A029EC4988|4C90FD52FC53D2C1C205844CB69575AB|1B491180398E2F0390E6A588B3BCE291|DB11EC7F11329CA9BCCB585E9EE64F3F,0.005747126436781609,348
7F286560861764CCB93C90B7AA833949|D7D1FB49049702BF6338894757E0D959|NA|NA|B899035A23B2A3C703A4B8A27A866496,0.005719733079122974,1049
7F286560861764CCB93C90B7AA833949|7E56C27BFF0305E788DA55A029EC4988|4C90FD52FC53D2C1C205844CB69575AB|A5D15FC386510762EC0DDFF54ABE6F94|3A6704FCA18BDBC51DFE4EBFDA642D20,0.005714285714285714,350
944B2A351FEFAC79AEAA9DA57E1B351F|7E56C27BFF0305E788DA55A029EC4988|NA|NA|812D27B9EAACD03AEF0E6C2CCA4B8F9A,0.005649717514124294,354
7F286560861764CCB93C90B7AA833949|D7D1FB49049702BF6338894757E0D959|NA|NA|1EAF8872E9E6517CDD42134A53D18590,0.0056179775280898875,356
7F286560861764CCB93C90B7AA833949|7E56C27BFF0305E788DA55A029EC4988|NA|NA|BB229D72787608939B3FA22C5C45A5D5,0.005597014925373134,536
7532B3FBAFEC164460C4ED6FEB0C022C|7E56C27BFF0305E788DA55A029EC4988|NA|NA|4BFC6F47B41FF2655521DC9CD477D627,0.005597014925373134,536
7F286560861764CCB93C90B7AA833949|7E56C27BFF0305E788DA55A029EC4988|4C90FD52FC53D2C1C205844CB69575AB|A5D15FC386510762EC0DDFF54ABE6F94|DB11EC7F11329CA9BCCB585E9EE64F3F,0.005574136008918618,897
5D656311CF9F47E34248BE9FBFF194A0|7E56C27BFF0305E788DA55A029EC4988|NA|NA|ECD5E609E07DE3FA015517470153592A,0.005555555555555556,360
5D656311CF9F47E34248BE9FBFF194A0|7E56C27BFF0305E788DA55A029EC4988|NA|NA|3D6933B35F2677F54EB59CBF425D9876,0.005532503457814661,723
E02400CDAD96905D88E932FE9B7D3552|7E56C27BFF0305E788DA55A029EC4988|88460293E9517D21E39AA889BD5AADC8|A5D15FC386510762EC0DDFF54ABE6F94|AB295AC6DF36135A3EE5CCCB5DCB4082,0.0055147058823529415,544
7F286560861764CCB93C90B7AA833949|FF2C446555E3822B0E0FC3406116E86D|NA|NA|5740DF2012C7D506A0798A3ABB21550F,0.005509641873278237,1815
DDC2B3CC38945E431DE1B3F59EC56680|7E56C27BFF0305E788DA55A029EC4988|4C90FD52FC53D2C1C205844CB69575AB|A5D15FC386510762EC0DDFF54ABE6F94|A86677D924EBA1410B57F92808097754,0.00546448087431694,732
5D656311CF9F47E34248BE9FBFF194A0|7E56C27BFF0305E788DA55A029EC4988|NA|NA|C5EC6E7528DFA3445574C9492EADE13C,0.005434782608695652,552
7F286560861764CCB93C90B7AA833949|FF2C446555E3822B0E0FC3406116E86D|NA|NA|9EA1BDC719FEF2D609EF9018F245D62A,0.005420054200542005,369
944B2A351FEFAC79AEAA9DA57E1B351F|7E56C27BFF0305E788DA55A029EC4988|4C90FD52FC53D2C1C205844CB69575AB|A5D15FC386510762EC0DDFF54ABE6F94|AAB3B523C26F0DFD22D8F900B8BDE283,0.005405405405405406,740
7F286560861764CCB93C90B7AA833949|7E56C27BFF0305E788DA55A029EC4988|NA|NA|1EAF8872E9E6517CDD42134A53D18590,0.005405405405405406,370
62D6A49514020FA0B2E434DB0B506005|7E56C27BFF0305E788DA55A029EC4988|4C90FD52FC53D2C1C205844CB69575AB|A5D15FC386510762EC0DDFF54ABE6F94|AF8393D72184D72EC9D55D7C6B10DFD5,0.005383330239465379,5387
DDC2B3CC38945E431DE1B3F59EC56680|7E56C27BFF0305E788DA55A029EC4988|4C90FD52FC53D2C1C205844CB69575AB|A5D15FC386510762EC0DDFF54ABE6F94|A384C4AB463C4C40B38999C687D09058,0.005382131324004306,929
7F286560861764CCB93C90B7AA833949|7E56C27BFF0305E788DA55A029EC4988|NA|NA|7751E7E17F02159D12302F5D1F69B2F7,0.005366726296958855,559
7532B3FBAFEC164460C4ED6FEB0C022C|7E56C27BFF0305E788DA55A029EC4988|NA|NA|C198401195FD7CA540EF03209B668A06,0.0053404539385847796,749
7F286560861764CCB93C90B7AA833949|7E56C27BFF0305E788DA55A029EC4988|4C90FD52FC53D2C1C205844CB69575AB|A5D15FC386510762EC0DDFF54ABE6F94|E18E4C1D081973D9085F970050ED4164,0.005305039787798408,377
7532B3FBAFEC164460C4ED6FEB0C022C|7E56C27BFF0305E788DA55A029EC4988|4C90FD52FC53D2C1C205844CB69575AB|A5D15FC386510762EC0DDFF54ABE6F94|27BAFDB32F37740F09FF7E837EC92037,0.005305039787798408,377
7532B3FBAFEC164460C4ED6FEB0C022C|7E56C27BFF0305E788DA55A029EC4988|4C90FD52FC53D2C1C205844CB69575AB|A5D15FC386510762EC0DDFF54ABE6F94|F3F09125C84909DF8A6428FC3DCC709C,0.005291005291005291,756
7532B3FBAFEC164460C4ED6FEB0C022C|7E56C27BFF0305E788DA55A029EC4988|NA|NA|E1FCC4B159DAE066364B3A461B6C60A6,0.005270092226613966,759
635623BABBB7DA2E072D8C339F606E15|7E56C27BFF0305E788DA55A029EC4988|NA|NA|49CB50C69CDDBDA35ACC5F73A029E4E0,0.005270092226613966,759
B4B45C6CE5FC4DE45AB02974D8849DBD|7E56C27BFF0305E788DA55A029EC4988|NA|NA|9D85931219774F3231F3DDA5CB909237,0.005230125523012552,956
E02400CDAD96905D88E932FE9B7D3552|7E56C27BFF0305E788DA55A029EC4988|NA|NA|A5A80FFE0C4CEB85DFF2C3FE50C38252,0.005203816131830009,1153
7F286560861764CCB93C90B7AA833949|D7D1FB49049702BF6338894757E0D959|4C90FD52FC53D2C1C205844CB69575AB|A5D15FC386510762EC0DDFF54ABE6F94|89BC8FAD122C7329042204C6AD881B7F,0.005194805194805195,385
2134F56D3769B5022DB7172F1536B749|7E56C27BFF0305E788DA55A029EC4988|NA|NA|3CC1164BE4CF09547F6CDC7DCE2ACA3C,0.005190311418685121,578
5D656311CF9F47E34248BE9FBFF194A0|7E56C27BFF0305E788DA55A029EC4988|NA|NA|B0C7CEEF77B595C9B3DA425C15320851,0.0051813471502590676,579
033E492229C2222EFAA16EE8A6462D8B|7E56C27BFF0305E788DA55A029EC4988|4C90FD52FC53D2C1C205844CB69575AB|C45A9AC6D102ACAEEDF0D6F78636D84A|83852B23722B0AD57475EB113F30DEDB,0.00516795865633075,387
7F286560861764CCB93C90B7AA833949|7E56C27BFF0305E788DA55A029EC4988|4C90FD52FC53D2C1C205844CB69575AB|A5D15FC386510762EC0DDFF54ABE6F94|B24C1C568F6EF99E0D98CA513F04A8FD,0.005141388174807198,389
7532B3FBAFEC164460C4ED6FEB0C022C|7E56C27BFF0305E788DA55A029EC4988|NA|NA|FC200ABE320F24BE63F48E788D07448F,0.005141388174807198,389
7F286560861764CCB93C90B7AA833949|7E56C27BFF0305E788DA55A029EC4988|NA|NA|5740DF2012C7D506A0798A3ABB21550F,0.00513187731232844,8379
7532B3FBAFEC164460C4ED6FEB0C022C|D7D1FB49049702BF6338894757E0D959|NA|NA|AC18B87CA77686BF65B51AC8230B1663,0.00510204081632653,392
7F286560861764CCB93C90B7AA833949|7E56C27BFF0305E788DA55A029EC4988|NA|NA|FB49C1C86C8058F7D8E86772D62DBE73,0.005089058524173028,393
7F286560861764CCB93C90B7AA833949|7E56C27BFF0305E788DA55A029EC4988|NA|NA|F19A35C8187D2B88B1A1751E97C82AD4,0.005025125628140704,597
62D6A49514020FA0B2E434DB0B506005|7E56C27BFF0305E788DA55A029EC4988|4C90FD52FC53D2C1C205844CB69575AB|A5D15FC386510762EC0DDFF54ABE6F94|3C6810CE0F25072FD902C5A4D2248BF7,0.005,400
EC997D43AC86A75D9B88A1051F86A67C|7E56C27BFF0305E788DA55A029EC4988|NA|NA|004C766EA2814B2B966606786F563B6C,0.004975124378109453,201
62D6A49514020FA0B2E434DB0B506005|7E56C27BFF0305E788DA55A029EC4988|NA|NA|D9E3D47BFB9121B1097F2A18B4D92D02,0.004975124378109453,201
6A21F69EBA80612A04B0F6BAC857AAF2|7E56C27BFF0305E788DA55A029EC4988|4C90FD52FC53D2C1C205844CB69575AB|A5D15FC386510762EC0DDFF54ABE6F94|380BF84A84B4EAF676BD1932160E87A0,0.004975124378109453,201
7F286560861764CCB93C90B7AA833949|7E56C27BFF0305E788DA55A029EC4988|NA|NA|A48FDCADCDB85A93E96BA3A17BB378AC,0.004962779156327543,403
62D6A49514020FA0B2E434DB0B506005|7E56C27BFF0305E788DA55A029EC4988|NA|NA|95C025CEC610B5575FB3F1CBEE964561,0.004962779156327543,403
7532B3FBAFEC164460C4ED6FEB0C022C|7E56C27BFF0305E788DA55A029EC4988|NA|NA|6A571C65417A51519362542442340E11,0.0049586776859504135,1210
88CED8BA3AA711A20ACF8B1FC574F218|D7D1FB49049702BF6338894757E0D959|4C90FD52FC53D2C1C205844CB69575AB|A5D15FC386510762EC0DDFF54ABE6F94|DEC85E4358B916843456924036C83511,0.0049504950495049506,202
13C26D10258053889D75D9B9CA922EC7|7E56C27BFF0305E788DA55A029EC4988|NA|NA|AF3B4E4956444D4F4431C6ED1D9A5CA8,0.0049261083743842365,203
13C26D10258053889D75D9B9CA922EC7|7E56C27BFF0305E788DA55A029EC4988|NA|NA|C93878CDD6542101C7E215CF3D026B69,0.0049261083743842365,203
13C26D10258053889D75D9B9CA922EC7|7E56C27BFF0305E788DA55A029EC4988|NA|NA|4EB9568DDF1AF24021A2A227C102299E,0.0049261083743842365,406
13C26D10258053889D75D9B9CA922EC7|7E56C27BFF0305E788DA55A029EC4988|4C90FD52FC53D2C1C205844CB69575AB|1B491180398E2F0390E6A588B3BCE291|754D371335C89C2FB2EAA50D651207BE,0.004901960784313725,204
EC997D43AC86A75D9B88A1051F86A67C|7E56C27BFF0305E788DA55A029EC4988|4C90FD52FC53D2C1C205844CB69575AB|A5D15FC386510762EC0DDFF54ABE6F94|AAB3B523C26F0DFD22D8F900B8BDE283,0.004893238434163701,2248
EC997D43AC86A75D9B88A1051F86A67C|7E56C27BFF0305E788DA55A029EC4988|NA|NA|69780E1BD3FC3B76622E583653CBCD3C,0.004889975550122249,409
62D6A49514020FA0B2E434DB0B506005|7E56C27BFF0305E788DA55A029EC4988|4C90FD52FC53D2C1C205844CB69575AB|A5D15FC386510762EC0DDFF54ABE6F94|9A0EA21647E006E4AAA6908795A06465,0.004859086491739553,1029
13C26D10258053889D75D9B9CA922EC7|7E56C27BFF0305E788DA55A029EC4988|NA|NA|0B031A13E9B4E34818F564F88087245B,0.0048543689320388345,1030
7532B3FBAFEC164460C4ED6FEB0C022C|7E56C27BFF0305E788DA55A029EC4988|NA|NA|C09E0DF289067446B531DDC40BC7F92F,0.0048543689320388345,206
7F286560861764CCB93C90B7AA833949|7E56C27BFF0305E788DA55A029EC4988|NA|NA|708A9208B0A4E936E695B19EE186EE9A,0.0048543689320388345,1854
E02400CDAD96905D88E932FE9B7D3552|7E56C27BFF0305E788DA55A029EC4988|NA|NA|DBBA5B5A14A0A6359AD4BE036E572169,0.0048484848484848485,1650
62D6A49514020FA0B2E434DB0B506005|7E56C27BFF0305E788DA55A029EC4988|NA|NA|037DD638C78F649662CA0C63E200FE18,0.004830917874396135,414
5D656311CF9F47E34248BE9FBFF194A0|7E56C27BFF0305E788DA55A029EC4988|NA|NA|AD4A98C0669A54F38E3F69829B11810D,0.004807692307692308,208
7F286560861764CCB93C90B7AA833949|7E56C27BFF0305E788DA55A029EC4988|4C90FD52FC53D2C1C205844CB69575AB|1B491180398E2F0390E6A588B3BCE291|B84B674638B7B14D874B3EC44DD7F2B3,0.004796163069544364,417
033E492229C2222EFAA16EE8A6462D8B|7E56C27BFF0305E788DA55A029EC4988|4C90FD52FC53D2C1C205844CB69575AB|C45A9AC6D102ACAEEDF0D6F78636D84A|745378C61E74FDFAFBB1885E3C0B903A,0.004792332268370607,1252
7F286560861764CCB93C90B7AA833949|7E56C27BFF0305E788DA55A029EC4988|NA|NA|198F0A3784FB28D104AFA135F5540421,0.00477326968973747,419
7532B3FBAFEC164460C4ED6FEB0C022C|7E56C27BFF0305E788DA55A029EC4988|88460293E9517D21E39AA889BD5AADC8|A5D15FC386510762EC0DDFF54ABE6F94|DBBA5B5A14A0A6359AD4BE036E572169,0.004761904761904762,210
EC997D43AC86A75D9B88A1051F86A67C|7E56C27BFF0305E788DA55A029EC4988|4C90FD52FC53D2C1C205844CB69575AB|A5D15FC386510762EC0DDFF54ABE6F94|47005EA094C94C583941C0260DAFC54A,0.004761904761904762,210
7F286560861764CCB93C90B7AA833949|7E56C27BFF0305E788DA55A029EC4988|NA|NA|A73D379702E11B9204C28C9CCE2122CE,0.004761904761904762,420
88CED8BA3AA711A20ACF8B1FC574F218|7E56C27BFF0305E788DA55A029EC4988|4C90FD52FC53D2C1C205844CB69575AB|A5D15FC386510762EC0DDFF54ABE6F94|AAB3B523C26F0DFD22D8F900B8BDE283,0.004750593824228029,842
13C26D10258053889D75D9B9CA922EC7|7E56C27BFF0305E788DA55A029EC4988|NA|NA|9C0B4A048E9A930CD14E8D607637D081,0.004724409448818898,635
7532B3FBAFEC164460C4ED6FEB0C022C|7E56C27BFF0305E788DA55A029EC4988|NA|NA|001DF930622A0B8DE41CC46748933BB9,0.0047169811320754715,212
635623BABBB7DA2E072D8C339F606E15|7E56C27BFF0305E788DA55A029EC4988|NA|A5D15FC386510762EC0DDFF54ABE6F94|B68AB9A37357E57DA05A58E418993596,0.0047169811320754715,212
62D6A49514020FA0B2E434DB0B506005|7E56C27BFF0305E788DA55A029EC4988|4C90FD52FC53D2C1C205844CB69575AB|C45A9AC6D102ACAEEDF0D6F78636D84A|635A3EF4F16C9B52F3334F52B864E056,0.0046875,640
13C26D10258053889D75D9B9CA922EC7|7E56C27BFF0305E788DA55A029EC4988|NA|NA|5E6D8183D05375D6CFEC90D42291AB1A,0.00468384074941452,427
5D656311CF9F47E34248BE9FBFF194A0|7E56C27BFF0305E788DA55A029EC4988|NA|NA|E22A0321C5296EE449BE959FB211CC0E,0.004672897196261682,214
88CED8BA3AA711A20ACF8B1FC574F218|7E56C27BFF0305E788DA55A029EC4988|NA|NA|3F8111257DA20E00CD96F42580DD48FF,0.0046439628482972135,646
7532B3FBAFEC164460C4ED6FEB0C022C|7E56C27BFF0305E788DA55A029EC4988|NA|NA|1D452D880A993961230AA571686F94F4,0.004629629629629629,432
DDC2B3CC38945E431DE1B3F59EC56680|7E56C27BFF0305E788DA55A029EC4988|NA|NA|A834296B9A929B137F0488F82EC7EAE0,0.004629629629629629,648
5D656311CF9F47E34248BE9FBFF194A0|7E56C27BFF0305E788DA55A029EC4988|NA|NA|0EE3A7C45BC501245B78F3953B3A54EF,0.004629629629629629,216
9D307E5B713DE5E90D787BE9F802AFBB|D7D1FB49049702BF6338894757E0D959|NA|A5D15FC386510762EC0DDFF54ABE6F94|1769668D55C3859F30701745B964D852,0.0045871559633027525,218
7F286560861764CCB93C90B7AA833949|7E56C27BFF0305E788DA55A029EC4988|NA|NA|9F51D850E22E45776CA47754BFE8D9A4,0.0045871559633027525,218
7F286560861764CCB93C90B7AA833949|D7D1FB49049702BF6338894757E0D959|NA|NA|8E7ED89235D2AA25CEF283E5138171CE,0.0045871559633027525,218
7F286560861764CCB93C90B7AA833949|7E56C27BFF0305E788DA55A029EC4988|NA|NA|12ECE5C2998917D934858C369D2C77C2,0.0045871559633027525,218
033E492229C2222EFAA16EE8A6462D8B|7E56C27BFF0305E788DA55A029EC4988|4C90FD52FC53D2C1C205844CB69575AB|A5D15FC386510762EC0DDFF54ABE6F94|A7BE4C8304C5BB24D087697D4A3C2B61,0.0045871559633027525,436
62D6A49514020FA0B2E434DB0B506005|7E56C27BFF0305E788DA55A029EC4988|4C90FD52FC53D2C1C205844CB69575AB|A5D15FC386510762EC0DDFF54ABE6F94|E76C7039FE4133BF88CAB6D726DCEAC4,0.004576659038901602,437
7F286560861764CCB93C90B7AA833949|7E56C27BFF0305E788DA55A029EC4988|NA|NA|63971BB421C0CDD6F2CE317BDE1C5775,0.004545454545454545,220
7532B3FBAFEC164460C4ED6FEB0C022C|7E56C27BFF0305E788DA55A029EC4988|NA|NA|2EC35BDFEF36B021AD4FB39FE62035F6,0.004545454545454545,660
7532B3FBAFEC164460C4ED6FEB0C022C|7E56C27BFF0305E788DA55A029EC4988|NA|NA|46FEEADE6FBFA3DD49178B31E6CF649C,0.004518072289156626,1328
62D6A49514020FA0B2E434DB0B506005|7E56C27BFF0305E788DA55A029EC4988|NA|NA|13EC4AC03D8C1C29410343D3D984E83D,0.004500450045004501,1111
033E492229C2222EFAA16EE8A6462D8B|7E56C27BFF0305E788DA55A029EC4988|4C90FD52FC53D2C1C205844CB69575AB|1B491180398E2F0390E6A588B3BCE291|08F92A486C2540DF38535A95A9D080E9,0.004484304932735426,223
B4B45C6CE5FC4DE45AB02974D8849DBD|7E56C27BFF0305E788DA55A029EC4988|NA|NA|2C57A690BE97B975FE15911A3DA9979D,0.004484304932735426,223
13C26D10258053889D75D9B9CA922EC7|7E56C27BFF0305E788DA55A029EC4988|NA|NA|0FB68EC8CA884C33131EA7D83DF3E514,0.004479283314669653,893
13C26D10258053889D75D9B9CA922EC7|7E56C27BFF0305E788DA55A029EC4988|NA|NA|1803D81451CD55FE3B9E3FF008D298A4,0.004464285714285714,224
62D6A49514020FA0B2E434DB0B506005|7E56C27BFF0305E788DA55A029EC4988|NA|NA|A8F8529FA05D6375C6D2C85CF337E15E,0.004464285714285714,224
2134F56D3769B5022DB7172F1536B749|D7D1FB49049702BF6338894757E0D959|NA|NA|26F6D838682B1B795459AD9ED8B88724,0.004464285714285714,224
EC997D43AC86A75D9B88A1051F86A67C|D7D1FB49049702BF6338894757E0D959|NA|A5D15FC386510762EC0DDFF54ABE6F94|216CCCBF3716D96B60C911A4B1AE2372,0.004464285714285714,224
033E492229C2222EFAA16EE8A6462D8B|7E56C27BFF0305E788DA55A029EC4988|4C90FD52FC53D2C1C205844CB69575AB|1B491180398E2F0390E6A588B3BCE291|25D0E361AB1822DB0689CE910C27DBA3,0.0044444444444444444,225
111C91D6B0D89C84BF196FED8DBE7BBB|7E56C27BFF0305E788DA55A029EC4988|NA|NA|D38A2A601DCD0040CA1E11F5C374EB21,0.0044444444444444444,225
033E492229C2222EFAA16EE8A6462D8B|7E56C27BFF0305E788DA55A029EC4988|4C90FD52FC53D2C1C205844CB69575AB|1B491180398E2F0390E6A588B3BCE291|979BD3F42751DE6CCC27BC41D7F510C9,0.0044444444444444444,225
88CED8BA3AA711A20ACF8B1FC574F218|7E56C27BFF0305E788DA55A029EC4988|NA|NA|5E681FCA635A8F1E035282B78A9D9626,0.0044444444444444444,225
13C26D10258053889D75D9B9CA922EC7|7E56C27BFF0305E788DA55A029EC4988|NA|NA|F2FF188B1CD53338DFF602F132DE778D,0.0044444444444444444,225
DDC2B3CC38945E431DE1B3F59EC56680|D7D1FB49049702BF6338894757E0D959|NA|NA|A39F3A2B2291CB8BD8A47C844519DAA2,0.004424778761061947,226
5D656311CF9F47E34248BE9FBFF194A0|7E56C27BFF0305E788DA55A029EC4988|NA|NA|8BC759326923C40A80C5501ED1730D08,0.004424778761061947,226
13C26D10258053889D75D9B9CA922EC7|7E56C27BFF0305E788DA55A029EC4988|NA|NA|83FC1E1E519F0F6B2CEEB05CDBCE48B6,0.0043907793633369925,911
111C91D6B0D89C84BF196FED8DBE7BBB|D7D1FB49049702BF6338894757E0D959|4C90FD52FC53D2C1C205844CB69575AB|C45A9AC6D102ACAEEDF0D6F78636D84A|9C2186126B52237CE2A5935505A06A98,0.0043859649122807015,228
5D656311CF9F47E34248BE9FBFF194A0|7E56C27BFF0305E788DA55A029EC4988|NA|NA|5162F313E2AEE89D38BB2546F8B26DDE,0.0043859649122807015,228
13C26D10258053889D75D9B9CA922EC7|7E56C27BFF0305E788DA55A029EC4988|NA|NA|E0711FB3A5E3E944E45A04DE3D0FC827,0.0043859649122807015,456
88CED8BA3AA711A20ACF8B1FC574F218|7E56C27BFF0305E788DA55A029EC4988|4C90FD52FC53D2C1C205844CB69575AB|A5D15FC386510762EC0DDFF54ABE6F94|9615ED08D4981DC359076B6AF28F3A67,0.0043859649122807015,228
E02400CDAD96905D88E932FE9B7D3552|7E56C27BFF0305E788DA55A029EC4988|NA|NA|626F646E0CB5DABC7D76D116CFEC93B6,0.004373177842565598,686
5D656311CF9F47E34248BE9FBFF194A0|7E56C27BFF0305E788DA55A029EC4988|NA|NA|4176C387CC64BE7AF5FCB3B50E36AF90,0.004366812227074236,458
033E492229C2222EFAA16EE8A6462D8B|7E56C27BFF0305E788DA55A029EC4988|4C90FD52FC53D2C1C205844CB69575AB|C45A9AC6D102ACAEEDF0D6F78636D84A|B0EBA8DE121DEB701678309BF45ED404,0.004366812227074236,229
13C26D10258053889D75D9B9CA922EC7|7E56C27BFF0305E788DA55A029EC4988|4C90FD52FC53D2C1C205844CB69575AB|A5D15FC386510762EC0DDFF54ABE6F94|00AF1D1CB6DE522C356AF896151160A1,0.004347826086956522,230
88CED8BA3AA711A20ACF8B1FC574F218|7E56C27BFF0305E788DA55A029EC4988|NA|NA|241F4AEF603A870742F48E3ED05071ED,0.004329004329004329,231
B4B45C6CE5FC4DE45AB02974D8849DBD|7E56C27BFF0305E788DA55A029EC4988|88460293E9517D21E39AA889BD5AADC8|A5D15FC386510762EC0DDFF54ABE6F94|F59B571602434FC3CE87EB65DDCD1ED1,0.004329004329004329,231
5D656311CF9F47E34248BE9FBFF194A0|7E56C27BFF0305E788DA55A029EC4988|NA|NA|13DEF5820F33C650E8C55CE65B9ECCA0,0.004329004329004329,231
033E492229C2222EFAA16EE8A6462D8B|D7D1FB49049702BF6338894757E0D959|4C90FD52FC53D2C1C205844CB69575AB|C45A9AC6D102ACAEEDF0D6F78636D84A|9C2186126B52237CE2A5935505A06A98,0.004299226139294927,1163
944B2A351FEFAC79AEAA9DA57E1B351F|7E56C27BFF0305E788DA55A029EC4988|NA|NA|F733542D4B6E89BC3F50733DFB5A8314,0.004287245444801715,933
2134F56D3769B5022DB7172F1536B749|7E56C27BFF0305E788DA55A029EC4988|NA|NA|230497DD18EBEE69510A308381AF3BCA,0.00423728813559322,236
033E492229C2222EFAA16EE8A6462D8B|D7D1FB49049702BF6338894757E0D959|4C90FD52FC53D2C1C205844CB69575AB|D7B42B0C4D807EF1C13F79948743E9DA|DE2C93E7664007866DC41A225429F675,0.00423728813559322,236
E02400CDAD96905D88E932FE9B7D3552|7E56C27BFF0305E788DA55A029EC4988|88460293E9517D21E39AA889BD5AADC8|A5D15FC386510762EC0DDFF54ABE6F94|A82E2B22115A418E08BEA4BC2D4DE30E,0.004219409282700422,237
88CED8BA3AA711A20ACF8B1FC574F218|D7D1FB49049702BF6338894757E0D959|NA|NA|CBDC964F71D37447B33F67FDB76BF8CF,0.004219409282700422,237
7F286560861764CCB93C90B7AA833949|D7D1FB49049702BF6338894757E0D959|4C90FD52FC53D2C1C205844CB69575AB|C45A9AC6D102ACAEEDF0D6F78636D84A|A9AB3883C8D660CBCCC13869F3E06DC4,0.004201680672268907,238
7F286560861764CCB93C90B7AA833949|7E56C27BFF0305E788DA55A029EC4988|NA|NA|84C5573970F157FEB5BA87849B002BA4,0.004201680672268907,238
62D6A49514020FA0B2E434DB0B506005|7E56C27BFF0305E788DA55A029EC4988|NA|NA|244C331523B8D7AF0B22D2237E58F7FC,0.0041841004184100415,478
5D656311CF9F47E34248BE9FBFF194A0|7E56C27BFF0305E788DA55A029EC4988|NA|NA|2B76C2A9E4D4CE6E92358424E9DCC912,0.004166666666666667,240
13C26D10258053889D75D9B9CA922EC7|7E56C27BFF0305E788DA55A029EC4988|4C90FD52FC53D2C1C205844CB69575AB|C45A9AC6D102ACAEEDF0D6F78636D84A|AAB3B523C26F0DFD22D8F900B8BDE283,0.004166666666666667,240
13C26D10258053889D75D9B9CA922EC7|7E56C27BFF0305E788DA55A029EC4988|NA|NA|97C8905EF120F113EB38A5B3682E633C,0.004106776180698152,487
5D656311CF9F47E34248BE9FBFF194A0|7E56C27BFF0305E788DA55A029EC4988|NA|NA|DFAF6C8A697ACE5F51E315B49BE8B1A1,0.004098360655737705,244
5D656311CF9F47E34248BE9FBFF194A0|7E56C27BFF0305E788DA55A029EC4988|NA|NA|6166D17DD9A097C8AFC75F8AB201230F,0.004073319755600814,491
9D307E5B713DE5E90D787BE9F802AFBB|D7D1FB49049702BF6338894757E0D959|NA|A5D15FC386510762EC0DDFF54ABE6F94|AE14AD4556C9DA677DD9635D93D9C0D7,0.004056795131845842,986
62D6A49514020FA0B2E434DB0B506005|D7D1FB49049702BF6338894757E0D959|4C90FD52FC53D2C1C205844CB69575AB|A5D15FC386510762EC0DDFF54ABE6F94|9BE36E0BD1977E9957D494B84C7E819F,0.004020100502512563,995
7F286560861764CCB93C90B7AA833949|7E56C27BFF0305E788DA55A029EC4988|NA|NA|BE7425B55145859A784C10D69C99C731,0.00399002493765586,2005
7F286560861764CCB93C90B7AA833949|7E56C27BFF0305E788DA55A029EC4988|4C90FD52FC53D2C1C205844CB69575AB|1B491180398E2F0390E6A588B3BCE291|3A6704FCA18BDBC51DFE4EBFDA642D20,0.003968253968253968,252
7532B3FBAFEC164460C4ED6FEB0C022C|7E56C27BFF0305E788DA55A029EC4988|NA|NA|0D989962AF75DFF7D579B2FFB9CCCA71,0.00395778364116095,758
7F286560861764CCB93C90B7AA833949|D7D1FB49049702BF6338894757E0D959|4C90FD52FC53D2C1C205844CB69575AB|A5D15FC386510762EC0DDFF54ABE6F94|0EA006066396E3169C30421CD3359325,0.0039447731755424065,1014
7F286560861764CCB93C90B7AA833949|7E56C27BFF0305E788DA55A029EC4988|NA|NA|A5878449CF6879DBCE5E004211C335EF,0.003861003861003861,259
7F286560861764CCB93C90B7AA833949|7E56C27BFF0305E788DA55A029EC4988|NA|NA|9097A816793CB835203FAD516EE736D1,0.0038461538461538464,260
033E492229C2222EFAA16EE8A6462D8B|D7D1FB49049702BF6338894757E0D959|4C90FD52FC53D2C1C205844CB69575AB|C45A9AC6D102ACAEEDF0D6F78636D84A|DE0AFD0CB99DB055EA8E7957BFBFF0F6,0.0038314176245210726,261
7F286560861764CCB93C90B7AA833949|D7D1FB49049702BF6338894757E0D959|NA|NA|0F071D82733C15D9419488785F5BFD37,0.0038314176245210726,261
635623BABBB7DA2E072D8C339F606E15|7E56C27BFF0305E788DA55A029EC4988|88460293E9517D21E39AA889BD5AADC8|C45A9AC6D102ACAEEDF0D6F78636D84A|NA,0.003827751196172249,4180
62D6A49514020FA0B2E434DB0B506005|7E56C27BFF0305E788DA55A029EC4988|NA|NA|3CC1164BE4CF09547F6CDC7DCE2ACA3C,0.0038186157517899762,2095
88CED8BA3AA711A20ACF8B1FC574F218|7E56C27BFF0305E788DA55A029EC4988|NA|NA|52C395F2286B2F794259FBDACE2B453B,0.0038077106139933364,2101
7532B3FBAFEC164460C4ED6FEB0C022C|7E56C27BFF0305E788DA55A029EC4988|NA|NA|4F42E575FB8FBDE0F3D92368869FA84B,0.0038022813688212928,263
62D6A49514020FA0B2E434DB0B506005|7E56C27BFF0305E788DA55A029EC4988|4C90FD52FC53D2C1C205844CB69575AB|A5D15FC386510762EC0DDFF54ABE6F94|9BE36E0BD1977E9957D494B84C7E819F,0.003795066413662239,527
7F286560861764CCB93C90B7AA833949|7E56C27BFF0305E788DA55A029EC4988|NA|NA|4459BD9711FFFE1D3564B89F818ABEA9,0.0037593984962406013,266
13C26D10258053889D75D9B9CA922EC7|D7D1FB49049702BF6338894757E0D959|NA|NA|6EDFA4FD34AB073312D01C3211889CD2,0.003745318352059925,267
EC997D43AC86A75D9B88A1051F86A67C|7E56C27BFF0305E788DA55A029EC4988|NA|NA|429BD8007F352B3AED05752092963E50,0.0037267080745341614,805
7F286560861764CCB93C90B7AA833949|7E56C27BFF0305E788DA55A029EC4988|NA|NA|8BC571E451F65F86A34D7A50A9FD3B97,0.0037243947858473,537
033E492229C2222EFAA16EE8A6462D8B|D7D1FB49049702BF6338894757E0D959|4C90FD52FC53D2C1C205844CB69575AB|C45A9AC6D102ACAEEDF0D6F78636D84A|ED6506299C478A6BF32320CC1C6E82C2,0.0037174721189591076,269
13C26D10258053889D75D9B9CA922EC7|D7D1FB49049702BF6338894757E0D959|NA|NA|C93878CDD6542101C7E215CF3D026B69,0.003703703703703704,270
88CED8BA3AA711A20ACF8B1FC574F218|7E56C27BFF0305E788DA55A029EC4988|NA|NA|772A2833FFF639F9FF9371AFACA779E3,0.003693444136657433,1083
88CED8BA3AA711A20ACF8B1FC574F218|7E56C27BFF0305E788DA55A029EC4988|NA|NA|A842550DC477DCCF9FAF79C703D50322,0.0036900369003690036,271
EC997D43AC86A75D9B88A1051F86A67C|7E56C27BFF0305E788DA55A029EC4988|NA|NA|EB42BAD09CEACE37E04B1DA9A687BD66,0.003683241252302026,543
62D6A49514020FA0B2E434DB0B506005|7E56C27BFF0305E788DA55A029EC4988|4C90FD52FC53D2C1C205844CB69575AB|A5D15FC386510762EC0DDFF54ABE6F94|E6F3E286DC5AC43B5DA3DB25A3A115DA,0.003676470588235294,272
7F286560861764CCB93C90B7AA833949|7E56C27BFF0305E788DA55A029EC4988|NA|NA|A3D85378054C8E356214256BD8C32383,0.003658536585365854,820
5D656311CF9F47E34248BE9FBFF194A0|7E56C27BFF0305E788DA55A029EC4988|NA|NA|756C8BF5C005753DC9AEB757F4F7BEC3,0.0036529680365296802,1095
7532B3FBAFEC164460C4ED6FEB0C022C|7E56C27BFF0305E788DA55A029EC4988|NA|NA|F195B9C287DF7878EC634C1ECEDC6CA6,0.0036496350364963502,274
7F286560861764CCB93C90B7AA833949|7E56C27BFF0305E788DA55A029EC4988|4C90FD52FC53D2C1C205844CB69575AB|A5D15FC386510762EC0DDFF54ABE6F94|1FFC9473D387C213C9C63D5E7C2A80BB,0.0035971223021582736,278
944B2A351FEFAC79AEAA9DA57E1B351F|7E56C27BFF0305E788DA55A029EC4988|NA|NA|880CAAF31062A16E35CD166A15764EBB,0.003590664272890485,557
62D6A49514020FA0B2E434DB0B506005|7E56C27BFF0305E788DA55A029EC4988|4C90FD52FC53D2C1C205844CB69575AB|A5D15FC386510762EC0DDFF54ABE6F94|B4F48D5E70E7F7F416E0C8B0D492783D,0.0035587188612099642,562
7F286560861764CCB93C90B7AA833949|D7D1FB49049702BF6338894757E0D959|4C90FD52FC53D2C1C205844CB69575AB|A5D15FC386510762EC0DDFF54ABE6F94|18A4E54C27E88D016570C6C283F505A5,0.0035211267605633804,284
7532B3FBAFEC164460C4ED6FEB0C022C|7E56C27BFF0305E788DA55A029EC4988|88460293E9517D21E39AA889BD5AADC8|A5D15FC386510762EC0DDFF54ABE6F94|F3F09125C84909DF8A6428FC3DCC709C,0.0035087719298245615,285
7F286560861764CCB93C90B7AA833949|7E56C27BFF0305E788DA55A029EC4988|4C90FD52FC53D2C1C205844CB69575AB|A5D15FC386510762EC0DDFF54ABE6F94|1005C02023BE2307405D44ECDF5A95C5,0.0035087719298245615,285
7532B3FBAFEC164460C4ED6FEB0C022C|D7D1FB49049702BF6338894757E0D959|NA|NA|22C982B54B12808A7E78876D8D84117B,0.003484320557491289,287
7532B3FBAFEC164460C4ED6FEB0C022C|7E56C27BFF0305E788DA55A029EC4988|NA|NA|94A5BA19E835A4869BD2BA2CD681995D,0.0034602076124567475,289
7F286560861764CCB93C90B7AA833949|D7D1FB49049702BF6338894757E0D959|NA|NA|E5AE93A406D6D382DD1C1CDFF23EAE49,0.0034482758620689655,290
13C26D10258053889D75D9B9CA922EC7|7E56C27BFF0305E788DA55A029EC4988|NA|NA|7F1A84AA5F081EFA4B346F84F7EB50C6,0.003395585738539898,589
7F286560861764CCB93C90B7AA833949|7E56C27BFF0305E788DA55A029EC4988|NA|NA|594DED610EC01E6C9A08A1C4507508C3,0.0033783783783783786,296
7F286560861764CCB93C90B7AA833949|7E56C27BFF0305E788DA55A029EC4988|NA|NA|99EE2F29207E4CC2F60F26BF314245FC,0.0033783783783783786,296
7532B3FBAFEC164460C4ED6FEB0C022C|FF2C446555E3822B0E0FC3406116E86D|NA|NA|42ED8BBB3584A40DBE8CF00D3834BDB4,0.0033783783783783786,296
7F286560861764CCB93C90B7AA833949|7E56C27BFF0305E788DA55A029EC4988|NA|NA|911F5887C8DE3481D9DFFDC6A53A6F6B,0.003372681281618887,593
88CED8BA3AA711A20ACF8B1FC574F218|7E56C27BFF0305E788DA55A029EC4988|NA|NA|04A08244085923F5668EE1E0656C27C3,0.0033482142857142855,896
EC997D43AC86A75D9B88A1051F86A67C|7E56C27BFF0305E788DA55A029EC4988|NA|NA|DBF39EF6CCBFBBF8D127AC47A4E72A4F,0.0033444816053511705,299
7532B3FBAFEC164460C4ED6FEB0C022C|7E56C27BFF0305E788DA55A029EC4988|NA|NA|E91EFB4A93AE4887C373BA40C3716A5E,0.0033112582781456954,302
033E492229C2222EFAA16EE8A6462D8B|D7D1FB49049702BF6338894757E0D959|4C90FD52FC53D2C1C205844CB69575AB|C45A9AC6D102ACAEEDF0D6F78636D84A|CF1A0AA020432CC2B24766350BFBED5B,0.0033003300330033004,303
033E492229C2222EFAA16EE8A6462D8B|7E56C27BFF0305E788DA55A029EC4988|4C90FD52FC53D2C1C205844CB69575AB|C45A9AC6D102ACAEEDF0D6F78636D84A|A31994A05155FF89E568C1C31AABA057,0.003278688524590164,305
635623BABBB7DA2E072D8C339F606E15|D7D1FB49049702BF6338894757E0D959|NA|NA|5D2D11514AEF1C72EA9392C4B3DA6F76,0.003275759380583681,3358
635623BABBB7DA2E072D8C339F606E15|7E56C27BFF0305E788DA55A029EC4988|NA|NA|DFB2C104A55F181F6C262EA5D384ABCA,0.0032679738562091504,306
7F286560861764CCB93C90B7AA833949|D7D1FB49049702BF6338894757E0D959|4C90FD52FC53D2C1C205844CB69575AB|A5D15FC386510762EC0DDFF54ABE6F94|013565DA5AFEA994C9284139CA53D6B1,0.0032679738562091504,306
7F286560861764CCB93C90B7AA833949|7E56C27BFF0305E788DA55A029EC4988|4C90FD52FC53D2C1C205844CB69575AB|A5D15FC386510762EC0DDFF54ABE6F94|F9B2CECDF9EEC85B0DC2C095183C1532,0.0032679738562091504,612
E02400CDAD96905D88E932FE9B7D3552|7E56C27BFF0305E788DA55A029EC4988|NA|NA|54B28097CA9E54B83C8838C46DE7E64E,0.003257328990228013,614
E02400CDAD96905D88E932FE9B7D3552|7E56C27BFF0305E788DA55A029EC4988|NA|NA|15D3D2014E9FD65D3090CA1DF1A767D8,0.003246753246753247,308
62D6A49514020FA0B2E434DB0B506005|7E56C27BFF0305E788DA55A029EC4988|4C90FD52FC53D2C1C205844CB69575AB|A5D15FC386510762EC0DDFF54ABE6F94|FB05F67B7E868983840F2DEAA11082B9,0.003215434083601286,311
13C26D10258053889D75D9B9CA922EC7|7E56C27BFF0305E788DA55A029EC4988|NA|NA|B078C735FE89B7210FBC3063EB5CB419,0.003215434083601286,311
5D656311CF9F47E34248BE9FBFF194A0|7E56C27BFF0305E788DA55A029EC4988|NA|NA|00F1FA60A90AA640D0B45DBD3816786D,0.003205128205128205,312
7532B3FBAFEC164460C4ED6FEB0C022C|7E56C27BFF0305E788DA55A029EC4988|NA|NA|C26242F739C8C377615ADA8FFAD390AC,0.003205128205128205,312
7F286560861764CCB93C90B7AA833949|7E56C27BFF0305E788DA55A029EC4988|NA|NA|9611FFC00B2E4BAFEE9FBCBB94430CAE,0.003194888178913738,313
B4B45C6CE5FC4DE45AB02974D8849DBD|7E56C27BFF0305E788DA55A029EC4988|NA|NA|D3DACFAD53FBFC57640CCDB1D1375F36,0.0031645569620253164,316
7F286560861764CCB93C90B7AA833949|FF2C446555E3822B0E0FC3406116E86D|NA|A5D15FC386510762EC0DDFF54ABE6F94|C41188CE58BFE20AB71B1F2A2057D2A1,0.0031545741324921135,317
7532B3FBAFEC164460C4ED6FEB0C022C|7E56C27BFF0305E788DA55A029EC4988|NA|NA|90F615F557D864DA9AF5323BE1D056B4,0.0031545741324921135,317
635623BABBB7DA2E072D8C339F606E15|FF2C446555E3822B0E0FC3406116E86D|NA|NA|5D2D11514AEF1C72EA9392C4B3DA6F76,0.003067484662576687,652
7F286560861764CCB93C90B7AA833949|7E56C27BFF0305E788DA55A029EC4988|88460293E9517D21E39AA889BD5AADC8|A5D15FC386510762EC0DDFF54ABE6F94|635A3EF4F16C9B52F3334F52B864E056,0.003067484662576687,652
7F286560861764CCB93C90B7AA833949|7E56C27BFF0305E788DA55A029EC4988|NA|NA|4E01AA694DE8C0F963182B0F9F3FF08E,0.0030581039755351682,327
5D656311CF9F47E34248BE9FBFF194A0|7E56C27BFF0305E788DA55A029EC4988|NA|NA|58D193F75C9694892F35315D1354C390,0.003048780487804878,328
033E492229C2222EFAA16EE8A6462D8B|D7D1FB49049702BF6338894757E0D959|4C90FD52FC53D2C1C205844CB69575AB|C45A9AC6D102ACAEEDF0D6F78636D84A|045FDDA49C6E4E912985996BC85FD61F,0.003048780487804878,328
7F286560861764CCB93C90B7AA833949|7E56C27BFF0305E788DA55A029EC4988|NA|NA|075C66E077A325117D8902FD61A4CCD2,0.003048780487804878,328
62D6A49514020FA0B2E434DB0B506005|7E56C27BFF0305E788DA55A029EC4988|NA|NA|378381D9108314F976EB41E71D5B0883,0.0030120481927710845,332
5D656311CF9F47E34248BE9FBFF194A0|7E56C27BFF0305E788DA55A029EC4988|NA|NA|568B57AC56B92680E19687D64D17E4F8,0.0030097817908201654,1329
7F286560861764CCB93C90B7AA833949|7E56C27BFF0305E788DA55A029EC4988|4C90FD52FC53D2C1C205844CB69575AB|A5D15FC386510762EC0DDFF54ABE6F94|261B4E03E76EBB3424E1137D9A9B6358,0.003,3000
033E492229C2222EFAA16EE8A6462D8B|7E56C27BFF0305E788DA55A029EC4988|4C90FD52FC53D2C1C205844CB69575AB|C45A9AC6D102ACAEEDF0D6F78636D84A|91281CD3721EE968A472DB2126D70761,0.0029717682020802376,673
7F286560861764CCB93C90B7AA833949|7E56C27BFF0305E788DA55A029EC4988|4C90FD52FC53D2C1C205844CB69575AB|A5D15FC386510762EC0DDFF54ABE6F94|234D868EB360F83CD0AF8711655E68CC,0.002967359050445104,2022
B4B45C6CE5FC4DE45AB02974D8849DBD|7E56C27BFF0305E788DA55A029EC4988|4C90FD52FC53D2C1C205844CB69575AB|A5D15FC386510762EC0DDFF54ABE6F94|E942D9B0DD3113BFA54D5914A06F7E90,0.002967359050445104,337
5D656311CF9F47E34248BE9FBFF194A0|7E56C27BFF0305E788DA55A029EC4988|NA|NA|8DC4B3973B6B6AF48F0437DBA1D5BE76,0.0029585798816568047,338
7532B3FBAFEC164460C4ED6FEB0C022C|7E56C27BFF0305E788DA55A029EC4988|NA|NA|42ED8BBB3584A40DBE8CF00D3834BDB4,0.0029450261780104713,3056
7532B3FBAFEC164460C4ED6FEB0C022C|7E56C27BFF0305E788DA55A029EC4988|NA|A5D15FC386510762EC0DDFF54ABE6F94|B1E73C5DE52CBE9EAA52610B3B8A1650,0.002932551319648094,341
62D6A49514020FA0B2E434DB0B506005|7E56C27BFF0305E788DA55A029EC4988|NA|NA|59350CAD3092EDC3B527EEC846DB9DC6,0.0029239766081871343,342
944B2A351FEFAC79AEAA9DA57E1B351F|7E56C27BFF0305E788DA55A029EC4988|NA|NA|A987F9DC58E3AE01AAFE54418AC24F55,0.0029239766081871343,342
5D656311CF9F47E34248BE9FBFF194A0|7E56C27BFF0305E788DA55A029EC4988|NA|NA|822FCBE1401B8BA2C61C459665BDDB72,0.002890173410404624,346
B4B45C6CE5FC4DE45AB02974D8849DBD|7E56C27BFF0305E788DA55A029EC4988|88460293E9517D21E39AA889BD5AADC8|A5D15FC386510762EC0DDFF54ABE6F94|762CE60A368D3A96A67E01CBCAE7B8BA,0.0028653295128939827,349
62D6A49514020FA0B2E434DB0B506005|7E56C27BFF0305E788DA55A029EC4988|NA|NA|2252DEE5505A3FF204FAD0C019891C99,0.002849002849002849,351
7F286560861764CCB93C90B7AA833949|7E56C27BFF0305E788DA55A029EC4988|NA|NA|B899035A23B2A3C703A4B8A27A866496,0.0027901785714285715,1792
7532B3FBAFEC164460C4ED6FEB0C022C|7E56C27BFF0305E788DA55A029EC4988|NA|NA|EF2525364AF91FA75CB57D9261C87814,0.002777777777777778,360
7F286560861764CCB93C90B7AA833949|7E56C27BFF0305E788DA55A029EC4988|NA|NA|9EA1BDC719FEF2D609EF9018F245D62A,0.0027637782474394406,6151
033E492229C2222EFAA16EE8A6462D8B|7E56C27BFF0305E788DA55A029EC4988|4C90FD52FC53D2C1C205844CB69575AB|C45A9AC6D102ACAEEDF0D6F78636D84A|2C621B35307A7CF6ECF288390D5247DD,0.002728512960436562,733
B4B45C6CE5FC4DE45AB02974D8849DBD|7E56C27BFF0305E788DA55A029EC4988|4C90FD52FC53D2C1C205844CB69575AB|A5D15FC386510762EC0DDFF54ABE6F94|313FA7FD5DB8F247BE916FDF8081F365,0.0027247956403269754,367
7F286560861764CCB93C90B7AA833949|7E56C27BFF0305E788DA55A029EC4988|NA|NA|7B564C5547F6AB11748D370DF97D7D21,0.0027100271002710027,369
033E492229C2222EFAA16EE8A6462D8B|7E56C27BFF0305E788DA55A029EC4988|921B36149E5B081FD24450BFE2CE4430|A5D15FC386510762EC0DDFF54ABE6F94|6A1F1F344D0A4A99940699B11365E7E8,0.002702702702702703,1110
5D656311CF9F47E34248BE9FBFF194A0|7E56C27BFF0305E788DA55A029EC4988|NA|NA|9CE97E85F5E545A3A341C7CF3DFA4746,0.0026954177897574125,371
033E492229C2222EFAA16EE8A6462D8B|7E56C27BFF0305E788DA55A029EC4988|4C90FD52FC53D2C1C205844CB69575AB|C45A9AC6D102ACAEEDF0D6F78636D84A|ED6506299C478A6BF32320CC1C6E82C2,0.0026666666666666666,375
5D656311CF9F47E34248BE9FBFF194A0|7E56C27BFF0305E788DA55A029EC4988|4C90FD52FC53D2C1C205844CB69575AB|C45A9AC6D102ACAEEDF0D6F78636D84A|635A3EF4F16C9B52F3334F52B864E056,0.0026595744680851063,376
111C91D6B0D89C84BF196FED8DBE7BBB|7E56C27BFF0305E788DA55A029EC4988|NA|NA|8F8490C45E69AA1F9E1F65AE04B97CC0,0.0026455026455026454,4158
B4B45C6CE5FC4DE45AB02974D8849DBD|7E56C27BFF0305E788DA55A029EC4988|NA|NA|7751E7E17F02159D12302F5D1F69B2F7,0.002607561929595828,767
62D6A49514020FA0B2E434DB0B506005|7E56C27BFF0305E788DA55A029EC4988|NA|NA|35F032F0875C9B0A775691FDE2C58A52,0.002570694087403599,389
88CED8BA3AA711A20ACF8B1FC574F218|7E56C27BFF0305E788DA55A029EC4988|NA|NA|8E32F0A591CA647640A4DB46F0E3E8C2,0.002564102564102564,390
62D6A49514020FA0B2E434DB0B506005|7E56C27BFF0305E788DA55A029EC4988|4C90FD52FC53D2C1C205844CB69575AB|A5D15FC386510762EC0DDFF54ABE6F94|79A102275FB44F8BFBEA45E190947514,0.0025575447570332483,782
7532B3FBAFEC164460C4ED6FEB0C022C|7E56C27BFF0305E788DA55A029EC4988|NA|NA|C68A48088FBD090B49F9D54654EAC1DE,0.002551020408163265,392
62D6A49514020FA0B2E434DB0B506005|7E56C27BFF0305E788DA55A029EC4988|4C90FD52FC53D2C1C205844CB69575AB|A5D15FC386510762EC0DDFF54ABE6F94|5CB96F171B586A7CC3974C32755AEF36,0.0025284450063211127,1582
7532B3FBAFEC164460C4ED6FEB0C022C|7E56C27BFF0305E788DA55A029EC4988|4C90FD52FC53D2C1C205844CB69575AB|A5D15FC386510762EC0DDFF54ABE6F94|AAB3B523C26F0DFD22D8F900B8BDE283,0.0025184687709872396,5956
7F286560861764CCB93C90B7AA833949|D7D1FB49049702BF6338894757E0D959|4C90FD52FC53D2C1C205844CB69575AB|C45A9AC6D102ACAEEDF0D6F78636D84A|7E09FF15D90A88220CF103B74DC8E8F5,0.0024630541871921183,406
7F286560861764CCB93C90B7AA833949|7E56C27BFF0305E788DA55A029EC4988|4C90FD52FC53D2C1C205844CB69575AB|A5D15FC386510762EC0DDFF54ABE6F94|A7910C21F102460C1AB34D23D69FBBAD,0.0024154589371980675,414
DDC2B3CC38945E431DE1B3F59EC56680|7E56C27BFF0305E788DA55A029EC4988|4C90FD52FC53D2C1C205844CB69575AB|A5D15FC386510762EC0DDFF54ABE6F94|8D19B59BEA06777A4E3BE0146A561612,0.002398081534772182,417
7F286560861764CCB93C90B7AA833949|7E56C27BFF0305E788DA55A029EC4988|4C90FD52FC53D2C1C205844CB69575AB|A5D15FC386510762EC0DDFF54ABE6F94|5E3033A8F7A96FEE5D00CFF16492D427,0.0023584905660377358,424
635623BABBB7DA2E072D8C339F606E15|7E56C27BFF0305E788DA55A029EC4988|4C90FD52FC53D2C1C205844CB69575AB|A5D15FC386510762EC0DDFF54ABE6F94|41417B1A2B2BCD8B234EC61B886FADCF,0.002328288707799767,859
EC997D43AC86A75D9B88A1051F86A67C|7E56C27BFF0305E788DA55A029EC4988|NA|NA|08DB00AC287FC6F1B8810D90E15F7FB7,0.00231839258114374,2588
033E492229C2222EFAA16EE8A6462D8B|7E56C27BFF0305E788DA55A029EC4988|4C90FD52FC53D2C1C205844CB69575AB|C45A9AC6D102ACAEEDF0D6F78636D84A|045FDDA49C6E4E912985996BC85FD61F,0.0023148148148148147,864
EC997D43AC86A75D9B88A1051F86A67C|7E56C27BFF0305E788DA55A029EC4988|4C90FD52FC53D2C1C205844CB69575AB|A5D15FC386510762EC0DDFF54ABE6F94|171E350F0B2F295F40611CB130068E9A,0.0023094688221709007,433
E02400CDAD96905D88E932FE9B7D3552|7E56C27BFF0305E788DA55A029EC4988|NA|NA|2182927FA422DF525CDB1B85B904DE04,0.002306805074971165,867
5D656311CF9F47E34248BE9FBFF194A0|7E56C27BFF0305E788DA55A029EC4988|NA|NA|6517A30F6EE1B9C3E44223ABF1DC2883,0.0022935779816513763,436
033E492229C2222EFAA16EE8A6462D8B|7E56C27BFF0305E788DA55A029EC4988|4C90FD52FC53D2C1C205844CB69575AB|A5D15FC386510762EC0DDFF54ABE6F94|003A8B066A910616B22E05C9504A74B4,0.002288329519450801,437
033E492229C2222EFAA16EE8A6462D8B|D7D1FB49049702BF6338894757E0D959|4C90FD52FC53D2C1C205844CB69575AB|1B491180398E2F0390E6A588B3BCE291|68FFF89DD619D1E0C41EB058AAA7CABE,0.00228310502283105,438
88CED8BA3AA711A20ACF8B1FC574F218|7E56C27BFF0305E788DA55A029EC4988|4C90FD52FC53D2C1C205844CB69575AB|A5D15FC386510762EC0DDFF54ABE6F94|C26242F739C8C377615ADA8FFAD390AC,0.002277904328018223,439
EC997D43AC86A75D9B88A1051F86A67C|7E56C27BFF0305E788DA55A029EC4988|NA|NA|9599DAE696BD9A09DF20B19374DF555A,0.0022643645626945937,3533
7F286560861764CCB93C90B7AA833949|7E56C27BFF0305E788DA55A029EC4988|NA|NA|4E72C4CD48BC8B884E9381B2F213F740,0.0022471910112359553,445
7F286560861764CCB93C90B7AA833949|7E56C27BFF0305E788DA55A029EC4988|NA|NA|2D5616882017257B5A45123F6CA0611F,0.002232142857142857,448
7F286560861764CCB93C90B7AA833949|7E56C27BFF0305E788DA55A029EC4988|NA|NA|AEDB10AA244E676818E82788E2A56781,0.002197802197802198,455
7F286560861764CCB93C90B7AA833949|7E56C27BFF0305E788DA55A029EC4988|4C90FD52FC53D2C1C205844CB69575AB|A5D15FC386510762EC0DDFF54ABE6F94|1C118F4A64C1C247146DF282532C9D13,0.0021691973969631237,461
5D656311CF9F47E34248BE9FBFF194A0|7E56C27BFF0305E788DA55A029EC4988|NA|NA|96A789FC554F35372EED2BD582C83DFE,0.0021413276231263384,467
7F286560861764CCB93C90B7AA833949|7E56C27BFF0305E788DA55A029EC4988|4C90FD52FC53D2C1C205844CB69575AB|A5D15FC386510762EC0DDFF54ABE6F94|0EA006066396E3169C30421CD3359325,0.0021015761821366026,2855
7532B3FBAFEC164460C4ED6FEB0C022C|7E56C27BFF0305E788DA55A029EC4988|NA|NA|B829D19D910765127F11098187639715,0.0020964360587002098,477
7F286560861764CCB93C90B7AA833949|7E56C27BFF0305E788DA55A029EC4988|NA|NA|234616CF0F33924F5F104C3BC3AC6AE9,0.0020833333333333333,480
7F286560861764CCB93C90B7AA833949|7E56C27BFF0305E788DA55A029EC4988|NA|NA|B829D19D910765127F11098187639715,0.002070393374741201,483
7532B3FBAFEC164460C4ED6FEB0C022C|7E56C27BFF0305E788DA55A029EC4988|NA|NA|AC18B87CA77686BF65B51AC8230B1663,0.0020429009193054137,979
5D656311CF9F47E34248BE9FBFF194A0|7E56C27BFF0305E788DA55A029EC4988|NA|NA|EB9508FBB6F62C669DB7D9DC11691BEC,0.0020408163265306124,490
E02400CDAD96905D88E932FE9B7D3552|7E56C27BFF0305E788DA55A029EC4988|NA|NA|13DAD71148F6B0D0EA7B5F0368F2CAC9,0.0020380434782608695,1472
7F286560861764CCB93C90B7AA833949|7E56C27BFF0305E788DA55A029EC4988|NA|NA|1A51A23A93546CCBD581EC2F77ACA1F3,0.0020242914979757085,494
033E492229C2222EFAA16EE8A6462D8B|7E56C27BFF0305E788DA55A029EC4988|4C90FD52FC53D2C1C205844CB69575AB|A5D15FC386510762EC0DDFF54ABE6F94|4335DC14B9A5A90515AB7389AF276D90,0.001996007984031936,501
5D656311CF9F47E34248BE9FBFF194A0|7E56C27BFF0305E788DA55A029EC4988|NA|NA|F5DB6CB062C546C8375FCDAECA8262C9,0.00196078431372549,510
7532B3FBAFEC164460C4ED6FEB0C022C|7E56C27BFF0305E788DA55A029EC4988|NA|NA|007156D4F803F88D5A4ABE35991D86AC,0.0019464720194647203,2055
EC997D43AC86A75D9B88A1051F86A67C|7E56C27BFF0305E788DA55A029EC4988|NA|NA|BFEBEB7F28DD25BC5650BF5C8B0AC3EA,0.0019267822736030828,519
62D6A49514020FA0B2E434DB0B506005|7E56C27BFF0305E788DA55A029EC4988|NA|NA|8BC571E451F65F86A34D7A50A9FD3B97,0.0019193857965451055,1563
13C26D10258053889D75D9B9CA922EC7|7E56C27BFF0305E788DA55A029EC4988|NA|NA|BD78C6EF38BA521BF636C8E50F9C2B5D,0.0018726591760299626,534
7F286560861764CCB93C90B7AA833949|7E56C27BFF0305E788DA55A029EC4988|NA|NA|85F59A391791E96F4BA3F534FDC465F6,0.0018552875695732839,539
7F286560861764CCB93C90B7AA833949|7E56C27BFF0305E788DA55A029EC4988|NA|A5D15FC386510762EC0DDFF54ABE6F94|C41188CE58BFE20AB71B1F2A2057D2A1,0.0018099547511312218,1105
DDC2B3CC38945E431DE1B3F59EC56680|7E56C27BFF0305E788DA55A029EC4988|4C90FD52FC53D2C1C205844CB69575AB|C45A9AC6D102ACAEEDF0D6F78636D84A|635A3EF4F16C9B52F3334F52B864E056,0.0017985611510791368,1112
033E492229C2222EFAA16EE8A6462D8B|D7D1FB49049702BF6338894757E0D959|4C90FD52FC53D2C1C205844CB69575AB|A5D15FC386510762EC0DDFF54ABE6F94|4974EE8EE7C6C3F6CA4DFCC6FB2E9FAD,0.0017857142857142857,560
7F286560861764CCB93C90B7AA833949|D7D1FB49049702BF6338894757E0D959|NA|A5D15FC386510762EC0DDFF54ABE6F94|8631CA74B8B70A7E389FCBD7B2948310,0.0017793594306049821,562
033E492229C2222EFAA16EE8A6462D8B|D7D1FB49049702BF6338894757E0D959|4C90FD52FC53D2C1C205844CB69575AB|A5D15FC386510762EC0DDFF54ABE6F94|EAADC8D1816B71B6E66E2E89F65968BB,0.0017605633802816902,568
7532B3FBAFEC164460C4ED6FEB0C022C|7E56C27BFF0305E788DA55A029EC4988|NA|NA|E3909FEF85D2406CDDA6D37D3180895F,0.001736111111111111,576
9D307E5B713DE5E90D787BE9F802AFBB|D7D1FB49049702BF6338894757E0D959|4C90FD52FC53D2C1C205844CB69575AB|C45A9AC6D102ACAEEDF0D6F78636D84A|6216E5349E80A11B0CF04CA528F65280,0.0016286644951140066,614
13C26D10258053889D75D9B9CA922EC7|7E56C27BFF0305E788DA55A029EC4988|NA|NA|6DDAD061CAF97E739B6C76D65C7DF79B,0.001584786053882726,631
7532B3FBAFEC164460C4ED6FEB0C022C|7E56C27BFF0305E788DA55A029EC4988|NA|NA|70D10C3AD2D381ABB97BEDFFAE468AF2,0.0015503875968992248,645
13C26D10258053889D75D9B9CA922EC7|7E56C27BFF0305E788DA55A029EC4988|NA|NA|C0BF8CD82DECA7220057E528F3B99640,0.0014144271570014145,707
033E492229C2222EFAA16EE8A6462D8B|7E56C27BFF0305E788DA55A029EC4988|4C90FD52FC53D2C1C205844CB69575AB|C45A9AC6D102ACAEEDF0D6F78636D84A|003A8B066A910616B22E05C9504A74B4,0.0013315579227696406,751
7532B3FBAFEC164460C4ED6FEB0C022C|7E56C27BFF0305E788DA55A029EC4988|NA|NA|5513879F505415FFFE5EA0B65A1BFD7B,0.0013083296990841692,2293
033E492229C2222EFAA16EE8A6462D8B|7E56C27BFF0305E788DA55A029EC4988|4C90FD52FC53D2C1C205844CB69575AB|A5D15FC386510762EC0DDFF54ABE6F94|BDFF836E18B0B61A7370F3B38C705C58,0.0012804097311139564,2343
7F286560861764CCB93C90B7AA833949|7E56C27BFF0305E788DA55A029EC4988|NA|NA|1C45D208B0FA94780A784C1308F60E02,0.0012437810945273632,804
7F286560861764CCB93C90B7AA833949|7E56C27BFF0305E788DA55A029EC4988|4C90FD52FC53D2C1C205844CB69575AB|A5D15FC386510762EC0DDFF54ABE6F94|89BC8FAD122C7329042204C6AD881B7F,0.0012121212121212121,825
13C26D10258053889D75D9B9CA922EC7|7E56C27BFF0305E788DA55A029EC4988|NA|NA|FCBE207277071120A47EC3B737ABCFF9,0.0011792452830188679,848
88CED8BA3AA711A20ACF8B1FC574F218|7E56C27BFF0305E788DA55A029EC4988|NA|NA|9BCBC151BB4260686CFD31231B339A97,0.001152073732718894,868
7532B3FBAFEC164460C4ED6FEB0C022C|7E56C27BFF0305E788DA55A029EC4988|NA|NA|F9129A56FB5D3F2279E0D4E9C6EBE85D,0.001142857142857143,875
EC997D43AC86A75D9B88A1051F86A67C|7E56C27BFF0305E788DA55A029EC4988|4C90FD52FC53D2C1C205844CB69575AB|A5D15FC386510762EC0DDFF54ABE6F94|1253E5CD7F08786F6FF52826F4930E93,0.0011135857461024498,898
E02400CDAD96905D88E932FE9B7D3552|7E56C27BFF0305E788DA55A029EC4988|NA|NA|629B1F253806E61514063ACC9717E19A,0.0010309278350515464,970
62D6A49514020FA0B2E434DB0B506005|7E56C27BFF0305E788DA55A029EC4988|NA|NA|899A34C980AD9C044C53AB1E498FCE8E,0.000980392156862745,1020
62D6A49514020FA0B2E434DB0B506005|7E56C27BFF0305E788DA55A029EC4988|NA|NA|7D92800B6A6B4AC753C0CA25FBA58FE1,0.0007961783439490446,1256
9D307E5B713DE5E90D787BE9F802AFBB|7E56C27BFF0305E788DA55A029EC4988|4C90FD52FC53D2C1C205844CB69575AB|A5D15FC386510762EC0DDFF54ABE6F94|BDFF836E18B0B61A7370F3B38C705C58,0.0007613247049866769,2627
635623BABBB7DA2E072D8C339F606E15|7E56C27BFF0305E788DA55A029EC4988|NA|NA|5D2D11514AEF1C72EA9392C4B3DA6F76,0.0005837370848169984,17131
7F286560861764CCB93C90B7AA833949|7E56C27BFF0305E788DA55A029EC4988|NA|NA|396585480FEA11F58BB5A31C08279FB5,0.0004921259842519685,2032
7F286560861764CCB93C90B7AA833949|7E56C27BFF0305E788DA55A029EC4988|NA|NA|4E10ECC4CFAF02A6062EE74CBF0823B9,0.00038284839203675346,2612
033E492229C2222EFAA16EE8A6462D8B|D7D1FB49049702BF6338894757E0D959|4C90FD52FC53D2C1C205844CB69575AB|A5D15FC386510762EC0DDFF54ABE6F94|601FD670F7913E4F70B1A6C515530540,0.00034376074252320387,2909
5D656311CF9F47E34248BE9FBFF194A0|7E56C27BFF0305E788DA55A029EC4988|NA|NA|BBDDA7D37B200E73A245CF3362FB1A8F,0.0,306
7F286560861764CCB93C90B7AA833949|7E56C27BFF0305E788DA55A029EC4988|4C90FD52FC53D2C1C205844CB69575AB|C45A9AC6D102ACAEEDF0D6F78636D84A|78A2C62B3C68FD9B59603A45C1B1B7BF,0.0,235
88CED8BA3AA711A20ACF8B1FC574F218|D7D1FB49049702BF6338894757E0D959|NA|NA|51E4F457B49C6A0A2F7508252DFA68BD,0.0,212
7F286560861764CCB93C90B7AA833949|7E56C27BFF0305E788DA55A029EC4988|4C90FD52FC53D2C1C205844CB69575AB|A5D15FC386510762EC0DDFF54ABE6F94|A3D85378054C8E356214256BD8C32383,0.0,217
5D656311CF9F47E34248BE9FBFF194A0|7E56C27BFF0305E788DA55A029EC4988|NA|NA|489BEF3729D6FEAB543B9099F2254FC1,0.0,221
7F286560861764CCB93C90B7AA833949|7E56C27BFF0305E788DA55A029EC4988|4C90FD52FC53D2C1C205844CB69575AB|C45A9AC6D102ACAEEDF0D6F78636D84A|7E09FF15D90A88220CF103B74DC8E8F5,0.0,1247
5D656311CF9F47E34248BE9FBFF194A0|7E56C27BFF0305E788DA55A029EC4988|NA|NA|46D9F8C5D8A91E2F89A6690EE5A29A47,0.0,334
EC997D43AC86A75D9B88A1051F86A67C|D7D1FB49049702BF6338894757E0D959|NA|A5D15FC386510762EC0DDFF54ABE6F94|AE14AD4556C9DA677DD9635D93D9C0D7,0.0,921
7F286560861764CCB93C90B7AA833949|7E56C27BFF0305E788DA55A029EC4988|4C90FD52FC53D2C1C205844CB69575AB|C45A9AC6D102ACAEEDF0D6F78636D84A|A9AB3883C8D660CBCCC13869F3E06DC4,0.0,201
88CED8BA3AA711A20ACF8B1FC574F218|7E56C27BFF0305E788DA55A029EC4988|NA|NA|FB1860BFC0C0E440F090A44ADDD972AA,0.0,205
5D656311CF9F47E34248BE9FBFF194A0|7E56C27BFF0305E788DA55A029EC4988|NA|NA|19878836B1E2EF59DE57E4D2263F0004,0.0,207
5D656311CF9F47E34248BE9FBFF194A0|7E56C27BFF0305E788DA55A029EC4988|NA|NA|682A4D978776E77C70F7E0C8FC36DCEF,0.0,237
5D656311CF9F47E34248BE9FBFF194A0|7E56C27BFF0305E788DA55A029EC4988|NA|NA|686053EAA929463A3A07F3421C6C41AA,0.0,449
88CED8BA3AA711A20ACF8B1FC574F218|D7D1FB49049702BF6338894757E0D959|4C90FD52FC53D2C1C205844CB69575AB|A5D15FC386510762EC0DDFF54ABE6F94|C26242F739C8C377615ADA8FFAD390AC,0.0,453
5D656311CF9F47E34248BE9FBFF194A0|7E56C27BFF0305E788DA55A029EC4988|NA|NA|6F821305057659BC7298099ABF8005B6,0.0,1038
033E492229C2222EFAA16EE8A6462D8B|7E56C27BFF0305E788DA55A029EC4988|538912C31E773613AB51FBAE58492476|D7B42B0C4D807EF1C13F79948743E9DA|684EF02CC1DF5D63BBEB96C511DFD384,0.0,201
5D656311CF9F47E34248BE9FBFF194A0|7E56C27BFF0305E788DA55A029EC4988|NA|NA|764FD6FCEEFF02C816F0201544C60473,0.0,332
7F286560861764CCB93C90B7AA833949|7E56C27BFF0305E788DA55A029EC4988|4C90FD52FC53D2C1C205844CB69575AB|A5D15FC386510762EC0DDFF54ABE6F94|7DF21487D3DE8842C97D1333B0524E4A,0.0,326
DDC2B3CC38945E431DE1B3F59EC56680|7E56C27BFF0305E788DA55A029EC4988|4C90FD52FC53D2C1C205844CB69575AB|A5D15FC386510762EC0DDFF54ABE6F94|CEF9E571C57FAD756C9D03943A27877E,0.0,201
5D656311CF9F47E34248BE9FBFF194A0|7E56C27BFF0305E788DA55A029EC4988|NA|NA|8E2318065863732C6AA282F58DFC87E3,0.0,272
5D656311CF9F47E34248BE9FBFF194A0|7E56C27BFF0305E788DA55A029EC4988|NA|NA|9493C9D5626D39EB2853513659539E3F,0.0,443
88CED8BA3AA711A20ACF8B1FC574F218|D7D1FB49049702BF6338894757E0D959|NA|A5D15FC386510762EC0DDFF54ABE6F94|F0CD50F4AF3C321BAEEB6769F741F939,0.0,631
7F286560861764CCB93C90B7AA833949|7E56C27BFF0305E788DA55A029EC4988|4C90FD52FC53D2C1C205844CB69575AB|A5D15FC386510762EC0DDFF54ABE6F94|E299D0AA64618BA9551904DB776109D5,0.0,212
7F286560861764CCB93C90B7AA833949|7E56C27BFF0305E788DA55A029EC4988|4C90FD52FC53D2C1C205844CB69575AB|A5D15FC386510762EC0DDFF54ABE6F94|EB7D8EC67E6DC4E44FB8B748A1FC4152,0.0,265
88CED8BA3AA711A20ACF8B1FC574F218|D7D1FB49049702BF6338894757E0D959|NA|A5D15FC386510762EC0DDFF54ABE6F94|EC44FD91E22BD3401670D1FE88341AE1,0.0,444
033E492229C2222EFAA16EE8A6462D8B|7E56C27BFF0305E788DA55A029EC4988|4C90FD52FC53D2C1C205844CB69575AB|C45A9AC6D102ACAEEDF0D6F78636D84A|EAB3A1A0B5AF53623178BDC9C12818FE,0.0,206
033E492229C2222EFAA16EE8A6462D8B|7E56C27BFF0305E788DA55A029EC4988|4C90FD52FC53D2C1C205844CB69575AB|C45A9AC6D102ACAEEDF0D6F78636D84A|CF1A0AA020432CC2B24766350BFBED5B,0.0,508
7532B3FBAFEC164460C4ED6FEB0C022C|7E56C27BFF0305E788DA55A029EC4988|NA|NA|5A3A8C42F94A44C355B403084267211E,0.0,360
7F286560861764CCB93C90B7AA833949|7E56C27BFF0305E788DA55A029EC4988|4C90FD52FC53D2C1C205844CB69575AB|A5D15FC386510762EC0DDFF54ABE6F94|CF986C6A46E97A3EFC3F894081DF4B42,0.0,316
9D307E5B713DE5E90D787BE9F802AFBB|7E56C27BFF0305E788DA55A029EC4988|4C90FD52FC53D2C1C205844CB69575AB|A5D15FC386510762EC0DDFF54ABE6F94|003A8B066A910616B22E05C9504A74B4,0.0,434
13C26D10258053889D75D9B9CA922EC7|D7D1FB49049702BF6338894757E0D959|NA|NA|C64F97B25027983BBB3994F29C37AFD3,0.0,227
B4B45C6CE5FC4DE45AB02974D8849DBD|7E56C27BFF0305E788DA55A029EC4988|88460293E9517D21E39AA889BD5AADC8|A5D15FC386510762EC0DDFF54ABE6F94|16E672D03D7D47BFCF8F3C5439948D9F,0.0,200
7F286560861764CCB93C90B7AA833949|7E56C27BFF0305E788DA55A029EC4988|4C90FD52FC53D2C1C205844CB69575AB|A5D15FC386510762EC0DDFF54ABE6F94|109C9EFB9C0B130E922078B1FF68FB08,0.0,284
033E492229C2222EFAA16EE8A6462D8B|D7D1FB49049702BF6338894757E0D959|4C90FD52FC53D2C1C205844CB69575AB|A5D15FC386510762EC0DDFF54ABE6F94|EFD69217F6597494416C0F83F7B0AC90,0.0,307
7532B3FBAFEC164460C4ED6FEB0C022C|7E56C27BFF0305E788DA55A029EC4988|NA|NA|E0ADBA39593703F81D64A47FDC03B14D,0.0,345
033E492229C2222EFAA16EE8A6462D8B|D7D1FB49049702BF6338894757E0D959|4C90FD52FC53D2C1C205844CB69575AB|C45A9AC6D102ACAEEDF0D6F78636D84A|07508A753CA60A33280BE61FB127B09E,0.0,216
13C26D10258053889D75D9B9CA922EC7|7E56C27BFF0305E788DA55A029EC4988|NA|NA|8CA37795F28AB0E266E4425BA05AD189,0.0,457
DDC2B3CC38945E431DE1B3F59EC56680|7E56C27BFF0305E788DA55A029EC4988|NA|NA|8F8490C45E69AA1F9E1F65AE04B97CC0,0.0,722
DDC2B3CC38945E431DE1B3F59EC56680|D7D1FB49049702BF6338894757E0D959|NA|NA|8F8490C45E69AA1F9E1F65AE04B97CC0,0.0,249
7F286560861764CCB93C90B7AA833949|7E56C27BFF0305E788DA55A029EC4988|4C90FD52FC53D2C1C205844CB69575AB|A5D15FC386510762EC0DDFF54ABE6F94|77B64A5153570F497EF1783A68FA981A,0.0,1088
033E492229C2222EFAA16EE8A6462D8B|D7D1FB49049702BF6338894757E0D959|4C90FD52FC53D2C1C205844CB69575AB|C45A9AC6D102ACAEEDF0D6F78636D84A|601FD670F7913E4F70B1A6C515530540,0.0,337
13C26D10258053889D75D9B9CA922EC7|7E56C27BFF0305E788DA55A029EC4988|NA|NA|6EDFA4FD34AB073312D01C3211889CD2,0.0,635
13C26D10258053889D75D9B9CA922EC7|7E56C27BFF0305E788DA55A029EC4988|4C90FD52FC53D2C1C205844CB69575AB|C45A9AC6D102ACAEEDF0D6F78636D84A|160545AFA042752EEA35E0D4A6CF0894,0.0,245
B4B45C6CE5FC4DE45AB02974D8849DBD|7E56C27BFF0305E788DA55A029EC4988|NA|NA|4E88A32E3921A8F324097787CC091C9E,0.0,293
13C26D10258053889D75D9B9CA922EC7|7E56C27BFF0305E788DA55A029EC4988|NA|NA|40C6843F9D04953AD64BDD93D2115D54,0.0,287
B4B45C6CE5FC4DE45AB02974D8849DBD|7E56C27BFF0305E788DA55A029EC4988|NA|NA|9EC2A2D04FD2A2DE5B08C78EABBDD5C8,0.0,256
7532B3FBAFEC164460C4ED6FEB0C022C|7E56C27BFF0305E788DA55A029EC4988|NA|NA|DD401846A3FD6660BB11177DE6D7D2A5,0.0,290
111C91D6B0D89C84BF196FED8DBE7BBB|7E56C27BFF0305E788DA55A029EC4988|NA|NA|AB9C444A2F4613F3B2215C8BE3ABB170,0.0,300
B4B45C6CE5FC4DE45AB02974D8849DBD|7E56C27BFF0305E788DA55A029EC4988|4C90FD52FC53D2C1C205844CB69575AB|A5D15FC386510762EC0DDFF54ABE6F94|380BF84A84B4EAF676BD1932160E87A0,0.0,399
033E492229C2222EFAA16EE8A6462D8B|D7D1FB49049702BF6338894757E0D959|4C90FD52FC53D2C1C205844CB69575AB|A5D15FC386510762EC0DDFF54ABE6F94|D2181ABC8E6048B6E0A60CB43D84F9C2,0.0,973
NA|0C297EB7365042A7DCB803298164359F|NA|NA|NA,0.0,805
9D307E5B713DE5E90D787BE9F802AFBB|D7D1FB49049702BF6338894757E0D959|NA|A5D15FC386510762EC0DDFF54ABE6F94|7882D14961B66AD5E0F79DCA354D359D,0.0,253
9D307E5B713DE5E90D787BE9F802AFBB|D7D1FB49049702BF6338894757E0D959|NA|A5D15FC386510762EC0DDFF54ABE6F94|386782EC28CD8E24C213BAA3C5045725,0.0,272
7532B3FBAFEC164460C4ED6FEB0C022C|7E56C27BFF0305E788DA55A029EC4988|NA|NA|D50347F7B9CF20A77F972B670DD2E8E8,0.0,517
E02400CDAD96905D88E932FE9B7D3552|7E56C27BFF0305E788DA55A029EC4988|4C90FD52FC53D2C1C205844CB69575AB|A5D15FC386510762EC0DDFF54ABE6F94|DF3E65D49D402297ACBA429063E4CB4C,0.0,306
7532B3FBAFEC164460C4ED6FEB0C022C|7E56C27BFF0305E788DA55A029EC4988|NA|NA|C90FD99E0619F69384FC05F7AE56B03D,0.0,238
111C91D6B0D89C84BF196FED8DBE7BBB|7E56C27BFF0305E788DA55A029EC4988|4C90FD52FC53D2C1C205844CB69575AB|C45A9AC6D102ACAEEDF0D6F78636D84A|9C2186126B52237CE2A5935505A06A98,0.0,305
13C26D10258053889D75D9B9CA922EC7|7E56C27BFF0305E788DA55A029EC4988|NA|NA|B66C7BBCB02E5BD1821046D000B91E9F,0.0,213
DDC2B3CC38945E431DE1B3F59EC56680|7E56C27BFF0305E788DA55A029EC4988|4C90FD52FC53D2C1C205844CB69575AB|A5D15FC386510762EC0DDFF54ABE6F94|9E0590F8976F03B4271DA9B84C32E962,0.0,213
5D656311CF9F47E34248BE9FBFF194A0|7E56C27BFF0305E788DA55A029EC4988|NA|NA|C6D09E429803847B1D705B0A0464CA52,0.0,614
033E492229C2222EFAA16EE8A6462D8B|D7D1FB49049702BF6338894757E0D959|921B36149E5B081FD24450BFE2CE4430|A5D15FC386510762EC0DDFF54ABE6F94|6A1F1F344D0A4A99940699B11365E7E8,0.0,203
7532B3FBAFEC164460C4ED6FEB0C022C|7E56C27BFF0305E788DA55A029EC4988|NA|NA|B85DDC2DE94A512AD4D7DFD5C53363EB,0.0,229
13C26D10258053889D75D9B9CA922EC7|7E56C27BFF0305E788DA55A029EC4988|NA|NA|18D364D8E932F5FF746691EF05994923,0.0,269
E02400CDAD96905D88E932FE9B7D3552|7E56C27BFF0305E788DA55A029EC4988|88460293E9517D21E39AA889BD5AADC8|A5D15FC386510762EC0DDFF54ABE6F94|BF65436E0A3E595F39CF39022CA4FF87,0.0,201
EC997D43AC86A75D9B88A1051F86A67C|7E56C27BFF0305E788DA55A029EC4988|NA|NA|0F3AB8E31ECC7B29C19942742A16E9AB,0.0,208
88CED8BA3AA711A20ACF8B1FC574F218|7E56C27BFF0305E788DA55A029EC4988|NA|NA|E6F3E286DC5AC43B5DA3DB25A3A115DA,0.0,260
7F286560861764CCB93C90B7AA833949|7E56C27BFF0305E788DA55A029EC4988|NA|NA|5A3A8C42F94A44C355B403084267211E,0.0,373
7F286560861764CCB93C90B7AA833949|D7D1FB49049702BF6338894757E0D959|4C90FD52FC53D2C1C205844CB69575AB|A5D15FC386510762EC0DDFF54ABE6F94|DEC85E4358B916843456924036C83511,0.0,795
EC997D43AC86A75D9B88A1051F86A67C|7E56C27BFF0305E788DA55A029EC4988|NA|NA|8536C4E4D376271A75C998836BCCC388,0.0,200
7F286560861764CCB93C90B7AA833949|7E56C27BFF0305E788DA55A029EC4988|NA|NA|6320D750312FBF5C7565AA9CC15EA403,0.0,249
635623BABBB7DA2E072D8C339F606E15|7E56C27BFF0305E788DA55A029EC4988|NA|NA|3CCC4817A467A15427443C98F4878573,0.0,212
635623BABBB7DA2E072D8C339F606E15|7E56C27BFF0305E788DA55A029EC4988|NA|NA|20F9D8575B34E3283FC86BB8165FEC66,0.0,232
7F286560861764CCB93C90B7AA833949|D7D1FB49049702BF6338894757E0D959|NA|A5D15FC386510762EC0DDFF54ABE6F94|7CE86E1EA95141D88E21BB6A1AC3A41B,0.0,1385
7F286560861764CCB93C90B7AA833949|D7D1FB49049702BF6338894757E0D959|NA|A5D15FC386510762EC0DDFF54ABE6F94|80B6EC225C997CD82ED7B2B53578E853,0.0,636
7F286560861764CCB93C90B7AA833949|D7D1FB49049702BF6338894757E0D959|NA|A5D15FC386510762EC0DDFF54ABE6F94|9CF40B11AF227BC6A5F4892A2A7F8356,0.0,445
EC997D43AC86A75D9B88A1051F86A67C|7E56C27BFF0305E788DA55A029EC4988|NA|NA|7600242FBA3B32F393EB01607BBE0333,0.0,335
033E492229C2222EFAA16EE8A6462D8B|7E56C27BFF0305E788DA55A029EC4988|4C90FD52FC53D2C1C205844CB69575AB|A5D15FC386510762EC0DDFF54ABE6F94|2F70794FA84640F808ACAA15708FA300,0.0,229
635623BABBB7DA2E072D8C339F606E15|7E56C27BFF0305E788DA55A029EC4988|4C90FD52FC53D2C1C205844CB69575AB|A5D15FC386510762EC0DDFF54ABE6F94|AAB3B523C26F0DFD22D8F900B8BDE283,0.0,320
635623BABBB7DA2E072D8C339F606E15|7E56C27BFF0305E788DA55A029EC4988|4C90FD52FC53D2C1C205844CB69575AB|A5D15FC386510762EC0DDFF54ABE6F94|23CD9CB3EFD5DAE7E6FD38407A952DBD,0.0,202
62D6A49514020FA0B2E434DB0B506005|D7D1FB49049702BF6338894757E0D959|NA|NA|AFF0D2C37C3EE592B873E293C132F214,0.0,258
62D6A49514020FA0B2E434DB0B506005|D7D1FB49049702BF6338894757E0D959|NA|NA|71A148BB030303CBDDCC36D4FC3EBF64,0.0,262
7F286560861764CCB93C90B7AA833949|7E56C27BFF0305E788DA55A029EC4988|NA|NA|4D9D2A56465C5B9F1B4632FE17D68C24,0.0,262
62D6A49514020FA0B2E434DB0B506005|7E56C27BFF0305E788DA55A029EC4988|NA|NA|F4F3BAA8574A5CCF35840EF27F2FFA5C,0.0,207
EC997D43AC86A75D9B88A1051F86A67C|7E56C27BFF0305E788DA55A029EC4988|NA|NA|7751E7E17F02159D12302F5D1F69B2F7,0.0,231
7F286560861764CCB93C90B7AA833949|D7D1FB49049702BF6338894757E0D959|4C90FD52FC53D2C1C205844CB69575AB|A5D15FC386510762EC0DDFF54ABE6F94|C19BA0B23E1DB5B8C634AB825610DBBB,0.0,992
5D656311CF9F47E34248BE9FBFF194A0|7E56C27BFF0305E788DA55A029EC4988|NA|NA|D5ABE003C161C535A05EADD0014E0EDB,0.0,419
7F286560861764CCB93C90B7AA833949|7E56C27BFF0305E788DA55A029EC4988|NA|NA|D388A61A00933FE7071C7FC113A183D4,0.0,218
7F286560861764CCB93C90B7AA833949|7E56C27BFF0305E788DA55A029EC4988|NA|NA|A5D9115755DBBD30C54893ED4E032402,0.0,240
7F286560861764CCB93C90B7AA833949|7E56C27BFF0305E788DA55A029EC4988|NA|NA|8F4084494A6CFBCEA09B123660C62946,0.0,319
7F286560861764CCB93C90B7AA833949|7E56C27BFF0305E788DA55A029EC4988|NA|NA|A6AEE15996D3A0017EF62861D5A98DF6,0.0,1067
EC997D43AC86A75D9B88A1051F86A67C|7E56C27BFF0305E788DA55A029EC4988|4C90FD52FC53D2C1C205844CB69575AB|C45A9AC6D102ACAEEDF0D6F78636D84A|AAB3B523C26F0DFD22D8F900B8BDE283,0.0,258
7F286560861764CCB93C90B7AA833949|7E56C27BFF0305E788DA55A029EC4988|NA|NA|8AF03B97AC547AC94D9426D1BF0AE484,0.0,229
7F286560861764CCB93C90B7AA833949|7E56C27BFF0305E788DA55A029EC4988|NA|NA|C9256855836A56920E3F30F25811A300,0.0,316
635623BABBB7DA2E072D8C339F606E15|D7D1FB49049702BF6338894757E0D959|4C90FD52FC53D2C1C205844CB69575AB|A5D15FC386510762EC0DDFF54ABE6F94|23CD9CB3EFD5DAE7E6FD38407A952DBD,0.0,259
7F286560861764CCB93C90B7AA833949|7E56C27BFF0305E788DA55A029EC4988|NA|NA|E0ADBA39593703F81D64A47FDC03B14D,0.0,254
7F286560861764CCB93C90B7AA833949|D7D1FB49049702BF6338894757E0D959|4C90FD52FC53D2C1C205844CB69575AB|A5D15FC386510762EC0DDFF54ABE6F94|7CE86E1EA95141D88E21BB6A1AC3A41B,0.0,729
7F286560861764CCB93C90B7AA833949|7E56C27BFF0305E788DA55A029EC4988|NA|NA|E5AE93A406D6D382DD1C1CDFF23EAE49,0.0,312
7F286560861764CCB93C90B7AA833949|7E56C27BFF0305E788DA55A029EC4988|NA|NA|729FF48D0420463A199F6DB1E358354F,0.0,246
7F286560861764CCB93C90B7AA833949|7E56C27BFF0305E788DA55A029EC4988|NA|NA|EF2525364AF91FA75CB57D9261C87814,0.0,214
EC997D43AC86A75D9B88A1051F86A67C|7E56C27BFF0305E788DA55A029EC4988|4C90FD52FC53D2C1C205844CB69575AB|A5D15FC386510762EC0DDFF54ABE6F94|08B40E111F8E15B27C2CB54D0322F0BE,0.0,238
EC997D43AC86A75D9B88A1051F86A67C|7E56C27BFF0305E788DA55A029EC4988|NA|NA|5BDBEF1AEE49860B36DABF7D1F4795B5,0.0,475
7F286560861764CCB93C90B7AA833949|D7D1FB49049702BF6338894757E0D959|4C90FD52FC53D2C1C205844CB69575AB|A5D15FC386510762EC0DDFF54ABE6F94|34E8020D1F2B0E3769448F14576B4636,0.0,321
7F286560861764CCB93C90B7AA833949|D7D1FB49049702BF6338894757E0D959|4C90FD52FC53D2C1C205844CB69575AB|A5D15FC386510762EC0DDFF54ABE6F94|5D52D33A5DCADE2C272CA4793934AB1B,0.0,572
62D6A49514020FA0B2E434DB0B506005|7E56C27BFF0305E788DA55A029EC4988|NA|NA|EB69EDC2CDE08C0EC0DEDFA808CCD5AE,0.0,253
62D6A49514020FA0B2E434DB0B506005|7E56C27BFF0305E788DA55A029EC4988|NA|NA|EB45012386A3D8F2F1B5C0E20FC8FEE9,0.0,270
62D6A49514020FA0B2E434DB0B506005|7E56C27BFF0305E788DA55A029EC4988|NA|NA|DF4468F711F766571BE2A0A94B173C95,0.0,253
7532B3FBAFEC164460C4ED6FEB0C022C|7E56C27BFF0305E788DA55A029EC4988|NA|NA|0C20620FC6D957BB01D82FC5A521C791,0.0,217
7F286560861764CCB93C90B7AA833949|7E56C27BFF0305E788DA55A029EC4988|NA|NA|01216D45395BAFB33D7B66645DC322DD,0.0,249
E02400CDAD96905D88E932FE9B7D3552|7E56C27BFF0305E788DA55A029EC4988|NA|NA|B4469F9DB224F5E71A7ABCEE7DDF4601,0.0,217
62D6A49514020FA0B2E434DB0B506005|7E56C27BFF0305E788DA55A029EC4988|4C90FD52FC53D2C1C205844CB69575AB|A5D15FC386510762EC0DDFF54ABE6F94|1CF43E94B0421089AE4EF3E598C192FD,0.0,311
62D6A49514020FA0B2E434DB0B506005|7E56C27BFF0305E788DA55A029EC4988|4C90FD52FC53D2C1C205844CB69575AB|A5D15FC386510762EC0DDFF54ABE6F94|148A1360EA95D51A7327F1C38E87BE16,0.0,261
88CED8BA3AA711A20ACF8B1FC574F218|7E56C27BFF0305E788DA55A029EC4988|4C90FD52FC53D2C1C205844CB69575AB|A5D15FC386510762EC0DDFF54ABE6F94|9477CF2F3B577CE4A31B1B5658821F89,0.0,254
88CED8BA3AA711A20ACF8B1FC574F218|7E56C27BFF0305E788DA55A029EC4988|NA|NA|05BB5202A9FD19C921956F3394DF2213,0.0,201
E02400CDAD96905D88E932FE9B7D3552|7E56C27BFF0305E788DA55A029EC4988|NA|NA|7751E7E17F02159D12302F5D1F69B2F7,0.0,775
88CED8BA3AA711A20ACF8B1FC574F218|7E56C27BFF0305E788DA55A029EC4988|NA|NA|418AF7905DE507E240A342FB645D1BBE,0.0,202
7F286560861764CCB93C90B7AA833949|7E56C27BFF0305E788DA55A029EC4988|NA|NA|344DC605C685C093D30F366412C1337F,0.0,209
033E492229C2222EFAA16EE8A6462D8B|7E56C27BFF0305E788DA55A029EC4988|4C90FD52FC53D2C1C205844CB69575AB|C45A9AC6D102ACAEEDF0D6F78636D84A|8E5DC01626AC9BF3B96428C8BF2E7C79,0.0,214
7532B3FBAFEC164460C4ED6FEB0C022C|7E56C27BFF0305E788DA55A029EC4988|NA|NA|22C982B54B12808A7E78876D8D84117B,0.0,649
7532B3FBAFEC164460C4ED6FEB0C022C|7E56C27BFF0305E788DA55A029EC4988|NA|NA|290C31EB56BBB2BF28B7808CA6C13948,0.0,277
E02400CDAD96905D88E932FE9B7D3552|7E56C27BFF0305E788DA55A029EC4988|NA|NA|4EECEDD12A2707DBE3FD456BC3B26F32,0.0,406
EC997D43AC86A75D9B88A1051F86A67C|7E56C27BFF0305E788DA55A029EC4988|NA|A5D15FC386510762EC0DDFF54ABE6F94|CC3826D0D3A1FA162C49E4408E396216,0.0,222
033E492229C2222EFAA16EE8A6462D8B|7E56C27BFF0305E788DA55A029EC4988|4C90FD52FC53D2C1C205844CB69575AB|C45A9AC6D102ACAEEDF0D6F78636D84A|9C2186126B52237CE2A5935505A06A98,0.0,1908
E02400CDAD96905D88E932FE9B7D3552|7E56C27BFF0305E788DA55A029EC4988|NA|NA|0723232B393B1522F9F7BEDFE1C14BF6,0.0,206
62D6A49514020FA0B2E434DB0B506005|7E56C27BFF0305E788DA55A029EC4988|4C90FD52FC53D2C1C205844CB69575AB|A5D15FC386510762EC0DDFF54ABE6F94|2A515AB59C90A9CCB1889A57E9F05FCD,0.0,210
7F286560861764CCB93C90B7AA833949|7E56C27BFF0305E788DA55A029EC4988|NA|NA|04A08244085923F5668EE1E0656C27C3,0.0,418
62D6A49514020FA0B2E434DB0B506005|7E56C27BFF0305E788DA55A029EC4988|4C90FD52FC53D2C1C205844CB69575AB|A5D15FC386510762EC0DDFF54ABE6F94|380BF84A84B4EAF676BD1932160E87A0,0.0,214
E02400CDAD96905D88E932FE9B7D3552|7E56C27BFF0305E788DA55A029EC4988|NA|NA|E86BFAB117039106C6E259CFDA9F6E53,0.0,249
7F286560861764CCB93C90B7AA833949|7E56C27BFF0305E788DA55A029EC4988|NA|NA|3421305D0C42F6A7B34C774ADD943249,0.0,274
62D6A49514020FA0B2E434DB0B506005|7E56C27BFF0305E788DA55A029EC4988|NA|NA|DE367F5EAF01FE9C69D03CE47A86012D,0.0,276
62D6A49514020FA0B2E434DB0B506005|7E56C27BFF0305E788DA55A029EC4988|NA|NA|D49DD16DE4ECE57AE5E188EDFA99C1F6,0.0,831
62D6A49514020FA0B2E434DB0B506005|7E56C27BFF0305E788DA55A029EC4988|NA|NA|B6B46315E40AD9EBCE19D9BB8AC1C155,0.0,210
62D6A49514020FA0B2E434DB0B506005|7E56C27BFF0305E788DA55A029EC4988|NA|NA|A7BDA48801FF1C92AB7B28CC1AB70EE2,0.0,417
62D6A49514020FA0B2E434DB0B506005|7E56C27BFF0305E788DA55A029EC4988|NA|NA|88C9CB7A70A3DB8629DB1D9C7EC561C6,0.0,332
EC997D43AC86A75D9B88A1051F86A67C|7E56C27BFF0305E788DA55A029EC4988|NA|NA|E4880B31588A02A585D1168B70B1C37B,0.0,201
033E492229C2222EFAA16EE8A6462D8B|7E56C27BFF0305E788DA55A029EC4988|4C90FD52FC53D2C1C205844CB69575AB|A5D15FC386510762EC0DDFF54ABE6F94|E6345E1BF024CE45D40468492BF4200F,0.0,288
62D6A49514020FA0B2E434DB0B506005|7E56C27BFF0305E788DA55A029EC4988|NA|NA|71A148BB030303CBDDCC36D4FC3EBF64,0.0,294
DDC2B3CC38945E431DE1B3F59EC56680|7E56C27BFF0305E788DA55A029EC4988|4C90FD52FC53D2C1C205844CB69575AB|C45A9AC6D102ACAEEDF0D6F78636D84A|160545AFA042752EEA35E0D4A6CF0894,0.0,331
62D6A49514020FA0B2E434DB0B506005|7E56C27BFF0305E788DA55A029EC4988|NA|NA|5AF1D292796494F35E97E802F57E4A28,0.0,342
033E492229C2222EFAA16EE8A6462D8B|7E56C27BFF0305E788DA55A029EC4988|4C90FD52FC53D2C1C205844CB69575AB|C45A9AC6D102ACAEEDF0D6F78636D84A|07508A753CA60A33280BE61FB127B09E,0.0,325
62D6A49514020FA0B2E434DB0B506005|7E56C27BFF0305E788DA55A029EC4988|NA|NA|04A02CA6DEDA2ED4D27BBFAD03D8AA32,0.0,335
62D6A49514020FA0B2E434DB0B506005|7E56C27BFF0305E788DA55A029EC4988|NA|NA|00FF9651A998B640C35943BB3FE2335B,0.0,237
62D6A49514020FA0B2E434DB0B506005|7E56C27BFF0305E788DA55A029EC4988|4C90FD52FC53D2C1C205844CB69575AB|A5D15FC386510762EC0DDFF54ABE6F94|BDFF836E18B0B61A7370F3B38C705C58,0.0,441
7532B3FBAFEC164460C4ED6FEB0C022C|7E56C27BFF0305E788DA55A029EC4988|NA|NA|3A47B0A7C5771775BCC67125AEECF8AD,0.0,215
