max_depth,max_features,min_samples_leaf,min_samples_split,val_acc,test_acc
1.0,0.0,1.0,2.0,0.5834061135371179,0.5904761904761905
1.0,0.0,1.0,3.0,0.5834061135371179,0.5904761904761905
1.0,0.0,1.0,5.0,0.5834061135371179,0.5904761904761905
1.0,0.0,1.0,8.0,0.5834061135371179,0.5904761904761905
1.0,0.0,1.0,12.0,0.5834061135371179,0.5904761904761905
1.0,0.0,1.0,20.0,0.5834061135371179,0.5904761904761905
1.0,0.0,1.0,32.0,0.5834061135371179,0.5904761904761905
1.0,0.0,1.0,50.0,0.5834061135371179,0.5904761904761905
1.0,0.0,1.0,80.0,0.5834061135371179,0.5904761904761905
1.0,0.0,1.0,128.0,0.5834061135371179,0.5904761904761905
1.0,0.0,3.0,2.0,0.5834061135371179,0.5904761904761905
1.0,0.0,3.0,3.0,0.5834061135371179,0.5904761904761905
1.0,0.0,3.0,5.0,0.5834061135371179,0.5904761904761905
1.0,0.0,3.0,8.0,0.5834061135371179,0.5904761904761905
1.0,0.0,3.0,12.0,0.5834061135371179,0.5904761904761905
1.0,0.0,3.0,20.0,0.5834061135371179,0.5904761904761905
1.0,0.0,3.0,32.0,0.5834061135371179,0.5904761904761905
1.0,0.0,3.0,50.0,0.5834061135371179,0.5904761904761905
1.0,0.0,3.0,80.0,0.5834061135371179,0.5904761904761905
1.0,0.0,3.0,128.0,0.5834061135371179,0.5904761904761905
1.0,0.0,5.0,2.0,0.5834061135371179,0.5904761904761905
1.0,0.0,5.0,3.0,0.5834061135371179,0.5904761904761905
1.0,0.0,5.0,5.0,0.5834061135371179,0.5904761904761905
1.0,0.0,5.0,8.0,0.5834061135371179,0.5904761904761905
1.0,0.0,5.0,12.0,0.5834061135371179,0.5904761904761905
1.0,0.0,5.0,20.0,0.5834061135371179,0.5904761904761905
1.0,0.0,5.0,32.0,0.5834061135371179,0.5904761904761905
1.0,0.0,5.0,50.0,0.5834061135371179,0.5904761904761905
1.0,0.0,5.0,80.0,0.5834061135371179,0.5904761904761905
1.0,0.0,5.0,128.0,0.5834061135371179,0.5904761904761905
1.0,0.0,7.0,2.0,0.5834061135371179,0.5904761904761905
1.0,0.0,7.0,3.0,0.5834061135371179,0.5904761904761905
1.0,0.0,7.0,5.0,0.5834061135371179,0.5904761904761905
1.0,0.0,7.0,8.0,0.5834061135371179,0.5904761904761905
1.0,0.0,7.0,12.0,0.5834061135371179,0.5904761904761905
1.0,0.0,7.0,20.0,0.5834061135371179,0.5904761904761905
1.0,0.0,7.0,32.0,0.5834061135371179,0.5904761904761905
1.0,0.0,7.0,50.0,0.5834061135371179,0.5904761904761905
1.0,0.0,7.0,80.0,0.5834061135371179,0.5904761904761905
1.0,0.0,7.0,128.0,0.5834061135371179,0.5904761904761905
1.0,0.0,9.0,2.0,0.5834061135371179,0.5904761904761905
1.0,0.0,9.0,3.0,0.5834061135371179,0.5904761904761905
1.0,0.0,9.0,5.0,0.5834061135371179,0.5904761904761905
1.0,0.0,9.0,8.0,0.5834061135371179,0.5904761904761905
1.0,0.0,9.0,12.0,0.5834061135371179,0.5904761904761905
1.0,0.0,9.0,20.0,0.5834061135371179,0.5904761904761905
1.0,0.0,9.0,32.0,0.5834061135371179,0.5904761904761905
1.0,0.0,9.0,50.0,0.5834061135371179,0.5904761904761905
1.0,0.0,9.0,80.0,0.5834061135371179,0.5904761904761905
1.0,0.0,9.0,128.0,0.5834061135371179,0.5904761904761905
1.0,0.0,11.0,2.0,0.5831149927219796,0.5896103896103896
1.0,0.0,11.0,3.0,0.5831149927219796,0.5896103896103896
1.0,0.0,11.0,5.0,0.5831149927219796,0.5896103896103896
1.0,0.0,11.0,8.0,0.5831149927219796,0.5896103896103896
1.0,0.0,11.0,12.0,0.5831149927219796,0.5896103896103896
1.0,0.0,11.0,20.0,0.5831149927219796,0.5896103896103896
1.0,0.0,11.0,32.0,0.5831149927219796,0.5896103896103896
1.0,0.0,11.0,50.0,0.5831149927219796,0.5896103896103896
1.0,0.0,11.0,80.0,0.5831149927219796,0.5896103896103896
1.0,0.0,11.0,128.0,0.5831149927219796,0.5896103896103896
1.0,0.0,13.0,2.0,0.5831149927219796,0.5896103896103896
1.0,0.0,13.0,3.0,0.5831149927219796,0.5896103896103896
1.0,0.0,13.0,5.0,0.5831149927219796,0.5896103896103896
1.0,0.0,13.0,8.0,0.5831149927219796,0.5896103896103896
1.0,0.0,13.0,12.0,0.5831149927219796,0.5896103896103896
1.0,0.0,13.0,20.0,0.5831149927219796,0.5896103896103896
1.0,0.0,13.0,32.0,0.5831149927219796,0.5896103896103896
1.0,0.0,13.0,50.0,0.5831149927219796,0.5896103896103896
1.0,0.0,13.0,80.0,0.5831149927219796,0.5896103896103896
1.0,0.0,13.0,128.0,0.5831149927219796,0.5896103896103896
1.0,0.0,15.0,2.0,0.5831149927219796,0.5896103896103896
1.0,0.0,15.0,3.0,0.5831149927219796,0.5896103896103896
1.0,0.0,15.0,5.0,0.5831149927219796,0.5896103896103896
1.0,0.0,15.0,8.0,0.5831149927219796,0.5896103896103896
1.0,0.0,15.0,12.0,0.5831149927219796,0.5896103896103896
1.0,0.0,15.0,20.0,0.5831149927219796,0.5896103896103896
1.0,0.0,15.0,32.0,0.5831149927219796,0.5896103896103896
1.0,0.0,15.0,50.0,0.5831149927219796,0.5896103896103896
1.0,0.0,15.0,80.0,0.5831149927219796,0.5896103896103896
1.0,0.0,15.0,128.0,0.5831149927219796,0.5896103896103896
1.0,0.0,17.0,2.0,0.5831149927219796,0.5896103896103896
1.0,0.0,17.0,3.0,0.5831149927219796,0.5896103896103896
1.0,0.0,17.0,5.0,0.5831149927219796,0.5896103896103896
1.0,0.0,17.0,8.0,0.5831149927219796,0.5896103896103896
1.0,0.0,17.0,12.0,0.5831149927219796,0.5896103896103896
1.0,0.0,17.0,20.0,0.5831149927219796,0.5896103896103896
1.0,0.0,17.0,32.0,0.5831149927219796,0.5896103896103896
1.0,0.0,17.0,50.0,0.5831149927219796,0.5896103896103896
1.0,0.0,17.0,80.0,0.5831149927219796,0.5896103896103896
1.0,0.0,17.0,128.0,0.5831149927219796,0.5896103896103896
1.0,0.0,20.0,2.0,0.5831149927219796,0.5896103896103896
1.0,0.0,20.0,3.0,0.5831149927219796,0.5896103896103896
1.0,0.0,20.0,5.0,0.5831149927219796,0.5896103896103896
1.0,0.0,20.0,8.0,0.5831149927219796,0.5896103896103896
1.0,0.0,20.0,12.0,0.5831149927219796,0.5896103896103896
1.0,0.0,20.0,20.0,0.5831149927219796,0.5896103896103896
1.0,0.0,20.0,32.0,0.5831149927219796,0.5896103896103896
1.0,0.0,20.0,50.0,0.5831149927219796,0.5896103896103896
1.0,0.0,20.0,80.0,0.5831149927219796,0.5896103896103896
1.0,0.0,20.0,128.0,0.5831149927219796,0.5896103896103896
1.0,0.11111111,1.0,2.0,0.5834061135371179,0.5904761904761905
1.0,0.11111111,1.0,3.0,0.5834061135371179,0.5904761904761905
1.0,0.11111111,1.0,5.0,0.5834061135371179,0.5904761904761905
1.0,0.11111111,1.0,8.0,0.5834061135371179,0.5904761904761905
1.0,0.11111111,1.0,12.0,0.5834061135371179,0.5904761904761905
1.0,0.11111111,1.0,20.0,0.5834061135371179,0.5904761904761905
1.0,0.11111111,1.0,32.0,0.5834061135371179,0.5904761904761905
1.0,0.11111111,1.0,50.0,0.5834061135371179,0.5904761904761905
1.0,0.11111111,1.0,80.0,0.5834061135371179,0.5904761904761905
1.0,0.11111111,1.0,128.0,0.5834061135371179,0.5904761904761905
1.0,0.11111111,3.0,2.0,0.5834061135371179,0.5904761904761905
1.0,0.11111111,3.0,3.0,0.5834061135371179,0.5904761904761905
1.0,0.11111111,3.0,5.0,0.5834061135371179,0.5904761904761905
1.0,0.11111111,3.0,8.0,0.5834061135371179,0.5904761904761905
1.0,0.11111111,3.0,12.0,0.5834061135371179,0.5904761904761905
1.0,0.11111111,3.0,20.0,0.5834061135371179,0.5904761904761905
1.0,0.11111111,3.0,32.0,0.5834061135371179,0.5904761904761905
1.0,0.11111111,3.0,50.0,0.5834061135371179,0.5904761904761905
1.0,0.11111111,3.0,80.0,0.5834061135371179,0.5904761904761905
1.0,0.11111111,3.0,128.0,0.5834061135371179,0.5904761904761905
1.0,0.11111111,5.0,2.0,0.5834061135371179,0.5904761904761905
1.0,0.11111111,5.0,3.0,0.5834061135371179,0.5904761904761905
1.0,0.11111111,5.0,5.0,0.5834061135371179,0.5904761904761905
1.0,0.11111111,5.0,8.0,0.5834061135371179,0.5904761904761905
1.0,0.11111111,5.0,12.0,0.5834061135371179,0.5904761904761905
1.0,0.11111111,5.0,20.0,0.5834061135371179,0.5904761904761905
1.0,0.11111111,5.0,32.0,0.5834061135371179,0.5904761904761905
1.0,0.11111111,5.0,50.0,0.5834061135371179,0.5904761904761905
1.0,0.11111111,5.0,80.0,0.5834061135371179,0.5904761904761905
1.0,0.11111111,5.0,128.0,0.5834061135371179,0.5904761904761905
1.0,0.11111111,7.0,2.0,0.5834061135371179,0.5904761904761905
1.0,0.11111111,7.0,3.0,0.5834061135371179,0.5904761904761905
1.0,0.11111111,7.0,5.0,0.5834061135371179,0.5904761904761905
1.0,0.11111111,7.0,8.0,0.5834061135371179,0.5904761904761905
1.0,0.11111111,7.0,12.0,0.5834061135371179,0.5904761904761905
1.0,0.11111111,7.0,20.0,0.5834061135371179,0.5904761904761905
1.0,0.11111111,7.0,32.0,0.5834061135371179,0.5904761904761905
1.0,0.11111111,7.0,50.0,0.5834061135371179,0.5904761904761905
1.0,0.11111111,7.0,80.0,0.5834061135371179,0.5904761904761905
1.0,0.11111111,7.0,128.0,0.5834061135371179,0.5904761904761905
1.0,0.11111111,9.0,2.0,0.5834061135371179,0.5904761904761905
1.0,0.11111111,9.0,3.0,0.5834061135371179,0.5904761904761905
1.0,0.11111111,9.0,5.0,0.5834061135371179,0.5904761904761905
1.0,0.11111111,9.0,8.0,0.5834061135371179,0.5904761904761905
1.0,0.11111111,9.0,12.0,0.5834061135371179,0.5904761904761905
1.0,0.11111111,9.0,20.0,0.5834061135371179,0.5904761904761905
1.0,0.11111111,9.0,32.0,0.5834061135371179,0.5904761904761905
1.0,0.11111111,9.0,50.0,0.5834061135371179,0.5904761904761905
1.0,0.11111111,9.0,80.0,0.5834061135371179,0.5904761904761905
1.0,0.11111111,9.0,128.0,0.5834061135371179,0.5904761904761905
1.0,0.11111111,11.0,2.0,0.5831149927219796,0.5896103896103896
1.0,0.11111111,11.0,3.0,0.5831149927219796,0.5896103896103896
1.0,0.11111111,11.0,5.0,0.5831149927219796,0.5896103896103896
1.0,0.11111111,11.0,8.0,0.5831149927219796,0.5896103896103896
1.0,0.11111111,11.0,12.0,0.5831149927219796,0.5896103896103896
1.0,0.11111111,11.0,20.0,0.5831149927219796,0.5896103896103896
1.0,0.11111111,11.0,32.0,0.5831149927219796,0.5896103896103896
1.0,0.11111111,11.0,50.0,0.5831149927219796,0.5896103896103896
1.0,0.11111111,11.0,80.0,0.5831149927219796,0.5896103896103896
1.0,0.11111111,11.0,128.0,0.5831149927219796,0.5896103896103896
1.0,0.11111111,13.0,2.0,0.5831149927219796,0.5896103896103896
1.0,0.11111111,13.0,3.0,0.5831149927219796,0.5896103896103896
1.0,0.11111111,13.0,5.0,0.5831149927219796,0.5896103896103896
1.0,0.11111111,13.0,8.0,0.5831149927219796,0.5896103896103896
1.0,0.11111111,13.0,12.0,0.5831149927219796,0.5896103896103896
1.0,0.11111111,13.0,20.0,0.5831149927219796,0.5896103896103896
1.0,0.11111111,13.0,32.0,0.5831149927219796,0.5896103896103896
1.0,0.11111111,13.0,50.0,0.5831149927219796,0.5896103896103896
1.0,0.11111111,13.0,80.0,0.5831149927219796,0.5896103896103896
1.0,0.11111111,13.0,128.0,0.5831149927219796,0.5896103896103896
1.0,0.11111111,15.0,2.0,0.5831149927219796,0.5896103896103896
1.0,0.11111111,15.0,3.0,0.5831149927219796,0.5896103896103896
1.0,0.11111111,15.0,5.0,0.5831149927219796,0.5896103896103896
1.0,0.11111111,15.0,8.0,0.5831149927219796,0.5896103896103896
1.0,0.11111111,15.0,12.0,0.5831149927219796,0.5896103896103896
1.0,0.11111111,15.0,20.0,0.5831149927219796,0.5896103896103896
1.0,0.11111111,15.0,32.0,0.5831149927219796,0.5896103896103896
1.0,0.11111111,15.0,50.0,0.5831149927219796,0.5896103896103896
1.0,0.11111111,15.0,80.0,0.5831149927219796,0.5896103896103896
1.0,0.11111111,15.0,128.0,0.5831149927219796,0.5896103896103896
1.0,0.11111111,17.0,2.0,0.5831149927219796,0.5896103896103896
1.0,0.11111111,17.0,3.0,0.5831149927219796,0.5896103896103896
1.0,0.11111111,17.0,5.0,0.5831149927219796,0.5896103896103896
1.0,0.11111111,17.0,8.0,0.5831149927219796,0.5896103896103896
1.0,0.11111111,17.0,12.0,0.5831149927219796,0.5896103896103896
1.0,0.11111111,17.0,20.0,0.5831149927219796,0.5896103896103896
1.0,0.11111111,17.0,32.0,0.5831149927219796,0.5896103896103896
1.0,0.11111111,17.0,50.0,0.5831149927219796,0.5896103896103896
1.0,0.11111111,17.0,80.0,0.5831149927219796,0.5896103896103896
1.0,0.11111111,17.0,128.0,0.5831149927219796,0.5896103896103896
1.0,0.11111111,20.0,2.0,0.5831149927219796,0.5896103896103896
1.0,0.11111111,20.0,3.0,0.5831149927219796,0.5896103896103896
1.0,0.11111111,20.0,5.0,0.5831149927219796,0.5896103896103896
1.0,0.11111111,20.0,8.0,0.5831149927219796,0.5896103896103896
1.0,0.11111111,20.0,12.0,0.5831149927219796,0.5896103896103896
1.0,0.11111111,20.0,20.0,0.5831149927219796,0.5896103896103896
1.0,0.11111111,20.0,32.0,0.5831149927219796,0.5896103896103896
1.0,0.11111111,20.0,50.0,0.5831149927219796,0.5896103896103896
1.0,0.11111111,20.0,80.0,0.5831149927219796,0.5896103896103896
1.0,0.11111111,20.0,128.0,0.5831149927219796,0.5896103896103896
1.0,0.22222222,1.0,2.0,0.5700145560407569,0.5748917748917749
1.0,0.22222222,1.0,3.0,0.5700145560407569,0.5748917748917749
1.0,0.22222222,1.0,5.0,0.5700145560407569,0.5748917748917749
1.0,0.22222222,1.0,8.0,0.5700145560407569,0.5748917748917749
1.0,0.22222222,1.0,12.0,0.5700145560407569,0.5748917748917749
1.0,0.22222222,1.0,20.0,0.5700145560407569,0.5748917748917749
1.0,0.22222222,1.0,32.0,0.5700145560407569,0.5748917748917749
1.0,0.22222222,1.0,50.0,0.5700145560407569,0.5748917748917749
1.0,0.22222222,1.0,80.0,0.5700145560407569,0.5748917748917749
1.0,0.22222222,1.0,128.0,0.5700145560407569,0.5748917748917749
1.0,0.22222222,3.0,2.0,0.5700145560407569,0.5748917748917749
1.0,0.22222222,3.0,3.0,0.5700145560407569,0.5748917748917749
1.0,0.22222222,3.0,5.0,0.5700145560407569,0.5748917748917749
1.0,0.22222222,3.0,8.0,0.5700145560407569,0.5748917748917749
1.0,0.22222222,3.0,12.0,0.5700145560407569,0.5748917748917749
1.0,0.22222222,3.0,20.0,0.5700145560407569,0.5748917748917749
1.0,0.22222222,3.0,32.0,0.5700145560407569,0.5748917748917749
1.0,0.22222222,3.0,50.0,0.5700145560407569,0.5748917748917749
1.0,0.22222222,3.0,80.0,0.5700145560407569,0.5748917748917749
1.0,0.22222222,3.0,128.0,0.5700145560407569,0.5748917748917749
1.0,0.22222222,5.0,2.0,0.5700145560407569,0.5748917748917749
1.0,0.22222222,5.0,3.0,0.5700145560407569,0.5748917748917749
1.0,0.22222222,5.0,5.0,0.5700145560407569,0.5748917748917749
1.0,0.22222222,5.0,8.0,0.5700145560407569,0.5748917748917749
1.0,0.22222222,5.0,12.0,0.5700145560407569,0.5748917748917749
1.0,0.22222222,5.0,20.0,0.5700145560407569,0.5748917748917749
1.0,0.22222222,5.0,32.0,0.5700145560407569,0.5748917748917749
1.0,0.22222222,5.0,50.0,0.5700145560407569,0.5748917748917749
1.0,0.22222222,5.0,80.0,0.5700145560407569,0.5748917748917749
1.0,0.22222222,5.0,128.0,0.5700145560407569,0.5748917748917749
1.0,0.22222222,7.0,2.0,0.5700145560407569,0.5748917748917749
1.0,0.22222222,7.0,3.0,0.5700145560407569,0.5748917748917749
1.0,0.22222222,7.0,5.0,0.5700145560407569,0.5748917748917749
1.0,0.22222222,7.0,8.0,0.5700145560407569,0.5748917748917749
1.0,0.22222222,7.0,12.0,0.5700145560407569,0.5748917748917749
1.0,0.22222222,7.0,20.0,0.5700145560407569,0.5748917748917749
1.0,0.22222222,7.0,32.0,0.5700145560407569,0.5748917748917749
1.0,0.22222222,7.0,50.0,0.5700145560407569,0.5748917748917749
1.0,0.22222222,7.0,80.0,0.5700145560407569,0.5748917748917749
1.0,0.22222222,7.0,128.0,0.5700145560407569,0.5748917748917749
1.0,0.22222222,9.0,2.0,0.5700145560407569,0.5748917748917749
1.0,0.22222222,9.0,3.0,0.5700145560407569,0.5748917748917749
1.0,0.22222222,9.0,5.0,0.5700145560407569,0.5748917748917749
1.0,0.22222222,9.0,8.0,0.5700145560407569,0.5748917748917749
1.0,0.22222222,9.0,12.0,0.5700145560407569,0.5748917748917749
1.0,0.22222222,9.0,20.0,0.5700145560407569,0.5748917748917749
1.0,0.22222222,9.0,32.0,0.5700145560407569,0.5748917748917749
1.0,0.22222222,9.0,50.0,0.5700145560407569,0.5748917748917749
1.0,0.22222222,9.0,80.0,0.5700145560407569,0.5748917748917749
1.0,0.22222222,9.0,128.0,0.5700145560407569,0.5748917748917749
1.0,0.22222222,11.0,2.0,0.5700145560407569,0.5748917748917749
1.0,0.22222222,11.0,3.0,0.5700145560407569,0.5748917748917749
1.0,0.22222222,11.0,5.0,0.5700145560407569,0.5748917748917749
1.0,0.22222222,11.0,8.0,0.5700145560407569,0.5748917748917749
1.0,0.22222222,11.0,12.0,0.5700145560407569,0.5748917748917749
1.0,0.22222222,11.0,20.0,0.5700145560407569,0.5748917748917749
1.0,0.22222222,11.0,32.0,0.5700145560407569,0.5748917748917749
1.0,0.22222222,11.0,50.0,0.5700145560407569,0.5748917748917749
1.0,0.22222222,11.0,80.0,0.5700145560407569,0.5748917748917749
1.0,0.22222222,11.0,128.0,0.5700145560407569,0.5748917748917749
1.0,0.22222222,13.0,2.0,0.5700145560407569,0.5748917748917749
1.0,0.22222222,13.0,3.0,0.5700145560407569,0.5748917748917749
1.0,0.22222222,13.0,5.0,0.5700145560407569,0.5748917748917749
1.0,0.22222222,13.0,8.0,0.5700145560407569,0.5748917748917749
1.0,0.22222222,13.0,12.0,0.5700145560407569,0.5748917748917749
1.0,0.22222222,13.0,20.0,0.5700145560407569,0.5748917748917749
1.0,0.22222222,13.0,32.0,0.5700145560407569,0.5748917748917749
1.0,0.22222222,13.0,50.0,0.5700145560407569,0.5748917748917749
1.0,0.22222222,13.0,80.0,0.5700145560407569,0.5748917748917749
1.0,0.22222222,13.0,128.0,0.5700145560407569,0.5748917748917749
1.0,0.22222222,15.0,2.0,0.5700145560407569,0.5748917748917749
1.0,0.22222222,15.0,3.0,0.5700145560407569,0.5748917748917749
1.0,0.22222222,15.0,5.0,0.5700145560407569,0.5748917748917749
1.0,0.22222222,15.0,8.0,0.5700145560407569,0.5748917748917749
1.0,0.22222222,15.0,12.0,0.5700145560407569,0.5748917748917749
1.0,0.22222222,15.0,20.0,0.5700145560407569,0.5748917748917749
1.0,0.22222222,15.0,32.0,0.5700145560407569,0.5748917748917749
1.0,0.22222222,15.0,50.0,0.5700145560407569,0.5748917748917749
1.0,0.22222222,15.0,80.0,0.5700145560407569,0.5748917748917749
1.0,0.22222222,15.0,128.0,0.5700145560407569,0.5748917748917749
1.0,0.22222222,17.0,2.0,0.5700145560407569,0.5748917748917749
1.0,0.22222222,17.0,3.0,0.5700145560407569,0.5748917748917749
1.0,0.22222222,17.0,5.0,0.5700145560407569,0.5748917748917749
1.0,0.22222222,17.0,8.0,0.5700145560407569,0.5748917748917749
1.0,0.22222222,17.0,12.0,0.5700145560407569,0.5748917748917749
1.0,0.22222222,17.0,20.0,0.5700145560407569,0.5748917748917749
1.0,0.22222222,17.0,32.0,0.5700145560407569,0.5748917748917749
1.0,0.22222222,17.0,50.0,0.5700145560407569,0.5748917748917749
1.0,0.22222222,17.0,80.0,0.5700145560407569,0.5748917748917749
1.0,0.22222222,17.0,128.0,0.5700145560407569,0.5748917748917749
1.0,0.22222222,20.0,2.0,0.5700145560407569,0.5748917748917749
1.0,0.22222222,20.0,3.0,0.5700145560407569,0.5748917748917749
1.0,0.22222222,20.0,5.0,0.5700145560407569,0.5748917748917749
1.0,0.22222222,20.0,8.0,0.5700145560407569,0.5748917748917749
1.0,0.22222222,20.0,12.0,0.5700145560407569,0.5748917748917749
1.0,0.22222222,20.0,20.0,0.5700145560407569,0.5748917748917749
1.0,0.22222222,20.0,32.0,0.5700145560407569,0.5748917748917749
1.0,0.22222222,20.0,50.0,0.5700145560407569,0.5748917748917749
1.0,0.22222222,20.0,80.0,0.5700145560407569,0.5748917748917749
1.0,0.22222222,20.0,128.0,0.5700145560407569,0.5748917748917749
1.0,0.33333334,1.0,2.0,0.5356622998544396,0.5333333333333333
1.0,0.33333334,1.0,3.0,0.5356622998544396,0.5333333333333333
1.0,0.33333334,1.0,5.0,0.5356622998544396,0.5333333333333333
1.0,0.33333334,1.0,8.0,0.5356622998544396,0.5333333333333333
1.0,0.33333334,1.0,12.0,0.5356622998544396,0.5333333333333333
1.0,0.33333334,1.0,20.0,0.5356622998544396,0.5333333333333333
1.0,0.33333334,1.0,32.0,0.5356622998544396,0.5333333333333333
1.0,0.33333334,1.0,50.0,0.5356622998544396,0.5333333333333333
1.0,0.33333334,1.0,80.0,0.5356622998544396,0.5333333333333333
1.0,0.33333334,1.0,128.0,0.5356622998544396,0.5333333333333333
1.0,0.33333334,3.0,2.0,0.5356622998544396,0.5333333333333333
1.0,0.33333334,3.0,3.0,0.5356622998544396,0.5333333333333333
1.0,0.33333334,3.0,5.0,0.5356622998544396,0.5333333333333333
1.0,0.33333334,3.0,8.0,0.5356622998544396,0.5333333333333333
1.0,0.33333334,3.0,12.0,0.5356622998544396,0.5333333333333333
1.0,0.33333334,3.0,20.0,0.5356622998544396,0.5333333333333333
1.0,0.33333334,3.0,32.0,0.5356622998544396,0.5333333333333333
1.0,0.33333334,3.0,50.0,0.5356622998544396,0.5333333333333333
1.0,0.33333334,3.0,80.0,0.5356622998544396,0.5333333333333333
1.0,0.33333334,3.0,128.0,0.5356622998544396,0.5333333333333333
1.0,0.33333334,5.0,2.0,0.5356622998544396,0.5333333333333333
1.0,0.33333334,5.0,3.0,0.5356622998544396,0.5333333333333333
1.0,0.33333334,5.0,5.0,0.5356622998544396,0.5333333333333333
1.0,0.33333334,5.0,8.0,0.5356622998544396,0.5333333333333333
1.0,0.33333334,5.0,12.0,0.5356622998544396,0.5333333333333333
1.0,0.33333334,5.0,20.0,0.5356622998544396,0.5333333333333333
1.0,0.33333334,5.0,32.0,0.5356622998544396,0.5333333333333333
1.0,0.33333334,5.0,50.0,0.5356622998544396,0.5333333333333333
1.0,0.33333334,5.0,80.0,0.5356622998544396,0.5333333333333333
1.0,0.33333334,5.0,128.0,0.5356622998544396,0.5333333333333333
1.0,0.33333334,7.0,2.0,0.5356622998544396,0.5333333333333333
1.0,0.33333334,7.0,3.0,0.5356622998544396,0.5333333333333333
1.0,0.33333334,7.0,5.0,0.5356622998544396,0.5333333333333333
1.0,0.33333334,7.0,8.0,0.5356622998544396,0.5333333333333333
1.0,0.33333334,7.0,12.0,0.5356622998544396,0.5333333333333333
1.0,0.33333334,7.0,20.0,0.5356622998544396,0.5333333333333333
1.0,0.33333334,7.0,32.0,0.5356622998544396,0.5333333333333333
1.0,0.33333334,7.0,50.0,0.5356622998544396,0.5333333333333333
1.0,0.33333334,7.0,80.0,0.5356622998544396,0.5333333333333333
1.0,0.33333334,7.0,128.0,0.5356622998544396,0.5333333333333333
1.0,0.33333334,9.0,2.0,0.5356622998544396,0.5333333333333333
1.0,0.33333334,9.0,3.0,0.5356622998544396,0.5333333333333333
1.0,0.33333334,9.0,5.0,0.5356622998544396,0.5333333333333333
1.0,0.33333334,9.0,8.0,0.5356622998544396,0.5333333333333333
1.0,0.33333334,9.0,12.0,0.5356622998544396,0.5333333333333333
1.0,0.33333334,9.0,20.0,0.5356622998544396,0.5333333333333333
1.0,0.33333334,9.0,32.0,0.5356622998544396,0.5333333333333333
1.0,0.33333334,9.0,50.0,0.5356622998544396,0.5333333333333333
1.0,0.33333334,9.0,80.0,0.5356622998544396,0.5333333333333333
1.0,0.33333334,9.0,128.0,0.5356622998544396,0.5333333333333333
1.0,0.33333334,11.0,2.0,0.5356622998544396,0.5333333333333333
1.0,0.33333334,11.0,3.0,0.5356622998544396,0.5333333333333333
1.0,0.33333334,11.0,5.0,0.5356622998544396,0.5333333333333333
1.0,0.33333334,11.0,8.0,0.5356622998544396,0.5333333333333333
1.0,0.33333334,11.0,12.0,0.5356622998544396,0.5333333333333333
1.0,0.33333334,11.0,20.0,0.5356622998544396,0.5333333333333333
1.0,0.33333334,11.0,32.0,0.5356622998544396,0.5333333333333333
1.0,0.33333334,11.0,50.0,0.5356622998544396,0.5333333333333333
1.0,0.33333334,11.0,80.0,0.5356622998544396,0.5333333333333333
1.0,0.33333334,11.0,128.0,0.5356622998544396,0.5333333333333333
1.0,0.33333334,13.0,2.0,0.5356622998544396,0.5333333333333333
1.0,0.33333334,13.0,3.0,0.5356622998544396,0.5333333333333333
1.0,0.33333334,13.0,5.0,0.5356622998544396,0.5333333333333333
1.0,0.33333334,13.0,8.0,0.5356622998544396,0.5333333333333333
1.0,0.33333334,13.0,12.0,0.5356622998544396,0.5333333333333333
1.0,0.33333334,13.0,20.0,0.5356622998544396,0.5333333333333333
1.0,0.33333334,13.0,32.0,0.5356622998544396,0.5333333333333333
1.0,0.33333334,13.0,50.0,0.5356622998544396,0.5333333333333333
1.0,0.33333334,13.0,80.0,0.5356622998544396,0.5333333333333333
1.0,0.33333334,13.0,128.0,0.5356622998544396,0.5333333333333333
1.0,0.33333334,15.0,2.0,0.5356622998544396,0.5333333333333333
1.0,0.33333334,15.0,3.0,0.5356622998544396,0.5333333333333333
1.0,0.33333334,15.0,5.0,0.5356622998544396,0.5333333333333333
1.0,0.33333334,15.0,8.0,0.5356622998544396,0.5333333333333333
1.0,0.33333334,15.0,12.0,0.5356622998544396,0.5333333333333333
1.0,0.33333334,15.0,20.0,0.5356622998544396,0.5333333333333333
1.0,0.33333334,15.0,32.0,0.5356622998544396,0.5333333333333333
1.0,0.33333334,15.0,50.0,0.5356622998544396,0.5333333333333333
1.0,0.33333334,15.0,80.0,0.5356622998544396,0.5333333333333333
1.0,0.33333334,15.0,128.0,0.5356622998544396,0.5333333333333333
1.0,0.33333334,17.0,2.0,0.5356622998544396,0.5333333333333333
1.0,0.33333334,17.0,3.0,0.5356622998544396,0.5333333333333333
1.0,0.33333334,17.0,5.0,0.5356622998544396,0.5333333333333333
1.0,0.33333334,17.0,8.0,0.5356622998544396,0.5333333333333333
1.0,0.33333334,17.0,12.0,0.5356622998544396,0.5333333333333333
1.0,0.33333334,17.0,20.0,0.5356622998544396,0.5333333333333333
1.0,0.33333334,17.0,32.0,0.5356622998544396,0.5333333333333333
1.0,0.33333334,17.0,50.0,0.5356622998544396,0.5333333333333333
1.0,0.33333334,17.0,80.0,0.5356622998544396,0.5333333333333333
1.0,0.33333334,17.0,128.0,0.5356622998544396,0.5333333333333333
1.0,0.33333334,20.0,2.0,0.5356622998544396,0.5333333333333333
1.0,0.33333334,20.0,3.0,0.5356622998544396,0.5333333333333333
1.0,0.33333334,20.0,5.0,0.5356622998544396,0.5333333333333333
1.0,0.33333334,20.0,8.0,0.5356622998544396,0.5333333333333333
1.0,0.33333334,20.0,12.0,0.5356622998544396,0.5333333333333333
1.0,0.33333334,20.0,20.0,0.5356622998544396,0.5333333333333333
1.0,0.33333334,20.0,32.0,0.5356622998544396,0.5333333333333333
1.0,0.33333334,20.0,50.0,0.5356622998544396,0.5333333333333333
1.0,0.33333334,20.0,80.0,0.5356622998544396,0.5333333333333333
1.0,0.33333334,20.0,128.0,0.5356622998544396,0.5333333333333333
1.0,0.44444445,1.0,2.0,0.5356622998544396,0.5333333333333333
1.0,0.44444445,1.0,3.0,0.5356622998544396,0.5333333333333333
1.0,0.44444445,1.0,5.0,0.5356622998544396,0.5333333333333333
1.0,0.44444445,1.0,8.0,0.5356622998544396,0.5333333333333333
1.0,0.44444445,1.0,12.0,0.5356622998544396,0.5333333333333333
1.0,0.44444445,1.0,20.0,0.5356622998544396,0.5333333333333333
1.0,0.44444445,1.0,32.0,0.5356622998544396,0.5333333333333333
1.0,0.44444445,1.0,50.0,0.5356622998544396,0.5333333333333333
1.0,0.44444445,1.0,80.0,0.5356622998544396,0.5333333333333333
1.0,0.44444445,1.0,128.0,0.5356622998544396,0.5333333333333333
1.0,0.44444445,3.0,2.0,0.5356622998544396,0.5333333333333333
1.0,0.44444445,3.0,3.0,0.5356622998544396,0.5333333333333333
1.0,0.44444445,3.0,5.0,0.5356622998544396,0.5333333333333333
1.0,0.44444445,3.0,8.0,0.5356622998544396,0.5333333333333333
1.0,0.44444445,3.0,12.0,0.5356622998544396,0.5333333333333333
1.0,0.44444445,3.0,20.0,0.5356622998544396,0.5333333333333333
1.0,0.44444445,3.0,32.0,0.5356622998544396,0.5333333333333333
1.0,0.44444445,3.0,50.0,0.5356622998544396,0.5333333333333333
1.0,0.44444445,3.0,80.0,0.5356622998544396,0.5333333333333333
1.0,0.44444445,3.0,128.0,0.5356622998544396,0.5333333333333333
1.0,0.44444445,5.0,2.0,0.5356622998544396,0.5333333333333333
1.0,0.44444445,5.0,3.0,0.5356622998544396,0.5333333333333333
1.0,0.44444445,5.0,5.0,0.5356622998544396,0.5333333333333333
1.0,0.44444445,5.0,8.0,0.5356622998544396,0.5333333333333333
1.0,0.44444445,5.0,12.0,0.5356622998544396,0.5333333333333333
1.0,0.44444445,5.0,20.0,0.5356622998544396,0.5333333333333333
1.0,0.44444445,5.0,32.0,0.5356622998544396,0.5333333333333333
1.0,0.44444445,5.0,50.0,0.5356622998544396,0.5333333333333333
1.0,0.44444445,5.0,80.0,0.5356622998544396,0.5333333333333333
1.0,0.44444445,5.0,128.0,0.5356622998544396,0.5333333333333333
1.0,0.44444445,7.0,2.0,0.5356622998544396,0.5333333333333333
1.0,0.44444445,7.0,3.0,0.5356622998544396,0.5333333333333333
1.0,0.44444445,7.0,5.0,0.5356622998544396,0.5333333333333333
1.0,0.44444445,7.0,8.0,0.5356622998544396,0.5333333333333333
1.0,0.44444445,7.0,12.0,0.5356622998544396,0.5333333333333333
1.0,0.44444445,7.0,20.0,0.5356622998544396,0.5333333333333333
1.0,0.44444445,7.0,32.0,0.5356622998544396,0.5333333333333333
1.0,0.44444445,7.0,50.0,0.5356622998544396,0.5333333333333333
1.0,0.44444445,7.0,80.0,0.5356622998544396,0.5333333333333333
1.0,0.44444445,7.0,128.0,0.5356622998544396,0.5333333333333333
1.0,0.44444445,9.0,2.0,0.5356622998544396,0.5333333333333333
1.0,0.44444445,9.0,3.0,0.5356622998544396,0.5333333333333333
1.0,0.44444445,9.0,5.0,0.5356622998544396,0.5333333333333333
1.0,0.44444445,9.0,8.0,0.5356622998544396,0.5333333333333333
1.0,0.44444445,9.0,12.0,0.5356622998544396,0.5333333333333333
1.0,0.44444445,9.0,20.0,0.5356622998544396,0.5333333333333333
1.0,0.44444445,9.0,32.0,0.5356622998544396,0.5333333333333333
1.0,0.44444445,9.0,50.0,0.5356622998544396,0.5333333333333333
1.0,0.44444445,9.0,80.0,0.5356622998544396,0.5333333333333333
1.0,0.44444445,9.0,128.0,0.5356622998544396,0.5333333333333333
1.0,0.44444445,11.0,2.0,0.5356622998544396,0.5333333333333333
1.0,0.44444445,11.0,3.0,0.5356622998544396,0.5333333333333333
1.0,0.44444445,11.0,5.0,0.5356622998544396,0.5333333333333333
1.0,0.44444445,11.0,8.0,0.5356622998544396,0.5333333333333333
1.0,0.44444445,11.0,12.0,0.5356622998544396,0.5333333333333333
1.0,0.44444445,11.0,20.0,0.5356622998544396,0.5333333333333333
1.0,0.44444445,11.0,32.0,0.5356622998544396,0.5333333333333333
1.0,0.44444445,11.0,50.0,0.5356622998544396,0.5333333333333333
1.0,0.44444445,11.0,80.0,0.5356622998544396,0.5333333333333333
1.0,0.44444445,11.0,128.0,0.5356622998544396,0.5333333333333333
1.0,0.44444445,13.0,2.0,0.5356622998544396,0.5333333333333333
1.0,0.44444445,13.0,3.0,0.5356622998544396,0.5333333333333333
1.0,0.44444445,13.0,5.0,0.5356622998544396,0.5333333333333333
1.0,0.44444445,13.0,8.0,0.5356622998544396,0.5333333333333333
1.0,0.44444445,13.0,12.0,0.5356622998544396,0.5333333333333333
1.0,0.44444445,13.0,20.0,0.5356622998544396,0.5333333333333333
1.0,0.44444445,13.0,32.0,0.5356622998544396,0.5333333333333333
1.0,0.44444445,13.0,50.0,0.5356622998544396,0.5333333333333333
1.0,0.44444445,13.0,80.0,0.5356622998544396,0.5333333333333333
1.0,0.44444445,13.0,128.0,0.5356622998544396,0.5333333333333333
1.0,0.44444445,15.0,2.0,0.5356622998544396,0.5333333333333333
1.0,0.44444445,15.0,3.0,0.5356622998544396,0.5333333333333333
1.0,0.44444445,15.0,5.0,0.5356622998544396,0.5333333333333333
1.0,0.44444445,15.0,8.0,0.5356622998544396,0.5333333333333333
1.0,0.44444445,15.0,12.0,0.5356622998544396,0.5333333333333333
1.0,0.44444445,15.0,20.0,0.5356622998544396,0.5333333333333333
1.0,0.44444445,15.0,32.0,0.5356622998544396,0.5333333333333333
1.0,0.44444445,15.0,50.0,0.5356622998544396,0.5333333333333333
1.0,0.44444445,15.0,80.0,0.5356622998544396,0.5333333333333333
1.0,0.44444445,15.0,128.0,0.5356622998544396,0.5333333333333333
1.0,0.44444445,17.0,2.0,0.5356622998544396,0.5333333333333333
1.0,0.44444445,17.0,3.0,0.5356622998544396,0.5333333333333333
1.0,0.44444445,17.0,5.0,0.5356622998544396,0.5333333333333333
1.0,0.44444445,17.0,8.0,0.5356622998544396,0.5333333333333333
1.0,0.44444445,17.0,12.0,0.5356622998544396,0.5333333333333333
1.0,0.44444445,17.0,20.0,0.5356622998544396,0.5333333333333333
1.0,0.44444445,17.0,32.0,0.5356622998544396,0.5333333333333333
1.0,0.44444445,17.0,50.0,0.5356622998544396,0.5333333333333333
1.0,0.44444445,17.0,80.0,0.5356622998544396,0.5333333333333333
1.0,0.44444445,17.0,128.0,0.5356622998544396,0.5333333333333333
1.0,0.44444445,20.0,2.0,0.5356622998544396,0.5333333333333333
1.0,0.44444445,20.0,3.0,0.5356622998544396,0.5333333333333333
1.0,0.44444445,20.0,5.0,0.5356622998544396,0.5333333333333333
1.0,0.44444445,20.0,8.0,0.5356622998544396,0.5333333333333333
1.0,0.44444445,20.0,12.0,0.5356622998544396,0.5333333333333333
1.0,0.44444445,20.0,20.0,0.5356622998544396,0.5333333333333333
1.0,0.44444445,20.0,32.0,0.5356622998544396,0.5333333333333333
1.0,0.44444445,20.0,50.0,0.5356622998544396,0.5333333333333333
1.0,0.44444445,20.0,80.0,0.5356622998544396,0.5333333333333333
1.0,0.44444445,20.0,128.0,0.5356622998544396,0.5333333333333333
1.0,0.5555556,1.0,2.0,0.4491994177583697,0.44848484848484843
1.0,0.5555556,1.0,3.0,0.4491994177583697,0.44848484848484843
1.0,0.5555556,1.0,5.0,0.4491994177583697,0.44848484848484843
1.0,0.5555556,1.0,8.0,0.4491994177583697,0.44848484848484843
1.0,0.5555556,1.0,12.0,0.4491994177583697,0.44848484848484843
1.0,0.5555556,1.0,20.0,0.4491994177583697,0.44848484848484843
1.0,0.5555556,1.0,32.0,0.4491994177583697,0.44848484848484843
1.0,0.5555556,1.0,50.0,0.4491994177583697,0.44848484848484843
1.0,0.5555556,1.0,80.0,0.4491994177583697,0.44848484848484843
1.0,0.5555556,1.0,128.0,0.4491994177583697,0.44848484848484843
1.0,0.5555556,3.0,2.0,0.4491994177583697,0.44848484848484843
1.0,0.5555556,3.0,3.0,0.4491994177583697,0.44848484848484843
1.0,0.5555556,3.0,5.0,0.4491994177583697,0.44848484848484843
1.0,0.5555556,3.0,8.0,0.4491994177583697,0.44848484848484843
1.0,0.5555556,3.0,12.0,0.4491994177583697,0.44848484848484843
1.0,0.5555556,3.0,20.0,0.4491994177583697,0.44848484848484843
1.0,0.5555556,3.0,32.0,0.4491994177583697,0.44848484848484843
1.0,0.5555556,3.0,50.0,0.4491994177583697,0.44848484848484843
1.0,0.5555556,3.0,80.0,0.4491994177583697,0.44848484848484843
1.0,0.5555556,3.0,128.0,0.4491994177583697,0.44848484848484843
1.0,0.5555556,5.0,2.0,0.4491994177583697,0.44848484848484843
1.0,0.5555556,5.0,3.0,0.4491994177583697,0.44848484848484843
1.0,0.5555556,5.0,5.0,0.4491994177583697,0.44848484848484843
1.0,0.5555556,5.0,8.0,0.4491994177583697,0.44848484848484843
1.0,0.5555556,5.0,12.0,0.4491994177583697,0.44848484848484843
1.0,0.5555556,5.0,20.0,0.4491994177583697,0.44848484848484843
1.0,0.5555556,5.0,32.0,0.4491994177583697,0.44848484848484843
1.0,0.5555556,5.0,50.0,0.4491994177583697,0.44848484848484843
1.0,0.5555556,5.0,80.0,0.4491994177583697,0.44848484848484843
1.0,0.5555556,5.0,128.0,0.4491994177583697,0.44848484848484843
1.0,0.5555556,7.0,2.0,0.4491994177583697,0.44848484848484843
1.0,0.5555556,7.0,3.0,0.4491994177583697,0.44848484848484843
1.0,0.5555556,7.0,5.0,0.4491994177583697,0.44848484848484843
1.0,0.5555556,7.0,8.0,0.4491994177583697,0.44848484848484843
1.0,0.5555556,7.0,12.0,0.4491994177583697,0.44848484848484843
1.0,0.5555556,7.0,20.0,0.4491994177583697,0.44848484848484843
1.0,0.5555556,7.0,32.0,0.4491994177583697,0.44848484848484843
1.0,0.5555556,7.0,50.0,0.4491994177583697,0.44848484848484843
1.0,0.5555556,7.0,80.0,0.4491994177583697,0.44848484848484843
1.0,0.5555556,7.0,128.0,0.4491994177583697,0.44848484848484843
1.0,0.5555556,9.0,2.0,0.4491994177583697,0.44848484848484843
1.0,0.5555556,9.0,3.0,0.4491994177583697,0.44848484848484843
1.0,0.5555556,9.0,5.0,0.4491994177583697,0.44848484848484843
1.0,0.5555556,9.0,8.0,0.4491994177583697,0.44848484848484843
1.0,0.5555556,9.0,12.0,0.4491994177583697,0.44848484848484843
1.0,0.5555556,9.0,20.0,0.4491994177583697,0.44848484848484843
1.0,0.5555556,9.0,32.0,0.4491994177583697,0.44848484848484843
1.0,0.5555556,9.0,50.0,0.4491994177583697,0.44848484848484843
1.0,0.5555556,9.0,80.0,0.4491994177583697,0.44848484848484843
1.0,0.5555556,9.0,128.0,0.4491994177583697,0.44848484848484843
1.0,0.5555556,11.0,2.0,0.4491994177583697,0.44848484848484843
1.0,0.5555556,11.0,3.0,0.4491994177583697,0.44848484848484843
1.0,0.5555556,11.0,5.0,0.4491994177583697,0.44848484848484843
1.0,0.5555556,11.0,8.0,0.4491994177583697,0.44848484848484843
1.0,0.5555556,11.0,12.0,0.4491994177583697,0.44848484848484843
1.0,0.5555556,11.0,20.0,0.4491994177583697,0.44848484848484843
1.0,0.5555556,11.0,32.0,0.4491994177583697,0.44848484848484843
1.0,0.5555556,11.0,50.0,0.4491994177583697,0.44848484848484843
1.0,0.5555556,11.0,80.0,0.4491994177583697,0.44848484848484843
1.0,0.5555556,11.0,128.0,0.4491994177583697,0.44848484848484843
1.0,0.5555556,13.0,2.0,0.4491994177583697,0.44848484848484843
1.0,0.5555556,13.0,3.0,0.4491994177583697,0.44848484848484843
1.0,0.5555556,13.0,5.0,0.4491994177583697,0.44848484848484843
1.0,0.5555556,13.0,8.0,0.4491994177583697,0.44848484848484843
1.0,0.5555556,13.0,12.0,0.4491994177583697,0.44848484848484843
1.0,0.5555556,13.0,20.0,0.4491994177583697,0.44848484848484843
1.0,0.5555556,13.0,32.0,0.4491994177583697,0.44848484848484843
1.0,0.5555556,13.0,50.0,0.4491994177583697,0.44848484848484843
1.0,0.5555556,13.0,80.0,0.4491994177583697,0.44848484848484843
1.0,0.5555556,13.0,128.0,0.4491994177583697,0.44848484848484843
1.0,0.5555556,15.0,2.0,0.4491994177583697,0.44848484848484843
1.0,0.5555556,15.0,3.0,0.4491994177583697,0.44848484848484843
1.0,0.5555556,15.0,5.0,0.4491994177583697,0.44848484848484843
1.0,0.5555556,15.0,8.0,0.4491994177583697,0.44848484848484843
1.0,0.5555556,15.0,12.0,0.4491994177583697,0.44848484848484843
1.0,0.5555556,15.0,20.0,0.4491994177583697,0.44848484848484843
1.0,0.5555556,15.0,32.0,0.4491994177583697,0.44848484848484843
1.0,0.5555556,15.0,50.0,0.4491994177583697,0.44848484848484843
1.0,0.5555556,15.0,80.0,0.4491994177583697,0.44848484848484843
1.0,0.5555556,15.0,128.0,0.4491994177583697,0.44848484848484843
1.0,0.5555556,17.0,2.0,0.4491994177583697,0.44848484848484843
1.0,0.5555556,17.0,3.0,0.4491994177583697,0.44848484848484843
1.0,0.5555556,17.0,5.0,0.4491994177583697,0.44848484848484843
1.0,0.5555556,17.0,8.0,0.4491994177583697,0.44848484848484843
1.0,0.5555556,17.0,12.0,0.4491994177583697,0.44848484848484843
1.0,0.5555556,17.0,20.0,0.4491994177583697,0.44848484848484843
1.0,0.5555556,17.0,32.0,0.4491994177583697,0.44848484848484843
1.0,0.5555556,17.0,50.0,0.4491994177583697,0.44848484848484843
1.0,0.5555556,17.0,80.0,0.4491994177583697,0.44848484848484843
1.0,0.5555556,17.0,128.0,0.4491994177583697,0.44848484848484843
1.0,0.5555556,20.0,2.0,0.4491994177583697,0.44848484848484843
1.0,0.5555556,20.0,3.0,0.4491994177583697,0.44848484848484843
1.0,0.5555556,20.0,5.0,0.4491994177583697,0.44848484848484843
1.0,0.5555556,20.0,8.0,0.4491994177583697,0.44848484848484843
1.0,0.5555556,20.0,12.0,0.4491994177583697,0.44848484848484843
1.0,0.5555556,20.0,20.0,0.4491994177583697,0.44848484848484843
1.0,0.5555556,20.0,32.0,0.4491994177583697,0.44848484848484843
1.0,0.5555556,20.0,50.0,0.4491994177583697,0.44848484848484843
1.0,0.5555556,20.0,80.0,0.4491994177583697,0.44848484848484843
1.0,0.5555556,20.0,128.0,0.4491994177583697,0.44848484848484843
1.0,0.6666667,1.0,2.0,0.4294032023289665,0.42857142857142855
1.0,0.6666667,1.0,3.0,0.4294032023289665,0.42857142857142855
1.0,0.6666667,1.0,5.0,0.4294032023289665,0.42857142857142855
1.0,0.6666667,1.0,8.0,0.4294032023289665,0.42857142857142855
1.0,0.6666667,1.0,12.0,0.4294032023289665,0.42857142857142855
1.0,0.6666667,1.0,20.0,0.4294032023289665,0.42857142857142855
1.0,0.6666667,1.0,32.0,0.4294032023289665,0.42857142857142855
1.0,0.6666667,1.0,50.0,0.4294032023289665,0.42857142857142855
1.0,0.6666667,1.0,80.0,0.4294032023289665,0.42857142857142855
1.0,0.6666667,1.0,128.0,0.4294032023289665,0.42857142857142855
1.0,0.6666667,3.0,2.0,0.4294032023289665,0.42857142857142855
1.0,0.6666667,3.0,3.0,0.4294032023289665,0.42857142857142855
1.0,0.6666667,3.0,5.0,0.4294032023289665,0.42857142857142855
1.0,0.6666667,3.0,8.0,0.4294032023289665,0.42857142857142855
1.0,0.6666667,3.0,12.0,0.4294032023289665,0.42857142857142855
1.0,0.6666667,3.0,20.0,0.4294032023289665,0.42857142857142855
1.0,0.6666667,3.0,32.0,0.4294032023289665,0.42857142857142855
1.0,0.6666667,3.0,50.0,0.4294032023289665,0.42857142857142855
1.0,0.6666667,3.0,80.0,0.4294032023289665,0.42857142857142855
1.0,0.6666667,3.0,128.0,0.4294032023289665,0.42857142857142855
1.0,0.6666667,5.0,2.0,0.4294032023289665,0.42857142857142855
1.0,0.6666667,5.0,3.0,0.4294032023289665,0.42857142857142855
1.0,0.6666667,5.0,5.0,0.4294032023289665,0.42857142857142855
1.0,0.6666667,5.0,8.0,0.4294032023289665,0.42857142857142855
1.0,0.6666667,5.0,12.0,0.4294032023289665,0.42857142857142855
1.0,0.6666667,5.0,20.0,0.4294032023289665,0.42857142857142855
1.0,0.6666667,5.0,32.0,0.4294032023289665,0.42857142857142855
1.0,0.6666667,5.0,50.0,0.4294032023289665,0.42857142857142855
1.0,0.6666667,5.0,80.0,0.4294032023289665,0.42857142857142855
1.0,0.6666667,5.0,128.0,0.4294032023289665,0.42857142857142855
1.0,0.6666667,7.0,2.0,0.4294032023289665,0.42857142857142855
1.0,0.6666667,7.0,3.0,0.4294032023289665,0.42857142857142855
1.0,0.6666667,7.0,5.0,0.4294032023289665,0.42857142857142855
1.0,0.6666667,7.0,8.0,0.4294032023289665,0.42857142857142855
1.0,0.6666667,7.0,12.0,0.4294032023289665,0.42857142857142855
1.0,0.6666667,7.0,20.0,0.4294032023289665,0.42857142857142855
1.0,0.6666667,7.0,32.0,0.4294032023289665,0.42857142857142855
1.0,0.6666667,7.0,50.0,0.4294032023289665,0.42857142857142855
1.0,0.6666667,7.0,80.0,0.4294032023289665,0.42857142857142855
1.0,0.6666667,7.0,128.0,0.4294032023289665,0.42857142857142855
1.0,0.6666667,9.0,2.0,0.4294032023289665,0.42857142857142855
1.0,0.6666667,9.0,3.0,0.4294032023289665,0.42857142857142855
1.0,0.6666667,9.0,5.0,0.4294032023289665,0.42857142857142855
1.0,0.6666667,9.0,8.0,0.4294032023289665,0.42857142857142855
1.0,0.6666667,9.0,12.0,0.4294032023289665,0.42857142857142855
1.0,0.6666667,9.0,20.0,0.4294032023289665,0.42857142857142855
1.0,0.6666667,9.0,32.0,0.4294032023289665,0.42857142857142855
1.0,0.6666667,9.0,50.0,0.4294032023289665,0.42857142857142855
1.0,0.6666667,9.0,80.0,0.4294032023289665,0.42857142857142855
1.0,0.6666667,9.0,128.0,0.4294032023289665,0.42857142857142855
1.0,0.6666667,11.0,2.0,0.4294032023289665,0.42857142857142855
1.0,0.6666667,11.0,3.0,0.4294032023289665,0.42857142857142855
1.0,0.6666667,11.0,5.0,0.4294032023289665,0.42857142857142855
1.0,0.6666667,11.0,8.0,0.4294032023289665,0.42857142857142855
1.0,0.6666667,11.0,12.0,0.4294032023289665,0.42857142857142855
1.0,0.6666667,11.0,20.0,0.4294032023289665,0.42857142857142855
1.0,0.6666667,11.0,32.0,0.4294032023289665,0.42857142857142855
1.0,0.6666667,11.0,50.0,0.4294032023289665,0.42857142857142855
1.0,0.6666667,11.0,80.0,0.4294032023289665,0.42857142857142855
1.0,0.6666667,11.0,128.0,0.4294032023289665,0.42857142857142855
1.0,0.6666667,13.0,2.0,0.4294032023289665,0.42857142857142855
1.0,0.6666667,13.0,3.0,0.4294032023289665,0.42857142857142855
1.0,0.6666667,13.0,5.0,0.4294032023289665,0.42857142857142855
1.0,0.6666667,13.0,8.0,0.4294032023289665,0.42857142857142855
1.0,0.6666667,13.0,12.0,0.4294032023289665,0.42857142857142855
1.0,0.6666667,13.0,20.0,0.4294032023289665,0.42857142857142855
1.0,0.6666667,13.0,32.0,0.4294032023289665,0.42857142857142855
1.0,0.6666667,13.0,50.0,0.4294032023289665,0.42857142857142855
1.0,0.6666667,13.0,80.0,0.4294032023289665,0.42857142857142855
1.0,0.6666667,13.0,128.0,0.4294032023289665,0.42857142857142855
1.0,0.6666667,15.0,2.0,0.4294032023289665,0.42857142857142855
1.0,0.6666667,15.0,3.0,0.4294032023289665,0.42857142857142855
1.0,0.6666667,15.0,5.0,0.4294032023289665,0.42857142857142855
1.0,0.6666667,15.0,8.0,0.4294032023289665,0.42857142857142855
1.0,0.6666667,15.0,12.0,0.4294032023289665,0.42857142857142855
1.0,0.6666667,15.0,20.0,0.4294032023289665,0.42857142857142855
1.0,0.6666667,15.0,32.0,0.4294032023289665,0.42857142857142855
1.0,0.6666667,15.0,50.0,0.4294032023289665,0.42857142857142855
1.0,0.6666667,15.0,80.0,0.4294032023289665,0.42857142857142855
1.0,0.6666667,15.0,128.0,0.4294032023289665,0.42857142857142855
1.0,0.6666667,17.0,2.0,0.4294032023289665,0.42857142857142855
1.0,0.6666667,17.0,3.0,0.4294032023289665,0.42857142857142855
1.0,0.6666667,17.0,5.0,0.4294032023289665,0.42857142857142855
1.0,0.6666667,17.0,8.0,0.4294032023289665,0.42857142857142855
1.0,0.6666667,17.0,12.0,0.4294032023289665,0.42857142857142855
1.0,0.6666667,17.0,20.0,0.4294032023289665,0.42857142857142855
1.0,0.6666667,17.0,32.0,0.4294032023289665,0.42857142857142855
1.0,0.6666667,17.0,50.0,0.4294032023289665,0.42857142857142855
1.0,0.6666667,17.0,80.0,0.4294032023289665,0.42857142857142855
1.0,0.6666667,17.0,128.0,0.4294032023289665,0.42857142857142855
1.0,0.6666667,20.0,2.0,0.4294032023289665,0.42857142857142855
1.0,0.6666667,20.0,3.0,0.4294032023289665,0.42857142857142855
1.0,0.6666667,20.0,5.0,0.4294032023289665,0.42857142857142855
1.0,0.6666667,20.0,8.0,0.4294032023289665,0.42857142857142855
1.0,0.6666667,20.0,12.0,0.4294032023289665,0.42857142857142855
1.0,0.6666667,20.0,20.0,0.4294032023289665,0.42857142857142855
1.0,0.6666667,20.0,32.0,0.4294032023289665,0.42857142857142855
1.0,0.6666667,20.0,50.0,0.4294032023289665,0.42857142857142855
1.0,0.6666667,20.0,80.0,0.4294032023289665,0.42857142857142855
1.0,0.6666667,20.0,128.0,0.4294032023289665,0.42857142857142855
1.0,0.7777778,1.0,2.0,0.4294032023289665,0.42857142857142855
1.0,0.7777778,1.0,3.0,0.4294032023289665,0.42857142857142855
1.0,0.7777778,1.0,5.0,0.4294032023289665,0.42857142857142855
1.0,0.7777778,1.0,8.0,0.4294032023289665,0.42857142857142855
1.0,0.7777778,1.0,12.0,0.4294032023289665,0.42857142857142855
1.0,0.7777778,1.0,20.0,0.4294032023289665,0.42857142857142855
1.0,0.7777778,1.0,32.0,0.4294032023289665,0.42857142857142855
1.0,0.7777778,1.0,50.0,0.4294032023289665,0.42857142857142855
1.0,0.7777778,1.0,80.0,0.4294032023289665,0.42857142857142855
1.0,0.7777778,1.0,128.0,0.4294032023289665,0.42857142857142855
1.0,0.7777778,3.0,2.0,0.4294032023289665,0.42857142857142855
1.0,0.7777778,3.0,3.0,0.4294032023289665,0.42857142857142855
1.0,0.7777778,3.0,5.0,0.4294032023289665,0.42857142857142855
1.0,0.7777778,3.0,8.0,0.4294032023289665,0.42857142857142855
1.0,0.7777778,3.0,12.0,0.4294032023289665,0.42857142857142855
1.0,0.7777778,3.0,20.0,0.4294032023289665,0.42857142857142855
1.0,0.7777778,3.0,32.0,0.4294032023289665,0.42857142857142855
1.0,0.7777778,3.0,50.0,0.4294032023289665,0.42857142857142855
1.0,0.7777778,3.0,80.0,0.4294032023289665,0.42857142857142855
1.0,0.7777778,3.0,128.0,0.4294032023289665,0.42857142857142855
1.0,0.7777778,5.0,2.0,0.4294032023289665,0.42857142857142855
1.0,0.7777778,5.0,3.0,0.4294032023289665,0.42857142857142855
1.0,0.7777778,5.0,5.0,0.4294032023289665,0.42857142857142855
1.0,0.7777778,5.0,8.0,0.4294032023289665,0.42857142857142855
1.0,0.7777778,5.0,12.0,0.4294032023289665,0.42857142857142855
1.0,0.7777778,5.0,20.0,0.4294032023289665,0.42857142857142855
1.0,0.7777778,5.0,32.0,0.4294032023289665,0.42857142857142855
1.0,0.7777778,5.0,50.0,0.4294032023289665,0.42857142857142855
1.0,0.7777778,5.0,80.0,0.4294032023289665,0.42857142857142855
1.0,0.7777778,5.0,128.0,0.4294032023289665,0.42857142857142855
1.0,0.7777778,7.0,2.0,0.4294032023289665,0.42857142857142855
1.0,0.7777778,7.0,3.0,0.4294032023289665,0.42857142857142855
1.0,0.7777778,7.0,5.0,0.4294032023289665,0.42857142857142855
1.0,0.7777778,7.0,8.0,0.4294032023289665,0.42857142857142855
1.0,0.7777778,7.0,12.0,0.4294032023289665,0.42857142857142855
1.0,0.7777778,7.0,20.0,0.4294032023289665,0.42857142857142855
1.0,0.7777778,7.0,32.0,0.4294032023289665,0.42857142857142855
1.0,0.7777778,7.0,50.0,0.4294032023289665,0.42857142857142855
1.0,0.7777778,7.0,80.0,0.4294032023289665,0.42857142857142855
1.0,0.7777778,7.0,128.0,0.4294032023289665,0.42857142857142855
1.0,0.7777778,9.0,2.0,0.4294032023289665,0.42857142857142855
1.0,0.7777778,9.0,3.0,0.4294032023289665,0.42857142857142855
1.0,0.7777778,9.0,5.0,0.4294032023289665,0.42857142857142855
1.0,0.7777778,9.0,8.0,0.4294032023289665,0.42857142857142855
1.0,0.7777778,9.0,12.0,0.4294032023289665,0.42857142857142855
1.0,0.7777778,9.0,20.0,0.4294032023289665,0.42857142857142855
1.0,0.7777778,9.0,32.0,0.4294032023289665,0.42857142857142855
1.0,0.7777778,9.0,50.0,0.4294032023289665,0.42857142857142855
1.0,0.7777778,9.0,80.0,0.4294032023289665,0.42857142857142855
1.0,0.7777778,9.0,128.0,0.4294032023289665,0.42857142857142855
1.0,0.7777778,11.0,2.0,0.4294032023289665,0.42857142857142855
1.0,0.7777778,11.0,3.0,0.4294032023289665,0.42857142857142855
1.0,0.7777778,11.0,5.0,0.4294032023289665,0.42857142857142855
1.0,0.7777778,11.0,8.0,0.4294032023289665,0.42857142857142855
1.0,0.7777778,11.0,12.0,0.4294032023289665,0.42857142857142855
1.0,0.7777778,11.0,20.0,0.4294032023289665,0.42857142857142855
1.0,0.7777778,11.0,32.0,0.4294032023289665,0.42857142857142855
1.0,0.7777778,11.0,50.0,0.4294032023289665,0.42857142857142855
1.0,0.7777778,11.0,80.0,0.4294032023289665,0.42857142857142855
1.0,0.7777778,11.0,128.0,0.4294032023289665,0.42857142857142855
1.0,0.7777778,13.0,2.0,0.4294032023289665,0.42857142857142855
1.0,0.7777778,13.0,3.0,0.4294032023289665,0.42857142857142855
1.0,0.7777778,13.0,5.0,0.4294032023289665,0.42857142857142855
1.0,0.7777778,13.0,8.0,0.4294032023289665,0.42857142857142855
1.0,0.7777778,13.0,12.0,0.4294032023289665,0.42857142857142855
1.0,0.7777778,13.0,20.0,0.4294032023289665,0.42857142857142855
1.0,0.7777778,13.0,32.0,0.4294032023289665,0.42857142857142855
1.0,0.7777778,13.0,50.0,0.4294032023289665,0.42857142857142855
1.0,0.7777778,13.0,80.0,0.4294032023289665,0.42857142857142855
1.0,0.7777778,13.0,128.0,0.4294032023289665,0.42857142857142855
1.0,0.7777778,15.0,2.0,0.4294032023289665,0.42857142857142855
1.0,0.7777778,15.0,3.0,0.4294032023289665,0.42857142857142855
1.0,0.7777778,15.0,5.0,0.4294032023289665,0.42857142857142855
1.0,0.7777778,15.0,8.0,0.4294032023289665,0.42857142857142855
1.0,0.7777778,15.0,12.0,0.4294032023289665,0.42857142857142855
1.0,0.7777778,15.0,20.0,0.4294032023289665,0.42857142857142855
1.0,0.7777778,15.0,32.0,0.4294032023289665,0.42857142857142855
1.0,0.7777778,15.0,50.0,0.4294032023289665,0.42857142857142855
1.0,0.7777778,15.0,80.0,0.4294032023289665,0.42857142857142855
1.0,0.7777778,15.0,128.0,0.4294032023289665,0.42857142857142855
1.0,0.7777778,17.0,2.0,0.4294032023289665,0.42857142857142855
1.0,0.7777778,17.0,3.0,0.4294032023289665,0.42857142857142855
1.0,0.7777778,17.0,5.0,0.4294032023289665,0.42857142857142855
1.0,0.7777778,17.0,8.0,0.4294032023289665,0.42857142857142855
1.0,0.7777778,17.0,12.0,0.4294032023289665,0.42857142857142855
1.0,0.7777778,17.0,20.0,0.4294032023289665,0.42857142857142855
1.0,0.7777778,17.0,32.0,0.4294032023289665,0.42857142857142855
1.0,0.7777778,17.0,50.0,0.4294032023289665,0.42857142857142855
1.0,0.7777778,17.0,80.0,0.4294032023289665,0.42857142857142855
1.0,0.7777778,17.0,128.0,0.4294032023289665,0.42857142857142855
1.0,0.7777778,20.0,2.0,0.4294032023289665,0.42857142857142855
1.0,0.7777778,20.0,3.0,0.4294032023289665,0.42857142857142855
1.0,0.7777778,20.0,5.0,0.4294032023289665,0.42857142857142855
1.0,0.7777778,20.0,8.0,0.4294032023289665,0.42857142857142855
1.0,0.7777778,20.0,12.0,0.4294032023289665,0.42857142857142855
1.0,0.7777778,20.0,20.0,0.4294032023289665,0.42857142857142855
1.0,0.7777778,20.0,32.0,0.4294032023289665,0.42857142857142855
1.0,0.7777778,20.0,50.0,0.4294032023289665,0.42857142857142855
1.0,0.7777778,20.0,80.0,0.4294032023289665,0.42857142857142855
1.0,0.7777778,20.0,128.0,0.4294032023289665,0.42857142857142855
1.0,0.8888889,1.0,2.0,0.4294032023289665,0.42857142857142855
1.0,0.8888889,1.0,3.0,0.4294032023289665,0.42857142857142855
1.0,0.8888889,1.0,5.0,0.4294032023289665,0.42857142857142855
1.0,0.8888889,1.0,8.0,0.4294032023289665,0.42857142857142855
1.0,0.8888889,1.0,12.0,0.4294032023289665,0.42857142857142855
1.0,0.8888889,1.0,20.0,0.4294032023289665,0.42857142857142855
1.0,0.8888889,1.0,32.0,0.4294032023289665,0.42857142857142855
1.0,0.8888889,1.0,50.0,0.4294032023289665,0.42857142857142855
1.0,0.8888889,1.0,80.0,0.4294032023289665,0.42857142857142855
1.0,0.8888889,1.0,128.0,0.4294032023289665,0.42857142857142855
1.0,0.8888889,3.0,2.0,0.4294032023289665,0.42857142857142855
1.0,0.8888889,3.0,3.0,0.4294032023289665,0.42857142857142855
1.0,0.8888889,3.0,5.0,0.4294032023289665,0.42857142857142855
1.0,0.8888889,3.0,8.0,0.4294032023289665,0.42857142857142855
1.0,0.8888889,3.0,12.0,0.4294032023289665,0.42857142857142855
1.0,0.8888889,3.0,20.0,0.4294032023289665,0.42857142857142855
1.0,0.8888889,3.0,32.0,0.4294032023289665,0.42857142857142855
1.0,0.8888889,3.0,50.0,0.4294032023289665,0.42857142857142855
1.0,0.8888889,3.0,80.0,0.4294032023289665,0.42857142857142855
1.0,0.8888889,3.0,128.0,0.4294032023289665,0.42857142857142855
1.0,0.8888889,5.0,2.0,0.4294032023289665,0.42857142857142855
1.0,0.8888889,5.0,3.0,0.4294032023289665,0.42857142857142855
1.0,0.8888889,5.0,5.0,0.4294032023289665,0.42857142857142855
1.0,0.8888889,5.0,8.0,0.4294032023289665,0.42857142857142855
1.0,0.8888889,5.0,12.0,0.4294032023289665,0.42857142857142855
1.0,0.8888889,5.0,20.0,0.4294032023289665,0.42857142857142855
1.0,0.8888889,5.0,32.0,0.4294032023289665,0.42857142857142855
1.0,0.8888889,5.0,50.0,0.4294032023289665,0.42857142857142855
1.0,0.8888889,5.0,80.0,0.4294032023289665,0.42857142857142855
1.0,0.8888889,5.0,128.0,0.4294032023289665,0.42857142857142855
1.0,0.8888889,7.0,2.0,0.4294032023289665,0.42857142857142855
1.0,0.8888889,7.0,3.0,0.4294032023289665,0.42857142857142855
1.0,0.8888889,7.0,5.0,0.4294032023289665,0.42857142857142855
1.0,0.8888889,7.0,8.0,0.4294032023289665,0.42857142857142855
1.0,0.8888889,7.0,12.0,0.4294032023289665,0.42857142857142855
1.0,0.8888889,7.0,20.0,0.4294032023289665,0.42857142857142855
1.0,0.8888889,7.0,32.0,0.4294032023289665,0.42857142857142855
1.0,0.8888889,7.0,50.0,0.4294032023289665,0.42857142857142855
1.0,0.8888889,7.0,80.0,0.4294032023289665,0.42857142857142855
1.0,0.8888889,7.0,128.0,0.4294032023289665,0.42857142857142855
1.0,0.8888889,9.0,2.0,0.4294032023289665,0.42857142857142855
1.0,0.8888889,9.0,3.0,0.4294032023289665,0.42857142857142855
1.0,0.8888889,9.0,5.0,0.4294032023289665,0.42857142857142855
1.0,0.8888889,9.0,8.0,0.4294032023289665,0.42857142857142855
1.0,0.8888889,9.0,12.0,0.4294032023289665,0.42857142857142855
1.0,0.8888889,9.0,20.0,0.4294032023289665,0.42857142857142855
1.0,0.8888889,9.0,32.0,0.4294032023289665,0.42857142857142855
1.0,0.8888889,9.0,50.0,0.4294032023289665,0.42857142857142855
1.0,0.8888889,9.0,80.0,0.4294032023289665,0.42857142857142855
1.0,0.8888889,9.0,128.0,0.4294032023289665,0.42857142857142855
1.0,0.8888889,11.0,2.0,0.4294032023289665,0.42857142857142855
1.0,0.8888889,11.0,3.0,0.4294032023289665,0.42857142857142855
1.0,0.8888889,11.0,5.0,0.4294032023289665,0.42857142857142855
1.0,0.8888889,11.0,8.0,0.4294032023289665,0.42857142857142855
1.0,0.8888889,11.0,12.0,0.4294032023289665,0.42857142857142855
1.0,0.8888889,11.0,20.0,0.4294032023289665,0.42857142857142855
1.0,0.8888889,11.0,32.0,0.4294032023289665,0.42857142857142855
1.0,0.8888889,11.0,50.0,0.4294032023289665,0.42857142857142855
1.0,0.8888889,11.0,80.0,0.4294032023289665,0.42857142857142855
1.0,0.8888889,11.0,128.0,0.4294032023289665,0.42857142857142855
1.0,0.8888889,13.0,2.0,0.4294032023289665,0.42857142857142855
1.0,0.8888889,13.0,3.0,0.4294032023289665,0.42857142857142855
1.0,0.8888889,13.0,5.0,0.4294032023289665,0.42857142857142855
1.0,0.8888889,13.0,8.0,0.4294032023289665,0.42857142857142855
1.0,0.8888889,13.0,12.0,0.4294032023289665,0.42857142857142855
1.0,0.8888889,13.0,20.0,0.4294032023289665,0.42857142857142855
1.0,0.8888889,13.0,32.0,0.4294032023289665,0.42857142857142855
1.0,0.8888889,13.0,50.0,0.4294032023289665,0.42857142857142855
1.0,0.8888889,13.0,80.0,0.4294032023289665,0.42857142857142855
1.0,0.8888889,13.0,128.0,0.4294032023289665,0.42857142857142855
1.0,0.8888889,15.0,2.0,0.4294032023289665,0.42857142857142855
1.0,0.8888889,15.0,3.0,0.4294032023289665,0.42857142857142855
1.0,0.8888889,15.0,5.0,0.4294032023289665,0.42857142857142855
1.0,0.8888889,15.0,8.0,0.4294032023289665,0.42857142857142855
1.0,0.8888889,15.0,12.0,0.4294032023289665,0.42857142857142855
1.0,0.8888889,15.0,20.0,0.4294032023289665,0.42857142857142855
1.0,0.8888889,15.0,32.0,0.4294032023289665,0.42857142857142855
1.0,0.8888889,15.0,50.0,0.4294032023289665,0.42857142857142855
1.0,0.8888889,15.0,80.0,0.4294032023289665,0.42857142857142855
1.0,0.8888889,15.0,128.0,0.4294032023289665,0.42857142857142855
1.0,0.8888889,17.0,2.0,0.4294032023289665,0.42857142857142855
1.0,0.8888889,17.0,3.0,0.4294032023289665,0.42857142857142855
1.0,0.8888889,17.0,5.0,0.4294032023289665,0.42857142857142855
1.0,0.8888889,17.0,8.0,0.4294032023289665,0.42857142857142855
1.0,0.8888889,17.0,12.0,0.4294032023289665,0.42857142857142855
1.0,0.8888889,17.0,20.0,0.4294032023289665,0.42857142857142855
1.0,0.8888889,17.0,32.0,0.4294032023289665,0.42857142857142855
1.0,0.8888889,17.0,50.0,0.4294032023289665,0.42857142857142855
1.0,0.8888889,17.0,80.0,0.4294032023289665,0.42857142857142855
1.0,0.8888889,17.0,128.0,0.4294032023289665,0.42857142857142855
1.0,0.8888889,20.0,2.0,0.4294032023289665,0.42857142857142855
1.0,0.8888889,20.0,3.0,0.4294032023289665,0.42857142857142855
1.0,0.8888889,20.0,5.0,0.4294032023289665,0.42857142857142855
1.0,0.8888889,20.0,8.0,0.4294032023289665,0.42857142857142855
1.0,0.8888889,20.0,12.0,0.4294032023289665,0.42857142857142855
1.0,0.8888889,20.0,20.0,0.4294032023289665,0.42857142857142855
1.0,0.8888889,20.0,32.0,0.4294032023289665,0.42857142857142855
1.0,0.8888889,20.0,50.0,0.4294032023289665,0.42857142857142855
1.0,0.8888889,20.0,80.0,0.4294032023289665,0.42857142857142855
1.0,0.8888889,20.0,128.0,0.4294032023289665,0.42857142857142855
1.0,1.0,1.0,2.0,0.4294032023289665,0.42857142857142855
1.0,1.0,1.0,3.0,0.4294032023289665,0.42857142857142855
1.0,1.0,1.0,5.0,0.4294032023289665,0.42857142857142855
1.0,1.0,1.0,8.0,0.4294032023289665,0.42857142857142855
1.0,1.0,1.0,12.0,0.4294032023289665,0.42857142857142855
1.0,1.0,1.0,20.0,0.4294032023289665,0.42857142857142855
1.0,1.0,1.0,32.0,0.4294032023289665,0.42857142857142855
1.0,1.0,1.0,50.0,0.4294032023289665,0.42857142857142855
1.0,1.0,1.0,80.0,0.4294032023289665,0.42857142857142855
1.0,1.0,1.0,128.0,0.4294032023289665,0.42857142857142855
1.0,1.0,3.0,2.0,0.4294032023289665,0.42857142857142855
1.0,1.0,3.0,3.0,0.4294032023289665,0.42857142857142855
1.0,1.0,3.0,5.0,0.4294032023289665,0.42857142857142855
1.0,1.0,3.0,8.0,0.4294032023289665,0.42857142857142855
1.0,1.0,3.0,12.0,0.4294032023289665,0.42857142857142855
1.0,1.0,3.0,20.0,0.4294032023289665,0.42857142857142855
1.0,1.0,3.0,32.0,0.4294032023289665,0.42857142857142855
1.0,1.0,3.0,50.0,0.4294032023289665,0.42857142857142855
1.0,1.0,3.0,80.0,0.4294032023289665,0.42857142857142855
1.0,1.0,3.0,128.0,0.4294032023289665,0.42857142857142855
1.0,1.0,5.0,2.0,0.4294032023289665,0.42857142857142855
1.0,1.0,5.0,3.0,0.4294032023289665,0.42857142857142855
1.0,1.0,5.0,5.0,0.4294032023289665,0.42857142857142855
1.0,1.0,5.0,8.0,0.4294032023289665,0.42857142857142855
1.0,1.0,5.0,12.0,0.4294032023289665,0.42857142857142855
1.0,1.0,5.0,20.0,0.4294032023289665,0.42857142857142855
1.0,1.0,5.0,32.0,0.4294032023289665,0.42857142857142855
1.0,1.0,5.0,50.0,0.4294032023289665,0.42857142857142855
1.0,1.0,5.0,80.0,0.4294032023289665,0.42857142857142855
1.0,1.0,5.0,128.0,0.4294032023289665,0.42857142857142855
1.0,1.0,7.0,2.0,0.4294032023289665,0.42857142857142855
1.0,1.0,7.0,3.0,0.4294032023289665,0.42857142857142855
1.0,1.0,7.0,5.0,0.4294032023289665,0.42857142857142855
1.0,1.0,7.0,8.0,0.4294032023289665,0.42857142857142855
1.0,1.0,7.0,12.0,0.4294032023289665,0.42857142857142855
1.0,1.0,7.0,20.0,0.4294032023289665,0.42857142857142855
1.0,1.0,7.0,32.0,0.4294032023289665,0.42857142857142855
1.0,1.0,7.0,50.0,0.4294032023289665,0.42857142857142855
1.0,1.0,7.0,80.0,0.4294032023289665,0.42857142857142855
1.0,1.0,7.0,128.0,0.4294032023289665,0.42857142857142855
1.0,1.0,9.0,2.0,0.4294032023289665,0.42857142857142855
1.0,1.0,9.0,3.0,0.4294032023289665,0.42857142857142855
1.0,1.0,9.0,5.0,0.4294032023289665,0.42857142857142855
1.0,1.0,9.0,8.0,0.4294032023289665,0.42857142857142855
1.0,1.0,9.0,12.0,0.4294032023289665,0.42857142857142855
1.0,1.0,9.0,20.0,0.4294032023289665,0.42857142857142855
1.0,1.0,9.0,32.0,0.4294032023289665,0.42857142857142855
1.0,1.0,9.0,50.0,0.4294032023289665,0.42857142857142855
1.0,1.0,9.0,80.0,0.4294032023289665,0.42857142857142855
1.0,1.0,9.0,128.0,0.4294032023289665,0.42857142857142855
1.0,1.0,11.0,2.0,0.4294032023289665,0.42857142857142855
1.0,1.0,11.0,3.0,0.4294032023289665,0.42857142857142855
1.0,1.0,11.0,5.0,0.4294032023289665,0.42857142857142855
1.0,1.0,11.0,8.0,0.4294032023289665,0.42857142857142855
1.0,1.0,11.0,12.0,0.4294032023289665,0.42857142857142855
1.0,1.0,11.0,20.0,0.4294032023289665,0.42857142857142855
1.0,1.0,11.0,32.0,0.4294032023289665,0.42857142857142855
1.0,1.0,11.0,50.0,0.4294032023289665,0.42857142857142855
1.0,1.0,11.0,80.0,0.4294032023289665,0.42857142857142855
1.0,1.0,11.0,128.0,0.4294032023289665,0.42857142857142855
1.0,1.0,13.0,2.0,0.4294032023289665,0.42857142857142855
1.0,1.0,13.0,3.0,0.4294032023289665,0.42857142857142855
1.0,1.0,13.0,5.0,0.4294032023289665,0.42857142857142855
1.0,1.0,13.0,8.0,0.4294032023289665,0.42857142857142855
1.0,1.0,13.0,12.0,0.4294032023289665,0.42857142857142855
1.0,1.0,13.0,20.0,0.4294032023289665,0.42857142857142855
1.0,1.0,13.0,32.0,0.4294032023289665,0.42857142857142855
1.0,1.0,13.0,50.0,0.4294032023289665,0.42857142857142855
1.0,1.0,13.0,80.0,0.4294032023289665,0.42857142857142855
1.0,1.0,13.0,128.0,0.4294032023289665,0.42857142857142855
1.0,1.0,15.0,2.0,0.4294032023289665,0.42857142857142855
1.0,1.0,15.0,3.0,0.4294032023289665,0.42857142857142855
1.0,1.0,15.0,5.0,0.4294032023289665,0.42857142857142855
1.0,1.0,15.0,8.0,0.4294032023289665,0.42857142857142855
1.0,1.0,15.0,12.0,0.4294032023289665,0.42857142857142855
1.0,1.0,15.0,20.0,0.4294032023289665,0.42857142857142855
1.0,1.0,15.0,32.0,0.4294032023289665,0.42857142857142855
1.0,1.0,15.0,50.0,0.4294032023289665,0.42857142857142855
1.0,1.0,15.0,80.0,0.4294032023289665,0.42857142857142855
1.0,1.0,15.0,128.0,0.4294032023289665,0.42857142857142855
1.0,1.0,17.0,2.0,0.4294032023289665,0.42857142857142855
1.0,1.0,17.0,3.0,0.4294032023289665,0.42857142857142855
1.0,1.0,17.0,5.0,0.4294032023289665,0.42857142857142855
1.0,1.0,17.0,8.0,0.4294032023289665,0.42857142857142855
1.0,1.0,17.0,12.0,0.4294032023289665,0.42857142857142855
1.0,1.0,17.0,20.0,0.4294032023289665,0.42857142857142855
1.0,1.0,17.0,32.0,0.4294032023289665,0.42857142857142855
1.0,1.0,17.0,50.0,0.4294032023289665,0.42857142857142855
1.0,1.0,17.0,80.0,0.4294032023289665,0.42857142857142855
1.0,1.0,17.0,128.0,0.4294032023289665,0.42857142857142855
1.0,1.0,20.0,2.0,0.4294032023289665,0.42857142857142855
1.0,1.0,20.0,3.0,0.4294032023289665,0.42857142857142855
1.0,1.0,20.0,5.0,0.4294032023289665,0.42857142857142855
1.0,1.0,20.0,8.0,0.4294032023289665,0.42857142857142855
1.0,1.0,20.0,12.0,0.4294032023289665,0.42857142857142855
1.0,1.0,20.0,20.0,0.4294032023289665,0.42857142857142855
1.0,1.0,20.0,32.0,0.4294032023289665,0.42857142857142855
1.0,1.0,20.0,50.0,0.4294032023289665,0.42857142857142855
1.0,1.0,20.0,80.0,0.4294032023289665,0.42857142857142855
1.0,1.0,20.0,128.0,0.4294032023289665,0.42857142857142855
2.0,0.0,1.0,2.0,0.7266375545851529,0.7255411255411255
2.0,0.0,1.0,3.0,0.7266375545851529,0.7255411255411255
2.0,0.0,1.0,5.0,0.7266375545851529,0.7255411255411255
2.0,0.0,1.0,8.0,0.7266375545851529,0.7255411255411255
2.0,0.0,1.0,12.0,0.7266375545851529,0.7255411255411255
2.0,0.0,1.0,20.0,0.7266375545851529,0.7255411255411255
2.0,0.0,1.0,32.0,0.7266375545851529,0.7255411255411255
2.0,0.0,1.0,50.0,0.7266375545851529,0.7255411255411255
2.0,0.0,1.0,80.0,0.7266375545851529,0.7246753246753247
2.0,0.0,1.0,128.0,0.7266375545851529,0.7246753246753247
2.0,0.0,3.0,2.0,0.7266375545851529,0.7246753246753247
2.0,0.0,3.0,3.0,0.7266375545851529,0.7246753246753247
2.0,0.0,3.0,5.0,0.7266375545851529,0.7246753246753247
2.0,0.0,3.0,8.0,0.7266375545851529,0.7246753246753247
2.0,0.0,3.0,12.0,0.7266375545851529,0.7246753246753247
2.0,0.0,3.0,20.0,0.7266375545851529,0.7246753246753247
2.0,0.0,3.0,32.0,0.7266375545851529,0.7246753246753247
2.0,0.0,3.0,50.0,0.7266375545851529,0.7246753246753247
2.0,0.0,3.0,80.0,0.7266375545851529,0.7238095238095238
2.0,0.0,3.0,128.0,0.7266375545851529,0.7238095238095238
2.0,0.0,5.0,2.0,0.726928675400291,0.7246753246753247
2.0,0.0,5.0,3.0,0.726928675400291,0.7246753246753247
2.0,0.0,5.0,5.0,0.726928675400291,0.7246753246753247
2.0,0.0,5.0,8.0,0.726928675400291,0.7246753246753247
2.0,0.0,5.0,12.0,0.726928675400291,0.7246753246753247
2.0,0.0,5.0,20.0,0.726928675400291,0.7246753246753247
2.0,0.0,5.0,32.0,0.726928675400291,0.7246753246753247
2.0,0.0,5.0,50.0,0.726928675400291,0.7246753246753247
2.0,0.0,5.0,80.0,0.726928675400291,0.7238095238095238
2.0,0.0,5.0,128.0,0.726928675400291,0.7238095238095238
2.0,0.0,7.0,2.0,0.7266375545851529,0.7246753246753247
2.0,0.0,7.0,3.0,0.7266375545851529,0.7246753246753247
2.0,0.0,7.0,5.0,0.7266375545851529,0.7246753246753247
2.0,0.0,7.0,8.0,0.7266375545851529,0.7246753246753247
2.0,0.0,7.0,12.0,0.7266375545851529,0.7246753246753247
2.0,0.0,7.0,20.0,0.7266375545851529,0.7246753246753247
2.0,0.0,7.0,32.0,0.7266375545851529,0.7246753246753247
2.0,0.0,7.0,50.0,0.7266375545851529,0.7246753246753247
2.0,0.0,7.0,80.0,0.7266375545851529,0.7238095238095238
2.0,0.0,7.0,128.0,0.7266375545851529,0.7238095238095238
2.0,0.0,9.0,2.0,0.726928675400291,0.7246753246753247
2.0,0.0,9.0,3.0,0.726928675400291,0.7246753246753247
2.0,0.0,9.0,5.0,0.726928675400291,0.7246753246753247
2.0,0.0,9.0,8.0,0.726928675400291,0.7246753246753247
2.0,0.0,9.0,12.0,0.726928675400291,0.7246753246753247
2.0,0.0,9.0,20.0,0.726928675400291,0.7246753246753247
2.0,0.0,9.0,32.0,0.726928675400291,0.7246753246753247
2.0,0.0,9.0,50.0,0.726928675400291,0.7246753246753247
2.0,0.0,9.0,80.0,0.726928675400291,0.7238095238095238
2.0,0.0,9.0,128.0,0.726928675400291,0.7238095238095238
2.0,0.0,11.0,2.0,0.7263464337700145,0.7255411255411255
2.0,0.0,11.0,3.0,0.7263464337700145,0.7255411255411255
2.0,0.0,11.0,5.0,0.7263464337700145,0.7255411255411255
2.0,0.0,11.0,8.0,0.7263464337700145,0.7255411255411255
2.0,0.0,11.0,12.0,0.7263464337700145,0.7255411255411255
2.0,0.0,11.0,20.0,0.7263464337700145,0.7255411255411255
2.0,0.0,11.0,32.0,0.7263464337700145,0.7255411255411255
2.0,0.0,11.0,50.0,0.7263464337700145,0.7255411255411255
2.0,0.0,11.0,80.0,0.7263464337700145,0.7246753246753247
2.0,0.0,11.0,128.0,0.7263464337700145,0.7246753246753247
2.0,0.0,13.0,2.0,0.7260553129548762,0.7246753246753247
2.0,0.0,13.0,3.0,0.7260553129548762,0.7246753246753247
2.0,0.0,13.0,5.0,0.7260553129548762,0.7246753246753247
2.0,0.0,13.0,8.0,0.7260553129548762,0.7246753246753247
2.0,0.0,13.0,12.0,0.7260553129548762,0.7246753246753247
2.0,0.0,13.0,20.0,0.7260553129548762,0.7246753246753247
2.0,0.0,13.0,32.0,0.7260553129548762,0.7246753246753247
2.0,0.0,13.0,50.0,0.7260553129548762,0.7246753246753247
2.0,0.0,13.0,80.0,0.7260553129548762,0.7238095238095238
2.0,0.0,13.0,128.0,0.7260553129548762,0.7238095238095238
2.0,0.0,15.0,2.0,0.7263464337700145,0.7238095238095238
2.0,0.0,15.0,3.0,0.7263464337700145,0.7238095238095238
2.0,0.0,15.0,5.0,0.7263464337700145,0.7238095238095238
2.0,0.0,15.0,8.0,0.7263464337700145,0.7238095238095238
2.0,0.0,15.0,12.0,0.7263464337700145,0.7238095238095238
2.0,0.0,15.0,20.0,0.7263464337700145,0.7238095238095238
2.0,0.0,15.0,32.0,0.7263464337700145,0.7238095238095238
2.0,0.0,15.0,50.0,0.7263464337700145,0.7238095238095238
2.0,0.0,15.0,80.0,0.7263464337700145,0.7229437229437229
2.0,0.0,15.0,128.0,0.7263464337700145,0.7229437229437229
2.0,0.0,17.0,2.0,0.7263464337700145,0.7238095238095238
2.0,0.0,17.0,3.0,0.7263464337700145,0.7238095238095238
2.0,0.0,17.0,5.0,0.7263464337700145,0.7238095238095238
2.0,0.0,17.0,8.0,0.7263464337700145,0.7238095238095238
2.0,0.0,17.0,12.0,0.7263464337700145,0.7238095238095238
2.0,0.0,17.0,20.0,0.7263464337700145,0.7238095238095238
2.0,0.0,17.0,32.0,0.7263464337700145,0.7238095238095238
2.0,0.0,17.0,50.0,0.7263464337700145,0.7238095238095238
2.0,0.0,17.0,80.0,0.7263464337700145,0.7229437229437229
2.0,0.0,17.0,128.0,0.7263464337700145,0.7229437229437229
2.0,0.0,20.0,2.0,0.725764192139738,0.7238095238095238
2.0,0.0,20.0,3.0,0.725764192139738,0.7238095238095238
2.0,0.0,20.0,5.0,0.725764192139738,0.7238095238095238
2.0,0.0,20.0,8.0,0.725764192139738,0.7238095238095238
2.0,0.0,20.0,12.0,0.725764192139738,0.7238095238095238
2.0,0.0,20.0,20.0,0.725764192139738,0.7238095238095238
2.0,0.0,20.0,32.0,0.725764192139738,0.7238095238095238
2.0,0.0,20.0,50.0,0.725764192139738,0.7238095238095238
2.0,0.0,20.0,80.0,0.725764192139738,0.7229437229437229
2.0,0.0,20.0,128.0,0.725764192139738,0.7229437229437229
2.0,0.11111111,1.0,2.0,0.7266375545851529,0.7255411255411255
2.0,0.11111111,1.0,3.0,0.7266375545851529,0.7255411255411255
2.0,0.11111111,1.0,5.0,0.7266375545851529,0.7255411255411255
2.0,0.11111111,1.0,8.0,0.7266375545851529,0.7255411255411255
2.0,0.11111111,1.0,12.0,0.7266375545851529,0.7255411255411255
2.0,0.11111111,1.0,20.0,0.7266375545851529,0.7255411255411255
2.0,0.11111111,1.0,32.0,0.7266375545851529,0.7255411255411255
2.0,0.11111111,1.0,50.0,0.7266375545851529,0.7255411255411255
2.0,0.11111111,1.0,80.0,0.7266375545851529,0.7246753246753247
2.0,0.11111111,1.0,128.0,0.7266375545851529,0.7246753246753247
2.0,0.11111111,3.0,2.0,0.7266375545851529,0.7246753246753247
2.0,0.11111111,3.0,3.0,0.7266375545851529,0.7246753246753247
2.0,0.11111111,3.0,5.0,0.7266375545851529,0.7246753246753247
2.0,0.11111111,3.0,8.0,0.7266375545851529,0.7246753246753247
2.0,0.11111111,3.0,12.0,0.7266375545851529,0.7246753246753247
2.0,0.11111111,3.0,20.0,0.7266375545851529,0.7246753246753247
2.0,0.11111111,3.0,32.0,0.7266375545851529,0.7246753246753247
2.0,0.11111111,3.0,50.0,0.7266375545851529,0.7246753246753247
2.0,0.11111111,3.0,80.0,0.7266375545851529,0.7238095238095238
2.0,0.11111111,3.0,128.0,0.7266375545851529,0.7238095238095238
2.0,0.11111111,5.0,2.0,0.726928675400291,0.7246753246753247
2.0,0.11111111,5.0,3.0,0.726928675400291,0.7246753246753247
2.0,0.11111111,5.0,5.0,0.726928675400291,0.7246753246753247
2.0,0.11111111,5.0,8.0,0.726928675400291,0.7246753246753247
2.0,0.11111111,5.0,12.0,0.726928675400291,0.7246753246753247
2.0,0.11111111,5.0,20.0,0.726928675400291,0.7246753246753247
2.0,0.11111111,5.0,32.0,0.726928675400291,0.7246753246753247
2.0,0.11111111,5.0,50.0,0.726928675400291,0.7246753246753247
2.0,0.11111111,5.0,80.0,0.726928675400291,0.7238095238095238
2.0,0.11111111,5.0,128.0,0.726928675400291,0.7238095238095238
2.0,0.11111111,7.0,2.0,0.7266375545851529,0.7246753246753247
2.0,0.11111111,7.0,3.0,0.7266375545851529,0.7246753246753247
2.0,0.11111111,7.0,5.0,0.7266375545851529,0.7246753246753247
2.0,0.11111111,7.0,8.0,0.7266375545851529,0.7246753246753247
2.0,0.11111111,7.0,12.0,0.7266375545851529,0.7246753246753247
2.0,0.11111111,7.0,20.0,0.7266375545851529,0.7246753246753247
2.0,0.11111111,7.0,32.0,0.7266375545851529,0.7246753246753247
2.0,0.11111111,7.0,50.0,0.7266375545851529,0.7246753246753247
2.0,0.11111111,7.0,80.0,0.7266375545851529,0.7238095238095238
2.0,0.11111111,7.0,128.0,0.7266375545851529,0.7238095238095238
2.0,0.11111111,9.0,2.0,0.726928675400291,0.7246753246753247
2.0,0.11111111,9.0,3.0,0.726928675400291,0.7246753246753247
2.0,0.11111111,9.0,5.0,0.726928675400291,0.7246753246753247
2.0,0.11111111,9.0,8.0,0.726928675400291,0.7246753246753247
2.0,0.11111111,9.0,12.0,0.726928675400291,0.7246753246753247
2.0,0.11111111,9.0,20.0,0.726928675400291,0.7246753246753247
2.0,0.11111111,9.0,32.0,0.726928675400291,0.7246753246753247
2.0,0.11111111,9.0,50.0,0.726928675400291,0.7246753246753247
2.0,0.11111111,9.0,80.0,0.726928675400291,0.7238095238095238
2.0,0.11111111,9.0,128.0,0.726928675400291,0.7238095238095238
2.0,0.11111111,11.0,2.0,0.7263464337700145,0.7255411255411255
2.0,0.11111111,11.0,3.0,0.7263464337700145,0.7255411255411255
2.0,0.11111111,11.0,5.0,0.7263464337700145,0.7255411255411255
2.0,0.11111111,11.0,8.0,0.7263464337700145,0.7255411255411255
2.0,0.11111111,11.0,12.0,0.7263464337700145,0.7255411255411255
2.0,0.11111111,11.0,20.0,0.7263464337700145,0.7255411255411255
2.0,0.11111111,11.0,32.0,0.7263464337700145,0.7255411255411255
2.0,0.11111111,11.0,50.0,0.7263464337700145,0.7255411255411255
2.0,0.11111111,11.0,80.0,0.7263464337700145,0.7246753246753247
2.0,0.11111111,11.0,128.0,0.7263464337700145,0.7246753246753247
2.0,0.11111111,13.0,2.0,0.7260553129548762,0.7246753246753247
2.0,0.11111111,13.0,3.0,0.7260553129548762,0.7246753246753247
2.0,0.11111111,13.0,5.0,0.7260553129548762,0.7246753246753247
2.0,0.11111111,13.0,8.0,0.7260553129548762,0.7246753246753247
2.0,0.11111111,13.0,12.0,0.7260553129548762,0.7246753246753247
2.0,0.11111111,13.0,20.0,0.7260553129548762,0.7246753246753247
2.0,0.11111111,13.0,32.0,0.7260553129548762,0.7246753246753247
2.0,0.11111111,13.0,50.0,0.7260553129548762,0.7246753246753247
2.0,0.11111111,13.0,80.0,0.7260553129548762,0.7238095238095238
2.0,0.11111111,13.0,128.0,0.7260553129548762,0.7238095238095238
2.0,0.11111111,15.0,2.0,0.7263464337700145,0.7238095238095238
2.0,0.11111111,15.0,3.0,0.7263464337700145,0.7238095238095238
2.0,0.11111111,15.0,5.0,0.7263464337700145,0.7238095238095238
2.0,0.11111111,15.0,8.0,0.7263464337700145,0.7238095238095238
2.0,0.11111111,15.0,12.0,0.7263464337700145,0.7238095238095238
2.0,0.11111111,15.0,20.0,0.7263464337700145,0.7238095238095238
2.0,0.11111111,15.0,32.0,0.7263464337700145,0.7238095238095238
2.0,0.11111111,15.0,50.0,0.7263464337700145,0.7238095238095238
2.0,0.11111111,15.0,80.0,0.7263464337700145,0.7229437229437229
2.0,0.11111111,15.0,128.0,0.7263464337700145,0.7229437229437229
2.0,0.11111111,17.0,2.0,0.7263464337700145,0.7238095238095238
2.0,0.11111111,17.0,3.0,0.7263464337700145,0.7238095238095238
2.0,0.11111111,17.0,5.0,0.7263464337700145,0.7238095238095238
2.0,0.11111111,17.0,8.0,0.7263464337700145,0.7238095238095238
2.0,0.11111111,17.0,12.0,0.7263464337700145,0.7238095238095238
2.0,0.11111111,17.0,20.0,0.7263464337700145,0.7238095238095238
2.0,0.11111111,17.0,32.0,0.7263464337700145,0.7238095238095238
2.0,0.11111111,17.0,50.0,0.7263464337700145,0.7238095238095238
2.0,0.11111111,17.0,80.0,0.7263464337700145,0.7229437229437229
2.0,0.11111111,17.0,128.0,0.7263464337700145,0.7229437229437229
2.0,0.11111111,20.0,2.0,0.725764192139738,0.7238095238095238
2.0,0.11111111,20.0,3.0,0.725764192139738,0.7238095238095238
2.0,0.11111111,20.0,5.0,0.725764192139738,0.7238095238095238
2.0,0.11111111,20.0,8.0,0.725764192139738,0.7238095238095238
2.0,0.11111111,20.0,12.0,0.725764192139738,0.7238095238095238
2.0,0.11111111,20.0,20.0,0.725764192139738,0.7238095238095238
2.0,0.11111111,20.0,32.0,0.725764192139738,0.7238095238095238
2.0,0.11111111,20.0,50.0,0.725764192139738,0.7238095238095238
2.0,0.11111111,20.0,80.0,0.725764192139738,0.7229437229437229
2.0,0.11111111,20.0,128.0,0.725764192139738,0.7229437229437229
2.0,0.22222222,1.0,2.0,0.7272197962154294,0.7168831168831169
2.0,0.22222222,1.0,3.0,0.7272197962154294,0.7168831168831169
2.0,0.22222222,1.0,5.0,0.7272197962154294,0.7168831168831169
2.0,0.22222222,1.0,8.0,0.7272197962154294,0.7168831168831169
2.0,0.22222222,1.0,12.0,0.7272197962154294,0.7168831168831169
2.0,0.22222222,1.0,20.0,0.7272197962154294,0.7168831168831169
2.0,0.22222222,1.0,32.0,0.7272197962154294,0.7168831168831169
2.0,0.22222222,1.0,50.0,0.7272197962154294,0.7168831168831169
2.0,0.22222222,1.0,80.0,0.7272197962154294,0.7168831168831169
2.0,0.22222222,1.0,128.0,0.7272197962154294,0.7168831168831169
2.0,0.22222222,3.0,2.0,0.7263464337700146,0.7168831168831169
2.0,0.22222222,3.0,3.0,0.7263464337700146,0.7168831168831169
2.0,0.22222222,3.0,5.0,0.7263464337700146,0.7168831168831169
2.0,0.22222222,3.0,8.0,0.7263464337700146,0.7168831168831169
2.0,0.22222222,3.0,12.0,0.7263464337700146,0.7168831168831169
2.0,0.22222222,3.0,20.0,0.7263464337700146,0.7168831168831169
2.0,0.22222222,3.0,32.0,0.7263464337700146,0.7168831168831169
2.0,0.22222222,3.0,50.0,0.7263464337700146,0.7168831168831169
2.0,0.22222222,3.0,80.0,0.7263464337700146,0.7168831168831169
2.0,0.22222222,3.0,128.0,0.7263464337700146,0.7168831168831169
2.0,0.22222222,5.0,2.0,0.7260553129548762,0.7168831168831169
2.0,0.22222222,5.0,3.0,0.7260553129548762,0.7168831168831169
2.0,0.22222222,5.0,5.0,0.7260553129548762,0.7168831168831169
2.0,0.22222222,5.0,8.0,0.7260553129548762,0.7168831168831169
2.0,0.22222222,5.0,12.0,0.7260553129548762,0.7168831168831169
2.0,0.22222222,5.0,20.0,0.7260553129548762,0.7168831168831169
2.0,0.22222222,5.0,32.0,0.7260553129548762,0.7168831168831169
2.0,0.22222222,5.0,50.0,0.7260553129548762,0.7168831168831169
2.0,0.22222222,5.0,80.0,0.7260553129548762,0.7168831168831169
2.0,0.22222222,5.0,128.0,0.7260553129548762,0.7168831168831169
2.0,0.22222222,7.0,2.0,0.7260553129548762,0.7168831168831169
2.0,0.22222222,7.0,3.0,0.7260553129548762,0.7168831168831169
2.0,0.22222222,7.0,5.0,0.7260553129548762,0.7168831168831169
2.0,0.22222222,7.0,8.0,0.7260553129548762,0.7168831168831169
2.0,0.22222222,7.0,12.0,0.7260553129548762,0.7168831168831169
2.0,0.22222222,7.0,20.0,0.7260553129548762,0.7168831168831169
2.0,0.22222222,7.0,32.0,0.7260553129548762,0.7168831168831169
2.0,0.22222222,7.0,50.0,0.7260553129548762,0.7168831168831169
2.0,0.22222222,7.0,80.0,0.7260553129548762,0.7168831168831169
2.0,0.22222222,7.0,128.0,0.7260553129548762,0.7168831168831169
2.0,0.22222222,9.0,2.0,0.7260553129548762,0.7168831168831169
2.0,0.22222222,9.0,3.0,0.7260553129548762,0.7168831168831169
2.0,0.22222222,9.0,5.0,0.7260553129548762,0.7168831168831169
2.0,0.22222222,9.0,8.0,0.7260553129548762,0.7168831168831169
2.0,0.22222222,9.0,12.0,0.7260553129548762,0.7168831168831169
2.0,0.22222222,9.0,20.0,0.7260553129548762,0.7168831168831169
2.0,0.22222222,9.0,32.0,0.7260553129548762,0.7168831168831169
2.0,0.22222222,9.0,50.0,0.7260553129548762,0.7168831168831169
2.0,0.22222222,9.0,80.0,0.7260553129548762,0.7168831168831169
2.0,0.22222222,9.0,128.0,0.7260553129548762,0.7168831168831169
2.0,0.22222222,11.0,2.0,0.7254730713245997,0.7168831168831169
2.0,0.22222222,11.0,3.0,0.7254730713245997,0.7168831168831169
2.0,0.22222222,11.0,5.0,0.7254730713245997,0.7168831168831169
2.0,0.22222222,11.0,8.0,0.7254730713245997,0.7168831168831169
2.0,0.22222222,11.0,12.0,0.7254730713245997,0.7168831168831169
2.0,0.22222222,11.0,20.0,0.7254730713245997,0.7168831168831169
2.0,0.22222222,11.0,32.0,0.7254730713245997,0.7168831168831169
2.0,0.22222222,11.0,50.0,0.7254730713245997,0.7168831168831169
2.0,0.22222222,11.0,80.0,0.7254730713245997,0.7168831168831169
2.0,0.22222222,11.0,128.0,0.7254730713245997,0.7168831168831169
2.0,0.22222222,13.0,2.0,0.7254730713245997,0.7168831168831169
2.0,0.22222222,13.0,3.0,0.7254730713245997,0.7168831168831169
2.0,0.22222222,13.0,5.0,0.7254730713245997,0.7168831168831169
2.0,0.22222222,13.0,8.0,0.7254730713245997,0.7168831168831169
2.0,0.22222222,13.0,12.0,0.7254730713245997,0.7168831168831169
2.0,0.22222222,13.0,20.0,0.7254730713245997,0.7168831168831169
2.0,0.22222222,13.0,32.0,0.7254730713245997,0.7168831168831169
2.0,0.22222222,13.0,50.0,0.7254730713245997,0.7168831168831169
2.0,0.22222222,13.0,80.0,0.7254730713245997,0.7168831168831169
2.0,0.22222222,13.0,128.0,0.7254730713245997,0.7168831168831169
2.0,0.22222222,15.0,2.0,0.7251819505094614,0.716017316017316
2.0,0.22222222,15.0,3.0,0.7251819505094614,0.716017316017316
2.0,0.22222222,15.0,5.0,0.7251819505094614,0.716017316017316
2.0,0.22222222,15.0,8.0,0.7251819505094614,0.716017316017316
2.0,0.22222222,15.0,12.0,0.7251819505094614,0.716017316017316
2.0,0.22222222,15.0,20.0,0.7251819505094614,0.716017316017316
2.0,0.22222222,15.0,32.0,0.7251819505094614,0.716017316017316
2.0,0.22222222,15.0,50.0,0.7251819505094614,0.716017316017316
2.0,0.22222222,15.0,80.0,0.7251819505094614,0.716017316017316
2.0,0.22222222,15.0,128.0,0.7251819505094614,0.716017316017316
2.0,0.22222222,17.0,2.0,0.7251819505094614,0.716017316017316
2.0,0.22222222,17.0,3.0,0.7251819505094614,0.716017316017316
2.0,0.22222222,17.0,5.0,0.7251819505094614,0.716017316017316
2.0,0.22222222,17.0,8.0,0.7251819505094614,0.716017316017316
2.0,0.22222222,17.0,12.0,0.7251819505094614,0.716017316017316
2.0,0.22222222,17.0,20.0,0.7251819505094614,0.716017316017316
2.0,0.22222222,17.0,32.0,0.7251819505094614,0.716017316017316
2.0,0.22222222,17.0,50.0,0.7251819505094614,0.716017316017316
2.0,0.22222222,17.0,80.0,0.7251819505094614,0.716017316017316
2.0,0.22222222,17.0,128.0,0.7251819505094614,0.716017316017316
2.0,0.22222222,20.0,2.0,0.7251819505094614,0.7134199134199134
2.0,0.22222222,20.0,3.0,0.7251819505094614,0.7134199134199134
2.0,0.22222222,20.0,5.0,0.7251819505094614,0.7134199134199134
2.0,0.22222222,20.0,8.0,0.7251819505094614,0.7134199134199134
2.0,0.22222222,20.0,12.0,0.7251819505094614,0.7134199134199134
2.0,0.22222222,20.0,20.0,0.7251819505094614,0.7134199134199134
2.0,0.22222222,20.0,32.0,0.7251819505094614,0.7134199134199134
2.0,0.22222222,20.0,50.0,0.7251819505094614,0.7134199134199134
2.0,0.22222222,20.0,80.0,0.7251819505094614,0.7134199134199134
2.0,0.22222222,20.0,128.0,0.7251819505094614,0.7134199134199134
2.0,0.33333334,1.0,2.0,0.6841339155749637,0.6779220779220779
2.0,0.33333334,1.0,3.0,0.6841339155749637,0.6779220779220779
2.0,0.33333334,1.0,5.0,0.6841339155749637,0.6779220779220779
2.0,0.33333334,1.0,8.0,0.6841339155749637,0.6779220779220779
2.0,0.33333334,1.0,12.0,0.6841339155749637,0.6779220779220779
2.0,0.33333334,1.0,20.0,0.6841339155749637,0.6779220779220779
2.0,0.33333334,1.0,32.0,0.6841339155749637,0.6779220779220779
2.0,0.33333334,1.0,50.0,0.6841339155749637,0.6779220779220779
2.0,0.33333334,1.0,80.0,0.6841339155749637,0.6779220779220779
2.0,0.33333334,1.0,128.0,0.6841339155749637,0.6779220779220779
2.0,0.33333334,3.0,2.0,0.6835516739446871,0.6779220779220779
2.0,0.33333334,3.0,3.0,0.6835516739446871,0.6779220779220779
2.0,0.33333334,3.0,5.0,0.6835516739446871,0.6779220779220779
2.0,0.33333334,3.0,8.0,0.6835516739446871,0.6779220779220779
2.0,0.33333334,3.0,12.0,0.6835516739446871,0.6779220779220779
2.0,0.33333334,3.0,20.0,0.6835516739446871,0.6779220779220779
2.0,0.33333334,3.0,32.0,0.6835516739446871,0.6779220779220779
2.0,0.33333334,3.0,50.0,0.6835516739446871,0.6779220779220779
2.0,0.33333334,3.0,80.0,0.6835516739446871,0.6779220779220779
2.0,0.33333334,3.0,128.0,0.6835516739446871,0.6779220779220779
2.0,0.33333334,5.0,2.0,0.6835516739446871,0.6779220779220779
2.0,0.33333334,5.0,3.0,0.6835516739446871,0.6779220779220779
2.0,0.33333334,5.0,5.0,0.6835516739446871,0.6779220779220779
2.0,0.33333334,5.0,8.0,0.6835516739446871,0.6779220779220779
2.0,0.33333334,5.0,12.0,0.6835516739446871,0.6779220779220779
2.0,0.33333334,5.0,20.0,0.6835516739446871,0.6779220779220779
2.0,0.33333334,5.0,32.0,0.6835516739446871,0.6779220779220779
2.0,0.33333334,5.0,50.0,0.6835516739446871,0.6779220779220779
2.0,0.33333334,5.0,80.0,0.6835516739446871,0.6779220779220779
2.0,0.33333334,5.0,128.0,0.6835516739446871,0.6779220779220779
2.0,0.33333334,7.0,2.0,0.6829694323144105,0.6779220779220779
2.0,0.33333334,7.0,3.0,0.6829694323144105,0.6779220779220779
2.0,0.33333334,7.0,5.0,0.6829694323144105,0.6779220779220779
2.0,0.33333334,7.0,8.0,0.6829694323144105,0.6779220779220779
2.0,0.33333334,7.0,12.0,0.6829694323144105,0.6779220779220779
2.0,0.33333334,7.0,20.0,0.6829694323144105,0.6779220779220779
2.0,0.33333334,7.0,32.0,0.6829694323144105,0.6779220779220779
2.0,0.33333334,7.0,50.0,0.6829694323144105,0.6779220779220779
2.0,0.33333334,7.0,80.0,0.6829694323144105,0.6779220779220779
2.0,0.33333334,7.0,128.0,0.6829694323144105,0.6779220779220779
2.0,0.33333334,9.0,2.0,0.6829694323144105,0.6779220779220779
2.0,0.33333334,9.0,3.0,0.6829694323144105,0.6779220779220779
2.0,0.33333334,9.0,5.0,0.6829694323144105,0.6779220779220779
2.0,0.33333334,9.0,8.0,0.6829694323144105,0.6779220779220779
2.0,0.33333334,9.0,12.0,0.6829694323144105,0.6779220779220779
2.0,0.33333334,9.0,20.0,0.6829694323144105,0.6779220779220779
2.0,0.33333334,9.0,32.0,0.6829694323144105,0.6779220779220779
2.0,0.33333334,9.0,50.0,0.6829694323144105,0.6779220779220779
2.0,0.33333334,9.0,80.0,0.6829694323144105,0.6779220779220779
2.0,0.33333334,9.0,128.0,0.6829694323144105,0.6779220779220779
2.0,0.33333334,11.0,2.0,0.6829694323144105,0.6779220779220779
2.0,0.33333334,11.0,3.0,0.6829694323144105,0.6779220779220779
2.0,0.33333334,11.0,5.0,0.6829694323144105,0.6779220779220779
2.0,0.33333334,11.0,8.0,0.6829694323144105,0.6779220779220779
2.0,0.33333334,11.0,12.0,0.6829694323144105,0.6779220779220779
2.0,0.33333334,11.0,20.0,0.6829694323144105,0.6779220779220779
2.0,0.33333334,11.0,32.0,0.6829694323144105,0.6779220779220779
2.0,0.33333334,11.0,50.0,0.6829694323144105,0.6779220779220779
2.0,0.33333334,11.0,80.0,0.6829694323144105,0.6779220779220779
2.0,0.33333334,11.0,128.0,0.6829694323144105,0.6779220779220779
2.0,0.33333334,13.0,2.0,0.6829694323144105,0.6779220779220779
2.0,0.33333334,13.0,3.0,0.6829694323144105,0.6779220779220779
2.0,0.33333334,13.0,5.0,0.6829694323144105,0.6779220779220779
2.0,0.33333334,13.0,8.0,0.6829694323144105,0.6779220779220779
2.0,0.33333334,13.0,12.0,0.6829694323144105,0.6779220779220779
2.0,0.33333334,13.0,20.0,0.6829694323144105,0.6779220779220779
2.0,0.33333334,13.0,32.0,0.6829694323144105,0.6779220779220779
2.0,0.33333334,13.0,50.0,0.6829694323144105,0.6779220779220779
2.0,0.33333334,13.0,80.0,0.6829694323144105,0.6779220779220779
2.0,0.33333334,13.0,128.0,0.6829694323144105,0.6779220779220779
2.0,0.33333334,15.0,2.0,0.6829694323144105,0.6779220779220779
2.0,0.33333334,15.0,3.0,0.6829694323144105,0.6779220779220779
2.0,0.33333334,15.0,5.0,0.6829694323144105,0.6779220779220779
2.0,0.33333334,15.0,8.0,0.6829694323144105,0.6779220779220779
2.0,0.33333334,15.0,12.0,0.6829694323144105,0.6779220779220779
2.0,0.33333334,15.0,20.0,0.6829694323144105,0.6779220779220779
2.0,0.33333334,15.0,32.0,0.6829694323144105,0.6779220779220779
2.0,0.33333334,15.0,50.0,0.6829694323144105,0.6779220779220779
2.0,0.33333334,15.0,80.0,0.6829694323144105,0.6779220779220779
2.0,0.33333334,15.0,128.0,0.6829694323144105,0.6779220779220779
2.0,0.33333334,17.0,2.0,0.6826783114992722,0.6770562770562771
2.0,0.33333334,17.0,3.0,0.6826783114992722,0.6770562770562771
2.0,0.33333334,17.0,5.0,0.6826783114992722,0.6770562770562771
2.0,0.33333334,17.0,8.0,0.6826783114992722,0.6770562770562771
2.0,0.33333334,17.0,12.0,0.6826783114992722,0.6770562770562771
2.0,0.33333334,17.0,20.0,0.6826783114992722,0.6770562770562771
2.0,0.33333334,17.0,32.0,0.6826783114992722,0.6770562770562771
2.0,0.33333334,17.0,50.0,0.6826783114992722,0.6770562770562771
2.0,0.33333334,17.0,80.0,0.6826783114992722,0.6770562770562771
2.0,0.33333334,17.0,128.0,0.6826783114992722,0.6770562770562771
2.0,0.33333334,20.0,2.0,0.6826783114992722,0.6770562770562771
2.0,0.33333334,20.0,3.0,0.6826783114992722,0.6770562770562771
2.0,0.33333334,20.0,5.0,0.6826783114992722,0.6770562770562771
2.0,0.33333334,20.0,8.0,0.6826783114992722,0.6770562770562771
2.0,0.33333334,20.0,12.0,0.6826783114992722,0.6770562770562771
2.0,0.33333334,20.0,20.0,0.6826783114992722,0.6770562770562771
2.0,0.33333334,20.0,32.0,0.6826783114992722,0.6770562770562771
2.0,0.33333334,20.0,50.0,0.6826783114992722,0.6770562770562771
2.0,0.33333334,20.0,80.0,0.6826783114992722,0.6770562770562771
2.0,0.33333334,20.0,128.0,0.6826783114992722,0.6770562770562771
2.0,0.44444445,1.0,2.0,0.6841339155749637,0.6779220779220779
2.0,0.44444445,1.0,3.0,0.6841339155749637,0.6779220779220779
2.0,0.44444445,1.0,5.0,0.6841339155749637,0.6779220779220779
2.0,0.44444445,1.0,8.0,0.6841339155749637,0.6779220779220779
2.0,0.44444445,1.0,12.0,0.6841339155749637,0.6779220779220779
2.0,0.44444445,1.0,20.0,0.6841339155749637,0.6779220779220779
2.0,0.44444445,1.0,32.0,0.6841339155749637,0.6779220779220779
2.0,0.44444445,1.0,50.0,0.6841339155749637,0.6779220779220779
2.0,0.44444445,1.0,80.0,0.6841339155749637,0.6779220779220779
2.0,0.44444445,1.0,128.0,0.6841339155749637,0.6779220779220779
2.0,0.44444445,3.0,2.0,0.6835516739446871,0.6779220779220779
2.0,0.44444445,3.0,3.0,0.6835516739446871,0.6779220779220779
2.0,0.44444445,3.0,5.0,0.6835516739446871,0.6779220779220779
2.0,0.44444445,3.0,8.0,0.6835516739446871,0.6779220779220779
2.0,0.44444445,3.0,12.0,0.6835516739446871,0.6779220779220779
2.0,0.44444445,3.0,20.0,0.6835516739446871,0.6779220779220779
2.0,0.44444445,3.0,32.0,0.6835516739446871,0.6779220779220779
2.0,0.44444445,3.0,50.0,0.6835516739446871,0.6779220779220779
2.0,0.44444445,3.0,80.0,0.6835516739446871,0.6779220779220779
2.0,0.44444445,3.0,128.0,0.6835516739446871,0.6779220779220779
2.0,0.44444445,5.0,2.0,0.6835516739446871,0.6779220779220779
2.0,0.44444445,5.0,3.0,0.6835516739446871,0.6779220779220779
2.0,0.44444445,5.0,5.0,0.6835516739446871,0.6779220779220779
2.0,0.44444445,5.0,8.0,0.6835516739446871,0.6779220779220779
2.0,0.44444445,5.0,12.0,0.6835516739446871,0.6779220779220779
2.0,0.44444445,5.0,20.0,0.6835516739446871,0.6779220779220779
2.0,0.44444445,5.0,32.0,0.6835516739446871,0.6779220779220779
2.0,0.44444445,5.0,50.0,0.6835516739446871,0.6779220779220779
2.0,0.44444445,5.0,80.0,0.6835516739446871,0.6779220779220779
2.0,0.44444445,5.0,128.0,0.6835516739446871,0.6779220779220779
2.0,0.44444445,7.0,2.0,0.6829694323144105,0.6779220779220779
2.0,0.44444445,7.0,3.0,0.6829694323144105,0.6779220779220779
2.0,0.44444445,7.0,5.0,0.6829694323144105,0.6779220779220779
2.0,0.44444445,7.0,8.0,0.6829694323144105,0.6779220779220779
2.0,0.44444445,7.0,12.0,0.6829694323144105,0.6779220779220779
2.0,0.44444445,7.0,20.0,0.6829694323144105,0.6779220779220779
2.0,0.44444445,7.0,32.0,0.6829694323144105,0.6779220779220779
2.0,0.44444445,7.0,50.0,0.6829694323144105,0.6779220779220779
2.0,0.44444445,7.0,80.0,0.6829694323144105,0.6779220779220779
2.0,0.44444445,7.0,128.0,0.6829694323144105,0.6779220779220779
2.0,0.44444445,9.0,2.0,0.6829694323144105,0.6779220779220779
2.0,0.44444445,9.0,3.0,0.6829694323144105,0.6779220779220779
2.0,0.44444445,9.0,5.0,0.6829694323144105,0.6779220779220779
2.0,0.44444445,9.0,8.0,0.6829694323144105,0.6779220779220779
2.0,0.44444445,9.0,12.0,0.6829694323144105,0.6779220779220779
2.0,0.44444445,9.0,20.0,0.6829694323144105,0.6779220779220779
2.0,0.44444445,9.0,32.0,0.6829694323144105,0.6779220779220779
2.0,0.44444445,9.0,50.0,0.6829694323144105,0.6779220779220779
2.0,0.44444445,9.0,80.0,0.6829694323144105,0.6779220779220779
2.0,0.44444445,9.0,128.0,0.6829694323144105,0.6779220779220779
2.0,0.44444445,11.0,2.0,0.6829694323144105,0.6779220779220779
2.0,0.44444445,11.0,3.0,0.6829694323144105,0.6779220779220779
2.0,0.44444445,11.0,5.0,0.6829694323144105,0.6779220779220779
2.0,0.44444445,11.0,8.0,0.6829694323144105,0.6779220779220779
2.0,0.44444445,11.0,12.0,0.6829694323144105,0.6779220779220779
2.0,0.44444445,11.0,20.0,0.6829694323144105,0.6779220779220779
2.0,0.44444445,11.0,32.0,0.6829694323144105,0.6779220779220779
2.0,0.44444445,11.0,50.0,0.6829694323144105,0.6779220779220779
2.0,0.44444445,11.0,80.0,0.6829694323144105,0.6779220779220779
2.0,0.44444445,11.0,128.0,0.6829694323144105,0.6779220779220779
2.0,0.44444445,13.0,2.0,0.6829694323144105,0.6779220779220779
2.0,0.44444445,13.0,3.0,0.6829694323144105,0.6779220779220779
2.0,0.44444445,13.0,5.0,0.6829694323144105,0.6779220779220779
2.0,0.44444445,13.0,8.0,0.6829694323144105,0.6779220779220779
2.0,0.44444445,13.0,12.0,0.6829694323144105,0.6779220779220779
2.0,0.44444445,13.0,20.0,0.6829694323144105,0.6779220779220779
2.0,0.44444445,13.0,32.0,0.6829694323144105,0.6779220779220779
2.0,0.44444445,13.0,50.0,0.6829694323144105,0.6779220779220779
2.0,0.44444445,13.0,80.0,0.6829694323144105,0.6779220779220779
2.0,0.44444445,13.0,128.0,0.6829694323144105,0.6779220779220779
2.0,0.44444445,15.0,2.0,0.6829694323144105,0.6779220779220779
2.0,0.44444445,15.0,3.0,0.6829694323144105,0.6779220779220779
2.0,0.44444445,15.0,5.0,0.6829694323144105,0.6779220779220779
2.0,0.44444445,15.0,8.0,0.6829694323144105,0.6779220779220779
2.0,0.44444445,15.0,12.0,0.6829694323144105,0.6779220779220779
2.0,0.44444445,15.0,20.0,0.6829694323144105,0.6779220779220779
2.0,0.44444445,15.0,32.0,0.6829694323144105,0.6779220779220779
2.0,0.44444445,15.0,50.0,0.6829694323144105,0.6779220779220779
2.0,0.44444445,15.0,80.0,0.6829694323144105,0.6779220779220779
2.0,0.44444445,15.0,128.0,0.6829694323144105,0.6779220779220779
2.0,0.44444445,17.0,2.0,0.6826783114992722,0.6770562770562771
2.0,0.44444445,17.0,3.0,0.6826783114992722,0.6770562770562771
2.0,0.44444445,17.0,5.0,0.6826783114992722,0.6770562770562771
2.0,0.44444445,17.0,8.0,0.6826783114992722,0.6770562770562771
2.0,0.44444445,17.0,12.0,0.6826783114992722,0.6770562770562771
2.0,0.44444445,17.0,20.0,0.6826783114992722,0.6770562770562771
2.0,0.44444445,17.0,32.0,0.6826783114992722,0.6770562770562771
2.0,0.44444445,17.0,50.0,0.6826783114992722,0.6770562770562771
2.0,0.44444445,17.0,80.0,0.6826783114992722,0.6770562770562771
2.0,0.44444445,17.0,128.0,0.6826783114992722,0.6770562770562771
2.0,0.44444445,20.0,2.0,0.6826783114992722,0.6770562770562771
2.0,0.44444445,20.0,3.0,0.6826783114992722,0.6770562770562771
2.0,0.44444445,20.0,5.0,0.6826783114992722,0.6770562770562771
2.0,0.44444445,20.0,8.0,0.6826783114992722,0.6770562770562771
2.0,0.44444445,20.0,12.0,0.6826783114992722,0.6770562770562771
2.0,0.44444445,20.0,20.0,0.6826783114992722,0.6770562770562771
2.0,0.44444445,20.0,32.0,0.6826783114992722,0.6770562770562771
2.0,0.44444445,20.0,50.0,0.6826783114992722,0.6770562770562771
2.0,0.44444445,20.0,80.0,0.6826783114992722,0.6770562770562771
2.0,0.44444445,20.0,128.0,0.6826783114992722,0.6770562770562771
2.0,0.5555556,1.0,2.0,0.6081513828238719,0.6103896103896104
2.0,0.5555556,1.0,3.0,0.6081513828238719,0.6103896103896104
2.0,0.5555556,1.0,5.0,0.6081513828238719,0.6103896103896104
2.0,0.5555556,1.0,8.0,0.6081513828238719,0.6103896103896104
2.0,0.5555556,1.0,12.0,0.6081513828238719,0.6103896103896104
2.0,0.5555556,1.0,20.0,0.6081513828238719,0.6103896103896104
2.0,0.5555556,1.0,32.0,0.6081513828238719,0.6103896103896104
2.0,0.5555556,1.0,50.0,0.6081513828238719,0.6103896103896104
2.0,0.5555556,1.0,80.0,0.6081513828238719,0.6103896103896104
2.0,0.5555556,1.0,128.0,0.6081513828238719,0.6103896103896104
2.0,0.5555556,3.0,2.0,0.6081513828238719,0.6103896103896104
2.0,0.5555556,3.0,3.0,0.6081513828238719,0.6103896103896104
2.0,0.5555556,3.0,5.0,0.6081513828238719,0.6103896103896104
2.0,0.5555556,3.0,8.0,0.6081513828238719,0.6103896103896104
2.0,0.5555556,3.0,12.0,0.6081513828238719,0.6103896103896104
2.0,0.5555556,3.0,20.0,0.6081513828238719,0.6103896103896104
2.0,0.5555556,3.0,32.0,0.6081513828238719,0.6103896103896104
2.0,0.5555556,3.0,50.0,0.6081513828238719,0.6103896103896104
2.0,0.5555556,3.0,80.0,0.6081513828238719,0.6103896103896104
2.0,0.5555556,3.0,128.0,0.6081513828238719,0.6103896103896104
2.0,0.5555556,5.0,2.0,0.6075691411935954,0.6103896103896104
2.0,0.5555556,5.0,3.0,0.6075691411935954,0.6103896103896104
2.0,0.5555556,5.0,5.0,0.6075691411935954,0.6103896103896104
2.0,0.5555556,5.0,8.0,0.6075691411935954,0.6103896103896104
2.0,0.5555556,5.0,12.0,0.6075691411935954,0.6103896103896104
2.0,0.5555556,5.0,20.0,0.6075691411935954,0.6103896103896104
2.0,0.5555556,5.0,32.0,0.6075691411935954,0.6103896103896104
2.0,0.5555556,5.0,50.0,0.6075691411935954,0.6103896103896104
2.0,0.5555556,5.0,80.0,0.6075691411935954,0.6103896103896104
2.0,0.5555556,5.0,128.0,0.6075691411935954,0.6103896103896104
2.0,0.5555556,7.0,2.0,0.6075691411935954,0.6103896103896104
2.0,0.5555556,7.0,3.0,0.6075691411935954,0.6103896103896104
2.0,0.5555556,7.0,5.0,0.6075691411935954,0.6103896103896104
2.0,0.5555556,7.0,8.0,0.6075691411935954,0.6103896103896104
2.0,0.5555556,7.0,12.0,0.6075691411935954,0.6103896103896104
2.0,0.5555556,7.0,20.0,0.6075691411935954,0.6103896103896104
2.0,0.5555556,7.0,32.0,0.6075691411935954,0.6103896103896104
2.0,0.5555556,7.0,50.0,0.6075691411935954,0.6103896103896104
2.0,0.5555556,7.0,80.0,0.6075691411935954,0.6103896103896104
2.0,0.5555556,7.0,128.0,0.6075691411935954,0.6103896103896104
2.0,0.5555556,9.0,2.0,0.6069868995633187,0.6103896103896104
2.0,0.5555556,9.0,3.0,0.6069868995633187,0.6103896103896104
2.0,0.5555556,9.0,5.0,0.6069868995633187,0.6103896103896104
2.0,0.5555556,9.0,8.0,0.6069868995633187,0.6103896103896104
2.0,0.5555556,9.0,12.0,0.6069868995633187,0.6103896103896104
2.0,0.5555556,9.0,20.0,0.6069868995633187,0.6103896103896104
2.0,0.5555556,9.0,32.0,0.6069868995633187,0.6103896103896104
2.0,0.5555556,9.0,50.0,0.6069868995633187,0.6103896103896104
2.0,0.5555556,9.0,80.0,0.6069868995633187,0.6103896103896104
2.0,0.5555556,9.0,128.0,0.6069868995633187,0.6103896103896104
2.0,0.5555556,11.0,2.0,0.6069868995633187,0.6103896103896104
2.0,0.5555556,11.0,3.0,0.6069868995633187,0.6103896103896104
2.0,0.5555556,11.0,5.0,0.6069868995633187,0.6103896103896104
2.0,0.5555556,11.0,8.0,0.6069868995633187,0.6103896103896104
2.0,0.5555556,11.0,12.0,0.6069868995633187,0.6103896103896104
2.0,0.5555556,11.0,20.0,0.6069868995633187,0.6103896103896104
2.0,0.5555556,11.0,32.0,0.6069868995633187,0.6103896103896104
2.0,0.5555556,11.0,50.0,0.6069868995633187,0.6103896103896104
2.0,0.5555556,11.0,80.0,0.6069868995633187,0.6103896103896104
2.0,0.5555556,11.0,128.0,0.6069868995633187,0.6103896103896104
2.0,0.5555556,13.0,2.0,0.6066957787481805,0.6086580086580087
2.0,0.5555556,13.0,3.0,0.6066957787481805,0.6086580086580087
2.0,0.5555556,13.0,5.0,0.6066957787481805,0.6086580086580087
2.0,0.5555556,13.0,8.0,0.6066957787481805,0.6086580086580087
2.0,0.5555556,13.0,12.0,0.6066957787481805,0.6086580086580087
2.0,0.5555556,13.0,20.0,0.6066957787481805,0.6086580086580087
2.0,0.5555556,13.0,32.0,0.6066957787481805,0.6086580086580087
2.0,0.5555556,13.0,50.0,0.6066957787481805,0.6086580086580087
2.0,0.5555556,13.0,80.0,0.6066957787481805,0.6086580086580087
2.0,0.5555556,13.0,128.0,0.6066957787481805,0.6086580086580087
2.0,0.5555556,15.0,2.0,0.6066957787481805,0.6086580086580087
2.0,0.5555556,15.0,3.0,0.6066957787481805,0.6086580086580087
2.0,0.5555556,15.0,5.0,0.6066957787481805,0.6086580086580087
2.0,0.5555556,15.0,8.0,0.6066957787481805,0.6086580086580087
2.0,0.5555556,15.0,12.0,0.6066957787481805,0.6086580086580087
2.0,0.5555556,15.0,20.0,0.6066957787481805,0.6086580086580087
2.0,0.5555556,15.0,32.0,0.6066957787481805,0.6086580086580087
2.0,0.5555556,15.0,50.0,0.6066957787481805,0.6086580086580087
2.0,0.5555556,15.0,80.0,0.6066957787481805,0.6086580086580087
2.0,0.5555556,15.0,128.0,0.6066957787481805,0.6086580086580087
2.0,0.5555556,17.0,2.0,0.6066957787481805,0.6086580086580087
2.0,0.5555556,17.0,3.0,0.6066957787481805,0.6086580086580087
2.0,0.5555556,17.0,5.0,0.6066957787481805,0.6086580086580087
2.0,0.5555556,17.0,8.0,0.6066957787481805,0.6086580086580087
2.0,0.5555556,17.0,12.0,0.6066957787481805,0.6086580086580087
2.0,0.5555556,17.0,20.0,0.6066957787481805,0.6086580086580087
2.0,0.5555556,17.0,32.0,0.6066957787481805,0.6086580086580087
2.0,0.5555556,17.0,50.0,0.6066957787481805,0.6086580086580087
2.0,0.5555556,17.0,80.0,0.6066957787481805,0.6086580086580087
2.0,0.5555556,17.0,128.0,0.6066957787481805,0.6086580086580087
2.0,0.5555556,20.0,2.0,0.6066957787481805,0.6086580086580087
2.0,0.5555556,20.0,3.0,0.6066957787481805,0.6086580086580087
2.0,0.5555556,20.0,5.0,0.6066957787481805,0.6086580086580087
2.0,0.5555556,20.0,8.0,0.6066957787481805,0.6086580086580087
2.0,0.5555556,20.0,12.0,0.6066957787481805,0.6086580086580087
2.0,0.5555556,20.0,20.0,0.6066957787481805,0.6086580086580087
2.0,0.5555556,20.0,32.0,0.6066957787481805,0.6086580086580087
2.0,0.5555556,20.0,50.0,0.6066957787481805,0.6086580086580087
2.0,0.5555556,20.0,80.0,0.6066957787481805,0.6086580086580087
2.0,0.5555556,20.0,128.0,0.6066957787481805,0.6086580086580087
2.0,0.6666667,1.0,2.0,0.5889374090247452,0.5878787878787879
2.0,0.6666667,1.0,3.0,0.5889374090247452,0.5878787878787879
2.0,0.6666667,1.0,5.0,0.5889374090247452,0.5878787878787879
2.0,0.6666667,1.0,8.0,0.5889374090247452,0.5878787878787879
2.0,0.6666667,1.0,12.0,0.5889374090247452,0.5878787878787879
2.0,0.6666667,1.0,20.0,0.5889374090247452,0.5878787878787879
2.0,0.6666667,1.0,32.0,0.5889374090247452,0.5878787878787879
2.0,0.6666667,1.0,50.0,0.5889374090247452,0.5878787878787879
2.0,0.6666667,1.0,80.0,0.5889374090247452,0.5878787878787879
2.0,0.6666667,1.0,128.0,0.5889374090247452,0.5878787878787879
2.0,0.6666667,3.0,2.0,0.5883551673944687,0.5878787878787879
2.0,0.6666667,3.0,3.0,0.5883551673944687,0.5878787878787879
2.0,0.6666667,3.0,5.0,0.5883551673944687,0.5878787878787879
2.0,0.6666667,3.0,8.0,0.5883551673944687,0.5878787878787879
2.0,0.6666667,3.0,12.0,0.5883551673944687,0.5878787878787879
2.0,0.6666667,3.0,20.0,0.5883551673944687,0.5878787878787879
2.0,0.6666667,3.0,32.0,0.5883551673944687,0.5878787878787879
2.0,0.6666667,3.0,50.0,0.5883551673944687,0.5878787878787879
2.0,0.6666667,3.0,80.0,0.5883551673944687,0.5878787878787879
2.0,0.6666667,3.0,128.0,0.5883551673944687,0.5878787878787879
2.0,0.6666667,5.0,2.0,0.5883551673944687,0.5878787878787879
2.0,0.6666667,5.0,3.0,0.5883551673944687,0.5878787878787879
2.0,0.6666667,5.0,5.0,0.5883551673944687,0.5878787878787879
2.0,0.6666667,5.0,8.0,0.5883551673944687,0.5878787878787879
2.0,0.6666667,5.0,12.0,0.5883551673944687,0.5878787878787879
2.0,0.6666667,5.0,20.0,0.5883551673944687,0.5878787878787879
2.0,0.6666667,5.0,32.0,0.5883551673944687,0.5878787878787879
2.0,0.6666667,5.0,50.0,0.5883551673944687,0.5878787878787879
2.0,0.6666667,5.0,80.0,0.5883551673944687,0.5878787878787879
2.0,0.6666667,5.0,128.0,0.5883551673944687,0.5878787878787879
2.0,0.6666667,7.0,2.0,0.5883551673944687,0.5878787878787879
2.0,0.6666667,7.0,3.0,0.5883551673944687,0.5878787878787879
2.0,0.6666667,7.0,5.0,0.5883551673944687,0.5878787878787879
2.0,0.6666667,7.0,8.0,0.5883551673944687,0.5878787878787879
2.0,0.6666667,7.0,12.0,0.5883551673944687,0.5878787878787879
2.0,0.6666667,7.0,20.0,0.5883551673944687,0.5878787878787879
2.0,0.6666667,7.0,32.0,0.5883551673944687,0.5878787878787879
2.0,0.6666667,7.0,50.0,0.5883551673944687,0.5878787878787879
2.0,0.6666667,7.0,80.0,0.5883551673944687,0.5878787878787879
2.0,0.6666667,7.0,128.0,0.5883551673944687,0.5878787878787879
2.0,0.6666667,9.0,2.0,0.5877729257641922,0.5878787878787879
2.0,0.6666667,9.0,3.0,0.5877729257641922,0.5878787878787879
2.0,0.6666667,9.0,5.0,0.5877729257641922,0.5878787878787879
2.0,0.6666667,9.0,8.0,0.5877729257641922,0.5878787878787879
2.0,0.6666667,9.0,12.0,0.5877729257641922,0.5878787878787879
2.0,0.6666667,9.0,20.0,0.5877729257641922,0.5878787878787879
2.0,0.6666667,9.0,32.0,0.5877729257641922,0.5878787878787879
2.0,0.6666667,9.0,50.0,0.5877729257641922,0.5878787878787879
2.0,0.6666667,9.0,80.0,0.5877729257641922,0.5878787878787879
2.0,0.6666667,9.0,128.0,0.5877729257641922,0.5878787878787879
2.0,0.6666667,11.0,2.0,0.5877729257641922,0.5878787878787879
2.0,0.6666667,11.0,3.0,0.5877729257641922,0.5878787878787879
2.0,0.6666667,11.0,5.0,0.5877729257641922,0.5878787878787879
2.0,0.6666667,11.0,8.0,0.5877729257641922,0.5878787878787879
2.0,0.6666667,11.0,12.0,0.5877729257641922,0.5878787878787879
2.0,0.6666667,11.0,20.0,0.5877729257641922,0.5878787878787879
2.0,0.6666667,11.0,32.0,0.5877729257641922,0.5878787878787879
2.0,0.6666667,11.0,50.0,0.5877729257641922,0.5878787878787879
2.0,0.6666667,11.0,80.0,0.5877729257641922,0.5878787878787879
2.0,0.6666667,11.0,128.0,0.5877729257641922,0.5878787878787879
2.0,0.6666667,13.0,2.0,0.5877729257641922,0.5878787878787879
2.0,0.6666667,13.0,3.0,0.5877729257641922,0.5878787878787879
2.0,0.6666667,13.0,5.0,0.5877729257641922,0.5878787878787879
2.0,0.6666667,13.0,8.0,0.5877729257641922,0.5878787878787879
2.0,0.6666667,13.0,12.0,0.5877729257641922,0.5878787878787879
2.0,0.6666667,13.0,20.0,0.5877729257641922,0.5878787878787879
2.0,0.6666667,13.0,32.0,0.5877729257641922,0.5878787878787879
2.0,0.6666667,13.0,50.0,0.5877729257641922,0.5878787878787879
2.0,0.6666667,13.0,80.0,0.5877729257641922,0.5878787878787879
2.0,0.6666667,13.0,128.0,0.5877729257641922,0.5878787878787879
2.0,0.6666667,15.0,2.0,0.5877729257641922,0.5878787878787879
2.0,0.6666667,15.0,3.0,0.5877729257641922,0.5878787878787879
2.0,0.6666667,15.0,5.0,0.5877729257641922,0.5878787878787879
2.0,0.6666667,15.0,8.0,0.5877729257641922,0.5878787878787879
2.0,0.6666667,15.0,12.0,0.5877729257641922,0.5878787878787879
2.0,0.6666667,15.0,20.0,0.5877729257641922,0.5878787878787879
2.0,0.6666667,15.0,32.0,0.5877729257641922,0.5878787878787879
2.0,0.6666667,15.0,50.0,0.5877729257641922,0.5878787878787879
2.0,0.6666667,15.0,80.0,0.5877729257641922,0.5878787878787879
2.0,0.6666667,15.0,128.0,0.5877729257641922,0.5878787878787879
2.0,0.6666667,17.0,2.0,0.5877729257641922,0.5878787878787879
2.0,0.6666667,17.0,3.0,0.5877729257641922,0.5878787878787879
2.0,0.6666667,17.0,5.0,0.5877729257641922,0.5878787878787879
2.0,0.6666667,17.0,8.0,0.5877729257641922,0.5878787878787879
2.0,0.6666667,17.0,12.0,0.5877729257641922,0.5878787878787879
2.0,0.6666667,17.0,20.0,0.5877729257641922,0.5878787878787879
2.0,0.6666667,17.0,32.0,0.5877729257641922,0.5878787878787879
2.0,0.6666667,17.0,50.0,0.5877729257641922,0.5878787878787879
2.0,0.6666667,17.0,80.0,0.5877729257641922,0.5878787878787879
2.0,0.6666667,17.0,128.0,0.5877729257641922,0.5878787878787879
2.0,0.6666667,20.0,2.0,0.5877729257641922,0.5878787878787879
2.0,0.6666667,20.0,3.0,0.5877729257641922,0.5878787878787879
2.0,0.6666667,20.0,5.0,0.5877729257641922,0.5878787878787879
2.0,0.6666667,20.0,8.0,0.5877729257641922,0.5878787878787879
2.0,0.6666667,20.0,12.0,0.5877729257641922,0.5878787878787879
2.0,0.6666667,20.0,20.0,0.5877729257641922,0.5878787878787879
2.0,0.6666667,20.0,32.0,0.5877729257641922,0.5878787878787879
2.0,0.6666667,20.0,50.0,0.5877729257641922,0.5878787878787879
2.0,0.6666667,20.0,80.0,0.5877729257641922,0.5878787878787879
2.0,0.6666667,20.0,128.0,0.5877729257641922,0.5878787878787879
2.0,0.7777778,1.0,2.0,0.5604075691411936,0.5584415584415584
2.0,0.7777778,1.0,3.0,0.5604075691411936,0.5584415584415584
2.0,0.7777778,1.0,5.0,0.5604075691411936,0.5584415584415584
2.0,0.7777778,1.0,8.0,0.5604075691411936,0.5584415584415584
2.0,0.7777778,1.0,12.0,0.5604075691411936,0.5584415584415584
2.0,0.7777778,1.0,20.0,0.5604075691411936,0.5584415584415584
2.0,0.7777778,1.0,32.0,0.5604075691411936,0.5584415584415584
2.0,0.7777778,1.0,50.0,0.5604075691411936,0.5584415584415584
2.0,0.7777778,1.0,80.0,0.5604075691411936,0.5584415584415584
2.0,0.7777778,1.0,128.0,0.5604075691411936,0.5584415584415584
2.0,0.7777778,3.0,2.0,0.5604075691411936,0.5584415584415584
2.0,0.7777778,3.0,3.0,0.5604075691411936,0.5584415584415584
2.0,0.7777778,3.0,5.0,0.5604075691411936,0.5584415584415584
2.0,0.7777778,3.0,8.0,0.5604075691411936,0.5584415584415584
2.0,0.7777778,3.0,12.0,0.5604075691411936,0.5584415584415584
2.0,0.7777778,3.0,20.0,0.5604075691411936,0.5584415584415584
2.0,0.7777778,3.0,32.0,0.5604075691411936,0.5584415584415584
2.0,0.7777778,3.0,50.0,0.5604075691411936,0.5584415584415584
2.0,0.7777778,3.0,80.0,0.5604075691411936,0.5584415584415584
2.0,0.7777778,3.0,128.0,0.5604075691411936,0.5584415584415584
2.0,0.7777778,5.0,2.0,0.5598253275109171,0.5584415584415584
2.0,0.7777778,5.0,3.0,0.5598253275109171,0.5584415584415584
2.0,0.7777778,5.0,5.0,0.5598253275109171,0.5584415584415584
2.0,0.7777778,5.0,8.0,0.5598253275109171,0.5584415584415584
2.0,0.7777778,5.0,12.0,0.5598253275109171,0.5584415584415584
2.0,0.7777778,5.0,20.0,0.5598253275109171,0.5584415584415584
2.0,0.7777778,5.0,32.0,0.5598253275109171,0.5584415584415584
2.0,0.7777778,5.0,50.0,0.5598253275109171,0.5584415584415584
2.0,0.7777778,5.0,80.0,0.5598253275109171,0.5584415584415584
2.0,0.7777778,5.0,128.0,0.5598253275109171,0.5584415584415584
2.0,0.7777778,7.0,2.0,0.5592430858806404,0.5584415584415584
2.0,0.7777778,7.0,3.0,0.5592430858806404,0.5584415584415584
2.0,0.7777778,7.0,5.0,0.5592430858806404,0.5584415584415584
2.0,0.7777778,7.0,8.0,0.5592430858806404,0.5584415584415584
2.0,0.7777778,7.0,12.0,0.5592430858806404,0.5584415584415584
2.0,0.7777778,7.0,20.0,0.5592430858806404,0.5584415584415584
2.0,0.7777778,7.0,32.0,0.5592430858806404,0.5584415584415584
2.0,0.7777778,7.0,50.0,0.5592430858806404,0.5584415584415584
2.0,0.7777778,7.0,80.0,0.5592430858806404,0.5584415584415584
2.0,0.7777778,7.0,128.0,0.5592430858806404,0.5584415584415584
2.0,0.7777778,9.0,2.0,0.5592430858806404,0.5584415584415584
2.0,0.7777778,9.0,3.0,0.5592430858806404,0.5584415584415584
2.0,0.7777778,9.0,5.0,0.5592430858806404,0.5584415584415584
2.0,0.7777778,9.0,8.0,0.5592430858806404,0.5584415584415584
2.0,0.7777778,9.0,12.0,0.5592430858806404,0.5584415584415584
2.0,0.7777778,9.0,20.0,0.5592430858806404,0.5584415584415584
2.0,0.7777778,9.0,32.0,0.5592430858806404,0.5584415584415584
2.0,0.7777778,9.0,50.0,0.5592430858806404,0.5584415584415584
2.0,0.7777778,9.0,80.0,0.5592430858806404,0.5584415584415584
2.0,0.7777778,9.0,128.0,0.5592430858806404,0.5584415584415584
2.0,0.7777778,11.0,2.0,0.5592430858806404,0.5584415584415584
2.0,0.7777778,11.0,3.0,0.5592430858806404,0.5584415584415584
2.0,0.7777778,11.0,5.0,0.5592430858806404,0.5584415584415584
2.0,0.7777778,11.0,8.0,0.5592430858806404,0.5584415584415584
2.0,0.7777778,11.0,12.0,0.5592430858806404,0.5584415584415584
2.0,0.7777778,11.0,20.0,0.5592430858806404,0.5584415584415584
2.0,0.7777778,11.0,32.0,0.5592430858806404,0.5584415584415584
2.0,0.7777778,11.0,50.0,0.5592430858806404,0.5584415584415584
2.0,0.7777778,11.0,80.0,0.5592430858806404,0.5584415584415584
2.0,0.7777778,11.0,128.0,0.5592430858806404,0.5584415584415584
2.0,0.7777778,13.0,2.0,0.5592430858806404,0.5584415584415584
2.0,0.7777778,13.0,3.0,0.5592430858806404,0.5584415584415584
2.0,0.7777778,13.0,5.0,0.5592430858806404,0.5584415584415584
2.0,0.7777778,13.0,8.0,0.5592430858806404,0.5584415584415584
2.0,0.7777778,13.0,12.0,0.5592430858806404,0.5584415584415584
2.0,0.7777778,13.0,20.0,0.5592430858806404,0.5584415584415584
2.0,0.7777778,13.0,32.0,0.5592430858806404,0.5584415584415584
2.0,0.7777778,13.0,50.0,0.5592430858806404,0.5584415584415584
2.0,0.7777778,13.0,80.0,0.5592430858806404,0.5584415584415584
2.0,0.7777778,13.0,128.0,0.5592430858806404,0.5584415584415584
2.0,0.7777778,15.0,2.0,0.5592430858806404,0.5584415584415584
2.0,0.7777778,15.0,3.0,0.5592430858806404,0.5584415584415584
2.0,0.7777778,15.0,5.0,0.5592430858806404,0.5584415584415584
2.0,0.7777778,15.0,8.0,0.5592430858806404,0.5584415584415584
2.0,0.7777778,15.0,12.0,0.5592430858806404,0.5584415584415584
2.0,0.7777778,15.0,20.0,0.5592430858806404,0.5584415584415584
2.0,0.7777778,15.0,32.0,0.5592430858806404,0.5584415584415584
2.0,0.7777778,15.0,50.0,0.5592430858806404,0.5584415584415584
2.0,0.7777778,15.0,80.0,0.5592430858806404,0.5584415584415584
2.0,0.7777778,15.0,128.0,0.5592430858806404,0.5584415584415584
2.0,0.7777778,17.0,2.0,0.5589519650655022,0.5584415584415584
2.0,0.7777778,17.0,3.0,0.5589519650655022,0.5584415584415584
2.0,0.7777778,17.0,5.0,0.5589519650655022,0.5584415584415584
2.0,0.7777778,17.0,8.0,0.5589519650655022,0.5584415584415584
2.0,0.7777778,17.0,12.0,0.5589519650655022,0.5584415584415584
2.0,0.7777778,17.0,20.0,0.5589519650655022,0.5584415584415584
2.0,0.7777778,17.0,32.0,0.5589519650655022,0.5584415584415584
2.0,0.7777778,17.0,50.0,0.5589519650655022,0.5584415584415584
2.0,0.7777778,17.0,80.0,0.5589519650655022,0.5584415584415584
2.0,0.7777778,17.0,128.0,0.5589519650655022,0.5584415584415584
2.0,0.7777778,20.0,2.0,0.5586608442503639,0.5584415584415584
2.0,0.7777778,20.0,3.0,0.5586608442503639,0.5584415584415584
2.0,0.7777778,20.0,5.0,0.5586608442503639,0.5584415584415584
2.0,0.7777778,20.0,8.0,0.5586608442503639,0.5584415584415584
2.0,0.7777778,20.0,12.0,0.5586608442503639,0.5584415584415584
2.0,0.7777778,20.0,20.0,0.5586608442503639,0.5584415584415584
2.0,0.7777778,20.0,32.0,0.5586608442503639,0.5584415584415584
2.0,0.7777778,20.0,50.0,0.5586608442503639,0.5584415584415584
2.0,0.7777778,20.0,80.0,0.5586608442503639,0.5584415584415584
2.0,0.7777778,20.0,128.0,0.5586608442503639,0.5584415584415584
2.0,0.8888889,1.0,2.0,0.5609898107714701,0.5584415584415584
2.0,0.8888889,1.0,3.0,0.5609898107714701,0.5584415584415584
2.0,0.8888889,1.0,5.0,0.5609898107714701,0.5584415584415584
2.0,0.8888889,1.0,8.0,0.5609898107714701,0.5584415584415584
2.0,0.8888889,1.0,12.0,0.5609898107714701,0.5584415584415584
2.0,0.8888889,1.0,20.0,0.5609898107714701,0.5584415584415584
2.0,0.8888889,1.0,32.0,0.5609898107714701,0.5584415584415584
2.0,0.8888889,1.0,50.0,0.5609898107714701,0.5584415584415584
2.0,0.8888889,1.0,80.0,0.5609898107714701,0.5584415584415584
2.0,0.8888889,1.0,128.0,0.5609898107714701,0.5584415584415584
2.0,0.8888889,3.0,2.0,0.5601164483260553,0.5584415584415584
2.0,0.8888889,3.0,3.0,0.5601164483260553,0.5584415584415584
2.0,0.8888889,3.0,5.0,0.5601164483260553,0.5584415584415584
2.0,0.8888889,3.0,8.0,0.5601164483260553,0.5584415584415584
2.0,0.8888889,3.0,12.0,0.5601164483260553,0.5584415584415584
2.0,0.8888889,3.0,20.0,0.5601164483260553,0.5584415584415584
2.0,0.8888889,3.0,32.0,0.5601164483260553,0.5584415584415584
2.0,0.8888889,3.0,50.0,0.5601164483260553,0.5584415584415584
2.0,0.8888889,3.0,80.0,0.5601164483260553,0.5584415584415584
2.0,0.8888889,3.0,128.0,0.5601164483260553,0.5584415584415584
2.0,0.8888889,5.0,2.0,0.5598253275109171,0.5584415584415584
2.0,0.8888889,5.0,3.0,0.5598253275109171,0.5584415584415584
2.0,0.8888889,5.0,5.0,0.5598253275109171,0.5584415584415584
2.0,0.8888889,5.0,8.0,0.5598253275109171,0.5584415584415584
2.0,0.8888889,5.0,12.0,0.5598253275109171,0.5584415584415584
2.0,0.8888889,5.0,20.0,0.5598253275109171,0.5584415584415584
2.0,0.8888889,5.0,32.0,0.5598253275109171,0.5584415584415584
2.0,0.8888889,5.0,50.0,0.5598253275109171,0.5584415584415584
2.0,0.8888889,5.0,80.0,0.5598253275109171,0.5584415584415584
2.0,0.8888889,5.0,128.0,0.5598253275109171,0.5584415584415584
2.0,0.8888889,7.0,2.0,0.5598253275109171,0.5584415584415584
2.0,0.8888889,7.0,3.0,0.5598253275109171,0.5584415584415584
2.0,0.8888889,7.0,5.0,0.5598253275109171,0.5584415584415584
2.0,0.8888889,7.0,8.0,0.5598253275109171,0.5584415584415584
2.0,0.8888889,7.0,12.0,0.5598253275109171,0.5584415584415584
2.0,0.8888889,7.0,20.0,0.5598253275109171,0.5584415584415584
2.0,0.8888889,7.0,32.0,0.5598253275109171,0.5584415584415584
2.0,0.8888889,7.0,50.0,0.5598253275109171,0.5584415584415584
2.0,0.8888889,7.0,80.0,0.5598253275109171,0.5584415584415584
2.0,0.8888889,7.0,128.0,0.5598253275109171,0.5584415584415584
2.0,0.8888889,9.0,2.0,0.5598253275109171,0.5584415584415584
2.0,0.8888889,9.0,3.0,0.5598253275109171,0.5584415584415584
2.0,0.8888889,9.0,5.0,0.5598253275109171,0.5584415584415584
2.0,0.8888889,9.0,8.0,0.5598253275109171,0.5584415584415584
2.0,0.8888889,9.0,12.0,0.5598253275109171,0.5584415584415584
2.0,0.8888889,9.0,20.0,0.5598253275109171,0.5584415584415584
2.0,0.8888889,9.0,32.0,0.5598253275109171,0.5584415584415584
2.0,0.8888889,9.0,50.0,0.5598253275109171,0.5584415584415584
2.0,0.8888889,9.0,80.0,0.5598253275109171,0.5584415584415584
2.0,0.8888889,9.0,128.0,0.5598253275109171,0.5584415584415584
2.0,0.8888889,11.0,2.0,0.5598253275109171,0.5584415584415584
2.0,0.8888889,11.0,3.0,0.5598253275109171,0.5584415584415584
2.0,0.8888889,11.0,5.0,0.5598253275109171,0.5584415584415584
2.0,0.8888889,11.0,8.0,0.5598253275109171,0.5584415584415584
2.0,0.8888889,11.0,12.0,0.5598253275109171,0.5584415584415584
2.0,0.8888889,11.0,20.0,0.5598253275109171,0.5584415584415584
2.0,0.8888889,11.0,32.0,0.5598253275109171,0.5584415584415584
2.0,0.8888889,11.0,50.0,0.5598253275109171,0.5584415584415584
2.0,0.8888889,11.0,80.0,0.5598253275109171,0.5584415584415584
2.0,0.8888889,11.0,128.0,0.5598253275109171,0.5584415584415584
2.0,0.8888889,13.0,2.0,0.5595342066957787,0.5584415584415584
2.0,0.8888889,13.0,3.0,0.5595342066957787,0.5584415584415584
2.0,0.8888889,13.0,5.0,0.5595342066957787,0.5584415584415584
2.0,0.8888889,13.0,8.0,0.5595342066957787,0.5584415584415584
2.0,0.8888889,13.0,12.0,0.5595342066957787,0.5584415584415584
2.0,0.8888889,13.0,20.0,0.5595342066957787,0.5584415584415584
2.0,0.8888889,13.0,32.0,0.5595342066957787,0.5584415584415584
2.0,0.8888889,13.0,50.0,0.5595342066957787,0.5584415584415584
2.0,0.8888889,13.0,80.0,0.5595342066957787,0.5584415584415584
2.0,0.8888889,13.0,128.0,0.5595342066957787,0.5584415584415584
2.0,0.8888889,15.0,2.0,0.5595342066957787,0.5584415584415584
2.0,0.8888889,15.0,3.0,0.5595342066957787,0.5584415584415584
2.0,0.8888889,15.0,5.0,0.5595342066957787,0.5584415584415584
2.0,0.8888889,15.0,8.0,0.5595342066957787,0.5584415584415584
2.0,0.8888889,15.0,12.0,0.5595342066957787,0.5584415584415584
2.0,0.8888889,15.0,20.0,0.5595342066957787,0.5584415584415584
2.0,0.8888889,15.0,32.0,0.5595342066957787,0.5584415584415584
2.0,0.8888889,15.0,50.0,0.5595342066957787,0.5584415584415584
2.0,0.8888889,15.0,80.0,0.5595342066957787,0.5584415584415584
2.0,0.8888889,15.0,128.0,0.5595342066957787,0.5584415584415584
2.0,0.8888889,17.0,2.0,0.5592430858806405,0.5584415584415584
2.0,0.8888889,17.0,3.0,0.5592430858806405,0.5584415584415584
2.0,0.8888889,17.0,5.0,0.5592430858806405,0.5584415584415584
2.0,0.8888889,17.0,8.0,0.5592430858806405,0.5584415584415584
2.0,0.8888889,17.0,12.0,0.5592430858806405,0.5584415584415584
2.0,0.8888889,17.0,20.0,0.5592430858806405,0.5584415584415584
2.0,0.8888889,17.0,32.0,0.5592430858806405,0.5584415584415584
2.0,0.8888889,17.0,50.0,0.5592430858806405,0.5584415584415584
2.0,0.8888889,17.0,80.0,0.5592430858806405,0.5584415584415584
2.0,0.8888889,17.0,128.0,0.5592430858806405,0.5584415584415584
2.0,0.8888889,20.0,2.0,0.5592430858806405,0.5584415584415584
2.0,0.8888889,20.0,3.0,0.5592430858806405,0.5584415584415584
2.0,0.8888889,20.0,5.0,0.5592430858806405,0.5584415584415584
2.0,0.8888889,20.0,8.0,0.5592430858806405,0.5584415584415584
2.0,0.8888889,20.0,12.0,0.5592430858806405,0.5584415584415584
2.0,0.8888889,20.0,20.0,0.5592430858806405,0.5584415584415584
2.0,0.8888889,20.0,32.0,0.5592430858806405,0.5584415584415584
2.0,0.8888889,20.0,50.0,0.5592430858806405,0.5584415584415584
2.0,0.8888889,20.0,80.0,0.5592430858806405,0.5584415584415584
2.0,0.8888889,20.0,128.0,0.5592430858806405,0.5584415584415584
2.0,1.0,1.0,2.0,0.5068413391557496,0.5047619047619047
2.0,1.0,1.0,3.0,0.5068413391557496,0.5047619047619047
2.0,1.0,1.0,5.0,0.5068413391557496,0.5047619047619047
2.0,1.0,1.0,8.0,0.5068413391557496,0.5047619047619047
2.0,1.0,1.0,12.0,0.5068413391557496,0.5047619047619047
2.0,1.0,1.0,20.0,0.5068413391557496,0.5047619047619047
2.0,1.0,1.0,32.0,0.5068413391557496,0.5047619047619047
2.0,1.0,1.0,50.0,0.5068413391557496,0.5047619047619047
2.0,1.0,1.0,80.0,0.5068413391557496,0.5047619047619047
2.0,1.0,1.0,128.0,0.5068413391557496,0.5047619047619047
2.0,1.0,3.0,2.0,0.5068413391557496,0.5047619047619047
2.0,1.0,3.0,3.0,0.5068413391557496,0.5047619047619047
2.0,1.0,3.0,5.0,0.5068413391557496,0.5047619047619047
2.0,1.0,3.0,8.0,0.5068413391557496,0.5047619047619047
2.0,1.0,3.0,12.0,0.5068413391557496,0.5047619047619047
2.0,1.0,3.0,20.0,0.5068413391557496,0.5047619047619047
2.0,1.0,3.0,32.0,0.5068413391557496,0.5047619047619047
2.0,1.0,3.0,50.0,0.5068413391557496,0.5047619047619047
2.0,1.0,3.0,80.0,0.5068413391557496,0.5047619047619047
2.0,1.0,3.0,128.0,0.5068413391557496,0.5047619047619047
2.0,1.0,5.0,2.0,0.5068413391557496,0.5047619047619047
2.0,1.0,5.0,3.0,0.5068413391557496,0.5047619047619047
2.0,1.0,5.0,5.0,0.5068413391557496,0.5047619047619047
2.0,1.0,5.0,8.0,0.5068413391557496,0.5047619047619047
2.0,1.0,5.0,12.0,0.5068413391557496,0.5047619047619047
2.0,1.0,5.0,20.0,0.5068413391557496,0.5047619047619047
2.0,1.0,5.0,32.0,0.5068413391557496,0.5047619047619047
2.0,1.0,5.0,50.0,0.5068413391557496,0.5047619047619047
2.0,1.0,5.0,80.0,0.5068413391557496,0.5047619047619047
2.0,1.0,5.0,128.0,0.5068413391557496,0.5047619047619047
2.0,1.0,7.0,2.0,0.5068413391557496,0.5047619047619047
2.0,1.0,7.0,3.0,0.5068413391557496,0.5047619047619047
2.0,1.0,7.0,5.0,0.5068413391557496,0.5047619047619047
2.0,1.0,7.0,8.0,0.5068413391557496,0.5047619047619047
2.0,1.0,7.0,12.0,0.5068413391557496,0.5047619047619047
2.0,1.0,7.0,20.0,0.5068413391557496,0.5047619047619047
2.0,1.0,7.0,32.0,0.5068413391557496,0.5047619047619047
2.0,1.0,7.0,50.0,0.5068413391557496,0.5047619047619047
2.0,1.0,7.0,80.0,0.5068413391557496,0.5047619047619047
2.0,1.0,7.0,128.0,0.5068413391557496,0.5047619047619047
2.0,1.0,9.0,2.0,0.5068413391557496,0.5047619047619047
2.0,1.0,9.0,3.0,0.5068413391557496,0.5047619047619047
2.0,1.0,9.0,5.0,0.5068413391557496,0.5047619047619047
2.0,1.0,9.0,8.0,0.5068413391557496,0.5047619047619047
2.0,1.0,9.0,12.0,0.5068413391557496,0.5047619047619047
2.0,1.0,9.0,20.0,0.5068413391557496,0.5047619047619047
2.0,1.0,9.0,32.0,0.5068413391557496,0.5047619047619047
2.0,1.0,9.0,50.0,0.5068413391557496,0.5047619047619047
2.0,1.0,9.0,80.0,0.5068413391557496,0.5047619047619047
2.0,1.0,9.0,128.0,0.5068413391557496,0.5047619047619047
2.0,1.0,11.0,2.0,0.5068413391557496,0.5047619047619047
2.0,1.0,11.0,3.0,0.5068413391557496,0.5047619047619047
2.0,1.0,11.0,5.0,0.5068413391557496,0.5047619047619047
2.0,1.0,11.0,8.0,0.5068413391557496,0.5047619047619047
2.0,1.0,11.0,12.0,0.5068413391557496,0.5047619047619047
2.0,1.0,11.0,20.0,0.5068413391557496,0.5047619047619047
2.0,1.0,11.0,32.0,0.5068413391557496,0.5047619047619047
2.0,1.0,11.0,50.0,0.5068413391557496,0.5047619047619047
2.0,1.0,11.0,80.0,0.5068413391557496,0.5047619047619047
2.0,1.0,11.0,128.0,0.5068413391557496,0.5047619047619047
2.0,1.0,13.0,2.0,0.5068413391557496,0.5047619047619047
2.0,1.0,13.0,3.0,0.5068413391557496,0.5047619047619047
2.0,1.0,13.0,5.0,0.5068413391557496,0.5047619047619047
2.0,1.0,13.0,8.0,0.5068413391557496,0.5047619047619047
2.0,1.0,13.0,12.0,0.5068413391557496,0.5047619047619047
2.0,1.0,13.0,20.0,0.5068413391557496,0.5047619047619047
2.0,1.0,13.0,32.0,0.5068413391557496,0.5047619047619047
2.0,1.0,13.0,50.0,0.5068413391557496,0.5047619047619047
2.0,1.0,13.0,80.0,0.5068413391557496,0.5047619047619047
2.0,1.0,13.0,128.0,0.5068413391557496,0.5047619047619047
2.0,1.0,15.0,2.0,0.5068413391557496,0.5047619047619047
2.0,1.0,15.0,3.0,0.5068413391557496,0.5047619047619047
2.0,1.0,15.0,5.0,0.5068413391557496,0.5047619047619047
2.0,1.0,15.0,8.0,0.5068413391557496,0.5047619047619047
2.0,1.0,15.0,12.0,0.5068413391557496,0.5047619047619047
2.0,1.0,15.0,20.0,0.5068413391557496,0.5047619047619047
2.0,1.0,15.0,32.0,0.5068413391557496,0.5047619047619047
2.0,1.0,15.0,50.0,0.5068413391557496,0.5047619047619047
2.0,1.0,15.0,80.0,0.5068413391557496,0.5047619047619047
2.0,1.0,15.0,128.0,0.5068413391557496,0.5047619047619047
2.0,1.0,17.0,2.0,0.5068413391557496,0.5047619047619047
2.0,1.0,17.0,3.0,0.5068413391557496,0.5047619047619047
2.0,1.0,17.0,5.0,0.5068413391557496,0.5047619047619047
2.0,1.0,17.0,8.0,0.5068413391557496,0.5047619047619047
2.0,1.0,17.0,12.0,0.5068413391557496,0.5047619047619047
2.0,1.0,17.0,20.0,0.5068413391557496,0.5047619047619047
2.0,1.0,17.0,32.0,0.5068413391557496,0.5047619047619047
2.0,1.0,17.0,50.0,0.5068413391557496,0.5047619047619047
2.0,1.0,17.0,80.0,0.5068413391557496,0.5047619047619047
2.0,1.0,17.0,128.0,0.5068413391557496,0.5047619047619047
2.0,1.0,20.0,2.0,0.5068413391557496,0.5047619047619047
2.0,1.0,20.0,3.0,0.5068413391557496,0.5047619047619047
2.0,1.0,20.0,5.0,0.5068413391557496,0.5047619047619047
2.0,1.0,20.0,8.0,0.5068413391557496,0.5047619047619047
2.0,1.0,20.0,12.0,0.5068413391557496,0.5047619047619047
2.0,1.0,20.0,20.0,0.5068413391557496,0.5047619047619047
2.0,1.0,20.0,32.0,0.5068413391557496,0.5047619047619047
2.0,1.0,20.0,50.0,0.5068413391557496,0.5047619047619047
2.0,1.0,20.0,80.0,0.5068413391557496,0.5047619047619047
2.0,1.0,20.0,128.0,0.5068413391557496,0.5047619047619047
3.0,0.0,1.0,2.0,0.829985443959243,0.819047619047619
3.0,0.0,1.0,3.0,0.8314410480349345,0.819047619047619
3.0,0.0,1.0,5.0,0.8320232896652111,0.8181818181818181
3.0,0.0,1.0,8.0,0.8314410480349345,0.8181818181818181
3.0,0.0,1.0,12.0,0.8305676855895197,0.819047619047619
3.0,0.0,1.0,20.0,0.8305676855895197,0.8199134199134199
3.0,0.0,1.0,32.0,0.8299854439592431,0.8181818181818181
3.0,0.0,1.0,50.0,0.8305676855895197,0.8164502164502163
3.0,0.0,1.0,80.0,0.82882096069869,0.8173160173160173
3.0,0.0,1.0,128.0,0.8294032023289665,0.8181818181818181
3.0,0.0,3.0,2.0,0.8311499272197963,0.8173160173160173
3.0,0.0,3.0,3.0,0.8311499272197963,0.8173160173160173
3.0,0.0,3.0,5.0,0.8311499272197963,0.8173160173160173
3.0,0.0,3.0,8.0,0.8317321688500728,0.8173160173160173
3.0,0.0,3.0,12.0,0.8305676855895197,0.8181818181818181
3.0,0.0,3.0,20.0,0.829985443959243,0.8190476190476191
3.0,0.0,3.0,32.0,0.8282387190684133,0.8155844155844155
3.0,0.0,3.0,50.0,0.8296943231441049,0.8155844155844155
3.0,0.0,3.0,80.0,0.82882096069869,0.8173160173160173
3.0,0.0,3.0,128.0,0.82882096069869,0.8181818181818181
3.0,0.0,5.0,2.0,0.8299854439592431,0.8173160173160173
3.0,0.0,5.0,3.0,0.8299854439592431,0.8173160173160173
3.0,0.0,5.0,5.0,0.8299854439592431,0.8173160173160173
3.0,0.0,5.0,8.0,0.8299854439592431,0.8173160173160173
3.0,0.0,5.0,12.0,0.8296943231441049,0.8164502164502165
3.0,0.0,5.0,20.0,0.8279475982532751,0.8173160173160173
3.0,0.0,5.0,32.0,0.8276564774381369,0.8155844155844157
3.0,0.0,5.0,50.0,0.82882096069869,0.8147186147186147
3.0,0.0,5.0,80.0,0.8273653566229985,0.8173160173160173
3.0,0.0,5.0,128.0,0.8276564774381369,0.8181818181818181
3.0,0.0,7.0,2.0,0.8294032023289665,0.8155844155844155
3.0,0.0,7.0,3.0,0.8294032023289665,0.8155844155844155
3.0,0.0,7.0,5.0,0.8294032023289665,0.8155844155844155
3.0,0.0,7.0,8.0,0.8294032023289665,0.8155844155844155
3.0,0.0,7.0,12.0,0.8294032023289665,0.8155844155844155
3.0,0.0,7.0,20.0,0.8282387190684133,0.8173160173160173
3.0,0.0,7.0,32.0,0.8279475982532751,0.8155844155844157
3.0,0.0,7.0,50.0,0.8291120815138282,0.8138528138528139
3.0,0.0,7.0,80.0,0.8270742358078603,0.8173160173160173
3.0,0.0,7.0,128.0,0.8276564774381369,0.8173160173160173
3.0,0.0,9.0,2.0,0.8291120815138282,0.8173160173160173
3.0,0.0,9.0,3.0,0.8291120815138282,0.8173160173160173
3.0,0.0,9.0,5.0,0.8291120815138282,0.8173160173160173
3.0,0.0,9.0,8.0,0.8291120815138282,0.8173160173160173
3.0,0.0,9.0,12.0,0.8291120815138282,0.8173160173160173
3.0,0.0,9.0,20.0,0.8282387190684133,0.8173160173160173
3.0,0.0,9.0,32.0,0.8279475982532751,0.8164502164502165
3.0,0.0,9.0,50.0,0.8291120815138282,0.8164502164502165
3.0,0.0,9.0,80.0,0.8267831149927221,0.8173160173160173
3.0,0.0,9.0,128.0,0.8276564774381369,0.8164502164502165
3.0,0.0,11.0,2.0,0.8285298398835517,0.8173160173160173
3.0,0.0,11.0,3.0,0.8285298398835517,0.8173160173160173
3.0,0.0,11.0,5.0,0.8285298398835517,0.8173160173160173
3.0,0.0,11.0,8.0,0.8285298398835517,0.8173160173160173
3.0,0.0,11.0,12.0,0.8285298398835517,0.8173160173160173
3.0,0.0,11.0,20.0,0.8285298398835517,0.8173160173160173
3.0,0.0,11.0,32.0,0.8279475982532751,0.8155844155844155
3.0,0.0,11.0,50.0,0.8291120815138282,0.8155844155844155
3.0,0.0,11.0,80.0,0.8270742358078602,0.8181818181818181
3.0,0.0,11.0,128.0,0.8279475982532751,0.8164502164502165
3.0,0.0,13.0,2.0,0.8282387190684133,0.8155844155844155
3.0,0.0,13.0,3.0,0.8282387190684133,0.8155844155844155
3.0,0.0,13.0,5.0,0.8282387190684133,0.8155844155844155
3.0,0.0,13.0,8.0,0.8282387190684133,0.8155844155844155
3.0,0.0,13.0,12.0,0.8282387190684133,0.8155844155844155
3.0,0.0,13.0,20.0,0.8282387190684133,0.8155844155844155
3.0,0.0,13.0,32.0,0.8285298398835517,0.8164502164502165
3.0,0.0,13.0,50.0,0.8302765647743813,0.8155844155844155
3.0,0.0,13.0,80.0,0.8273653566229985,0.8181818181818181
3.0,0.0,13.0,128.0,0.8279475982532751,0.8164502164502165
3.0,0.0,15.0,2.0,0.82882096069869,0.8164502164502165
3.0,0.0,15.0,3.0,0.82882096069869,0.8164502164502165
3.0,0.0,15.0,5.0,0.82882096069869,0.8164502164502165
3.0,0.0,15.0,8.0,0.82882096069869,0.8164502164502165
3.0,0.0,15.0,12.0,0.82882096069869,0.8164502164502165
3.0,0.0,15.0,20.0,0.82882096069869,0.8164502164502165
3.0,0.0,15.0,32.0,0.82882096069869,0.8173160173160173
3.0,0.0,15.0,50.0,0.8296943231441049,0.8155844155844155
3.0,0.0,15.0,80.0,0.8270742358078602,0.8181818181818181
3.0,0.0,15.0,128.0,0.8273653566229985,0.8164502164502165
3.0,0.0,17.0,2.0,0.8285298398835517,0.8173160173160173
3.0,0.0,17.0,3.0,0.8285298398835517,0.8173160173160173
3.0,0.0,17.0,5.0,0.8285298398835517,0.8173160173160173
3.0,0.0,17.0,8.0,0.8285298398835517,0.8173160173160173
3.0,0.0,17.0,12.0,0.8285298398835517,0.8173160173160173
3.0,0.0,17.0,20.0,0.8285298398835517,0.8173160173160173
3.0,0.0,17.0,32.0,0.8285298398835517,0.8173160173160173
3.0,0.0,17.0,50.0,0.8294032023289665,0.8155844155844155
3.0,0.0,17.0,80.0,0.8267831149927221,0.8181818181818181
3.0,0.0,17.0,128.0,0.8273653566229985,0.8164502164502165
3.0,0.0,20.0,2.0,0.8291120815138282,0.8181818181818181
3.0,0.0,20.0,3.0,0.8291120815138282,0.8181818181818181
3.0,0.0,20.0,5.0,0.8291120815138282,0.8181818181818181
3.0,0.0,20.0,8.0,0.8291120815138282,0.8181818181818181
3.0,0.0,20.0,12.0,0.8291120815138282,0.8181818181818181
3.0,0.0,20.0,20.0,0.8291120815138282,0.8181818181818181
3.0,0.0,20.0,32.0,0.8291120815138282,0.8181818181818181
3.0,0.0,20.0,50.0,0.8285298398835517,0.8164502164502163
3.0,0.0,20.0,80.0,0.8264919941775837,0.819047619047619
3.0,0.0,20.0,128.0,0.8270742358078603,0.8173160173160173
3.0,0.11111111,1.0,2.0,0.829985443959243,0.819047619047619
3.0,0.11111111,1.0,3.0,0.8314410480349345,0.819047619047619
3.0,0.11111111,1.0,5.0,0.8320232896652111,0.8181818181818181
3.0,0.11111111,1.0,8.0,0.8314410480349345,0.8181818181818181
3.0,0.11111111,1.0,12.0,0.8305676855895197,0.819047619047619
3.0,0.11111111,1.0,20.0,0.8305676855895197,0.8199134199134199
3.0,0.11111111,1.0,32.0,0.8299854439592431,0.8181818181818181
3.0,0.11111111,1.0,50.0,0.8305676855895197,0.8164502164502163
3.0,0.11111111,1.0,80.0,0.82882096069869,0.8173160173160173
3.0,0.11111111,1.0,128.0,0.8294032023289665,0.8181818181818181
3.0,0.11111111,3.0,2.0,0.8311499272197963,0.8173160173160173
3.0,0.11111111,3.0,3.0,0.8311499272197963,0.8173160173160173
3.0,0.11111111,3.0,5.0,0.8311499272197963,0.8173160173160173
3.0,0.11111111,3.0,8.0,0.8317321688500728,0.8173160173160173
3.0,0.11111111,3.0,12.0,0.8305676855895197,0.8181818181818181
3.0,0.11111111,3.0,20.0,0.829985443959243,0.8190476190476191
3.0,0.11111111,3.0,32.0,0.8282387190684133,0.8155844155844155
3.0,0.11111111,3.0,50.0,0.8296943231441049,0.8155844155844155
3.0,0.11111111,3.0,80.0,0.82882096069869,0.8173160173160173
3.0,0.11111111,3.0,128.0,0.82882096069869,0.8181818181818181
3.0,0.11111111,5.0,2.0,0.8299854439592431,0.8173160173160173
3.0,0.11111111,5.0,3.0,0.8299854439592431,0.8173160173160173
3.0,0.11111111,5.0,5.0,0.8299854439592431,0.8173160173160173
3.0,0.11111111,5.0,8.0,0.8299854439592431,0.8173160173160173
3.0,0.11111111,5.0,12.0,0.8296943231441049,0.8164502164502165
3.0,0.11111111,5.0,20.0,0.8279475982532751,0.8173160173160173
3.0,0.11111111,5.0,32.0,0.8276564774381369,0.8155844155844157
3.0,0.11111111,5.0,50.0,0.82882096069869,0.8147186147186147
3.0,0.11111111,5.0,80.0,0.8273653566229985,0.8173160173160173
3.0,0.11111111,5.0,128.0,0.8276564774381369,0.8181818181818181
3.0,0.11111111,7.0,2.0,0.8294032023289665,0.8155844155844155
3.0,0.11111111,7.0,3.0,0.8294032023289665,0.8155844155844155
3.0,0.11111111,7.0,5.0,0.8294032023289665,0.8155844155844155
3.0,0.11111111,7.0,8.0,0.8294032023289665,0.8155844155844155
3.0,0.11111111,7.0,12.0,0.8294032023289665,0.8155844155844155
3.0,0.11111111,7.0,20.0,0.8282387190684133,0.8173160173160173
3.0,0.11111111,7.0,32.0,0.8279475982532751,0.8155844155844157
3.0,0.11111111,7.0,50.0,0.8291120815138282,0.8138528138528139
3.0,0.11111111,7.0,80.0,0.8270742358078603,0.8173160173160173
3.0,0.11111111,7.0,128.0,0.8276564774381369,0.8173160173160173
3.0,0.11111111,9.0,2.0,0.8291120815138282,0.8173160173160173
3.0,0.11111111,9.0,3.0,0.8291120815138282,0.8173160173160173
3.0,0.11111111,9.0,5.0,0.8291120815138282,0.8173160173160173
3.0,0.11111111,9.0,8.0,0.8291120815138282,0.8173160173160173
3.0,0.11111111,9.0,12.0,0.8291120815138282,0.8173160173160173
3.0,0.11111111,9.0,20.0,0.8282387190684133,0.8173160173160173
3.0,0.11111111,9.0,32.0,0.8279475982532751,0.8164502164502165
3.0,0.11111111,9.0,50.0,0.8291120815138282,0.8164502164502165
3.0,0.11111111,9.0,80.0,0.8267831149927221,0.8173160173160173
3.0,0.11111111,9.0,128.0,0.8276564774381369,0.8164502164502165
3.0,0.11111111,11.0,2.0,0.8285298398835517,0.8173160173160173
3.0,0.11111111,11.0,3.0,0.8285298398835517,0.8173160173160173
3.0,0.11111111,11.0,5.0,0.8285298398835517,0.8173160173160173
3.0,0.11111111,11.0,8.0,0.8285298398835517,0.8173160173160173
3.0,0.11111111,11.0,12.0,0.8285298398835517,0.8173160173160173
3.0,0.11111111,11.0,20.0,0.8285298398835517,0.8173160173160173
3.0,0.11111111,11.0,32.0,0.8279475982532751,0.8155844155844155
3.0,0.11111111,11.0,50.0,0.8291120815138282,0.8155844155844155
3.0,0.11111111,11.0,80.0,0.8270742358078602,0.8181818181818181
3.0,0.11111111,11.0,128.0,0.8279475982532751,0.8164502164502165
3.0,0.11111111,13.0,2.0,0.8282387190684133,0.8155844155844155
3.0,0.11111111,13.0,3.0,0.8282387190684133,0.8155844155844155
3.0,0.11111111,13.0,5.0,0.8282387190684133,0.8155844155844155
3.0,0.11111111,13.0,8.0,0.8282387190684133,0.8155844155844155
3.0,0.11111111,13.0,12.0,0.8282387190684133,0.8155844155844155
3.0,0.11111111,13.0,20.0,0.8282387190684133,0.8155844155844155
3.0,0.11111111,13.0,32.0,0.8285298398835517,0.8164502164502165
3.0,0.11111111,13.0,50.0,0.8302765647743813,0.8155844155844155
3.0,0.11111111,13.0,80.0,0.8273653566229985,0.8181818181818181
3.0,0.11111111,13.0,128.0,0.8279475982532751,0.8164502164502165
3.0,0.11111111,15.0,2.0,0.82882096069869,0.8164502164502165
3.0,0.11111111,15.0,3.0,0.82882096069869,0.8164502164502165
3.0,0.11111111,15.0,5.0,0.82882096069869,0.8164502164502165
3.0,0.11111111,15.0,8.0,0.82882096069869,0.8164502164502165
3.0,0.11111111,15.0,12.0,0.82882096069869,0.8164502164502165
3.0,0.11111111,15.0,20.0,0.82882096069869,0.8164502164502165
3.0,0.11111111,15.0,32.0,0.82882096069869,0.8173160173160173
3.0,0.11111111,15.0,50.0,0.8296943231441049,0.8155844155844155
3.0,0.11111111,15.0,80.0,0.8270742358078602,0.8181818181818181
3.0,0.11111111,15.0,128.0,0.8273653566229985,0.8164502164502165
3.0,0.11111111,17.0,2.0,0.8285298398835517,0.8173160173160173
3.0,0.11111111,17.0,3.0,0.8285298398835517,0.8173160173160173
3.0,0.11111111,17.0,5.0,0.8285298398835517,0.8173160173160173
3.0,0.11111111,17.0,8.0,0.8285298398835517,0.8173160173160173
3.0,0.11111111,17.0,12.0,0.8285298398835517,0.8173160173160173
3.0,0.11111111,17.0,20.0,0.8285298398835517,0.8173160173160173
3.0,0.11111111,17.0,32.0,0.8285298398835517,0.8173160173160173
3.0,0.11111111,17.0,50.0,0.8294032023289665,0.8155844155844155
3.0,0.11111111,17.0,80.0,0.8267831149927221,0.8181818181818181
3.0,0.11111111,17.0,128.0,0.8273653566229985,0.8164502164502165
3.0,0.11111111,20.0,2.0,0.8291120815138282,0.8181818181818181
3.0,0.11111111,20.0,3.0,0.8291120815138282,0.8181818181818181
3.0,0.11111111,20.0,5.0,0.8291120815138282,0.8181818181818181
3.0,0.11111111,20.0,8.0,0.8291120815138282,0.8181818181818181
3.0,0.11111111,20.0,12.0,0.8291120815138282,0.8181818181818181
3.0,0.11111111,20.0,20.0,0.8291120815138282,0.8181818181818181
3.0,0.11111111,20.0,32.0,0.8291120815138282,0.8181818181818181
3.0,0.11111111,20.0,50.0,0.8285298398835517,0.8164502164502163
3.0,0.11111111,20.0,80.0,0.8264919941775837,0.819047619047619
3.0,0.11111111,20.0,128.0,0.8270742358078603,0.8173160173160173
3.0,0.22222222,1.0,2.0,0.8279475982532751,0.8277056277056276
3.0,0.22222222,1.0,3.0,0.8282387190684133,0.8277056277056276
3.0,0.22222222,1.0,5.0,0.8285298398835517,0.8285714285714286
3.0,0.22222222,1.0,8.0,0.8285298398835517,0.825974025974026
3.0,0.22222222,1.0,12.0,0.830858806404658,0.8285714285714286
3.0,0.22222222,1.0,20.0,0.8296943231441049,0.8277056277056276
3.0,0.22222222,1.0,32.0,0.8320232896652111,0.8277056277056276
3.0,0.22222222,1.0,50.0,0.8323144104803493,0.8277056277056276
3.0,0.22222222,1.0,80.0,0.8305676855895197,0.8268398268398268
3.0,0.22222222,1.0,128.0,0.8285298398835517,0.8268398268398268
3.0,0.22222222,3.0,2.0,0.8282387190684133,0.8285714285714286
3.0,0.22222222,3.0,3.0,0.8282387190684133,0.8285714285714286
3.0,0.22222222,3.0,5.0,0.8282387190684133,0.8285714285714286
3.0,0.22222222,3.0,8.0,0.82882096069869,0.8268398268398268
3.0,0.22222222,3.0,12.0,0.8302765647743813,0.8277056277056276
3.0,0.22222222,3.0,20.0,0.8294032023289665,0.8277056277056276
3.0,0.22222222,3.0,32.0,0.8317321688500728,0.8277056277056276
3.0,0.22222222,3.0,50.0,0.8320232896652111,0.8277056277056276
3.0,0.22222222,3.0,80.0,0.8302765647743813,0.8268398268398268
3.0,0.22222222,3.0,128.0,0.8285298398835517,0.8268398268398268
3.0,0.22222222,5.0,2.0,0.8294032023289665,0.8277056277056276
3.0,0.22222222,5.0,3.0,0.8294032023289665,0.8277056277056276
3.0,0.22222222,5.0,5.0,0.8294032023289665,0.8277056277056276
3.0,0.22222222,5.0,8.0,0.8294032023289665,0.8277056277056276
3.0,0.22222222,5.0,12.0,0.8302765647743813,0.8277056277056276
3.0,0.22222222,5.0,20.0,0.8294032023289665,0.8277056277056276
3.0,0.22222222,5.0,32.0,0.8317321688500728,0.8277056277056276
3.0,0.22222222,5.0,50.0,0.8320232896652111,0.8277056277056276
3.0,0.22222222,5.0,80.0,0.8302765647743813,0.8268398268398268
3.0,0.22222222,5.0,128.0,0.8285298398835517,0.8268398268398268
3.0,0.22222222,7.0,2.0,0.8299854439592431,0.8285714285714286
3.0,0.22222222,7.0,3.0,0.8299854439592431,0.8285714285714286
3.0,0.22222222,7.0,5.0,0.8299854439592431,0.8285714285714286
3.0,0.22222222,7.0,8.0,0.8299854439592431,0.8285714285714286
3.0,0.22222222,7.0,12.0,0.8299854439592431,0.8285714285714286
3.0,0.22222222,7.0,20.0,0.8294032023289665,0.8277056277056276
3.0,0.22222222,7.0,32.0,0.8317321688500728,0.8277056277056276
3.0,0.22222222,7.0,50.0,0.8320232896652111,0.8277056277056276
3.0,0.22222222,7.0,80.0,0.8305676855895197,0.8268398268398268
3.0,0.22222222,7.0,128.0,0.8291120815138282,0.8251082251082252
3.0,0.22222222,9.0,2.0,0.8291120815138282,0.8277056277056276
3.0,0.22222222,9.0,3.0,0.8291120815138282,0.8277056277056276
3.0,0.22222222,9.0,5.0,0.8291120815138282,0.8277056277056276
3.0,0.22222222,9.0,8.0,0.8291120815138282,0.8277056277056276
3.0,0.22222222,9.0,12.0,0.8291120815138282,0.8277056277056276
3.0,0.22222222,9.0,20.0,0.8294032023289665,0.8277056277056276
3.0,0.22222222,9.0,32.0,0.8317321688500728,0.8277056277056276
3.0,0.22222222,9.0,50.0,0.8320232896652111,0.8277056277056276
3.0,0.22222222,9.0,80.0,0.8305676855895197,0.8268398268398268
3.0,0.22222222,9.0,128.0,0.82882096069869,0.8251082251082252
3.0,0.22222222,11.0,2.0,0.830858806404658,0.8277056277056276
3.0,0.22222222,11.0,3.0,0.830858806404658,0.8277056277056276
3.0,0.22222222,11.0,5.0,0.830858806404658,0.8277056277056276
3.0,0.22222222,11.0,8.0,0.830858806404658,0.8277056277056276
3.0,0.22222222,11.0,12.0,0.830858806404658,0.8277056277056276
3.0,0.22222222,11.0,20.0,0.830858806404658,0.8277056277056276
3.0,0.22222222,11.0,32.0,0.8311499272197962,0.8277056277056276
3.0,0.22222222,11.0,50.0,0.8317321688500728,0.8277056277056276
3.0,0.22222222,11.0,80.0,0.8302765647743813,0.8268398268398268
3.0,0.22222222,11.0,128.0,0.82882096069869,0.825974025974026
3.0,0.22222222,13.0,2.0,0.8311499272197962,0.8268398268398268
3.0,0.22222222,13.0,3.0,0.8311499272197962,0.8268398268398268
3.0,0.22222222,13.0,5.0,0.8311499272197962,0.8268398268398268
3.0,0.22222222,13.0,8.0,0.8311499272197962,0.8268398268398268
3.0,0.22222222,13.0,12.0,0.8311499272197962,0.8268398268398268
3.0,0.22222222,13.0,20.0,0.8311499272197962,0.8268398268398268
3.0,0.22222222,13.0,32.0,0.8311499272197962,0.8277056277056276
3.0,0.22222222,13.0,50.0,0.8314410480349345,0.8277056277056276
3.0,0.22222222,13.0,80.0,0.8302765647743813,0.8268398268398268
3.0,0.22222222,13.0,128.0,0.8285298398835517,0.825974025974026
3.0,0.22222222,15.0,2.0,0.8305676855895197,0.8277056277056276
3.0,0.22222222,15.0,3.0,0.8305676855895197,0.8277056277056276
3.0,0.22222222,15.0,5.0,0.8305676855895197,0.8277056277056276
3.0,0.22222222,15.0,8.0,0.8305676855895197,0.8277056277056276
3.0,0.22222222,15.0,12.0,0.8305676855895197,0.8277056277056276
3.0,0.22222222,15.0,20.0,0.8305676855895197,0.8277056277056276
3.0,0.22222222,15.0,32.0,0.830858806404658,0.8277056277056276
3.0,0.22222222,15.0,50.0,0.8311499272197962,0.8277056277056276
3.0,0.22222222,15.0,80.0,0.829985443959243,0.8268398268398268
3.0,0.22222222,15.0,128.0,0.8282387190684133,0.825974025974026
3.0,0.22222222,17.0,2.0,0.830858806404658,0.8268398268398268
3.0,0.22222222,17.0,3.0,0.830858806404658,0.8268398268398268
3.0,0.22222222,17.0,5.0,0.830858806404658,0.8268398268398268
3.0,0.22222222,17.0,8.0,0.830858806404658,0.8268398268398268
3.0,0.22222222,17.0,12.0,0.830858806404658,0.8268398268398268
3.0,0.22222222,17.0,20.0,0.830858806404658,0.8268398268398268
3.0,0.22222222,17.0,32.0,0.830858806404658,0.8268398268398268
3.0,0.22222222,17.0,50.0,0.8311499272197962,0.8268398268398268
3.0,0.22222222,17.0,80.0,0.829985443959243,0.825974025974026
3.0,0.22222222,17.0,128.0,0.8282387190684133,0.825974025974026
3.0,0.22222222,20.0,2.0,0.8302765647743813,0.8268398268398268
3.0,0.22222222,20.0,3.0,0.8302765647743813,0.8268398268398268
3.0,0.22222222,20.0,5.0,0.8302765647743813,0.8268398268398268
3.0,0.22222222,20.0,8.0,0.8302765647743813,0.8268398268398268
3.0,0.22222222,20.0,12.0,0.8302765647743813,0.8268398268398268
3.0,0.22222222,20.0,20.0,0.8302765647743813,0.8268398268398268
3.0,0.22222222,20.0,32.0,0.8302765647743813,0.8268398268398268
3.0,0.22222222,20.0,50.0,0.830858806404658,0.8268398268398268
3.0,0.22222222,20.0,80.0,0.8296943231441049,0.825974025974026
3.0,0.22222222,20.0,128.0,0.8279475982532751,0.825974025974026
3.0,0.33333334,1.0,2.0,0.8221251819505095,0.825974025974026
3.0,0.33333334,1.0,3.0,0.8221251819505095,0.825974025974026
3.0,0.33333334,1.0,5.0,0.8224163027656477,0.825974025974026
3.0,0.33333334,1.0,8.0,0.8221251819505095,0.8251082251082252
3.0,0.33333334,1.0,12.0,0.8206695778748181,0.8242424242424242
3.0,0.33333334,1.0,20.0,0.8229985443959243,0.8242424242424242
3.0,0.33333334,1.0,32.0,0.8227074235807861,0.8233766233766234
3.0,0.33333334,1.0,50.0,0.8221251819505095,0.8242424242424242
3.0,0.33333334,1.0,80.0,0.8203784570596797,0.825974025974026
3.0,0.33333334,1.0,128.0,0.8206695778748181,0.8251082251082252
3.0,0.33333334,3.0,2.0,0.8221251819505095,0.825974025974026
3.0,0.33333334,3.0,3.0,0.8221251819505095,0.825974025974026
3.0,0.33333334,3.0,5.0,0.8221251819505095,0.825974025974026
3.0,0.33333334,3.0,8.0,0.8221251819505095,0.8251082251082252
3.0,0.33333334,3.0,12.0,0.8206695778748181,0.8242424242424242
3.0,0.33333334,3.0,20.0,0.8229985443959243,0.8242424242424242
3.0,0.33333334,3.0,32.0,0.8227074235807861,0.8233766233766234
3.0,0.33333334,3.0,50.0,0.8221251819505095,0.8242424242424242
3.0,0.33333334,3.0,80.0,0.8203784570596797,0.825974025974026
3.0,0.33333334,3.0,128.0,0.8209606986899564,0.8251082251082252
3.0,0.33333334,5.0,2.0,0.8215429403202329,0.8242424242424242
3.0,0.33333334,5.0,3.0,0.8215429403202329,0.8242424242424242
3.0,0.33333334,5.0,5.0,0.8215429403202329,0.8242424242424242
3.0,0.33333334,5.0,8.0,0.8215429403202329,0.8242424242424242
3.0,0.33333334,5.0,12.0,0.8206695778748181,0.8242424242424242
3.0,0.33333334,5.0,20.0,0.8229985443959243,0.8242424242424242
3.0,0.33333334,5.0,32.0,0.8229985443959243,0.8233766233766234
3.0,0.33333334,5.0,50.0,0.8221251819505095,0.8242424242424242
3.0,0.33333334,5.0,80.0,0.8203784570596797,0.825974025974026
3.0,0.33333334,5.0,128.0,0.8206695778748181,0.8251082251082252
3.0,0.33333334,7.0,2.0,0.8227074235807861,0.825974025974026
3.0,0.33333334,7.0,3.0,0.8227074235807861,0.825974025974026
3.0,0.33333334,7.0,5.0,0.8227074235807861,0.825974025974026
3.0,0.33333334,7.0,8.0,0.8227074235807861,0.825974025974026
3.0,0.33333334,7.0,12.0,0.8227074235807861,0.825974025974026
3.0,0.33333334,7.0,20.0,0.8229985443959243,0.8242424242424242
3.0,0.33333334,7.0,32.0,0.8229985443959243,0.8233766233766234
3.0,0.33333334,7.0,50.0,0.8221251819505095,0.8242424242424242
3.0,0.33333334,7.0,80.0,0.8203784570596797,0.825974025974026
3.0,0.33333334,7.0,128.0,0.8203784570596797,0.8251082251082252
3.0,0.33333334,9.0,2.0,0.8241630276564773,0.8242424242424242
3.0,0.33333334,9.0,3.0,0.8241630276564773,0.8242424242424242
3.0,0.33333334,9.0,5.0,0.8241630276564773,0.8242424242424242
3.0,0.33333334,9.0,8.0,0.8241630276564773,0.8242424242424242
3.0,0.33333334,9.0,12.0,0.8241630276564773,0.8242424242424242
3.0,0.33333334,9.0,20.0,0.8229985443959243,0.8242424242424242
3.0,0.33333334,9.0,32.0,0.8229985443959243,0.8233766233766234
3.0,0.33333334,9.0,50.0,0.8221251819505095,0.8242424242424242
3.0,0.33333334,9.0,80.0,0.8203784570596797,0.825974025974026
3.0,0.33333334,9.0,128.0,0.8203784570596797,0.8251082251082252
3.0,0.33333334,11.0,2.0,0.8229985443959243,0.8242424242424242
3.0,0.33333334,11.0,3.0,0.8229985443959243,0.8242424242424242
3.0,0.33333334,11.0,5.0,0.8229985443959243,0.8242424242424242
3.0,0.33333334,11.0,8.0,0.8229985443959243,0.8242424242424242
3.0,0.33333334,11.0,12.0,0.8229985443959243,0.8242424242424242
3.0,0.33333334,11.0,20.0,0.8229985443959243,0.8242424242424242
3.0,0.33333334,11.0,32.0,0.8227074235807861,0.8233766233766234
3.0,0.33333334,11.0,50.0,0.8218340611353712,0.8251082251082252
3.0,0.33333334,11.0,80.0,0.8200873362445416,0.825974025974026
3.0,0.33333334,11.0,128.0,0.8200873362445416,0.8251082251082252
3.0,0.33333334,13.0,2.0,0.8221251819505095,0.8242424242424242
3.0,0.33333334,13.0,3.0,0.8221251819505095,0.8242424242424242
3.0,0.33333334,13.0,5.0,0.8221251819505095,0.8242424242424242
3.0,0.33333334,13.0,8.0,0.8221251819505095,0.8242424242424242
3.0,0.33333334,13.0,12.0,0.8221251819505095,0.8242424242424242
3.0,0.33333334,13.0,20.0,0.8221251819505095,0.8242424242424242
3.0,0.33333334,13.0,32.0,0.8227074235807861,0.8251082251082252
3.0,0.33333334,13.0,50.0,0.8218340611353712,0.8251082251082252
3.0,0.33333334,13.0,80.0,0.8200873362445416,0.825974025974026
3.0,0.33333334,13.0,128.0,0.8200873362445416,0.8251082251082252
3.0,0.33333334,15.0,2.0,0.8229985443959243,0.8251082251082252
3.0,0.33333334,15.0,3.0,0.8229985443959243,0.8251082251082252
3.0,0.33333334,15.0,5.0,0.8229985443959243,0.8251082251082252
3.0,0.33333334,15.0,8.0,0.8229985443959243,0.8251082251082252
3.0,0.33333334,15.0,12.0,0.8229985443959243,0.8251082251082252
3.0,0.33333334,15.0,20.0,0.8229985443959243,0.8251082251082252
3.0,0.33333334,15.0,32.0,0.8229985443959243,0.8251082251082252
3.0,0.33333334,15.0,50.0,0.8221251819505095,0.8251082251082252
3.0,0.33333334,15.0,80.0,0.8203784570596797,0.825974025974026
3.0,0.33333334,15.0,128.0,0.8203784570596797,0.8251082251082252
3.0,0.33333334,17.0,2.0,0.8229985443959243,0.8251082251082252
3.0,0.33333334,17.0,3.0,0.8229985443959243,0.8251082251082252
3.0,0.33333334,17.0,5.0,0.8229985443959243,0.8251082251082252
3.0,0.33333334,17.0,8.0,0.8229985443959243,0.8251082251082252
3.0,0.33333334,17.0,12.0,0.8229985443959243,0.8251082251082252
3.0,0.33333334,17.0,20.0,0.8229985443959243,0.8251082251082252
3.0,0.33333334,17.0,32.0,0.8229985443959243,0.8251082251082252
3.0,0.33333334,17.0,50.0,0.8221251819505095,0.825974025974026
3.0,0.33333334,17.0,80.0,0.8221251819505095,0.825974025974026
3.0,0.33333334,17.0,128.0,0.8212518195050947,0.8251082251082252
3.0,0.33333334,20.0,2.0,0.8218340611353712,0.8251082251082252
3.0,0.33333334,20.0,3.0,0.8218340611353712,0.8251082251082252
3.0,0.33333334,20.0,5.0,0.8218340611353712,0.8251082251082252
3.0,0.33333334,20.0,8.0,0.8218340611353712,0.8251082251082252
3.0,0.33333334,20.0,12.0,0.8218340611353712,0.8251082251082252
3.0,0.33333334,20.0,20.0,0.8218340611353712,0.8251082251082252
3.0,0.33333334,20.0,32.0,0.8218340611353712,0.8251082251082252
3.0,0.33333334,20.0,50.0,0.8221251819505095,0.8251082251082252
3.0,0.33333334,20.0,80.0,0.8203784570596797,0.825974025974026
3.0,0.33333334,20.0,128.0,0.8203784570596797,0.825974025974026
3.0,0.44444445,1.0,2.0,0.8221251819505095,0.825974025974026
3.0,0.44444445,1.0,3.0,0.8221251819505095,0.825974025974026
3.0,0.44444445,1.0,5.0,0.8224163027656477,0.825974025974026
3.0,0.44444445,1.0,8.0,0.8221251819505095,0.8251082251082252
3.0,0.44444445,1.0,12.0,0.8206695778748181,0.8242424242424242
3.0,0.44444445,1.0,20.0,0.8229985443959243,0.8242424242424242
3.0,0.44444445,1.0,32.0,0.8227074235807861,0.8233766233766234
3.0,0.44444445,1.0,50.0,0.8221251819505095,0.8242424242424242
3.0,0.44444445,1.0,80.0,0.8203784570596797,0.825974025974026
3.0,0.44444445,1.0,128.0,0.8206695778748181,0.8251082251082252
3.0,0.44444445,3.0,2.0,0.8221251819505095,0.825974025974026
3.0,0.44444445,3.0,3.0,0.8221251819505095,0.825974025974026
3.0,0.44444445,3.0,5.0,0.8221251819505095,0.825974025974026
3.0,0.44444445,3.0,8.0,0.8221251819505095,0.8251082251082252
3.0,0.44444445,3.0,12.0,0.8206695778748181,0.8242424242424242
3.0,0.44444445,3.0,20.0,0.8229985443959243,0.8242424242424242
3.0,0.44444445,3.0,32.0,0.8227074235807861,0.8233766233766234
3.0,0.44444445,3.0,50.0,0.8221251819505095,0.8242424242424242
3.0,0.44444445,3.0,80.0,0.8203784570596797,0.825974025974026
3.0,0.44444445,3.0,128.0,0.8209606986899564,0.8251082251082252
3.0,0.44444445,5.0,2.0,0.8215429403202329,0.8242424242424242
3.0,0.44444445,5.0,3.0,0.8215429403202329,0.8242424242424242
3.0,0.44444445,5.0,5.0,0.8215429403202329,0.8242424242424242
3.0,0.44444445,5.0,8.0,0.8215429403202329,0.8242424242424242
3.0,0.44444445,5.0,12.0,0.8206695778748181,0.8242424242424242
3.0,0.44444445,5.0,20.0,0.8229985443959243,0.8242424242424242
3.0,0.44444445,5.0,32.0,0.8229985443959243,0.8233766233766234
3.0,0.44444445,5.0,50.0,0.8221251819505095,0.8242424242424242
3.0,0.44444445,5.0,80.0,0.8203784570596797,0.825974025974026
3.0,0.44444445,5.0,128.0,0.8206695778748181,0.8251082251082252
3.0,0.44444445,7.0,2.0,0.8227074235807861,0.825974025974026
3.0,0.44444445,7.0,3.0,0.8227074235807861,0.825974025974026
3.0,0.44444445,7.0,5.0,0.8227074235807861,0.825974025974026
3.0,0.44444445,7.0,8.0,0.8227074235807861,0.825974025974026
3.0,0.44444445,7.0,12.0,0.8227074235807861,0.825974025974026
3.0,0.44444445,7.0,20.0,0.8229985443959243,0.8242424242424242
3.0,0.44444445,7.0,32.0,0.8229985443959243,0.8233766233766234
3.0,0.44444445,7.0,50.0,0.8221251819505095,0.8242424242424242
3.0,0.44444445,7.0,80.0,0.8203784570596797,0.825974025974026
3.0,0.44444445,7.0,128.0,0.8203784570596797,0.8251082251082252
3.0,0.44444445,9.0,2.0,0.8241630276564773,0.8242424242424242
3.0,0.44444445,9.0,3.0,0.8241630276564773,0.8242424242424242
3.0,0.44444445,9.0,5.0,0.8241630276564773,0.8242424242424242
3.0,0.44444445,9.0,8.0,0.8241630276564773,0.8242424242424242
3.0,0.44444445,9.0,12.0,0.8241630276564773,0.8242424242424242
3.0,0.44444445,9.0,20.0,0.8229985443959243,0.8242424242424242
3.0,0.44444445,9.0,32.0,0.8229985443959243,0.8233766233766234
3.0,0.44444445,9.0,50.0,0.8221251819505095,0.8242424242424242
3.0,0.44444445,9.0,80.0,0.8203784570596797,0.825974025974026
3.0,0.44444445,9.0,128.0,0.8203784570596797,0.8251082251082252
3.0,0.44444445,11.0,2.0,0.8229985443959243,0.8242424242424242
3.0,0.44444445,11.0,3.0,0.8229985443959243,0.8242424242424242
3.0,0.44444445,11.0,5.0,0.8229985443959243,0.8242424242424242
3.0,0.44444445,11.0,8.0,0.8229985443959243,0.8242424242424242
3.0,0.44444445,11.0,12.0,0.8229985443959243,0.8242424242424242
3.0,0.44444445,11.0,20.0,0.8229985443959243,0.8242424242424242
3.0,0.44444445,11.0,32.0,0.8227074235807861,0.8233766233766234
3.0,0.44444445,11.0,50.0,0.8218340611353712,0.8251082251082252
3.0,0.44444445,11.0,80.0,0.8200873362445416,0.825974025974026
3.0,0.44444445,11.0,128.0,0.8200873362445416,0.8251082251082252
3.0,0.44444445,13.0,2.0,0.8221251819505095,0.8242424242424242
3.0,0.44444445,13.0,3.0,0.8221251819505095,0.8242424242424242
3.0,0.44444445,13.0,5.0,0.8221251819505095,0.8242424242424242
3.0,0.44444445,13.0,8.0,0.8221251819505095,0.8242424242424242
3.0,0.44444445,13.0,12.0,0.8221251819505095,0.8242424242424242
3.0,0.44444445,13.0,20.0,0.8221251819505095,0.8242424242424242
3.0,0.44444445,13.0,32.0,0.8227074235807861,0.8251082251082252
3.0,0.44444445,13.0,50.0,0.8218340611353712,0.8251082251082252
3.0,0.44444445,13.0,80.0,0.8200873362445416,0.825974025974026
3.0,0.44444445,13.0,128.0,0.8200873362445416,0.8251082251082252
3.0,0.44444445,15.0,2.0,0.8229985443959243,0.8251082251082252
3.0,0.44444445,15.0,3.0,0.8229985443959243,0.8251082251082252
3.0,0.44444445,15.0,5.0,0.8229985443959243,0.8251082251082252
3.0,0.44444445,15.0,8.0,0.8229985443959243,0.8251082251082252
3.0,0.44444445,15.0,12.0,0.8229985443959243,0.8251082251082252
3.0,0.44444445,15.0,20.0,0.8229985443959243,0.8251082251082252
3.0,0.44444445,15.0,32.0,0.8229985443959243,0.8251082251082252
3.0,0.44444445,15.0,50.0,0.8221251819505095,0.8251082251082252
3.0,0.44444445,15.0,80.0,0.8203784570596797,0.825974025974026
3.0,0.44444445,15.0,128.0,0.8203784570596797,0.8251082251082252
3.0,0.44444445,17.0,2.0,0.8229985443959243,0.8251082251082252
3.0,0.44444445,17.0,3.0,0.8229985443959243,0.8251082251082252
3.0,0.44444445,17.0,5.0,0.8229985443959243,0.8251082251082252
3.0,0.44444445,17.0,8.0,0.8229985443959243,0.8251082251082252
3.0,0.44444445,17.0,12.0,0.8229985443959243,0.8251082251082252
3.0,0.44444445,17.0,20.0,0.8229985443959243,0.8251082251082252
3.0,0.44444445,17.0,32.0,0.8229985443959243,0.8251082251082252
3.0,0.44444445,17.0,50.0,0.8221251819505095,0.825974025974026
3.0,0.44444445,17.0,80.0,0.8221251819505095,0.825974025974026
3.0,0.44444445,17.0,128.0,0.8212518195050947,0.8251082251082252
3.0,0.44444445,20.0,2.0,0.8218340611353712,0.8251082251082252
3.0,0.44444445,20.0,3.0,0.8218340611353712,0.8251082251082252
3.0,0.44444445,20.0,5.0,0.8218340611353712,0.8251082251082252
3.0,0.44444445,20.0,8.0,0.8218340611353712,0.8251082251082252
3.0,0.44444445,20.0,12.0,0.8218340611353712,0.8251082251082252
3.0,0.44444445,20.0,20.0,0.8218340611353712,0.8251082251082252
3.0,0.44444445,20.0,32.0,0.8218340611353712,0.8251082251082252
3.0,0.44444445,20.0,50.0,0.8221251819505095,0.8251082251082252
3.0,0.44444445,20.0,80.0,0.8203784570596797,0.825974025974026
3.0,0.44444445,20.0,128.0,0.8203784570596797,0.825974025974026
3.0,0.5555556,1.0,2.0,0.7572052401746725,0.754978354978355
3.0,0.5555556,1.0,3.0,0.7572052401746725,0.754978354978355
3.0,0.5555556,1.0,5.0,0.7572052401746725,0.7558441558441558
3.0,0.5555556,1.0,8.0,0.7572052401746725,0.7558441558441558
3.0,0.5555556,1.0,12.0,0.7572052401746725,0.7558441558441558
3.0,0.5555556,1.0,20.0,0.7572052401746725,0.7558441558441558
3.0,0.5555556,1.0,32.0,0.7572052401746725,0.7558441558441558
3.0,0.5555556,1.0,50.0,0.7572052401746725,0.7558441558441558
3.0,0.5555556,1.0,80.0,0.7572052401746725,0.7558441558441558
3.0,0.5555556,1.0,128.0,0.7572052401746725,0.7558441558441558
3.0,0.5555556,3.0,2.0,0.7572052401746725,0.7558441558441558
3.0,0.5555556,3.0,3.0,0.7572052401746725,0.7558441558441558
3.0,0.5555556,3.0,5.0,0.7572052401746725,0.7558441558441558
3.0,0.5555556,3.0,8.0,0.7572052401746725,0.7558441558441558
3.0,0.5555556,3.0,12.0,0.7572052401746725,0.7558441558441558
3.0,0.5555556,3.0,20.0,0.7572052401746725,0.7558441558441558
3.0,0.5555556,3.0,32.0,0.7572052401746725,0.7558441558441558
3.0,0.5555556,3.0,50.0,0.7572052401746725,0.7558441558441558
3.0,0.5555556,3.0,80.0,0.7572052401746725,0.7558441558441558
3.0,0.5555556,3.0,128.0,0.7572052401746725,0.7558441558441558
3.0,0.5555556,5.0,2.0,0.7572052401746725,0.7558441558441558
3.0,0.5555556,5.0,3.0,0.7572052401746725,0.7558441558441558
3.0,0.5555556,5.0,5.0,0.7572052401746725,0.7558441558441558
3.0,0.5555556,5.0,8.0,0.7572052401746725,0.7558441558441558
3.0,0.5555556,5.0,12.0,0.7572052401746725,0.7558441558441558
3.0,0.5555556,5.0,20.0,0.7572052401746725,0.7558441558441558
3.0,0.5555556,5.0,32.0,0.7572052401746725,0.7558441558441558
3.0,0.5555556,5.0,50.0,0.7572052401746725,0.7558441558441558
3.0,0.5555556,5.0,80.0,0.7572052401746725,0.7558441558441558
3.0,0.5555556,5.0,128.0,0.7572052401746725,0.7558441558441558
3.0,0.5555556,7.0,2.0,0.7572052401746725,0.7558441558441558
3.0,0.5555556,7.0,3.0,0.7572052401746725,0.7558441558441558
3.0,0.5555556,7.0,5.0,0.7572052401746725,0.7558441558441558
3.0,0.5555556,7.0,8.0,0.7572052401746725,0.7558441558441558
3.0,0.5555556,7.0,12.0,0.7572052401746725,0.7558441558441558
3.0,0.5555556,7.0,20.0,0.7572052401746725,0.7558441558441558
3.0,0.5555556,7.0,32.0,0.7572052401746725,0.7558441558441558
3.0,0.5555556,7.0,50.0,0.7572052401746725,0.7558441558441558
3.0,0.5555556,7.0,80.0,0.7572052401746725,0.7558441558441558
3.0,0.5555556,7.0,128.0,0.7572052401746725,0.7558441558441558
3.0,0.5555556,9.0,2.0,0.7572052401746725,0.7558441558441558
3.0,0.5555556,9.0,3.0,0.7572052401746725,0.7558441558441558
3.0,0.5555556,9.0,5.0,0.7572052401746725,0.7558441558441558
3.0,0.5555556,9.0,8.0,0.7572052401746725,0.7558441558441558
3.0,0.5555556,9.0,12.0,0.7572052401746725,0.7558441558441558
3.0,0.5555556,9.0,20.0,0.7572052401746725,0.7558441558441558
3.0,0.5555556,9.0,32.0,0.7572052401746725,0.7558441558441558
3.0,0.5555556,9.0,50.0,0.7572052401746725,0.7558441558441558
3.0,0.5555556,9.0,80.0,0.7572052401746725,0.7558441558441558
3.0,0.5555556,9.0,128.0,0.7572052401746725,0.7558441558441558
3.0,0.5555556,11.0,2.0,0.7572052401746725,0.754978354978355
3.0,0.5555556,11.0,3.0,0.7572052401746725,0.754978354978355
3.0,0.5555556,11.0,5.0,0.7572052401746725,0.754978354978355
3.0,0.5555556,11.0,8.0,0.7572052401746725,0.754978354978355
3.0,0.5555556,11.0,12.0,0.7572052401746725,0.754978354978355
3.0,0.5555556,11.0,20.0,0.7572052401746725,0.754978354978355
3.0,0.5555556,11.0,32.0,0.7572052401746725,0.754978354978355
3.0,0.5555556,11.0,50.0,0.7572052401746725,0.754978354978355
3.0,0.5555556,11.0,80.0,0.7572052401746725,0.754978354978355
3.0,0.5555556,11.0,128.0,0.7572052401746725,0.754978354978355
3.0,0.5555556,13.0,2.0,0.7572052401746725,0.754978354978355
3.0,0.5555556,13.0,3.0,0.7572052401746725,0.754978354978355
3.0,0.5555556,13.0,5.0,0.7572052401746725,0.754978354978355
3.0,0.5555556,13.0,8.0,0.7572052401746725,0.754978354978355
3.0,0.5555556,13.0,12.0,0.7572052401746725,0.754978354978355
3.0,0.5555556,13.0,20.0,0.7572052401746725,0.754978354978355
3.0,0.5555556,13.0,32.0,0.7572052401746725,0.754978354978355
3.0,0.5555556,13.0,50.0,0.7572052401746725,0.754978354978355
3.0,0.5555556,13.0,80.0,0.7572052401746725,0.754978354978355
3.0,0.5555556,13.0,128.0,0.7572052401746725,0.754978354978355
3.0,0.5555556,15.0,2.0,0.7569141193595341,0.754978354978355
3.0,0.5555556,15.0,3.0,0.7569141193595341,0.754978354978355
3.0,0.5555556,15.0,5.0,0.7569141193595341,0.754978354978355
3.0,0.5555556,15.0,8.0,0.7569141193595341,0.754978354978355
3.0,0.5555556,15.0,12.0,0.7569141193595341,0.754978354978355
3.0,0.5555556,15.0,20.0,0.7569141193595341,0.754978354978355
3.0,0.5555556,15.0,32.0,0.7569141193595341,0.754978354978355
3.0,0.5555556,15.0,50.0,0.7569141193595341,0.754978354978355
3.0,0.5555556,15.0,80.0,0.7569141193595341,0.754978354978355
3.0,0.5555556,15.0,128.0,0.7569141193595341,0.754978354978355
3.0,0.5555556,17.0,2.0,0.7569141193595341,0.754978354978355
3.0,0.5555556,17.0,3.0,0.7569141193595341,0.754978354978355
3.0,0.5555556,17.0,5.0,0.7569141193595341,0.754978354978355
3.0,0.5555556,17.0,8.0,0.7569141193595341,0.754978354978355
3.0,0.5555556,17.0,12.0,0.7569141193595341,0.754978354978355
3.0,0.5555556,17.0,20.0,0.7569141193595341,0.754978354978355
3.0,0.5555556,17.0,32.0,0.7569141193595341,0.754978354978355
3.0,0.5555556,17.0,50.0,0.7569141193595341,0.754978354978355
3.0,0.5555556,17.0,80.0,0.7569141193595341,0.754978354978355
3.0,0.5555556,17.0,128.0,0.7569141193595341,0.754978354978355
3.0,0.5555556,20.0,2.0,0.756622998544396,0.7558441558441558
3.0,0.5555556,20.0,3.0,0.756622998544396,0.7558441558441558
3.0,0.5555556,20.0,5.0,0.756622998544396,0.7558441558441558
3.0,0.5555556,20.0,8.0,0.756622998544396,0.7558441558441558
3.0,0.5555556,20.0,12.0,0.756622998544396,0.7558441558441558
3.0,0.5555556,20.0,20.0,0.756622998544396,0.7558441558441558
3.0,0.5555556,20.0,32.0,0.756622998544396,0.7558441558441558
3.0,0.5555556,20.0,50.0,0.756622998544396,0.7558441558441558
3.0,0.5555556,20.0,80.0,0.756622998544396,0.7558441558441558
3.0,0.5555556,20.0,128.0,0.756622998544396,0.7558441558441558
3.0,0.6666667,1.0,2.0,0.6957787481804949,0.696969696969697
3.0,0.6666667,1.0,3.0,0.6957787481804949,0.696969696969697
3.0,0.6666667,1.0,5.0,0.6957787481804949,0.696969696969697
3.0,0.6666667,1.0,8.0,0.6957787481804949,0.696969696969697
3.0,0.6666667,1.0,12.0,0.6954876273653566,0.696969696969697
3.0,0.6666667,1.0,20.0,0.6954876273653566,0.696969696969697
3.0,0.6666667,1.0,32.0,0.6954876273653566,0.696969696969697
3.0,0.6666667,1.0,50.0,0.6954876273653566,0.696969696969697
3.0,0.6666667,1.0,80.0,0.6954876273653566,0.696969696969697
3.0,0.6666667,1.0,128.0,0.6954876273653566,0.696969696969697
3.0,0.6666667,3.0,2.0,0.6957787481804949,0.696969696969697
3.0,0.6666667,3.0,3.0,0.6957787481804949,0.696969696969697
3.0,0.6666667,3.0,5.0,0.6957787481804949,0.696969696969697
3.0,0.6666667,3.0,8.0,0.6957787481804949,0.696969696969697
3.0,0.6666667,3.0,12.0,0.6954876273653566,0.696969696969697
3.0,0.6666667,3.0,20.0,0.6954876273653566,0.696969696969697
3.0,0.6666667,3.0,32.0,0.6954876273653566,0.696969696969697
3.0,0.6666667,3.0,50.0,0.6954876273653566,0.696969696969697
3.0,0.6666667,3.0,80.0,0.6954876273653566,0.696969696969697
3.0,0.6666667,3.0,128.0,0.6954876273653566,0.696969696969697
3.0,0.6666667,5.0,2.0,0.6957787481804949,0.696969696969697
3.0,0.6666667,5.0,3.0,0.6957787481804949,0.696969696969697
3.0,0.6666667,5.0,5.0,0.6957787481804949,0.696969696969697
3.0,0.6666667,5.0,8.0,0.6957787481804949,0.696969696969697
3.0,0.6666667,5.0,12.0,0.6954876273653566,0.696969696969697
3.0,0.6666667,5.0,20.0,0.6954876273653566,0.696969696969697
3.0,0.6666667,5.0,32.0,0.6954876273653566,0.696969696969697
3.0,0.6666667,5.0,50.0,0.6954876273653566,0.696969696969697
3.0,0.6666667,5.0,80.0,0.6954876273653566,0.696969696969697
3.0,0.6666667,5.0,128.0,0.6954876273653566,0.696969696969697
3.0,0.6666667,7.0,2.0,0.6951965065502184,0.696969696969697
3.0,0.6666667,7.0,3.0,0.6951965065502184,0.696969696969697
3.0,0.6666667,7.0,5.0,0.6951965065502184,0.696969696969697
3.0,0.6666667,7.0,8.0,0.6951965065502184,0.696969696969697
3.0,0.6666667,7.0,12.0,0.6951965065502184,0.696969696969697
3.0,0.6666667,7.0,20.0,0.6951965065502184,0.696969696969697
3.0,0.6666667,7.0,32.0,0.6951965065502184,0.696969696969697
3.0,0.6666667,7.0,50.0,0.6951965065502184,0.696969696969697
3.0,0.6666667,7.0,80.0,0.6951965065502184,0.696969696969697
3.0,0.6666667,7.0,128.0,0.6951965065502184,0.696969696969697
3.0,0.6666667,9.0,2.0,0.69490538573508,0.696969696969697
3.0,0.6666667,9.0,3.0,0.69490538573508,0.696969696969697
3.0,0.6666667,9.0,5.0,0.69490538573508,0.696969696969697
3.0,0.6666667,9.0,8.0,0.69490538573508,0.696969696969697
3.0,0.6666667,9.0,12.0,0.69490538573508,0.696969696969697
3.0,0.6666667,9.0,20.0,0.69490538573508,0.696969696969697
3.0,0.6666667,9.0,32.0,0.69490538573508,0.696969696969697
3.0,0.6666667,9.0,50.0,0.69490538573508,0.696969696969697
3.0,0.6666667,9.0,80.0,0.69490538573508,0.696969696969697
3.0,0.6666667,9.0,128.0,0.69490538573508,0.696969696969697
3.0,0.6666667,11.0,2.0,0.69490538573508,0.696969696969697
3.0,0.6666667,11.0,3.0,0.69490538573508,0.696969696969697
3.0,0.6666667,11.0,5.0,0.69490538573508,0.696969696969697
3.0,0.6666667,11.0,8.0,0.69490538573508,0.696969696969697
3.0,0.6666667,11.0,12.0,0.69490538573508,0.696969696969697
3.0,0.6666667,11.0,20.0,0.69490538573508,0.696969696969697
3.0,0.6666667,11.0,32.0,0.69490538573508,0.696969696969697
3.0,0.6666667,11.0,50.0,0.69490538573508,0.696969696969697
3.0,0.6666667,11.0,80.0,0.69490538573508,0.696969696969697
3.0,0.6666667,11.0,128.0,0.69490538573508,0.696969696969697
3.0,0.6666667,13.0,2.0,0.6943231441048034,0.696969696969697
3.0,0.6666667,13.0,3.0,0.6943231441048034,0.696969696969697
3.0,0.6666667,13.0,5.0,0.6943231441048034,0.696969696969697
3.0,0.6666667,13.0,8.0,0.6943231441048034,0.696969696969697
3.0,0.6666667,13.0,12.0,0.6943231441048034,0.696969696969697
3.0,0.6666667,13.0,20.0,0.6943231441048034,0.696969696969697
3.0,0.6666667,13.0,32.0,0.6943231441048034,0.696969696969697
3.0,0.6666667,13.0,50.0,0.6943231441048034,0.696969696969697
3.0,0.6666667,13.0,80.0,0.6943231441048034,0.696969696969697
3.0,0.6666667,13.0,128.0,0.6943231441048034,0.696969696969697
3.0,0.6666667,15.0,2.0,0.6940320232896652,0.696969696969697
3.0,0.6666667,15.0,3.0,0.6940320232896652,0.696969696969697
3.0,0.6666667,15.0,5.0,0.6940320232896652,0.696969696969697
3.0,0.6666667,15.0,8.0,0.6940320232896652,0.696969696969697
3.0,0.6666667,15.0,12.0,0.6940320232896652,0.696969696969697
3.0,0.6666667,15.0,20.0,0.6940320232896652,0.696969696969697
3.0,0.6666667,15.0,32.0,0.6940320232896652,0.696969696969697
3.0,0.6666667,15.0,50.0,0.6940320232896652,0.696969696969697
3.0,0.6666667,15.0,80.0,0.6940320232896652,0.696969696969697
3.0,0.6666667,15.0,128.0,0.6940320232896652,0.696969696969697
3.0,0.6666667,17.0,2.0,0.6940320232896652,0.696969696969697
3.0,0.6666667,17.0,3.0,0.6940320232896652,0.696969696969697
3.0,0.6666667,17.0,5.0,0.6940320232896652,0.696969696969697
3.0,0.6666667,17.0,8.0,0.6940320232896652,0.696969696969697
3.0,0.6666667,17.0,12.0,0.6940320232896652,0.696969696969697
3.0,0.6666667,17.0,20.0,0.6940320232896652,0.696969696969697
3.0,0.6666667,17.0,32.0,0.6940320232896652,0.696969696969697
3.0,0.6666667,17.0,50.0,0.6940320232896652,0.696969696969697
3.0,0.6666667,17.0,80.0,0.6940320232896652,0.696969696969697
3.0,0.6666667,17.0,128.0,0.6940320232896652,0.696969696969697
3.0,0.6666667,20.0,2.0,0.6940320232896652,0.696969696969697
3.0,0.6666667,20.0,3.0,0.6940320232896652,0.696969696969697
3.0,0.6666667,20.0,5.0,0.6940320232896652,0.696969696969697
3.0,0.6666667,20.0,8.0,0.6940320232896652,0.696969696969697
3.0,0.6666667,20.0,12.0,0.6940320232896652,0.696969696969697
3.0,0.6666667,20.0,20.0,0.6940320232896652,0.696969696969697
3.0,0.6666667,20.0,32.0,0.6940320232896652,0.696969696969697
3.0,0.6666667,20.0,50.0,0.6940320232896652,0.696969696969697
3.0,0.6666667,20.0,80.0,0.6940320232896652,0.696969696969697
3.0,0.6666667,20.0,128.0,0.6940320232896652,0.696969696969697
3.0,0.7777778,1.0,2.0,0.6430858806404658,0.6484848484848484
3.0,0.7777778,1.0,3.0,0.6430858806404658,0.6484848484848484
3.0,0.7777778,1.0,5.0,0.6430858806404658,0.6484848484848484
3.0,0.7777778,1.0,8.0,0.6430858806404658,0.6484848484848484
3.0,0.7777778,1.0,12.0,0.6430858806404658,0.6484848484848484
3.0,0.7777778,1.0,20.0,0.6430858806404658,0.6484848484848484
3.0,0.7777778,1.0,32.0,0.6430858806404658,0.6484848484848484
3.0,0.7777778,1.0,50.0,0.6430858806404658,0.6484848484848484
3.0,0.7777778,1.0,80.0,0.6430858806404658,0.6484848484848484
3.0,0.7777778,1.0,128.0,0.6430858806404658,0.6484848484848484
3.0,0.7777778,3.0,2.0,0.6430858806404658,0.6484848484848484
3.0,0.7777778,3.0,3.0,0.6430858806404658,0.6484848484848484
3.0,0.7777778,3.0,5.0,0.6430858806404658,0.6484848484848484
3.0,0.7777778,3.0,8.0,0.6430858806404658,0.6484848484848484
3.0,0.7777778,3.0,12.0,0.6430858806404658,0.6484848484848484
3.0,0.7777778,3.0,20.0,0.6430858806404658,0.6484848484848484
3.0,0.7777778,3.0,32.0,0.6430858806404658,0.6484848484848484
3.0,0.7777778,3.0,50.0,0.6430858806404658,0.6484848484848484
3.0,0.7777778,3.0,80.0,0.6430858806404658,0.6484848484848484
3.0,0.7777778,3.0,128.0,0.6430858806404658,0.6484848484848484
3.0,0.7777778,5.0,2.0,0.6430858806404658,0.6484848484848484
3.0,0.7777778,5.0,3.0,0.6430858806404658,0.6484848484848484
3.0,0.7777778,5.0,5.0,0.6430858806404658,0.6484848484848484
3.0,0.7777778,5.0,8.0,0.6430858806404658,0.6484848484848484
3.0,0.7777778,5.0,12.0,0.6430858806404658,0.6484848484848484
3.0,0.7777778,5.0,20.0,0.6430858806404658,0.6484848484848484
3.0,0.7777778,5.0,32.0,0.6430858806404658,0.6484848484848484
3.0,0.7777778,5.0,50.0,0.6430858806404658,0.6484848484848484
3.0,0.7777778,5.0,80.0,0.6430858806404658,0.6484848484848484
3.0,0.7777778,5.0,128.0,0.6430858806404658,0.6484848484848484
3.0,0.7777778,7.0,2.0,0.6425036390101893,0.6484848484848484
3.0,0.7777778,7.0,3.0,0.6425036390101893,0.6484848484848484
3.0,0.7777778,7.0,5.0,0.6425036390101893,0.6484848484848484
3.0,0.7777778,7.0,8.0,0.6425036390101893,0.6484848484848484
3.0,0.7777778,7.0,12.0,0.6425036390101893,0.6484848484848484
3.0,0.7777778,7.0,20.0,0.6425036390101893,0.6484848484848484
3.0,0.7777778,7.0,32.0,0.6425036390101893,0.6484848484848484
3.0,0.7777778,7.0,50.0,0.6425036390101893,0.6484848484848484
3.0,0.7777778,7.0,80.0,0.6425036390101893,0.6484848484848484
3.0,0.7777778,7.0,128.0,0.6425036390101893,0.6484848484848484
3.0,0.7777778,9.0,2.0,0.6419213973799127,0.6484848484848484
3.0,0.7777778,9.0,3.0,0.6419213973799127,0.6484848484848484
3.0,0.7777778,9.0,5.0,0.6419213973799127,0.6484848484848484
3.0,0.7777778,9.0,8.0,0.6419213973799127,0.6484848484848484
3.0,0.7777778,9.0,12.0,0.6419213973799127,0.6484848484848484
3.0,0.7777778,9.0,20.0,0.6419213973799127,0.6484848484848484
3.0,0.7777778,9.0,32.0,0.6419213973799127,0.6484848484848484
3.0,0.7777778,9.0,50.0,0.6419213973799127,0.6484848484848484
3.0,0.7777778,9.0,80.0,0.6419213973799127,0.6484848484848484
3.0,0.7777778,9.0,128.0,0.6419213973799127,0.6484848484848484
3.0,0.7777778,11.0,2.0,0.6413391557496361,0.6484848484848484
3.0,0.7777778,11.0,3.0,0.6413391557496361,0.6484848484848484
3.0,0.7777778,11.0,5.0,0.6413391557496361,0.6484848484848484
3.0,0.7777778,11.0,8.0,0.6413391557496361,0.6484848484848484
3.0,0.7777778,11.0,12.0,0.6413391557496361,0.6484848484848484
3.0,0.7777778,11.0,20.0,0.6413391557496361,0.6484848484848484
3.0,0.7777778,11.0,32.0,0.6413391557496361,0.6484848484848484
3.0,0.7777778,11.0,50.0,0.6413391557496361,0.6484848484848484
3.0,0.7777778,11.0,80.0,0.6413391557496361,0.6484848484848484
3.0,0.7777778,11.0,128.0,0.6413391557496361,0.6484848484848484
3.0,0.7777778,13.0,2.0,0.6413391557496361,0.6484848484848484
3.0,0.7777778,13.0,3.0,0.6413391557496361,0.6484848484848484
3.0,0.7777778,13.0,5.0,0.6413391557496361,0.6484848484848484
3.0,0.7777778,13.0,8.0,0.6413391557496361,0.6484848484848484
3.0,0.7777778,13.0,12.0,0.6413391557496361,0.6484848484848484
3.0,0.7777778,13.0,20.0,0.6413391557496361,0.6484848484848484
3.0,0.7777778,13.0,32.0,0.6413391557496361,0.6484848484848484
3.0,0.7777778,13.0,50.0,0.6413391557496361,0.6484848484848484
3.0,0.7777778,13.0,80.0,0.6413391557496361,0.6484848484848484
3.0,0.7777778,13.0,128.0,0.6413391557496361,0.6484848484848484
3.0,0.7777778,15.0,2.0,0.6413391557496361,0.6484848484848484
3.0,0.7777778,15.0,3.0,0.6413391557496361,0.6484848484848484
3.0,0.7777778,15.0,5.0,0.6413391557496361,0.6484848484848484
3.0,0.7777778,15.0,8.0,0.6413391557496361,0.6484848484848484
3.0,0.7777778,15.0,12.0,0.6413391557496361,0.6484848484848484
3.0,0.7777778,15.0,20.0,0.6413391557496361,0.6484848484848484
3.0,0.7777778,15.0,32.0,0.6413391557496361,0.6484848484848484
3.0,0.7777778,15.0,50.0,0.6413391557496361,0.6484848484848484
3.0,0.7777778,15.0,80.0,0.6413391557496361,0.6484848484848484
3.0,0.7777778,15.0,128.0,0.6413391557496361,0.6484848484848484
3.0,0.7777778,17.0,2.0,0.6413391557496361,0.6484848484848484
3.0,0.7777778,17.0,3.0,0.6413391557496361,0.6484848484848484
3.0,0.7777778,17.0,5.0,0.6413391557496361,0.6484848484848484
3.0,0.7777778,17.0,8.0,0.6413391557496361,0.6484848484848484
3.0,0.7777778,17.0,12.0,0.6413391557496361,0.6484848484848484
3.0,0.7777778,17.0,20.0,0.6413391557496361,0.6484848484848484
3.0,0.7777778,17.0,32.0,0.6413391557496361,0.6484848484848484
3.0,0.7777778,17.0,50.0,0.6413391557496361,0.6484848484848484
3.0,0.7777778,17.0,80.0,0.6413391557496361,0.6484848484848484
3.0,0.7777778,17.0,128.0,0.6413391557496361,0.6484848484848484
3.0,0.7777778,20.0,2.0,0.6413391557496361,0.6484848484848484
3.0,0.7777778,20.0,3.0,0.6413391557496361,0.6484848484848484
3.0,0.7777778,20.0,5.0,0.6413391557496361,0.6484848484848484
3.0,0.7777778,20.0,8.0,0.6413391557496361,0.6484848484848484
3.0,0.7777778,20.0,12.0,0.6413391557496361,0.6484848484848484
3.0,0.7777778,20.0,20.0,0.6413391557496361,0.6484848484848484
3.0,0.7777778,20.0,32.0,0.6413391557496361,0.6484848484848484
3.0,0.7777778,20.0,50.0,0.6413391557496361,0.6484848484848484
3.0,0.7777778,20.0,80.0,0.6413391557496361,0.6484848484848484
3.0,0.7777778,20.0,128.0,0.6413391557496361,0.6484848484848484
3.0,0.8888889,1.0,2.0,0.6407569141193596,0.6424242424242423
3.0,0.8888889,1.0,3.0,0.6407569141193596,0.6424242424242423
3.0,0.8888889,1.0,5.0,0.6407569141193596,0.6424242424242423
3.0,0.8888889,1.0,8.0,0.6407569141193596,0.6424242424242423
3.0,0.8888889,1.0,12.0,0.6407569141193596,0.6424242424242423
3.0,0.8888889,1.0,20.0,0.6407569141193596,0.6424242424242423
3.0,0.8888889,1.0,32.0,0.6407569141193596,0.6424242424242423
3.0,0.8888889,1.0,50.0,0.6407569141193596,0.6424242424242423
3.0,0.8888889,1.0,80.0,0.6407569141193596,0.6424242424242423
3.0,0.8888889,1.0,128.0,0.6407569141193596,0.6424242424242423
3.0,0.8888889,3.0,2.0,0.6407569141193596,0.6424242424242423
3.0,0.8888889,3.0,3.0,0.6407569141193596,0.6424242424242423
3.0,0.8888889,3.0,5.0,0.6407569141193596,0.6424242424242423
3.0,0.8888889,3.0,8.0,0.6407569141193596,0.6424242424242423
3.0,0.8888889,3.0,12.0,0.6407569141193596,0.6424242424242423
3.0,0.8888889,3.0,20.0,0.6407569141193596,0.6424242424242423
3.0,0.8888889,3.0,32.0,0.6407569141193596,0.6424242424242423
3.0,0.8888889,3.0,50.0,0.6407569141193596,0.6424242424242423
3.0,0.8888889,3.0,80.0,0.6407569141193596,0.6424242424242423
3.0,0.8888889,3.0,128.0,0.6407569141193596,0.6424242424242423
3.0,0.8888889,5.0,2.0,0.640174672489083,0.6424242424242423
3.0,0.8888889,5.0,3.0,0.640174672489083,0.6424242424242423
3.0,0.8888889,5.0,5.0,0.640174672489083,0.6424242424242423
3.0,0.8888889,5.0,8.0,0.640174672489083,0.6424242424242423
3.0,0.8888889,5.0,12.0,0.640174672489083,0.6424242424242423
3.0,0.8888889,5.0,20.0,0.640174672489083,0.6424242424242423
3.0,0.8888889,5.0,32.0,0.640174672489083,0.6424242424242423
3.0,0.8888889,5.0,50.0,0.640174672489083,0.6424242424242423
3.0,0.8888889,5.0,80.0,0.640174672489083,0.6424242424242423
3.0,0.8888889,5.0,128.0,0.640174672489083,0.6424242424242423
3.0,0.8888889,7.0,2.0,0.6393013100436681,0.6424242424242423
3.0,0.8888889,7.0,3.0,0.6393013100436681,0.6424242424242423
3.0,0.8888889,7.0,5.0,0.6393013100436681,0.6424242424242423
3.0,0.8888889,7.0,8.0,0.6393013100436681,0.6424242424242423
3.0,0.8888889,7.0,12.0,0.6393013100436681,0.6424242424242423
3.0,0.8888889,7.0,20.0,0.6393013100436681,0.6424242424242423
3.0,0.8888889,7.0,32.0,0.6393013100436681,0.6424242424242423
3.0,0.8888889,7.0,50.0,0.6393013100436681,0.6424242424242423
3.0,0.8888889,7.0,80.0,0.6393013100436681,0.6424242424242423
3.0,0.8888889,7.0,128.0,0.6393013100436681,0.6424242424242423
3.0,0.8888889,9.0,2.0,0.6390101892285298,0.6424242424242423
3.0,0.8888889,9.0,3.0,0.6390101892285298,0.6424242424242423
3.0,0.8888889,9.0,5.0,0.6390101892285298,0.6424242424242423
3.0,0.8888889,9.0,8.0,0.6390101892285298,0.6424242424242423
3.0,0.8888889,9.0,12.0,0.6390101892285298,0.6424242424242423
3.0,0.8888889,9.0,20.0,0.6390101892285298,0.6424242424242423
3.0,0.8888889,9.0,32.0,0.6390101892285298,0.6424242424242423
3.0,0.8888889,9.0,50.0,0.6390101892285298,0.6424242424242423
3.0,0.8888889,9.0,80.0,0.6390101892285298,0.6424242424242423
3.0,0.8888889,9.0,128.0,0.6390101892285298,0.6424242424242423
3.0,0.8888889,11.0,2.0,0.6390101892285298,0.6424242424242423
3.0,0.8888889,11.0,3.0,0.6390101892285298,0.6424242424242423
3.0,0.8888889,11.0,5.0,0.6390101892285298,0.6424242424242423
3.0,0.8888889,11.0,8.0,0.6390101892285298,0.6424242424242423
3.0,0.8888889,11.0,12.0,0.6390101892285298,0.6424242424242423
3.0,0.8888889,11.0,20.0,0.6390101892285298,0.6424242424242423
3.0,0.8888889,11.0,32.0,0.6390101892285298,0.6424242424242423
3.0,0.8888889,11.0,50.0,0.6390101892285298,0.6424242424242423
3.0,0.8888889,11.0,80.0,0.6390101892285298,0.6424242424242423
3.0,0.8888889,11.0,128.0,0.6390101892285298,0.6424242424242423
3.0,0.8888889,13.0,2.0,0.6390101892285298,0.6424242424242423
3.0,0.8888889,13.0,3.0,0.6390101892285298,0.6424242424242423
3.0,0.8888889,13.0,5.0,0.6390101892285298,0.6424242424242423
3.0,0.8888889,13.0,8.0,0.6390101892285298,0.6424242424242423
3.0,0.8888889,13.0,12.0,0.6390101892285298,0.6424242424242423
3.0,0.8888889,13.0,20.0,0.6390101892285298,0.6424242424242423
3.0,0.8888889,13.0,32.0,0.6390101892285298,0.6424242424242423
3.0,0.8888889,13.0,50.0,0.6390101892285298,0.6424242424242423
3.0,0.8888889,13.0,80.0,0.6390101892285298,0.6424242424242423
3.0,0.8888889,13.0,128.0,0.6390101892285298,0.6424242424242423
3.0,0.8888889,15.0,2.0,0.6390101892285298,0.6424242424242423
3.0,0.8888889,15.0,3.0,0.6390101892285298,0.6424242424242423
3.0,0.8888889,15.0,5.0,0.6390101892285298,0.6424242424242423
3.0,0.8888889,15.0,8.0,0.6390101892285298,0.6424242424242423
3.0,0.8888889,15.0,12.0,0.6390101892285298,0.6424242424242423
3.0,0.8888889,15.0,20.0,0.6390101892285298,0.6424242424242423
3.0,0.8888889,15.0,32.0,0.6390101892285298,0.6424242424242423
3.0,0.8888889,15.0,50.0,0.6390101892285298,0.6424242424242423
3.0,0.8888889,15.0,80.0,0.6390101892285298,0.6424242424242423
3.0,0.8888889,15.0,128.0,0.6390101892285298,0.6424242424242423
3.0,0.8888889,17.0,2.0,0.6390101892285298,0.6424242424242423
3.0,0.8888889,17.0,3.0,0.6390101892285298,0.6424242424242423
3.0,0.8888889,17.0,5.0,0.6390101892285298,0.6424242424242423
3.0,0.8888889,17.0,8.0,0.6390101892285298,0.6424242424242423
3.0,0.8888889,17.0,12.0,0.6390101892285298,0.6424242424242423
3.0,0.8888889,17.0,20.0,0.6390101892285298,0.6424242424242423
3.0,0.8888889,17.0,32.0,0.6390101892285298,0.6424242424242423
3.0,0.8888889,17.0,50.0,0.6390101892285298,0.6424242424242423
3.0,0.8888889,17.0,80.0,0.6390101892285298,0.6424242424242423
3.0,0.8888889,17.0,128.0,0.6390101892285298,0.6424242424242423
3.0,0.8888889,20.0,2.0,0.6390101892285298,0.6424242424242423
3.0,0.8888889,20.0,3.0,0.6390101892285298,0.6424242424242423
3.0,0.8888889,20.0,5.0,0.6390101892285298,0.6424242424242423
3.0,0.8888889,20.0,8.0,0.6390101892285298,0.6424242424242423
3.0,0.8888889,20.0,12.0,0.6390101892285298,0.6424242424242423
3.0,0.8888889,20.0,20.0,0.6390101892285298,0.6424242424242423
3.0,0.8888889,20.0,32.0,0.6390101892285298,0.6424242424242423
3.0,0.8888889,20.0,50.0,0.6390101892285298,0.6424242424242423
3.0,0.8888889,20.0,80.0,0.6390101892285298,0.6424242424242423
3.0,0.8888889,20.0,128.0,0.6390101892285298,0.6424242424242423
3.0,1.0,1.0,2.0,0.6436681222707424,0.6502164502164502
3.0,1.0,1.0,3.0,0.6436681222707424,0.6502164502164502
3.0,1.0,1.0,5.0,0.6436681222707424,0.6502164502164502
3.0,1.0,1.0,8.0,0.6436681222707424,0.6502164502164502
3.0,1.0,1.0,12.0,0.6436681222707424,0.6502164502164502
3.0,1.0,1.0,20.0,0.6436681222707424,0.6502164502164502
3.0,1.0,1.0,32.0,0.6436681222707424,0.6502164502164502
3.0,1.0,1.0,50.0,0.6436681222707424,0.6502164502164502
3.0,1.0,1.0,80.0,0.6436681222707424,0.6502164502164502
3.0,1.0,1.0,128.0,0.6436681222707424,0.6502164502164502
3.0,1.0,3.0,2.0,0.6436681222707424,0.6502164502164502
3.0,1.0,3.0,3.0,0.6436681222707424,0.6502164502164502
3.0,1.0,3.0,5.0,0.6436681222707424,0.6502164502164502
3.0,1.0,3.0,8.0,0.6436681222707424,0.6502164502164502
3.0,1.0,3.0,12.0,0.6436681222707424,0.6502164502164502
3.0,1.0,3.0,20.0,0.6436681222707424,0.6502164502164502
3.0,1.0,3.0,32.0,0.6436681222707424,0.6502164502164502
3.0,1.0,3.0,50.0,0.6436681222707424,0.6502164502164502
3.0,1.0,3.0,80.0,0.6436681222707424,0.6502164502164502
3.0,1.0,3.0,128.0,0.6436681222707424,0.6502164502164502
3.0,1.0,5.0,2.0,0.6436681222707424,0.6502164502164502
3.0,1.0,5.0,3.0,0.6436681222707424,0.6502164502164502
3.0,1.0,5.0,5.0,0.6436681222707424,0.6502164502164502
3.0,1.0,5.0,8.0,0.6436681222707424,0.6502164502164502
3.0,1.0,5.0,12.0,0.6436681222707424,0.6502164502164502
3.0,1.0,5.0,20.0,0.6436681222707424,0.6502164502164502
3.0,1.0,5.0,32.0,0.6436681222707424,0.6502164502164502
3.0,1.0,5.0,50.0,0.6436681222707424,0.6502164502164502
3.0,1.0,5.0,80.0,0.6436681222707424,0.6502164502164502
3.0,1.0,5.0,128.0,0.6436681222707424,0.6502164502164502
3.0,1.0,7.0,2.0,0.6436681222707424,0.6502164502164502
3.0,1.0,7.0,3.0,0.6436681222707424,0.6502164502164502
3.0,1.0,7.0,5.0,0.6436681222707424,0.6502164502164502
3.0,1.0,7.0,8.0,0.6436681222707424,0.6502164502164502
3.0,1.0,7.0,12.0,0.6436681222707424,0.6502164502164502
3.0,1.0,7.0,20.0,0.6436681222707424,0.6502164502164502
3.0,1.0,7.0,32.0,0.6436681222707424,0.6502164502164502
3.0,1.0,7.0,50.0,0.6436681222707424,0.6502164502164502
3.0,1.0,7.0,80.0,0.6436681222707424,0.6502164502164502
3.0,1.0,7.0,128.0,0.6436681222707424,0.6502164502164502
3.0,1.0,9.0,2.0,0.6436681222707424,0.6502164502164502
3.0,1.0,9.0,3.0,0.6436681222707424,0.6502164502164502
3.0,1.0,9.0,5.0,0.6436681222707424,0.6502164502164502
3.0,1.0,9.0,8.0,0.6436681222707424,0.6502164502164502
3.0,1.0,9.0,12.0,0.6436681222707424,0.6502164502164502
3.0,1.0,9.0,20.0,0.6436681222707424,0.6502164502164502
3.0,1.0,9.0,32.0,0.6436681222707424,0.6502164502164502
3.0,1.0,9.0,50.0,0.6436681222707424,0.6502164502164502
3.0,1.0,9.0,80.0,0.6436681222707424,0.6502164502164502
3.0,1.0,9.0,128.0,0.6436681222707424,0.6502164502164502
3.0,1.0,11.0,2.0,0.6436681222707424,0.6502164502164502
3.0,1.0,11.0,3.0,0.6436681222707424,0.6502164502164502
3.0,1.0,11.0,5.0,0.6436681222707424,0.6502164502164502
3.0,1.0,11.0,8.0,0.6436681222707424,0.6502164502164502
3.0,1.0,11.0,12.0,0.6436681222707424,0.6502164502164502
3.0,1.0,11.0,20.0,0.6436681222707424,0.6502164502164502
3.0,1.0,11.0,32.0,0.6436681222707424,0.6502164502164502
3.0,1.0,11.0,50.0,0.6436681222707424,0.6502164502164502
3.0,1.0,11.0,80.0,0.6436681222707424,0.6502164502164502
3.0,1.0,11.0,128.0,0.6436681222707424,0.6502164502164502
3.0,1.0,13.0,2.0,0.6436681222707424,0.6502164502164502
3.0,1.0,13.0,3.0,0.6436681222707424,0.6502164502164502
3.0,1.0,13.0,5.0,0.6436681222707424,0.6502164502164502
3.0,1.0,13.0,8.0,0.6436681222707424,0.6502164502164502
3.0,1.0,13.0,12.0,0.6436681222707424,0.6502164502164502
3.0,1.0,13.0,20.0,0.6436681222707424,0.6502164502164502
3.0,1.0,13.0,32.0,0.6436681222707424,0.6502164502164502
3.0,1.0,13.0,50.0,0.6436681222707424,0.6502164502164502
3.0,1.0,13.0,80.0,0.6436681222707424,0.6502164502164502
3.0,1.0,13.0,128.0,0.6436681222707424,0.6502164502164502
3.0,1.0,15.0,2.0,0.6436681222707424,0.6502164502164502
3.0,1.0,15.0,3.0,0.6436681222707424,0.6502164502164502
3.0,1.0,15.0,5.0,0.6436681222707424,0.6502164502164502
3.0,1.0,15.0,8.0,0.6436681222707424,0.6502164502164502
3.0,1.0,15.0,12.0,0.6436681222707424,0.6502164502164502
3.0,1.0,15.0,20.0,0.6436681222707424,0.6502164502164502
3.0,1.0,15.0,32.0,0.6436681222707424,0.6502164502164502
3.0,1.0,15.0,50.0,0.6436681222707424,0.6502164502164502
3.0,1.0,15.0,80.0,0.6436681222707424,0.6502164502164502
3.0,1.0,15.0,128.0,0.6436681222707424,0.6502164502164502
3.0,1.0,17.0,2.0,0.6436681222707424,0.6502164502164502
3.0,1.0,17.0,3.0,0.6436681222707424,0.6502164502164502
3.0,1.0,17.0,5.0,0.6436681222707424,0.6502164502164502
3.0,1.0,17.0,8.0,0.6436681222707424,0.6502164502164502
3.0,1.0,17.0,12.0,0.6436681222707424,0.6502164502164502
3.0,1.0,17.0,20.0,0.6436681222707424,0.6502164502164502
3.0,1.0,17.0,32.0,0.6436681222707424,0.6502164502164502
3.0,1.0,17.0,50.0,0.6436681222707424,0.6502164502164502
3.0,1.0,17.0,80.0,0.6436681222707424,0.6502164502164502
3.0,1.0,17.0,128.0,0.6436681222707424,0.6502164502164502
3.0,1.0,20.0,2.0,0.6436681222707424,0.6502164502164502
3.0,1.0,20.0,3.0,0.6436681222707424,0.6502164502164502
3.0,1.0,20.0,5.0,0.6436681222707424,0.6502164502164502
3.0,1.0,20.0,8.0,0.6436681222707424,0.6502164502164502
3.0,1.0,20.0,12.0,0.6436681222707424,0.6502164502164502
3.0,1.0,20.0,20.0,0.6436681222707424,0.6502164502164502
3.0,1.0,20.0,32.0,0.6436681222707424,0.6502164502164502
3.0,1.0,20.0,50.0,0.6436681222707424,0.6502164502164502
3.0,1.0,20.0,80.0,0.6436681222707424,0.6502164502164502
3.0,1.0,20.0,128.0,0.6436681222707424,0.6502164502164502
5.0,0.0,1.0,2.0,0.8943231441048034,0.8536796536796537
5.0,0.0,1.0,3.0,0.8943231441048034,0.8554112554112553
5.0,0.0,1.0,5.0,0.8943231441048034,0.8571428571428571
5.0,0.0,1.0,8.0,0.8925764192139738,0.8562770562770563
5.0,0.0,1.0,12.0,0.893740902474527,0.8562770562770563
5.0,0.0,1.0,20.0,0.8905385735080058,0.8528138528138529
5.0,0.0,1.0,32.0,0.8914119359534206,0.8519480519480519
5.0,0.0,1.0,50.0,0.8885007278020378,0.8502164502164502
5.0,0.0,1.0,80.0,0.8820960698689957,0.8432900432900432
5.0,0.0,1.0,128.0,0.8748180494905385,0.8398268398268398
5.0,0.0,3.0,2.0,0.8914119359534206,0.8545454545454545
5.0,0.0,3.0,3.0,0.8914119359534206,0.8545454545454545
5.0,0.0,3.0,5.0,0.8914119359534206,0.8545454545454545
5.0,0.0,3.0,8.0,0.8911208151382823,0.8545454545454545
5.0,0.0,3.0,12.0,0.8914119359534206,0.8562770562770563
5.0,0.0,3.0,20.0,0.8911208151382823,0.8510822510822511
5.0,0.0,3.0,32.0,0.8899563318777293,0.8502164502164502
5.0,0.0,3.0,50.0,0.8873362445414846,0.8502164502164502
5.0,0.0,3.0,80.0,0.8812227074235809,0.8432900432900432
5.0,0.0,3.0,128.0,0.8751091703056769,0.8406926406926407
5.0,0.0,5.0,2.0,0.8911208151382823,0.8554112554112553
5.0,0.0,5.0,3.0,0.8911208151382823,0.8554112554112553
5.0,0.0,5.0,5.0,0.8911208151382823,0.8554112554112553
5.0,0.0,5.0,8.0,0.8911208151382823,0.8554112554112553
5.0,0.0,5.0,12.0,0.8902474526928674,0.8545454545454545
5.0,0.0,5.0,20.0,0.8905385735080058,0.8502164502164502
5.0,0.0,5.0,32.0,0.8905385735080058,0.8502164502164502
5.0,0.0,5.0,50.0,0.8852983988355166,0.8493506493506494
5.0,0.0,5.0,80.0,0.8809315866084425,0.8424242424242424
5.0,0.0,5.0,128.0,0.8745269286754003,0.8424242424242424
5.0,0.0,7.0,2.0,0.8899563318777293,0.8502164502164502
5.0,0.0,7.0,3.0,0.8899563318777293,0.8502164502164502
5.0,0.0,7.0,5.0,0.8899563318777293,0.8502164502164502
5.0,0.0,7.0,8.0,0.8899563318777293,0.8502164502164502
5.0,0.0,7.0,12.0,0.8899563318777293,0.8502164502164502
5.0,0.0,7.0,20.0,0.8902474526928674,0.8502164502164502
5.0,0.0,7.0,32.0,0.889665211062591,0.8493506493506493
5.0,0.0,7.0,50.0,0.8867540029112082,0.8493506493506494
5.0,0.0,7.0,80.0,0.8791848617176129,0.8415584415584416
5.0,0.0,7.0,128.0,0.8733624454148471,0.8406926406926407
5.0,0.0,9.0,2.0,0.8902474526928674,0.8493506493506494
5.0,0.0,9.0,3.0,0.8902474526928674,0.8493506493506494
5.0,0.0,9.0,5.0,0.8902474526928674,0.8493506493506494
5.0,0.0,9.0,8.0,0.8902474526928674,0.8493506493506494
5.0,0.0,9.0,12.0,0.8902474526928674,0.8493506493506494
5.0,0.0,9.0,20.0,0.8902474526928674,0.8493506493506494
5.0,0.0,9.0,32.0,0.8893740902474526,0.8493506493506494
5.0,0.0,9.0,50.0,0.8852983988355166,0.8484848484848484
5.0,0.0,9.0,80.0,0.8797671033478893,0.8424242424242424
5.0,0.0,9.0,128.0,0.8730713245997089,0.8398268398268398
5.0,0.0,11.0,2.0,0.8887918486171762,0.8502164502164502
5.0,0.0,11.0,3.0,0.8887918486171762,0.8502164502164502
5.0,0.0,11.0,5.0,0.8887918486171762,0.8502164502164502
5.0,0.0,11.0,8.0,0.8887918486171762,0.8502164502164502
5.0,0.0,11.0,12.0,0.8887918486171762,0.8502164502164502
5.0,0.0,11.0,20.0,0.8887918486171762,0.8502164502164502
5.0,0.0,11.0,32.0,0.8885007278020378,0.8484848484848484
5.0,0.0,11.0,50.0,0.8858806404657933,0.8476190476190476
5.0,0.0,11.0,80.0,0.8786026200873363,0.8406926406926407
5.0,0.0,11.0,128.0,0.8727802037845706,0.8389610389610389
5.0,0.0,13.0,2.0,0.8885007278020378,0.8476190476190476
5.0,0.0,13.0,3.0,0.8885007278020378,0.8476190476190476
5.0,0.0,13.0,5.0,0.8885007278020378,0.8476190476190476
5.0,0.0,13.0,8.0,0.8885007278020378,0.8476190476190476
5.0,0.0,13.0,12.0,0.8885007278020378,0.8476190476190476
5.0,0.0,13.0,20.0,0.8885007278020378,0.8476190476190476
5.0,0.0,13.0,32.0,0.8879184861717613,0.8484848484848484
5.0,0.0,13.0,50.0,0.8841339155749637,0.8467532467532468
5.0,0.0,13.0,80.0,0.8774381368267831,0.8424242424242424
5.0,0.0,13.0,128.0,0.8721979621542941,0.8415584415584416
5.0,0.0,15.0,2.0,0.8873362445414846,0.8484848484848484
5.0,0.0,15.0,3.0,0.8873362445414846,0.8484848484848484
5.0,0.0,15.0,5.0,0.8873362445414846,0.8484848484848484
5.0,0.0,15.0,8.0,0.8873362445414846,0.8484848484848484
5.0,0.0,15.0,12.0,0.8873362445414846,0.8484848484848484
5.0,0.0,15.0,20.0,0.8873362445414846,0.8484848484848484
5.0,0.0,15.0,32.0,0.8879184861717613,0.8493506493506493
5.0,0.0,15.0,50.0,0.8838427947598253,0.845021645021645
5.0,0.0,15.0,80.0,0.8774381368267831,0.8415584415584416
5.0,0.0,15.0,128.0,0.8721979621542941,0.8398268398268398
5.0,0.0,17.0,2.0,0.8852983988355166,0.8467532467532468
5.0,0.0,17.0,3.0,0.8852983988355166,0.8467532467532468
5.0,0.0,17.0,5.0,0.8852983988355166,0.8467532467532468
5.0,0.0,17.0,8.0,0.8852983988355166,0.8467532467532468
5.0,0.0,17.0,12.0,0.8852983988355166,0.8467532467532468
5.0,0.0,17.0,20.0,0.8852983988355166,0.8467532467532468
5.0,0.0,17.0,32.0,0.8852983988355166,0.8467532467532468
5.0,0.0,17.0,50.0,0.8832605531295489,0.8432900432900432
5.0,0.0,17.0,80.0,0.8765647743813683,0.8415584415584416
5.0,0.0,17.0,128.0,0.8721979621542941,0.8354978354978355
5.0,0.0,20.0,2.0,0.8823871906841341,0.8458874458874458
5.0,0.0,20.0,3.0,0.8823871906841341,0.8458874458874458
5.0,0.0,20.0,5.0,0.8823871906841341,0.8458874458874458
5.0,0.0,20.0,8.0,0.8823871906841341,0.8458874458874458
5.0,0.0,20.0,12.0,0.8823871906841341,0.8458874458874458
5.0,0.0,20.0,20.0,0.8823871906841341,0.8458874458874458
5.0,0.0,20.0,32.0,0.8823871906841341,0.8458874458874458
5.0,0.0,20.0,50.0,0.8832605531295489,0.8432900432900432
5.0,0.0,20.0,80.0,0.8768558951965065,0.8398268398268398
5.0,0.0,20.0,128.0,0.8713245997088791,0.8363636363636363
5.0,0.11111111,1.0,2.0,0.8943231441048034,0.8536796536796537
5.0,0.11111111,1.0,3.0,0.8943231441048034,0.8554112554112553
5.0,0.11111111,1.0,5.0,0.8943231441048034,0.8571428571428571
5.0,0.11111111,1.0,8.0,0.8925764192139738,0.8562770562770563
5.0,0.11111111,1.0,12.0,0.893740902474527,0.8562770562770563
5.0,0.11111111,1.0,20.0,0.8905385735080058,0.8528138528138529
5.0,0.11111111,1.0,32.0,0.8914119359534206,0.8519480519480519
5.0,0.11111111,1.0,50.0,0.8885007278020378,0.8502164502164502
5.0,0.11111111,1.0,80.0,0.8820960698689957,0.8432900432900432
5.0,0.11111111,1.0,128.0,0.8748180494905385,0.8398268398268398
5.0,0.11111111,3.0,2.0,0.8914119359534206,0.8545454545454545
5.0,0.11111111,3.0,3.0,0.8914119359534206,0.8545454545454545
5.0,0.11111111,3.0,5.0,0.8914119359534206,0.8545454545454545
5.0,0.11111111,3.0,8.0,0.8911208151382823,0.8545454545454545
5.0,0.11111111,3.0,12.0,0.8914119359534206,0.8562770562770563
5.0,0.11111111,3.0,20.0,0.8911208151382823,0.8510822510822511
5.0,0.11111111,3.0,32.0,0.8899563318777293,0.8502164502164502
5.0,0.11111111,3.0,50.0,0.8873362445414846,0.8502164502164502
5.0,0.11111111,3.0,80.0,0.8812227074235809,0.8432900432900432
5.0,0.11111111,3.0,128.0,0.8751091703056769,0.8406926406926407
5.0,0.11111111,5.0,2.0,0.8911208151382823,0.8554112554112553
5.0,0.11111111,5.0,3.0,0.8911208151382823,0.8554112554112553
5.0,0.11111111,5.0,5.0,0.8911208151382823,0.8554112554112553
5.0,0.11111111,5.0,8.0,0.8911208151382823,0.8554112554112553
5.0,0.11111111,5.0,12.0,0.8902474526928674,0.8545454545454545
5.0,0.11111111,5.0,20.0,0.8905385735080058,0.8502164502164502
5.0,0.11111111,5.0,32.0,0.8905385735080058,0.8502164502164502
5.0,0.11111111,5.0,50.0,0.8852983988355166,0.8493506493506494
5.0,0.11111111,5.0,80.0,0.8809315866084425,0.8424242424242424
5.0,0.11111111,5.0,128.0,0.8745269286754003,0.8424242424242424
5.0,0.11111111,7.0,2.0,0.8899563318777293,0.8502164502164502
5.0,0.11111111,7.0,3.0,0.8899563318777293,0.8502164502164502
5.0,0.11111111,7.0,5.0,0.8899563318777293,0.8502164502164502
5.0,0.11111111,7.0,8.0,0.8899563318777293,0.8502164502164502
5.0,0.11111111,7.0,12.0,0.8899563318777293,0.8502164502164502
5.0,0.11111111,7.0,20.0,0.8902474526928674,0.8502164502164502
5.0,0.11111111,7.0,32.0,0.889665211062591,0.8493506493506493
5.0,0.11111111,7.0,50.0,0.8867540029112082,0.8493506493506494
5.0,0.11111111,7.0,80.0,0.8791848617176129,0.8415584415584416
5.0,0.11111111,7.0,128.0,0.8733624454148471,0.8406926406926407
5.0,0.11111111,9.0,2.0,0.8902474526928674,0.8493506493506494
5.0,0.11111111,9.0,3.0,0.8902474526928674,0.8493506493506494
5.0,0.11111111,9.0,5.0,0.8902474526928674,0.8493506493506494
5.0,0.11111111,9.0,8.0,0.8902474526928674,0.8493506493506494
5.0,0.11111111,9.0,12.0,0.8902474526928674,0.8493506493506494
5.0,0.11111111,9.0,20.0,0.8902474526928674,0.8493506493506494
5.0,0.11111111,9.0,32.0,0.8893740902474526,0.8493506493506494
5.0,0.11111111,9.0,50.0,0.8852983988355166,0.8484848484848484
5.0,0.11111111,9.0,80.0,0.8797671033478893,0.8424242424242424
5.0,0.11111111,9.0,128.0,0.8730713245997089,0.8398268398268398
5.0,0.11111111,11.0,2.0,0.8887918486171762,0.8502164502164502
5.0,0.11111111,11.0,3.0,0.8887918486171762,0.8502164502164502
5.0,0.11111111,11.0,5.0,0.8887918486171762,0.8502164502164502
5.0,0.11111111,11.0,8.0,0.8887918486171762,0.8502164502164502
5.0,0.11111111,11.0,12.0,0.8887918486171762,0.8502164502164502
5.0,0.11111111,11.0,20.0,0.8887918486171762,0.8502164502164502
5.0,0.11111111,11.0,32.0,0.8885007278020378,0.8484848484848484
5.0,0.11111111,11.0,50.0,0.8858806404657933,0.8476190476190476
5.0,0.11111111,11.0,80.0,0.8786026200873363,0.8406926406926407
5.0,0.11111111,11.0,128.0,0.8727802037845706,0.8389610389610389
5.0,0.11111111,13.0,2.0,0.8885007278020378,0.8476190476190476
5.0,0.11111111,13.0,3.0,0.8885007278020378,0.8476190476190476
5.0,0.11111111,13.0,5.0,0.8885007278020378,0.8476190476190476
5.0,0.11111111,13.0,8.0,0.8885007278020378,0.8476190476190476
5.0,0.11111111,13.0,12.0,0.8885007278020378,0.8476190476190476
5.0,0.11111111,13.0,20.0,0.8885007278020378,0.8476190476190476
5.0,0.11111111,13.0,32.0,0.8879184861717613,0.8484848484848484
5.0,0.11111111,13.0,50.0,0.8841339155749637,0.8467532467532468
5.0,0.11111111,13.0,80.0,0.8774381368267831,0.8424242424242424
5.0,0.11111111,13.0,128.0,0.8721979621542941,0.8415584415584416
5.0,0.11111111,15.0,2.0,0.8873362445414846,0.8484848484848484
5.0,0.11111111,15.0,3.0,0.8873362445414846,0.8484848484848484
5.0,0.11111111,15.0,5.0,0.8873362445414846,0.8484848484848484
5.0,0.11111111,15.0,8.0,0.8873362445414846,0.8484848484848484
5.0,0.11111111,15.0,12.0,0.8873362445414846,0.8484848484848484
5.0,0.11111111,15.0,20.0,0.8873362445414846,0.8484848484848484
5.0,0.11111111,15.0,32.0,0.8879184861717613,0.8493506493506493
5.0,0.11111111,15.0,50.0,0.8838427947598253,0.845021645021645
5.0,0.11111111,15.0,80.0,0.8774381368267831,0.8415584415584416
5.0,0.11111111,15.0,128.0,0.8721979621542941,0.8398268398268398
5.0,0.11111111,17.0,2.0,0.8852983988355166,0.8467532467532468
5.0,0.11111111,17.0,3.0,0.8852983988355166,0.8467532467532468
5.0,0.11111111,17.0,5.0,0.8852983988355166,0.8467532467532468
5.0,0.11111111,17.0,8.0,0.8852983988355166,0.8467532467532468
5.0,0.11111111,17.0,12.0,0.8852983988355166,0.8467532467532468
5.0,0.11111111,17.0,20.0,0.8852983988355166,0.8467532467532468
5.0,0.11111111,17.0,32.0,0.8852983988355166,0.8467532467532468
5.0,0.11111111,17.0,50.0,0.8832605531295489,0.8432900432900432
5.0,0.11111111,17.0,80.0,0.8765647743813683,0.8415584415584416
5.0,0.11111111,17.0,128.0,0.8721979621542941,0.8354978354978355
5.0,0.11111111,20.0,2.0,0.8823871906841341,0.8458874458874458
5.0,0.11111111,20.0,3.0,0.8823871906841341,0.8458874458874458
5.0,0.11111111,20.0,5.0,0.8823871906841341,0.8458874458874458
5.0,0.11111111,20.0,8.0,0.8823871906841341,0.8458874458874458
5.0,0.11111111,20.0,12.0,0.8823871906841341,0.8458874458874458
5.0,0.11111111,20.0,20.0,0.8823871906841341,0.8458874458874458
5.0,0.11111111,20.0,32.0,0.8823871906841341,0.8458874458874458
5.0,0.11111111,20.0,50.0,0.8832605531295489,0.8432900432900432
5.0,0.11111111,20.0,80.0,0.8768558951965065,0.8398268398268398
5.0,0.11111111,20.0,128.0,0.8713245997088791,0.8363636363636363
5.0,0.22222222,1.0,2.0,0.8934497816593886,0.8571428571428571
5.0,0.22222222,1.0,3.0,0.8925764192139738,0.8571428571428571
5.0,0.22222222,1.0,5.0,0.8925764192139738,0.8571428571428571
5.0,0.22222222,1.0,8.0,0.8922852983988354,0.8562770562770563
5.0,0.22222222,1.0,12.0,0.8925764192139738,0.8562770562770563
5.0,0.22222222,1.0,20.0,0.891703056768559,0.8554112554112553
5.0,0.22222222,1.0,32.0,0.8908296943231442,0.8571428571428571
5.0,0.22222222,1.0,50.0,0.887627365356623,0.8545454545454545
5.0,0.22222222,1.0,80.0,0.8852983988355166,0.8502164502164502
5.0,0.22222222,1.0,128.0,0.8829694323144105,0.845021645021645
5.0,0.22222222,3.0,2.0,0.891703056768559,0.8562770562770563
5.0,0.22222222,3.0,3.0,0.891703056768559,0.8562770562770563
5.0,0.22222222,3.0,5.0,0.891703056768559,0.8562770562770563
5.0,0.22222222,3.0,8.0,0.8919941775836971,0.8580086580086579
5.0,0.22222222,3.0,12.0,0.8919941775836971,0.8571428571428571
5.0,0.22222222,3.0,20.0,0.891703056768559,0.8580086580086579
5.0,0.22222222,3.0,32.0,0.891703056768559,0.8588744588744589
5.0,0.22222222,3.0,50.0,0.8864628820960698,0.8562770562770563
5.0,0.22222222,3.0,80.0,0.8847161572052402,0.8510822510822511
5.0,0.22222222,3.0,128.0,0.881513828238719,0.845021645021645
5.0,0.22222222,5.0,2.0,0.8908296943231442,0.8562770562770563
5.0,0.22222222,5.0,3.0,0.8908296943231442,0.8562770562770563
5.0,0.22222222,5.0,5.0,0.8908296943231442,0.8562770562770563
5.0,0.22222222,5.0,8.0,0.8908296943231442,0.8562770562770563
5.0,0.22222222,5.0,12.0,0.891703056768559,0.8571428571428571
5.0,0.22222222,5.0,20.0,0.8908296943231442,0.8571428571428571
5.0,0.22222222,5.0,32.0,0.8902474526928674,0.8580086580086579
5.0,0.22222222,5.0,50.0,0.8858806404657933,0.8528138528138527
5.0,0.22222222,5.0,80.0,0.885589519650655,0.8510822510822511
5.0,0.22222222,5.0,128.0,0.8812227074235807,0.845021645021645
5.0,0.22222222,7.0,2.0,0.8908296943231442,0.8571428571428571
5.0,0.22222222,7.0,3.0,0.8908296943231442,0.8571428571428571
5.0,0.22222222,7.0,5.0,0.8908296943231442,0.8571428571428571
5.0,0.22222222,7.0,8.0,0.8908296943231442,0.8571428571428571
5.0,0.22222222,7.0,12.0,0.8908296943231442,0.8571428571428571
5.0,0.22222222,7.0,20.0,0.889665211062591,0.8580086580086579
5.0,0.22222222,7.0,32.0,0.889665211062591,0.8571428571428571
5.0,0.22222222,7.0,50.0,0.8861717612809314,0.8536796536796537
5.0,0.22222222,7.0,80.0,0.8850072780203785,0.8493506493506494
5.0,0.22222222,7.0,128.0,0.8806404657933042,0.8458874458874458
5.0,0.22222222,9.0,2.0,0.891703056768559,0.8580086580086579
5.0,0.22222222,9.0,3.0,0.891703056768559,0.8580086580086579
5.0,0.22222222,9.0,5.0,0.891703056768559,0.8580086580086579
5.0,0.22222222,9.0,8.0,0.891703056768559,0.8580086580086579
5.0,0.22222222,9.0,12.0,0.891703056768559,0.8580086580086579
5.0,0.22222222,9.0,20.0,0.8893740902474526,0.8588744588744589
5.0,0.22222222,9.0,32.0,0.8890829694323145,0.8571428571428571
5.0,0.22222222,9.0,50.0,0.8867540029112082,0.8528138528138527
5.0,0.22222222,9.0,80.0,0.8841339155749637,0.8502164502164502
5.0,0.22222222,9.0,128.0,0.8800582241630277,0.8441558441558442
5.0,0.22222222,11.0,2.0,0.8899563318777293,0.8588744588744589
5.0,0.22222222,11.0,3.0,0.8899563318777293,0.8588744588744589
5.0,0.22222222,11.0,5.0,0.8899563318777293,0.8588744588744589
5.0,0.22222222,11.0,8.0,0.8899563318777293,0.8588744588744589
5.0,0.22222222,11.0,12.0,0.8899563318777293,0.8588744588744589
5.0,0.22222222,11.0,20.0,0.8899563318777293,0.8588744588744589
5.0,0.22222222,11.0,32.0,0.8887918486171762,0.8571428571428571
5.0,0.22222222,11.0,50.0,0.8864628820960698,0.8554112554112553
5.0,0.22222222,11.0,80.0,0.8852983988355166,0.8502164502164502
5.0,0.22222222,11.0,128.0,0.8797671033478893,0.8441558441558442
5.0,0.22222222,13.0,2.0,0.8887918486171762,0.8554112554112553
5.0,0.22222222,13.0,3.0,0.8887918486171762,0.8554112554112553
5.0,0.22222222,13.0,5.0,0.8887918486171762,0.8554112554112553
5.0,0.22222222,13.0,8.0,0.8887918486171762,0.8554112554112553
5.0,0.22222222,13.0,12.0,0.8887918486171762,0.8554112554112553
5.0,0.22222222,13.0,20.0,0.8887918486171762,0.8554112554112553
5.0,0.22222222,13.0,32.0,0.8885007278020378,0.8562770562770563
5.0,0.22222222,13.0,50.0,0.8870451237263465,0.8554112554112553
5.0,0.22222222,13.0,80.0,0.8852983988355166,0.8502164502164502
5.0,0.22222222,13.0,128.0,0.8809315866084425,0.8458874458874458
5.0,0.22222222,15.0,2.0,0.8882096069868997,0.8562770562770563
5.0,0.22222222,15.0,3.0,0.8882096069868997,0.8562770562770563
5.0,0.22222222,15.0,5.0,0.8882096069868997,0.8562770562770563
5.0,0.22222222,15.0,8.0,0.8882096069868997,0.8562770562770563
5.0,0.22222222,15.0,12.0,0.8882096069868997,0.8562770562770563
5.0,0.22222222,15.0,20.0,0.8882096069868997,0.8562770562770563
5.0,0.22222222,15.0,32.0,0.8882096069868997,0.8562770562770563
5.0,0.22222222,15.0,50.0,0.8864628820960698,0.8519480519480519
5.0,0.22222222,15.0,80.0,0.8850072780203785,0.8502164502164502
5.0,0.22222222,15.0,128.0,0.8803493449781659,0.845021645021645
5.0,0.22222222,17.0,2.0,0.887627365356623,0.8536796536796537
5.0,0.22222222,17.0,3.0,0.887627365356623,0.8536796536796537
5.0,0.22222222,17.0,5.0,0.887627365356623,0.8536796536796537
5.0,0.22222222,17.0,8.0,0.887627365356623,0.8536796536796537
5.0,0.22222222,17.0,12.0,0.887627365356623,0.8536796536796537
5.0,0.22222222,17.0,20.0,0.887627365356623,0.8536796536796537
5.0,0.22222222,17.0,32.0,0.887627365356623,0.8536796536796537
5.0,0.22222222,17.0,50.0,0.885589519650655,0.8519480519480519
5.0,0.22222222,17.0,80.0,0.8847161572052402,0.8510822510822511
5.0,0.22222222,17.0,128.0,0.8797671033478893,0.8458874458874458
5.0,0.22222222,20.0,2.0,0.8858806404657933,0.8519480519480519
5.0,0.22222222,20.0,3.0,0.8858806404657933,0.8519480519480519
5.0,0.22222222,20.0,5.0,0.8858806404657933,0.8519480519480519
5.0,0.22222222,20.0,8.0,0.8858806404657933,0.8519480519480519
5.0,0.22222222,20.0,12.0,0.8858806404657933,0.8519480519480519
5.0,0.22222222,20.0,20.0,0.8858806404657933,0.8519480519480519
5.0,0.22222222,20.0,32.0,0.8858806404657933,0.8519480519480519
5.0,0.22222222,20.0,50.0,0.8844250363901018,0.8493506493506494
5.0,0.22222222,20.0,80.0,0.8847161572052402,0.8502164502164502
5.0,0.22222222,20.0,128.0,0.8800582241630277,0.8467532467532468
5.0,0.33333334,1.0,2.0,0.8934497816593886,0.8606060606060606
5.0,0.33333334,1.0,3.0,0.8934497816593886,0.8623376623376624
5.0,0.33333334,1.0,5.0,0.893740902474527,0.8623376623376624
5.0,0.33333334,1.0,8.0,0.893740902474527,0.8623376623376624
5.0,0.33333334,1.0,12.0,0.893740902474527,0.8623376623376624
5.0,0.33333334,1.0,20.0,0.8922852983988354,0.8580086580086579
5.0,0.33333334,1.0,32.0,0.8911208151382823,0.8571428571428571
5.0,0.33333334,1.0,50.0,0.8882096069868997,0.8562770562770563
5.0,0.33333334,1.0,80.0,0.883551673944687,0.8528138528138529
5.0,0.33333334,1.0,128.0,0.8818049490538573,0.8493506493506494
5.0,0.33333334,3.0,2.0,0.8931586608442504,0.8571428571428571
5.0,0.33333334,3.0,3.0,0.8931586608442504,0.8571428571428571
5.0,0.33333334,3.0,5.0,0.8931586608442504,0.8571428571428571
5.0,0.33333334,3.0,8.0,0.8940320232896652,0.8588744588744589
5.0,0.33333334,3.0,12.0,0.8940320232896652,0.8588744588744589
5.0,0.33333334,3.0,20.0,0.8919941775836973,0.8554112554112555
5.0,0.33333334,3.0,32.0,0.8911208151382823,0.8562770562770563
5.0,0.33333334,3.0,50.0,0.8882096069868997,0.8562770562770563
5.0,0.33333334,3.0,80.0,0.8838427947598253,0.8519480519480519
5.0,0.33333334,3.0,128.0,0.8818049490538573,0.8493506493506494
5.0,0.33333334,5.0,2.0,0.8922852983988354,0.8580086580086579
5.0,0.33333334,5.0,3.0,0.8922852983988354,0.8580086580086579
5.0,0.33333334,5.0,5.0,0.8922852983988354,0.8580086580086579
5.0,0.33333334,5.0,8.0,0.8922852983988354,0.8580086580086579
5.0,0.33333334,5.0,12.0,0.8919941775836971,0.8588744588744589
5.0,0.33333334,5.0,20.0,0.891703056768559,0.8571428571428571
5.0,0.33333334,5.0,32.0,0.8911208151382823,0.8571428571428571
5.0,0.33333334,5.0,50.0,0.8873362445414846,0.8562770562770563
5.0,0.33333334,5.0,80.0,0.8838427947598253,0.8510822510822511
5.0,0.33333334,5.0,128.0,0.8820960698689957,0.8484848484848484
5.0,0.33333334,7.0,2.0,0.891703056768559,0.8562770562770563
5.0,0.33333334,7.0,3.0,0.891703056768559,0.8562770562770563
5.0,0.33333334,7.0,5.0,0.891703056768559,0.8562770562770563
5.0,0.33333334,7.0,8.0,0.891703056768559,0.8562770562770563
5.0,0.33333334,7.0,12.0,0.891703056768559,0.8562770562770563
5.0,0.33333334,7.0,20.0,0.8914119359534206,0.8545454545454545
5.0,0.33333334,7.0,32.0,0.8902474526928674,0.8554112554112553
5.0,0.33333334,7.0,50.0,0.8873362445414846,0.8528138528138529
5.0,0.33333334,7.0,80.0,0.8841339155749637,0.8502164502164502
5.0,0.33333334,7.0,128.0,0.881513828238719,0.8484848484848484
5.0,0.33333334,9.0,2.0,0.8911208151382823,0.8554112554112553
5.0,0.33333334,9.0,3.0,0.8911208151382823,0.8554112554112553
5.0,0.33333334,9.0,5.0,0.8911208151382823,0.8554112554112553
5.0,0.33333334,9.0,8.0,0.8911208151382823,0.8554112554112553
5.0,0.33333334,9.0,12.0,0.8911208151382823,0.8554112554112553
5.0,0.33333334,9.0,20.0,0.8914119359534206,0.8554112554112553
5.0,0.33333334,9.0,32.0,0.889665211062591,0.8554112554112553
5.0,0.33333334,9.0,50.0,0.8879184861717613,0.8528138528138529
5.0,0.33333334,9.0,80.0,0.8838427947598253,0.8510822510822511
5.0,0.33333334,9.0,128.0,0.8818049490538573,0.8476190476190476
5.0,0.33333334,11.0,2.0,0.8905385735080058,0.8545454545454545
5.0,0.33333334,11.0,3.0,0.8905385735080058,0.8545454545454545
5.0,0.33333334,11.0,5.0,0.8905385735080058,0.8545454545454545
5.0,0.33333334,11.0,8.0,0.8905385735080058,0.8545454545454545
5.0,0.33333334,11.0,12.0,0.8905385735080058,0.8545454545454545
5.0,0.33333334,11.0,20.0,0.8905385735080058,0.8545454545454545
5.0,0.33333334,11.0,32.0,0.8893740902474526,0.8545454545454545
5.0,0.33333334,11.0,50.0,0.8870451237263465,0.8536796536796537
5.0,0.33333334,11.0,80.0,0.8832605531295487,0.8484848484848484
5.0,0.33333334,11.0,128.0,0.8820960698689957,0.8467532467532468
5.0,0.33333334,13.0,2.0,0.8890829694323145,0.8519480519480519
5.0,0.33333334,13.0,3.0,0.8890829694323145,0.8519480519480519
5.0,0.33333334,13.0,5.0,0.8890829694323145,0.8519480519480519
5.0,0.33333334,13.0,8.0,0.8890829694323145,0.8519480519480519
5.0,0.33333334,13.0,12.0,0.8890829694323145,0.8519480519480519
5.0,0.33333334,13.0,20.0,0.8890829694323145,0.8519480519480519
5.0,0.33333334,13.0,32.0,0.8885007278020378,0.8510822510822511
5.0,0.33333334,13.0,50.0,0.885589519650655,0.8536796536796537
5.0,0.33333334,13.0,80.0,0.883551673944687,0.8484848484848484
5.0,0.33333334,13.0,128.0,0.8820960698689957,0.8458874458874458
5.0,0.33333334,15.0,2.0,0.8873362445414846,0.8519480519480519
5.0,0.33333334,15.0,3.0,0.8873362445414846,0.8519480519480519
5.0,0.33333334,15.0,5.0,0.8873362445414846,0.8519480519480519
5.0,0.33333334,15.0,8.0,0.8873362445414846,0.8519480519480519
5.0,0.33333334,15.0,12.0,0.8873362445414846,0.8519480519480519
5.0,0.33333334,15.0,20.0,0.8873362445414846,0.8519480519480519
5.0,0.33333334,15.0,32.0,0.887627365356623,0.8519480519480519
5.0,0.33333334,15.0,50.0,0.8850072780203785,0.8519480519480519
5.0,0.33333334,15.0,80.0,0.8832605531295489,0.8476190476190476
5.0,0.33333334,15.0,128.0,0.881513828238719,0.8441558441558442
5.0,0.33333334,17.0,2.0,0.8861717612809314,0.8519480519480519
5.0,0.33333334,17.0,3.0,0.8861717612809314,0.8519480519480519
5.0,0.33333334,17.0,5.0,0.8861717612809314,0.8519480519480519
5.0,0.33333334,17.0,8.0,0.8861717612809314,0.8519480519480519
5.0,0.33333334,17.0,12.0,0.8861717612809314,0.8519480519480519
5.0,0.33333334,17.0,20.0,0.8861717612809314,0.8519480519480519
5.0,0.33333334,17.0,32.0,0.8861717612809314,0.8519480519480519
5.0,0.33333334,17.0,50.0,0.8847161572052402,0.8510822510822511
5.0,0.33333334,17.0,80.0,0.8829694323144105,0.8467532467532468
5.0,0.33333334,17.0,128.0,0.8806404657933042,0.845021645021645
5.0,0.33333334,20.0,2.0,0.8844250363901018,0.8510822510822511
5.0,0.33333334,20.0,3.0,0.8844250363901018,0.8510822510822511
5.0,0.33333334,20.0,5.0,0.8844250363901018,0.8510822510822511
5.0,0.33333334,20.0,8.0,0.8844250363901018,0.8510822510822511
5.0,0.33333334,20.0,12.0,0.8844250363901018,0.8510822510822511
5.0,0.33333334,20.0,20.0,0.8844250363901018,0.8510822510822511
5.0,0.33333334,20.0,32.0,0.8844250363901018,0.8510822510822511
5.0,0.33333334,20.0,50.0,0.8838427947598253,0.8493506493506494
5.0,0.33333334,20.0,80.0,0.8818049490538573,0.8476190476190476
5.0,0.33333334,20.0,128.0,0.8809315866084425,0.845021645021645
5.0,0.44444445,1.0,2.0,0.8934497816593886,0.8606060606060606
5.0,0.44444445,1.0,3.0,0.8934497816593886,0.8623376623376624
5.0,0.44444445,1.0,5.0,0.893740902474527,0.8623376623376624
5.0,0.44444445,1.0,8.0,0.893740902474527,0.8623376623376624
5.0,0.44444445,1.0,12.0,0.893740902474527,0.8623376623376624
5.0,0.44444445,1.0,20.0,0.8922852983988354,0.8580086580086579
5.0,0.44444445,1.0,32.0,0.8911208151382823,0.8571428571428571
5.0,0.44444445,1.0,50.0,0.8882096069868997,0.8562770562770563
5.0,0.44444445,1.0,80.0,0.883551673944687,0.8528138528138529
5.0,0.44444445,1.0,128.0,0.8818049490538573,0.8493506493506494
5.0,0.44444445,3.0,2.0,0.8931586608442504,0.8571428571428571
5.0,0.44444445,3.0,3.0,0.8931586608442504,0.8571428571428571
5.0,0.44444445,3.0,5.0,0.8931586608442504,0.8571428571428571
5.0,0.44444445,3.0,8.0,0.8940320232896652,0.8588744588744589
5.0,0.44444445,3.0,12.0,0.8940320232896652,0.8588744588744589
5.0,0.44444445,3.0,20.0,0.8919941775836973,0.8554112554112555
5.0,0.44444445,3.0,32.0,0.8911208151382823,0.8562770562770563
5.0,0.44444445,3.0,50.0,0.8882096069868997,0.8562770562770563
5.0,0.44444445,3.0,80.0,0.8838427947598253,0.8519480519480519
5.0,0.44444445,3.0,128.0,0.8818049490538573,0.8493506493506494
5.0,0.44444445,5.0,2.0,0.8922852983988354,0.8580086580086579
5.0,0.44444445,5.0,3.0,0.8922852983988354,0.8580086580086579
5.0,0.44444445,5.0,5.0,0.8922852983988354,0.8580086580086579
5.0,0.44444445,5.0,8.0,0.8922852983988354,0.8580086580086579
5.0,0.44444445,5.0,12.0,0.8919941775836971,0.8588744588744589
5.0,0.44444445,5.0,20.0,0.891703056768559,0.8571428571428571
5.0,0.44444445,5.0,32.0,0.8911208151382823,0.8571428571428571
5.0,0.44444445,5.0,50.0,0.8873362445414846,0.8562770562770563
5.0,0.44444445,5.0,80.0,0.8838427947598253,0.8510822510822511
5.0,0.44444445,5.0,128.0,0.8820960698689957,0.8484848484848484
5.0,0.44444445,7.0,2.0,0.891703056768559,0.8562770562770563
5.0,0.44444445,7.0,3.0,0.891703056768559,0.8562770562770563
5.0,0.44444445,7.0,5.0,0.891703056768559,0.8562770562770563
5.0,0.44444445,7.0,8.0,0.891703056768559,0.8562770562770563
5.0,0.44444445,7.0,12.0,0.891703056768559,0.8562770562770563
5.0,0.44444445,7.0,20.0,0.8914119359534206,0.8545454545454545
5.0,0.44444445,7.0,32.0,0.8902474526928674,0.8554112554112553
5.0,0.44444445,7.0,50.0,0.8873362445414846,0.8528138528138529
5.0,0.44444445,7.0,80.0,0.8841339155749637,0.8502164502164502
5.0,0.44444445,7.0,128.0,0.881513828238719,0.8484848484848484
5.0,0.44444445,9.0,2.0,0.8911208151382823,0.8554112554112553
5.0,0.44444445,9.0,3.0,0.8911208151382823,0.8554112554112553
5.0,0.44444445,9.0,5.0,0.8911208151382823,0.8554112554112553
5.0,0.44444445,9.0,8.0,0.8911208151382823,0.8554112554112553
5.0,0.44444445,9.0,12.0,0.8911208151382823,0.8554112554112553
5.0,0.44444445,9.0,20.0,0.8914119359534206,0.8554112554112553
5.0,0.44444445,9.0,32.0,0.889665211062591,0.8554112554112553
5.0,0.44444445,9.0,50.0,0.8879184861717613,0.8528138528138529
5.0,0.44444445,9.0,80.0,0.8838427947598253,0.8510822510822511
5.0,0.44444445,9.0,128.0,0.8818049490538573,0.8476190476190476
5.0,0.44444445,11.0,2.0,0.8905385735080058,0.8545454545454545
5.0,0.44444445,11.0,3.0,0.8905385735080058,0.8545454545454545
5.0,0.44444445,11.0,5.0,0.8905385735080058,0.8545454545454545
5.0,0.44444445,11.0,8.0,0.8905385735080058,0.8545454545454545
5.0,0.44444445,11.0,12.0,0.8905385735080058,0.8545454545454545
5.0,0.44444445,11.0,20.0,0.8905385735080058,0.8545454545454545
5.0,0.44444445,11.0,32.0,0.8893740902474526,0.8545454545454545
5.0,0.44444445,11.0,50.0,0.8870451237263465,0.8536796536796537
5.0,0.44444445,11.0,80.0,0.8832605531295487,0.8484848484848484
5.0,0.44444445,11.0,128.0,0.8820960698689957,0.8467532467532468
5.0,0.44444445,13.0,2.0,0.8890829694323145,0.8519480519480519
5.0,0.44444445,13.0,3.0,0.8890829694323145,0.8519480519480519
5.0,0.44444445,13.0,5.0,0.8890829694323145,0.8519480519480519
5.0,0.44444445,13.0,8.0,0.8890829694323145,0.8519480519480519
5.0,0.44444445,13.0,12.0,0.8890829694323145,0.8519480519480519
5.0,0.44444445,13.0,20.0,0.8890829694323145,0.8519480519480519
5.0,0.44444445,13.0,32.0,0.8885007278020378,0.8510822510822511
5.0,0.44444445,13.0,50.0,0.885589519650655,0.8536796536796537
5.0,0.44444445,13.0,80.0,0.883551673944687,0.8484848484848484
5.0,0.44444445,13.0,128.0,0.8820960698689957,0.8458874458874458
5.0,0.44444445,15.0,2.0,0.8873362445414846,0.8519480519480519
5.0,0.44444445,15.0,3.0,0.8873362445414846,0.8519480519480519
5.0,0.44444445,15.0,5.0,0.8873362445414846,0.8519480519480519
5.0,0.44444445,15.0,8.0,0.8873362445414846,0.8519480519480519
5.0,0.44444445,15.0,12.0,0.8873362445414846,0.8519480519480519
5.0,0.44444445,15.0,20.0,0.8873362445414846,0.8519480519480519
5.0,0.44444445,15.0,32.0,0.887627365356623,0.8519480519480519
5.0,0.44444445,15.0,50.0,0.8850072780203785,0.8519480519480519
5.0,0.44444445,15.0,80.0,0.8832605531295489,0.8476190476190476
5.0,0.44444445,15.0,128.0,0.881513828238719,0.8441558441558442
5.0,0.44444445,17.0,2.0,0.8861717612809314,0.8519480519480519
5.0,0.44444445,17.0,3.0,0.8861717612809314,0.8519480519480519
5.0,0.44444445,17.0,5.0,0.8861717612809314,0.8519480519480519
5.0,0.44444445,17.0,8.0,0.8861717612809314,0.8519480519480519
5.0,0.44444445,17.0,12.0,0.8861717612809314,0.8519480519480519
5.0,0.44444445,17.0,20.0,0.8861717612809314,0.8519480519480519
5.0,0.44444445,17.0,32.0,0.8861717612809314,0.8519480519480519
5.0,0.44444445,17.0,50.0,0.8847161572052402,0.8510822510822511
5.0,0.44444445,17.0,80.0,0.8829694323144105,0.8467532467532468
5.0,0.44444445,17.0,128.0,0.8806404657933042,0.845021645021645
5.0,0.44444445,20.0,2.0,0.8844250363901018,0.8510822510822511
5.0,0.44444445,20.0,3.0,0.8844250363901018,0.8510822510822511
5.0,0.44444445,20.0,5.0,0.8844250363901018,0.8510822510822511
5.0,0.44444445,20.0,8.0,0.8844250363901018,0.8510822510822511
5.0,0.44444445,20.0,12.0,0.8844250363901018,0.8510822510822511
5.0,0.44444445,20.0,20.0,0.8844250363901018,0.8510822510822511
5.0,0.44444445,20.0,32.0,0.8844250363901018,0.8510822510822511
5.0,0.44444445,20.0,50.0,0.8838427947598253,0.8493506493506494
5.0,0.44444445,20.0,80.0,0.8818049490538573,0.8476190476190476
5.0,0.44444445,20.0,128.0,0.8809315866084425,0.845021645021645
5.0,0.5555556,1.0,2.0,0.8905385735080058,0.8683982683982684
5.0,0.5555556,1.0,3.0,0.8905385735080058,0.8683982683982684
5.0,0.5555556,1.0,5.0,0.8911208151382825,0.8666666666666666
5.0,0.5555556,1.0,8.0,0.8905385735080058,0.8692640692640692
5.0,0.5555556,1.0,12.0,0.8908296943231442,0.8675324675324676
5.0,0.5555556,1.0,20.0,0.8902474526928674,0.8675324675324676
5.0,0.5555556,1.0,32.0,0.8908296943231442,0.8675324675324676
5.0,0.5555556,1.0,50.0,0.889665211062591,0.8658008658008658
5.0,0.5555556,1.0,80.0,0.8882096069868994,0.8606060606060606
5.0,0.5555556,1.0,128.0,0.8873362445414846,0.8588744588744589
5.0,0.5555556,3.0,2.0,0.8902474526928674,0.8666666666666666
5.0,0.5555556,3.0,3.0,0.8902474526928674,0.8666666666666666
5.0,0.5555556,3.0,5.0,0.8902474526928674,0.8666666666666666
5.0,0.5555556,3.0,8.0,0.8902474526928674,0.8675324675324676
5.0,0.5555556,3.0,12.0,0.8905385735080058,0.8675324675324676
5.0,0.5555556,3.0,20.0,0.8902474526928674,0.8675324675324676
5.0,0.5555556,3.0,32.0,0.8905385735080058,0.8675324675324676
5.0,0.5555556,3.0,50.0,0.889665211062591,0.8658008658008658
5.0,0.5555556,3.0,80.0,0.8882096069868994,0.8606060606060606
5.0,0.5555556,3.0,128.0,0.8870451237263465,0.8597402597402597
5.0,0.5555556,5.0,2.0,0.8899563318777293,0.8675324675324676
5.0,0.5555556,5.0,3.0,0.8899563318777293,0.8675324675324676
5.0,0.5555556,5.0,5.0,0.8899563318777293,0.8675324675324676
5.0,0.5555556,5.0,8.0,0.8899563318777293,0.8675324675324676
5.0,0.5555556,5.0,12.0,0.8899563318777293,0.8675324675324676
5.0,0.5555556,5.0,20.0,0.8899563318777293,0.8675324675324676
5.0,0.5555556,5.0,32.0,0.8899563318777293,0.8675324675324676
5.0,0.5555556,5.0,50.0,0.8893740902474526,0.864935064935065
5.0,0.5555556,5.0,80.0,0.8882096069868997,0.8606060606060606
5.0,0.5555556,5.0,128.0,0.8867540029112082,0.8597402597402597
5.0,0.5555556,7.0,2.0,0.8902474526928674,0.8666666666666666
5.0,0.5555556,7.0,3.0,0.8902474526928674,0.8666666666666666
5.0,0.5555556,7.0,5.0,0.8902474526928674,0.8666666666666666
5.0,0.5555556,7.0,8.0,0.8902474526928674,0.8666666666666666
5.0,0.5555556,7.0,12.0,0.8902474526928674,0.8666666666666666
5.0,0.5555556,7.0,20.0,0.8902474526928674,0.8666666666666666
5.0,0.5555556,7.0,32.0,0.8905385735080058,0.8675324675324676
5.0,0.5555556,7.0,50.0,0.8890829694323145,0.864935064935065
5.0,0.5555556,7.0,80.0,0.8879184861717613,0.8606060606060606
5.0,0.5555556,7.0,128.0,0.8867540029112082,0.8580086580086579
5.0,0.5555556,9.0,2.0,0.8893740902474526,0.8666666666666666
5.0,0.5555556,9.0,3.0,0.8893740902474526,0.8666666666666666
5.0,0.5555556,9.0,5.0,0.8893740902474526,0.8666666666666666
5.0,0.5555556,9.0,8.0,0.8893740902474526,0.8666666666666666
5.0,0.5555556,9.0,12.0,0.8893740902474526,0.8666666666666666
5.0,0.5555556,9.0,20.0,0.889665211062591,0.8666666666666666
5.0,0.5555556,9.0,32.0,0.8899563318777293,0.864935064935065
5.0,0.5555556,9.0,50.0,0.8890829694323145,0.8632034632034632
5.0,0.5555556,9.0,80.0,0.8879184861717613,0.8597402597402597
5.0,0.5555556,9.0,128.0,0.8861717612809314,0.8571428571428571
5.0,0.5555556,11.0,2.0,0.8893740902474526,0.8640692640692642
5.0,0.5555556,11.0,3.0,0.8893740902474526,0.8640692640692642
5.0,0.5555556,11.0,5.0,0.8893740902474526,0.8640692640692642
5.0,0.5555556,11.0,8.0,0.8893740902474526,0.8640692640692642
5.0,0.5555556,11.0,12.0,0.8893740902474526,0.8640692640692642
5.0,0.5555556,11.0,20.0,0.8893740902474526,0.8640692640692642
5.0,0.5555556,11.0,32.0,0.8893740902474526,0.8640692640692642
5.0,0.5555556,11.0,50.0,0.8885007278020378,0.8623376623376624
5.0,0.5555556,11.0,80.0,0.8864628820960698,0.8588744588744589
5.0,0.5555556,11.0,128.0,0.8850072780203785,0.8571428571428571
5.0,0.5555556,13.0,2.0,0.8887918486171762,0.8623376623376624
5.0,0.5555556,13.0,3.0,0.8887918486171762,0.8623376623376624
5.0,0.5555556,13.0,5.0,0.8887918486171762,0.8623376623376624
5.0,0.5555556,13.0,8.0,0.8887918486171762,0.8623376623376624
5.0,0.5555556,13.0,12.0,0.8887918486171762,0.8623376623376624
5.0,0.5555556,13.0,20.0,0.8887918486171762,0.8623376623376624
5.0,0.5555556,13.0,32.0,0.8882096069868997,0.8623376623376624
5.0,0.5555556,13.0,50.0,0.887627365356623,0.8623376623376624
5.0,0.5555556,13.0,80.0,0.8861717612809314,0.8588744588744589
5.0,0.5555556,13.0,128.0,0.8838427947598253,0.8571428571428571
5.0,0.5555556,15.0,2.0,0.8879184861717613,0.8623376623376624
5.0,0.5555556,15.0,3.0,0.8879184861717613,0.8623376623376624
5.0,0.5555556,15.0,5.0,0.8879184861717613,0.8623376623376624
5.0,0.5555556,15.0,8.0,0.8879184861717613,0.8623376623376624
5.0,0.5555556,15.0,12.0,0.8879184861717613,0.8623376623376624
5.0,0.5555556,15.0,20.0,0.8879184861717613,0.8623376623376624
5.0,0.5555556,15.0,32.0,0.8879184861717613,0.8623376623376624
5.0,0.5555556,15.0,50.0,0.8873362445414846,0.8614718614718615
5.0,0.5555556,15.0,80.0,0.8850072780203785,0.8588744588744589
5.0,0.5555556,15.0,128.0,0.8844250363901018,0.8571428571428571
5.0,0.5555556,17.0,2.0,0.8870451237263465,0.8614718614718615
5.0,0.5555556,17.0,3.0,0.8870451237263465,0.8614718614718615
5.0,0.5555556,17.0,5.0,0.8870451237263465,0.8614718614718615
5.0,0.5555556,17.0,8.0,0.8870451237263465,0.8614718614718615
5.0,0.5555556,17.0,12.0,0.8870451237263465,0.8614718614718615
5.0,0.5555556,17.0,20.0,0.8870451237263465,0.8614718614718615
5.0,0.5555556,17.0,32.0,0.8870451237263465,0.8614718614718615
5.0,0.5555556,17.0,50.0,0.8861717612809314,0.8614718614718615
5.0,0.5555556,17.0,80.0,0.8850072780203785,0.8580086580086579
5.0,0.5555556,17.0,128.0,0.8847161572052402,0.8571428571428571
5.0,0.5555556,20.0,2.0,0.885589519650655,0.8614718614718615
5.0,0.5555556,20.0,3.0,0.885589519650655,0.8614718614718615
5.0,0.5555556,20.0,5.0,0.885589519650655,0.8614718614718615
5.0,0.5555556,20.0,8.0,0.885589519650655,0.8614718614718615
5.0,0.5555556,20.0,12.0,0.885589519650655,0.8614718614718615
5.0,0.5555556,20.0,20.0,0.885589519650655,0.8614718614718615
5.0,0.5555556,20.0,32.0,0.885589519650655,0.8614718614718615
5.0,0.5555556,20.0,50.0,0.8858806404657933,0.8606060606060606
5.0,0.5555556,20.0,80.0,0.8844250363901018,0.8580086580086579
5.0,0.5555556,20.0,128.0,0.8829694323144105,0.8571428571428571
5.0,0.6666667,1.0,2.0,0.8925764192139738,0.864935064935065
5.0,0.6666667,1.0,3.0,0.8925764192139738,0.864935064935065
5.0,0.6666667,1.0,5.0,0.8925764192139738,0.8658008658008658
5.0,0.6666667,1.0,8.0,0.8925764192139738,0.8658008658008658
5.0,0.6666667,1.0,12.0,0.8919941775836973,0.8658008658008658
5.0,0.6666667,1.0,20.0,0.8922852983988354,0.8623376623376624
5.0,0.6666667,1.0,32.0,0.8914119359534206,0.8614718614718615
5.0,0.6666667,1.0,50.0,0.8902474526928674,0.8614718614718615
5.0,0.6666667,1.0,80.0,0.8905385735080058,0.8623376623376624
5.0,0.6666667,1.0,128.0,0.8879184861717613,0.8580086580086579
5.0,0.6666667,3.0,2.0,0.8919941775836973,0.8623376623376624
5.0,0.6666667,3.0,3.0,0.8919941775836973,0.8623376623376624
5.0,0.6666667,3.0,5.0,0.8919941775836973,0.8623376623376624
5.0,0.6666667,3.0,8.0,0.8919941775836973,0.8623376623376624
5.0,0.6666667,3.0,12.0,0.8919941775836973,0.8623376623376624
5.0,0.6666667,3.0,20.0,0.8919941775836973,0.8614718614718615
5.0,0.6666667,3.0,32.0,0.8911208151382823,0.8614718614718615
5.0,0.6666667,3.0,50.0,0.8902474526928674,0.8614718614718615
5.0,0.6666667,3.0,80.0,0.8905385735080058,0.8623376623376624
5.0,0.6666667,3.0,128.0,0.8879184861717613,0.8580086580086579
5.0,0.6666667,5.0,2.0,0.8922852983988354,0.8614718614718615
5.0,0.6666667,5.0,3.0,0.8922852983988354,0.8614718614718615
5.0,0.6666667,5.0,5.0,0.8922852983988354,0.8614718614718615
5.0,0.6666667,5.0,8.0,0.8922852983988354,0.8614718614718615
5.0,0.6666667,5.0,12.0,0.8919941775836973,0.8614718614718615
5.0,0.6666667,5.0,20.0,0.8914119359534206,0.8614718614718615
5.0,0.6666667,5.0,32.0,0.8914119359534206,0.8614718614718615
5.0,0.6666667,5.0,50.0,0.8902474526928674,0.8614718614718615
5.0,0.6666667,5.0,80.0,0.8899563318777293,0.8623376623376624
5.0,0.6666667,5.0,128.0,0.8879184861717613,0.8580086580086579
5.0,0.6666667,7.0,2.0,0.891703056768559,0.8614718614718615
5.0,0.6666667,7.0,3.0,0.891703056768559,0.8614718614718615
5.0,0.6666667,7.0,5.0,0.891703056768559,0.8614718614718615
5.0,0.6666667,7.0,8.0,0.891703056768559,0.8614718614718615
5.0,0.6666667,7.0,12.0,0.891703056768559,0.8614718614718615
5.0,0.6666667,7.0,20.0,0.891703056768559,0.8606060606060606
5.0,0.6666667,7.0,32.0,0.8911208151382823,0.8614718614718615
5.0,0.6666667,7.0,50.0,0.8902474526928674,0.8614718614718615
5.0,0.6666667,7.0,80.0,0.8905385735080058,0.8623376623376624
5.0,0.6666667,7.0,128.0,0.8879184861717613,0.8580086580086579
5.0,0.6666667,9.0,2.0,0.8911208151382823,0.8614718614718615
5.0,0.6666667,9.0,3.0,0.8911208151382823,0.8614718614718615
5.0,0.6666667,9.0,5.0,0.8911208151382823,0.8614718614718615
5.0,0.6666667,9.0,8.0,0.8911208151382823,0.8614718614718615
5.0,0.6666667,9.0,12.0,0.8911208151382823,0.8614718614718615
5.0,0.6666667,9.0,20.0,0.8908296943231442,0.8606060606060606
5.0,0.6666667,9.0,32.0,0.8908296943231442,0.8614718614718615
5.0,0.6666667,9.0,50.0,0.8899563318777293,0.8614718614718615
5.0,0.6666667,9.0,80.0,0.8902474526928674,0.8614718614718615
5.0,0.6666667,9.0,128.0,0.887627365356623,0.8580086580086579
5.0,0.6666667,11.0,2.0,0.8911208151382823,0.8614718614718615
5.0,0.6666667,11.0,3.0,0.8911208151382823,0.8614718614718615
5.0,0.6666667,11.0,5.0,0.8911208151382823,0.8614718614718615
5.0,0.6666667,11.0,8.0,0.8911208151382823,0.8614718614718615
5.0,0.6666667,11.0,12.0,0.8911208151382823,0.8614718614718615
5.0,0.6666667,11.0,20.0,0.8911208151382823,0.8614718614718615
5.0,0.6666667,11.0,32.0,0.8911208151382823,0.8614718614718615
5.0,0.6666667,11.0,50.0,0.8899563318777293,0.8614718614718615
5.0,0.6666667,11.0,80.0,0.8890829694323145,0.8606060606060606
5.0,0.6666667,11.0,128.0,0.8873362445414846,0.8580086580086579
5.0,0.6666667,13.0,2.0,0.8899563318777293,0.8597402597402597
5.0,0.6666667,13.0,3.0,0.8899563318777293,0.8597402597402597
5.0,0.6666667,13.0,5.0,0.8899563318777293,0.8597402597402597
5.0,0.6666667,13.0,8.0,0.8899563318777293,0.8597402597402597
5.0,0.6666667,13.0,12.0,0.8899563318777293,0.8597402597402597
5.0,0.6666667,13.0,20.0,0.8899563318777293,0.8597402597402597
5.0,0.6666667,13.0,32.0,0.889665211062591,0.8597402597402597
5.0,0.6666667,13.0,50.0,0.8887918486171762,0.8597402597402597
5.0,0.6666667,13.0,80.0,0.8873362445414846,0.8606060606060606
5.0,0.6666667,13.0,128.0,0.8864628820960698,0.8580086580086579
5.0,0.6666667,15.0,2.0,0.8890829694323145,0.8588744588744589
5.0,0.6666667,15.0,3.0,0.8890829694323145,0.8588744588744589
5.0,0.6666667,15.0,5.0,0.8890829694323145,0.8588744588744589
5.0,0.6666667,15.0,8.0,0.8890829694323145,0.8588744588744589
5.0,0.6666667,15.0,12.0,0.8890829694323145,0.8588744588744589
5.0,0.6666667,15.0,20.0,0.8890829694323145,0.8588744588744589
5.0,0.6666667,15.0,32.0,0.8890829694323145,0.8588744588744589
5.0,0.6666667,15.0,50.0,0.8879184861717613,0.8588744588744589
5.0,0.6666667,15.0,80.0,0.8867540029112082,0.8597402597402597
5.0,0.6666667,15.0,128.0,0.8858806404657933,0.8580086580086579
5.0,0.6666667,17.0,2.0,0.8887918486171762,0.8588744588744589
5.0,0.6666667,17.0,3.0,0.8887918486171762,0.8588744588744589
5.0,0.6666667,17.0,5.0,0.8887918486171762,0.8588744588744589
5.0,0.6666667,17.0,8.0,0.8887918486171762,0.8588744588744589
5.0,0.6666667,17.0,12.0,0.8887918486171762,0.8588744588744589
5.0,0.6666667,17.0,20.0,0.8887918486171762,0.8588744588744589
5.0,0.6666667,17.0,32.0,0.8887918486171762,0.8588744588744589
5.0,0.6666667,17.0,50.0,0.8870451237263465,0.8588744588744589
5.0,0.6666667,17.0,80.0,0.8867540029112082,0.8597402597402597
5.0,0.6666667,17.0,128.0,0.8861717612809314,0.8588744588744589
5.0,0.6666667,20.0,2.0,0.8879184861717613,0.8588744588744589
5.0,0.6666667,20.0,3.0,0.8879184861717613,0.8588744588744589
5.0,0.6666667,20.0,5.0,0.8879184861717613,0.8588744588744589
5.0,0.6666667,20.0,8.0,0.8879184861717613,0.8588744588744589
5.0,0.6666667,20.0,12.0,0.8879184861717613,0.8588744588744589
5.0,0.6666667,20.0,20.0,0.8879184861717613,0.8588744588744589
5.0,0.6666667,20.0,32.0,0.8879184861717613,0.8588744588744589
5.0,0.6666667,20.0,50.0,0.8870451237263465,0.8588744588744589
5.0,0.6666667,20.0,80.0,0.8870451237263465,0.8606060606060606
5.0,0.6666667,20.0,128.0,0.8858806404657933,0.8588744588744589
5.0,0.7777778,1.0,2.0,0.8949053857350802,0.883982683982684
5.0,0.7777778,1.0,3.0,0.8949053857350802,0.883982683982684
5.0,0.7777778,1.0,5.0,0.8949053857350802,0.883982683982684
5.0,0.7777778,1.0,8.0,0.8949053857350802,0.8831168831168832
5.0,0.7777778,1.0,12.0,0.8949053857350802,0.8831168831168832
5.0,0.7777778,1.0,20.0,0.8949053857350802,0.8831168831168832
5.0,0.7777778,1.0,32.0,0.8949053857350802,0.8831168831168832
5.0,0.7777778,1.0,50.0,0.893740902474527,0.883982683982684
5.0,0.7777778,1.0,80.0,0.8925764192139738,0.8831168831168832
5.0,0.7777778,1.0,128.0,0.891703056768559,0.8831168831168832
5.0,0.7777778,3.0,2.0,0.8949053857350802,0.883982683982684
5.0,0.7777778,3.0,3.0,0.8949053857350802,0.883982683982684
5.0,0.7777778,3.0,5.0,0.8949053857350802,0.883982683982684
5.0,0.7777778,3.0,8.0,0.8949053857350802,0.883982683982684
5.0,0.7777778,3.0,12.0,0.8949053857350802,0.883982683982684
5.0,0.7777778,3.0,20.0,0.8949053857350802,0.883982683982684
5.0,0.7777778,3.0,32.0,0.8946142649199418,0.883982683982684
5.0,0.7777778,3.0,50.0,0.893740902474527,0.883982683982684
5.0,0.7777778,3.0,80.0,0.8925764192139738,0.883982683982684
5.0,0.7777778,3.0,128.0,0.891703056768559,0.8831168831168832
5.0,0.7777778,5.0,2.0,0.8943231441048034,0.883982683982684
5.0,0.7777778,5.0,3.0,0.8943231441048034,0.883982683982684
5.0,0.7777778,5.0,5.0,0.8943231441048034,0.883982683982684
5.0,0.7777778,5.0,8.0,0.8943231441048034,0.883982683982684
5.0,0.7777778,5.0,12.0,0.8940320232896652,0.883982683982684
5.0,0.7777778,5.0,20.0,0.8943231441048034,0.883982683982684
5.0,0.7777778,5.0,32.0,0.8940320232896652,0.8848484848484848
5.0,0.7777778,5.0,50.0,0.8928675400291122,0.8848484848484848
5.0,0.7777778,5.0,80.0,0.8922852983988354,0.8848484848484848
5.0,0.7777778,5.0,128.0,0.891703056768559,0.8831168831168832
5.0,0.7777778,7.0,2.0,0.8928675400291122,0.8831168831168832
5.0,0.7777778,7.0,3.0,0.8928675400291122,0.8831168831168832
5.0,0.7777778,7.0,5.0,0.8928675400291122,0.8831168831168832
5.0,0.7777778,7.0,8.0,0.8928675400291122,0.8831168831168832
5.0,0.7777778,7.0,12.0,0.8928675400291122,0.8831168831168832
5.0,0.7777778,7.0,20.0,0.8928675400291122,0.883982683982684
5.0,0.7777778,7.0,32.0,0.8928675400291122,0.883982683982684
5.0,0.7777778,7.0,50.0,0.891703056768559,0.8831168831168832
5.0,0.7777778,7.0,80.0,0.8911208151382825,0.8822510822510822
5.0,0.7777778,7.0,128.0,0.8911208151382823,0.8831168831168832
5.0,0.7777778,9.0,2.0,0.8931586608442504,0.8822510822510822
5.0,0.7777778,9.0,3.0,0.8931586608442504,0.8822510822510822
5.0,0.7777778,9.0,5.0,0.8931586608442504,0.8822510822510822
5.0,0.7777778,9.0,8.0,0.8931586608442504,0.8822510822510822
5.0,0.7777778,9.0,12.0,0.8931586608442504,0.8822510822510822
5.0,0.7777778,9.0,20.0,0.8928675400291122,0.8822510822510822
5.0,0.7777778,9.0,32.0,0.8931586608442504,0.8822510822510822
5.0,0.7777778,9.0,50.0,0.8911208151382825,0.8822510822510822
5.0,0.7777778,9.0,80.0,0.8905385735080058,0.8805194805194805
5.0,0.7777778,9.0,128.0,0.8911208151382823,0.8813852813852814
5.0,0.7777778,11.0,2.0,0.8934497816593886,0.8813852813852814
5.0,0.7777778,11.0,3.0,0.8934497816593886,0.8813852813852814
5.0,0.7777778,11.0,5.0,0.8934497816593886,0.8813852813852814
5.0,0.7777778,11.0,8.0,0.8934497816593886,0.8813852813852814
5.0,0.7777778,11.0,12.0,0.8934497816593886,0.8813852813852814
5.0,0.7777778,11.0,20.0,0.8934497816593886,0.8813852813852814
5.0,0.7777778,11.0,32.0,0.8934497816593886,0.8813852813852814
5.0,0.7777778,11.0,50.0,0.8922852983988354,0.8813852813852814
5.0,0.7777778,11.0,80.0,0.8902474526928674,0.8813852813852814
5.0,0.7777778,11.0,128.0,0.8914119359534206,0.8805194805194805
5.0,0.7777778,13.0,2.0,0.8928675400291122,0.8813852813852814
5.0,0.7777778,13.0,3.0,0.8928675400291122,0.8813852813852814
5.0,0.7777778,13.0,5.0,0.8928675400291122,0.8813852813852814
5.0,0.7777778,13.0,8.0,0.8928675400291122,0.8813852813852814
5.0,0.7777778,13.0,12.0,0.8928675400291122,0.8813852813852814
5.0,0.7777778,13.0,20.0,0.8928675400291122,0.8813852813852814
5.0,0.7777778,13.0,32.0,0.8925764192139738,0.8813852813852814
5.0,0.7777778,13.0,50.0,0.891703056768559,0.8813852813852814
5.0,0.7777778,13.0,80.0,0.8902474526928674,0.8813852813852814
5.0,0.7777778,13.0,128.0,0.8908296943231442,0.8805194805194805
5.0,0.7777778,15.0,2.0,0.8919941775836973,0.8813852813852814
5.0,0.7777778,15.0,3.0,0.8919941775836973,0.8813852813852814
5.0,0.7777778,15.0,5.0,0.8919941775836973,0.8813852813852814
5.0,0.7777778,15.0,8.0,0.8919941775836973,0.8813852813852814
5.0,0.7777778,15.0,12.0,0.8919941775836973,0.8813852813852814
5.0,0.7777778,15.0,20.0,0.8919941775836973,0.8813852813852814
5.0,0.7777778,15.0,32.0,0.8919941775836973,0.8813852813852814
5.0,0.7777778,15.0,50.0,0.8902474526928674,0.8813852813852814
5.0,0.7777778,15.0,80.0,0.8899563318777293,0.8813852813852814
5.0,0.7777778,15.0,128.0,0.8899563318777293,0.8796536796536797
5.0,0.7777778,17.0,2.0,0.8890829694323145,0.8813852813852814
5.0,0.7777778,17.0,3.0,0.8890829694323145,0.8813852813852814
5.0,0.7777778,17.0,5.0,0.8890829694323145,0.8813852813852814
5.0,0.7777778,17.0,8.0,0.8890829694323145,0.8813852813852814
5.0,0.7777778,17.0,12.0,0.8890829694323145,0.8813852813852814
5.0,0.7777778,17.0,20.0,0.8890829694323145,0.8813852813852814
5.0,0.7777778,17.0,32.0,0.8890829694323145,0.8813852813852814
5.0,0.7777778,17.0,50.0,0.8882096069868997,0.8813852813852814
5.0,0.7777778,17.0,80.0,0.8882096069868994,0.8813852813852814
5.0,0.7777778,17.0,128.0,0.887627365356623,0.8796536796536797
5.0,0.7777778,20.0,2.0,0.8890829694323144,0.8796536796536797
5.0,0.7777778,20.0,3.0,0.8890829694323144,0.8796536796536797
5.0,0.7777778,20.0,5.0,0.8890829694323144,0.8796536796536797
5.0,0.7777778,20.0,8.0,0.8890829694323144,0.8796536796536797
5.0,0.7777778,20.0,12.0,0.8890829694323144,0.8796536796536797
5.0,0.7777778,20.0,20.0,0.8890829694323144,0.8796536796536797
5.0,0.7777778,20.0,32.0,0.8890829694323144,0.8796536796536797
5.0,0.7777778,20.0,50.0,0.8887918486171762,0.8796536796536797
5.0,0.7777778,20.0,80.0,0.8885007278020378,0.8796536796536797
5.0,0.7777778,20.0,128.0,0.8873362445414849,0.8779220779220779
5.0,0.8888889,1.0,2.0,0.8864628820960698,0.8822510822510822
5.0,0.8888889,1.0,3.0,0.8864628820960698,0.8822510822510822
5.0,0.8888889,1.0,5.0,0.8864628820960698,0.8822510822510822
5.0,0.8888889,1.0,8.0,0.8864628820960698,0.8831168831168832
5.0,0.8888889,1.0,12.0,0.8864628820960698,0.8831168831168832
5.0,0.8888889,1.0,20.0,0.8864628820960698,0.8813852813852814
5.0,0.8888889,1.0,32.0,0.8867540029112082,0.8805194805194805
5.0,0.8888889,1.0,50.0,0.8847161572052402,0.8805194805194805
5.0,0.8888889,1.0,80.0,0.8850072780203785,0.8822510822510822
5.0,0.8888889,1.0,128.0,0.8832605531295489,0.8822510822510822
5.0,0.8888889,3.0,2.0,0.8861717612809314,0.883982683982684
5.0,0.8888889,3.0,3.0,0.8861717612809314,0.883982683982684
5.0,0.8888889,3.0,5.0,0.8861717612809314,0.883982683982684
5.0,0.8888889,3.0,8.0,0.8864628820960698,0.883982683982684
5.0,0.8888889,3.0,12.0,0.8864628820960698,0.8822510822510822
5.0,0.8888889,3.0,20.0,0.8864628820960698,0.8822510822510822
5.0,0.8888889,3.0,32.0,0.8864628820960698,0.8822510822510822
5.0,0.8888889,3.0,50.0,0.8847161572052402,0.8822510822510822
5.0,0.8888889,3.0,80.0,0.8847161572052402,0.8822510822510822
5.0,0.8888889,3.0,128.0,0.8832605531295489,0.8822510822510822
5.0,0.8888889,5.0,2.0,0.8864628820960698,0.8822510822510822
5.0,0.8888889,5.0,3.0,0.8864628820960698,0.8822510822510822
5.0,0.8888889,5.0,5.0,0.8864628820960698,0.8822510822510822
5.0,0.8888889,5.0,8.0,0.8864628820960698,0.8822510822510822
5.0,0.8888889,5.0,12.0,0.8864628820960698,0.8822510822510822
5.0,0.8888889,5.0,20.0,0.8864628820960698,0.8822510822510822
5.0,0.8888889,5.0,32.0,0.8864628820960698,0.8822510822510822
5.0,0.8888889,5.0,50.0,0.8850072780203785,0.8822510822510822
5.0,0.8888889,5.0,80.0,0.8850072780203785,0.8822510822510822
5.0,0.8888889,5.0,128.0,0.883551673944687,0.8822510822510822
5.0,0.8888889,7.0,2.0,0.8870451237263465,0.8822510822510822
5.0,0.8888889,7.0,3.0,0.8870451237263465,0.8822510822510822
5.0,0.8888889,7.0,5.0,0.8870451237263465,0.8822510822510822
5.0,0.8888889,7.0,8.0,0.8870451237263465,0.8822510822510822
5.0,0.8888889,7.0,12.0,0.8870451237263465,0.8822510822510822
5.0,0.8888889,7.0,20.0,0.8870451237263465,0.8822510822510822
5.0,0.8888889,7.0,32.0,0.8870451237263465,0.8822510822510822
5.0,0.8888889,7.0,50.0,0.8852983988355166,0.8822510822510822
5.0,0.8888889,7.0,80.0,0.8852983988355166,0.8822510822510822
5.0,0.8888889,7.0,128.0,0.883551673944687,0.8822510822510822
5.0,0.8888889,9.0,2.0,0.8864628820960698,0.8805194805194805
5.0,0.8888889,9.0,3.0,0.8864628820960698,0.8805194805194805
5.0,0.8888889,9.0,5.0,0.8864628820960698,0.8805194805194805
5.0,0.8888889,9.0,8.0,0.8864628820960698,0.8805194805194805
5.0,0.8888889,9.0,12.0,0.8864628820960698,0.8805194805194805
5.0,0.8888889,9.0,20.0,0.8864628820960698,0.8805194805194805
5.0,0.8888889,9.0,32.0,0.8864628820960698,0.8805194805194805
5.0,0.8888889,9.0,50.0,0.8850072780203785,0.8805194805194805
5.0,0.8888889,9.0,80.0,0.8850072780203785,0.8805194805194805
5.0,0.8888889,9.0,128.0,0.8832605531295489,0.8805194805194805
5.0,0.8888889,11.0,2.0,0.8864628820960698,0.8805194805194805
5.0,0.8888889,11.0,3.0,0.8864628820960698,0.8805194805194805
5.0,0.8888889,11.0,5.0,0.8864628820960698,0.8805194805194805
5.0,0.8888889,11.0,8.0,0.8864628820960698,0.8805194805194805
5.0,0.8888889,11.0,12.0,0.8864628820960698,0.8805194805194805
5.0,0.8888889,11.0,20.0,0.8864628820960698,0.8805194805194805
5.0,0.8888889,11.0,32.0,0.8861717612809314,0.8805194805194805
5.0,0.8888889,11.0,50.0,0.8850072780203785,0.8805194805194805
5.0,0.8888889,11.0,80.0,0.8850072780203785,0.8805194805194805
5.0,0.8888889,11.0,128.0,0.8829694323144105,0.8805194805194805
5.0,0.8888889,13.0,2.0,0.8852983988355166,0.8805194805194805
5.0,0.8888889,13.0,3.0,0.8852983988355166,0.8805194805194805
5.0,0.8888889,13.0,5.0,0.8852983988355166,0.8805194805194805
5.0,0.8888889,13.0,8.0,0.8852983988355166,0.8805194805194805
5.0,0.8888889,13.0,12.0,0.8852983988355166,0.8805194805194805
5.0,0.8888889,13.0,20.0,0.8852983988355166,0.8805194805194805
5.0,0.8888889,13.0,32.0,0.8850072780203785,0.8805194805194805
5.0,0.8888889,13.0,50.0,0.8847161572052402,0.8805194805194805
5.0,0.8888889,13.0,80.0,0.8841339155749637,0.8813852813852814
5.0,0.8888889,13.0,128.0,0.8829694323144105,0.8805194805194805
5.0,0.8888889,15.0,2.0,0.8841339155749637,0.8813852813852814
5.0,0.8888889,15.0,3.0,0.8841339155749637,0.8813852813852814
5.0,0.8888889,15.0,5.0,0.8841339155749637,0.8813852813852814
5.0,0.8888889,15.0,8.0,0.8841339155749637,0.8813852813852814
5.0,0.8888889,15.0,12.0,0.8841339155749637,0.8813852813852814
5.0,0.8888889,15.0,20.0,0.8841339155749637,0.8813852813852814
5.0,0.8888889,15.0,32.0,0.8841339155749637,0.8813852813852814
5.0,0.8888889,15.0,50.0,0.8838427947598253,0.8813852813852814
5.0,0.8888889,15.0,80.0,0.8838427947598253,0.8813852813852814
5.0,0.8888889,15.0,128.0,0.8832605531295489,0.8805194805194805
5.0,0.8888889,17.0,2.0,0.8820960698689957,0.8813852813852814
5.0,0.8888889,17.0,3.0,0.8820960698689957,0.8813852813852814
5.0,0.8888889,17.0,5.0,0.8820960698689957,0.8813852813852814
5.0,0.8888889,17.0,8.0,0.8820960698689957,0.8813852813852814
5.0,0.8888889,17.0,12.0,0.8820960698689957,0.8813852813852814
5.0,0.8888889,17.0,20.0,0.8820960698689957,0.8813852813852814
5.0,0.8888889,17.0,32.0,0.8820960698689957,0.8813852813852814
5.0,0.8888889,17.0,50.0,0.881513828238719,0.8813852813852814
5.0,0.8888889,17.0,80.0,0.8812227074235809,0.8813852813852814
5.0,0.8888889,17.0,128.0,0.8806404657933042,0.8805194805194805
5.0,0.8888889,20.0,2.0,0.8823871906841338,0.8813852813852814
5.0,0.8888889,20.0,3.0,0.8823871906841338,0.8813852813852814
5.0,0.8888889,20.0,5.0,0.8823871906841338,0.8813852813852814
5.0,0.8888889,20.0,8.0,0.8823871906841338,0.8813852813852814
5.0,0.8888889,20.0,12.0,0.8823871906841338,0.8813852813852814
5.0,0.8888889,20.0,20.0,0.8823871906841338,0.8813852813852814
5.0,0.8888889,20.0,32.0,0.8823871906841338,0.8813852813852814
5.0,0.8888889,20.0,50.0,0.8818049490538573,0.8813852813852814
5.0,0.8888889,20.0,80.0,0.8809315866084425,0.8813852813852814
5.0,0.8888889,20.0,128.0,0.8806404657933042,0.8796536796536796
5.0,1.0,1.0,2.0,0.8634643377001456,0.8692640692640692
5.0,1.0,1.0,3.0,0.8634643377001456,0.8692640692640692
5.0,1.0,1.0,5.0,0.8634643377001456,0.8692640692640692
5.0,1.0,1.0,8.0,0.8634643377001456,0.8692640692640692
5.0,1.0,1.0,12.0,0.8634643377001456,0.8692640692640692
5.0,1.0,1.0,20.0,0.8634643377001456,0.8692640692640692
5.0,1.0,1.0,32.0,0.8631732168850073,0.8692640692640692
5.0,1.0,1.0,50.0,0.8625909752547308,0.8692640692640692
5.0,1.0,1.0,80.0,0.8625909752547308,0.8692640692640692
5.0,1.0,1.0,128.0,0.862882096069869,0.8683982683982684
5.0,1.0,3.0,2.0,0.8631732168850073,0.8692640692640692
5.0,1.0,3.0,3.0,0.8631732168850073,0.8692640692640692
5.0,1.0,3.0,5.0,0.8631732168850073,0.8692640692640692
5.0,1.0,3.0,8.0,0.8631732168850073,0.8692640692640692
5.0,1.0,3.0,12.0,0.862882096069869,0.8692640692640692
5.0,1.0,3.0,20.0,0.8631732168850073,0.8692640692640692
5.0,1.0,3.0,32.0,0.862882096069869,0.8692640692640692
5.0,1.0,3.0,50.0,0.8622998544395925,0.8692640692640692
5.0,1.0,3.0,80.0,0.8622998544395925,0.8692640692640692
5.0,1.0,3.0,128.0,0.862882096069869,0.8683982683982684
5.0,1.0,5.0,2.0,0.862882096069869,0.8692640692640692
5.0,1.0,5.0,3.0,0.862882096069869,0.8692640692640692
5.0,1.0,5.0,5.0,0.862882096069869,0.8692640692640692
5.0,1.0,5.0,8.0,0.862882096069869,0.8692640692640692
5.0,1.0,5.0,12.0,0.862882096069869,0.8692640692640692
5.0,1.0,5.0,20.0,0.862882096069869,0.8692640692640692
5.0,1.0,5.0,32.0,0.8625909752547306,0.8692640692640692
5.0,1.0,5.0,50.0,0.8622998544395925,0.8692640692640692
5.0,1.0,5.0,80.0,0.8622998544395925,0.8692640692640692
5.0,1.0,5.0,128.0,0.8631732168850073,0.8683982683982684
5.0,1.0,7.0,2.0,0.8631732168850073,0.8692640692640692
5.0,1.0,7.0,3.0,0.8631732168850073,0.8692640692640692
5.0,1.0,7.0,5.0,0.8631732168850073,0.8692640692640692
5.0,1.0,7.0,8.0,0.8631732168850073,0.8692640692640692
5.0,1.0,7.0,12.0,0.8631732168850073,0.8692640692640692
5.0,1.0,7.0,20.0,0.8631732168850073,0.8692640692640692
5.0,1.0,7.0,32.0,0.862882096069869,0.8692640692640692
5.0,1.0,7.0,50.0,0.8625909752547306,0.8692640692640692
5.0,1.0,7.0,80.0,0.8622998544395925,0.8692640692640692
5.0,1.0,7.0,128.0,0.8631732168850073,0.8683982683982684
5.0,1.0,9.0,2.0,0.8634643377001456,0.8683982683982684
5.0,1.0,9.0,3.0,0.8634643377001456,0.8683982683982684
5.0,1.0,9.0,5.0,0.8634643377001456,0.8683982683982684
5.0,1.0,9.0,8.0,0.8634643377001456,0.8683982683982684
5.0,1.0,9.0,12.0,0.8634643377001456,0.8683982683982684
5.0,1.0,9.0,20.0,0.8634643377001456,0.8683982683982684
5.0,1.0,9.0,32.0,0.8631732168850073,0.8683982683982684
5.0,1.0,9.0,50.0,0.862882096069869,0.8683982683982684
5.0,1.0,9.0,80.0,0.862882096069869,0.8683982683982684
5.0,1.0,9.0,128.0,0.862882096069869,0.8675324675324676
5.0,1.0,11.0,2.0,0.8634643377001456,0.8675324675324676
5.0,1.0,11.0,3.0,0.8634643377001456,0.8675324675324676
5.0,1.0,11.0,5.0,0.8634643377001456,0.8675324675324676
5.0,1.0,11.0,8.0,0.8634643377001456,0.8675324675324676
5.0,1.0,11.0,12.0,0.8634643377001456,0.8675324675324676
5.0,1.0,11.0,20.0,0.8634643377001456,0.8675324675324676
5.0,1.0,11.0,32.0,0.8634643377001456,0.8675324675324676
5.0,1.0,11.0,50.0,0.8631732168850073,0.8675324675324676
5.0,1.0,11.0,80.0,0.8631732168850073,0.8666666666666666
5.0,1.0,11.0,128.0,0.8622998544395925,0.8675324675324676
5.0,1.0,13.0,2.0,0.8637554585152838,0.8666666666666666
5.0,1.0,13.0,3.0,0.8637554585152838,0.8666666666666666
5.0,1.0,13.0,5.0,0.8637554585152838,0.8666666666666666
5.0,1.0,13.0,8.0,0.8637554585152838,0.8666666666666666
5.0,1.0,13.0,12.0,0.8637554585152838,0.8666666666666666
5.0,1.0,13.0,20.0,0.8637554585152838,0.8666666666666666
5.0,1.0,13.0,32.0,0.8634643377001456,0.8666666666666666
5.0,1.0,13.0,50.0,0.8634643377001456,0.8666666666666666
5.0,1.0,13.0,80.0,0.8634643377001456,0.8666666666666666
5.0,1.0,13.0,128.0,0.8625909752547308,0.8675324675324676
5.0,1.0,15.0,2.0,0.8634643377001456,0.8658008658008658
5.0,1.0,15.0,3.0,0.8634643377001456,0.8658008658008658
5.0,1.0,15.0,5.0,0.8634643377001456,0.8658008658008658
5.0,1.0,15.0,8.0,0.8634643377001456,0.8658008658008658
5.0,1.0,15.0,12.0,0.8634643377001456,0.8658008658008658
5.0,1.0,15.0,20.0,0.8634643377001456,0.8658008658008658
5.0,1.0,15.0,32.0,0.8634643377001456,0.8658008658008658
5.0,1.0,15.0,50.0,0.8634643377001456,0.8658008658008658
5.0,1.0,15.0,80.0,0.8634643377001456,0.8658008658008658
5.0,1.0,15.0,128.0,0.862882096069869,0.8675324675324676
5.0,1.0,17.0,2.0,0.8614264919941776,0.8666666666666666
5.0,1.0,17.0,3.0,0.8614264919941776,0.8666666666666666
5.0,1.0,17.0,5.0,0.8614264919941776,0.8666666666666666
5.0,1.0,17.0,8.0,0.8614264919941776,0.8666666666666666
5.0,1.0,17.0,12.0,0.8614264919941776,0.8666666666666666
5.0,1.0,17.0,20.0,0.8614264919941776,0.8666666666666666
5.0,1.0,17.0,32.0,0.8614264919941776,0.8666666666666666
5.0,1.0,17.0,50.0,0.8614264919941776,0.8666666666666666
5.0,1.0,17.0,80.0,0.8614264919941776,0.8666666666666666
5.0,1.0,17.0,128.0,0.8605531295487626,0.8666666666666666
5.0,1.0,20.0,2.0,0.860844250363901,0.8666666666666666
5.0,1.0,20.0,3.0,0.860844250363901,0.8666666666666666
5.0,1.0,20.0,5.0,0.860844250363901,0.8666666666666666
5.0,1.0,20.0,8.0,0.860844250363901,0.8666666666666666
5.0,1.0,20.0,12.0,0.860844250363901,0.8666666666666666
5.0,1.0,20.0,20.0,0.860844250363901,0.8666666666666666
5.0,1.0,20.0,32.0,0.860844250363901,0.8666666666666666
5.0,1.0,20.0,50.0,0.860844250363901,0.8666666666666666
5.0,1.0,20.0,80.0,0.860844250363901,0.8666666666666666
5.0,1.0,20.0,128.0,0.8605531295487626,0.8666666666666666
8.0,0.0,1.0,2.0,0.9403202328966522,0.8952380952380953
8.0,0.0,1.0,3.0,0.9417758369723435,0.8926406926406927
8.0,0.0,1.0,5.0,0.9406113537117904,0.8917748917748918
8.0,0.0,1.0,8.0,0.9379912663755459,0.89004329004329
8.0,0.0,1.0,12.0,0.9359534206695779,0.890909090909091
8.0,0.0,1.0,20.0,0.9342066957787483,0.8891774891774892
8.0,0.0,1.0,32.0,0.9278020378457059,0.8857142857142858
8.0,0.0,1.0,50.0,0.9213973799126638,0.8848484848484848
8.0,0.0,1.0,80.0,0.9126637554585152,0.8770562770562771
8.0,0.0,1.0,128.0,0.9027656477438137,0.8658008658008658
8.0,0.0,3.0,2.0,0.9344978165938865,0.8874458874458874
8.0,0.0,3.0,3.0,0.9344978165938865,0.8874458874458874
8.0,0.0,3.0,5.0,0.9344978165938865,0.8874458874458874
8.0,0.0,3.0,8.0,0.9356622998544395,0.89004329004329
8.0,0.0,3.0,12.0,0.9318777292576419,0.89004329004329
8.0,0.0,3.0,20.0,0.9315866084425035,0.890909090909091
8.0,0.0,3.0,32.0,0.9257641921397379,0.8874458874458874
8.0,0.0,3.0,50.0,0.9208151382823871,0.8857142857142858
8.0,0.0,3.0,80.0,0.9117903930131005,0.8761904761904763
8.0,0.0,3.0,128.0,0.9016011644832606,0.8623376623376624
8.0,0.0,5.0,2.0,0.9312954876273654,0.8865800865800866
8.0,0.0,5.0,3.0,0.9312954876273654,0.8865800865800866
8.0,0.0,5.0,5.0,0.9312954876273654,0.8865800865800866
8.0,0.0,5.0,8.0,0.9312954876273654,0.8865800865800866
8.0,0.0,5.0,12.0,0.9301310043668123,0.8891774891774892
8.0,0.0,5.0,20.0,0.9295487627365357,0.8865800865800866
8.0,0.0,5.0,32.0,0.9240174672489083,0.8857142857142858
8.0,0.0,5.0,50.0,0.9202328966521106,0.8753246753246753
8.0,0.0,5.0,80.0,0.9106259097525473,0.8779220779220779
8.0,0.0,5.0,128.0,0.9010189228529839,0.8623376623376624
8.0,0.0,7.0,2.0,0.9272197962154294,0.883982683982684
8.0,0.0,7.0,3.0,0.9272197962154294,0.883982683982684
8.0,0.0,7.0,5.0,0.9272197962154294,0.883982683982684
8.0,0.0,7.0,8.0,0.9272197962154294,0.883982683982684
8.0,0.0,7.0,12.0,0.9272197962154294,0.883982683982684
8.0,0.0,7.0,20.0,0.9260553129548763,0.8874458874458874
8.0,0.0,7.0,32.0,0.9234352256186318,0.8865800865800866
8.0,0.0,7.0,50.0,0.9199417758369723,0.8770562770562771
8.0,0.0,7.0,80.0,0.9091703056768559,0.8744588744588745
8.0,0.0,7.0,128.0,0.8998544395924309,0.8614718614718615
8.0,0.0,9.0,2.0,0.9254730713245998,0.8831168831168832
8.0,0.0,9.0,3.0,0.9254730713245998,0.8831168831168832
8.0,0.0,9.0,5.0,0.9254730713245998,0.8831168831168832
8.0,0.0,9.0,8.0,0.9254730713245998,0.8831168831168832
8.0,0.0,9.0,12.0,0.9254730713245998,0.8831168831168832
8.0,0.0,9.0,20.0,0.9254730713245998,0.8848484848484848
8.0,0.0,9.0,32.0,0.9222707423580786,0.8848484848484848
8.0,0.0,9.0,50.0,0.9199417758369723,0.8779220779220779
8.0,0.0,9.0,80.0,0.9091703056768559,0.8718614718614719
8.0,0.0,9.0,128.0,0.8989810771470161,0.8597402597402597
8.0,0.0,11.0,2.0,0.9222707423580786,0.8813852813852814
8.0,0.0,11.0,3.0,0.9222707423580786,0.8813852813852814
8.0,0.0,11.0,5.0,0.9222707423580786,0.8813852813852814
8.0,0.0,11.0,8.0,0.9222707423580786,0.8813852813852814
8.0,0.0,11.0,12.0,0.9222707423580786,0.8813852813852814
8.0,0.0,11.0,20.0,0.9222707423580786,0.8813852813852814
8.0,0.0,11.0,32.0,0.921688500727802,0.8779220779220779
8.0,0.0,11.0,50.0,0.9193595342066958,0.8779220779220779
8.0,0.0,11.0,80.0,0.9074235807860263,0.870995670995671
8.0,0.0,11.0,128.0,0.897816593886463,0.8588744588744589
8.0,0.0,13.0,2.0,0.9213973799126638,0.8787878787878789
8.0,0.0,13.0,3.0,0.9213973799126638,0.8787878787878789
8.0,0.0,13.0,5.0,0.9213973799126638,0.8787878787878789
8.0,0.0,13.0,8.0,0.9213973799126638,0.8787878787878789
8.0,0.0,13.0,12.0,0.9213973799126638,0.8787878787878789
8.0,0.0,13.0,20.0,0.9213973799126638,0.8787878787878789
8.0,0.0,13.0,32.0,0.9211062590975254,0.8796536796536797
8.0,0.0,13.0,50.0,0.9176128093158662,0.870995670995671
8.0,0.0,13.0,80.0,0.9071324599708879,0.8692640692640692
8.0,0.0,13.0,128.0,0.8969432314410481,0.8580086580086579
8.0,0.0,15.0,2.0,0.9213973799126638,0.8779220779220779
8.0,0.0,15.0,3.0,0.9213973799126638,0.8779220779220779
8.0,0.0,15.0,5.0,0.9213973799126638,0.8779220779220779
8.0,0.0,15.0,8.0,0.9213973799126638,0.8779220779220779
8.0,0.0,15.0,12.0,0.9213973799126638,0.8779220779220779
8.0,0.0,15.0,20.0,0.9213973799126638,0.8779220779220779
8.0,0.0,15.0,32.0,0.9202328966521106,0.8779220779220779
8.0,0.0,15.0,50.0,0.9173216885007278,0.8727272727272727
8.0,0.0,15.0,80.0,0.9065502183406113,0.8683982683982684
8.0,0.0,15.0,128.0,0.8963609898107714,0.8588744588744589
8.0,0.0,17.0,2.0,0.9190684133915574,0.8735930735930737
8.0,0.0,17.0,3.0,0.9190684133915574,0.8735930735930737
8.0,0.0,17.0,5.0,0.9190684133915574,0.8735930735930737
8.0,0.0,17.0,8.0,0.9190684133915574,0.8735930735930737
8.0,0.0,17.0,12.0,0.9190684133915574,0.8735930735930737
8.0,0.0,17.0,20.0,0.9190684133915574,0.8735930735930737
8.0,0.0,17.0,32.0,0.9190684133915574,0.8735930735930737
8.0,0.0,17.0,50.0,0.9147016011644833,0.8701298701298701
8.0,0.0,17.0,80.0,0.9059679767103347,0.8666666666666666
8.0,0.0,17.0,128.0,0.8960698689956331,0.8580086580086579
8.0,0.0,20.0,2.0,0.9152838427947598,0.8675324675324674
8.0,0.0,20.0,3.0,0.9152838427947598,0.8675324675324674
8.0,0.0,20.0,5.0,0.9152838427947598,0.8675324675324674
8.0,0.0,20.0,8.0,0.9152838427947598,0.8675324675324674
8.0,0.0,20.0,12.0,0.9152838427947598,0.8675324675324674
8.0,0.0,20.0,20.0,0.9152838427947598,0.8675324675324674
8.0,0.0,20.0,32.0,0.9152838427947598,0.8675324675324674
8.0,0.0,20.0,50.0,0.9114992721979622,0.8666666666666666
8.0,0.0,20.0,80.0,0.9036390101892285,0.8666666666666666
8.0,0.0,20.0,128.0,0.893740902474527,0.8562770562770563
8.0,0.11111111,1.0,2.0,0.9403202328966522,0.8952380952380953
8.0,0.11111111,1.0,3.0,0.9417758369723435,0.8926406926406927
8.0,0.11111111,1.0,5.0,0.9406113537117904,0.8917748917748918
8.0,0.11111111,1.0,8.0,0.9379912663755459,0.89004329004329
8.0,0.11111111,1.0,12.0,0.9359534206695779,0.890909090909091
8.0,0.11111111,1.0,20.0,0.9342066957787483,0.8891774891774892
8.0,0.11111111,1.0,32.0,0.9278020378457059,0.8857142857142858
8.0,0.11111111,1.0,50.0,0.9213973799126638,0.8848484848484848
8.0,0.11111111,1.0,80.0,0.9126637554585152,0.8770562770562771
8.0,0.11111111,1.0,128.0,0.9027656477438137,0.8658008658008658
8.0,0.11111111,3.0,2.0,0.9344978165938865,0.8874458874458874
8.0,0.11111111,3.0,3.0,0.9344978165938865,0.8874458874458874
8.0,0.11111111,3.0,5.0,0.9344978165938865,0.8874458874458874
8.0,0.11111111,3.0,8.0,0.9356622998544395,0.89004329004329
8.0,0.11111111,3.0,12.0,0.9318777292576419,0.89004329004329
8.0,0.11111111,3.0,20.0,0.9315866084425035,0.890909090909091
8.0,0.11111111,3.0,32.0,0.9257641921397379,0.8874458874458874
8.0,0.11111111,3.0,50.0,0.9208151382823871,0.8857142857142858
8.0,0.11111111,3.0,80.0,0.9117903930131005,0.8761904761904763
8.0,0.11111111,3.0,128.0,0.9016011644832606,0.8623376623376624
8.0,0.11111111,5.0,2.0,0.9312954876273654,0.8865800865800866
8.0,0.11111111,5.0,3.0,0.9312954876273654,0.8865800865800866
8.0,0.11111111,5.0,5.0,0.9312954876273654,0.8865800865800866
8.0,0.11111111,5.0,8.0,0.9312954876273654,0.8865800865800866
8.0,0.11111111,5.0,12.0,0.9301310043668123,0.8891774891774892
8.0,0.11111111,5.0,20.0,0.9295487627365357,0.8865800865800866
8.0,0.11111111,5.0,32.0,0.9240174672489083,0.8857142857142858
8.0,0.11111111,5.0,50.0,0.9202328966521106,0.8753246753246753
8.0,0.11111111,5.0,80.0,0.9106259097525473,0.8779220779220779
8.0,0.11111111,5.0,128.0,0.9010189228529839,0.8623376623376624
8.0,0.11111111,7.0,2.0,0.9272197962154294,0.883982683982684
8.0,0.11111111,7.0,3.0,0.9272197962154294,0.883982683982684
8.0,0.11111111,7.0,5.0,0.9272197962154294,0.883982683982684
8.0,0.11111111,7.0,8.0,0.9272197962154294,0.883982683982684
8.0,0.11111111,7.0,12.0,0.9272197962154294,0.883982683982684
8.0,0.11111111,7.0,20.0,0.9260553129548763,0.8874458874458874
8.0,0.11111111,7.0,32.0,0.9234352256186318,0.8865800865800866
8.0,0.11111111,7.0,50.0,0.9199417758369723,0.8770562770562771
8.0,0.11111111,7.0,80.0,0.9091703056768559,0.8744588744588745
8.0,0.11111111,7.0,128.0,0.8998544395924309,0.8614718614718615
8.0,0.11111111,9.0,2.0,0.9254730713245998,0.8831168831168832
8.0,0.11111111,9.0,3.0,0.9254730713245998,0.8831168831168832
8.0,0.11111111,9.0,5.0,0.9254730713245998,0.8831168831168832
8.0,0.11111111,9.0,8.0,0.9254730713245998,0.8831168831168832
8.0,0.11111111,9.0,12.0,0.9254730713245998,0.8831168831168832
8.0,0.11111111,9.0,20.0,0.9254730713245998,0.8848484848484848
8.0,0.11111111,9.0,32.0,0.9222707423580786,0.8848484848484848
8.0,0.11111111,9.0,50.0,0.9199417758369723,0.8779220779220779
8.0,0.11111111,9.0,80.0,0.9091703056768559,0.8718614718614719
8.0,0.11111111,9.0,128.0,0.8989810771470161,0.8597402597402597
8.0,0.11111111,11.0,2.0,0.9222707423580786,0.8813852813852814
8.0,0.11111111,11.0,3.0,0.9222707423580786,0.8813852813852814
8.0,0.11111111,11.0,5.0,0.9222707423580786,0.8813852813852814
8.0,0.11111111,11.0,8.0,0.9222707423580786,0.8813852813852814
8.0,0.11111111,11.0,12.0,0.9222707423580786,0.8813852813852814
8.0,0.11111111,11.0,20.0,0.9222707423580786,0.8813852813852814
8.0,0.11111111,11.0,32.0,0.921688500727802,0.8779220779220779
8.0,0.11111111,11.0,50.0,0.9193595342066958,0.8779220779220779
8.0,0.11111111,11.0,80.0,0.9074235807860263,0.870995670995671
8.0,0.11111111,11.0,128.0,0.897816593886463,0.8588744588744589
8.0,0.11111111,13.0,2.0,0.9213973799126638,0.8787878787878789
8.0,0.11111111,13.0,3.0,0.9213973799126638,0.8787878787878789
8.0,0.11111111,13.0,5.0,0.9213973799126638,0.8787878787878789
8.0,0.11111111,13.0,8.0,0.9213973799126638,0.8787878787878789
8.0,0.11111111,13.0,12.0,0.9213973799126638,0.8787878787878789
8.0,0.11111111,13.0,20.0,0.9213973799126638,0.8787878787878789
8.0,0.11111111,13.0,32.0,0.9211062590975254,0.8796536796536797
8.0,0.11111111,13.0,50.0,0.9176128093158662,0.870995670995671
8.0,0.11111111,13.0,80.0,0.9071324599708879,0.8692640692640692
8.0,0.11111111,13.0,128.0,0.8969432314410481,0.8580086580086579
8.0,0.11111111,15.0,2.0,0.9213973799126638,0.8779220779220779
8.0,0.11111111,15.0,3.0,0.9213973799126638,0.8779220779220779
8.0,0.11111111,15.0,5.0,0.9213973799126638,0.8779220779220779
8.0,0.11111111,15.0,8.0,0.9213973799126638,0.8779220779220779
8.0,0.11111111,15.0,12.0,0.9213973799126638,0.8779220779220779
8.0,0.11111111,15.0,20.0,0.9213973799126638,0.8779220779220779
8.0,0.11111111,15.0,32.0,0.9202328966521106,0.8779220779220779
8.0,0.11111111,15.0,50.0,0.9173216885007278,0.8727272727272727
8.0,0.11111111,15.0,80.0,0.9065502183406113,0.8683982683982684
8.0,0.11111111,15.0,128.0,0.8963609898107714,0.8588744588744589
8.0,0.11111111,17.0,2.0,0.9190684133915574,0.8735930735930737
8.0,0.11111111,17.0,3.0,0.9190684133915574,0.8735930735930737
8.0,0.11111111,17.0,5.0,0.9190684133915574,0.8735930735930737
8.0,0.11111111,17.0,8.0,0.9190684133915574,0.8735930735930737
8.0,0.11111111,17.0,12.0,0.9190684133915574,0.8735930735930737
8.0,0.11111111,17.0,20.0,0.9190684133915574,0.8735930735930737
8.0,0.11111111,17.0,32.0,0.9190684133915574,0.8735930735930737
8.0,0.11111111,17.0,50.0,0.9147016011644833,0.8701298701298701
8.0,0.11111111,17.0,80.0,0.9059679767103347,0.8666666666666666
8.0,0.11111111,17.0,128.0,0.8960698689956331,0.8580086580086579
8.0,0.11111111,20.0,2.0,0.9152838427947598,0.8675324675324674
8.0,0.11111111,20.0,3.0,0.9152838427947598,0.8675324675324674
8.0,0.11111111,20.0,5.0,0.9152838427947598,0.8675324675324674
8.0,0.11111111,20.0,8.0,0.9152838427947598,0.8675324675324674
8.0,0.11111111,20.0,12.0,0.9152838427947598,0.8675324675324674
8.0,0.11111111,20.0,20.0,0.9152838427947598,0.8675324675324674
8.0,0.11111111,20.0,32.0,0.9152838427947598,0.8675324675324674
8.0,0.11111111,20.0,50.0,0.9114992721979622,0.8666666666666666
8.0,0.11111111,20.0,80.0,0.9036390101892285,0.8666666666666666
8.0,0.11111111,20.0,128.0,0.893740902474527,0.8562770562770563
8.0,0.22222222,1.0,2.0,0.9429403202328966,0.9134199134199135
8.0,0.22222222,1.0,3.0,0.9417758369723435,0.9142857142857143
8.0,0.22222222,1.0,5.0,0.9400291120815139,0.9125541125541126
8.0,0.22222222,1.0,8.0,0.9400291120815139,0.9082251082251082
8.0,0.22222222,1.0,12.0,0.9385735080058224,0.9116883116883117
8.0,0.22222222,1.0,20.0,0.9350800582241631,0.9082251082251082
8.0,0.22222222,1.0,32.0,0.9327510917030567,0.903896103896104
8.0,0.22222222,1.0,50.0,0.9275109170305675,0.8987012987012987
8.0,0.22222222,1.0,80.0,0.919650655021834,0.8926406926406927
8.0,0.22222222,1.0,128.0,0.9091703056768559,0.8761904761904763
8.0,0.22222222,3.0,2.0,0.939155749636099,0.90995670995671
8.0,0.22222222,3.0,3.0,0.939155749636099,0.90995670995671
8.0,0.22222222,3.0,5.0,0.939155749636099,0.90995670995671
8.0,0.22222222,3.0,8.0,0.9379912663755459,0.9073593073593074
8.0,0.22222222,3.0,12.0,0.9374090247452693,0.9073593073593074
8.0,0.22222222,3.0,20.0,0.9353711790393013,0.9064935064935066
8.0,0.22222222,3.0,32.0,0.9318777292576419,0.8987012987012987
8.0,0.22222222,3.0,50.0,0.9266375545851527,0.8987012987012987
8.0,0.22222222,3.0,80.0,0.918486171761281,0.8917748917748918
8.0,0.22222222,3.0,128.0,0.9085880640465793,0.8770562770562771
8.0,0.22222222,5.0,2.0,0.9362445414847163,0.9047619047619048
8.0,0.22222222,5.0,3.0,0.9362445414847163,0.9047619047619048
8.0,0.22222222,5.0,5.0,0.9362445414847163,0.9047619047619048
8.0,0.22222222,5.0,8.0,0.9362445414847163,0.9047619047619048
8.0,0.22222222,5.0,12.0,0.9347889374090247,0.9030303030303031
8.0,0.22222222,5.0,20.0,0.9336244541484715,0.9012987012987013
8.0,0.22222222,5.0,32.0,0.9310043668122271,0.8987012987012987
8.0,0.22222222,5.0,50.0,0.9263464337700146,0.8987012987012987
8.0,0.22222222,5.0,80.0,0.9176128093158662,0.890909090909091
8.0,0.22222222,5.0,128.0,0.9082969432314411,0.8744588744588745
8.0,0.22222222,7.0,2.0,0.9324599708879185,0.9021645021645022
8.0,0.22222222,7.0,3.0,0.9324599708879185,0.9021645021645022
8.0,0.22222222,7.0,5.0,0.9324599708879185,0.9021645021645022
8.0,0.22222222,7.0,8.0,0.9324599708879185,0.9021645021645022
8.0,0.22222222,7.0,12.0,0.9324599708879185,0.9021645021645022
8.0,0.22222222,7.0,20.0,0.9310043668122271,0.8995670995670995
8.0,0.22222222,7.0,32.0,0.9298398835516739,0.8978354978354979
8.0,0.22222222,7.0,50.0,0.9237263464337699,0.8969696969696969
8.0,0.22222222,7.0,80.0,0.918486171761281,0.8891774891774892
8.0,0.22222222,7.0,128.0,0.9068413391557497,0.8761904761904763
8.0,0.22222222,9.0,2.0,0.9310043668122271,0.8961038961038961
8.0,0.22222222,9.0,3.0,0.9310043668122271,0.8961038961038961
8.0,0.22222222,9.0,5.0,0.9310043668122271,0.8961038961038961
8.0,0.22222222,9.0,8.0,0.9310043668122271,0.8961038961038961
8.0,0.22222222,9.0,12.0,0.9310043668122271,0.8961038961038961
8.0,0.22222222,9.0,20.0,0.9295487627365357,0.8952380952380953
8.0,0.22222222,9.0,32.0,0.9280931586608443,0.8987012987012987
8.0,0.22222222,9.0,50.0,0.9243085880640466,0.8961038961038961
8.0,0.22222222,9.0,80.0,0.9179039301310044,0.8874458874458874
8.0,0.22222222,9.0,128.0,0.9059679767103347,0.8761904761904763
8.0,0.22222222,11.0,2.0,0.9289665211062591,0.8926406926406927
8.0,0.22222222,11.0,3.0,0.9289665211062591,0.8926406926406927
8.0,0.22222222,11.0,5.0,0.9289665211062591,0.8926406926406927
8.0,0.22222222,11.0,8.0,0.9289665211062591,0.8926406926406927
8.0,0.22222222,11.0,12.0,0.9289665211062591,0.8926406926406927
8.0,0.22222222,11.0,20.0,0.9289665211062591,0.8926406926406927
8.0,0.22222222,11.0,32.0,0.9272197962154294,0.8969696969696969
8.0,0.22222222,11.0,50.0,0.9237263464337699,0.8926406926406927
8.0,0.22222222,11.0,80.0,0.9170305676855894,0.8865800865800866
8.0,0.22222222,11.0,128.0,0.9048034934497817,0.8718614718614719
8.0,0.22222222,13.0,2.0,0.9280931586608443,0.8969696969696969
8.0,0.22222222,13.0,3.0,0.9280931586608443,0.8969696969696969
8.0,0.22222222,13.0,5.0,0.9280931586608443,0.8969696969696969
8.0,0.22222222,13.0,8.0,0.9280931586608443,0.8969696969696969
8.0,0.22222222,13.0,12.0,0.9280931586608443,0.8969696969696969
8.0,0.22222222,13.0,20.0,0.9280931586608443,0.8969696969696969
8.0,0.22222222,13.0,32.0,0.9280931586608443,0.8952380952380953
8.0,0.22222222,13.0,50.0,0.9234352256186318,0.8926406926406927
8.0,0.22222222,13.0,80.0,0.9161572052401746,0.8848484848484848
8.0,0.22222222,13.0,128.0,0.9042212518195051,0.8727272727272727
8.0,0.22222222,15.0,2.0,0.9269286754002911,0.8961038961038961
8.0,0.22222222,15.0,3.0,0.9269286754002911,0.8961038961038961
8.0,0.22222222,15.0,5.0,0.9269286754002911,0.8961038961038961
8.0,0.22222222,15.0,8.0,0.9269286754002911,0.8961038961038961
8.0,0.22222222,15.0,12.0,0.9269286754002911,0.8961038961038961
8.0,0.22222222,15.0,20.0,0.9269286754002911,0.8961038961038961
8.0,0.22222222,15.0,32.0,0.9266375545851527,0.8952380952380953
8.0,0.22222222,15.0,50.0,0.922561863173217,0.89004329004329
8.0,0.22222222,15.0,80.0,0.916448326055313,0.8857142857142858
8.0,0.22222222,15.0,128.0,0.9024745269286754,0.8701298701298701
8.0,0.22222222,17.0,2.0,0.9243085880640466,0.8917748917748918
8.0,0.22222222,17.0,3.0,0.9243085880640466,0.8917748917748918
8.0,0.22222222,17.0,5.0,0.9243085880640466,0.8917748917748918
8.0,0.22222222,17.0,8.0,0.9243085880640466,0.8917748917748918
8.0,0.22222222,17.0,12.0,0.9243085880640466,0.8917748917748918
8.0,0.22222222,17.0,20.0,0.9243085880640466,0.8917748917748918
8.0,0.22222222,17.0,32.0,0.9243085880640466,0.8917748917748918
8.0,0.22222222,17.0,50.0,0.9211062590975254,0.8917748917748918
8.0,0.22222222,17.0,80.0,0.9155749636098982,0.8831168831168832
8.0,0.22222222,17.0,128.0,0.9013100436681223,0.870995670995671
8.0,0.22222222,20.0,2.0,0.9228529839883551,0.89004329004329
8.0,0.22222222,20.0,3.0,0.9228529839883551,0.89004329004329
8.0,0.22222222,20.0,5.0,0.9228529839883551,0.89004329004329
8.0,0.22222222,20.0,8.0,0.9228529839883551,0.89004329004329
8.0,0.22222222,20.0,12.0,0.9228529839883551,0.89004329004329
8.0,0.22222222,20.0,20.0,0.9228529839883551,0.89004329004329
8.0,0.22222222,20.0,32.0,0.9228529839883551,0.89004329004329
8.0,0.22222222,20.0,50.0,0.9199417758369723,0.8874458874458874
8.0,0.22222222,20.0,80.0,0.9126637554585153,0.8787878787878787
8.0,0.22222222,20.0,128.0,0.8995633187772926,0.8701298701298701
8.0,0.33333334,1.0,2.0,0.9406113537117904,0.9168831168831169
8.0,0.33333334,1.0,3.0,0.9406113537117904,0.9194805194805195
8.0,0.33333334,1.0,5.0,0.9406113537117904,0.9177489177489176
8.0,0.33333334,1.0,8.0,0.9417758369723435,0.9177489177489179
8.0,0.33333334,1.0,12.0,0.939155749636099,0.9186147186147187
8.0,0.33333334,1.0,20.0,0.9344978165938865,0.9168831168831169
8.0,0.33333334,1.0,32.0,0.9339155749636099,0.9134199134199135
8.0,0.33333334,1.0,50.0,0.9272197962154294,0.9082251082251082
8.0,0.33333334,1.0,80.0,0.9187772925764193,0.9021645021645022
8.0,0.33333334,1.0,128.0,0.914410480349345,0.890909090909091
8.0,0.33333334,3.0,2.0,0.9371179039301311,0.9177489177489179
8.0,0.33333334,3.0,3.0,0.9371179039301311,0.9177489177489179
8.0,0.33333334,3.0,5.0,0.9371179039301311,0.9177489177489179
8.0,0.33333334,3.0,8.0,0.9377001455604075,0.9168831168831169
8.0,0.33333334,3.0,12.0,0.9371179039301311,0.9186147186147187
8.0,0.33333334,3.0,20.0,0.9333333333333333,0.9160173160173161
8.0,0.33333334,3.0,32.0,0.9310043668122271,0.9090909090909092
8.0,0.33333334,3.0,50.0,0.9251819505094614,0.9064935064935066
8.0,0.33333334,3.0,80.0,0.918486171761281,0.9012987012987013
8.0,0.33333334,3.0,128.0,0.9135371179039302,0.89004329004329
8.0,0.33333334,5.0,2.0,0.9339155749636099,0.9160173160173161
8.0,0.33333334,5.0,3.0,0.9339155749636099,0.9160173160173161
8.0,0.33333334,5.0,5.0,0.9339155749636099,0.9160173160173161
8.0,0.33333334,5.0,8.0,0.9339155749636099,0.9160173160173161
8.0,0.33333334,5.0,12.0,0.9339155749636099,0.9194805194805195
8.0,0.33333334,5.0,20.0,0.9321688500727803,0.9151515151515153
8.0,0.33333334,5.0,32.0,0.9289665211062591,0.9082251082251082
8.0,0.33333334,5.0,50.0,0.9240174672489083,0.9073593073593074
8.0,0.33333334,5.0,80.0,0.9179039301310044,0.9004329004329005
8.0,0.33333334,5.0,128.0,0.912372634643377,0.89004329004329
8.0,0.33333334,7.0,2.0,0.9310043668122271,0.9151515151515153
8.0,0.33333334,7.0,3.0,0.9310043668122271,0.9151515151515153
8.0,0.33333334,7.0,5.0,0.9310043668122271,0.9151515151515153
8.0,0.33333334,7.0,8.0,0.9310043668122271,0.9151515151515153
8.0,0.33333334,7.0,12.0,0.9310043668122271,0.9151515151515153
8.0,0.33333334,7.0,20.0,0.9304221251819506,0.90995670995671
8.0,0.33333334,7.0,32.0,0.9280931586608443,0.9082251082251082
8.0,0.33333334,7.0,50.0,0.9237263464337702,0.9064935064935066
8.0,0.33333334,7.0,80.0,0.918486171761281,0.8995670995670995
8.0,0.33333334,7.0,128.0,0.9120815138282387,0.89004329004329
8.0,0.33333334,9.0,2.0,0.9307132459970887,0.9090909090909092
8.0,0.33333334,9.0,3.0,0.9307132459970887,0.9090909090909092
8.0,0.33333334,9.0,5.0,0.9307132459970887,0.9090909090909092
8.0,0.33333334,9.0,8.0,0.9307132459970887,0.9090909090909092
8.0,0.33333334,9.0,12.0,0.9307132459970887,0.9090909090909092
8.0,0.33333334,9.0,20.0,0.9304221251819506,0.90995670995671
8.0,0.33333334,9.0,32.0,0.9260553129548763,0.9073593073593074
8.0,0.33333334,9.0,50.0,0.9234352256186318,0.9056277056277056
8.0,0.33333334,9.0,80.0,0.917612809315866,0.8987012987012987
8.0,0.33333334,9.0,128.0,0.910334788937409,0.89004329004329
8.0,0.33333334,11.0,2.0,0.928675400291121,0.90995670995671
8.0,0.33333334,11.0,3.0,0.928675400291121,0.90995670995671
8.0,0.33333334,11.0,5.0,0.928675400291121,0.90995670995671
8.0,0.33333334,11.0,8.0,0.928675400291121,0.90995670995671
8.0,0.33333334,11.0,12.0,0.928675400291121,0.90995670995671
8.0,0.33333334,11.0,20.0,0.928675400291121,0.90995670995671
8.0,0.33333334,11.0,32.0,0.9266375545851527,0.9082251082251082
8.0,0.33333334,11.0,50.0,0.9234352256186318,0.9021645021645022
8.0,0.33333334,11.0,80.0,0.9161572052401746,0.8978354978354979
8.0,0.33333334,11.0,128.0,0.9094614264919942,0.89004329004329
8.0,0.33333334,13.0,2.0,0.9289665211062591,0.9056277056277058
8.0,0.33333334,13.0,3.0,0.9289665211062591,0.9056277056277058
8.0,0.33333334,13.0,5.0,0.9289665211062591,0.9056277056277058
8.0,0.33333334,13.0,8.0,0.9289665211062591,0.9056277056277058
8.0,0.33333334,13.0,12.0,0.9289665211062591,0.9056277056277058
8.0,0.33333334,13.0,20.0,0.9289665211062591,0.9056277056277058
8.0,0.33333334,13.0,32.0,0.9254730713245998,0.903896103896104
8.0,0.33333334,13.0,50.0,0.9228529839883551,0.903896103896104
8.0,0.33333334,13.0,80.0,0.9161572052401746,0.8969696969696971
8.0,0.33333334,13.0,128.0,0.9085880640465793,0.8883116883116884
8.0,0.33333334,15.0,2.0,0.9257641921397379,0.903896103896104
8.0,0.33333334,15.0,3.0,0.9257641921397379,0.903896103896104
8.0,0.33333334,15.0,5.0,0.9257641921397379,0.903896103896104
8.0,0.33333334,15.0,8.0,0.9257641921397379,0.903896103896104
8.0,0.33333334,15.0,12.0,0.9257641921397379,0.903896103896104
8.0,0.33333334,15.0,20.0,0.9257641921397379,0.903896103896104
8.0,0.33333334,15.0,32.0,0.9251819505094614,0.9047619047619048
8.0,0.33333334,15.0,50.0,0.9225618631732168,0.9021645021645022
8.0,0.33333334,15.0,80.0,0.9152838427947598,0.8926406926406927
8.0,0.33333334,15.0,128.0,0.9062590975254731,0.8848484848484848
8.0,0.33333334,17.0,2.0,0.9248908296943231,0.903896103896104
8.0,0.33333334,17.0,3.0,0.9248908296943231,0.903896103896104
8.0,0.33333334,17.0,5.0,0.9248908296943231,0.903896103896104
8.0,0.33333334,17.0,8.0,0.9248908296943231,0.903896103896104
8.0,0.33333334,17.0,12.0,0.9248908296943231,0.903896103896104
8.0,0.33333334,17.0,20.0,0.9248908296943231,0.903896103896104
8.0,0.33333334,17.0,32.0,0.9248908296943231,0.903896103896104
8.0,0.33333334,17.0,50.0,0.921688500727802,0.9012987012987013
8.0,0.33333334,17.0,80.0,0.9158660844250364,0.8926406926406927
8.0,0.33333334,17.0,128.0,0.9048034934497817,0.8813852813852814
8.0,0.33333334,20.0,2.0,0.9225618631732168,0.9004329004329005
8.0,0.33333334,20.0,3.0,0.9225618631732168,0.9004329004329005
8.0,0.33333334,20.0,5.0,0.9225618631732168,0.9004329004329005
8.0,0.33333334,20.0,8.0,0.9225618631732168,0.9004329004329005
8.0,0.33333334,20.0,12.0,0.9225618631732168,0.9004329004329005
8.0,0.33333334,20.0,20.0,0.9225618631732168,0.9004329004329005
8.0,0.33333334,20.0,32.0,0.9225618631732168,0.9004329004329005
8.0,0.33333334,20.0,50.0,0.9196506550218342,0.8969696969696969
8.0,0.33333334,20.0,80.0,0.9126637554585153,0.890909090909091
8.0,0.33333334,20.0,128.0,0.9039301310043669,0.8796536796536796
8.0,0.44444445,1.0,2.0,0.9406113537117904,0.9168831168831169
8.0,0.44444445,1.0,3.0,0.9406113537117904,0.9194805194805195
8.0,0.44444445,1.0,5.0,0.9406113537117904,0.9177489177489176
8.0,0.44444445,1.0,8.0,0.9417758369723435,0.9177489177489179
8.0,0.44444445,1.0,12.0,0.939155749636099,0.9186147186147187
8.0,0.44444445,1.0,20.0,0.9344978165938865,0.9168831168831169
8.0,0.44444445,1.0,32.0,0.9339155749636099,0.9134199134199135
8.0,0.44444445,1.0,50.0,0.9272197962154294,0.9082251082251082
8.0,0.44444445,1.0,80.0,0.9187772925764193,0.9021645021645022
8.0,0.44444445,1.0,128.0,0.914410480349345,0.890909090909091
8.0,0.44444445,3.0,2.0,0.9371179039301311,0.9177489177489179
8.0,0.44444445,3.0,3.0,0.9371179039301311,0.9177489177489179
8.0,0.44444445,3.0,5.0,0.9371179039301311,0.9177489177489179
8.0,0.44444445,3.0,8.0,0.9377001455604075,0.9168831168831169
8.0,0.44444445,3.0,12.0,0.9371179039301311,0.9186147186147187
8.0,0.44444445,3.0,20.0,0.9333333333333333,0.9160173160173161
8.0,0.44444445,3.0,32.0,0.9310043668122271,0.9090909090909092
8.0,0.44444445,3.0,50.0,0.9251819505094614,0.9064935064935066
8.0,0.44444445,3.0,80.0,0.918486171761281,0.9012987012987013
8.0,0.44444445,3.0,128.0,0.9135371179039302,0.89004329004329
8.0,0.44444445,5.0,2.0,0.9339155749636099,0.9160173160173161
8.0,0.44444445,5.0,3.0,0.9339155749636099,0.9160173160173161
8.0,0.44444445,5.0,5.0,0.9339155749636099,0.9160173160173161
8.0,0.44444445,5.0,8.0,0.9339155749636099,0.9160173160173161
8.0,0.44444445,5.0,12.0,0.9339155749636099,0.9194805194805195
8.0,0.44444445,5.0,20.0,0.9321688500727803,0.9151515151515153
8.0,0.44444445,5.0,32.0,0.9289665211062591,0.9082251082251082
8.0,0.44444445,5.0,50.0,0.9240174672489083,0.9073593073593074
8.0,0.44444445,5.0,80.0,0.9179039301310044,0.9004329004329005
8.0,0.44444445,5.0,128.0,0.912372634643377,0.89004329004329
8.0,0.44444445,7.0,2.0,0.9310043668122271,0.9151515151515153
8.0,0.44444445,7.0,3.0,0.9310043668122271,0.9151515151515153
8.0,0.44444445,7.0,5.0,0.9310043668122271,0.9151515151515153
8.0,0.44444445,7.0,8.0,0.9310043668122271,0.9151515151515153
8.0,0.44444445,7.0,12.0,0.9310043668122271,0.9151515151515153
8.0,0.44444445,7.0,20.0,0.9304221251819506,0.90995670995671
8.0,0.44444445,7.0,32.0,0.9280931586608443,0.9082251082251082
8.0,0.44444445,7.0,50.0,0.9237263464337702,0.9064935064935066
8.0,0.44444445,7.0,80.0,0.918486171761281,0.8995670995670995
8.0,0.44444445,7.0,128.0,0.9120815138282387,0.89004329004329
8.0,0.44444445,9.0,2.0,0.9307132459970887,0.9090909090909092
8.0,0.44444445,9.0,3.0,0.9307132459970887,0.9090909090909092
8.0,0.44444445,9.0,5.0,0.9307132459970887,0.9090909090909092
8.0,0.44444445,9.0,8.0,0.9307132459970887,0.9090909090909092
8.0,0.44444445,9.0,12.0,0.9307132459970887,0.9090909090909092
8.0,0.44444445,9.0,20.0,0.9304221251819506,0.90995670995671
8.0,0.44444445,9.0,32.0,0.9260553129548763,0.9073593073593074
8.0,0.44444445,9.0,50.0,0.9234352256186318,0.9056277056277056
8.0,0.44444445,9.0,80.0,0.917612809315866,0.8987012987012987
8.0,0.44444445,9.0,128.0,0.910334788937409,0.89004329004329
8.0,0.44444445,11.0,2.0,0.928675400291121,0.90995670995671
8.0,0.44444445,11.0,3.0,0.928675400291121,0.90995670995671
8.0,0.44444445,11.0,5.0,0.928675400291121,0.90995670995671
8.0,0.44444445,11.0,8.0,0.928675400291121,0.90995670995671
8.0,0.44444445,11.0,12.0,0.928675400291121,0.90995670995671
8.0,0.44444445,11.0,20.0,0.928675400291121,0.90995670995671
8.0,0.44444445,11.0,32.0,0.9266375545851527,0.9082251082251082
8.0,0.44444445,11.0,50.0,0.9234352256186318,0.9021645021645022
8.0,0.44444445,11.0,80.0,0.9161572052401746,0.8978354978354979
8.0,0.44444445,11.0,128.0,0.9094614264919942,0.89004329004329
8.0,0.44444445,13.0,2.0,0.9289665211062591,0.9056277056277058
8.0,0.44444445,13.0,3.0,0.9289665211062591,0.9056277056277058
8.0,0.44444445,13.0,5.0,0.9289665211062591,0.9056277056277058
8.0,0.44444445,13.0,8.0,0.9289665211062591,0.9056277056277058
8.0,0.44444445,13.0,12.0,0.9289665211062591,0.9056277056277058
8.0,0.44444445,13.0,20.0,0.9289665211062591,0.9056277056277058
8.0,0.44444445,13.0,32.0,0.9254730713245998,0.903896103896104
8.0,0.44444445,13.0,50.0,0.9228529839883551,0.903896103896104
8.0,0.44444445,13.0,80.0,0.9161572052401746,0.8969696969696971
8.0,0.44444445,13.0,128.0,0.9085880640465793,0.8883116883116884
8.0,0.44444445,15.0,2.0,0.9257641921397379,0.903896103896104
8.0,0.44444445,15.0,3.0,0.9257641921397379,0.903896103896104
8.0,0.44444445,15.0,5.0,0.9257641921397379,0.903896103896104
8.0,0.44444445,15.0,8.0,0.9257641921397379,0.903896103896104
8.0,0.44444445,15.0,12.0,0.9257641921397379,0.903896103896104
8.0,0.44444445,15.0,20.0,0.9257641921397379,0.903896103896104
8.0,0.44444445,15.0,32.0,0.9251819505094614,0.9047619047619048
8.0,0.44444445,15.0,50.0,0.9225618631732168,0.9021645021645022
8.0,0.44444445,15.0,80.0,0.9152838427947598,0.8926406926406927
8.0,0.44444445,15.0,128.0,0.9062590975254731,0.8848484848484848
8.0,0.44444445,17.0,2.0,0.9248908296943231,0.903896103896104
8.0,0.44444445,17.0,3.0,0.9248908296943231,0.903896103896104
8.0,0.44444445,17.0,5.0,0.9248908296943231,0.903896103896104
8.0,0.44444445,17.0,8.0,0.9248908296943231,0.903896103896104
8.0,0.44444445,17.0,12.0,0.9248908296943231,0.903896103896104
8.0,0.44444445,17.0,20.0,0.9248908296943231,0.903896103896104
8.0,0.44444445,17.0,32.0,0.9248908296943231,0.903896103896104
8.0,0.44444445,17.0,50.0,0.921688500727802,0.9012987012987013
8.0,0.44444445,17.0,80.0,0.9158660844250364,0.8926406926406927
8.0,0.44444445,17.0,128.0,0.9048034934497817,0.8813852813852814
8.0,0.44444445,20.0,2.0,0.9225618631732168,0.9004329004329005
8.0,0.44444445,20.0,3.0,0.9225618631732168,0.9004329004329005
8.0,0.44444445,20.0,5.0,0.9225618631732168,0.9004329004329005
8.0,0.44444445,20.0,8.0,0.9225618631732168,0.9004329004329005
8.0,0.44444445,20.0,12.0,0.9225618631732168,0.9004329004329005
8.0,0.44444445,20.0,20.0,0.9225618631732168,0.9004329004329005
8.0,0.44444445,20.0,32.0,0.9225618631732168,0.9004329004329005
8.0,0.44444445,20.0,50.0,0.9196506550218342,0.8969696969696969
8.0,0.44444445,20.0,80.0,0.9126637554585153,0.890909090909091
8.0,0.44444445,20.0,128.0,0.9039301310043669,0.8796536796536796
8.0,0.5555556,1.0,2.0,0.9429403202328966,0.9255411255411256
8.0,0.5555556,1.0,3.0,0.9438136826783114,0.9255411255411256
8.0,0.5555556,1.0,5.0,0.9432314410480348,0.9264069264069263
8.0,0.5555556,1.0,8.0,0.9429403202328966,0.9264069264069263
8.0,0.5555556,1.0,12.0,0.9409024745269287,0.9255411255411256
8.0,0.5555556,1.0,20.0,0.9371179039301311,0.9255411255411256
8.0,0.5555556,1.0,32.0,0.9350800582241631,0.922943722943723
8.0,0.5555556,1.0,50.0,0.9304221251819506,0.9203463203463202
8.0,0.5555556,1.0,80.0,0.9228529839883551,0.9160173160173161
8.0,0.5555556,1.0,128.0,0.9190684133915574,0.909090909090909
8.0,0.5555556,3.0,2.0,0.9409024745269287,0.9246753246753248
8.0,0.5555556,3.0,3.0,0.9409024745269287,0.9246753246753248
8.0,0.5555556,3.0,5.0,0.9409024745269287,0.9246753246753248
8.0,0.5555556,3.0,8.0,0.941193595342067,0.9238095238095239
8.0,0.5555556,3.0,12.0,0.9379912663755459,0.9255411255411256
8.0,0.5555556,3.0,20.0,0.9356622998544395,0.9255411255411256
8.0,0.5555556,3.0,32.0,0.9327510917030567,0.922943722943723
8.0,0.5555556,3.0,50.0,0.9295487627365357,0.9186147186147187
8.0,0.5555556,3.0,80.0,0.9202328966521106,0.9160173160173161
8.0,0.5555556,3.0,128.0,0.9190684133915574,0.909090909090909
8.0,0.5555556,5.0,2.0,0.9377001455604075,0.9238095238095239
8.0,0.5555556,5.0,3.0,0.9377001455604075,0.9238095238095239
8.0,0.5555556,5.0,5.0,0.9377001455604075,0.9238095238095239
8.0,0.5555556,5.0,8.0,0.9377001455604075,0.9238095238095239
8.0,0.5555556,5.0,12.0,0.9368267831149927,0.9246753246753248
8.0,0.5555556,5.0,20.0,0.9353711790393013,0.9238095238095239
8.0,0.5555556,5.0,32.0,0.9312954876273654,0.922077922077922
8.0,0.5555556,5.0,50.0,0.9272197962154294,0.9177489177489176
8.0,0.5555556,5.0,80.0,0.9211062590975254,0.9142857142857143
8.0,0.5555556,5.0,128.0,0.9181950509461426,0.9082251082251082
8.0,0.5555556,7.0,2.0,0.9333333333333333,0.9238095238095239
8.0,0.5555556,7.0,3.0,0.9333333333333333,0.9238095238095239
8.0,0.5555556,7.0,5.0,0.9333333333333333,0.9238095238095239
8.0,0.5555556,7.0,8.0,0.9333333333333333,0.9238095238095239
8.0,0.5555556,7.0,12.0,0.9333333333333333,0.9238095238095239
8.0,0.5555556,7.0,20.0,0.9318777292576419,0.9238095238095239
8.0,0.5555556,7.0,32.0,0.928675400291121,0.9203463203463202
8.0,0.5555556,7.0,50.0,0.9269286754002911,0.9168831168831169
8.0,0.5555556,7.0,80.0,0.920524017467249,0.9125541125541126
8.0,0.5555556,7.0,128.0,0.918486171761281,0.9047619047619048
8.0,0.5555556,9.0,2.0,0.9327510917030567,0.9212121212121213
8.0,0.5555556,9.0,3.0,0.9327510917030567,0.9212121212121213
8.0,0.5555556,9.0,5.0,0.9327510917030567,0.9212121212121213
8.0,0.5555556,9.0,8.0,0.9327510917030567,0.9212121212121213
8.0,0.5555556,9.0,12.0,0.9327510917030567,0.9212121212121213
8.0,0.5555556,9.0,20.0,0.9324599708879184,0.922077922077922
8.0,0.5555556,9.0,32.0,0.9278020378457059,0.9212121212121213
8.0,0.5555556,9.0,50.0,0.9240174672489083,0.9177489177489179
8.0,0.5555556,9.0,80.0,0.9202328966521106,0.90995670995671
8.0,0.5555556,9.0,128.0,0.9170305676855894,0.9030303030303031
8.0,0.5555556,11.0,2.0,0.9310043668122271,0.922943722943723
8.0,0.5555556,11.0,3.0,0.9310043668122271,0.922943722943723
8.0,0.5555556,11.0,5.0,0.9310043668122271,0.922943722943723
8.0,0.5555556,11.0,8.0,0.9310043668122271,0.922943722943723
8.0,0.5555556,11.0,12.0,0.9310043668122271,0.922943722943723
8.0,0.5555556,11.0,20.0,0.9310043668122271,0.922943722943723
8.0,0.5555556,11.0,32.0,0.9269286754002911,0.9203463203463202
8.0,0.5555556,11.0,50.0,0.9234352256186318,0.9160173160173161
8.0,0.5555556,11.0,80.0,0.9193595342066958,0.9090909090909092
8.0,0.5555556,11.0,128.0,0.9167394468704512,0.9021645021645022
8.0,0.5555556,13.0,2.0,0.9278020378457061,0.9194805194805195
8.0,0.5555556,13.0,3.0,0.9278020378457061,0.9194805194805195
8.0,0.5555556,13.0,5.0,0.9278020378457061,0.9194805194805195
8.0,0.5555556,13.0,8.0,0.9278020378457061,0.9194805194805195
8.0,0.5555556,13.0,12.0,0.9278020378457061,0.9194805194805195
8.0,0.5555556,13.0,20.0,0.9278020378457061,0.9194805194805195
8.0,0.5555556,13.0,32.0,0.9269286754002911,0.9194805194805195
8.0,0.5555556,13.0,50.0,0.9234352256186318,0.9160173160173161
8.0,0.5555556,13.0,80.0,0.918486171761281,0.9064935064935066
8.0,0.5555556,13.0,128.0,0.9135371179039302,0.8995670995670995
8.0,0.5555556,15.0,2.0,0.9278020378457059,0.9134199134199135
8.0,0.5555556,15.0,3.0,0.9278020378457059,0.9134199134199135
8.0,0.5555556,15.0,5.0,0.9278020378457059,0.9134199134199135
8.0,0.5555556,15.0,8.0,0.9278020378457059,0.9134199134199135
8.0,0.5555556,15.0,12.0,0.9278020378457059,0.9134199134199135
8.0,0.5555556,15.0,20.0,0.9278020378457059,0.9134199134199135
8.0,0.5555556,15.0,32.0,0.9269286754002911,0.9160173160173161
8.0,0.5555556,15.0,50.0,0.921688500727802,0.9134199134199135
8.0,0.5555556,15.0,80.0,0.9193595342066958,0.9073593073593074
8.0,0.5555556,15.0,128.0,0.912372634643377,0.8995670995670995
8.0,0.5555556,17.0,2.0,0.9260553129548763,0.9116883116883117
8.0,0.5555556,17.0,3.0,0.9260553129548763,0.9116883116883117
8.0,0.5555556,17.0,5.0,0.9260553129548763,0.9116883116883117
8.0,0.5555556,17.0,8.0,0.9260553129548763,0.9116883116883117
8.0,0.5555556,17.0,12.0,0.9260553129548763,0.9116883116883117
8.0,0.5555556,17.0,20.0,0.9260553129548763,0.9116883116883117
8.0,0.5555556,17.0,32.0,0.9260553129548763,0.9116883116883117
8.0,0.5555556,17.0,50.0,0.9213973799126638,0.9108225108225108
8.0,0.5555556,17.0,80.0,0.9193595342066958,0.9073593073593074
8.0,0.5555556,17.0,128.0,0.9117903930131004,0.8987012987012987
8.0,0.5555556,20.0,2.0,0.9240174672489083,0.90995670995671
8.0,0.5555556,20.0,3.0,0.9240174672489083,0.90995670995671
8.0,0.5555556,20.0,5.0,0.9240174672489083,0.90995670995671
8.0,0.5555556,20.0,8.0,0.9240174672489083,0.90995670995671
8.0,0.5555556,20.0,12.0,0.9240174672489083,0.90995670995671
8.0,0.5555556,20.0,20.0,0.9240174672489083,0.90995670995671
8.0,0.5555556,20.0,32.0,0.9240174672489083,0.90995670995671
8.0,0.5555556,20.0,50.0,0.920524017467249,0.909090909090909
8.0,0.5555556,20.0,80.0,0.9161572052401746,0.9064935064935066
8.0,0.5555556,20.0,128.0,0.9091703056768559,0.8978354978354979
8.0,0.6666667,1.0,2.0,0.944395924308588,0.9272727272727274
8.0,0.6666667,1.0,3.0,0.9446870451237264,0.9281385281385282
8.0,0.6666667,1.0,5.0,0.9446870451237264,0.9290043290043289
8.0,0.6666667,1.0,8.0,0.9426491994177584,0.9272727272727274
8.0,0.6666667,1.0,12.0,0.9417758369723435,0.9264069264069263
8.0,0.6666667,1.0,20.0,0.9379912663755459,0.9272727272727274
8.0,0.6666667,1.0,32.0,0.9333333333333333,0.9272727272727274
8.0,0.6666667,1.0,50.0,0.9304221251819506,0.922943722943723
8.0,0.6666667,1.0,80.0,0.9222707423580786,0.922077922077922
8.0,0.6666667,1.0,128.0,0.918486171761281,0.90995670995671
8.0,0.6666667,3.0,2.0,0.94235807860262,0.9272727272727274
8.0,0.6666667,3.0,3.0,0.94235807860262,0.9272727272727274
8.0,0.6666667,3.0,5.0,0.94235807860262,0.9272727272727274
8.0,0.6666667,3.0,8.0,0.9414847161572052,0.9281385281385282
8.0,0.6666667,3.0,12.0,0.9397379912663755,0.9281385281385282
8.0,0.6666667,3.0,20.0,0.9356622998544395,0.9290043290043289
8.0,0.6666667,3.0,32.0,0.9327510917030567,0.9246753246753248
8.0,0.6666667,3.0,50.0,0.9280931586608443,0.922077922077922
8.0,0.6666667,3.0,80.0,0.9228529839883551,0.9212121212121211
8.0,0.6666667,3.0,128.0,0.9181950509461426,0.9116883116883117
8.0,0.6666667,5.0,2.0,0.9362445414847163,0.9272727272727274
8.0,0.6666667,5.0,3.0,0.9362445414847163,0.9272727272727274
8.0,0.6666667,5.0,5.0,0.9362445414847163,0.9272727272727274
8.0,0.6666667,5.0,8.0,0.9362445414847163,0.9272727272727274
8.0,0.6666667,5.0,12.0,0.9344978165938864,0.9272727272727274
8.0,0.6666667,5.0,20.0,0.9333333333333333,0.9281385281385282
8.0,0.6666667,5.0,32.0,0.9310043668122271,0.9246753246753248
8.0,0.6666667,5.0,50.0,0.9280931586608443,0.9194805194805195
8.0,0.6666667,5.0,80.0,0.9211062590975254,0.922077922077922
8.0,0.6666667,5.0,128.0,0.917612809315866,0.90995670995671
8.0,0.6666667,7.0,2.0,0.9350800582241631,0.9264069264069263
8.0,0.6666667,7.0,3.0,0.9350800582241631,0.9264069264069263
8.0,0.6666667,7.0,5.0,0.9350800582241631,0.9264069264069263
8.0,0.6666667,7.0,8.0,0.9350800582241631,0.9264069264069263
8.0,0.6666667,7.0,12.0,0.9350800582241631,0.9264069264069263
8.0,0.6666667,7.0,20.0,0.9321688500727803,0.9255411255411256
8.0,0.6666667,7.0,32.0,0.9289665211062591,0.9238095238095239
8.0,0.6666667,7.0,50.0,0.9272197962154294,0.9203463203463202
8.0,0.6666667,7.0,80.0,0.9219796215429403,0.9194805194805195
8.0,0.6666667,7.0,128.0,0.916448326055313,0.9090909090909092
8.0,0.6666667,9.0,2.0,0.9307132459970887,0.9264069264069263
8.0,0.6666667,9.0,3.0,0.9307132459970887,0.9264069264069263
8.0,0.6666667,9.0,5.0,0.9307132459970887,0.9264069264069263
8.0,0.6666667,9.0,8.0,0.9307132459970887,0.9264069264069263
8.0,0.6666667,9.0,12.0,0.9307132459970887,0.9264069264069263
8.0,0.6666667,9.0,20.0,0.9298398835516739,0.9255411255411256
8.0,0.6666667,9.0,32.0,0.9283842794759826,0.922943722943723
8.0,0.6666667,9.0,50.0,0.9263464337700146,0.9194805194805195
8.0,0.6666667,9.0,80.0,0.921688500727802,0.9186147186147187
8.0,0.6666667,9.0,128.0,0.916448326055313,0.9082251082251082
8.0,0.6666667,11.0,2.0,0.9310043668122271,0.9203463203463202
8.0,0.6666667,11.0,3.0,0.9310043668122271,0.9203463203463202
8.0,0.6666667,11.0,5.0,0.9310043668122271,0.9203463203463202
8.0,0.6666667,11.0,8.0,0.9310043668122271,0.9203463203463202
8.0,0.6666667,11.0,12.0,0.9310043668122271,0.9203463203463202
8.0,0.6666667,11.0,20.0,0.9310043668122271,0.9203463203463202
8.0,0.6666667,11.0,32.0,0.9280931586608443,0.9212121212121213
8.0,0.6666667,11.0,50.0,0.9254730713245998,0.9194805194805195
8.0,0.6666667,11.0,80.0,0.9216885007278022,0.9151515151515153
8.0,0.6666667,11.0,128.0,0.9170305676855894,0.9064935064935066
8.0,0.6666667,13.0,2.0,0.9289665211062591,0.922943722943723
8.0,0.6666667,13.0,3.0,0.9289665211062591,0.922943722943723
8.0,0.6666667,13.0,5.0,0.9289665211062591,0.922943722943723
8.0,0.6666667,13.0,8.0,0.9289665211062591,0.922943722943723
8.0,0.6666667,13.0,12.0,0.9289665211062591,0.922943722943723
8.0,0.6666667,13.0,20.0,0.9289665211062591,0.922943722943723
8.0,0.6666667,13.0,32.0,0.9289665211062591,0.9186147186147187
8.0,0.6666667,13.0,50.0,0.9248908296943231,0.9194805194805195
8.0,0.6666667,13.0,80.0,0.920524017467249,0.9108225108225108
8.0,0.6666667,13.0,128.0,0.9158660844250364,0.9056277056277056
8.0,0.6666667,15.0,2.0,0.9286754002911207,0.9160173160173161
8.0,0.6666667,15.0,3.0,0.9286754002911207,0.9160173160173161
8.0,0.6666667,15.0,5.0,0.9286754002911207,0.9160173160173161
8.0,0.6666667,15.0,8.0,0.9286754002911207,0.9160173160173161
8.0,0.6666667,15.0,12.0,0.9286754002911207,0.9160173160173161
8.0,0.6666667,15.0,20.0,0.9286754002911207,0.9160173160173161
8.0,0.6666667,15.0,32.0,0.9286754002911207,0.9160173160173161
8.0,0.6666667,15.0,50.0,0.9234352256186318,0.9151515151515153
8.0,0.6666667,15.0,80.0,0.9196506550218342,0.9090909090909092
8.0,0.6666667,15.0,128.0,0.9149927219796214,0.9021645021645022
8.0,0.6666667,17.0,2.0,0.9283842794759826,0.9125541125541126
8.0,0.6666667,17.0,3.0,0.9283842794759826,0.9125541125541126
8.0,0.6666667,17.0,5.0,0.9283842794759826,0.9125541125541126
8.0,0.6666667,17.0,8.0,0.9283842794759826,0.9125541125541126
8.0,0.6666667,17.0,12.0,0.9283842794759826,0.9125541125541126
8.0,0.6666667,17.0,20.0,0.9283842794759826,0.9125541125541126
8.0,0.6666667,17.0,32.0,0.9283842794759826,0.9125541125541126
8.0,0.6666667,17.0,50.0,0.9225618631732168,0.9116883116883117
8.0,0.6666667,17.0,80.0,0.918486171761281,0.9082251082251082
8.0,0.6666667,17.0,128.0,0.9120815138282387,0.9021645021645022
8.0,0.6666667,20.0,2.0,0.9251819505094614,0.90995670995671
8.0,0.6666667,20.0,3.0,0.9251819505094614,0.90995670995671
8.0,0.6666667,20.0,5.0,0.9251819505094614,0.90995670995671
8.0,0.6666667,20.0,8.0,0.9251819505094614,0.90995670995671
8.0,0.6666667,20.0,12.0,0.9251819505094614,0.90995670995671
8.0,0.6666667,20.0,20.0,0.9251819505094614,0.90995670995671
8.0,0.6666667,20.0,32.0,0.9251819505094614,0.90995670995671
8.0,0.6666667,20.0,50.0,0.9219796215429403,0.9082251082251082
8.0,0.6666667,20.0,80.0,0.9179039301310044,0.9073593073593074
8.0,0.6666667,20.0,128.0,0.9100436681222707,0.8987012987012987
8.0,0.7777778,1.0,2.0,0.9478893740902474,0.9272727272727274
8.0,0.7777778,1.0,3.0,0.9473071324599708,0.9281385281385282
8.0,0.7777778,1.0,5.0,0.946433770014556,0.9272727272727274
8.0,0.7777778,1.0,8.0,0.945269286754003,0.92987012987013
8.0,0.7777778,1.0,12.0,0.9441048034934498,0.9290043290043289
8.0,0.7777778,1.0,20.0,0.939155749636099,0.9307359307359307
8.0,0.7777778,1.0,32.0,0.9353711790393013,0.92987012987013
8.0,0.7777778,1.0,50.0,0.9330422125181951,0.9264069264069263
8.0,0.7777778,1.0,80.0,0.928675400291121,0.9281385281385282
8.0,0.7777778,1.0,128.0,0.9193595342066958,0.922943722943723
8.0,0.7777778,3.0,2.0,0.9435225618631732,0.92987012987013
8.0,0.7777778,3.0,3.0,0.9435225618631732,0.92987012987013
8.0,0.7777778,3.0,5.0,0.9435225618631732,0.92987012987013
8.0,0.7777778,3.0,8.0,0.94235807860262,0.92987012987013
8.0,0.7777778,3.0,12.0,0.9417758369723435,0.92987012987013
8.0,0.7777778,3.0,20.0,0.9362445414847163,0.9316017316017315
8.0,0.7777778,3.0,32.0,0.9336244541484715,0.92987012987013
8.0,0.7777778,3.0,50.0,0.9321688500727803,0.9264069264069263
8.0,0.7777778,3.0,80.0,0.9263464337700146,0.9281385281385282
8.0,0.7777778,3.0,128.0,0.9190684133915574,0.922943722943723
8.0,0.7777778,5.0,2.0,0.9394468704512372,0.92987012987013
8.0,0.7777778,5.0,3.0,0.9394468704512372,0.92987012987013
8.0,0.7777778,5.0,5.0,0.9394468704512372,0.92987012987013
8.0,0.7777778,5.0,8.0,0.9394468704512372,0.92987012987013
8.0,0.7777778,5.0,12.0,0.9403202328966522,0.9264069264069263
8.0,0.7777778,5.0,20.0,0.9350800582241631,0.9281385281385282
8.0,0.7777778,5.0,32.0,0.9330422125181951,0.9264069264069263
8.0,0.7777778,5.0,50.0,0.9301310043668123,0.9272727272727274
8.0,0.7777778,5.0,80.0,0.9257641921397379,0.9246753246753248
8.0,0.7777778,5.0,128.0,0.9187772925764192,0.9212121212121213
8.0,0.7777778,7.0,2.0,0.9365356622998544,0.9290043290043289
8.0,0.7777778,7.0,3.0,0.9365356622998544,0.9290043290043289
8.0,0.7777778,7.0,5.0,0.9365356622998544,0.9290043290043289
8.0,0.7777778,7.0,8.0,0.9365356622998544,0.9290043290043289
8.0,0.7777778,7.0,12.0,0.9365356622998544,0.9290043290043289
8.0,0.7777778,7.0,20.0,0.9347889374090247,0.9290043290043289
8.0,0.7777778,7.0,32.0,0.9312954876273654,0.9238095238095239
8.0,0.7777778,7.0,50.0,0.9286754002911207,0.9255411255411256
8.0,0.7777778,7.0,80.0,0.9243085880640466,0.9264069264069263
8.0,0.7777778,7.0,128.0,0.9179039301310044,0.922077922077922
8.0,0.7777778,9.0,2.0,0.9353711790393013,0.9272727272727274
8.0,0.7777778,9.0,3.0,0.9353711790393013,0.9272727272727274
8.0,0.7777778,9.0,5.0,0.9353711790393013,0.9272727272727274
8.0,0.7777778,9.0,8.0,0.9353711790393013,0.9272727272727274
8.0,0.7777778,9.0,12.0,0.9353711790393013,0.9272727272727274
8.0,0.7777778,9.0,20.0,0.9344978165938865,0.9264069264069263
8.0,0.7777778,9.0,32.0,0.9318777292576419,0.9255411255411256
8.0,0.7777778,9.0,50.0,0.9286754002911207,0.9272727272727274
8.0,0.7777778,9.0,80.0,0.924599708879185,0.9264069264069263
8.0,0.7777778,9.0,128.0,0.9181950509461426,0.9212121212121213
8.0,0.7777778,11.0,2.0,0.9318777292576419,0.9246753246753248
8.0,0.7777778,11.0,3.0,0.9318777292576419,0.9246753246753248
8.0,0.7777778,11.0,5.0,0.9318777292576419,0.9246753246753248
8.0,0.7777778,11.0,8.0,0.9318777292576419,0.9246753246753248
8.0,0.7777778,11.0,12.0,0.9318777292576419,0.9246753246753248
8.0,0.7777778,11.0,20.0,0.9318777292576419,0.9246753246753248
8.0,0.7777778,11.0,32.0,0.9292576419213974,0.9246753246753248
8.0,0.7777778,11.0,50.0,0.9275109170305675,0.9272727272727274
8.0,0.7777778,11.0,80.0,0.9237263464337699,0.9238095238095237
8.0,0.7777778,11.0,128.0,0.917612809315866,0.922077922077922
8.0,0.7777778,13.0,2.0,0.9307132459970887,0.9272727272727274
8.0,0.7777778,13.0,3.0,0.9307132459970887,0.9272727272727274
8.0,0.7777778,13.0,5.0,0.9307132459970887,0.9272727272727274
8.0,0.7777778,13.0,8.0,0.9307132459970887,0.9272727272727274
8.0,0.7777778,13.0,12.0,0.9307132459970887,0.9272727272727274
8.0,0.7777778,13.0,20.0,0.9307132459970887,0.9272727272727274
8.0,0.7777778,13.0,32.0,0.9301310043668123,0.9246753246753248
8.0,0.7777778,13.0,50.0,0.9248908296943231,0.9264069264069263
8.0,0.7777778,13.0,80.0,0.9222707423580786,0.922943722943723
8.0,0.7777778,13.0,128.0,0.9167394468704512,0.9203463203463202
8.0,0.7777778,15.0,2.0,0.9312954876273654,0.922077922077922
8.0,0.7777778,15.0,3.0,0.9312954876273654,0.922077922077922
8.0,0.7777778,15.0,5.0,0.9312954876273654,0.922077922077922
8.0,0.7777778,15.0,8.0,0.9312954876273654,0.922077922077922
8.0,0.7777778,15.0,12.0,0.9312954876273654,0.922077922077922
8.0,0.7777778,15.0,20.0,0.9312954876273654,0.922077922077922
8.0,0.7777778,15.0,32.0,0.9307132459970887,0.9212121212121213
8.0,0.7777778,15.0,50.0,0.9234352256186318,0.922077922077922
8.0,0.7777778,15.0,80.0,0.920524017467249,0.9212121212121213
8.0,0.7777778,15.0,128.0,0.9161572052401746,0.9194805194805195
8.0,0.7777778,17.0,2.0,0.9295487627365355,0.9168831168831169
8.0,0.7777778,17.0,3.0,0.9295487627365355,0.9168831168831169
8.0,0.7777778,17.0,5.0,0.9295487627365355,0.9168831168831169
8.0,0.7777778,17.0,8.0,0.9295487627365355,0.9168831168831169
8.0,0.7777778,17.0,12.0,0.9295487627365355,0.9168831168831169
8.0,0.7777778,17.0,20.0,0.9295487627365355,0.9168831168831169
8.0,0.7777778,17.0,32.0,0.9295487627365355,0.9168831168831169
8.0,0.7777778,17.0,50.0,0.9234352256186318,0.9186147186147187
8.0,0.7777778,17.0,80.0,0.9190684133915574,0.9168831168831169
8.0,0.7777778,17.0,128.0,0.9129548762736535,0.9160173160173161
8.0,0.7777778,20.0,2.0,0.9275109170305675,0.9160173160173161
8.0,0.7777778,20.0,3.0,0.9275109170305675,0.9160173160173161
8.0,0.7777778,20.0,5.0,0.9275109170305675,0.9160173160173161
8.0,0.7777778,20.0,8.0,0.9275109170305675,0.9160173160173161
8.0,0.7777778,20.0,12.0,0.9275109170305675,0.9160173160173161
8.0,0.7777778,20.0,20.0,0.9275109170305675,0.9160173160173161
8.0,0.7777778,20.0,32.0,0.9275109170305675,0.9160173160173161
8.0,0.7777778,20.0,50.0,0.9234352256186318,0.9168831168831169
8.0,0.7777778,20.0,80.0,0.9179039301310044,0.9134199134199135
8.0,0.7777778,20.0,128.0,0.9132459970887918,0.9160173160173161
8.0,0.8888889,1.0,2.0,0.9490538573508006,0.92987012987013
8.0,0.8888889,1.0,3.0,0.9481804949053858,0.92987012987013
8.0,0.8888889,1.0,5.0,0.9487627365356623,0.9264069264069263
8.0,0.8888889,1.0,8.0,0.9481804949053858,0.9272727272727274
8.0,0.8888889,1.0,12.0,0.945269286754003,0.9281385281385282
8.0,0.8888889,1.0,20.0,0.9397379912663755,0.9264069264069263
8.0,0.8888889,1.0,32.0,0.9362445414847163,0.9272727272727274
8.0,0.8888889,1.0,50.0,0.9330422125181951,0.9264069264069263
8.0,0.8888889,1.0,80.0,0.9272197962154294,0.9255411255411256
8.0,0.8888889,1.0,128.0,0.9199417758369723,0.9246753246753248
8.0,0.8888889,3.0,2.0,0.9449781659388646,0.9290043290043289
8.0,0.8888889,3.0,3.0,0.9449781659388646,0.9290043290043289
8.0,0.8888889,3.0,5.0,0.9449781659388646,0.9290043290043289
8.0,0.8888889,3.0,8.0,0.945269286754003,0.9281385281385282
8.0,0.8888889,3.0,12.0,0.9429403202328966,0.9272727272727274
8.0,0.8888889,3.0,20.0,0.9388646288209607,0.9264069264069263
8.0,0.8888889,3.0,32.0,0.9362445414847163,0.9281385281385282
8.0,0.8888889,3.0,50.0,0.9327510917030567,0.9281385281385282
8.0,0.8888889,3.0,80.0,0.9260553129548763,0.9246753246753248
8.0,0.8888889,3.0,128.0,0.9196506550218342,0.9255411255411256
8.0,0.8888889,5.0,2.0,0.940320232896652,0.9255411255411256
8.0,0.8888889,5.0,3.0,0.940320232896652,0.9255411255411256
8.0,0.8888889,5.0,5.0,0.940320232896652,0.9255411255411256
8.0,0.8888889,5.0,8.0,0.940320232896652,0.9255411255411256
8.0,0.8888889,5.0,12.0,0.9409024745269287,0.9246753246753248
8.0,0.8888889,5.0,20.0,0.9362445414847163,0.9264069264069263
8.0,0.8888889,5.0,32.0,0.9359534206695779,0.9255411255411256
8.0,0.8888889,5.0,50.0,0.9312954876273654,0.9255411255411256
8.0,0.8888889,5.0,80.0,0.9248908296943231,0.922077922077922
8.0,0.8888889,5.0,128.0,0.918486171761281,0.9246753246753248
8.0,0.8888889,7.0,2.0,0.9382823871906842,0.9264069264069263
8.0,0.8888889,7.0,3.0,0.9382823871906842,0.9264069264069263
8.0,0.8888889,7.0,5.0,0.9382823871906842,0.9264069264069263
8.0,0.8888889,7.0,8.0,0.9382823871906842,0.9264069264069263
8.0,0.8888889,7.0,12.0,0.9382823871906842,0.9264069264069263
8.0,0.8888889,7.0,20.0,0.9362445414847163,0.9264069264069263
8.0,0.8888889,7.0,32.0,0.9330422125181951,0.9272727272727274
8.0,0.8888889,7.0,50.0,0.9292576419213974,0.9264069264069263
8.0,0.8888889,7.0,80.0,0.9231441048034934,0.9203463203463202
8.0,0.8888889,7.0,128.0,0.9173216885007278,0.9246753246753248
8.0,0.8888889,9.0,2.0,0.9362445414847163,0.9255411255411256
8.0,0.8888889,9.0,3.0,0.9362445414847163,0.9255411255411256
8.0,0.8888889,9.0,5.0,0.9362445414847163,0.9255411255411256
8.0,0.8888889,9.0,8.0,0.9362445414847163,0.9255411255411256
8.0,0.8888889,9.0,12.0,0.9362445414847163,0.9255411255411256
8.0,0.8888889,9.0,20.0,0.9359534206695779,0.9264069264069263
8.0,0.8888889,9.0,32.0,0.9327510917030567,0.9255411255411256
8.0,0.8888889,9.0,50.0,0.9278020378457059,0.9246753246753248
8.0,0.8888889,9.0,80.0,0.9237263464337699,0.922077922077922
8.0,0.8888889,9.0,128.0,0.9179039301310044,0.9246753246753248
8.0,0.8888889,11.0,2.0,0.9330422125181951,0.9290043290043289
8.0,0.8888889,11.0,3.0,0.9330422125181951,0.9290043290043289
8.0,0.8888889,11.0,5.0,0.9330422125181951,0.9290043290043289
8.0,0.8888889,11.0,8.0,0.9330422125181951,0.9290043290043289
8.0,0.8888889,11.0,12.0,0.9330422125181951,0.9290043290043289
8.0,0.8888889,11.0,20.0,0.9330422125181951,0.9290043290043289
8.0,0.8888889,11.0,32.0,0.9315866084425035,0.9264069264069263
8.0,0.8888889,11.0,50.0,0.9269286754002911,0.9272727272727274
8.0,0.8888889,11.0,80.0,0.9211062590975254,0.9255411255411256
8.0,0.8888889,11.0,128.0,0.9170305676855894,0.9255411255411256
8.0,0.8888889,13.0,2.0,0.9315866084425035,0.9272727272727274
8.0,0.8888889,13.0,3.0,0.9315866084425035,0.9272727272727274
8.0,0.8888889,13.0,5.0,0.9315866084425035,0.9272727272727274
8.0,0.8888889,13.0,8.0,0.9315866084425035,0.9272727272727274
8.0,0.8888889,13.0,12.0,0.9315866084425035,0.9272727272727274
8.0,0.8888889,13.0,20.0,0.9315866084425035,0.9272727272727274
8.0,0.8888889,13.0,32.0,0.9298398835516739,0.9272727272727274
8.0,0.8888889,13.0,50.0,0.9251819505094614,0.9255411255411256
8.0,0.8888889,13.0,80.0,0.9193595342066958,0.922077922077922
8.0,0.8888889,13.0,128.0,0.914410480349345,0.9246753246753248
8.0,0.8888889,15.0,2.0,0.9307132459970887,0.9255411255411256
8.0,0.8888889,15.0,3.0,0.9307132459970887,0.9255411255411256
8.0,0.8888889,15.0,5.0,0.9307132459970887,0.9255411255411256
8.0,0.8888889,15.0,8.0,0.9307132459970887,0.9255411255411256
8.0,0.8888889,15.0,12.0,0.9307132459970887,0.9255411255411256
8.0,0.8888889,15.0,20.0,0.9307132459970887,0.9255411255411256
8.0,0.8888889,15.0,32.0,0.9310043668122271,0.9264069264069263
8.0,0.8888889,15.0,50.0,0.9243085880640466,0.9281385281385282
8.0,0.8888889,15.0,80.0,0.9176128093158662,0.9246753246753248
8.0,0.8888889,15.0,128.0,0.9129548762736535,0.9264069264069263
8.0,0.8888889,17.0,2.0,0.9295487627365355,0.922077922077922
8.0,0.8888889,17.0,3.0,0.9295487627365355,0.922077922077922
8.0,0.8888889,17.0,5.0,0.9295487627365355,0.922077922077922
8.0,0.8888889,17.0,8.0,0.9295487627365355,0.922077922077922
8.0,0.8888889,17.0,12.0,0.9295487627365355,0.922077922077922
8.0,0.8888889,17.0,20.0,0.9295487627365355,0.922077922077922
8.0,0.8888889,17.0,32.0,0.9295487627365355,0.922077922077922
8.0,0.8888889,17.0,50.0,0.9237263464337699,0.9238095238095237
8.0,0.8888889,17.0,80.0,0.917612809315866,0.9212121212121213
8.0,0.8888889,17.0,128.0,0.912372634643377,0.9246753246753248
8.0,0.8888889,20.0,2.0,0.9269286754002911,0.9186147186147187
8.0,0.8888889,20.0,3.0,0.9269286754002911,0.9186147186147187
8.0,0.8888889,20.0,5.0,0.9269286754002911,0.9186147186147187
8.0,0.8888889,20.0,8.0,0.9269286754002911,0.9186147186147187
8.0,0.8888889,20.0,12.0,0.9269286754002911,0.9186147186147187
8.0,0.8888889,20.0,20.0,0.9269286754002911,0.9186147186147187
8.0,0.8888889,20.0,32.0,0.9269286754002911,0.9186147186147187
8.0,0.8888889,20.0,50.0,0.9231441048034934,0.9194805194805195
8.0,0.8888889,20.0,80.0,0.918486171761281,0.922077922077922
8.0,0.8888889,20.0,128.0,0.9106259097525473,0.9203463203463202
8.0,1.0,1.0,2.0,0.9516739446870451,0.9255411255411256
8.0,1.0,1.0,3.0,0.9513828238719068,0.9255411255411256
8.0,1.0,1.0,5.0,0.9516739446870451,0.922943722943723
8.0,1.0,1.0,8.0,0.9496360989810771,0.922943722943723
8.0,1.0,1.0,12.0,0.9475982532751092,0.922943722943723
8.0,1.0,1.0,20.0,0.9420669577874818,0.9203463203463202
8.0,1.0,1.0,32.0,0.9371179039301311,0.9203463203463205
8.0,1.0,1.0,50.0,0.9318777292576419,0.9212121212121213
8.0,1.0,1.0,80.0,0.9222707423580786,0.9168831168831169
8.0,1.0,1.0,128.0,0.916448326055313,0.9151515151515153
8.0,1.0,3.0,2.0,0.9475982532751092,0.922943722943723
8.0,1.0,3.0,3.0,0.9475982532751092,0.922943722943723
8.0,1.0,3.0,5.0,0.9475982532751092,0.922943722943723
8.0,1.0,3.0,8.0,0.9467248908296944,0.922077922077922
8.0,1.0,3.0,12.0,0.9458515283842794,0.922077922077922
8.0,1.0,3.0,20.0,0.9414847161572052,0.9212121212121211
8.0,1.0,3.0,32.0,0.9359534206695779,0.9203463203463205
8.0,1.0,3.0,50.0,0.9304221251819506,0.9212121212121213
8.0,1.0,3.0,80.0,0.9208151382823871,0.9168831168831169
8.0,1.0,3.0,128.0,0.9158660844250364,0.9151515151515153
8.0,1.0,5.0,2.0,0.9435225618631732,0.9212121212121211
8.0,1.0,5.0,3.0,0.9435225618631732,0.9212121212121211
8.0,1.0,5.0,5.0,0.9435225618631732,0.9212121212121211
8.0,1.0,5.0,8.0,0.9435225618631732,0.9212121212121211
8.0,1.0,5.0,12.0,0.9429403202328966,0.922077922077922
8.0,1.0,5.0,20.0,0.9371179039301311,0.9203463203463202
8.0,1.0,5.0,32.0,0.9339155749636099,0.9203463203463202
8.0,1.0,5.0,50.0,0.9289665211062591,0.9212121212121213
8.0,1.0,5.0,80.0,0.9196506550218342,0.9160173160173161
8.0,1.0,5.0,128.0,0.9161572052401746,0.9151515151515153
8.0,1.0,7.0,2.0,0.9400291120815139,0.9203463203463202
8.0,1.0,7.0,3.0,0.9400291120815139,0.9203463203463202
8.0,1.0,7.0,5.0,0.9400291120815139,0.9203463203463202
8.0,1.0,7.0,8.0,0.9400291120815139,0.9203463203463202
8.0,1.0,7.0,12.0,0.9400291120815139,0.9203463203463202
8.0,1.0,7.0,20.0,0.9374090247452692,0.9194805194805195
8.0,1.0,7.0,32.0,0.9339155749636099,0.9194805194805195
8.0,1.0,7.0,50.0,0.9278020378457059,0.9203463203463202
8.0,1.0,7.0,80.0,0.918486171761281,0.9134199134199135
8.0,1.0,7.0,128.0,0.9158660844250364,0.9134199134199135
8.0,1.0,9.0,2.0,0.9371179039301311,0.9194805194805195
8.0,1.0,9.0,3.0,0.9371179039301311,0.9194805194805195
8.0,1.0,9.0,5.0,0.9371179039301311,0.9194805194805195
8.0,1.0,9.0,8.0,0.9371179039301311,0.9194805194805195
8.0,1.0,9.0,12.0,0.9371179039301311,0.9194805194805195
8.0,1.0,9.0,20.0,0.9368267831149927,0.9203463203463202
8.0,1.0,9.0,32.0,0.9342066957787483,0.9212121212121213
8.0,1.0,9.0,50.0,0.9272197962154294,0.9212121212121213
8.0,1.0,9.0,80.0,0.918486171761281,0.9160173160173161
8.0,1.0,9.0,128.0,0.9155749636098982,0.9160173160173161
8.0,1.0,11.0,2.0,0.9347889374090247,0.9212121212121213
8.0,1.0,11.0,3.0,0.9347889374090247,0.9212121212121213
8.0,1.0,11.0,5.0,0.9347889374090247,0.9212121212121213
8.0,1.0,11.0,8.0,0.9347889374090247,0.9212121212121213
8.0,1.0,11.0,12.0,0.9347889374090247,0.9212121212121213
8.0,1.0,11.0,20.0,0.9347889374090247,0.9212121212121213
8.0,1.0,11.0,32.0,0.9321688500727803,0.9212121212121213
8.0,1.0,11.0,50.0,0.9257641921397379,0.9212121212121213
8.0,1.0,11.0,80.0,0.9179039301310044,0.9160173160173161
8.0,1.0,11.0,128.0,0.9141193595342066,0.9160173160173161
8.0,1.0,13.0,2.0,0.9353711790393013,0.9238095238095237
8.0,1.0,13.0,3.0,0.9353711790393013,0.9238095238095237
8.0,1.0,13.0,5.0,0.9353711790393013,0.9238095238095237
8.0,1.0,13.0,8.0,0.9353711790393013,0.9238095238095237
8.0,1.0,13.0,12.0,0.9353711790393013,0.9238095238095237
8.0,1.0,13.0,20.0,0.9353711790393013,0.9238095238095237
8.0,1.0,13.0,32.0,0.9324599708879185,0.9246753246753248
8.0,1.0,13.0,50.0,0.9260553129548763,0.9203463203463202
8.0,1.0,13.0,80.0,0.9161572052401746,0.9177489177489179
8.0,1.0,13.0,128.0,0.9114992721979622,0.9160173160173161
8.0,1.0,15.0,2.0,0.9310043668122271,0.9194805194805195
8.0,1.0,15.0,3.0,0.9310043668122271,0.9194805194805195
8.0,1.0,15.0,5.0,0.9310043668122271,0.9194805194805195
8.0,1.0,15.0,8.0,0.9310043668122271,0.9194805194805195
8.0,1.0,15.0,12.0,0.9310043668122271,0.9194805194805195
8.0,1.0,15.0,20.0,0.9310043668122271,0.9194805194805195
8.0,1.0,15.0,32.0,0.9312954876273654,0.9203463203463202
8.0,1.0,15.0,50.0,0.9243085880640466,0.9238095238095237
8.0,1.0,15.0,80.0,0.9147016011644833,0.9203463203463202
8.0,1.0,15.0,128.0,0.9100436681222707,0.9186147186147187
8.0,1.0,17.0,2.0,0.9289665211062591,0.9151515151515153
8.0,1.0,17.0,3.0,0.9289665211062591,0.9151515151515153
8.0,1.0,17.0,5.0,0.9289665211062591,0.9151515151515153
8.0,1.0,17.0,8.0,0.9289665211062591,0.9151515151515153
8.0,1.0,17.0,12.0,0.9289665211062591,0.9151515151515153
8.0,1.0,17.0,20.0,0.9289665211062591,0.9151515151515153
8.0,1.0,17.0,32.0,0.9289665211062591,0.9151515151515153
8.0,1.0,17.0,50.0,0.9213973799126638,0.9194805194805195
8.0,1.0,17.0,80.0,0.9135371179039302,0.9125541125541126
8.0,1.0,17.0,128.0,0.9091703056768559,0.9134199134199135
8.0,1.0,20.0,2.0,0.9240174672489083,0.9142857142857143
8.0,1.0,20.0,3.0,0.9240174672489083,0.9142857142857143
8.0,1.0,20.0,5.0,0.9240174672489083,0.9142857142857143
8.0,1.0,20.0,8.0,0.9240174672489083,0.9142857142857143
8.0,1.0,20.0,12.0,0.9240174672489083,0.9142857142857143
8.0,1.0,20.0,20.0,0.9240174672489083,0.9142857142857143
8.0,1.0,20.0,32.0,0.9240174672489083,0.9142857142857143
8.0,1.0,20.0,50.0,0.9213973799126638,0.9160173160173161
8.0,1.0,20.0,80.0,0.9129548762736535,0.9108225108225108
8.0,1.0,20.0,128.0,0.9094614264919942,0.9116883116883117
13.0,0.0,1.0,2.0,0.9714701601164484,0.9168831168831169
13.0,0.0,1.0,3.0,0.97117903930131,0.9125541125541126
13.0,0.0,1.0,5.0,0.9662299854439592,0.9142857142857143
13.0,0.0,1.0,8.0,0.9624454148471615,0.9142857142857143
13.0,0.0,1.0,12.0,0.9598253275109171,0.9125541125541126
13.0,0.0,1.0,20.0,0.9534206695778747,0.90995670995671
13.0,0.0,1.0,32.0,0.9446870451237264,0.903896103896104
13.0,0.0,1.0,50.0,0.9385735080058225,0.8961038961038961
13.0,0.0,1.0,80.0,0.9251819505094614,0.8857142857142858
13.0,0.0,1.0,128.0,0.9071324599708879,0.864935064935065
13.0,0.0,3.0,2.0,0.9592430858806404,0.9056277056277058
13.0,0.0,3.0,3.0,0.9592430858806404,0.9056277056277058
13.0,0.0,3.0,5.0,0.9592430858806404,0.9056277056277058
13.0,0.0,3.0,8.0,0.9604075691411935,0.9090909090909092
13.0,0.0,3.0,12.0,0.9545851528384279,0.9108225108225108
13.0,0.0,3.0,20.0,0.9502183406113538,0.9030303030303031
13.0,0.0,3.0,32.0,0.9417758369723435,0.9012987012987013
13.0,0.0,3.0,50.0,0.9347889374090247,0.8891774891774892
13.0,0.0,3.0,80.0,0.9234352256186318,0.8787878787878787
13.0,0.0,3.0,128.0,0.9053857350800583,0.8623376623376624
13.0,0.0,5.0,2.0,0.9519650655021834,0.9064935064935066
13.0,0.0,5.0,3.0,0.9519650655021834,0.9064935064935066
13.0,0.0,5.0,5.0,0.9519650655021834,0.9064935064935066
13.0,0.0,5.0,8.0,0.9519650655021834,0.9064935064935066
13.0,0.0,5.0,12.0,0.9508005822416303,0.9047619047619048
13.0,0.0,5.0,20.0,0.9438136826783114,0.8995670995670995
13.0,0.0,5.0,32.0,0.9394468704512373,0.8995670995670995
13.0,0.0,5.0,50.0,0.9321688500727803,0.8874458874458874
13.0,0.0,5.0,80.0,0.9211062590975254,0.8761904761904763
13.0,0.0,5.0,128.0,0.9056768558951965,0.864069264069264
13.0,0.0,7.0,2.0,0.945269286754003,0.9012987012987013
13.0,0.0,7.0,3.0,0.945269286754003,0.9012987012987013
13.0,0.0,7.0,5.0,0.945269286754003,0.9012987012987013
13.0,0.0,7.0,8.0,0.945269286754003,0.9012987012987013
13.0,0.0,7.0,12.0,0.945269286754003,0.9012987012987013
13.0,0.0,7.0,20.0,0.9414847161572052,0.8995670995670995
13.0,0.0,7.0,32.0,0.9353711790393013,0.8961038961038961
13.0,0.0,7.0,50.0,0.9298398835516739,0.8857142857142858
13.0,0.0,7.0,80.0,0.9190684133915574,0.8770562770562771
13.0,0.0,7.0,128.0,0.9042212518195051,0.8614718614718615
13.0,0.0,9.0,2.0,0.9397379912663755,0.8961038961038961
13.0,0.0,9.0,3.0,0.9397379912663755,0.8961038961038961
13.0,0.0,9.0,5.0,0.9397379912663755,0.8961038961038961
13.0,0.0,9.0,8.0,0.9397379912663755,0.8961038961038961
13.0,0.0,9.0,12.0,0.9397379912663755,0.8961038961038961
13.0,0.0,9.0,20.0,0.9388646288209607,0.8987012987012987
13.0,0.0,9.0,32.0,0.9336244541484715,0.8935064935064935
13.0,0.0,9.0,50.0,0.9263464337700146,0.8822510822510822
13.0,0.0,9.0,80.0,0.9176128093158662,0.8735930735930737
13.0,0.0,9.0,128.0,0.9016011644832606,0.8614718614718615
13.0,0.0,11.0,2.0,0.9350800582241631,0.8917748917748918
13.0,0.0,11.0,3.0,0.9350800582241631,0.8917748917748918
13.0,0.0,11.0,5.0,0.9350800582241631,0.8917748917748918
13.0,0.0,11.0,8.0,0.9350800582241631,0.8917748917748918
13.0,0.0,11.0,12.0,0.9350800582241631,0.8917748917748918
13.0,0.0,11.0,20.0,0.9350800582241631,0.8917748917748918
13.0,0.0,11.0,32.0,0.9330422125181951,0.8857142857142858
13.0,0.0,11.0,50.0,0.9260553129548763,0.8787878787878787
13.0,0.0,11.0,80.0,0.916448326055313,0.8735930735930737
13.0,0.0,11.0,128.0,0.9018922852983987,0.8588744588744589
13.0,0.0,13.0,2.0,0.9324599708879184,0.8874458874458874
13.0,0.0,13.0,3.0,0.9324599708879184,0.8874458874458874
13.0,0.0,13.0,5.0,0.9324599708879184,0.8874458874458874
13.0,0.0,13.0,8.0,0.9324599708879184,0.8874458874458874
13.0,0.0,13.0,12.0,0.9324599708879184,0.8874458874458874
13.0,0.0,13.0,20.0,0.9324599708879184,0.8874458874458874
13.0,0.0,13.0,32.0,0.9301310043668123,0.883982683982684
13.0,0.0,13.0,50.0,0.924599708879185,0.8735930735930737
13.0,0.0,13.0,80.0,0.9141193595342066,0.8727272727272727
13.0,0.0,13.0,128.0,0.8995633187772926,0.8580086580086579
13.0,0.0,15.0,2.0,0.9304221251819506,0.8813852813852814
13.0,0.0,15.0,3.0,0.9304221251819506,0.8813852813852814
13.0,0.0,15.0,5.0,0.9304221251819506,0.8813852813852814
13.0,0.0,15.0,8.0,0.9304221251819506,0.8813852813852814
13.0,0.0,15.0,12.0,0.9304221251819506,0.8813852813852814
13.0,0.0,15.0,20.0,0.9304221251819506,0.8813852813852814
13.0,0.0,15.0,32.0,0.9295487627365357,0.8796536796536797
13.0,0.0,15.0,50.0,0.922561863173217,0.8744588744588745
13.0,0.0,15.0,80.0,0.9126637554585152,0.8701298701298701
13.0,0.0,15.0,128.0,0.8986899563318778,0.8597402597402597
13.0,0.0,17.0,2.0,0.9243085880640466,0.8779220779220779
13.0,0.0,17.0,3.0,0.9243085880640466,0.8779220779220779
13.0,0.0,17.0,5.0,0.9243085880640466,0.8779220779220779
13.0,0.0,17.0,8.0,0.9243085880640466,0.8779220779220779
13.0,0.0,17.0,12.0,0.9243085880640466,0.8779220779220779
13.0,0.0,17.0,20.0,0.9243085880640466,0.8779220779220779
13.0,0.0,17.0,32.0,0.9243085880640466,0.8779220779220779
13.0,0.0,17.0,50.0,0.9225618631732168,0.8744588744588745
13.0,0.0,17.0,80.0,0.9112081513828238,0.8675324675324674
13.0,0.0,17.0,128.0,0.8981077147016011,0.8580086580086579
13.0,0.0,20.0,2.0,0.920524017467249,0.870995670995671
13.0,0.0,20.0,3.0,0.920524017467249,0.870995670995671
13.0,0.0,20.0,5.0,0.920524017467249,0.870995670995671
13.0,0.0,20.0,8.0,0.920524017467249,0.870995670995671
13.0,0.0,20.0,12.0,0.920524017467249,0.870995670995671
13.0,0.0,20.0,20.0,0.920524017467249,0.870995670995671
13.0,0.0,20.0,32.0,0.920524017467249,0.870995670995671
13.0,0.0,20.0,50.0,0.917612809315866,0.870995670995671
13.0,0.0,20.0,80.0,0.9100436681222707,0.8658008658008658
13.0,0.0,20.0,128.0,0.8946142649199418,0.8562770562770563
13.0,0.11111111,1.0,2.0,0.9714701601164484,0.9168831168831169
13.0,0.11111111,1.0,3.0,0.97117903930131,0.9125541125541126
13.0,0.11111111,1.0,5.0,0.9662299854439592,0.9142857142857143
13.0,0.11111111,1.0,8.0,0.9624454148471615,0.9142857142857143
13.0,0.11111111,1.0,12.0,0.9598253275109171,0.9125541125541126
13.0,0.11111111,1.0,20.0,0.9534206695778747,0.90995670995671
13.0,0.11111111,1.0,32.0,0.9446870451237264,0.903896103896104
13.0,0.11111111,1.0,50.0,0.9385735080058225,0.8961038961038961
13.0,0.11111111,1.0,80.0,0.9251819505094614,0.8857142857142858
13.0,0.11111111,1.0,128.0,0.9071324599708879,0.864935064935065
13.0,0.11111111,3.0,2.0,0.9592430858806404,0.9056277056277058
13.0,0.11111111,3.0,3.0,0.9592430858806404,0.9056277056277058
13.0,0.11111111,3.0,5.0,0.9592430858806404,0.9056277056277058
13.0,0.11111111,3.0,8.0,0.9604075691411935,0.9090909090909092
13.0,0.11111111,3.0,12.0,0.9545851528384279,0.9108225108225108
13.0,0.11111111,3.0,20.0,0.9502183406113538,0.9030303030303031
13.0,0.11111111,3.0,32.0,0.9417758369723435,0.9012987012987013
13.0,0.11111111,3.0,50.0,0.9347889374090247,0.8891774891774892
13.0,0.11111111,3.0,80.0,0.9234352256186318,0.8787878787878787
13.0,0.11111111,3.0,128.0,0.9053857350800583,0.8623376623376624
13.0,0.11111111,5.0,2.0,0.9519650655021834,0.9064935064935066
13.0,0.11111111,5.0,3.0,0.9519650655021834,0.9064935064935066
13.0,0.11111111,5.0,5.0,0.9519650655021834,0.9064935064935066
13.0,0.11111111,5.0,8.0,0.9519650655021834,0.9064935064935066
13.0,0.11111111,5.0,12.0,0.9508005822416303,0.9047619047619048
13.0,0.11111111,5.0,20.0,0.9438136826783114,0.8995670995670995
13.0,0.11111111,5.0,32.0,0.9394468704512373,0.8995670995670995
13.0,0.11111111,5.0,50.0,0.9321688500727803,0.8874458874458874
13.0,0.11111111,5.0,80.0,0.9211062590975254,0.8761904761904763
13.0,0.11111111,5.0,128.0,0.9056768558951965,0.864069264069264
13.0,0.11111111,7.0,2.0,0.945269286754003,0.9012987012987013
13.0,0.11111111,7.0,3.0,0.945269286754003,0.9012987012987013
13.0,0.11111111,7.0,5.0,0.945269286754003,0.9012987012987013
13.0,0.11111111,7.0,8.0,0.945269286754003,0.9012987012987013
13.0,0.11111111,7.0,12.0,0.945269286754003,0.9012987012987013
13.0,0.11111111,7.0,20.0,0.9414847161572052,0.8995670995670995
13.0,0.11111111,7.0,32.0,0.9353711790393013,0.8961038961038961
13.0,0.11111111,7.0,50.0,0.9298398835516739,0.8857142857142858
13.0,0.11111111,7.0,80.0,0.9190684133915574,0.8770562770562771
13.0,0.11111111,7.0,128.0,0.9042212518195051,0.8614718614718615
13.0,0.11111111,9.0,2.0,0.9397379912663755,0.8961038961038961
13.0,0.11111111,9.0,3.0,0.9397379912663755,0.8961038961038961
13.0,0.11111111,9.0,5.0,0.9397379912663755,0.8961038961038961
13.0,0.11111111,9.0,8.0,0.9397379912663755,0.8961038961038961
13.0,0.11111111,9.0,12.0,0.9397379912663755,0.8961038961038961
13.0,0.11111111,9.0,20.0,0.9388646288209607,0.8987012987012987
13.0,0.11111111,9.0,32.0,0.9336244541484715,0.8935064935064935
13.0,0.11111111,9.0,50.0,0.9263464337700146,0.8822510822510822
13.0,0.11111111,9.0,80.0,0.9176128093158662,0.8735930735930737
13.0,0.11111111,9.0,128.0,0.9016011644832606,0.8614718614718615
13.0,0.11111111,11.0,2.0,0.9350800582241631,0.8917748917748918
13.0,0.11111111,11.0,3.0,0.9350800582241631,0.8917748917748918
13.0,0.11111111,11.0,5.0,0.9350800582241631,0.8917748917748918
13.0,0.11111111,11.0,8.0,0.9350800582241631,0.8917748917748918
13.0,0.11111111,11.0,12.0,0.9350800582241631,0.8917748917748918
13.0,0.11111111,11.0,20.0,0.9350800582241631,0.8917748917748918
13.0,0.11111111,11.0,32.0,0.9330422125181951,0.8857142857142858
13.0,0.11111111,11.0,50.0,0.9260553129548763,0.8787878787878787
13.0,0.11111111,11.0,80.0,0.916448326055313,0.8735930735930737
13.0,0.11111111,11.0,128.0,0.9018922852983987,0.8588744588744589
13.0,0.11111111,13.0,2.0,0.9324599708879184,0.8874458874458874
13.0,0.11111111,13.0,3.0,0.9324599708879184,0.8874458874458874
13.0,0.11111111,13.0,5.0,0.9324599708879184,0.8874458874458874
13.0,0.11111111,13.0,8.0,0.9324599708879184,0.8874458874458874
13.0,0.11111111,13.0,12.0,0.9324599708879184,0.8874458874458874
13.0,0.11111111,13.0,20.0,0.9324599708879184,0.8874458874458874
13.0,0.11111111,13.0,32.0,0.9301310043668123,0.883982683982684
13.0,0.11111111,13.0,50.0,0.924599708879185,0.8735930735930737
13.0,0.11111111,13.0,80.0,0.9141193595342066,0.8727272727272727
13.0,0.11111111,13.0,128.0,0.8995633187772926,0.8580086580086579
13.0,0.11111111,15.0,2.0,0.9304221251819506,0.8813852813852814
13.0,0.11111111,15.0,3.0,0.9304221251819506,0.8813852813852814
13.0,0.11111111,15.0,5.0,0.9304221251819506,0.8813852813852814
13.0,0.11111111,15.0,8.0,0.9304221251819506,0.8813852813852814
13.0,0.11111111,15.0,12.0,0.9304221251819506,0.8813852813852814
13.0,0.11111111,15.0,20.0,0.9304221251819506,0.8813852813852814
13.0,0.11111111,15.0,32.0,0.9295487627365357,0.8796536796536797
13.0,0.11111111,15.0,50.0,0.922561863173217,0.8744588744588745
13.0,0.11111111,15.0,80.0,0.9126637554585152,0.8701298701298701
13.0,0.11111111,15.0,128.0,0.8986899563318778,0.8597402597402597
13.0,0.11111111,17.0,2.0,0.9243085880640466,0.8779220779220779
13.0,0.11111111,17.0,3.0,0.9243085880640466,0.8779220779220779
13.0,0.11111111,17.0,5.0,0.9243085880640466,0.8779220779220779
13.0,0.11111111,17.0,8.0,0.9243085880640466,0.8779220779220779
13.0,0.11111111,17.0,12.0,0.9243085880640466,0.8779220779220779
13.0,0.11111111,17.0,20.0,0.9243085880640466,0.8779220779220779
13.0,0.11111111,17.0,32.0,0.9243085880640466,0.8779220779220779
13.0,0.11111111,17.0,50.0,0.9225618631732168,0.8744588744588745
13.0,0.11111111,17.0,80.0,0.9112081513828238,0.8675324675324674
13.0,0.11111111,17.0,128.0,0.8981077147016011,0.8580086580086579
13.0,0.11111111,20.0,2.0,0.920524017467249,0.870995670995671
13.0,0.11111111,20.0,3.0,0.920524017467249,0.870995670995671
13.0,0.11111111,20.0,5.0,0.920524017467249,0.870995670995671
13.0,0.11111111,20.0,8.0,0.920524017467249,0.870995670995671
13.0,0.11111111,20.0,12.0,0.920524017467249,0.870995670995671
13.0,0.11111111,20.0,20.0,0.920524017467249,0.870995670995671
13.0,0.11111111,20.0,32.0,0.920524017467249,0.870995670995671
13.0,0.11111111,20.0,50.0,0.917612809315866,0.870995670995671
13.0,0.11111111,20.0,80.0,0.9100436681222707,0.8658008658008658
13.0,0.11111111,20.0,128.0,0.8946142649199418,0.8562770562770563
13.0,0.22222222,1.0,2.0,0.9726346433770015,0.922943722943723
13.0,0.22222222,1.0,3.0,0.9723435225618632,0.922943722943723
13.0,0.22222222,1.0,5.0,0.9703056768558952,0.922077922077922
13.0,0.22222222,1.0,8.0,0.9673944687045124,0.9194805194805195
13.0,0.22222222,1.0,12.0,0.9644832605531295,0.9194805194805195
13.0,0.22222222,1.0,20.0,0.9569141193595343,0.9203463203463202
13.0,0.22222222,1.0,32.0,0.948471615720524,0.9160173160173161
13.0,0.22222222,1.0,50.0,0.939155749636099,0.9108225108225108
13.0,0.22222222,1.0,80.0,0.9298398835516739,0.9021645021645022
13.0,0.22222222,1.0,128.0,0.9155749636098982,0.8848484848484848
13.0,0.22222222,3.0,2.0,0.9618631732168851,0.9177489177489179
13.0,0.22222222,3.0,3.0,0.9618631732168851,0.9177489177489179
13.0,0.22222222,3.0,5.0,0.9618631732168851,0.9177489177489179
13.0,0.22222222,3.0,8.0,0.9606986899563319,0.9177489177489179
13.0,0.22222222,3.0,12.0,0.9577874818049491,0.9186147186147187
13.0,0.22222222,3.0,20.0,0.9537117903930131,0.9168831168831169
13.0,0.22222222,3.0,32.0,0.944395924308588,0.9142857142857143
13.0,0.22222222,3.0,50.0,0.9371179039301311,0.90995670995671
13.0,0.22222222,3.0,80.0,0.9266375545851527,0.8978354978354979
13.0,0.22222222,3.0,128.0,0.9129548762736535,0.8805194805194805
13.0,0.22222222,5.0,2.0,0.9563318777292575,0.9194805194805195
13.0,0.22222222,5.0,3.0,0.9563318777292575,0.9194805194805195
13.0,0.22222222,5.0,5.0,0.9563318777292575,0.9194805194805195
13.0,0.22222222,5.0,8.0,0.9563318777292575,0.9194805194805195
13.0,0.22222222,5.0,12.0,0.9551673944687045,0.9160173160173161
13.0,0.22222222,5.0,20.0,0.9502183406113538,0.9116883116883117
13.0,0.22222222,5.0,32.0,0.9420669577874818,0.90995670995671
13.0,0.22222222,5.0,50.0,0.9359534206695779,0.9064935064935066
13.0,0.22222222,5.0,80.0,0.9254730713245998,0.8969696969696971
13.0,0.22222222,5.0,128.0,0.9109170305676855,0.8787878787878787
13.0,0.22222222,7.0,2.0,0.9502183406113538,0.9108225108225108
13.0,0.22222222,7.0,3.0,0.9502183406113538,0.9108225108225108
13.0,0.22222222,7.0,5.0,0.9502183406113538,0.9108225108225108
13.0,0.22222222,7.0,8.0,0.9502183406113538,0.9108225108225108
13.0,0.22222222,7.0,12.0,0.9502183406113538,0.9108225108225108
13.0,0.22222222,7.0,20.0,0.9458515283842794,0.9090909090909092
13.0,0.22222222,7.0,32.0,0.9406113537117904,0.9073593073593074
13.0,0.22222222,7.0,50.0,0.9324599708879184,0.9056277056277056
13.0,0.22222222,7.0,80.0,0.922561863173217,0.8935064935064935
13.0,0.22222222,7.0,128.0,0.9091703056768559,0.8787878787878787
13.0,0.22222222,9.0,2.0,0.9443959243085882,0.9090909090909092
13.0,0.22222222,9.0,3.0,0.9443959243085882,0.9090909090909092
13.0,0.22222222,9.0,5.0,0.9443959243085882,0.9090909090909092
13.0,0.22222222,9.0,8.0,0.9443959243085882,0.9090909090909092
13.0,0.22222222,9.0,12.0,0.9443959243085882,0.9090909090909092
13.0,0.22222222,9.0,20.0,0.9443959243085882,0.9073593073593074
13.0,0.22222222,9.0,32.0,0.939155749636099,0.9073593073593074
13.0,0.22222222,9.0,50.0,0.9321688500727803,0.9012987012987013
13.0,0.22222222,9.0,80.0,0.922561863173217,0.8917748917748918
13.0,0.22222222,9.0,128.0,0.9085880640465793,0.8787878787878787
13.0,0.22222222,11.0,2.0,0.9406113537117904,0.9021645021645022
13.0,0.22222222,11.0,3.0,0.9406113537117904,0.9021645021645022
13.0,0.22222222,11.0,5.0,0.9406113537117904,0.9021645021645022
13.0,0.22222222,11.0,8.0,0.9406113537117904,0.9021645021645022
13.0,0.22222222,11.0,12.0,0.9406113537117904,0.9021645021645022
13.0,0.22222222,11.0,20.0,0.9406113537117904,0.9021645021645022
13.0,0.22222222,11.0,32.0,0.9365356622998544,0.9021645021645022
13.0,0.22222222,11.0,50.0,0.9301310043668123,0.9004329004329005
13.0,0.22222222,11.0,80.0,0.9219796215429403,0.8874458874458874
13.0,0.22222222,11.0,128.0,0.9077147016011645,0.8779220779220779
13.0,0.22222222,13.0,2.0,0.9377001455604075,0.8995670995670995
13.0,0.22222222,13.0,3.0,0.9377001455604075,0.8995670995670995
13.0,0.22222222,13.0,5.0,0.9377001455604075,0.8995670995670995
13.0,0.22222222,13.0,8.0,0.9377001455604075,0.8995670995670995
13.0,0.22222222,13.0,12.0,0.9377001455604075,0.8995670995670995
13.0,0.22222222,13.0,20.0,0.9377001455604075,0.8995670995670995
13.0,0.22222222,13.0,32.0,0.9359534206695779,0.9021645021645022
13.0,0.22222222,13.0,50.0,0.9289665211062591,0.8969696969696969
13.0,0.22222222,13.0,80.0,0.9211062590975254,0.8883116883116884
13.0,0.22222222,13.0,128.0,0.9053857350800583,0.8744588744588745
13.0,0.22222222,15.0,2.0,0.9350800582241631,0.9004329004329005
13.0,0.22222222,15.0,3.0,0.9350800582241631,0.9004329004329005
13.0,0.22222222,15.0,5.0,0.9350800582241631,0.9004329004329005
13.0,0.22222222,15.0,8.0,0.9350800582241631,0.9004329004329005
13.0,0.22222222,15.0,12.0,0.9350800582241631,0.9004329004329005
13.0,0.22222222,15.0,20.0,0.9350800582241631,0.9004329004329005
13.0,0.22222222,15.0,32.0,0.9342066957787483,0.8995670995670995
13.0,0.22222222,15.0,50.0,0.9286754002911207,0.8952380952380953
13.0,0.22222222,15.0,80.0,0.9196506550218342,0.8891774891774892
13.0,0.22222222,15.0,128.0,0.9039301310043669,0.8735930735930737
13.0,0.22222222,17.0,2.0,0.9333333333333333,0.8969696969696971
13.0,0.22222222,17.0,3.0,0.9333333333333333,0.8969696969696971
13.0,0.22222222,17.0,5.0,0.9333333333333333,0.8969696969696971
13.0,0.22222222,17.0,8.0,0.9333333333333333,0.8969696969696971
13.0,0.22222222,17.0,12.0,0.9333333333333333,0.8969696969696971
13.0,0.22222222,17.0,20.0,0.9333333333333333,0.8969696969696971
13.0,0.22222222,17.0,32.0,0.9333333333333333,0.8969696969696971
13.0,0.22222222,17.0,50.0,0.9272197962154294,0.8943722943722945
13.0,0.22222222,17.0,80.0,0.9170305676855894,0.883982683982684
13.0,0.22222222,17.0,128.0,0.9027656477438137,0.8744588744588745
13.0,0.22222222,20.0,2.0,0.9292576419213974,0.8943722943722945
13.0,0.22222222,20.0,3.0,0.9292576419213974,0.8943722943722945
13.0,0.22222222,20.0,5.0,0.9292576419213974,0.8943722943722945
13.0,0.22222222,20.0,8.0,0.9292576419213974,0.8943722943722945
13.0,0.22222222,20.0,12.0,0.9292576419213974,0.8943722943722945
13.0,0.22222222,20.0,20.0,0.9292576419213974,0.8943722943722945
13.0,0.22222222,20.0,32.0,0.9292576419213974,0.8943722943722945
13.0,0.22222222,20.0,50.0,0.9248908296943231,0.8926406926406927
13.0,0.22222222,20.0,80.0,0.9158660844250364,0.8813852813852814
13.0,0.22222222,20.0,128.0,0.8998544395924309,0.870995670995671
13.0,0.33333334,1.0,2.0,0.9740902474526928,0.922943722943723
13.0,0.33333334,1.0,3.0,0.9735080058224164,0.922943722943723
13.0,0.33333334,1.0,5.0,0.9714701601164484,0.9246753246753248
13.0,0.33333334,1.0,8.0,0.9676855895196507,0.9177489177489179
13.0,0.33333334,1.0,12.0,0.9627365356622999,0.9186147186147187
13.0,0.33333334,1.0,20.0,0.9548762736535663,0.9194805194805195
13.0,0.33333334,1.0,32.0,0.9473071324599708,0.9203463203463202
13.0,0.33333334,1.0,50.0,0.9400291120815139,0.9125541125541126
13.0,0.33333334,1.0,80.0,0.9286754002911207,0.9116883116883117
13.0,0.33333334,1.0,128.0,0.9193595342066958,0.8926406926406927
13.0,0.33333334,3.0,2.0,0.9647743813682679,0.9203463203463202
13.0,0.33333334,3.0,3.0,0.9647743813682679,0.9203463203463202
13.0,0.33333334,3.0,5.0,0.9647743813682679,0.9203463203463202
13.0,0.33333334,3.0,8.0,0.9639010189228531,0.9194805194805195
13.0,0.33333334,3.0,12.0,0.9589519650655023,0.9194805194805195
13.0,0.33333334,3.0,20.0,0.9513828238719068,0.9194805194805195
13.0,0.33333334,3.0,32.0,0.9449781659388646,0.9177489177489179
13.0,0.33333334,3.0,50.0,0.9368267831149927,0.9151515151515153
13.0,0.33333334,3.0,80.0,0.9251819505094614,0.90995670995671
13.0,0.33333334,3.0,128.0,0.9173216885007278,0.8926406926406927
13.0,0.33333334,5.0,2.0,0.9566229985443959,0.9212121212121213
13.0,0.33333334,5.0,3.0,0.9566229985443959,0.9212121212121213
13.0,0.33333334,5.0,5.0,0.9566229985443959,0.9212121212121213
13.0,0.33333334,5.0,8.0,0.9566229985443959,0.9212121212121213
13.0,0.33333334,5.0,12.0,0.9548762736535663,0.922077922077922
13.0,0.33333334,5.0,20.0,0.9475982532751092,0.9177489177489179
13.0,0.33333334,5.0,32.0,0.9420669577874818,0.9203463203463202
13.0,0.33333334,5.0,50.0,0.9336244541484715,0.9108225108225108
13.0,0.33333334,5.0,80.0,0.9237263464337702,0.9064935064935066
13.0,0.33333334,5.0,128.0,0.9152838427947598,0.89004329004329
13.0,0.33333334,7.0,2.0,0.9490538573508006,0.9194805194805195
13.0,0.33333334,7.0,3.0,0.9490538573508006,0.9194805194805195
13.0,0.33333334,7.0,5.0,0.9490538573508006,0.9194805194805195
13.0,0.33333334,7.0,8.0,0.9490538573508006,0.9194805194805195
13.0,0.33333334,7.0,12.0,0.9490538573508006,0.9194805194805195
13.0,0.33333334,7.0,20.0,0.9455604075691412,0.9142857142857143
13.0,0.33333334,7.0,32.0,0.9417758369723435,0.9168831168831169
13.0,0.33333334,7.0,50.0,0.9312954876273654,0.90995670995671
13.0,0.33333334,7.0,80.0,0.9237263464337702,0.9047619047619048
13.0,0.33333334,7.0,128.0,0.9147016011644833,0.8917748917748918
13.0,0.33333334,9.0,2.0,0.9449781659388646,0.9116883116883117
13.0,0.33333334,9.0,3.0,0.9449781659388646,0.9116883116883117
13.0,0.33333334,9.0,5.0,0.9449781659388646,0.9116883116883117
13.0,0.33333334,9.0,8.0,0.9449781659388646,0.9116883116883117
13.0,0.33333334,9.0,12.0,0.9449781659388646,0.9116883116883117
13.0,0.33333334,9.0,20.0,0.9441048034934498,0.9142857142857143
13.0,0.33333334,9.0,32.0,0.9371179039301311,0.9134199134199135
13.0,0.33333334,9.0,50.0,0.9312954876273654,0.9073593073593074
13.0,0.33333334,9.0,80.0,0.9222707423580786,0.9056277056277056
13.0,0.33333334,9.0,128.0,0.9132459970887918,0.8891774891774892
13.0,0.33333334,11.0,2.0,0.9409024745269287,0.9116883116883117
13.0,0.33333334,11.0,3.0,0.9409024745269287,0.9116883116883117
13.0,0.33333334,11.0,5.0,0.9409024745269287,0.9116883116883117
13.0,0.33333334,11.0,8.0,0.9409024745269287,0.9116883116883117
13.0,0.33333334,11.0,12.0,0.9409024745269287,0.9116883116883117
13.0,0.33333334,11.0,20.0,0.9409024745269287,0.9116883116883117
13.0,0.33333334,11.0,32.0,0.9371179039301311,0.9090909090909092
13.0,0.33333334,11.0,50.0,0.9310043668122271,0.9030303030303031
13.0,0.33333334,11.0,80.0,0.9202328966521106,0.9004329004329005
13.0,0.33333334,11.0,128.0,0.912372634643377,0.8891774891774892
13.0,0.33333334,13.0,2.0,0.9385735080058224,0.9064935064935066
13.0,0.33333334,13.0,3.0,0.9385735080058224,0.9064935064935066
13.0,0.33333334,13.0,5.0,0.9385735080058224,0.9064935064935066
13.0,0.33333334,13.0,8.0,0.9385735080058224,0.9064935064935066
13.0,0.33333334,13.0,12.0,0.9385735080058224,0.9064935064935066
13.0,0.33333334,13.0,20.0,0.9385735080058224,0.9064935064935066
13.0,0.33333334,13.0,32.0,0.9368267831149927,0.90995670995671
13.0,0.33333334,13.0,50.0,0.9298398835516739,0.9030303030303031
13.0,0.33333334,13.0,80.0,0.9176128093158662,0.8995670995670995
13.0,0.33333334,13.0,128.0,0.9112081513828238,0.8883116883116884
13.0,0.33333334,15.0,2.0,0.9356622998544395,0.903896103896104
13.0,0.33333334,15.0,3.0,0.9356622998544395,0.903896103896104
13.0,0.33333334,15.0,5.0,0.9356622998544395,0.903896103896104
13.0,0.33333334,15.0,8.0,0.9356622998544395,0.903896103896104
13.0,0.33333334,15.0,12.0,0.9356622998544395,0.903896103896104
13.0,0.33333334,15.0,20.0,0.9356622998544395,0.903896103896104
13.0,0.33333334,15.0,32.0,0.9339155749636099,0.9073593073593074
13.0,0.33333334,15.0,50.0,0.9298398835516739,0.9030303030303031
13.0,0.33333334,15.0,80.0,0.9181950509461426,0.8961038961038961
13.0,0.33333334,15.0,128.0,0.9094614264919942,0.8848484848484848
13.0,0.33333334,17.0,2.0,0.9321688500727803,0.9047619047619048
13.0,0.33333334,17.0,3.0,0.9321688500727803,0.9047619047619048
13.0,0.33333334,17.0,5.0,0.9321688500727803,0.9047619047619048
13.0,0.33333334,17.0,8.0,0.9321688500727803,0.9047619047619048
13.0,0.33333334,17.0,12.0,0.9321688500727803,0.9047619047619048
13.0,0.33333334,17.0,20.0,0.9321688500727803,0.9047619047619048
13.0,0.33333334,17.0,32.0,0.9321688500727803,0.9047619047619048
13.0,0.33333334,17.0,50.0,0.9278020378457059,0.9012987012987013
13.0,0.33333334,17.0,80.0,0.9173216885007278,0.8961038961038961
13.0,0.33333334,17.0,128.0,0.9071324599708879,0.8805194805194805
13.0,0.33333334,20.0,2.0,0.9295487627365357,0.9012987012987013
13.0,0.33333334,20.0,3.0,0.9295487627365357,0.9012987012987013
13.0,0.33333334,20.0,5.0,0.9295487627365357,0.9012987012987013
13.0,0.33333334,20.0,8.0,0.9295487627365357,0.9012987012987013
13.0,0.33333334,20.0,12.0,0.9295487627365357,0.9012987012987013
13.0,0.33333334,20.0,20.0,0.9295487627365357,0.9012987012987013
13.0,0.33333334,20.0,32.0,0.9295487627365357,0.9012987012987013
13.0,0.33333334,20.0,50.0,0.9254730713245998,0.8995670995670995
13.0,0.33333334,20.0,80.0,0.914410480349345,0.8952380952380953
13.0,0.33333334,20.0,128.0,0.9042212518195051,0.8796536796536797
13.0,0.44444445,1.0,2.0,0.9740902474526928,0.922943722943723
13.0,0.44444445,1.0,3.0,0.9735080058224164,0.922943722943723
13.0,0.44444445,1.0,5.0,0.9714701601164484,0.9246753246753248
13.0,0.44444445,1.0,8.0,0.9676855895196507,0.9177489177489179
13.0,0.44444445,1.0,12.0,0.9627365356622999,0.9186147186147187
13.0,0.44444445,1.0,20.0,0.9548762736535663,0.9194805194805195
13.0,0.44444445,1.0,32.0,0.9473071324599708,0.9203463203463202
13.0,0.44444445,1.0,50.0,0.9400291120815139,0.9125541125541126
13.0,0.44444445,1.0,80.0,0.9286754002911207,0.9116883116883117
13.0,0.44444445,1.0,128.0,0.9193595342066958,0.8926406926406927
13.0,0.44444445,3.0,2.0,0.9647743813682679,0.9203463203463202
13.0,0.44444445,3.0,3.0,0.9647743813682679,0.9203463203463202
13.0,0.44444445,3.0,5.0,0.9647743813682679,0.9203463203463202
13.0,0.44444445,3.0,8.0,0.9639010189228531,0.9194805194805195
13.0,0.44444445,3.0,12.0,0.9589519650655023,0.9194805194805195
13.0,0.44444445,3.0,20.0,0.9513828238719068,0.9194805194805195
13.0,0.44444445,3.0,32.0,0.9449781659388646,0.9177489177489179
13.0,0.44444445,3.0,50.0,0.9368267831149927,0.9151515151515153
13.0,0.44444445,3.0,80.0,0.9251819505094614,0.90995670995671
13.0,0.44444445,3.0,128.0,0.9173216885007278,0.8926406926406927
13.0,0.44444445,5.0,2.0,0.9566229985443959,0.9212121212121213
13.0,0.44444445,5.0,3.0,0.9566229985443959,0.9212121212121213
13.0,0.44444445,5.0,5.0,0.9566229985443959,0.9212121212121213
13.0,0.44444445,5.0,8.0,0.9566229985443959,0.9212121212121213
13.0,0.44444445,5.0,12.0,0.9548762736535663,0.922077922077922
13.0,0.44444445,5.0,20.0,0.9475982532751092,0.9177489177489179
13.0,0.44444445,5.0,32.0,0.9420669577874818,0.9203463203463202
13.0,0.44444445,5.0,50.0,0.9336244541484715,0.9108225108225108
13.0,0.44444445,5.0,80.0,0.9237263464337702,0.9064935064935066
13.0,0.44444445,5.0,128.0,0.9152838427947598,0.89004329004329
13.0,0.44444445,7.0,2.0,0.9490538573508006,0.9194805194805195
13.0,0.44444445,7.0,3.0,0.9490538573508006,0.9194805194805195
13.0,0.44444445,7.0,5.0,0.9490538573508006,0.9194805194805195
13.0,0.44444445,7.0,8.0,0.9490538573508006,0.9194805194805195
13.0,0.44444445,7.0,12.0,0.9490538573508006,0.9194805194805195
13.0,0.44444445,7.0,20.0,0.9455604075691412,0.9142857142857143
13.0,0.44444445,7.0,32.0,0.9417758369723435,0.9168831168831169
13.0,0.44444445,7.0,50.0,0.9312954876273654,0.90995670995671
13.0,0.44444445,7.0,80.0,0.9237263464337702,0.9047619047619048
13.0,0.44444445,7.0,128.0,0.9147016011644833,0.8917748917748918
13.0,0.44444445,9.0,2.0,0.9449781659388646,0.9116883116883117
13.0,0.44444445,9.0,3.0,0.9449781659388646,0.9116883116883117
13.0,0.44444445,9.0,5.0,0.9449781659388646,0.9116883116883117
13.0,0.44444445,9.0,8.0,0.9449781659388646,0.9116883116883117
13.0,0.44444445,9.0,12.0,0.9449781659388646,0.9116883116883117
13.0,0.44444445,9.0,20.0,0.9441048034934498,0.9142857142857143
13.0,0.44444445,9.0,32.0,0.9371179039301311,0.9134199134199135
13.0,0.44444445,9.0,50.0,0.9312954876273654,0.9073593073593074
13.0,0.44444445,9.0,80.0,0.9222707423580786,0.9056277056277056
13.0,0.44444445,9.0,128.0,0.9132459970887918,0.8891774891774892
13.0,0.44444445,11.0,2.0,0.9409024745269287,0.9116883116883117
13.0,0.44444445,11.0,3.0,0.9409024745269287,0.9116883116883117
13.0,0.44444445,11.0,5.0,0.9409024745269287,0.9116883116883117
13.0,0.44444445,11.0,8.0,0.9409024745269287,0.9116883116883117
13.0,0.44444445,11.0,12.0,0.9409024745269287,0.9116883116883117
13.0,0.44444445,11.0,20.0,0.9409024745269287,0.9116883116883117
13.0,0.44444445,11.0,32.0,0.9371179039301311,0.9090909090909092
13.0,0.44444445,11.0,50.0,0.9310043668122271,0.9030303030303031
13.0,0.44444445,11.0,80.0,0.9202328966521106,0.9004329004329005
13.0,0.44444445,11.0,128.0,0.912372634643377,0.8891774891774892
13.0,0.44444445,13.0,2.0,0.9385735080058224,0.9064935064935066
13.0,0.44444445,13.0,3.0,0.9385735080058224,0.9064935064935066
13.0,0.44444445,13.0,5.0,0.9385735080058224,0.9064935064935066
13.0,0.44444445,13.0,8.0,0.9385735080058224,0.9064935064935066
13.0,0.44444445,13.0,12.0,0.9385735080058224,0.9064935064935066
13.0,0.44444445,13.0,20.0,0.9385735080058224,0.9064935064935066
13.0,0.44444445,13.0,32.0,0.9368267831149927,0.90995670995671
13.0,0.44444445,13.0,50.0,0.9298398835516739,0.9030303030303031
13.0,0.44444445,13.0,80.0,0.9176128093158662,0.8995670995670995
13.0,0.44444445,13.0,128.0,0.9112081513828238,0.8883116883116884
13.0,0.44444445,15.0,2.0,0.9356622998544395,0.903896103896104
13.0,0.44444445,15.0,3.0,0.9356622998544395,0.903896103896104
13.0,0.44444445,15.0,5.0,0.9356622998544395,0.903896103896104
13.0,0.44444445,15.0,8.0,0.9356622998544395,0.903896103896104
13.0,0.44444445,15.0,12.0,0.9356622998544395,0.903896103896104
13.0,0.44444445,15.0,20.0,0.9356622998544395,0.903896103896104
13.0,0.44444445,15.0,32.0,0.9339155749636099,0.9073593073593074
13.0,0.44444445,15.0,50.0,0.9298398835516739,0.9030303030303031
13.0,0.44444445,15.0,80.0,0.9181950509461426,0.8961038961038961
13.0,0.44444445,15.0,128.0,0.9094614264919942,0.8848484848484848
13.0,0.44444445,17.0,2.0,0.9321688500727803,0.9047619047619048
13.0,0.44444445,17.0,3.0,0.9321688500727803,0.9047619047619048
13.0,0.44444445,17.0,5.0,0.9321688500727803,0.9047619047619048
13.0,0.44444445,17.0,8.0,0.9321688500727803,0.9047619047619048
13.0,0.44444445,17.0,12.0,0.9321688500727803,0.9047619047619048
13.0,0.44444445,17.0,20.0,0.9321688500727803,0.9047619047619048
13.0,0.44444445,17.0,32.0,0.9321688500727803,0.9047619047619048
13.0,0.44444445,17.0,50.0,0.9278020378457059,0.9012987012987013
13.0,0.44444445,17.0,80.0,0.9173216885007278,0.8961038961038961
13.0,0.44444445,17.0,128.0,0.9071324599708879,0.8805194805194805
13.0,0.44444445,20.0,2.0,0.9295487627365357,0.9012987012987013
13.0,0.44444445,20.0,3.0,0.9295487627365357,0.9012987012987013
13.0,0.44444445,20.0,5.0,0.9295487627365357,0.9012987012987013
13.0,0.44444445,20.0,8.0,0.9295487627365357,0.9012987012987013
13.0,0.44444445,20.0,12.0,0.9295487627365357,0.9012987012987013
13.0,0.44444445,20.0,20.0,0.9295487627365357,0.9012987012987013
13.0,0.44444445,20.0,32.0,0.9295487627365357,0.9012987012987013
13.0,0.44444445,20.0,50.0,0.9254730713245998,0.8995670995670995
13.0,0.44444445,20.0,80.0,0.914410480349345,0.8952380952380953
13.0,0.44444445,20.0,128.0,0.9042212518195051,0.8796536796536797
13.0,0.5555556,1.0,2.0,0.974090247452693,0.9264069264069263
13.0,0.5555556,1.0,3.0,0.9743813682678312,0.9246753246753248
13.0,0.5555556,1.0,5.0,0.9726346433770015,0.9264069264069263
13.0,0.5555556,1.0,8.0,0.969141193595342,0.9246753246753248
13.0,0.5555556,1.0,12.0,0.9665211062590975,0.9238095238095237
13.0,0.5555556,1.0,20.0,0.9598253275109171,0.9238095238095239
13.0,0.5555556,1.0,32.0,0.9475982532751092,0.9272727272727274
13.0,0.5555556,1.0,50.0,0.9388646288209607,0.922943722943723
13.0,0.5555556,1.0,80.0,0.9301310043668123,0.9212121212121213
13.0,0.5555556,1.0,128.0,0.9219796215429403,0.9108225108225108
13.0,0.5555556,3.0,2.0,0.9673944687045124,0.9246753246753248
13.0,0.5555556,3.0,3.0,0.9673944687045124,0.9246753246753248
13.0,0.5555556,3.0,5.0,0.9673944687045124,0.9246753246753248
13.0,0.5555556,3.0,8.0,0.9665211062590975,0.9246753246753248
13.0,0.5555556,3.0,12.0,0.9601164483260552,0.9264069264069263
13.0,0.5555556,3.0,20.0,0.9534206695778747,0.9264069264069263
13.0,0.5555556,3.0,32.0,0.9438136826783114,0.9307359307359307
13.0,0.5555556,3.0,50.0,0.9365356622998544,0.9246753246753248
13.0,0.5555556,3.0,80.0,0.9292576419213974,0.9194805194805195
13.0,0.5555556,3.0,128.0,0.9219796215429403,0.909090909090909
13.0,0.5555556,5.0,2.0,0.9580786026200873,0.9255411255411256
13.0,0.5555556,5.0,3.0,0.9580786026200873,0.9255411255411256
13.0,0.5555556,5.0,5.0,0.9580786026200873,0.9255411255411256
13.0,0.5555556,5.0,8.0,0.9580786026200873,0.9255411255411256
13.0,0.5555556,5.0,12.0,0.9548762736535663,0.9255411255411256
13.0,0.5555556,5.0,20.0,0.9478893740902474,0.9272727272727274
13.0,0.5555556,5.0,32.0,0.9400291120815139,0.9281385281385282
13.0,0.5555556,5.0,50.0,0.9347889374090247,0.9212121212121211
13.0,0.5555556,5.0,80.0,0.9260553129548763,0.9186147186147187
13.0,0.5555556,5.0,128.0,0.9196506550218342,0.9090909090909092
13.0,0.5555556,7.0,2.0,0.949344978165939,0.9255411255411256
13.0,0.5555556,7.0,3.0,0.949344978165939,0.9255411255411256
13.0,0.5555556,7.0,5.0,0.949344978165939,0.9255411255411256
13.0,0.5555556,7.0,8.0,0.949344978165939,0.9255411255411256
13.0,0.5555556,7.0,12.0,0.949344978165939,0.9255411255411256
13.0,0.5555556,7.0,20.0,0.9455604075691412,0.9238095238095237
13.0,0.5555556,7.0,32.0,0.9388646288209607,0.9246753246753248
13.0,0.5555556,7.0,50.0,0.9330422125181951,0.9238095238095239
13.0,0.5555556,7.0,80.0,0.9234352256186318,0.9125541125541126
13.0,0.5555556,7.0,128.0,0.9187772925764192,0.9082251082251082
13.0,0.5555556,9.0,2.0,0.944395924308588,0.922943722943723
13.0,0.5555556,9.0,3.0,0.944395924308588,0.922943722943723
13.0,0.5555556,9.0,5.0,0.944395924308588,0.922943722943723
13.0,0.5555556,9.0,8.0,0.944395924308588,0.922943722943723
13.0,0.5555556,9.0,12.0,0.944395924308588,0.922943722943723
13.0,0.5555556,9.0,20.0,0.9429403202328966,0.9238095238095237
13.0,0.5555556,9.0,32.0,0.9368267831149927,0.9238095238095237
13.0,0.5555556,9.0,50.0,0.9298398835516739,0.9168831168831169
13.0,0.5555556,9.0,80.0,0.9237263464337702,0.9116883116883117
13.0,0.5555556,9.0,128.0,0.9179039301310044,0.9047619047619048
13.0,0.5555556,11.0,2.0,0.9394468704512373,0.9212121212121211
13.0,0.5555556,11.0,3.0,0.9394468704512373,0.9212121212121211
13.0,0.5555556,11.0,5.0,0.9394468704512373,0.9212121212121211
13.0,0.5555556,11.0,8.0,0.9394468704512373,0.9212121212121211
13.0,0.5555556,11.0,12.0,0.9394468704512373,0.9212121212121211
13.0,0.5555556,11.0,20.0,0.9394468704512373,0.9212121212121211
13.0,0.5555556,11.0,32.0,0.9359534206695779,0.9246753246753248
13.0,0.5555556,11.0,50.0,0.9295487627365357,0.9151515151515153
13.0,0.5555556,11.0,80.0,0.9237263464337699,0.9108225108225108
13.0,0.5555556,11.0,128.0,0.9167394468704512,0.9047619047619048
13.0,0.5555556,13.0,2.0,0.9368267831149927,0.9194805194805195
13.0,0.5555556,13.0,3.0,0.9368267831149927,0.9194805194805195
13.0,0.5555556,13.0,5.0,0.9368267831149927,0.9194805194805195
13.0,0.5555556,13.0,8.0,0.9368267831149927,0.9194805194805195
13.0,0.5555556,13.0,12.0,0.9368267831149927,0.9194805194805195
13.0,0.5555556,13.0,20.0,0.9368267831149927,0.9194805194805195
13.0,0.5555556,13.0,32.0,0.9359534206695779,0.9212121212121213
13.0,0.5555556,13.0,50.0,0.9295487627365355,0.9125541125541126
13.0,0.5555556,13.0,80.0,0.9211062590975254,0.9116883116883117
13.0,0.5555556,13.0,128.0,0.9149927219796214,0.9012987012987013
13.0,0.5555556,15.0,2.0,0.9359534206695779,0.9194805194805195
13.0,0.5555556,15.0,3.0,0.9359534206695779,0.9194805194805195
13.0,0.5555556,15.0,5.0,0.9359534206695779,0.9194805194805195
13.0,0.5555556,15.0,8.0,0.9359534206695779,0.9194805194805195
13.0,0.5555556,15.0,12.0,0.9359534206695779,0.9194805194805195
13.0,0.5555556,15.0,20.0,0.9359534206695779,0.9194805194805195
13.0,0.5555556,15.0,32.0,0.9350800582241631,0.9194805194805195
13.0,0.5555556,15.0,50.0,0.9278020378457059,0.9142857142857143
13.0,0.5555556,15.0,80.0,0.9213973799126638,0.9116883116883117
13.0,0.5555556,15.0,128.0,0.9141193595342066,0.9012987012987013
13.0,0.5555556,17.0,2.0,0.9327510917030567,0.9134199134199135
13.0,0.5555556,17.0,3.0,0.9327510917030567,0.9134199134199135
13.0,0.5555556,17.0,5.0,0.9327510917030567,0.9134199134199135
13.0,0.5555556,17.0,8.0,0.9327510917030567,0.9134199134199135
13.0,0.5555556,17.0,12.0,0.9327510917030567,0.9134199134199135
13.0,0.5555556,17.0,20.0,0.9327510917030567,0.9134199134199135
13.0,0.5555556,17.0,32.0,0.9327510917030567,0.9134199134199135
13.0,0.5555556,17.0,50.0,0.9266375545851527,0.9134199134199135
13.0,0.5555556,17.0,80.0,0.920524017467249,0.9082251082251082
13.0,0.5555556,17.0,128.0,0.9106259097525473,0.9004329004329005
13.0,0.5555556,20.0,2.0,0.9286754002911207,0.90995670995671
13.0,0.5555556,20.0,3.0,0.9286754002911207,0.90995670995671
13.0,0.5555556,20.0,5.0,0.9286754002911207,0.90995670995671
13.0,0.5555556,20.0,8.0,0.9286754002911207,0.90995670995671
13.0,0.5555556,20.0,12.0,0.9286754002911207,0.90995670995671
13.0,0.5555556,20.0,20.0,0.9286754002911207,0.90995670995671
13.0,0.5555556,20.0,32.0,0.9286754002911207,0.90995670995671
13.0,0.5555556,20.0,50.0,0.9254730713245998,0.9108225108225108
13.0,0.5555556,20.0,80.0,0.9176128093158662,0.9082251082251082
13.0,0.5555556,20.0,128.0,0.9106259097525473,0.8952380952380953
13.0,0.6666667,1.0,2.0,0.9755458515283844,0.9281385281385282
13.0,0.6666667,1.0,3.0,0.9743813682678312,0.9272727272727274
13.0,0.6666667,1.0,5.0,0.9735080058224164,0.9290043290043289
13.0,0.6666667,1.0,8.0,0.9700145560407568,0.9307359307359307
13.0,0.6666667,1.0,12.0,0.9662299854439592,0.9272727272727274
13.0,0.6666667,1.0,20.0,0.9572052401746725,0.9264069264069263
13.0,0.6666667,1.0,32.0,0.9470160116448326,0.9290043290043289
13.0,0.6666667,1.0,50.0,0.9397379912663755,0.9264069264069263
13.0,0.6666667,1.0,80.0,0.9318777292576419,0.922077922077922
13.0,0.6666667,1.0,128.0,0.921688500727802,0.90995670995671
13.0,0.6666667,3.0,2.0,0.9676855895196507,0.9307359307359307
13.0,0.6666667,3.0,3.0,0.9676855895196507,0.9307359307359307
13.0,0.6666667,3.0,5.0,0.9676855895196507,0.9307359307359307
13.0,0.6666667,3.0,8.0,0.9665211062590975,0.9272727272727274
13.0,0.6666667,3.0,12.0,0.9601164483260554,0.9281385281385282
13.0,0.6666667,3.0,20.0,0.9516739446870451,0.9281385281385282
13.0,0.6666667,3.0,32.0,0.9432314410480348,0.9316017316017315
13.0,0.6666667,3.0,50.0,0.9368267831149927,0.9281385281385282
13.0,0.6666667,3.0,80.0,0.9295487627365357,0.9203463203463202
13.0,0.6666667,3.0,128.0,0.9196506550218342,0.90995670995671
13.0,0.6666667,5.0,2.0,0.9566229985443959,0.9290043290043289
13.0,0.6666667,5.0,3.0,0.9566229985443959,0.9290043290043289
13.0,0.6666667,5.0,5.0,0.9566229985443959,0.9290043290043289
13.0,0.6666667,5.0,8.0,0.9566229985443959,0.9290043290043289
13.0,0.6666667,5.0,12.0,0.9557496360989811,0.9272727272727274
13.0,0.6666667,5.0,20.0,0.9481804949053856,0.9281385281385282
13.0,0.6666667,5.0,32.0,0.9385735080058224,0.9307359307359307
13.0,0.6666667,5.0,50.0,0.9318777292576419,0.922943722943723
13.0,0.6666667,5.0,80.0,0.9251819505094614,0.9203463203463202
13.0,0.6666667,5.0,128.0,0.9187772925764192,0.9108225108225108
13.0,0.6666667,7.0,2.0,0.9493449781659388,0.9281385281385282
13.0,0.6666667,7.0,3.0,0.9493449781659388,0.9281385281385282
13.0,0.6666667,7.0,5.0,0.9493449781659388,0.9281385281385282
13.0,0.6666667,7.0,8.0,0.9493449781659388,0.9281385281385282
13.0,0.6666667,7.0,12.0,0.9493449781659388,0.9281385281385282
13.0,0.6666667,7.0,20.0,0.9458515283842794,0.9272727272727274
13.0,0.6666667,7.0,32.0,0.9382823871906842,0.9281385281385282
13.0,0.6666667,7.0,50.0,0.9310043668122271,0.9246753246753248
13.0,0.6666667,7.0,80.0,0.9243085880640466,0.9186147186147187
13.0,0.6666667,7.0,128.0,0.9173216885007278,0.9090909090909092
13.0,0.6666667,9.0,2.0,0.9446870451237264,0.9281385281385282
13.0,0.6666667,9.0,3.0,0.9446870451237264,0.9281385281385282
13.0,0.6666667,9.0,5.0,0.9446870451237264,0.9281385281385282
13.0,0.6666667,9.0,8.0,0.9446870451237264,0.9281385281385282
13.0,0.6666667,9.0,12.0,0.9446870451237264,0.9281385281385282
13.0,0.6666667,9.0,20.0,0.9426491994177584,0.9272727272727274
13.0,0.6666667,9.0,32.0,0.9362445414847163,0.9246753246753248
13.0,0.6666667,9.0,50.0,0.9301310043668123,0.9238095238095237
13.0,0.6666667,9.0,80.0,0.9237263464337699,0.9212121212121213
13.0,0.6666667,9.0,128.0,0.9167394468704512,0.90995670995671
13.0,0.6666667,11.0,2.0,0.9394468704512373,0.9246753246753248
13.0,0.6666667,11.0,3.0,0.9394468704512373,0.9246753246753248
13.0,0.6666667,11.0,5.0,0.9394468704512373,0.9246753246753248
13.0,0.6666667,11.0,8.0,0.9394468704512373,0.9246753246753248
13.0,0.6666667,11.0,12.0,0.9394468704512373,0.9246753246753248
13.0,0.6666667,11.0,20.0,0.9394468704512373,0.9246753246753248
13.0,0.6666667,11.0,32.0,0.9362445414847163,0.9264069264069263
13.0,0.6666667,11.0,50.0,0.9310043668122271,0.9212121212121213
13.0,0.6666667,11.0,80.0,0.9240174672489083,0.9186147186147187
13.0,0.6666667,11.0,128.0,0.9155749636098982,0.9082251082251082
13.0,0.6666667,13.0,2.0,0.9374090247452692,0.9264069264069263
13.0,0.6666667,13.0,3.0,0.9374090247452692,0.9264069264069263
13.0,0.6666667,13.0,5.0,0.9374090247452692,0.9264069264069263
13.0,0.6666667,13.0,8.0,0.9374090247452692,0.9264069264069263
13.0,0.6666667,13.0,12.0,0.9374090247452692,0.9264069264069263
13.0,0.6666667,13.0,20.0,0.9374090247452692,0.9264069264069263
13.0,0.6666667,13.0,32.0,0.9356622998544395,0.9238095238095237
13.0,0.6666667,13.0,50.0,0.9298398835516739,0.9212121212121213
13.0,0.6666667,13.0,80.0,0.9213973799126638,0.9142857142857143
13.0,0.6666667,13.0,128.0,0.9152838427947598,0.9082251082251082
13.0,0.6666667,15.0,2.0,0.9359534206695779,0.9203463203463202
13.0,0.6666667,15.0,3.0,0.9359534206695779,0.9203463203463202
13.0,0.6666667,15.0,5.0,0.9359534206695779,0.9203463203463202
13.0,0.6666667,15.0,8.0,0.9359534206695779,0.9203463203463202
13.0,0.6666667,15.0,12.0,0.9359534206695779,0.9203463203463202
13.0,0.6666667,15.0,20.0,0.9359534206695779,0.9203463203463202
13.0,0.6666667,15.0,32.0,0.9336244541484715,0.9186147186147187
13.0,0.6666667,15.0,50.0,0.9275109170305675,0.9160173160173161
13.0,0.6666667,15.0,80.0,0.9202328966521106,0.9125541125541126
13.0,0.6666667,15.0,128.0,0.914410480349345,0.903896103896104
13.0,0.6666667,17.0,2.0,0.9333333333333333,0.9134199134199135
13.0,0.6666667,17.0,3.0,0.9333333333333333,0.9134199134199135
13.0,0.6666667,17.0,5.0,0.9333333333333333,0.9134199134199135
13.0,0.6666667,17.0,8.0,0.9333333333333333,0.9134199134199135
13.0,0.6666667,17.0,12.0,0.9333333333333333,0.9134199134199135
13.0,0.6666667,17.0,20.0,0.9333333333333333,0.9134199134199135
13.0,0.6666667,17.0,32.0,0.9333333333333333,0.9134199134199135
13.0,0.6666667,17.0,50.0,0.9263464337700146,0.9151515151515153
13.0,0.6666667,17.0,80.0,0.9213973799126638,0.9090909090909092
13.0,0.6666667,17.0,128.0,0.9132459970887918,0.9030303030303031
13.0,0.6666667,20.0,2.0,0.9298398835516739,0.90995670995671
13.0,0.6666667,20.0,3.0,0.9298398835516739,0.90995670995671
13.0,0.6666667,20.0,5.0,0.9298398835516739,0.90995670995671
13.0,0.6666667,20.0,8.0,0.9298398835516739,0.90995670995671
13.0,0.6666667,20.0,12.0,0.9298398835516739,0.90995670995671
13.0,0.6666667,20.0,20.0,0.9298398835516739,0.90995670995671
13.0,0.6666667,20.0,32.0,0.9298398835516739,0.90995670995671
13.0,0.6666667,20.0,50.0,0.9254730713245998,0.9125541125541126
13.0,0.6666667,20.0,80.0,0.9179039301310044,0.9064935064935066
13.0,0.6666667,20.0,128.0,0.9106259097525473,0.8995670995670995
13.0,0.7777778,1.0,2.0,0.973216885007278,0.92987012987013
13.0,0.7777778,1.0,3.0,0.973216885007278,0.9272727272727274
13.0,0.7777778,1.0,5.0,0.9726346433770015,0.9272727272727274
13.0,0.7777778,1.0,8.0,0.9688500727802039,0.9272727272727274
13.0,0.7777778,1.0,12.0,0.967103347889374,0.92987012987013
13.0,0.7777778,1.0,20.0,0.9574963609898107,0.9264069264069263
13.0,0.7777778,1.0,32.0,0.9467248908296944,0.9290043290043289
13.0,0.7777778,1.0,50.0,0.9403202328966522,0.9255411255411256
13.0,0.7777778,1.0,80.0,0.9330422125181951,0.9272727272727274
13.0,0.7777778,1.0,128.0,0.924599708879185,0.922077922077922
13.0,0.7777778,3.0,2.0,0.9659388646288211,0.92987012987013
13.0,0.7777778,3.0,3.0,0.9659388646288211,0.92987012987013
13.0,0.7777778,3.0,5.0,0.9659388646288211,0.92987012987013
13.0,0.7777778,3.0,8.0,0.9665211062590975,0.92987012987013
13.0,0.7777778,3.0,12.0,0.9589519650655023,0.9290043290043289
13.0,0.7777778,3.0,20.0,0.9525473071324599,0.9290043290043289
13.0,0.7777778,3.0,32.0,0.9429403202328966,0.9290043290043289
13.0,0.7777778,3.0,50.0,0.9382823871906842,0.9272727272727274
13.0,0.7777778,3.0,80.0,0.9298398835516739,0.9290043290043289
13.0,0.7777778,3.0,128.0,0.9222707423580786,0.922077922077922
13.0,0.7777778,5.0,2.0,0.9577874818049491,0.92987012987013
13.0,0.7777778,5.0,3.0,0.9577874818049491,0.92987012987013
13.0,0.7777778,5.0,5.0,0.9577874818049491,0.92987012987013
13.0,0.7777778,5.0,8.0,0.9577874818049491,0.92987012987013
13.0,0.7777778,5.0,12.0,0.9554585152838427,0.92987012987013
13.0,0.7777778,5.0,20.0,0.9470160116448326,0.9264069264069263
13.0,0.7777778,5.0,32.0,0.9397379912663755,0.9290043290043289
13.0,0.7777778,5.0,50.0,0.9330422125181951,0.9281385281385282
13.0,0.7777778,5.0,80.0,0.9283842794759826,0.92987012987013
13.0,0.7777778,5.0,128.0,0.921688500727802,0.922077922077922
13.0,0.7777778,7.0,2.0,0.9487627365356623,0.92987012987013
13.0,0.7777778,7.0,3.0,0.9487627365356623,0.92987012987013
13.0,0.7777778,7.0,5.0,0.9487627365356623,0.92987012987013
13.0,0.7777778,7.0,8.0,0.9487627365356623,0.92987012987013
13.0,0.7777778,7.0,12.0,0.9487627365356623,0.92987012987013
13.0,0.7777778,7.0,20.0,0.9449781659388646,0.9246753246753248
13.0,0.7777778,7.0,32.0,0.9374090247452692,0.9281385281385282
13.0,0.7777778,7.0,50.0,0.9318777292576419,0.92987012987013
13.0,0.7777778,7.0,80.0,0.9254730713245998,0.9281385281385282
13.0,0.7777778,7.0,128.0,0.9202328966521106,0.922943722943723
13.0,0.7777778,9.0,2.0,0.9426491994177584,0.9281385281385282
13.0,0.7777778,9.0,3.0,0.9426491994177584,0.9281385281385282
13.0,0.7777778,9.0,5.0,0.9426491994177584,0.9281385281385282
13.0,0.7777778,9.0,8.0,0.9426491994177584,0.9281385281385282
13.0,0.7777778,9.0,12.0,0.9426491994177584,0.9281385281385282
13.0,0.7777778,9.0,20.0,0.9423580786026202,0.9272727272727274
13.0,0.7777778,9.0,32.0,0.9379912663755459,0.9281385281385282
13.0,0.7777778,9.0,50.0,0.9312954876273654,0.9272727272727274
13.0,0.7777778,9.0,80.0,0.9257641921397379,0.92987012987013
13.0,0.7777778,9.0,128.0,0.9196506550218342,0.922077922077922
13.0,0.7777778,11.0,2.0,0.9400291120815139,0.9290043290043289
13.0,0.7777778,11.0,3.0,0.9400291120815139,0.9290043290043289
13.0,0.7777778,11.0,5.0,0.9400291120815139,0.9290043290043289
13.0,0.7777778,11.0,8.0,0.9400291120815139,0.9290043290043289
13.0,0.7777778,11.0,12.0,0.9400291120815139,0.9290043290043289
13.0,0.7777778,11.0,20.0,0.9400291120815139,0.9290043290043289
13.0,0.7777778,11.0,32.0,0.9347889374090247,0.9272727272727274
13.0,0.7777778,11.0,50.0,0.9304221251819506,0.9281385281385282
13.0,0.7777778,11.0,80.0,0.9237263464337699,0.9290043290043289
13.0,0.7777778,11.0,128.0,0.918486171761281,0.9238095238095237
13.0,0.7777778,13.0,2.0,0.9356622998544395,0.9281385281385282
13.0,0.7777778,13.0,3.0,0.9356622998544395,0.9281385281385282
13.0,0.7777778,13.0,5.0,0.9356622998544395,0.9281385281385282
13.0,0.7777778,13.0,8.0,0.9356622998544395,0.9281385281385282
13.0,0.7777778,13.0,12.0,0.9356622998544395,0.9281385281385282
13.0,0.7777778,13.0,20.0,0.9356622998544395,0.9281385281385282
13.0,0.7777778,13.0,32.0,0.9344978165938864,0.9255411255411256
13.0,0.7777778,13.0,50.0,0.928675400291121,0.9246753246753248
13.0,0.7777778,13.0,80.0,0.922561863173217,0.9272727272727274
13.0,0.7777778,13.0,128.0,0.9176128093158662,0.9238095238095237
13.0,0.7777778,15.0,2.0,0.9333333333333333,0.922943722943723
13.0,0.7777778,15.0,3.0,0.9333333333333333,0.922943722943723
13.0,0.7777778,15.0,5.0,0.9333333333333333,0.922943722943723
13.0,0.7777778,15.0,8.0,0.9333333333333333,0.922943722943723
13.0,0.7777778,15.0,12.0,0.9333333333333333,0.922943722943723
13.0,0.7777778,15.0,20.0,0.9333333333333333,0.922943722943723
13.0,0.7777778,15.0,32.0,0.9336244541484715,0.9212121212121213
13.0,0.7777778,15.0,50.0,0.928675400291121,0.9212121212121213
13.0,0.7777778,15.0,80.0,0.9208151382823871,0.9212121212121213
13.0,0.7777778,15.0,128.0,0.916448326055313,0.9212121212121211
13.0,0.7777778,17.0,2.0,0.9310043668122271,0.9194805194805195
13.0,0.7777778,17.0,3.0,0.9310043668122271,0.9194805194805195
13.0,0.7777778,17.0,5.0,0.9310043668122271,0.9194805194805195
13.0,0.7777778,17.0,8.0,0.9310043668122271,0.9194805194805195
13.0,0.7777778,17.0,12.0,0.9310043668122271,0.9194805194805195
13.0,0.7777778,17.0,20.0,0.9310043668122271,0.9194805194805195
13.0,0.7777778,17.0,32.0,0.9310043668122271,0.9194805194805195
13.0,0.7777778,17.0,50.0,0.9272197962154294,0.9212121212121213
13.0,0.7777778,17.0,80.0,0.9202328966521106,0.9168831168831169
13.0,0.7777778,17.0,128.0,0.9135371179039302,0.9177489177489176
13.0,0.7777778,20.0,2.0,0.9307132459970887,0.9134199134199135
13.0,0.7777778,20.0,3.0,0.9307132459970887,0.9134199134199135
13.0,0.7777778,20.0,5.0,0.9307132459970887,0.9134199134199135
13.0,0.7777778,20.0,8.0,0.9307132459970887,0.9134199134199135
13.0,0.7777778,20.0,12.0,0.9307132459970887,0.9134199134199135
13.0,0.7777778,20.0,20.0,0.9307132459970887,0.9134199134199135
13.0,0.7777778,20.0,32.0,0.9307132459970887,0.9134199134199135
13.0,0.7777778,20.0,50.0,0.9280931586608443,0.9142857142857143
13.0,0.7777778,20.0,80.0,0.9199417758369723,0.9134199134199135
13.0,0.7777778,20.0,128.0,0.9135371179039302,0.9168831168831169
13.0,0.8888889,1.0,2.0,0.9735080058224164,0.9255411255411256
13.0,0.8888889,1.0,3.0,0.973216885007278,0.9281385281385282
13.0,0.8888889,1.0,5.0,0.9708879184861718,0.9290043290043289
13.0,0.8888889,1.0,8.0,0.9688500727802039,0.9264069264069263
13.0,0.8888889,1.0,12.0,0.9676855895196507,0.9281385281385282
13.0,0.8888889,1.0,20.0,0.9580786026200873,0.922077922077922
13.0,0.8888889,1.0,32.0,0.946433770014556,0.922077922077922
13.0,0.8888889,1.0,50.0,0.9403202328966522,0.922077922077922
13.0,0.8888889,1.0,80.0,0.9321688500727803,0.9186147186147187
13.0,0.8888889,1.0,128.0,0.9231441048034934,0.9238095238095237
13.0,0.8888889,3.0,2.0,0.9668122270742359,0.9264069264069263
13.0,0.8888889,3.0,3.0,0.9668122270742359,0.9264069264069263
13.0,0.8888889,3.0,5.0,0.9668122270742359,0.9264069264069263
13.0,0.8888889,3.0,8.0,0.9641921397379912,0.9264069264069263
13.0,0.8888889,3.0,12.0,0.9612809315866084,0.9281385281385282
13.0,0.8888889,3.0,20.0,0.9516739446870451,0.922077922077922
13.0,0.8888889,3.0,32.0,0.9446870451237264,0.922077922077922
13.0,0.8888889,3.0,50.0,0.9368267831149927,0.9246753246753248
13.0,0.8888889,3.0,80.0,0.9315866084425037,0.922943722943723
13.0,0.8888889,3.0,128.0,0.9211062590975254,0.9238095238095237
13.0,0.8888889,5.0,2.0,0.9583697234352255,0.9264069264069263
13.0,0.8888889,5.0,3.0,0.9583697234352255,0.9264069264069263
13.0,0.8888889,5.0,5.0,0.9583697234352255,0.9264069264069263
13.0,0.8888889,5.0,8.0,0.9583697234352255,0.9264069264069263
13.0,0.8888889,5.0,12.0,0.9557496360989811,0.9281385281385282
13.0,0.8888889,5.0,20.0,0.949344978165939,0.9246753246753248
13.0,0.8888889,5.0,32.0,0.9409024745269287,0.9255411255411256
13.0,0.8888889,5.0,50.0,0.9347889374090247,0.9255411255411256
13.0,0.8888889,5.0,80.0,0.9283842794759825,0.9246753246753248
13.0,0.8888889,5.0,128.0,0.9199417758369723,0.9272727272727274
13.0,0.8888889,7.0,2.0,0.9493449781659388,0.9264069264069263
13.0,0.8888889,7.0,3.0,0.9493449781659388,0.9264069264069263
13.0,0.8888889,7.0,5.0,0.9493449781659388,0.9264069264069263
13.0,0.8888889,7.0,8.0,0.9493449781659388,0.9264069264069263
13.0,0.8888889,7.0,12.0,0.9493449781659388,0.9264069264069263
13.0,0.8888889,7.0,20.0,0.945269286754003,0.9272727272727274
13.0,0.8888889,7.0,32.0,0.9374090247452692,0.9264069264069263
13.0,0.8888889,7.0,50.0,0.9330422125181951,0.9281385281385282
13.0,0.8888889,7.0,80.0,0.9269286754002911,0.9246753246753248
13.0,0.8888889,7.0,128.0,0.9181950509461426,0.9281385281385282
13.0,0.8888889,9.0,2.0,0.944395924308588,0.9246753246753248
13.0,0.8888889,9.0,3.0,0.944395924308588,0.9246753246753248
13.0,0.8888889,9.0,5.0,0.944395924308588,0.9246753246753248
13.0,0.8888889,9.0,8.0,0.944395924308588,0.9246753246753248
13.0,0.8888889,9.0,12.0,0.944395924308588,0.9246753246753248
13.0,0.8888889,9.0,20.0,0.9423580786026202,0.9246753246753248
13.0,0.8888889,9.0,32.0,0.9368267831149927,0.9264069264069263
13.0,0.8888889,9.0,50.0,0.9321688500727803,0.9290043290043289
13.0,0.8888889,9.0,80.0,0.9254730713245998,0.9246753246753248
13.0,0.8888889,9.0,128.0,0.9176128093158662,0.9264069264069263
13.0,0.8888889,11.0,2.0,0.9400291120815139,0.9290043290043289
13.0,0.8888889,11.0,3.0,0.9400291120815139,0.9290043290043289
13.0,0.8888889,11.0,5.0,0.9400291120815139,0.9290043290043289
13.0,0.8888889,11.0,8.0,0.9400291120815139,0.9290043290043289
13.0,0.8888889,11.0,12.0,0.9400291120815139,0.9290043290043289
13.0,0.8888889,11.0,20.0,0.9400291120815139,0.9290043290043289
13.0,0.8888889,11.0,32.0,0.9377001455604075,0.92987012987013
13.0,0.8888889,11.0,50.0,0.9307132459970887,0.9290043290043289
13.0,0.8888889,11.0,80.0,0.924599708879185,0.9246753246753248
13.0,0.8888889,11.0,128.0,0.9170305676855894,0.9255411255411256
13.0,0.8888889,13.0,2.0,0.9371179039301311,0.9316017316017315
13.0,0.8888889,13.0,3.0,0.9371179039301311,0.9316017316017315
13.0,0.8888889,13.0,5.0,0.9371179039301311,0.9316017316017315
13.0,0.8888889,13.0,8.0,0.9371179039301311,0.9316017316017315
13.0,0.8888889,13.0,12.0,0.9371179039301311,0.9316017316017315
13.0,0.8888889,13.0,20.0,0.9371179039301311,0.9316017316017315
13.0,0.8888889,13.0,32.0,0.9344978165938865,0.9264069264069263
13.0,0.8888889,13.0,50.0,0.9278020378457059,0.9281385281385282
13.0,0.8888889,13.0,80.0,0.920524017467249,0.9246753246753248
13.0,0.8888889,13.0,128.0,0.9138282387190685,0.9246753246753248
13.0,0.8888889,15.0,2.0,0.9353711790393013,0.9255411255411256
13.0,0.8888889,15.0,3.0,0.9353711790393013,0.9255411255411256
13.0,0.8888889,15.0,5.0,0.9353711790393013,0.9255411255411256
13.0,0.8888889,15.0,8.0,0.9353711790393013,0.9255411255411256
13.0,0.8888889,15.0,12.0,0.9353711790393013,0.9255411255411256
13.0,0.8888889,15.0,20.0,0.9353711790393013,0.9255411255411256
13.0,0.8888889,15.0,32.0,0.9350800582241631,0.9272727272727274
13.0,0.8888889,15.0,50.0,0.9269286754002911,0.9281385281385282
13.0,0.8888889,15.0,80.0,0.920524017467249,0.9238095238095239
13.0,0.8888889,15.0,128.0,0.9132459970887918,0.9272727272727274
13.0,0.8888889,17.0,2.0,0.9336244541484715,0.922077922077922
13.0,0.8888889,17.0,3.0,0.9336244541484715,0.922077922077922
13.0,0.8888889,17.0,5.0,0.9336244541484715,0.922077922077922
13.0,0.8888889,17.0,8.0,0.9336244541484715,0.922077922077922
13.0,0.8888889,17.0,12.0,0.9336244541484715,0.922077922077922
13.0,0.8888889,17.0,20.0,0.9336244541484715,0.922077922077922
13.0,0.8888889,17.0,32.0,0.9336244541484715,0.922077922077922
13.0,0.8888889,17.0,50.0,0.9266375545851527,0.9255411255411256
13.0,0.8888889,17.0,80.0,0.9187772925764192,0.9203463203463202
13.0,0.8888889,17.0,128.0,0.9120815138282387,0.9238095238095237
13.0,0.8888889,20.0,2.0,0.9304221251819506,0.9186147186147187
13.0,0.8888889,20.0,3.0,0.9304221251819506,0.9186147186147187
13.0,0.8888889,20.0,5.0,0.9304221251819506,0.9186147186147187
13.0,0.8888889,20.0,8.0,0.9304221251819506,0.9186147186147187
13.0,0.8888889,20.0,12.0,0.9304221251819506,0.9186147186147187
13.0,0.8888889,20.0,20.0,0.9304221251819506,0.9186147186147187
13.0,0.8888889,20.0,32.0,0.9304221251819506,0.9186147186147187
13.0,0.8888889,20.0,50.0,0.9260553129548763,0.9203463203463202
13.0,0.8888889,20.0,80.0,0.9187772925764192,0.9212121212121213
13.0,0.8888889,20.0,128.0,0.9109170305676855,0.9194805194805195
13.0,1.0,1.0,2.0,0.973216885007278,0.9255411255411256
13.0,1.0,1.0,3.0,0.9714701601164484,0.9264069264069263
13.0,1.0,1.0,5.0,0.9703056768558952,0.922943722943723
13.0,1.0,1.0,8.0,0.9676855895196507,0.9255411255411256
13.0,1.0,1.0,12.0,0.9641921397379912,0.9272727272727274
13.0,1.0,1.0,20.0,0.9545851528384279,0.9194805194805195
13.0,1.0,1.0,32.0,0.946433770014556,0.9177489177489179
13.0,1.0,1.0,50.0,0.9388646288209607,0.9194805194805195
13.0,1.0,1.0,80.0,0.9286754002911207,0.9168831168831169
13.0,1.0,1.0,128.0,0.9193595342066958,0.9151515151515153
13.0,1.0,3.0,2.0,0.9633187772925764,0.9212121212121213
13.0,1.0,3.0,3.0,0.9633187772925764,0.9212121212121213
13.0,1.0,3.0,5.0,0.9633187772925764,0.9212121212121213
13.0,1.0,3.0,8.0,0.9615720524017467,0.9212121212121213
13.0,1.0,3.0,12.0,0.9583697234352255,0.9203463203463202
13.0,1.0,3.0,20.0,0.9508005822416303,0.9203463203463202
13.0,1.0,3.0,32.0,0.944395924308588,0.9194805194805195
13.0,1.0,3.0,50.0,0.9347889374090247,0.9203463203463202
13.0,1.0,3.0,80.0,0.9254730713245998,0.9168831168831169
13.0,1.0,3.0,128.0,0.9181950509461426,0.9168831168831169
13.0,1.0,5.0,2.0,0.9577874818049491,0.9238095238095237
13.0,1.0,5.0,3.0,0.9577874818049491,0.9238095238095237
13.0,1.0,5.0,5.0,0.9577874818049491,0.9238095238095237
13.0,1.0,5.0,8.0,0.9577874818049491,0.9238095238095237
13.0,1.0,5.0,12.0,0.9540029112081514,0.922943722943723
13.0,1.0,5.0,20.0,0.9473071324599708,0.922077922077922
13.0,1.0,5.0,32.0,0.941193595342067,0.9212121212121213
13.0,1.0,5.0,50.0,0.9327510917030567,0.922077922077922
13.0,1.0,5.0,80.0,0.9228529839883551,0.9177489177489179
13.0,1.0,5.0,128.0,0.9170305676855894,0.9177489177489179
13.0,1.0,7.0,2.0,0.9481804949053856,0.922943722943723
13.0,1.0,7.0,3.0,0.9481804949053856,0.922943722943723
13.0,1.0,7.0,5.0,0.9481804949053856,0.922943722943723
13.0,1.0,7.0,8.0,0.9481804949053856,0.922943722943723
13.0,1.0,7.0,12.0,0.9481804949053856,0.922943722943723
13.0,1.0,7.0,20.0,0.945269286754003,0.922077922077922
13.0,1.0,7.0,32.0,0.9388646288209607,0.9203463203463202
13.0,1.0,7.0,50.0,0.9312954876273654,0.9194805194805195
13.0,1.0,7.0,80.0,0.9213973799126638,0.9151515151515153
13.0,1.0,7.0,128.0,0.9161572052401746,0.9160173160173161
13.0,1.0,9.0,2.0,0.9446870451237264,0.9246753246753248
13.0,1.0,9.0,3.0,0.9446870451237264,0.9246753246753248
13.0,1.0,9.0,5.0,0.9446870451237264,0.9246753246753248
13.0,1.0,9.0,8.0,0.9446870451237264,0.9246753246753248
13.0,1.0,9.0,12.0,0.9446870451237264,0.9246753246753248
13.0,1.0,9.0,20.0,0.9441048034934498,0.9238095238095237
13.0,1.0,9.0,32.0,0.9388646288209607,0.922943722943723
13.0,1.0,9.0,50.0,0.9295487627365355,0.922943722943723
13.0,1.0,9.0,80.0,0.9213973799126638,0.9168831168831169
13.0,1.0,9.0,128.0,0.9161572052401746,0.9177489177489179
13.0,1.0,11.0,2.0,0.9420669577874818,0.9238095238095237
13.0,1.0,11.0,3.0,0.9420669577874818,0.9238095238095237
13.0,1.0,11.0,5.0,0.9420669577874818,0.9238095238095237
13.0,1.0,11.0,8.0,0.9420669577874818,0.9238095238095237
13.0,1.0,11.0,12.0,0.9420669577874818,0.9238095238095237
13.0,1.0,11.0,20.0,0.9420669577874818,0.9238095238095237
13.0,1.0,11.0,32.0,0.9374090247452693,0.922943722943723
13.0,1.0,11.0,50.0,0.9286754002911207,0.922943722943723
13.0,1.0,11.0,80.0,0.9193595342066958,0.9177489177489179
13.0,1.0,11.0,128.0,0.9141193595342066,0.9186147186147187
13.0,1.0,13.0,2.0,0.9397379912663755,0.9238095238095237
13.0,1.0,13.0,3.0,0.9397379912663755,0.9238095238095237
13.0,1.0,13.0,5.0,0.9397379912663755,0.9238095238095237
13.0,1.0,13.0,8.0,0.9397379912663755,0.9238095238095237
13.0,1.0,13.0,12.0,0.9397379912663755,0.9238095238095237
13.0,1.0,13.0,20.0,0.9397379912663755,0.9238095238095237
13.0,1.0,13.0,32.0,0.9368267831149927,0.9238095238095237
13.0,1.0,13.0,50.0,0.9275109170305678,0.922943722943723
13.0,1.0,13.0,80.0,0.9176128093158662,0.9177489177489179
13.0,1.0,13.0,128.0,0.9120815138282387,0.9177489177489179
13.0,1.0,15.0,2.0,0.9365356622998544,0.9212121212121213
13.0,1.0,15.0,3.0,0.9365356622998544,0.9212121212121213
13.0,1.0,15.0,5.0,0.9365356622998544,0.9212121212121213
13.0,1.0,15.0,8.0,0.9365356622998544,0.9212121212121213
13.0,1.0,15.0,12.0,0.9365356622998544,0.9212121212121213
13.0,1.0,15.0,20.0,0.9365356622998544,0.9212121212121213
13.0,1.0,15.0,32.0,0.9359534206695779,0.9212121212121213
13.0,1.0,15.0,50.0,0.9254730713245998,0.9264069264069263
13.0,1.0,15.0,80.0,0.9161572052401746,0.9212121212121213
13.0,1.0,15.0,128.0,0.9114992721979622,0.9203463203463202
13.0,1.0,17.0,2.0,0.9339155749636099,0.9177489177489176
13.0,1.0,17.0,3.0,0.9339155749636099,0.9177489177489176
13.0,1.0,17.0,5.0,0.9339155749636099,0.9177489177489176
13.0,1.0,17.0,8.0,0.9339155749636099,0.9177489177489176
13.0,1.0,17.0,12.0,0.9339155749636099,0.9177489177489176
13.0,1.0,17.0,20.0,0.9339155749636099,0.9177489177489176
13.0,1.0,17.0,32.0,0.9339155749636099,0.9177489177489176
13.0,1.0,17.0,50.0,0.9225618631732168,0.922077922077922
13.0,1.0,17.0,80.0,0.9141193595342066,0.9151515151515153
13.0,1.0,17.0,128.0,0.9100436681222707,0.9151515151515153
13.0,1.0,20.0,2.0,0.9266375545851527,0.9151515151515153
13.0,1.0,20.0,3.0,0.9266375545851527,0.9151515151515153
13.0,1.0,20.0,5.0,0.9266375545851527,0.9151515151515153
13.0,1.0,20.0,8.0,0.9266375545851527,0.9151515151515153
13.0,1.0,20.0,12.0,0.9266375545851527,0.9151515151515153
13.0,1.0,20.0,20.0,0.9266375545851527,0.9151515151515153
13.0,1.0,20.0,32.0,0.9266375545851527,0.9151515151515153
13.0,1.0,20.0,50.0,0.922561863173217,0.9186147186147187
13.0,1.0,20.0,80.0,0.9129548762736535,0.9125541125541126
13.0,1.0,20.0,128.0,0.9094614264919942,0.9125541125541126
20.0,0.0,1.0,2.0,0.9720524017467248,0.9177489177489179
20.0,0.0,1.0,3.0,0.9749636098981078,0.9194805194805195
20.0,0.0,1.0,5.0,0.9714701601164484,0.9160173160173161
20.0,0.0,1.0,8.0,0.9668122270742359,0.9142857142857143
20.0,0.0,1.0,12.0,0.9653566229985444,0.9134199134199135
20.0,0.0,1.0,20.0,0.9574963609898107,0.9125541125541126
20.0,0.0,1.0,32.0,0.946433770014556,0.9064935064935066
20.0,0.0,1.0,50.0,0.9382823871906842,0.8969696969696969
20.0,0.0,1.0,80.0,0.9260553129548763,0.8857142857142858
20.0,0.0,1.0,128.0,0.9077147016011645,0.864935064935065
20.0,0.0,3.0,2.0,0.9641921397379912,0.9082251082251082
20.0,0.0,3.0,3.0,0.9641921397379912,0.9082251082251082
20.0,0.0,3.0,5.0,0.9641921397379912,0.9082251082251082
20.0,0.0,3.0,8.0,0.9601164483260554,0.9125541125541126
20.0,0.0,3.0,12.0,0.9580786026200873,0.9134199134199135
20.0,0.0,3.0,20.0,0.9519650655021834,0.9056277056277056
20.0,0.0,3.0,32.0,0.9432314410480348,0.9004329004329005
20.0,0.0,3.0,50.0,0.9353711790393013,0.8926406926406927
20.0,0.0,3.0,80.0,0.9231441048034934,0.8779220779220779
20.0,0.0,3.0,128.0,0.9050946142649199,0.8623376623376624
20.0,0.0,5.0,2.0,0.9537117903930131,0.9030303030303031
20.0,0.0,5.0,3.0,0.9537117903930131,0.9030303030303031
20.0,0.0,5.0,5.0,0.9537117903930131,0.9030303030303031
20.0,0.0,5.0,8.0,0.9537117903930131,0.9030303030303031
20.0,0.0,5.0,12.0,0.9513828238719068,0.9064935064935066
20.0,0.0,5.0,20.0,0.945269286754003,0.9012987012987013
20.0,0.0,5.0,32.0,0.9394468704512372,0.9012987012987013
20.0,0.0,5.0,50.0,0.9327510917030567,0.8874458874458874
20.0,0.0,5.0,80.0,0.9211062590975254,0.8753246753246753
20.0,0.0,5.0,128.0,0.9053857350800583,0.864069264069264
20.0,0.0,7.0,2.0,0.946433770014556,0.9012987012987013
20.0,0.0,7.0,3.0,0.946433770014556,0.9012987012987013
20.0,0.0,7.0,5.0,0.946433770014556,0.9012987012987013
20.0,0.0,7.0,8.0,0.946433770014556,0.9012987012987013
20.0,0.0,7.0,12.0,0.946433770014556,0.9012987012987013
20.0,0.0,7.0,20.0,0.9435225618631732,0.8995670995670995
20.0,0.0,7.0,32.0,0.9368267831149927,0.8943722943722945
20.0,0.0,7.0,50.0,0.9301310043668123,0.8865800865800866
20.0,0.0,7.0,80.0,0.9193595342066958,0.8770562770562771
20.0,0.0,7.0,128.0,0.9042212518195051,0.8606060606060606
20.0,0.0,9.0,2.0,0.9406113537117904,0.8969696969696969
20.0,0.0,9.0,3.0,0.9406113537117904,0.8969696969696969
20.0,0.0,9.0,5.0,0.9406113537117904,0.8969696969696969
20.0,0.0,9.0,8.0,0.9406113537117904,0.8969696969696969
20.0,0.0,9.0,12.0,0.9406113537117904,0.8969696969696969
20.0,0.0,9.0,20.0,0.9388646288209607,0.8987012987012987
20.0,0.0,9.0,32.0,0.9342066957787483,0.8917748917748918
20.0,0.0,9.0,50.0,0.9269286754002911,0.8822510822510822
20.0,0.0,9.0,80.0,0.9176128093158662,0.8753246753246753
20.0,0.0,9.0,128.0,0.9016011644832606,0.8606060606060606
20.0,0.0,11.0,2.0,0.9356622998544395,0.8926406926406927
20.0,0.0,11.0,3.0,0.9356622998544395,0.8926406926406927
20.0,0.0,11.0,5.0,0.9356622998544395,0.8926406926406927
20.0,0.0,11.0,8.0,0.9356622998544395,0.8926406926406927
20.0,0.0,11.0,12.0,0.9356622998544395,0.8926406926406927
20.0,0.0,11.0,20.0,0.9356622998544395,0.8926406926406927
20.0,0.0,11.0,32.0,0.9333333333333332,0.8848484848484848
20.0,0.0,11.0,50.0,0.9263464337700146,0.8779220779220779
20.0,0.0,11.0,80.0,0.916448326055313,0.8727272727272727
20.0,0.0,11.0,128.0,0.9018922852983987,0.8588744588744589
20.0,0.0,13.0,2.0,0.9327510917030567,0.8874458874458874
20.0,0.0,13.0,3.0,0.9327510917030567,0.8874458874458874
20.0,0.0,13.0,5.0,0.9327510917030567,0.8874458874458874
20.0,0.0,13.0,8.0,0.9327510917030567,0.8874458874458874
20.0,0.0,13.0,12.0,0.9327510917030567,0.8874458874458874
20.0,0.0,13.0,20.0,0.9327510917030567,0.8874458874458874
20.0,0.0,13.0,32.0,0.9310043668122271,0.8822510822510823
20.0,0.0,13.0,50.0,0.9248908296943231,0.8753246753246753
20.0,0.0,13.0,80.0,0.9135371179039302,0.8718614718614719
20.0,0.0,13.0,128.0,0.8995633187772926,0.8580086580086579
20.0,0.0,15.0,2.0,0.9304221251819506,0.8796536796536797
20.0,0.0,15.0,3.0,0.9304221251819506,0.8796536796536797
20.0,0.0,15.0,5.0,0.9304221251819506,0.8796536796536797
20.0,0.0,15.0,8.0,0.9304221251819506,0.8796536796536797
20.0,0.0,15.0,12.0,0.9304221251819506,0.8796536796536797
20.0,0.0,15.0,20.0,0.9304221251819506,0.8796536796536797
20.0,0.0,15.0,32.0,0.9304221251819506,0.8805194805194805
20.0,0.0,15.0,50.0,0.9222707423580786,0.8753246753246753
20.0,0.0,15.0,80.0,0.9117903930131004,0.8701298701298701
20.0,0.0,15.0,128.0,0.8986899563318778,0.8597402597402597
20.0,0.0,17.0,2.0,0.9248908296943231,0.8770562770562771
20.0,0.0,17.0,3.0,0.9248908296943231,0.8770562770562771
20.0,0.0,17.0,5.0,0.9248908296943231,0.8770562770562771
20.0,0.0,17.0,8.0,0.9248908296943231,0.8770562770562771
20.0,0.0,17.0,12.0,0.9248908296943231,0.8770562770562771
20.0,0.0,17.0,20.0,0.9248908296943231,0.8770562770562771
20.0,0.0,17.0,32.0,0.9248908296943231,0.8770562770562771
20.0,0.0,17.0,50.0,0.9222707423580786,0.8744588744588745
20.0,0.0,17.0,80.0,0.9114992721979622,0.8675324675324674
20.0,0.0,17.0,128.0,0.8981077147016011,0.8580086580086579
20.0,0.0,20.0,2.0,0.9208151382823871,0.8718614718614719
20.0,0.0,20.0,3.0,0.9208151382823871,0.8718614718614719
20.0,0.0,20.0,5.0,0.9208151382823871,0.8718614718614719
20.0,0.0,20.0,8.0,0.9208151382823871,0.8718614718614719
20.0,0.0,20.0,12.0,0.9208151382823871,0.8718614718614719
20.0,0.0,20.0,20.0,0.9208151382823871,0.8718614718614719
20.0,0.0,20.0,32.0,0.9208151382823871,0.8718614718614719
20.0,0.0,20.0,50.0,0.9181950509461426,0.870995670995671
20.0,0.0,20.0,80.0,0.9100436681222707,0.8666666666666666
20.0,0.0,20.0,128.0,0.8946142649199418,0.8562770562770563
20.0,0.11111111,1.0,2.0,0.9720524017467248,0.9177489177489179
20.0,0.11111111,1.0,3.0,0.9749636098981078,0.9194805194805195
20.0,0.11111111,1.0,5.0,0.9714701601164484,0.9160173160173161
20.0,0.11111111,1.0,8.0,0.9668122270742359,0.9142857142857143
20.0,0.11111111,1.0,12.0,0.9653566229985444,0.9134199134199135
20.0,0.11111111,1.0,20.0,0.9574963609898107,0.9125541125541126
20.0,0.11111111,1.0,32.0,0.946433770014556,0.9064935064935066
20.0,0.11111111,1.0,50.0,0.9382823871906842,0.8969696969696969
20.0,0.11111111,1.0,80.0,0.9260553129548763,0.8857142857142858
20.0,0.11111111,1.0,128.0,0.9077147016011645,0.864935064935065
20.0,0.11111111,3.0,2.0,0.9641921397379912,0.9082251082251082
20.0,0.11111111,3.0,3.0,0.9641921397379912,0.9082251082251082
20.0,0.11111111,3.0,5.0,0.9641921397379912,0.9082251082251082
20.0,0.11111111,3.0,8.0,0.9601164483260554,0.9125541125541126
20.0,0.11111111,3.0,12.0,0.9580786026200873,0.9134199134199135
20.0,0.11111111,3.0,20.0,0.9519650655021834,0.9056277056277056
20.0,0.11111111,3.0,32.0,0.9432314410480348,0.9004329004329005
20.0,0.11111111,3.0,50.0,0.9353711790393013,0.8926406926406927
20.0,0.11111111,3.0,80.0,0.9231441048034934,0.8779220779220779
20.0,0.11111111,3.0,128.0,0.9050946142649199,0.8623376623376624
20.0,0.11111111,5.0,2.0,0.9537117903930131,0.9030303030303031
20.0,0.11111111,5.0,3.0,0.9537117903930131,0.9030303030303031
20.0,0.11111111,5.0,5.0,0.9537117903930131,0.9030303030303031
20.0,0.11111111,5.0,8.0,0.9537117903930131,0.9030303030303031
20.0,0.11111111,5.0,12.0,0.9513828238719068,0.9064935064935066
20.0,0.11111111,5.0,20.0,0.945269286754003,0.9012987012987013
20.0,0.11111111,5.0,32.0,0.9394468704512372,0.9012987012987013
20.0,0.11111111,5.0,50.0,0.9327510917030567,0.8874458874458874
20.0,0.11111111,5.0,80.0,0.9211062590975254,0.8753246753246753
20.0,0.11111111,5.0,128.0,0.9053857350800583,0.864069264069264
20.0,0.11111111,7.0,2.0,0.946433770014556,0.9012987012987013
20.0,0.11111111,7.0,3.0,0.946433770014556,0.9012987012987013
20.0,0.11111111,7.0,5.0,0.946433770014556,0.9012987012987013
20.0,0.11111111,7.0,8.0,0.946433770014556,0.9012987012987013
20.0,0.11111111,7.0,12.0,0.946433770014556,0.9012987012987013
20.0,0.11111111,7.0,20.0,0.9435225618631732,0.8995670995670995
20.0,0.11111111,7.0,32.0,0.9368267831149927,0.8943722943722945
20.0,0.11111111,7.0,50.0,0.9301310043668123,0.8865800865800866
20.0,0.11111111,7.0,80.0,0.9193595342066958,0.8770562770562771
20.0,0.11111111,7.0,128.0,0.9042212518195051,0.8606060606060606
20.0,0.11111111,9.0,2.0,0.9406113537117904,0.8969696969696969
20.0,0.11111111,9.0,3.0,0.9406113537117904,0.8969696969696969
20.0,0.11111111,9.0,5.0,0.9406113537117904,0.8969696969696969
20.0,0.11111111,9.0,8.0,0.9406113537117904,0.8969696969696969
20.0,0.11111111,9.0,12.0,0.9406113537117904,0.8969696969696969
20.0,0.11111111,9.0,20.0,0.9388646288209607,0.8987012987012987
20.0,0.11111111,9.0,32.0,0.9342066957787483,0.8917748917748918
20.0,0.11111111,9.0,50.0,0.9269286754002911,0.8822510822510822
20.0,0.11111111,9.0,80.0,0.9176128093158662,0.8753246753246753
20.0,0.11111111,9.0,128.0,0.9016011644832606,0.8606060606060606
20.0,0.11111111,11.0,2.0,0.9356622998544395,0.8926406926406927
20.0,0.11111111,11.0,3.0,0.9356622998544395,0.8926406926406927
20.0,0.11111111,11.0,5.0,0.9356622998544395,0.8926406926406927
20.0,0.11111111,11.0,8.0,0.9356622998544395,0.8926406926406927
20.0,0.11111111,11.0,12.0,0.9356622998544395,0.8926406926406927
20.0,0.11111111,11.0,20.0,0.9356622998544395,0.8926406926406927
20.0,0.11111111,11.0,32.0,0.9333333333333332,0.8848484848484848
20.0,0.11111111,11.0,50.0,0.9263464337700146,0.8779220779220779
20.0,0.11111111,11.0,80.0,0.916448326055313,0.8727272727272727
20.0,0.11111111,11.0,128.0,0.9018922852983987,0.8588744588744589
20.0,0.11111111,13.0,2.0,0.9327510917030567,0.8874458874458874
20.0,0.11111111,13.0,3.0,0.9327510917030567,0.8874458874458874
20.0,0.11111111,13.0,5.0,0.9327510917030567,0.8874458874458874
20.0,0.11111111,13.0,8.0,0.9327510917030567,0.8874458874458874
20.0,0.11111111,13.0,12.0,0.9327510917030567,0.8874458874458874
20.0,0.11111111,13.0,20.0,0.9327510917030567,0.8874458874458874
20.0,0.11111111,13.0,32.0,0.9310043668122271,0.8822510822510823
20.0,0.11111111,13.0,50.0,0.9248908296943231,0.8753246753246753
20.0,0.11111111,13.0,80.0,0.9135371179039302,0.8718614718614719
20.0,0.11111111,13.0,128.0,0.8995633187772926,0.8580086580086579
20.0,0.11111111,15.0,2.0,0.9304221251819506,0.8796536796536797
20.0,0.11111111,15.0,3.0,0.9304221251819506,0.8796536796536797
20.0,0.11111111,15.0,5.0,0.9304221251819506,0.8796536796536797
20.0,0.11111111,15.0,8.0,0.9304221251819506,0.8796536796536797
20.0,0.11111111,15.0,12.0,0.9304221251819506,0.8796536796536797
20.0,0.11111111,15.0,20.0,0.9304221251819506,0.8796536796536797
20.0,0.11111111,15.0,32.0,0.9304221251819506,0.8805194805194805
20.0,0.11111111,15.0,50.0,0.9222707423580786,0.8753246753246753
20.0,0.11111111,15.0,80.0,0.9117903930131004,0.8701298701298701
20.0,0.11111111,15.0,128.0,0.8986899563318778,0.8597402597402597
20.0,0.11111111,17.0,2.0,0.9248908296943231,0.8770562770562771
20.0,0.11111111,17.0,3.0,0.9248908296943231,0.8770562770562771
20.0,0.11111111,17.0,5.0,0.9248908296943231,0.8770562770562771
20.0,0.11111111,17.0,8.0,0.9248908296943231,0.8770562770562771
20.0,0.11111111,17.0,12.0,0.9248908296943231,0.8770562770562771
20.0,0.11111111,17.0,20.0,0.9248908296943231,0.8770562770562771
20.0,0.11111111,17.0,32.0,0.9248908296943231,0.8770562770562771
20.0,0.11111111,17.0,50.0,0.9222707423580786,0.8744588744588745
20.0,0.11111111,17.0,80.0,0.9114992721979622,0.8675324675324674
20.0,0.11111111,17.0,128.0,0.8981077147016011,0.8580086580086579
20.0,0.11111111,20.0,2.0,0.9208151382823871,0.8718614718614719
20.0,0.11111111,20.0,3.0,0.9208151382823871,0.8718614718614719
20.0,0.11111111,20.0,5.0,0.9208151382823871,0.8718614718614719
20.0,0.11111111,20.0,8.0,0.9208151382823871,0.8718614718614719
20.0,0.11111111,20.0,12.0,0.9208151382823871,0.8718614718614719
20.0,0.11111111,20.0,20.0,0.9208151382823871,0.8718614718614719
20.0,0.11111111,20.0,32.0,0.9208151382823871,0.8718614718614719
20.0,0.11111111,20.0,50.0,0.9181950509461426,0.870995670995671
20.0,0.11111111,20.0,80.0,0.9100436681222707,0.8666666666666666
20.0,0.11111111,20.0,128.0,0.8946142649199418,0.8562770562770563
20.0,0.22222222,1.0,2.0,0.9746724890829694,0.9238095238095237
20.0,0.22222222,1.0,3.0,0.9743813682678312,0.9255411255411256
20.0,0.22222222,1.0,5.0,0.9726346433770015,0.9212121212121213
20.0,0.22222222,1.0,8.0,0.9685589519650655,0.9186147186147187
20.0,0.22222222,1.0,12.0,0.9662299854439592,0.9186147186147187
20.0,0.22222222,1.0,20.0,0.9592430858806404,0.9203463203463202
20.0,0.22222222,1.0,32.0,0.9499272197962154,0.9177489177489179
20.0,0.22222222,1.0,50.0,0.9403202328966522,0.9125541125541126
20.0,0.22222222,1.0,80.0,0.9304221251819506,0.9056277056277056
20.0,0.22222222,1.0,128.0,0.916448326055313,0.8857142857142858
20.0,0.22222222,3.0,2.0,0.9647743813682679,0.9203463203463202
20.0,0.22222222,3.0,3.0,0.9647743813682679,0.9203463203463202
20.0,0.22222222,3.0,5.0,0.9647743813682679,0.9203463203463202
20.0,0.22222222,3.0,8.0,0.9639010189228531,0.9186147186147187
20.0,0.22222222,3.0,12.0,0.9595342066957787,0.9168831168831169
20.0,0.22222222,3.0,20.0,0.9528384279475983,0.9168831168831169
20.0,0.22222222,3.0,32.0,0.9438136826783114,0.9142857142857143
20.0,0.22222222,3.0,50.0,0.9379912663755459,0.9108225108225108
20.0,0.22222222,3.0,80.0,0.9263464337700146,0.8995670995670995
20.0,0.22222222,3.0,128.0,0.9129548762736535,0.8796536796536797
20.0,0.22222222,5.0,2.0,0.9574963609898107,0.9186147186147187
20.0,0.22222222,5.0,3.0,0.9574963609898107,0.9186147186147187
20.0,0.22222222,5.0,5.0,0.9574963609898107,0.9186147186147187
20.0,0.22222222,5.0,8.0,0.9574963609898107,0.9186147186147187
20.0,0.22222222,5.0,12.0,0.9557496360989811,0.9142857142857143
20.0,0.22222222,5.0,20.0,0.9499272197962154,0.90995670995671
20.0,0.22222222,5.0,32.0,0.9420669577874818,0.9116883116883117
20.0,0.22222222,5.0,50.0,0.9350800582241631,0.9056277056277056
20.0,0.22222222,5.0,80.0,0.9257641921397379,0.8961038961038961
20.0,0.22222222,5.0,128.0,0.9106259097525473,0.8787878787878787
20.0,0.22222222,7.0,2.0,0.9510917030567686,0.9108225108225108
20.0,0.22222222,7.0,3.0,0.9510917030567686,0.9108225108225108
20.0,0.22222222,7.0,5.0,0.9510917030567686,0.9108225108225108
20.0,0.22222222,7.0,8.0,0.9510917030567686,0.9108225108225108
20.0,0.22222222,7.0,12.0,0.9510917030567686,0.9108225108225108
20.0,0.22222222,7.0,20.0,0.9467248908296944,0.90995670995671
20.0,0.22222222,7.0,32.0,0.9414847161572052,0.9073593073593074
20.0,0.22222222,7.0,50.0,0.9321688500727803,0.9064935064935066
20.0,0.22222222,7.0,80.0,0.9228529839883551,0.8926406926406927
20.0,0.22222222,7.0,128.0,0.9091703056768559,0.8787878787878787
20.0,0.22222222,9.0,2.0,0.9438136826783114,0.9073593073593074
20.0,0.22222222,9.0,3.0,0.9438136826783114,0.9073593073593074
20.0,0.22222222,9.0,5.0,0.9438136826783114,0.9073593073593074
20.0,0.22222222,9.0,8.0,0.9438136826783114,0.9073593073593074
20.0,0.22222222,9.0,12.0,0.9438136826783114,0.9073593073593074
20.0,0.22222222,9.0,20.0,0.9438136826783114,0.9082251082251082
20.0,0.22222222,9.0,32.0,0.939155749636099,0.9082251082251082
20.0,0.22222222,9.0,50.0,0.9318777292576419,0.9004329004329005
20.0,0.22222222,9.0,80.0,0.9222707423580786,0.8909090909090909
20.0,0.22222222,9.0,128.0,0.9088791848617177,0.8779220779220779
20.0,0.22222222,11.0,2.0,0.9409024745269287,0.9012987012987013
20.0,0.22222222,11.0,3.0,0.9409024745269287,0.9012987012987013
20.0,0.22222222,11.0,5.0,0.9409024745269287,0.9012987012987013
20.0,0.22222222,11.0,8.0,0.9409024745269287,0.9012987012987013
20.0,0.22222222,11.0,12.0,0.9409024745269287,0.9012987012987013
20.0,0.22222222,11.0,20.0,0.9409024745269287,0.9012987012987013
20.0,0.22222222,11.0,32.0,0.9368267831149927,0.9021645021645022
20.0,0.22222222,11.0,50.0,0.9292576419213974,0.9004329004329005
20.0,0.22222222,11.0,80.0,0.9219796215429403,0.8891774891774892
20.0,0.22222222,11.0,128.0,0.9077147016011645,0.8779220779220779
20.0,0.22222222,13.0,2.0,0.9371179039301311,0.9004329004329005
20.0,0.22222222,13.0,3.0,0.9371179039301311,0.9004329004329005
20.0,0.22222222,13.0,5.0,0.9371179039301311,0.9004329004329005
20.0,0.22222222,13.0,8.0,0.9371179039301311,0.9004329004329005
20.0,0.22222222,13.0,12.0,0.9371179039301311,0.9004329004329005
20.0,0.22222222,13.0,20.0,0.9371179039301311,0.9004329004329005
20.0,0.22222222,13.0,32.0,0.9362445414847163,0.9030303030303031
20.0,0.22222222,13.0,50.0,0.9295487627365357,0.8978354978354979
20.0,0.22222222,13.0,80.0,0.921688500727802,0.8883116883116884
20.0,0.22222222,13.0,128.0,0.9053857350800583,0.8744588744588745
20.0,0.22222222,15.0,2.0,0.9350800582241631,0.8987012987012987
20.0,0.22222222,15.0,3.0,0.9350800582241631,0.8987012987012987
20.0,0.22222222,15.0,5.0,0.9350800582241631,0.8987012987012987
20.0,0.22222222,15.0,8.0,0.9350800582241631,0.8987012987012987
20.0,0.22222222,15.0,12.0,0.9350800582241631,0.8987012987012987
20.0,0.22222222,15.0,20.0,0.9350800582241631,0.8987012987012987
20.0,0.22222222,15.0,32.0,0.9342066957787483,0.9004329004329005
20.0,0.22222222,15.0,50.0,0.9286754002911207,0.8961038961038961
20.0,0.22222222,15.0,80.0,0.9196506550218342,0.8891774891774892
20.0,0.22222222,15.0,128.0,0.9039301310043669,0.8735930735930737
20.0,0.22222222,17.0,2.0,0.9333333333333333,0.8978354978354979
20.0,0.22222222,17.0,3.0,0.9333333333333333,0.8978354978354979
20.0,0.22222222,17.0,5.0,0.9333333333333333,0.8978354978354979
20.0,0.22222222,17.0,8.0,0.9333333333333333,0.8978354978354979
20.0,0.22222222,17.0,12.0,0.9333333333333333,0.8978354978354979
20.0,0.22222222,17.0,20.0,0.9333333333333333,0.8978354978354979
20.0,0.22222222,17.0,32.0,0.9333333333333333,0.8978354978354979
20.0,0.22222222,17.0,50.0,0.9272197962154294,0.8935064935064935
20.0,0.22222222,17.0,80.0,0.9173216885007278,0.883982683982684
20.0,0.22222222,17.0,128.0,0.9027656477438137,0.8744588744588745
20.0,0.22222222,20.0,2.0,0.9292576419213974,0.8952380952380953
20.0,0.22222222,20.0,3.0,0.9292576419213974,0.8952380952380953
20.0,0.22222222,20.0,5.0,0.9292576419213974,0.8952380952380953
20.0,0.22222222,20.0,8.0,0.9292576419213974,0.8952380952380953
20.0,0.22222222,20.0,12.0,0.9292576419213974,0.8952380952380953
20.0,0.22222222,20.0,20.0,0.9292576419213974,0.8952380952380953
20.0,0.22222222,20.0,32.0,0.9292576419213974,0.8952380952380953
20.0,0.22222222,20.0,50.0,0.9243085880640466,0.8926406926406927
20.0,0.22222222,20.0,80.0,0.9158660844250364,0.8813852813852814
20.0,0.22222222,20.0,128.0,0.8998544395924309,0.870995670995671
20.0,0.33333334,1.0,2.0,0.9755458515283844,0.9186147186147187
20.0,0.33333334,1.0,3.0,0.9761280931586608,0.9255411255411256
20.0,0.33333334,1.0,5.0,0.9737991266375545,0.9203463203463202
20.0,0.33333334,1.0,8.0,0.9697234352256187,0.9186147186147187
20.0,0.33333334,1.0,12.0,0.9668122270742359,0.9194805194805195
20.0,0.33333334,1.0,20.0,0.9577874818049491,0.9194805194805195
20.0,0.33333334,1.0,32.0,0.9478893740902474,0.9203463203463202
20.0,0.33333334,1.0,50.0,0.9406113537117904,0.9134199134199135
20.0,0.33333334,1.0,80.0,0.9280931586608443,0.9116883116883117
20.0,0.33333334,1.0,128.0,0.9193595342066958,0.8926406926406927
20.0,0.33333334,3.0,2.0,0.9659388646288211,0.9203463203463202
20.0,0.33333334,3.0,3.0,0.9659388646288211,0.9203463203463202
20.0,0.33333334,3.0,5.0,0.9659388646288211,0.9203463203463202
20.0,0.33333334,3.0,8.0,0.9650655021834063,0.9194805194805195
20.0,0.33333334,3.0,12.0,0.9615720524017467,0.9186147186147187
20.0,0.33333334,3.0,20.0,0.9510917030567686,0.9194805194805195
20.0,0.33333334,3.0,32.0,0.9446870451237264,0.9177489177489179
20.0,0.33333334,3.0,50.0,0.9371179039301311,0.9160173160173161
20.0,0.33333334,3.0,80.0,0.9248908296943231,0.9108225108225108
20.0,0.33333334,3.0,128.0,0.9176128093158662,0.8926406926406927
20.0,0.33333334,5.0,2.0,0.9577874818049491,0.9194805194805195
20.0,0.33333334,5.0,3.0,0.9577874818049491,0.9194805194805195
20.0,0.33333334,5.0,5.0,0.9577874818049491,0.9194805194805195
20.0,0.33333334,5.0,8.0,0.9577874818049491,0.9194805194805195
20.0,0.33333334,5.0,12.0,0.9557496360989811,0.9203463203463202
20.0,0.33333334,5.0,20.0,0.9481804949053856,0.9168831168831169
20.0,0.33333334,5.0,32.0,0.9417758369723435,0.9194805194805195
20.0,0.33333334,5.0,50.0,0.9339155749636099,0.9116883116883117
20.0,0.33333334,5.0,80.0,0.9237263464337702,0.9064935064935066
20.0,0.33333334,5.0,128.0,0.9152838427947598,0.8909090909090909
20.0,0.33333334,7.0,2.0,0.9487627365356623,0.9151515151515153
20.0,0.33333334,7.0,3.0,0.9487627365356623,0.9151515151515153
20.0,0.33333334,7.0,5.0,0.9487627365356623,0.9151515151515153
20.0,0.33333334,7.0,8.0,0.9487627365356623,0.9151515151515153
20.0,0.33333334,7.0,12.0,0.9487627365356623,0.9151515151515153
20.0,0.33333334,7.0,20.0,0.9461426491994178,0.9151515151515153
20.0,0.33333334,7.0,32.0,0.941193595342067,0.9168831168831169
20.0,0.33333334,7.0,50.0,0.9312954876273654,0.90995670995671
20.0,0.33333334,7.0,80.0,0.9234352256186318,0.9047619047619048
20.0,0.33333334,7.0,128.0,0.9138282387190685,0.8917748917748918
20.0,0.33333334,9.0,2.0,0.9452692867540028,0.9116883116883117
20.0,0.33333334,9.0,3.0,0.9452692867540028,0.9116883116883117
20.0,0.33333334,9.0,5.0,0.9452692867540028,0.9116883116883117
20.0,0.33333334,9.0,8.0,0.9452692867540028,0.9116883116883117
20.0,0.33333334,9.0,12.0,0.9452692867540028,0.9116883116883117
20.0,0.33333334,9.0,20.0,0.944395924308588,0.9134199134199135
20.0,0.33333334,9.0,32.0,0.9374090247452692,0.9134199134199135
20.0,0.33333334,9.0,50.0,0.9318777292576419,0.9073593073593074
20.0,0.33333334,9.0,80.0,0.9219796215429403,0.9047619047619048
20.0,0.33333334,9.0,128.0,0.9132459970887918,0.8891774891774892
20.0,0.33333334,11.0,2.0,0.941193595342067,0.9125541125541126
20.0,0.33333334,11.0,3.0,0.941193595342067,0.9125541125541126
20.0,0.33333334,11.0,5.0,0.941193595342067,0.9125541125541126
20.0,0.33333334,11.0,8.0,0.941193595342067,0.9125541125541126
20.0,0.33333334,11.0,12.0,0.941193595342067,0.9125541125541126
20.0,0.33333334,11.0,20.0,0.941193595342067,0.9125541125541126
20.0,0.33333334,11.0,32.0,0.9377001455604075,0.90995670995671
20.0,0.33333334,11.0,50.0,0.9310043668122271,0.9030303030303031
20.0,0.33333334,11.0,80.0,0.9202328966521106,0.9004329004329005
20.0,0.33333334,11.0,128.0,0.9129548762736535,0.8891774891774892
20.0,0.33333334,13.0,2.0,0.9385735080058224,0.9064935064935066
20.0,0.33333334,13.0,3.0,0.9385735080058224,0.9064935064935066
20.0,0.33333334,13.0,5.0,0.9385735080058224,0.9064935064935066
20.0,0.33333334,13.0,8.0,0.9385735080058224,0.9064935064935066
20.0,0.33333334,13.0,12.0,0.9385735080058224,0.9064935064935066
20.0,0.33333334,13.0,20.0,0.9385735080058224,0.9064935064935066
20.0,0.33333334,13.0,32.0,0.9365356622998544,0.9090909090909092
20.0,0.33333334,13.0,50.0,0.9298398835516739,0.903896103896104
20.0,0.33333334,13.0,80.0,0.9179039301310044,0.8995670995670995
20.0,0.33333334,13.0,128.0,0.9112081513828238,0.8883116883116884
20.0,0.33333334,15.0,2.0,0.9353711790393013,0.9047619047619048
20.0,0.33333334,15.0,3.0,0.9353711790393013,0.9047619047619048
20.0,0.33333334,15.0,5.0,0.9353711790393013,0.9047619047619048
20.0,0.33333334,15.0,8.0,0.9353711790393013,0.9047619047619048
20.0,0.33333334,15.0,12.0,0.9353711790393013,0.9047619047619048
20.0,0.33333334,15.0,20.0,0.9353711790393013,0.9047619047619048
20.0,0.33333334,15.0,32.0,0.9339155749636099,0.9064935064935066
20.0,0.33333334,15.0,50.0,0.9298398835516739,0.9030303030303031
20.0,0.33333334,15.0,80.0,0.9179039301310044,0.8969696969696969
20.0,0.33333334,15.0,128.0,0.9094614264919942,0.8848484848484848
20.0,0.33333334,17.0,2.0,0.9324599708879185,0.903896103896104
20.0,0.33333334,17.0,3.0,0.9324599708879185,0.903896103896104
20.0,0.33333334,17.0,5.0,0.9324599708879185,0.903896103896104
20.0,0.33333334,17.0,8.0,0.9324599708879185,0.903896103896104
20.0,0.33333334,17.0,12.0,0.9324599708879185,0.903896103896104
20.0,0.33333334,17.0,20.0,0.9324599708879185,0.903896103896104
20.0,0.33333334,17.0,32.0,0.9324599708879185,0.903896103896104
20.0,0.33333334,17.0,50.0,0.9278020378457059,0.9012987012987013
20.0,0.33333334,17.0,80.0,0.9173216885007278,0.8961038961038961
20.0,0.33333334,17.0,128.0,0.9071324599708879,0.8805194805194805
20.0,0.33333334,20.0,2.0,0.9295487627365357,0.9012987012987013
20.0,0.33333334,20.0,3.0,0.9295487627365357,0.9012987012987013
20.0,0.33333334,20.0,5.0,0.9295487627365357,0.9012987012987013
20.0,0.33333334,20.0,8.0,0.9295487627365357,0.9012987012987013
20.0,0.33333334,20.0,12.0,0.9295487627365357,0.9012987012987013
20.0,0.33333334,20.0,20.0,0.9295487627365357,0.9012987012987013
20.0,0.33333334,20.0,32.0,0.9295487627365357,0.9012987012987013
20.0,0.33333334,20.0,50.0,0.9254730713245998,0.8995670995670995
20.0,0.33333334,20.0,80.0,0.914410480349345,0.8952380952380953
20.0,0.33333334,20.0,128.0,0.9042212518195051,0.8796536796536797
20.0,0.44444445,1.0,2.0,0.9755458515283844,0.9186147186147187
20.0,0.44444445,1.0,3.0,0.9761280931586608,0.9255411255411256
20.0,0.44444445,1.0,5.0,0.9737991266375545,0.9203463203463202
20.0,0.44444445,1.0,8.0,0.9697234352256187,0.9186147186147187
20.0,0.44444445,1.0,12.0,0.9668122270742359,0.9194805194805195
20.0,0.44444445,1.0,20.0,0.9577874818049491,0.9194805194805195
20.0,0.44444445,1.0,32.0,0.9478893740902474,0.9203463203463202
20.0,0.44444445,1.0,50.0,0.9406113537117904,0.9134199134199135
20.0,0.44444445,1.0,80.0,0.9280931586608443,0.9116883116883117
20.0,0.44444445,1.0,128.0,0.9193595342066958,0.8926406926406927
20.0,0.44444445,3.0,2.0,0.9659388646288211,0.9203463203463202
20.0,0.44444445,3.0,3.0,0.9659388646288211,0.9203463203463202
20.0,0.44444445,3.0,5.0,0.9659388646288211,0.9203463203463202
20.0,0.44444445,3.0,8.0,0.9650655021834063,0.9194805194805195
20.0,0.44444445,3.0,12.0,0.9615720524017467,0.9186147186147187
20.0,0.44444445,3.0,20.0,0.9510917030567686,0.9194805194805195
20.0,0.44444445,3.0,32.0,0.9446870451237264,0.9177489177489179
20.0,0.44444445,3.0,50.0,0.9371179039301311,0.9160173160173161
20.0,0.44444445,3.0,80.0,0.9248908296943231,0.9108225108225108
20.0,0.44444445,3.0,128.0,0.9176128093158662,0.8926406926406927
20.0,0.44444445,5.0,2.0,0.9577874818049491,0.9194805194805195
20.0,0.44444445,5.0,3.0,0.9577874818049491,0.9194805194805195
20.0,0.44444445,5.0,5.0,0.9577874818049491,0.9194805194805195
20.0,0.44444445,5.0,8.0,0.9577874818049491,0.9194805194805195
20.0,0.44444445,5.0,12.0,0.9557496360989811,0.9203463203463202
20.0,0.44444445,5.0,20.0,0.9481804949053856,0.9168831168831169
20.0,0.44444445,5.0,32.0,0.9417758369723435,0.9194805194805195
20.0,0.44444445,5.0,50.0,0.9339155749636099,0.9116883116883117
20.0,0.44444445,5.0,80.0,0.9237263464337702,0.9064935064935066
20.0,0.44444445,5.0,128.0,0.9152838427947598,0.8909090909090909
20.0,0.44444445,7.0,2.0,0.9487627365356623,0.9151515151515153
20.0,0.44444445,7.0,3.0,0.9487627365356623,0.9151515151515153
20.0,0.44444445,7.0,5.0,0.9487627365356623,0.9151515151515153
20.0,0.44444445,7.0,8.0,0.9487627365356623,0.9151515151515153
20.0,0.44444445,7.0,12.0,0.9487627365356623,0.9151515151515153
20.0,0.44444445,7.0,20.0,0.9461426491994178,0.9151515151515153
20.0,0.44444445,7.0,32.0,0.941193595342067,0.9168831168831169
20.0,0.44444445,7.0,50.0,0.9312954876273654,0.90995670995671
20.0,0.44444445,7.0,80.0,0.9234352256186318,0.9047619047619048
20.0,0.44444445,7.0,128.0,0.9138282387190685,0.8917748917748918
20.0,0.44444445,9.0,2.0,0.9452692867540028,0.9116883116883117
20.0,0.44444445,9.0,3.0,0.9452692867540028,0.9116883116883117
20.0,0.44444445,9.0,5.0,0.9452692867540028,0.9116883116883117
20.0,0.44444445,9.0,8.0,0.9452692867540028,0.9116883116883117
20.0,0.44444445,9.0,12.0,0.9452692867540028,0.9116883116883117
20.0,0.44444445,9.0,20.0,0.944395924308588,0.9134199134199135
20.0,0.44444445,9.0,32.0,0.9374090247452692,0.9134199134199135
20.0,0.44444445,9.0,50.0,0.9318777292576419,0.9073593073593074
20.0,0.44444445,9.0,80.0,0.9219796215429403,0.9047619047619048
20.0,0.44444445,9.0,128.0,0.9132459970887918,0.8891774891774892
20.0,0.44444445,11.0,2.0,0.941193595342067,0.9125541125541126
20.0,0.44444445,11.0,3.0,0.941193595342067,0.9125541125541126
20.0,0.44444445,11.0,5.0,0.941193595342067,0.9125541125541126
20.0,0.44444445,11.0,8.0,0.941193595342067,0.9125541125541126
20.0,0.44444445,11.0,12.0,0.941193595342067,0.9125541125541126
20.0,0.44444445,11.0,20.0,0.941193595342067,0.9125541125541126
20.0,0.44444445,11.0,32.0,0.9377001455604075,0.90995670995671
20.0,0.44444445,11.0,50.0,0.9310043668122271,0.9030303030303031
20.0,0.44444445,11.0,80.0,0.9202328966521106,0.9004329004329005
20.0,0.44444445,11.0,128.0,0.9129548762736535,0.8891774891774892
20.0,0.44444445,13.0,2.0,0.9385735080058224,0.9064935064935066
20.0,0.44444445,13.0,3.0,0.9385735080058224,0.9064935064935066
20.0,0.44444445,13.0,5.0,0.9385735080058224,0.9064935064935066
20.0,0.44444445,13.0,8.0,0.9385735080058224,0.9064935064935066
20.0,0.44444445,13.0,12.0,0.9385735080058224,0.9064935064935066
20.0,0.44444445,13.0,20.0,0.9385735080058224,0.9064935064935066
20.0,0.44444445,13.0,32.0,0.9365356622998544,0.9090909090909092
20.0,0.44444445,13.0,50.0,0.9298398835516739,0.903896103896104
20.0,0.44444445,13.0,80.0,0.9179039301310044,0.8995670995670995
20.0,0.44444445,13.0,128.0,0.9112081513828238,0.8883116883116884
20.0,0.44444445,15.0,2.0,0.9353711790393013,0.9047619047619048
20.0,0.44444445,15.0,3.0,0.9353711790393013,0.9047619047619048
20.0,0.44444445,15.0,5.0,0.9353711790393013,0.9047619047619048
20.0,0.44444445,15.0,8.0,0.9353711790393013,0.9047619047619048
20.0,0.44444445,15.0,12.0,0.9353711790393013,0.9047619047619048
20.0,0.44444445,15.0,20.0,0.9353711790393013,0.9047619047619048
20.0,0.44444445,15.0,32.0,0.9339155749636099,0.9064935064935066
20.0,0.44444445,15.0,50.0,0.9298398835516739,0.9030303030303031
20.0,0.44444445,15.0,80.0,0.9179039301310044,0.8969696969696969
20.0,0.44444445,15.0,128.0,0.9094614264919942,0.8848484848484848
20.0,0.44444445,17.0,2.0,0.9324599708879185,0.903896103896104
20.0,0.44444445,17.0,3.0,0.9324599708879185,0.903896103896104
20.0,0.44444445,17.0,5.0,0.9324599708879185,0.903896103896104
20.0,0.44444445,17.0,8.0,0.9324599708879185,0.903896103896104
20.0,0.44444445,17.0,12.0,0.9324599708879185,0.903896103896104
20.0,0.44444445,17.0,20.0,0.9324599708879185,0.903896103896104
20.0,0.44444445,17.0,32.0,0.9324599708879185,0.903896103896104
20.0,0.44444445,17.0,50.0,0.9278020378457059,0.9012987012987013
20.0,0.44444445,17.0,80.0,0.9173216885007278,0.8961038961038961
20.0,0.44444445,17.0,128.0,0.9071324599708879,0.8805194805194805
20.0,0.44444445,20.0,2.0,0.9295487627365357,0.9012987012987013
20.0,0.44444445,20.0,3.0,0.9295487627365357,0.9012987012987013
20.0,0.44444445,20.0,5.0,0.9295487627365357,0.9012987012987013
20.0,0.44444445,20.0,8.0,0.9295487627365357,0.9012987012987013
20.0,0.44444445,20.0,12.0,0.9295487627365357,0.9012987012987013
20.0,0.44444445,20.0,20.0,0.9295487627365357,0.9012987012987013
20.0,0.44444445,20.0,32.0,0.9295487627365357,0.9012987012987013
20.0,0.44444445,20.0,50.0,0.9254730713245998,0.8995670995670995
20.0,0.44444445,20.0,80.0,0.914410480349345,0.8952380952380953
20.0,0.44444445,20.0,128.0,0.9042212518195051,0.8796536796536797
20.0,0.5555556,1.0,2.0,0.9770014556040756,0.9246753246753248
20.0,0.5555556,1.0,3.0,0.9764192139737992,0.9238095238095237
20.0,0.5555556,1.0,5.0,0.975254730713246,0.9255411255411256
20.0,0.5555556,1.0,8.0,0.9723435225618632,0.9238095238095237
20.0,0.5555556,1.0,12.0,0.9685589519650655,0.9246753246753248
20.0,0.5555556,1.0,20.0,0.9601164483260554,0.9272727272727274
20.0,0.5555556,1.0,32.0,0.9467248908296944,0.9290043290043289
20.0,0.5555556,1.0,50.0,0.939155749636099,0.9212121212121211
20.0,0.5555556,1.0,80.0,0.9301310043668123,0.9212121212121213
20.0,0.5555556,1.0,128.0,0.9219796215429403,0.9090909090909092
20.0,0.5555556,3.0,2.0,0.9685589519650655,0.922943722943723
20.0,0.5555556,3.0,3.0,0.9685589519650655,0.922943722943723
20.0,0.5555556,3.0,5.0,0.9685589519650655,0.922943722943723
20.0,0.5555556,3.0,8.0,0.967976710334789,0.922943722943723
20.0,0.5555556,3.0,12.0,0.9621542940320232,0.9246753246753248
20.0,0.5555556,3.0,20.0,0.9540029112081514,0.9264069264069263
20.0,0.5555556,3.0,32.0,0.9443959243085882,0.92987012987013
20.0,0.5555556,3.0,50.0,0.9362445414847163,0.9246753246753248
20.0,0.5555556,3.0,80.0,0.9286754002911207,0.9203463203463202
20.0,0.5555556,3.0,128.0,0.9213973799126638,0.90995670995671
20.0,0.5555556,5.0,2.0,0.9574963609898107,0.9246753246753248
20.0,0.5555556,5.0,3.0,0.9574963609898107,0.9246753246753248
20.0,0.5555556,5.0,5.0,0.9574963609898107,0.9246753246753248
20.0,0.5555556,5.0,8.0,0.9574963609898107,0.9246753246753248
20.0,0.5555556,5.0,12.0,0.9554585152838427,0.9238095238095237
20.0,0.5555556,5.0,20.0,0.948471615720524,0.9264069264069263
20.0,0.5555556,5.0,32.0,0.9403202328966522,0.9255411255411256
20.0,0.5555556,5.0,50.0,0.9342066957787483,0.922077922077922
20.0,0.5555556,5.0,80.0,0.9263464337700146,0.9194805194805195
20.0,0.5555556,5.0,128.0,0.9199417758369723,0.9090909090909092
20.0,0.5555556,7.0,2.0,0.9496360989810771,0.9246753246753248
20.0,0.5555556,7.0,3.0,0.9496360989810771,0.9246753246753248
20.0,0.5555556,7.0,5.0,0.9496360989810771,0.9246753246753248
20.0,0.5555556,7.0,8.0,0.9496360989810771,0.9246753246753248
20.0,0.5555556,7.0,12.0,0.9496360989810771,0.9246753246753248
20.0,0.5555556,7.0,20.0,0.945269286754003,0.9246753246753248
20.0,0.5555556,7.0,32.0,0.9385735080058224,0.9264069264069263
20.0,0.5555556,7.0,50.0,0.9330422125181951,0.922943722943723
20.0,0.5555556,7.0,80.0,0.9231441048034934,0.9125541125541126
20.0,0.5555556,7.0,128.0,0.9187772925764192,0.9082251082251082
20.0,0.5555556,9.0,2.0,0.9441048034934496,0.9246753246753248
20.0,0.5555556,9.0,3.0,0.9441048034934496,0.9246753246753248
20.0,0.5555556,9.0,5.0,0.9441048034934496,0.9246753246753248
20.0,0.5555556,9.0,8.0,0.9441048034934496,0.9246753246753248
20.0,0.5555556,9.0,12.0,0.9441048034934496,0.9246753246753248
20.0,0.5555556,9.0,20.0,0.9429403202328966,0.922943722943723
20.0,0.5555556,9.0,32.0,0.9365356622998544,0.9246753246753248
20.0,0.5555556,9.0,50.0,0.9295487627365357,0.9177489177489179
20.0,0.5555556,9.0,80.0,0.9237263464337702,0.9116883116883117
20.0,0.5555556,9.0,128.0,0.9176128093158662,0.9047619047619048
20.0,0.5555556,11.0,2.0,0.9400291120815139,0.9212121212121211
20.0,0.5555556,11.0,3.0,0.9400291120815139,0.9212121212121211
20.0,0.5555556,11.0,5.0,0.9400291120815139,0.9212121212121211
20.0,0.5555556,11.0,8.0,0.9400291120815139,0.9212121212121211
20.0,0.5555556,11.0,12.0,0.9400291120815139,0.9212121212121211
20.0,0.5555556,11.0,20.0,0.9400291120815139,0.9212121212121211
20.0,0.5555556,11.0,32.0,0.9359534206695779,0.9246753246753248
20.0,0.5555556,11.0,50.0,0.9295487627365357,0.9160173160173161
20.0,0.5555556,11.0,80.0,0.9234352256186318,0.9108225108225108
20.0,0.5555556,11.0,128.0,0.916448326055313,0.9047619047619048
20.0,0.5555556,13.0,2.0,0.9368267831149927,0.9194805194805195
20.0,0.5555556,13.0,3.0,0.9368267831149927,0.9194805194805195
20.0,0.5555556,13.0,5.0,0.9368267831149927,0.9194805194805195
20.0,0.5555556,13.0,8.0,0.9368267831149927,0.9194805194805195
20.0,0.5555556,13.0,12.0,0.9368267831149927,0.9194805194805195
20.0,0.5555556,13.0,20.0,0.9368267831149927,0.9194805194805195
20.0,0.5555556,13.0,32.0,0.9359534206695779,0.9212121212121213
20.0,0.5555556,13.0,50.0,0.9292576419213974,0.9125541125541126
20.0,0.5555556,13.0,80.0,0.9211062590975254,0.9116883116883117
20.0,0.5555556,13.0,128.0,0.9149927219796214,0.9012987012987013
20.0,0.5555556,15.0,2.0,0.9362445414847163,0.9194805194805195
20.0,0.5555556,15.0,3.0,0.9362445414847163,0.9194805194805195
20.0,0.5555556,15.0,5.0,0.9362445414847163,0.9194805194805195
20.0,0.5555556,15.0,8.0,0.9362445414847163,0.9194805194805195
20.0,0.5555556,15.0,12.0,0.9362445414847163,0.9194805194805195
20.0,0.5555556,15.0,20.0,0.9362445414847163,0.9194805194805195
20.0,0.5555556,15.0,32.0,0.9350800582241631,0.9194805194805195
20.0,0.5555556,15.0,50.0,0.9278020378457059,0.9142857142857143
20.0,0.5555556,15.0,80.0,0.9213973799126638,0.9116883116883117
20.0,0.5555556,15.0,128.0,0.9141193595342066,0.9012987012987013
20.0,0.5555556,17.0,2.0,0.9327510917030567,0.9134199134199135
20.0,0.5555556,17.0,3.0,0.9327510917030567,0.9134199134199135
20.0,0.5555556,17.0,5.0,0.9327510917030567,0.9134199134199135
20.0,0.5555556,17.0,8.0,0.9327510917030567,0.9134199134199135
20.0,0.5555556,17.0,12.0,0.9327510917030567,0.9134199134199135
20.0,0.5555556,17.0,20.0,0.9327510917030567,0.9134199134199135
20.0,0.5555556,17.0,32.0,0.9327510917030567,0.9134199134199135
20.0,0.5555556,17.0,50.0,0.9266375545851527,0.9134199134199135
20.0,0.5555556,17.0,80.0,0.920524017467249,0.9082251082251082
20.0,0.5555556,17.0,128.0,0.9106259097525473,0.9004329004329005
20.0,0.5555556,20.0,2.0,0.9286754002911207,0.90995670995671
20.0,0.5555556,20.0,3.0,0.9286754002911207,0.90995670995671
20.0,0.5555556,20.0,5.0,0.9286754002911207,0.90995670995671
20.0,0.5555556,20.0,8.0,0.9286754002911207,0.90995670995671
20.0,0.5555556,20.0,12.0,0.9286754002911207,0.90995670995671
20.0,0.5555556,20.0,20.0,0.9286754002911207,0.90995670995671
20.0,0.5555556,20.0,32.0,0.9286754002911207,0.90995670995671
20.0,0.5555556,20.0,50.0,0.9254730713245998,0.9108225108225108
20.0,0.5555556,20.0,80.0,0.9176128093158662,0.9082251082251082
20.0,0.5555556,20.0,128.0,0.9106259097525473,0.8952380952380953
20.0,0.6666667,1.0,2.0,0.9761280931586608,0.9272727272727274
20.0,0.6666667,1.0,3.0,0.9761280931586608,0.9272727272727274
20.0,0.6666667,1.0,5.0,0.9755458515283844,0.9281385281385282
20.0,0.6666667,1.0,8.0,0.9714701601164484,0.92987012987013
20.0,0.6666667,1.0,12.0,0.967976710334789,0.9281385281385282
20.0,0.6666667,1.0,20.0,0.9595342066957787,0.9272727272727274
20.0,0.6666667,1.0,32.0,0.9475982532751092,0.9281385281385282
20.0,0.6666667,1.0,50.0,0.9403202328966522,0.9281385281385282
20.0,0.6666667,1.0,80.0,0.9312954876273654,0.9238095238095237
20.0,0.6666667,1.0,128.0,0.921688500727802,0.90995670995671
20.0,0.6666667,3.0,2.0,0.967976710334789,0.9307359307359307
20.0,0.6666667,3.0,3.0,0.967976710334789,0.9307359307359307
20.0,0.6666667,3.0,5.0,0.967976710334789,0.9307359307359307
20.0,0.6666667,3.0,8.0,0.9668122270742359,0.9264069264069263
20.0,0.6666667,3.0,12.0,0.9621542940320232,0.9290043290043289
20.0,0.6666667,3.0,20.0,0.9522561863173216,0.9290043290043289
20.0,0.6666667,3.0,32.0,0.9446870451237264,0.92987012987013
20.0,0.6666667,3.0,50.0,0.9377001455604075,0.9281385281385282
20.0,0.6666667,3.0,80.0,0.928675400291121,0.9203463203463202
20.0,0.6666667,3.0,128.0,0.9190684133915574,0.90995670995671
20.0,0.6666667,5.0,2.0,0.9569141193595343,0.9290043290043289
20.0,0.6666667,5.0,3.0,0.9569141193595343,0.9290043290043289
20.0,0.6666667,5.0,5.0,0.9569141193595343,0.9290043290043289
20.0,0.6666667,5.0,8.0,0.9569141193595343,0.9290043290043289
20.0,0.6666667,5.0,12.0,0.9560407569141194,0.9272727272727274
20.0,0.6666667,5.0,20.0,0.9475982532751092,0.9281385281385282
20.0,0.6666667,5.0,32.0,0.939155749636099,0.9307359307359307
20.0,0.6666667,5.0,50.0,0.9315866084425035,0.922943722943723
20.0,0.6666667,5.0,80.0,0.924599708879185,0.9203463203463202
20.0,0.6666667,5.0,128.0,0.9187772925764192,0.9108225108225108
20.0,0.6666667,7.0,2.0,0.9493449781659388,0.9290043290043289
20.0,0.6666667,7.0,3.0,0.9493449781659388,0.9290043290043289
20.0,0.6666667,7.0,5.0,0.9493449781659388,0.9290043290043289
20.0,0.6666667,7.0,8.0,0.9493449781659388,0.9290043290043289
20.0,0.6666667,7.0,12.0,0.9493449781659388,0.9290043290043289
20.0,0.6666667,7.0,20.0,0.9458515283842794,0.9272727272727274
20.0,0.6666667,7.0,32.0,0.9368267831149927,0.9246753246753248
20.0,0.6666667,7.0,50.0,0.9307132459970887,0.9246753246753248
20.0,0.6666667,7.0,80.0,0.9243085880640466,0.9194805194805195
20.0,0.6666667,7.0,128.0,0.9173216885007278,0.90995670995671
20.0,0.6666667,9.0,2.0,0.9446870451237264,0.9272727272727274
20.0,0.6666667,9.0,3.0,0.9446870451237264,0.9272727272727274
20.0,0.6666667,9.0,5.0,0.9446870451237264,0.9272727272727274
20.0,0.6666667,9.0,8.0,0.9446870451237264,0.9272727272727274
20.0,0.6666667,9.0,12.0,0.9446870451237264,0.9272727272727274
20.0,0.6666667,9.0,20.0,0.943231441048035,0.9281385281385282
20.0,0.6666667,9.0,32.0,0.9365356622998544,0.9255411255411256
20.0,0.6666667,9.0,50.0,0.9301310043668123,0.9238095238095237
20.0,0.6666667,9.0,80.0,0.9237263464337699,0.9212121212121213
20.0,0.6666667,9.0,128.0,0.9167394468704512,0.90995670995671
20.0,0.6666667,11.0,2.0,0.9394468704512373,0.9246753246753248
20.0,0.6666667,11.0,3.0,0.9394468704512373,0.9246753246753248
20.0,0.6666667,11.0,5.0,0.9394468704512373,0.9246753246753248
20.0,0.6666667,11.0,8.0,0.9394468704512373,0.9246753246753248
20.0,0.6666667,11.0,12.0,0.9394468704512373,0.9246753246753248
20.0,0.6666667,11.0,20.0,0.9394468704512373,0.9246753246753248
20.0,0.6666667,11.0,32.0,0.9362445414847163,0.9272727272727274
20.0,0.6666667,11.0,50.0,0.9307132459970887,0.9212121212121213
20.0,0.6666667,11.0,80.0,0.9240174672489083,0.9177489177489176
20.0,0.6666667,11.0,128.0,0.9155749636098982,0.9082251082251082
20.0,0.6666667,13.0,2.0,0.9374090247452692,0.9264069264069263
20.0,0.6666667,13.0,3.0,0.9374090247452692,0.9264069264069263
20.0,0.6666667,13.0,5.0,0.9374090247452692,0.9264069264069263
20.0,0.6666667,13.0,8.0,0.9374090247452692,0.9264069264069263
20.0,0.6666667,13.0,12.0,0.9374090247452692,0.9264069264069263
20.0,0.6666667,13.0,20.0,0.9374090247452692,0.9264069264069263
20.0,0.6666667,13.0,32.0,0.9356622998544395,0.9238095238095237
20.0,0.6666667,13.0,50.0,0.9298398835516739,0.9212121212121213
20.0,0.6666667,13.0,80.0,0.9213973799126638,0.9142857142857143
20.0,0.6666667,13.0,128.0,0.9152838427947598,0.9082251082251082
20.0,0.6666667,15.0,2.0,0.9359534206695779,0.9203463203463202
20.0,0.6666667,15.0,3.0,0.9359534206695779,0.9203463203463202
20.0,0.6666667,15.0,5.0,0.9359534206695779,0.9203463203463202
20.0,0.6666667,15.0,8.0,0.9359534206695779,0.9203463203463202
20.0,0.6666667,15.0,12.0,0.9359534206695779,0.9203463203463202
20.0,0.6666667,15.0,20.0,0.9359534206695779,0.9203463203463202
20.0,0.6666667,15.0,32.0,0.9336244541484715,0.9186147186147187
20.0,0.6666667,15.0,50.0,0.9275109170305675,0.9160173160173161
20.0,0.6666667,15.0,80.0,0.9202328966521106,0.9125541125541126
20.0,0.6666667,15.0,128.0,0.914410480349345,0.903896103896104
20.0,0.6666667,17.0,2.0,0.9333333333333333,0.9134199134199135
20.0,0.6666667,17.0,3.0,0.9333333333333333,0.9134199134199135
20.0,0.6666667,17.0,5.0,0.9333333333333333,0.9134199134199135
20.0,0.6666667,17.0,8.0,0.9333333333333333,0.9134199134199135
20.0,0.6666667,17.0,12.0,0.9333333333333333,0.9134199134199135
20.0,0.6666667,17.0,20.0,0.9333333333333333,0.9134199134199135
20.0,0.6666667,17.0,32.0,0.9333333333333333,0.9134199134199135
20.0,0.6666667,17.0,50.0,0.9263464337700146,0.9151515151515153
20.0,0.6666667,17.0,80.0,0.9213973799126638,0.9090909090909092
20.0,0.6666667,17.0,128.0,0.9132459970887918,0.9030303030303031
20.0,0.6666667,20.0,2.0,0.9298398835516739,0.90995670995671
20.0,0.6666667,20.0,3.0,0.9298398835516739,0.90995670995671
20.0,0.6666667,20.0,5.0,0.9298398835516739,0.90995670995671
20.0,0.6666667,20.0,8.0,0.9298398835516739,0.90995670995671
20.0,0.6666667,20.0,12.0,0.9298398835516739,0.90995670995671
20.0,0.6666667,20.0,20.0,0.9298398835516739,0.90995670995671
20.0,0.6666667,20.0,32.0,0.9298398835516739,0.90995670995671
20.0,0.6666667,20.0,50.0,0.9254730713245998,0.9125541125541126
20.0,0.6666667,20.0,80.0,0.9179039301310044,0.9064935064935066
20.0,0.6666667,20.0,128.0,0.9106259097525473,0.8995670995670995
20.0,0.7777778,1.0,2.0,0.9761280931586608,0.9333333333333333
20.0,0.7777778,1.0,3.0,0.9764192139737992,0.9281385281385282
20.0,0.7777778,1.0,5.0,0.9740902474526928,0.9290043290043289
20.0,0.7777778,1.0,8.0,0.9703056768558952,0.9281385281385282
20.0,0.7777778,1.0,12.0,0.969141193595342,0.92987012987013
20.0,0.7777778,1.0,20.0,0.9601164483260554,0.9281385281385282
20.0,0.7777778,1.0,32.0,0.9470160116448326,0.9272727272727274
20.0,0.7777778,1.0,50.0,0.9400291120815139,0.9246753246753248
20.0,0.7777778,1.0,80.0,0.9330422125181951,0.9264069264069263
20.0,0.7777778,1.0,128.0,0.9243085880640466,0.922077922077922
20.0,0.7777778,3.0,2.0,0.9656477438136827,0.9307359307359307
20.0,0.7777778,3.0,3.0,0.9656477438136827,0.9307359307359307
20.0,0.7777778,3.0,5.0,0.9656477438136827,0.9307359307359307
20.0,0.7777778,3.0,8.0,0.9668122270742359,0.92987012987013
20.0,0.7777778,3.0,12.0,0.9609898107714703,0.92987012987013
20.0,0.7777778,3.0,20.0,0.9525473071324599,0.9281385281385282
20.0,0.7777778,3.0,32.0,0.9429403202328966,0.9281385281385282
20.0,0.7777778,3.0,50.0,0.9385735080058225,0.9281385281385282
20.0,0.7777778,3.0,80.0,0.9298398835516739,0.9307359307359307
20.0,0.7777778,3.0,128.0,0.9222707423580786,0.922077922077922
20.0,0.7777778,5.0,2.0,0.9574963609898107,0.9307359307359307
20.0,0.7777778,5.0,3.0,0.9574963609898107,0.9307359307359307
20.0,0.7777778,5.0,5.0,0.9574963609898107,0.9307359307359307
20.0,0.7777778,5.0,8.0,0.9574963609898107,0.9307359307359307
20.0,0.7777778,5.0,12.0,0.9554585152838427,0.92987012987013
20.0,0.7777778,5.0,20.0,0.9470160116448326,0.9255411255411256
20.0,0.7777778,5.0,32.0,0.9403202328966522,0.9290043290043289
20.0,0.7777778,5.0,50.0,0.9333333333333333,0.9281385281385282
20.0,0.7777778,5.0,80.0,0.9283842794759826,0.92987012987013
20.0,0.7777778,5.0,128.0,0.921688500727802,0.922077922077922
20.0,0.7777778,7.0,2.0,0.9493449781659388,0.92987012987013
20.0,0.7777778,7.0,3.0,0.9493449781659388,0.92987012987013
20.0,0.7777778,7.0,5.0,0.9493449781659388,0.92987012987013
20.0,0.7777778,7.0,8.0,0.9493449781659388,0.92987012987013
20.0,0.7777778,7.0,12.0,0.9493449781659388,0.92987012987013
20.0,0.7777778,7.0,20.0,0.9438136826783114,0.9255411255411256
20.0,0.7777778,7.0,32.0,0.9379912663755459,0.9281385281385282
20.0,0.7777778,7.0,50.0,0.9324599708879185,0.92987012987013
20.0,0.7777778,7.0,80.0,0.9254730713245998,0.9281385281385282
20.0,0.7777778,7.0,128.0,0.9202328966521106,0.922943722943723
20.0,0.7777778,9.0,2.0,0.9429403202328966,0.9281385281385282
20.0,0.7777778,9.0,3.0,0.9429403202328966,0.9281385281385282
20.0,0.7777778,9.0,5.0,0.9429403202328966,0.9281385281385282
20.0,0.7777778,9.0,8.0,0.9429403202328966,0.9281385281385282
20.0,0.7777778,9.0,12.0,0.9429403202328966,0.9281385281385282
20.0,0.7777778,9.0,20.0,0.9423580786026202,0.9272727272727274
20.0,0.7777778,9.0,32.0,0.9371179039301311,0.9272727272727274
20.0,0.7777778,9.0,50.0,0.9315866084425035,0.9281385281385282
20.0,0.7777778,9.0,80.0,0.9257641921397379,0.92987012987013
20.0,0.7777778,9.0,128.0,0.9196506550218342,0.922077922077922
20.0,0.7777778,11.0,2.0,0.9400291120815139,0.9290043290043289
20.0,0.7777778,11.0,3.0,0.9400291120815139,0.9290043290043289
20.0,0.7777778,11.0,5.0,0.9400291120815139,0.9290043290043289
20.0,0.7777778,11.0,8.0,0.9400291120815139,0.9290043290043289
20.0,0.7777778,11.0,12.0,0.9400291120815139,0.9290043290043289
20.0,0.7777778,11.0,20.0,0.9400291120815139,0.9290043290043289
20.0,0.7777778,11.0,32.0,0.9347889374090247,0.9272727272727274
20.0,0.7777778,11.0,50.0,0.9304221251819506,0.9281385281385282
20.0,0.7777778,11.0,80.0,0.9237263464337699,0.9290043290043289
20.0,0.7777778,11.0,128.0,0.918486171761281,0.9238095238095237
20.0,0.7777778,13.0,2.0,0.9356622998544395,0.9281385281385282
20.0,0.7777778,13.0,3.0,0.9356622998544395,0.9281385281385282
20.0,0.7777778,13.0,5.0,0.9356622998544395,0.9281385281385282
20.0,0.7777778,13.0,8.0,0.9356622998544395,0.9281385281385282
20.0,0.7777778,13.0,12.0,0.9356622998544395,0.9281385281385282
20.0,0.7777778,13.0,20.0,0.9356622998544395,0.9281385281385282
20.0,0.7777778,13.0,32.0,0.9344978165938864,0.9255411255411256
20.0,0.7777778,13.0,50.0,0.928675400291121,0.9246753246753248
20.0,0.7777778,13.0,80.0,0.922561863173217,0.9272727272727274
20.0,0.7777778,13.0,128.0,0.9176128093158662,0.9238095238095237
20.0,0.7777778,15.0,2.0,0.9333333333333333,0.922943722943723
20.0,0.7777778,15.0,3.0,0.9333333333333333,0.922943722943723
20.0,0.7777778,15.0,5.0,0.9333333333333333,0.922943722943723
20.0,0.7777778,15.0,8.0,0.9333333333333333,0.922943722943723
20.0,0.7777778,15.0,12.0,0.9333333333333333,0.922943722943723
20.0,0.7777778,15.0,20.0,0.9333333333333333,0.922943722943723
20.0,0.7777778,15.0,32.0,0.9336244541484715,0.9212121212121213
20.0,0.7777778,15.0,50.0,0.928675400291121,0.922943722943723
20.0,0.7777778,15.0,80.0,0.9208151382823871,0.9212121212121213
20.0,0.7777778,15.0,128.0,0.916448326055313,0.9212121212121211
20.0,0.7777778,17.0,2.0,0.9310043668122271,0.9194805194805195
20.0,0.7777778,17.0,3.0,0.9310043668122271,0.9194805194805195
20.0,0.7777778,17.0,5.0,0.9310043668122271,0.9194805194805195
20.0,0.7777778,17.0,8.0,0.9310043668122271,0.9194805194805195
20.0,0.7777778,17.0,12.0,0.9310043668122271,0.9194805194805195
20.0,0.7777778,17.0,20.0,0.9310043668122271,0.9194805194805195
20.0,0.7777778,17.0,32.0,0.9310043668122271,0.9194805194805195
20.0,0.7777778,17.0,50.0,0.9272197962154294,0.9212121212121213
20.0,0.7777778,17.0,80.0,0.9202328966521106,0.9168831168831169
20.0,0.7777778,17.0,128.0,0.9135371179039302,0.9177489177489176
20.0,0.7777778,20.0,2.0,0.9307132459970887,0.9134199134199135
20.0,0.7777778,20.0,3.0,0.9307132459970887,0.9134199134199135
20.0,0.7777778,20.0,5.0,0.9307132459970887,0.9134199134199135
20.0,0.7777778,20.0,8.0,0.9307132459970887,0.9134199134199135
20.0,0.7777778,20.0,12.0,0.9307132459970887,0.9134199134199135
20.0,0.7777778,20.0,20.0,0.9307132459970887,0.9134199134199135
20.0,0.7777778,20.0,32.0,0.9307132459970887,0.9134199134199135
20.0,0.7777778,20.0,50.0,0.9280931586608443,0.9142857142857143
20.0,0.7777778,20.0,80.0,0.9199417758369723,0.9134199134199135
20.0,0.7777778,20.0,128.0,0.9135371179039302,0.9168831168831169
20.0,0.8888889,1.0,2.0,0.9755458515283844,0.9281385281385282
20.0,0.8888889,1.0,3.0,0.9755458515283844,0.92987012987013
20.0,0.8888889,1.0,5.0,0.975254730713246,0.9255411255411256
20.0,0.8888889,1.0,8.0,0.9705967976710335,0.9272727272727274
20.0,0.8888889,1.0,12.0,0.9694323144104804,0.9272727272727274
20.0,0.8888889,1.0,20.0,0.9589519650655023,0.9238095238095239
20.0,0.8888889,1.0,32.0,0.9467248908296944,0.922943722943723
20.0,0.8888889,1.0,50.0,0.9397379912663755,0.9212121212121213
20.0,0.8888889,1.0,80.0,0.9327510917030567,0.9194805194805195
20.0,0.8888889,1.0,128.0,0.9234352256186318,0.9246753246753248
20.0,0.8888889,3.0,2.0,0.967976710334789,0.9255411255411256
20.0,0.8888889,3.0,3.0,0.967976710334789,0.9255411255411256
20.0,0.8888889,3.0,5.0,0.967976710334789,0.9255411255411256
20.0,0.8888889,3.0,8.0,0.9665211062590975,0.9272727272727274
20.0,0.8888889,3.0,12.0,0.9621542940320232,0.9264069264069263
20.0,0.8888889,3.0,20.0,0.9519650655021834,0.922943722943723
20.0,0.8888889,3.0,32.0,0.944395924308588,0.9212121212121213
20.0,0.8888889,3.0,50.0,0.9362445414847163,0.9246753246753248
20.0,0.8888889,3.0,80.0,0.9312954876273654,0.9238095238095239
20.0,0.8888889,3.0,128.0,0.9208151382823871,0.9238095238095237
20.0,0.8888889,5.0,2.0,0.9586608442503639,0.9272727272727274
20.0,0.8888889,5.0,3.0,0.9586608442503639,0.9272727272727274
20.0,0.8888889,5.0,5.0,0.9586608442503639,0.9272727272727274
20.0,0.8888889,5.0,8.0,0.9586608442503639,0.9272727272727274
20.0,0.8888889,5.0,12.0,0.9572052401746725,0.9281385281385282
20.0,0.8888889,5.0,20.0,0.9496360989810771,0.9238095238095239
20.0,0.8888889,5.0,32.0,0.9420669577874818,0.9255411255411256
20.0,0.8888889,5.0,50.0,0.9347889374090247,0.9264069264069263
20.0,0.8888889,5.0,80.0,0.9280931586608443,0.9246753246753248
20.0,0.8888889,5.0,128.0,0.9199417758369723,0.9272727272727274
20.0,0.8888889,7.0,2.0,0.9487627365356623,0.9272727272727274
20.0,0.8888889,7.0,3.0,0.9487627365356623,0.9272727272727274
20.0,0.8888889,7.0,5.0,0.9487627365356623,0.9272727272727274
20.0,0.8888889,7.0,8.0,0.9487627365356623,0.9272727272727274
20.0,0.8888889,7.0,12.0,0.9487627365356623,0.9272727272727274
20.0,0.8888889,7.0,20.0,0.945269286754003,0.9264069264069263
20.0,0.8888889,7.0,32.0,0.938282387190684,0.9255411255411256
20.0,0.8888889,7.0,50.0,0.9327510917030567,0.9281385281385282
20.0,0.8888889,7.0,80.0,0.9266375545851527,0.9246753246753248
20.0,0.8888889,7.0,128.0,0.9181950509461426,0.9281385281385282
20.0,0.8888889,9.0,2.0,0.9446870451237264,0.9246753246753248
20.0,0.8888889,9.0,3.0,0.9446870451237264,0.9246753246753248
20.0,0.8888889,9.0,5.0,0.9446870451237264,0.9246753246753248
20.0,0.8888889,9.0,8.0,0.9446870451237264,0.9246753246753248
20.0,0.8888889,9.0,12.0,0.9446870451237264,0.9246753246753248
20.0,0.8888889,9.0,20.0,0.9417758369723435,0.9255411255411256
20.0,0.8888889,9.0,32.0,0.9362445414847163,0.9264069264069263
20.0,0.8888889,9.0,50.0,0.9321688500727803,0.9290043290043289
20.0,0.8888889,9.0,80.0,0.9254730713245998,0.9246753246753248
20.0,0.8888889,9.0,128.0,0.9176128093158662,0.9264069264069263
20.0,0.8888889,11.0,2.0,0.9406113537117904,0.9290043290043289
20.0,0.8888889,11.0,3.0,0.9406113537117904,0.9290043290043289
20.0,0.8888889,11.0,5.0,0.9406113537117904,0.9290043290043289
20.0,0.8888889,11.0,8.0,0.9406113537117904,0.9290043290043289
20.0,0.8888889,11.0,12.0,0.9406113537117904,0.9290043290043289
20.0,0.8888889,11.0,20.0,0.9406113537117904,0.9290043290043289
20.0,0.8888889,11.0,32.0,0.9377001455604075,0.92987012987013
20.0,0.8888889,11.0,50.0,0.9304221251819506,0.9290043290043289
20.0,0.8888889,11.0,80.0,0.924599708879185,0.9246753246753248
20.0,0.8888889,11.0,128.0,0.9170305676855894,0.9255411255411256
20.0,0.8888889,13.0,2.0,0.9371179039301311,0.9316017316017315
20.0,0.8888889,13.0,3.0,0.9371179039301311,0.9316017316017315
20.0,0.8888889,13.0,5.0,0.9371179039301311,0.9316017316017315
20.0,0.8888889,13.0,8.0,0.9371179039301311,0.9316017316017315
20.0,0.8888889,13.0,12.0,0.9371179039301311,0.9316017316017315
20.0,0.8888889,13.0,20.0,0.9371179039301311,0.9316017316017315
20.0,0.8888889,13.0,32.0,0.9344978165938865,0.9264069264069263
20.0,0.8888889,13.0,50.0,0.9278020378457059,0.9281385281385282
20.0,0.8888889,13.0,80.0,0.920524017467249,0.9246753246753248
20.0,0.8888889,13.0,128.0,0.9138282387190685,0.9246753246753248
20.0,0.8888889,15.0,2.0,0.9353711790393013,0.9255411255411256
20.0,0.8888889,15.0,3.0,0.9353711790393013,0.9255411255411256
20.0,0.8888889,15.0,5.0,0.9353711790393013,0.9255411255411256
20.0,0.8888889,15.0,8.0,0.9353711790393013,0.9255411255411256
20.0,0.8888889,15.0,12.0,0.9353711790393013,0.9255411255411256
20.0,0.8888889,15.0,20.0,0.9353711790393013,0.9255411255411256
20.0,0.8888889,15.0,32.0,0.9350800582241631,0.9272727272727274
20.0,0.8888889,15.0,50.0,0.9269286754002911,0.9281385281385282
20.0,0.8888889,15.0,80.0,0.920524017467249,0.9238095238095239
20.0,0.8888889,15.0,128.0,0.9132459970887918,0.9272727272727274
20.0,0.8888889,17.0,2.0,0.9336244541484715,0.922077922077922
20.0,0.8888889,17.0,3.0,0.9336244541484715,0.922077922077922
20.0,0.8888889,17.0,5.0,0.9336244541484715,0.922077922077922
20.0,0.8888889,17.0,8.0,0.9336244541484715,0.922077922077922
20.0,0.8888889,17.0,12.0,0.9336244541484715,0.922077922077922
20.0,0.8888889,17.0,20.0,0.9336244541484715,0.922077922077922
20.0,0.8888889,17.0,32.0,0.9336244541484715,0.922077922077922
20.0,0.8888889,17.0,50.0,0.9266375545851527,0.9255411255411256
20.0,0.8888889,17.0,80.0,0.9187772925764192,0.9203463203463202
20.0,0.8888889,17.0,128.0,0.9120815138282387,0.9238095238095237
20.0,0.8888889,20.0,2.0,0.9304221251819506,0.9186147186147187
20.0,0.8888889,20.0,3.0,0.9304221251819506,0.9186147186147187
20.0,0.8888889,20.0,5.0,0.9304221251819506,0.9186147186147187
20.0,0.8888889,20.0,8.0,0.9304221251819506,0.9186147186147187
20.0,0.8888889,20.0,12.0,0.9304221251819506,0.9186147186147187
20.0,0.8888889,20.0,20.0,0.9304221251819506,0.9186147186147187
20.0,0.8888889,20.0,32.0,0.9304221251819506,0.9186147186147187
20.0,0.8888889,20.0,50.0,0.9260553129548763,0.9203463203463202
20.0,0.8888889,20.0,80.0,0.9187772925764192,0.9212121212121213
20.0,0.8888889,20.0,128.0,0.9109170305676855,0.9194805194805195
20.0,1.0,1.0,2.0,0.9746724890829694,0.9255411255411256
20.0,1.0,1.0,3.0,0.9740902474526928,0.9272727272727274
20.0,1.0,1.0,5.0,0.9726346433770015,0.9246753246753248
20.0,1.0,1.0,8.0,0.969141193595342,0.9264069264069263
20.0,1.0,1.0,12.0,0.9656477438136827,0.9272727272727274
20.0,1.0,1.0,20.0,0.9548762736535663,0.9212121212121213
20.0,1.0,1.0,32.0,0.9467248908296944,0.9186147186147187
20.0,1.0,1.0,50.0,0.9388646288209607,0.9194805194805195
20.0,1.0,1.0,80.0,0.9280931586608443,0.9160173160173161
20.0,1.0,1.0,128.0,0.9193595342066958,0.9151515151515153
20.0,1.0,3.0,2.0,0.9639010189228531,0.9212121212121213
20.0,1.0,3.0,3.0,0.9639010189228531,0.9212121212121213
20.0,1.0,3.0,5.0,0.9639010189228531,0.9212121212121213
20.0,1.0,3.0,8.0,0.963027656477438,0.9212121212121213
20.0,1.0,3.0,12.0,0.9589519650655023,0.9203463203463202
20.0,1.0,3.0,20.0,0.950509461426492,0.9203463203463202
20.0,1.0,3.0,32.0,0.9441048034934498,0.9194805194805195
20.0,1.0,3.0,50.0,0.9347889374090247,0.9203463203463202
20.0,1.0,3.0,80.0,0.9254730713245998,0.9168831168831169
20.0,1.0,3.0,128.0,0.9181950509461426,0.9168831168831169
20.0,1.0,5.0,2.0,0.9580786026200874,0.9238095238095237
20.0,1.0,5.0,3.0,0.9580786026200874,0.9238095238095237
20.0,1.0,5.0,5.0,0.9580786026200874,0.9238095238095237
20.0,1.0,5.0,8.0,0.9580786026200874,0.9238095238095237
20.0,1.0,5.0,12.0,0.9540029112081514,0.922943722943723
20.0,1.0,5.0,20.0,0.9473071324599708,0.922077922077922
20.0,1.0,5.0,32.0,0.9414847161572052,0.9212121212121213
20.0,1.0,5.0,50.0,0.9327510917030567,0.922077922077922
20.0,1.0,5.0,80.0,0.9228529839883551,0.9177489177489179
20.0,1.0,5.0,128.0,0.9170305676855894,0.9177489177489179
20.0,1.0,7.0,2.0,0.9481804949053856,0.922943722943723
20.0,1.0,7.0,3.0,0.9481804949053856,0.922943722943723
20.0,1.0,7.0,5.0,0.9481804949053856,0.922943722943723
20.0,1.0,7.0,8.0,0.9481804949053856,0.922943722943723
20.0,1.0,7.0,12.0,0.9481804949053856,0.922943722943723
20.0,1.0,7.0,20.0,0.945269286754003,0.922077922077922
20.0,1.0,7.0,32.0,0.9388646288209607,0.9203463203463202
20.0,1.0,7.0,50.0,0.9312954876273654,0.9194805194805195
20.0,1.0,7.0,80.0,0.9213973799126638,0.9151515151515153
20.0,1.0,7.0,128.0,0.9161572052401746,0.9160173160173161
20.0,1.0,9.0,2.0,0.9446870451237264,0.9246753246753248
20.0,1.0,9.0,3.0,0.9446870451237264,0.9246753246753248
20.0,1.0,9.0,5.0,0.9446870451237264,0.9246753246753248
20.0,1.0,9.0,8.0,0.9446870451237264,0.9246753246753248
20.0,1.0,9.0,12.0,0.9446870451237264,0.9246753246753248
20.0,1.0,9.0,20.0,0.9441048034934498,0.9238095238095237
20.0,1.0,9.0,32.0,0.9388646288209607,0.922943722943723
20.0,1.0,9.0,50.0,0.9295487627365355,0.922943722943723
20.0,1.0,9.0,80.0,0.9213973799126638,0.9168831168831169
20.0,1.0,9.0,128.0,0.9161572052401746,0.9177489177489179
20.0,1.0,11.0,2.0,0.9420669577874818,0.9238095238095237
20.0,1.0,11.0,3.0,0.9420669577874818,0.9238095238095237
20.0,1.0,11.0,5.0,0.9420669577874818,0.9238095238095237
20.0,1.0,11.0,8.0,0.9420669577874818,0.9238095238095237
20.0,1.0,11.0,12.0,0.9420669577874818,0.9238095238095237
20.0,1.0,11.0,20.0,0.9420669577874818,0.9238095238095237
20.0,1.0,11.0,32.0,0.9377001455604075,0.922943722943723
20.0,1.0,11.0,50.0,0.9286754002911207,0.922943722943723
20.0,1.0,11.0,80.0,0.9193595342066958,0.9177489177489179
20.0,1.0,11.0,128.0,0.9141193595342066,0.9186147186147187
20.0,1.0,13.0,2.0,0.9397379912663755,0.9238095238095237
20.0,1.0,13.0,3.0,0.9397379912663755,0.9238095238095237
20.0,1.0,13.0,5.0,0.9397379912663755,0.9238095238095237
20.0,1.0,13.0,8.0,0.9397379912663755,0.9238095238095237
20.0,1.0,13.0,12.0,0.9397379912663755,0.9238095238095237
20.0,1.0,13.0,20.0,0.9397379912663755,0.9238095238095237
20.0,1.0,13.0,32.0,0.9368267831149927,0.9238095238095237
20.0,1.0,13.0,50.0,0.9275109170305678,0.922943722943723
20.0,1.0,13.0,80.0,0.9176128093158662,0.9177489177489179
20.0,1.0,13.0,128.0,0.9120815138282387,0.9177489177489179
20.0,1.0,15.0,2.0,0.9365356622998544,0.9212121212121213
20.0,1.0,15.0,3.0,0.9365356622998544,0.9212121212121213
20.0,1.0,15.0,5.0,0.9365356622998544,0.9212121212121213
20.0,1.0,15.0,8.0,0.9365356622998544,0.9212121212121213
20.0,1.0,15.0,12.0,0.9365356622998544,0.9212121212121213
20.0,1.0,15.0,20.0,0.9365356622998544,0.9212121212121213
20.0,1.0,15.0,32.0,0.9359534206695779,0.9212121212121213
20.0,1.0,15.0,50.0,0.9254730713245998,0.9264069264069263
20.0,1.0,15.0,80.0,0.9161572052401746,0.9212121212121213
20.0,1.0,15.0,128.0,0.9114992721979622,0.9203463203463202
20.0,1.0,17.0,2.0,0.9339155749636099,0.9177489177489176
20.0,1.0,17.0,3.0,0.9339155749636099,0.9177489177489176
20.0,1.0,17.0,5.0,0.9339155749636099,0.9177489177489176
20.0,1.0,17.0,8.0,0.9339155749636099,0.9177489177489176
20.0,1.0,17.0,12.0,0.9339155749636099,0.9177489177489176
20.0,1.0,17.0,20.0,0.9339155749636099,0.9177489177489176
20.0,1.0,17.0,32.0,0.9339155749636099,0.9177489177489176
20.0,1.0,17.0,50.0,0.9225618631732168,0.922077922077922
20.0,1.0,17.0,80.0,0.9141193595342066,0.9151515151515153
20.0,1.0,17.0,128.0,0.9100436681222707,0.9151515151515153
20.0,1.0,20.0,2.0,0.9266375545851527,0.9151515151515153
20.0,1.0,20.0,3.0,0.9266375545851527,0.9151515151515153
20.0,1.0,20.0,5.0,0.9266375545851527,0.9151515151515153
20.0,1.0,20.0,8.0,0.9266375545851527,0.9151515151515153
20.0,1.0,20.0,12.0,0.9266375545851527,0.9151515151515153
20.0,1.0,20.0,20.0,0.9266375545851527,0.9151515151515153
20.0,1.0,20.0,32.0,0.9266375545851527,0.9151515151515153
20.0,1.0,20.0,50.0,0.922561863173217,0.9186147186147187
20.0,1.0,20.0,80.0,0.9129548762736535,0.9125541125541126
20.0,1.0,20.0,128.0,0.9094614264919942,0.9125541125541126
32.0,0.0,1.0,2.0,0.9717612809315866,0.9186147186147187
32.0,0.0,1.0,3.0,0.975254730713246,0.9186147186147187
32.0,0.0,1.0,5.0,0.97117903930131,0.9160173160173161
32.0,0.0,1.0,8.0,0.9668122270742359,0.9134199134199135
32.0,0.0,1.0,12.0,0.9650655021834063,0.9125541125541126
32.0,0.0,1.0,20.0,0.9572052401746725,0.9116883116883117
32.0,0.0,1.0,32.0,0.9461426491994178,0.9056277056277056
32.0,0.0,1.0,50.0,0.9382823871906842,0.8969696969696969
32.0,0.0,1.0,80.0,0.9260553129548763,0.8857142857142858
32.0,0.0,1.0,128.0,0.9077147016011645,0.864935064935065
32.0,0.0,3.0,2.0,0.9639010189228528,0.9082251082251082
32.0,0.0,3.0,3.0,0.9639010189228528,0.9082251082251082
32.0,0.0,3.0,5.0,0.9639010189228528,0.9082251082251082
32.0,0.0,3.0,8.0,0.9606986899563319,0.9116883116883117
32.0,0.0,3.0,12.0,0.9580786026200873,0.9134199134199135
32.0,0.0,3.0,20.0,0.9525473071324599,0.9056277056277056
32.0,0.0,3.0,32.0,0.9432314410480348,0.9004329004329005
32.0,0.0,3.0,50.0,0.9353711790393013,0.8926406926406927
32.0,0.0,3.0,80.0,0.9231441048034934,0.8779220779220779
32.0,0.0,3.0,128.0,0.9050946142649199,0.8623376623376624
32.0,0.0,5.0,2.0,0.9534206695778747,0.903896103896104
32.0,0.0,5.0,3.0,0.9534206695778747,0.903896103896104
32.0,0.0,5.0,5.0,0.9534206695778747,0.903896103896104
32.0,0.0,5.0,8.0,0.9534206695778747,0.903896103896104
32.0,0.0,5.0,12.0,0.9513828238719068,0.9064935064935066
32.0,0.0,5.0,20.0,0.945269286754003,0.9012987012987013
32.0,0.0,5.0,32.0,0.9394468704512372,0.9012987012987013
32.0,0.0,5.0,50.0,0.9327510917030567,0.8874458874458874
32.0,0.0,5.0,80.0,0.9211062590975254,0.8753246753246753
32.0,0.0,5.0,128.0,0.9053857350800583,0.864069264069264
32.0,0.0,7.0,2.0,0.946433770014556,0.9012987012987013
32.0,0.0,7.0,3.0,0.946433770014556,0.9012987012987013
32.0,0.0,7.0,5.0,0.946433770014556,0.9012987012987013
32.0,0.0,7.0,8.0,0.946433770014556,0.9012987012987013
32.0,0.0,7.0,12.0,0.946433770014556,0.9012987012987013
32.0,0.0,7.0,20.0,0.9435225618631732,0.8995670995670995
32.0,0.0,7.0,32.0,0.9368267831149927,0.8943722943722945
32.0,0.0,7.0,50.0,0.9301310043668123,0.8865800865800866
32.0,0.0,7.0,80.0,0.9193595342066958,0.8770562770562771
32.0,0.0,7.0,128.0,0.9042212518195051,0.8606060606060606
32.0,0.0,9.0,2.0,0.9406113537117904,0.8969696969696969
32.0,0.0,9.0,3.0,0.9406113537117904,0.8969696969696969
32.0,0.0,9.0,5.0,0.9406113537117904,0.8969696969696969
32.0,0.0,9.0,8.0,0.9406113537117904,0.8969696969696969
32.0,0.0,9.0,12.0,0.9406113537117904,0.8969696969696969
32.0,0.0,9.0,20.0,0.9388646288209607,0.8987012987012987
32.0,0.0,9.0,32.0,0.9342066957787483,0.8917748917748918
32.0,0.0,9.0,50.0,0.9269286754002911,0.8822510822510822
32.0,0.0,9.0,80.0,0.9176128093158662,0.8753246753246753
32.0,0.0,9.0,128.0,0.9016011644832606,0.8606060606060606
32.0,0.0,11.0,2.0,0.9356622998544395,0.8926406926406927
32.0,0.0,11.0,3.0,0.9356622998544395,0.8926406926406927
32.0,0.0,11.0,5.0,0.9356622998544395,0.8926406926406927
32.0,0.0,11.0,8.0,0.9356622998544395,0.8926406926406927
32.0,0.0,11.0,12.0,0.9356622998544395,0.8926406926406927
32.0,0.0,11.0,20.0,0.9356622998544395,0.8926406926406927
32.0,0.0,11.0,32.0,0.9333333333333332,0.8848484848484848
32.0,0.0,11.0,50.0,0.9263464337700146,0.8779220779220779
32.0,0.0,11.0,80.0,0.916448326055313,0.8727272727272727
32.0,0.0,11.0,128.0,0.9018922852983987,0.8588744588744589
32.0,0.0,13.0,2.0,0.9327510917030567,0.8874458874458874
32.0,0.0,13.0,3.0,0.9327510917030567,0.8874458874458874
32.0,0.0,13.0,5.0,0.9327510917030567,0.8874458874458874
32.0,0.0,13.0,8.0,0.9327510917030567,0.8874458874458874
32.0,0.0,13.0,12.0,0.9327510917030567,0.8874458874458874
32.0,0.0,13.0,20.0,0.9327510917030567,0.8874458874458874
32.0,0.0,13.0,32.0,0.9310043668122271,0.8822510822510823
32.0,0.0,13.0,50.0,0.9248908296943231,0.8753246753246753
32.0,0.0,13.0,80.0,0.9135371179039302,0.8718614718614719
32.0,0.0,13.0,128.0,0.8995633187772926,0.8580086580086579
32.0,0.0,15.0,2.0,0.9304221251819506,0.8796536796536797
32.0,0.0,15.0,3.0,0.9304221251819506,0.8796536796536797
32.0,0.0,15.0,5.0,0.9304221251819506,0.8796536796536797
32.0,0.0,15.0,8.0,0.9304221251819506,0.8796536796536797
32.0,0.0,15.0,12.0,0.9304221251819506,0.8796536796536797
32.0,0.0,15.0,20.0,0.9304221251819506,0.8796536796536797
32.0,0.0,15.0,32.0,0.9304221251819506,0.8805194805194805
32.0,0.0,15.0,50.0,0.9222707423580786,0.8753246753246753
32.0,0.0,15.0,80.0,0.9117903930131004,0.8701298701298701
32.0,0.0,15.0,128.0,0.8986899563318778,0.8597402597402597
32.0,0.0,17.0,2.0,0.9248908296943231,0.8770562770562771
32.0,0.0,17.0,3.0,0.9248908296943231,0.8770562770562771
32.0,0.0,17.0,5.0,0.9248908296943231,0.8770562770562771
32.0,0.0,17.0,8.0,0.9248908296943231,0.8770562770562771
32.0,0.0,17.0,12.0,0.9248908296943231,0.8770562770562771
32.0,0.0,17.0,20.0,0.9248908296943231,0.8770562770562771
32.0,0.0,17.0,32.0,0.9248908296943231,0.8770562770562771
32.0,0.0,17.0,50.0,0.9222707423580786,0.8744588744588745
32.0,0.0,17.0,80.0,0.9114992721979622,0.8675324675324674
32.0,0.0,17.0,128.0,0.8981077147016011,0.8580086580086579
32.0,0.0,20.0,2.0,0.9208151382823871,0.8718614718614719
32.0,0.0,20.0,3.0,0.9208151382823871,0.8718614718614719
32.0,0.0,20.0,5.0,0.9208151382823871,0.8718614718614719
32.0,0.0,20.0,8.0,0.9208151382823871,0.8718614718614719
32.0,0.0,20.0,12.0,0.9208151382823871,0.8718614718614719
32.0,0.0,20.0,20.0,0.9208151382823871,0.8718614718614719
32.0,0.0,20.0,32.0,0.9208151382823871,0.8718614718614719
32.0,0.0,20.0,50.0,0.9181950509461426,0.870995670995671
32.0,0.0,20.0,80.0,0.9100436681222707,0.8666666666666666
32.0,0.0,20.0,128.0,0.8946142649199418,0.8562770562770563
32.0,0.11111111,1.0,2.0,0.9717612809315866,0.9186147186147187
32.0,0.11111111,1.0,3.0,0.975254730713246,0.9186147186147187
32.0,0.11111111,1.0,5.0,0.97117903930131,0.9160173160173161
32.0,0.11111111,1.0,8.0,0.9668122270742359,0.9134199134199135
32.0,0.11111111,1.0,12.0,0.9650655021834063,0.9125541125541126
32.0,0.11111111,1.0,20.0,0.9572052401746725,0.9116883116883117
32.0,0.11111111,1.0,32.0,0.9461426491994178,0.9056277056277056
32.0,0.11111111,1.0,50.0,0.9382823871906842,0.8969696969696969
32.0,0.11111111,1.0,80.0,0.9260553129548763,0.8857142857142858
32.0,0.11111111,1.0,128.0,0.9077147016011645,0.864935064935065
32.0,0.11111111,3.0,2.0,0.9639010189228528,0.9082251082251082
32.0,0.11111111,3.0,3.0,0.9639010189228528,0.9082251082251082
32.0,0.11111111,3.0,5.0,0.9639010189228528,0.9082251082251082
32.0,0.11111111,3.0,8.0,0.9606986899563319,0.9116883116883117
32.0,0.11111111,3.0,12.0,0.9580786026200873,0.9134199134199135
32.0,0.11111111,3.0,20.0,0.9525473071324599,0.9056277056277056
32.0,0.11111111,3.0,32.0,0.9432314410480348,0.9004329004329005
32.0,0.11111111,3.0,50.0,0.9353711790393013,0.8926406926406927
32.0,0.11111111,3.0,80.0,0.9231441048034934,0.8779220779220779
32.0,0.11111111,3.0,128.0,0.9050946142649199,0.8623376623376624
32.0,0.11111111,5.0,2.0,0.9534206695778747,0.903896103896104
32.0,0.11111111,5.0,3.0,0.9534206695778747,0.903896103896104
32.0,0.11111111,5.0,5.0,0.9534206695778747,0.903896103896104
32.0,0.11111111,5.0,8.0,0.9534206695778747,0.903896103896104
32.0,0.11111111,5.0,12.0,0.9513828238719068,0.9064935064935066
32.0,0.11111111,5.0,20.0,0.945269286754003,0.9012987012987013
32.0,0.11111111,5.0,32.0,0.9394468704512372,0.9012987012987013
32.0,0.11111111,5.0,50.0,0.9327510917030567,0.8874458874458874
32.0,0.11111111,5.0,80.0,0.9211062590975254,0.8753246753246753
32.0,0.11111111,5.0,128.0,0.9053857350800583,0.864069264069264
32.0,0.11111111,7.0,2.0,0.946433770014556,0.9012987012987013
32.0,0.11111111,7.0,3.0,0.946433770014556,0.9012987012987013
32.0,0.11111111,7.0,5.0,0.946433770014556,0.9012987012987013
32.0,0.11111111,7.0,8.0,0.946433770014556,0.9012987012987013
32.0,0.11111111,7.0,12.0,0.946433770014556,0.9012987012987013
32.0,0.11111111,7.0,20.0,0.9435225618631732,0.8995670995670995
32.0,0.11111111,7.0,32.0,0.9368267831149927,0.8943722943722945
32.0,0.11111111,7.0,50.0,0.9301310043668123,0.8865800865800866
32.0,0.11111111,7.0,80.0,0.9193595342066958,0.8770562770562771
32.0,0.11111111,7.0,128.0,0.9042212518195051,0.8606060606060606
32.0,0.11111111,9.0,2.0,0.9406113537117904,0.8969696969696969
32.0,0.11111111,9.0,3.0,0.9406113537117904,0.8969696969696969
32.0,0.11111111,9.0,5.0,0.9406113537117904,0.8969696969696969
32.0,0.11111111,9.0,8.0,0.9406113537117904,0.8969696969696969
32.0,0.11111111,9.0,12.0,0.9406113537117904,0.8969696969696969
32.0,0.11111111,9.0,20.0,0.9388646288209607,0.8987012987012987
32.0,0.11111111,9.0,32.0,0.9342066957787483,0.8917748917748918
32.0,0.11111111,9.0,50.0,0.9269286754002911,0.8822510822510822
32.0,0.11111111,9.0,80.0,0.9176128093158662,0.8753246753246753
32.0,0.11111111,9.0,128.0,0.9016011644832606,0.8606060606060606
32.0,0.11111111,11.0,2.0,0.9356622998544395,0.8926406926406927
32.0,0.11111111,11.0,3.0,0.9356622998544395,0.8926406926406927
32.0,0.11111111,11.0,5.0,0.9356622998544395,0.8926406926406927
32.0,0.11111111,11.0,8.0,0.9356622998544395,0.8926406926406927
32.0,0.11111111,11.0,12.0,0.9356622998544395,0.8926406926406927
32.0,0.11111111,11.0,20.0,0.9356622998544395,0.8926406926406927
32.0,0.11111111,11.0,32.0,0.9333333333333332,0.8848484848484848
32.0,0.11111111,11.0,50.0,0.9263464337700146,0.8779220779220779
32.0,0.11111111,11.0,80.0,0.916448326055313,0.8727272727272727
32.0,0.11111111,11.0,128.0,0.9018922852983987,0.8588744588744589
32.0,0.11111111,13.0,2.0,0.9327510917030567,0.8874458874458874
32.0,0.11111111,13.0,3.0,0.9327510917030567,0.8874458874458874
32.0,0.11111111,13.0,5.0,0.9327510917030567,0.8874458874458874
32.0,0.11111111,13.0,8.0,0.9327510917030567,0.8874458874458874
32.0,0.11111111,13.0,12.0,0.9327510917030567,0.8874458874458874
32.0,0.11111111,13.0,20.0,0.9327510917030567,0.8874458874458874
32.0,0.11111111,13.0,32.0,0.9310043668122271,0.8822510822510823
32.0,0.11111111,13.0,50.0,0.9248908296943231,0.8753246753246753
32.0,0.11111111,13.0,80.0,0.9135371179039302,0.8718614718614719
32.0,0.11111111,13.0,128.0,0.8995633187772926,0.8580086580086579
32.0,0.11111111,15.0,2.0,0.9304221251819506,0.8796536796536797
32.0,0.11111111,15.0,3.0,0.9304221251819506,0.8796536796536797
32.0,0.11111111,15.0,5.0,0.9304221251819506,0.8796536796536797
32.0,0.11111111,15.0,8.0,0.9304221251819506,0.8796536796536797
32.0,0.11111111,15.0,12.0,0.9304221251819506,0.8796536796536797
32.0,0.11111111,15.0,20.0,0.9304221251819506,0.8796536796536797
32.0,0.11111111,15.0,32.0,0.9304221251819506,0.8805194805194805
32.0,0.11111111,15.0,50.0,0.9222707423580786,0.8753246753246753
32.0,0.11111111,15.0,80.0,0.9117903930131004,0.8701298701298701
32.0,0.11111111,15.0,128.0,0.8986899563318778,0.8597402597402597
32.0,0.11111111,17.0,2.0,0.9248908296943231,0.8770562770562771
32.0,0.11111111,17.0,3.0,0.9248908296943231,0.8770562770562771
32.0,0.11111111,17.0,5.0,0.9248908296943231,0.8770562770562771
32.0,0.11111111,17.0,8.0,0.9248908296943231,0.8770562770562771
32.0,0.11111111,17.0,12.0,0.9248908296943231,0.8770562770562771
32.0,0.11111111,17.0,20.0,0.9248908296943231,0.8770562770562771
32.0,0.11111111,17.0,32.0,0.9248908296943231,0.8770562770562771
32.0,0.11111111,17.0,50.0,0.9222707423580786,0.8744588744588745
32.0,0.11111111,17.0,80.0,0.9114992721979622,0.8675324675324674
32.0,0.11111111,17.0,128.0,0.8981077147016011,0.8580086580086579
32.0,0.11111111,20.0,2.0,0.9208151382823871,0.8718614718614719
32.0,0.11111111,20.0,3.0,0.9208151382823871,0.8718614718614719
32.0,0.11111111,20.0,5.0,0.9208151382823871,0.8718614718614719
32.0,0.11111111,20.0,8.0,0.9208151382823871,0.8718614718614719
32.0,0.11111111,20.0,12.0,0.9208151382823871,0.8718614718614719
32.0,0.11111111,20.0,20.0,0.9208151382823871,0.8718614718614719
32.0,0.11111111,20.0,32.0,0.9208151382823871,0.8718614718614719
32.0,0.11111111,20.0,50.0,0.9181950509461426,0.870995670995671
32.0,0.11111111,20.0,80.0,0.9100436681222707,0.8666666666666666
32.0,0.11111111,20.0,128.0,0.8946142649199418,0.8562770562770563
32.0,0.22222222,1.0,2.0,0.975254730713246,0.922943722943723
32.0,0.22222222,1.0,3.0,0.9746724890829694,0.9264069264069263
32.0,0.22222222,1.0,5.0,0.9723435225618632,0.9212121212121213
32.0,0.22222222,1.0,8.0,0.9685589519650655,0.9186147186147187
32.0,0.22222222,1.0,12.0,0.9662299854439592,0.9186147186147187
32.0,0.22222222,1.0,20.0,0.9592430858806404,0.9203463203463202
32.0,0.22222222,1.0,32.0,0.9499272197962154,0.9177489177489179
32.0,0.22222222,1.0,50.0,0.9403202328966522,0.9125541125541126
32.0,0.22222222,1.0,80.0,0.9304221251819506,0.9056277056277056
32.0,0.22222222,1.0,128.0,0.916448326055313,0.8857142857142858
32.0,0.22222222,3.0,2.0,0.9647743813682679,0.9203463203463202
32.0,0.22222222,3.0,3.0,0.9647743813682679,0.9203463203463202
32.0,0.22222222,3.0,5.0,0.9647743813682679,0.9203463203463202
32.0,0.22222222,3.0,8.0,0.9639010189228531,0.9186147186147187
32.0,0.22222222,3.0,12.0,0.9595342066957787,0.9168831168831169
32.0,0.22222222,3.0,20.0,0.9528384279475983,0.9168831168831169
32.0,0.22222222,3.0,32.0,0.9438136826783114,0.9142857142857143
32.0,0.22222222,3.0,50.0,0.9379912663755459,0.9108225108225108
32.0,0.22222222,3.0,80.0,0.9263464337700146,0.8995670995670995
32.0,0.22222222,3.0,128.0,0.9129548762736535,0.8796536796536797
32.0,0.22222222,5.0,2.0,0.9574963609898107,0.9177489177489179
32.0,0.22222222,5.0,3.0,0.9574963609898107,0.9177489177489179
32.0,0.22222222,5.0,5.0,0.9574963609898107,0.9177489177489179
32.0,0.22222222,5.0,8.0,0.9574963609898107,0.9177489177489179
32.0,0.22222222,5.0,12.0,0.9557496360989811,0.9142857142857143
32.0,0.22222222,5.0,20.0,0.9499272197962154,0.90995670995671
32.0,0.22222222,5.0,32.0,0.9420669577874818,0.9116883116883117
32.0,0.22222222,5.0,50.0,0.9350800582241631,0.9056277056277056
32.0,0.22222222,5.0,80.0,0.9257641921397379,0.8961038961038961
32.0,0.22222222,5.0,128.0,0.9106259097525473,0.8787878787878787
32.0,0.22222222,7.0,2.0,0.9510917030567686,0.9108225108225108
32.0,0.22222222,7.0,3.0,0.9510917030567686,0.9108225108225108
32.0,0.22222222,7.0,5.0,0.9510917030567686,0.9108225108225108
32.0,0.22222222,7.0,8.0,0.9510917030567686,0.9108225108225108
32.0,0.22222222,7.0,12.0,0.9510917030567686,0.9108225108225108
32.0,0.22222222,7.0,20.0,0.9467248908296944,0.90995670995671
32.0,0.22222222,7.0,32.0,0.9414847161572052,0.9073593073593074
32.0,0.22222222,7.0,50.0,0.9321688500727803,0.9064935064935066
32.0,0.22222222,7.0,80.0,0.9228529839883551,0.8926406926406927
32.0,0.22222222,7.0,128.0,0.9091703056768559,0.8787878787878787
32.0,0.22222222,9.0,2.0,0.9438136826783114,0.9073593073593074
32.0,0.22222222,9.0,3.0,0.9438136826783114,0.9073593073593074
32.0,0.22222222,9.0,5.0,0.9438136826783114,0.9073593073593074
32.0,0.22222222,9.0,8.0,0.9438136826783114,0.9073593073593074
32.0,0.22222222,9.0,12.0,0.9438136826783114,0.9073593073593074
32.0,0.22222222,9.0,20.0,0.9438136826783114,0.9082251082251082
32.0,0.22222222,9.0,32.0,0.939155749636099,0.9082251082251082
32.0,0.22222222,9.0,50.0,0.9318777292576419,0.9004329004329005
32.0,0.22222222,9.0,80.0,0.9222707423580786,0.8909090909090909
32.0,0.22222222,9.0,128.0,0.9088791848617177,0.8779220779220779
32.0,0.22222222,11.0,2.0,0.9409024745269287,0.9012987012987013
32.0,0.22222222,11.0,3.0,0.9409024745269287,0.9012987012987013
32.0,0.22222222,11.0,5.0,0.9409024745269287,0.9012987012987013
32.0,0.22222222,11.0,8.0,0.9409024745269287,0.9012987012987013
32.0,0.22222222,11.0,12.0,0.9409024745269287,0.9012987012987013
32.0,0.22222222,11.0,20.0,0.9409024745269287,0.9012987012987013
32.0,0.22222222,11.0,32.0,0.9368267831149927,0.9021645021645022
32.0,0.22222222,11.0,50.0,0.9292576419213974,0.9004329004329005
32.0,0.22222222,11.0,80.0,0.9219796215429403,0.8891774891774892
32.0,0.22222222,11.0,128.0,0.9077147016011645,0.8779220779220779
32.0,0.22222222,13.0,2.0,0.9371179039301311,0.9004329004329005
32.0,0.22222222,13.0,3.0,0.9371179039301311,0.9004329004329005
32.0,0.22222222,13.0,5.0,0.9371179039301311,0.9004329004329005
32.0,0.22222222,13.0,8.0,0.9371179039301311,0.9004329004329005
32.0,0.22222222,13.0,12.0,0.9371179039301311,0.9004329004329005
32.0,0.22222222,13.0,20.0,0.9371179039301311,0.9004329004329005
32.0,0.22222222,13.0,32.0,0.9362445414847163,0.9030303030303031
32.0,0.22222222,13.0,50.0,0.9295487627365357,0.8978354978354979
32.0,0.22222222,13.0,80.0,0.921688500727802,0.8883116883116884
32.0,0.22222222,13.0,128.0,0.9053857350800583,0.8744588744588745
32.0,0.22222222,15.0,2.0,0.9350800582241631,0.8987012987012987
32.0,0.22222222,15.0,3.0,0.9350800582241631,0.8987012987012987
32.0,0.22222222,15.0,5.0,0.9350800582241631,0.8987012987012987
32.0,0.22222222,15.0,8.0,0.9350800582241631,0.8987012987012987
32.0,0.22222222,15.0,12.0,0.9350800582241631,0.8987012987012987
32.0,0.22222222,15.0,20.0,0.9350800582241631,0.8987012987012987
32.0,0.22222222,15.0,32.0,0.9342066957787483,0.9004329004329005
32.0,0.22222222,15.0,50.0,0.9286754002911207,0.8961038961038961
32.0,0.22222222,15.0,80.0,0.9196506550218342,0.8891774891774892
32.0,0.22222222,15.0,128.0,0.9039301310043669,0.8735930735930737
32.0,0.22222222,17.0,2.0,0.9333333333333333,0.8978354978354979
32.0,0.22222222,17.0,3.0,0.9333333333333333,0.8978354978354979
32.0,0.22222222,17.0,5.0,0.9333333333333333,0.8978354978354979
32.0,0.22222222,17.0,8.0,0.9333333333333333,0.8978354978354979
32.0,0.22222222,17.0,12.0,0.9333333333333333,0.8978354978354979
32.0,0.22222222,17.0,20.0,0.9333333333333333,0.8978354978354979
32.0,0.22222222,17.0,32.0,0.9333333333333333,0.8978354978354979
32.0,0.22222222,17.0,50.0,0.9272197962154294,0.8935064935064935
32.0,0.22222222,17.0,80.0,0.9173216885007278,0.883982683982684
32.0,0.22222222,17.0,128.0,0.9027656477438137,0.8744588744588745
32.0,0.22222222,20.0,2.0,0.9292576419213974,0.8952380952380953
32.0,0.22222222,20.0,3.0,0.9292576419213974,0.8952380952380953
32.0,0.22222222,20.0,5.0,0.9292576419213974,0.8952380952380953
32.0,0.22222222,20.0,8.0,0.9292576419213974,0.8952380952380953
32.0,0.22222222,20.0,12.0,0.9292576419213974,0.8952380952380953
32.0,0.22222222,20.0,20.0,0.9292576419213974,0.8952380952380953
32.0,0.22222222,20.0,32.0,0.9292576419213974,0.8952380952380953
32.0,0.22222222,20.0,50.0,0.9243085880640466,0.8926406926406927
32.0,0.22222222,20.0,80.0,0.9158660844250364,0.8813852813852814
32.0,0.22222222,20.0,128.0,0.8998544395924309,0.870995670995671
32.0,0.33333334,1.0,2.0,0.9758369723435226,0.9186147186147187
32.0,0.33333334,1.0,3.0,0.9761280931586608,0.9246753246753248
32.0,0.33333334,1.0,5.0,0.9737991266375545,0.9212121212121213
32.0,0.33333334,1.0,8.0,0.9697234352256187,0.9186147186147187
32.0,0.33333334,1.0,12.0,0.9665211062590975,0.9194805194805195
32.0,0.33333334,1.0,20.0,0.9577874818049491,0.9194805194805195
32.0,0.33333334,1.0,32.0,0.9478893740902474,0.9212121212121213
32.0,0.33333334,1.0,50.0,0.9403202328966522,0.9134199134199135
32.0,0.33333334,1.0,80.0,0.9280931586608443,0.9116883116883117
32.0,0.33333334,1.0,128.0,0.9193595342066958,0.8926406926406927
32.0,0.33333334,3.0,2.0,0.9659388646288211,0.9203463203463202
32.0,0.33333334,3.0,3.0,0.9659388646288211,0.9203463203463202
32.0,0.33333334,3.0,5.0,0.9659388646288211,0.9203463203463202
32.0,0.33333334,3.0,8.0,0.9650655021834063,0.9194805194805195
32.0,0.33333334,3.0,12.0,0.9615720524017467,0.9186147186147187
32.0,0.33333334,3.0,20.0,0.9510917030567686,0.9194805194805195
32.0,0.33333334,3.0,32.0,0.9446870451237264,0.9177489177489179
32.0,0.33333334,3.0,50.0,0.9371179039301311,0.9160173160173161
32.0,0.33333334,3.0,80.0,0.9248908296943231,0.9108225108225108
32.0,0.33333334,3.0,128.0,0.9176128093158662,0.8926406926406927
32.0,0.33333334,5.0,2.0,0.9577874818049491,0.9194805194805195
32.0,0.33333334,5.0,3.0,0.9577874818049491,0.9194805194805195
32.0,0.33333334,5.0,5.0,0.9577874818049491,0.9194805194805195
32.0,0.33333334,5.0,8.0,0.9577874818049491,0.9194805194805195
32.0,0.33333334,5.0,12.0,0.9557496360989811,0.9203463203463202
32.0,0.33333334,5.0,20.0,0.9481804949053856,0.9168831168831169
32.0,0.33333334,5.0,32.0,0.9417758369723435,0.9194805194805195
32.0,0.33333334,5.0,50.0,0.9339155749636099,0.9116883116883117
32.0,0.33333334,5.0,80.0,0.9237263464337702,0.9064935064935066
32.0,0.33333334,5.0,128.0,0.9152838427947598,0.8909090909090909
32.0,0.33333334,7.0,2.0,0.9487627365356623,0.9151515151515153
32.0,0.33333334,7.0,3.0,0.9487627365356623,0.9151515151515153
32.0,0.33333334,7.0,5.0,0.9487627365356623,0.9151515151515153
32.0,0.33333334,7.0,8.0,0.9487627365356623,0.9151515151515153
32.0,0.33333334,7.0,12.0,0.9487627365356623,0.9151515151515153
32.0,0.33333334,7.0,20.0,0.9461426491994178,0.9151515151515153
32.0,0.33333334,7.0,32.0,0.941193595342067,0.9168831168831169
32.0,0.33333334,7.0,50.0,0.9312954876273654,0.90995670995671
32.0,0.33333334,7.0,80.0,0.9234352256186318,0.9047619047619048
32.0,0.33333334,7.0,128.0,0.9138282387190685,0.8917748917748918
32.0,0.33333334,9.0,2.0,0.9452692867540028,0.9116883116883117
32.0,0.33333334,9.0,3.0,0.9452692867540028,0.9116883116883117
32.0,0.33333334,9.0,5.0,0.9452692867540028,0.9116883116883117
32.0,0.33333334,9.0,8.0,0.9452692867540028,0.9116883116883117
32.0,0.33333334,9.0,12.0,0.9452692867540028,0.9116883116883117
32.0,0.33333334,9.0,20.0,0.944395924308588,0.9134199134199135
32.0,0.33333334,9.0,32.0,0.9374090247452692,0.9134199134199135
32.0,0.33333334,9.0,50.0,0.9318777292576419,0.9073593073593074
32.0,0.33333334,9.0,80.0,0.9219796215429403,0.9047619047619048
32.0,0.33333334,9.0,128.0,0.9132459970887918,0.8891774891774892
32.0,0.33333334,11.0,2.0,0.941193595342067,0.9125541125541126
32.0,0.33333334,11.0,3.0,0.941193595342067,0.9125541125541126
32.0,0.33333334,11.0,5.0,0.941193595342067,0.9125541125541126
32.0,0.33333334,11.0,8.0,0.941193595342067,0.9125541125541126
32.0,0.33333334,11.0,12.0,0.941193595342067,0.9125541125541126
32.0,0.33333334,11.0,20.0,0.941193595342067,0.9125541125541126
32.0,0.33333334,11.0,32.0,0.9377001455604075,0.90995670995671
32.0,0.33333334,11.0,50.0,0.9310043668122271,0.9030303030303031
32.0,0.33333334,11.0,80.0,0.9202328966521106,0.9004329004329005
32.0,0.33333334,11.0,128.0,0.9129548762736535,0.8891774891774892
32.0,0.33333334,13.0,2.0,0.9385735080058224,0.9064935064935066
32.0,0.33333334,13.0,3.0,0.9385735080058224,0.9064935064935066
32.0,0.33333334,13.0,5.0,0.9385735080058224,0.9064935064935066
32.0,0.33333334,13.0,8.0,0.9385735080058224,0.9064935064935066
32.0,0.33333334,13.0,12.0,0.9385735080058224,0.9064935064935066
32.0,0.33333334,13.0,20.0,0.9385735080058224,0.9064935064935066
32.0,0.33333334,13.0,32.0,0.9365356622998544,0.9090909090909092
32.0,0.33333334,13.0,50.0,0.9298398835516739,0.903896103896104
32.0,0.33333334,13.0,80.0,0.9179039301310044,0.8995670995670995
32.0,0.33333334,13.0,128.0,0.9112081513828238,0.8883116883116884
32.0,0.33333334,15.0,2.0,0.9353711790393013,0.9047619047619048
32.0,0.33333334,15.0,3.0,0.9353711790393013,0.9047619047619048
32.0,0.33333334,15.0,5.0,0.9353711790393013,0.9047619047619048
32.0,0.33333334,15.0,8.0,0.9353711790393013,0.9047619047619048
32.0,0.33333334,15.0,12.0,0.9353711790393013,0.9047619047619048
32.0,0.33333334,15.0,20.0,0.9353711790393013,0.9047619047619048
32.0,0.33333334,15.0,32.0,0.9339155749636099,0.9064935064935066
32.0,0.33333334,15.0,50.0,0.9298398835516739,0.9030303030303031
32.0,0.33333334,15.0,80.0,0.9179039301310044,0.8969696969696969
32.0,0.33333334,15.0,128.0,0.9094614264919942,0.8848484848484848
32.0,0.33333334,17.0,2.0,0.9324599708879185,0.903896103896104
32.0,0.33333334,17.0,3.0,0.9324599708879185,0.903896103896104
32.0,0.33333334,17.0,5.0,0.9324599708879185,0.903896103896104
32.0,0.33333334,17.0,8.0,0.9324599708879185,0.903896103896104
32.0,0.33333334,17.0,12.0,0.9324599708879185,0.903896103896104
32.0,0.33333334,17.0,20.0,0.9324599708879185,0.903896103896104
32.0,0.33333334,17.0,32.0,0.9324599708879185,0.903896103896104
32.0,0.33333334,17.0,50.0,0.9278020378457059,0.9012987012987013
32.0,0.33333334,17.0,80.0,0.9173216885007278,0.8961038961038961
32.0,0.33333334,17.0,128.0,0.9071324599708879,0.8805194805194805
32.0,0.33333334,20.0,2.0,0.9295487627365357,0.9012987012987013
32.0,0.33333334,20.0,3.0,0.9295487627365357,0.9012987012987013
32.0,0.33333334,20.0,5.0,0.9295487627365357,0.9012987012987013
32.0,0.33333334,20.0,8.0,0.9295487627365357,0.9012987012987013
32.0,0.33333334,20.0,12.0,0.9295487627365357,0.9012987012987013
32.0,0.33333334,20.0,20.0,0.9295487627365357,0.9012987012987013
32.0,0.33333334,20.0,32.0,0.9295487627365357,0.9012987012987013
32.0,0.33333334,20.0,50.0,0.9254730713245998,0.8995670995670995
32.0,0.33333334,20.0,80.0,0.914410480349345,0.8952380952380953
32.0,0.33333334,20.0,128.0,0.9042212518195051,0.8796536796536797
32.0,0.44444445,1.0,2.0,0.9758369723435226,0.9186147186147187
32.0,0.44444445,1.0,3.0,0.9761280931586608,0.9246753246753248
32.0,0.44444445,1.0,5.0,0.9737991266375545,0.9212121212121213
32.0,0.44444445,1.0,8.0,0.9697234352256187,0.9186147186147187
32.0,0.44444445,1.0,12.0,0.9665211062590975,0.9194805194805195
32.0,0.44444445,1.0,20.0,0.9577874818049491,0.9194805194805195
32.0,0.44444445,1.0,32.0,0.9478893740902474,0.9212121212121213
32.0,0.44444445,1.0,50.0,0.9403202328966522,0.9134199134199135
32.0,0.44444445,1.0,80.0,0.9280931586608443,0.9116883116883117
32.0,0.44444445,1.0,128.0,0.9193595342066958,0.8926406926406927
32.0,0.44444445,3.0,2.0,0.9659388646288211,0.9203463203463202
32.0,0.44444445,3.0,3.0,0.9659388646288211,0.9203463203463202
32.0,0.44444445,3.0,5.0,0.9659388646288211,0.9203463203463202
32.0,0.44444445,3.0,8.0,0.9650655021834063,0.9194805194805195
32.0,0.44444445,3.0,12.0,0.9615720524017467,0.9186147186147187
32.0,0.44444445,3.0,20.0,0.9510917030567686,0.9194805194805195
32.0,0.44444445,3.0,32.0,0.9446870451237264,0.9177489177489179
32.0,0.44444445,3.0,50.0,0.9371179039301311,0.9160173160173161
32.0,0.44444445,3.0,80.0,0.9248908296943231,0.9108225108225108
32.0,0.44444445,3.0,128.0,0.9176128093158662,0.8926406926406927
32.0,0.44444445,5.0,2.0,0.9577874818049491,0.9194805194805195
32.0,0.44444445,5.0,3.0,0.9577874818049491,0.9194805194805195
32.0,0.44444445,5.0,5.0,0.9577874818049491,0.9194805194805195
32.0,0.44444445,5.0,8.0,0.9577874818049491,0.9194805194805195
32.0,0.44444445,5.0,12.0,0.9557496360989811,0.9203463203463202
32.0,0.44444445,5.0,20.0,0.9481804949053856,0.9168831168831169
32.0,0.44444445,5.0,32.0,0.9417758369723435,0.9194805194805195
32.0,0.44444445,5.0,50.0,0.9339155749636099,0.9116883116883117
32.0,0.44444445,5.0,80.0,0.9237263464337702,0.9064935064935066
32.0,0.44444445,5.0,128.0,0.9152838427947598,0.8909090909090909
32.0,0.44444445,7.0,2.0,0.9487627365356623,0.9151515151515153
32.0,0.44444445,7.0,3.0,0.9487627365356623,0.9151515151515153
32.0,0.44444445,7.0,5.0,0.9487627365356623,0.9151515151515153
32.0,0.44444445,7.0,8.0,0.9487627365356623,0.9151515151515153
32.0,0.44444445,7.0,12.0,0.9487627365356623,0.9151515151515153
32.0,0.44444445,7.0,20.0,0.9461426491994178,0.9151515151515153
32.0,0.44444445,7.0,32.0,0.941193595342067,0.9168831168831169
32.0,0.44444445,7.0,50.0,0.9312954876273654,0.90995670995671
32.0,0.44444445,7.0,80.0,0.9234352256186318,0.9047619047619048
32.0,0.44444445,7.0,128.0,0.9138282387190685,0.8917748917748918
32.0,0.44444445,9.0,2.0,0.9452692867540028,0.9116883116883117
32.0,0.44444445,9.0,3.0,0.9452692867540028,0.9116883116883117
32.0,0.44444445,9.0,5.0,0.9452692867540028,0.9116883116883117
32.0,0.44444445,9.0,8.0,0.9452692867540028,0.9116883116883117
32.0,0.44444445,9.0,12.0,0.9452692867540028,0.9116883116883117
32.0,0.44444445,9.0,20.0,0.944395924308588,0.9134199134199135
32.0,0.44444445,9.0,32.0,0.9374090247452692,0.9134199134199135
32.0,0.44444445,9.0,50.0,0.9318777292576419,0.9073593073593074
32.0,0.44444445,9.0,80.0,0.9219796215429403,0.9047619047619048
32.0,0.44444445,9.0,128.0,0.9132459970887918,0.8891774891774892
32.0,0.44444445,11.0,2.0,0.941193595342067,0.9125541125541126
32.0,0.44444445,11.0,3.0,0.941193595342067,0.9125541125541126
32.0,0.44444445,11.0,5.0,0.941193595342067,0.9125541125541126
32.0,0.44444445,11.0,8.0,0.941193595342067,0.9125541125541126
32.0,0.44444445,11.0,12.0,0.941193595342067,0.9125541125541126
32.0,0.44444445,11.0,20.0,0.941193595342067,0.9125541125541126
32.0,0.44444445,11.0,32.0,0.9377001455604075,0.90995670995671
32.0,0.44444445,11.0,50.0,0.9310043668122271,0.9030303030303031
32.0,0.44444445,11.0,80.0,0.9202328966521106,0.9004329004329005
32.0,0.44444445,11.0,128.0,0.9129548762736535,0.8891774891774892
32.0,0.44444445,13.0,2.0,0.9385735080058224,0.9064935064935066
32.0,0.44444445,13.0,3.0,0.9385735080058224,0.9064935064935066
32.0,0.44444445,13.0,5.0,0.9385735080058224,0.9064935064935066
32.0,0.44444445,13.0,8.0,0.9385735080058224,0.9064935064935066
32.0,0.44444445,13.0,12.0,0.9385735080058224,0.9064935064935066
32.0,0.44444445,13.0,20.0,0.9385735080058224,0.9064935064935066
32.0,0.44444445,13.0,32.0,0.9365356622998544,0.9090909090909092
32.0,0.44444445,13.0,50.0,0.9298398835516739,0.903896103896104
32.0,0.44444445,13.0,80.0,0.9179039301310044,0.8995670995670995
32.0,0.44444445,13.0,128.0,0.9112081513828238,0.8883116883116884
32.0,0.44444445,15.0,2.0,0.9353711790393013,0.9047619047619048
32.0,0.44444445,15.0,3.0,0.9353711790393013,0.9047619047619048
32.0,0.44444445,15.0,5.0,0.9353711790393013,0.9047619047619048
32.0,0.44444445,15.0,8.0,0.9353711790393013,0.9047619047619048
32.0,0.44444445,15.0,12.0,0.9353711790393013,0.9047619047619048
32.0,0.44444445,15.0,20.0,0.9353711790393013,0.9047619047619048
32.0,0.44444445,15.0,32.0,0.9339155749636099,0.9064935064935066
32.0,0.44444445,15.0,50.0,0.9298398835516739,0.9030303030303031
32.0,0.44444445,15.0,80.0,0.9179039301310044,0.8969696969696969
32.0,0.44444445,15.0,128.0,0.9094614264919942,0.8848484848484848
32.0,0.44444445,17.0,2.0,0.9324599708879185,0.903896103896104
32.0,0.44444445,17.0,3.0,0.9324599708879185,0.903896103896104
32.0,0.44444445,17.0,5.0,0.9324599708879185,0.903896103896104
32.0,0.44444445,17.0,8.0,0.9324599708879185,0.903896103896104
32.0,0.44444445,17.0,12.0,0.9324599708879185,0.903896103896104
32.0,0.44444445,17.0,20.0,0.9324599708879185,0.903896103896104
32.0,0.44444445,17.0,32.0,0.9324599708879185,0.903896103896104
32.0,0.44444445,17.0,50.0,0.9278020378457059,0.9012987012987013
32.0,0.44444445,17.0,80.0,0.9173216885007278,0.8961038961038961
32.0,0.44444445,17.0,128.0,0.9071324599708879,0.8805194805194805
32.0,0.44444445,20.0,2.0,0.9295487627365357,0.9012987012987013
32.0,0.44444445,20.0,3.0,0.9295487627365357,0.9012987012987013
32.0,0.44444445,20.0,5.0,0.9295487627365357,0.9012987012987013
32.0,0.44444445,20.0,8.0,0.9295487627365357,0.9012987012987013
32.0,0.44444445,20.0,12.0,0.9295487627365357,0.9012987012987013
32.0,0.44444445,20.0,20.0,0.9295487627365357,0.9012987012987013
32.0,0.44444445,20.0,32.0,0.9295487627365357,0.9012987012987013
32.0,0.44444445,20.0,50.0,0.9254730713245998,0.8995670995670995
32.0,0.44444445,20.0,80.0,0.914410480349345,0.8952380952380953
32.0,0.44444445,20.0,128.0,0.9042212518195051,0.8796536796536797
32.0,0.5555556,1.0,2.0,0.9767103347889374,0.9246753246753248
32.0,0.5555556,1.0,3.0,0.9767103347889374,0.9238095238095237
32.0,0.5555556,1.0,5.0,0.975254730713246,0.9255411255411256
32.0,0.5555556,1.0,8.0,0.9723435225618632,0.9238095238095237
32.0,0.5555556,1.0,12.0,0.9685589519650655,0.9246753246753248
32.0,0.5555556,1.0,20.0,0.9601164483260554,0.9272727272727274
32.0,0.5555556,1.0,32.0,0.9467248908296944,0.9290043290043289
32.0,0.5555556,1.0,50.0,0.939155749636099,0.9212121212121211
32.0,0.5555556,1.0,80.0,0.9301310043668123,0.9212121212121213
32.0,0.5555556,1.0,128.0,0.9219796215429403,0.9090909090909092
32.0,0.5555556,3.0,2.0,0.9685589519650655,0.922943722943723
32.0,0.5555556,3.0,3.0,0.9685589519650655,0.922943722943723
32.0,0.5555556,3.0,5.0,0.9685589519650655,0.922943722943723
32.0,0.5555556,3.0,8.0,0.967976710334789,0.922943722943723
32.0,0.5555556,3.0,12.0,0.9621542940320232,0.9246753246753248
32.0,0.5555556,3.0,20.0,0.9540029112081514,0.9264069264069263
32.0,0.5555556,3.0,32.0,0.9443959243085882,0.92987012987013
32.0,0.5555556,3.0,50.0,0.9362445414847163,0.9246753246753248
32.0,0.5555556,3.0,80.0,0.9286754002911207,0.9203463203463202
32.0,0.5555556,3.0,128.0,0.9213973799126638,0.90995670995671
32.0,0.5555556,5.0,2.0,0.9574963609898107,0.9246753246753248
32.0,0.5555556,5.0,3.0,0.9574963609898107,0.9246753246753248
32.0,0.5555556,5.0,5.0,0.9574963609898107,0.9246753246753248
32.0,0.5555556,5.0,8.0,0.9574963609898107,0.9246753246753248
32.0,0.5555556,5.0,12.0,0.9554585152838427,0.9238095238095237
32.0,0.5555556,5.0,20.0,0.948471615720524,0.9264069264069263
32.0,0.5555556,5.0,32.0,0.9403202328966522,0.9255411255411256
32.0,0.5555556,5.0,50.0,0.9342066957787483,0.922077922077922
32.0,0.5555556,5.0,80.0,0.9263464337700146,0.9194805194805195
32.0,0.5555556,5.0,128.0,0.9199417758369723,0.9090909090909092
32.0,0.5555556,7.0,2.0,0.9496360989810771,0.9246753246753248
32.0,0.5555556,7.0,3.0,0.9496360989810771,0.9246753246753248
32.0,0.5555556,7.0,5.0,0.9496360989810771,0.9246753246753248
32.0,0.5555556,7.0,8.0,0.9496360989810771,0.9246753246753248
32.0,0.5555556,7.0,12.0,0.9496360989810771,0.9246753246753248
32.0,0.5555556,7.0,20.0,0.945269286754003,0.9246753246753248
32.0,0.5555556,7.0,32.0,0.9385735080058224,0.9264069264069263
32.0,0.5555556,7.0,50.0,0.9330422125181951,0.922943722943723
32.0,0.5555556,7.0,80.0,0.9231441048034934,0.9125541125541126
32.0,0.5555556,7.0,128.0,0.9187772925764192,0.9082251082251082
32.0,0.5555556,9.0,2.0,0.9441048034934496,0.9246753246753248
32.0,0.5555556,9.0,3.0,0.9441048034934496,0.9246753246753248
32.0,0.5555556,9.0,5.0,0.9441048034934496,0.9246753246753248
32.0,0.5555556,9.0,8.0,0.9441048034934496,0.9246753246753248
32.0,0.5555556,9.0,12.0,0.9441048034934496,0.9246753246753248
32.0,0.5555556,9.0,20.0,0.9429403202328966,0.922943722943723
32.0,0.5555556,9.0,32.0,0.9365356622998544,0.9246753246753248
32.0,0.5555556,9.0,50.0,0.9295487627365357,0.9177489177489179
32.0,0.5555556,9.0,80.0,0.9237263464337702,0.9116883116883117
32.0,0.5555556,9.0,128.0,0.9176128093158662,0.9047619047619048
32.0,0.5555556,11.0,2.0,0.9400291120815139,0.9212121212121211
32.0,0.5555556,11.0,3.0,0.9400291120815139,0.9212121212121211
32.0,0.5555556,11.0,5.0,0.9400291120815139,0.9212121212121211
32.0,0.5555556,11.0,8.0,0.9400291120815139,0.9212121212121211
32.0,0.5555556,11.0,12.0,0.9400291120815139,0.9212121212121211
32.0,0.5555556,11.0,20.0,0.9400291120815139,0.9212121212121211
32.0,0.5555556,11.0,32.0,0.9359534206695779,0.9246753246753248
32.0,0.5555556,11.0,50.0,0.9295487627365357,0.9160173160173161
32.0,0.5555556,11.0,80.0,0.9234352256186318,0.9108225108225108
32.0,0.5555556,11.0,128.0,0.916448326055313,0.9047619047619048
32.0,0.5555556,13.0,2.0,0.9368267831149927,0.9194805194805195
32.0,0.5555556,13.0,3.0,0.9368267831149927,0.9194805194805195
32.0,0.5555556,13.0,5.0,0.9368267831149927,0.9194805194805195
32.0,0.5555556,13.0,8.0,0.9368267831149927,0.9194805194805195
32.0,0.5555556,13.0,12.0,0.9368267831149927,0.9194805194805195
32.0,0.5555556,13.0,20.0,0.9368267831149927,0.9194805194805195
32.0,0.5555556,13.0,32.0,0.9359534206695779,0.9212121212121213
32.0,0.5555556,13.0,50.0,0.9292576419213974,0.9125541125541126
32.0,0.5555556,13.0,80.0,0.9211062590975254,0.9116883116883117
32.0,0.5555556,13.0,128.0,0.9149927219796214,0.9012987012987013
32.0,0.5555556,15.0,2.0,0.9362445414847163,0.9194805194805195
32.0,0.5555556,15.0,3.0,0.9362445414847163,0.9194805194805195
32.0,0.5555556,15.0,5.0,0.9362445414847163,0.9194805194805195
32.0,0.5555556,15.0,8.0,0.9362445414847163,0.9194805194805195
32.0,0.5555556,15.0,12.0,0.9362445414847163,0.9194805194805195
32.0,0.5555556,15.0,20.0,0.9362445414847163,0.9194805194805195
32.0,0.5555556,15.0,32.0,0.9350800582241631,0.9194805194805195
32.0,0.5555556,15.0,50.0,0.9278020378457059,0.9142857142857143
32.0,0.5555556,15.0,80.0,0.9213973799126638,0.9116883116883117
32.0,0.5555556,15.0,128.0,0.9141193595342066,0.9012987012987013
32.0,0.5555556,17.0,2.0,0.9327510917030567,0.9134199134199135
32.0,0.5555556,17.0,3.0,0.9327510917030567,0.9134199134199135
32.0,0.5555556,17.0,5.0,0.9327510917030567,0.9134199134199135
32.0,0.5555556,17.0,8.0,0.9327510917030567,0.9134199134199135
32.0,0.5555556,17.0,12.0,0.9327510917030567,0.9134199134199135
32.0,0.5555556,17.0,20.0,0.9327510917030567,0.9134199134199135
32.0,0.5555556,17.0,32.0,0.9327510917030567,0.9134199134199135
32.0,0.5555556,17.0,50.0,0.9266375545851527,0.9134199134199135
32.0,0.5555556,17.0,80.0,0.920524017467249,0.9082251082251082
32.0,0.5555556,17.0,128.0,0.9106259097525473,0.9004329004329005
32.0,0.5555556,20.0,2.0,0.9286754002911207,0.90995670995671
32.0,0.5555556,20.0,3.0,0.9286754002911207,0.90995670995671
32.0,0.5555556,20.0,5.0,0.9286754002911207,0.90995670995671
32.0,0.5555556,20.0,8.0,0.9286754002911207,0.90995670995671
32.0,0.5555556,20.0,12.0,0.9286754002911207,0.90995670995671
32.0,0.5555556,20.0,20.0,0.9286754002911207,0.90995670995671
32.0,0.5555556,20.0,32.0,0.9286754002911207,0.90995670995671
32.0,0.5555556,20.0,50.0,0.9254730713245998,0.9108225108225108
32.0,0.5555556,20.0,80.0,0.9176128093158662,0.9082251082251082
32.0,0.5555556,20.0,128.0,0.9106259097525473,0.8952380952380953
32.0,0.6666667,1.0,2.0,0.9764192139737992,0.9272727272727274
32.0,0.6666667,1.0,3.0,0.9761280931586608,0.9272727272727274
32.0,0.6666667,1.0,5.0,0.9755458515283844,0.9281385281385282
32.0,0.6666667,1.0,8.0,0.9714701601164484,0.92987012987013
32.0,0.6666667,1.0,12.0,0.967976710334789,0.9281385281385282
32.0,0.6666667,1.0,20.0,0.9595342066957787,0.9272727272727274
32.0,0.6666667,1.0,32.0,0.9475982532751092,0.9281385281385282
32.0,0.6666667,1.0,50.0,0.9403202328966522,0.9281385281385282
32.0,0.6666667,1.0,80.0,0.9312954876273654,0.9238095238095237
32.0,0.6666667,1.0,128.0,0.921688500727802,0.90995670995671
32.0,0.6666667,3.0,2.0,0.967976710334789,0.9307359307359307
32.0,0.6666667,3.0,3.0,0.967976710334789,0.9307359307359307
32.0,0.6666667,3.0,5.0,0.967976710334789,0.9307359307359307
32.0,0.6666667,3.0,8.0,0.9668122270742359,0.9264069264069263
32.0,0.6666667,3.0,12.0,0.9621542940320232,0.9290043290043289
32.0,0.6666667,3.0,20.0,0.9522561863173216,0.9290043290043289
32.0,0.6666667,3.0,32.0,0.9446870451237264,0.92987012987013
32.0,0.6666667,3.0,50.0,0.9377001455604075,0.9281385281385282
32.0,0.6666667,3.0,80.0,0.928675400291121,0.9203463203463202
32.0,0.6666667,3.0,128.0,0.9190684133915574,0.90995670995671
32.0,0.6666667,5.0,2.0,0.9569141193595343,0.9290043290043289
32.0,0.6666667,5.0,3.0,0.9569141193595343,0.9290043290043289
32.0,0.6666667,5.0,5.0,0.9569141193595343,0.9290043290043289
32.0,0.6666667,5.0,8.0,0.9569141193595343,0.9290043290043289
32.0,0.6666667,5.0,12.0,0.9560407569141194,0.9272727272727274
32.0,0.6666667,5.0,20.0,0.9475982532751092,0.9281385281385282
32.0,0.6666667,5.0,32.0,0.939155749636099,0.9307359307359307
32.0,0.6666667,5.0,50.0,0.9315866084425035,0.922943722943723
32.0,0.6666667,5.0,80.0,0.924599708879185,0.9203463203463202
32.0,0.6666667,5.0,128.0,0.9187772925764192,0.9108225108225108
32.0,0.6666667,7.0,2.0,0.9493449781659388,0.9290043290043289
32.0,0.6666667,7.0,3.0,0.9493449781659388,0.9290043290043289
32.0,0.6666667,7.0,5.0,0.9493449781659388,0.9290043290043289
32.0,0.6666667,7.0,8.0,0.9493449781659388,0.9290043290043289
32.0,0.6666667,7.0,12.0,0.9493449781659388,0.9290043290043289
32.0,0.6666667,7.0,20.0,0.9458515283842794,0.9272727272727274
32.0,0.6666667,7.0,32.0,0.9368267831149927,0.9246753246753248
32.0,0.6666667,7.0,50.0,0.9307132459970887,0.9246753246753248
32.0,0.6666667,7.0,80.0,0.9243085880640466,0.9194805194805195
32.0,0.6666667,7.0,128.0,0.9173216885007278,0.90995670995671
32.0,0.6666667,9.0,2.0,0.9446870451237264,0.9272727272727274
32.0,0.6666667,9.0,3.0,0.9446870451237264,0.9272727272727274
32.0,0.6666667,9.0,5.0,0.9446870451237264,0.9272727272727274
32.0,0.6666667,9.0,8.0,0.9446870451237264,0.9272727272727274
32.0,0.6666667,9.0,12.0,0.9446870451237264,0.9272727272727274
32.0,0.6666667,9.0,20.0,0.943231441048035,0.9281385281385282
32.0,0.6666667,9.0,32.0,0.9365356622998544,0.9255411255411256
32.0,0.6666667,9.0,50.0,0.9301310043668123,0.9238095238095237
32.0,0.6666667,9.0,80.0,0.9237263464337699,0.9212121212121213
32.0,0.6666667,9.0,128.0,0.9167394468704512,0.90995670995671
32.0,0.6666667,11.0,2.0,0.9394468704512373,0.9246753246753248
32.0,0.6666667,11.0,3.0,0.9394468704512373,0.9246753246753248
32.0,0.6666667,11.0,5.0,0.9394468704512373,0.9246753246753248
32.0,0.6666667,11.0,8.0,0.9394468704512373,0.9246753246753248
32.0,0.6666667,11.0,12.0,0.9394468704512373,0.9246753246753248
32.0,0.6666667,11.0,20.0,0.9394468704512373,0.9246753246753248
32.0,0.6666667,11.0,32.0,0.9362445414847163,0.9272727272727274
32.0,0.6666667,11.0,50.0,0.9307132459970887,0.9212121212121213
32.0,0.6666667,11.0,80.0,0.9240174672489083,0.9177489177489176
32.0,0.6666667,11.0,128.0,0.9155749636098982,0.9082251082251082
32.0,0.6666667,13.0,2.0,0.9374090247452692,0.9264069264069263
32.0,0.6666667,13.0,3.0,0.9374090247452692,0.9264069264069263
32.0,0.6666667,13.0,5.0,0.9374090247452692,0.9264069264069263
32.0,0.6666667,13.0,8.0,0.9374090247452692,0.9264069264069263
32.0,0.6666667,13.0,12.0,0.9374090247452692,0.9264069264069263
32.0,0.6666667,13.0,20.0,0.9374090247452692,0.9264069264069263
32.0,0.6666667,13.0,32.0,0.9356622998544395,0.9238095238095237
32.0,0.6666667,13.0,50.0,0.9298398835516739,0.9212121212121213
32.0,0.6666667,13.0,80.0,0.9213973799126638,0.9142857142857143
32.0,0.6666667,13.0,128.0,0.9152838427947598,0.9082251082251082
32.0,0.6666667,15.0,2.0,0.9359534206695779,0.9203463203463202
32.0,0.6666667,15.0,3.0,0.9359534206695779,0.9203463203463202
32.0,0.6666667,15.0,5.0,0.9359534206695779,0.9203463203463202
32.0,0.6666667,15.0,8.0,0.9359534206695779,0.9203463203463202
32.0,0.6666667,15.0,12.0,0.9359534206695779,0.9203463203463202
32.0,0.6666667,15.0,20.0,0.9359534206695779,0.9203463203463202
32.0,0.6666667,15.0,32.0,0.9336244541484715,0.9186147186147187
32.0,0.6666667,15.0,50.0,0.9275109170305675,0.9160173160173161
32.0,0.6666667,15.0,80.0,0.9202328966521106,0.9125541125541126
32.0,0.6666667,15.0,128.0,0.914410480349345,0.903896103896104
32.0,0.6666667,17.0,2.0,0.9333333333333333,0.9134199134199135
32.0,0.6666667,17.0,3.0,0.9333333333333333,0.9134199134199135
32.0,0.6666667,17.0,5.0,0.9333333333333333,0.9134199134199135
32.0,0.6666667,17.0,8.0,0.9333333333333333,0.9134199134199135
32.0,0.6666667,17.0,12.0,0.9333333333333333,0.9134199134199135
32.0,0.6666667,17.0,20.0,0.9333333333333333,0.9134199134199135
32.0,0.6666667,17.0,32.0,0.9333333333333333,0.9134199134199135
32.0,0.6666667,17.0,50.0,0.9263464337700146,0.9151515151515153
32.0,0.6666667,17.0,80.0,0.9213973799126638,0.9090909090909092
32.0,0.6666667,17.0,128.0,0.9132459970887918,0.9030303030303031
32.0,0.6666667,20.0,2.0,0.9298398835516739,0.90995670995671
32.0,0.6666667,20.0,3.0,0.9298398835516739,0.90995670995671
32.0,0.6666667,20.0,5.0,0.9298398835516739,0.90995670995671
32.0,0.6666667,20.0,8.0,0.9298398835516739,0.90995670995671
32.0,0.6666667,20.0,12.0,0.9298398835516739,0.90995670995671
32.0,0.6666667,20.0,20.0,0.9298398835516739,0.90995670995671
32.0,0.6666667,20.0,32.0,0.9298398835516739,0.90995670995671
32.0,0.6666667,20.0,50.0,0.9254730713245998,0.9125541125541126
32.0,0.6666667,20.0,80.0,0.9179039301310044,0.9064935064935066
32.0,0.6666667,20.0,128.0,0.9106259097525473,0.8995670995670995
32.0,0.7777778,1.0,2.0,0.9761280931586608,0.9333333333333333
32.0,0.7777778,1.0,3.0,0.9764192139737992,0.9281385281385282
32.0,0.7777778,1.0,5.0,0.9740902474526928,0.9290043290043289
32.0,0.7777778,1.0,8.0,0.9703056768558952,0.9281385281385282
32.0,0.7777778,1.0,12.0,0.969141193595342,0.92987012987013
32.0,0.7777778,1.0,20.0,0.9598253275109171,0.9281385281385282
32.0,0.7777778,1.0,32.0,0.9470160116448326,0.9272727272727274
32.0,0.7777778,1.0,50.0,0.9400291120815139,0.9246753246753248
32.0,0.7777778,1.0,80.0,0.9330422125181951,0.9264069264069263
32.0,0.7777778,1.0,128.0,0.9243085880640466,0.922077922077922
32.0,0.7777778,3.0,2.0,0.9656477438136827,0.9307359307359307
32.0,0.7777778,3.0,3.0,0.9656477438136827,0.9307359307359307
32.0,0.7777778,3.0,5.0,0.9656477438136827,0.9307359307359307
32.0,0.7777778,3.0,8.0,0.9668122270742359,0.92987012987013
32.0,0.7777778,3.0,12.0,0.9609898107714703,0.92987012987013
32.0,0.7777778,3.0,20.0,0.9525473071324599,0.9281385281385282
32.0,0.7777778,3.0,32.0,0.9429403202328966,0.9281385281385282
32.0,0.7777778,3.0,50.0,0.9385735080058225,0.9281385281385282
32.0,0.7777778,3.0,80.0,0.9298398835516739,0.9307359307359307
32.0,0.7777778,3.0,128.0,0.9222707423580786,0.922077922077922
32.0,0.7777778,5.0,2.0,0.9574963609898107,0.9307359307359307
32.0,0.7777778,5.0,3.0,0.9574963609898107,0.9307359307359307
32.0,0.7777778,5.0,5.0,0.9574963609898107,0.9307359307359307
32.0,0.7777778,5.0,8.0,0.9574963609898107,0.9307359307359307
32.0,0.7777778,5.0,12.0,0.9554585152838427,0.92987012987013
32.0,0.7777778,5.0,20.0,0.9470160116448326,0.9255411255411256
32.0,0.7777778,5.0,32.0,0.9403202328966522,0.9290043290043289
32.0,0.7777778,5.0,50.0,0.9333333333333333,0.9281385281385282
32.0,0.7777778,5.0,80.0,0.9283842794759826,0.92987012987013
32.0,0.7777778,5.0,128.0,0.921688500727802,0.922077922077922
32.0,0.7777778,7.0,2.0,0.9493449781659388,0.92987012987013
32.0,0.7777778,7.0,3.0,0.9493449781659388,0.92987012987013
32.0,0.7777778,7.0,5.0,0.9493449781659388,0.92987012987013
32.0,0.7777778,7.0,8.0,0.9493449781659388,0.92987012987013
32.0,0.7777778,7.0,12.0,0.9493449781659388,0.92987012987013
32.0,0.7777778,7.0,20.0,0.9438136826783114,0.9255411255411256
32.0,0.7777778,7.0,32.0,0.9379912663755459,0.9281385281385282
32.0,0.7777778,7.0,50.0,0.9324599708879185,0.92987012987013
32.0,0.7777778,7.0,80.0,0.9254730713245998,0.9281385281385282
32.0,0.7777778,7.0,128.0,0.9202328966521106,0.922943722943723
32.0,0.7777778,9.0,2.0,0.9429403202328966,0.9281385281385282
32.0,0.7777778,9.0,3.0,0.9429403202328966,0.9281385281385282
32.0,0.7777778,9.0,5.0,0.9429403202328966,0.9281385281385282
32.0,0.7777778,9.0,8.0,0.9429403202328966,0.9281385281385282
32.0,0.7777778,9.0,12.0,0.9429403202328966,0.9281385281385282
32.0,0.7777778,9.0,20.0,0.9423580786026202,0.9272727272727274
32.0,0.7777778,9.0,32.0,0.9371179039301311,0.9272727272727274
32.0,0.7777778,9.0,50.0,0.9315866084425035,0.9281385281385282
32.0,0.7777778,9.0,80.0,0.9257641921397379,0.92987012987013
32.0,0.7777778,9.0,128.0,0.9196506550218342,0.922077922077922
32.0,0.7777778,11.0,2.0,0.9400291120815139,0.9290043290043289
32.0,0.7777778,11.0,3.0,0.9400291120815139,0.9290043290043289
32.0,0.7777778,11.0,5.0,0.9400291120815139,0.9290043290043289
32.0,0.7777778,11.0,8.0,0.9400291120815139,0.9290043290043289
32.0,0.7777778,11.0,12.0,0.9400291120815139,0.9290043290043289
32.0,0.7777778,11.0,20.0,0.9400291120815139,0.9290043290043289
32.0,0.7777778,11.0,32.0,0.9347889374090247,0.9272727272727274
32.0,0.7777778,11.0,50.0,0.9304221251819506,0.9281385281385282
32.0,0.7777778,11.0,80.0,0.9237263464337699,0.9290043290043289
32.0,0.7777778,11.0,128.0,0.918486171761281,0.9238095238095237
32.0,0.7777778,13.0,2.0,0.9356622998544395,0.9281385281385282
32.0,0.7777778,13.0,3.0,0.9356622998544395,0.9281385281385282
32.0,0.7777778,13.0,5.0,0.9356622998544395,0.9281385281385282
32.0,0.7777778,13.0,8.0,0.9356622998544395,0.9281385281385282
32.0,0.7777778,13.0,12.0,0.9356622998544395,0.9281385281385282
32.0,0.7777778,13.0,20.0,0.9356622998544395,0.9281385281385282
32.0,0.7777778,13.0,32.0,0.9344978165938864,0.9255411255411256
32.0,0.7777778,13.0,50.0,0.928675400291121,0.9246753246753248
32.0,0.7777778,13.0,80.0,0.922561863173217,0.9272727272727274
32.0,0.7777778,13.0,128.0,0.9176128093158662,0.9238095238095237
32.0,0.7777778,15.0,2.0,0.9333333333333333,0.922943722943723
32.0,0.7777778,15.0,3.0,0.9333333333333333,0.922943722943723
32.0,0.7777778,15.0,5.0,0.9333333333333333,0.922943722943723
32.0,0.7777778,15.0,8.0,0.9333333333333333,0.922943722943723
32.0,0.7777778,15.0,12.0,0.9333333333333333,0.922943722943723
32.0,0.7777778,15.0,20.0,0.9333333333333333,0.922943722943723
32.0,0.7777778,15.0,32.0,0.9336244541484715,0.9212121212121213
32.0,0.7777778,15.0,50.0,0.928675400291121,0.922943722943723
32.0,0.7777778,15.0,80.0,0.9208151382823871,0.9212121212121213
32.0,0.7777778,15.0,128.0,0.916448326055313,0.9212121212121211
32.0,0.7777778,17.0,2.0,0.9310043668122271,0.9194805194805195
32.0,0.7777778,17.0,3.0,0.9310043668122271,0.9194805194805195
32.0,0.7777778,17.0,5.0,0.9310043668122271,0.9194805194805195
32.0,0.7777778,17.0,8.0,0.9310043668122271,0.9194805194805195
32.0,0.7777778,17.0,12.0,0.9310043668122271,0.9194805194805195
32.0,0.7777778,17.0,20.0,0.9310043668122271,0.9194805194805195
32.0,0.7777778,17.0,32.0,0.9310043668122271,0.9194805194805195
32.0,0.7777778,17.0,50.0,0.9272197962154294,0.9212121212121213
32.0,0.7777778,17.0,80.0,0.9202328966521106,0.9168831168831169
32.0,0.7777778,17.0,128.0,0.9135371179039302,0.9177489177489176
32.0,0.7777778,20.0,2.0,0.9307132459970887,0.9134199134199135
32.0,0.7777778,20.0,3.0,0.9307132459970887,0.9134199134199135
32.0,0.7777778,20.0,5.0,0.9307132459970887,0.9134199134199135
32.0,0.7777778,20.0,8.0,0.9307132459970887,0.9134199134199135
32.0,0.7777778,20.0,12.0,0.9307132459970887,0.9134199134199135
32.0,0.7777778,20.0,20.0,0.9307132459970887,0.9134199134199135
32.0,0.7777778,20.0,32.0,0.9307132459970887,0.9134199134199135
32.0,0.7777778,20.0,50.0,0.9280931586608443,0.9142857142857143
32.0,0.7777778,20.0,80.0,0.9199417758369723,0.9134199134199135
32.0,0.7777778,20.0,128.0,0.9135371179039302,0.9168831168831169
32.0,0.8888889,1.0,2.0,0.9755458515283844,0.9281385281385282
32.0,0.8888889,1.0,3.0,0.9755458515283844,0.92987012987013
32.0,0.8888889,1.0,5.0,0.975254730713246,0.9255411255411256
32.0,0.8888889,1.0,8.0,0.9705967976710335,0.9272727272727274
32.0,0.8888889,1.0,12.0,0.9694323144104804,0.9272727272727274
32.0,0.8888889,1.0,20.0,0.9589519650655023,0.9238095238095239
32.0,0.8888889,1.0,32.0,0.9467248908296944,0.922943722943723
32.0,0.8888889,1.0,50.0,0.9397379912663755,0.9212121212121213
32.0,0.8888889,1.0,80.0,0.9327510917030567,0.9194805194805195
32.0,0.8888889,1.0,128.0,0.9234352256186318,0.9246753246753248
32.0,0.8888889,3.0,2.0,0.967976710334789,0.9255411255411256
32.0,0.8888889,3.0,3.0,0.967976710334789,0.9255411255411256
32.0,0.8888889,3.0,5.0,0.967976710334789,0.9255411255411256
32.0,0.8888889,3.0,8.0,0.9665211062590975,0.9272727272727274
32.0,0.8888889,3.0,12.0,0.9621542940320232,0.9264069264069263
32.0,0.8888889,3.0,20.0,0.9519650655021834,0.922943722943723
32.0,0.8888889,3.0,32.0,0.944395924308588,0.9212121212121213
32.0,0.8888889,3.0,50.0,0.9362445414847163,0.9246753246753248
32.0,0.8888889,3.0,80.0,0.9312954876273654,0.9238095238095239
32.0,0.8888889,3.0,128.0,0.9208151382823871,0.9238095238095237
32.0,0.8888889,5.0,2.0,0.9586608442503639,0.9272727272727274
32.0,0.8888889,5.0,3.0,0.9586608442503639,0.9272727272727274
32.0,0.8888889,5.0,5.0,0.9586608442503639,0.9272727272727274
32.0,0.8888889,5.0,8.0,0.9586608442503639,0.9272727272727274
32.0,0.8888889,5.0,12.0,0.9572052401746725,0.9281385281385282
32.0,0.8888889,5.0,20.0,0.9496360989810771,0.9238095238095239
32.0,0.8888889,5.0,32.0,0.9420669577874818,0.9255411255411256
32.0,0.8888889,5.0,50.0,0.9347889374090247,0.9264069264069263
32.0,0.8888889,5.0,80.0,0.9280931586608443,0.9246753246753248
32.0,0.8888889,5.0,128.0,0.9199417758369723,0.9272727272727274
32.0,0.8888889,7.0,2.0,0.9487627365356623,0.9272727272727274
32.0,0.8888889,7.0,3.0,0.9487627365356623,0.9272727272727274
32.0,0.8888889,7.0,5.0,0.9487627365356623,0.9272727272727274
32.0,0.8888889,7.0,8.0,0.9487627365356623,0.9272727272727274
32.0,0.8888889,7.0,12.0,0.9487627365356623,0.9272727272727274
32.0,0.8888889,7.0,20.0,0.945269286754003,0.9264069264069263
32.0,0.8888889,7.0,32.0,0.938282387190684,0.9255411255411256
32.0,0.8888889,7.0,50.0,0.9327510917030567,0.9281385281385282
32.0,0.8888889,7.0,80.0,0.9266375545851527,0.9246753246753248
32.0,0.8888889,7.0,128.0,0.9181950509461426,0.9281385281385282
32.0,0.8888889,9.0,2.0,0.9446870451237264,0.9246753246753248
32.0,0.8888889,9.0,3.0,0.9446870451237264,0.9246753246753248
32.0,0.8888889,9.0,5.0,0.9446870451237264,0.9246753246753248
32.0,0.8888889,9.0,8.0,0.9446870451237264,0.9246753246753248
32.0,0.8888889,9.0,12.0,0.9446870451237264,0.9246753246753248
32.0,0.8888889,9.0,20.0,0.9417758369723435,0.9255411255411256
32.0,0.8888889,9.0,32.0,0.9362445414847163,0.9264069264069263
32.0,0.8888889,9.0,50.0,0.9321688500727803,0.9290043290043289
32.0,0.8888889,9.0,80.0,0.9254730713245998,0.9246753246753248
32.0,0.8888889,9.0,128.0,0.9176128093158662,0.9264069264069263
32.0,0.8888889,11.0,2.0,0.9406113537117904,0.9290043290043289
32.0,0.8888889,11.0,3.0,0.9406113537117904,0.9290043290043289
32.0,0.8888889,11.0,5.0,0.9406113537117904,0.9290043290043289
32.0,0.8888889,11.0,8.0,0.9406113537117904,0.9290043290043289
32.0,0.8888889,11.0,12.0,0.9406113537117904,0.9290043290043289
32.0,0.8888889,11.0,20.0,0.9406113537117904,0.9290043290043289
32.0,0.8888889,11.0,32.0,0.9377001455604075,0.92987012987013
32.0,0.8888889,11.0,50.0,0.9304221251819506,0.9290043290043289
32.0,0.8888889,11.0,80.0,0.924599708879185,0.9246753246753248
32.0,0.8888889,11.0,128.0,0.9170305676855894,0.9255411255411256
32.0,0.8888889,13.0,2.0,0.9371179039301311,0.9316017316017315
32.0,0.8888889,13.0,3.0,0.9371179039301311,0.9316017316017315
32.0,0.8888889,13.0,5.0,0.9371179039301311,0.9316017316017315
32.0,0.8888889,13.0,8.0,0.9371179039301311,0.9316017316017315
32.0,0.8888889,13.0,12.0,0.9371179039301311,0.9316017316017315
32.0,0.8888889,13.0,20.0,0.9371179039301311,0.9316017316017315
32.0,0.8888889,13.0,32.0,0.9344978165938865,0.9264069264069263
32.0,0.8888889,13.0,50.0,0.9278020378457059,0.9281385281385282
32.0,0.8888889,13.0,80.0,0.920524017467249,0.9246753246753248
32.0,0.8888889,13.0,128.0,0.9138282387190685,0.9246753246753248
32.0,0.8888889,15.0,2.0,0.9353711790393013,0.9255411255411256
32.0,0.8888889,15.0,3.0,0.9353711790393013,0.9255411255411256
32.0,0.8888889,15.0,5.0,0.9353711790393013,0.9255411255411256
32.0,0.8888889,15.0,8.0,0.9353711790393013,0.9255411255411256
32.0,0.8888889,15.0,12.0,0.9353711790393013,0.9255411255411256
32.0,0.8888889,15.0,20.0,0.9353711790393013,0.9255411255411256
32.0,0.8888889,15.0,32.0,0.9350800582241631,0.9272727272727274
32.0,0.8888889,15.0,50.0,0.9269286754002911,0.9281385281385282
32.0,0.8888889,15.0,80.0,0.920524017467249,0.9238095238095239
32.0,0.8888889,15.0,128.0,0.9132459970887918,0.9272727272727274
32.0,0.8888889,17.0,2.0,0.9336244541484715,0.922077922077922
32.0,0.8888889,17.0,3.0,0.9336244541484715,0.922077922077922
32.0,0.8888889,17.0,5.0,0.9336244541484715,0.922077922077922
32.0,0.8888889,17.0,8.0,0.9336244541484715,0.922077922077922
32.0,0.8888889,17.0,12.0,0.9336244541484715,0.922077922077922
32.0,0.8888889,17.0,20.0,0.9336244541484715,0.922077922077922
32.0,0.8888889,17.0,32.0,0.9336244541484715,0.922077922077922
32.0,0.8888889,17.0,50.0,0.9266375545851527,0.9255411255411256
32.0,0.8888889,17.0,80.0,0.9187772925764192,0.9203463203463202
32.0,0.8888889,17.0,128.0,0.9120815138282387,0.9238095238095237
32.0,0.8888889,20.0,2.0,0.9304221251819506,0.9186147186147187
32.0,0.8888889,20.0,3.0,0.9304221251819506,0.9186147186147187
32.0,0.8888889,20.0,5.0,0.9304221251819506,0.9186147186147187
32.0,0.8888889,20.0,8.0,0.9304221251819506,0.9186147186147187
32.0,0.8888889,20.0,12.0,0.9304221251819506,0.9186147186147187
32.0,0.8888889,20.0,20.0,0.9304221251819506,0.9186147186147187
32.0,0.8888889,20.0,32.0,0.9304221251819506,0.9186147186147187
32.0,0.8888889,20.0,50.0,0.9260553129548763,0.9203463203463202
32.0,0.8888889,20.0,80.0,0.9187772925764192,0.9212121212121213
32.0,0.8888889,20.0,128.0,0.9109170305676855,0.9194805194805195
32.0,1.0,1.0,2.0,0.9746724890829694,0.9255411255411256
32.0,1.0,1.0,3.0,0.9740902474526928,0.9272727272727274
32.0,1.0,1.0,5.0,0.9726346433770015,0.9246753246753248
32.0,1.0,1.0,8.0,0.969141193595342,0.9264069264069263
32.0,1.0,1.0,12.0,0.9656477438136827,0.9272727272727274
32.0,1.0,1.0,20.0,0.9548762736535663,0.9212121212121213
32.0,1.0,1.0,32.0,0.9467248908296944,0.9186147186147187
32.0,1.0,1.0,50.0,0.9388646288209607,0.9194805194805195
32.0,1.0,1.0,80.0,0.9280931586608443,0.9160173160173161
32.0,1.0,1.0,128.0,0.9193595342066958,0.9151515151515153
32.0,1.0,3.0,2.0,0.9639010189228531,0.9212121212121213
32.0,1.0,3.0,3.0,0.9639010189228531,0.9212121212121213
32.0,1.0,3.0,5.0,0.9639010189228531,0.9212121212121213
32.0,1.0,3.0,8.0,0.963027656477438,0.9212121212121213
32.0,1.0,3.0,12.0,0.9589519650655023,0.9203463203463202
32.0,1.0,3.0,20.0,0.950509461426492,0.9203463203463202
32.0,1.0,3.0,32.0,0.9441048034934498,0.9194805194805195
32.0,1.0,3.0,50.0,0.9347889374090247,0.9203463203463202
32.0,1.0,3.0,80.0,0.9254730713245998,0.9168831168831169
32.0,1.0,3.0,128.0,0.9181950509461426,0.9168831168831169
32.0,1.0,5.0,2.0,0.9580786026200874,0.9238095238095237
32.0,1.0,5.0,3.0,0.9580786026200874,0.9238095238095237
32.0,1.0,5.0,5.0,0.9580786026200874,0.9238095238095237
32.0,1.0,5.0,8.0,0.9580786026200874,0.9238095238095237
32.0,1.0,5.0,12.0,0.9540029112081514,0.922943722943723
32.0,1.0,5.0,20.0,0.9473071324599708,0.922077922077922
32.0,1.0,5.0,32.0,0.9414847161572052,0.9212121212121213
32.0,1.0,5.0,50.0,0.9327510917030567,0.922077922077922
32.0,1.0,5.0,80.0,0.9228529839883551,0.9177489177489179
32.0,1.0,5.0,128.0,0.9170305676855894,0.9177489177489179
32.0,1.0,7.0,2.0,0.9481804949053856,0.922943722943723
32.0,1.0,7.0,3.0,0.9481804949053856,0.922943722943723
32.0,1.0,7.0,5.0,0.9481804949053856,0.922943722943723
32.0,1.0,7.0,8.0,0.9481804949053856,0.922943722943723
32.0,1.0,7.0,12.0,0.9481804949053856,0.922943722943723
32.0,1.0,7.0,20.0,0.945269286754003,0.922077922077922
32.0,1.0,7.0,32.0,0.9388646288209607,0.9203463203463202
32.0,1.0,7.0,50.0,0.9312954876273654,0.9194805194805195
32.0,1.0,7.0,80.0,0.9213973799126638,0.9151515151515153
32.0,1.0,7.0,128.0,0.9161572052401746,0.9160173160173161
32.0,1.0,9.0,2.0,0.9446870451237264,0.9246753246753248
32.0,1.0,9.0,3.0,0.9446870451237264,0.9246753246753248
32.0,1.0,9.0,5.0,0.9446870451237264,0.9246753246753248
32.0,1.0,9.0,8.0,0.9446870451237264,0.9246753246753248
32.0,1.0,9.0,12.0,0.9446870451237264,0.9246753246753248
32.0,1.0,9.0,20.0,0.9441048034934498,0.9238095238095237
32.0,1.0,9.0,32.0,0.9388646288209607,0.922943722943723
32.0,1.0,9.0,50.0,0.9295487627365355,0.922943722943723
32.0,1.0,9.0,80.0,0.9213973799126638,0.9168831168831169
32.0,1.0,9.0,128.0,0.9161572052401746,0.9177489177489179
32.0,1.0,11.0,2.0,0.9420669577874818,0.9238095238095237
32.0,1.0,11.0,3.0,0.9420669577874818,0.9238095238095237
32.0,1.0,11.0,5.0,0.9420669577874818,0.9238095238095237
32.0,1.0,11.0,8.0,0.9420669577874818,0.9238095238095237
32.0,1.0,11.0,12.0,0.9420669577874818,0.9238095238095237
32.0,1.0,11.0,20.0,0.9420669577874818,0.9238095238095237
32.0,1.0,11.0,32.0,0.9377001455604075,0.922943722943723
32.0,1.0,11.0,50.0,0.9286754002911207,0.922943722943723
32.0,1.0,11.0,80.0,0.9193595342066958,0.9177489177489179
32.0,1.0,11.0,128.0,0.9141193595342066,0.9186147186147187
32.0,1.0,13.0,2.0,0.9397379912663755,0.9238095238095237
32.0,1.0,13.0,3.0,0.9397379912663755,0.9238095238095237
32.0,1.0,13.0,5.0,0.9397379912663755,0.9238095238095237
32.0,1.0,13.0,8.0,0.9397379912663755,0.9238095238095237
32.0,1.0,13.0,12.0,0.9397379912663755,0.9238095238095237
32.0,1.0,13.0,20.0,0.9397379912663755,0.9238095238095237
32.0,1.0,13.0,32.0,0.9368267831149927,0.9238095238095237
32.0,1.0,13.0,50.0,0.9275109170305678,0.922943722943723
32.0,1.0,13.0,80.0,0.9176128093158662,0.9177489177489179
32.0,1.0,13.0,128.0,0.9120815138282387,0.9177489177489179
32.0,1.0,15.0,2.0,0.9365356622998544,0.9212121212121213
32.0,1.0,15.0,3.0,0.9365356622998544,0.9212121212121213
32.0,1.0,15.0,5.0,0.9365356622998544,0.9212121212121213
32.0,1.0,15.0,8.0,0.9365356622998544,0.9212121212121213
32.0,1.0,15.0,12.0,0.9365356622998544,0.9212121212121213
32.0,1.0,15.0,20.0,0.9365356622998544,0.9212121212121213
32.0,1.0,15.0,32.0,0.9359534206695779,0.9212121212121213
32.0,1.0,15.0,50.0,0.9254730713245998,0.9264069264069263
32.0,1.0,15.0,80.0,0.9161572052401746,0.9212121212121213
32.0,1.0,15.0,128.0,0.9114992721979622,0.9203463203463202
32.0,1.0,17.0,2.0,0.9339155749636099,0.9177489177489176
32.0,1.0,17.0,3.0,0.9339155749636099,0.9177489177489176
32.0,1.0,17.0,5.0,0.9339155749636099,0.9177489177489176
32.0,1.0,17.0,8.0,0.9339155749636099,0.9177489177489176
32.0,1.0,17.0,12.0,0.9339155749636099,0.9177489177489176
32.0,1.0,17.0,20.0,0.9339155749636099,0.9177489177489176
32.0,1.0,17.0,32.0,0.9339155749636099,0.9177489177489176
32.0,1.0,17.0,50.0,0.9225618631732168,0.922077922077922
32.0,1.0,17.0,80.0,0.9141193595342066,0.9151515151515153
32.0,1.0,17.0,128.0,0.9100436681222707,0.9151515151515153
32.0,1.0,20.0,2.0,0.9266375545851527,0.9151515151515153
32.0,1.0,20.0,3.0,0.9266375545851527,0.9151515151515153
32.0,1.0,20.0,5.0,0.9266375545851527,0.9151515151515153
32.0,1.0,20.0,8.0,0.9266375545851527,0.9151515151515153
32.0,1.0,20.0,12.0,0.9266375545851527,0.9151515151515153
32.0,1.0,20.0,20.0,0.9266375545851527,0.9151515151515153
32.0,1.0,20.0,32.0,0.9266375545851527,0.9151515151515153
32.0,1.0,20.0,50.0,0.922561863173217,0.9186147186147187
32.0,1.0,20.0,80.0,0.9129548762736535,0.9125541125541126
32.0,1.0,20.0,128.0,0.9094614264919942,0.9125541125541126
50.0,0.0,1.0,2.0,0.9717612809315866,0.9186147186147187
50.0,0.0,1.0,3.0,0.975254730713246,0.9186147186147187
50.0,0.0,1.0,5.0,0.97117903930131,0.9160173160173161
50.0,0.0,1.0,8.0,0.9668122270742359,0.9134199134199135
50.0,0.0,1.0,12.0,0.9650655021834063,0.9125541125541126
50.0,0.0,1.0,20.0,0.9572052401746725,0.9116883116883117
50.0,0.0,1.0,32.0,0.9461426491994178,0.9056277056277056
50.0,0.0,1.0,50.0,0.9382823871906842,0.8969696969696969
50.0,0.0,1.0,80.0,0.9260553129548763,0.8857142857142858
50.0,0.0,1.0,128.0,0.9077147016011645,0.864935064935065
50.0,0.0,3.0,2.0,0.9639010189228528,0.9082251082251082
50.0,0.0,3.0,3.0,0.9639010189228528,0.9082251082251082
50.0,0.0,3.0,5.0,0.9639010189228528,0.9082251082251082
50.0,0.0,3.0,8.0,0.9606986899563319,0.9116883116883117
50.0,0.0,3.0,12.0,0.9580786026200873,0.9134199134199135
50.0,0.0,3.0,20.0,0.9525473071324599,0.9056277056277056
50.0,0.0,3.0,32.0,0.9432314410480348,0.9004329004329005
50.0,0.0,3.0,50.0,0.9353711790393013,0.8926406926406927
50.0,0.0,3.0,80.0,0.9231441048034934,0.8779220779220779
50.0,0.0,3.0,128.0,0.9050946142649199,0.8623376623376624
50.0,0.0,5.0,2.0,0.9534206695778747,0.903896103896104
50.0,0.0,5.0,3.0,0.9534206695778747,0.903896103896104
50.0,0.0,5.0,5.0,0.9534206695778747,0.903896103896104
50.0,0.0,5.0,8.0,0.9534206695778747,0.903896103896104
50.0,0.0,5.0,12.0,0.9513828238719068,0.9064935064935066
50.0,0.0,5.0,20.0,0.945269286754003,0.9012987012987013
50.0,0.0,5.0,32.0,0.9394468704512372,0.9012987012987013
50.0,0.0,5.0,50.0,0.9327510917030567,0.8874458874458874
50.0,0.0,5.0,80.0,0.9211062590975254,0.8753246753246753
50.0,0.0,5.0,128.0,0.9053857350800583,0.864069264069264
50.0,0.0,7.0,2.0,0.946433770014556,0.9012987012987013
50.0,0.0,7.0,3.0,0.946433770014556,0.9012987012987013
50.0,0.0,7.0,5.0,0.946433770014556,0.9012987012987013
50.0,0.0,7.0,8.0,0.946433770014556,0.9012987012987013
50.0,0.0,7.0,12.0,0.946433770014556,0.9012987012987013
50.0,0.0,7.0,20.0,0.9435225618631732,0.8995670995670995
50.0,0.0,7.0,32.0,0.9368267831149927,0.8943722943722945
50.0,0.0,7.0,50.0,0.9301310043668123,0.8865800865800866
50.0,0.0,7.0,80.0,0.9193595342066958,0.8770562770562771
50.0,0.0,7.0,128.0,0.9042212518195051,0.8606060606060606
50.0,0.0,9.0,2.0,0.9406113537117904,0.8969696969696969
50.0,0.0,9.0,3.0,0.9406113537117904,0.8969696969696969
50.0,0.0,9.0,5.0,0.9406113537117904,0.8969696969696969
50.0,0.0,9.0,8.0,0.9406113537117904,0.8969696969696969
50.0,0.0,9.0,12.0,0.9406113537117904,0.8969696969696969
50.0,0.0,9.0,20.0,0.9388646288209607,0.8987012987012987
50.0,0.0,9.0,32.0,0.9342066957787483,0.8917748917748918
50.0,0.0,9.0,50.0,0.9269286754002911,0.8822510822510822
50.0,0.0,9.0,80.0,0.9176128093158662,0.8753246753246753
50.0,0.0,9.0,128.0,0.9016011644832606,0.8606060606060606
50.0,0.0,11.0,2.0,0.9356622998544395,0.8926406926406927
50.0,0.0,11.0,3.0,0.9356622998544395,0.8926406926406927
50.0,0.0,11.0,5.0,0.9356622998544395,0.8926406926406927
50.0,0.0,11.0,8.0,0.9356622998544395,0.8926406926406927
50.0,0.0,11.0,12.0,0.9356622998544395,0.8926406926406927
50.0,0.0,11.0,20.0,0.9356622998544395,0.8926406926406927
50.0,0.0,11.0,32.0,0.9333333333333332,0.8848484848484848
50.0,0.0,11.0,50.0,0.9263464337700146,0.8779220779220779
50.0,0.0,11.0,80.0,0.916448326055313,0.8727272727272727
50.0,0.0,11.0,128.0,0.9018922852983987,0.8588744588744589
50.0,0.0,13.0,2.0,0.9327510917030567,0.8874458874458874
50.0,0.0,13.0,3.0,0.9327510917030567,0.8874458874458874
50.0,0.0,13.0,5.0,0.9327510917030567,0.8874458874458874
50.0,0.0,13.0,8.0,0.9327510917030567,0.8874458874458874
50.0,0.0,13.0,12.0,0.9327510917030567,0.8874458874458874
50.0,0.0,13.0,20.0,0.9327510917030567,0.8874458874458874
50.0,0.0,13.0,32.0,0.9310043668122271,0.8822510822510823
50.0,0.0,13.0,50.0,0.9248908296943231,0.8753246753246753
50.0,0.0,13.0,80.0,0.9135371179039302,0.8718614718614719
50.0,0.0,13.0,128.0,0.8995633187772926,0.8580086580086579
50.0,0.0,15.0,2.0,0.9304221251819506,0.8796536796536797
50.0,0.0,15.0,3.0,0.9304221251819506,0.8796536796536797
50.0,0.0,15.0,5.0,0.9304221251819506,0.8796536796536797
50.0,0.0,15.0,8.0,0.9304221251819506,0.8796536796536797
50.0,0.0,15.0,12.0,0.9304221251819506,0.8796536796536797
50.0,0.0,15.0,20.0,0.9304221251819506,0.8796536796536797
50.0,0.0,15.0,32.0,0.9304221251819506,0.8805194805194805
50.0,0.0,15.0,50.0,0.9222707423580786,0.8753246753246753
50.0,0.0,15.0,80.0,0.9117903930131004,0.8701298701298701
50.0,0.0,15.0,128.0,0.8986899563318778,0.8597402597402597
50.0,0.0,17.0,2.0,0.9248908296943231,0.8770562770562771
50.0,0.0,17.0,3.0,0.9248908296943231,0.8770562770562771
50.0,0.0,17.0,5.0,0.9248908296943231,0.8770562770562771
50.0,0.0,17.0,8.0,0.9248908296943231,0.8770562770562771
50.0,0.0,17.0,12.0,0.9248908296943231,0.8770562770562771
50.0,0.0,17.0,20.0,0.9248908296943231,0.8770562770562771
50.0,0.0,17.0,32.0,0.9248908296943231,0.8770562770562771
50.0,0.0,17.0,50.0,0.9222707423580786,0.8744588744588745
50.0,0.0,17.0,80.0,0.9114992721979622,0.8675324675324674
50.0,0.0,17.0,128.0,0.8981077147016011,0.8580086580086579
50.0,0.0,20.0,2.0,0.9208151382823871,0.8718614718614719
50.0,0.0,20.0,3.0,0.9208151382823871,0.8718614718614719
50.0,0.0,20.0,5.0,0.9208151382823871,0.8718614718614719
50.0,0.0,20.0,8.0,0.9208151382823871,0.8718614718614719
50.0,0.0,20.0,12.0,0.9208151382823871,0.8718614718614719
50.0,0.0,20.0,20.0,0.9208151382823871,0.8718614718614719
50.0,0.0,20.0,32.0,0.9208151382823871,0.8718614718614719
50.0,0.0,20.0,50.0,0.9181950509461426,0.870995670995671
50.0,0.0,20.0,80.0,0.9100436681222707,0.8666666666666666
50.0,0.0,20.0,128.0,0.8946142649199418,0.8562770562770563
50.0,0.11111111,1.0,2.0,0.9717612809315866,0.9186147186147187
50.0,0.11111111,1.0,3.0,0.975254730713246,0.9186147186147187
50.0,0.11111111,1.0,5.0,0.97117903930131,0.9160173160173161
50.0,0.11111111,1.0,8.0,0.9668122270742359,0.9134199134199135
50.0,0.11111111,1.0,12.0,0.9650655021834063,0.9125541125541126
50.0,0.11111111,1.0,20.0,0.9572052401746725,0.9116883116883117
50.0,0.11111111,1.0,32.0,0.9461426491994178,0.9056277056277056
50.0,0.11111111,1.0,50.0,0.9382823871906842,0.8969696969696969
50.0,0.11111111,1.0,80.0,0.9260553129548763,0.8857142857142858
50.0,0.11111111,1.0,128.0,0.9077147016011645,0.864935064935065
50.0,0.11111111,3.0,2.0,0.9639010189228528,0.9082251082251082
50.0,0.11111111,3.0,3.0,0.9639010189228528,0.9082251082251082
50.0,0.11111111,3.0,5.0,0.9639010189228528,0.9082251082251082
50.0,0.11111111,3.0,8.0,0.9606986899563319,0.9116883116883117
50.0,0.11111111,3.0,12.0,0.9580786026200873,0.9134199134199135
50.0,0.11111111,3.0,20.0,0.9525473071324599,0.9056277056277056
50.0,0.11111111,3.0,32.0,0.9432314410480348,0.9004329004329005
50.0,0.11111111,3.0,50.0,0.9353711790393013,0.8926406926406927
50.0,0.11111111,3.0,80.0,0.9231441048034934,0.8779220779220779
50.0,0.11111111,3.0,128.0,0.9050946142649199,0.8623376623376624
50.0,0.11111111,5.0,2.0,0.9534206695778747,0.903896103896104
50.0,0.11111111,5.0,3.0,0.9534206695778747,0.903896103896104
50.0,0.11111111,5.0,5.0,0.9534206695778747,0.903896103896104
50.0,0.11111111,5.0,8.0,0.9534206695778747,0.903896103896104
50.0,0.11111111,5.0,12.0,0.9513828238719068,0.9064935064935066
50.0,0.11111111,5.0,20.0,0.945269286754003,0.9012987012987013
50.0,0.11111111,5.0,32.0,0.9394468704512372,0.9012987012987013
50.0,0.11111111,5.0,50.0,0.9327510917030567,0.8874458874458874
50.0,0.11111111,5.0,80.0,0.9211062590975254,0.8753246753246753
50.0,0.11111111,5.0,128.0,0.9053857350800583,0.864069264069264
50.0,0.11111111,7.0,2.0,0.946433770014556,0.9012987012987013
50.0,0.11111111,7.0,3.0,0.946433770014556,0.9012987012987013
50.0,0.11111111,7.0,5.0,0.946433770014556,0.9012987012987013
50.0,0.11111111,7.0,8.0,0.946433770014556,0.9012987012987013
50.0,0.11111111,7.0,12.0,0.946433770014556,0.9012987012987013
50.0,0.11111111,7.0,20.0,0.9435225618631732,0.8995670995670995
50.0,0.11111111,7.0,32.0,0.9368267831149927,0.8943722943722945
50.0,0.11111111,7.0,50.0,0.9301310043668123,0.8865800865800866
50.0,0.11111111,7.0,80.0,0.9193595342066958,0.8770562770562771
50.0,0.11111111,7.0,128.0,0.9042212518195051,0.8606060606060606
50.0,0.11111111,9.0,2.0,0.9406113537117904,0.8969696969696969
50.0,0.11111111,9.0,3.0,0.9406113537117904,0.8969696969696969
50.0,0.11111111,9.0,5.0,0.9406113537117904,0.8969696969696969
50.0,0.11111111,9.0,8.0,0.9406113537117904,0.8969696969696969
50.0,0.11111111,9.0,12.0,0.9406113537117904,0.8969696969696969
50.0,0.11111111,9.0,20.0,0.9388646288209607,0.8987012987012987
50.0,0.11111111,9.0,32.0,0.9342066957787483,0.8917748917748918
50.0,0.11111111,9.0,50.0,0.9269286754002911,0.8822510822510822
50.0,0.11111111,9.0,80.0,0.9176128093158662,0.8753246753246753
50.0,0.11111111,9.0,128.0,0.9016011644832606,0.8606060606060606
50.0,0.11111111,11.0,2.0,0.9356622998544395,0.8926406926406927
50.0,0.11111111,11.0,3.0,0.9356622998544395,0.8926406926406927
50.0,0.11111111,11.0,5.0,0.9356622998544395,0.8926406926406927
50.0,0.11111111,11.0,8.0,0.9356622998544395,0.8926406926406927
50.0,0.11111111,11.0,12.0,0.9356622998544395,0.8926406926406927
50.0,0.11111111,11.0,20.0,0.9356622998544395,0.8926406926406927
50.0,0.11111111,11.0,32.0,0.9333333333333332,0.8848484848484848
50.0,0.11111111,11.0,50.0,0.9263464337700146,0.8779220779220779
50.0,0.11111111,11.0,80.0,0.916448326055313,0.8727272727272727
50.0,0.11111111,11.0,128.0,0.9018922852983987,0.8588744588744589
50.0,0.11111111,13.0,2.0,0.9327510917030567,0.8874458874458874
50.0,0.11111111,13.0,3.0,0.9327510917030567,0.8874458874458874
50.0,0.11111111,13.0,5.0,0.9327510917030567,0.8874458874458874
50.0,0.11111111,13.0,8.0,0.9327510917030567,0.8874458874458874
50.0,0.11111111,13.0,12.0,0.9327510917030567,0.8874458874458874
50.0,0.11111111,13.0,20.0,0.9327510917030567,0.8874458874458874
50.0,0.11111111,13.0,32.0,0.9310043668122271,0.8822510822510823
50.0,0.11111111,13.0,50.0,0.9248908296943231,0.8753246753246753
50.0,0.11111111,13.0,80.0,0.9135371179039302,0.8718614718614719
50.0,0.11111111,13.0,128.0,0.8995633187772926,0.8580086580086579
50.0,0.11111111,15.0,2.0,0.9304221251819506,0.8796536796536797
50.0,0.11111111,15.0,3.0,0.9304221251819506,0.8796536796536797
50.0,0.11111111,15.0,5.0,0.9304221251819506,0.8796536796536797
50.0,0.11111111,15.0,8.0,0.9304221251819506,0.8796536796536797
50.0,0.11111111,15.0,12.0,0.9304221251819506,0.8796536796536797
50.0,0.11111111,15.0,20.0,0.9304221251819506,0.8796536796536797
50.0,0.11111111,15.0,32.0,0.9304221251819506,0.8805194805194805
50.0,0.11111111,15.0,50.0,0.9222707423580786,0.8753246753246753
50.0,0.11111111,15.0,80.0,0.9117903930131004,0.8701298701298701
50.0,0.11111111,15.0,128.0,0.8986899563318778,0.8597402597402597
50.0,0.11111111,17.0,2.0,0.9248908296943231,0.8770562770562771
50.0,0.11111111,17.0,3.0,0.9248908296943231,0.8770562770562771
50.0,0.11111111,17.0,5.0,0.9248908296943231,0.8770562770562771
50.0,0.11111111,17.0,8.0,0.9248908296943231,0.8770562770562771
50.0,0.11111111,17.0,12.0,0.9248908296943231,0.8770562770562771
50.0,0.11111111,17.0,20.0,0.9248908296943231,0.8770562770562771
50.0,0.11111111,17.0,32.0,0.9248908296943231,0.8770562770562771
50.0,0.11111111,17.0,50.0,0.9222707423580786,0.8744588744588745
50.0,0.11111111,17.0,80.0,0.9114992721979622,0.8675324675324674
50.0,0.11111111,17.0,128.0,0.8981077147016011,0.8580086580086579
50.0,0.11111111,20.0,2.0,0.9208151382823871,0.8718614718614719
50.0,0.11111111,20.0,3.0,0.9208151382823871,0.8718614718614719
50.0,0.11111111,20.0,5.0,0.9208151382823871,0.8718614718614719
50.0,0.11111111,20.0,8.0,0.9208151382823871,0.8718614718614719
50.0,0.11111111,20.0,12.0,0.9208151382823871,0.8718614718614719
50.0,0.11111111,20.0,20.0,0.9208151382823871,0.8718614718614719
50.0,0.11111111,20.0,32.0,0.9208151382823871,0.8718614718614719
50.0,0.11111111,20.0,50.0,0.9181950509461426,0.870995670995671
50.0,0.11111111,20.0,80.0,0.9100436681222707,0.8666666666666666
50.0,0.11111111,20.0,128.0,0.8946142649199418,0.8562770562770563
50.0,0.22222222,1.0,2.0,0.975254730713246,0.922943722943723
50.0,0.22222222,1.0,3.0,0.9746724890829694,0.9264069264069263
50.0,0.22222222,1.0,5.0,0.9723435225618632,0.9212121212121213
50.0,0.22222222,1.0,8.0,0.9685589519650655,0.9186147186147187
50.0,0.22222222,1.0,12.0,0.9662299854439592,0.9186147186147187
50.0,0.22222222,1.0,20.0,0.9592430858806404,0.9203463203463202
50.0,0.22222222,1.0,32.0,0.9499272197962154,0.9177489177489179
50.0,0.22222222,1.0,50.0,0.9403202328966522,0.9125541125541126
50.0,0.22222222,1.0,80.0,0.9304221251819506,0.9056277056277056
50.0,0.22222222,1.0,128.0,0.916448326055313,0.8857142857142858
50.0,0.22222222,3.0,2.0,0.9647743813682679,0.9203463203463202
50.0,0.22222222,3.0,3.0,0.9647743813682679,0.9203463203463202
50.0,0.22222222,3.0,5.0,0.9647743813682679,0.9203463203463202
50.0,0.22222222,3.0,8.0,0.9639010189228531,0.9186147186147187
50.0,0.22222222,3.0,12.0,0.9595342066957787,0.9168831168831169
50.0,0.22222222,3.0,20.0,0.9528384279475983,0.9168831168831169
50.0,0.22222222,3.0,32.0,0.9438136826783114,0.9142857142857143
50.0,0.22222222,3.0,50.0,0.9379912663755459,0.9108225108225108
50.0,0.22222222,3.0,80.0,0.9263464337700146,0.8995670995670995
50.0,0.22222222,3.0,128.0,0.9129548762736535,0.8796536796536797
50.0,0.22222222,5.0,2.0,0.9574963609898107,0.9177489177489179
50.0,0.22222222,5.0,3.0,0.9574963609898107,0.9177489177489179
50.0,0.22222222,5.0,5.0,0.9574963609898107,0.9177489177489179
50.0,0.22222222,5.0,8.0,0.9574963609898107,0.9177489177489179
50.0,0.22222222,5.0,12.0,0.9557496360989811,0.9142857142857143
50.0,0.22222222,5.0,20.0,0.9499272197962154,0.90995670995671
50.0,0.22222222,5.0,32.0,0.9420669577874818,0.9116883116883117
50.0,0.22222222,5.0,50.0,0.9350800582241631,0.9056277056277056
50.0,0.22222222,5.0,80.0,0.9257641921397379,0.8961038961038961
50.0,0.22222222,5.0,128.0,0.9106259097525473,0.8787878787878787
50.0,0.22222222,7.0,2.0,0.9510917030567686,0.9108225108225108
50.0,0.22222222,7.0,3.0,0.9510917030567686,0.9108225108225108
50.0,0.22222222,7.0,5.0,0.9510917030567686,0.9108225108225108
50.0,0.22222222,7.0,8.0,0.9510917030567686,0.9108225108225108
50.0,0.22222222,7.0,12.0,0.9510917030567686,0.9108225108225108
50.0,0.22222222,7.0,20.0,0.9467248908296944,0.90995670995671
50.0,0.22222222,7.0,32.0,0.9414847161572052,0.9073593073593074
50.0,0.22222222,7.0,50.0,0.9321688500727803,0.9064935064935066
50.0,0.22222222,7.0,80.0,0.9228529839883551,0.8926406926406927
50.0,0.22222222,7.0,128.0,0.9091703056768559,0.8787878787878787
50.0,0.22222222,9.0,2.0,0.9438136826783114,0.9073593073593074
50.0,0.22222222,9.0,3.0,0.9438136826783114,0.9073593073593074
50.0,0.22222222,9.0,5.0,0.9438136826783114,0.9073593073593074
50.0,0.22222222,9.0,8.0,0.9438136826783114,0.9073593073593074
50.0,0.22222222,9.0,12.0,0.9438136826783114,0.9073593073593074
50.0,0.22222222,9.0,20.0,0.9438136826783114,0.9082251082251082
50.0,0.22222222,9.0,32.0,0.939155749636099,0.9082251082251082
50.0,0.22222222,9.0,50.0,0.9318777292576419,0.9004329004329005
50.0,0.22222222,9.0,80.0,0.9222707423580786,0.8909090909090909
50.0,0.22222222,9.0,128.0,0.9088791848617177,0.8779220779220779
50.0,0.22222222,11.0,2.0,0.9409024745269287,0.9012987012987013
50.0,0.22222222,11.0,3.0,0.9409024745269287,0.9012987012987013
50.0,0.22222222,11.0,5.0,0.9409024745269287,0.9012987012987013
50.0,0.22222222,11.0,8.0,0.9409024745269287,0.9012987012987013
50.0,0.22222222,11.0,12.0,0.9409024745269287,0.9012987012987013
50.0,0.22222222,11.0,20.0,0.9409024745269287,0.9012987012987013
50.0,0.22222222,11.0,32.0,0.9368267831149927,0.9021645021645022
50.0,0.22222222,11.0,50.0,0.9292576419213974,0.9004329004329005
50.0,0.22222222,11.0,80.0,0.9219796215429403,0.8891774891774892
50.0,0.22222222,11.0,128.0,0.9077147016011645,0.8779220779220779
50.0,0.22222222,13.0,2.0,0.9371179039301311,0.9004329004329005
50.0,0.22222222,13.0,3.0,0.9371179039301311,0.9004329004329005
50.0,0.22222222,13.0,5.0,0.9371179039301311,0.9004329004329005
50.0,0.22222222,13.0,8.0,0.9371179039301311,0.9004329004329005
50.0,0.22222222,13.0,12.0,0.9371179039301311,0.9004329004329005
50.0,0.22222222,13.0,20.0,0.9371179039301311,0.9004329004329005
50.0,0.22222222,13.0,32.0,0.9362445414847163,0.9030303030303031
50.0,0.22222222,13.0,50.0,0.9295487627365357,0.8978354978354979
50.0,0.22222222,13.0,80.0,0.921688500727802,0.8883116883116884
50.0,0.22222222,13.0,128.0,0.9053857350800583,0.8744588744588745
50.0,0.22222222,15.0,2.0,0.9350800582241631,0.8987012987012987
50.0,0.22222222,15.0,3.0,0.9350800582241631,0.8987012987012987
50.0,0.22222222,15.0,5.0,0.9350800582241631,0.8987012987012987
50.0,0.22222222,15.0,8.0,0.9350800582241631,0.8987012987012987
50.0,0.22222222,15.0,12.0,0.9350800582241631,0.8987012987012987
50.0,0.22222222,15.0,20.0,0.9350800582241631,0.8987012987012987
50.0,0.22222222,15.0,32.0,0.9342066957787483,0.9004329004329005
50.0,0.22222222,15.0,50.0,0.9286754002911207,0.8961038961038961
50.0,0.22222222,15.0,80.0,0.9196506550218342,0.8891774891774892
50.0,0.22222222,15.0,128.0,0.9039301310043669,0.8735930735930737
50.0,0.22222222,17.0,2.0,0.9333333333333333,0.8978354978354979
50.0,0.22222222,17.0,3.0,0.9333333333333333,0.8978354978354979
50.0,0.22222222,17.0,5.0,0.9333333333333333,0.8978354978354979
50.0,0.22222222,17.0,8.0,0.9333333333333333,0.8978354978354979
50.0,0.22222222,17.0,12.0,0.9333333333333333,0.8978354978354979
50.0,0.22222222,17.0,20.0,0.9333333333333333,0.8978354978354979
50.0,0.22222222,17.0,32.0,0.9333333333333333,0.8978354978354979
50.0,0.22222222,17.0,50.0,0.9272197962154294,0.8935064935064935
50.0,0.22222222,17.0,80.0,0.9173216885007278,0.883982683982684
50.0,0.22222222,17.0,128.0,0.9027656477438137,0.8744588744588745
50.0,0.22222222,20.0,2.0,0.9292576419213974,0.8952380952380953
50.0,0.22222222,20.0,3.0,0.9292576419213974,0.8952380952380953
50.0,0.22222222,20.0,5.0,0.9292576419213974,0.8952380952380953
50.0,0.22222222,20.0,8.0,0.9292576419213974,0.8952380952380953
50.0,0.22222222,20.0,12.0,0.9292576419213974,0.8952380952380953
50.0,0.22222222,20.0,20.0,0.9292576419213974,0.8952380952380953
50.0,0.22222222,20.0,32.0,0.9292576419213974,0.8952380952380953
50.0,0.22222222,20.0,50.0,0.9243085880640466,0.8926406926406927
50.0,0.22222222,20.0,80.0,0.9158660844250364,0.8813852813852814
50.0,0.22222222,20.0,128.0,0.8998544395924309,0.870995670995671
50.0,0.33333334,1.0,2.0,0.9758369723435226,0.9186147186147187
50.0,0.33333334,1.0,3.0,0.9761280931586608,0.9246753246753248
50.0,0.33333334,1.0,5.0,0.9737991266375545,0.9212121212121213
50.0,0.33333334,1.0,8.0,0.9697234352256187,0.9186147186147187
50.0,0.33333334,1.0,12.0,0.9665211062590975,0.9194805194805195
50.0,0.33333334,1.0,20.0,0.9577874818049491,0.9194805194805195
50.0,0.33333334,1.0,32.0,0.9478893740902474,0.9212121212121213
50.0,0.33333334,1.0,50.0,0.9403202328966522,0.9134199134199135
50.0,0.33333334,1.0,80.0,0.9280931586608443,0.9116883116883117
50.0,0.33333334,1.0,128.0,0.9193595342066958,0.8926406926406927
50.0,0.33333334,3.0,2.0,0.9659388646288211,0.9203463203463202
50.0,0.33333334,3.0,3.0,0.9659388646288211,0.9203463203463202
50.0,0.33333334,3.0,5.0,0.9659388646288211,0.9203463203463202
50.0,0.33333334,3.0,8.0,0.9650655021834063,0.9194805194805195
50.0,0.33333334,3.0,12.0,0.9615720524017467,0.9186147186147187
50.0,0.33333334,3.0,20.0,0.9510917030567686,0.9194805194805195
50.0,0.33333334,3.0,32.0,0.9446870451237264,0.9177489177489179
50.0,0.33333334,3.0,50.0,0.9371179039301311,0.9160173160173161
50.0,0.33333334,3.0,80.0,0.9248908296943231,0.9108225108225108
50.0,0.33333334,3.0,128.0,0.9176128093158662,0.8926406926406927
50.0,0.33333334,5.0,2.0,0.9577874818049491,0.9194805194805195
50.0,0.33333334,5.0,3.0,0.9577874818049491,0.9194805194805195
50.0,0.33333334,5.0,5.0,0.9577874818049491,0.9194805194805195
50.0,0.33333334,5.0,8.0,0.9577874818049491,0.9194805194805195
50.0,0.33333334,5.0,12.0,0.9557496360989811,0.9203463203463202
50.0,0.33333334,5.0,20.0,0.9481804949053856,0.9168831168831169
50.0,0.33333334,5.0,32.0,0.9417758369723435,0.9194805194805195
50.0,0.33333334,5.0,50.0,0.9339155749636099,0.9116883116883117
50.0,0.33333334,5.0,80.0,0.9237263464337702,0.9064935064935066
50.0,0.33333334,5.0,128.0,0.9152838427947598,0.8909090909090909
50.0,0.33333334,7.0,2.0,0.9487627365356623,0.9151515151515153
50.0,0.33333334,7.0,3.0,0.9487627365356623,0.9151515151515153
50.0,0.33333334,7.0,5.0,0.9487627365356623,0.9151515151515153
50.0,0.33333334,7.0,8.0,0.9487627365356623,0.9151515151515153
50.0,0.33333334,7.0,12.0,0.9487627365356623,0.9151515151515153
50.0,0.33333334,7.0,20.0,0.9461426491994178,0.9151515151515153
50.0,0.33333334,7.0,32.0,0.941193595342067,0.9168831168831169
50.0,0.33333334,7.0,50.0,0.9312954876273654,0.90995670995671
50.0,0.33333334,7.0,80.0,0.9234352256186318,0.9047619047619048
50.0,0.33333334,7.0,128.0,0.9138282387190685,0.8917748917748918
50.0,0.33333334,9.0,2.0,0.9452692867540028,0.9116883116883117
50.0,0.33333334,9.0,3.0,0.9452692867540028,0.9116883116883117
50.0,0.33333334,9.0,5.0,0.9452692867540028,0.9116883116883117
50.0,0.33333334,9.0,8.0,0.9452692867540028,0.9116883116883117
50.0,0.33333334,9.0,12.0,0.9452692867540028,0.9116883116883117
50.0,0.33333334,9.0,20.0,0.944395924308588,0.9134199134199135
50.0,0.33333334,9.0,32.0,0.9374090247452692,0.9134199134199135
50.0,0.33333334,9.0,50.0,0.9318777292576419,0.9073593073593074
50.0,0.33333334,9.0,80.0,0.9219796215429403,0.9047619047619048
50.0,0.33333334,9.0,128.0,0.9132459970887918,0.8891774891774892
50.0,0.33333334,11.0,2.0,0.941193595342067,0.9125541125541126
50.0,0.33333334,11.0,3.0,0.941193595342067,0.9125541125541126
50.0,0.33333334,11.0,5.0,0.941193595342067,0.9125541125541126
50.0,0.33333334,11.0,8.0,0.941193595342067,0.9125541125541126
50.0,0.33333334,11.0,12.0,0.941193595342067,0.9125541125541126
50.0,0.33333334,11.0,20.0,0.941193595342067,0.9125541125541126
50.0,0.33333334,11.0,32.0,0.9377001455604075,0.90995670995671
50.0,0.33333334,11.0,50.0,0.9310043668122271,0.9030303030303031
50.0,0.33333334,11.0,80.0,0.9202328966521106,0.9004329004329005
50.0,0.33333334,11.0,128.0,0.9129548762736535,0.8891774891774892
50.0,0.33333334,13.0,2.0,0.9385735080058224,0.9064935064935066
50.0,0.33333334,13.0,3.0,0.9385735080058224,0.9064935064935066
50.0,0.33333334,13.0,5.0,0.9385735080058224,0.9064935064935066
50.0,0.33333334,13.0,8.0,0.9385735080058224,0.9064935064935066
50.0,0.33333334,13.0,12.0,0.9385735080058224,0.9064935064935066
50.0,0.33333334,13.0,20.0,0.9385735080058224,0.9064935064935066
50.0,0.33333334,13.0,32.0,0.9365356622998544,0.9090909090909092
50.0,0.33333334,13.0,50.0,0.9298398835516739,0.903896103896104
50.0,0.33333334,13.0,80.0,0.9179039301310044,0.8995670995670995
50.0,0.33333334,13.0,128.0,0.9112081513828238,0.8883116883116884
50.0,0.33333334,15.0,2.0,0.9353711790393013,0.9047619047619048
50.0,0.33333334,15.0,3.0,0.9353711790393013,0.9047619047619048
50.0,0.33333334,15.0,5.0,0.9353711790393013,0.9047619047619048
50.0,0.33333334,15.0,8.0,0.9353711790393013,0.9047619047619048
50.0,0.33333334,15.0,12.0,0.9353711790393013,0.9047619047619048
50.0,0.33333334,15.0,20.0,0.9353711790393013,0.9047619047619048
50.0,0.33333334,15.0,32.0,0.9339155749636099,0.9064935064935066
50.0,0.33333334,15.0,50.0,0.9298398835516739,0.9030303030303031
50.0,0.33333334,15.0,80.0,0.9179039301310044,0.8969696969696969
50.0,0.33333334,15.0,128.0,0.9094614264919942,0.8848484848484848
50.0,0.33333334,17.0,2.0,0.9324599708879185,0.903896103896104
50.0,0.33333334,17.0,3.0,0.9324599708879185,0.903896103896104
50.0,0.33333334,17.0,5.0,0.9324599708879185,0.903896103896104
50.0,0.33333334,17.0,8.0,0.9324599708879185,0.903896103896104
50.0,0.33333334,17.0,12.0,0.9324599708879185,0.903896103896104
50.0,0.33333334,17.0,20.0,0.9324599708879185,0.903896103896104
50.0,0.33333334,17.0,32.0,0.9324599708879185,0.903896103896104
50.0,0.33333334,17.0,50.0,0.9278020378457059,0.9012987012987013
50.0,0.33333334,17.0,80.0,0.9173216885007278,0.8961038961038961
50.0,0.33333334,17.0,128.0,0.9071324599708879,0.8805194805194805
50.0,0.33333334,20.0,2.0,0.9295487627365357,0.9012987012987013
50.0,0.33333334,20.0,3.0,0.9295487627365357,0.9012987012987013
50.0,0.33333334,20.0,5.0,0.9295487627365357,0.9012987012987013
50.0,0.33333334,20.0,8.0,0.9295487627365357,0.9012987012987013
50.0,0.33333334,20.0,12.0,0.9295487627365357,0.9012987012987013
50.0,0.33333334,20.0,20.0,0.9295487627365357,0.9012987012987013
50.0,0.33333334,20.0,32.0,0.9295487627365357,0.9012987012987013
50.0,0.33333334,20.0,50.0,0.9254730713245998,0.8995670995670995
50.0,0.33333334,20.0,80.0,0.914410480349345,0.8952380952380953
50.0,0.33333334,20.0,128.0,0.9042212518195051,0.8796536796536797
50.0,0.44444445,1.0,2.0,0.9758369723435226,0.9186147186147187
50.0,0.44444445,1.0,3.0,0.9761280931586608,0.9246753246753248
50.0,0.44444445,1.0,5.0,0.9737991266375545,0.9212121212121213
50.0,0.44444445,1.0,8.0,0.9697234352256187,0.9186147186147187
50.0,0.44444445,1.0,12.0,0.9665211062590975,0.9194805194805195
50.0,0.44444445,1.0,20.0,0.9577874818049491,0.9194805194805195
50.0,0.44444445,1.0,32.0,0.9478893740902474,0.9212121212121213
50.0,0.44444445,1.0,50.0,0.9403202328966522,0.9134199134199135
50.0,0.44444445,1.0,80.0,0.9280931586608443,0.9116883116883117
50.0,0.44444445,1.0,128.0,0.9193595342066958,0.8926406926406927
50.0,0.44444445,3.0,2.0,0.9659388646288211,0.9203463203463202
50.0,0.44444445,3.0,3.0,0.9659388646288211,0.9203463203463202
50.0,0.44444445,3.0,5.0,0.9659388646288211,0.9203463203463202
50.0,0.44444445,3.0,8.0,0.9650655021834063,0.9194805194805195
50.0,0.44444445,3.0,12.0,0.9615720524017467,0.9186147186147187
50.0,0.44444445,3.0,20.0,0.9510917030567686,0.9194805194805195
50.0,0.44444445,3.0,32.0,0.9446870451237264,0.9177489177489179
50.0,0.44444445,3.0,50.0,0.9371179039301311,0.9160173160173161
50.0,0.44444445,3.0,80.0,0.9248908296943231,0.9108225108225108
50.0,0.44444445,3.0,128.0,0.9176128093158662,0.8926406926406927
50.0,0.44444445,5.0,2.0,0.9577874818049491,0.9194805194805195
50.0,0.44444445,5.0,3.0,0.9577874818049491,0.9194805194805195
50.0,0.44444445,5.0,5.0,0.9577874818049491,0.9194805194805195
50.0,0.44444445,5.0,8.0,0.9577874818049491,0.9194805194805195
50.0,0.44444445,5.0,12.0,0.9557496360989811,0.9203463203463202
50.0,0.44444445,5.0,20.0,0.9481804949053856,0.9168831168831169
50.0,0.44444445,5.0,32.0,0.9417758369723435,0.9194805194805195
50.0,0.44444445,5.0,50.0,0.9339155749636099,0.9116883116883117
50.0,0.44444445,5.0,80.0,0.9237263464337702,0.9064935064935066
50.0,0.44444445,5.0,128.0,0.9152838427947598,0.8909090909090909
50.0,0.44444445,7.0,2.0,0.9487627365356623,0.9151515151515153
50.0,0.44444445,7.0,3.0,0.9487627365356623,0.9151515151515153
50.0,0.44444445,7.0,5.0,0.9487627365356623,0.9151515151515153
50.0,0.44444445,7.0,8.0,0.9487627365356623,0.9151515151515153
50.0,0.44444445,7.0,12.0,0.9487627365356623,0.9151515151515153
50.0,0.44444445,7.0,20.0,0.9461426491994178,0.9151515151515153
50.0,0.44444445,7.0,32.0,0.941193595342067,0.9168831168831169
50.0,0.44444445,7.0,50.0,0.9312954876273654,0.90995670995671
50.0,0.44444445,7.0,80.0,0.9234352256186318,0.9047619047619048
50.0,0.44444445,7.0,128.0,0.9138282387190685,0.8917748917748918
50.0,0.44444445,9.0,2.0,0.9452692867540028,0.9116883116883117
50.0,0.44444445,9.0,3.0,0.9452692867540028,0.9116883116883117
50.0,0.44444445,9.0,5.0,0.9452692867540028,0.9116883116883117
50.0,0.44444445,9.0,8.0,0.9452692867540028,0.9116883116883117
50.0,0.44444445,9.0,12.0,0.9452692867540028,0.9116883116883117
50.0,0.44444445,9.0,20.0,0.944395924308588,0.9134199134199135
50.0,0.44444445,9.0,32.0,0.9374090247452692,0.9134199134199135
50.0,0.44444445,9.0,50.0,0.9318777292576419,0.9073593073593074
50.0,0.44444445,9.0,80.0,0.9219796215429403,0.9047619047619048
50.0,0.44444445,9.0,128.0,0.9132459970887918,0.8891774891774892
50.0,0.44444445,11.0,2.0,0.941193595342067,0.9125541125541126
50.0,0.44444445,11.0,3.0,0.941193595342067,0.9125541125541126
50.0,0.44444445,11.0,5.0,0.941193595342067,0.9125541125541126
50.0,0.44444445,11.0,8.0,0.941193595342067,0.9125541125541126
50.0,0.44444445,11.0,12.0,0.941193595342067,0.9125541125541126
50.0,0.44444445,11.0,20.0,0.941193595342067,0.9125541125541126
50.0,0.44444445,11.0,32.0,0.9377001455604075,0.90995670995671
50.0,0.44444445,11.0,50.0,0.9310043668122271,0.9030303030303031
50.0,0.44444445,11.0,80.0,0.9202328966521106,0.9004329004329005
50.0,0.44444445,11.0,128.0,0.9129548762736535,0.8891774891774892
50.0,0.44444445,13.0,2.0,0.9385735080058224,0.9064935064935066
50.0,0.44444445,13.0,3.0,0.9385735080058224,0.9064935064935066
50.0,0.44444445,13.0,5.0,0.9385735080058224,0.9064935064935066
50.0,0.44444445,13.0,8.0,0.9385735080058224,0.9064935064935066
50.0,0.44444445,13.0,12.0,0.9385735080058224,0.9064935064935066
50.0,0.44444445,13.0,20.0,0.9385735080058224,0.9064935064935066
50.0,0.44444445,13.0,32.0,0.9365356622998544,0.9090909090909092
50.0,0.44444445,13.0,50.0,0.9298398835516739,0.903896103896104
50.0,0.44444445,13.0,80.0,0.9179039301310044,0.8995670995670995
50.0,0.44444445,13.0,128.0,0.9112081513828238,0.8883116883116884
50.0,0.44444445,15.0,2.0,0.9353711790393013,0.9047619047619048
50.0,0.44444445,15.0,3.0,0.9353711790393013,0.9047619047619048
50.0,0.44444445,15.0,5.0,0.9353711790393013,0.9047619047619048
50.0,0.44444445,15.0,8.0,0.9353711790393013,0.9047619047619048
50.0,0.44444445,15.0,12.0,0.9353711790393013,0.9047619047619048
50.0,0.44444445,15.0,20.0,0.9353711790393013,0.9047619047619048
50.0,0.44444445,15.0,32.0,0.9339155749636099,0.9064935064935066
50.0,0.44444445,15.0,50.0,0.9298398835516739,0.9030303030303031
50.0,0.44444445,15.0,80.0,0.9179039301310044,0.8969696969696969
50.0,0.44444445,15.0,128.0,0.9094614264919942,0.8848484848484848
50.0,0.44444445,17.0,2.0,0.9324599708879185,0.903896103896104
50.0,0.44444445,17.0,3.0,0.9324599708879185,0.903896103896104
50.0,0.44444445,17.0,5.0,0.9324599708879185,0.903896103896104
50.0,0.44444445,17.0,8.0,0.9324599708879185,0.903896103896104
50.0,0.44444445,17.0,12.0,0.9324599708879185,0.903896103896104
50.0,0.44444445,17.0,20.0,0.9324599708879185,0.903896103896104
50.0,0.44444445,17.0,32.0,0.9324599708879185,0.903896103896104
50.0,0.44444445,17.0,50.0,0.9278020378457059,0.9012987012987013
50.0,0.44444445,17.0,80.0,0.9173216885007278,0.8961038961038961
50.0,0.44444445,17.0,128.0,0.9071324599708879,0.8805194805194805
50.0,0.44444445,20.0,2.0,0.9295487627365357,0.9012987012987013
50.0,0.44444445,20.0,3.0,0.9295487627365357,0.9012987012987013
50.0,0.44444445,20.0,5.0,0.9295487627365357,0.9012987012987013
50.0,0.44444445,20.0,8.0,0.9295487627365357,0.9012987012987013
50.0,0.44444445,20.0,12.0,0.9295487627365357,0.9012987012987013
50.0,0.44444445,20.0,20.0,0.9295487627365357,0.9012987012987013
50.0,0.44444445,20.0,32.0,0.9295487627365357,0.9012987012987013
50.0,0.44444445,20.0,50.0,0.9254730713245998,0.8995670995670995
50.0,0.44444445,20.0,80.0,0.914410480349345,0.8952380952380953
50.0,0.44444445,20.0,128.0,0.9042212518195051,0.8796536796536797
50.0,0.5555556,1.0,2.0,0.9767103347889374,0.9246753246753248
50.0,0.5555556,1.0,3.0,0.9767103347889374,0.9238095238095237
50.0,0.5555556,1.0,5.0,0.975254730713246,0.9255411255411256
50.0,0.5555556,1.0,8.0,0.9723435225618632,0.9238095238095237
50.0,0.5555556,1.0,12.0,0.9685589519650655,0.9246753246753248
50.0,0.5555556,1.0,20.0,0.9601164483260554,0.9272727272727274
50.0,0.5555556,1.0,32.0,0.9467248908296944,0.9290043290043289
50.0,0.5555556,1.0,50.0,0.939155749636099,0.9212121212121211
50.0,0.5555556,1.0,80.0,0.9301310043668123,0.9212121212121213
50.0,0.5555556,1.0,128.0,0.9219796215429403,0.9090909090909092
50.0,0.5555556,3.0,2.0,0.9685589519650655,0.922943722943723
50.0,0.5555556,3.0,3.0,0.9685589519650655,0.922943722943723
50.0,0.5555556,3.0,5.0,0.9685589519650655,0.922943722943723
50.0,0.5555556,3.0,8.0,0.967976710334789,0.922943722943723
50.0,0.5555556,3.0,12.0,0.9621542940320232,0.9246753246753248
50.0,0.5555556,3.0,20.0,0.9540029112081514,0.9264069264069263
50.0,0.5555556,3.0,32.0,0.9443959243085882,0.92987012987013
50.0,0.5555556,3.0,50.0,0.9362445414847163,0.9246753246753248
50.0,0.5555556,3.0,80.0,0.9286754002911207,0.9203463203463202
50.0,0.5555556,3.0,128.0,0.9213973799126638,0.90995670995671
50.0,0.5555556,5.0,2.0,0.9574963609898107,0.9246753246753248
50.0,0.5555556,5.0,3.0,0.9574963609898107,0.9246753246753248
50.0,0.5555556,5.0,5.0,0.9574963609898107,0.9246753246753248
50.0,0.5555556,5.0,8.0,0.9574963609898107,0.9246753246753248
50.0,0.5555556,5.0,12.0,0.9554585152838427,0.9238095238095237
50.0,0.5555556,5.0,20.0,0.948471615720524,0.9264069264069263
50.0,0.5555556,5.0,32.0,0.9403202328966522,0.9255411255411256
50.0,0.5555556,5.0,50.0,0.9342066957787483,0.922077922077922
50.0,0.5555556,5.0,80.0,0.9263464337700146,0.9194805194805195
50.0,0.5555556,5.0,128.0,0.9199417758369723,0.9090909090909092
50.0,0.5555556,7.0,2.0,0.9496360989810771,0.9246753246753248
50.0,0.5555556,7.0,3.0,0.9496360989810771,0.9246753246753248
50.0,0.5555556,7.0,5.0,0.9496360989810771,0.9246753246753248
50.0,0.5555556,7.0,8.0,0.9496360989810771,0.9246753246753248
50.0,0.5555556,7.0,12.0,0.9496360989810771,0.9246753246753248
50.0,0.5555556,7.0,20.0,0.945269286754003,0.9246753246753248
50.0,0.5555556,7.0,32.0,0.9385735080058224,0.9264069264069263
50.0,0.5555556,7.0,50.0,0.9330422125181951,0.922943722943723
50.0,0.5555556,7.0,80.0,0.9231441048034934,0.9125541125541126
50.0,0.5555556,7.0,128.0,0.9187772925764192,0.9082251082251082
50.0,0.5555556,9.0,2.0,0.9441048034934496,0.9246753246753248
50.0,0.5555556,9.0,3.0,0.9441048034934496,0.9246753246753248
50.0,0.5555556,9.0,5.0,0.9441048034934496,0.9246753246753248
50.0,0.5555556,9.0,8.0,0.9441048034934496,0.9246753246753248
50.0,0.5555556,9.0,12.0,0.9441048034934496,0.9246753246753248
50.0,0.5555556,9.0,20.0,0.9429403202328966,0.922943722943723
50.0,0.5555556,9.0,32.0,0.9365356622998544,0.9246753246753248
50.0,0.5555556,9.0,50.0,0.9295487627365357,0.9177489177489179
50.0,0.5555556,9.0,80.0,0.9237263464337702,0.9116883116883117
50.0,0.5555556,9.0,128.0,0.9176128093158662,0.9047619047619048
50.0,0.5555556,11.0,2.0,0.9400291120815139,0.9212121212121211
50.0,0.5555556,11.0,3.0,0.9400291120815139,0.9212121212121211
50.0,0.5555556,11.0,5.0,0.9400291120815139,0.9212121212121211
50.0,0.5555556,11.0,8.0,0.9400291120815139,0.9212121212121211
50.0,0.5555556,11.0,12.0,0.9400291120815139,0.9212121212121211
50.0,0.5555556,11.0,20.0,0.9400291120815139,0.9212121212121211
50.0,0.5555556,11.0,32.0,0.9359534206695779,0.9246753246753248
50.0,0.5555556,11.0,50.0,0.9295487627365357,0.9160173160173161
50.0,0.5555556,11.0,80.0,0.9234352256186318,0.9108225108225108
50.0,0.5555556,11.0,128.0,0.916448326055313,0.9047619047619048
50.0,0.5555556,13.0,2.0,0.9368267831149927,0.9194805194805195
50.0,0.5555556,13.0,3.0,0.9368267831149927,0.9194805194805195
50.0,0.5555556,13.0,5.0,0.9368267831149927,0.9194805194805195
50.0,0.5555556,13.0,8.0,0.9368267831149927,0.9194805194805195
50.0,0.5555556,13.0,12.0,0.9368267831149927,0.9194805194805195
50.0,0.5555556,13.0,20.0,0.9368267831149927,0.9194805194805195
50.0,0.5555556,13.0,32.0,0.9359534206695779,0.9212121212121213
50.0,0.5555556,13.0,50.0,0.9292576419213974,0.9125541125541126
50.0,0.5555556,13.0,80.0,0.9211062590975254,0.9116883116883117
50.0,0.5555556,13.0,128.0,0.9149927219796214,0.9012987012987013
50.0,0.5555556,15.0,2.0,0.9362445414847163,0.9194805194805195
50.0,0.5555556,15.0,3.0,0.9362445414847163,0.9194805194805195
50.0,0.5555556,15.0,5.0,0.9362445414847163,0.9194805194805195
50.0,0.5555556,15.0,8.0,0.9362445414847163,0.9194805194805195
50.0,0.5555556,15.0,12.0,0.9362445414847163,0.9194805194805195
50.0,0.5555556,15.0,20.0,0.9362445414847163,0.9194805194805195
50.0,0.5555556,15.0,32.0,0.9350800582241631,0.9194805194805195
50.0,0.5555556,15.0,50.0,0.9278020378457059,0.9142857142857143
50.0,0.5555556,15.0,80.0,0.9213973799126638,0.9116883116883117
50.0,0.5555556,15.0,128.0,0.9141193595342066,0.9012987012987013
50.0,0.5555556,17.0,2.0,0.9327510917030567,0.9134199134199135
50.0,0.5555556,17.0,3.0,0.9327510917030567,0.9134199134199135
50.0,0.5555556,17.0,5.0,0.9327510917030567,0.9134199134199135
50.0,0.5555556,17.0,8.0,0.9327510917030567,0.9134199134199135
50.0,0.5555556,17.0,12.0,0.9327510917030567,0.9134199134199135
50.0,0.5555556,17.0,20.0,0.9327510917030567,0.9134199134199135
50.0,0.5555556,17.0,32.0,0.9327510917030567,0.9134199134199135
50.0,0.5555556,17.0,50.0,0.9266375545851527,0.9134199134199135
50.0,0.5555556,17.0,80.0,0.920524017467249,0.9082251082251082
50.0,0.5555556,17.0,128.0,0.9106259097525473,0.9004329004329005
50.0,0.5555556,20.0,2.0,0.9286754002911207,0.90995670995671
50.0,0.5555556,20.0,3.0,0.9286754002911207,0.90995670995671
50.0,0.5555556,20.0,5.0,0.9286754002911207,0.90995670995671
50.0,0.5555556,20.0,8.0,0.9286754002911207,0.90995670995671
50.0,0.5555556,20.0,12.0,0.9286754002911207,0.90995670995671
50.0,0.5555556,20.0,20.0,0.9286754002911207,0.90995670995671
50.0,0.5555556,20.0,32.0,0.9286754002911207,0.90995670995671
50.0,0.5555556,20.0,50.0,0.9254730713245998,0.9108225108225108
50.0,0.5555556,20.0,80.0,0.9176128093158662,0.9082251082251082
50.0,0.5555556,20.0,128.0,0.9106259097525473,0.8952380952380953
50.0,0.6666667,1.0,2.0,0.9764192139737992,0.9272727272727274
50.0,0.6666667,1.0,3.0,0.9761280931586608,0.9272727272727274
50.0,0.6666667,1.0,5.0,0.9755458515283844,0.9281385281385282
50.0,0.6666667,1.0,8.0,0.9714701601164484,0.92987012987013
50.0,0.6666667,1.0,12.0,0.967976710334789,0.9281385281385282
50.0,0.6666667,1.0,20.0,0.9595342066957787,0.9272727272727274
50.0,0.6666667,1.0,32.0,0.9475982532751092,0.9281385281385282
50.0,0.6666667,1.0,50.0,0.9403202328966522,0.9281385281385282
50.0,0.6666667,1.0,80.0,0.9312954876273654,0.9238095238095237
50.0,0.6666667,1.0,128.0,0.921688500727802,0.90995670995671
50.0,0.6666667,3.0,2.0,0.967976710334789,0.9307359307359307
50.0,0.6666667,3.0,3.0,0.967976710334789,0.9307359307359307
50.0,0.6666667,3.0,5.0,0.967976710334789,0.9307359307359307
50.0,0.6666667,3.0,8.0,0.9668122270742359,0.9264069264069263
50.0,0.6666667,3.0,12.0,0.9621542940320232,0.9290043290043289
50.0,0.6666667,3.0,20.0,0.9522561863173216,0.9290043290043289
50.0,0.6666667,3.0,32.0,0.9446870451237264,0.92987012987013
50.0,0.6666667,3.0,50.0,0.9377001455604075,0.9281385281385282
50.0,0.6666667,3.0,80.0,0.928675400291121,0.9203463203463202
50.0,0.6666667,3.0,128.0,0.9190684133915574,0.90995670995671
50.0,0.6666667,5.0,2.0,0.9569141193595343,0.9290043290043289
50.0,0.6666667,5.0,3.0,0.9569141193595343,0.9290043290043289
50.0,0.6666667,5.0,5.0,0.9569141193595343,0.9290043290043289
50.0,0.6666667,5.0,8.0,0.9569141193595343,0.9290043290043289
50.0,0.6666667,5.0,12.0,0.9560407569141194,0.9272727272727274
50.0,0.6666667,5.0,20.0,0.9475982532751092,0.9281385281385282
50.0,0.6666667,5.0,32.0,0.939155749636099,0.9307359307359307
50.0,0.6666667,5.0,50.0,0.9315866084425035,0.922943722943723
50.0,0.6666667,5.0,80.0,0.924599708879185,0.9203463203463202
50.0,0.6666667,5.0,128.0,0.9187772925764192,0.9108225108225108
50.0,0.6666667,7.0,2.0,0.9493449781659388,0.9290043290043289
50.0,0.6666667,7.0,3.0,0.9493449781659388,0.9290043290043289
50.0,0.6666667,7.0,5.0,0.9493449781659388,0.9290043290043289
50.0,0.6666667,7.0,8.0,0.9493449781659388,0.9290043290043289
50.0,0.6666667,7.0,12.0,0.9493449781659388,0.9290043290043289
50.0,0.6666667,7.0,20.0,0.9458515283842794,0.9272727272727274
50.0,0.6666667,7.0,32.0,0.9368267831149927,0.9246753246753248
50.0,0.6666667,7.0,50.0,0.9307132459970887,0.9246753246753248
50.0,0.6666667,7.0,80.0,0.9243085880640466,0.9194805194805195
50.0,0.6666667,7.0,128.0,0.9173216885007278,0.90995670995671
50.0,0.6666667,9.0,2.0,0.9446870451237264,0.9272727272727274
50.0,0.6666667,9.0,3.0,0.9446870451237264,0.9272727272727274
50.0,0.6666667,9.0,5.0,0.9446870451237264,0.9272727272727274
50.0,0.6666667,9.0,8.0,0.9446870451237264,0.9272727272727274
50.0,0.6666667,9.0,12.0,0.9446870451237264,0.9272727272727274
50.0,0.6666667,9.0,20.0,0.943231441048035,0.9281385281385282
50.0,0.6666667,9.0,32.0,0.9365356622998544,0.9255411255411256
50.0,0.6666667,9.0,50.0,0.9301310043668123,0.9238095238095237
50.0,0.6666667,9.0,80.0,0.9237263464337699,0.9212121212121213
50.0,0.6666667,9.0,128.0,0.9167394468704512,0.90995670995671
50.0,0.6666667,11.0,2.0,0.9394468704512373,0.9246753246753248
50.0,0.6666667,11.0,3.0,0.9394468704512373,0.9246753246753248
50.0,0.6666667,11.0,5.0,0.9394468704512373,0.9246753246753248
50.0,0.6666667,11.0,8.0,0.9394468704512373,0.9246753246753248
50.0,0.6666667,11.0,12.0,0.9394468704512373,0.9246753246753248
50.0,0.6666667,11.0,20.0,0.9394468704512373,0.9246753246753248
50.0,0.6666667,11.0,32.0,0.9362445414847163,0.9272727272727274
50.0,0.6666667,11.0,50.0,0.9307132459970887,0.9212121212121213
50.0,0.6666667,11.0,80.0,0.9240174672489083,0.9177489177489176
50.0,0.6666667,11.0,128.0,0.9155749636098982,0.9082251082251082
50.0,0.6666667,13.0,2.0,0.9374090247452692,0.9264069264069263
50.0,0.6666667,13.0,3.0,0.9374090247452692,0.9264069264069263
50.0,0.6666667,13.0,5.0,0.9374090247452692,0.9264069264069263
50.0,0.6666667,13.0,8.0,0.9374090247452692,0.9264069264069263
50.0,0.6666667,13.0,12.0,0.9374090247452692,0.9264069264069263
50.0,0.6666667,13.0,20.0,0.9374090247452692,0.9264069264069263
50.0,0.6666667,13.0,32.0,0.9356622998544395,0.9238095238095237
50.0,0.6666667,13.0,50.0,0.9298398835516739,0.9212121212121213
50.0,0.6666667,13.0,80.0,0.9213973799126638,0.9142857142857143
50.0,0.6666667,13.0,128.0,0.9152838427947598,0.9082251082251082
50.0,0.6666667,15.0,2.0,0.9359534206695779,0.9203463203463202
50.0,0.6666667,15.0,3.0,0.9359534206695779,0.9203463203463202
50.0,0.6666667,15.0,5.0,0.9359534206695779,0.9203463203463202
50.0,0.6666667,15.0,8.0,0.9359534206695779,0.9203463203463202
50.0,0.6666667,15.0,12.0,0.9359534206695779,0.9203463203463202
50.0,0.6666667,15.0,20.0,0.9359534206695779,0.9203463203463202
50.0,0.6666667,15.0,32.0,0.9336244541484715,0.9186147186147187
50.0,0.6666667,15.0,50.0,0.9275109170305675,0.9160173160173161
50.0,0.6666667,15.0,80.0,0.9202328966521106,0.9125541125541126
50.0,0.6666667,15.0,128.0,0.914410480349345,0.903896103896104
50.0,0.6666667,17.0,2.0,0.9333333333333333,0.9134199134199135
50.0,0.6666667,17.0,3.0,0.9333333333333333,0.9134199134199135
50.0,0.6666667,17.0,5.0,0.9333333333333333,0.9134199134199135
50.0,0.6666667,17.0,8.0,0.9333333333333333,0.9134199134199135
50.0,0.6666667,17.0,12.0,0.9333333333333333,0.9134199134199135
50.0,0.6666667,17.0,20.0,0.9333333333333333,0.9134199134199135
50.0,0.6666667,17.0,32.0,0.9333333333333333,0.9134199134199135
50.0,0.6666667,17.0,50.0,0.9263464337700146,0.9151515151515153
50.0,0.6666667,17.0,80.0,0.9213973799126638,0.9090909090909092
50.0,0.6666667,17.0,128.0,0.9132459970887918,0.9030303030303031
50.0,0.6666667,20.0,2.0,0.9298398835516739,0.90995670995671
50.0,0.6666667,20.0,3.0,0.9298398835516739,0.90995670995671
50.0,0.6666667,20.0,5.0,0.9298398835516739,0.90995670995671
50.0,0.6666667,20.0,8.0,0.9298398835516739,0.90995670995671
50.0,0.6666667,20.0,12.0,0.9298398835516739,0.90995670995671
50.0,0.6666667,20.0,20.0,0.9298398835516739,0.90995670995671
50.0,0.6666667,20.0,32.0,0.9298398835516739,0.90995670995671
50.0,0.6666667,20.0,50.0,0.9254730713245998,0.9125541125541126
50.0,0.6666667,20.0,80.0,0.9179039301310044,0.9064935064935066
50.0,0.6666667,20.0,128.0,0.9106259097525473,0.8995670995670995
50.0,0.7777778,1.0,2.0,0.9761280931586608,0.9333333333333333
50.0,0.7777778,1.0,3.0,0.9764192139737992,0.9281385281385282
50.0,0.7777778,1.0,5.0,0.9740902474526928,0.9290043290043289
50.0,0.7777778,1.0,8.0,0.9703056768558952,0.9281385281385282
50.0,0.7777778,1.0,12.0,0.969141193595342,0.92987012987013
50.0,0.7777778,1.0,20.0,0.9598253275109171,0.9281385281385282
50.0,0.7777778,1.0,32.0,0.9470160116448326,0.9272727272727274
50.0,0.7777778,1.0,50.0,0.9400291120815139,0.9246753246753248
50.0,0.7777778,1.0,80.0,0.9330422125181951,0.9264069264069263
50.0,0.7777778,1.0,128.0,0.9243085880640466,0.922077922077922
50.0,0.7777778,3.0,2.0,0.9656477438136827,0.9307359307359307
50.0,0.7777778,3.0,3.0,0.9656477438136827,0.9307359307359307
50.0,0.7777778,3.0,5.0,0.9656477438136827,0.9307359307359307
50.0,0.7777778,3.0,8.0,0.9668122270742359,0.92987012987013
50.0,0.7777778,3.0,12.0,0.9609898107714703,0.92987012987013
50.0,0.7777778,3.0,20.0,0.9525473071324599,0.9281385281385282
50.0,0.7777778,3.0,32.0,0.9429403202328966,0.9281385281385282
50.0,0.7777778,3.0,50.0,0.9385735080058225,0.9281385281385282
50.0,0.7777778,3.0,80.0,0.9298398835516739,0.9307359307359307
50.0,0.7777778,3.0,128.0,0.9222707423580786,0.922077922077922
50.0,0.7777778,5.0,2.0,0.9574963609898107,0.9307359307359307
50.0,0.7777778,5.0,3.0,0.9574963609898107,0.9307359307359307
50.0,0.7777778,5.0,5.0,0.9574963609898107,0.9307359307359307
50.0,0.7777778,5.0,8.0,0.9574963609898107,0.9307359307359307
50.0,0.7777778,5.0,12.0,0.9554585152838427,0.92987012987013
50.0,0.7777778,5.0,20.0,0.9470160116448326,0.9255411255411256
50.0,0.7777778,5.0,32.0,0.9403202328966522,0.9290043290043289
50.0,0.7777778,5.0,50.0,0.9333333333333333,0.9281385281385282
50.0,0.7777778,5.0,80.0,0.9283842794759826,0.92987012987013
50.0,0.7777778,5.0,128.0,0.921688500727802,0.922077922077922
50.0,0.7777778,7.0,2.0,0.9493449781659388,0.92987012987013
50.0,0.7777778,7.0,3.0,0.9493449781659388,0.92987012987013
50.0,0.7777778,7.0,5.0,0.9493449781659388,0.92987012987013
50.0,0.7777778,7.0,8.0,0.9493449781659388,0.92987012987013
50.0,0.7777778,7.0,12.0,0.9493449781659388,0.92987012987013
50.0,0.7777778,7.0,20.0,0.9438136826783114,0.9255411255411256
50.0,0.7777778,7.0,32.0,0.9379912663755459,0.9281385281385282
50.0,0.7777778,7.0,50.0,0.9324599708879185,0.92987012987013
50.0,0.7777778,7.0,80.0,0.9254730713245998,0.9281385281385282
50.0,0.7777778,7.0,128.0,0.9202328966521106,0.922943722943723
50.0,0.7777778,9.0,2.0,0.9429403202328966,0.9281385281385282
50.0,0.7777778,9.0,3.0,0.9429403202328966,0.9281385281385282
50.0,0.7777778,9.0,5.0,0.9429403202328966,0.9281385281385282
50.0,0.7777778,9.0,8.0,0.9429403202328966,0.9281385281385282
50.0,0.7777778,9.0,12.0,0.9429403202328966,0.9281385281385282
50.0,0.7777778,9.0,20.0,0.9423580786026202,0.9272727272727274
50.0,0.7777778,9.0,32.0,0.9371179039301311,0.9272727272727274
50.0,0.7777778,9.0,50.0,0.9315866084425035,0.9281385281385282
50.0,0.7777778,9.0,80.0,0.9257641921397379,0.92987012987013
50.0,0.7777778,9.0,128.0,0.9196506550218342,0.922077922077922
50.0,0.7777778,11.0,2.0,0.9400291120815139,0.9290043290043289
50.0,0.7777778,11.0,3.0,0.9400291120815139,0.9290043290043289
50.0,0.7777778,11.0,5.0,0.9400291120815139,0.9290043290043289
50.0,0.7777778,11.0,8.0,0.9400291120815139,0.9290043290043289
50.0,0.7777778,11.0,12.0,0.9400291120815139,0.9290043290043289
50.0,0.7777778,11.0,20.0,0.9400291120815139,0.9290043290043289
50.0,0.7777778,11.0,32.0,0.9347889374090247,0.9272727272727274
50.0,0.7777778,11.0,50.0,0.9304221251819506,0.9281385281385282
50.0,0.7777778,11.0,80.0,0.9237263464337699,0.9290043290043289
50.0,0.7777778,11.0,128.0,0.918486171761281,0.9238095238095237
50.0,0.7777778,13.0,2.0,0.9356622998544395,0.9281385281385282
50.0,0.7777778,13.0,3.0,0.9356622998544395,0.9281385281385282
50.0,0.7777778,13.0,5.0,0.9356622998544395,0.9281385281385282
50.0,0.7777778,13.0,8.0,0.9356622998544395,0.9281385281385282
50.0,0.7777778,13.0,12.0,0.9356622998544395,0.9281385281385282
50.0,0.7777778,13.0,20.0,0.9356622998544395,0.9281385281385282
50.0,0.7777778,13.0,32.0,0.9344978165938864,0.9255411255411256
50.0,0.7777778,13.0,50.0,0.928675400291121,0.9246753246753248
50.0,0.7777778,13.0,80.0,0.922561863173217,0.9272727272727274
50.0,0.7777778,13.0,128.0,0.9176128093158662,0.9238095238095237
50.0,0.7777778,15.0,2.0,0.9333333333333333,0.922943722943723
50.0,0.7777778,15.0,3.0,0.9333333333333333,0.922943722943723
50.0,0.7777778,15.0,5.0,0.9333333333333333,0.922943722943723
50.0,0.7777778,15.0,8.0,0.9333333333333333,0.922943722943723
50.0,0.7777778,15.0,12.0,0.9333333333333333,0.922943722943723
50.0,0.7777778,15.0,20.0,0.9333333333333333,0.922943722943723
50.0,0.7777778,15.0,32.0,0.9336244541484715,0.9212121212121213
50.0,0.7777778,15.0,50.0,0.928675400291121,0.922943722943723
50.0,0.7777778,15.0,80.0,0.9208151382823871,0.9212121212121213
50.0,0.7777778,15.0,128.0,0.916448326055313,0.9212121212121211
50.0,0.7777778,17.0,2.0,0.9310043668122271,0.9194805194805195
50.0,0.7777778,17.0,3.0,0.9310043668122271,0.9194805194805195
50.0,0.7777778,17.0,5.0,0.9310043668122271,0.9194805194805195
50.0,0.7777778,17.0,8.0,0.9310043668122271,0.9194805194805195
50.0,0.7777778,17.0,12.0,0.9310043668122271,0.9194805194805195
50.0,0.7777778,17.0,20.0,0.9310043668122271,0.9194805194805195
50.0,0.7777778,17.0,32.0,0.9310043668122271,0.9194805194805195
50.0,0.7777778,17.0,50.0,0.9272197962154294,0.9212121212121213
50.0,0.7777778,17.0,80.0,0.9202328966521106,0.9168831168831169
50.0,0.7777778,17.0,128.0,0.9135371179039302,0.9177489177489176
50.0,0.7777778,20.0,2.0,0.9307132459970887,0.9134199134199135
50.0,0.7777778,20.0,3.0,0.9307132459970887,0.9134199134199135
50.0,0.7777778,20.0,5.0,0.9307132459970887,0.9134199134199135
50.0,0.7777778,20.0,8.0,0.9307132459970887,0.9134199134199135
50.0,0.7777778,20.0,12.0,0.9307132459970887,0.9134199134199135
50.0,0.7777778,20.0,20.0,0.9307132459970887,0.9134199134199135
50.0,0.7777778,20.0,32.0,0.9307132459970887,0.9134199134199135
50.0,0.7777778,20.0,50.0,0.9280931586608443,0.9142857142857143
50.0,0.7777778,20.0,80.0,0.9199417758369723,0.9134199134199135
50.0,0.7777778,20.0,128.0,0.9135371179039302,0.9168831168831169
50.0,0.8888889,1.0,2.0,0.9755458515283844,0.9281385281385282
50.0,0.8888889,1.0,3.0,0.9755458515283844,0.92987012987013
50.0,0.8888889,1.0,5.0,0.975254730713246,0.9255411255411256
50.0,0.8888889,1.0,8.0,0.9705967976710335,0.9272727272727274
50.0,0.8888889,1.0,12.0,0.9694323144104804,0.9272727272727274
50.0,0.8888889,1.0,20.0,0.9589519650655023,0.9238095238095239
50.0,0.8888889,1.0,32.0,0.9467248908296944,0.922943722943723
50.0,0.8888889,1.0,50.0,0.9397379912663755,0.9212121212121213
50.0,0.8888889,1.0,80.0,0.9327510917030567,0.9194805194805195
50.0,0.8888889,1.0,128.0,0.9234352256186318,0.9246753246753248
50.0,0.8888889,3.0,2.0,0.967976710334789,0.9255411255411256
50.0,0.8888889,3.0,3.0,0.967976710334789,0.9255411255411256
50.0,0.8888889,3.0,5.0,0.967976710334789,0.9255411255411256
50.0,0.8888889,3.0,8.0,0.9665211062590975,0.9272727272727274
50.0,0.8888889,3.0,12.0,0.9621542940320232,0.9264069264069263
50.0,0.8888889,3.0,20.0,0.9519650655021834,0.922943722943723
50.0,0.8888889,3.0,32.0,0.944395924308588,0.9212121212121213
50.0,0.8888889,3.0,50.0,0.9362445414847163,0.9246753246753248
50.0,0.8888889,3.0,80.0,0.9312954876273654,0.9238095238095239
50.0,0.8888889,3.0,128.0,0.9208151382823871,0.9238095238095237
50.0,0.8888889,5.0,2.0,0.9586608442503639,0.9272727272727274
50.0,0.8888889,5.0,3.0,0.9586608442503639,0.9272727272727274
50.0,0.8888889,5.0,5.0,0.9586608442503639,0.9272727272727274
50.0,0.8888889,5.0,8.0,0.9586608442503639,0.9272727272727274
50.0,0.8888889,5.0,12.0,0.9572052401746725,0.9281385281385282
50.0,0.8888889,5.0,20.0,0.9496360989810771,0.9238095238095239
50.0,0.8888889,5.0,32.0,0.9420669577874818,0.9255411255411256
50.0,0.8888889,5.0,50.0,0.9347889374090247,0.9264069264069263
50.0,0.8888889,5.0,80.0,0.9280931586608443,0.9246753246753248
50.0,0.8888889,5.0,128.0,0.9199417758369723,0.9272727272727274
50.0,0.8888889,7.0,2.0,0.9487627365356623,0.9272727272727274
50.0,0.8888889,7.0,3.0,0.9487627365356623,0.9272727272727274
50.0,0.8888889,7.0,5.0,0.9487627365356623,0.9272727272727274
50.0,0.8888889,7.0,8.0,0.9487627365356623,0.9272727272727274
50.0,0.8888889,7.0,12.0,0.9487627365356623,0.9272727272727274
50.0,0.8888889,7.0,20.0,0.945269286754003,0.9264069264069263
50.0,0.8888889,7.0,32.0,0.938282387190684,0.9255411255411256
50.0,0.8888889,7.0,50.0,0.9327510917030567,0.9281385281385282
50.0,0.8888889,7.0,80.0,0.9266375545851527,0.9246753246753248
50.0,0.8888889,7.0,128.0,0.9181950509461426,0.9281385281385282
50.0,0.8888889,9.0,2.0,0.9446870451237264,0.9246753246753248
50.0,0.8888889,9.0,3.0,0.9446870451237264,0.9246753246753248
50.0,0.8888889,9.0,5.0,0.9446870451237264,0.9246753246753248
50.0,0.8888889,9.0,8.0,0.9446870451237264,0.9246753246753248
50.0,0.8888889,9.0,12.0,0.9446870451237264,0.9246753246753248
50.0,0.8888889,9.0,20.0,0.9417758369723435,0.9255411255411256
50.0,0.8888889,9.0,32.0,0.9362445414847163,0.9264069264069263
50.0,0.8888889,9.0,50.0,0.9321688500727803,0.9290043290043289
50.0,0.8888889,9.0,80.0,0.9254730713245998,0.9246753246753248
50.0,0.8888889,9.0,128.0,0.9176128093158662,0.9264069264069263
50.0,0.8888889,11.0,2.0,0.9406113537117904,0.9290043290043289
50.0,0.8888889,11.0,3.0,0.9406113537117904,0.9290043290043289
50.0,0.8888889,11.0,5.0,0.9406113537117904,0.9290043290043289
50.0,0.8888889,11.0,8.0,0.9406113537117904,0.9290043290043289
50.0,0.8888889,11.0,12.0,0.9406113537117904,0.9290043290043289
50.0,0.8888889,11.0,20.0,0.9406113537117904,0.9290043290043289
50.0,0.8888889,11.0,32.0,0.9377001455604075,0.92987012987013
50.0,0.8888889,11.0,50.0,0.9304221251819506,0.9290043290043289
50.0,0.8888889,11.0,80.0,0.924599708879185,0.9246753246753248
50.0,0.8888889,11.0,128.0,0.9170305676855894,0.9255411255411256
50.0,0.8888889,13.0,2.0,0.9371179039301311,0.9316017316017315
50.0,0.8888889,13.0,3.0,0.9371179039301311,0.9316017316017315
50.0,0.8888889,13.0,5.0,0.9371179039301311,0.9316017316017315
50.0,0.8888889,13.0,8.0,0.9371179039301311,0.9316017316017315
50.0,0.8888889,13.0,12.0,0.9371179039301311,0.9316017316017315
50.0,0.8888889,13.0,20.0,0.9371179039301311,0.9316017316017315
50.0,0.8888889,13.0,32.0,0.9344978165938865,0.9264069264069263
50.0,0.8888889,13.0,50.0,0.9278020378457059,0.9281385281385282
50.0,0.8888889,13.0,80.0,0.920524017467249,0.9246753246753248
50.0,0.8888889,13.0,128.0,0.9138282387190685,0.9246753246753248
50.0,0.8888889,15.0,2.0,0.9353711790393013,0.9255411255411256
50.0,0.8888889,15.0,3.0,0.9353711790393013,0.9255411255411256
50.0,0.8888889,15.0,5.0,0.9353711790393013,0.9255411255411256
50.0,0.8888889,15.0,8.0,0.9353711790393013,0.9255411255411256
50.0,0.8888889,15.0,12.0,0.9353711790393013,0.9255411255411256
50.0,0.8888889,15.0,20.0,0.9353711790393013,0.9255411255411256
50.0,0.8888889,15.0,32.0,0.9350800582241631,0.9272727272727274
50.0,0.8888889,15.0,50.0,0.9269286754002911,0.9281385281385282
50.0,0.8888889,15.0,80.0,0.920524017467249,0.9238095238095239
50.0,0.8888889,15.0,128.0,0.9132459970887918,0.9272727272727274
50.0,0.8888889,17.0,2.0,0.9336244541484715,0.922077922077922
50.0,0.8888889,17.0,3.0,0.9336244541484715,0.922077922077922
50.0,0.8888889,17.0,5.0,0.9336244541484715,0.922077922077922
50.0,0.8888889,17.0,8.0,0.9336244541484715,0.922077922077922
50.0,0.8888889,17.0,12.0,0.9336244541484715,0.922077922077922
50.0,0.8888889,17.0,20.0,0.9336244541484715,0.922077922077922
50.0,0.8888889,17.0,32.0,0.9336244541484715,0.922077922077922
50.0,0.8888889,17.0,50.0,0.9266375545851527,0.9255411255411256
50.0,0.8888889,17.0,80.0,0.9187772925764192,0.9203463203463202
50.0,0.8888889,17.0,128.0,0.9120815138282387,0.9238095238095237
50.0,0.8888889,20.0,2.0,0.9304221251819506,0.9186147186147187
50.0,0.8888889,20.0,3.0,0.9304221251819506,0.9186147186147187
50.0,0.8888889,20.0,5.0,0.9304221251819506,0.9186147186147187
50.0,0.8888889,20.0,8.0,0.9304221251819506,0.9186147186147187
50.0,0.8888889,20.0,12.0,0.9304221251819506,0.9186147186147187
50.0,0.8888889,20.0,20.0,0.9304221251819506,0.9186147186147187
50.0,0.8888889,20.0,32.0,0.9304221251819506,0.9186147186147187
50.0,0.8888889,20.0,50.0,0.9260553129548763,0.9203463203463202
50.0,0.8888889,20.0,80.0,0.9187772925764192,0.9212121212121213
50.0,0.8888889,20.0,128.0,0.9109170305676855,0.9194805194805195
50.0,1.0,1.0,2.0,0.9746724890829694,0.9255411255411256
50.0,1.0,1.0,3.0,0.9740902474526928,0.9272727272727274
50.0,1.0,1.0,5.0,0.9726346433770015,0.9246753246753248
50.0,1.0,1.0,8.0,0.969141193595342,0.9264069264069263
50.0,1.0,1.0,12.0,0.9656477438136827,0.9272727272727274
50.0,1.0,1.0,20.0,0.9548762736535663,0.9212121212121213
50.0,1.0,1.0,32.0,0.9467248908296944,0.9186147186147187
50.0,1.0,1.0,50.0,0.9388646288209607,0.9194805194805195
50.0,1.0,1.0,80.0,0.9280931586608443,0.9160173160173161
50.0,1.0,1.0,128.0,0.9193595342066958,0.9151515151515153
50.0,1.0,3.0,2.0,0.9639010189228531,0.9212121212121213
50.0,1.0,3.0,3.0,0.9639010189228531,0.9212121212121213
50.0,1.0,3.0,5.0,0.9639010189228531,0.9212121212121213
50.0,1.0,3.0,8.0,0.963027656477438,0.9212121212121213
50.0,1.0,3.0,12.0,0.9589519650655023,0.9203463203463202
50.0,1.0,3.0,20.0,0.950509461426492,0.9203463203463202
50.0,1.0,3.0,32.0,0.9441048034934498,0.9194805194805195
50.0,1.0,3.0,50.0,0.9347889374090247,0.9203463203463202
50.0,1.0,3.0,80.0,0.9254730713245998,0.9168831168831169
50.0,1.0,3.0,128.0,0.9181950509461426,0.9168831168831169
50.0,1.0,5.0,2.0,0.9580786026200874,0.9238095238095237
50.0,1.0,5.0,3.0,0.9580786026200874,0.9238095238095237
50.0,1.0,5.0,5.0,0.9580786026200874,0.9238095238095237
50.0,1.0,5.0,8.0,0.9580786026200874,0.9238095238095237
50.0,1.0,5.0,12.0,0.9540029112081514,0.922943722943723
50.0,1.0,5.0,20.0,0.9473071324599708,0.922077922077922
50.0,1.0,5.0,32.0,0.9414847161572052,0.9212121212121213
50.0,1.0,5.0,50.0,0.9327510917030567,0.922077922077922
50.0,1.0,5.0,80.0,0.9228529839883551,0.9177489177489179
50.0,1.0,5.0,128.0,0.9170305676855894,0.9177489177489179
50.0,1.0,7.0,2.0,0.9481804949053856,0.922943722943723
50.0,1.0,7.0,3.0,0.9481804949053856,0.922943722943723
50.0,1.0,7.0,5.0,0.9481804949053856,0.922943722943723
50.0,1.0,7.0,8.0,0.9481804949053856,0.922943722943723
50.0,1.0,7.0,12.0,0.9481804949053856,0.922943722943723
50.0,1.0,7.0,20.0,0.945269286754003,0.922077922077922
50.0,1.0,7.0,32.0,0.9388646288209607,0.9203463203463202
50.0,1.0,7.0,50.0,0.9312954876273654,0.9194805194805195
50.0,1.0,7.0,80.0,0.9213973799126638,0.9151515151515153
50.0,1.0,7.0,128.0,0.9161572052401746,0.9160173160173161
50.0,1.0,9.0,2.0,0.9446870451237264,0.9246753246753248
50.0,1.0,9.0,3.0,0.9446870451237264,0.9246753246753248
50.0,1.0,9.0,5.0,0.9446870451237264,0.9246753246753248
50.0,1.0,9.0,8.0,0.9446870451237264,0.9246753246753248
50.0,1.0,9.0,12.0,0.9446870451237264,0.9246753246753248
50.0,1.0,9.0,20.0,0.9441048034934498,0.9238095238095237
50.0,1.0,9.0,32.0,0.9388646288209607,0.922943722943723
50.0,1.0,9.0,50.0,0.9295487627365355,0.922943722943723
50.0,1.0,9.0,80.0,0.9213973799126638,0.9168831168831169
50.0,1.0,9.0,128.0,0.9161572052401746,0.9177489177489179
50.0,1.0,11.0,2.0,0.9420669577874818,0.9238095238095237
50.0,1.0,11.0,3.0,0.9420669577874818,0.9238095238095237
50.0,1.0,11.0,5.0,0.9420669577874818,0.9238095238095237
50.0,1.0,11.0,8.0,0.9420669577874818,0.9238095238095237
50.0,1.0,11.0,12.0,0.9420669577874818,0.9238095238095237
50.0,1.0,11.0,20.0,0.9420669577874818,0.9238095238095237
50.0,1.0,11.0,32.0,0.9377001455604075,0.922943722943723
50.0,1.0,11.0,50.0,0.9286754002911207,0.922943722943723
50.0,1.0,11.0,80.0,0.9193595342066958,0.9177489177489179
50.0,1.0,11.0,128.0,0.9141193595342066,0.9186147186147187
50.0,1.0,13.0,2.0,0.9397379912663755,0.9238095238095237
50.0,1.0,13.0,3.0,0.9397379912663755,0.9238095238095237
50.0,1.0,13.0,5.0,0.9397379912663755,0.9238095238095237
50.0,1.0,13.0,8.0,0.9397379912663755,0.9238095238095237
50.0,1.0,13.0,12.0,0.9397379912663755,0.9238095238095237
50.0,1.0,13.0,20.0,0.9397379912663755,0.9238095238095237
50.0,1.0,13.0,32.0,0.9368267831149927,0.9238095238095237
50.0,1.0,13.0,50.0,0.9275109170305678,0.922943722943723
50.0,1.0,13.0,80.0,0.9176128093158662,0.9177489177489179
50.0,1.0,13.0,128.0,0.9120815138282387,0.9177489177489179
50.0,1.0,15.0,2.0,0.9365356622998544,0.9212121212121213
50.0,1.0,15.0,3.0,0.9365356622998544,0.9212121212121213
50.0,1.0,15.0,5.0,0.9365356622998544,0.9212121212121213
50.0,1.0,15.0,8.0,0.9365356622998544,0.9212121212121213
50.0,1.0,15.0,12.0,0.9365356622998544,0.9212121212121213
50.0,1.0,15.0,20.0,0.9365356622998544,0.9212121212121213
50.0,1.0,15.0,32.0,0.9359534206695779,0.9212121212121213
50.0,1.0,15.0,50.0,0.9254730713245998,0.9264069264069263
50.0,1.0,15.0,80.0,0.9161572052401746,0.9212121212121213
50.0,1.0,15.0,128.0,0.9114992721979622,0.9203463203463202
50.0,1.0,17.0,2.0,0.9339155749636099,0.9177489177489176
50.0,1.0,17.0,3.0,0.9339155749636099,0.9177489177489176
50.0,1.0,17.0,5.0,0.9339155749636099,0.9177489177489176
50.0,1.0,17.0,8.0,0.9339155749636099,0.9177489177489176
50.0,1.0,17.0,12.0,0.9339155749636099,0.9177489177489176
50.0,1.0,17.0,20.0,0.9339155749636099,0.9177489177489176
50.0,1.0,17.0,32.0,0.9339155749636099,0.9177489177489176
50.0,1.0,17.0,50.0,0.9225618631732168,0.922077922077922
50.0,1.0,17.0,80.0,0.9141193595342066,0.9151515151515153
50.0,1.0,17.0,128.0,0.9100436681222707,0.9151515151515153
50.0,1.0,20.0,2.0,0.9266375545851527,0.9151515151515153
50.0,1.0,20.0,3.0,0.9266375545851527,0.9151515151515153
50.0,1.0,20.0,5.0,0.9266375545851527,0.9151515151515153
50.0,1.0,20.0,8.0,0.9266375545851527,0.9151515151515153
50.0,1.0,20.0,12.0,0.9266375545851527,0.9151515151515153
50.0,1.0,20.0,20.0,0.9266375545851527,0.9151515151515153
50.0,1.0,20.0,32.0,0.9266375545851527,0.9151515151515153
50.0,1.0,20.0,50.0,0.922561863173217,0.9186147186147187
50.0,1.0,20.0,80.0,0.9129548762736535,0.9125541125541126
50.0,1.0,20.0,128.0,0.9094614264919942,0.9125541125541126
