max_depth,max_features,min_samples_leaf,min_samples_split,val_acc,test_acc
1.0,0.0,1.0,2.0,0.519959451901566,0.5120016611295681
1.0,0.0,1.0,3.0,0.519959451901566,0.5120016611295681
1.0,0.0,1.0,5.0,0.519959451901566,0.5120016611295681
1.0,0.0,1.0,8.0,0.519959451901566,0.5120016611295681
1.0,0.0,1.0,12.0,0.519959451901566,0.5120016611295681
1.0,0.0,1.0,20.0,0.519959451901566,0.5120016611295681
1.0,0.0,1.0,32.0,0.519959451901566,0.5120016611295681
1.0,0.0,1.0,50.0,0.519959451901566,0.5120016611295681
1.0,0.0,1.0,80.0,0.519959451901566,0.5120016611295681
1.0,0.0,1.0,128.0,0.519959451901566,0.5120016611295681
1.0,0.0,3.0,2.0,0.519959451901566,0.5120016611295681
1.0,0.0,3.0,3.0,0.519959451901566,0.5120016611295681
1.0,0.0,3.0,5.0,0.519959451901566,0.5120016611295681
1.0,0.0,3.0,8.0,0.519959451901566,0.5120016611295681
1.0,0.0,3.0,12.0,0.519959451901566,0.5120016611295681
1.0,0.0,3.0,20.0,0.519959451901566,0.5120016611295681
1.0,0.0,3.0,32.0,0.519959451901566,0.5120016611295681
1.0,0.0,3.0,50.0,0.519959451901566,0.5120016611295681
1.0,0.0,3.0,80.0,0.519959451901566,0.5120016611295681
1.0,0.0,3.0,128.0,0.519959451901566,0.5120016611295681
1.0,0.0,5.0,2.0,0.519959451901566,0.5120016611295681
1.0,0.0,5.0,3.0,0.519959451901566,0.5120016611295681
1.0,0.0,5.0,5.0,0.519959451901566,0.5120016611295681
1.0,0.0,5.0,8.0,0.519959451901566,0.5120016611295681
1.0,0.0,5.0,12.0,0.519959451901566,0.5120016611295681
1.0,0.0,5.0,20.0,0.519959451901566,0.5120016611295681
1.0,0.0,5.0,32.0,0.519959451901566,0.5120016611295681
1.0,0.0,5.0,50.0,0.519959451901566,0.5120016611295681
1.0,0.0,5.0,80.0,0.519959451901566,0.5120016611295681
1.0,0.0,5.0,128.0,0.519959451901566,0.5120016611295681
1.0,0.0,7.0,2.0,0.519959451901566,0.5120016611295681
1.0,0.0,7.0,3.0,0.519959451901566,0.5120016611295681
1.0,0.0,7.0,5.0,0.519959451901566,0.5120016611295681
1.0,0.0,7.0,8.0,0.519959451901566,0.5120016611295681
1.0,0.0,7.0,12.0,0.519959451901566,0.5120016611295681
1.0,0.0,7.0,20.0,0.519959451901566,0.5120016611295681
1.0,0.0,7.0,32.0,0.519959451901566,0.5120016611295681
1.0,0.0,7.0,50.0,0.519959451901566,0.5120016611295681
1.0,0.0,7.0,80.0,0.519959451901566,0.5120016611295681
1.0,0.0,7.0,128.0,0.519959451901566,0.5120016611295681
1.0,0.0,9.0,2.0,0.519959451901566,0.5120016611295681
1.0,0.0,9.0,3.0,0.519959451901566,0.5120016611295681
1.0,0.0,9.0,5.0,0.519959451901566,0.5120016611295681
1.0,0.0,9.0,8.0,0.519959451901566,0.5120016611295681
1.0,0.0,9.0,12.0,0.519959451901566,0.5120016611295681
1.0,0.0,9.0,20.0,0.519959451901566,0.5120016611295681
1.0,0.0,9.0,32.0,0.519959451901566,0.5120016611295681
1.0,0.0,9.0,50.0,0.519959451901566,0.5120016611295681
1.0,0.0,9.0,80.0,0.519959451901566,0.5120016611295681
1.0,0.0,9.0,128.0,0.519959451901566,0.5120016611295681
1.0,0.0,11.0,2.0,0.519959451901566,0.5120016611295681
1.0,0.0,11.0,3.0,0.519959451901566,0.5120016611295681
1.0,0.0,11.0,5.0,0.519959451901566,0.5120016611295681
1.0,0.0,11.0,8.0,0.519959451901566,0.5120016611295681
1.0,0.0,11.0,12.0,0.519959451901566,0.5120016611295681
1.0,0.0,11.0,20.0,0.519959451901566,0.5120016611295681
1.0,0.0,11.0,32.0,0.519959451901566,0.5120016611295681
1.0,0.0,11.0,50.0,0.519959451901566,0.5120016611295681
1.0,0.0,11.0,80.0,0.519959451901566,0.5120016611295681
1.0,0.0,11.0,128.0,0.519959451901566,0.5120016611295681
1.0,0.0,13.0,2.0,0.519959451901566,0.5120016611295681
1.0,0.0,13.0,3.0,0.519959451901566,0.5120016611295681
1.0,0.0,13.0,5.0,0.519959451901566,0.5120016611295681
1.0,0.0,13.0,8.0,0.519959451901566,0.5120016611295681
1.0,0.0,13.0,12.0,0.519959451901566,0.5120016611295681
1.0,0.0,13.0,20.0,0.519959451901566,0.5120016611295681
1.0,0.0,13.0,32.0,0.519959451901566,0.5120016611295681
1.0,0.0,13.0,50.0,0.519959451901566,0.5120016611295681
1.0,0.0,13.0,80.0,0.519959451901566,0.5120016611295681
1.0,0.0,13.0,128.0,0.519959451901566,0.5120016611295681
1.0,0.0,15.0,2.0,0.519959451901566,0.5120016611295681
1.0,0.0,15.0,3.0,0.519959451901566,0.5120016611295681
1.0,0.0,15.0,5.0,0.519959451901566,0.5120016611295681
1.0,0.0,15.0,8.0,0.519959451901566,0.5120016611295681
1.0,0.0,15.0,12.0,0.519959451901566,0.5120016611295681
1.0,0.0,15.0,20.0,0.519959451901566,0.5120016611295681
1.0,0.0,15.0,32.0,0.519959451901566,0.5120016611295681
1.0,0.0,15.0,50.0,0.519959451901566,0.5120016611295681
1.0,0.0,15.0,80.0,0.519959451901566,0.5120016611295681
1.0,0.0,15.0,128.0,0.519959451901566,0.5120016611295681
1.0,0.0,17.0,2.0,0.519959451901566,0.5120016611295681
1.0,0.0,17.0,3.0,0.519959451901566,0.5120016611295681
1.0,0.0,17.0,5.0,0.519959451901566,0.5120016611295681
1.0,0.0,17.0,8.0,0.519959451901566,0.5120016611295681
1.0,0.0,17.0,12.0,0.519959451901566,0.5120016611295681
1.0,0.0,17.0,20.0,0.519959451901566,0.5120016611295681
1.0,0.0,17.0,32.0,0.519959451901566,0.5120016611295681
1.0,0.0,17.0,50.0,0.519959451901566,0.5120016611295681
1.0,0.0,17.0,80.0,0.519959451901566,0.5120016611295681
1.0,0.0,17.0,128.0,0.519959451901566,0.5120016611295681
1.0,0.0,20.0,2.0,0.519959451901566,0.5120016611295681
1.0,0.0,20.0,3.0,0.519959451901566,0.5120016611295681
1.0,0.0,20.0,5.0,0.519959451901566,0.5120016611295681
1.0,0.0,20.0,8.0,0.519959451901566,0.5120016611295681
1.0,0.0,20.0,12.0,0.519959451901566,0.5120016611295681
1.0,0.0,20.0,20.0,0.519959451901566,0.5120016611295681
1.0,0.0,20.0,32.0,0.519959451901566,0.5120016611295681
1.0,0.0,20.0,50.0,0.519959451901566,0.5120016611295681
1.0,0.0,20.0,80.0,0.519959451901566,0.5120016611295681
1.0,0.0,20.0,128.0,0.519959451901566,0.5120016611295681
1.0,0.11111111,1.0,2.0,0.519959451901566,0.5120016611295681
1.0,0.11111111,1.0,3.0,0.519959451901566,0.5120016611295681
1.0,0.11111111,1.0,5.0,0.519959451901566,0.5120016611295681
1.0,0.11111111,1.0,8.0,0.519959451901566,0.5120016611295681
1.0,0.11111111,1.0,12.0,0.519959451901566,0.5120016611295681
1.0,0.11111111,1.0,20.0,0.519959451901566,0.5120016611295681
1.0,0.11111111,1.0,32.0,0.519959451901566,0.5120016611295681
1.0,0.11111111,1.0,50.0,0.519959451901566,0.5120016611295681
1.0,0.11111111,1.0,80.0,0.519959451901566,0.5120016611295681
1.0,0.11111111,1.0,128.0,0.519959451901566,0.5120016611295681
1.0,0.11111111,3.0,2.0,0.519959451901566,0.5120016611295681
1.0,0.11111111,3.0,3.0,0.519959451901566,0.5120016611295681
1.0,0.11111111,3.0,5.0,0.519959451901566,0.5120016611295681
1.0,0.11111111,3.0,8.0,0.519959451901566,0.5120016611295681
1.0,0.11111111,3.0,12.0,0.519959451901566,0.5120016611295681
1.0,0.11111111,3.0,20.0,0.519959451901566,0.5120016611295681
1.0,0.11111111,3.0,32.0,0.519959451901566,0.5120016611295681
1.0,0.11111111,3.0,50.0,0.519959451901566,0.5120016611295681
1.0,0.11111111,3.0,80.0,0.519959451901566,0.5120016611295681
1.0,0.11111111,3.0,128.0,0.519959451901566,0.5120016611295681
1.0,0.11111111,5.0,2.0,0.519959451901566,0.5120016611295681
1.0,0.11111111,5.0,3.0,0.519959451901566,0.5120016611295681
1.0,0.11111111,5.0,5.0,0.519959451901566,0.5120016611295681
1.0,0.11111111,5.0,8.0,0.519959451901566,0.5120016611295681
1.0,0.11111111,5.0,12.0,0.519959451901566,0.5120016611295681
1.0,0.11111111,5.0,20.0,0.519959451901566,0.5120016611295681
1.0,0.11111111,5.0,32.0,0.519959451901566,0.5120016611295681
1.0,0.11111111,5.0,50.0,0.519959451901566,0.5120016611295681
1.0,0.11111111,5.0,80.0,0.519959451901566,0.5120016611295681
1.0,0.11111111,5.0,128.0,0.519959451901566,0.5120016611295681
1.0,0.11111111,7.0,2.0,0.519959451901566,0.5120016611295681
1.0,0.11111111,7.0,3.0,0.519959451901566,0.5120016611295681
1.0,0.11111111,7.0,5.0,0.519959451901566,0.5120016611295681
1.0,0.11111111,7.0,8.0,0.519959451901566,0.5120016611295681
1.0,0.11111111,7.0,12.0,0.519959451901566,0.5120016611295681
1.0,0.11111111,7.0,20.0,0.519959451901566,0.5120016611295681
1.0,0.11111111,7.0,32.0,0.519959451901566,0.5120016611295681
1.0,0.11111111,7.0,50.0,0.519959451901566,0.5120016611295681
1.0,0.11111111,7.0,80.0,0.519959451901566,0.5120016611295681
1.0,0.11111111,7.0,128.0,0.519959451901566,0.5120016611295681
1.0,0.11111111,9.0,2.0,0.519959451901566,0.5120016611295681
1.0,0.11111111,9.0,3.0,0.519959451901566,0.5120016611295681
1.0,0.11111111,9.0,5.0,0.519959451901566,0.5120016611295681
1.0,0.11111111,9.0,8.0,0.519959451901566,0.5120016611295681
1.0,0.11111111,9.0,12.0,0.519959451901566,0.5120016611295681
1.0,0.11111111,9.0,20.0,0.519959451901566,0.5120016611295681
1.0,0.11111111,9.0,32.0,0.519959451901566,0.5120016611295681
1.0,0.11111111,9.0,50.0,0.519959451901566,0.5120016611295681
1.0,0.11111111,9.0,80.0,0.519959451901566,0.5120016611295681
1.0,0.11111111,9.0,128.0,0.519959451901566,0.5120016611295681
1.0,0.11111111,11.0,2.0,0.519959451901566,0.5120016611295681
1.0,0.11111111,11.0,3.0,0.519959451901566,0.5120016611295681
1.0,0.11111111,11.0,5.0,0.519959451901566,0.5120016611295681
1.0,0.11111111,11.0,8.0,0.519959451901566,0.5120016611295681
1.0,0.11111111,11.0,12.0,0.519959451901566,0.5120016611295681
1.0,0.11111111,11.0,20.0,0.519959451901566,0.5120016611295681
1.0,0.11111111,11.0,32.0,0.519959451901566,0.5120016611295681
1.0,0.11111111,11.0,50.0,0.519959451901566,0.5120016611295681
1.0,0.11111111,11.0,80.0,0.519959451901566,0.5120016611295681
1.0,0.11111111,11.0,128.0,0.519959451901566,0.5120016611295681
1.0,0.11111111,13.0,2.0,0.519959451901566,0.5120016611295681
1.0,0.11111111,13.0,3.0,0.519959451901566,0.5120016611295681
1.0,0.11111111,13.0,5.0,0.519959451901566,0.5120016611295681
1.0,0.11111111,13.0,8.0,0.519959451901566,0.5120016611295681
1.0,0.11111111,13.0,12.0,0.519959451901566,0.5120016611295681
1.0,0.11111111,13.0,20.0,0.519959451901566,0.5120016611295681
1.0,0.11111111,13.0,32.0,0.519959451901566,0.5120016611295681
1.0,0.11111111,13.0,50.0,0.519959451901566,0.5120016611295681
1.0,0.11111111,13.0,80.0,0.519959451901566,0.5120016611295681
1.0,0.11111111,13.0,128.0,0.519959451901566,0.5120016611295681
1.0,0.11111111,15.0,2.0,0.519959451901566,0.5120016611295681
1.0,0.11111111,15.0,3.0,0.519959451901566,0.5120016611295681
1.0,0.11111111,15.0,5.0,0.519959451901566,0.5120016611295681
1.0,0.11111111,15.0,8.0,0.519959451901566,0.5120016611295681
1.0,0.11111111,15.0,12.0,0.519959451901566,0.5120016611295681
1.0,0.11111111,15.0,20.0,0.519959451901566,0.5120016611295681
1.0,0.11111111,15.0,32.0,0.519959451901566,0.5120016611295681
1.0,0.11111111,15.0,50.0,0.519959451901566,0.5120016611295681
1.0,0.11111111,15.0,80.0,0.519959451901566,0.5120016611295681
1.0,0.11111111,15.0,128.0,0.519959451901566,0.5120016611295681
1.0,0.11111111,17.0,2.0,0.519959451901566,0.5120016611295681
1.0,0.11111111,17.0,3.0,0.519959451901566,0.5120016611295681
1.0,0.11111111,17.0,5.0,0.519959451901566,0.5120016611295681
1.0,0.11111111,17.0,8.0,0.519959451901566,0.5120016611295681
1.0,0.11111111,17.0,12.0,0.519959451901566,0.5120016611295681
1.0,0.11111111,17.0,20.0,0.519959451901566,0.5120016611295681
1.0,0.11111111,17.0,32.0,0.519959451901566,0.5120016611295681
1.0,0.11111111,17.0,50.0,0.519959451901566,0.5120016611295681
1.0,0.11111111,17.0,80.0,0.519959451901566,0.5120016611295681
1.0,0.11111111,17.0,128.0,0.519959451901566,0.5120016611295681
1.0,0.11111111,20.0,2.0,0.519959451901566,0.5120016611295681
1.0,0.11111111,20.0,3.0,0.519959451901566,0.5120016611295681
1.0,0.11111111,20.0,5.0,0.519959451901566,0.5120016611295681
1.0,0.11111111,20.0,8.0,0.519959451901566,0.5120016611295681
1.0,0.11111111,20.0,12.0,0.519959451901566,0.5120016611295681
1.0,0.11111111,20.0,20.0,0.519959451901566,0.5120016611295681
1.0,0.11111111,20.0,32.0,0.519959451901566,0.5120016611295681
1.0,0.11111111,20.0,50.0,0.519959451901566,0.5120016611295681
1.0,0.11111111,20.0,80.0,0.519959451901566,0.5120016611295681
1.0,0.11111111,20.0,128.0,0.519959451901566,0.5120016611295681
1.0,0.22222222,1.0,2.0,0.5236017897091723,0.5106312292358803
1.0,0.22222222,1.0,3.0,0.5236017897091723,0.5106312292358803
1.0,0.22222222,1.0,5.0,0.5236017897091723,0.5106312292358803
1.0,0.22222222,1.0,8.0,0.5236017897091723,0.5106312292358803
1.0,0.22222222,1.0,12.0,0.5236017897091723,0.5106312292358803
1.0,0.22222222,1.0,20.0,0.5236017897091723,0.5106312292358803
1.0,0.22222222,1.0,32.0,0.5236017897091723,0.5106312292358803
1.0,0.22222222,1.0,50.0,0.5236017897091723,0.5106312292358803
1.0,0.22222222,1.0,80.0,0.5236017897091723,0.5106312292358803
1.0,0.22222222,1.0,128.0,0.5236017897091723,0.5106312292358803
1.0,0.22222222,3.0,2.0,0.5236017897091723,0.5106312292358803
1.0,0.22222222,3.0,3.0,0.5236017897091723,0.5106312292358803
1.0,0.22222222,3.0,5.0,0.5236017897091723,0.5106312292358803
1.0,0.22222222,3.0,8.0,0.5236017897091723,0.5106312292358803
1.0,0.22222222,3.0,12.0,0.5236017897091723,0.5106312292358803
1.0,0.22222222,3.0,20.0,0.5236017897091723,0.5106312292358803
1.0,0.22222222,3.0,32.0,0.5236017897091723,0.5106312292358803
1.0,0.22222222,3.0,50.0,0.5236017897091723,0.5106312292358803
1.0,0.22222222,3.0,80.0,0.5236017897091723,0.5106312292358803
1.0,0.22222222,3.0,128.0,0.5236017897091723,0.5106312292358803
1.0,0.22222222,5.0,2.0,0.5236017897091723,0.5106312292358803
1.0,0.22222222,5.0,3.0,0.5236017897091723,0.5106312292358803
1.0,0.22222222,5.0,5.0,0.5236017897091723,0.5106312292358803
1.0,0.22222222,5.0,8.0,0.5236017897091723,0.5106312292358803
1.0,0.22222222,5.0,12.0,0.5236017897091723,0.5106312292358803
1.0,0.22222222,5.0,20.0,0.5236017897091723,0.5106312292358803
1.0,0.22222222,5.0,32.0,0.5236017897091723,0.5106312292358803
1.0,0.22222222,5.0,50.0,0.5236017897091723,0.5106312292358803
1.0,0.22222222,5.0,80.0,0.5236017897091723,0.5106312292358803
1.0,0.22222222,5.0,128.0,0.5236017897091723,0.5106312292358803
1.0,0.22222222,7.0,2.0,0.5236017897091723,0.5106312292358803
1.0,0.22222222,7.0,3.0,0.5236017897091723,0.5106312292358803
1.0,0.22222222,7.0,5.0,0.5236017897091723,0.5106312292358803
1.0,0.22222222,7.0,8.0,0.5236017897091723,0.5106312292358803
1.0,0.22222222,7.0,12.0,0.5236017897091723,0.5106312292358803
1.0,0.22222222,7.0,20.0,0.5236017897091723,0.5106312292358803
1.0,0.22222222,7.0,32.0,0.5236017897091723,0.5106312292358803
1.0,0.22222222,7.0,50.0,0.5236017897091723,0.5106312292358803
1.0,0.22222222,7.0,80.0,0.5236017897091723,0.5106312292358803
1.0,0.22222222,7.0,128.0,0.5236017897091723,0.5106312292358803
1.0,0.22222222,9.0,2.0,0.5236017897091723,0.5106312292358803
1.0,0.22222222,9.0,3.0,0.5236017897091723,0.5106312292358803
1.0,0.22222222,9.0,5.0,0.5236017897091723,0.5106312292358803
1.0,0.22222222,9.0,8.0,0.5236017897091723,0.5106312292358803
1.0,0.22222222,9.0,12.0,0.5236017897091723,0.5106312292358803
1.0,0.22222222,9.0,20.0,0.5236017897091723,0.5106312292358803
1.0,0.22222222,9.0,32.0,0.5236017897091723,0.5106312292358803
1.0,0.22222222,9.0,50.0,0.5236017897091723,0.5106312292358803
1.0,0.22222222,9.0,80.0,0.5236017897091723,0.5106312292358803
1.0,0.22222222,9.0,128.0,0.5236017897091723,0.5106312292358803
1.0,0.22222222,11.0,2.0,0.5236017897091723,0.5106312292358803
1.0,0.22222222,11.0,3.0,0.5236017897091723,0.5106312292358803
1.0,0.22222222,11.0,5.0,0.5236017897091723,0.5106312292358803
1.0,0.22222222,11.0,8.0,0.5236017897091723,0.5106312292358803
1.0,0.22222222,11.0,12.0,0.5236017897091723,0.5106312292358803
1.0,0.22222222,11.0,20.0,0.5236017897091723,0.5106312292358803
1.0,0.22222222,11.0,32.0,0.5236017897091723,0.5106312292358803
1.0,0.22222222,11.0,50.0,0.5236017897091723,0.5106312292358803
1.0,0.22222222,11.0,80.0,0.5236017897091723,0.5106312292358803
1.0,0.22222222,11.0,128.0,0.5236017897091723,0.5106312292358803
1.0,0.22222222,13.0,2.0,0.5236017897091723,0.5106312292358803
1.0,0.22222222,13.0,3.0,0.5236017897091723,0.5106312292358803
1.0,0.22222222,13.0,5.0,0.5236017897091723,0.5106312292358803
1.0,0.22222222,13.0,8.0,0.5236017897091723,0.5106312292358803
1.0,0.22222222,13.0,12.0,0.5236017897091723,0.5106312292358803
1.0,0.22222222,13.0,20.0,0.5236017897091723,0.5106312292358803
1.0,0.22222222,13.0,32.0,0.5236017897091723,0.5106312292358803
1.0,0.22222222,13.0,50.0,0.5236017897091723,0.5106312292358803
1.0,0.22222222,13.0,80.0,0.5236017897091723,0.5106312292358803
1.0,0.22222222,13.0,128.0,0.5236017897091723,0.5106312292358803
1.0,0.22222222,15.0,2.0,0.5236017897091723,0.5106312292358803
1.0,0.22222222,15.0,3.0,0.5236017897091723,0.5106312292358803
1.0,0.22222222,15.0,5.0,0.5236017897091723,0.5106312292358803
1.0,0.22222222,15.0,8.0,0.5236017897091723,0.5106312292358803
1.0,0.22222222,15.0,12.0,0.5236017897091723,0.5106312292358803
1.0,0.22222222,15.0,20.0,0.5236017897091723,0.5106312292358803
1.0,0.22222222,15.0,32.0,0.5236017897091723,0.5106312292358803
1.0,0.22222222,15.0,50.0,0.5236017897091723,0.5106312292358803
1.0,0.22222222,15.0,80.0,0.5236017897091723,0.5106312292358803
1.0,0.22222222,15.0,128.0,0.5236017897091723,0.5106312292358803
1.0,0.22222222,17.0,2.0,0.5236017897091723,0.5106312292358803
1.0,0.22222222,17.0,3.0,0.5236017897091723,0.5106312292358803
1.0,0.22222222,17.0,5.0,0.5236017897091723,0.5106312292358803
1.0,0.22222222,17.0,8.0,0.5236017897091723,0.5106312292358803
1.0,0.22222222,17.0,12.0,0.5236017897091723,0.5106312292358803
1.0,0.22222222,17.0,20.0,0.5236017897091723,0.5106312292358803
1.0,0.22222222,17.0,32.0,0.5236017897091723,0.5106312292358803
1.0,0.22222222,17.0,50.0,0.5236017897091723,0.5106312292358803
1.0,0.22222222,17.0,80.0,0.5236017897091723,0.5106312292358803
1.0,0.22222222,17.0,128.0,0.5236017897091723,0.5106312292358803
1.0,0.22222222,20.0,2.0,0.5236017897091723,0.5106312292358803
1.0,0.22222222,20.0,3.0,0.5236017897091723,0.5106312292358803
1.0,0.22222222,20.0,5.0,0.5236017897091723,0.5106312292358803
1.0,0.22222222,20.0,8.0,0.5236017897091723,0.5106312292358803
1.0,0.22222222,20.0,12.0,0.5236017897091723,0.5106312292358803
1.0,0.22222222,20.0,20.0,0.5236017897091723,0.5106312292358803
1.0,0.22222222,20.0,32.0,0.5236017897091723,0.5106312292358803
1.0,0.22222222,20.0,50.0,0.5236017897091723,0.5106312292358803
1.0,0.22222222,20.0,80.0,0.5236017897091723,0.5106312292358803
1.0,0.22222222,20.0,128.0,0.5236017897091723,0.5106312292358803
1.0,0.33333334,1.0,2.0,0.5243218680089485,0.5087832225913621
1.0,0.33333334,1.0,3.0,0.5243218680089485,0.5087832225913621
1.0,0.33333334,1.0,5.0,0.5243218680089485,0.5087832225913621
1.0,0.33333334,1.0,8.0,0.5243218680089485,0.5087832225913621
1.0,0.33333334,1.0,12.0,0.5243218680089485,0.5087832225913621
1.0,0.33333334,1.0,20.0,0.5243218680089485,0.5087832225913621
1.0,0.33333334,1.0,32.0,0.5243218680089485,0.5087832225913621
1.0,0.33333334,1.0,50.0,0.5243218680089485,0.5087832225913621
1.0,0.33333334,1.0,80.0,0.5243218680089485,0.5087832225913621
1.0,0.33333334,1.0,128.0,0.5243218680089485,0.5087832225913621
1.0,0.33333334,3.0,2.0,0.5243218680089485,0.5087832225913621
1.0,0.33333334,3.0,3.0,0.5243218680089485,0.5087832225913621
1.0,0.33333334,3.0,5.0,0.5243218680089485,0.5087832225913621
1.0,0.33333334,3.0,8.0,0.5243218680089485,0.5087832225913621
1.0,0.33333334,3.0,12.0,0.5243218680089485,0.5087832225913621
1.0,0.33333334,3.0,20.0,0.5243218680089485,0.5087832225913621
1.0,0.33333334,3.0,32.0,0.5243218680089485,0.5087832225913621
1.0,0.33333334,3.0,50.0,0.5243218680089485,0.5087832225913621
1.0,0.33333334,3.0,80.0,0.5243218680089485,0.5087832225913621
1.0,0.33333334,3.0,128.0,0.5243218680089485,0.5087832225913621
1.0,0.33333334,5.0,2.0,0.5243218680089485,0.5087832225913621
1.0,0.33333334,5.0,3.0,0.5243218680089485,0.5087832225913621
1.0,0.33333334,5.0,5.0,0.5243218680089485,0.5087832225913621
1.0,0.33333334,5.0,8.0,0.5243218680089485,0.5087832225913621
1.0,0.33333334,5.0,12.0,0.5243218680089485,0.5087832225913621
1.0,0.33333334,5.0,20.0,0.5243218680089485,0.5087832225913621
1.0,0.33333334,5.0,32.0,0.5243218680089485,0.5087832225913621
1.0,0.33333334,5.0,50.0,0.5243218680089485,0.5087832225913621
1.0,0.33333334,5.0,80.0,0.5243218680089485,0.5087832225913621
1.0,0.33333334,5.0,128.0,0.5243218680089485,0.5087832225913621
1.0,0.33333334,7.0,2.0,0.5243218680089485,0.5087832225913621
1.0,0.33333334,7.0,3.0,0.5243218680089485,0.5087832225913621
1.0,0.33333334,7.0,5.0,0.5243218680089485,0.5087832225913621
1.0,0.33333334,7.0,8.0,0.5243218680089485,0.5087832225913621
1.0,0.33333334,7.0,12.0,0.5243218680089485,0.5087832225913621
1.0,0.33333334,7.0,20.0,0.5243218680089485,0.5087832225913621
1.0,0.33333334,7.0,32.0,0.5243218680089485,0.5087832225913621
1.0,0.33333334,7.0,50.0,0.5243218680089485,0.5087832225913621
1.0,0.33333334,7.0,80.0,0.5243218680089485,0.5087832225913621
1.0,0.33333334,7.0,128.0,0.5243218680089485,0.5087832225913621
1.0,0.33333334,9.0,2.0,0.5243218680089485,0.5087832225913621
1.0,0.33333334,9.0,3.0,0.5243218680089485,0.5087832225913621
1.0,0.33333334,9.0,5.0,0.5243218680089485,0.5087832225913621
1.0,0.33333334,9.0,8.0,0.5243218680089485,0.5087832225913621
1.0,0.33333334,9.0,12.0,0.5243218680089485,0.5087832225913621
1.0,0.33333334,9.0,20.0,0.5243218680089485,0.5087832225913621
1.0,0.33333334,9.0,32.0,0.5243218680089485,0.5087832225913621
1.0,0.33333334,9.0,50.0,0.5243218680089485,0.5087832225913621
1.0,0.33333334,9.0,80.0,0.5243218680089485,0.5087832225913621
1.0,0.33333334,9.0,128.0,0.5243218680089485,0.5087832225913621
1.0,0.33333334,11.0,2.0,0.5243218680089485,0.5087832225913621
1.0,0.33333334,11.0,3.0,0.5243218680089485,0.5087832225913621
1.0,0.33333334,11.0,5.0,0.5243218680089485,0.5087832225913621
1.0,0.33333334,11.0,8.0,0.5243218680089485,0.5087832225913621
1.0,0.33333334,11.0,12.0,0.5243218680089485,0.5087832225913621
1.0,0.33333334,11.0,20.0,0.5243218680089485,0.5087832225913621
1.0,0.33333334,11.0,32.0,0.5243218680089485,0.5087832225913621
1.0,0.33333334,11.0,50.0,0.5243218680089485,0.5087832225913621
1.0,0.33333334,11.0,80.0,0.5243218680089485,0.5087832225913621
1.0,0.33333334,11.0,128.0,0.5243218680089485,0.5087832225913621
1.0,0.33333334,13.0,2.0,0.5243218680089485,0.5087832225913621
1.0,0.33333334,13.0,3.0,0.5243218680089485,0.5087832225913621
1.0,0.33333334,13.0,5.0,0.5243218680089485,0.5087832225913621
1.0,0.33333334,13.0,8.0,0.5243218680089485,0.5087832225913621
1.0,0.33333334,13.0,12.0,0.5243218680089485,0.5087832225913621
1.0,0.33333334,13.0,20.0,0.5243218680089485,0.5087832225913621
1.0,0.33333334,13.0,32.0,0.5243218680089485,0.5087832225913621
1.0,0.33333334,13.0,50.0,0.5243218680089485,0.5087832225913621
1.0,0.33333334,13.0,80.0,0.5243218680089485,0.5087832225913621
1.0,0.33333334,13.0,128.0,0.5243218680089485,0.5087832225913621
1.0,0.33333334,15.0,2.0,0.5243218680089485,0.5087832225913621
1.0,0.33333334,15.0,3.0,0.5243218680089485,0.5087832225913621
1.0,0.33333334,15.0,5.0,0.5243218680089485,0.5087832225913621
1.0,0.33333334,15.0,8.0,0.5243218680089485,0.5087832225913621
1.0,0.33333334,15.0,12.0,0.5243218680089485,0.5087832225913621
1.0,0.33333334,15.0,20.0,0.5243218680089485,0.5087832225913621
1.0,0.33333334,15.0,32.0,0.5243218680089485,0.5087832225913621
1.0,0.33333334,15.0,50.0,0.5243218680089485,0.5087832225913621
1.0,0.33333334,15.0,80.0,0.5243218680089485,0.5087832225913621
1.0,0.33333334,15.0,128.0,0.5243218680089485,0.5087832225913621
1.0,0.33333334,17.0,2.0,0.5243218680089485,0.5087832225913621
1.0,0.33333334,17.0,3.0,0.5243218680089485,0.5087832225913621
1.0,0.33333334,17.0,5.0,0.5243218680089485,0.5087832225913621
1.0,0.33333334,17.0,8.0,0.5243218680089485,0.5087832225913621
1.0,0.33333334,17.0,12.0,0.5243218680089485,0.5087832225913621
1.0,0.33333334,17.0,20.0,0.5243218680089485,0.5087832225913621
1.0,0.33333334,17.0,32.0,0.5243218680089485,0.5087832225913621
1.0,0.33333334,17.0,50.0,0.5243218680089485,0.5087832225913621
1.0,0.33333334,17.0,80.0,0.5243218680089485,0.5087832225913621
1.0,0.33333334,17.0,128.0,0.5243218680089485,0.5087832225913621
1.0,0.33333334,20.0,2.0,0.5243218680089485,0.5087832225913621
1.0,0.33333334,20.0,3.0,0.5243218680089485,0.5087832225913621
1.0,0.33333334,20.0,5.0,0.5243218680089485,0.5087832225913621
1.0,0.33333334,20.0,8.0,0.5243218680089485,0.5087832225913621
1.0,0.33333334,20.0,12.0,0.5243218680089485,0.5087832225913621
1.0,0.33333334,20.0,20.0,0.5243218680089485,0.5087832225913621
1.0,0.33333334,20.0,32.0,0.5243218680089485,0.5087832225913621
1.0,0.33333334,20.0,50.0,0.5243218680089485,0.5087832225913621
1.0,0.33333334,20.0,80.0,0.5243218680089485,0.5087832225913621
1.0,0.33333334,20.0,128.0,0.5243218680089485,0.5087832225913621
1.0,0.44444445,1.0,2.0,0.5243777964205816,0.508139534883721
1.0,0.44444445,1.0,3.0,0.5243777964205816,0.508139534883721
1.0,0.44444445,1.0,5.0,0.5243777964205816,0.508139534883721
1.0,0.44444445,1.0,8.0,0.5243777964205816,0.508139534883721
1.0,0.44444445,1.0,12.0,0.5243777964205816,0.508139534883721
1.0,0.44444445,1.0,20.0,0.5243777964205816,0.508139534883721
1.0,0.44444445,1.0,32.0,0.5243777964205816,0.508139534883721
1.0,0.44444445,1.0,50.0,0.5243777964205816,0.508139534883721
1.0,0.44444445,1.0,80.0,0.5243777964205816,0.508139534883721
1.0,0.44444445,1.0,128.0,0.5243777964205816,0.508139534883721
1.0,0.44444445,3.0,2.0,0.5243777964205816,0.508139534883721
1.0,0.44444445,3.0,3.0,0.5243777964205816,0.508139534883721
1.0,0.44444445,3.0,5.0,0.5243777964205816,0.508139534883721
1.0,0.44444445,3.0,8.0,0.5243777964205816,0.508139534883721
1.0,0.44444445,3.0,12.0,0.5243777964205816,0.508139534883721
1.0,0.44444445,3.0,20.0,0.5243777964205816,0.508139534883721
1.0,0.44444445,3.0,32.0,0.5243777964205816,0.508139534883721
1.0,0.44444445,3.0,50.0,0.5243777964205816,0.508139534883721
1.0,0.44444445,3.0,80.0,0.5243777964205816,0.508139534883721
1.0,0.44444445,3.0,128.0,0.5243777964205816,0.508139534883721
1.0,0.44444445,5.0,2.0,0.5243777964205816,0.508139534883721
1.0,0.44444445,5.0,3.0,0.5243777964205816,0.508139534883721
1.0,0.44444445,5.0,5.0,0.5243777964205816,0.508139534883721
1.0,0.44444445,5.0,8.0,0.5243777964205816,0.508139534883721
1.0,0.44444445,5.0,12.0,0.5243777964205816,0.508139534883721
1.0,0.44444445,5.0,20.0,0.5243777964205816,0.508139534883721
1.0,0.44444445,5.0,32.0,0.5243777964205816,0.508139534883721
1.0,0.44444445,5.0,50.0,0.5243777964205816,0.508139534883721
1.0,0.44444445,5.0,80.0,0.5243777964205816,0.508139534883721
1.0,0.44444445,5.0,128.0,0.5243777964205816,0.508139534883721
1.0,0.44444445,7.0,2.0,0.5243777964205816,0.508139534883721
1.0,0.44444445,7.0,3.0,0.5243777964205816,0.508139534883721
1.0,0.44444445,7.0,5.0,0.5243777964205816,0.508139534883721
1.0,0.44444445,7.0,8.0,0.5243777964205816,0.508139534883721
1.0,0.44444445,7.0,12.0,0.5243777964205816,0.508139534883721
1.0,0.44444445,7.0,20.0,0.5243777964205816,0.508139534883721
1.0,0.44444445,7.0,32.0,0.5243777964205816,0.508139534883721
1.0,0.44444445,7.0,50.0,0.5243777964205816,0.508139534883721
1.0,0.44444445,7.0,80.0,0.5243777964205816,0.508139534883721
1.0,0.44444445,7.0,128.0,0.5243777964205816,0.508139534883721
1.0,0.44444445,9.0,2.0,0.5243777964205816,0.508139534883721
1.0,0.44444445,9.0,3.0,0.5243777964205816,0.508139534883721
1.0,0.44444445,9.0,5.0,0.5243777964205816,0.508139534883721
1.0,0.44444445,9.0,8.0,0.5243777964205816,0.508139534883721
1.0,0.44444445,9.0,12.0,0.5243777964205816,0.508139534883721
1.0,0.44444445,9.0,20.0,0.5243777964205816,0.508139534883721
1.0,0.44444445,9.0,32.0,0.5243777964205816,0.508139534883721
1.0,0.44444445,9.0,50.0,0.5243777964205816,0.508139534883721
1.0,0.44444445,9.0,80.0,0.5243777964205816,0.508139534883721
1.0,0.44444445,9.0,128.0,0.5243777964205816,0.508139534883721
1.0,0.44444445,11.0,2.0,0.5243777964205816,0.508139534883721
1.0,0.44444445,11.0,3.0,0.5243777964205816,0.508139534883721
1.0,0.44444445,11.0,5.0,0.5243777964205816,0.508139534883721
1.0,0.44444445,11.0,8.0,0.5243777964205816,0.508139534883721
1.0,0.44444445,11.0,12.0,0.5243777964205816,0.508139534883721
1.0,0.44444445,11.0,20.0,0.5243777964205816,0.508139534883721
1.0,0.44444445,11.0,32.0,0.5243777964205816,0.508139534883721
1.0,0.44444445,11.0,50.0,0.5243777964205816,0.508139534883721
1.0,0.44444445,11.0,80.0,0.5243777964205816,0.508139534883721
1.0,0.44444445,11.0,128.0,0.5243777964205816,0.508139534883721
1.0,0.44444445,13.0,2.0,0.5243777964205816,0.508139534883721
1.0,0.44444445,13.0,3.0,0.5243777964205816,0.508139534883721
1.0,0.44444445,13.0,5.0,0.5243777964205816,0.508139534883721
1.0,0.44444445,13.0,8.0,0.5243777964205816,0.508139534883721
1.0,0.44444445,13.0,12.0,0.5243777964205816,0.508139534883721
1.0,0.44444445,13.0,20.0,0.5243777964205816,0.508139534883721
1.0,0.44444445,13.0,32.0,0.5243777964205816,0.508139534883721
1.0,0.44444445,13.0,50.0,0.5243777964205816,0.508139534883721
1.0,0.44444445,13.0,80.0,0.5243777964205816,0.508139534883721
1.0,0.44444445,13.0,128.0,0.5243777964205816,0.508139534883721
1.0,0.44444445,15.0,2.0,0.5243777964205816,0.508139534883721
1.0,0.44444445,15.0,3.0,0.5243777964205816,0.508139534883721
1.0,0.44444445,15.0,5.0,0.5243777964205816,0.508139534883721
1.0,0.44444445,15.0,8.0,0.5243777964205816,0.508139534883721
1.0,0.44444445,15.0,12.0,0.5243777964205816,0.508139534883721
1.0,0.44444445,15.0,20.0,0.5243777964205816,0.508139534883721
1.0,0.44444445,15.0,32.0,0.5243777964205816,0.508139534883721
1.0,0.44444445,15.0,50.0,0.5243777964205816,0.508139534883721
1.0,0.44444445,15.0,80.0,0.5243777964205816,0.508139534883721
1.0,0.44444445,15.0,128.0,0.5243777964205816,0.508139534883721
1.0,0.44444445,17.0,2.0,0.5243777964205816,0.508139534883721
1.0,0.44444445,17.0,3.0,0.5243777964205816,0.508139534883721
1.0,0.44444445,17.0,5.0,0.5243777964205816,0.508139534883721
1.0,0.44444445,17.0,8.0,0.5243777964205816,0.508139534883721
1.0,0.44444445,17.0,12.0,0.5243777964205816,0.508139534883721
1.0,0.44444445,17.0,20.0,0.5243777964205816,0.508139534883721
1.0,0.44444445,17.0,32.0,0.5243777964205816,0.508139534883721
1.0,0.44444445,17.0,50.0,0.5243777964205816,0.508139534883721
1.0,0.44444445,17.0,80.0,0.5243777964205816,0.508139534883721
1.0,0.44444445,17.0,128.0,0.5243777964205816,0.508139534883721
1.0,0.44444445,20.0,2.0,0.5243777964205816,0.508139534883721
1.0,0.44444445,20.0,3.0,0.5243777964205816,0.508139534883721
1.0,0.44444445,20.0,5.0,0.5243777964205816,0.508139534883721
1.0,0.44444445,20.0,8.0,0.5243777964205816,0.508139534883721
1.0,0.44444445,20.0,12.0,0.5243777964205816,0.508139534883721
1.0,0.44444445,20.0,20.0,0.5243777964205816,0.508139534883721
1.0,0.44444445,20.0,32.0,0.5243777964205816,0.508139534883721
1.0,0.44444445,20.0,50.0,0.5243777964205816,0.508139534883721
1.0,0.44444445,20.0,80.0,0.5243777964205816,0.508139534883721
1.0,0.44444445,20.0,128.0,0.5243777964205816,0.508139534883721
1.0,0.5555556,1.0,2.0,0.5237835570469799,0.5081810631229235
1.0,0.5555556,1.0,3.0,0.5237835570469799,0.5081810631229235
1.0,0.5555556,1.0,5.0,0.5237835570469799,0.5081810631229235
1.0,0.5555556,1.0,8.0,0.5237835570469799,0.5081810631229235
1.0,0.5555556,1.0,12.0,0.5237835570469799,0.5081810631229235
1.0,0.5555556,1.0,20.0,0.5237835570469799,0.5081810631229235
1.0,0.5555556,1.0,32.0,0.5237835570469799,0.5081810631229235
1.0,0.5555556,1.0,50.0,0.5237835570469799,0.5081810631229235
1.0,0.5555556,1.0,80.0,0.5237835570469799,0.5081810631229235
1.0,0.5555556,1.0,128.0,0.5237835570469799,0.5081810631229235
1.0,0.5555556,3.0,2.0,0.5237835570469799,0.5081810631229235
1.0,0.5555556,3.0,3.0,0.5237835570469799,0.5081810631229235
1.0,0.5555556,3.0,5.0,0.5237835570469799,0.5081810631229235
1.0,0.5555556,3.0,8.0,0.5237835570469799,0.5081810631229235
1.0,0.5555556,3.0,12.0,0.5237835570469799,0.5081810631229235
1.0,0.5555556,3.0,20.0,0.5237835570469799,0.5081810631229235
1.0,0.5555556,3.0,32.0,0.5237835570469799,0.5081810631229235
1.0,0.5555556,3.0,50.0,0.5237835570469799,0.5081810631229235
1.0,0.5555556,3.0,80.0,0.5237835570469799,0.5081810631229235
1.0,0.5555556,3.0,128.0,0.5237835570469799,0.5081810631229235
1.0,0.5555556,5.0,2.0,0.5237835570469799,0.5081810631229235
1.0,0.5555556,5.0,3.0,0.5237835570469799,0.5081810631229235
1.0,0.5555556,5.0,5.0,0.5237835570469799,0.5081810631229235
1.0,0.5555556,5.0,8.0,0.5237835570469799,0.5081810631229235
1.0,0.5555556,5.0,12.0,0.5237835570469799,0.5081810631229235
1.0,0.5555556,5.0,20.0,0.5237835570469799,0.5081810631229235
1.0,0.5555556,5.0,32.0,0.5237835570469799,0.5081810631229235
1.0,0.5555556,5.0,50.0,0.5237835570469799,0.5081810631229235
1.0,0.5555556,5.0,80.0,0.5237835570469799,0.5081810631229235
1.0,0.5555556,5.0,128.0,0.5237835570469799,0.5081810631229235
1.0,0.5555556,7.0,2.0,0.5237835570469799,0.5081810631229235
1.0,0.5555556,7.0,3.0,0.5237835570469799,0.5081810631229235
1.0,0.5555556,7.0,5.0,0.5237835570469799,0.5081810631229235
1.0,0.5555556,7.0,8.0,0.5237835570469799,0.5081810631229235
1.0,0.5555556,7.0,12.0,0.5237835570469799,0.5081810631229235
1.0,0.5555556,7.0,20.0,0.5237835570469799,0.5081810631229235
1.0,0.5555556,7.0,32.0,0.5237835570469799,0.5081810631229235
1.0,0.5555556,7.0,50.0,0.5237835570469799,0.5081810631229235
1.0,0.5555556,7.0,80.0,0.5237835570469799,0.5081810631229235
1.0,0.5555556,7.0,128.0,0.5237835570469799,0.5081810631229235
1.0,0.5555556,9.0,2.0,0.5237835570469799,0.5081810631229235
1.0,0.5555556,9.0,3.0,0.5237835570469799,0.5081810631229235
1.0,0.5555556,9.0,5.0,0.5237835570469799,0.5081810631229235
1.0,0.5555556,9.0,8.0,0.5237835570469799,0.5081810631229235
1.0,0.5555556,9.0,12.0,0.5237835570469799,0.5081810631229235
1.0,0.5555556,9.0,20.0,0.5237835570469799,0.5081810631229235
1.0,0.5555556,9.0,32.0,0.5237835570469799,0.5081810631229235
1.0,0.5555556,9.0,50.0,0.5237835570469799,0.5081810631229235
1.0,0.5555556,9.0,80.0,0.5237835570469799,0.5081810631229235
1.0,0.5555556,9.0,128.0,0.5237835570469799,0.5081810631229235
1.0,0.5555556,11.0,2.0,0.5237835570469799,0.5081810631229235
1.0,0.5555556,11.0,3.0,0.5237835570469799,0.5081810631229235
1.0,0.5555556,11.0,5.0,0.5237835570469799,0.5081810631229235
1.0,0.5555556,11.0,8.0,0.5237835570469799,0.5081810631229235
1.0,0.5555556,11.0,12.0,0.5237835570469799,0.5081810631229235
1.0,0.5555556,11.0,20.0,0.5237835570469799,0.5081810631229235
1.0,0.5555556,11.0,32.0,0.5237835570469799,0.5081810631229235
1.0,0.5555556,11.0,50.0,0.5237835570469799,0.5081810631229235
1.0,0.5555556,11.0,80.0,0.5237835570469799,0.5081810631229235
1.0,0.5555556,11.0,128.0,0.5237835570469799,0.5081810631229235
1.0,0.5555556,13.0,2.0,0.5237835570469799,0.5081810631229235
1.0,0.5555556,13.0,3.0,0.5237835570469799,0.5081810631229235
1.0,0.5555556,13.0,5.0,0.5237835570469799,0.5081810631229235
1.0,0.5555556,13.0,8.0,0.5237835570469799,0.5081810631229235
1.0,0.5555556,13.0,12.0,0.5237835570469799,0.5081810631229235
1.0,0.5555556,13.0,20.0,0.5237835570469799,0.5081810631229235
1.0,0.5555556,13.0,32.0,0.5237835570469799,0.5081810631229235
1.0,0.5555556,13.0,50.0,0.5237835570469799,0.5081810631229235
1.0,0.5555556,13.0,80.0,0.5237835570469799,0.5081810631229235
1.0,0.5555556,13.0,128.0,0.5237835570469799,0.5081810631229235
1.0,0.5555556,15.0,2.0,0.5237835570469799,0.5081810631229235
1.0,0.5555556,15.0,3.0,0.5237835570469799,0.5081810631229235
1.0,0.5555556,15.0,5.0,0.5237835570469799,0.5081810631229235
1.0,0.5555556,15.0,8.0,0.5237835570469799,0.5081810631229235
1.0,0.5555556,15.0,12.0,0.5237835570469799,0.5081810631229235
1.0,0.5555556,15.0,20.0,0.5237835570469799,0.5081810631229235
1.0,0.5555556,15.0,32.0,0.5237835570469799,0.5081810631229235
1.0,0.5555556,15.0,50.0,0.5237835570469799,0.5081810631229235
1.0,0.5555556,15.0,80.0,0.5237835570469799,0.5081810631229235
1.0,0.5555556,15.0,128.0,0.5237835570469799,0.5081810631229235
1.0,0.5555556,17.0,2.0,0.5237835570469799,0.5081810631229235
1.0,0.5555556,17.0,3.0,0.5237835570469799,0.5081810631229235
1.0,0.5555556,17.0,5.0,0.5237835570469799,0.5081810631229235
1.0,0.5555556,17.0,8.0,0.5237835570469799,0.5081810631229235
1.0,0.5555556,17.0,12.0,0.5237835570469799,0.5081810631229235
1.0,0.5555556,17.0,20.0,0.5237835570469799,0.5081810631229235
1.0,0.5555556,17.0,32.0,0.5237835570469799,0.5081810631229235
1.0,0.5555556,17.0,50.0,0.5237835570469799,0.5081810631229235
1.0,0.5555556,17.0,80.0,0.5237835570469799,0.5081810631229235
1.0,0.5555556,17.0,128.0,0.5237835570469799,0.5081810631229235
1.0,0.5555556,20.0,2.0,0.5237835570469799,0.5081810631229235
1.0,0.5555556,20.0,3.0,0.5237835570469799,0.5081810631229235
1.0,0.5555556,20.0,5.0,0.5237835570469799,0.5081810631229235
1.0,0.5555556,20.0,8.0,0.5237835570469799,0.5081810631229235
1.0,0.5555556,20.0,12.0,0.5237835570469799,0.5081810631229235
1.0,0.5555556,20.0,20.0,0.5237835570469799,0.5081810631229235
1.0,0.5555556,20.0,32.0,0.5237835570469799,0.5081810631229235
1.0,0.5555556,20.0,50.0,0.5237835570469799,0.5081810631229235
1.0,0.5555556,20.0,80.0,0.5237835570469799,0.5081810631229235
1.0,0.5555556,20.0,128.0,0.5237835570469799,0.5081810631229235
1.0,0.6666667,1.0,2.0,0.5229656040268457,0.507828073089701
1.0,0.6666667,1.0,3.0,0.5229656040268457,0.507828073089701
1.0,0.6666667,1.0,5.0,0.5229656040268457,0.507828073089701
1.0,0.6666667,1.0,8.0,0.5229656040268457,0.507828073089701
1.0,0.6666667,1.0,12.0,0.5229656040268457,0.507828073089701
1.0,0.6666667,1.0,20.0,0.5229656040268457,0.507828073089701
1.0,0.6666667,1.0,32.0,0.5229656040268457,0.507828073089701
1.0,0.6666667,1.0,50.0,0.5229656040268457,0.507828073089701
1.0,0.6666667,1.0,80.0,0.5229656040268457,0.507828073089701
1.0,0.6666667,1.0,128.0,0.5229656040268457,0.507828073089701
1.0,0.6666667,3.0,2.0,0.5229656040268457,0.507828073089701
1.0,0.6666667,3.0,3.0,0.5229656040268457,0.507828073089701
1.0,0.6666667,3.0,5.0,0.5229656040268457,0.507828073089701
1.0,0.6666667,3.0,8.0,0.5229656040268457,0.507828073089701
1.0,0.6666667,3.0,12.0,0.5229656040268457,0.507828073089701
1.0,0.6666667,3.0,20.0,0.5229656040268457,0.507828073089701
1.0,0.6666667,3.0,32.0,0.5229656040268457,0.507828073089701
1.0,0.6666667,3.0,50.0,0.5229656040268457,0.507828073089701
1.0,0.6666667,3.0,80.0,0.5229656040268457,0.507828073089701
1.0,0.6666667,3.0,128.0,0.5229656040268457,0.507828073089701
1.0,0.6666667,5.0,2.0,0.5229656040268457,0.507828073089701
1.0,0.6666667,5.0,3.0,0.5229656040268457,0.507828073089701
1.0,0.6666667,5.0,5.0,0.5229656040268457,0.507828073089701
1.0,0.6666667,5.0,8.0,0.5229656040268457,0.507828073089701
1.0,0.6666667,5.0,12.0,0.5229656040268457,0.507828073089701
1.0,0.6666667,5.0,20.0,0.5229656040268457,0.507828073089701
1.0,0.6666667,5.0,32.0,0.5229656040268457,0.507828073089701
1.0,0.6666667,5.0,50.0,0.5229656040268457,0.507828073089701
1.0,0.6666667,5.0,80.0,0.5229656040268457,0.507828073089701
1.0,0.6666667,5.0,128.0,0.5229656040268457,0.507828073089701
1.0,0.6666667,7.0,2.0,0.5229656040268457,0.507828073089701
1.0,0.6666667,7.0,3.0,0.5229656040268457,0.507828073089701
1.0,0.6666667,7.0,5.0,0.5229656040268457,0.507828073089701
1.0,0.6666667,7.0,8.0,0.5229656040268457,0.507828073089701
1.0,0.6666667,7.0,12.0,0.5229656040268457,0.507828073089701
1.0,0.6666667,7.0,20.0,0.5229656040268457,0.507828073089701
1.0,0.6666667,7.0,32.0,0.5229656040268457,0.507828073089701
1.0,0.6666667,7.0,50.0,0.5229656040268457,0.507828073089701
1.0,0.6666667,7.0,80.0,0.5229656040268457,0.507828073089701
1.0,0.6666667,7.0,128.0,0.5229656040268457,0.507828073089701
1.0,0.6666667,9.0,2.0,0.5229656040268457,0.507828073089701
1.0,0.6666667,9.0,3.0,0.5229656040268457,0.507828073089701
1.0,0.6666667,9.0,5.0,0.5229656040268457,0.507828073089701
1.0,0.6666667,9.0,8.0,0.5229656040268457,0.507828073089701
1.0,0.6666667,9.0,12.0,0.5229656040268457,0.507828073089701
1.0,0.6666667,9.0,20.0,0.5229656040268457,0.507828073089701
1.0,0.6666667,9.0,32.0,0.5229656040268457,0.507828073089701
1.0,0.6666667,9.0,50.0,0.5229656040268457,0.507828073089701
1.0,0.6666667,9.0,80.0,0.5229656040268457,0.507828073089701
1.0,0.6666667,9.0,128.0,0.5229656040268457,0.507828073089701
1.0,0.6666667,11.0,2.0,0.5229656040268457,0.507828073089701
1.0,0.6666667,11.0,3.0,0.5229656040268457,0.507828073089701
1.0,0.6666667,11.0,5.0,0.5229656040268457,0.507828073089701
1.0,0.6666667,11.0,8.0,0.5229656040268457,0.507828073089701
1.0,0.6666667,11.0,12.0,0.5229656040268457,0.507828073089701
1.0,0.6666667,11.0,20.0,0.5229656040268457,0.507828073089701
1.0,0.6666667,11.0,32.0,0.5229656040268457,0.507828073089701
1.0,0.6666667,11.0,50.0,0.5229656040268457,0.507828073089701
1.0,0.6666667,11.0,80.0,0.5229656040268457,0.507828073089701
1.0,0.6666667,11.0,128.0,0.5229656040268457,0.507828073089701
1.0,0.6666667,13.0,2.0,0.5229656040268457,0.507828073089701
1.0,0.6666667,13.0,3.0,0.5229656040268457,0.507828073089701
1.0,0.6666667,13.0,5.0,0.5229656040268457,0.507828073089701
1.0,0.6666667,13.0,8.0,0.5229656040268457,0.507828073089701
1.0,0.6666667,13.0,12.0,0.5229656040268457,0.507828073089701
1.0,0.6666667,13.0,20.0,0.5229656040268457,0.507828073089701
1.0,0.6666667,13.0,32.0,0.5229656040268457,0.507828073089701
1.0,0.6666667,13.0,50.0,0.5229656040268457,0.507828073089701
1.0,0.6666667,13.0,80.0,0.5229656040268457,0.507828073089701
1.0,0.6666667,13.0,128.0,0.5229656040268457,0.507828073089701
1.0,0.6666667,15.0,2.0,0.5229656040268457,0.507828073089701
1.0,0.6666667,15.0,3.0,0.5229656040268457,0.507828073089701
1.0,0.6666667,15.0,5.0,0.5229656040268457,0.507828073089701
1.0,0.6666667,15.0,8.0,0.5229656040268457,0.507828073089701
1.0,0.6666667,15.0,12.0,0.5229656040268457,0.507828073089701
1.0,0.6666667,15.0,20.0,0.5229656040268457,0.507828073089701
1.0,0.6666667,15.0,32.0,0.5229656040268457,0.507828073089701
1.0,0.6666667,15.0,50.0,0.5229656040268457,0.507828073089701
1.0,0.6666667,15.0,80.0,0.5229656040268457,0.507828073089701
1.0,0.6666667,15.0,128.0,0.5229656040268457,0.507828073089701
1.0,0.6666667,17.0,2.0,0.5229656040268457,0.507828073089701
1.0,0.6666667,17.0,3.0,0.5229656040268457,0.507828073089701
1.0,0.6666667,17.0,5.0,0.5229656040268457,0.507828073089701
1.0,0.6666667,17.0,8.0,0.5229656040268457,0.507828073089701
1.0,0.6666667,17.0,12.0,0.5229656040268457,0.507828073089701
1.0,0.6666667,17.0,20.0,0.5229656040268457,0.507828073089701
1.0,0.6666667,17.0,32.0,0.5229656040268457,0.507828073089701
1.0,0.6666667,17.0,50.0,0.5229656040268457,0.507828073089701
1.0,0.6666667,17.0,80.0,0.5229656040268457,0.507828073089701
1.0,0.6666667,17.0,128.0,0.5229656040268457,0.507828073089701
1.0,0.6666667,20.0,2.0,0.5229656040268457,0.507828073089701
1.0,0.6666667,20.0,3.0,0.5229656040268457,0.507828073089701
1.0,0.6666667,20.0,5.0,0.5229656040268457,0.507828073089701
1.0,0.6666667,20.0,8.0,0.5229656040268457,0.507828073089701
1.0,0.6666667,20.0,12.0,0.5229656040268457,0.507828073089701
1.0,0.6666667,20.0,20.0,0.5229656040268457,0.507828073089701
1.0,0.6666667,20.0,32.0,0.5229656040268457,0.507828073089701
1.0,0.6666667,20.0,50.0,0.5229656040268457,0.507828073089701
1.0,0.6666667,20.0,80.0,0.5229656040268457,0.507828073089701
1.0,0.6666667,20.0,128.0,0.5229656040268457,0.507828073089701
1.0,0.7777778,1.0,2.0,0.5222385346756152,0.5077242524916944
1.0,0.7777778,1.0,3.0,0.5222385346756152,0.5077242524916944
1.0,0.7777778,1.0,5.0,0.5222385346756152,0.5077242524916944
1.0,0.7777778,1.0,8.0,0.5222385346756152,0.5077242524916944
1.0,0.7777778,1.0,12.0,0.5222385346756152,0.5077242524916944
1.0,0.7777778,1.0,20.0,0.5222385346756152,0.5077242524916944
1.0,0.7777778,1.0,32.0,0.5222385346756152,0.5077242524916944
1.0,0.7777778,1.0,50.0,0.5222385346756152,0.5077242524916944
1.0,0.7777778,1.0,80.0,0.5222385346756152,0.5077242524916944
1.0,0.7777778,1.0,128.0,0.5222385346756152,0.5077242524916944
1.0,0.7777778,3.0,2.0,0.5222385346756152,0.5077242524916944
1.0,0.7777778,3.0,3.0,0.5222385346756152,0.5077242524916944
1.0,0.7777778,3.0,5.0,0.5222385346756152,0.5077242524916944
1.0,0.7777778,3.0,8.0,0.5222385346756152,0.5077242524916944
1.0,0.7777778,3.0,12.0,0.5222385346756152,0.5077242524916944
1.0,0.7777778,3.0,20.0,0.5222385346756152,0.5077242524916944
1.0,0.7777778,3.0,32.0,0.5222385346756152,0.5077242524916944
1.0,0.7777778,3.0,50.0,0.5222385346756152,0.5077242524916944
1.0,0.7777778,3.0,80.0,0.5222385346756152,0.5077242524916944
1.0,0.7777778,3.0,128.0,0.5222385346756152,0.5077242524916944
1.0,0.7777778,5.0,2.0,0.5222385346756152,0.5077242524916944
1.0,0.7777778,5.0,3.0,0.5222385346756152,0.5077242524916944
1.0,0.7777778,5.0,5.0,0.5222385346756152,0.5077242524916944
1.0,0.7777778,5.0,8.0,0.5222385346756152,0.5077242524916944
1.0,0.7777778,5.0,12.0,0.5222385346756152,0.5077242524916944
1.0,0.7777778,5.0,20.0,0.5222385346756152,0.5077242524916944
1.0,0.7777778,5.0,32.0,0.5222385346756152,0.5077242524916944
1.0,0.7777778,5.0,50.0,0.5222385346756152,0.5077242524916944
1.0,0.7777778,5.0,80.0,0.5222385346756152,0.5077242524916944
1.0,0.7777778,5.0,128.0,0.5222385346756152,0.5077242524916944
1.0,0.7777778,7.0,2.0,0.5222385346756152,0.5077242524916944
1.0,0.7777778,7.0,3.0,0.5222385346756152,0.5077242524916944
1.0,0.7777778,7.0,5.0,0.5222385346756152,0.5077242524916944
1.0,0.7777778,7.0,8.0,0.5222385346756152,0.5077242524916944
1.0,0.7777778,7.0,12.0,0.5222385346756152,0.5077242524916944
1.0,0.7777778,7.0,20.0,0.5222385346756152,0.5077242524916944
1.0,0.7777778,7.0,32.0,0.5222385346756152,0.5077242524916944
1.0,0.7777778,7.0,50.0,0.5222385346756152,0.5077242524916944
1.0,0.7777778,7.0,80.0,0.5222385346756152,0.5077242524916944
1.0,0.7777778,7.0,128.0,0.5222385346756152,0.5077242524916944
1.0,0.7777778,9.0,2.0,0.5222385346756152,0.5077242524916944
1.0,0.7777778,9.0,3.0,0.5222385346756152,0.5077242524916944
1.0,0.7777778,9.0,5.0,0.5222385346756152,0.5077242524916944
1.0,0.7777778,9.0,8.0,0.5222385346756152,0.5077242524916944
1.0,0.7777778,9.0,12.0,0.5222385346756152,0.5077242524916944
1.0,0.7777778,9.0,20.0,0.5222385346756152,0.5077242524916944
1.0,0.7777778,9.0,32.0,0.5222385346756152,0.5077242524916944
1.0,0.7777778,9.0,50.0,0.5222385346756152,0.5077242524916944
1.0,0.7777778,9.0,80.0,0.5222385346756152,0.5077242524916944
1.0,0.7777778,9.0,128.0,0.5222385346756152,0.5077242524916944
1.0,0.7777778,11.0,2.0,0.5222385346756152,0.5077242524916944
1.0,0.7777778,11.0,3.0,0.5222385346756152,0.5077242524916944
1.0,0.7777778,11.0,5.0,0.5222385346756152,0.5077242524916944
1.0,0.7777778,11.0,8.0,0.5222385346756152,0.5077242524916944
1.0,0.7777778,11.0,12.0,0.5222385346756152,0.5077242524916944
1.0,0.7777778,11.0,20.0,0.5222385346756152,0.5077242524916944
1.0,0.7777778,11.0,32.0,0.5222385346756152,0.5077242524916944
1.0,0.7777778,11.0,50.0,0.5222385346756152,0.5077242524916944
1.0,0.7777778,11.0,80.0,0.5222385346756152,0.5077242524916944
1.0,0.7777778,11.0,128.0,0.5222385346756152,0.5077242524916944
1.0,0.7777778,13.0,2.0,0.5222385346756152,0.5077242524916944
1.0,0.7777778,13.0,3.0,0.5222385346756152,0.5077242524916944
1.0,0.7777778,13.0,5.0,0.5222385346756152,0.5077242524916944
1.0,0.7777778,13.0,8.0,0.5222385346756152,0.5077242524916944
1.0,0.7777778,13.0,12.0,0.5222385346756152,0.5077242524916944
1.0,0.7777778,13.0,20.0,0.5222385346756152,0.5077242524916944
1.0,0.7777778,13.0,32.0,0.5222385346756152,0.5077242524916944
1.0,0.7777778,13.0,50.0,0.5222385346756152,0.5077242524916944
1.0,0.7777778,13.0,80.0,0.5222385346756152,0.5077242524916944
1.0,0.7777778,13.0,128.0,0.5222385346756152,0.5077242524916944
1.0,0.7777778,15.0,2.0,0.5222385346756152,0.5077242524916944
1.0,0.7777778,15.0,3.0,0.5222385346756152,0.5077242524916944
1.0,0.7777778,15.0,5.0,0.5222385346756152,0.5077242524916944
1.0,0.7777778,15.0,8.0,0.5222385346756152,0.5077242524916944
1.0,0.7777778,15.0,12.0,0.5222385346756152,0.5077242524916944
1.0,0.7777778,15.0,20.0,0.5222385346756152,0.5077242524916944
1.0,0.7777778,15.0,32.0,0.5222385346756152,0.5077242524916944
1.0,0.7777778,15.0,50.0,0.5222385346756152,0.5077242524916944
1.0,0.7777778,15.0,80.0,0.5222385346756152,0.5077242524916944
1.0,0.7777778,15.0,128.0,0.5222385346756152,0.5077242524916944
1.0,0.7777778,17.0,2.0,0.5222385346756152,0.5077242524916944
1.0,0.7777778,17.0,3.0,0.5222385346756152,0.5077242524916944
1.0,0.7777778,17.0,5.0,0.5222385346756152,0.5077242524916944
1.0,0.7777778,17.0,8.0,0.5222385346756152,0.5077242524916944
1.0,0.7777778,17.0,12.0,0.5222385346756152,0.5077242524916944
1.0,0.7777778,17.0,20.0,0.5222385346756152,0.5077242524916944
1.0,0.7777778,17.0,32.0,0.5222385346756152,0.5077242524916944
1.0,0.7777778,17.0,50.0,0.5222385346756152,0.5077242524916944
1.0,0.7777778,17.0,80.0,0.5222385346756152,0.5077242524916944
1.0,0.7777778,17.0,128.0,0.5222385346756152,0.5077242524916944
1.0,0.7777778,20.0,2.0,0.5222385346756152,0.5077242524916944
1.0,0.7777778,20.0,3.0,0.5222385346756152,0.5077242524916944
1.0,0.7777778,20.0,5.0,0.5222385346756152,0.5077242524916944
1.0,0.7777778,20.0,8.0,0.5222385346756152,0.5077242524916944
1.0,0.7777778,20.0,12.0,0.5222385346756152,0.5077242524916944
1.0,0.7777778,20.0,20.0,0.5222385346756152,0.5077242524916944
1.0,0.7777778,20.0,32.0,0.5222385346756152,0.5077242524916944
1.0,0.7777778,20.0,50.0,0.5222385346756152,0.5077242524916944
1.0,0.7777778,20.0,80.0,0.5222385346756152,0.5077242524916944
1.0,0.7777778,20.0,128.0,0.5222385346756152,0.5077242524916944
1.0,0.8888889,1.0,2.0,0.5207074944071588,0.5082225913621262
1.0,0.8888889,1.0,3.0,0.5207074944071588,0.5082225913621262
1.0,0.8888889,1.0,5.0,0.5207074944071588,0.5082225913621262
1.0,0.8888889,1.0,8.0,0.5207074944071588,0.5082225913621262
1.0,0.8888889,1.0,12.0,0.5207074944071588,0.5082225913621262
1.0,0.8888889,1.0,20.0,0.5207074944071588,0.5082225913621262
1.0,0.8888889,1.0,32.0,0.5207074944071588,0.5082225913621262
1.0,0.8888889,1.0,50.0,0.5207074944071588,0.5082225913621262
1.0,0.8888889,1.0,80.0,0.5207074944071588,0.5082225913621262
1.0,0.8888889,1.0,128.0,0.5207074944071588,0.5082225913621262
1.0,0.8888889,3.0,2.0,0.5207074944071588,0.5082225913621262
1.0,0.8888889,3.0,3.0,0.5207074944071588,0.5082225913621262
1.0,0.8888889,3.0,5.0,0.5207074944071588,0.5082225913621262
1.0,0.8888889,3.0,8.0,0.5207074944071588,0.5082225913621262
1.0,0.8888889,3.0,12.0,0.5207074944071588,0.5082225913621262
1.0,0.8888889,3.0,20.0,0.5207074944071588,0.5082225913621262
1.0,0.8888889,3.0,32.0,0.5207074944071588,0.5082225913621262
1.0,0.8888889,3.0,50.0,0.5207074944071588,0.5082225913621262
1.0,0.8888889,3.0,80.0,0.5207074944071588,0.5082225913621262
1.0,0.8888889,3.0,128.0,0.5207074944071588,0.5082225913621262
1.0,0.8888889,5.0,2.0,0.5207074944071588,0.5082225913621262
1.0,0.8888889,5.0,3.0,0.5207074944071588,0.5082225913621262
1.0,0.8888889,5.0,5.0,0.5207074944071588,0.5082225913621262
1.0,0.8888889,5.0,8.0,0.5207074944071588,0.5082225913621262
1.0,0.8888889,5.0,12.0,0.5207074944071588,0.5082225913621262
1.0,0.8888889,5.0,20.0,0.5207074944071588,0.5082225913621262
1.0,0.8888889,5.0,32.0,0.5207074944071588,0.5082225913621262
1.0,0.8888889,5.0,50.0,0.5207074944071588,0.5082225913621262
1.0,0.8888889,5.0,80.0,0.5207074944071588,0.5082225913621262
1.0,0.8888889,5.0,128.0,0.5207074944071588,0.5082225913621262
1.0,0.8888889,7.0,2.0,0.5207074944071588,0.5082225913621262
1.0,0.8888889,7.0,3.0,0.5207074944071588,0.5082225913621262
1.0,0.8888889,7.0,5.0,0.5207074944071588,0.5082225913621262
1.0,0.8888889,7.0,8.0,0.5207074944071588,0.5082225913621262
1.0,0.8888889,7.0,12.0,0.5207074944071588,0.5082225913621262
1.0,0.8888889,7.0,20.0,0.5207074944071588,0.5082225913621262
1.0,0.8888889,7.0,32.0,0.5207074944071588,0.5082225913621262
1.0,0.8888889,7.0,50.0,0.5207074944071588,0.5082225913621262
1.0,0.8888889,7.0,80.0,0.5207074944071588,0.5082225913621262
1.0,0.8888889,7.0,128.0,0.5207074944071588,0.5082225913621262
1.0,0.8888889,9.0,2.0,0.5207074944071588,0.5082225913621262
1.0,0.8888889,9.0,3.0,0.5207074944071588,0.5082225913621262
1.0,0.8888889,9.0,5.0,0.5207074944071588,0.5082225913621262
1.0,0.8888889,9.0,8.0,0.5207074944071588,0.5082225913621262
1.0,0.8888889,9.0,12.0,0.5207074944071588,0.5082225913621262
1.0,0.8888889,9.0,20.0,0.5207074944071588,0.5082225913621262
1.0,0.8888889,9.0,32.0,0.5207074944071588,0.5082225913621262
1.0,0.8888889,9.0,50.0,0.5207074944071588,0.5082225913621262
1.0,0.8888889,9.0,80.0,0.5207074944071588,0.5082225913621262
1.0,0.8888889,9.0,128.0,0.5207074944071588,0.5082225913621262
1.0,0.8888889,11.0,2.0,0.5207074944071588,0.5082225913621262
1.0,0.8888889,11.0,3.0,0.5207074944071588,0.5082225913621262
1.0,0.8888889,11.0,5.0,0.5207074944071588,0.5082225913621262
1.0,0.8888889,11.0,8.0,0.5207074944071588,0.5082225913621262
1.0,0.8888889,11.0,12.0,0.5207074944071588,0.5082225913621262
1.0,0.8888889,11.0,20.0,0.5207074944071588,0.5082225913621262
1.0,0.8888889,11.0,32.0,0.5207074944071588,0.5082225913621262
1.0,0.8888889,11.0,50.0,0.5207074944071588,0.5082225913621262
1.0,0.8888889,11.0,80.0,0.5207074944071588,0.5082225913621262
1.0,0.8888889,11.0,128.0,0.5207074944071588,0.5082225913621262
1.0,0.8888889,13.0,2.0,0.5207074944071588,0.5082225913621262
1.0,0.8888889,13.0,3.0,0.5207074944071588,0.5082225913621262
1.0,0.8888889,13.0,5.0,0.5207074944071588,0.5082225913621262
1.0,0.8888889,13.0,8.0,0.5207074944071588,0.5082225913621262
1.0,0.8888889,13.0,12.0,0.5207074944071588,0.5082225913621262
1.0,0.8888889,13.0,20.0,0.5207074944071588,0.5082225913621262
1.0,0.8888889,13.0,32.0,0.5207074944071588,0.5082225913621262
1.0,0.8888889,13.0,50.0,0.5207074944071588,0.5082225913621262
1.0,0.8888889,13.0,80.0,0.5207074944071588,0.5082225913621262
1.0,0.8888889,13.0,128.0,0.5207074944071588,0.5082225913621262
1.0,0.8888889,15.0,2.0,0.5207074944071588,0.5082225913621262
1.0,0.8888889,15.0,3.0,0.5207074944071588,0.5082225913621262
1.0,0.8888889,15.0,5.0,0.5207074944071588,0.5082225913621262
1.0,0.8888889,15.0,8.0,0.5207074944071588,0.5082225913621262
1.0,0.8888889,15.0,12.0,0.5207074944071588,0.5082225913621262
1.0,0.8888889,15.0,20.0,0.5207074944071588,0.5082225913621262
1.0,0.8888889,15.0,32.0,0.5207074944071588,0.5082225913621262
1.0,0.8888889,15.0,50.0,0.5207074944071588,0.5082225913621262
1.0,0.8888889,15.0,80.0,0.5207074944071588,0.5082225913621262
1.0,0.8888889,15.0,128.0,0.5207074944071588,0.5082225913621262
1.0,0.8888889,17.0,2.0,0.5207074944071588,0.5082225913621262
1.0,0.8888889,17.0,3.0,0.5207074944071588,0.5082225913621262
1.0,0.8888889,17.0,5.0,0.5207074944071588,0.5082225913621262
1.0,0.8888889,17.0,8.0,0.5207074944071588,0.5082225913621262
1.0,0.8888889,17.0,12.0,0.5207074944071588,0.5082225913621262
1.0,0.8888889,17.0,20.0,0.5207074944071588,0.5082225913621262
1.0,0.8888889,17.0,32.0,0.5207074944071588,0.5082225913621262
1.0,0.8888889,17.0,50.0,0.5207074944071588,0.5082225913621262
1.0,0.8888889,17.0,80.0,0.5207074944071588,0.5082225913621262
1.0,0.8888889,17.0,128.0,0.5207074944071588,0.5082225913621262
1.0,0.8888889,20.0,2.0,0.5207074944071588,0.5082225913621262
1.0,0.8888889,20.0,3.0,0.5207074944071588,0.5082225913621262
1.0,0.8888889,20.0,5.0,0.5207074944071588,0.5082225913621262
1.0,0.8888889,20.0,8.0,0.5207074944071588,0.5082225913621262
1.0,0.8888889,20.0,12.0,0.5207074944071588,0.5082225913621262
1.0,0.8888889,20.0,20.0,0.5207074944071588,0.5082225913621262
1.0,0.8888889,20.0,32.0,0.5207074944071588,0.5082225913621262
1.0,0.8888889,20.0,50.0,0.5207074944071588,0.5082225913621262
1.0,0.8888889,20.0,80.0,0.5207074944071588,0.5082225913621262
1.0,0.8888889,20.0,128.0,0.5207074944071588,0.5082225913621262
1.0,1.0,1.0,2.0,0.5193512304250559,0.5085755813953489
1.0,1.0,1.0,3.0,0.5193512304250559,0.5085755813953489
1.0,1.0,1.0,5.0,0.5193512304250559,0.5085755813953489
1.0,1.0,1.0,8.0,0.5193512304250559,0.5085755813953489
1.0,1.0,1.0,12.0,0.5193512304250559,0.5085755813953489
1.0,1.0,1.0,20.0,0.5193512304250559,0.5085755813953489
1.0,1.0,1.0,32.0,0.5193512304250559,0.5085755813953489
1.0,1.0,1.0,50.0,0.5193512304250559,0.5085755813953489
1.0,1.0,1.0,80.0,0.5193512304250559,0.5085755813953489
1.0,1.0,1.0,128.0,0.5193512304250559,0.5085755813953489
1.0,1.0,3.0,2.0,0.5193512304250559,0.5085755813953489
1.0,1.0,3.0,3.0,0.5193512304250559,0.5085755813953489
1.0,1.0,3.0,5.0,0.5193512304250559,0.5085755813953489
1.0,1.0,3.0,8.0,0.5193512304250559,0.5085755813953489
1.0,1.0,3.0,12.0,0.5193512304250559,0.5085755813953489
1.0,1.0,3.0,20.0,0.5193512304250559,0.5085755813953489
1.0,1.0,3.0,32.0,0.5193512304250559,0.5085755813953489
1.0,1.0,3.0,50.0,0.5193512304250559,0.5085755813953489
1.0,1.0,3.0,80.0,0.5193512304250559,0.5085755813953489
1.0,1.0,3.0,128.0,0.5193512304250559,0.5085755813953489
1.0,1.0,5.0,2.0,0.5193512304250559,0.5085755813953489
1.0,1.0,5.0,3.0,0.5193512304250559,0.5085755813953489
1.0,1.0,5.0,5.0,0.5193512304250559,0.5085755813953489
1.0,1.0,5.0,8.0,0.5193512304250559,0.5085755813953489
1.0,1.0,5.0,12.0,0.5193512304250559,0.5085755813953489
1.0,1.0,5.0,20.0,0.5193512304250559,0.5085755813953489
1.0,1.0,5.0,32.0,0.5193512304250559,0.5085755813953489
1.0,1.0,5.0,50.0,0.5193512304250559,0.5085755813953489
1.0,1.0,5.0,80.0,0.5193512304250559,0.5085755813953489
1.0,1.0,5.0,128.0,0.5193512304250559,0.5085755813953489
1.0,1.0,7.0,2.0,0.5193512304250559,0.5085755813953489
1.0,1.0,7.0,3.0,0.5193512304250559,0.5085755813953489
1.0,1.0,7.0,5.0,0.5193512304250559,0.5085755813953489
1.0,1.0,7.0,8.0,0.5193512304250559,0.5085755813953489
1.0,1.0,7.0,12.0,0.5193512304250559,0.5085755813953489
1.0,1.0,7.0,20.0,0.5193512304250559,0.5085755813953489
1.0,1.0,7.0,32.0,0.5193512304250559,0.5085755813953489
1.0,1.0,7.0,50.0,0.5193512304250559,0.5085755813953489
1.0,1.0,7.0,80.0,0.5193512304250559,0.5085755813953489
1.0,1.0,7.0,128.0,0.5193512304250559,0.5085755813953489
1.0,1.0,9.0,2.0,0.5193512304250559,0.5085755813953489
1.0,1.0,9.0,3.0,0.5193512304250559,0.5085755813953489
1.0,1.0,9.0,5.0,0.5193512304250559,0.5085755813953489
1.0,1.0,9.0,8.0,0.5193512304250559,0.5085755813953489
1.0,1.0,9.0,12.0,0.5193512304250559,0.5085755813953489
1.0,1.0,9.0,20.0,0.5193512304250559,0.5085755813953489
1.0,1.0,9.0,32.0,0.5193512304250559,0.5085755813953489
1.0,1.0,9.0,50.0,0.5193512304250559,0.5085755813953489
1.0,1.0,9.0,80.0,0.5193512304250559,0.5085755813953489
1.0,1.0,9.0,128.0,0.5193512304250559,0.5085755813953489
1.0,1.0,11.0,2.0,0.5193512304250559,0.5085755813953489
1.0,1.0,11.0,3.0,0.5193512304250559,0.5085755813953489
1.0,1.0,11.0,5.0,0.5193512304250559,0.5085755813953489
1.0,1.0,11.0,8.0,0.5193512304250559,0.5085755813953489
1.0,1.0,11.0,12.0,0.5193512304250559,0.5085755813953489
1.0,1.0,11.0,20.0,0.5193512304250559,0.5085755813953489
1.0,1.0,11.0,32.0,0.5193512304250559,0.5085755813953489
1.0,1.0,11.0,50.0,0.5193512304250559,0.5085755813953489
1.0,1.0,11.0,80.0,0.5193512304250559,0.5085755813953489
1.0,1.0,11.0,128.0,0.5193512304250559,0.5085755813953489
1.0,1.0,13.0,2.0,0.5193512304250559,0.5085755813953489
1.0,1.0,13.0,3.0,0.5193512304250559,0.5085755813953489
1.0,1.0,13.0,5.0,0.5193512304250559,0.5085755813953489
1.0,1.0,13.0,8.0,0.5193512304250559,0.5085755813953489
1.0,1.0,13.0,12.0,0.5193512304250559,0.5085755813953489
1.0,1.0,13.0,20.0,0.5193512304250559,0.5085755813953489
1.0,1.0,13.0,32.0,0.5193512304250559,0.5085755813953489
1.0,1.0,13.0,50.0,0.5193512304250559,0.5085755813953489
1.0,1.0,13.0,80.0,0.5193512304250559,0.5085755813953489
1.0,1.0,13.0,128.0,0.5193512304250559,0.5085755813953489
1.0,1.0,15.0,2.0,0.5193512304250559,0.5085755813953489
1.0,1.0,15.0,3.0,0.5193512304250559,0.5085755813953489
1.0,1.0,15.0,5.0,0.5193512304250559,0.5085755813953489
1.0,1.0,15.0,8.0,0.5193512304250559,0.5085755813953489
1.0,1.0,15.0,12.0,0.5193512304250559,0.5085755813953489
1.0,1.0,15.0,20.0,0.5193512304250559,0.5085755813953489
1.0,1.0,15.0,32.0,0.5193512304250559,0.5085755813953489
1.0,1.0,15.0,50.0,0.5193512304250559,0.5085755813953489
1.0,1.0,15.0,80.0,0.5193512304250559,0.5085755813953489
1.0,1.0,15.0,128.0,0.5193512304250559,0.5085755813953489
1.0,1.0,17.0,2.0,0.5193512304250559,0.5085755813953489
1.0,1.0,17.0,3.0,0.5193512304250559,0.5085755813953489
1.0,1.0,17.0,5.0,0.5193512304250559,0.5085755813953489
1.0,1.0,17.0,8.0,0.5193512304250559,0.5085755813953489
1.0,1.0,17.0,12.0,0.5193512304250559,0.5085755813953489
1.0,1.0,17.0,20.0,0.5193512304250559,0.5085755813953489
1.0,1.0,17.0,32.0,0.5193512304250559,0.5085755813953489
1.0,1.0,17.0,50.0,0.5193512304250559,0.5085755813953489
1.0,1.0,17.0,80.0,0.5193512304250559,0.5085755813953489
1.0,1.0,17.0,128.0,0.5193512304250559,0.5085755813953489
1.0,1.0,20.0,2.0,0.5193512304250559,0.5085755813953489
1.0,1.0,20.0,3.0,0.5193512304250559,0.5085755813953489
1.0,1.0,20.0,5.0,0.5193512304250559,0.5085755813953489
1.0,1.0,20.0,8.0,0.5193512304250559,0.5085755813953489
1.0,1.0,20.0,12.0,0.5193512304250559,0.5085755813953489
1.0,1.0,20.0,20.0,0.5193512304250559,0.5085755813953489
1.0,1.0,20.0,32.0,0.5193512304250559,0.5085755813953489
1.0,1.0,20.0,50.0,0.5193512304250559,0.5085755813953489
1.0,1.0,20.0,80.0,0.5193512304250559,0.5085755813953489
1.0,1.0,20.0,128.0,0.5193512304250559,0.5085755813953489
2.0,0.0,1.0,2.0,0.5269295302013423,0.5123961794019933
2.0,0.0,1.0,3.0,0.5269295302013423,0.5123961794019933
2.0,0.0,1.0,5.0,0.5269295302013423,0.5123961794019933
2.0,0.0,1.0,8.0,0.5269295302013423,0.5123961794019933
2.0,0.0,1.0,12.0,0.5269295302013423,0.5123961794019933
2.0,0.0,1.0,20.0,0.5269295302013423,0.5123961794019933
2.0,0.0,1.0,32.0,0.5269295302013423,0.5123961794019933
2.0,0.0,1.0,50.0,0.5269784675615213,0.512437707641196
2.0,0.0,1.0,80.0,0.526915548098434,0.512624584717608
2.0,0.0,1.0,128.0,0.5269994407158837,0.5123338870431894
2.0,0.0,3.0,2.0,0.5269714765100671,0.5123546511627908
2.0,0.0,3.0,3.0,0.5269714765100671,0.5123546511627908
2.0,0.0,3.0,5.0,0.5269714765100671,0.5123546511627908
2.0,0.0,3.0,8.0,0.5269714765100671,0.5123546511627908
2.0,0.0,3.0,12.0,0.5269714765100671,0.5123546511627908
2.0,0.0,3.0,20.0,0.5269714765100671,0.5123546511627908
2.0,0.0,3.0,32.0,0.5269714765100671,0.5123546511627908
2.0,0.0,3.0,50.0,0.5270134228187919,0.512375415282392
2.0,0.0,3.0,80.0,0.5269435123042505,0.5125830564784053
2.0,0.0,3.0,128.0,0.5269784675615213,0.5123338870431894
2.0,0.0,5.0,2.0,0.5269784675615212,0.5123546511627908
2.0,0.0,5.0,3.0,0.5269784675615212,0.5123546511627908
2.0,0.0,5.0,5.0,0.5269784675615212,0.5123546511627908
2.0,0.0,5.0,8.0,0.5269784675615212,0.5123546511627908
2.0,0.0,5.0,12.0,0.5269784675615212,0.5123546511627908
2.0,0.0,5.0,20.0,0.5269784675615212,0.5123546511627908
2.0,0.0,5.0,32.0,0.5269784675615212,0.5123546511627908
2.0,0.0,5.0,50.0,0.5270134228187919,0.5123961794019933
2.0,0.0,5.0,80.0,0.5269505033557047,0.512624584717608
2.0,0.0,5.0,128.0,0.526964485458613,0.512375415282392
2.0,0.0,7.0,2.0,0.5269924496644295,0.5123131229235881
2.0,0.0,7.0,3.0,0.5269924496644295,0.5123131229235881
2.0,0.0,7.0,5.0,0.5269924496644295,0.5123131229235881
2.0,0.0,7.0,8.0,0.5269924496644295,0.5123131229235881
2.0,0.0,7.0,12.0,0.5269924496644295,0.5123131229235881
2.0,0.0,7.0,20.0,0.5269924496644295,0.5123131229235881
2.0,0.0,7.0,32.0,0.5269924496644295,0.5123131229235881
2.0,0.0,7.0,50.0,0.5270413870246085,0.5123546511627908
2.0,0.0,7.0,80.0,0.526964485458613,0.512624584717608
2.0,0.0,7.0,128.0,0.5269714765100671,0.5123961794019933
2.0,0.0,9.0,2.0,0.5269714765100671,0.5122923588039867
2.0,0.0,9.0,3.0,0.5269714765100671,0.5122923588039867
2.0,0.0,9.0,5.0,0.5269714765100671,0.5122923588039867
2.0,0.0,9.0,8.0,0.5269714765100671,0.5122923588039867
2.0,0.0,9.0,12.0,0.5269714765100671,0.5122923588039867
2.0,0.0,9.0,20.0,0.5269714765100671,0.5122923588039867
2.0,0.0,9.0,32.0,0.5269714765100671,0.5122923588039867
2.0,0.0,9.0,50.0,0.5270553691275168,0.512375415282392
2.0,0.0,9.0,80.0,0.5269365212527963,0.5126453488372092
2.0,0.0,9.0,128.0,0.5269435123042505,0.5124169435215947
2.0,0.0,11.0,2.0,0.5269714765100671,0.5122508305647842
2.0,0.0,11.0,3.0,0.5269714765100671,0.5122508305647842
2.0,0.0,11.0,5.0,0.5269714765100671,0.5122508305647842
2.0,0.0,11.0,8.0,0.5269714765100671,0.5122508305647842
2.0,0.0,11.0,12.0,0.5269714765100671,0.5122508305647842
2.0,0.0,11.0,20.0,0.5269714765100671,0.5122508305647842
2.0,0.0,11.0,32.0,0.5269714765100671,0.5122508305647842
2.0,0.0,11.0,50.0,0.5270623601789709,0.5123546511627908
2.0,0.0,11.0,80.0,0.5269365212527964,0.512624584717608
2.0,0.0,11.0,128.0,0.5269365212527963,0.512375415282392
2.0,0.0,13.0,2.0,0.5269505033557047,0.5122715946843853
2.0,0.0,13.0,3.0,0.5269505033557047,0.5122715946843853
2.0,0.0,13.0,5.0,0.5269505033557047,0.5122715946843853
2.0,0.0,13.0,8.0,0.5269505033557047,0.5122715946843853
2.0,0.0,13.0,12.0,0.5269505033557047,0.5122715946843853
2.0,0.0,13.0,20.0,0.5269505033557047,0.5122715946843853
2.0,0.0,13.0,32.0,0.5269505033557047,0.5122715946843853
2.0,0.0,13.0,50.0,0.5270064317673377,0.512313122923588
2.0,0.0,13.0,80.0,0.5269225391498881,0.512624584717608
2.0,0.0,13.0,128.0,0.5269574944071589,0.5123338870431894
2.0,0.0,15.0,2.0,0.5269994407158837,0.5122300664451827
2.0,0.0,15.0,3.0,0.5269994407158837,0.5122300664451827
2.0,0.0,15.0,5.0,0.5269994407158837,0.5122300664451827
2.0,0.0,15.0,8.0,0.5269994407158837,0.5122300664451827
2.0,0.0,15.0,12.0,0.5269994407158837,0.5122300664451827
2.0,0.0,15.0,20.0,0.5269994407158837,0.5122300664451827
2.0,0.0,15.0,32.0,0.5269994407158837,0.5122300664451827
2.0,0.0,15.0,50.0,0.5270413870246086,0.5122923588039867
2.0,0.0,15.0,80.0,0.5268805928411633,0.5126038205980066
2.0,0.0,15.0,128.0,0.5269295302013423,0.512375415282392
2.0,0.0,17.0,2.0,0.5269574944071589,0.512313122923588
2.0,0.0,17.0,3.0,0.5269574944071589,0.512313122923588
2.0,0.0,17.0,5.0,0.5269574944071589,0.512313122923588
2.0,0.0,17.0,8.0,0.5269574944071589,0.512313122923588
2.0,0.0,17.0,12.0,0.5269574944071589,0.512313122923588
2.0,0.0,17.0,20.0,0.5269574944071589,0.512313122923588
2.0,0.0,17.0,32.0,0.5269574944071589,0.512313122923588
2.0,0.0,17.0,50.0,0.5269924496644295,0.5123546511627907
2.0,0.0,17.0,80.0,0.5268945749440717,0.512624584717608
2.0,0.0,17.0,128.0,0.5269225391498882,0.5123546511627908
2.0,0.0,20.0,2.0,0.5269994407158837,0.512250830564784
2.0,0.0,20.0,3.0,0.5269994407158837,0.512250830564784
2.0,0.0,20.0,5.0,0.5269994407158837,0.512250830564784
2.0,0.0,20.0,8.0,0.5269994407158837,0.512250830564784
2.0,0.0,20.0,12.0,0.5269994407158837,0.512250830564784
2.0,0.0,20.0,20.0,0.5269994407158837,0.512250830564784
2.0,0.0,20.0,32.0,0.5269994407158837,0.512250830564784
2.0,0.0,20.0,50.0,0.5269994407158837,0.512375415282392
2.0,0.0,20.0,80.0,0.5268945749440717,0.5126453488372092
2.0,0.0,20.0,128.0,0.5269225391498882,0.5125
2.0,0.11111111,1.0,2.0,0.5269295302013423,0.5123961794019933
2.0,0.11111111,1.0,3.0,0.5269295302013423,0.5123961794019933
2.0,0.11111111,1.0,5.0,0.5269295302013423,0.5123961794019933
2.0,0.11111111,1.0,8.0,0.5269295302013423,0.5123961794019933
2.0,0.11111111,1.0,12.0,0.5269295302013423,0.5123961794019933
2.0,0.11111111,1.0,20.0,0.5269295302013423,0.5123961794019933
2.0,0.11111111,1.0,32.0,0.5269295302013423,0.5123961794019933
2.0,0.11111111,1.0,50.0,0.5269784675615213,0.512437707641196
2.0,0.11111111,1.0,80.0,0.526915548098434,0.512624584717608
2.0,0.11111111,1.0,128.0,0.5269994407158837,0.5123338870431894
2.0,0.11111111,3.0,2.0,0.5269714765100671,0.5123546511627908
2.0,0.11111111,3.0,3.0,0.5269714765100671,0.5123546511627908
2.0,0.11111111,3.0,5.0,0.5269714765100671,0.5123546511627908
2.0,0.11111111,3.0,8.0,0.5269714765100671,0.5123546511627908
2.0,0.11111111,3.0,12.0,0.5269714765100671,0.5123546511627908
2.0,0.11111111,3.0,20.0,0.5269714765100671,0.5123546511627908
2.0,0.11111111,3.0,32.0,0.5269714765100671,0.5123546511627908
2.0,0.11111111,3.0,50.0,0.5270134228187919,0.512375415282392
2.0,0.11111111,3.0,80.0,0.5269435123042505,0.5125830564784053
2.0,0.11111111,3.0,128.0,0.5269784675615213,0.5123338870431894
2.0,0.11111111,5.0,2.0,0.5269784675615212,0.5123546511627908
2.0,0.11111111,5.0,3.0,0.5269784675615212,0.5123546511627908
2.0,0.11111111,5.0,5.0,0.5269784675615212,0.5123546511627908
2.0,0.11111111,5.0,8.0,0.5269784675615212,0.5123546511627908
2.0,0.11111111,5.0,12.0,0.5269784675615212,0.5123546511627908
2.0,0.11111111,5.0,20.0,0.5269784675615212,0.5123546511627908
2.0,0.11111111,5.0,32.0,0.5269784675615212,0.5123546511627908
2.0,0.11111111,5.0,50.0,0.5270134228187919,0.5123961794019933
2.0,0.11111111,5.0,80.0,0.5269505033557047,0.512624584717608
2.0,0.11111111,5.0,128.0,0.526964485458613,0.512375415282392
2.0,0.11111111,7.0,2.0,0.5269924496644295,0.5123131229235881
2.0,0.11111111,7.0,3.0,0.5269924496644295,0.5123131229235881
2.0,0.11111111,7.0,5.0,0.5269924496644295,0.5123131229235881
2.0,0.11111111,7.0,8.0,0.5269924496644295,0.5123131229235881
2.0,0.11111111,7.0,12.0,0.5269924496644295,0.5123131229235881
2.0,0.11111111,7.0,20.0,0.5269924496644295,0.5123131229235881
2.0,0.11111111,7.0,32.0,0.5269924496644295,0.5123131229235881
2.0,0.11111111,7.0,50.0,0.5270413870246085,0.5123546511627908
2.0,0.11111111,7.0,80.0,0.526964485458613,0.512624584717608
2.0,0.11111111,7.0,128.0,0.5269714765100671,0.5123961794019933
2.0,0.11111111,9.0,2.0,0.5269714765100671,0.5122923588039867
2.0,0.11111111,9.0,3.0,0.5269714765100671,0.5122923588039867
2.0,0.11111111,9.0,5.0,0.5269714765100671,0.5122923588039867
2.0,0.11111111,9.0,8.0,0.5269714765100671,0.5122923588039867
2.0,0.11111111,9.0,12.0,0.5269714765100671,0.5122923588039867
2.0,0.11111111,9.0,20.0,0.5269714765100671,0.5122923588039867
2.0,0.11111111,9.0,32.0,0.5269714765100671,0.5122923588039867
2.0,0.11111111,9.0,50.0,0.5270553691275168,0.512375415282392
2.0,0.11111111,9.0,80.0,0.5269365212527963,0.5126453488372092
2.0,0.11111111,9.0,128.0,0.5269435123042505,0.5124169435215947
2.0,0.11111111,11.0,2.0,0.5269714765100671,0.5122508305647842
2.0,0.11111111,11.0,3.0,0.5269714765100671,0.5122508305647842
2.0,0.11111111,11.0,5.0,0.5269714765100671,0.5122508305647842
2.0,0.11111111,11.0,8.0,0.5269714765100671,0.5122508305647842
2.0,0.11111111,11.0,12.0,0.5269714765100671,0.5122508305647842
2.0,0.11111111,11.0,20.0,0.5269714765100671,0.5122508305647842
2.0,0.11111111,11.0,32.0,0.5269714765100671,0.5122508305647842
2.0,0.11111111,11.0,50.0,0.5270623601789709,0.5123546511627908
2.0,0.11111111,11.0,80.0,0.5269365212527964,0.512624584717608
2.0,0.11111111,11.0,128.0,0.5269365212527963,0.512375415282392
2.0,0.11111111,13.0,2.0,0.5269505033557047,0.5122715946843853
2.0,0.11111111,13.0,3.0,0.5269505033557047,0.5122715946843853
2.0,0.11111111,13.0,5.0,0.5269505033557047,0.5122715946843853
2.0,0.11111111,13.0,8.0,0.5269505033557047,0.5122715946843853
2.0,0.11111111,13.0,12.0,0.5269505033557047,0.5122715946843853
2.0,0.11111111,13.0,20.0,0.5269505033557047,0.5122715946843853
2.0,0.11111111,13.0,32.0,0.5269505033557047,0.5122715946843853
2.0,0.11111111,13.0,50.0,0.5270064317673377,0.512313122923588
2.0,0.11111111,13.0,80.0,0.5269225391498881,0.512624584717608
2.0,0.11111111,13.0,128.0,0.5269574944071589,0.5123338870431894
2.0,0.11111111,15.0,2.0,0.5269994407158837,0.5122300664451827
2.0,0.11111111,15.0,3.0,0.5269994407158837,0.5122300664451827
2.0,0.11111111,15.0,5.0,0.5269994407158837,0.5122300664451827
2.0,0.11111111,15.0,8.0,0.5269994407158837,0.5122300664451827
2.0,0.11111111,15.0,12.0,0.5269994407158837,0.5122300664451827
2.0,0.11111111,15.0,20.0,0.5269994407158837,0.5122300664451827
2.0,0.11111111,15.0,32.0,0.5269994407158837,0.5122300664451827
2.0,0.11111111,15.0,50.0,0.5270413870246086,0.5122923588039867
2.0,0.11111111,15.0,80.0,0.5268805928411633,0.5126038205980066
2.0,0.11111111,15.0,128.0,0.5269295302013423,0.512375415282392
2.0,0.11111111,17.0,2.0,0.5269574944071589,0.512313122923588
2.0,0.11111111,17.0,3.0,0.5269574944071589,0.512313122923588
2.0,0.11111111,17.0,5.0,0.5269574944071589,0.512313122923588
2.0,0.11111111,17.0,8.0,0.5269574944071589,0.512313122923588
2.0,0.11111111,17.0,12.0,0.5269574944071589,0.512313122923588
2.0,0.11111111,17.0,20.0,0.5269574944071589,0.512313122923588
2.0,0.11111111,17.0,32.0,0.5269574944071589,0.512313122923588
2.0,0.11111111,17.0,50.0,0.5269924496644295,0.5123546511627907
2.0,0.11111111,17.0,80.0,0.5268945749440717,0.512624584717608
2.0,0.11111111,17.0,128.0,0.5269225391498882,0.5123546511627908
2.0,0.11111111,20.0,2.0,0.5269994407158837,0.512250830564784
2.0,0.11111111,20.0,3.0,0.5269994407158837,0.512250830564784
2.0,0.11111111,20.0,5.0,0.5269994407158837,0.512250830564784
2.0,0.11111111,20.0,8.0,0.5269994407158837,0.512250830564784
2.0,0.11111111,20.0,12.0,0.5269994407158837,0.512250830564784
2.0,0.11111111,20.0,20.0,0.5269994407158837,0.512250830564784
2.0,0.11111111,20.0,32.0,0.5269994407158837,0.512250830564784
2.0,0.11111111,20.0,50.0,0.5269994407158837,0.512375415282392
2.0,0.11111111,20.0,80.0,0.5268945749440717,0.5126453488372092
2.0,0.11111111,20.0,128.0,0.5269225391498882,0.5125
2.0,0.22222222,1.0,2.0,0.5280480984340045,0.5115448504983389
2.0,0.22222222,1.0,3.0,0.5280480984340045,0.5115448504983389
2.0,0.22222222,1.0,5.0,0.5280480984340045,0.5115448504983389
2.0,0.22222222,1.0,8.0,0.5280480984340045,0.5115448504983389
2.0,0.22222222,1.0,12.0,0.5280480984340045,0.5115448504983389
2.0,0.22222222,1.0,20.0,0.5280480984340045,0.5115448504983389
2.0,0.22222222,1.0,32.0,0.5280480984340045,0.5115448504983389
2.0,0.22222222,1.0,50.0,0.5280411073825503,0.5115240863787376
2.0,0.22222222,1.0,80.0,0.5280480984340045,0.5116279069767442
2.0,0.22222222,1.0,128.0,0.5280620805369127,0.5115240863787376
2.0,0.22222222,3.0,2.0,0.5280480984340045,0.5115448504983389
2.0,0.22222222,3.0,3.0,0.5280480984340045,0.5115448504983389
2.0,0.22222222,3.0,5.0,0.5280480984340045,0.5115448504983389
2.0,0.22222222,3.0,8.0,0.5280480984340045,0.5115448504983389
2.0,0.22222222,3.0,12.0,0.5280480984340045,0.5115448504983389
2.0,0.22222222,3.0,20.0,0.5280480984340045,0.5115448504983389
2.0,0.22222222,3.0,32.0,0.5280480984340045,0.5115448504983389
2.0,0.22222222,3.0,50.0,0.5280411073825503,0.5115240863787376
2.0,0.22222222,3.0,80.0,0.5280480984340045,0.5116279069767442
2.0,0.22222222,3.0,128.0,0.5280620805369127,0.5115240863787376
2.0,0.22222222,5.0,2.0,0.5280411073825503,0.5115448504983389
2.0,0.22222222,5.0,3.0,0.5280411073825503,0.5115448504983389
2.0,0.22222222,5.0,5.0,0.5280411073825503,0.5115448504983389
2.0,0.22222222,5.0,8.0,0.5280411073825503,0.5115448504983389
2.0,0.22222222,5.0,12.0,0.5280411073825503,0.5115448504983389
2.0,0.22222222,5.0,20.0,0.5280411073825503,0.5115448504983389
2.0,0.22222222,5.0,32.0,0.5280411073825503,0.5115448504983389
2.0,0.22222222,5.0,50.0,0.5280341163310962,0.5115240863787376
2.0,0.22222222,5.0,80.0,0.5280411073825503,0.5116279069767442
2.0,0.22222222,5.0,128.0,0.5280620805369127,0.5115240863787376
2.0,0.22222222,7.0,2.0,0.5280341163310962,0.5115240863787376
2.0,0.22222222,7.0,3.0,0.5280341163310962,0.5115240863787376
2.0,0.22222222,7.0,5.0,0.5280341163310962,0.5115240863787376
2.0,0.22222222,7.0,8.0,0.5280341163310962,0.5115240863787376
2.0,0.22222222,7.0,12.0,0.5280341163310962,0.5115240863787376
2.0,0.22222222,7.0,20.0,0.5280341163310962,0.5115240863787376
2.0,0.22222222,7.0,32.0,0.5280341163310962,0.5115240863787376
2.0,0.22222222,7.0,50.0,0.5280271252796421,0.5115033222591363
2.0,0.22222222,7.0,80.0,0.5280341163310962,0.5116279069767442
2.0,0.22222222,7.0,128.0,0.5280550894854585,0.5115240863787376
2.0,0.22222222,9.0,2.0,0.5280271252796421,0.5115240863787376
2.0,0.22222222,9.0,3.0,0.5280271252796421,0.5115240863787376
2.0,0.22222222,9.0,5.0,0.5280271252796421,0.5115240863787376
2.0,0.22222222,9.0,8.0,0.5280271252796421,0.5115240863787376
2.0,0.22222222,9.0,12.0,0.5280271252796421,0.5115240863787376
2.0,0.22222222,9.0,20.0,0.5280271252796421,0.5115240863787376
2.0,0.22222222,9.0,32.0,0.5280271252796421,0.5115240863787376
2.0,0.22222222,9.0,50.0,0.5280201342281879,0.5115033222591363
2.0,0.22222222,9.0,80.0,0.5280341163310962,0.5116279069767442
2.0,0.22222222,9.0,128.0,0.5280550894854585,0.5115240863787376
2.0,0.22222222,11.0,2.0,0.5280550894854587,0.5115240863787376
2.0,0.22222222,11.0,3.0,0.5280550894854587,0.5115240863787376
2.0,0.22222222,11.0,5.0,0.5280550894854587,0.5115240863787376
2.0,0.22222222,11.0,8.0,0.5280550894854587,0.5115240863787376
2.0,0.22222222,11.0,12.0,0.5280550894854587,0.5115240863787376
2.0,0.22222222,11.0,20.0,0.5280550894854587,0.5115240863787376
2.0,0.22222222,11.0,32.0,0.5280550894854587,0.5115240863787376
2.0,0.22222222,11.0,50.0,0.5280480984340045,0.5115033222591363
2.0,0.22222222,11.0,80.0,0.5280411073825503,0.5116071428571429
2.0,0.22222222,11.0,128.0,0.5280620805369127,0.5115033222591363
2.0,0.22222222,13.0,2.0,0.5280550894854585,0.5114825581395349
2.0,0.22222222,13.0,3.0,0.5280550894854585,0.5114825581395349
2.0,0.22222222,13.0,5.0,0.5280550894854585,0.5114825581395349
2.0,0.22222222,13.0,8.0,0.5280550894854585,0.5114825581395349
2.0,0.22222222,13.0,12.0,0.5280550894854585,0.5114825581395349
2.0,0.22222222,13.0,20.0,0.5280550894854585,0.5114825581395349
2.0,0.22222222,13.0,32.0,0.5280550894854585,0.5114825581395349
2.0,0.22222222,13.0,50.0,0.5280341163310962,0.5114617940199336
2.0,0.22222222,13.0,80.0,0.5280341163310962,0.5115863787375415
2.0,0.22222222,13.0,128.0,0.5280620805369127,0.5114410299003322
2.0,0.22222222,15.0,2.0,0.5280620805369127,0.5114825581395349
2.0,0.22222222,15.0,3.0,0.5280620805369127,0.5114825581395349
2.0,0.22222222,15.0,5.0,0.5280620805369127,0.5114825581395349
2.0,0.22222222,15.0,8.0,0.5280620805369127,0.5114825581395349
2.0,0.22222222,15.0,12.0,0.5280620805369127,0.5114825581395349
2.0,0.22222222,15.0,20.0,0.5280620805369127,0.5114825581395349
2.0,0.22222222,15.0,32.0,0.5280620805369127,0.5114825581395349
2.0,0.22222222,15.0,50.0,0.5280341163310962,0.5114617940199336
2.0,0.22222222,15.0,80.0,0.5280480984340045,0.5115863787375415
2.0,0.22222222,15.0,128.0,0.5280900447427292,0.5114410299003322
2.0,0.22222222,17.0,2.0,0.5280690715883669,0.5115033222591363
2.0,0.22222222,17.0,3.0,0.5280690715883669,0.5115033222591363
2.0,0.22222222,17.0,5.0,0.5280690715883669,0.5115033222591363
2.0,0.22222222,17.0,8.0,0.5280690715883669,0.5115033222591363
2.0,0.22222222,17.0,12.0,0.5280690715883669,0.5115033222591363
2.0,0.22222222,17.0,20.0,0.5280690715883669,0.5115033222591363
2.0,0.22222222,17.0,32.0,0.5280690715883669,0.5115033222591363
2.0,0.22222222,17.0,50.0,0.5280411073825503,0.5114825581395349
2.0,0.22222222,17.0,80.0,0.5280341163310962,0.5115656146179403
2.0,0.22222222,17.0,128.0,0.5280690715883669,0.511420265780731
2.0,0.22222222,20.0,2.0,0.5280690715883669,0.5115033222591363
2.0,0.22222222,20.0,3.0,0.5280690715883669,0.5115033222591363
2.0,0.22222222,20.0,5.0,0.5280690715883669,0.5115033222591363
2.0,0.22222222,20.0,8.0,0.5280690715883669,0.5115033222591363
2.0,0.22222222,20.0,12.0,0.5280690715883669,0.5115033222591363
2.0,0.22222222,20.0,20.0,0.5280690715883669,0.5115033222591363
2.0,0.22222222,20.0,32.0,0.5280690715883669,0.5115033222591363
2.0,0.22222222,20.0,50.0,0.5280480984340045,0.5114825581395349
2.0,0.22222222,20.0,80.0,0.5280550894854585,0.5115863787375415
2.0,0.22222222,20.0,128.0,0.5280830536912752,0.511420265780731
2.0,0.33333334,1.0,2.0,0.5276426174496645,0.5105274086378737
2.0,0.33333334,1.0,3.0,0.5276426174496645,0.5105274086378737
2.0,0.33333334,1.0,5.0,0.5276426174496645,0.5105274086378737
2.0,0.33333334,1.0,8.0,0.5276426174496645,0.5105274086378737
2.0,0.33333334,1.0,12.0,0.5276426174496645,0.5105274086378737
2.0,0.33333334,1.0,20.0,0.5276426174496645,0.5105274086378737
2.0,0.33333334,1.0,32.0,0.5276426174496645,0.5105274086378737
2.0,0.33333334,1.0,50.0,0.5276426174496645,0.5105274086378737
2.0,0.33333334,1.0,80.0,0.5276286353467562,0.5105066445182724
2.0,0.33333334,1.0,128.0,0.5276565995525727,0.5104651162790698
2.0,0.33333334,3.0,2.0,0.5276426174496645,0.5105274086378737
2.0,0.33333334,3.0,3.0,0.5276426174496645,0.5105274086378737
2.0,0.33333334,3.0,5.0,0.5276426174496645,0.5105274086378737
2.0,0.33333334,3.0,8.0,0.5276426174496645,0.5105274086378737
2.0,0.33333334,3.0,12.0,0.5276426174496645,0.5105274086378737
2.0,0.33333334,3.0,20.0,0.5276426174496645,0.5105274086378737
2.0,0.33333334,3.0,32.0,0.5276426174496645,0.5105274086378737
2.0,0.33333334,3.0,50.0,0.5276426174496645,0.5105274086378737
2.0,0.33333334,3.0,80.0,0.5276286353467562,0.5105066445182724
2.0,0.33333334,3.0,128.0,0.5276565995525727,0.5104651162790698
2.0,0.33333334,5.0,2.0,0.5276426174496645,0.5105274086378737
2.0,0.33333334,5.0,3.0,0.5276426174496645,0.5105274086378737
2.0,0.33333334,5.0,5.0,0.5276426174496645,0.5105274086378737
2.0,0.33333334,5.0,8.0,0.5276426174496645,0.5105274086378737
2.0,0.33333334,5.0,12.0,0.5276426174496645,0.5105274086378737
2.0,0.33333334,5.0,20.0,0.5276426174496645,0.5105274086378737
2.0,0.33333334,5.0,32.0,0.5276426174496645,0.5105274086378737
2.0,0.33333334,5.0,50.0,0.5276426174496645,0.5105274086378737
2.0,0.33333334,5.0,80.0,0.5276286353467562,0.5105066445182724
2.0,0.33333334,5.0,128.0,0.5276565995525727,0.5104651162790698
2.0,0.33333334,7.0,2.0,0.5276426174496645,0.5105274086378737
2.0,0.33333334,7.0,3.0,0.5276426174496645,0.5105274086378737
2.0,0.33333334,7.0,5.0,0.5276426174496645,0.5105274086378737
2.0,0.33333334,7.0,8.0,0.5276426174496645,0.5105274086378737
2.0,0.33333334,7.0,12.0,0.5276426174496645,0.5105274086378737
2.0,0.33333334,7.0,20.0,0.5276426174496645,0.5105274086378737
2.0,0.33333334,7.0,32.0,0.5276426174496645,0.5105274086378737
2.0,0.33333334,7.0,50.0,0.5276426174496645,0.5105274086378737
2.0,0.33333334,7.0,80.0,0.5276286353467562,0.5105066445182724
2.0,0.33333334,7.0,128.0,0.5276565995525727,0.5104651162790698
2.0,0.33333334,9.0,2.0,0.5276496085011185,0.5105274086378737
2.0,0.33333334,9.0,3.0,0.5276496085011185,0.5105274086378737
2.0,0.33333334,9.0,5.0,0.5276496085011185,0.5105274086378737
2.0,0.33333334,9.0,8.0,0.5276496085011185,0.5105274086378737
2.0,0.33333334,9.0,12.0,0.5276496085011185,0.5105274086378737
2.0,0.33333334,9.0,20.0,0.5276496085011185,0.5105274086378737
2.0,0.33333334,9.0,32.0,0.5276496085011185,0.5105274086378737
2.0,0.33333334,9.0,50.0,0.5276496085011185,0.5105274086378737
2.0,0.33333334,9.0,80.0,0.5276356263982104,0.5105066445182724
2.0,0.33333334,9.0,128.0,0.5276565995525727,0.5104651162790698
2.0,0.33333334,11.0,2.0,0.5276426174496645,0.5105274086378737
2.0,0.33333334,11.0,3.0,0.5276426174496645,0.5105274086378737
2.0,0.33333334,11.0,5.0,0.5276426174496645,0.5105274086378737
2.0,0.33333334,11.0,8.0,0.5276426174496645,0.5105274086378737
2.0,0.33333334,11.0,12.0,0.5276426174496645,0.5105274086378737
2.0,0.33333334,11.0,20.0,0.5276426174496645,0.5105274086378737
2.0,0.33333334,11.0,32.0,0.5276426174496645,0.5105274086378737
2.0,0.33333334,11.0,50.0,0.5276426174496645,0.5105274086378737
2.0,0.33333334,11.0,80.0,0.5276286353467562,0.5105066445182724
2.0,0.33333334,11.0,128.0,0.5276496085011185,0.5104651162790698
2.0,0.33333334,13.0,2.0,0.5276565995525727,0.5105481727574751
2.0,0.33333334,13.0,3.0,0.5276565995525727,0.5105481727574751
2.0,0.33333334,13.0,5.0,0.5276565995525727,0.5105481727574751
2.0,0.33333334,13.0,8.0,0.5276565995525727,0.5105481727574751
2.0,0.33333334,13.0,12.0,0.5276565995525727,0.5105481727574751
2.0,0.33333334,13.0,20.0,0.5276565995525727,0.5105481727574751
2.0,0.33333334,13.0,32.0,0.5276565995525727,0.5105481727574751
2.0,0.33333334,13.0,50.0,0.5276565995525727,0.5105481727574751
2.0,0.33333334,13.0,80.0,0.5276426174496645,0.5105274086378737
2.0,0.33333334,13.0,128.0,0.5276635906040268,0.5104858803986712
2.0,0.33333334,15.0,2.0,0.5276356263982103,0.5105689368770764
2.0,0.33333334,15.0,3.0,0.5276356263982103,0.5105689368770764
2.0,0.33333334,15.0,5.0,0.5276356263982103,0.5105689368770764
2.0,0.33333334,15.0,8.0,0.5276356263982103,0.5105689368770764
2.0,0.33333334,15.0,12.0,0.5276356263982103,0.5105689368770764
2.0,0.33333334,15.0,20.0,0.5276356263982103,0.5105689368770764
2.0,0.33333334,15.0,32.0,0.5276356263982103,0.5105689368770764
2.0,0.33333334,15.0,50.0,0.5276356263982103,0.5105689368770764
2.0,0.33333334,15.0,80.0,0.5276146532438479,0.5105481727574751
2.0,0.33333334,15.0,128.0,0.5276426174496645,0.5105066445182724
2.0,0.33333334,17.0,2.0,0.527621644295302,0.5105689368770764
2.0,0.33333334,17.0,3.0,0.527621644295302,0.5105689368770764
2.0,0.33333334,17.0,5.0,0.527621644295302,0.5105689368770764
2.0,0.33333334,17.0,8.0,0.527621644295302,0.5105689368770764
2.0,0.33333334,17.0,12.0,0.527621644295302,0.5105689368770764
2.0,0.33333334,17.0,20.0,0.527621644295302,0.5105689368770764
2.0,0.33333334,17.0,32.0,0.527621644295302,0.5105689368770764
2.0,0.33333334,17.0,50.0,0.527621644295302,0.5105689368770764
2.0,0.33333334,17.0,80.0,0.5276076621923937,0.5105481727574751
2.0,0.33333334,17.0,128.0,0.5276356263982103,0.5105066445182724
2.0,0.33333334,20.0,2.0,0.5275587248322148,0.5105066445182724
2.0,0.33333334,20.0,3.0,0.5275587248322148,0.5105066445182724
2.0,0.33333334,20.0,5.0,0.5275587248322148,0.5105066445182724
2.0,0.33333334,20.0,8.0,0.5275587248322148,0.5105066445182724
2.0,0.33333334,20.0,12.0,0.5275587248322148,0.5105066445182724
2.0,0.33333334,20.0,20.0,0.5275587248322148,0.5105066445182724
2.0,0.33333334,20.0,32.0,0.5275587248322148,0.5105066445182724
2.0,0.33333334,20.0,50.0,0.5275587248322148,0.5105066445182724
2.0,0.33333334,20.0,80.0,0.5276006711409396,0.5105481727574751
2.0,0.33333334,20.0,128.0,0.5275796979865772,0.5105066445182724
2.0,0.44444445,1.0,2.0,0.5279082774049216,0.5116071428571429
2.0,0.44444445,1.0,3.0,0.5279082774049216,0.5116071428571429
2.0,0.44444445,1.0,5.0,0.5279082774049216,0.5116071428571429
2.0,0.44444445,1.0,8.0,0.5279082774049216,0.5116071428571429
2.0,0.44444445,1.0,12.0,0.5279082774049216,0.5116071428571429
2.0,0.44444445,1.0,20.0,0.5279082774049216,0.5116071428571429
2.0,0.44444445,1.0,32.0,0.5279082774049216,0.5116071428571429
2.0,0.44444445,1.0,50.0,0.5279082774049216,0.5116071428571429
2.0,0.44444445,1.0,80.0,0.5279572147651006,0.5116279069767442
2.0,0.44444445,1.0,128.0,0.5279362416107383,0.5117109634551495
2.0,0.44444445,3.0,2.0,0.5279082774049216,0.5116071428571429
2.0,0.44444445,3.0,3.0,0.5279082774049216,0.5116071428571429
2.0,0.44444445,3.0,5.0,0.5279082774049216,0.5116071428571429
2.0,0.44444445,3.0,8.0,0.5279082774049216,0.5116071428571429
2.0,0.44444445,3.0,12.0,0.5279082774049216,0.5116071428571429
2.0,0.44444445,3.0,20.0,0.5279082774049216,0.5116071428571429
2.0,0.44444445,3.0,32.0,0.5279082774049216,0.5116071428571429
2.0,0.44444445,3.0,50.0,0.5279082774049216,0.5116071428571429
2.0,0.44444445,3.0,80.0,0.5279572147651006,0.5116279069767442
2.0,0.44444445,3.0,128.0,0.5279362416107383,0.5117109634551495
2.0,0.44444445,5.0,2.0,0.5279082774049216,0.5116071428571429
2.0,0.44444445,5.0,3.0,0.5279082774049216,0.5116071428571429
2.0,0.44444445,5.0,5.0,0.5279082774049216,0.5116071428571429
2.0,0.44444445,5.0,8.0,0.5279082774049216,0.5116071428571429
2.0,0.44444445,5.0,12.0,0.5279082774049216,0.5116071428571429
2.0,0.44444445,5.0,20.0,0.5279082774049216,0.5116071428571429
2.0,0.44444445,5.0,32.0,0.5279082774049216,0.5116071428571429
2.0,0.44444445,5.0,50.0,0.5279082774049216,0.5116071428571429
2.0,0.44444445,5.0,80.0,0.5279572147651006,0.5116279069767442
2.0,0.44444445,5.0,128.0,0.5279362416107383,0.5117109634551495
2.0,0.44444445,7.0,2.0,0.5279082774049216,0.5116071428571429
2.0,0.44444445,7.0,3.0,0.5279082774049216,0.5116071428571429
2.0,0.44444445,7.0,5.0,0.5279082774049216,0.5116071428571429
2.0,0.44444445,7.0,8.0,0.5279082774049216,0.5116071428571429
2.0,0.44444445,7.0,12.0,0.5279082774049216,0.5116071428571429
2.0,0.44444445,7.0,20.0,0.5279082774049216,0.5116071428571429
2.0,0.44444445,7.0,32.0,0.5279082774049216,0.5116071428571429
2.0,0.44444445,7.0,50.0,0.5279082774049216,0.5116071428571429
2.0,0.44444445,7.0,80.0,0.5279572147651006,0.5116279069767442
2.0,0.44444445,7.0,128.0,0.5279362416107383,0.5117109634551495
2.0,0.44444445,9.0,2.0,0.5279012863534676,0.5116071428571429
2.0,0.44444445,9.0,3.0,0.5279012863534676,0.5116071428571429
2.0,0.44444445,9.0,5.0,0.5279012863534676,0.5116071428571429
2.0,0.44444445,9.0,8.0,0.5279012863534676,0.5116071428571429
2.0,0.44444445,9.0,12.0,0.5279012863534676,0.5116071428571429
2.0,0.44444445,9.0,20.0,0.5279012863534676,0.5116071428571429
2.0,0.44444445,9.0,32.0,0.5279012863534676,0.5116071428571429
2.0,0.44444445,9.0,50.0,0.5279012863534676,0.5116071428571429
2.0,0.44444445,9.0,80.0,0.5279502237136465,0.5116279069767442
2.0,0.44444445,9.0,128.0,0.5279292505592841,0.5117109634551495
2.0,0.44444445,11.0,2.0,0.5279012863534676,0.5116071428571429
2.0,0.44444445,11.0,3.0,0.5279012863534676,0.5116071428571429
2.0,0.44444445,11.0,5.0,0.5279012863534676,0.5116071428571429
2.0,0.44444445,11.0,8.0,0.5279012863534676,0.5116071428571429
2.0,0.44444445,11.0,12.0,0.5279012863534676,0.5116071428571429
2.0,0.44444445,11.0,20.0,0.5279012863534676,0.5116071428571429
2.0,0.44444445,11.0,32.0,0.5279012863534676,0.5116071428571429
2.0,0.44444445,11.0,50.0,0.5279012863534676,0.5116071428571429
2.0,0.44444445,11.0,80.0,0.5279502237136465,0.5116279069767442
2.0,0.44444445,11.0,128.0,0.5279292505592841,0.5117109634551495
2.0,0.44444445,13.0,2.0,0.5279012863534676,0.5116071428571429
2.0,0.44444445,13.0,3.0,0.5279012863534676,0.5116071428571429
2.0,0.44444445,13.0,5.0,0.5279012863534676,0.5116071428571429
2.0,0.44444445,13.0,8.0,0.5279012863534676,0.5116071428571429
2.0,0.44444445,13.0,12.0,0.5279012863534676,0.5116071428571429
2.0,0.44444445,13.0,20.0,0.5279012863534676,0.5116071428571429
2.0,0.44444445,13.0,32.0,0.5279012863534676,0.5116071428571429
2.0,0.44444445,13.0,50.0,0.5279012863534676,0.5116071428571429
2.0,0.44444445,13.0,80.0,0.5279502237136465,0.5116279069767442
2.0,0.44444445,13.0,128.0,0.5279292505592841,0.5117109634551495
2.0,0.44444445,15.0,2.0,0.527873322147651,0.5115448504983389
2.0,0.44444445,15.0,3.0,0.527873322147651,0.5115448504983389
2.0,0.44444445,15.0,5.0,0.527873322147651,0.5115448504983389
2.0,0.44444445,15.0,8.0,0.527873322147651,0.5115448504983389
2.0,0.44444445,15.0,12.0,0.527873322147651,0.5115448504983389
2.0,0.44444445,15.0,20.0,0.527873322147651,0.5115448504983389
2.0,0.44444445,15.0,32.0,0.527873322147651,0.5115448504983389
2.0,0.44444445,15.0,50.0,0.527873322147651,0.5115448504983389
2.0,0.44444445,15.0,80.0,0.5279222595078299,0.5115656146179403
2.0,0.44444445,15.0,128.0,0.5279012863534676,0.5116486710963455
2.0,0.44444445,17.0,2.0,0.5278873042505593,0.5115656146179403
2.0,0.44444445,17.0,3.0,0.5278873042505593,0.5115656146179403
2.0,0.44444445,17.0,5.0,0.5278873042505593,0.5115656146179403
2.0,0.44444445,17.0,8.0,0.5278873042505593,0.5115656146179403
2.0,0.44444445,17.0,12.0,0.5278873042505593,0.5115656146179403
2.0,0.44444445,17.0,20.0,0.5278873042505593,0.5115656146179403
2.0,0.44444445,17.0,32.0,0.5278873042505593,0.5115656146179403
2.0,0.44444445,17.0,50.0,0.5278873042505593,0.5115656146179403
2.0,0.44444445,17.0,80.0,0.5279292505592841,0.5115863787375415
2.0,0.44444445,17.0,128.0,0.5279222595078299,0.5116486710963455
2.0,0.44444445,20.0,2.0,0.5279152684563758,0.5116071428571429
2.0,0.44444445,20.0,3.0,0.5279152684563758,0.5116071428571429
2.0,0.44444445,20.0,5.0,0.5279152684563758,0.5116071428571429
2.0,0.44444445,20.0,8.0,0.5279152684563758,0.5116071428571429
2.0,0.44444445,20.0,12.0,0.5279152684563758,0.5116071428571429
2.0,0.44444445,20.0,20.0,0.5279152684563758,0.5116071428571429
2.0,0.44444445,20.0,32.0,0.5279152684563758,0.5116071428571429
2.0,0.44444445,20.0,50.0,0.5279152684563758,0.5116071428571429
2.0,0.44444445,20.0,80.0,0.5279572147651006,0.5116279069767442
2.0,0.44444445,20.0,128.0,0.5279572147651006,0.5117109634551495
2.0,0.5555556,1.0,2.0,0.5271812080536913,0.5105274086378737
2.0,0.5555556,1.0,3.0,0.5271812080536913,0.5105274086378737
2.0,0.5555556,1.0,5.0,0.5271812080536913,0.5105274086378737
2.0,0.5555556,1.0,8.0,0.5271812080536913,0.5105274086378737
2.0,0.5555556,1.0,12.0,0.5271812080536913,0.5105274086378737
2.0,0.5555556,1.0,20.0,0.5271812080536913,0.5105274086378737
2.0,0.5555556,1.0,32.0,0.5271812080536913,0.5105274086378737
2.0,0.5555556,1.0,50.0,0.5271812080536913,0.5105274086378737
2.0,0.5555556,1.0,80.0,0.5271812080536913,0.5105274086378737
2.0,0.5555556,1.0,128.0,0.5271812080536913,0.5105274086378737
2.0,0.5555556,3.0,2.0,0.5271812080536913,0.5105274086378737
2.0,0.5555556,3.0,3.0,0.5271812080536913,0.5105274086378737
2.0,0.5555556,3.0,5.0,0.5271812080536913,0.5105274086378737
2.0,0.5555556,3.0,8.0,0.5271812080536913,0.5105274086378737
2.0,0.5555556,3.0,12.0,0.5271812080536913,0.5105274086378737
2.0,0.5555556,3.0,20.0,0.5271812080536913,0.5105274086378737
2.0,0.5555556,3.0,32.0,0.5271812080536913,0.5105274086378737
2.0,0.5555556,3.0,50.0,0.5271812080536913,0.5105274086378737
2.0,0.5555556,3.0,80.0,0.5271812080536913,0.5105274086378737
2.0,0.5555556,3.0,128.0,0.5271812080536913,0.5105274086378737
2.0,0.5555556,5.0,2.0,0.5271881991051454,0.5105066445182724
2.0,0.5555556,5.0,3.0,0.5271881991051454,0.5105066445182724
2.0,0.5555556,5.0,5.0,0.5271881991051454,0.5105066445182724
2.0,0.5555556,5.0,8.0,0.5271881991051454,0.5105066445182724
2.0,0.5555556,5.0,12.0,0.5271881991051454,0.5105066445182724
2.0,0.5555556,5.0,20.0,0.5271881991051454,0.5105066445182724
2.0,0.5555556,5.0,32.0,0.5271881991051454,0.5105066445182724
2.0,0.5555556,5.0,50.0,0.5271881991051454,0.5105066445182724
2.0,0.5555556,5.0,80.0,0.5271881991051454,0.5105066445182724
2.0,0.5555556,5.0,128.0,0.5271881991051454,0.5105066445182724
2.0,0.5555556,7.0,2.0,0.5271881991051454,0.5105066445182724
2.0,0.5555556,7.0,3.0,0.5271881991051454,0.5105066445182724
2.0,0.5555556,7.0,5.0,0.5271881991051454,0.5105066445182724
2.0,0.5555556,7.0,8.0,0.5271881991051454,0.5105066445182724
2.0,0.5555556,7.0,12.0,0.5271881991051454,0.5105066445182724
2.0,0.5555556,7.0,20.0,0.5271881991051454,0.5105066445182724
2.0,0.5555556,7.0,32.0,0.5271881991051454,0.5105066445182724
2.0,0.5555556,7.0,50.0,0.5271881991051454,0.5105066445182724
2.0,0.5555556,7.0,80.0,0.5271881991051454,0.5105066445182724
2.0,0.5555556,7.0,128.0,0.5271881991051454,0.5105066445182724
2.0,0.5555556,9.0,2.0,0.5271881991051454,0.5105066445182724
2.0,0.5555556,9.0,3.0,0.5271881991051454,0.5105066445182724
2.0,0.5555556,9.0,5.0,0.5271881991051454,0.5105066445182724
2.0,0.5555556,9.0,8.0,0.5271881991051454,0.5105066445182724
2.0,0.5555556,9.0,12.0,0.5271881991051454,0.5105066445182724
2.0,0.5555556,9.0,20.0,0.5271881991051454,0.5105066445182724
2.0,0.5555556,9.0,32.0,0.5271881991051454,0.5105066445182724
2.0,0.5555556,9.0,50.0,0.5271881991051454,0.5105066445182724
2.0,0.5555556,9.0,80.0,0.5271881991051454,0.5105066445182724
2.0,0.5555556,9.0,128.0,0.5271881991051454,0.5105066445182724
2.0,0.5555556,11.0,2.0,0.5271881991051454,0.5105066445182724
2.0,0.5555556,11.0,3.0,0.5271881991051454,0.5105066445182724
2.0,0.5555556,11.0,5.0,0.5271881991051454,0.5105066445182724
2.0,0.5555556,11.0,8.0,0.5271881991051454,0.5105066445182724
2.0,0.5555556,11.0,12.0,0.5271881991051454,0.5105066445182724
2.0,0.5555556,11.0,20.0,0.5271881991051454,0.5105066445182724
2.0,0.5555556,11.0,32.0,0.5271881991051454,0.5105066445182724
2.0,0.5555556,11.0,50.0,0.5271881991051454,0.5105066445182724
2.0,0.5555556,11.0,80.0,0.5271881991051454,0.5105066445182724
2.0,0.5555556,11.0,128.0,0.5271881991051454,0.5105066445182724
2.0,0.5555556,13.0,2.0,0.5271881991051454,0.5105274086378737
2.0,0.5555556,13.0,3.0,0.5271881991051454,0.5105274086378737
2.0,0.5555556,13.0,5.0,0.5271881991051454,0.5105274086378737
2.0,0.5555556,13.0,8.0,0.5271881991051454,0.5105274086378737
2.0,0.5555556,13.0,12.0,0.5271881991051454,0.5105274086378737
2.0,0.5555556,13.0,20.0,0.5271881991051454,0.5105274086378737
2.0,0.5555556,13.0,32.0,0.5271881991051454,0.5105274086378737
2.0,0.5555556,13.0,50.0,0.5271881991051454,0.5105274086378737
2.0,0.5555556,13.0,80.0,0.5271881991051454,0.5105274086378737
2.0,0.5555556,13.0,128.0,0.5271881991051454,0.5105274086378737
2.0,0.5555556,15.0,2.0,0.5271881991051454,0.5105274086378737
2.0,0.5555556,15.0,3.0,0.5271881991051454,0.5105274086378737
2.0,0.5555556,15.0,5.0,0.5271881991051454,0.5105274086378737
2.0,0.5555556,15.0,8.0,0.5271881991051454,0.5105274086378737
2.0,0.5555556,15.0,12.0,0.5271881991051454,0.5105274086378737
2.0,0.5555556,15.0,20.0,0.5271881991051454,0.5105274086378737
2.0,0.5555556,15.0,32.0,0.5271881991051454,0.5105274086378737
2.0,0.5555556,15.0,50.0,0.5271881991051454,0.5105274086378737
2.0,0.5555556,15.0,80.0,0.5271881991051454,0.5105274086378737
2.0,0.5555556,15.0,128.0,0.5271881991051454,0.5105274086378737
2.0,0.5555556,17.0,2.0,0.5271951901565995,0.5105274086378737
2.0,0.5555556,17.0,3.0,0.5271951901565995,0.5105274086378737
2.0,0.5555556,17.0,5.0,0.5271951901565995,0.5105274086378737
2.0,0.5555556,17.0,8.0,0.5271951901565995,0.5105274086378737
2.0,0.5555556,17.0,12.0,0.5271951901565995,0.5105274086378737
2.0,0.5555556,17.0,20.0,0.5271951901565995,0.5105274086378737
2.0,0.5555556,17.0,32.0,0.5271951901565995,0.5105274086378737
2.0,0.5555556,17.0,50.0,0.5271951901565995,0.5105274086378737
2.0,0.5555556,17.0,80.0,0.5271951901565995,0.5105274086378737
2.0,0.5555556,17.0,128.0,0.5271951901565995,0.5105274086378737
2.0,0.5555556,20.0,2.0,0.5272021812080536,0.5105274086378737
2.0,0.5555556,20.0,3.0,0.5272021812080536,0.5105274086378737
2.0,0.5555556,20.0,5.0,0.5272021812080536,0.5105274086378737
2.0,0.5555556,20.0,8.0,0.5272021812080536,0.5105274086378737
2.0,0.5555556,20.0,12.0,0.5272021812080536,0.5105274086378737
2.0,0.5555556,20.0,20.0,0.5272021812080536,0.5105274086378737
2.0,0.5555556,20.0,32.0,0.5272021812080536,0.5105274086378737
2.0,0.5555556,20.0,50.0,0.5272021812080536,0.5105274086378737
2.0,0.5555556,20.0,80.0,0.5272021812080536,0.5105274086378737
2.0,0.5555556,20.0,128.0,0.5272021812080536,0.5105274086378737
2.0,0.6666667,1.0,2.0,0.5269505033557047,0.5112749169435216
2.0,0.6666667,1.0,3.0,0.5269505033557047,0.5112749169435216
2.0,0.6666667,1.0,5.0,0.5269505033557047,0.5112749169435216
2.0,0.6666667,1.0,8.0,0.5269505033557047,0.5112749169435216
2.0,0.6666667,1.0,12.0,0.5269505033557047,0.5112749169435216
2.0,0.6666667,1.0,20.0,0.5269505033557047,0.5112749169435216
2.0,0.6666667,1.0,32.0,0.5269505033557047,0.5112749169435216
2.0,0.6666667,1.0,50.0,0.5269505033557047,0.5112749169435216
2.0,0.6666667,1.0,80.0,0.5269505033557047,0.5112749169435216
2.0,0.6666667,1.0,128.0,0.5269505033557047,0.5112749169435216
2.0,0.6666667,3.0,2.0,0.5269505033557047,0.5112749169435216
2.0,0.6666667,3.0,3.0,0.5269505033557047,0.5112749169435216
2.0,0.6666667,3.0,5.0,0.5269505033557047,0.5112749169435216
2.0,0.6666667,3.0,8.0,0.5269505033557047,0.5112749169435216
2.0,0.6666667,3.0,12.0,0.5269505033557047,0.5112749169435216
2.0,0.6666667,3.0,20.0,0.5269505033557047,0.5112749169435216
2.0,0.6666667,3.0,32.0,0.5269505033557047,0.5112749169435216
2.0,0.6666667,3.0,50.0,0.5269505033557047,0.5112749169435216
2.0,0.6666667,3.0,80.0,0.5269505033557047,0.5112749169435216
2.0,0.6666667,3.0,128.0,0.5269505033557047,0.5112749169435216
2.0,0.6666667,5.0,2.0,0.5269505033557047,0.5112749169435216
2.0,0.6666667,5.0,3.0,0.5269505033557047,0.5112749169435216
2.0,0.6666667,5.0,5.0,0.5269505033557047,0.5112749169435216
2.0,0.6666667,5.0,8.0,0.5269505033557047,0.5112749169435216
2.0,0.6666667,5.0,12.0,0.5269505033557047,0.5112749169435216
2.0,0.6666667,5.0,20.0,0.5269505033557047,0.5112749169435216
2.0,0.6666667,5.0,32.0,0.5269505033557047,0.5112749169435216
2.0,0.6666667,5.0,50.0,0.5269505033557047,0.5112749169435216
2.0,0.6666667,5.0,80.0,0.5269505033557047,0.5112749169435216
2.0,0.6666667,5.0,128.0,0.5269505033557047,0.5112749169435216
2.0,0.6666667,7.0,2.0,0.5269505033557047,0.5112749169435216
2.0,0.6666667,7.0,3.0,0.5269505033557047,0.5112749169435216
2.0,0.6666667,7.0,5.0,0.5269505033557047,0.5112749169435216
2.0,0.6666667,7.0,8.0,0.5269505033557047,0.5112749169435216
2.0,0.6666667,7.0,12.0,0.5269505033557047,0.5112749169435216
2.0,0.6666667,7.0,20.0,0.5269505033557047,0.5112749169435216
2.0,0.6666667,7.0,32.0,0.5269505033557047,0.5112749169435216
2.0,0.6666667,7.0,50.0,0.5269505033557047,0.5112749169435216
2.0,0.6666667,7.0,80.0,0.5269505033557047,0.5112749169435216
2.0,0.6666667,7.0,128.0,0.5269505033557047,0.5112749169435216
2.0,0.6666667,9.0,2.0,0.5269505033557047,0.5112749169435216
2.0,0.6666667,9.0,3.0,0.5269505033557047,0.5112749169435216
2.0,0.6666667,9.0,5.0,0.5269505033557047,0.5112749169435216
2.0,0.6666667,9.0,8.0,0.5269505033557047,0.5112749169435216
2.0,0.6666667,9.0,12.0,0.5269505033557047,0.5112749169435216
2.0,0.6666667,9.0,20.0,0.5269505033557047,0.5112749169435216
2.0,0.6666667,9.0,32.0,0.5269505033557047,0.5112749169435216
2.0,0.6666667,9.0,50.0,0.5269505033557047,0.5112749169435216
2.0,0.6666667,9.0,80.0,0.5269505033557047,0.5112749169435216
2.0,0.6666667,9.0,128.0,0.5269505033557047,0.5112749169435216
2.0,0.6666667,11.0,2.0,0.5269505033557047,0.5112749169435216
2.0,0.6666667,11.0,3.0,0.5269505033557047,0.5112749169435216
2.0,0.6666667,11.0,5.0,0.5269505033557047,0.5112749169435216
2.0,0.6666667,11.0,8.0,0.5269505033557047,0.5112749169435216
2.0,0.6666667,11.0,12.0,0.5269505033557047,0.5112749169435216
2.0,0.6666667,11.0,20.0,0.5269505033557047,0.5112749169435216
2.0,0.6666667,11.0,32.0,0.5269505033557047,0.5112749169435216
2.0,0.6666667,11.0,50.0,0.5269505033557047,0.5112749169435216
2.0,0.6666667,11.0,80.0,0.5269505033557047,0.5112749169435216
2.0,0.6666667,11.0,128.0,0.5269505033557047,0.5112749169435216
2.0,0.6666667,13.0,2.0,0.5269505033557047,0.5112749169435216
2.0,0.6666667,13.0,3.0,0.5269505033557047,0.5112749169435216
2.0,0.6666667,13.0,5.0,0.5269505033557047,0.5112749169435216
2.0,0.6666667,13.0,8.0,0.5269505033557047,0.5112749169435216
2.0,0.6666667,13.0,12.0,0.5269505033557047,0.5112749169435216
2.0,0.6666667,13.0,20.0,0.5269505033557047,0.5112749169435216
2.0,0.6666667,13.0,32.0,0.5269505033557047,0.5112749169435216
2.0,0.6666667,13.0,50.0,0.5269505033557047,0.5112749169435216
2.0,0.6666667,13.0,80.0,0.5269505033557047,0.5112749169435216
2.0,0.6666667,13.0,128.0,0.5269505033557047,0.5112749169435216
2.0,0.6666667,15.0,2.0,0.5269505033557047,0.5112749169435216
2.0,0.6666667,15.0,3.0,0.5269505033557047,0.5112749169435216
2.0,0.6666667,15.0,5.0,0.5269505033557047,0.5112749169435216
2.0,0.6666667,15.0,8.0,0.5269505033557047,0.5112749169435216
2.0,0.6666667,15.0,12.0,0.5269505033557047,0.5112749169435216
2.0,0.6666667,15.0,20.0,0.5269505033557047,0.5112749169435216
2.0,0.6666667,15.0,32.0,0.5269505033557047,0.5112749169435216
2.0,0.6666667,15.0,50.0,0.5269505033557047,0.5112749169435216
2.0,0.6666667,15.0,80.0,0.5269505033557047,0.5112749169435216
2.0,0.6666667,15.0,128.0,0.5269505033557047,0.5112749169435216
2.0,0.6666667,17.0,2.0,0.5269505033557047,0.5112749169435216
2.0,0.6666667,17.0,3.0,0.5269505033557047,0.5112749169435216
2.0,0.6666667,17.0,5.0,0.5269505033557047,0.5112749169435216
2.0,0.6666667,17.0,8.0,0.5269505033557047,0.5112749169435216
2.0,0.6666667,17.0,12.0,0.5269505033557047,0.5112749169435216
2.0,0.6666667,17.0,20.0,0.5269505033557047,0.5112749169435216
2.0,0.6666667,17.0,32.0,0.5269505033557047,0.5112749169435216
2.0,0.6666667,17.0,50.0,0.5269505033557047,0.5112749169435216
2.0,0.6666667,17.0,80.0,0.5269505033557047,0.5112749169435216
2.0,0.6666667,17.0,128.0,0.5269505033557047,0.5112749169435216
2.0,0.6666667,20.0,2.0,0.5269505033557047,0.5112749169435216
2.0,0.6666667,20.0,3.0,0.5269505033557047,0.5112749169435216
2.0,0.6666667,20.0,5.0,0.5269505033557047,0.5112749169435216
2.0,0.6666667,20.0,8.0,0.5269505033557047,0.5112749169435216
2.0,0.6666667,20.0,12.0,0.5269505033557047,0.5112749169435216
2.0,0.6666667,20.0,20.0,0.5269505033557047,0.5112749169435216
2.0,0.6666667,20.0,32.0,0.5269505033557047,0.5112749169435216
2.0,0.6666667,20.0,50.0,0.5269505033557047,0.5112749169435216
2.0,0.6666667,20.0,80.0,0.5269505033557047,0.5112749169435216
2.0,0.6666667,20.0,128.0,0.5269505033557047,0.5112749169435216
2.0,0.7777778,1.0,2.0,0.5267757270693513,0.5124792358803987
2.0,0.7777778,1.0,3.0,0.5267757270693513,0.5124792358803987
2.0,0.7777778,1.0,5.0,0.5267757270693513,0.5124792358803987
2.0,0.7777778,1.0,8.0,0.5267757270693513,0.5124792358803987
2.0,0.7777778,1.0,12.0,0.5267757270693513,0.5124792358803987
2.0,0.7777778,1.0,20.0,0.5267757270693513,0.5124792358803987
2.0,0.7777778,1.0,32.0,0.5267757270693513,0.5124792358803987
2.0,0.7777778,1.0,50.0,0.5267757270693513,0.5124792358803987
2.0,0.7777778,1.0,80.0,0.5267757270693513,0.5124792358803987
2.0,0.7777778,1.0,128.0,0.5267757270693513,0.5124792358803987
2.0,0.7777778,3.0,2.0,0.5267757270693513,0.5124792358803987
2.0,0.7777778,3.0,3.0,0.5267757270693513,0.5124792358803987
2.0,0.7777778,3.0,5.0,0.5267757270693513,0.5124792358803987
2.0,0.7777778,3.0,8.0,0.5267757270693513,0.5124792358803987
2.0,0.7777778,3.0,12.0,0.5267757270693513,0.5124792358803987
2.0,0.7777778,3.0,20.0,0.5267757270693513,0.5124792358803987
2.0,0.7777778,3.0,32.0,0.5267757270693513,0.5124792358803987
2.0,0.7777778,3.0,50.0,0.5267757270693513,0.5124792358803987
2.0,0.7777778,3.0,80.0,0.5267757270693513,0.5124792358803987
2.0,0.7777778,3.0,128.0,0.5267757270693513,0.5124792358803987
2.0,0.7777778,5.0,2.0,0.5267757270693513,0.5124792358803987
2.0,0.7777778,5.0,3.0,0.5267757270693513,0.5124792358803987
2.0,0.7777778,5.0,5.0,0.5267757270693513,0.5124792358803987
2.0,0.7777778,5.0,8.0,0.5267757270693513,0.5124792358803987
2.0,0.7777778,5.0,12.0,0.5267757270693513,0.5124792358803987
2.0,0.7777778,5.0,20.0,0.5267757270693513,0.5124792358803987
2.0,0.7777778,5.0,32.0,0.5267757270693513,0.5124792358803987
2.0,0.7777778,5.0,50.0,0.5267757270693513,0.5124792358803987
2.0,0.7777778,5.0,80.0,0.5267757270693513,0.5124792358803987
2.0,0.7777778,5.0,128.0,0.5267757270693513,0.5124792358803987
2.0,0.7777778,7.0,2.0,0.5267757270693513,0.5124792358803987
2.0,0.7777778,7.0,3.0,0.5267757270693513,0.5124792358803987
2.0,0.7777778,7.0,5.0,0.5267757270693513,0.5124792358803987
2.0,0.7777778,7.0,8.0,0.5267757270693513,0.5124792358803987
2.0,0.7777778,7.0,12.0,0.5267757270693513,0.5124792358803987
2.0,0.7777778,7.0,20.0,0.5267757270693513,0.5124792358803987
2.0,0.7777778,7.0,32.0,0.5267757270693513,0.5124792358803987
2.0,0.7777778,7.0,50.0,0.5267757270693513,0.5124792358803987
2.0,0.7777778,7.0,80.0,0.5267757270693513,0.5124792358803987
2.0,0.7777778,7.0,128.0,0.5267757270693513,0.5124792358803987
2.0,0.7777778,9.0,2.0,0.5267757270693513,0.5124792358803987
2.0,0.7777778,9.0,3.0,0.5267757270693513,0.5124792358803987
2.0,0.7777778,9.0,5.0,0.5267757270693513,0.5124792358803987
2.0,0.7777778,9.0,8.0,0.5267757270693513,0.5124792358803987
2.0,0.7777778,9.0,12.0,0.5267757270693513,0.5124792358803987
2.0,0.7777778,9.0,20.0,0.5267757270693513,0.5124792358803987
2.0,0.7777778,9.0,32.0,0.5267757270693513,0.5124792358803987
2.0,0.7777778,9.0,50.0,0.5267757270693513,0.5124792358803987
2.0,0.7777778,9.0,80.0,0.5267757270693513,0.5124792358803987
2.0,0.7777778,9.0,128.0,0.5267757270693513,0.5124792358803987
2.0,0.7777778,11.0,2.0,0.5267757270693513,0.5124792358803987
2.0,0.7777778,11.0,3.0,0.5267757270693513,0.5124792358803987
2.0,0.7777778,11.0,5.0,0.5267757270693513,0.5124792358803987
2.0,0.7777778,11.0,8.0,0.5267757270693513,0.5124792358803987
2.0,0.7777778,11.0,12.0,0.5267757270693513,0.5124792358803987
2.0,0.7777778,11.0,20.0,0.5267757270693513,0.5124792358803987
2.0,0.7777778,11.0,32.0,0.5267757270693513,0.5124792358803987
2.0,0.7777778,11.0,50.0,0.5267757270693513,0.5124792358803987
2.0,0.7777778,11.0,80.0,0.5267757270693513,0.5124792358803987
2.0,0.7777778,11.0,128.0,0.5267757270693513,0.5124792358803987
2.0,0.7777778,13.0,2.0,0.5267687360178971,0.5124792358803987
2.0,0.7777778,13.0,3.0,0.5267687360178971,0.5124792358803987
2.0,0.7777778,13.0,5.0,0.5267687360178971,0.5124792358803987
2.0,0.7777778,13.0,8.0,0.5267687360178971,0.5124792358803987
2.0,0.7777778,13.0,12.0,0.5267687360178971,0.5124792358803987
2.0,0.7777778,13.0,20.0,0.5267687360178971,0.5124792358803987
2.0,0.7777778,13.0,32.0,0.5267687360178971,0.5124792358803987
2.0,0.7777778,13.0,50.0,0.5267687360178971,0.5124792358803987
2.0,0.7777778,13.0,80.0,0.5267687360178971,0.5124792358803987
2.0,0.7777778,13.0,128.0,0.5267687360178971,0.5124792358803987
2.0,0.7777778,15.0,2.0,0.526761744966443,0.5124584717607974
2.0,0.7777778,15.0,3.0,0.526761744966443,0.5124584717607974
2.0,0.7777778,15.0,5.0,0.526761744966443,0.5124584717607974
2.0,0.7777778,15.0,8.0,0.526761744966443,0.5124584717607974
2.0,0.7777778,15.0,12.0,0.526761744966443,0.5124584717607974
2.0,0.7777778,15.0,20.0,0.526761744966443,0.5124584717607974
2.0,0.7777778,15.0,32.0,0.526761744966443,0.5124584717607974
2.0,0.7777778,15.0,50.0,0.526761744966443,0.5124584717607974
2.0,0.7777778,15.0,80.0,0.526761744966443,0.5124584717607974
2.0,0.7777778,15.0,128.0,0.526761744966443,0.5124584717607974
2.0,0.7777778,17.0,2.0,0.526761744966443,0.5124584717607974
2.0,0.7777778,17.0,3.0,0.526761744966443,0.5124584717607974
2.0,0.7777778,17.0,5.0,0.526761744966443,0.5124584717607974
2.0,0.7777778,17.0,8.0,0.526761744966443,0.5124584717607974
2.0,0.7777778,17.0,12.0,0.526761744966443,0.5124584717607974
2.0,0.7777778,17.0,20.0,0.526761744966443,0.5124584717607974
2.0,0.7777778,17.0,32.0,0.526761744966443,0.5124584717607974
2.0,0.7777778,17.0,50.0,0.526761744966443,0.5124584717607974
2.0,0.7777778,17.0,80.0,0.526761744966443,0.5124584717607974
2.0,0.7777778,17.0,128.0,0.526761744966443,0.5124584717607974
2.0,0.7777778,20.0,2.0,0.526761744966443,0.5124584717607974
2.0,0.7777778,20.0,3.0,0.526761744966443,0.5124584717607974
2.0,0.7777778,20.0,5.0,0.526761744966443,0.5124584717607974
2.0,0.7777778,20.0,8.0,0.526761744966443,0.5124584717607974
2.0,0.7777778,20.0,12.0,0.526761744966443,0.5124584717607974
2.0,0.7777778,20.0,20.0,0.526761744966443,0.5124584717607974
2.0,0.7777778,20.0,32.0,0.526761744966443,0.5124584717607974
2.0,0.7777778,20.0,50.0,0.526761744966443,0.5124584717607974
2.0,0.7777778,20.0,80.0,0.526761744966443,0.5124584717607974
2.0,0.7777778,20.0,128.0,0.526761744966443,0.5124584717607974
2.0,0.8888889,1.0,2.0,0.5265520134228188,0.5125207641196013
2.0,0.8888889,1.0,3.0,0.5265520134228188,0.5125207641196013
2.0,0.8888889,1.0,5.0,0.5265520134228188,0.5125207641196013
2.0,0.8888889,1.0,8.0,0.5265520134228188,0.5125207641196013
2.0,0.8888889,1.0,12.0,0.5265520134228188,0.5125207641196013
2.0,0.8888889,1.0,20.0,0.5265520134228188,0.5125207641196013
2.0,0.8888889,1.0,32.0,0.5265520134228188,0.5125207641196013
2.0,0.8888889,1.0,50.0,0.5265520134228188,0.5125207641196013
2.0,0.8888889,1.0,80.0,0.5265520134228188,0.5125207641196013
2.0,0.8888889,1.0,128.0,0.5265520134228188,0.5125207641196013
2.0,0.8888889,3.0,2.0,0.5265520134228188,0.5125207641196013
2.0,0.8888889,3.0,3.0,0.5265520134228188,0.5125207641196013
2.0,0.8888889,3.0,5.0,0.5265520134228188,0.5125207641196013
2.0,0.8888889,3.0,8.0,0.5265520134228188,0.5125207641196013
2.0,0.8888889,3.0,12.0,0.5265520134228188,0.5125207641196013
2.0,0.8888889,3.0,20.0,0.5265520134228188,0.5125207641196013
2.0,0.8888889,3.0,32.0,0.5265520134228188,0.5125207641196013
2.0,0.8888889,3.0,50.0,0.5265520134228188,0.5125207641196013
2.0,0.8888889,3.0,80.0,0.5265520134228188,0.5125207641196013
2.0,0.8888889,3.0,128.0,0.5265520134228188,0.5125207641196013
2.0,0.8888889,5.0,2.0,0.5265520134228188,0.5125207641196013
2.0,0.8888889,5.0,3.0,0.5265520134228188,0.5125207641196013
2.0,0.8888889,5.0,5.0,0.5265520134228188,0.5125207641196013
2.0,0.8888889,5.0,8.0,0.5265520134228188,0.5125207641196013
2.0,0.8888889,5.0,12.0,0.5265520134228188,0.5125207641196013
2.0,0.8888889,5.0,20.0,0.5265520134228188,0.5125207641196013
2.0,0.8888889,5.0,32.0,0.5265520134228188,0.5125207641196013
2.0,0.8888889,5.0,50.0,0.5265520134228188,0.5125207641196013
2.0,0.8888889,5.0,80.0,0.5265520134228188,0.5125207641196013
2.0,0.8888889,5.0,128.0,0.5265520134228188,0.5125207641196013
2.0,0.8888889,7.0,2.0,0.5265520134228188,0.5125207641196013
2.0,0.8888889,7.0,3.0,0.5265520134228188,0.5125207641196013
2.0,0.8888889,7.0,5.0,0.5265520134228188,0.5125207641196013
2.0,0.8888889,7.0,8.0,0.5265520134228188,0.5125207641196013
2.0,0.8888889,7.0,12.0,0.5265520134228188,0.5125207641196013
2.0,0.8888889,7.0,20.0,0.5265520134228188,0.5125207641196013
2.0,0.8888889,7.0,32.0,0.5265520134228188,0.5125207641196013
2.0,0.8888889,7.0,50.0,0.5265520134228188,0.5125207641196013
2.0,0.8888889,7.0,80.0,0.5265520134228188,0.5125207641196013
2.0,0.8888889,7.0,128.0,0.5265520134228188,0.5125207641196013
2.0,0.8888889,9.0,2.0,0.5265520134228188,0.5125207641196013
2.0,0.8888889,9.0,3.0,0.5265520134228188,0.5125207641196013
2.0,0.8888889,9.0,5.0,0.5265520134228188,0.5125207641196013
2.0,0.8888889,9.0,8.0,0.5265520134228188,0.5125207641196013
2.0,0.8888889,9.0,12.0,0.5265520134228188,0.5125207641196013
2.0,0.8888889,9.0,20.0,0.5265520134228188,0.5125207641196013
2.0,0.8888889,9.0,32.0,0.5265520134228188,0.5125207641196013
2.0,0.8888889,9.0,50.0,0.5265520134228188,0.5125207641196013
2.0,0.8888889,9.0,80.0,0.5265520134228188,0.5125207641196013
2.0,0.8888889,9.0,128.0,0.5265520134228188,0.5125207641196013
2.0,0.8888889,11.0,2.0,0.5265520134228188,0.5125207641196013
2.0,0.8888889,11.0,3.0,0.5265520134228188,0.5125207641196013
2.0,0.8888889,11.0,5.0,0.5265520134228188,0.5125207641196013
2.0,0.8888889,11.0,8.0,0.5265520134228188,0.5125207641196013
2.0,0.8888889,11.0,12.0,0.5265520134228188,0.5125207641196013
2.0,0.8888889,11.0,20.0,0.5265520134228188,0.5125207641196013
2.0,0.8888889,11.0,32.0,0.5265520134228188,0.5125207641196013
2.0,0.8888889,11.0,50.0,0.5265520134228188,0.5125207641196013
2.0,0.8888889,11.0,80.0,0.5265520134228188,0.5125207641196013
2.0,0.8888889,11.0,128.0,0.5265520134228188,0.5125207641196013
2.0,0.8888889,13.0,2.0,0.5265520134228188,0.5125207641196013
2.0,0.8888889,13.0,3.0,0.5265520134228188,0.5125207641196013
2.0,0.8888889,13.0,5.0,0.5265520134228188,0.5125207641196013
2.0,0.8888889,13.0,8.0,0.5265520134228188,0.5125207641196013
2.0,0.8888889,13.0,12.0,0.5265520134228188,0.5125207641196013
2.0,0.8888889,13.0,20.0,0.5265520134228188,0.5125207641196013
2.0,0.8888889,13.0,32.0,0.5265520134228188,0.5125207641196013
2.0,0.8888889,13.0,50.0,0.5265520134228188,0.5125207641196013
2.0,0.8888889,13.0,80.0,0.5265520134228188,0.5125207641196013
2.0,0.8888889,13.0,128.0,0.5265520134228188,0.5125207641196013
2.0,0.8888889,15.0,2.0,0.5265520134228188,0.5125207641196013
2.0,0.8888889,15.0,3.0,0.5265520134228188,0.5125207641196013
2.0,0.8888889,15.0,5.0,0.5265520134228188,0.5125207641196013
2.0,0.8888889,15.0,8.0,0.5265520134228188,0.5125207641196013
2.0,0.8888889,15.0,12.0,0.5265520134228188,0.5125207641196013
2.0,0.8888889,15.0,20.0,0.5265520134228188,0.5125207641196013
2.0,0.8888889,15.0,32.0,0.5265520134228188,0.5125207641196013
2.0,0.8888889,15.0,50.0,0.5265520134228188,0.5125207641196013
2.0,0.8888889,15.0,80.0,0.5265520134228188,0.5125207641196013
2.0,0.8888889,15.0,128.0,0.5265520134228188,0.5125207641196013
2.0,0.8888889,17.0,2.0,0.5265520134228188,0.5125207641196013
2.0,0.8888889,17.0,3.0,0.5265520134228188,0.5125207641196013
2.0,0.8888889,17.0,5.0,0.5265520134228188,0.5125207641196013
2.0,0.8888889,17.0,8.0,0.5265520134228188,0.5125207641196013
2.0,0.8888889,17.0,12.0,0.5265520134228188,0.5125207641196013
2.0,0.8888889,17.0,20.0,0.5265520134228188,0.5125207641196013
2.0,0.8888889,17.0,32.0,0.5265520134228188,0.5125207641196013
2.0,0.8888889,17.0,50.0,0.5265520134228188,0.5125207641196013
2.0,0.8888889,17.0,80.0,0.5265520134228188,0.5125207641196013
2.0,0.8888889,17.0,128.0,0.5265520134228188,0.5125207641196013
2.0,0.8888889,20.0,2.0,0.5265520134228188,0.5125207641196013
2.0,0.8888889,20.0,3.0,0.5265520134228188,0.5125207641196013
2.0,0.8888889,20.0,5.0,0.5265520134228188,0.5125207641196013
2.0,0.8888889,20.0,8.0,0.5265520134228188,0.5125207641196013
2.0,0.8888889,20.0,12.0,0.5265520134228188,0.5125207641196013
2.0,0.8888889,20.0,20.0,0.5265520134228188,0.5125207641196013
2.0,0.8888889,20.0,32.0,0.5265520134228188,0.5125207641196013
2.0,0.8888889,20.0,50.0,0.5265520134228188,0.5125207641196013
2.0,0.8888889,20.0,80.0,0.5265520134228188,0.5125207641196013
2.0,0.8888889,20.0,128.0,0.5265520134228188,0.5125207641196013
2.0,1.0,1.0,2.0,0.5257340604026846,0.5129360465116279
2.0,1.0,1.0,3.0,0.5257340604026846,0.5129360465116279
2.0,1.0,1.0,5.0,0.5257340604026846,0.5129360465116279
2.0,1.0,1.0,8.0,0.5257340604026846,0.5129360465116279
2.0,1.0,1.0,12.0,0.5257340604026846,0.5129360465116279
2.0,1.0,1.0,20.0,0.5257340604026846,0.5129360465116279
2.0,1.0,1.0,32.0,0.5257340604026846,0.5129360465116279
2.0,1.0,1.0,50.0,0.5257340604026846,0.5129360465116279
2.0,1.0,1.0,80.0,0.5257340604026846,0.5129360465116279
2.0,1.0,1.0,128.0,0.5257340604026846,0.5129360465116279
2.0,1.0,3.0,2.0,0.5257340604026846,0.5129360465116279
2.0,1.0,3.0,3.0,0.5257340604026846,0.5129360465116279
2.0,1.0,3.0,5.0,0.5257340604026846,0.5129360465116279
2.0,1.0,3.0,8.0,0.5257340604026846,0.5129360465116279
2.0,1.0,3.0,12.0,0.5257340604026846,0.5129360465116279
2.0,1.0,3.0,20.0,0.5257340604026846,0.5129360465116279
2.0,1.0,3.0,32.0,0.5257340604026846,0.5129360465116279
2.0,1.0,3.0,50.0,0.5257340604026846,0.5129360465116279
2.0,1.0,3.0,80.0,0.5257340604026846,0.5129360465116279
2.0,1.0,3.0,128.0,0.5257340604026846,0.5129360465116279
2.0,1.0,5.0,2.0,0.5257340604026846,0.5129360465116279
2.0,1.0,5.0,3.0,0.5257340604026846,0.5129360465116279
2.0,1.0,5.0,5.0,0.5257340604026846,0.5129360465116279
2.0,1.0,5.0,8.0,0.5257340604026846,0.5129360465116279
2.0,1.0,5.0,12.0,0.5257340604026846,0.5129360465116279
2.0,1.0,5.0,20.0,0.5257340604026846,0.5129360465116279
2.0,1.0,5.0,32.0,0.5257340604026846,0.5129360465116279
2.0,1.0,5.0,50.0,0.5257340604026846,0.5129360465116279
2.0,1.0,5.0,80.0,0.5257340604026846,0.5129360465116279
2.0,1.0,5.0,128.0,0.5257340604026846,0.5129360465116279
2.0,1.0,7.0,2.0,0.5257340604026846,0.5129360465116279
2.0,1.0,7.0,3.0,0.5257340604026846,0.5129360465116279
2.0,1.0,7.0,5.0,0.5257340604026846,0.5129360465116279
2.0,1.0,7.0,8.0,0.5257340604026846,0.5129360465116279
2.0,1.0,7.0,12.0,0.5257340604026846,0.5129360465116279
2.0,1.0,7.0,20.0,0.5257340604026846,0.5129360465116279
2.0,1.0,7.0,32.0,0.5257340604026846,0.5129360465116279
2.0,1.0,7.0,50.0,0.5257340604026846,0.5129360465116279
2.0,1.0,7.0,80.0,0.5257340604026846,0.5129360465116279
2.0,1.0,7.0,128.0,0.5257340604026846,0.5129360465116279
2.0,1.0,9.0,2.0,0.5257340604026846,0.5129360465116279
2.0,1.0,9.0,3.0,0.5257340604026846,0.5129360465116279
2.0,1.0,9.0,5.0,0.5257340604026846,0.5129360465116279
2.0,1.0,9.0,8.0,0.5257340604026846,0.5129360465116279
2.0,1.0,9.0,12.0,0.5257340604026846,0.5129360465116279
2.0,1.0,9.0,20.0,0.5257340604026846,0.5129360465116279
2.0,1.0,9.0,32.0,0.5257340604026846,0.5129360465116279
2.0,1.0,9.0,50.0,0.5257340604026846,0.5129360465116279
2.0,1.0,9.0,80.0,0.5257340604026846,0.5129360465116279
2.0,1.0,9.0,128.0,0.5257340604026846,0.5129360465116279
2.0,1.0,11.0,2.0,0.5257340604026846,0.5129360465116279
2.0,1.0,11.0,3.0,0.5257340604026846,0.5129360465116279
2.0,1.0,11.0,5.0,0.5257340604026846,0.5129360465116279
2.0,1.0,11.0,8.0,0.5257340604026846,0.5129360465116279
2.0,1.0,11.0,12.0,0.5257340604026846,0.5129360465116279
2.0,1.0,11.0,20.0,0.5257340604026846,0.5129360465116279
2.0,1.0,11.0,32.0,0.5257340604026846,0.5129360465116279
2.0,1.0,11.0,50.0,0.5257340604026846,0.5129360465116279
2.0,1.0,11.0,80.0,0.5257340604026846,0.5129360465116279
2.0,1.0,11.0,128.0,0.5257340604026846,0.5129360465116279
2.0,1.0,13.0,2.0,0.5257340604026846,0.5129360465116279
2.0,1.0,13.0,3.0,0.5257340604026846,0.5129360465116279
2.0,1.0,13.0,5.0,0.5257340604026846,0.5129360465116279
2.0,1.0,13.0,8.0,0.5257340604026846,0.5129360465116279
2.0,1.0,13.0,12.0,0.5257340604026846,0.5129360465116279
2.0,1.0,13.0,20.0,0.5257340604026846,0.5129360465116279
2.0,1.0,13.0,32.0,0.5257340604026846,0.5129360465116279
2.0,1.0,13.0,50.0,0.5257340604026846,0.5129360465116279
2.0,1.0,13.0,80.0,0.5257340604026846,0.5129360465116279
2.0,1.0,13.0,128.0,0.5257340604026846,0.5129360465116279
2.0,1.0,15.0,2.0,0.5257340604026846,0.5129360465116279
2.0,1.0,15.0,3.0,0.5257340604026846,0.5129360465116279
2.0,1.0,15.0,5.0,0.5257340604026846,0.5129360465116279
2.0,1.0,15.0,8.0,0.5257340604026846,0.5129360465116279
2.0,1.0,15.0,12.0,0.5257340604026846,0.5129360465116279
2.0,1.0,15.0,20.0,0.5257340604026846,0.5129360465116279
2.0,1.0,15.0,32.0,0.5257340604026846,0.5129360465116279
2.0,1.0,15.0,50.0,0.5257340604026846,0.5129360465116279
2.0,1.0,15.0,80.0,0.5257340604026846,0.5129360465116279
2.0,1.0,15.0,128.0,0.5257340604026846,0.5129360465116279
2.0,1.0,17.0,2.0,0.5257340604026846,0.5129360465116279
2.0,1.0,17.0,3.0,0.5257340604026846,0.5129360465116279
2.0,1.0,17.0,5.0,0.5257340604026846,0.5129360465116279
2.0,1.0,17.0,8.0,0.5257340604026846,0.5129360465116279
2.0,1.0,17.0,12.0,0.5257340604026846,0.5129360465116279
2.0,1.0,17.0,20.0,0.5257340604026846,0.5129360465116279
2.0,1.0,17.0,32.0,0.5257340604026846,0.5129360465116279
2.0,1.0,17.0,50.0,0.5257340604026846,0.5129360465116279
2.0,1.0,17.0,80.0,0.5257340604026846,0.5129360465116279
2.0,1.0,17.0,128.0,0.5257340604026846,0.5129360465116279
2.0,1.0,20.0,2.0,0.5257340604026846,0.5129360465116279
2.0,1.0,20.0,3.0,0.5257340604026846,0.5129360465116279
2.0,1.0,20.0,5.0,0.5257340604026846,0.5129360465116279
2.0,1.0,20.0,8.0,0.5257340604026846,0.5129360465116279
2.0,1.0,20.0,12.0,0.5257340604026846,0.5129360465116279
2.0,1.0,20.0,20.0,0.5257340604026846,0.5129360465116279
2.0,1.0,20.0,32.0,0.5257340604026846,0.5129360465116279
2.0,1.0,20.0,50.0,0.5257340604026846,0.5129360465116279
2.0,1.0,20.0,80.0,0.5257340604026846,0.5129360465116279
2.0,1.0,20.0,128.0,0.5257340604026846,0.5129360465116279
3.0,0.0,1.0,2.0,0.5308235458612975,0.5126661129568106
3.0,0.0,1.0,3.0,0.5308235458612975,0.5126661129568106
3.0,0.0,1.0,5.0,0.5307955816554809,0.512624584717608
3.0,0.0,1.0,8.0,0.5308095637583893,0.512624584717608
3.0,0.0,1.0,12.0,0.5308654921700223,0.5127284053156146
3.0,0.0,1.0,20.0,0.5310053131991052,0.512437707641196
3.0,0.0,1.0,32.0,0.5310472595078299,0.5123131229235881
3.0,0.0,1.0,50.0,0.530893456375839,0.5125207641196013
3.0,0.0,1.0,80.0,0.5307116890380313,0.5125415282392026
3.0,0.0,1.0,128.0,0.5306208053691275,0.5120016611295681
3.0,0.0,3.0,2.0,0.5308375279642059,0.5126868770764119
3.0,0.0,3.0,3.0,0.5308375279642059,0.5126868770764119
3.0,0.0,3.0,5.0,0.5308375279642059,0.5126868770764119
3.0,0.0,3.0,8.0,0.5308515100671141,0.5126038205980066
3.0,0.0,3.0,12.0,0.5307955816554809,0.5126868770764119
3.0,0.0,3.0,20.0,0.5310262863534676,0.5124584717607974
3.0,0.0,3.0,32.0,0.5310192953020134,0.5123546511627908
3.0,0.0,3.0,50.0,0.531005313199105,0.5124169435215947
3.0,0.0,3.0,80.0,0.5307536353467561,0.5125830564784053
3.0,0.0,3.0,128.0,0.530592841163311,0.5119601328903655
3.0,0.0,5.0,2.0,0.5307746085011186,0.512686877076412
3.0,0.0,5.0,3.0,0.5307746085011186,0.512686877076412
3.0,0.0,5.0,5.0,0.5307746085011186,0.512686877076412
3.0,0.0,5.0,8.0,0.5307746085011186,0.512686877076412
3.0,0.0,5.0,12.0,0.5308235458612975,0.5126661129568106
3.0,0.0,5.0,20.0,0.5310752237136465,0.5125207641196013
3.0,0.0,5.0,32.0,0.5310612416107382,0.5125415282392026
3.0,0.0,5.0,50.0,0.5311311521252796,0.5124792358803987
3.0,0.0,5.0,80.0,0.5307746085011186,0.5125
3.0,0.0,5.0,128.0,0.5306697427293064,0.5120224252491694
3.0,0.0,7.0,2.0,0.530900447427293,0.5126038205980066
3.0,0.0,7.0,3.0,0.530900447427293,0.5126038205980066
3.0,0.0,7.0,5.0,0.530900447427293,0.5126038205980066
3.0,0.0,7.0,8.0,0.530900447427293,0.5126038205980066
3.0,0.0,7.0,12.0,0.530900447427293,0.5126038205980066
3.0,0.0,7.0,20.0,0.5310752237136465,0.5126868770764119
3.0,0.0,7.0,32.0,0.530949384787472,0.5125
3.0,0.0,7.0,50.0,0.5310542505592841,0.512437707641196
3.0,0.0,7.0,80.0,0.5307606263982103,0.5121885382059801
3.0,0.0,7.0,128.0,0.5305858501118569,0.5119808970099669
3.0,0.0,9.0,2.0,0.5310822147651006,0.5125415282392026
3.0,0.0,9.0,3.0,0.5310822147651006,0.5125415282392026
3.0,0.0,9.0,5.0,0.5310822147651006,0.5125415282392026
3.0,0.0,9.0,8.0,0.5310822147651006,0.5125415282392026
3.0,0.0,9.0,12.0,0.5310822147651006,0.5125415282392026
3.0,0.0,9.0,20.0,0.5309913310961969,0.5127906976744186
3.0,0.0,9.0,32.0,0.5309144295302014,0.5126038205980066
3.0,0.0,9.0,50.0,0.5310332774049217,0.5124792358803987
3.0,0.0,9.0,80.0,0.5308375279642058,0.5124584717607974
3.0,0.0,9.0,128.0,0.5307676174496645,0.5118355481727574
3.0,0.0,11.0,2.0,0.5310822147651006,0.5125207641196013
3.0,0.0,11.0,3.0,0.5310822147651006,0.5125207641196013
3.0,0.0,11.0,5.0,0.5310822147651006,0.5125207641196013
3.0,0.0,11.0,8.0,0.5310822147651006,0.5125207641196013
3.0,0.0,11.0,12.0,0.5310822147651006,0.5125207641196013
3.0,0.0,11.0,20.0,0.5310822147651006,0.5125207641196013
3.0,0.0,11.0,32.0,0.5310612416107382,0.512437707641196
3.0,0.0,11.0,50.0,0.5311171700223714,0.5124792358803987
3.0,0.0,11.0,80.0,0.5307536353467561,0.512437707641196
3.0,0.0,11.0,128.0,0.5306697427293064,0.5118770764119601
3.0,0.0,13.0,2.0,0.5311521252796421,0.5125
3.0,0.0,13.0,3.0,0.5311521252796421,0.5125
3.0,0.0,13.0,5.0,0.5311521252796421,0.5125
3.0,0.0,13.0,8.0,0.5311521252796421,0.5125
3.0,0.0,13.0,12.0,0.5311521252796421,0.5125
3.0,0.0,13.0,20.0,0.5311521252796421,0.5125
3.0,0.0,13.0,32.0,0.5312290268456377,0.5125
3.0,0.0,13.0,50.0,0.5310892058165548,0.5122093023255815
3.0,0.0,13.0,80.0,0.5309214205816555,0.5124169435215947
3.0,0.0,13.0,128.0,0.5305578859060402,0.5118563122923587
3.0,0.0,15.0,2.0,0.5312080536912751,0.5123338870431893
3.0,0.0,15.0,3.0,0.5312080536912751,0.5123338870431893
3.0,0.0,15.0,5.0,0.5312080536912751,0.5123338870431893
3.0,0.0,15.0,8.0,0.5312080536912751,0.5123338870431893
3.0,0.0,15.0,12.0,0.5312080536912751,0.5123338870431893
3.0,0.0,15.0,20.0,0.5312080536912751,0.5123338870431893
3.0,0.0,15.0,32.0,0.5311451342281879,0.5127284053156146
3.0,0.0,15.0,50.0,0.531005313199105,0.5122093023255814
3.0,0.0,15.0,80.0,0.5307326621923938,0.5122715946843854
3.0,0.0,15.0,128.0,0.5306277964205817,0.5120224252491694
3.0,0.0,17.0,2.0,0.5311381431767338,0.512437707641196
3.0,0.0,17.0,3.0,0.5311381431767338,0.512437707641196
3.0,0.0,17.0,5.0,0.5311381431767338,0.512437707641196
3.0,0.0,17.0,8.0,0.5311381431767338,0.512437707641196
3.0,0.0,17.0,12.0,0.5311381431767338,0.512437707641196
3.0,0.0,17.0,20.0,0.5311381431767338,0.512437707641196
3.0,0.0,17.0,32.0,0.5311381431767338,0.512437707641196
3.0,0.0,17.0,50.0,0.5310472595078299,0.512063953488372
3.0,0.0,17.0,80.0,0.5306907158836689,0.5121885382059801
3.0,0.0,17.0,128.0,0.5306068232662192,0.5120847176079735
3.0,0.0,20.0,2.0,0.5310123042505592,0.5125207641196013
3.0,0.0,20.0,3.0,0.5310123042505592,0.5125207641196013
3.0,0.0,20.0,5.0,0.5310123042505592,0.5125207641196013
3.0,0.0,20.0,8.0,0.5310123042505592,0.5125207641196013
3.0,0.0,20.0,12.0,0.5310123042505592,0.5125207641196013
3.0,0.0,20.0,20.0,0.5310123042505592,0.5125207641196013
3.0,0.0,20.0,32.0,0.5310123042505592,0.5125207641196013
3.0,0.0,20.0,50.0,0.5309074384787472,0.5123546511627908
3.0,0.0,20.0,80.0,0.5306767337807606,0.5121054817275748
3.0,0.0,20.0,128.0,0.5305998322147651,0.5122300664451827
3.0,0.11111111,1.0,2.0,0.5308235458612975,0.5126661129568106
3.0,0.11111111,1.0,3.0,0.5308235458612975,0.5126661129568106
3.0,0.11111111,1.0,5.0,0.5307955816554809,0.512624584717608
3.0,0.11111111,1.0,8.0,0.5308095637583893,0.512624584717608
3.0,0.11111111,1.0,12.0,0.5308654921700223,0.5127284053156146
3.0,0.11111111,1.0,20.0,0.5310053131991052,0.512437707641196
3.0,0.11111111,1.0,32.0,0.5310472595078299,0.5123131229235881
3.0,0.11111111,1.0,50.0,0.530893456375839,0.5125207641196013
3.0,0.11111111,1.0,80.0,0.5307116890380313,0.5125415282392026
3.0,0.11111111,1.0,128.0,0.5306208053691275,0.5120016611295681
3.0,0.11111111,3.0,2.0,0.5308375279642059,0.5126868770764119
3.0,0.11111111,3.0,3.0,0.5308375279642059,0.5126868770764119
3.0,0.11111111,3.0,5.0,0.5308375279642059,0.5126868770764119
3.0,0.11111111,3.0,8.0,0.5308515100671141,0.5126038205980066
3.0,0.11111111,3.0,12.0,0.5307955816554809,0.5126868770764119
3.0,0.11111111,3.0,20.0,0.5310262863534676,0.5124584717607974
3.0,0.11111111,3.0,32.0,0.5310192953020134,0.5123546511627908
3.0,0.11111111,3.0,50.0,0.531005313199105,0.5124169435215947
3.0,0.11111111,3.0,80.0,0.5307536353467561,0.5125830564784053
3.0,0.11111111,3.0,128.0,0.530592841163311,0.5119601328903655
3.0,0.11111111,5.0,2.0,0.5307746085011186,0.512686877076412
3.0,0.11111111,5.0,3.0,0.5307746085011186,0.512686877076412
3.0,0.11111111,5.0,5.0,0.5307746085011186,0.512686877076412
3.0,0.11111111,5.0,8.0,0.5307746085011186,0.512686877076412
3.0,0.11111111,5.0,12.0,0.5308235458612975,0.5126661129568106
3.0,0.11111111,5.0,20.0,0.5310752237136465,0.5125207641196013
3.0,0.11111111,5.0,32.0,0.5310612416107382,0.5125415282392026
3.0,0.11111111,5.0,50.0,0.5311311521252796,0.5124792358803987
3.0,0.11111111,5.0,80.0,0.5307746085011186,0.5125
3.0,0.11111111,5.0,128.0,0.5306697427293064,0.5120224252491694
3.0,0.11111111,7.0,2.0,0.530900447427293,0.5126038205980066
3.0,0.11111111,7.0,3.0,0.530900447427293,0.5126038205980066
3.0,0.11111111,7.0,5.0,0.530900447427293,0.5126038205980066
3.0,0.11111111,7.0,8.0,0.530900447427293,0.5126038205980066
3.0,0.11111111,7.0,12.0,0.530900447427293,0.5126038205980066
3.0,0.11111111,7.0,20.0,0.5310752237136465,0.5126868770764119
3.0,0.11111111,7.0,32.0,0.530949384787472,0.5125
3.0,0.11111111,7.0,50.0,0.5310542505592841,0.512437707641196
3.0,0.11111111,7.0,80.0,0.5307606263982103,0.5121885382059801
3.0,0.11111111,7.0,128.0,0.5305858501118569,0.5119808970099669
3.0,0.11111111,9.0,2.0,0.5310822147651006,0.5125415282392026
3.0,0.11111111,9.0,3.0,0.5310822147651006,0.5125415282392026
3.0,0.11111111,9.0,5.0,0.5310822147651006,0.5125415282392026
3.0,0.11111111,9.0,8.0,0.5310822147651006,0.5125415282392026
3.0,0.11111111,9.0,12.0,0.5310822147651006,0.5125415282392026
3.0,0.11111111,9.0,20.0,0.5309913310961969,0.5127906976744186
3.0,0.11111111,9.0,32.0,0.5309144295302014,0.5126038205980066
3.0,0.11111111,9.0,50.0,0.5310332774049217,0.5124792358803987
3.0,0.11111111,9.0,80.0,0.5308375279642058,0.5124584717607974
3.0,0.11111111,9.0,128.0,0.5307676174496645,0.5118355481727574
3.0,0.11111111,11.0,2.0,0.5310822147651006,0.5125207641196013
3.0,0.11111111,11.0,3.0,0.5310822147651006,0.5125207641196013
3.0,0.11111111,11.0,5.0,0.5310822147651006,0.5125207641196013
3.0,0.11111111,11.0,8.0,0.5310822147651006,0.5125207641196013
3.0,0.11111111,11.0,12.0,0.5310822147651006,0.5125207641196013
3.0,0.11111111,11.0,20.0,0.5310822147651006,0.5125207641196013
3.0,0.11111111,11.0,32.0,0.5310612416107382,0.512437707641196
3.0,0.11111111,11.0,50.0,0.5311171700223714,0.5124792358803987
3.0,0.11111111,11.0,80.0,0.5307536353467561,0.512437707641196
3.0,0.11111111,11.0,128.0,0.5306697427293064,0.5118770764119601
3.0,0.11111111,13.0,2.0,0.5311521252796421,0.5125
3.0,0.11111111,13.0,3.0,0.5311521252796421,0.5125
3.0,0.11111111,13.0,5.0,0.5311521252796421,0.5125
3.0,0.11111111,13.0,8.0,0.5311521252796421,0.5125
3.0,0.11111111,13.0,12.0,0.5311521252796421,0.5125
3.0,0.11111111,13.0,20.0,0.5311521252796421,0.5125
3.0,0.11111111,13.0,32.0,0.5312290268456377,0.5125
3.0,0.11111111,13.0,50.0,0.5310892058165548,0.5122093023255815
3.0,0.11111111,13.0,80.0,0.5309214205816555,0.5124169435215947
3.0,0.11111111,13.0,128.0,0.5305578859060402,0.5118563122923587
3.0,0.11111111,15.0,2.0,0.5312080536912751,0.5123338870431893
3.0,0.11111111,15.0,3.0,0.5312080536912751,0.5123338870431893
3.0,0.11111111,15.0,5.0,0.5312080536912751,0.5123338870431893
3.0,0.11111111,15.0,8.0,0.5312080536912751,0.5123338870431893
3.0,0.11111111,15.0,12.0,0.5312080536912751,0.5123338870431893
3.0,0.11111111,15.0,20.0,0.5312080536912751,0.5123338870431893
3.0,0.11111111,15.0,32.0,0.5311451342281879,0.5127284053156146
3.0,0.11111111,15.0,50.0,0.531005313199105,0.5122093023255814
3.0,0.11111111,15.0,80.0,0.5307326621923938,0.5122715946843854
3.0,0.11111111,15.0,128.0,0.5306277964205817,0.5120224252491694
3.0,0.11111111,17.0,2.0,0.5311381431767338,0.512437707641196
3.0,0.11111111,17.0,3.0,0.5311381431767338,0.512437707641196
3.0,0.11111111,17.0,5.0,0.5311381431767338,0.512437707641196
3.0,0.11111111,17.0,8.0,0.5311381431767338,0.512437707641196
3.0,0.11111111,17.0,12.0,0.5311381431767338,0.512437707641196
3.0,0.11111111,17.0,20.0,0.5311381431767338,0.512437707641196
3.0,0.11111111,17.0,32.0,0.5311381431767338,0.512437707641196
3.0,0.11111111,17.0,50.0,0.5310472595078299,0.512063953488372
3.0,0.11111111,17.0,80.0,0.5306907158836689,0.5121885382059801
3.0,0.11111111,17.0,128.0,0.5306068232662192,0.5120847176079735
3.0,0.11111111,20.0,2.0,0.5310123042505592,0.5125207641196013
3.0,0.11111111,20.0,3.0,0.5310123042505592,0.5125207641196013
3.0,0.11111111,20.0,5.0,0.5310123042505592,0.5125207641196013
3.0,0.11111111,20.0,8.0,0.5310123042505592,0.5125207641196013
3.0,0.11111111,20.0,12.0,0.5310123042505592,0.5125207641196013
3.0,0.11111111,20.0,20.0,0.5310123042505592,0.5125207641196013
3.0,0.11111111,20.0,32.0,0.5310123042505592,0.5125207641196013
3.0,0.11111111,20.0,50.0,0.5309074384787472,0.5123546511627908
3.0,0.11111111,20.0,80.0,0.5306767337807606,0.5121054817275748
3.0,0.11111111,20.0,128.0,0.5305998322147651,0.5122300664451827
3.0,0.22222222,1.0,2.0,0.5311940715883668,0.5139327242524917
3.0,0.22222222,1.0,3.0,0.5311940715883668,0.5139327242524917
3.0,0.22222222,1.0,5.0,0.5311451342281879,0.5139119601328904
3.0,0.22222222,1.0,8.0,0.5311241610738255,0.5139742524916944
3.0,0.22222222,1.0,12.0,0.5312779642058165,0.514078073089701
3.0,0.22222222,1.0,20.0,0.5312569910514542,0.5137873754152824
3.0,0.22222222,1.0,32.0,0.5311101789709173,0.5139327242524917
3.0,0.22222222,1.0,50.0,0.5311451342281879,0.5134966777408638
3.0,0.22222222,1.0,80.0,0.5312639821029083,0.5132475083056478
3.0,0.22222222,1.0,128.0,0.531298937360179,0.5136212624584717
3.0,0.22222222,3.0,2.0,0.531201062639821,0.5139119601328904
3.0,0.22222222,3.0,3.0,0.531201062639821,0.5139119601328904
3.0,0.22222222,3.0,5.0,0.531201062639821,0.5139119601328904
3.0,0.22222222,3.0,8.0,0.5311311521252796,0.5139950166112957
3.0,0.22222222,3.0,12.0,0.5312709731543623,0.5140988372093023
3.0,0.22222222,3.0,20.0,0.5312639821029083,0.5137873754152824
3.0,0.22222222,3.0,32.0,0.531096196868009,0.5139534883720931
3.0,0.22222222,3.0,50.0,0.5311381431767337,0.5134966777408638
3.0,0.22222222,3.0,80.0,0.53125,0.5132475083056478
3.0,0.22222222,3.0,128.0,0.531298937360179,0.5136212624584717
3.0,0.22222222,5.0,2.0,0.5311800894854587,0.5141196013289037
3.0,0.22222222,5.0,3.0,0.5311800894854587,0.5141196013289037
3.0,0.22222222,5.0,5.0,0.5311800894854587,0.5141196013289037
3.0,0.22222222,5.0,8.0,0.5311800894854587,0.5141196013289037
3.0,0.22222222,5.0,12.0,0.5311800894854587,0.5141611295681063
3.0,0.22222222,5.0,20.0,0.5312290268456377,0.5137873754152824
3.0,0.22222222,5.0,32.0,0.5311521252796421,0.5139119601328904
3.0,0.22222222,5.0,50.0,0.5311171700223714,0.5136420265780731
3.0,0.22222222,5.0,80.0,0.53125,0.5132267441860465
3.0,0.22222222,5.0,128.0,0.531298937360179,0.5136004983388704
3.0,0.22222222,7.0,2.0,0.5311381431767337,0.5141818936877076
3.0,0.22222222,7.0,3.0,0.5311381431767337,0.5141818936877076
3.0,0.22222222,7.0,5.0,0.5311381431767337,0.5141818936877076
3.0,0.22222222,7.0,8.0,0.5311381431767337,0.5141818936877076
3.0,0.22222222,7.0,12.0,0.5311381431767337,0.5141818936877076
3.0,0.22222222,7.0,20.0,0.5311591163310962,0.5136212624584717
3.0,0.22222222,7.0,32.0,0.531096196868009,0.5139534883720931
3.0,0.22222222,7.0,50.0,0.5310822147651006,0.5134966777408637
3.0,0.22222222,7.0,80.0,0.5312220357941835,0.5131852159468439
3.0,0.22222222,7.0,128.0,0.5312639821029083,0.5136420265780731
3.0,0.22222222,9.0,2.0,0.5312080536912751,0.5138081395348837
3.0,0.22222222,9.0,3.0,0.5312080536912751,0.5138081395348837
3.0,0.22222222,9.0,5.0,0.5312080536912751,0.5138081395348837
3.0,0.22222222,9.0,8.0,0.5312080536912751,0.5138081395348837
3.0,0.22222222,9.0,12.0,0.5312080536912751,0.5138081395348837
3.0,0.22222222,9.0,20.0,0.5311800894854586,0.5135797342192692
3.0,0.22222222,9.0,32.0,0.5310542505592841,0.5139119601328904
3.0,0.22222222,9.0,50.0,0.5310682326621924,0.5134759136212624
3.0,0.22222222,9.0,80.0,0.5311591163310962,0.5131852159468439
3.0,0.22222222,9.0,128.0,0.5312360178970919,0.5136212624584717
3.0,0.22222222,11.0,2.0,0.5313968120805369,0.513455149501661
3.0,0.22222222,11.0,3.0,0.5313968120805369,0.513455149501661
3.0,0.22222222,11.0,5.0,0.5313968120805369,0.513455149501661
3.0,0.22222222,11.0,8.0,0.5313968120805369,0.513455149501661
3.0,0.22222222,11.0,12.0,0.5313968120805369,0.513455149501661
3.0,0.22222222,11.0,20.0,0.5313968120805369,0.513455149501661
3.0,0.22222222,11.0,32.0,0.5309703579418344,0.513828903654485
3.0,0.22222222,11.0,50.0,0.5311800894854586,0.513455149501661
3.0,0.22222222,11.0,80.0,0.5311730984340045,0.5132475083056478
3.0,0.22222222,11.0,128.0,0.5312360178970917,0.5135589700996678
3.0,0.22222222,13.0,2.0,0.5313269015659955,0.5136004983388704
3.0,0.22222222,13.0,3.0,0.5313269015659955,0.5136004983388704
3.0,0.22222222,13.0,5.0,0.5313269015659955,0.5136004983388704
3.0,0.22222222,13.0,8.0,0.5313269015659955,0.5136004983388704
3.0,0.22222222,13.0,12.0,0.5313269015659955,0.5136004983388704
3.0,0.22222222,13.0,20.0,0.5313269015659955,0.5136004983388704
3.0,0.22222222,13.0,32.0,0.5310822147651006,0.5137873754152824
3.0,0.22222222,13.0,50.0,0.5311800894854586,0.5133098006644519
3.0,0.22222222,13.0,80.0,0.5311381431767337,0.5133720930232558
3.0,0.22222222,13.0,128.0,0.5312360178970917,0.5135174418604651
3.0,0.22222222,15.0,2.0,0.5311521252796421,0.5137873754152824
3.0,0.22222222,15.0,3.0,0.5311521252796421,0.5137873754152824
3.0,0.22222222,15.0,5.0,0.5311521252796421,0.5137873754152824
3.0,0.22222222,15.0,8.0,0.5311521252796421,0.5137873754152824
3.0,0.22222222,15.0,12.0,0.5311521252796421,0.5137873754152824
3.0,0.22222222,15.0,20.0,0.5311521252796421,0.5137873754152824
3.0,0.22222222,15.0,32.0,0.5310822147651006,0.5136212624584717
3.0,0.22222222,15.0,50.0,0.5310682326621924,0.5131436877076412
3.0,0.22222222,15.0,80.0,0.5310752237136465,0.5132682724252492
3.0,0.22222222,15.0,128.0,0.5311521252796421,0.5135174418604651
3.0,0.22222222,17.0,2.0,0.531096196868009,0.5136004983388703
3.0,0.22222222,17.0,3.0,0.531096196868009,0.5136004983388703
3.0,0.22222222,17.0,5.0,0.531096196868009,0.5136004983388703
3.0,0.22222222,17.0,8.0,0.531096196868009,0.5136004983388703
3.0,0.22222222,17.0,12.0,0.531096196868009,0.5136004983388703
3.0,0.22222222,17.0,20.0,0.531096196868009,0.5136004983388703
3.0,0.22222222,17.0,32.0,0.531096196868009,0.5136004983388703
3.0,0.22222222,17.0,50.0,0.5311451342281879,0.5131644518272426
3.0,0.22222222,17.0,80.0,0.5311800894854586,0.5132267441860465
3.0,0.22222222,17.0,128.0,0.5311661073825503,0.5134136212624585
3.0,0.22222222,20.0,2.0,0.5311451342281879,0.5133513289036544
3.0,0.22222222,20.0,3.0,0.5311451342281879,0.5133513289036544
3.0,0.22222222,20.0,5.0,0.5311451342281879,0.5133513289036544
3.0,0.22222222,20.0,8.0,0.5311451342281879,0.5133513289036544
3.0,0.22222222,20.0,12.0,0.5311451342281879,0.5133513289036544
3.0,0.22222222,20.0,20.0,0.5311451342281879,0.5133513289036544
3.0,0.22222222,20.0,32.0,0.5311451342281879,0.5133513289036544
3.0,0.22222222,20.0,50.0,0.531201062639821,0.5130191029900332
3.0,0.22222222,20.0,80.0,0.5311101789709173,0.5134136212624585
3.0,0.22222222,20.0,128.0,0.5309563758389262,0.5134759136212624
3.0,0.33333334,1.0,2.0,0.5309004474272931,0.5133513289036544
3.0,0.33333334,1.0,3.0,0.5309004474272931,0.5133513289036544
3.0,0.33333334,1.0,5.0,0.5309004474272931,0.5133513289036544
3.0,0.33333334,1.0,8.0,0.53084451901566,0.5133720930232558
3.0,0.33333334,1.0,12.0,0.530900447427293,0.513455149501661
3.0,0.33333334,1.0,20.0,0.5310402684563759,0.5134343853820598
3.0,0.33333334,1.0,32.0,0.530949384787472,0.5136004983388704
3.0,0.33333334,1.0,50.0,0.5310192953020134,0.5134966777408637
3.0,0.33333334,1.0,80.0,0.5311451342281879,0.5135797342192691
3.0,0.33333334,1.0,128.0,0.5310682326621924,0.5136835548172758
3.0,0.33333334,3.0,2.0,0.530893456375839,0.5133720930232558
3.0,0.33333334,3.0,3.0,0.530893456375839,0.5133720930232558
3.0,0.33333334,3.0,5.0,0.530893456375839,0.5133720930232558
3.0,0.33333334,3.0,8.0,0.5308375279642059,0.5133928571428571
3.0,0.33333334,3.0,12.0,0.530893456375839,0.5134759136212624
3.0,0.33333334,3.0,20.0,0.5310332774049217,0.513455149501661
3.0,0.33333334,3.0,32.0,0.5309423937360178,0.5136212624584717
3.0,0.33333334,3.0,50.0,0.5310192953020134,0.5134966777408637
3.0,0.33333334,3.0,80.0,0.5311521252796421,0.5135797342192691
3.0,0.33333334,3.0,128.0,0.5310752237136465,0.5136835548172758
3.0,0.33333334,5.0,2.0,0.5308724832214765,0.5134136212624585
3.0,0.33333334,5.0,3.0,0.5308724832214765,0.5134136212624585
3.0,0.33333334,5.0,5.0,0.5308724832214765,0.5134136212624585
3.0,0.33333334,5.0,8.0,0.5308724832214765,0.5134136212624585
3.0,0.33333334,5.0,12.0,0.530893456375839,0.5134759136212624
3.0,0.33333334,5.0,20.0,0.5310123042505592,0.5134343853820598
3.0,0.33333334,5.0,32.0,0.5309354026845637,0.5136212624584717
3.0,0.33333334,5.0,50.0,0.5310123042505592,0.5135174418604651
3.0,0.33333334,5.0,80.0,0.5311521252796421,0.5135797342192691
3.0,0.33333334,5.0,128.0,0.5310822147651006,0.5136835548172758
3.0,0.33333334,7.0,2.0,0.530893456375839,0.5134343853820598
3.0,0.33333334,7.0,3.0,0.530893456375839,0.5134343853820598
3.0,0.33333334,7.0,5.0,0.530893456375839,0.5134343853820598
3.0,0.33333334,7.0,8.0,0.530893456375839,0.5134343853820598
3.0,0.33333334,7.0,12.0,0.530893456375839,0.5134343853820598
3.0,0.33333334,7.0,20.0,0.5309773489932885,0.5133928571428571
3.0,0.33333334,7.0,32.0,0.5309633668903804,0.5136835548172758
3.0,0.33333334,7.0,50.0,0.5310612416107382,0.5134966777408637
3.0,0.33333334,7.0,80.0,0.5311451342281879,0.5134759136212624
3.0,0.33333334,7.0,128.0,0.5310682326621924,0.5136212624584717
3.0,0.33333334,9.0,2.0,0.530893456375839,0.5133098006644519
3.0,0.33333334,9.0,3.0,0.530893456375839,0.5133098006644519
3.0,0.33333334,9.0,5.0,0.530893456375839,0.5133098006644519
3.0,0.33333334,9.0,8.0,0.530893456375839,0.5133098006644519
3.0,0.33333334,9.0,12.0,0.530893456375839,0.5133098006644519
3.0,0.33333334,9.0,20.0,0.530998322147651,0.5133513289036544
3.0,0.33333334,9.0,32.0,0.530998322147651,0.5136212624584717
3.0,0.33333334,9.0,50.0,0.5310262863534676,0.5135174418604651
3.0,0.33333334,9.0,80.0,0.5311381431767338,0.5135797342192692
3.0,0.33333334,9.0,128.0,0.5311171700223714,0.5136212624584717
3.0,0.33333334,11.0,2.0,0.5310123042505592,0.5133928571428571
3.0,0.33333334,11.0,3.0,0.5310123042505592,0.5133928571428571
3.0,0.33333334,11.0,5.0,0.5310123042505592,0.5133928571428571
3.0,0.33333334,11.0,8.0,0.5310123042505592,0.5133928571428571
3.0,0.33333334,11.0,12.0,0.5310123042505592,0.5133928571428571
3.0,0.33333334,11.0,20.0,0.5310123042505592,0.5133928571428571
3.0,0.33333334,11.0,32.0,0.5310472595078299,0.5136420265780731
3.0,0.33333334,11.0,50.0,0.5310752237136466,0.5136835548172758
3.0,0.33333334,11.0,80.0,0.5311521252796421,0.5135589700996677
3.0,0.33333334,11.0,128.0,0.5311591163310962,0.5136212624584717
3.0,0.33333334,13.0,2.0,0.5310892058165548,0.5136004983388704
3.0,0.33333334,13.0,3.0,0.5310892058165548,0.5136004983388704
3.0,0.33333334,13.0,5.0,0.5310892058165548,0.5136004983388704
3.0,0.33333334,13.0,8.0,0.5310892058165548,0.5136004983388704
3.0,0.33333334,13.0,12.0,0.5310892058165548,0.5136004983388704
3.0,0.33333334,13.0,20.0,0.5310892058165548,0.5136004983388704
3.0,0.33333334,13.0,32.0,0.5310612416107382,0.5137458471760797
3.0,0.33333334,13.0,50.0,0.5310682326621924,0.5136835548172758
3.0,0.33333334,13.0,80.0,0.5311311521252796,0.5135382059800664
3.0,0.33333334,13.0,128.0,0.5311381431767337,0.5136420265780731
3.0,0.33333334,15.0,2.0,0.5310822147651006,0.5136627906976744
3.0,0.33333334,15.0,3.0,0.5310822147651006,0.5136627906976744
3.0,0.33333334,15.0,5.0,0.5310822147651006,0.5136627906976744
3.0,0.33333334,15.0,8.0,0.5310822147651006,0.5136627906976744
3.0,0.33333334,15.0,12.0,0.5310822147651006,0.5136627906976744
3.0,0.33333334,15.0,20.0,0.5310822147651006,0.5136627906976744
3.0,0.33333334,15.0,32.0,0.531096196868009,0.5137458471760797
3.0,0.33333334,15.0,50.0,0.5311381431767337,0.5137458471760797
3.0,0.33333334,15.0,80.0,0.5311451342281879,0.5134966777408637
3.0,0.33333334,15.0,128.0,0.5310822147651006,0.5136627906976744
3.0,0.33333334,17.0,2.0,0.5310332774049218,0.5139327242524917
3.0,0.33333334,17.0,3.0,0.5310332774049218,0.5139327242524917
3.0,0.33333334,17.0,5.0,0.5310332774049218,0.5139327242524917
3.0,0.33333334,17.0,8.0,0.5310332774049218,0.5139327242524917
3.0,0.33333334,17.0,12.0,0.5310332774049218,0.5139327242524917
3.0,0.33333334,17.0,20.0,0.5310332774049218,0.5139327242524917
3.0,0.33333334,17.0,32.0,0.5310332774049218,0.5139327242524917
3.0,0.33333334,17.0,50.0,0.5310332774049217,0.5137043189368771
3.0,0.33333334,17.0,80.0,0.5310542505592841,0.5134759136212624
3.0,0.33333334,17.0,128.0,0.5310262863534676,0.5135797342192692
3.0,0.33333334,20.0,2.0,0.5309773489932886,0.5138704318936878
3.0,0.33333334,20.0,3.0,0.5309773489932886,0.5138704318936878
3.0,0.33333334,20.0,5.0,0.5309773489932886,0.5138704318936878
3.0,0.33333334,20.0,8.0,0.5309773489932886,0.5138704318936878
3.0,0.33333334,20.0,12.0,0.5309773489932886,0.5138704318936878
3.0,0.33333334,20.0,20.0,0.5309773489932886,0.5138704318936878
3.0,0.33333334,20.0,32.0,0.5309773489932886,0.5138704318936878
3.0,0.33333334,20.0,50.0,0.5310262863534676,0.5136212624584717
3.0,0.33333334,20.0,80.0,0.5311311521252796,0.5134966777408637
3.0,0.33333334,20.0,128.0,0.5310682326621924,0.5134343853820598
3.0,0.44444445,1.0,2.0,0.5306208053691275,0.5122923588039867
3.0,0.44444445,1.0,3.0,0.5306208053691275,0.5122923588039867
3.0,0.44444445,1.0,5.0,0.5306208053691275,0.5122923588039867
3.0,0.44444445,1.0,8.0,0.5306208053691275,0.5122923588039867
3.0,0.44444445,1.0,12.0,0.5306068232662192,0.5122923588039867
3.0,0.44444445,1.0,20.0,0.5305788590604027,0.5122093023255814
3.0,0.44444445,1.0,32.0,0.5307046979865773,0.5122300664451827
3.0,0.44444445,1.0,50.0,0.5306697427293064,0.5125207641196013
3.0,0.44444445,1.0,80.0,0.5308375279642058,0.512437707641196
3.0,0.44444445,1.0,128.0,0.530592841163311,0.5122715946843854
3.0,0.44444445,3.0,2.0,0.5306068232662192,0.5122923588039867
3.0,0.44444445,3.0,3.0,0.5306068232662192,0.5122923588039867
3.0,0.44444445,3.0,5.0,0.5306068232662192,0.5122923588039867
3.0,0.44444445,3.0,8.0,0.5306068232662192,0.5122923588039867
3.0,0.44444445,3.0,12.0,0.530592841163311,0.5122923588039867
3.0,0.44444445,3.0,20.0,0.5305648769574944,0.5121885382059801
3.0,0.44444445,3.0,32.0,0.5306907158836689,0.5122300664451827
3.0,0.44444445,3.0,50.0,0.5306627516778523,0.5125207641196013
3.0,0.44444445,3.0,80.0,0.5308305369127517,0.512437707641196
3.0,0.44444445,3.0,128.0,0.5305858501118568,0.5122715946843854
3.0,0.44444445,5.0,2.0,0.5305788590604027,0.5122923588039867
3.0,0.44444445,5.0,3.0,0.5305788590604027,0.5122923588039867
3.0,0.44444445,5.0,5.0,0.5305788590604027,0.5122923588039867
3.0,0.44444445,5.0,8.0,0.5305788590604027,0.5122923588039867
3.0,0.44444445,5.0,12.0,0.5305788590604027,0.5122923588039867
3.0,0.44444445,5.0,20.0,0.5305578859060402,0.5121885382059801
3.0,0.44444445,5.0,32.0,0.5306837248322147,0.5122300664451827
3.0,0.44444445,5.0,50.0,0.5306487695749441,0.5125
3.0,0.44444445,5.0,80.0,0.5308095637583893,0.5124169435215947
3.0,0.44444445,5.0,128.0,0.5305858501118568,0.5122715946843854
3.0,0.44444445,7.0,2.0,0.5305648769574944,0.5122508305647842
3.0,0.44444445,7.0,3.0,0.5305648769574944,0.5122508305647842
3.0,0.44444445,7.0,5.0,0.5305648769574944,0.5122508305647842
3.0,0.44444445,7.0,8.0,0.5305648769574944,0.5122508305647842
3.0,0.44444445,7.0,12.0,0.5305648769574944,0.5122508305647842
3.0,0.44444445,7.0,20.0,0.5305578859060402,0.5121885382059801
3.0,0.44444445,7.0,32.0,0.5306138143176734,0.5121054817275748
3.0,0.44444445,7.0,50.0,0.5305858501118568,0.5124169435215947
3.0,0.44444445,7.0,80.0,0.530746644295302,0.512437707641196
3.0,0.44444445,7.0,128.0,0.530599832214765,0.5122300664451827
3.0,0.44444445,9.0,2.0,0.5305229306487695,0.512126245847176
3.0,0.44444445,9.0,3.0,0.5305229306487695,0.512126245847176
3.0,0.44444445,9.0,5.0,0.5305229306487695,0.512126245847176
3.0,0.44444445,9.0,8.0,0.5305229306487695,0.512126245847176
3.0,0.44444445,9.0,12.0,0.5305229306487695,0.512126245847176
3.0,0.44444445,9.0,20.0,0.5305578859060402,0.5121054817275748
3.0,0.44444445,9.0,32.0,0.5305858501118569,0.5121262458471761
3.0,0.44444445,9.0,50.0,0.5305718680089486,0.5123961794019933
3.0,0.44444445,9.0,80.0,0.5307466442953019,0.512437707641196
3.0,0.44444445,9.0,128.0,0.5306068232662192,0.5122093023255814
3.0,0.44444445,11.0,2.0,0.5306487695749441,0.5119393687707641
3.0,0.44444445,11.0,3.0,0.5306487695749441,0.5119393687707641
3.0,0.44444445,11.0,5.0,0.5306487695749441,0.5119393687707641
3.0,0.44444445,11.0,8.0,0.5306487695749441,0.5119393687707641
3.0,0.44444445,11.0,12.0,0.5306487695749441,0.5119393687707641
3.0,0.44444445,11.0,20.0,0.5306487695749441,0.5119393687707641
3.0,0.44444445,11.0,32.0,0.5306417785234899,0.5121470099667774
3.0,0.44444445,11.0,50.0,0.5306068232662192,0.512437707641196
3.0,0.44444445,11.0,80.0,0.5308025727069351,0.5124584717607974
3.0,0.44444445,11.0,128.0,0.5306417785234899,0.5121885382059801
3.0,0.44444445,13.0,2.0,0.5305648769574944,0.5120639534883721
3.0,0.44444445,13.0,3.0,0.5305648769574944,0.5120639534883721
3.0,0.44444445,13.0,5.0,0.5305648769574944,0.5120639534883721
3.0,0.44444445,13.0,8.0,0.5305648769574944,0.5120639534883721
3.0,0.44444445,13.0,12.0,0.5305648769574944,0.5120639534883721
3.0,0.44444445,13.0,20.0,0.5305648769574944,0.5120639534883721
3.0,0.44444445,13.0,32.0,0.5306417785234899,0.5120224252491694
3.0,0.44444445,13.0,50.0,0.5305998322147651,0.5123338870431894
3.0,0.44444445,13.0,80.0,0.5307815995525728,0.5123961794019933
3.0,0.44444445,13.0,128.0,0.5305998322147651,0.5121470099667774
3.0,0.44444445,15.0,2.0,0.5306837248322147,0.5120224252491694
3.0,0.44444445,15.0,3.0,0.5306837248322147,0.5120224252491694
3.0,0.44444445,15.0,5.0,0.5306837248322147,0.5120224252491694
3.0,0.44444445,15.0,8.0,0.5306837248322147,0.5120224252491694
3.0,0.44444445,15.0,12.0,0.5306837248322147,0.5120224252491694
3.0,0.44444445,15.0,20.0,0.5306837248322147,0.5120224252491694
3.0,0.44444445,15.0,32.0,0.5306977069351231,0.5120847176079735
3.0,0.44444445,15.0,50.0,0.5307116890380313,0.5122715946843854
3.0,0.44444445,15.0,80.0,0.5308305369127517,0.512250830564784
3.0,0.44444445,15.0,128.0,0.5306417785234899,0.5120847176079734
3.0,0.44444445,17.0,2.0,0.5306767337807606,0.5121677740863787
3.0,0.44444445,17.0,3.0,0.5306767337807606,0.5121677740863787
3.0,0.44444445,17.0,5.0,0.5306767337807606,0.5121677740863787
3.0,0.44444445,17.0,8.0,0.5306767337807606,0.5121677740863787
3.0,0.44444445,17.0,12.0,0.5306767337807606,0.5121677740863787
3.0,0.44444445,17.0,20.0,0.5306767337807606,0.5121677740863787
3.0,0.44444445,17.0,32.0,0.5306767337807606,0.5121677740863787
3.0,0.44444445,17.0,50.0,0.5305858501118569,0.5122715946843853
3.0,0.44444445,17.0,80.0,0.5308165548098434,0.5121470099667774
3.0,0.44444445,17.0,128.0,0.5306208053691275,0.5121885382059801
3.0,0.44444445,20.0,2.0,0.5305578859060402,0.512126245847176
3.0,0.44444445,20.0,3.0,0.5305578859060402,0.512126245847176
3.0,0.44444445,20.0,5.0,0.5305578859060402,0.512126245847176
3.0,0.44444445,20.0,8.0,0.5305578859060402,0.512126245847176
3.0,0.44444445,20.0,12.0,0.5305578859060402,0.512126245847176
3.0,0.44444445,20.0,20.0,0.5305578859060402,0.512126245847176
3.0,0.44444445,20.0,32.0,0.5305578859060402,0.512126245847176
3.0,0.44444445,20.0,50.0,0.5305508948545861,0.5122715946843854
3.0,0.44444445,20.0,80.0,0.5307186800894854,0.5121885382059801
3.0,0.44444445,20.0,128.0,0.5305578859060402,0.5120431893687708
3.0,0.5555556,1.0,2.0,0.5303551454138702,0.5129152823920266
3.0,0.5555556,1.0,3.0,0.5303551454138702,0.5129152823920266
3.0,0.5555556,1.0,5.0,0.5303551454138702,0.5129152823920266
3.0,0.5555556,1.0,8.0,0.5303551454138702,0.5129152823920266
3.0,0.5555556,1.0,12.0,0.5303551454138702,0.5129360465116279
3.0,0.5555556,1.0,20.0,0.5303831096196868,0.5129568106312292
3.0,0.5555556,1.0,32.0,0.5303761185682326,0.5128945182724253
3.0,0.5555556,1.0,50.0,0.5303341722595079,0.5129360465116279
3.0,0.5555556,1.0,80.0,0.5303411633109619,0.5129152823920266
3.0,0.5555556,1.0,128.0,0.5304040827740492,0.5129360465116279
3.0,0.5555556,3.0,2.0,0.5303271812080537,0.5128945182724253
3.0,0.5555556,3.0,3.0,0.5303271812080537,0.5128945182724253
3.0,0.5555556,3.0,5.0,0.5303271812080537,0.5128945182724253
3.0,0.5555556,3.0,8.0,0.5303271812080537,0.5128945182724253
3.0,0.5555556,3.0,12.0,0.5303271812080537,0.5129152823920266
3.0,0.5555556,3.0,20.0,0.5303551454138702,0.5129360465116279
3.0,0.5555556,3.0,32.0,0.5303551454138702,0.5128737541528239
3.0,0.5555556,3.0,50.0,0.5303201901565996,0.5129152823920266
3.0,0.5555556,3.0,80.0,0.5303341722595079,0.5128945182724253
3.0,0.5555556,3.0,128.0,0.5304040827740492,0.5129360465116279
3.0,0.5555556,5.0,2.0,0.5303062080536913,0.5128529900332226
3.0,0.5555556,5.0,3.0,0.5303062080536913,0.5128529900332226
3.0,0.5555556,5.0,5.0,0.5303062080536913,0.5128529900332226
3.0,0.5555556,5.0,8.0,0.5303062080536913,0.5128529900332226
3.0,0.5555556,5.0,12.0,0.5303062080536913,0.5128529900332226
3.0,0.5555556,5.0,20.0,0.5303551454138702,0.5129568106312293
3.0,0.5555556,5.0,32.0,0.5303691275167786,0.5127906976744186
3.0,0.5555556,5.0,50.0,0.5303201901565996,0.5128322259136213
3.0,0.5555556,5.0,80.0,0.5303131991051454,0.5128737541528239
3.0,0.5555556,5.0,128.0,0.5303970917225951,0.5129152823920266
3.0,0.5555556,7.0,2.0,0.5303411633109619,0.5128529900332226
3.0,0.5555556,7.0,3.0,0.5303411633109619,0.5128529900332226
3.0,0.5555556,7.0,5.0,0.5303411633109619,0.5128529900332226
3.0,0.5555556,7.0,8.0,0.5303411633109619,0.5128529900332226
3.0,0.5555556,7.0,12.0,0.5303411633109619,0.5128529900332226
3.0,0.5555556,7.0,20.0,0.5303691275167786,0.5129152823920266
3.0,0.5555556,7.0,32.0,0.530390100671141,0.5127699335548173
3.0,0.5555556,7.0,50.0,0.5303271812080537,0.5127906976744186
3.0,0.5555556,7.0,80.0,0.5303062080536913,0.5128322259136213
3.0,0.5555556,7.0,128.0,0.5303831096196868,0.5129152823920266
3.0,0.5555556,9.0,2.0,0.5303062080536913,0.5127906976744186
3.0,0.5555556,9.0,3.0,0.5303062080536913,0.5127906976744186
3.0,0.5555556,9.0,5.0,0.5303062080536913,0.5127906976744186
3.0,0.5555556,9.0,8.0,0.5303062080536913,0.5127906976744186
3.0,0.5555556,9.0,12.0,0.5303062080536913,0.5127906976744186
3.0,0.5555556,9.0,20.0,0.5303621364653244,0.5129360465116279
3.0,0.5555556,9.0,32.0,0.5303691275167786,0.5127491694352159
3.0,0.5555556,9.0,50.0,0.5303481543624161,0.5128529900332226
3.0,0.5555556,9.0,80.0,0.5303131991051454,0.5128737541528239
3.0,0.5555556,9.0,128.0,0.5304040827740492,0.5129152823920266
3.0,0.5555556,11.0,2.0,0.5303411633109619,0.5129360465116279
3.0,0.5555556,11.0,3.0,0.5303411633109619,0.5129360465116279
3.0,0.5555556,11.0,5.0,0.5303411633109619,0.5129360465116279
3.0,0.5555556,11.0,8.0,0.5303411633109619,0.5129360465116279
3.0,0.5555556,11.0,12.0,0.5303411633109619,0.5129360465116279
3.0,0.5555556,11.0,20.0,0.5303411633109619,0.5129360465116279
3.0,0.5555556,11.0,32.0,0.5303271812080537,0.5128114617940199
3.0,0.5555556,11.0,50.0,0.5303131991051455,0.5129360465116279
3.0,0.5555556,11.0,80.0,0.5302852348993289,0.5129568106312292
3.0,0.5555556,11.0,128.0,0.5303970917225951,0.5128945182724253
3.0,0.5555556,13.0,2.0,0.5302642617449664,0.5129568106312292
3.0,0.5555556,13.0,3.0,0.5302642617449664,0.5129568106312292
3.0,0.5555556,13.0,5.0,0.5302642617449664,0.5129568106312292
3.0,0.5555556,13.0,8.0,0.5302642617449664,0.5129568106312292
3.0,0.5555556,13.0,12.0,0.5302642617449664,0.5129568106312292
3.0,0.5555556,13.0,20.0,0.5302642617449664,0.5129568106312292
3.0,0.5555556,13.0,32.0,0.5303131991051455,0.5128322259136213
3.0,0.5555556,13.0,50.0,0.5303201901565996,0.5128945182724253
3.0,0.5555556,13.0,80.0,0.530292225950783,0.5128945182724253
3.0,0.5555556,13.0,128.0,0.5303551454138702,0.5128322259136213
3.0,0.5555556,15.0,2.0,0.5302852348993288,0.5127906976744186
3.0,0.5555556,15.0,3.0,0.5302852348993288,0.5127906976744186
3.0,0.5555556,15.0,5.0,0.5302852348993288,0.5127906976744186
3.0,0.5555556,15.0,8.0,0.5302852348993288,0.5127906976744186
3.0,0.5555556,15.0,12.0,0.5302852348993288,0.5127906976744186
3.0,0.5555556,15.0,20.0,0.5302852348993288,0.5127906976744186
3.0,0.5555556,15.0,32.0,0.5302712527964205,0.5127906976744186
3.0,0.5555556,15.0,50.0,0.5303201901565996,0.5128322259136213
3.0,0.5555556,15.0,80.0,0.5303481543624161,0.5127906976744186
3.0,0.5555556,15.0,128.0,0.5303201901565996,0.5128529900332226
3.0,0.5555556,17.0,2.0,0.5302572706935124,0.5128945182724253
3.0,0.5555556,17.0,3.0,0.5302572706935124,0.5128945182724253
3.0,0.5555556,17.0,5.0,0.5302572706935124,0.5128945182724253
3.0,0.5555556,17.0,8.0,0.5302572706935124,0.5128945182724253
3.0,0.5555556,17.0,12.0,0.5302572706935124,0.5128945182724253
3.0,0.5555556,17.0,20.0,0.5302572706935124,0.5128945182724253
3.0,0.5555556,17.0,32.0,0.5302572706935124,0.5128945182724253
3.0,0.5555556,17.0,50.0,0.5303062080536913,0.5128322259136213
3.0,0.5555556,17.0,80.0,0.5303271812080537,0.512749169435216
3.0,0.5555556,17.0,128.0,0.5303761185682326,0.5128322259136213
3.0,0.5555556,20.0,2.0,0.5302362975391499,0.5128737541528239
3.0,0.5555556,20.0,3.0,0.5302362975391499,0.5128737541528239
3.0,0.5555556,20.0,5.0,0.5302362975391499,0.5128737541528239
3.0,0.5555556,20.0,8.0,0.5302362975391499,0.5128737541528239
3.0,0.5555556,20.0,12.0,0.5302362975391499,0.5128737541528239
3.0,0.5555556,20.0,20.0,0.5302362975391499,0.5128737541528239
3.0,0.5555556,20.0,32.0,0.5302362975391499,0.5128737541528239
3.0,0.5555556,20.0,50.0,0.5302572706935124,0.5128945182724253
3.0,0.5555556,20.0,80.0,0.530292225950783,0.5128322259136213
3.0,0.5555556,20.0,128.0,0.5303411633109619,0.5128737541528239
3.0,0.6666667,1.0,2.0,0.5307046979865773,0.5137043189368771
3.0,0.6666667,1.0,3.0,0.5307046979865773,0.5137043189368771
3.0,0.6666667,1.0,5.0,0.5307046979865773,0.5137043189368771
3.0,0.6666667,1.0,8.0,0.5307046979865773,0.5137043189368771
3.0,0.6666667,1.0,12.0,0.5307046979865773,0.5137043189368771
3.0,0.6666667,1.0,20.0,0.5307116890380313,0.5136212624584717
3.0,0.6666667,1.0,32.0,0.5307606263982103,0.5135382059800665
3.0,0.6666667,1.0,50.0,0.5306837248322147,0.5135797342192692
3.0,0.6666667,1.0,80.0,0.5307046979865773,0.5137458471760797
3.0,0.6666667,1.0,128.0,0.5306277964205817,0.5135589700996678
3.0,0.6666667,3.0,2.0,0.5306977069351231,0.5137043189368771
3.0,0.6666667,3.0,3.0,0.5306977069351231,0.5137043189368771
3.0,0.6666667,3.0,5.0,0.5306977069351231,0.5137043189368771
3.0,0.6666667,3.0,8.0,0.5306977069351231,0.5137043189368771
3.0,0.6666667,3.0,12.0,0.5306977069351231,0.5137043189368771
3.0,0.6666667,3.0,20.0,0.5307046979865773,0.5136212624584717
3.0,0.6666667,3.0,32.0,0.5307536353467561,0.5135382059800665
3.0,0.6666667,3.0,50.0,0.5306767337807606,0.5135797342192692
3.0,0.6666667,3.0,80.0,0.5306977069351231,0.5137458471760797
3.0,0.6666667,3.0,128.0,0.5306208053691275,0.5135589700996678
3.0,0.6666667,5.0,2.0,0.5306977069351231,0.5137043189368771
3.0,0.6666667,5.0,3.0,0.5306977069351231,0.5137043189368771
3.0,0.6666667,5.0,5.0,0.5306977069351231,0.5137043189368771
3.0,0.6666667,5.0,8.0,0.5306977069351231,0.5137043189368771
3.0,0.6666667,5.0,12.0,0.5306977069351231,0.5137043189368771
3.0,0.6666667,5.0,20.0,0.5307046979865773,0.5136212624584717
3.0,0.6666667,5.0,32.0,0.5307536353467561,0.5135382059800665
3.0,0.6666667,5.0,50.0,0.5306767337807606,0.5135797342192692
3.0,0.6666667,5.0,80.0,0.5306907158836689,0.5137458471760797
3.0,0.6666667,5.0,128.0,0.5305998322147651,0.5135589700996678
3.0,0.6666667,7.0,2.0,0.5306977069351231,0.5136835548172758
3.0,0.6666667,7.0,3.0,0.5306977069351231,0.5136835548172758
3.0,0.6666667,7.0,5.0,0.5306977069351231,0.5136835548172758
3.0,0.6666667,7.0,8.0,0.5306977069351231,0.5136835548172758
3.0,0.6666667,7.0,12.0,0.5306977069351231,0.5136835548172758
3.0,0.6666667,7.0,20.0,0.5307046979865773,0.5136004983388704
3.0,0.6666667,7.0,32.0,0.5307466442953019,0.5135174418604651
3.0,0.6666667,7.0,50.0,0.5306697427293064,0.5135589700996678
3.0,0.6666667,7.0,80.0,0.5306907158836689,0.5137250830564783
3.0,0.6666667,7.0,128.0,0.530599832214765,0.5135382059800665
3.0,0.6666667,9.0,2.0,0.5306697427293064,0.5136420265780731
3.0,0.6666667,9.0,3.0,0.5306697427293064,0.5136420265780731
3.0,0.6666667,9.0,5.0,0.5306697427293064,0.5136420265780731
3.0,0.6666667,9.0,8.0,0.5306697427293064,0.5136420265780731
3.0,0.6666667,9.0,12.0,0.5306697427293064,0.5136420265780731
3.0,0.6666667,9.0,20.0,0.5306767337807606,0.5136420265780731
3.0,0.6666667,9.0,32.0,0.5307116890380313,0.5135589700996678
3.0,0.6666667,9.0,50.0,0.5306627516778524,0.5136004983388704
3.0,0.6666667,9.0,80.0,0.5306697427293064,0.5137250830564783
3.0,0.6666667,9.0,128.0,0.5306068232662192,0.5136004983388704
3.0,0.6666667,11.0,2.0,0.530592841163311,0.5137043189368771
3.0,0.6666667,11.0,3.0,0.530592841163311,0.5137043189368771
3.0,0.6666667,11.0,5.0,0.530592841163311,0.5137043189368771
3.0,0.6666667,11.0,8.0,0.530592841163311,0.5137043189368771
3.0,0.6666667,11.0,12.0,0.530592841163311,0.5137043189368771
3.0,0.6666667,11.0,20.0,0.530592841163311,0.5137043189368771
3.0,0.6666667,11.0,32.0,0.5306697427293064,0.5135797342192692
3.0,0.6666667,11.0,50.0,0.5306417785234899,0.5136004983388704
3.0,0.6666667,11.0,80.0,0.5306837248322147,0.5137043189368771
3.0,0.6666667,11.0,128.0,0.5305998322147651,0.5136004983388704
3.0,0.6666667,13.0,2.0,0.5306417785234899,0.5136420265780731
3.0,0.6666667,13.0,3.0,0.5306417785234899,0.5136420265780731
3.0,0.6666667,13.0,5.0,0.5306417785234899,0.5136420265780731
3.0,0.6666667,13.0,8.0,0.5306417785234899,0.5136420265780731
3.0,0.6666667,13.0,12.0,0.5306417785234899,0.5136420265780731
3.0,0.6666667,13.0,20.0,0.5306417785234899,0.5136420265780731
3.0,0.6666667,13.0,32.0,0.5306697427293064,0.5135382059800665
3.0,0.6666667,13.0,50.0,0.5306208053691275,0.5135382059800665
3.0,0.6666667,13.0,80.0,0.5306697427293064,0.5136835548172758
3.0,0.6666667,13.0,128.0,0.5306277964205817,0.5135797342192692
3.0,0.6666667,15.0,2.0,0.5306767337807606,0.5135797342192692
3.0,0.6666667,15.0,3.0,0.5306767337807606,0.5135797342192692
3.0,0.6666667,15.0,5.0,0.5306767337807606,0.5135797342192692
3.0,0.6666667,15.0,8.0,0.5306767337807606,0.5135797342192692
3.0,0.6666667,15.0,12.0,0.5306767337807606,0.5135797342192692
3.0,0.6666667,15.0,20.0,0.5306767337807606,0.5135797342192692
3.0,0.6666667,15.0,32.0,0.5306767337807606,0.5135797342192692
3.0,0.6666667,15.0,50.0,0.5306347874720359,0.5135589700996678
3.0,0.6666667,15.0,80.0,0.5306907158836689,0.5137250830564783
3.0,0.6666667,15.0,128.0,0.5306277964205817,0.5136627906976744
3.0,0.6666667,17.0,2.0,0.5306767337807606,0.5136004983388703
3.0,0.6666667,17.0,3.0,0.5306767337807606,0.5136004983388703
3.0,0.6666667,17.0,5.0,0.5306767337807606,0.5136004983388703
3.0,0.6666667,17.0,8.0,0.5306767337807606,0.5136004983388703
3.0,0.6666667,17.0,12.0,0.5306767337807606,0.5136004983388703
3.0,0.6666667,17.0,20.0,0.5306767337807606,0.5136004983388703
3.0,0.6666667,17.0,32.0,0.5306767337807606,0.5136004983388703
3.0,0.6666667,17.0,50.0,0.5306347874720359,0.513455149501661
3.0,0.6666667,17.0,80.0,0.5306767337807606,0.5136420265780731
3.0,0.6666667,17.0,128.0,0.5305858501118569,0.5135589700996678
3.0,0.6666667,20.0,2.0,0.5305718680089486,0.513455149501661
3.0,0.6666667,20.0,3.0,0.5305718680089486,0.513455149501661
3.0,0.6666667,20.0,5.0,0.5305718680089486,0.513455149501661
3.0,0.6666667,20.0,8.0,0.5305718680089486,0.513455149501661
3.0,0.6666667,20.0,12.0,0.5305718680089486,0.513455149501661
3.0,0.6666667,20.0,20.0,0.5305718680089486,0.513455149501661
3.0,0.6666667,20.0,32.0,0.5305718680089486,0.513455149501661
3.0,0.6666667,20.0,50.0,0.5306068232662192,0.5135382059800665
3.0,0.6666667,20.0,80.0,0.5306907158836689,0.5136835548172758
3.0,0.6666667,20.0,128.0,0.5305788590604027,0.5134759136212625
3.0,0.7777778,1.0,2.0,0.530592841163311,0.514078073089701
3.0,0.7777778,1.0,3.0,0.530592841163311,0.514078073089701
3.0,0.7777778,1.0,5.0,0.530592841163311,0.514078073089701
3.0,0.7777778,1.0,8.0,0.530592841163311,0.514078073089701
3.0,0.7777778,1.0,12.0,0.530592841163311,0.514078073089701
3.0,0.7777778,1.0,20.0,0.5306138143176733,0.5140365448504983
3.0,0.7777778,1.0,32.0,0.5306627516778524,0.513891196013289
3.0,0.7777778,1.0,50.0,0.5306627516778524,0.513891196013289
3.0,0.7777778,1.0,80.0,0.5305718680089486,0.513891196013289
3.0,0.7777778,1.0,128.0,0.5304739932885906,0.5140573089700997
3.0,0.7777778,3.0,2.0,0.530592841163311,0.514078073089701
3.0,0.7777778,3.0,3.0,0.530592841163311,0.514078073089701
3.0,0.7777778,3.0,5.0,0.530592841163311,0.514078073089701
3.0,0.7777778,3.0,8.0,0.530592841163311,0.514078073089701
3.0,0.7777778,3.0,12.0,0.530592841163311,0.514078073089701
3.0,0.7777778,3.0,20.0,0.5306138143176733,0.5140365448504983
3.0,0.7777778,3.0,32.0,0.5306627516778524,0.513891196013289
3.0,0.7777778,3.0,50.0,0.5306627516778524,0.513891196013289
3.0,0.7777778,3.0,80.0,0.5305718680089486,0.513891196013289
3.0,0.7777778,3.0,128.0,0.5304739932885906,0.5140573089700997
3.0,0.7777778,5.0,2.0,0.5305858501118568,0.5140573089700997
3.0,0.7777778,5.0,3.0,0.5305858501118568,0.5140573089700997
3.0,0.7777778,5.0,5.0,0.5305858501118568,0.5140573089700997
3.0,0.7777778,5.0,8.0,0.5305858501118568,0.5140573089700997
3.0,0.7777778,5.0,12.0,0.5305858501118568,0.5140573089700997
3.0,0.7777778,5.0,20.0,0.5306068232662192,0.514015780730897
3.0,0.7777778,5.0,32.0,0.5306557606263982,0.513891196013289
3.0,0.7777778,5.0,50.0,0.5306557606263982,0.513891196013289
3.0,0.7777778,5.0,80.0,0.5305718680089486,0.513891196013289
3.0,0.7777778,5.0,128.0,0.5304739932885906,0.5140365448504983
3.0,0.7777778,7.0,2.0,0.5306068232662192,0.514015780730897
3.0,0.7777778,7.0,3.0,0.5306068232662192,0.514015780730897
3.0,0.7777778,7.0,5.0,0.5306068232662192,0.514015780730897
3.0,0.7777778,7.0,8.0,0.5306068232662192,0.514015780730897
3.0,0.7777778,7.0,12.0,0.5306068232662192,0.514015780730897
3.0,0.7777778,7.0,20.0,0.5306068232662192,0.514015780730897
3.0,0.7777778,7.0,32.0,0.5306557606263982,0.5139119601328904
3.0,0.7777778,7.0,50.0,0.5306557606263982,0.5139119601328904
3.0,0.7777778,7.0,80.0,0.5305788590604027,0.5139119601328904
3.0,0.7777778,7.0,128.0,0.5304670022371365,0.5140573089700997
3.0,0.7777778,9.0,2.0,0.530592841163311,0.5139742524916944
3.0,0.7777778,9.0,3.0,0.530592841163311,0.5139742524916944
3.0,0.7777778,9.0,5.0,0.530592841163311,0.5139742524916944
3.0,0.7777778,9.0,8.0,0.530592841163311,0.5139742524916944
3.0,0.7777778,9.0,12.0,0.530592841163311,0.5139742524916944
3.0,0.7777778,9.0,20.0,0.530592841163311,0.5139742524916944
3.0,0.7777778,9.0,32.0,0.5306417785234899,0.5138704318936878
3.0,0.7777778,9.0,50.0,0.5306487695749441,0.5138704318936878
3.0,0.7777778,9.0,80.0,0.5305648769574944,0.513891196013289
3.0,0.7777778,9.0,128.0,0.5304670022371365,0.5140365448504983
3.0,0.7777778,11.0,2.0,0.5306138143176733,0.5139742524916944
3.0,0.7777778,11.0,3.0,0.5306138143176733,0.5139742524916944
3.0,0.7777778,11.0,5.0,0.5306138143176733,0.5139742524916944
3.0,0.7777778,11.0,8.0,0.5306138143176733,0.5139742524916944
3.0,0.7777778,11.0,12.0,0.5306138143176733,0.5139742524916944
3.0,0.7777778,11.0,20.0,0.5306138143176733,0.5139742524916944
3.0,0.7777778,11.0,32.0,0.5306627516778524,0.5138704318936878
3.0,0.7777778,11.0,50.0,0.5306487695749441,0.5138496677740865
3.0,0.7777778,11.0,80.0,0.5305578859060402,0.5139119601328904
3.0,0.7777778,11.0,128.0,0.5304739932885906,0.5140365448504983
3.0,0.7777778,13.0,2.0,0.530592841163311,0.5139327242524917
3.0,0.7777778,13.0,3.0,0.530592841163311,0.5139327242524917
3.0,0.7777778,13.0,5.0,0.530592841163311,0.5139327242524917
3.0,0.7777778,13.0,8.0,0.530592841163311,0.5139327242524917
3.0,0.7777778,13.0,12.0,0.530592841163311,0.5139327242524917
3.0,0.7777778,13.0,20.0,0.530592841163311,0.5139327242524917
3.0,0.7777778,13.0,32.0,0.5306487695749441,0.513891196013289
3.0,0.7777778,13.0,50.0,0.5306417785234899,0.5138496677740865
3.0,0.7777778,13.0,80.0,0.530543903803132,0.5139119601328904
3.0,0.7777778,13.0,128.0,0.5304670022371365,0.5140573089700997
3.0,0.7777778,15.0,2.0,0.5305998322147651,0.5138704318936878
3.0,0.7777778,15.0,3.0,0.5305998322147651,0.5138704318936878
3.0,0.7777778,15.0,5.0,0.5305998322147651,0.5138704318936878
3.0,0.7777778,15.0,8.0,0.5305998322147651,0.5138704318936878
3.0,0.7777778,15.0,12.0,0.5305998322147651,0.5138704318936878
3.0,0.7777778,15.0,20.0,0.5305998322147651,0.5138704318936878
3.0,0.7777778,15.0,32.0,0.5306417785234899,0.5138289036544851
3.0,0.7777778,15.0,50.0,0.5306347874720359,0.5138081395348837
3.0,0.7777778,15.0,80.0,0.5305089485458613,0.5139742524916944
3.0,0.7777778,15.0,128.0,0.5304600111856823,0.5140988372093023
3.0,0.7777778,17.0,2.0,0.5305508948545861,0.5138081395348838
3.0,0.7777778,17.0,3.0,0.5305508948545861,0.5138081395348838
3.0,0.7777778,17.0,5.0,0.5305508948545861,0.5138081395348838
3.0,0.7777778,17.0,8.0,0.5305508948545861,0.5138081395348838
3.0,0.7777778,17.0,12.0,0.5305508948545861,0.5138081395348838
3.0,0.7777778,17.0,20.0,0.5305508948545861,0.5138081395348838
3.0,0.7777778,17.0,32.0,0.5305508948545861,0.5138081395348838
3.0,0.7777778,17.0,50.0,0.5306138143176733,0.513766611295681
3.0,0.7777778,17.0,80.0,0.5304879753914988,0.5139119601328904
3.0,0.7777778,17.0,128.0,0.5304879753914988,0.5140365448504983
3.0,0.7777778,20.0,2.0,0.5306347874720359,0.5138704318936878
3.0,0.7777778,20.0,3.0,0.5306347874720359,0.5138704318936878
3.0,0.7777778,20.0,5.0,0.5306347874720359,0.5138704318936878
3.0,0.7777778,20.0,8.0,0.5306347874720359,0.5138704318936878
3.0,0.7777778,20.0,12.0,0.5306347874720359,0.5138704318936878
3.0,0.7777778,20.0,20.0,0.5306347874720359,0.5138704318936878
3.0,0.7777778,20.0,32.0,0.5306347874720359,0.5138704318936878
3.0,0.7777778,20.0,50.0,0.5306277964205817,0.5137250830564783
3.0,0.7777778,20.0,80.0,0.5305089485458613,0.513891196013289
3.0,0.7777778,20.0,128.0,0.530494966442953,0.5141196013289037
3.0,0.8888889,1.0,2.0,0.5300685123042506,0.5141196013289037
3.0,0.8888889,1.0,3.0,0.5300685123042506,0.5141196013289037
3.0,0.8888889,1.0,5.0,0.5300685123042506,0.5141196013289037
3.0,0.8888889,1.0,8.0,0.5300685123042506,0.5141196013289037
3.0,0.8888889,1.0,12.0,0.5300685123042506,0.5141196013289037
3.0,0.8888889,1.0,20.0,0.5300685123042506,0.5141196013289037
3.0,0.8888889,1.0,32.0,0.5301034675615213,0.5141196013289037
3.0,0.8888889,1.0,50.0,0.5300125838926174,0.5139119601328904
3.0,0.8888889,1.0,80.0,0.529893736017897,0.5139327242524917
3.0,0.8888889,1.0,128.0,0.529886744966443,0.513891196013289
3.0,0.8888889,3.0,2.0,0.5300685123042506,0.5141196013289037
3.0,0.8888889,3.0,3.0,0.5300685123042506,0.5141196013289037
3.0,0.8888889,3.0,5.0,0.5300685123042506,0.5141196013289037
3.0,0.8888889,3.0,8.0,0.5300685123042506,0.5141196013289037
3.0,0.8888889,3.0,12.0,0.5300685123042506,0.5141196013289037
3.0,0.8888889,3.0,20.0,0.5300685123042506,0.5141196013289037
3.0,0.8888889,3.0,32.0,0.5301034675615213,0.5141196013289037
3.0,0.8888889,3.0,50.0,0.5300125838926174,0.5139119601328904
3.0,0.8888889,3.0,80.0,0.529893736017897,0.5139327242524917
3.0,0.8888889,3.0,128.0,0.529886744966443,0.513891196013289
3.0,0.8888889,5.0,2.0,0.5300615212527964,0.5141196013289037
3.0,0.8888889,5.0,3.0,0.5300615212527964,0.5141196013289037
3.0,0.8888889,5.0,5.0,0.5300615212527964,0.5141196013289037
3.0,0.8888889,5.0,8.0,0.5300615212527964,0.5141196013289037
3.0,0.8888889,5.0,12.0,0.5300615212527964,0.5141196013289037
3.0,0.8888889,5.0,20.0,0.5300615212527964,0.5141196013289037
3.0,0.8888889,5.0,32.0,0.5300964765100671,0.5141196013289037
3.0,0.8888889,5.0,50.0,0.5300125838926174,0.5139119601328904
3.0,0.8888889,5.0,80.0,0.529886744966443,0.5139327242524917
3.0,0.8888889,5.0,128.0,0.529886744966443,0.513891196013289
3.0,0.8888889,7.0,2.0,0.5300475391498882,0.5141196013289037
3.0,0.8888889,7.0,3.0,0.5300475391498882,0.5141196013289037
3.0,0.8888889,7.0,5.0,0.5300475391498882,0.5141196013289037
3.0,0.8888889,7.0,8.0,0.5300475391498882,0.5141196013289037
3.0,0.8888889,7.0,12.0,0.5300475391498882,0.5141196013289037
3.0,0.8888889,7.0,20.0,0.5300475391498882,0.5141196013289037
3.0,0.8888889,7.0,32.0,0.5300824944071588,0.5141196013289037
3.0,0.8888889,7.0,50.0,0.5299986017897091,0.5139119601328904
3.0,0.8888889,7.0,80.0,0.5298797539149888,0.5139119601328904
3.0,0.8888889,7.0,128.0,0.529886744966443,0.513891196013289
3.0,0.8888889,9.0,2.0,0.5300335570469799,0.5141196013289037
3.0,0.8888889,9.0,3.0,0.5300335570469799,0.5141196013289037
3.0,0.8888889,9.0,5.0,0.5300335570469799,0.5141196013289037
3.0,0.8888889,9.0,8.0,0.5300335570469799,0.5141196013289037
3.0,0.8888889,9.0,12.0,0.5300335570469799,0.5141196013289037
3.0,0.8888889,9.0,20.0,0.5300335570469799,0.5141196013289037
3.0,0.8888889,9.0,32.0,0.5300685123042506,0.5141196013289037
3.0,0.8888889,9.0,50.0,0.5299916107382551,0.5139119601328904
3.0,0.8888889,9.0,80.0,0.529886744966443,0.5139119601328904
3.0,0.8888889,9.0,128.0,0.5298937360178971,0.5139119601328904
3.0,0.8888889,11.0,2.0,0.5300545302013423,0.5140988372093023
3.0,0.8888889,11.0,3.0,0.5300545302013423,0.5140988372093023
3.0,0.8888889,11.0,5.0,0.5300545302013423,0.5140988372093023
3.0,0.8888889,11.0,8.0,0.5300545302013423,0.5140988372093023
3.0,0.8888889,11.0,12.0,0.5300545302013423,0.5140988372093023
3.0,0.8888889,11.0,20.0,0.5300545302013423,0.5140988372093023
3.0,0.8888889,11.0,32.0,0.5300755033557046,0.5141196013289037
3.0,0.8888889,11.0,50.0,0.5299916107382551,0.513891196013289
3.0,0.8888889,11.0,80.0,0.5298797539149888,0.5139119601328904
3.0,0.8888889,11.0,128.0,0.5299077181208054,0.5138704318936878
3.0,0.8888889,13.0,2.0,0.5300475391498882,0.5140988372093023
3.0,0.8888889,13.0,3.0,0.5300475391498882,0.5140988372093023
3.0,0.8888889,13.0,5.0,0.5300475391498882,0.5140988372093023
3.0,0.8888889,13.0,8.0,0.5300475391498882,0.5140988372093023
3.0,0.8888889,13.0,12.0,0.5300475391498882,0.5140988372093023
3.0,0.8888889,13.0,20.0,0.5300475391498882,0.5140988372093023
3.0,0.8888889,13.0,32.0,0.5300755033557047,0.514078073089701
3.0,0.8888889,13.0,50.0,0.5299916107382551,0.513891196013289
3.0,0.8888889,13.0,80.0,0.5299007270693512,0.5139119601328904
3.0,0.8888889,13.0,128.0,0.5298587807606264,0.5138704318936878
3.0,0.8888889,15.0,2.0,0.5300125838926174,0.5141403654485049
3.0,0.8888889,15.0,3.0,0.5300125838926174,0.5141403654485049
3.0,0.8888889,15.0,5.0,0.5300125838926174,0.5141403654485049
3.0,0.8888889,15.0,8.0,0.5300125838926174,0.5141403654485049
3.0,0.8888889,15.0,12.0,0.5300125838926174,0.5141403654485049
3.0,0.8888889,15.0,20.0,0.5300125838926174,0.5141403654485049
3.0,0.8888889,15.0,32.0,0.5300335570469799,0.5141196013289037
3.0,0.8888889,15.0,50.0,0.5299426733780761,0.5139534883720931
3.0,0.8888889,15.0,80.0,0.5298657718120805,0.5139534883720931
3.0,0.8888889,15.0,128.0,0.5298447986577182,0.5139119601328904
3.0,0.8888889,17.0,2.0,0.5300894854586129,0.514078073089701
3.0,0.8888889,17.0,3.0,0.5300894854586129,0.514078073089701
3.0,0.8888889,17.0,5.0,0.5300894854586129,0.514078073089701
3.0,0.8888889,17.0,8.0,0.5300894854586129,0.514078073089701
3.0,0.8888889,17.0,12.0,0.5300894854586129,0.514078073089701
3.0,0.8888889,17.0,20.0,0.5300894854586129,0.514078073089701
3.0,0.8888889,17.0,32.0,0.5300894854586129,0.514078073089701
3.0,0.8888889,17.0,50.0,0.5299846196868009,0.514015780730897
3.0,0.8888889,17.0,80.0,0.529893736017897,0.5139950166112957
3.0,0.8888889,17.0,128.0,0.529886744966443,0.5139534883720931
3.0,0.8888889,20.0,2.0,0.5299986017897093,0.514078073089701
3.0,0.8888889,20.0,3.0,0.5299986017897093,0.514078073089701
3.0,0.8888889,20.0,5.0,0.5299986017897093,0.514078073089701
3.0,0.8888889,20.0,8.0,0.5299986017897093,0.514078073089701
3.0,0.8888889,20.0,12.0,0.5299986017897093,0.514078073089701
3.0,0.8888889,20.0,20.0,0.5299986017897093,0.514078073089701
3.0,0.8888889,20.0,32.0,0.5299986017897093,0.514078073089701
3.0,0.8888889,20.0,50.0,0.5298937360178971,0.5139950166112957
3.0,0.8888889,20.0,80.0,0.5298028523489933,0.5139327242524917
3.0,0.8888889,20.0,128.0,0.5298797539149888,0.5139742524916944
3.0,1.0,1.0,2.0,0.5300335570469799,0.5143064784053155
3.0,1.0,1.0,3.0,0.5300335570469799,0.5143064784053155
3.0,1.0,1.0,5.0,0.5300335570469799,0.5143064784053155
3.0,1.0,1.0,8.0,0.5300335570469799,0.5143064784053155
3.0,1.0,1.0,12.0,0.5300335570469799,0.5143064784053155
3.0,1.0,1.0,20.0,0.5300335570469799,0.5143064784053155
3.0,1.0,1.0,32.0,0.5300335570469799,0.5143064784053155
3.0,1.0,1.0,50.0,0.5300195749440716,0.5143064784053155
3.0,1.0,1.0,80.0,0.5300265659955257,0.5143064784053155
3.0,1.0,1.0,128.0,0.5299636465324384,0.514264950166113
3.0,1.0,3.0,2.0,0.5300335570469799,0.5143064784053155
3.0,1.0,3.0,3.0,0.5300335570469799,0.5143064784053155
3.0,1.0,3.0,5.0,0.5300335570469799,0.5143064784053155
3.0,1.0,3.0,8.0,0.5300335570469799,0.5143064784053155
3.0,1.0,3.0,12.0,0.5300335570469799,0.5143064784053155
3.0,1.0,3.0,20.0,0.5300335570469799,0.5143064784053155
3.0,1.0,3.0,32.0,0.5300335570469799,0.5143064784053155
3.0,1.0,3.0,50.0,0.5300195749440716,0.5143064784053155
3.0,1.0,3.0,80.0,0.5300265659955257,0.5143064784053155
3.0,1.0,3.0,128.0,0.5299636465324384,0.514264950166113
3.0,1.0,5.0,2.0,0.530040548098434,0.5143064784053155
3.0,1.0,5.0,3.0,0.530040548098434,0.5143064784053155
3.0,1.0,5.0,5.0,0.530040548098434,0.5143064784053155
3.0,1.0,5.0,8.0,0.530040548098434,0.5143064784053155
3.0,1.0,5.0,12.0,0.530040548098434,0.5143064784053155
3.0,1.0,5.0,20.0,0.530040548098434,0.5143064784053155
3.0,1.0,5.0,32.0,0.530040548098434,0.5143064784053155
3.0,1.0,5.0,50.0,0.530040548098434,0.5143064784053155
3.0,1.0,5.0,80.0,0.5300265659955257,0.5143064784053155
3.0,1.0,5.0,128.0,0.5299636465324384,0.514264950166113
3.0,1.0,7.0,2.0,0.5300195749440716,0.5143064784053155
3.0,1.0,7.0,3.0,0.5300195749440716,0.5143064784053155
3.0,1.0,7.0,5.0,0.5300195749440716,0.5143064784053155
3.0,1.0,7.0,8.0,0.5300195749440716,0.5143064784053155
3.0,1.0,7.0,12.0,0.5300195749440716,0.5143064784053155
3.0,1.0,7.0,20.0,0.5300195749440716,0.5143064784053155
3.0,1.0,7.0,32.0,0.5300195749440716,0.5143064784053155
3.0,1.0,7.0,50.0,0.5300125838926174,0.5143064784053155
3.0,1.0,7.0,80.0,0.5300195749440716,0.5143064784053155
3.0,1.0,7.0,128.0,0.5299566554809843,0.514264950166113
3.0,1.0,9.0,2.0,0.5300265659955257,0.5142857142857142
3.0,1.0,9.0,3.0,0.5300265659955257,0.5142857142857142
3.0,1.0,9.0,5.0,0.5300265659955257,0.5142857142857142
3.0,1.0,9.0,8.0,0.5300265659955257,0.5142857142857142
3.0,1.0,9.0,12.0,0.5300265659955257,0.5142857142857142
3.0,1.0,9.0,20.0,0.5300265659955257,0.5142857142857142
3.0,1.0,9.0,32.0,0.5300265659955257,0.5142857142857142
3.0,1.0,9.0,50.0,0.5300195749440716,0.5142857142857142
3.0,1.0,9.0,80.0,0.5300265659955257,0.5142857142857142
3.0,1.0,9.0,128.0,0.5299566554809843,0.5142441860465116
3.0,1.0,11.0,2.0,0.5300265659955257,0.514264950166113
3.0,1.0,11.0,3.0,0.5300265659955257,0.514264950166113
3.0,1.0,11.0,5.0,0.5300265659955257,0.514264950166113
3.0,1.0,11.0,8.0,0.5300265659955257,0.514264950166113
3.0,1.0,11.0,12.0,0.5300265659955257,0.514264950166113
3.0,1.0,11.0,20.0,0.5300265659955257,0.514264950166113
3.0,1.0,11.0,32.0,0.5300265659955257,0.514264950166113
3.0,1.0,11.0,50.0,0.5300195749440716,0.514264950166113
3.0,1.0,11.0,80.0,0.5300265659955257,0.5142857142857142
3.0,1.0,11.0,128.0,0.5299846196868009,0.5142441860465116
3.0,1.0,13.0,2.0,0.530040548098434,0.514264950166113
3.0,1.0,13.0,3.0,0.530040548098434,0.514264950166113
3.0,1.0,13.0,5.0,0.530040548098434,0.514264950166113
3.0,1.0,13.0,8.0,0.530040548098434,0.514264950166113
3.0,1.0,13.0,12.0,0.530040548098434,0.514264950166113
3.0,1.0,13.0,20.0,0.530040548098434,0.514264950166113
3.0,1.0,13.0,32.0,0.530040548098434,0.514264950166113
3.0,1.0,13.0,50.0,0.530040548098434,0.514264950166113
3.0,1.0,13.0,80.0,0.530040548098434,0.514264950166113
3.0,1.0,13.0,128.0,0.5300125838926174,0.5142234219269103
3.0,1.0,15.0,2.0,0.5300125838926174,0.514264950166113
3.0,1.0,15.0,3.0,0.5300125838926174,0.514264950166113
3.0,1.0,15.0,5.0,0.5300125838926174,0.514264950166113
3.0,1.0,15.0,8.0,0.5300125838926174,0.514264950166113
3.0,1.0,15.0,12.0,0.5300125838926174,0.514264950166113
3.0,1.0,15.0,20.0,0.5300125838926174,0.514264950166113
3.0,1.0,15.0,32.0,0.5300125838926174,0.514264950166113
3.0,1.0,15.0,50.0,0.5300055928411633,0.514264950166113
3.0,1.0,15.0,80.0,0.5299986017897091,0.514264950166113
3.0,1.0,15.0,128.0,0.5299846196868009,0.5142441860465116
3.0,1.0,17.0,2.0,0.5299846196868009,0.5142441860465116
3.0,1.0,17.0,3.0,0.5299846196868009,0.5142441860465116
3.0,1.0,17.0,5.0,0.5299846196868009,0.5142441860465116
3.0,1.0,17.0,8.0,0.5299846196868009,0.5142441860465116
3.0,1.0,17.0,12.0,0.5299846196868009,0.5142441860465116
3.0,1.0,17.0,20.0,0.5299846196868009,0.5142441860465116
3.0,1.0,17.0,32.0,0.5299846196868009,0.5142441860465116
3.0,1.0,17.0,50.0,0.5299846196868009,0.5142441860465116
3.0,1.0,17.0,80.0,0.5299846196868009,0.5142441860465116
3.0,1.0,17.0,128.0,0.5299846196868009,0.5142026578073089
3.0,1.0,20.0,2.0,0.5299916107382551,0.514264950166113
3.0,1.0,20.0,3.0,0.5299916107382551,0.514264950166113
3.0,1.0,20.0,5.0,0.5299916107382551,0.514264950166113
3.0,1.0,20.0,8.0,0.5299916107382551,0.514264950166113
3.0,1.0,20.0,12.0,0.5299916107382551,0.514264950166113
3.0,1.0,20.0,20.0,0.5299916107382551,0.514264950166113
3.0,1.0,20.0,32.0,0.5299916107382551,0.514264950166113
3.0,1.0,20.0,50.0,0.5299916107382551,0.514264950166113
3.0,1.0,20.0,80.0,0.5299916107382551,0.514264950166113
3.0,1.0,20.0,128.0,0.5299706375838926,0.5142441860465117
5.0,0.0,1.0,2.0,0.5417994966442953,0.5136835548172758
5.0,0.0,1.0,3.0,0.5419043624161074,0.5130398671096346
5.0,0.0,1.0,5.0,0.5417086129753915,0.5131021594684386
5.0,0.0,1.0,8.0,0.5416736577181208,0.5134343853820598
5.0,0.0,1.0,12.0,0.5412541946308724,0.513891196013289
5.0,0.0,1.0,20.0,0.5414988814317674,0.5144310631229236
5.0,0.0,1.0,32.0,0.5412402125279642,0.514015780730897
5.0,0.0,1.0,50.0,0.5408137583892618,0.5132059800664452
5.0,0.0,1.0,80.0,0.5404432326621924,0.5128737541528239
5.0,0.0,1.0,128.0,0.5396322706935124,0.5147425249169435
5.0,0.0,3.0,2.0,0.5412751677852349,0.5134759136212624
5.0,0.0,3.0,3.0,0.5412751677852349,0.5134759136212624
5.0,0.0,3.0,5.0,0.5412751677852349,0.5134759136212624
5.0,0.0,3.0,8.0,0.5415967561521253,0.5136212624584717
5.0,0.0,3.0,12.0,0.5408487136465324,0.5134343853820598
5.0,0.0,3.0,20.0,0.5414010067114094,0.5139534883720931
5.0,0.0,3.0,32.0,0.5407368568232662,0.513891196013289
5.0,0.0,3.0,50.0,0.5407508389261745,0.5133098006644519
5.0,0.0,3.0,80.0,0.5403942953020134,0.5125830564784053
5.0,0.0,3.0,128.0,0.5397021812080537,0.5144933554817276
5.0,0.0,5.0,2.0,0.5412681767337808,0.5132475083056478
5.0,0.0,5.0,3.0,0.5412681767337808,0.5132475083056478
5.0,0.0,5.0,5.0,0.5412681767337808,0.5132475083056478
5.0,0.0,5.0,8.0,0.5412681767337808,0.5132475083056478
5.0,0.0,5.0,12.0,0.5408137583892618,0.5133720930232558
5.0,0.0,5.0,20.0,0.5412122483221476,0.5139742524916944
5.0,0.0,5.0,32.0,0.5408836689038031,0.5135589700996678
5.0,0.0,5.0,50.0,0.5407019015659955,0.5133098006644519
5.0,0.0,5.0,80.0,0.5400796979865772,0.5126868770764119
5.0,0.0,5.0,128.0,0.5396951901565996,0.5145348837209303
5.0,0.0,7.0,2.0,0.5411703020134228,0.5135797342192691
5.0,0.0,7.0,3.0,0.5411703020134228,0.5135797342192691
5.0,0.0,7.0,5.0,0.5411703020134228,0.5135797342192691
5.0,0.0,7.0,8.0,0.5411703020134228,0.5135797342192691
5.0,0.0,7.0,12.0,0.5411703020134228,0.5135797342192691
5.0,0.0,7.0,20.0,0.5411912751677852,0.514264950166113
5.0,0.0,7.0,32.0,0.5415967561521253,0.5133928571428571
5.0,0.0,7.0,50.0,0.5407648210290827,0.5135174418604651
5.0,0.0,7.0,80.0,0.5400447427293065,0.5125
5.0,0.0,7.0,128.0,0.539562360178971,0.5140573089700997
5.0,0.0,9.0,2.0,0.5412192393736017,0.5140573089700997
5.0,0.0,9.0,3.0,0.5412192393736017,0.5140573089700997
5.0,0.0,9.0,5.0,0.5412192393736017,0.5140573089700997
5.0,0.0,9.0,8.0,0.5412192393736017,0.5140573089700997
5.0,0.0,9.0,12.0,0.5412192393736017,0.5140573089700997
5.0,0.0,9.0,20.0,0.5411982662192394,0.5139327242524917
5.0,0.0,9.0,32.0,0.5411143736017897,0.5133720930232558
5.0,0.0,9.0,50.0,0.5411003914988815,0.5137250830564783
5.0,0.0,9.0,80.0,0.5400097874720358,0.512375415282392
5.0,0.0,9.0,128.0,0.5397021812080537,0.5143687707641196
5.0,0.0,11.0,2.0,0.5411912751677852,0.5130606312292358
5.0,0.0,11.0,3.0,0.5411912751677852,0.5130606312292358
5.0,0.0,11.0,5.0,0.5411912751677852,0.5130606312292358
5.0,0.0,11.0,8.0,0.5411912751677852,0.5130606312292358
5.0,0.0,11.0,12.0,0.5411912751677852,0.5130606312292358
5.0,0.0,11.0,20.0,0.5411912751677852,0.5130606312292358
5.0,0.0,11.0,32.0,0.5408696868008949,0.5134343853820598
5.0,0.0,11.0,50.0,0.540876677852349,0.5133720930232558
5.0,0.0,11.0,80.0,0.5402265100671141,0.5124792358803987
5.0,0.0,11.0,128.0,0.5397860738255034,0.5142441860465116
5.0,0.0,13.0,2.0,0.5411353467561522,0.5133513289036544
5.0,0.0,13.0,3.0,0.5411353467561522,0.5133513289036544
5.0,0.0,13.0,5.0,0.5411353467561522,0.5133513289036544
5.0,0.0,13.0,8.0,0.5411353467561522,0.5133513289036544
5.0,0.0,13.0,12.0,0.5411353467561522,0.5133513289036544
5.0,0.0,13.0,20.0,0.5411353467561522,0.5133513289036544
5.0,0.0,13.0,32.0,0.5413450782997764,0.5133513289036544
5.0,0.0,13.0,50.0,0.5410584451901566,0.5136627906976744
5.0,0.0,13.0,80.0,0.5403104026845638,0.5127906976744186
5.0,0.0,13.0,128.0,0.5399119127516778,0.5142441860465117
5.0,0.0,15.0,2.0,0.5411143736017897,0.5138496677740865
5.0,0.0,15.0,3.0,0.5411143736017897,0.5138496677740865
5.0,0.0,15.0,5.0,0.5411143736017897,0.5138496677740865
5.0,0.0,15.0,8.0,0.5411143736017897,0.5138496677740865
5.0,0.0,15.0,12.0,0.5411143736017897,0.5138496677740865
5.0,0.0,15.0,20.0,0.5411143736017897,0.5138496677740865
5.0,0.0,15.0,32.0,0.5410584451901566,0.514078073089701
5.0,0.0,15.0,50.0,0.5407718120805369,0.5134759136212624
5.0,0.0,15.0,80.0,0.5403104026845638,0.5124584717607974
5.0,0.0,15.0,128.0,0.539918903803132,0.513891196013289
5.0,0.0,17.0,2.0,0.5409395973154363,0.513060631229236
5.0,0.0,17.0,3.0,0.5409395973154363,0.513060631229236
5.0,0.0,17.0,5.0,0.5409395973154363,0.513060631229236
5.0,0.0,17.0,8.0,0.5409395973154363,0.513060631229236
5.0,0.0,17.0,12.0,0.5409395973154363,0.513060631229236
5.0,0.0,17.0,20.0,0.5409395973154363,0.513060631229236
5.0,0.0,17.0,32.0,0.5409395973154363,0.513060631229236
5.0,0.0,17.0,50.0,0.5406459731543624,0.5136627906976744
5.0,0.0,17.0,80.0,0.540121644295302,0.5128322259136213
5.0,0.0,17.0,128.0,0.539918903803132,0.5144518272425249
5.0,0.0,20.0,2.0,0.5409955257270693,0.5136835548172758
5.0,0.0,20.0,3.0,0.5409955257270693,0.5136835548172758
5.0,0.0,20.0,5.0,0.5409955257270693,0.5136835548172758
5.0,0.0,20.0,8.0,0.5409955257270693,0.5136835548172758
5.0,0.0,20.0,12.0,0.5409955257270693,0.5136835548172758
5.0,0.0,20.0,20.0,0.5409955257270693,0.5136835548172758
5.0,0.0,20.0,32.0,0.5409955257270693,0.5136835548172758
5.0,0.0,20.0,50.0,0.5403803131991051,0.5141196013289037
5.0,0.0,20.0,80.0,0.5398210290827741,0.5123961794019933
5.0,0.0,20.0,128.0,0.5396602348993289,0.5139119601328904
5.0,0.11111111,1.0,2.0,0.5417994966442953,0.5136835548172758
5.0,0.11111111,1.0,3.0,0.5419043624161074,0.5130398671096346
5.0,0.11111111,1.0,5.0,0.5417086129753915,0.5131021594684386
5.0,0.11111111,1.0,8.0,0.5416736577181208,0.5134343853820598
5.0,0.11111111,1.0,12.0,0.5412541946308724,0.513891196013289
5.0,0.11111111,1.0,20.0,0.5414988814317674,0.5144310631229236
5.0,0.11111111,1.0,32.0,0.5412402125279642,0.514015780730897
5.0,0.11111111,1.0,50.0,0.5408137583892618,0.5132059800664452
5.0,0.11111111,1.0,80.0,0.5404432326621924,0.5128737541528239
5.0,0.11111111,1.0,128.0,0.5396322706935124,0.5147425249169435
5.0,0.11111111,3.0,2.0,0.5412751677852349,0.5134759136212624
5.0,0.11111111,3.0,3.0,0.5412751677852349,0.5134759136212624
5.0,0.11111111,3.0,5.0,0.5412751677852349,0.5134759136212624
5.0,0.11111111,3.0,8.0,0.5415967561521253,0.5136212624584717
5.0,0.11111111,3.0,12.0,0.5408487136465324,0.5134343853820598
5.0,0.11111111,3.0,20.0,0.5414010067114094,0.5139534883720931
5.0,0.11111111,3.0,32.0,0.5407368568232662,0.513891196013289
5.0,0.11111111,3.0,50.0,0.5407508389261745,0.5133098006644519
5.0,0.11111111,3.0,80.0,0.5403942953020134,0.5125830564784053
5.0,0.11111111,3.0,128.0,0.5397021812080537,0.5144933554817276
5.0,0.11111111,5.0,2.0,0.5412681767337808,0.5132475083056478
5.0,0.11111111,5.0,3.0,0.5412681767337808,0.5132475083056478
5.0,0.11111111,5.0,5.0,0.5412681767337808,0.5132475083056478
5.0,0.11111111,5.0,8.0,0.5412681767337808,0.5132475083056478
5.0,0.11111111,5.0,12.0,0.5408137583892618,0.5133720930232558
5.0,0.11111111,5.0,20.0,0.5412122483221476,0.5139742524916944
5.0,0.11111111,5.0,32.0,0.5408836689038031,0.5135589700996678
5.0,0.11111111,5.0,50.0,0.5407019015659955,0.5133098006644519
5.0,0.11111111,5.0,80.0,0.5400796979865772,0.5126868770764119
5.0,0.11111111,5.0,128.0,0.5396951901565996,0.5145348837209303
5.0,0.11111111,7.0,2.0,0.5411703020134228,0.5135797342192691
5.0,0.11111111,7.0,3.0,0.5411703020134228,0.5135797342192691
5.0,0.11111111,7.0,5.0,0.5411703020134228,0.5135797342192691
5.0,0.11111111,7.0,8.0,0.5411703020134228,0.5135797342192691
5.0,0.11111111,7.0,12.0,0.5411703020134228,0.5135797342192691
5.0,0.11111111,7.0,20.0,0.5411912751677852,0.514264950166113
5.0,0.11111111,7.0,32.0,0.5415967561521253,0.5133928571428571
5.0,0.11111111,7.0,50.0,0.5407648210290827,0.5135174418604651
5.0,0.11111111,7.0,80.0,0.5400447427293065,0.5125
5.0,0.11111111,7.0,128.0,0.539562360178971,0.5140573089700997
5.0,0.11111111,9.0,2.0,0.5412192393736017,0.5140573089700997
5.0,0.11111111,9.0,3.0,0.5412192393736017,0.5140573089700997
5.0,0.11111111,9.0,5.0,0.5412192393736017,0.5140573089700997
5.0,0.11111111,9.0,8.0,0.5412192393736017,0.5140573089700997
5.0,0.11111111,9.0,12.0,0.5412192393736017,0.5140573089700997
5.0,0.11111111,9.0,20.0,0.5411982662192394,0.5139327242524917
5.0,0.11111111,9.0,32.0,0.5411143736017897,0.5133720930232558
5.0,0.11111111,9.0,50.0,0.5411003914988815,0.5137250830564783
5.0,0.11111111,9.0,80.0,0.5400097874720358,0.512375415282392
5.0,0.11111111,9.0,128.0,0.5397021812080537,0.5143687707641196
5.0,0.11111111,11.0,2.0,0.5411912751677852,0.5130606312292358
5.0,0.11111111,11.0,3.0,0.5411912751677852,0.5130606312292358
5.0,0.11111111,11.0,5.0,0.5411912751677852,0.5130606312292358
5.0,0.11111111,11.0,8.0,0.5411912751677852,0.5130606312292358
5.0,0.11111111,11.0,12.0,0.5411912751677852,0.5130606312292358
5.0,0.11111111,11.0,20.0,0.5411912751677852,0.5130606312292358
5.0,0.11111111,11.0,32.0,0.5408696868008949,0.5134343853820598
5.0,0.11111111,11.0,50.0,0.540876677852349,0.5133720930232558
5.0,0.11111111,11.0,80.0,0.5402265100671141,0.5124792358803987
5.0,0.11111111,11.0,128.0,0.5397860738255034,0.5142441860465116
5.0,0.11111111,13.0,2.0,0.5411353467561522,0.5133513289036544
5.0,0.11111111,13.0,3.0,0.5411353467561522,0.5133513289036544
5.0,0.11111111,13.0,5.0,0.5411353467561522,0.5133513289036544
5.0,0.11111111,13.0,8.0,0.5411353467561522,0.5133513289036544
5.0,0.11111111,13.0,12.0,0.5411353467561522,0.5133513289036544
5.0,0.11111111,13.0,20.0,0.5411353467561522,0.5133513289036544
5.0,0.11111111,13.0,32.0,0.5413450782997764,0.5133513289036544
5.0,0.11111111,13.0,50.0,0.5410584451901566,0.5136627906976744
5.0,0.11111111,13.0,80.0,0.5403104026845638,0.5127906976744186
5.0,0.11111111,13.0,128.0,0.5399119127516778,0.5142441860465117
5.0,0.11111111,15.0,2.0,0.5411143736017897,0.5138496677740865
5.0,0.11111111,15.0,3.0,0.5411143736017897,0.5138496677740865
5.0,0.11111111,15.0,5.0,0.5411143736017897,0.5138496677740865
5.0,0.11111111,15.0,8.0,0.5411143736017897,0.5138496677740865
5.0,0.11111111,15.0,12.0,0.5411143736017897,0.5138496677740865
5.0,0.11111111,15.0,20.0,0.5411143736017897,0.5138496677740865
5.0,0.11111111,15.0,32.0,0.5410584451901566,0.514078073089701
5.0,0.11111111,15.0,50.0,0.5407718120805369,0.5134759136212624
5.0,0.11111111,15.0,80.0,0.5403104026845638,0.5124584717607974
5.0,0.11111111,15.0,128.0,0.539918903803132,0.513891196013289
5.0,0.11111111,17.0,2.0,0.5409395973154363,0.513060631229236
5.0,0.11111111,17.0,3.0,0.5409395973154363,0.513060631229236
5.0,0.11111111,17.0,5.0,0.5409395973154363,0.513060631229236
5.0,0.11111111,17.0,8.0,0.5409395973154363,0.513060631229236
5.0,0.11111111,17.0,12.0,0.5409395973154363,0.513060631229236
5.0,0.11111111,17.0,20.0,0.5409395973154363,0.513060631229236
5.0,0.11111111,17.0,32.0,0.5409395973154363,0.513060631229236
5.0,0.11111111,17.0,50.0,0.5406459731543624,0.5136627906976744
5.0,0.11111111,17.0,80.0,0.540121644295302,0.5128322259136213
5.0,0.11111111,17.0,128.0,0.539918903803132,0.5144518272425249
5.0,0.11111111,20.0,2.0,0.5409955257270693,0.5136835548172758
5.0,0.11111111,20.0,3.0,0.5409955257270693,0.5136835548172758
5.0,0.11111111,20.0,5.0,0.5409955257270693,0.5136835548172758
5.0,0.11111111,20.0,8.0,0.5409955257270693,0.5136835548172758
5.0,0.11111111,20.0,12.0,0.5409955257270693,0.5136835548172758
5.0,0.11111111,20.0,20.0,0.5409955257270693,0.5136835548172758
5.0,0.11111111,20.0,32.0,0.5409955257270693,0.5136835548172758
5.0,0.11111111,20.0,50.0,0.5403803131991051,0.5141196013289037
5.0,0.11111111,20.0,80.0,0.5398210290827741,0.5123961794019933
5.0,0.11111111,20.0,128.0,0.5396602348993289,0.5139119601328904
5.0,0.22222222,1.0,2.0,0.5423727628635346,0.5140365448504983
5.0,0.22222222,1.0,3.0,0.5424356823266219,0.5140573089700997
5.0,0.22222222,1.0,5.0,0.5425195749440717,0.5141611295681063
5.0,0.22222222,1.0,8.0,0.5419742729306487,0.5144725913621262
5.0,0.22222222,1.0,12.0,0.5428271812080536,0.5139327242524917
5.0,0.22222222,1.0,20.0,0.5424286912751677,0.5139950166112957
5.0,0.22222222,1.0,32.0,0.5423517897091722,0.5144518272425249
5.0,0.22222222,1.0,50.0,0.5418204697986577,0.5136835548172758
5.0,0.22222222,1.0,80.0,0.5411423378076062,0.5136004983388704
5.0,0.22222222,1.0,128.0,0.5409116331096196,0.5132890365448505
5.0,0.22222222,3.0,2.0,0.542589485458613,0.513891196013289
5.0,0.22222222,3.0,3.0,0.542589485458613,0.513891196013289
5.0,0.22222222,3.0,5.0,0.542589485458613,0.513891196013289
5.0,0.22222222,3.0,8.0,0.542086129753915,0.5148048172757476
5.0,0.22222222,3.0,12.0,0.542792225950783,0.5141611295681063
5.0,0.22222222,3.0,20.0,0.5422958612975392,0.5139534883720931
5.0,0.22222222,3.0,32.0,0.5421909955257271,0.5144310631229236
5.0,0.22222222,3.0,50.0,0.5417575503355705,0.5136212624584717
5.0,0.22222222,3.0,80.0,0.5412681767337808,0.5136627906976744
5.0,0.22222222,3.0,128.0,0.5409186241610738,0.5131021594684386
5.0,0.22222222,5.0,2.0,0.5425195749440717,0.5139742524916944
5.0,0.22222222,5.0,3.0,0.5425195749440717,0.5139742524916944
5.0,0.22222222,5.0,5.0,0.5425195749440717,0.5139742524916944
5.0,0.22222222,5.0,8.0,0.5425195749440717,0.5139742524916944
5.0,0.22222222,5.0,12.0,0.5427852348993288,0.5143064784053155
5.0,0.22222222,5.0,20.0,0.5421630313199105,0.5137458471760797
5.0,0.22222222,5.0,32.0,0.5420441834451901,0.5142857142857143
5.0,0.22222222,5.0,50.0,0.541680648769575,0.5136212624584717
5.0,0.22222222,5.0,80.0,0.5411423378076062,0.5136835548172758
5.0,0.22222222,5.0,128.0,0.54103048098434,0.5129983388704319
5.0,0.22222222,7.0,2.0,0.5424426733780761,0.5142026578073089
5.0,0.22222222,7.0,3.0,0.5424426733780761,0.5142026578073089
5.0,0.22222222,7.0,5.0,0.5424426733780761,0.5142026578073089
5.0,0.22222222,7.0,8.0,0.5424426733780761,0.5142026578073089
5.0,0.22222222,7.0,12.0,0.5424426733780761,0.5142026578073089
5.0,0.22222222,7.0,20.0,0.5420511744966443,0.5136004983388704
5.0,0.22222222,7.0,32.0,0.542037192393736,0.5138081395348838
5.0,0.22222222,7.0,50.0,0.5418694071588367,0.5130191029900332
5.0,0.22222222,7.0,80.0,0.541428970917226,0.5135797342192692
5.0,0.22222222,7.0,128.0,0.5409116331096196,0.5128737541528239
5.0,0.22222222,9.0,2.0,0.5424147091722595,0.5133305647840531
5.0,0.22222222,9.0,3.0,0.5424147091722595,0.5133305647840531
5.0,0.22222222,9.0,5.0,0.5424147091722595,0.5133305647840531
5.0,0.22222222,9.0,8.0,0.5424147091722595,0.5133305647840531
5.0,0.22222222,9.0,12.0,0.5424147091722595,0.5133305647840531
5.0,0.22222222,9.0,20.0,0.5418903803131991,0.513891196013289
5.0,0.22222222,9.0,32.0,0.542337807606264,0.5142026578073089
5.0,0.22222222,9.0,50.0,0.5420162192393736,0.5131852159468439
5.0,0.22222222,9.0,80.0,0.5411143736017897,0.5133928571428571
5.0,0.22222222,9.0,128.0,0.5407927852348994,0.5134343853820598
5.0,0.22222222,11.0,2.0,0.5418624161073826,0.5130398671096346
5.0,0.22222222,11.0,3.0,0.5418624161073826,0.5130398671096346
5.0,0.22222222,11.0,5.0,0.5418624161073826,0.5130398671096346
5.0,0.22222222,11.0,8.0,0.5418624161073826,0.5130398671096346
5.0,0.22222222,11.0,12.0,0.5418624161073826,0.5130398671096346
5.0,0.22222222,11.0,20.0,0.5418624161073826,0.5130398671096346
5.0,0.22222222,11.0,32.0,0.5422189597315435,0.5144725913621262
5.0,0.22222222,11.0,50.0,0.5420162192393736,0.5137458471760797
5.0,0.22222222,11.0,80.0,0.5412681767337808,0.5135797342192692
5.0,0.22222222,11.0,128.0,0.5410654362416107,0.5131436877076412
5.0,0.22222222,13.0,2.0,0.5414569351230425,0.513766611295681
5.0,0.22222222,13.0,3.0,0.5414569351230425,0.513766611295681
5.0,0.22222222,13.0,5.0,0.5414569351230425,0.513766611295681
5.0,0.22222222,13.0,8.0,0.5414569351230425,0.513766611295681
5.0,0.22222222,13.0,12.0,0.5414569351230425,0.513766611295681
5.0,0.22222222,13.0,20.0,0.5414569351230425,0.513766611295681
5.0,0.22222222,13.0,32.0,0.5417016219239373,0.5145556478405315
5.0,0.22222222,13.0,50.0,0.5419532997762864,0.5139950166112957
5.0,0.22222222,13.0,80.0,0.5409395973154363,0.5132059800664452
5.0,0.22222222,13.0,128.0,0.5408417225950783,0.513455149501661
5.0,0.22222222,15.0,2.0,0.5417156040268456,0.5148048172757476
5.0,0.22222222,15.0,3.0,0.5417156040268456,0.5148048172757476
5.0,0.22222222,15.0,5.0,0.5417156040268456,0.5148048172757476
5.0,0.22222222,15.0,8.0,0.5417156040268456,0.5148048172757476
5.0,0.22222222,15.0,12.0,0.5417156040268456,0.5148048172757476
5.0,0.22222222,15.0,20.0,0.5417156040268456,0.5148048172757476
5.0,0.22222222,15.0,32.0,0.5419672818791946,0.5146594684385383
5.0,0.22222222,15.0,50.0,0.5420511744966443,0.5136420265780731
5.0,0.22222222,15.0,80.0,0.5411423378076062,0.5134343853820599
5.0,0.22222222,15.0,128.0,0.5410095078299777,0.5136004983388704
5.0,0.22222222,17.0,2.0,0.5416666666666667,0.5146179401993355
5.0,0.22222222,17.0,3.0,0.5416666666666667,0.5146179401993355
5.0,0.22222222,17.0,5.0,0.5416666666666667,0.5146179401993355
5.0,0.22222222,17.0,8.0,0.5416666666666667,0.5146179401993355
5.0,0.22222222,17.0,12.0,0.5416666666666667,0.5146179401993355
5.0,0.22222222,17.0,20.0,0.5416666666666667,0.5146179401993355
5.0,0.22222222,17.0,32.0,0.5416666666666667,0.5146179401993355
5.0,0.22222222,17.0,50.0,0.5418624161073826,0.5134759136212624
5.0,0.22222222,17.0,80.0,0.5412541946308724,0.5130398671096346
5.0,0.22222222,17.0,128.0,0.5411982662192394,0.5132059800664452
5.0,0.22222222,20.0,2.0,0.5419882550335571,0.5140988372093023
5.0,0.22222222,20.0,3.0,0.5419882550335571,0.5140988372093023
5.0,0.22222222,20.0,5.0,0.5419882550335571,0.5140988372093023
5.0,0.22222222,20.0,8.0,0.5419882550335571,0.5140988372093023
5.0,0.22222222,20.0,12.0,0.5419882550335571,0.5140988372093023
5.0,0.22222222,20.0,20.0,0.5419882550335571,0.5140988372093023
5.0,0.22222222,20.0,32.0,0.5419882550335571,0.5140988372093023
5.0,0.22222222,20.0,50.0,0.5419113534675615,0.5141196013289037
5.0,0.22222222,20.0,80.0,0.5412332214765101,0.5136627906976744
5.0,0.22222222,20.0,128.0,0.5409815436241611,0.5133513289036544
5.0,0.33333334,1.0,2.0,0.5430508948545862,0.5131436877076412
5.0,0.33333334,1.0,3.0,0.5433165548098434,0.5129152823920266
5.0,0.33333334,1.0,5.0,0.5431697427293065,0.5139534883720931
5.0,0.33333334,1.0,8.0,0.5432326621923937,0.5132267441860465
5.0,0.33333334,1.0,12.0,0.5426803691275168,0.5139119601328903
5.0,0.33333334,1.0,20.0,0.5429809843400448,0.5133305647840531
5.0,0.33333334,1.0,32.0,0.5424426733780761,0.5132890365448505
5.0,0.33333334,1.0,50.0,0.5422539149888144,0.5136420265780731
5.0,0.33333334,1.0,80.0,0.5419532997762864,0.5133720930232558
5.0,0.33333334,1.0,128.0,0.54143596196868,0.5137873754152824
5.0,0.33333334,3.0,2.0,0.5430019574944072,0.5132059800664452
5.0,0.33333334,3.0,3.0,0.5430019574944072,0.5132059800664452
5.0,0.33333334,3.0,5.0,0.5430019574944072,0.5132059800664452
5.0,0.33333334,3.0,8.0,0.5429040827740492,0.5131229235880398
5.0,0.33333334,3.0,12.0,0.5426663870246085,0.5137458471760797
5.0,0.33333334,3.0,20.0,0.5426733780760626,0.5131229235880399
5.0,0.33333334,3.0,32.0,0.5422609060402686,0.5136627906976744
5.0,0.33333334,3.0,50.0,0.5423028523489932,0.5135797342192692
5.0,0.33333334,3.0,80.0,0.5419882550335571,0.5132890365448505
5.0,0.33333334,3.0,128.0,0.5414429530201342,0.5137250830564783
5.0,0.33333334,5.0,2.0,0.5427642617449664,0.5134966777408638
5.0,0.33333334,5.0,3.0,0.5427642617449664,0.5134966777408638
5.0,0.33333334,5.0,5.0,0.5427642617449664,0.5134966777408638
5.0,0.33333334,5.0,8.0,0.5427642617449664,0.5134966777408638
5.0,0.33333334,5.0,12.0,0.5428271812080536,0.5144518272425249
5.0,0.33333334,5.0,20.0,0.542491610738255,0.5137458471760797
5.0,0.33333334,5.0,32.0,0.5423797539149888,0.5135174418604651
5.0,0.33333334,5.0,50.0,0.5425685123042505,0.5132682724252492
5.0,0.33333334,5.0,80.0,0.5419882550335571,0.5131644518272426
5.0,0.33333334,5.0,128.0,0.5414149888143177,0.5138496677740865
5.0,0.33333334,7.0,2.0,0.5425195749440717,0.5132475083056478
5.0,0.33333334,7.0,3.0,0.5425195749440717,0.5132475083056478
5.0,0.33333334,7.0,5.0,0.5425195749440717,0.5132475083056478
5.0,0.33333334,7.0,8.0,0.5425195749440717,0.5132475083056478
5.0,0.33333334,7.0,12.0,0.5425195749440717,0.5132475083056478
5.0,0.33333334,7.0,20.0,0.5425685123042505,0.5134759136212624
5.0,0.33333334,7.0,32.0,0.5422539149888144,0.5129568106312292
5.0,0.33333334,7.0,50.0,0.5424566554809843,0.5129775747508305
5.0,0.33333334,7.0,80.0,0.5419323266219239,0.5137458471760799
5.0,0.33333334,7.0,128.0,0.5414149888143177,0.5140365448504983
5.0,0.33333334,9.0,2.0,0.5422259507829977,0.5139742524916944
5.0,0.33333334,9.0,3.0,0.5422259507829977,0.5139742524916944
5.0,0.33333334,9.0,5.0,0.5422259507829977,0.5139742524916944
5.0,0.33333334,9.0,8.0,0.5422259507829977,0.5139742524916944
5.0,0.33333334,9.0,12.0,0.5422259507829977,0.5139742524916944
5.0,0.33333334,9.0,20.0,0.5424356823266219,0.5139534883720931
5.0,0.33333334,9.0,32.0,0.5420651565995526,0.5132890365448505
5.0,0.33333334,9.0,50.0,0.542491610738255,0.5131644518272426
5.0,0.33333334,9.0,80.0,0.5417994966442954,0.5140573089700997
5.0,0.33333334,9.0,128.0,0.5414499440715883,0.5139534883720931
5.0,0.33333334,11.0,2.0,0.5419952460850113,0.5136212624584717
5.0,0.33333334,11.0,3.0,0.5419952460850113,0.5136212624584717
5.0,0.33333334,11.0,5.0,0.5419952460850113,0.5136212624584717
5.0,0.33333334,11.0,8.0,0.5419952460850113,0.5136212624584717
5.0,0.33333334,11.0,12.0,0.5419952460850113,0.5136212624584717
5.0,0.33333334,11.0,20.0,0.5419952460850113,0.5136212624584717
5.0,0.33333334,11.0,32.0,0.5423028523489932,0.5132890365448505
5.0,0.33333334,11.0,50.0,0.5423797539149888,0.5137043189368771
5.0,0.33333334,11.0,80.0,0.5414499440715883,0.5142441860465116
5.0,0.33333334,11.0,128.0,0.5413101230425056,0.5140573089700997
5.0,0.33333334,13.0,2.0,0.5423517897091722,0.5124584717607974
5.0,0.33333334,13.0,3.0,0.5423517897091722,0.5124584717607974
5.0,0.33333334,13.0,5.0,0.5423517897091722,0.5124584717607974
5.0,0.33333334,13.0,8.0,0.5423517897091722,0.5124584717607974
5.0,0.33333334,13.0,12.0,0.5423517897091722,0.5124584717607974
5.0,0.33333334,13.0,20.0,0.5423517897091722,0.5124584717607974
5.0,0.33333334,13.0,32.0,0.5421001118568233,0.5128737541528239
5.0,0.33333334,13.0,50.0,0.5423168344519016,0.5135797342192692
5.0,0.33333334,13.0,80.0,0.541680648769575,0.5141818936877076
5.0,0.33333334,13.0,128.0,0.5413031319910514,0.5142441860465116
5.0,0.33333334,15.0,2.0,0.5416596756152126,0.512749169435216
5.0,0.33333334,15.0,3.0,0.5416596756152126,0.512749169435216
5.0,0.33333334,15.0,5.0,0.5416596756152126,0.512749169435216
5.0,0.33333334,15.0,8.0,0.5416596756152126,0.512749169435216
5.0,0.33333334,15.0,12.0,0.5416596756152126,0.512749169435216
5.0,0.33333334,15.0,20.0,0.5416596756152126,0.512749169435216
5.0,0.33333334,15.0,32.0,0.5420232102908278,0.5128945182724253
5.0,0.33333334,15.0,50.0,0.5424077181208053,0.5134759136212624
5.0,0.33333334,15.0,80.0,0.5414219798657718,0.514015780730897
5.0,0.33333334,15.0,128.0,0.5413520693512305,0.5139327242524917
5.0,0.33333334,17.0,2.0,0.5419672818791946,0.5131021594684386
5.0,0.33333334,17.0,3.0,0.5419672818791946,0.5131021594684386
5.0,0.33333334,17.0,5.0,0.5419672818791946,0.5131021594684386
5.0,0.33333334,17.0,8.0,0.5419672818791946,0.5131021594684386
5.0,0.33333334,17.0,12.0,0.5419672818791946,0.5131021594684386
5.0,0.33333334,17.0,20.0,0.5419672818791946,0.5131021594684386
5.0,0.33333334,17.0,32.0,0.5419672818791946,0.5131021594684386
5.0,0.33333334,17.0,50.0,0.5421630313199105,0.5138081395348838
5.0,0.33333334,17.0,80.0,0.5416037472035794,0.5139327242524917
5.0,0.33333334,17.0,128.0,0.5411982662192394,0.513766611295681
5.0,0.33333334,20.0,2.0,0.5420302013422819,0.513060631229236
5.0,0.33333334,20.0,3.0,0.5420302013422819,0.513060631229236
5.0,0.33333334,20.0,5.0,0.5420302013422819,0.513060631229236
5.0,0.33333334,20.0,8.0,0.5420302013422819,0.513060631229236
5.0,0.33333334,20.0,12.0,0.5420302013422819,0.513060631229236
5.0,0.33333334,20.0,20.0,0.5420302013422819,0.513060631229236
5.0,0.33333334,20.0,32.0,0.5420302013422819,0.513060631229236
5.0,0.33333334,20.0,50.0,0.5421280760626399,0.5133928571428571
5.0,0.33333334,20.0,80.0,0.5415478187919464,0.5136420265780731
5.0,0.33333334,20.0,128.0,0.5410514541387025,0.5136627906976744
5.0,0.44444445,1.0,2.0,0.5436451342281879,0.5143480066445183
5.0,0.44444445,1.0,3.0,0.5438618568232663,0.5145141196013289
5.0,0.44444445,1.0,5.0,0.5437290268456375,0.514389534883721
5.0,0.44444445,1.0,8.0,0.5434773489932886,0.5145971760797342
5.0,0.44444445,1.0,12.0,0.5432326621923937,0.514327242524917
5.0,0.44444445,1.0,20.0,0.5436591163310962,0.5146594684385382
5.0,0.44444445,1.0,32.0,0.5429949664429531,0.5134966777408637
5.0,0.44444445,1.0,50.0,0.5429390380313199,0.5139327242524917
5.0,0.44444445,1.0,80.0,0.5425125838926175,0.5135174418604651
5.0,0.44444445,1.0,128.0,0.542337807606264,0.5132682724252492
5.0,0.44444445,3.0,2.0,0.5434074384787472,0.514389534883721
5.0,0.44444445,3.0,3.0,0.5434074384787472,0.514389534883721
5.0,0.44444445,3.0,5.0,0.5434074384787472,0.514389534883721
5.0,0.44444445,3.0,8.0,0.5432606263982104,0.5139950166112957
5.0,0.44444445,3.0,12.0,0.5432396532438479,0.5142441860465116
5.0,0.44444445,3.0,20.0,0.5436870805369127,0.5146594684385382
5.0,0.44444445,3.0,32.0,0.5430229306487695,0.5134343853820598
5.0,0.44444445,3.0,50.0,0.542897091722595,0.5139327242524917
5.0,0.44444445,3.0,80.0,0.5424776286353468,0.5136835548172758
5.0,0.44444445,3.0,128.0,0.5423238255033557,0.5132475083056478
5.0,0.44444445,5.0,2.0,0.5429600111856823,0.514327242524917
5.0,0.44444445,5.0,3.0,0.5429600111856823,0.514327242524917
5.0,0.44444445,5.0,5.0,0.5429600111856823,0.514327242524917
5.0,0.44444445,5.0,8.0,0.5429600111856823,0.514327242524917
5.0,0.44444445,5.0,12.0,0.5430578859060403,0.5140988372093023
5.0,0.44444445,5.0,20.0,0.5435332774049216,0.5140573089700997
5.0,0.44444445,5.0,32.0,0.542785234899329,0.5135174418604651
5.0,0.44444445,5.0,50.0,0.5429879753914989,0.5137043189368771
5.0,0.44444445,5.0,80.0,0.5424706375838927,0.5136420265780731
5.0,0.44444445,5.0,128.0,0.5423308165548099,0.5129775747508305
5.0,0.44444445,7.0,2.0,0.5432885906040268,0.5138704318936878
5.0,0.44444445,7.0,3.0,0.5432885906040268,0.5138704318936878
5.0,0.44444445,7.0,5.0,0.5432885906040268,0.5138704318936878
5.0,0.44444445,7.0,8.0,0.5432885906040268,0.5138704318936878
5.0,0.44444445,7.0,12.0,0.5432885906040268,0.5138704318936878
5.0,0.44444445,7.0,20.0,0.5434214205816554,0.514327242524917
5.0,0.44444445,7.0,32.0,0.5430788590604027,0.5129983388704319
5.0,0.44444445,7.0,50.0,0.542792225950783,0.5140988372093023
5.0,0.44444445,7.0,80.0,0.5421630313199105,0.5133720930232558
5.0,0.44444445,7.0,128.0,0.5422329418344519,0.5127906976744185
5.0,0.44444445,9.0,2.0,0.5432326621923937,0.514264950166113
5.0,0.44444445,9.0,3.0,0.5432326621923937,0.514264950166113
5.0,0.44444445,9.0,5.0,0.5432326621923937,0.514264950166113
5.0,0.44444445,9.0,8.0,0.5432326621923937,0.514264950166113
5.0,0.44444445,9.0,12.0,0.5432326621923937,0.514264950166113
5.0,0.44444445,9.0,20.0,0.5432606263982104,0.5144102990033222
5.0,0.44444445,9.0,32.0,0.5429320469798657,0.5136835548172758
5.0,0.44444445,9.0,50.0,0.5425055928411633,0.5138081395348837
5.0,0.44444445,9.0,80.0,0.5423238255033557,0.5134343853820598
5.0,0.44444445,9.0,128.0,0.5423657718120806,0.5132890365448505
5.0,0.44444445,11.0,2.0,0.5430998322147651,0.5137043189368771
5.0,0.44444445,11.0,3.0,0.5430998322147651,0.5137043189368771
5.0,0.44444445,11.0,5.0,0.5430998322147651,0.5137043189368771
5.0,0.44444445,11.0,8.0,0.5430998322147651,0.5137043189368771
5.0,0.44444445,11.0,12.0,0.5430998322147651,0.5137043189368771
5.0,0.44444445,11.0,20.0,0.5430998322147651,0.5137043189368771
5.0,0.44444445,11.0,32.0,0.5429670022371365,0.5136004983388704
5.0,0.44444445,11.0,50.0,0.5424846196868008,0.5139950166112957
5.0,0.44444445,11.0,80.0,0.5426803691275168,0.5138081395348837
5.0,0.44444445,11.0,128.0,0.5426034675615212,0.5133098006644519
5.0,0.44444445,13.0,2.0,0.5429879753914989,0.5137043189368771
5.0,0.44444445,13.0,3.0,0.5429879753914989,0.5137043189368771
5.0,0.44444445,13.0,5.0,0.5429879753914989,0.5137043189368771
5.0,0.44444445,13.0,8.0,0.5429879753914989,0.5137043189368771
5.0,0.44444445,13.0,12.0,0.5429879753914989,0.5137043189368771
5.0,0.44444445,13.0,20.0,0.5429879753914989,0.5137043189368771
5.0,0.44444445,13.0,32.0,0.5427293064876958,0.513891196013289
5.0,0.44444445,13.0,50.0,0.5426663870246085,0.5137873754152824
5.0,0.44444445,13.0,80.0,0.5426034675615212,0.5137250830564783
5.0,0.44444445,13.0,128.0,0.5424217002237136,0.5137043189368771
5.0,0.44444445,15.0,2.0,0.5428131991051455,0.5139327242524917
5.0,0.44444445,15.0,3.0,0.5428131991051455,0.5139327242524917
5.0,0.44444445,15.0,5.0,0.5428131991051455,0.5139327242524917
5.0,0.44444445,15.0,8.0,0.5428131991051455,0.5139327242524917
5.0,0.44444445,15.0,12.0,0.5428131991051455,0.5139327242524917
5.0,0.44444445,15.0,20.0,0.5428131991051455,0.5139327242524917
5.0,0.44444445,15.0,32.0,0.5427362975391499,0.5137458471760797
5.0,0.44444445,15.0,50.0,0.5424217002237136,0.5139742524916944
5.0,0.44444445,15.0,80.0,0.542135067114094,0.5135797342192691
5.0,0.44444445,15.0,128.0,0.5424147091722595,0.5133513289036544
5.0,0.44444445,17.0,2.0,0.5430648769574944,0.5136627906976744
5.0,0.44444445,17.0,3.0,0.5430648769574944,0.5136627906976744
5.0,0.44444445,17.0,5.0,0.5430648769574944,0.5136627906976744
5.0,0.44444445,17.0,8.0,0.5430648769574944,0.5136627906976744
5.0,0.44444445,17.0,12.0,0.5430648769574944,0.5136627906976744
5.0,0.44444445,17.0,20.0,0.5430648769574944,0.5136627906976744
5.0,0.44444445,17.0,32.0,0.5430648769574944,0.5136627906976744
5.0,0.44444445,17.0,50.0,0.5425545302013423,0.5140365448504983
5.0,0.44444445,17.0,80.0,0.542491610738255,0.5141611295681063
5.0,0.44444445,17.0,128.0,0.5423308165548099,0.5134343853820598
5.0,0.44444445,20.0,2.0,0.5427502796420581,0.512998338870432
5.0,0.44444445,20.0,3.0,0.5427502796420581,0.512998338870432
5.0,0.44444445,20.0,5.0,0.5427502796420581,0.512998338870432
5.0,0.44444445,20.0,8.0,0.5427502796420581,0.512998338870432
5.0,0.44444445,20.0,12.0,0.5427502796420581,0.512998338870432
5.0,0.44444445,20.0,20.0,0.5427502796420581,0.512998338870432
5.0,0.44444445,20.0,32.0,0.5427502796420581,0.512998338870432
5.0,0.44444445,20.0,50.0,0.542135067114094,0.5138704318936876
5.0,0.44444445,20.0,80.0,0.5426104586129754,0.5141611295681063
5.0,0.44444445,20.0,128.0,0.542491610738255,0.5130606312292358
5.0,0.5555556,1.0,2.0,0.5439317673378076,0.5138496677740864
5.0,0.5555556,1.0,3.0,0.5439737136465325,0.513891196013289
5.0,0.5555556,1.0,5.0,0.5438758389261744,0.513828903654485
5.0,0.5555556,1.0,8.0,0.5441764541387025,0.5134343853820598
5.0,0.5555556,1.0,12.0,0.5437709731543624,0.5135797342192691
5.0,0.5555556,1.0,20.0,0.5439247762863535,0.5149501661129569
5.0,0.5555556,1.0,32.0,0.5433305369127517,0.5140988372093023
5.0,0.5555556,1.0,50.0,0.542694351230425,0.5139327242524916
5.0,0.5555556,1.0,80.0,0.5431627516778523,0.5145141196013289
5.0,0.5555556,1.0,128.0,0.5421490492170022,0.5148463455149501
5.0,0.5555556,3.0,2.0,0.5439457494407158,0.5139950166112957
5.0,0.5555556,3.0,3.0,0.5439457494407158,0.5139950166112957
5.0,0.5555556,3.0,5.0,0.5439457494407158,0.5139950166112957
5.0,0.5555556,3.0,8.0,0.5442463646532438,0.513455149501661
5.0,0.5555556,3.0,12.0,0.543442393736018,0.5135382059800665
5.0,0.5555556,3.0,20.0,0.5439317673378076,0.5147217607973422
5.0,0.5555556,3.0,32.0,0.5433445190156599,0.513828903654485
5.0,0.5555556,3.0,50.0,0.5427083333333333,0.5137458471760797
5.0,0.5555556,3.0,80.0,0.5431697427293065,0.5145141196013289
5.0,0.5555556,3.0,128.0,0.5421280760626399,0.5148048172757476
5.0,0.5555556,5.0,2.0,0.5437360178970917,0.513455149501661
5.0,0.5555556,5.0,3.0,0.5437360178970917,0.513455149501661
5.0,0.5555556,5.0,5.0,0.5437360178970917,0.513455149501661
5.0,0.5555556,5.0,8.0,0.5437360178970917,0.513455149501661
5.0,0.5555556,5.0,12.0,0.5436381431767339,0.5136212624584717
5.0,0.5555556,5.0,20.0,0.5437569910514541,0.5145764119601328
5.0,0.5555556,5.0,32.0,0.5432326621923937,0.5146387043189369
5.0,0.5555556,5.0,50.0,0.5427293064876958,0.5139119601328904
5.0,0.5555556,5.0,80.0,0.543043903803132,0.5141196013289037
5.0,0.5555556,5.0,128.0,0.5421770134228188,0.5146387043189369
5.0,0.5555556,7.0,2.0,0.5436940715883669,0.5147632890365449
5.0,0.5555556,7.0,3.0,0.5436940715883669,0.5147632890365449
5.0,0.5555556,7.0,5.0,0.5436940715883669,0.5147632890365449
5.0,0.5555556,7.0,8.0,0.5436940715883669,0.5147632890365449
5.0,0.5555556,7.0,12.0,0.5436940715883669,0.5147632890365449
5.0,0.5555556,7.0,20.0,0.5437989373601789,0.5144725913621262
5.0,0.5555556,7.0,32.0,0.5431347874720358,0.5145348837209303
5.0,0.5555556,7.0,50.0,0.5426663870246085,0.5137873754152824
5.0,0.5555556,7.0,80.0,0.5430159395973154,0.5138289036544851
5.0,0.5555556,7.0,128.0,0.5421630313199105,0.5147009966777409
5.0,0.5555556,9.0,2.0,0.543896812080537,0.5136627906976744
5.0,0.5555556,9.0,3.0,0.543896812080537,0.5136627906976744
5.0,0.5555556,9.0,5.0,0.543896812080537,0.5136627906976744
5.0,0.5555556,9.0,8.0,0.543896812080537,0.5136627906976744
5.0,0.5555556,9.0,12.0,0.543896812080537,0.5136627906976744
5.0,0.5555556,9.0,20.0,0.5438059284116331,0.5145348837209303
5.0,0.5555556,9.0,32.0,0.5431068232662193,0.5148463455149501
5.0,0.5555556,9.0,50.0,0.5428621364653244,0.514078073089701
5.0,0.5555556,9.0,80.0,0.5428831096196868,0.5141818936877076
5.0,0.5555556,9.0,128.0,0.5422259507829977,0.5145764119601329
5.0,0.5555556,11.0,2.0,0.5437010626398211,0.5146179401993356
5.0,0.5555556,11.0,3.0,0.5437010626398211,0.5146179401993356
5.0,0.5555556,11.0,5.0,0.5437010626398211,0.5146179401993356
5.0,0.5555556,11.0,8.0,0.5437010626398211,0.5146179401993356
5.0,0.5555556,11.0,12.0,0.5437010626398211,0.5146179401993356
5.0,0.5555556,11.0,20.0,0.5437010626398211,0.5146179401993356
5.0,0.5555556,11.0,32.0,0.5431487695749441,0.5150332225913622
5.0,0.5555556,11.0,50.0,0.542946029082774,0.5141611295681063
5.0,0.5555556,11.0,80.0,0.5428341722595078,0.5144518272425249
5.0,0.5555556,11.0,128.0,0.5421979865771812,0.5145556478405315
5.0,0.5555556,13.0,2.0,0.5431697427293065,0.5147840531561462
5.0,0.5555556,13.0,3.0,0.5431697427293065,0.5147840531561462
5.0,0.5555556,13.0,5.0,0.5431697427293065,0.5147840531561462
5.0,0.5555556,13.0,8.0,0.5431697427293065,0.5147840531561462
5.0,0.5555556,13.0,12.0,0.5431697427293065,0.5147840531561462
5.0,0.5555556,13.0,20.0,0.5431697427293065,0.5147840531561462
5.0,0.5555556,13.0,32.0,0.542897091722595,0.5145971760797342
5.0,0.5555556,13.0,50.0,0.5431138143176734,0.5136212624584717
5.0,0.5555556,13.0,80.0,0.5427293064876958,0.5137873754152824
5.0,0.5555556,13.0,128.0,0.5422818791946309,0.5144518272425249
5.0,0.5555556,15.0,2.0,0.5430089485458613,0.5143064784053155
5.0,0.5555556,15.0,3.0,0.5430089485458613,0.5143064784053155
5.0,0.5555556,15.0,5.0,0.5430089485458613,0.5143064784053155
5.0,0.5555556,15.0,8.0,0.5430089485458613,0.5143064784053155
5.0,0.5555556,15.0,12.0,0.5430089485458613,0.5143064784053155
5.0,0.5555556,15.0,20.0,0.5430089485458613,0.5143064784053155
5.0,0.5555556,15.0,32.0,0.5430858501118567,0.514015780730897
5.0,0.5555556,15.0,50.0,0.5431697427293065,0.5138496677740865
5.0,0.5555556,15.0,80.0,0.5428201901565995,0.5141403654485049
5.0,0.5555556,15.0,128.0,0.5423937360178972,0.5145556478405315
5.0,0.5555556,17.0,2.0,0.5429670022371365,0.5138704318936878
5.0,0.5555556,17.0,3.0,0.5429670022371365,0.5138704318936878
5.0,0.5555556,17.0,5.0,0.5429670022371365,0.5138704318936878
5.0,0.5555556,17.0,8.0,0.5429670022371365,0.5138704318936878
5.0,0.5555556,17.0,12.0,0.5429670022371365,0.5138704318936878
5.0,0.5555556,17.0,20.0,0.5429670022371365,0.5138704318936878
5.0,0.5555556,17.0,32.0,0.5429670022371365,0.5138704318936878
5.0,0.5555556,17.0,50.0,0.5432606263982103,0.514264950166113
5.0,0.5555556,17.0,80.0,0.5425755033557047,0.5141611295681063
5.0,0.5555556,17.0,128.0,0.5423098434004474,0.5147425249169435
5.0,0.5555556,20.0,2.0,0.5430229306487695,0.514078073089701
5.0,0.5555556,20.0,3.0,0.5430229306487695,0.514078073089701
5.0,0.5555556,20.0,5.0,0.5430229306487695,0.514078073089701
5.0,0.5555556,20.0,8.0,0.5430229306487695,0.514078073089701
5.0,0.5555556,20.0,12.0,0.5430229306487695,0.514078073089701
5.0,0.5555556,20.0,20.0,0.5430229306487695,0.514078073089701
5.0,0.5555556,20.0,32.0,0.5430229306487695,0.514078073089701
5.0,0.5555556,20.0,50.0,0.543197706935123,0.513828903654485
5.0,0.5555556,20.0,80.0,0.542589485458613,0.5142026578073089
5.0,0.5555556,20.0,128.0,0.5423168344519016,0.5146387043189369
5.0,0.6666667,1.0,2.0,0.5441904362416107,0.5136627906976744
5.0,0.6666667,1.0,3.0,0.5440925615212528,0.5137043189368771
5.0,0.6666667,1.0,5.0,0.5439177852348993,0.513766611295681
5.0,0.6666667,1.0,8.0,0.54395274049217,0.5140365448504983
5.0,0.6666667,1.0,12.0,0.5439597315436242,0.5136835548172758
5.0,0.6666667,1.0,20.0,0.5441205257270694,0.5139742524916944
5.0,0.6666667,1.0,32.0,0.5438758389261744,0.5144725913621262
5.0,0.6666667,1.0,50.0,0.5435892058165548,0.5140573089700997
5.0,0.6666667,1.0,80.0,0.542841163310962,0.5132267441860465
5.0,0.6666667,1.0,128.0,0.5422539149888144,0.5142026578073089
5.0,0.6666667,3.0,2.0,0.5440785794183445,0.5141403654485049
5.0,0.6666667,3.0,3.0,0.5440785794183445,0.5141403654485049
5.0,0.6666667,3.0,5.0,0.5440785794183445,0.5141403654485049
5.0,0.6666667,3.0,8.0,0.5440296420581656,0.5139950166112957
5.0,0.6666667,3.0,12.0,0.5440366331096197,0.5139950166112957
5.0,0.6666667,3.0,20.0,0.5441694630872483,0.514015780730897
5.0,0.6666667,3.0,32.0,0.5437430089485459,0.5146594684385382
5.0,0.6666667,3.0,50.0,0.5434703579418345,0.5140988372093023
5.0,0.6666667,3.0,80.0,0.5428481543624162,0.5134759136212625
5.0,0.6666667,3.0,128.0,0.5422609060402686,0.5141611295681063
5.0,0.6666667,5.0,2.0,0.544001677852349,0.5141611295681063
5.0,0.6666667,5.0,3.0,0.544001677852349,0.5141611295681063
5.0,0.6666667,5.0,5.0,0.544001677852349,0.5141611295681063
5.0,0.6666667,5.0,8.0,0.544001677852349,0.5141611295681063
5.0,0.6666667,5.0,12.0,0.5439177852348993,0.5143480066445182
5.0,0.6666667,5.0,20.0,0.544057606263982,0.513828903654485
5.0,0.6666667,5.0,32.0,0.5437709731543624,0.5148048172757476
5.0,0.6666667,5.0,50.0,0.5437919463087248,0.514264950166113
5.0,0.6666667,5.0,80.0,0.5428691275167785,0.5139742524916944
5.0,0.6666667,5.0,128.0,0.542337807606264,0.5140573089700997
5.0,0.6666667,7.0,2.0,0.5438898210290828,0.513891196013289
5.0,0.6666667,7.0,3.0,0.5438898210290828,0.513891196013289
5.0,0.6666667,7.0,5.0,0.5438898210290828,0.513891196013289
5.0,0.6666667,7.0,8.0,0.5438898210290828,0.513891196013289
5.0,0.6666667,7.0,12.0,0.5438898210290828,0.513891196013289
5.0,0.6666667,7.0,20.0,0.5439107941834452,0.5133720930232558
5.0,0.6666667,7.0,32.0,0.5439177852348993,0.5148671096345515
5.0,0.6666667,7.0,50.0,0.5438408836689038,0.5142026578073089
5.0,0.6666667,7.0,80.0,0.5429180648769575,0.5138704318936878
5.0,0.6666667,7.0,128.0,0.5424286912751678,0.514264950166113
5.0,0.6666667,9.0,2.0,0.54395274049217,0.5135797342192692
5.0,0.6666667,9.0,3.0,0.54395274049217,0.5135797342192692
5.0,0.6666667,9.0,5.0,0.54395274049217,0.5135797342192692
5.0,0.6666667,9.0,8.0,0.54395274049217,0.5135797342192692
5.0,0.6666667,9.0,12.0,0.54395274049217,0.5135797342192692
5.0,0.6666667,9.0,20.0,0.5437569910514541,0.5134136212624585
5.0,0.6666667,9.0,32.0,0.5437010626398211,0.5149501661129567
5.0,0.6666667,9.0,50.0,0.5437709731543624,0.514078073089701
5.0,0.6666667,9.0,80.0,0.5428691275167785,0.5139742524916944
5.0,0.6666667,9.0,128.0,0.5422958612975392,0.514327242524917
5.0,0.6666667,11.0,2.0,0.5439107941834452,0.513060631229236
5.0,0.6666667,11.0,3.0,0.5439107941834452,0.513060631229236
5.0,0.6666667,11.0,5.0,0.5439107941834452,0.513060631229236
5.0,0.6666667,11.0,8.0,0.5439107941834452,0.513060631229236
5.0,0.6666667,11.0,12.0,0.5439107941834452,0.513060631229236
5.0,0.6666667,11.0,20.0,0.5439107941834452,0.513060631229236
5.0,0.6666667,11.0,32.0,0.5439177852348993,0.5142026578073089
5.0,0.6666667,11.0,50.0,0.5435053131991052,0.5139950166112957
5.0,0.6666667,11.0,80.0,0.5426384228187919,0.5138289036544851
5.0,0.6666667,11.0,128.0,0.542386744966443,0.5139327242524917
5.0,0.6666667,13.0,2.0,0.5436591163310962,0.5139119601328904
5.0,0.6666667,13.0,3.0,0.5436591163310962,0.5139119601328904
5.0,0.6666667,13.0,5.0,0.5436591163310962,0.5139119601328904
5.0,0.6666667,13.0,8.0,0.5436591163310962,0.5139119601328904
5.0,0.6666667,13.0,12.0,0.5436591163310962,0.5139119601328904
5.0,0.6666667,13.0,20.0,0.5436591163310962,0.5139119601328904
5.0,0.6666667,13.0,32.0,0.5434144295302014,0.5143064784053156
5.0,0.6666667,13.0,50.0,0.5434633668903803,0.5141611295681063
5.0,0.6666667,13.0,80.0,0.542386744966443,0.5136004983388704
5.0,0.6666667,13.0,128.0,0.5424077181208053,0.5143064784053156
5.0,0.6666667,15.0,2.0,0.5434493847874721,0.5136835548172758
5.0,0.6666667,15.0,3.0,0.5434493847874721,0.5136835548172758
5.0,0.6666667,15.0,5.0,0.5434493847874721,0.5136835548172758
5.0,0.6666667,15.0,8.0,0.5434493847874721,0.5136835548172758
5.0,0.6666667,15.0,12.0,0.5434493847874721,0.5136835548172758
5.0,0.6666667,15.0,20.0,0.5434493847874721,0.5136835548172758
5.0,0.6666667,15.0,32.0,0.5434144295302014,0.5139950166112957
5.0,0.6666667,15.0,50.0,0.5433025727069352,0.5142026578073089
5.0,0.6666667,15.0,80.0,0.5425265659955257,0.5135174418604651
5.0,0.6666667,15.0,128.0,0.542386744966443,0.5145348837209303
5.0,0.6666667,17.0,2.0,0.5437080536912752,0.5137458471760797
5.0,0.6666667,17.0,3.0,0.5437080536912752,0.5137458471760797
5.0,0.6666667,17.0,5.0,0.5437080536912752,0.5137458471760797
5.0,0.6666667,17.0,8.0,0.5437080536912752,0.5137458471760797
5.0,0.6666667,17.0,12.0,0.5437080536912752,0.5137458471760797
5.0,0.6666667,17.0,20.0,0.5437080536912752,0.5137458471760797
5.0,0.6666667,17.0,32.0,0.5437080536912752,0.5137458471760797
5.0,0.6666667,17.0,50.0,0.5434284116331096,0.5145141196013289
5.0,0.6666667,17.0,80.0,0.5425335570469799,0.5131644518272426
5.0,0.6666667,17.0,128.0,0.5426384228187919,0.514389534883721
5.0,0.6666667,20.0,2.0,0.543896812080537,0.5133513289036544
5.0,0.6666667,20.0,3.0,0.543896812080537,0.5133513289036544
5.0,0.6666667,20.0,5.0,0.543896812080537,0.5133513289036544
5.0,0.6666667,20.0,8.0,0.543896812080537,0.5133513289036544
5.0,0.6666667,20.0,12.0,0.543896812080537,0.5133513289036544
5.0,0.6666667,20.0,20.0,0.543896812080537,0.5133513289036544
5.0,0.6666667,20.0,32.0,0.543896812080537,0.5133513289036544
5.0,0.6666667,20.0,50.0,0.5433025727069352,0.5139950166112957
5.0,0.6666667,20.0,80.0,0.542589485458613,0.5132267441860465
5.0,0.6666667,20.0,128.0,0.5422049776286354,0.5143687707641196
5.0,0.7777778,1.0,2.0,0.5448196308724833,0.5139119601328904
5.0,0.7777778,1.0,3.0,0.5447637024608502,0.5139534883720931
5.0,0.7777778,1.0,5.0,0.5448266219239374,0.5141611295681063
5.0,0.7777778,1.0,8.0,0.5447846756152125,0.5140988372093023
5.0,0.7777778,1.0,12.0,0.5447776845637584,0.5141403654485049
5.0,0.7777778,1.0,20.0,0.5441484899328859,0.514015780730897
5.0,0.7777778,1.0,32.0,0.5440366331096197,0.5136212624584717
5.0,0.7777778,1.0,50.0,0.543295581655481,0.5135797342192692
5.0,0.7777778,1.0,80.0,0.5430718680089486,0.5132059800664452
5.0,0.7777778,1.0,128.0,0.542841163310962,0.5135589700996678
5.0,0.7777778,3.0,2.0,0.5444770693512304,0.5138496677740865
5.0,0.7777778,3.0,3.0,0.5444770693512304,0.5138496677740865
5.0,0.7777778,3.0,5.0,0.5444770693512304,0.5138496677740865
5.0,0.7777778,3.0,8.0,0.5447357382550335,0.5140988372093023
5.0,0.7777778,3.0,12.0,0.5447986577181207,0.5142857142857142
5.0,0.7777778,3.0,20.0,0.5439876957494407,0.513828903654485
5.0,0.7777778,3.0,32.0,0.5439946868008948,0.5132682724252492
5.0,0.7777778,3.0,50.0,0.5434144295302012,0.5134759136212624
5.0,0.7777778,3.0,80.0,0.5430159395973154,0.5134343853820598
5.0,0.7777778,3.0,128.0,0.5428341722595078,0.5135589700996678
5.0,0.7777778,5.0,2.0,0.5444840604026846,0.5142026578073089
5.0,0.7777778,5.0,3.0,0.5444840604026846,0.5142026578073089
5.0,0.7777778,5.0,5.0,0.5444840604026846,0.5142026578073089
5.0,0.7777778,5.0,8.0,0.5444840604026846,0.5142026578073089
5.0,0.7777778,5.0,12.0,0.5446308724832215,0.5141611295681063
5.0,0.7777778,5.0,20.0,0.5438758389261744,0.5140365448504983
5.0,0.7777778,5.0,32.0,0.5441065436241611,0.5138289036544851
5.0,0.7777778,5.0,50.0,0.5433724832214765,0.5131852159468439
5.0,0.7777778,5.0,80.0,0.5429390380313199,0.5135797342192692
5.0,0.7777778,5.0,128.0,0.5428131991051455,0.5135797342192691
5.0,0.7777778,7.0,2.0,0.544407158836689,0.513891196013289
5.0,0.7777778,7.0,3.0,0.544407158836689,0.513891196013289
5.0,0.7777778,7.0,5.0,0.544407158836689,0.513891196013289
5.0,0.7777778,7.0,8.0,0.544407158836689,0.513891196013289
5.0,0.7777778,7.0,12.0,0.544407158836689,0.513891196013289
5.0,0.7777778,7.0,20.0,0.5441135346756152,0.5138081395348838
5.0,0.7777778,7.0,32.0,0.5442184004474273,0.5143064784053156
5.0,0.7777778,7.0,50.0,0.543295581655481,0.5135174418604651
5.0,0.7777778,7.0,80.0,0.5427083333333333,0.5135797342192691
5.0,0.7777778,7.0,128.0,0.5428761185682326,0.5137873754152824
5.0,0.7777778,9.0,2.0,0.5443302572706935,0.5135797342192691
5.0,0.7777778,9.0,3.0,0.5443302572706935,0.5135797342192691
5.0,0.7777778,9.0,5.0,0.5443302572706935,0.5135797342192691
5.0,0.7777778,9.0,8.0,0.5443302572706935,0.5135797342192691
5.0,0.7777778,9.0,12.0,0.5443302572706935,0.5135797342192691
5.0,0.7777778,9.0,20.0,0.5440226510067114,0.5138289036544851
5.0,0.7777778,9.0,32.0,0.5438618568232663,0.5138289036544851
5.0,0.7777778,9.0,50.0,0.5432046979865772,0.5135174418604651
5.0,0.7777778,9.0,80.0,0.5427782438478748,0.513828903654485
5.0,0.7777778,9.0,128.0,0.5425755033557047,0.5131852159468439
5.0,0.7777778,11.0,2.0,0.54395274049217,0.5139327242524917
5.0,0.7777778,11.0,3.0,0.54395274049217,0.5139327242524917
5.0,0.7777778,11.0,5.0,0.54395274049217,0.5139327242524917
5.0,0.7777778,11.0,8.0,0.54395274049217,0.5139327242524917
5.0,0.7777778,11.0,12.0,0.54395274049217,0.5139327242524917
5.0,0.7777778,11.0,20.0,0.54395274049217,0.5139327242524917
5.0,0.7777778,11.0,32.0,0.5440995525727069,0.5140365448504983
5.0,0.7777778,11.0,50.0,0.543498322147651,0.513060631229236
5.0,0.7777778,11.0,80.0,0.5428271812080536,0.5139950166112957
5.0,0.7777778,11.0,128.0,0.5425685123042505,0.5127906976744186
5.0,0.7777778,13.0,2.0,0.5439737136465325,0.5132890365448505
5.0,0.7777778,13.0,3.0,0.5439737136465325,0.5132890365448505
5.0,0.7777778,13.0,5.0,0.5439737136465325,0.5132890365448505
5.0,0.7777778,13.0,8.0,0.5439737136465325,0.5132890365448505
5.0,0.7777778,13.0,12.0,0.5439737136465325,0.5132890365448505
5.0,0.7777778,13.0,20.0,0.5439737136465325,0.5132890365448505
5.0,0.7777778,13.0,32.0,0.5443372483221476,0.5135382059800665
5.0,0.7777778,13.0,50.0,0.5434074384787472,0.5131021594684386
5.0,0.7777778,13.0,80.0,0.5429110738255034,0.5137873754152824
5.0,0.7777778,13.0,128.0,0.5427153243847875,0.5128529900332226
5.0,0.7777778,15.0,2.0,0.544253355704698,0.5141818936877076
5.0,0.7777778,15.0,3.0,0.544253355704698,0.5141818936877076
5.0,0.7777778,15.0,5.0,0.544253355704698,0.5141818936877076
5.0,0.7777778,15.0,8.0,0.544253355704698,0.5141818936877076
5.0,0.7777778,15.0,12.0,0.544253355704698,0.5141818936877076
5.0,0.7777778,15.0,20.0,0.544253355704698,0.5141818936877076
5.0,0.7777778,15.0,32.0,0.5440645973154362,0.5140573089700997
5.0,0.7777778,15.0,50.0,0.543351510067114,0.5132059800664452
5.0,0.7777778,15.0,80.0,0.5426524049217003,0.5135797342192692
5.0,0.7777778,15.0,128.0,0.5423587807606264,0.5128945182724253
5.0,0.7777778,17.0,2.0,0.5439317673378076,0.5138704318936876
5.0,0.7777778,17.0,3.0,0.5439317673378076,0.5138704318936876
5.0,0.7777778,17.0,5.0,0.5439317673378076,0.5138704318936876
5.0,0.7777778,17.0,8.0,0.5439317673378076,0.5138704318936876
5.0,0.7777778,17.0,12.0,0.5439317673378076,0.5138704318936876
5.0,0.7777778,17.0,20.0,0.5439317673378076,0.5138704318936876
5.0,0.7777778,17.0,32.0,0.5439317673378076,0.5138704318936876
5.0,0.7777778,17.0,50.0,0.5434633668903803,0.5131644518272426
5.0,0.7777778,17.0,80.0,0.5429040827740492,0.5132059800664452
5.0,0.7777778,17.0,128.0,0.5426454138702461,0.5126661129568106
5.0,0.7777778,20.0,2.0,0.5438269015659956,0.5134343853820598
5.0,0.7777778,20.0,3.0,0.5438269015659956,0.5134343853820598
5.0,0.7777778,20.0,5.0,0.5438269015659956,0.5134343853820598
5.0,0.7777778,20.0,8.0,0.5438269015659956,0.5134343853820598
5.0,0.7777778,20.0,12.0,0.5438269015659956,0.5134343853820598
5.0,0.7777778,20.0,20.0,0.5438269015659956,0.5134343853820598
5.0,0.7777778,20.0,32.0,0.5438269015659956,0.5134343853820598
5.0,0.7777778,20.0,50.0,0.5435123042505593,0.5135382059800664
5.0,0.7777778,20.0,80.0,0.5426104586129754,0.5134136212624585
5.0,0.7777778,20.0,128.0,0.5426733780760626,0.5127906976744186
5.0,0.8888889,1.0,2.0,0.5439317673378076,0.5133098006644519
5.0,0.8888889,1.0,3.0,0.5439667225950784,0.5131229235880399
5.0,0.8888889,1.0,5.0,0.5438688478747203,0.5133928571428571
5.0,0.8888889,1.0,8.0,0.5441974272930649,0.5134136212624585
5.0,0.8888889,1.0,12.0,0.5441974272930649,0.513455149501661
5.0,0.8888889,1.0,20.0,0.5439597315436242,0.513060631229236
5.0,0.8888889,1.0,32.0,0.5436591163310962,0.5131436877076412
5.0,0.8888889,1.0,50.0,0.5435332774049217,0.5136420265780731
5.0,0.8888889,1.0,80.0,0.543043903803132,0.5124584717607974
5.0,0.8888889,1.0,128.0,0.542540548098434,0.5130191029900333
5.0,0.8888889,3.0,2.0,0.5441135346756152,0.5132890365448505
5.0,0.8888889,3.0,3.0,0.5441135346756152,0.5132890365448505
5.0,0.8888889,3.0,5.0,0.5441135346756152,0.5132890365448505
5.0,0.8888889,3.0,8.0,0.5442603467561521,0.5133098006644519
5.0,0.8888889,3.0,12.0,0.5439667225950784,0.5133720930232558
5.0,0.8888889,3.0,20.0,0.5439457494407158,0.5130191029900333
5.0,0.8888889,3.0,32.0,0.5436381431767338,0.5129360465116279
5.0,0.8888889,3.0,50.0,0.5435542505592841,0.5136835548172758
5.0,0.8888889,3.0,80.0,0.5431138143176734,0.512562292358804
5.0,0.8888889,3.0,128.0,0.5425475391498882,0.5130191029900333
5.0,0.8888889,5.0,2.0,0.5440995525727069,0.5135797342192692
5.0,0.8888889,5.0,3.0,0.5440995525727069,0.5135797342192692
5.0,0.8888889,5.0,5.0,0.5440995525727069,0.5135797342192692
5.0,0.8888889,5.0,8.0,0.5440995525727069,0.5135797342192692
5.0,0.8888889,5.0,12.0,0.5441345078299776,0.5135174418604651
5.0,0.8888889,5.0,20.0,0.5435332774049216,0.5127906976744186
5.0,0.8888889,5.0,32.0,0.543603187919463,0.5131436877076412
5.0,0.8888889,5.0,50.0,0.5433794742729307,0.5135797342192692
5.0,0.8888889,5.0,80.0,0.5430998322147651,0.512624584717608
5.0,0.8888889,5.0,128.0,0.5426034675615213,0.5130398671096346
5.0,0.8888889,7.0,2.0,0.5438618568232662,0.5131021594684386
5.0,0.8888889,7.0,3.0,0.5438618568232662,0.5131021594684386
5.0,0.8888889,7.0,5.0,0.5438618568232662,0.5131021594684386
5.0,0.8888889,7.0,8.0,0.5438618568232662,0.5131021594684386
5.0,0.8888889,7.0,12.0,0.5438618568232662,0.5131021594684386
5.0,0.8888889,7.0,20.0,0.5435262863534676,0.5128529900332225
5.0,0.8888889,7.0,32.0,0.5437080536912752,0.5133305647840531
5.0,0.8888889,7.0,50.0,0.5435192953020135,0.5135382059800665
5.0,0.8888889,7.0,80.0,0.5429949664429531,0.5125415282392026
5.0,0.8888889,7.0,128.0,0.5425964765100671,0.5129360465116279
5.0,0.8888889,9.0,2.0,0.5436101789709172,0.5131852159468439
5.0,0.8888889,9.0,3.0,0.5436101789709172,0.5131852159468439
5.0,0.8888889,9.0,5.0,0.5436101789709172,0.5131852159468439
5.0,0.8888889,9.0,8.0,0.5436101789709172,0.5131852159468439
5.0,0.8888889,9.0,12.0,0.5436101789709172,0.5131852159468439
5.0,0.8888889,9.0,20.0,0.5434773489932886,0.5130398671096346
5.0,0.8888889,9.0,32.0,0.5436311521252797,0.5134343853820598
5.0,0.8888889,9.0,50.0,0.543246644295302,0.5133305647840531
5.0,0.8888889,9.0,80.0,0.5430718680089486,0.5128114617940199
5.0,0.8888889,9.0,128.0,0.5425964765100671,0.5130191029900333
5.0,0.8888889,11.0,2.0,0.5435262863534676,0.5128529900332226
5.0,0.8888889,11.0,3.0,0.5435262863534676,0.5128529900332226
5.0,0.8888889,11.0,5.0,0.5435262863534676,0.5128529900332226
5.0,0.8888889,11.0,8.0,0.5435262863534676,0.5128529900332226
5.0,0.8888889,11.0,12.0,0.5435262863534676,0.5128529900332226
5.0,0.8888889,11.0,20.0,0.5435262863534676,0.5128529900332226
5.0,0.8888889,11.0,32.0,0.5436521252796421,0.5129360465116279
5.0,0.8888889,11.0,50.0,0.5432746085011185,0.5133098006644519
5.0,0.8888889,11.0,80.0,0.5429879753914989,0.5126661129568106
5.0,0.8888889,11.0,128.0,0.5427572706935123,0.5129152823920266
5.0,0.8888889,13.0,2.0,0.5434913310961969,0.5128737541528239
5.0,0.8888889,13.0,3.0,0.5434913310961969,0.5128737541528239
5.0,0.8888889,13.0,5.0,0.5434913310961969,0.5128737541528239
5.0,0.8888889,13.0,8.0,0.5434913310961969,0.5128737541528239
5.0,0.8888889,13.0,12.0,0.5434913310961969,0.5128737541528239
5.0,0.8888889,13.0,20.0,0.5434913310961969,0.5128737541528239
5.0,0.8888889,13.0,32.0,0.5434843400447427,0.5131852159468439
5.0,0.8888889,13.0,50.0,0.5430648769574944,0.5131644518272426
5.0,0.8888889,13.0,80.0,0.542946029082774,0.5129152823920266
5.0,0.8888889,13.0,128.0,0.5428481543624162,0.5126661129568106
5.0,0.8888889,15.0,2.0,0.5434843400447427,0.5124584717607974
5.0,0.8888889,15.0,3.0,0.5434843400447427,0.5124584717607974
5.0,0.8888889,15.0,5.0,0.5434843400447427,0.5124584717607974
5.0,0.8888889,15.0,8.0,0.5434843400447427,0.5124584717607974
5.0,0.8888889,15.0,12.0,0.5434843400447427,0.5124584717607974
5.0,0.8888889,15.0,20.0,0.5434843400447427,0.5124584717607974
5.0,0.8888889,15.0,32.0,0.5434703579418344,0.5126661129568106
5.0,0.8888889,15.0,50.0,0.5432746085011185,0.5132682724252492
5.0,0.8888889,15.0,80.0,0.5427293064876958,0.5127699335548173
5.0,0.8888889,15.0,128.0,0.5429670022371365,0.5125415282392026
5.0,0.8888889,17.0,2.0,0.5434284116331096,0.5131021594684386
5.0,0.8888889,17.0,3.0,0.5434284116331096,0.5131021594684386
5.0,0.8888889,17.0,5.0,0.5434284116331096,0.5131021594684386
5.0,0.8888889,17.0,8.0,0.5434284116331096,0.5131021594684386
5.0,0.8888889,17.0,12.0,0.5434284116331096,0.5131021594684386
5.0,0.8888889,17.0,20.0,0.5434284116331096,0.5131021594684386
5.0,0.8888889,17.0,32.0,0.5434284116331096,0.5131021594684386
5.0,0.8888889,17.0,50.0,0.5431907158836689,0.5130191029900332
5.0,0.8888889,17.0,80.0,0.5429949664429531,0.5132475083056478
5.0,0.8888889,17.0,128.0,0.5430998322147651,0.5128322259136213
5.0,0.8888889,20.0,2.0,0.5437010626398211,0.5129152823920266
5.0,0.8888889,20.0,3.0,0.5437010626398211,0.5129152823920266
5.0,0.8888889,20.0,5.0,0.5437010626398211,0.5129152823920266
5.0,0.8888889,20.0,8.0,0.5437010626398211,0.5129152823920266
5.0,0.8888889,20.0,12.0,0.5437010626398211,0.5129152823920266
5.0,0.8888889,20.0,20.0,0.5437010626398211,0.5129152823920266
5.0,0.8888889,20.0,32.0,0.5437010626398211,0.5129152823920266
5.0,0.8888889,20.0,50.0,0.5433025727069352,0.5128114617940199
5.0,0.8888889,20.0,80.0,0.5428131991051454,0.5127076411960132
5.0,0.8888889,20.0,128.0,0.5427782438478748,0.5127076411960133
5.0,1.0,1.0,2.0,0.5440715883668904,0.5125415282392026
5.0,1.0,1.0,3.0,0.5440715883668904,0.5125415282392026
5.0,1.0,1.0,5.0,0.5440645973154362,0.5125415282392026
5.0,1.0,1.0,8.0,0.5440785794183445,0.5125415282392026
5.0,1.0,1.0,12.0,0.5440645973154362,0.512562292358804
5.0,1.0,1.0,20.0,0.5439876957494407,0.5125830564784053
5.0,1.0,1.0,32.0,0.5438688478747203,0.5126661129568106
5.0,1.0,1.0,50.0,0.5434913310961969,0.512686877076412
5.0,1.0,1.0,80.0,0.542946029082774,0.5124584717607974
5.0,1.0,1.0,128.0,0.5425335570469799,0.5125
5.0,1.0,3.0,2.0,0.5440296420581655,0.5128114617940198
5.0,1.0,3.0,3.0,0.5440296420581655,0.5128114617940198
5.0,1.0,3.0,5.0,0.5440296420581655,0.5128114617940198
5.0,1.0,3.0,8.0,0.5440086689038032,0.5128114617940198
5.0,1.0,3.0,12.0,0.544001677852349,0.5128114617940199
5.0,1.0,3.0,20.0,0.5439457494407158,0.512749169435216
5.0,1.0,3.0,32.0,0.5438338926174497,0.5127906976744186
5.0,1.0,3.0,50.0,0.5434843400447427,0.5127699335548173
5.0,1.0,3.0,80.0,0.5429530201342282,0.5124792358803987
5.0,1.0,3.0,128.0,0.542540548098434,0.5125
5.0,1.0,5.0,2.0,0.5439457494407158,0.5125830564784053
5.0,1.0,5.0,3.0,0.5439457494407158,0.5125830564784053
5.0,1.0,5.0,5.0,0.5439457494407158,0.5125830564784053
5.0,1.0,5.0,8.0,0.5439457494407158,0.5125830564784053
5.0,1.0,5.0,12.0,0.5439247762863535,0.5126038205980066
5.0,1.0,5.0,20.0,0.5439177852348993,0.5126453488372092
5.0,1.0,5.0,32.0,0.5438408836689038,0.512686877076412
5.0,1.0,5.0,50.0,0.5435542505592841,0.512749169435216
5.0,1.0,5.0,80.0,0.5430019574944072,0.5124169435215947
5.0,1.0,5.0,128.0,0.5425195749440717,0.5125
5.0,1.0,7.0,2.0,0.5440366331096197,0.5125415282392026
5.0,1.0,7.0,3.0,0.5440366331096197,0.5125415282392026
5.0,1.0,7.0,5.0,0.5440366331096197,0.5125415282392026
5.0,1.0,7.0,8.0,0.5440366331096197,0.5125415282392026
5.0,1.0,7.0,12.0,0.5440366331096197,0.5125415282392026
5.0,1.0,7.0,20.0,0.544001677852349,0.5124792358803987
5.0,1.0,7.0,32.0,0.5438338926174497,0.5126038205980066
5.0,1.0,7.0,50.0,0.543596196868009,0.5125415282392026
5.0,1.0,7.0,80.0,0.5429739932885906,0.5124169435215947
5.0,1.0,7.0,128.0,0.5424706375838926,0.5126453488372092
5.0,1.0,9.0,2.0,0.5438758389261745,0.5126038205980066
5.0,1.0,9.0,3.0,0.5438758389261745,0.5126038205980066
5.0,1.0,9.0,5.0,0.5438758389261745,0.5126038205980066
5.0,1.0,9.0,8.0,0.5438758389261745,0.5126038205980066
5.0,1.0,9.0,12.0,0.5438758389261745,0.5126038205980066
5.0,1.0,9.0,20.0,0.5438828299776286,0.512562292358804
5.0,1.0,9.0,32.0,0.5436940715883669,0.512624584717608
5.0,1.0,9.0,50.0,0.5435402684563758,0.5125830564784053
5.0,1.0,9.0,80.0,0.5429670022371365,0.5125207641196013
5.0,1.0,9.0,128.0,0.5424217002237136,0.5127284053156146
5.0,1.0,11.0,2.0,0.5437989373601789,0.5128529900332226
5.0,1.0,11.0,3.0,0.5437989373601789,0.5128529900332226
5.0,1.0,11.0,5.0,0.5437989373601789,0.5128529900332226
5.0,1.0,11.0,8.0,0.5437989373601789,0.5128529900332226
5.0,1.0,11.0,12.0,0.5437989373601789,0.5128529900332226
5.0,1.0,11.0,20.0,0.5437989373601789,0.5128529900332226
5.0,1.0,11.0,32.0,0.5436381431767338,0.5128737541528239
5.0,1.0,11.0,50.0,0.5434703579418344,0.5128322259136213
5.0,1.0,11.0,80.0,0.5429670022371365,0.512624584717608
5.0,1.0,11.0,128.0,0.542386744966443,0.512624584717608
5.0,1.0,13.0,2.0,0.543603187919463,0.5129775747508305
5.0,1.0,13.0,3.0,0.543603187919463,0.5129775747508305
5.0,1.0,13.0,5.0,0.543603187919463,0.5129775747508305
5.0,1.0,13.0,8.0,0.543603187919463,0.5129775747508305
5.0,1.0,13.0,12.0,0.543603187919463,0.5129775747508305
5.0,1.0,13.0,20.0,0.543603187919463,0.5129775747508305
5.0,1.0,13.0,32.0,0.5435892058165548,0.5129360465116279
5.0,1.0,13.0,50.0,0.5434563758389261,0.5130191029900332
5.0,1.0,13.0,80.0,0.5430369127516779,0.5128322259136213
5.0,1.0,13.0,128.0,0.5423517897091722,0.5128529900332226
5.0,1.0,15.0,2.0,0.5435682326621925,0.5128737541528239
5.0,1.0,15.0,3.0,0.5435682326621925,0.5128737541528239
5.0,1.0,15.0,5.0,0.5435682326621925,0.5128737541528239
5.0,1.0,15.0,8.0,0.5435682326621925,0.5128737541528239
5.0,1.0,15.0,12.0,0.5435682326621925,0.5128737541528239
5.0,1.0,15.0,20.0,0.5435682326621925,0.5128737541528239
5.0,1.0,15.0,32.0,0.5434913310961969,0.5128737541528239
5.0,1.0,15.0,50.0,0.5434144295302014,0.5129568106312292
5.0,1.0,15.0,80.0,0.5430858501118567,0.5127284053156146
5.0,1.0,15.0,128.0,0.5424776286353468,0.5127284053156147
5.0,1.0,17.0,2.0,0.5435053131991051,0.5128114617940199
5.0,1.0,17.0,3.0,0.5435053131991051,0.5128114617940199
5.0,1.0,17.0,5.0,0.5435053131991051,0.5128114617940199
5.0,1.0,17.0,8.0,0.5435053131991051,0.5128114617940199
5.0,1.0,17.0,12.0,0.5435053131991051,0.5128114617940199
5.0,1.0,17.0,20.0,0.5435053131991051,0.5128114617940199
5.0,1.0,17.0,32.0,0.5435053131991051,0.5128114617940199
5.0,1.0,17.0,50.0,0.5433025727069352,0.5128114617940198
5.0,1.0,17.0,80.0,0.5429809843400447,0.5127491694352159
5.0,1.0,17.0,128.0,0.5424776286353468,0.512686877076412
5.0,1.0,20.0,2.0,0.5433095637583893,0.5132890365448505
5.0,1.0,20.0,3.0,0.5433095637583893,0.5132890365448505
5.0,1.0,20.0,5.0,0.5433095637583893,0.5132890365448505
5.0,1.0,20.0,8.0,0.5433095637583893,0.5132890365448505
5.0,1.0,20.0,12.0,0.5433095637583893,0.5132890365448505
5.0,1.0,20.0,20.0,0.5433095637583893,0.5132890365448505
5.0,1.0,20.0,32.0,0.5433095637583893,0.5132890365448505
5.0,1.0,20.0,50.0,0.5431767337807607,0.5132267441860465
5.0,1.0,20.0,80.0,0.5428271812080536,0.5130398671096346
5.0,1.0,20.0,128.0,0.5424077181208053,0.5127906976744186
8.0,0.0,1.0,2.0,0.5806347874720358,0.5140365448504983
8.0,0.0,1.0,3.0,0.5805299217002238,0.514015780730897
8.0,0.0,1.0,5.0,0.5798447986577181,0.5139119601328904
8.0,0.0,1.0,8.0,0.5790198545861298,0.5149086378737542
8.0,0.0,1.0,12.0,0.5777614653243848,0.5145764119601329
8.0,0.0,1.0,20.0,0.5763073266219239,0.5138496677740865
8.0,0.0,1.0,32.0,0.573084451901566,0.5131644518272426
8.0,0.0,1.0,50.0,0.5703509507829978,0.5159053156146179
8.0,0.0,1.0,80.0,0.5672049776286354,0.5150332225913621
8.0,0.0,1.0,128.0,0.5643736017897092,0.5137458471760797
8.0,0.0,3.0,2.0,0.5785514541387025,0.5151370431893688
8.0,0.0,3.0,3.0,0.5785514541387025,0.5151370431893688
8.0,0.0,3.0,5.0,0.5785514541387025,0.5151370431893688
8.0,0.0,3.0,8.0,0.5784046420581656,0.515095514950166
8.0,0.0,3.0,12.0,0.5771812080536913,0.5139327242524917
8.0,0.0,3.0,20.0,0.5759997203579419,0.5145971760797342
8.0,0.0,3.0,32.0,0.5725601230425056,0.5152616279069767
8.0,0.0,3.0,50.0,0.5706375838926174,0.5155730897009967
8.0,0.0,3.0,80.0,0.5675055928411633,0.5154277408637874
8.0,0.0,3.0,128.0,0.5648559843400447,0.5141196013289037
8.0,0.0,5.0,2.0,0.5764681208053691,0.5143480066445183
8.0,0.0,5.0,3.0,0.5764681208053691,0.5143480066445183
8.0,0.0,5.0,5.0,0.5764681208053691,0.5143480066445183
8.0,0.0,5.0,8.0,0.5764681208053691,0.5143480066445183
8.0,0.0,5.0,12.0,0.576712807606264,0.5153239202657808
8.0,0.0,5.0,20.0,0.5744197427293065,0.5136004983388704
8.0,0.0,5.0,32.0,0.5728956935123042,0.5154069767441861
8.0,0.0,5.0,50.0,0.5703020134228188,0.5145556478405315
8.0,0.0,5.0,80.0,0.5675475391498882,0.5136627906976744
8.0,0.0,5.0,128.0,0.5644295302013422,0.5145556478405316
8.0,0.0,7.0,2.0,0.5751258389261744,0.5131229235880399
8.0,0.0,7.0,3.0,0.5751258389261744,0.5131229235880399
8.0,0.0,7.0,5.0,0.5751258389261744,0.5131229235880399
8.0,0.0,7.0,8.0,0.5751258389261744,0.5131229235880399
8.0,0.0,7.0,12.0,0.5751258389261744,0.5131229235880399
8.0,0.0,7.0,20.0,0.5748252237136466,0.5137043189368771
8.0,0.0,7.0,32.0,0.5732522371364653,0.5137043189368771
8.0,0.0,7.0,50.0,0.5700782997762863,0.5137250830564783
8.0,0.0,7.0,80.0,0.5676663870246086,0.5150747508305649
8.0,0.0,7.0,128.0,0.5639052013422818,0.5141196013289037
8.0,0.0,9.0,2.0,0.5742379753914989,0.5135174418604651
8.0,0.0,9.0,3.0,0.5742379753914989,0.5135174418604651
8.0,0.0,9.0,5.0,0.5742379753914989,0.5135174418604651
8.0,0.0,9.0,8.0,0.5742379753914989,0.5135174418604651
8.0,0.0,9.0,12.0,0.5742379753914989,0.5135174418604651
8.0,0.0,9.0,20.0,0.5745176174496645,0.5145141196013289
8.0,0.0,9.0,32.0,0.5733990492170022,0.5137458471760797
8.0,0.0,9.0,50.0,0.5702740492170022,0.5139327242524917
8.0,0.0,9.0,80.0,0.5670022371364654,0.5158845514950167
8.0,0.0,9.0,128.0,0.5642477628635347,0.5143064784053155
8.0,0.0,11.0,2.0,0.5732592281879194,0.5139119601328904
8.0,0.0,11.0,3.0,0.5732592281879194,0.5139119601328904
8.0,0.0,11.0,5.0,0.5732592281879194,0.5139119601328904
8.0,0.0,11.0,8.0,0.5732592281879194,0.5139119601328904
8.0,0.0,11.0,12.0,0.5732592281879194,0.5139119601328904
8.0,0.0,11.0,20.0,0.5732592281879194,0.5139119601328904
8.0,0.0,11.0,32.0,0.5725111856823266,0.513455149501661
8.0,0.0,11.0,50.0,0.5703509507829978,0.5144518272425249
8.0,0.0,11.0,80.0,0.5668134787472037,0.5135589700996677
8.0,0.0,11.0,128.0,0.5639890939597315,0.5150955149501661
8.0,0.0,13.0,2.0,0.5724272930648769,0.5142026578073089
8.0,0.0,13.0,3.0,0.5724272930648769,0.5142026578073089
8.0,0.0,13.0,5.0,0.5724272930648769,0.5142026578073089
8.0,0.0,13.0,8.0,0.5724272930648769,0.5142026578073089
8.0,0.0,13.0,12.0,0.5724272930648769,0.5142026578073089
8.0,0.0,13.0,20.0,0.5724272930648769,0.5142026578073089
8.0,0.0,13.0,32.0,0.5718680089485458,0.5144518272425249
8.0,0.0,13.0,50.0,0.570315995525727,0.5145764119601328
8.0,0.0,13.0,80.0,0.5674776286353468,0.5138081395348838
8.0,0.0,13.0,128.0,0.5638352908277404,0.5149086378737542
8.0,0.0,15.0,2.0,0.5712527964205816,0.5141196013289037
8.0,0.0,15.0,3.0,0.5712527964205816,0.5141196013289037
8.0,0.0,15.0,5.0,0.5712527964205816,0.5141196013289037
8.0,0.0,15.0,8.0,0.5712527964205816,0.5141196013289037
8.0,0.0,15.0,12.0,0.5712527964205816,0.5141196013289037
8.0,0.0,15.0,20.0,0.5712527964205816,0.5141196013289037
8.0,0.0,15.0,32.0,0.5709871364653244,0.5144933554817276
8.0,0.0,15.0,50.0,0.5699734340044743,0.5146387043189369
8.0,0.0,15.0,80.0,0.5676104586129754,0.5131644518272426
8.0,0.0,15.0,128.0,0.5638842281879194,0.5154485049833888
8.0,0.0,17.0,2.0,0.5709591722595079,0.5139950166112957
8.0,0.0,17.0,3.0,0.5709591722595079,0.5139950166112957
8.0,0.0,17.0,5.0,0.5709591722595079,0.5139950166112957
8.0,0.0,17.0,8.0,0.5709591722595079,0.5139950166112957
8.0,0.0,17.0,12.0,0.5709591722595079,0.5139950166112957
8.0,0.0,17.0,20.0,0.5709591722595079,0.5139950166112957
8.0,0.0,17.0,32.0,0.5709591722595079,0.5139950166112957
8.0,0.0,17.0,50.0,0.569505033557047,0.5144933554817276
8.0,0.0,17.0,80.0,0.5676524049217002,0.5136212624584717
8.0,0.0,17.0,128.0,0.5636884787472036,0.5141818936877076
8.0,0.0,20.0,2.0,0.5696937919463088,0.5129775747508305
8.0,0.0,20.0,3.0,0.5696937919463088,0.5129775747508305
8.0,0.0,20.0,5.0,0.5696937919463088,0.5129775747508305
8.0,0.0,20.0,8.0,0.5696937919463088,0.5129775747508305
8.0,0.0,20.0,12.0,0.5696937919463088,0.5129775747508305
8.0,0.0,20.0,20.0,0.5696937919463088,0.5129775747508305
8.0,0.0,20.0,32.0,0.5696937919463088,0.5129775747508305
8.0,0.0,20.0,50.0,0.5697846756152125,0.5136004983388704
8.0,0.0,20.0,80.0,0.5670861297539149,0.5136627906976744
8.0,0.0,20.0,128.0,0.5637793624161074,0.5141196013289037
8.0,0.11111111,1.0,2.0,0.5806347874720358,0.5140365448504983
8.0,0.11111111,1.0,3.0,0.5805299217002238,0.514015780730897
8.0,0.11111111,1.0,5.0,0.5798447986577181,0.5139119601328904
8.0,0.11111111,1.0,8.0,0.5790198545861298,0.5149086378737542
8.0,0.11111111,1.0,12.0,0.5777614653243848,0.5145764119601329
8.0,0.11111111,1.0,20.0,0.5763073266219239,0.5138496677740865
8.0,0.11111111,1.0,32.0,0.573084451901566,0.5131644518272426
8.0,0.11111111,1.0,50.0,0.5703509507829978,0.5159053156146179
8.0,0.11111111,1.0,80.0,0.5672049776286354,0.5150332225913621
8.0,0.11111111,1.0,128.0,0.5643736017897092,0.5137458471760797
8.0,0.11111111,3.0,2.0,0.5785514541387025,0.5151370431893688
8.0,0.11111111,3.0,3.0,0.5785514541387025,0.5151370431893688
8.0,0.11111111,3.0,5.0,0.5785514541387025,0.5151370431893688
8.0,0.11111111,3.0,8.0,0.5784046420581656,0.515095514950166
8.0,0.11111111,3.0,12.0,0.5771812080536913,0.5139327242524917
8.0,0.11111111,3.0,20.0,0.5759997203579419,0.5145971760797342
8.0,0.11111111,3.0,32.0,0.5725601230425056,0.5152616279069767
8.0,0.11111111,3.0,50.0,0.5706375838926174,0.5155730897009967
8.0,0.11111111,3.0,80.0,0.5675055928411633,0.5154277408637874
8.0,0.11111111,3.0,128.0,0.5648559843400447,0.5141196013289037
8.0,0.11111111,5.0,2.0,0.5764681208053691,0.5143480066445183
8.0,0.11111111,5.0,3.0,0.5764681208053691,0.5143480066445183
8.0,0.11111111,5.0,5.0,0.5764681208053691,0.5143480066445183
8.0,0.11111111,5.0,8.0,0.5764681208053691,0.5143480066445183
8.0,0.11111111,5.0,12.0,0.576712807606264,0.5153239202657808
8.0,0.11111111,5.0,20.0,0.5744197427293065,0.5136004983388704
8.0,0.11111111,5.0,32.0,0.5728956935123042,0.5154069767441861
8.0,0.11111111,5.0,50.0,0.5703020134228188,0.5145556478405315
8.0,0.11111111,5.0,80.0,0.5675475391498882,0.5136627906976744
8.0,0.11111111,5.0,128.0,0.5644295302013422,0.5145556478405316
8.0,0.11111111,7.0,2.0,0.5751258389261744,0.5131229235880399
8.0,0.11111111,7.0,3.0,0.5751258389261744,0.5131229235880399
8.0,0.11111111,7.0,5.0,0.5751258389261744,0.5131229235880399
8.0,0.11111111,7.0,8.0,0.5751258389261744,0.5131229235880399
8.0,0.11111111,7.0,12.0,0.5751258389261744,0.5131229235880399
8.0,0.11111111,7.0,20.0,0.5748252237136466,0.5137043189368771
8.0,0.11111111,7.0,32.0,0.5732522371364653,0.5137043189368771
8.0,0.11111111,7.0,50.0,0.5700782997762863,0.5137250830564783
8.0,0.11111111,7.0,80.0,0.5676663870246086,0.5150747508305649
8.0,0.11111111,7.0,128.0,0.5639052013422818,0.5141196013289037
8.0,0.11111111,9.0,2.0,0.5742379753914989,0.5135174418604651
8.0,0.11111111,9.0,3.0,0.5742379753914989,0.5135174418604651
8.0,0.11111111,9.0,5.0,0.5742379753914989,0.5135174418604651
8.0,0.11111111,9.0,8.0,0.5742379753914989,0.5135174418604651
8.0,0.11111111,9.0,12.0,0.5742379753914989,0.5135174418604651
8.0,0.11111111,9.0,20.0,0.5745176174496645,0.5145141196013289
8.0,0.11111111,9.0,32.0,0.5733990492170022,0.5137458471760797
8.0,0.11111111,9.0,50.0,0.5702740492170022,0.5139327242524917
8.0,0.11111111,9.0,80.0,0.5670022371364654,0.5158845514950167
8.0,0.11111111,9.0,128.0,0.5642477628635347,0.5143064784053155
8.0,0.11111111,11.0,2.0,0.5732592281879194,0.5139119601328904
8.0,0.11111111,11.0,3.0,0.5732592281879194,0.5139119601328904
8.0,0.11111111,11.0,5.0,0.5732592281879194,0.5139119601328904
8.0,0.11111111,11.0,8.0,0.5732592281879194,0.5139119601328904
8.0,0.11111111,11.0,12.0,0.5732592281879194,0.5139119601328904
8.0,0.11111111,11.0,20.0,0.5732592281879194,0.5139119601328904
8.0,0.11111111,11.0,32.0,0.5725111856823266,0.513455149501661
8.0,0.11111111,11.0,50.0,0.5703509507829978,0.5144518272425249
8.0,0.11111111,11.0,80.0,0.5668134787472037,0.5135589700996677
8.0,0.11111111,11.0,128.0,0.5639890939597315,0.5150955149501661
8.0,0.11111111,13.0,2.0,0.5724272930648769,0.5142026578073089
8.0,0.11111111,13.0,3.0,0.5724272930648769,0.5142026578073089
8.0,0.11111111,13.0,5.0,0.5724272930648769,0.5142026578073089
8.0,0.11111111,13.0,8.0,0.5724272930648769,0.5142026578073089
8.0,0.11111111,13.0,12.0,0.5724272930648769,0.5142026578073089
8.0,0.11111111,13.0,20.0,0.5724272930648769,0.5142026578073089
8.0,0.11111111,13.0,32.0,0.5718680089485458,0.5144518272425249
8.0,0.11111111,13.0,50.0,0.570315995525727,0.5145764119601328
8.0,0.11111111,13.0,80.0,0.5674776286353468,0.5138081395348838
8.0,0.11111111,13.0,128.0,0.5638352908277404,0.5149086378737542
8.0,0.11111111,15.0,2.0,0.5712527964205816,0.5141196013289037
8.0,0.11111111,15.0,3.0,0.5712527964205816,0.5141196013289037
8.0,0.11111111,15.0,5.0,0.5712527964205816,0.5141196013289037
8.0,0.11111111,15.0,8.0,0.5712527964205816,0.5141196013289037
8.0,0.11111111,15.0,12.0,0.5712527964205816,0.5141196013289037
8.0,0.11111111,15.0,20.0,0.5712527964205816,0.5141196013289037
8.0,0.11111111,15.0,32.0,0.5709871364653244,0.5144933554817276
8.0,0.11111111,15.0,50.0,0.5699734340044743,0.5146387043189369
8.0,0.11111111,15.0,80.0,0.5676104586129754,0.5131644518272426
8.0,0.11111111,15.0,128.0,0.5638842281879194,0.5154485049833888
8.0,0.11111111,17.0,2.0,0.5709591722595079,0.5139950166112957
8.0,0.11111111,17.0,3.0,0.5709591722595079,0.5139950166112957
8.0,0.11111111,17.0,5.0,0.5709591722595079,0.5139950166112957
8.0,0.11111111,17.0,8.0,0.5709591722595079,0.5139950166112957
8.0,0.11111111,17.0,12.0,0.5709591722595079,0.5139950166112957
8.0,0.11111111,17.0,20.0,0.5709591722595079,0.5139950166112957
8.0,0.11111111,17.0,32.0,0.5709591722595079,0.5139950166112957
8.0,0.11111111,17.0,50.0,0.569505033557047,0.5144933554817276
8.0,0.11111111,17.0,80.0,0.5676524049217002,0.5136212624584717
8.0,0.11111111,17.0,128.0,0.5636884787472036,0.5141818936877076
8.0,0.11111111,20.0,2.0,0.5696937919463088,0.5129775747508305
8.0,0.11111111,20.0,3.0,0.5696937919463088,0.5129775747508305
8.0,0.11111111,20.0,5.0,0.5696937919463088,0.5129775747508305
8.0,0.11111111,20.0,8.0,0.5696937919463088,0.5129775747508305
8.0,0.11111111,20.0,12.0,0.5696937919463088,0.5129775747508305
8.0,0.11111111,20.0,20.0,0.5696937919463088,0.5129775747508305
8.0,0.11111111,20.0,32.0,0.5696937919463088,0.5129775747508305
8.0,0.11111111,20.0,50.0,0.5697846756152125,0.5136004983388704
8.0,0.11111111,20.0,80.0,0.5670861297539149,0.5136627906976744
8.0,0.11111111,20.0,128.0,0.5637793624161074,0.5141196013289037
8.0,0.22222222,1.0,2.0,0.5876328299776287,0.5148255813953488
8.0,0.22222222,1.0,3.0,0.5876957494407159,0.5151370431893688
8.0,0.22222222,1.0,5.0,0.5871085011185683,0.5136212624584717
8.0,0.22222222,1.0,8.0,0.5863534675615212,0.5153239202657807
8.0,0.22222222,1.0,12.0,0.5855564876957494,0.5161129568106312
8.0,0.22222222,1.0,20.0,0.5831935123042505,0.5151578073089701
8.0,0.22222222,1.0,32.0,0.5805229306487696,0.5144933554817276
8.0,0.22222222,1.0,50.0,0.57792225950783,0.5151785714285715
8.0,0.22222222,1.0,80.0,0.5735947986577181,0.5141196013289037
8.0,0.22222222,1.0,128.0,0.5699874161073826,0.5140573089700997
8.0,0.22222222,3.0,2.0,0.5856893176733781,0.5151785714285715
8.0,0.22222222,3.0,3.0,0.5856893176733781,0.5151785714285715
8.0,0.22222222,3.0,5.0,0.5856893176733781,0.5151785714285715
8.0,0.22222222,3.0,8.0,0.5852139261744966,0.5141611295681063
8.0,0.22222222,3.0,12.0,0.5847175615212528,0.5153239202657807
8.0,0.22222222,3.0,20.0,0.5828020134228188,0.5149916943521594
8.0,0.22222222,3.0,32.0,0.579935682326622,0.5148878737541528
8.0,0.22222222,3.0,50.0,0.577824384787472,0.5147425249169435
8.0,0.22222222,3.0,80.0,0.5736856823266219,0.5148878737541528
8.0,0.22222222,3.0,128.0,0.5694211409395973,0.5145348837209303
8.0,0.22222222,5.0,2.0,0.5838506711409396,0.5136004983388704
8.0,0.22222222,5.0,3.0,0.5838506711409396,0.5136004983388704
8.0,0.22222222,5.0,5.0,0.5838506711409396,0.5136004983388704
8.0,0.22222222,5.0,8.0,0.5838506711409396,0.5136004983388704
8.0,0.22222222,5.0,12.0,0.5837038590604027,0.5136835548172758
8.0,0.22222222,5.0,20.0,0.5825852908277405,0.5148671096345515
8.0,0.22222222,5.0,32.0,0.5797958612975391,0.5147425249169435
8.0,0.22222222,5.0,50.0,0.5772301454138702,0.514078073089701
8.0,0.22222222,5.0,80.0,0.5733431208053691,0.5147425249169435
8.0,0.22222222,5.0,128.0,0.569812639821029,0.5154485049833888
8.0,0.22222222,7.0,2.0,0.5824804250559283,0.5155107973421927
8.0,0.22222222,7.0,3.0,0.5824804250559283,0.5155107973421927
8.0,0.22222222,7.0,5.0,0.5824804250559283,0.5155107973421927
8.0,0.22222222,7.0,8.0,0.5824804250559283,0.5155107973421927
8.0,0.22222222,7.0,12.0,0.5824804250559283,0.5155107973421927
8.0,0.22222222,7.0,20.0,0.5819281319910514,0.5146179401993356
8.0,0.22222222,7.0,32.0,0.5800265659955257,0.5162998338870433
8.0,0.22222222,7.0,50.0,0.5768456375838926,0.5149916943521594
8.0,0.22222222,7.0,80.0,0.5736786912751678,0.5148878737541528
8.0,0.22222222,7.0,128.0,0.5690086689038031,0.514327242524917
8.0,0.22222222,9.0,2.0,0.5817603467561521,0.514389534883721
8.0,0.22222222,9.0,3.0,0.5817603467561521,0.514389534883721
8.0,0.22222222,9.0,5.0,0.5817603467561521,0.514389534883721
8.0,0.22222222,9.0,8.0,0.5817603467561521,0.514389534883721
8.0,0.22222222,9.0,12.0,0.5817603467561521,0.514389534883721
8.0,0.22222222,9.0,20.0,0.5817323825503357,0.5148463455149501
8.0,0.22222222,9.0,32.0,0.5797119686800895,0.5149916943521594
8.0,0.22222222,9.0,50.0,0.5767757270693512,0.5147632890365449
8.0,0.22222222,9.0,80.0,0.5734689597315435,0.5143480066445182
8.0,0.22222222,9.0,128.0,0.5689807046979866,0.5137043189368771
8.0,0.22222222,11.0,2.0,0.5804320469798658,0.5140988372093023
8.0,0.22222222,11.0,3.0,0.5804320469798658,0.5140988372093023
8.0,0.22222222,11.0,5.0,0.5804320469798658,0.5140988372093023
8.0,0.22222222,11.0,8.0,0.5804320469798658,0.5140988372093023
8.0,0.22222222,11.0,12.0,0.5804320469798658,0.5140988372093023
8.0,0.22222222,11.0,20.0,0.5804320469798658,0.5140988372093023
8.0,0.22222222,11.0,32.0,0.5796280760626399,0.5147632890365449
8.0,0.22222222,11.0,50.0,0.5769295302013423,0.5158845514950166
8.0,0.22222222,11.0,80.0,0.5733291387024609,0.514327242524917
8.0,0.22222222,11.0,128.0,0.5692463646532439,0.5139327242524917
8.0,0.22222222,13.0,2.0,0.5785934004474272,0.5139534883720931
8.0,0.22222222,13.0,3.0,0.5785934004474272,0.5139534883720931
8.0,0.22222222,13.0,5.0,0.5785934004474272,0.5139534883720931
8.0,0.22222222,13.0,8.0,0.5785934004474272,0.5139534883720931
8.0,0.22222222,13.0,12.0,0.5785934004474272,0.5139534883720931
8.0,0.22222222,13.0,20.0,0.5785934004474272,0.5139534883720931
8.0,0.22222222,13.0,32.0,0.5790478187919463,0.5136835548172758
8.0,0.22222222,13.0,50.0,0.5769015659955257,0.5145764119601328
8.0,0.22222222,13.0,80.0,0.5733291387024608,0.5141818936877076
8.0,0.22222222,13.0,128.0,0.5698685682326622,0.5142026578073089
8.0,0.22222222,15.0,2.0,0.5794253355704698,0.5155523255813954
8.0,0.22222222,15.0,3.0,0.5794253355704698,0.5155523255813954
8.0,0.22222222,15.0,5.0,0.5794253355704698,0.5155523255813954
8.0,0.22222222,15.0,8.0,0.5794253355704698,0.5155523255813954
8.0,0.22222222,15.0,12.0,0.5794253355704698,0.5155523255813954
8.0,0.22222222,15.0,20.0,0.5794253355704698,0.5155523255813954
8.0,0.22222222,15.0,32.0,0.5786003914988814,0.5141818936877076
8.0,0.22222222,15.0,50.0,0.576614932885906,0.5148463455149501
8.0,0.22222222,15.0,80.0,0.5729236577181208,0.5147217607973422
8.0,0.22222222,15.0,128.0,0.5693232662192393,0.514264950166113
8.0,0.22222222,17.0,2.0,0.5779921700223714,0.5151785714285715
8.0,0.22222222,17.0,3.0,0.5779921700223714,0.5151785714285715
8.0,0.22222222,17.0,5.0,0.5779921700223714,0.5151785714285715
8.0,0.22222222,17.0,8.0,0.5779921700223714,0.5151785714285715
8.0,0.22222222,17.0,12.0,0.5779921700223714,0.5151785714285715
8.0,0.22222222,17.0,20.0,0.5779921700223714,0.5151785714285715
8.0,0.22222222,17.0,32.0,0.5779921700223714,0.5151785714285715
8.0,0.22222222,17.0,50.0,0.5755802572706935,0.5141196013289037
8.0,0.22222222,17.0,80.0,0.57268596196868,0.5141611295681063
8.0,0.22222222,17.0,128.0,0.5698545861297539,0.5141611295681063
8.0,0.22222222,20.0,2.0,0.5769714765100671,0.5149501661129567
8.0,0.22222222,20.0,3.0,0.5769714765100671,0.5149501661129567
8.0,0.22222222,20.0,5.0,0.5769714765100671,0.5149501661129567
8.0,0.22222222,20.0,8.0,0.5769714765100671,0.5149501661129567
8.0,0.22222222,20.0,12.0,0.5769714765100671,0.5149501661129567
8.0,0.22222222,20.0,20.0,0.5769714765100671,0.5149501661129567
8.0,0.22222222,20.0,32.0,0.5769714765100671,0.5149501661129567
8.0,0.22222222,20.0,50.0,0.5757690156599552,0.5146179401993356
8.0,0.22222222,20.0,80.0,0.5728747203579418,0.5134759136212624
8.0,0.22222222,20.0,128.0,0.5696168903803132,0.5146179401993356
8.0,0.33333334,1.0,2.0,0.5904991610738255,0.515843023255814
8.0,0.33333334,1.0,3.0,0.590478187919463,0.513891196013289
8.0,0.33333334,1.0,5.0,0.5909046420581656,0.5135797342192692
8.0,0.33333334,1.0,8.0,0.5903873042505593,0.5136627906976744
8.0,0.33333334,1.0,12.0,0.5888143176733781,0.5146387043189369
8.0,0.33333334,1.0,20.0,0.5863045302013423,0.5138496677740864
8.0,0.33333334,1.0,32.0,0.5839135906040268,0.5147217607973422
8.0,0.33333334,1.0,50.0,0.5809354026845638,0.5153239202657807
8.0,0.33333334,1.0,80.0,0.5774398769574944,0.5141403654485049
8.0,0.33333334,1.0,128.0,0.5725181767337808,0.5140573089700997
8.0,0.33333334,3.0,2.0,0.5893805928411633,0.5136835548172758
8.0,0.33333334,3.0,3.0,0.5893805928411633,0.5136835548172758
8.0,0.33333334,3.0,5.0,0.5893805928411633,0.5136835548172758
8.0,0.33333334,3.0,8.0,0.5879893736017897,0.513828903654485
8.0,0.33333334,3.0,12.0,0.5879963646532438,0.5137873754152824
8.0,0.33333334,3.0,20.0,0.5856054250559284,0.5144102990033222
8.0,0.33333334,3.0,32.0,0.5840534116331095,0.5141403654485049
8.0,0.33333334,3.0,50.0,0.5810682326621924,0.5147632890365449
8.0,0.33333334,3.0,80.0,0.5769225391498881,0.5148463455149501
8.0,0.33333334,3.0,128.0,0.572979586129754,0.5140365448504983
8.0,0.33333334,5.0,2.0,0.5871015100671141,0.5144102990033222
8.0,0.33333334,5.0,3.0,0.5871015100671141,0.5144102990033222
8.0,0.33333334,5.0,5.0,0.5871015100671141,0.5144102990033222
8.0,0.33333334,5.0,8.0,0.5871015100671141,0.5144102990033222
8.0,0.33333334,5.0,12.0,0.5868008948545861,0.5149916943521594
8.0,0.33333334,5.0,20.0,0.5855425055928412,0.5145556478405315
8.0,0.33333334,5.0,32.0,0.5839135906040268,0.5155107973421927
8.0,0.33333334,5.0,50.0,0.5813338926174497,0.5138496677740865
8.0,0.33333334,5.0,80.0,0.5773909395973155,0.5145556478405315
8.0,0.33333334,5.0,128.0,0.5724272930648769,0.5132267441860465
8.0,0.33333334,7.0,2.0,0.5861647091722595,0.5145971760797342
8.0,0.33333334,7.0,3.0,0.5861647091722595,0.5145971760797342
8.0,0.33333334,7.0,5.0,0.5861647091722595,0.5145971760797342
8.0,0.33333334,7.0,8.0,0.5861647091722595,0.5145971760797342
8.0,0.33333334,7.0,12.0,0.5861647091722595,0.5145971760797342
8.0,0.33333334,7.0,20.0,0.5850950782997763,0.5147632890365449
8.0,0.33333334,7.0,32.0,0.5830327181208054,0.5148671096345515
8.0,0.33333334,7.0,50.0,0.5807606263982102,0.5136212624584717
8.0,0.33333334,7.0,80.0,0.5768805928411632,0.5143480066445183
8.0,0.33333334,7.0,128.0,0.5726230425055928,0.5131852159468439
8.0,0.33333334,9.0,2.0,0.5851020693512304,0.5150955149501661
8.0,0.33333334,9.0,3.0,0.5851020693512304,0.5150955149501661
8.0,0.33333334,9.0,5.0,0.5851020693512304,0.5150955149501661
8.0,0.33333334,9.0,8.0,0.5851020693512304,0.5150955149501661
8.0,0.33333334,9.0,12.0,0.5851020693512304,0.5150955149501661
8.0,0.33333334,9.0,20.0,0.5842351789709173,0.515095514950166
8.0,0.33333334,9.0,32.0,0.5826062639821029,0.5149294019933555
8.0,0.33333334,9.0,50.0,0.5803691275167785,0.5139327242524917
8.0,0.33333334,9.0,80.0,0.5761325503355705,0.5144933554817276
8.0,0.33333334,9.0,128.0,0.5720148210290827,0.5134136212624585
8.0,0.33333334,11.0,2.0,0.5839625279642059,0.514389534883721
8.0,0.33333334,11.0,3.0,0.5839625279642059,0.514389534883721
8.0,0.33333334,11.0,5.0,0.5839625279642059,0.514389534883721
8.0,0.33333334,11.0,8.0,0.5839625279642059,0.514389534883721
8.0,0.33333334,11.0,12.0,0.5839625279642059,0.514389534883721
8.0,0.33333334,11.0,20.0,0.5839625279642059,0.514389534883721
8.0,0.33333334,11.0,32.0,0.5825852908277405,0.5140573089700997
8.0,0.33333334,11.0,50.0,0.5801454138702461,0.514264950166113
8.0,0.33333334,11.0,80.0,0.5763842281879195,0.5126038205980066
8.0,0.33333334,11.0,128.0,0.5725321588366891,0.5133513289036544
8.0,0.33333334,13.0,2.0,0.5831026286353468,0.5144518272425249
8.0,0.33333334,13.0,3.0,0.5831026286353468,0.5144518272425249
8.0,0.33333334,13.0,5.0,0.5831026286353468,0.5144518272425249
8.0,0.33333334,13.0,8.0,0.5831026286353468,0.5144518272425249
8.0,0.33333334,13.0,12.0,0.5831026286353468,0.5144518272425249
8.0,0.33333334,13.0,20.0,0.5831026286353468,0.5144518272425249
8.0,0.33333334,13.0,32.0,0.5827390939597316,0.5152616279069767
8.0,0.33333334,13.0,50.0,0.5798238255033556,0.5139327242524917
8.0,0.33333334,13.0,80.0,0.5768246644295302,0.5141818936877076
8.0,0.33333334,13.0,128.0,0.5726999440715883,0.5137666112956811
8.0,0.33333334,15.0,2.0,0.5822357382550336,0.5156146179401994
8.0,0.33333334,15.0,3.0,0.5822357382550336,0.5156146179401994
8.0,0.33333334,15.0,5.0,0.5822357382550336,0.5156146179401994
8.0,0.33333334,15.0,8.0,0.5822357382550336,0.5156146179401994
8.0,0.33333334,15.0,12.0,0.5822357382550336,0.5156146179401994
8.0,0.33333334,15.0,20.0,0.5822357382550336,0.5156146179401994
8.0,0.33333334,15.0,32.0,0.5814667225950784,0.5138496677740865
8.0,0.33333334,15.0,50.0,0.5797748881431767,0.5135382059800665
8.0,0.33333334,15.0,80.0,0.5757130872483222,0.5149086378737542
8.0,0.33333334,15.0,128.0,0.5729236577181208,0.5134343853820598
8.0,0.33333334,17.0,2.0,0.5810332774049216,0.514389534883721
8.0,0.33333334,17.0,3.0,0.5810332774049216,0.514389534883721
8.0,0.33333334,17.0,5.0,0.5810332774049216,0.514389534883721
8.0,0.33333334,17.0,8.0,0.5810332774049216,0.514389534883721
8.0,0.33333334,17.0,12.0,0.5810332774049216,0.514389534883721
8.0,0.33333334,17.0,20.0,0.5810332774049216,0.514389534883721
8.0,0.33333334,17.0,32.0,0.5810332774049216,0.514389534883721
8.0,0.33333334,17.0,50.0,0.5793204697986577,0.5133305647840531
8.0,0.33333334,17.0,80.0,0.5758389261744966,0.5131229235880399
8.0,0.33333334,17.0,128.0,0.5727908277404922,0.5137873754152824
8.0,0.33333334,20.0,2.0,0.5796840044742729,0.5144518272425249
8.0,0.33333334,20.0,3.0,0.5796840044742729,0.5144518272425249
8.0,0.33333334,20.0,5.0,0.5796840044742729,0.5144518272425249
8.0,0.33333334,20.0,8.0,0.5796840044742729,0.5144518272425249
8.0,0.33333334,20.0,12.0,0.5796840044742729,0.5144518272425249
8.0,0.33333334,20.0,20.0,0.5796840044742729,0.5144518272425249
8.0,0.33333334,20.0,32.0,0.5796840044742729,0.5144518272425249
8.0,0.33333334,20.0,50.0,0.5790548098434004,0.5138289036544851
8.0,0.33333334,20.0,80.0,0.5753565436241611,0.5133098006644519
8.0,0.33333334,20.0,128.0,0.5720637583892618,0.5144933554817276
8.0,0.44444445,1.0,2.0,0.5945260067114094,0.515656146179402
8.0,0.44444445,1.0,3.0,0.5939177852348994,0.5159676079734219
8.0,0.44444445,1.0,5.0,0.5936241610738255,0.5152408637873754
8.0,0.44444445,1.0,8.0,0.5939876957494408,0.5145556478405315
8.0,0.44444445,1.0,12.0,0.5922818791946309,0.5152408637873754
8.0,0.44444445,1.0,20.0,0.5902195190156599,0.5133720930232558
8.0,0.44444445,1.0,32.0,0.5869756711409396,0.5134759136212625
8.0,0.44444445,1.0,50.0,0.5833263422818792,0.5147425249169435
8.0,0.44444445,1.0,80.0,0.5791456935123043,0.5140573089700997
8.0,0.44444445,1.0,128.0,0.5745735458612975,0.5151370431893688
8.0,0.44444445,3.0,2.0,0.5915897651006711,0.513060631229236
8.0,0.44444445,3.0,3.0,0.5915897651006711,0.513060631229236
8.0,0.44444445,3.0,5.0,0.5915897651006711,0.513060631229236
8.0,0.44444445,3.0,8.0,0.5918973713646533,0.5142441860465116
8.0,0.44444445,3.0,12.0,0.5904432326621925,0.513455149501661
8.0,0.44444445,3.0,20.0,0.5893176733780761,0.5152823920265781
8.0,0.44444445,3.0,32.0,0.5863674496644296,0.5150539867109635
8.0,0.44444445,3.0,50.0,0.5825852908277405,0.5137250830564783
8.0,0.44444445,3.0,80.0,0.5790618008948545,0.5137873754152824
8.0,0.44444445,3.0,128.0,0.5748182326621925,0.5147840531561462
8.0,0.44444445,5.0,2.0,0.5893596196868008,0.5148463455149501
8.0,0.44444445,5.0,3.0,0.5893596196868008,0.5148463455149501
8.0,0.44444445,5.0,5.0,0.5893596196868008,0.5148463455149501
8.0,0.44444445,5.0,8.0,0.5893596196868008,0.5148463455149501
8.0,0.44444445,5.0,12.0,0.5894015659955258,0.5150539867109634
8.0,0.44444445,5.0,20.0,0.5890240492170022,0.5144725913621262
8.0,0.44444445,5.0,32.0,0.5863814317673378,0.5144725913621262
8.0,0.44444445,5.0,50.0,0.5830187360178971,0.514327242524917
8.0,0.44444445,5.0,80.0,0.5789988814317674,0.5144725913621262
8.0,0.44444445,5.0,128.0,0.5740841722595078,0.5143064784053156
8.0,0.44444445,7.0,2.0,0.5883249440715883,0.515718438538206
8.0,0.44444445,7.0,3.0,0.5883249440715883,0.515718438538206
8.0,0.44444445,7.0,5.0,0.5883249440715883,0.515718438538206
8.0,0.44444445,7.0,8.0,0.5883249440715883,0.515718438538206
8.0,0.44444445,7.0,12.0,0.5883249440715883,0.515718438538206
8.0,0.44444445,7.0,20.0,0.5879823825503355,0.5160506644518272
8.0,0.44444445,7.0,32.0,0.5857592281879194,0.5152823920265781
8.0,0.44444445,7.0,50.0,0.5821937919463087,0.5139119601328904
8.0,0.44444445,7.0,80.0,0.578984899328859,0.5156976744186046
8.0,0.44444445,7.0,128.0,0.5744616890380313,0.5147840531561462
8.0,0.44444445,9.0,2.0,0.5878565436241611,0.5153446843853821
8.0,0.44444445,9.0,3.0,0.5878565436241611,0.5153446843853821
8.0,0.44444445,9.0,5.0,0.5878565436241611,0.5153446843853821
8.0,0.44444445,9.0,8.0,0.5878565436241611,0.5153446843853821
8.0,0.44444445,9.0,12.0,0.5878565436241611,0.5153446843853821
8.0,0.44444445,9.0,20.0,0.5872832774049217,0.5148878737541528
8.0,0.44444445,9.0,32.0,0.5849412751677853,0.5150124584717608
8.0,0.44444445,9.0,50.0,0.5816275167785235,0.5140988372093023
8.0,0.44444445,9.0,80.0,0.5787332214765101,0.5145348837209303
8.0,0.44444445,9.0,128.0,0.574447706935123,0.5142234219269103
8.0,0.44444445,11.0,2.0,0.5862416107382551,0.5154277408637874
8.0,0.44444445,11.0,3.0,0.5862416107382551,0.5154277408637874
8.0,0.44444445,11.0,5.0,0.5862416107382551,0.5154277408637874
8.0,0.44444445,11.0,8.0,0.5862416107382551,0.5154277408637874
8.0,0.44444445,11.0,12.0,0.5862416107382551,0.5154277408637874
8.0,0.44444445,11.0,20.0,0.5862416107382551,0.5154277408637874
8.0,0.44444445,11.0,32.0,0.5849063199105146,0.5162998338870433
8.0,0.44444445,11.0,50.0,0.5820609619686801,0.5131852159468439
8.0,0.44444445,11.0,80.0,0.5790408277404921,0.5147425249169435
8.0,0.44444445,11.0,128.0,0.574147091722595,0.515220099667774
8.0,0.44444445,13.0,2.0,0.5859060402684564,0.5147217607973422
8.0,0.44444445,13.0,3.0,0.5859060402684564,0.5147217607973422
8.0,0.44444445,13.0,5.0,0.5859060402684564,0.5147217607973422
8.0,0.44444445,13.0,8.0,0.5859060402684564,0.5147217607973422
8.0,0.44444445,13.0,12.0,0.5859060402684564,0.5147217607973422
8.0,0.44444445,13.0,20.0,0.5859060402684564,0.5147217607973422
8.0,0.44444445,13.0,32.0,0.5852628635346757,0.515220099667774
8.0,0.44444445,13.0,50.0,0.5815995525727069,0.5133928571428571
8.0,0.44444445,13.0,80.0,0.5784465883668904,0.5140365448504983
8.0,0.44444445,13.0,128.0,0.5741820469798657,0.5146802325581395
8.0,0.44444445,15.0,2.0,0.584626677852349,0.5154277408637874
8.0,0.44444445,15.0,3.0,0.584626677852349,0.5154277408637874
8.0,0.44444445,15.0,5.0,0.584626677852349,0.5154277408637874
8.0,0.44444445,15.0,8.0,0.584626677852349,0.5154277408637874
8.0,0.44444445,15.0,12.0,0.584626677852349,0.5154277408637874
8.0,0.44444445,15.0,20.0,0.584626677852349,0.5154277408637874
8.0,0.44444445,15.0,32.0,0.5841093400447427,0.5150747508305649
8.0,0.44444445,15.0,50.0,0.5820260067114094,0.5139742524916944
8.0,0.44444445,15.0,80.0,0.577775447427293,0.5149709302325581
8.0,0.44444445,15.0,128.0,0.573993288590604,0.5144310631229236
8.0,0.44444445,17.0,2.0,0.5837807606263982,0.5143064784053156
8.0,0.44444445,17.0,3.0,0.5837807606263982,0.5143064784053156
8.0,0.44444445,17.0,5.0,0.5837807606263982,0.5143064784053156
8.0,0.44444445,17.0,8.0,0.5837807606263982,0.5143064784053156
8.0,0.44444445,17.0,12.0,0.5837807606263982,0.5143064784053156
8.0,0.44444445,17.0,20.0,0.5837807606263982,0.5143064784053156
8.0,0.44444445,17.0,32.0,0.5837807606263982,0.5143064784053156
8.0,0.44444445,17.0,50.0,0.5819840604026846,0.5139119601328904
8.0,0.44444445,17.0,80.0,0.5777474832214765,0.5146594684385383
8.0,0.44444445,17.0,128.0,0.574042225950783,0.5149709302325581
8.0,0.44444445,20.0,2.0,0.5818372483221477,0.515220099667774
8.0,0.44444445,20.0,3.0,0.5818372483221477,0.515220099667774
8.0,0.44444445,20.0,5.0,0.5818372483221477,0.515220099667774
8.0,0.44444445,20.0,8.0,0.5818372483221477,0.515220099667774
8.0,0.44444445,20.0,12.0,0.5818372483221477,0.515220099667774
8.0,0.44444445,20.0,20.0,0.5818372483221477,0.515220099667774
8.0,0.44444445,20.0,32.0,0.5818372483221477,0.515220099667774
8.0,0.44444445,20.0,50.0,0.5813618568232662,0.5143064784053155
8.0,0.44444445,20.0,80.0,0.5774958053691275,0.5137873754152824
8.0,0.44444445,20.0,128.0,0.5743917785234899,0.5141403654485049
8.0,0.5555556,1.0,2.0,0.5954558165548098,0.5145141196013289
8.0,0.5555556,1.0,3.0,0.5957284675615212,0.5149709302325581
8.0,0.5555556,1.0,5.0,0.5949944071588368,0.5153239202657807
8.0,0.5555556,1.0,8.0,0.5951691834451902,0.5140573089700997
8.0,0.5555556,1.0,12.0,0.5937919463087249,0.515220099667774
8.0,0.5555556,1.0,20.0,0.5918414429530201,0.5155107973421927
8.0,0.5555556,1.0,32.0,0.589010067114094,0.5139119601328904
8.0,0.5555556,1.0,50.0,0.58478048098434,0.5147840531561462
8.0,0.5555556,1.0,80.0,0.5793833892617449,0.5147009966777408
8.0,0.5555556,1.0,128.0,0.5768316554809843,0.5144725913621262
8.0,0.5555556,3.0,2.0,0.5931277964205817,0.5146594684385383
8.0,0.5555556,3.0,3.0,0.5931277964205817,0.5146594684385383
8.0,0.5555556,3.0,5.0,0.5931277964205817,0.5146594684385383
8.0,0.5555556,3.0,8.0,0.5932885906040268,0.5141611295681063
8.0,0.5555556,3.0,12.0,0.592645413870246,0.5146594684385382
8.0,0.5555556,3.0,20.0,0.5899398769574944,0.5147425249169435
8.0,0.5555556,3.0,32.0,0.5880942393736018,0.5145971760797342
8.0,0.5555556,3.0,50.0,0.5847315436241611,0.5145764119601328
8.0,0.5555556,3.0,80.0,0.5797329418344519,0.5149709302325581
8.0,0.5555556,3.0,128.0,0.5764681208053691,0.5142857142857143
8.0,0.5555556,5.0,2.0,0.591533836689038,0.5128529900332226
8.0,0.5555556,5.0,3.0,0.591533836689038,0.5128529900332226
8.0,0.5555556,5.0,5.0,0.591533836689038,0.5128529900332226
8.0,0.5555556,5.0,8.0,0.591533836689038,0.5128529900332226
8.0,0.5555556,5.0,12.0,0.5914918903803132,0.5144518272425249
8.0,0.5555556,5.0,20.0,0.5891289149888144,0.515406976744186
8.0,0.5555556,5.0,32.0,0.5874930089485458,0.5140573089700997
8.0,0.5555556,5.0,50.0,0.5848434004474272,0.514015780730897
8.0,0.5555556,5.0,80.0,0.5797259507829977,0.5153446843853822
8.0,0.5555556,5.0,128.0,0.576607941834452,0.514327242524917
8.0,0.5555556,7.0,2.0,0.589765100671141,0.5139119601328904
8.0,0.5555556,7.0,3.0,0.589765100671141,0.5139119601328904
8.0,0.5555556,7.0,5.0,0.589765100671141,0.5139119601328904
8.0,0.5555556,7.0,8.0,0.589765100671141,0.5139119601328904
8.0,0.5555556,7.0,12.0,0.589765100671141,0.5139119601328904
8.0,0.5555556,7.0,20.0,0.588961129753915,0.5140988372093023
8.0,0.5555556,7.0,32.0,0.5872203579418345,0.5138081395348838
8.0,0.5555556,7.0,50.0,0.5845707494407159,0.5141196013289037
8.0,0.5555556,7.0,80.0,0.5802013422818793,0.5151162790697674
8.0,0.5555556,7.0,128.0,0.5761814876957494,0.5139742524916944
8.0,0.5555556,9.0,2.0,0.589869966442953,0.5145556478405315
8.0,0.5555556,9.0,3.0,0.589869966442953,0.5145556478405315
8.0,0.5555556,9.0,5.0,0.589869966442953,0.5145556478405315
8.0,0.5555556,9.0,8.0,0.589869966442953,0.5145556478405315
8.0,0.5555556,9.0,12.0,0.589869966442953,0.5145556478405315
8.0,0.5555556,9.0,20.0,0.5888492729306487,0.5148463455149501
8.0,0.5555556,9.0,32.0,0.5866890380313199,0.5137250830564783
8.0,0.5555556,9.0,50.0,0.5837597874720358,0.5137873754152824
8.0,0.5555556,9.0,80.0,0.5797399328859061,0.5140573089700997
8.0,0.5555556,9.0,128.0,0.5766289149888143,0.5139327242524917
8.0,0.5555556,11.0,2.0,0.5877097315436242,0.5143064784053155
8.0,0.5555556,11.0,3.0,0.5877097315436242,0.5143064784053155
8.0,0.5555556,11.0,5.0,0.5877097315436242,0.5143064784053155
8.0,0.5555556,11.0,8.0,0.5877097315436242,0.5143064784053155
8.0,0.5555556,11.0,12.0,0.5877097315436242,0.5143064784053155
8.0,0.5555556,11.0,20.0,0.5877097315436242,0.5143064784053155
8.0,0.5555556,11.0,32.0,0.5864583333333333,0.5154069767441861
8.0,0.5555556,11.0,50.0,0.5837178411633109,0.514264950166113
8.0,0.5555556,11.0,80.0,0.5798657718120805,0.5142026578073089
8.0,0.5555556,11.0,128.0,0.5765590044742729,0.514327242524917
8.0,0.5555556,13.0,2.0,0.5868847874720358,0.5135174418604651
8.0,0.5555556,13.0,3.0,0.5868847874720358,0.5135174418604651
8.0,0.5555556,13.0,5.0,0.5868847874720358,0.5135174418604651
8.0,0.5555556,13.0,8.0,0.5868847874720358,0.5135174418604651
8.0,0.5555556,13.0,12.0,0.5868847874720358,0.5135174418604651
8.0,0.5555556,13.0,20.0,0.5868847874720358,0.5135174418604651
8.0,0.5555556,13.0,32.0,0.5868218680089485,0.5147425249169435
8.0,0.5555556,13.0,50.0,0.5838576621923938,0.5147425249169435
8.0,0.5555556,13.0,80.0,0.579991610738255,0.5139742524916944
8.0,0.5555556,13.0,128.0,0.5766359060402684,0.5153239202657808
8.0,0.5555556,15.0,2.0,0.5862765659955257,0.5142857142857142
8.0,0.5555556,15.0,3.0,0.5862765659955257,0.5142857142857142
8.0,0.5555556,15.0,5.0,0.5862765659955257,0.5142857142857142
8.0,0.5555556,15.0,8.0,0.5862765659955257,0.5142857142857142
8.0,0.5555556,15.0,12.0,0.5862765659955257,0.5142857142857142
8.0,0.5555556,15.0,20.0,0.5862765659955257,0.5142857142857142
8.0,0.5555556,15.0,32.0,0.5854446308724832,0.5149086378737542
8.0,0.5555556,15.0,50.0,0.5840813758389262,0.5151578073089701
8.0,0.5555556,15.0,80.0,0.5800265659955257,0.514389534883721
8.0,0.5555556,15.0,128.0,0.5756641498881432,0.5146594684385383
8.0,0.5555556,17.0,2.0,0.5856124161073826,0.5128945182724253
8.0,0.5555556,17.0,3.0,0.5856124161073826,0.5128945182724253
8.0,0.5555556,17.0,5.0,0.5856124161073826,0.5128945182724253
8.0,0.5555556,17.0,8.0,0.5856124161073826,0.5128945182724253
8.0,0.5555556,17.0,12.0,0.5856124161073826,0.5128945182724253
8.0,0.5555556,17.0,20.0,0.5856124161073826,0.5128945182724253
8.0,0.5555556,17.0,32.0,0.5856124161073826,0.5128945182724253
8.0,0.5555556,17.0,50.0,0.5838227069351231,0.5150747508305649
8.0,0.5555556,17.0,80.0,0.5799846196868008,0.515095514950166
8.0,0.5555556,17.0,128.0,0.5756431767337807,0.5145764119601328
8.0,0.5555556,20.0,2.0,0.5845917225950783,0.5137458471760797
8.0,0.5555556,20.0,3.0,0.5845917225950783,0.5137458471760797
8.0,0.5555556,20.0,5.0,0.5845917225950783,0.5137458471760797
8.0,0.5555556,20.0,8.0,0.5845917225950783,0.5137458471760797
8.0,0.5555556,20.0,12.0,0.5845917225950783,0.5137458471760797
8.0,0.5555556,20.0,20.0,0.5845917225950783,0.5137458471760797
8.0,0.5555556,20.0,32.0,0.5845917225950783,0.5137458471760797
8.0,0.5555556,20.0,50.0,0.5825013982102909,0.5148255813953488
8.0,0.5555556,20.0,80.0,0.5803901006711409,0.515531561461794
8.0,0.5555556,20.0,128.0,0.5761045861297539,0.5154277408637874
8.0,0.6666667,1.0,2.0,0.5993078859060402,0.5133098006644519
8.0,0.6666667,1.0,3.0,0.598895413870246,0.5150332225913621
8.0,0.6666667,1.0,5.0,0.5982522371364654,0.5140573089700997
8.0,0.6666667,1.0,8.0,0.5976160514541388,0.5134759136212625
8.0,0.6666667,1.0,12.0,0.5962807606263982,0.5142026578073089
8.0,0.6666667,1.0,20.0,0.5943582214765101,0.515220099667774
8.0,0.6666667,1.0,32.0,0.5911003914988815,0.5146179401993355
8.0,0.6666667,1.0,50.0,0.5881291946308724,0.5141196013289037
8.0,0.6666667,1.0,80.0,0.5836409395973154,0.5143064784053155
8.0,0.6666667,1.0,128.0,0.5773070469798658,0.5131436877076412
8.0,0.6666667,3.0,2.0,0.596071029082774,0.5141403654485049
8.0,0.6666667,3.0,3.0,0.596071029082774,0.5141403654485049
8.0,0.6666667,3.0,5.0,0.596071029082774,0.5141403654485049
8.0,0.6666667,3.0,8.0,0.5959312080536913,0.5154900332225913
8.0,0.6666667,3.0,12.0,0.5957354586129753,0.5142857142857143
8.0,0.6666667,3.0,20.0,0.5940366331096196,0.5140573089700997
8.0,0.6666667,3.0,32.0,0.59082774049217,0.5144933554817276
8.0,0.6666667,3.0,50.0,0.5872553131991051,0.5139534883720931
8.0,0.6666667,3.0,80.0,0.5829837807606264,0.5138289036544851
8.0,0.6666667,3.0,128.0,0.5771951901565996,0.5138704318936876
8.0,0.6666667,5.0,2.0,0.5943512304250559,0.5138704318936878
8.0,0.6666667,5.0,3.0,0.5943512304250559,0.5138704318936878
8.0,0.6666667,5.0,5.0,0.5943512304250559,0.5138704318936878
8.0,0.6666667,5.0,8.0,0.5943512304250559,0.5138704318936878
8.0,0.6666667,5.0,12.0,0.5941904362416107,0.5135797342192692
8.0,0.6666667,5.0,20.0,0.5921071029082774,0.5146179401993356
8.0,0.6666667,5.0,32.0,0.589716163310962,0.5147632890365449
8.0,0.6666667,5.0,50.0,0.586996644295302,0.5142441860465116
8.0,0.6666667,5.0,80.0,0.5830467002237136,0.514327242524917
8.0,0.6666667,5.0,128.0,0.5771881991051454,0.5131229235880399
8.0,0.6666667,7.0,2.0,0.5933025727069351,0.5138496677740865
8.0,0.6666667,7.0,3.0,0.5933025727069351,0.5138496677740865
8.0,0.6666667,7.0,5.0,0.5933025727069351,0.5138496677740865
8.0,0.6666667,7.0,8.0,0.5933025727069351,0.5138496677740865
8.0,0.6666667,7.0,12.0,0.5933025727069351,0.5138496677740865
8.0,0.6666667,7.0,20.0,0.5916177293064877,0.515718438538206
8.0,0.6666667,7.0,32.0,0.5898559843400447,0.514389534883721
8.0,0.6666667,7.0,50.0,0.5873182326621924,0.5148463455149501
8.0,0.6666667,7.0,80.0,0.5830397091722596,0.5139119601328904
8.0,0.6666667,7.0,128.0,0.5774748322147651,0.514015780730897
8.0,0.6666667,9.0,2.0,0.5919323266219239,0.5138704318936878
8.0,0.6666667,9.0,3.0,0.5919323266219239,0.5138704318936878
8.0,0.6666667,9.0,5.0,0.5919323266219239,0.5138704318936878
8.0,0.6666667,9.0,8.0,0.5919323266219239,0.5138704318936878
8.0,0.6666667,9.0,12.0,0.5919323266219239,0.5138704318936878
8.0,0.6666667,9.0,20.0,0.591338087248322,0.5142234219269103
8.0,0.6666667,9.0,32.0,0.5897511185682326,0.5134966777408637
8.0,0.6666667,9.0,50.0,0.5866470917225951,0.5149294019933555
8.0,0.6666667,9.0,80.0,0.5830047539149887,0.5137043189368771
8.0,0.6666667,9.0,128.0,0.5774119127516778,0.5148048172757476
8.0,0.6666667,11.0,2.0,0.5909046420581656,0.5139534883720931
8.0,0.6666667,11.0,3.0,0.5909046420581656,0.5139534883720931
8.0,0.6666667,11.0,5.0,0.5909046420581656,0.5139534883720931
8.0,0.6666667,11.0,8.0,0.5909046420581656,0.5139534883720931
8.0,0.6666667,11.0,12.0,0.5909046420581656,0.5139534883720931
8.0,0.6666667,11.0,20.0,0.5909046420581656,0.5139534883720931
8.0,0.6666667,11.0,32.0,0.5899258948545861,0.5147840531561462
8.0,0.6666667,11.0,50.0,0.5863954138702461,0.5132475083056478
8.0,0.6666667,11.0,80.0,0.5826691834451901,0.5134136212624585
8.0,0.6666667,11.0,128.0,0.5780620805369128,0.5144725913621262
8.0,0.6666667,13.0,2.0,0.5895483780760626,0.5136004983388704
8.0,0.6666667,13.0,3.0,0.5895483780760626,0.5136004983388704
8.0,0.6666667,13.0,5.0,0.5895483780760626,0.5136004983388704
8.0,0.6666667,13.0,8.0,0.5895483780760626,0.5136004983388704
8.0,0.6666667,13.0,12.0,0.5895483780760626,0.5136004983388704
8.0,0.6666667,13.0,20.0,0.5895483780760626,0.5136004983388704
8.0,0.6666667,13.0,32.0,0.5889261744966443,0.5144725913621262
8.0,0.6666667,13.0,50.0,0.5865841722595079,0.513060631229236
8.0,0.6666667,13.0,80.0,0.5825503355704698,0.5126868770764119
8.0,0.6666667,13.0,128.0,0.5776076621923937,0.5138289036544851
8.0,0.6666667,15.0,2.0,0.5894924496644295,0.5133098006644519
8.0,0.6666667,15.0,3.0,0.5894924496644295,0.5133098006644519
8.0,0.6666667,15.0,5.0,0.5894924496644295,0.5133098006644519
8.0,0.6666667,15.0,8.0,0.5894924496644295,0.5133098006644519
8.0,0.6666667,15.0,12.0,0.5894924496644295,0.5133098006644519
8.0,0.6666667,15.0,20.0,0.5894924496644295,0.5133098006644519
8.0,0.6666667,15.0,32.0,0.5889541387024608,0.5147425249169435
8.0,0.6666667,15.0,50.0,0.5857662192393736,0.5137043189368771
8.0,0.6666667,15.0,80.0,0.5825363534675615,0.5136420265780731
8.0,0.6666667,15.0,128.0,0.5778523489932886,0.5143480066445183
8.0,0.6666667,17.0,2.0,0.5879753914988815,0.5151162790697674
8.0,0.6666667,17.0,3.0,0.5879753914988815,0.5151162790697674
8.0,0.6666667,17.0,5.0,0.5879753914988815,0.5151162790697674
8.0,0.6666667,17.0,8.0,0.5879753914988815,0.5151162790697674
8.0,0.6666667,17.0,12.0,0.5879753914988815,0.5151162790697674
8.0,0.6666667,17.0,20.0,0.5879753914988815,0.5151162790697674
8.0,0.6666667,17.0,32.0,0.5879753914988815,0.5151162790697674
8.0,0.6666667,17.0,50.0,0.5854656040268457,0.5141403654485049
8.0,0.6666667,17.0,80.0,0.5821308724832215,0.5127906976744186
8.0,0.6666667,17.0,128.0,0.5779432326621924,0.5149086378737542
8.0,0.6666667,20.0,2.0,0.5866960290827741,0.5151785714285715
8.0,0.6666667,20.0,3.0,0.5866960290827741,0.5151785714285715
8.0,0.6666667,20.0,5.0,0.5866960290827741,0.5151785714285715
8.0,0.6666667,20.0,8.0,0.5866960290827741,0.5151785714285715
8.0,0.6666667,20.0,12.0,0.5866960290827741,0.5151785714285715
8.0,0.6666667,20.0,20.0,0.5866960290827741,0.5151785714285715
8.0,0.6666667,20.0,32.0,0.5866960290827741,0.5151785714285715
8.0,0.6666667,20.0,50.0,0.5851090604026845,0.5147840531561462
8.0,0.6666667,20.0,80.0,0.5820679530201343,0.5127906976744186
8.0,0.6666667,20.0,128.0,0.5778873042505592,0.5134966777408637
8.0,0.7777778,1.0,2.0,0.6005383109619686,0.5132890365448505
8.0,0.7777778,1.0,3.0,0.6001258389261744,0.5141403654485049
8.0,0.7777778,1.0,5.0,0.599748322147651,0.5129775747508305
8.0,0.7777778,1.0,8.0,0.5990562080536913,0.5132059800664452
8.0,0.7777778,1.0,12.0,0.5978747203579419,0.5138704318936878
8.0,0.7777778,1.0,20.0,0.5955536912751678,0.5133720930232558
8.0,0.7777778,1.0,32.0,0.592946029082774,0.5149294019933555
8.0,0.7777778,1.0,50.0,0.5898979306487695,0.5149086378737542
8.0,0.7777778,1.0,80.0,0.5840464205816555,0.514327242524917
8.0,0.7777778,1.0,128.0,0.5786423378076062,0.5127284053156147
8.0,0.7777778,3.0,2.0,0.5981263982102909,0.5144102990033222
8.0,0.7777778,3.0,3.0,0.5981263982102909,0.5144102990033222
8.0,0.7777778,3.0,5.0,0.5981263982102909,0.5144102990033222
8.0,0.7777778,3.0,8.0,0.5975181767337807,0.5138704318936876
8.0,0.7777778,3.0,12.0,0.5964415548098434,0.5138496677740864
8.0,0.7777778,3.0,20.0,0.594854586129754,0.5126868770764119
8.0,0.7777778,3.0,32.0,0.5922748881431767,0.5142234219269103
8.0,0.7777778,3.0,50.0,0.5890380313199105,0.5148878737541528
8.0,0.7777778,3.0,80.0,0.5841442953020135,0.5141403654485049
8.0,0.7777778,3.0,128.0,0.5786213646532439,0.5128945182724253
8.0,0.7777778,5.0,2.0,0.5952111297539149,0.5141818936877076
8.0,0.7777778,5.0,3.0,0.5952111297539149,0.5141818936877076
8.0,0.7777778,5.0,5.0,0.5952111297539149,0.5141818936877076
8.0,0.7777778,5.0,8.0,0.5952111297539149,0.5141818936877076
8.0,0.7777778,5.0,12.0,0.5951901565995525,0.5150955149501661
8.0,0.7777778,5.0,20.0,0.594553970917226,0.512375415282392
8.0,0.7777778,5.0,32.0,0.5917295861297539,0.5146802325581395
8.0,0.7777778,5.0,50.0,0.5886954697986577,0.5146179401993355
8.0,0.7777778,5.0,80.0,0.5839485458612975,0.5133513289036544
8.0,0.7777778,5.0,128.0,0.5787681767337808,0.513455149501661
8.0,0.7777778,7.0,2.0,0.594707774049217,0.5142441860465117
8.0,0.7777778,7.0,3.0,0.594707774049217,0.5142441860465117
8.0,0.7777778,7.0,5.0,0.594707774049217,0.5142441860465117
8.0,0.7777778,7.0,8.0,0.594707774049217,0.5142441860465117
8.0,0.7777778,7.0,12.0,0.594707774049217,0.5142441860465117
8.0,0.7777778,7.0,20.0,0.594553970917226,0.5130606312292358
8.0,0.7777778,7.0,32.0,0.5913171140939597,0.5146387043189369
8.0,0.7777778,7.0,50.0,0.5887164429530201,0.5136835548172758
8.0,0.7777778,7.0,80.0,0.5834941275167785,0.5138704318936878
8.0,0.7777778,7.0,128.0,0.5789639261744967,0.5131021594684386
8.0,0.7777778,9.0,2.0,0.592890100671141,0.514078073089701
8.0,0.7777778,9.0,3.0,0.592890100671141,0.514078073089701
8.0,0.7777778,9.0,5.0,0.592890100671141,0.514078073089701
8.0,0.7777778,9.0,8.0,0.592890100671141,0.514078073089701
8.0,0.7777778,9.0,12.0,0.592890100671141,0.514078073089701
8.0,0.7777778,9.0,20.0,0.5935822147651006,0.5139742524916944
8.0,0.7777778,9.0,32.0,0.5903104026845638,0.5148671096345515
8.0,0.7777778,9.0,50.0,0.5879474272930649,0.5139742524916944
8.0,0.7777778,9.0,80.0,0.583368288590604,0.5136420265780731
8.0,0.7777778,9.0,128.0,0.5784395973154363,0.5129775747508306
8.0,0.7777778,11.0,2.0,0.5919952460850112,0.5132890365448505
8.0,0.7777778,11.0,3.0,0.5919952460850112,0.5132890365448505
8.0,0.7777778,11.0,5.0,0.5919952460850112,0.5132890365448505
8.0,0.7777778,11.0,8.0,0.5919952460850112,0.5132890365448505
8.0,0.7777778,11.0,12.0,0.5919952460850112,0.5132890365448505
8.0,0.7777778,11.0,20.0,0.5919952460850112,0.5132890365448505
8.0,0.7777778,11.0,32.0,0.590876677852349,0.5137458471760797
8.0,0.7777778,11.0,50.0,0.5873042505592841,0.514078073089701
8.0,0.7777778,11.0,80.0,0.583319351230425,0.5129775747508305
8.0,0.7777778,11.0,128.0,0.5781879194630872,0.5127284053156146
8.0,0.7777778,13.0,2.0,0.5906879194630872,0.5137666112956811
8.0,0.7777778,13.0,3.0,0.5906879194630872,0.5137666112956811
8.0,0.7777778,13.0,5.0,0.5906879194630872,0.5137666112956811
8.0,0.7777778,13.0,8.0,0.5906879194630872,0.5137666112956811
8.0,0.7777778,13.0,12.0,0.5906879194630872,0.5137666112956811
8.0,0.7777778,13.0,20.0,0.5906879194630872,0.5137666112956811
8.0,0.7777778,13.0,32.0,0.5908207494407158,0.5130191029900333
8.0,0.7777778,13.0,50.0,0.5881291946308724,0.5131644518272426
8.0,0.7777778,13.0,80.0,0.5829977628635347,0.5141818936877076
8.0,0.7777778,13.0,128.0,0.5782019015659955,0.5136420265780731
8.0,0.7777778,15.0,2.0,0.5905970357941834,0.513891196013289
8.0,0.7777778,15.0,3.0,0.5905970357941834,0.513891196013289
8.0,0.7777778,15.0,5.0,0.5905970357941834,0.513891196013289
8.0,0.7777778,15.0,8.0,0.5905970357941834,0.513891196013289
8.0,0.7777778,15.0,12.0,0.5905970357941834,0.513891196013289
8.0,0.7777778,15.0,20.0,0.5905970357941834,0.513891196013289
8.0,0.7777778,15.0,32.0,0.5904642058165548,0.5147009966777409
8.0,0.7777778,15.0,50.0,0.5877307046979865,0.5135589700996677
8.0,0.7777778,15.0,80.0,0.5824944071588367,0.5142026578073089
8.0,0.7777778,15.0,128.0,0.5786912751677853,0.5138496677740865
8.0,0.7777778,17.0,2.0,0.5899049217002237,0.5142441860465116
8.0,0.7777778,17.0,3.0,0.5899049217002237,0.5142441860465116
8.0,0.7777778,17.0,5.0,0.5899049217002237,0.5142441860465116
8.0,0.7777778,17.0,8.0,0.5899049217002237,0.5142441860465116
8.0,0.7777778,17.0,12.0,0.5899049217002237,0.5142441860465116
8.0,0.7777778,17.0,20.0,0.5899049217002237,0.5142441860465116
8.0,0.7777778,17.0,32.0,0.5899049217002237,0.5142441860465116
8.0,0.7777778,17.0,50.0,0.586842841163311,0.5132682724252492
8.0,0.7777778,17.0,80.0,0.5826202460850112,0.5137043189368771
8.0,0.7777778,17.0,128.0,0.5782228747203579,0.5134551495016612
8.0,0.7777778,20.0,2.0,0.5878076062639821,0.5140988372093023
8.0,0.7777778,20.0,3.0,0.5878076062639821,0.5140988372093023
8.0,0.7777778,20.0,5.0,0.5878076062639821,0.5140988372093023
8.0,0.7777778,20.0,8.0,0.5878076062639821,0.5140988372093023
8.0,0.7777778,20.0,12.0,0.5878076062639821,0.5140988372093023
8.0,0.7777778,20.0,20.0,0.5878076062639821,0.5140988372093023
8.0,0.7777778,20.0,32.0,0.5878076062639821,0.5140988372093023
8.0,0.7777778,20.0,50.0,0.5866191275167785,0.5138704318936878
8.0,0.7777778,20.0,80.0,0.5831865212527964,0.5141196013289037
8.0,0.7777778,20.0,128.0,0.5790757829977629,0.512562292358804
8.0,0.8888889,1.0,2.0,0.600755033557047,0.5133928571428571
8.0,0.8888889,1.0,3.0,0.6013003355704698,0.513455149501661
8.0,0.8888889,1.0,5.0,0.6006291946308725,0.5139950166112957
8.0,0.8888889,1.0,8.0,0.60020274049217,0.5138081395348837
8.0,0.8888889,1.0,12.0,0.598895413870246,0.5140365448504983
8.0,0.8888889,1.0,20.0,0.5976719798657719,0.5113372093023256
8.0,0.8888889,1.0,32.0,0.5937779642058165,0.5137250830564783
8.0,0.8888889,1.0,50.0,0.5901915548098434,0.5142441860465116
8.0,0.8888889,1.0,80.0,0.5857732102908277,0.5127699335548173
8.0,0.8888889,1.0,128.0,0.579488255033557,0.5139119601328904
8.0,0.8888889,3.0,2.0,0.5994337248322148,0.5134966777408638
8.0,0.8888889,3.0,3.0,0.5994337248322148,0.5134966777408638
8.0,0.8888889,3.0,5.0,0.5994337248322148,0.5134966777408638
8.0,0.8888889,3.0,8.0,0.5988255033557047,0.5125207641196013
8.0,0.8888889,3.0,12.0,0.5980425055928411,0.5129983388704319
8.0,0.8888889,3.0,20.0,0.5967491610738256,0.5128529900332226
8.0,0.8888889,3.0,32.0,0.5938758389261745,0.5146387043189369
8.0,0.8888889,3.0,50.0,0.5905131431767339,0.5139327242524917
8.0,0.8888889,3.0,80.0,0.585430648769575,0.5129568106312292
8.0,0.8888889,3.0,128.0,0.5793833892617449,0.5139327242524917
8.0,0.8888889,5.0,2.0,0.5979586129753915,0.5147217607973422
8.0,0.8888889,5.0,3.0,0.5979586129753915,0.5147217607973422
8.0,0.8888889,5.0,5.0,0.5979586129753915,0.5147217607973422
8.0,0.8888889,5.0,8.0,0.5979586129753915,0.5147217607973422
8.0,0.8888889,5.0,12.0,0.5969658836689038,0.514264950166113
8.0,0.8888889,5.0,20.0,0.5955187360178971,0.5130191029900333
8.0,0.8888889,5.0,32.0,0.5928691275167786,0.5146594684385383
8.0,0.8888889,5.0,50.0,0.5896951901565995,0.5130191029900333
8.0,0.8888889,5.0,80.0,0.5854586129753916,0.513891196013289
8.0,0.8888889,5.0,128.0,0.5793694071588367,0.5135174418604651
8.0,0.8888889,7.0,2.0,0.5960850111856824,0.5144102990033222
8.0,0.8888889,7.0,3.0,0.5960850111856824,0.5144102990033222
8.0,0.8888889,7.0,5.0,0.5960850111856824,0.5144102990033222
8.0,0.8888889,7.0,8.0,0.5960850111856824,0.5144102990033222
8.0,0.8888889,7.0,12.0,0.5960850111856824,0.5144102990033222
8.0,0.8888889,7.0,20.0,0.5937849552572707,0.512437707641196
8.0,0.8888889,7.0,32.0,0.5920022371364653,0.5136835548172758
8.0,0.8888889,7.0,50.0,0.5885206935123042,0.5127906976744185
8.0,0.8888889,7.0,80.0,0.584878355704698,0.5133513289036544
8.0,0.8888889,7.0,128.0,0.5790687919463087,0.5136835548172758
8.0,0.8888889,9.0,2.0,0.5942603467561521,0.5139534883720931
8.0,0.8888889,9.0,3.0,0.5942603467561521,0.5139534883720931
8.0,0.8888889,9.0,5.0,0.5942603467561521,0.5139534883720931
8.0,0.8888889,9.0,8.0,0.5942603467561521,0.5139534883720931
8.0,0.8888889,9.0,12.0,0.5942603467561521,0.5139534883720931
8.0,0.8888889,9.0,20.0,0.5933515100671141,0.5135797342192692
8.0,0.8888889,9.0,32.0,0.5923028523489933,0.5137458471760797
8.0,0.8888889,9.0,50.0,0.5889471476510068,0.5128114617940199
8.0,0.8888889,9.0,80.0,0.5849133109619686,0.5131229235880399
8.0,0.8888889,9.0,128.0,0.5788590604026845,0.5143064784053155
8.0,0.8888889,11.0,2.0,0.5928761185682326,0.5120639534883721
8.0,0.8888889,11.0,3.0,0.5928761185682326,0.5120639534883721
8.0,0.8888889,11.0,5.0,0.5928761185682326,0.5120639534883721
8.0,0.8888889,11.0,8.0,0.5928761185682326,0.5120639534883721
8.0,0.8888889,11.0,12.0,0.5928761185682326,0.5120639534883721
8.0,0.8888889,11.0,20.0,0.5928761185682326,0.5120639534883721
8.0,0.8888889,11.0,32.0,0.5917295861297539,0.5147632890365449
8.0,0.8888889,11.0,50.0,0.5885416666666667,0.512313122923588
8.0,0.8888889,11.0,80.0,0.5847175615212528,0.5138496677740865
8.0,0.8888889,11.0,128.0,0.5787541946308725,0.5142026578073089
8.0,0.8888889,13.0,2.0,0.5920022371364653,0.5123546511627908
8.0,0.8888889,13.0,3.0,0.5920022371364653,0.5123546511627908
8.0,0.8888889,13.0,5.0,0.5920022371364653,0.5123546511627908
8.0,0.8888889,13.0,8.0,0.5920022371364653,0.5123546511627908
8.0,0.8888889,13.0,12.0,0.5920022371364653,0.5123546511627908
8.0,0.8888889,13.0,20.0,0.5920022371364653,0.5123546511627908
8.0,0.8888889,13.0,32.0,0.5919323266219239,0.5141196013289037
8.0,0.8888889,13.0,50.0,0.5878006152125279,0.5136004983388704
8.0,0.8888889,13.0,80.0,0.5845357941834453,0.5139742524916944
8.0,0.8888889,13.0,128.0,0.5796560402684564,0.513060631229236
8.0,0.8888889,15.0,2.0,0.5911563199105145,0.5136212624584717
8.0,0.8888889,15.0,3.0,0.5911563199105145,0.5136212624584717
8.0,0.8888889,15.0,5.0,0.5911563199105145,0.5136212624584717
8.0,0.8888889,15.0,8.0,0.5911563199105145,0.5136212624584717
8.0,0.8888889,15.0,12.0,0.5911563199105145,0.5136212624584717
8.0,0.8888889,15.0,20.0,0.5911563199105145,0.5136212624584717
8.0,0.8888889,15.0,32.0,0.5912332214765101,0.513828903654485
8.0,0.8888889,15.0,50.0,0.5876607941834452,0.5141611295681063
8.0,0.8888889,15.0,80.0,0.5850601230425057,0.5141403654485049
8.0,0.8888889,15.0,128.0,0.5789429530201342,0.5131436877076412
8.0,0.8888889,17.0,2.0,0.5899818232662193,0.5132475083056478
8.0,0.8888889,17.0,3.0,0.5899818232662193,0.5132475083056478
8.0,0.8888889,17.0,5.0,0.5899818232662193,0.5132475083056478
8.0,0.8888889,17.0,8.0,0.5899818232662193,0.5132475083056478
8.0,0.8888889,17.0,12.0,0.5899818232662193,0.5132475083056478
8.0,0.8888889,17.0,20.0,0.5899818232662193,0.5132475083056478
8.0,0.8888889,17.0,32.0,0.5899818232662193,0.5132475083056478
8.0,0.8888889,17.0,50.0,0.5881152125279642,0.5132890365448505
8.0,0.8888889,17.0,80.0,0.5846546420581655,0.5136004983388704
8.0,0.8888889,17.0,128.0,0.5791946308724831,0.5136420265780731
8.0,0.8888889,20.0,2.0,0.5888912192393736,0.5145764119601329
8.0,0.8888889,20.0,3.0,0.5888912192393736,0.5145764119601329
8.0,0.8888889,20.0,5.0,0.5888912192393736,0.5145764119601329
8.0,0.8888889,20.0,8.0,0.5888912192393736,0.5145764119601329
8.0,0.8888889,20.0,12.0,0.5888912192393736,0.5145764119601329
8.0,0.8888889,20.0,20.0,0.5888912192393736,0.5145764119601329
8.0,0.8888889,20.0,32.0,0.5888912192393736,0.5145764119601329
8.0,0.8888889,20.0,50.0,0.5878845078299777,0.5136420265780731
8.0,0.8888889,20.0,80.0,0.5842421700223713,0.5133928571428571
8.0,0.8888889,20.0,128.0,0.5788590604026845,0.5133513289036544
8.0,1.0,1.0,2.0,0.6016149328859061,0.5130813953488372
8.0,1.0,1.0,3.0,0.601412192393736,0.5130606312292358
8.0,1.0,1.0,5.0,0.6012234340044743,0.5129152823920266
8.0,1.0,1.0,8.0,0.6007410514541387,0.5129983388704319
8.0,1.0,1.0,12.0,0.5996154921700223,0.512998338870432
8.0,1.0,1.0,20.0,0.5975671140939597,0.5127284053156146
8.0,1.0,1.0,32.0,0.5944840604026845,0.5125415282392026
8.0,1.0,1.0,50.0,0.5904642058165548,0.514078073089701
8.0,1.0,1.0,80.0,0.5854865771812081,0.513455149501661
8.0,1.0,1.0,128.0,0.5796560402684564,0.5129775747508305
8.0,1.0,3.0,2.0,0.5991820469798658,0.5129775747508306
8.0,1.0,3.0,3.0,0.5991820469798658,0.5129775747508306
8.0,1.0,3.0,5.0,0.5991820469798658,0.5129775747508306
8.0,1.0,3.0,8.0,0.5989793064876958,0.5132267441860465
8.0,1.0,3.0,12.0,0.5981893176733781,0.5129775747508305
8.0,1.0,3.0,20.0,0.5966023489932886,0.5126453488372092
8.0,1.0,3.0,32.0,0.5940995525727069,0.5130398671096346
8.0,1.0,3.0,50.0,0.590170581655481,0.5137250830564783
8.0,1.0,3.0,80.0,0.585437639821029,0.5135174418604651
8.0,1.0,3.0,128.0,0.5796909955257271,0.5129775747508306
8.0,1.0,5.0,2.0,0.5977209172259508,0.5133928571428571
8.0,1.0,5.0,3.0,0.5977209172259508,0.5133928571428571
8.0,1.0,5.0,5.0,0.5977209172259508,0.5133928571428571
8.0,1.0,5.0,8.0,0.5977209172259508,0.5133928571428571
8.0,1.0,5.0,12.0,0.597434284116331,0.5128114617940199
8.0,1.0,5.0,20.0,0.5956935123042506,0.5129775747508305
8.0,1.0,5.0,32.0,0.5933235458612975,0.5131021594684386
8.0,1.0,5.0,50.0,0.5898979306487695,0.5137250830564783
8.0,1.0,5.0,80.0,0.5853187919463088,0.5132890365448505
8.0,1.0,5.0,128.0,0.5796630313199105,0.5126868770764119
8.0,1.0,7.0,2.0,0.5960850111856824,0.5131021594684386
8.0,1.0,7.0,3.0,0.5960850111856824,0.5131021594684386
8.0,1.0,7.0,5.0,0.5960850111856824,0.5131021594684386
8.0,1.0,7.0,8.0,0.5960850111856824,0.5131021594684386
8.0,1.0,7.0,12.0,0.5960850111856824,0.5131021594684386
8.0,1.0,7.0,20.0,0.5950852908277404,0.5126661129568106
8.0,1.0,7.0,32.0,0.5925195749440716,0.5124169435215947
8.0,1.0,7.0,50.0,0.5895343959731544,0.5133513289036544
8.0,1.0,7.0,80.0,0.5850601230425057,0.5130813953488372
8.0,1.0,7.0,128.0,0.5794532997762863,0.5125830564784053
8.0,1.0,9.0,2.0,0.594805648769575,0.5127284053156147
8.0,1.0,9.0,3.0,0.594805648769575,0.5127284053156147
8.0,1.0,9.0,5.0,0.594805648769575,0.5127284053156147
8.0,1.0,9.0,8.0,0.594805648769575,0.5127284053156147
8.0,1.0,9.0,12.0,0.594805648769575,0.5127284053156147
8.0,1.0,9.0,20.0,0.5947357382550336,0.5127491694352159
8.0,1.0,9.0,32.0,0.5923447986577182,0.5122923588039867
8.0,1.0,9.0,50.0,0.5893456375838926,0.5129983388704319
8.0,1.0,9.0,80.0,0.5849203020134228,0.5135382059800665
8.0,1.0,9.0,128.0,0.5793554250559284,0.5126038205980066
8.0,1.0,11.0,2.0,0.5939177852348994,0.5129568106312292
8.0,1.0,11.0,3.0,0.5939177852348994,0.5129568106312292
8.0,1.0,11.0,5.0,0.5939177852348994,0.5129568106312292
8.0,1.0,11.0,8.0,0.5939177852348994,0.5129568106312292
8.0,1.0,11.0,12.0,0.5939177852348994,0.5129568106312292
8.0,1.0,11.0,20.0,0.5939177852348994,0.5129568106312292
8.0,1.0,11.0,32.0,0.5920232102908278,0.5125830564784053
8.0,1.0,11.0,50.0,0.5892547539149888,0.5128737541528239
8.0,1.0,11.0,80.0,0.5844309284116331,0.5136004983388704
8.0,1.0,11.0,128.0,0.5793484340044743,0.5132682724252492
8.0,1.0,13.0,2.0,0.5925685123042506,0.5131021594684386
8.0,1.0,13.0,3.0,0.5925685123042506,0.5131021594684386
8.0,1.0,13.0,5.0,0.5925685123042506,0.5131021594684386
8.0,1.0,13.0,8.0,0.5925685123042506,0.5131021594684386
8.0,1.0,13.0,12.0,0.5925685123042506,0.5131021594684386
8.0,1.0,13.0,20.0,0.5925685123042506,0.5131021594684386
8.0,1.0,13.0,32.0,0.5913800335570469,0.513455149501661
8.0,1.0,13.0,50.0,0.5886185682326622,0.5132890365448505
8.0,1.0,13.0,80.0,0.5843120805369127,0.5135382059800665
8.0,1.0,13.0,128.0,0.5793274608501118,0.5133928571428571
8.0,1.0,15.0,2.0,0.5916946308724832,0.5132682724252492
8.0,1.0,15.0,3.0,0.5916946308724832,0.5132682724252492
8.0,1.0,15.0,5.0,0.5916946308724832,0.5132682724252492
8.0,1.0,15.0,8.0,0.5916946308724832,0.5132682724252492
8.0,1.0,15.0,12.0,0.5916946308724832,0.5132682724252492
8.0,1.0,15.0,20.0,0.5916946308724832,0.5132682724252492
8.0,1.0,15.0,32.0,0.5914918903803132,0.5134136212624585
8.0,1.0,15.0,50.0,0.5884857382550336,0.5136835548172758
8.0,1.0,15.0,80.0,0.5841722595078299,0.5139534883720931
8.0,1.0,15.0,128.0,0.579229586129754,0.5136212624584717
8.0,1.0,17.0,2.0,0.5909955257270694,0.5134343853820598
8.0,1.0,17.0,3.0,0.5909955257270694,0.5134343853820598
8.0,1.0,17.0,5.0,0.5909955257270694,0.5134343853820598
8.0,1.0,17.0,8.0,0.5909955257270694,0.5134343853820598
8.0,1.0,17.0,12.0,0.5909955257270694,0.5134343853820598
8.0,1.0,17.0,20.0,0.5909955257270694,0.5134343853820598
8.0,1.0,17.0,32.0,0.5909955257270694,0.5134343853820598
8.0,1.0,17.0,50.0,0.5881361856823266,0.5137043189368771
8.0,1.0,17.0,80.0,0.5840604026845637,0.5131644518272426
8.0,1.0,17.0,128.0,0.5791387024608501,0.5130398671096346
8.0,1.0,20.0,2.0,0.5898559843400447,0.5134551495016612
8.0,1.0,20.0,3.0,0.5898559843400447,0.5134551495016612
8.0,1.0,20.0,5.0,0.5898559843400447,0.5134551495016612
8.0,1.0,20.0,8.0,0.5898559843400447,0.5134551495016612
8.0,1.0,20.0,12.0,0.5898559843400447,0.5134551495016612
8.0,1.0,20.0,20.0,0.5898559843400447,0.5134551495016612
8.0,1.0,20.0,32.0,0.5898559843400447,0.5134551495016612
8.0,1.0,20.0,50.0,0.5882480425055928,0.5138704318936878
8.0,1.0,20.0,80.0,0.58417225950783,0.5136835548172758
8.0,1.0,20.0,128.0,0.579334451901566,0.5132890365448505
13.0,0.0,1.0,2.0,0.7149468680089486,0.5146179401993356
13.0,0.0,1.0,3.0,0.7143736017897092,0.5126661129568106
13.0,0.0,1.0,5.0,0.7096686241610739,0.5139119601328904
13.0,0.0,1.0,8.0,0.703173937360179,0.5133305647840531
13.0,0.0,1.0,12.0,0.6976440156599553,0.514078073089701
13.0,0.0,1.0,20.0,0.6865002796420582,0.5139742524916944
13.0,0.0,1.0,32.0,0.6744616890380313,0.5139742524916944
13.0,0.0,1.0,50.0,0.6607732102908278,0.5131021594684386
13.0,0.0,1.0,80.0,0.6455397091722596,0.5138704318936878
13.0,0.0,1.0,128.0,0.6296001118568233,0.5127491694352159
13.0,0.0,3.0,2.0,0.699447706935123,0.5139327242524917
13.0,0.0,3.0,3.0,0.699447706935123,0.5139327242524917
13.0,0.0,3.0,5.0,0.699447706935123,0.5139327242524917
13.0,0.0,3.0,8.0,0.6975461409395973,0.5151162790697674
13.0,0.0,3.0,12.0,0.6920232102908278,0.5121470099667774
13.0,0.0,3.0,20.0,0.6840604026845638,0.5134966777408638
13.0,0.0,3.0,32.0,0.672224552572707,0.5139119601328904
13.0,0.0,3.0,50.0,0.659626677852349,0.5148255813953488
13.0,0.0,3.0,80.0,0.6443162751677852,0.5143272425249169
13.0,0.0,3.0,128.0,0.6290128635346756,0.5137873754152824
13.0,0.0,5.0,2.0,0.6916317114093959,0.5137873754152824
13.0,0.0,5.0,3.0,0.6916317114093959,0.5137873754152824
13.0,0.0,5.0,5.0,0.6916317114093959,0.5137873754152824
13.0,0.0,5.0,8.0,0.6916317114093959,0.5137873754152824
13.0,0.0,5.0,12.0,0.6889471476510067,0.5104028239202658
13.0,0.0,5.0,20.0,0.681753355704698,0.5137873754152824
13.0,0.0,5.0,32.0,0.6706166107382551,0.5134136212624585
13.0,0.0,5.0,50.0,0.6581096196868008,0.5125415282392026
13.0,0.0,5.0,80.0,0.6442114093959732,0.5135174418604651
13.0,0.0,5.0,128.0,0.6290058724832215,0.5142441860465116
13.0,0.0,7.0,2.0,0.683822706935123,0.5136835548172758
13.0,0.0,7.0,3.0,0.683822706935123,0.5136835548172758
13.0,0.0,7.0,5.0,0.683822706935123,0.5136835548172758
13.0,0.0,7.0,8.0,0.683822706935123,0.5136835548172758
13.0,0.0,7.0,12.0,0.683822706935123,0.5136835548172758
13.0,0.0,7.0,20.0,0.6800195749440716,0.5140988372093023
13.0,0.0,7.0,32.0,0.6677642617449664,0.5119808970099669
13.0,0.0,7.0,50.0,0.6579558165548098,0.5116694352159469
13.0,0.0,7.0,80.0,0.6422678970917226,0.5145348837209303
13.0,0.0,7.0,128.0,0.6279152684563758,0.5149916943521594
13.0,0.0,9.0,2.0,0.6781599552572707,0.5134966777408637
13.0,0.0,9.0,3.0,0.6781599552572707,0.5134966777408637
13.0,0.0,9.0,5.0,0.6781599552572707,0.5134966777408637
13.0,0.0,9.0,8.0,0.6781599552572707,0.5134966777408637
13.0,0.0,9.0,12.0,0.6781599552572707,0.5134966777408637
13.0,0.0,9.0,20.0,0.6772231543624161,0.5139534883720931
13.0,0.0,9.0,32.0,0.6698056487695749,0.5128529900332226
13.0,0.0,9.0,50.0,0.6567393736017897,0.5130398671096346
13.0,0.0,9.0,80.0,0.6418554250559284,0.5141818936877076
13.0,0.0,9.0,128.0,0.6281319910514542,0.512749169435216
13.0,0.0,11.0,2.0,0.6723434004474272,0.5143064784053155
13.0,0.0,11.0,3.0,0.6723434004474272,0.5143064784053155
13.0,0.0,11.0,5.0,0.6723434004474272,0.5143064784053155
13.0,0.0,11.0,8.0,0.6723434004474272,0.5143064784053155
13.0,0.0,11.0,12.0,0.6723434004474272,0.5143064784053155
13.0,0.0,11.0,20.0,0.6723434004474272,0.5143064784053155
13.0,0.0,11.0,32.0,0.6670162192393736,0.5154277408637874
13.0,0.0,11.0,50.0,0.6559354026845637,0.512562292358804
13.0,0.0,11.0,80.0,0.6407088926174497,0.5121054817275748
13.0,0.0,11.0,128.0,0.6275377516778523,0.5135382059800664
13.0,0.0,13.0,2.0,0.6677502796420581,0.5132890365448505
13.0,0.0,13.0,3.0,0.6677502796420581,0.5132890365448505
13.0,0.0,13.0,5.0,0.6677502796420581,0.5132890365448505
13.0,0.0,13.0,8.0,0.6677502796420581,0.5132890365448505
13.0,0.0,13.0,12.0,0.6677502796420581,0.5132890365448505
13.0,0.0,13.0,20.0,0.6677502796420581,0.5132890365448505
13.0,0.0,13.0,32.0,0.6659256152125279,0.514389534883721
13.0,0.0,13.0,50.0,0.6546140939597316,0.5142234219269103
13.0,0.0,13.0,80.0,0.6409395973154363,0.5147840531561462
13.0,0.0,13.0,128.0,0.6267477628635347,0.512313122923588
13.0,0.0,15.0,2.0,0.6639331655480984,0.5135589700996677
13.0,0.0,15.0,3.0,0.6639331655480984,0.5135589700996677
13.0,0.0,15.0,5.0,0.6639331655480984,0.5135589700996677
13.0,0.0,15.0,8.0,0.6639331655480984,0.5135589700996677
13.0,0.0,15.0,12.0,0.6639331655480984,0.5135589700996677
13.0,0.0,15.0,20.0,0.6639331655480984,0.5135589700996677
13.0,0.0,15.0,32.0,0.6623112416107382,0.5139534883720931
13.0,0.0,15.0,50.0,0.6533836689038031,0.5127699335548173
13.0,0.0,15.0,80.0,0.6407508389261745,0.5124169435215947
13.0,0.0,15.0,128.0,0.6259298098434004,0.5124792358803987
13.0,0.0,17.0,2.0,0.6604586129753915,0.5122923588039867
13.0,0.0,17.0,3.0,0.6604586129753915,0.5122923588039867
13.0,0.0,17.0,5.0,0.6604586129753915,0.5122923588039867
13.0,0.0,17.0,8.0,0.6604586129753915,0.5122923588039867
13.0,0.0,17.0,12.0,0.6604586129753915,0.5122923588039867
13.0,0.0,17.0,20.0,0.6604586129753915,0.5122923588039867
13.0,0.0,17.0,32.0,0.6604586129753915,0.5122923588039867
13.0,0.0,17.0,50.0,0.6526286353467562,0.5137873754152824
13.0,0.0,17.0,80.0,0.6396182885906041,0.5139119601328903
13.0,0.0,17.0,128.0,0.6260137024608501,0.5125207641196013
13.0,0.0,20.0,2.0,0.6545791387024609,0.5134136212624585
13.0,0.0,20.0,3.0,0.6545791387024609,0.5134136212624585
13.0,0.0,20.0,5.0,0.6545791387024609,0.5134136212624585
13.0,0.0,20.0,8.0,0.6545791387024609,0.5134136212624585
13.0,0.0,20.0,12.0,0.6545791387024609,0.5134136212624585
13.0,0.0,20.0,20.0,0.6545791387024609,0.5134136212624585
13.0,0.0,20.0,32.0,0.6545791387024609,0.5134136212624585
13.0,0.0,20.0,50.0,0.6514541387024609,0.5136004983388703
13.0,0.0,20.0,80.0,0.6393666107382551,0.514327242524917
13.0,0.0,20.0,128.0,0.6252376957494408,0.5148048172757476
13.0,0.11111111,1.0,2.0,0.7149468680089486,0.5146179401993356
13.0,0.11111111,1.0,3.0,0.7143736017897092,0.5126661129568106
13.0,0.11111111,1.0,5.0,0.7096686241610739,0.5139119601328904
13.0,0.11111111,1.0,8.0,0.703173937360179,0.5133305647840531
13.0,0.11111111,1.0,12.0,0.6976440156599553,0.514078073089701
13.0,0.11111111,1.0,20.0,0.6865002796420582,0.5139742524916944
13.0,0.11111111,1.0,32.0,0.6744616890380313,0.5139742524916944
13.0,0.11111111,1.0,50.0,0.6607732102908278,0.5131021594684386
13.0,0.11111111,1.0,80.0,0.6455397091722596,0.5138704318936878
13.0,0.11111111,1.0,128.0,0.6296001118568233,0.5127491694352159
13.0,0.11111111,3.0,2.0,0.699447706935123,0.5139327242524917
13.0,0.11111111,3.0,3.0,0.699447706935123,0.5139327242524917
13.0,0.11111111,3.0,5.0,0.699447706935123,0.5139327242524917
13.0,0.11111111,3.0,8.0,0.6975461409395973,0.5151162790697674
13.0,0.11111111,3.0,12.0,0.6920232102908278,0.5121470099667774
13.0,0.11111111,3.0,20.0,0.6840604026845638,0.5134966777408638
13.0,0.11111111,3.0,32.0,0.672224552572707,0.5139119601328904
13.0,0.11111111,3.0,50.0,0.659626677852349,0.5148255813953488
13.0,0.11111111,3.0,80.0,0.6443162751677852,0.5143272425249169
13.0,0.11111111,3.0,128.0,0.6290128635346756,0.5137873754152824
13.0,0.11111111,5.0,2.0,0.6916317114093959,0.5137873754152824
13.0,0.11111111,5.0,3.0,0.6916317114093959,0.5137873754152824
13.0,0.11111111,5.0,5.0,0.6916317114093959,0.5137873754152824
13.0,0.11111111,5.0,8.0,0.6916317114093959,0.5137873754152824
13.0,0.11111111,5.0,12.0,0.6889471476510067,0.5104028239202658
13.0,0.11111111,5.0,20.0,0.681753355704698,0.5137873754152824
13.0,0.11111111,5.0,32.0,0.6706166107382551,0.5134136212624585
13.0,0.11111111,5.0,50.0,0.6581096196868008,0.5125415282392026
13.0,0.11111111,5.0,80.0,0.6442114093959732,0.5135174418604651
13.0,0.11111111,5.0,128.0,0.6290058724832215,0.5142441860465116
13.0,0.11111111,7.0,2.0,0.683822706935123,0.5136835548172758
13.0,0.11111111,7.0,3.0,0.683822706935123,0.5136835548172758
13.0,0.11111111,7.0,5.0,0.683822706935123,0.5136835548172758
13.0,0.11111111,7.0,8.0,0.683822706935123,0.5136835548172758
13.0,0.11111111,7.0,12.0,0.683822706935123,0.5136835548172758
13.0,0.11111111,7.0,20.0,0.6800195749440716,0.5140988372093023
13.0,0.11111111,7.0,32.0,0.6677642617449664,0.5119808970099669
13.0,0.11111111,7.0,50.0,0.6579558165548098,0.5116694352159469
13.0,0.11111111,7.0,80.0,0.6422678970917226,0.5145348837209303
13.0,0.11111111,7.0,128.0,0.6279152684563758,0.5149916943521594
13.0,0.11111111,9.0,2.0,0.6781599552572707,0.5134966777408637
13.0,0.11111111,9.0,3.0,0.6781599552572707,0.5134966777408637
13.0,0.11111111,9.0,5.0,0.6781599552572707,0.5134966777408637
13.0,0.11111111,9.0,8.0,0.6781599552572707,0.5134966777408637
13.0,0.11111111,9.0,12.0,0.6781599552572707,0.5134966777408637
13.0,0.11111111,9.0,20.0,0.6772231543624161,0.5139534883720931
13.0,0.11111111,9.0,32.0,0.6698056487695749,0.5128529900332226
13.0,0.11111111,9.0,50.0,0.6567393736017897,0.5130398671096346
13.0,0.11111111,9.0,80.0,0.6418554250559284,0.5141818936877076
13.0,0.11111111,9.0,128.0,0.6281319910514542,0.512749169435216
13.0,0.11111111,11.0,2.0,0.6723434004474272,0.5143064784053155
13.0,0.11111111,11.0,3.0,0.6723434004474272,0.5143064784053155
13.0,0.11111111,11.0,5.0,0.6723434004474272,0.5143064784053155
13.0,0.11111111,11.0,8.0,0.6723434004474272,0.5143064784053155
13.0,0.11111111,11.0,12.0,0.6723434004474272,0.5143064784053155
13.0,0.11111111,11.0,20.0,0.6723434004474272,0.5143064784053155
13.0,0.11111111,11.0,32.0,0.6670162192393736,0.5154277408637874
13.0,0.11111111,11.0,50.0,0.6559354026845637,0.512562292358804
13.0,0.11111111,11.0,80.0,0.6407088926174497,0.5121054817275748
13.0,0.11111111,11.0,128.0,0.6275377516778523,0.5135382059800664
13.0,0.11111111,13.0,2.0,0.6677502796420581,0.5132890365448505
13.0,0.11111111,13.0,3.0,0.6677502796420581,0.5132890365448505
13.0,0.11111111,13.0,5.0,0.6677502796420581,0.5132890365448505
13.0,0.11111111,13.0,8.0,0.6677502796420581,0.5132890365448505
13.0,0.11111111,13.0,12.0,0.6677502796420581,0.5132890365448505
13.0,0.11111111,13.0,20.0,0.6677502796420581,0.5132890365448505
13.0,0.11111111,13.0,32.0,0.6659256152125279,0.514389534883721
13.0,0.11111111,13.0,50.0,0.6546140939597316,0.5142234219269103
13.0,0.11111111,13.0,80.0,0.6409395973154363,0.5147840531561462
13.0,0.11111111,13.0,128.0,0.6267477628635347,0.512313122923588
13.0,0.11111111,15.0,2.0,0.6639331655480984,0.5135589700996677
13.0,0.11111111,15.0,3.0,0.6639331655480984,0.5135589700996677
13.0,0.11111111,15.0,5.0,0.6639331655480984,0.5135589700996677
13.0,0.11111111,15.0,8.0,0.6639331655480984,0.5135589700996677
13.0,0.11111111,15.0,12.0,0.6639331655480984,0.5135589700996677
13.0,0.11111111,15.0,20.0,0.6639331655480984,0.5135589700996677
13.0,0.11111111,15.0,32.0,0.6623112416107382,0.5139534883720931
13.0,0.11111111,15.0,50.0,0.6533836689038031,0.5127699335548173
13.0,0.11111111,15.0,80.0,0.6407508389261745,0.5124169435215947
13.0,0.11111111,15.0,128.0,0.6259298098434004,0.5124792358803987
13.0,0.11111111,17.0,2.0,0.6604586129753915,0.5122923588039867
13.0,0.11111111,17.0,3.0,0.6604586129753915,0.5122923588039867
13.0,0.11111111,17.0,5.0,0.6604586129753915,0.5122923588039867
13.0,0.11111111,17.0,8.0,0.6604586129753915,0.5122923588039867
13.0,0.11111111,17.0,12.0,0.6604586129753915,0.5122923588039867
13.0,0.11111111,17.0,20.0,0.6604586129753915,0.5122923588039867
13.0,0.11111111,17.0,32.0,0.6604586129753915,0.5122923588039867
13.0,0.11111111,17.0,50.0,0.6526286353467562,0.5137873754152824
13.0,0.11111111,17.0,80.0,0.6396182885906041,0.5139119601328903
13.0,0.11111111,17.0,128.0,0.6260137024608501,0.5125207641196013
13.0,0.11111111,20.0,2.0,0.6545791387024609,0.5134136212624585
13.0,0.11111111,20.0,3.0,0.6545791387024609,0.5134136212624585
13.0,0.11111111,20.0,5.0,0.6545791387024609,0.5134136212624585
13.0,0.11111111,20.0,8.0,0.6545791387024609,0.5134136212624585
13.0,0.11111111,20.0,12.0,0.6545791387024609,0.5134136212624585
13.0,0.11111111,20.0,20.0,0.6545791387024609,0.5134136212624585
13.0,0.11111111,20.0,32.0,0.6545791387024609,0.5134136212624585
13.0,0.11111111,20.0,50.0,0.6514541387024609,0.5136004983388703
13.0,0.11111111,20.0,80.0,0.6393666107382551,0.514327242524917
13.0,0.11111111,20.0,128.0,0.6252376957494408,0.5148048172757476
13.0,0.22222222,1.0,2.0,0.7319351230425056,0.5128737541528239
13.0,0.22222222,1.0,3.0,0.7312360178970917,0.5149916943521594
13.0,0.22222222,1.0,5.0,0.728222874720358,0.5128529900332226
13.0,0.22222222,1.0,8.0,0.723895413870246,0.5131436877076412
13.0,0.22222222,1.0,12.0,0.7186101789709172,0.5114410299003322
13.0,0.22222222,1.0,20.0,0.7076552013422819,0.5138289036544851
13.0,0.22222222,1.0,32.0,0.6940855704697987,0.5133305647840531
13.0,0.22222222,1.0,50.0,0.6781180089485458,0.5117109634551495
13.0,0.22222222,1.0,80.0,0.6608780760626398,0.5131021594684386
13.0,0.22222222,1.0,128.0,0.6437709731543624,0.5138081395348837
13.0,0.22222222,3.0,2.0,0.7199384787472036,0.5136627906976744
13.0,0.22222222,3.0,3.0,0.7199384787472036,0.5136627906976744
13.0,0.22222222,3.0,5.0,0.7199384787472036,0.5136627906976744
13.0,0.22222222,3.0,8.0,0.7183724832214765,0.5132682724252492
13.0,0.22222222,3.0,12.0,0.7143316554809843,0.515095514950166
13.0,0.22222222,3.0,20.0,0.7042855145413871,0.5146802325581395
13.0,0.22222222,3.0,32.0,0.6906529642058166,0.5143687707641196
13.0,0.22222222,3.0,50.0,0.6766498881431767,0.5128529900332226
13.0,0.22222222,3.0,80.0,0.6607032997762864,0.5131852159468439
13.0,0.22222222,3.0,128.0,0.6431837248322148,0.5135589700996677
13.0,0.22222222,5.0,2.0,0.7112416107382551,0.5122715946843854
13.0,0.22222222,5.0,3.0,0.7112416107382551,0.5122715946843854
13.0,0.22222222,5.0,5.0,0.7112416107382551,0.5122715946843854
13.0,0.22222222,5.0,8.0,0.7112416107382551,0.5122715946843854
13.0,0.22222222,5.0,12.0,0.7097664988814317,0.5127076411960132
13.0,0.22222222,5.0,20.0,0.7010556487695749,0.5136627906976744
13.0,0.22222222,5.0,32.0,0.690072706935123,0.5140573089700997
13.0,0.22222222,5.0,50.0,0.6758389261744966,0.5131436877076412
13.0,0.22222222,5.0,80.0,0.6606613534675615,0.5137458471760799
13.0,0.22222222,5.0,128.0,0.6424636465324385,0.5131852159468439
13.0,0.22222222,7.0,2.0,0.7041107382550336,0.5117317275747508
13.0,0.22222222,7.0,3.0,0.7041107382550336,0.5117317275747508
13.0,0.22222222,7.0,5.0,0.7041107382550336,0.5117317275747508
13.0,0.22222222,7.0,8.0,0.7041107382550336,0.5117317275747508
13.0,0.22222222,7.0,12.0,0.7041107382550336,0.5117317275747508
13.0,0.22222222,7.0,20.0,0.6997343400447427,0.5136835548172758
13.0,0.22222222,7.0,32.0,0.6876048657718121,0.5141403654485049
13.0,0.22222222,7.0,50.0,0.6752237136465324,0.5133720930232558
13.0,0.22222222,7.0,80.0,0.6590813758389261,0.5130191029900333
13.0,0.22222222,7.0,128.0,0.6423308165548098,0.5150955149501661
13.0,0.22222222,9.0,2.0,0.6977558724832215,0.5138704318936878
13.0,0.22222222,9.0,3.0,0.6977558724832215,0.5138704318936878
13.0,0.22222222,9.0,5.0,0.6977558724832215,0.5138704318936878
13.0,0.22222222,9.0,8.0,0.6977558724832215,0.5138704318936878
13.0,0.22222222,9.0,12.0,0.6977558724832215,0.5138704318936878
13.0,0.22222222,9.0,20.0,0.6969519015659955,0.5135589700996678
13.0,0.22222222,9.0,32.0,0.6879474272930649,0.5132890365448505
13.0,0.22222222,9.0,50.0,0.6743917785234899,0.5122300664451828
13.0,0.22222222,9.0,80.0,0.6596546420581656,0.5148671096345515
13.0,0.22222222,9.0,128.0,0.6429250559284116,0.5134966777408637
13.0,0.22222222,11.0,2.0,0.6927293064876958,0.5135797342192691
13.0,0.22222222,11.0,3.0,0.6927293064876958,0.5135797342192691
13.0,0.22222222,11.0,5.0,0.6927293064876958,0.5135797342192691
13.0,0.22222222,11.0,8.0,0.6927293064876958,0.5135797342192691
13.0,0.22222222,11.0,12.0,0.6927293064876958,0.5135797342192691
13.0,0.22222222,11.0,20.0,0.6927293064876958,0.5135797342192691
13.0,0.22222222,11.0,32.0,0.6863604586129755,0.514389534883721
13.0,0.22222222,11.0,50.0,0.6730774608501118,0.5132682724252492
13.0,0.22222222,11.0,80.0,0.6573685682326622,0.5133720930232558
13.0,0.22222222,11.0,128.0,0.6416596756152125,0.5139950166112957
13.0,0.22222222,13.0,2.0,0.6880313199105146,0.5146594684385383
13.0,0.22222222,13.0,3.0,0.6880313199105146,0.5146594684385383
13.0,0.22222222,13.0,5.0,0.6880313199105146,0.5146594684385383
13.0,0.22222222,13.0,8.0,0.6880313199105146,0.5146594684385383
13.0,0.22222222,13.0,12.0,0.6880313199105146,0.5146594684385383
13.0,0.22222222,13.0,20.0,0.6880313199105146,0.5146594684385383
13.0,0.22222222,13.0,32.0,0.6833822706935122,0.5150539867109634
13.0,0.22222222,13.0,50.0,0.6726090604026845,0.5116694352159469
13.0,0.22222222,13.0,80.0,0.6572706935123043,0.513060631229236
13.0,0.22222222,13.0,128.0,0.6400587248322147,0.5130191029900333
13.0,0.22222222,15.0,2.0,0.6822007829977629,0.5123338870431894
13.0,0.22222222,15.0,3.0,0.6822007829977629,0.5123338870431894
13.0,0.22222222,15.0,5.0,0.6822007829977629,0.5123338870431894
13.0,0.22222222,15.0,8.0,0.6822007829977629,0.5123338870431894
13.0,0.22222222,15.0,12.0,0.6822007829977629,0.5123338870431894
13.0,0.22222222,15.0,20.0,0.6822007829977629,0.5123338870431894
13.0,0.22222222,15.0,32.0,0.6831375838926175,0.512375415282392
13.0,0.22222222,15.0,50.0,0.6719938478747204,0.5137250830564783
13.0,0.22222222,15.0,80.0,0.6565366331096196,0.5116486710963455
13.0,0.22222222,15.0,128.0,0.6404152684563759,0.5128737541528239
13.0,0.22222222,17.0,2.0,0.6795162192393736,0.5141818936877076
13.0,0.22222222,17.0,3.0,0.6795162192393736,0.5141818936877076
13.0,0.22222222,17.0,5.0,0.6795162192393736,0.5141818936877076
13.0,0.22222222,17.0,8.0,0.6795162192393736,0.5141818936877076
13.0,0.22222222,17.0,12.0,0.6795162192393736,0.5141818936877076
13.0,0.22222222,17.0,20.0,0.6795162192393736,0.5141818936877076
13.0,0.22222222,17.0,32.0,0.6795162192393736,0.5141818936877076
13.0,0.22222222,17.0,50.0,0.6707074944071588,0.5132475083056478
13.0,0.22222222,17.0,80.0,0.6575503355704698,0.512126245847176
13.0,0.22222222,17.0,128.0,0.6407997762863535,0.5127076411960133
13.0,0.22222222,20.0,2.0,0.6737276286353467,0.5135589700996678
13.0,0.22222222,20.0,3.0,0.6737276286353467,0.5135589700996678
13.0,0.22222222,20.0,5.0,0.6737276286353467,0.5135589700996678
13.0,0.22222222,20.0,8.0,0.6737276286353467,0.5135589700996678
13.0,0.22222222,20.0,12.0,0.6737276286353467,0.5135589700996678
13.0,0.22222222,20.0,20.0,0.6737276286353467,0.5135589700996678
13.0,0.22222222,20.0,32.0,0.6737276286353467,0.5135589700996678
13.0,0.22222222,20.0,50.0,0.6688059284116331,0.5123546511627908
13.0,0.22222222,20.0,80.0,0.6559423937360179,0.513060631229236
13.0,0.22222222,20.0,128.0,0.6404152684563759,0.5130606312292358
13.0,0.33333334,1.0,2.0,0.7392197986577181,0.5140573089700997
13.0,0.33333334,1.0,3.0,0.7371224832214766,0.5113787375415282
13.0,0.33333334,1.0,5.0,0.7349412751677853,0.5122300664451827
13.0,0.33333334,1.0,8.0,0.7303761185682327,0.5118770764119601
13.0,0.33333334,1.0,12.0,0.7249580536912752,0.5122093023255814
13.0,0.33333334,1.0,20.0,0.7145274049217003,0.5137458471760797
13.0,0.33333334,1.0,32.0,0.7029991610738255,0.5123961794019933
13.0,0.33333334,1.0,50.0,0.685283836689038,0.512437707641196
13.0,0.33333334,1.0,80.0,0.6674426733780761,0.5131436877076412
13.0,0.33333334,1.0,128.0,0.6493288590604027,0.5132059800664452
13.0,0.33333334,3.0,2.0,0.7276356263982103,0.5134136212624585
13.0,0.33333334,3.0,3.0,0.7276356263982103,0.5134136212624585
13.0,0.33333334,3.0,5.0,0.7276356263982103,0.5134136212624585
13.0,0.33333334,3.0,8.0,0.7252446868008948,0.5112541528239203
13.0,0.33333334,3.0,12.0,0.7207424496644295,0.5133720930232558
13.0,0.33333334,3.0,20.0,0.711842841163311,0.5117940199335548
13.0,0.33333334,3.0,32.0,0.698538870246085,0.5137250830564783
13.0,0.33333334,3.0,50.0,0.6843540268456376,0.5133513289036544
13.0,0.33333334,3.0,80.0,0.6678201901565995,0.513455149501661
13.0,0.33333334,3.0,128.0,0.6490631991051454,0.5125830564784053
13.0,0.33333334,5.0,2.0,0.7192114093959732,0.5125415282392026
13.0,0.33333334,5.0,3.0,0.7192114093959732,0.5125415282392026
13.0,0.33333334,5.0,5.0,0.7192114093959732,0.5125415282392026
13.0,0.33333334,5.0,8.0,0.7192114093959732,0.5125415282392026
13.0,0.33333334,5.0,12.0,0.716988255033557,0.514078073089701
13.0,0.33333334,5.0,20.0,0.7089485458612975,0.5119601328903653
13.0,0.33333334,5.0,32.0,0.6971965883668905,0.5143064784053156
13.0,0.33333334,5.0,50.0,0.682809004474273,0.5125207641196013
13.0,0.33333334,5.0,80.0,0.6671630313199105,0.5132267441860465
13.0,0.33333334,5.0,128.0,0.6486786912751679,0.5138496677740864
13.0,0.33333334,7.0,2.0,0.7122063758389261,0.512562292358804
13.0,0.33333334,7.0,3.0,0.7122063758389261,0.512562292358804
13.0,0.33333334,7.0,5.0,0.7122063758389261,0.512562292358804
13.0,0.33333334,7.0,8.0,0.7122063758389261,0.512562292358804
13.0,0.33333334,7.0,12.0,0.7122063758389261,0.512562292358804
13.0,0.33333334,7.0,20.0,0.7068861856823265,0.5145556478405315
13.0,0.33333334,7.0,32.0,0.6953090044742729,0.5122093023255815
13.0,0.33333334,7.0,50.0,0.6822147651006711,0.5144518272425249
13.0,0.33333334,7.0,80.0,0.6665198545861297,0.5116279069767442
13.0,0.33333334,7.0,128.0,0.6486717002237137,0.5129775747508305
13.0,0.33333334,9.0,2.0,0.7073545861297539,0.5145971760797342
13.0,0.33333334,9.0,3.0,0.7073545861297539,0.5145971760797342
13.0,0.33333334,9.0,5.0,0.7073545861297539,0.5145971760797342
13.0,0.33333334,9.0,8.0,0.7073545861297539,0.5145971760797342
13.0,0.33333334,9.0,12.0,0.7073545861297539,0.5145971760797342
13.0,0.33333334,9.0,20.0,0.7057116890380313,0.5133720930232558
13.0,0.33333334,9.0,32.0,0.6945399888143177,0.5115863787375415
13.0,0.33333334,9.0,50.0,0.6815366331096196,0.5135382059800665
13.0,0.33333334,9.0,80.0,0.6658976510067114,0.5143480066445183
13.0,0.33333334,9.0,128.0,0.6485668344519016,0.5134343853820598
13.0,0.33333334,11.0,2.0,0.7010696308724832,0.5134966777408637
13.0,0.33333334,11.0,3.0,0.7010696308724832,0.5134966777408637
13.0,0.33333334,11.0,5.0,0.7010696308724832,0.5134966777408637
13.0,0.33333334,11.0,8.0,0.7010696308724832,0.5134966777408637
13.0,0.33333334,11.0,12.0,0.7010696308724832,0.5134966777408637
13.0,0.33333334,11.0,20.0,0.7010696308724832,0.5134966777408637
13.0,0.33333334,11.0,32.0,0.6931697427293064,0.514078073089701
13.0,0.33333334,11.0,50.0,0.6810752237136465,0.5119393687707641
13.0,0.33333334,11.0,80.0,0.664667225950783,0.5148671096345515
13.0,0.33333334,11.0,128.0,0.6471965883668903,0.5131644518272426
13.0,0.33333334,13.0,2.0,0.6968400447427292,0.5122715946843854
13.0,0.33333334,13.0,3.0,0.6968400447427292,0.5122715946843854
13.0,0.33333334,13.0,5.0,0.6968400447427292,0.5122715946843854
13.0,0.33333334,13.0,8.0,0.6968400447427292,0.5122715946843854
13.0,0.33333334,13.0,12.0,0.6968400447427292,0.5122715946843854
13.0,0.33333334,13.0,20.0,0.6968400447427292,0.5122715946843854
13.0,0.33333334,13.0,32.0,0.6929250559284117,0.5128945182724253
13.0,0.33333334,13.0,50.0,0.6795022371364653,0.5135382059800665
13.0,0.33333334,13.0,80.0,0.6638772371364653,0.5128529900332226
13.0,0.33333334,13.0,128.0,0.6474482662192393,0.5137458471760799
13.0,0.33333334,15.0,2.0,0.6913241051454138,0.5136212624584717
13.0,0.33333334,15.0,3.0,0.6913241051454138,0.5136212624584717
13.0,0.33333334,15.0,5.0,0.6913241051454138,0.5136212624584717
13.0,0.33333334,15.0,8.0,0.6913241051454138,0.5136212624584717
13.0,0.33333334,15.0,12.0,0.6913241051454138,0.5136212624584717
13.0,0.33333334,15.0,20.0,0.6913241051454138,0.5136212624584717
13.0,0.33333334,15.0,32.0,0.6907228747203579,0.5122923588039867
13.0,0.33333334,15.0,50.0,0.6791037472035795,0.5132682724252492
13.0,0.33333334,15.0,80.0,0.6635206935123042,0.5134759136212625
13.0,0.33333334,15.0,128.0,0.6463646532438478,0.5135382059800665
13.0,0.33333334,17.0,2.0,0.6872902684563759,0.5125415282392026
13.0,0.33333334,17.0,3.0,0.6872902684563759,0.5125415282392026
13.0,0.33333334,17.0,5.0,0.6872902684563759,0.5125415282392026
13.0,0.33333334,17.0,8.0,0.6872902684563759,0.5125415282392026
13.0,0.33333334,17.0,12.0,0.6872902684563759,0.5125415282392026
13.0,0.33333334,17.0,20.0,0.6872902684563759,0.5125415282392026
13.0,0.33333334,17.0,32.0,0.6872902684563759,0.5125415282392026
13.0,0.33333334,17.0,50.0,0.6785654362416107,0.5129152823920266
13.0,0.33333334,17.0,80.0,0.6641149328859061,0.512437707641196
13.0,0.33333334,17.0,128.0,0.6459521812080536,0.5136835548172758
13.0,0.33333334,20.0,2.0,0.6825013982102909,0.5126868770764119
13.0,0.33333334,20.0,3.0,0.6825013982102909,0.5126868770764119
13.0,0.33333334,20.0,5.0,0.6825013982102909,0.5126868770764119
13.0,0.33333334,20.0,8.0,0.6825013982102909,0.5126868770764119
13.0,0.33333334,20.0,12.0,0.6825013982102909,0.5126868770764119
13.0,0.33333334,20.0,20.0,0.6825013982102909,0.5126868770764119
13.0,0.33333334,20.0,32.0,0.6825013982102909,0.5126868770764119
13.0,0.33333334,20.0,50.0,0.6768036912751678,0.5126868770764119
13.0,0.33333334,20.0,80.0,0.6622343400447427,0.5139327242524917
13.0,0.33333334,20.0,128.0,0.6456375838926174,0.5134343853820598
13.0,0.44444445,1.0,2.0,0.7428131991051454,0.5128737541528239
13.0,0.44444445,1.0,3.0,0.7414918903803132,0.5134343853820598
13.0,0.44444445,1.0,5.0,0.7405411073825503,0.514264950166113
13.0,0.44444445,1.0,8.0,0.7349412751677853,0.5111295681063124
13.0,0.44444445,1.0,12.0,0.7289639261744967,0.5124169435215947
13.0,0.44444445,1.0,20.0,0.7208543064876958,0.5130191029900333
13.0,0.44444445,1.0,32.0,0.7064247762863534,0.5113579734219269
13.0,0.44444445,1.0,50.0,0.6919393176733781,0.5116694352159469
13.0,0.44444445,1.0,80.0,0.6727139261744967,0.5138081395348837
13.0,0.44444445,1.0,128.0,0.6540128635346756,0.5131852159468439
13.0,0.44444445,3.0,2.0,0.7319001677852349,0.5122300664451827
13.0,0.44444445,3.0,3.0,0.7319001677852349,0.5122300664451827
13.0,0.44444445,3.0,5.0,0.7319001677852349,0.5122300664451827
13.0,0.44444445,3.0,8.0,0.730795581655481,0.5133720930232558
13.0,0.44444445,3.0,12.0,0.7250699105145414,0.5125207641196013
13.0,0.44444445,3.0,20.0,0.7156389821029083,0.5119186046511628
13.0,0.44444445,3.0,32.0,0.7039848993288591,0.5137250830564783
13.0,0.44444445,3.0,50.0,0.6896812080536913,0.5131229235880399
13.0,0.44444445,3.0,80.0,0.6722734899328859,0.5106312292358803
13.0,0.44444445,3.0,128.0,0.6538660514541388,0.5149294019933555
13.0,0.44444445,5.0,2.0,0.7232312639821029,0.5127906976744186
13.0,0.44444445,5.0,3.0,0.7232312639821029,0.5127906976744186
13.0,0.44444445,5.0,5.0,0.7232312639821029,0.5127906976744186
13.0,0.44444445,5.0,8.0,0.7232312639821029,0.5127906976744186
13.0,0.44444445,5.0,12.0,0.7224203020134228,0.5131852159468439
13.0,0.44444445,5.0,20.0,0.7128635346756151,0.5118355481727574
13.0,0.44444445,5.0,32.0,0.7023909395973155,0.5110880398671096
13.0,0.44444445,5.0,50.0,0.6884158277404921,0.5120639534883721
13.0,0.44444445,5.0,80.0,0.6713576621923937,0.5127699335548173
13.0,0.44444445,5.0,128.0,0.6533626957494407,0.5135797342192692
13.0,0.44444445,7.0,2.0,0.7169253355704698,0.5128945182724253
13.0,0.44444445,7.0,3.0,0.7169253355704698,0.5128945182724253
13.0,0.44444445,7.0,5.0,0.7169253355704698,0.5128945182724253
13.0,0.44444445,7.0,8.0,0.7169253355704698,0.5128945182724253
13.0,0.44444445,7.0,12.0,0.7169253355704698,0.5128945182724253
13.0,0.44444445,7.0,20.0,0.7116121364653244,0.5120016611295681
13.0,0.44444445,7.0,32.0,0.7008808724832215,0.5118563122923587
13.0,0.44444445,7.0,50.0,0.6868008948545861,0.5129152823920266
13.0,0.44444445,7.0,80.0,0.6702880313199105,0.5141403654485049
13.0,0.44444445,7.0,128.0,0.6529921700223713,0.5126868770764119
13.0,0.44444445,9.0,2.0,0.7107172818791947,0.5129983388704319
13.0,0.44444445,9.0,3.0,0.7107172818791947,0.5129983388704319
13.0,0.44444445,9.0,5.0,0.7107172818791947,0.5129983388704319
13.0,0.44444445,9.0,8.0,0.7107172818791947,0.5129983388704319
13.0,0.44444445,9.0,12.0,0.7107172818791947,0.5129983388704319
13.0,0.44444445,9.0,20.0,0.7091023489932886,0.5114410299003322
13.0,0.44444445,9.0,32.0,0.6993847874720358,0.5142857142857143
13.0,0.44444445,9.0,50.0,0.6855005592841164,0.5122300664451828
13.0,0.44444445,9.0,80.0,0.669456096196868,0.5122300664451827
13.0,0.44444445,9.0,128.0,0.6512304250559284,0.5130813953488372
13.0,0.44444445,11.0,2.0,0.704991610738255,0.5138704318936876
13.0,0.44444445,11.0,3.0,0.704991610738255,0.5138704318936876
13.0,0.44444445,11.0,5.0,0.704991610738255,0.5138704318936876
13.0,0.44444445,11.0,8.0,0.704991610738255,0.5138704318936876
13.0,0.44444445,11.0,12.0,0.704991610738255,0.5138704318936876
13.0,0.44444445,11.0,20.0,0.704991610738255,0.5138704318936876
13.0,0.44444445,11.0,32.0,0.6981543624161073,0.5132059800664452
13.0,0.44444445,11.0,50.0,0.685130033557047,0.5130813953488371
13.0,0.44444445,11.0,80.0,0.6678271812080536,0.5122923588039867
13.0,0.44444445,11.0,128.0,0.6508459172259509,0.5130813953488372
13.0,0.44444445,13.0,2.0,0.7013352908277405,0.5133098006644519
13.0,0.44444445,13.0,3.0,0.7013352908277405,0.5133098006644519
13.0,0.44444445,13.0,5.0,0.7013352908277405,0.5133098006644519
13.0,0.44444445,13.0,8.0,0.7013352908277405,0.5133098006644519
13.0,0.44444445,13.0,12.0,0.7013352908277405,0.5133098006644519
13.0,0.44444445,13.0,20.0,0.7013352908277405,0.5133098006644519
13.0,0.44444445,13.0,32.0,0.697329418344519,0.5123546511627908
13.0,0.44444445,13.0,50.0,0.684976230425056,0.512001661129568
13.0,0.44444445,13.0,80.0,0.6687919463087247,0.5132059800664452
13.0,0.44444445,13.0,128.0,0.6511535234899328,0.5126038205980066
13.0,0.44444445,15.0,2.0,0.6972035794183445,0.5122923588039867
13.0,0.44444445,15.0,3.0,0.6972035794183445,0.5122923588039867
13.0,0.44444445,15.0,5.0,0.6972035794183445,0.5122923588039867
13.0,0.44444445,15.0,8.0,0.6972035794183445,0.5122923588039867
13.0,0.44444445,15.0,12.0,0.6972035794183445,0.5122923588039867
13.0,0.44444445,15.0,20.0,0.6972035794183445,0.5122923588039867
13.0,0.44444445,15.0,32.0,0.6962597874720358,0.5130191029900333
13.0,0.44444445,15.0,50.0,0.6835640380313199,0.5117940199335548
13.0,0.44444445,15.0,80.0,0.6683724832214766,0.5117940199335548
13.0,0.44444445,15.0,128.0,0.6504404362416107,0.5120224252491694
13.0,0.44444445,17.0,2.0,0.6916387024608501,0.512562292358804
13.0,0.44444445,17.0,3.0,0.6916387024608501,0.512562292358804
13.0,0.44444445,17.0,5.0,0.6916387024608501,0.512562292358804
13.0,0.44444445,17.0,8.0,0.6916387024608501,0.512562292358804
13.0,0.44444445,17.0,12.0,0.6916387024608501,0.512562292358804
13.0,0.44444445,17.0,20.0,0.6916387024608501,0.512562292358804
13.0,0.44444445,17.0,32.0,0.6916387024608501,0.512562292358804
13.0,0.44444445,17.0,50.0,0.6831236017897091,0.510735049833887
13.0,0.44444445,17.0,80.0,0.6671700223713646,0.512250830564784
13.0,0.44444445,17.0,128.0,0.6510766219239373,0.5132890365448505
13.0,0.44444445,20.0,2.0,0.6873392058165548,0.5132475083056478
13.0,0.44444445,20.0,3.0,0.6873392058165548,0.5132475083056478
13.0,0.44444445,20.0,5.0,0.6873392058165548,0.5132475083056478
13.0,0.44444445,20.0,8.0,0.6873392058165548,0.5132475083056478
13.0,0.44444445,20.0,12.0,0.6873392058165548,0.5132475083056478
13.0,0.44444445,20.0,20.0,0.6873392058165548,0.5132475083056478
13.0,0.44444445,20.0,32.0,0.6873392058165548,0.5132475083056478
13.0,0.44444445,20.0,50.0,0.6815995525727069,0.512313122923588
13.0,0.44444445,20.0,80.0,0.6660374720357942,0.5132475083056478
13.0,0.44444445,20.0,128.0,0.6503285794183445,0.5132475083056478
13.0,0.5555556,1.0,2.0,0.7454208612975392,0.512749169435216
13.0,0.5555556,1.0,3.0,0.7436521252796421,0.5117940199335548
13.0,0.5555556,1.0,5.0,0.7415618008948546,0.5118355481727574
13.0,0.5555556,1.0,8.0,0.7373951342281879,0.5131021594684386
13.0,0.5555556,1.0,12.0,0.7331865212527964,0.5121885382059801
13.0,0.5555556,1.0,20.0,0.7247692953020135,0.5137250830564785
13.0,0.5555556,1.0,32.0,0.7104586129753916,0.512437707641196
13.0,0.5555556,1.0,50.0,0.6942114093959731,0.5103197674418605
13.0,0.5555556,1.0,80.0,0.6752376957494407,0.5131021594684386
13.0,0.5555556,1.0,128.0,0.6567393736017897,0.5130398671096346
13.0,0.5555556,3.0,2.0,0.7355425055928412,0.5131229235880399
13.0,0.5555556,3.0,3.0,0.7355425055928412,0.5131229235880399
13.0,0.5555556,3.0,5.0,0.7355425055928412,0.5131229235880399
13.0,0.5555556,3.0,8.0,0.7331305928411633,0.5125
13.0,0.5555556,3.0,12.0,0.7291247203579418,0.5108596345514951
13.0,0.5555556,3.0,20.0,0.7191484899328859,0.5131436877076412
13.0,0.5555556,3.0,32.0,0.7082634228187918,0.512437707641196
13.0,0.5555556,3.0,50.0,0.6928481543624161,0.5125415282392026
13.0,0.5555556,3.0,80.0,0.6751677852348993,0.5131436877076412
13.0,0.5555556,3.0,128.0,0.6568442393736018,0.512437707641196
13.0,0.5555556,5.0,2.0,0.7273979306487697,0.514015780730897
13.0,0.5555556,5.0,3.0,0.7273979306487697,0.514015780730897
13.0,0.5555556,5.0,5.0,0.7273979306487697,0.514015780730897
13.0,0.5555556,5.0,8.0,0.7273979306487697,0.514015780730897
13.0,0.5555556,5.0,12.0,0.7256152125279642,0.5136420265780731
13.0,0.5555556,5.0,20.0,0.7169183445190157,0.5128529900332226
13.0,0.5555556,5.0,32.0,0.7057746085011185,0.5135382059800664
13.0,0.5555556,5.0,50.0,0.6915897651006712,0.5129983388704319
13.0,0.5555556,5.0,80.0,0.6747762863534675,0.5125207641196013
13.0,0.5555556,5.0,128.0,0.6551524049217002,0.5124169435215947
13.0,0.5555556,7.0,2.0,0.7212947427293065,0.5115448504983389
13.0,0.5555556,7.0,3.0,0.7212947427293065,0.5115448504983389
13.0,0.5555556,7.0,5.0,0.7212947427293065,0.5115448504983389
13.0,0.5555556,7.0,8.0,0.7212947427293065,0.5115448504983389
13.0,0.5555556,7.0,12.0,0.7212947427293065,0.5115448504983389
13.0,0.5555556,7.0,20.0,0.7160164988814317,0.5105481727574751
13.0,0.5555556,7.0,32.0,0.7044463087248323,0.5129568106312292
13.0,0.5555556,7.0,50.0,0.6888772371364653,0.5123338870431894
13.0,0.5555556,7.0,80.0,0.6734759507829977,0.5126453488372092
13.0,0.5555556,7.0,128.0,0.654837807606264,0.5130813953488372
13.0,0.5555556,9.0,2.0,0.7145274049217003,0.5123131229235881
13.0,0.5555556,9.0,3.0,0.7145274049217003,0.5123131229235881
13.0,0.5555556,9.0,5.0,0.7145274049217003,0.5123131229235881
13.0,0.5555556,9.0,8.0,0.7145274049217003,0.5123131229235881
13.0,0.5555556,9.0,12.0,0.7145274049217003,0.5123131229235881
13.0,0.5555556,9.0,20.0,0.7138912192393736,0.5138704318936878
13.0,0.5555556,9.0,32.0,0.7029152684563759,0.5118770764119601
13.0,0.5555556,9.0,50.0,0.6896602348993289,0.5127076411960132
13.0,0.5555556,9.0,80.0,0.6725671140939598,0.5133098006644519
13.0,0.5555556,9.0,128.0,0.6550755033557047,0.5105481727574751
13.0,0.5555556,11.0,2.0,0.7093959731543624,0.5129360465116279
13.0,0.5555556,11.0,3.0,0.7093959731543624,0.5129360465116279
13.0,0.5555556,11.0,5.0,0.7093959731543624,0.5129360465116279
13.0,0.5555556,11.0,8.0,0.7093959731543624,0.5129360465116279
13.0,0.5555556,11.0,12.0,0.7093959731543624,0.5129360465116279
13.0,0.5555556,11.0,20.0,0.7093959731543624,0.5129360465116279
13.0,0.5555556,11.0,32.0,0.7019085570469799,0.5126453488372092
13.0,0.5555556,11.0,50.0,0.6877866331096196,0.5121885382059801
13.0,0.5555556,11.0,80.0,0.6704767897091722,0.5128114617940199
13.0,0.5555556,11.0,128.0,0.6538450782997762,0.5133305647840531
13.0,0.5555556,13.0,2.0,0.705341163310962,0.512437707641196
13.0,0.5555556,13.0,3.0,0.705341163310962,0.512437707641196
13.0,0.5555556,13.0,5.0,0.705341163310962,0.512437707641196
13.0,0.5555556,13.0,8.0,0.705341163310962,0.512437707641196
13.0,0.5555556,13.0,12.0,0.705341163310962,0.512437707641196
13.0,0.5555556,13.0,20.0,0.705341163310962,0.512437707641196
13.0,0.5555556,13.0,32.0,0.7005243288590604,0.5131229235880399
13.0,0.5555556,13.0,50.0,0.6880592841163311,0.5134966777408637
13.0,0.5555556,13.0,80.0,0.6726090604026845,0.5154277408637874
13.0,0.5555556,13.0,128.0,0.6536633109619687,0.5127699335548173
13.0,0.5555556,15.0,2.0,0.699846196868009,0.5128114617940199
13.0,0.5555556,15.0,3.0,0.699846196868009,0.5128114617940199
13.0,0.5555556,15.0,5.0,0.699846196868009,0.5128114617940199
13.0,0.5555556,15.0,8.0,0.699846196868009,0.5128114617940199
13.0,0.5555556,15.0,12.0,0.699846196868009,0.5128114617940199
13.0,0.5555556,15.0,20.0,0.699846196868009,0.5128114617940199
13.0,0.5555556,15.0,32.0,0.6990631991051454,0.5125
13.0,0.5555556,15.0,50.0,0.6869057606263982,0.512375415282392
13.0,0.5555556,15.0,80.0,0.6703998881431767,0.5130813953488372
13.0,0.5555556,15.0,128.0,0.6532997762863535,0.5133305647840531
13.0,0.5555556,17.0,2.0,0.6962737695749441,0.5117317275747508
13.0,0.5555556,17.0,3.0,0.6962737695749441,0.5117317275747508
13.0,0.5555556,17.0,5.0,0.6962737695749441,0.5117317275747508
13.0,0.5555556,17.0,8.0,0.6962737695749441,0.5117317275747508
13.0,0.5555556,17.0,12.0,0.6962737695749441,0.5117317275747508
13.0,0.5555556,17.0,20.0,0.6962737695749441,0.5117317275747508
13.0,0.5555556,17.0,32.0,0.6962737695749441,0.5117317275747508
13.0,0.5555556,17.0,50.0,0.6856473713646533,0.5121677740863787
13.0,0.5555556,17.0,80.0,0.6700852908277405,0.5120431893687708
13.0,0.5555556,17.0,128.0,0.6520763422818792,0.5130398671096346
13.0,0.5555556,20.0,2.0,0.6898559843400447,0.5120639534883721
13.0,0.5555556,20.0,3.0,0.6898559843400447,0.5120639534883721
13.0,0.5555556,20.0,5.0,0.6898559843400447,0.5120639534883721
13.0,0.5555556,20.0,8.0,0.6898559843400447,0.5120639534883721
13.0,0.5555556,20.0,12.0,0.6898559843400447,0.5120639534883721
13.0,0.5555556,20.0,20.0,0.6898559843400447,0.5120639534883721
13.0,0.5555556,20.0,32.0,0.6898559843400447,0.5120639534883721
13.0,0.5555556,20.0,50.0,0.6850391498881432,0.5139327242524917
13.0,0.5555556,20.0,80.0,0.6699664429530202,0.5129152823920266
13.0,0.5555556,20.0,128.0,0.6521532438478748,0.5129568106312292
13.0,0.6666667,1.0,2.0,0.7474622483221476,0.5146387043189369
13.0,0.6666667,1.0,3.0,0.7460850111856823,0.5121054817275748
13.0,0.6666667,1.0,5.0,0.7452810402684563,0.5132682724252492
13.0,0.6666667,1.0,8.0,0.7425265659955257,0.5124792358803987
13.0,0.6666667,1.0,12.0,0.7379124720357942,0.5129983388704319
13.0,0.6666667,1.0,20.0,0.7282718120805369,0.5100498338870432
13.0,0.6666667,1.0,32.0,0.7149958053691275,0.5110049833887043
13.0,0.6666667,1.0,50.0,0.6990072706935123,0.5137043189368771
13.0,0.6666667,1.0,80.0,0.681298937360179,0.512562292358804
13.0,0.6666667,1.0,128.0,0.658871644295302,0.5130191029900332
13.0,0.6666667,3.0,2.0,0.738709451901566,0.5128945182724253
13.0,0.6666667,3.0,3.0,0.738709451901566,0.5128945182724253
13.0,0.6666667,3.0,5.0,0.738709451901566,0.5128945182724253
13.0,0.6666667,3.0,8.0,0.7377586689038031,0.5137043189368771
13.0,0.6666667,3.0,12.0,0.7324105145413871,0.5134966777408637
13.0,0.6666667,3.0,20.0,0.7242239932885906,0.5115033222591362
13.0,0.6666667,3.0,32.0,0.7137723713646532,0.5126038205980066
13.0,0.6666667,3.0,50.0,0.6971826062639821,0.5138704318936878
13.0,0.6666667,3.0,80.0,0.6793134787472035,0.5135174418604651
13.0,0.6666667,3.0,128.0,0.6599552572706935,0.5129775747508305
13.0,0.6666667,5.0,2.0,0.7313548657718121,0.5128945182724253
13.0,0.6666667,5.0,3.0,0.7313548657718121,0.5128945182724253
13.0,0.6666667,5.0,5.0,0.7313548657718121,0.5128945182724253
13.0,0.6666667,5.0,8.0,0.7313548657718121,0.5128945182724253
13.0,0.6666667,5.0,12.0,0.7305788590604027,0.5119808970099669
13.0,0.6666667,5.0,20.0,0.721875,0.5127699335548173
13.0,0.6666667,5.0,32.0,0.7107032997762863,0.5127284053156146
13.0,0.6666667,5.0,50.0,0.6963506711409396,0.5118563122923587
13.0,0.6666667,5.0,80.0,0.6785794183445191,0.5148878737541528
13.0,0.6666667,5.0,128.0,0.6588786353467562,0.5123546511627908
13.0,0.6666667,7.0,2.0,0.7242379753914989,0.5122715946843853
13.0,0.6666667,7.0,3.0,0.7242379753914989,0.5122715946843853
13.0,0.6666667,7.0,5.0,0.7242379753914989,0.5122715946843853
13.0,0.6666667,7.0,8.0,0.7242379753914989,0.5122715946843853
13.0,0.6666667,7.0,12.0,0.7242379753914989,0.5122715946843853
13.0,0.6666667,7.0,20.0,0.719106543624161,0.5121885382059801
13.0,0.6666667,7.0,32.0,0.7098434004474272,0.5142441860465116
13.0,0.6666667,7.0,50.0,0.6949454697986577,0.510921926910299
13.0,0.6666667,7.0,80.0,0.6769574944071588,0.512562292358804
13.0,0.6666667,7.0,128.0,0.6586339485458612,0.5135382059800664
13.0,0.6666667,9.0,2.0,0.718903803131991,0.512437707641196
13.0,0.6666667,9.0,3.0,0.718903803131991,0.512437707641196
13.0,0.6666667,9.0,5.0,0.718903803131991,0.512437707641196
13.0,0.6666667,9.0,8.0,0.718903803131991,0.512437707641196
13.0,0.6666667,9.0,12.0,0.718903803131991,0.512437707641196
13.0,0.6666667,9.0,20.0,0.7178761185682326,0.5127906976744186
13.0,0.6666667,9.0,32.0,0.7064667225950784,0.5127491694352159
13.0,0.6666667,9.0,50.0,0.6934913310961969,0.5119601328903655
13.0,0.6666667,9.0,80.0,0.6763213087248322,0.5121054817275748
13.0,0.6666667,9.0,128.0,0.6573825503355705,0.5124584717607974
13.0,0.6666667,11.0,2.0,0.7147371364653244,0.5131852159468439
13.0,0.6666667,11.0,3.0,0.7147371364653244,0.5131852159468439
13.0,0.6666667,11.0,5.0,0.7147371364653244,0.5131852159468439
13.0,0.6666667,11.0,8.0,0.7147371364653244,0.5131852159468439
13.0,0.6666667,11.0,12.0,0.7147371364653244,0.5131852159468439
13.0,0.6666667,11.0,20.0,0.7147371364653244,0.5131852159468439
13.0,0.6666667,11.0,32.0,0.7063828299776287,0.5129568106312292
13.0,0.6666667,11.0,50.0,0.6916317114093959,0.5115033222591362
13.0,0.6666667,11.0,80.0,0.6752866331096197,0.5136420265780731
13.0,0.6666667,11.0,128.0,0.6575922818791946,0.5128945182724253
13.0,0.6666667,13.0,2.0,0.7080327181208054,0.5109011627906976
13.0,0.6666667,13.0,3.0,0.7080327181208054,0.5109011627906976
13.0,0.6666667,13.0,5.0,0.7080327181208054,0.5109011627906976
13.0,0.6666667,13.0,8.0,0.7080327181208054,0.5109011627906976
13.0,0.6666667,13.0,12.0,0.7080327181208054,0.5109011627906976
13.0,0.6666667,13.0,20.0,0.7080327181208054,0.5109011627906976
13.0,0.6666667,13.0,32.0,0.7050964765100671,0.5132059800664452
13.0,0.6666667,13.0,50.0,0.6919463087248323,0.5120431893687708
13.0,0.6666667,13.0,80.0,0.6750419463087248,0.5127491694352159
13.0,0.6666667,13.0,128.0,0.6571518456375839,0.5126453488372092
13.0,0.6666667,15.0,2.0,0.7050824944071589,0.5112541528239203
13.0,0.6666667,15.0,3.0,0.7050824944071589,0.5112541528239203
13.0,0.6666667,15.0,5.0,0.7050824944071589,0.5112541528239203
13.0,0.6666667,15.0,8.0,0.7050824944071589,0.5112541528239203
13.0,0.6666667,15.0,12.0,0.7050824944071589,0.5112541528239203
13.0,0.6666667,15.0,20.0,0.7050824944071589,0.5112541528239203
13.0,0.6666667,15.0,32.0,0.702873322147651,0.5122715946843853
13.0,0.6666667,15.0,50.0,0.6913730425055928,0.5136004983388704
13.0,0.6666667,15.0,80.0,0.6745665548098434,0.5114202657807309
13.0,0.6666667,15.0,128.0,0.6555648769574944,0.5131852159468439
13.0,0.6666667,17.0,2.0,0.7021043064876957,0.513828903654485
13.0,0.6666667,17.0,3.0,0.7021043064876957,0.513828903654485
13.0,0.6666667,17.0,5.0,0.7021043064876957,0.513828903654485
13.0,0.6666667,17.0,8.0,0.7021043064876957,0.513828903654485
13.0,0.6666667,17.0,12.0,0.7021043064876957,0.513828903654485
13.0,0.6666667,17.0,20.0,0.7021043064876957,0.513828903654485
13.0,0.6666667,17.0,32.0,0.7021043064876957,0.513828903654485
13.0,0.6666667,17.0,50.0,0.6901775727069351,0.5112541528239203
13.0,0.6666667,17.0,80.0,0.6737206375838927,0.5121885382059801
13.0,0.6666667,17.0,128.0,0.6556837248322147,0.5132475083056478
13.0,0.6666667,20.0,2.0,0.695812360178971,0.512001661129568
13.0,0.6666667,20.0,3.0,0.695812360178971,0.512001661129568
13.0,0.6666667,20.0,5.0,0.695812360178971,0.512001661129568
13.0,0.6666667,20.0,8.0,0.695812360178971,0.512001661129568
13.0,0.6666667,20.0,12.0,0.695812360178971,0.512001661129568
13.0,0.6666667,20.0,20.0,0.695812360178971,0.512001661129568
13.0,0.6666667,20.0,32.0,0.695812360178971,0.512001661129568
13.0,0.6666667,20.0,50.0,0.6910654362416107,0.5125415282392026
13.0,0.6666667,20.0,80.0,0.6734689597315436,0.5134966777408637
13.0,0.6666667,20.0,128.0,0.655292225950783,0.5114825581395349
13.0,0.7777778,1.0,2.0,0.7488464765100671,0.5110880398671096
13.0,0.7777778,1.0,3.0,0.7480425055928411,0.5116901993355482
13.0,0.7777778,1.0,5.0,0.7463926174496645,0.5115448504983389
13.0,0.7777778,1.0,8.0,0.7437360178970918,0.512437707641196
13.0,0.7777778,1.0,12.0,0.7404991610738255,0.5114825581395349
13.0,0.7777778,1.0,20.0,0.7312290268456376,0.5128322259136213
13.0,0.7777778,1.0,32.0,0.7184843400447427,0.5122093023255814
13.0,0.7777778,1.0,50.0,0.7024888143176734,0.5133720930232558
13.0,0.7777778,1.0,80.0,0.6818931767337808,0.5121470099667774
13.0,0.7777778,1.0,128.0,0.6619546979865772,0.512375415282392
13.0,0.7777778,3.0,2.0,0.7411633109619686,0.5124792358803987
13.0,0.7777778,3.0,3.0,0.7411633109619686,0.5124792358803987
13.0,0.7777778,3.0,5.0,0.7411633109619686,0.5124792358803987
13.0,0.7777778,3.0,8.0,0.7385626398210291,0.5126453488372092
13.0,0.7777778,3.0,12.0,0.7349063199105146,0.5110672757475083
13.0,0.7777778,3.0,20.0,0.7274049217002236,0.5119601328903653
13.0,0.7777778,3.0,32.0,0.7158207494407158,0.5118355481727574
13.0,0.7777778,3.0,50.0,0.7004054809843401,0.5105689368770764
13.0,0.7777778,3.0,80.0,0.6812220357941834,0.5125207641196013
13.0,0.7777778,3.0,128.0,0.6614303691275167,0.5123131229235881
13.0,0.7777778,5.0,2.0,0.7339415548098434,0.5125
13.0,0.7777778,5.0,3.0,0.7339415548098434,0.5125
13.0,0.7777778,5.0,5.0,0.7339415548098434,0.5125
13.0,0.7777778,5.0,8.0,0.7339415548098434,0.5125
13.0,0.7777778,5.0,12.0,0.7327600671140939,0.512126245847176
13.0,0.7777778,5.0,20.0,0.7232032997762864,0.510610465116279
13.0,0.7777778,5.0,32.0,0.7129684004474273,0.5114617940199335
13.0,0.7777778,5.0,50.0,0.6981893176733781,0.5133720930232558
13.0,0.7777778,5.0,80.0,0.6800125838926174,0.5104028239202658
13.0,0.7777778,5.0,128.0,0.6602139261744966,0.5139950166112957
13.0,0.7777778,7.0,2.0,0.7273769574944071,0.5104028239202658
13.0,0.7777778,7.0,3.0,0.7273769574944071,0.5104028239202658
13.0,0.7777778,7.0,5.0,0.7273769574944071,0.5104028239202658
13.0,0.7777778,7.0,8.0,0.7273769574944071,0.5104028239202658
13.0,0.7777778,7.0,12.0,0.7273769574944071,0.5104028239202658
13.0,0.7777778,7.0,20.0,0.7224972035794184,0.5102159468438539
13.0,0.7777778,7.0,32.0,0.7121574384787472,0.5129360465116279
13.0,0.7777778,7.0,50.0,0.6977978187919464,0.512126245847176
13.0,0.7777778,7.0,80.0,0.680243288590604,0.5115656146179403
13.0,0.7777778,7.0,128.0,0.6595497762863535,0.5132267441860465
13.0,0.7777778,9.0,2.0,0.7218050894854586,0.5119808970099669
13.0,0.7777778,9.0,3.0,0.7218050894854586,0.5119808970099669
13.0,0.7777778,9.0,5.0,0.7218050894854586,0.5119808970099669
13.0,0.7777778,9.0,8.0,0.7218050894854586,0.5119808970099669
13.0,0.7777778,9.0,12.0,0.7218050894854586,0.5119808970099669
13.0,0.7777778,9.0,20.0,0.7207494407158836,0.5125415282392026
13.0,0.7777778,9.0,32.0,0.7094938478747204,0.5134759136212624
13.0,0.7777778,9.0,50.0,0.696826062639821,0.512437707641196
13.0,0.7777778,9.0,80.0,0.6785444630872484,0.5133305647840531
13.0,0.7777778,9.0,128.0,0.6587947427293065,0.5137873754152824
13.0,0.7777778,11.0,2.0,0.7165058724832215,0.5133305647840531
13.0,0.7777778,11.0,3.0,0.7165058724832215,0.5133305647840531
13.0,0.7777778,11.0,5.0,0.7165058724832215,0.5133305647840531
13.0,0.7777778,11.0,8.0,0.7165058724832215,0.5133305647840531
13.0,0.7777778,11.0,12.0,0.7165058724832215,0.5133305647840531
13.0,0.7777778,11.0,20.0,0.7165058724832215,0.5133305647840531
13.0,0.7777778,11.0,32.0,0.708668903803132,0.512624584717608
13.0,0.7777778,11.0,50.0,0.6945399888143177,0.5118978405315614
13.0,0.7777778,11.0,80.0,0.6784815436241611,0.5120847176079734
13.0,0.7777778,11.0,128.0,0.6584801454138702,0.5116694352159469
13.0,0.7777778,13.0,2.0,0.7115142617449665,0.513455149501661
13.0,0.7777778,13.0,3.0,0.7115142617449665,0.513455149501661
13.0,0.7777778,13.0,5.0,0.7115142617449665,0.513455149501661
13.0,0.7777778,13.0,8.0,0.7115142617449665,0.513455149501661
13.0,0.7777778,13.0,12.0,0.7115142617449665,0.513455149501661
13.0,0.7777778,13.0,20.0,0.7115142617449665,0.513455149501661
13.0,0.7777778,13.0,32.0,0.7079208612975392,0.5137458471760797
13.0,0.7777778,13.0,50.0,0.6946308724832215,0.5130398671096346
13.0,0.7777778,13.0,80.0,0.6770274049217002,0.512126245847176
13.0,0.7777778,13.0,128.0,0.6584801454138702,0.5129360465116279
13.0,0.7777778,15.0,2.0,0.7079628076062641,0.5121885382059801
13.0,0.7777778,15.0,3.0,0.7079628076062641,0.5121885382059801
13.0,0.7777778,15.0,5.0,0.7079628076062641,0.5121885382059801
13.0,0.7777778,15.0,8.0,0.7079628076062641,0.5121885382059801
13.0,0.7777778,15.0,12.0,0.7079628076062641,0.5121885382059801
13.0,0.7777778,15.0,20.0,0.7079628076062641,0.5121885382059801
13.0,0.7777778,15.0,32.0,0.706403803131991,0.5119601328903653
13.0,0.7777778,15.0,50.0,0.6942883109619686,0.5123131229235881
13.0,0.7777778,15.0,80.0,0.6769784675615214,0.5114825581395349
13.0,0.7777778,15.0,128.0,0.6572357382550336,0.5133305647840531
13.0,0.7777778,17.0,2.0,0.7041107382550336,0.5120847176079735
13.0,0.7777778,17.0,3.0,0.7041107382550336,0.5120847176079735
13.0,0.7777778,17.0,5.0,0.7041107382550336,0.5120847176079735
13.0,0.7777778,17.0,8.0,0.7041107382550336,0.5120847176079735
13.0,0.7777778,17.0,12.0,0.7041107382550336,0.5120847176079735
13.0,0.7777778,17.0,20.0,0.7041107382550336,0.5120847176079735
13.0,0.7777778,17.0,32.0,0.7041107382550336,0.5120847176079735
13.0,0.7777778,17.0,50.0,0.6936591163310962,0.5134343853820598
13.0,0.7777778,17.0,80.0,0.6764191834451901,0.5120639534883721
13.0,0.7777778,17.0,128.0,0.6567883109619688,0.5130398671096346
13.0,0.7777778,20.0,2.0,0.6985458612975392,0.5131644518272426
13.0,0.7777778,20.0,3.0,0.6985458612975392,0.5131644518272426
13.0,0.7777778,20.0,5.0,0.6985458612975392,0.5131644518272426
13.0,0.7777778,20.0,8.0,0.6985458612975392,0.5131644518272426
13.0,0.7777778,20.0,12.0,0.6985458612975392,0.5131644518272426
13.0,0.7777778,20.0,20.0,0.6985458612975392,0.5131644518272426
13.0,0.7777778,20.0,32.0,0.6985458612975392,0.5131644518272426
13.0,0.7777778,20.0,50.0,0.6917156040268456,0.5125
13.0,0.7777778,20.0,80.0,0.6755802572706935,0.5111918604651163
13.0,0.7777778,20.0,128.0,0.6564317673378076,0.5115240863787376
13.0,0.8888889,1.0,2.0,0.7499930089485458,0.5086171096345515
13.0,0.8888889,1.0,3.0,0.7486227628635347,0.5127906976744186
13.0,0.8888889,1.0,5.0,0.7465184563758389,0.5118770764119601
13.0,0.8888889,1.0,8.0,0.7446588366890381,0.5118978405315614
13.0,0.8888889,1.0,12.0,0.7407578299776286,0.5125
13.0,0.8888889,1.0,20.0,0.7322427293064877,0.5105689368770764
13.0,0.8888889,1.0,32.0,0.7222804809843402,0.510984219269103
13.0,0.8888889,1.0,50.0,0.7048378076062639,0.5133513289036544
13.0,0.8888889,1.0,80.0,0.6851999440715884,0.5129775747508305
13.0,0.8888889,1.0,128.0,0.6626048657718121,0.5128114617940199
13.0,0.8888889,3.0,2.0,0.7418554250559284,0.5103820598006644
13.0,0.8888889,3.0,3.0,0.7418554250559284,0.5103820598006644
13.0,0.8888889,3.0,5.0,0.7418554250559284,0.5103820598006644
13.0,0.8888889,3.0,8.0,0.7403453579418344,0.5116071428571429
13.0,0.8888889,3.0,12.0,0.7367309843400447,0.5113995016611296
13.0,0.8888889,3.0,20.0,0.729082774049217,0.5108803986710964
13.0,0.8888889,3.0,32.0,0.7180858501118569,0.5110257475083056
13.0,0.8888889,3.0,50.0,0.7027404921700223,0.5116694352159469
13.0,0.8888889,3.0,80.0,0.6839135906040268,0.5112541528239203
13.0,0.8888889,3.0,128.0,0.6638422818791947,0.5120431893687708
13.0,0.8888889,5.0,2.0,0.7365282438478747,0.5118770764119602
13.0,0.8888889,5.0,3.0,0.7365282438478747,0.5118770764119602
13.0,0.8888889,5.0,5.0,0.7365282438478747,0.5118770764119602
13.0,0.8888889,5.0,8.0,0.7365282438478747,0.5118770764119602
13.0,0.8888889,5.0,12.0,0.733717841163311,0.5112126245847175
13.0,0.8888889,5.0,20.0,0.725552293064877,0.5102574750830564
13.0,0.8888889,5.0,32.0,0.7151286353467562,0.5131436877076412
13.0,0.8888889,5.0,50.0,0.7000139821029083,0.512126245847176
13.0,0.8888889,5.0,80.0,0.6828789149888144,0.511233388704319
13.0,0.8888889,5.0,128.0,0.6623741610738255,0.5127906976744186
13.0,0.8888889,7.0,2.0,0.7289010067114094,0.5111295681063123
13.0,0.8888889,7.0,3.0,0.7289010067114094,0.5111295681063123
13.0,0.8888889,7.0,5.0,0.7289010067114094,0.5111295681063123
13.0,0.8888889,7.0,8.0,0.7289010067114094,0.5111295681063123
13.0,0.8888889,7.0,12.0,0.7289010067114094,0.5111295681063123
13.0,0.8888889,7.0,20.0,0.7241610738255033,0.5086171096345515
13.0,0.8888889,7.0,32.0,0.7135067114093959,0.5113579734219269
13.0,0.8888889,7.0,50.0,0.6993288590604027,0.5127906976744186
13.0,0.8888889,7.0,80.0,0.6819351230425056,0.5128529900332226
13.0,0.8888889,7.0,128.0,0.6618847874720357,0.5118770764119601
13.0,0.8888889,9.0,2.0,0.7238255033557047,0.511295681063123
13.0,0.8888889,9.0,3.0,0.7238255033557047,0.511295681063123
13.0,0.8888889,9.0,5.0,0.7238255033557047,0.511295681063123
13.0,0.8888889,9.0,8.0,0.7238255033557047,0.511295681063123
13.0,0.8888889,9.0,12.0,0.7238255033557047,0.511295681063123
13.0,0.8888889,9.0,20.0,0.722329418344519,0.5113164451827242
13.0,0.8888889,9.0,32.0,0.7127796420581656,0.5120431893687708
13.0,0.8888889,9.0,50.0,0.6972944630872483,0.510610465116279
13.0,0.8888889,9.0,80.0,0.6809074384787472,0.5114202657807309
13.0,0.8888889,9.0,128.0,0.6607452460850112,0.5129983388704319
13.0,0.8888889,11.0,2.0,0.7188338926174497,0.512562292358804
13.0,0.8888889,11.0,3.0,0.7188338926174497,0.512562292358804
13.0,0.8888889,11.0,5.0,0.7188338926174497,0.512562292358804
13.0,0.8888889,11.0,8.0,0.7188338926174497,0.512562292358804
13.0,0.8888889,11.0,12.0,0.7188338926174497,0.512562292358804
13.0,0.8888889,11.0,20.0,0.7188338926174497,0.512562292358804
13.0,0.8888889,11.0,32.0,0.7114233780760626,0.5107142857142858
13.0,0.8888889,11.0,50.0,0.6967142058165547,0.5112749169435216
13.0,0.8888889,11.0,80.0,0.6802642617449665,0.511420265780731
13.0,0.8888889,11.0,128.0,0.6604586129753915,0.5129983388704319
13.0,0.8888889,13.0,2.0,0.7138772371364653,0.514078073089701
13.0,0.8888889,13.0,3.0,0.7138772371364653,0.514078073089701
13.0,0.8888889,13.0,5.0,0.7138772371364653,0.514078073089701
13.0,0.8888889,13.0,8.0,0.7138772371364653,0.514078073089701
13.0,0.8888889,13.0,12.0,0.7138772371364653,0.514078073089701
13.0,0.8888889,13.0,20.0,0.7138772371364653,0.514078073089701
13.0,0.8888889,13.0,32.0,0.7094728747203579,0.5128529900332226
13.0,0.8888889,13.0,50.0,0.6966373042505593,0.5119186046511628
13.0,0.8888889,13.0,80.0,0.6791247203579418,0.5117940199335548
13.0,0.8888889,13.0,128.0,0.659927293064877,0.5132682724252492
13.0,0.8888889,15.0,2.0,0.70896951901566,0.5131852159468439
13.0,0.8888889,15.0,3.0,0.70896951901566,0.5131852159468439
13.0,0.8888889,15.0,5.0,0.70896951901566,0.5131852159468439
13.0,0.8888889,15.0,8.0,0.70896951901566,0.5131852159468439
13.0,0.8888889,15.0,12.0,0.70896951901566,0.5131852159468439
13.0,0.8888889,15.0,20.0,0.70896951901566,0.5131852159468439
13.0,0.8888889,15.0,32.0,0.7095987136465325,0.5118770764119601
13.0,0.8888889,15.0,50.0,0.695511744966443,0.5122715946843854
13.0,0.8888889,15.0,80.0,0.6782857941834453,0.5114825581395348
13.0,0.8888889,15.0,128.0,0.6593400447427293,0.5118355481727576
13.0,0.8888889,17.0,2.0,0.7059563758389261,0.5115448504983389
13.0,0.8888889,17.0,3.0,0.7059563758389261,0.5115448504983389
13.0,0.8888889,17.0,5.0,0.7059563758389261,0.5115448504983389
13.0,0.8888889,17.0,8.0,0.7059563758389261,0.5115448504983389
13.0,0.8888889,17.0,12.0,0.7059563758389261,0.5115448504983389
13.0,0.8888889,17.0,20.0,0.7059563758389261,0.5115448504983389
13.0,0.8888889,17.0,32.0,0.7059563758389261,0.5115448504983389
13.0,0.8888889,17.0,50.0,0.6947357382550335,0.5102990033222591
13.0,0.8888889,17.0,80.0,0.6783207494407159,0.5121677740863787
13.0,0.8888889,17.0,128.0,0.6587458053691275,0.5136835548172758
13.0,0.8888889,20.0,2.0,0.701006711409396,0.513060631229236
13.0,0.8888889,20.0,3.0,0.701006711409396,0.513060631229236
13.0,0.8888889,20.0,5.0,0.701006711409396,0.513060631229236
13.0,0.8888889,20.0,8.0,0.701006711409396,0.513060631229236
13.0,0.8888889,20.0,12.0,0.701006711409396,0.513060631229236
13.0,0.8888889,20.0,20.0,0.701006711409396,0.513060631229236
13.0,0.8888889,20.0,32.0,0.701006711409396,0.513060631229236
13.0,0.8888889,20.0,50.0,0.6947497203579418,0.5135797342192692
13.0,0.8888889,20.0,80.0,0.6779642058165548,0.5120431893687708
13.0,0.8888889,20.0,128.0,0.6575503355704698,0.5113164451827242
13.0,1.0,1.0,2.0,0.7488115212527964,0.5124169435215947
13.0,1.0,1.0,3.0,0.7482802013422819,0.5124584717607974
13.0,1.0,1.0,5.0,0.7473503914988815,0.5106727574750831
13.0,1.0,1.0,8.0,0.7450852908277404,0.5120639534883721
13.0,1.0,1.0,12.0,0.7413450782997763,0.5111088039867109
13.0,1.0,1.0,20.0,0.7339555369127517,0.5115033222591362
13.0,1.0,1.0,32.0,0.7227488814317674,0.5112749169435216
13.0,1.0,1.0,50.0,0.7069491051454139,0.5115033222591363
13.0,1.0,1.0,80.0,0.6863394854586129,0.5123131229235881
13.0,1.0,1.0,128.0,0.664569351230425,0.5125830564784053
13.0,1.0,3.0,2.0,0.7420302013422819,0.5127491694352159
13.0,1.0,3.0,3.0,0.7420302013422819,0.5127491694352159
13.0,1.0,3.0,5.0,0.7420302013422819,0.5127491694352159
13.0,1.0,3.0,8.0,0.740121644295302,0.5117732558139535
13.0,1.0,3.0,12.0,0.7367100111856824,0.5125207641196013
13.0,1.0,3.0,20.0,0.7300685123042505,0.5123961794019933
13.0,1.0,3.0,32.0,0.7195190156599554,0.5117524916943521
13.0,1.0,3.0,50.0,0.7049706375838927,0.5114202657807309
13.0,1.0,3.0,80.0,0.6862206375838926,0.5123961794019933
13.0,1.0,3.0,128.0,0.6642897091722595,0.5129775747508305
13.0,1.0,5.0,2.0,0.7360178970917226,0.512437707641196
13.0,1.0,5.0,3.0,0.7360178970917226,0.512437707641196
13.0,1.0,5.0,5.0,0.7360178970917226,0.512437707641196
13.0,1.0,5.0,8.0,0.7360178970917226,0.512437707641196
13.0,1.0,5.0,12.0,0.7346616331096196,0.5125830564784053
13.0,1.0,5.0,20.0,0.7270274049217001,0.5120639534883721
13.0,1.0,5.0,32.0,0.7172469239373601,0.5122715946843854
13.0,1.0,5.0,50.0,0.7029781879194631,0.5122093023255814
13.0,1.0,5.0,80.0,0.6846686241610739,0.5125830564784053
13.0,1.0,5.0,128.0,0.6639890939597316,0.5128529900332226
13.0,1.0,7.0,2.0,0.730795581655481,0.5121054817275748
13.0,1.0,7.0,3.0,0.730795581655481,0.5121054817275748
13.0,1.0,7.0,5.0,0.730795581655481,0.5121054817275748
13.0,1.0,7.0,8.0,0.730795581655481,0.5121054817275748
13.0,1.0,7.0,12.0,0.730795581655481,0.5121054817275748
13.0,1.0,7.0,20.0,0.7257829977628635,0.5125415282392026
13.0,1.0,7.0,32.0,0.7156949105145414,0.5117940199335548
13.0,1.0,7.0,50.0,0.7018036912751677,0.5116694352159469
13.0,1.0,7.0,80.0,0.6836409395973154,0.5129360465116279
13.0,1.0,7.0,128.0,0.6633459172259508,0.5128945182724253
13.0,1.0,9.0,2.0,0.7251118568232663,0.5127699335548173
13.0,1.0,9.0,3.0,0.7251118568232663,0.5127699335548173
13.0,1.0,9.0,5.0,0.7251118568232663,0.5127699335548173
13.0,1.0,9.0,8.0,0.7251118568232663,0.5127699335548173
13.0,1.0,9.0,12.0,0.7251118568232663,0.5127699335548173
13.0,1.0,9.0,20.0,0.7235178970917227,0.5123338870431894
13.0,1.0,9.0,32.0,0.7137024608501118,0.5121054817275748
13.0,1.0,9.0,50.0,0.7008389261744966,0.511295681063123
13.0,1.0,9.0,80.0,0.6825223713646532,0.5130191029900332
13.0,1.0,9.0,128.0,0.6627936241610739,0.5132059800664452
13.0,1.0,11.0,2.0,0.7207774049217003,0.5123961794019933
13.0,1.0,11.0,3.0,0.7207774049217003,0.5123961794019933
13.0,1.0,11.0,5.0,0.7207774049217003,0.5123961794019933
13.0,1.0,11.0,8.0,0.7207774049217003,0.5123961794019933
13.0,1.0,11.0,12.0,0.7207774049217003,0.5123961794019933
13.0,1.0,11.0,20.0,0.7207774049217003,0.5123961794019933
13.0,1.0,11.0,32.0,0.7128845078299776,0.5117940199335548
13.0,1.0,11.0,50.0,0.6999580536912752,0.511233388704319
13.0,1.0,11.0,80.0,0.6815785794183445,0.5120224252491694
13.0,1.0,11.0,128.0,0.6620525727069351,0.5127906976744186
13.0,1.0,13.0,2.0,0.7161912751677852,0.5114410299003322
13.0,1.0,13.0,3.0,0.7161912751677852,0.5114410299003322
13.0,1.0,13.0,5.0,0.7161912751677852,0.5114410299003322
13.0,1.0,13.0,8.0,0.7161912751677852,0.5114410299003322
13.0,1.0,13.0,12.0,0.7161912751677852,0.5114410299003322
13.0,1.0,13.0,20.0,0.7161912751677852,0.5114410299003322
13.0,1.0,13.0,32.0,0.7117519574944071,0.5114617940199336
13.0,1.0,13.0,50.0,0.6986577181208053,0.5101121262458472
13.0,1.0,13.0,80.0,0.6811870805369128,0.5104443521594685
13.0,1.0,13.0,128.0,0.6615352348993289,0.5118770764119601
13.0,1.0,15.0,2.0,0.7124790268456376,0.5109426910299003
13.0,1.0,15.0,3.0,0.7124790268456376,0.5109426910299003
13.0,1.0,15.0,5.0,0.7124790268456376,0.5109426910299003
13.0,1.0,15.0,8.0,0.7124790268456376,0.5109426910299003
13.0,1.0,15.0,12.0,0.7124790268456376,0.5109426910299003
13.0,1.0,15.0,20.0,0.7124790268456376,0.5109426910299003
13.0,1.0,15.0,32.0,0.7114093959731543,0.5105274086378737
13.0,1.0,15.0,50.0,0.6981893176733781,0.511295681063123
13.0,1.0,15.0,80.0,0.6808934563758389,0.5119186046511628
13.0,1.0,15.0,128.0,0.6612206375838927,0.5128114617940199
13.0,1.0,17.0,2.0,0.7084102348993289,0.5115448504983389
13.0,1.0,17.0,3.0,0.7084102348993289,0.5115448504983389
13.0,1.0,17.0,5.0,0.7084102348993289,0.5115448504983389
13.0,1.0,17.0,8.0,0.7084102348993289,0.5115448504983389
13.0,1.0,17.0,12.0,0.7084102348993289,0.5115448504983389
13.0,1.0,17.0,20.0,0.7084102348993289,0.5115448504983389
13.0,1.0,17.0,32.0,0.7084102348993289,0.5115448504983389
13.0,1.0,17.0,50.0,0.6981403803131991,0.512001661129568
13.0,1.0,17.0,80.0,0.6803970917225951,0.5111918604651163
13.0,1.0,17.0,128.0,0.6604935682326623,0.512562292358804
13.0,1.0,20.0,2.0,0.7030061521252796,0.5099460132890365
13.0,1.0,20.0,3.0,0.7030061521252796,0.5099460132890365
13.0,1.0,20.0,5.0,0.7030061521252796,0.5099460132890365
13.0,1.0,20.0,8.0,0.7030061521252796,0.5099460132890365
13.0,1.0,20.0,12.0,0.7030061521252796,0.5099460132890365
13.0,1.0,20.0,20.0,0.7030061521252796,0.5099460132890365
13.0,1.0,20.0,32.0,0.7030061521252796,0.5099460132890365
13.0,1.0,20.0,50.0,0.6970148210290829,0.510610465116279
13.0,1.0,20.0,80.0,0.6804460290827741,0.5116071428571429
13.0,1.0,20.0,128.0,0.6606683445190157,0.5124792358803987
20.0,0.0,1.0,2.0,0.8173378076062641,0.510361295681063
20.0,0.0,1.0,3.0,0.8172259507829978,0.5099460132890365
20.0,0.0,1.0,5.0,0.8154362416107382,0.5141196013289037
20.0,0.0,1.0,8.0,0.8131431767337809,0.5123131229235881
20.0,0.0,1.0,12.0,0.8079767897091724,0.5098214285714285
20.0,0.0,1.0,20.0,0.7994407158836688,0.5125207641196013
20.0,0.0,1.0,32.0,0.7837318232662193,0.5105274086378737
20.0,0.0,1.0,50.0,0.7634298098434005,0.5148048172757476
20.0,0.0,1.0,80.0,0.7379404362416107,0.5119601328903655
20.0,0.0,1.0,128.0,0.7092351789709171,0.5118978405315614
20.0,0.0,3.0,2.0,0.8111647091722596,0.5097799003322259
20.0,0.0,3.0,3.0,0.8111647091722596,0.5097799003322259
20.0,0.0,3.0,5.0,0.8111647091722596,0.5097799003322259
20.0,0.0,3.0,8.0,0.8090953579418345,0.5115448504983389
20.0,0.0,3.0,12.0,0.8056068232662194,0.5119808970099669
20.0,0.0,3.0,20.0,0.7950852908277405,0.5122300664451827
20.0,0.0,3.0,32.0,0.7810822147651006,0.512437707641196
20.0,0.0,3.0,50.0,0.7604096756152126,0.5132475083056478
20.0,0.0,3.0,80.0,0.7357662192393736,0.5112541528239203
20.0,0.0,3.0,128.0,0.7085360738255033,0.5133928571428571
20.0,0.0,5.0,2.0,0.802621644295302,0.5116071428571429
20.0,0.0,5.0,3.0,0.802621644295302,0.5116071428571429
20.0,0.0,5.0,5.0,0.802621644295302,0.5116071428571429
20.0,0.0,5.0,8.0,0.802621644295302,0.5116071428571429
20.0,0.0,5.0,12.0,0.8016988255033557,0.5117524916943521
20.0,0.0,5.0,20.0,0.7918973713646532,0.5136835548172758
20.0,0.0,5.0,32.0,0.778628355704698,0.5100498338870432
20.0,0.0,5.0,50.0,0.7585710290827741,0.5124584717607974
20.0,0.0,5.0,80.0,0.7343540268456376,0.5131229235880399
20.0,0.0,5.0,128.0,0.7056347874720358,0.5110672757475083
20.0,0.0,7.0,2.0,0.7955956375838926,0.5125830564784053
20.0,0.0,7.0,3.0,0.7955956375838926,0.5125830564784053
20.0,0.0,7.0,5.0,0.7955956375838926,0.5125830564784053
20.0,0.0,7.0,8.0,0.7955956375838926,0.5125830564784053
20.0,0.0,7.0,12.0,0.7955956375838926,0.5125830564784053
20.0,0.0,7.0,20.0,0.788863255033557,0.510984219269103
20.0,0.0,7.0,32.0,0.7748671700223714,0.5142441860465117
20.0,0.0,7.0,50.0,0.7571308724832215,0.513455149501661
20.0,0.0,7.0,80.0,0.7321238814317674,0.5111088039867109
20.0,0.0,7.0,128.0,0.704586129753915,0.5133098006644519
20.0,0.0,9.0,2.0,0.7848503914988815,0.5111088039867109
20.0,0.0,9.0,3.0,0.7848503914988815,0.5111088039867109
20.0,0.0,9.0,5.0,0.7848503914988815,0.5111088039867109
20.0,0.0,9.0,8.0,0.7848503914988815,0.5111088039867109
20.0,0.0,9.0,12.0,0.7848503914988815,0.5111088039867109
20.0,0.0,9.0,20.0,0.7846895973154362,0.512250830564784
20.0,0.0,9.0,32.0,0.7723713646532439,0.5113579734219269
20.0,0.0,9.0,50.0,0.7537961409395973,0.5105689368770764
20.0,0.0,9.0,80.0,0.7295581655480985,0.5120639534883721
20.0,0.0,9.0,128.0,0.7021742170022371,0.514264950166113
20.0,0.0,11.0,2.0,0.7772930648769576,0.5121054817275748
20.0,0.0,11.0,3.0,0.7772930648769576,0.5121054817275748
20.0,0.0,11.0,5.0,0.7772930648769576,0.5121054817275748
20.0,0.0,11.0,8.0,0.7772930648769576,0.5121054817275748
20.0,0.0,11.0,12.0,0.7772930648769576,0.5121054817275748
20.0,0.0,11.0,20.0,0.7772930648769576,0.5121054817275748
20.0,0.0,11.0,32.0,0.7689317673378075,0.5104651162790698
20.0,0.0,11.0,50.0,0.7511535234899329,0.5128322259136213
20.0,0.0,11.0,80.0,0.726663870246085,0.5125
20.0,0.0,11.0,128.0,0.7004823825503357,0.5132059800664452
20.0,0.0,13.0,2.0,0.7683585011185683,0.5118563122923587
20.0,0.0,13.0,3.0,0.7683585011185683,0.5118563122923587
20.0,0.0,13.0,5.0,0.7683585011185683,0.5118563122923587
20.0,0.0,13.0,8.0,0.7683585011185683,0.5118563122923587
20.0,0.0,13.0,12.0,0.7683585011185683,0.5118563122923587
20.0,0.0,13.0,20.0,0.7683585011185683,0.5118563122923587
20.0,0.0,13.0,32.0,0.7652474832214765,0.5114410299003322
20.0,0.0,13.0,50.0,0.7480634787472036,0.5123546511627908
20.0,0.0,13.0,80.0,0.7248182326621924,0.5104443521594685
20.0,0.0,13.0,128.0,0.6976090604026846,0.5135174418604651
20.0,0.0,15.0,2.0,0.7618498322147651,0.5114410299003322
20.0,0.0,15.0,3.0,0.7618498322147651,0.5114410299003322
20.0,0.0,15.0,5.0,0.7618498322147651,0.5114410299003322
20.0,0.0,15.0,8.0,0.7618498322147651,0.5114410299003322
20.0,0.0,15.0,12.0,0.7618498322147651,0.5114410299003322
20.0,0.0,15.0,20.0,0.7618498322147651,0.5114410299003322
20.0,0.0,15.0,32.0,0.7606543624161073,0.5117732558139535
20.0,0.0,15.0,50.0,0.7451761744966443,0.5097176079734219
20.0,0.0,15.0,80.0,0.7220078299776287,0.5120431893687708
20.0,0.0,15.0,128.0,0.6960360738255034,0.5148048172757476
20.0,0.0,17.0,2.0,0.754334451901566,0.5123546511627908
20.0,0.0,17.0,3.0,0.754334451901566,0.5123546511627908
20.0,0.0,17.0,5.0,0.754334451901566,0.5123546511627908
20.0,0.0,17.0,8.0,0.754334451901566,0.5123546511627908
20.0,0.0,17.0,12.0,0.754334451901566,0.5123546511627908
20.0,0.0,17.0,20.0,0.754334451901566,0.5123546511627908
20.0,0.0,17.0,32.0,0.754334451901566,0.5123546511627908
20.0,0.0,17.0,50.0,0.7421909955257271,0.5120431893687708
20.0,0.0,17.0,80.0,0.7188269015659955,0.5125830564784053
20.0,0.0,17.0,128.0,0.6931417785234899,0.5136420265780731
20.0,0.0,20.0,2.0,0.7428551454138702,0.5120431893687708
20.0,0.0,20.0,3.0,0.7428551454138702,0.5120431893687708
20.0,0.0,20.0,5.0,0.7428551454138702,0.5120431893687708
20.0,0.0,20.0,8.0,0.7428551454138702,0.5120431893687708
20.0,0.0,20.0,12.0,0.7428551454138702,0.5120431893687708
20.0,0.0,20.0,20.0,0.7428551454138702,0.5120431893687708
20.0,0.0,20.0,32.0,0.7428551454138702,0.5120431893687708
20.0,0.0,20.0,50.0,0.7375489373601789,0.5113787375415282
20.0,0.0,20.0,80.0,0.7158487136465325,0.5137458471760797
20.0,0.0,20.0,128.0,0.6905341163310962,0.5127491694352159
20.0,0.11111111,1.0,2.0,0.8173378076062641,0.510361295681063
20.0,0.11111111,1.0,3.0,0.8172259507829978,0.5099460132890365
20.0,0.11111111,1.0,5.0,0.8154362416107382,0.5141196013289037
20.0,0.11111111,1.0,8.0,0.8131431767337809,0.5123131229235881
20.0,0.11111111,1.0,12.0,0.8079767897091724,0.5098214285714285
20.0,0.11111111,1.0,20.0,0.7994407158836688,0.5125207641196013
20.0,0.11111111,1.0,32.0,0.7837318232662193,0.5105274086378737
20.0,0.11111111,1.0,50.0,0.7634298098434005,0.5148048172757476
20.0,0.11111111,1.0,80.0,0.7379404362416107,0.5119601328903655
20.0,0.11111111,1.0,128.0,0.7092351789709171,0.5118978405315614
20.0,0.11111111,3.0,2.0,0.8111647091722596,0.5097799003322259
20.0,0.11111111,3.0,3.0,0.8111647091722596,0.5097799003322259
20.0,0.11111111,3.0,5.0,0.8111647091722596,0.5097799003322259
20.0,0.11111111,3.0,8.0,0.8090953579418345,0.5115448504983389
20.0,0.11111111,3.0,12.0,0.8056068232662194,0.5119808970099669
20.0,0.11111111,3.0,20.0,0.7950852908277405,0.5122300664451827
20.0,0.11111111,3.0,32.0,0.7810822147651006,0.512437707641196
20.0,0.11111111,3.0,50.0,0.7604096756152126,0.5132475083056478
20.0,0.11111111,3.0,80.0,0.7357662192393736,0.5112541528239203
20.0,0.11111111,3.0,128.0,0.7085360738255033,0.5133928571428571
20.0,0.11111111,5.0,2.0,0.802621644295302,0.5116071428571429
20.0,0.11111111,5.0,3.0,0.802621644295302,0.5116071428571429
20.0,0.11111111,5.0,5.0,0.802621644295302,0.5116071428571429
20.0,0.11111111,5.0,8.0,0.802621644295302,0.5116071428571429
20.0,0.11111111,5.0,12.0,0.8016988255033557,0.5117524916943521
20.0,0.11111111,5.0,20.0,0.7918973713646532,0.5136835548172758
20.0,0.11111111,5.0,32.0,0.778628355704698,0.5100498338870432
20.0,0.11111111,5.0,50.0,0.7585710290827741,0.5124584717607974
20.0,0.11111111,5.0,80.0,0.7343540268456376,0.5131229235880399
20.0,0.11111111,5.0,128.0,0.7056347874720358,0.5110672757475083
20.0,0.11111111,7.0,2.0,0.7955956375838926,0.5125830564784053
20.0,0.11111111,7.0,3.0,0.7955956375838926,0.5125830564784053
20.0,0.11111111,7.0,5.0,0.7955956375838926,0.5125830564784053
20.0,0.11111111,7.0,8.0,0.7955956375838926,0.5125830564784053
20.0,0.11111111,7.0,12.0,0.7955956375838926,0.5125830564784053
20.0,0.11111111,7.0,20.0,0.788863255033557,0.510984219269103
20.0,0.11111111,7.0,32.0,0.7748671700223714,0.5142441860465117
20.0,0.11111111,7.0,50.0,0.7571308724832215,0.513455149501661
20.0,0.11111111,7.0,80.0,0.7321238814317674,0.5111088039867109
20.0,0.11111111,7.0,128.0,0.704586129753915,0.5133098006644519
20.0,0.11111111,9.0,2.0,0.7848503914988815,0.5111088039867109
20.0,0.11111111,9.0,3.0,0.7848503914988815,0.5111088039867109
20.0,0.11111111,9.0,5.0,0.7848503914988815,0.5111088039867109
20.0,0.11111111,9.0,8.0,0.7848503914988815,0.5111088039867109
20.0,0.11111111,9.0,12.0,0.7848503914988815,0.5111088039867109
20.0,0.11111111,9.0,20.0,0.7846895973154362,0.512250830564784
20.0,0.11111111,9.0,32.0,0.7723713646532439,0.5113579734219269
20.0,0.11111111,9.0,50.0,0.7537961409395973,0.5105689368770764
20.0,0.11111111,9.0,80.0,0.7295581655480985,0.5120639534883721
20.0,0.11111111,9.0,128.0,0.7021742170022371,0.514264950166113
20.0,0.11111111,11.0,2.0,0.7772930648769576,0.5121054817275748
20.0,0.11111111,11.0,3.0,0.7772930648769576,0.5121054817275748
20.0,0.11111111,11.0,5.0,0.7772930648769576,0.5121054817275748
20.0,0.11111111,11.0,8.0,0.7772930648769576,0.5121054817275748
20.0,0.11111111,11.0,12.0,0.7772930648769576,0.5121054817275748
20.0,0.11111111,11.0,20.0,0.7772930648769576,0.5121054817275748
20.0,0.11111111,11.0,32.0,0.7689317673378075,0.5104651162790698
20.0,0.11111111,11.0,50.0,0.7511535234899329,0.5128322259136213
20.0,0.11111111,11.0,80.0,0.726663870246085,0.5125
20.0,0.11111111,11.0,128.0,0.7004823825503357,0.5132059800664452
20.0,0.11111111,13.0,2.0,0.7683585011185683,0.5118563122923587
20.0,0.11111111,13.0,3.0,0.7683585011185683,0.5118563122923587
20.0,0.11111111,13.0,5.0,0.7683585011185683,0.5118563122923587
20.0,0.11111111,13.0,8.0,0.7683585011185683,0.5118563122923587
20.0,0.11111111,13.0,12.0,0.7683585011185683,0.5118563122923587
20.0,0.11111111,13.0,20.0,0.7683585011185683,0.5118563122923587
20.0,0.11111111,13.0,32.0,0.7652474832214765,0.5114410299003322
20.0,0.11111111,13.0,50.0,0.7480634787472036,0.5123546511627908
20.0,0.11111111,13.0,80.0,0.7248182326621924,0.5104443521594685
20.0,0.11111111,13.0,128.0,0.6976090604026846,0.5135174418604651
20.0,0.11111111,15.0,2.0,0.7618498322147651,0.5114410299003322
20.0,0.11111111,15.0,3.0,0.7618498322147651,0.5114410299003322
20.0,0.11111111,15.0,5.0,0.7618498322147651,0.5114410299003322
20.0,0.11111111,15.0,8.0,0.7618498322147651,0.5114410299003322
20.0,0.11111111,15.0,12.0,0.7618498322147651,0.5114410299003322
20.0,0.11111111,15.0,20.0,0.7618498322147651,0.5114410299003322
20.0,0.11111111,15.0,32.0,0.7606543624161073,0.5117732558139535
20.0,0.11111111,15.0,50.0,0.7451761744966443,0.5097176079734219
20.0,0.11111111,15.0,80.0,0.7220078299776287,0.5120431893687708
20.0,0.11111111,15.0,128.0,0.6960360738255034,0.5148048172757476
20.0,0.11111111,17.0,2.0,0.754334451901566,0.5123546511627908
20.0,0.11111111,17.0,3.0,0.754334451901566,0.5123546511627908
20.0,0.11111111,17.0,5.0,0.754334451901566,0.5123546511627908
20.0,0.11111111,17.0,8.0,0.754334451901566,0.5123546511627908
20.0,0.11111111,17.0,12.0,0.754334451901566,0.5123546511627908
20.0,0.11111111,17.0,20.0,0.754334451901566,0.5123546511627908
20.0,0.11111111,17.0,32.0,0.754334451901566,0.5123546511627908
20.0,0.11111111,17.0,50.0,0.7421909955257271,0.5120431893687708
20.0,0.11111111,17.0,80.0,0.7188269015659955,0.5125830564784053
20.0,0.11111111,17.0,128.0,0.6931417785234899,0.5136420265780731
20.0,0.11111111,20.0,2.0,0.7428551454138702,0.5120431893687708
20.0,0.11111111,20.0,3.0,0.7428551454138702,0.5120431893687708
20.0,0.11111111,20.0,5.0,0.7428551454138702,0.5120431893687708
20.0,0.11111111,20.0,8.0,0.7428551454138702,0.5120431893687708
20.0,0.11111111,20.0,12.0,0.7428551454138702,0.5120431893687708
20.0,0.11111111,20.0,20.0,0.7428551454138702,0.5120431893687708
20.0,0.11111111,20.0,32.0,0.7428551454138702,0.5120431893687708
20.0,0.11111111,20.0,50.0,0.7375489373601789,0.5113787375415282
20.0,0.11111111,20.0,80.0,0.7158487136465325,0.5137458471760797
20.0,0.11111111,20.0,128.0,0.6905341163310962,0.5127491694352159
20.0,0.22222222,1.0,2.0,0.8198475950782997,0.5127076411960132
20.0,0.22222222,1.0,3.0,0.8191345078299775,0.5104858803986712
20.0,0.22222222,1.0,5.0,0.8182815995525727,0.5125830564784053
20.0,0.22222222,1.0,8.0,0.8168903803131992,0.5116279069767442
20.0,0.22222222,1.0,12.0,0.8142058165548098,0.5118147840531562
20.0,0.22222222,1.0,20.0,0.8078020134228188,0.5111295681063123
20.0,0.22222222,1.0,32.0,0.7966233221476511,0.5116694352159469
20.0,0.22222222,1.0,50.0,0.7769784675615212,0.5116901993355482
20.0,0.22222222,1.0,80.0,0.7503914988814318,0.5115656146179403
20.0,0.22222222,1.0,128.0,0.7216862416107382,0.5118563122923587
20.0,0.22222222,3.0,2.0,0.8160724272930648,0.5118147840531562
20.0,0.22222222,3.0,3.0,0.8160724272930648,0.5118147840531562
20.0,0.22222222,3.0,5.0,0.8160724272930648,0.5118147840531562
20.0,0.22222222,3.0,8.0,0.8145763422818793,0.5128737541528239
20.0,0.22222222,3.0,12.0,0.8119407158836689,0.5124792358803987
20.0,0.22222222,3.0,20.0,0.8045162192393736,0.5118563122923587
20.0,0.22222222,3.0,32.0,0.7922329418344519,0.509468438538206
20.0,0.22222222,3.0,50.0,0.7747413310961969,0.5104235880398671
20.0,0.22222222,3.0,80.0,0.7511535234899329,0.5115033222591362
20.0,0.22222222,3.0,128.0,0.7206935123042506,0.5120431893687708
20.0,0.22222222,5.0,2.0,0.8113045302013422,0.5110465116279069
20.0,0.22222222,5.0,3.0,0.8113045302013422,0.5110465116279069
20.0,0.22222222,5.0,5.0,0.8113045302013422,0.5110465116279069
20.0,0.22222222,5.0,8.0,0.8113045302013422,0.5110465116279069
20.0,0.22222222,5.0,12.0,0.8096546420581655,0.512562292358804
20.0,0.22222222,5.0,20.0,0.8031319910514542,0.5122923588039867
20.0,0.22222222,5.0,32.0,0.7901775727069351,0.5107142857142858
20.0,0.22222222,5.0,50.0,0.7733011744966444,0.5130813953488372
20.0,0.22222222,5.0,80.0,0.7477139261744966,0.5117732558139535
20.0,0.22222222,5.0,128.0,0.7188408836689038,0.5125207641196013
20.0,0.22222222,7.0,2.0,0.8050894854586129,0.5128945182724253
20.0,0.22222222,7.0,3.0,0.8050894854586129,0.5128945182724253
20.0,0.22222222,7.0,5.0,0.8050894854586129,0.5128945182724253
20.0,0.22222222,7.0,8.0,0.8050894854586129,0.5128945182724253
20.0,0.22222222,7.0,12.0,0.8050894854586129,0.5128945182724253
20.0,0.22222222,7.0,20.0,0.8001817673378075,0.5131436877076412
20.0,0.22222222,7.0,32.0,0.7875838926174497,0.5110049833887043
20.0,0.22222222,7.0,50.0,0.7704418344519015,0.5135589700996678
20.0,0.22222222,7.0,80.0,0.7458403243847875,0.5131021594684386
20.0,0.22222222,7.0,128.0,0.7172678970917226,0.5126038205980066
20.0,0.22222222,9.0,2.0,0.7983640939597316,0.512998338870432
20.0,0.22222222,9.0,3.0,0.7983640939597316,0.512998338870432
20.0,0.22222222,9.0,5.0,0.7983640939597316,0.512998338870432
20.0,0.22222222,9.0,8.0,0.7983640939597316,0.512998338870432
20.0,0.22222222,9.0,12.0,0.7983640939597316,0.512998338870432
20.0,0.22222222,9.0,20.0,0.7974692393736018,0.5116279069767442
20.0,0.22222222,9.0,32.0,0.7856683445190157,0.5122715946843854
20.0,0.22222222,9.0,50.0,0.7681347874720358,0.5118978405315614
20.0,0.22222222,9.0,80.0,0.743701062639821,0.5140988372093023
20.0,0.22222222,9.0,128.0,0.7165408277404921,0.5125207641196013
20.0,0.22222222,11.0,2.0,0.791582774049217,0.5107350498338871
20.0,0.22222222,11.0,3.0,0.791582774049217,0.5107350498338871
20.0,0.22222222,11.0,5.0,0.791582774049217,0.5107350498338871
20.0,0.22222222,11.0,8.0,0.791582774049217,0.5107350498338871
20.0,0.22222222,11.0,12.0,0.791582774049217,0.5107350498338871
20.0,0.22222222,11.0,20.0,0.791582774049217,0.5107350498338871
20.0,0.22222222,11.0,32.0,0.7825153803131991,0.5128945182724253
20.0,0.22222222,11.0,50.0,0.7650657158836689,0.5114410299003322
20.0,0.22222222,11.0,80.0,0.7419672818791947,0.5124169435215947
20.0,0.22222222,11.0,128.0,0.7144225391498882,0.5129152823920266
20.0,0.22222222,13.0,2.0,0.7852908277404922,0.5114410299003322
20.0,0.22222222,13.0,3.0,0.7852908277404922,0.5114410299003322
20.0,0.22222222,13.0,5.0,0.7852908277404922,0.5114410299003322
20.0,0.22222222,13.0,8.0,0.7852908277404922,0.5114410299003322
20.0,0.22222222,13.0,12.0,0.7852908277404922,0.5114410299003322
20.0,0.22222222,13.0,20.0,0.7852908277404922,0.5114410299003322
20.0,0.22222222,13.0,32.0,0.7795092281879195,0.5121054817275748
20.0,0.22222222,13.0,50.0,0.7631501677852348,0.5112333887043189
20.0,0.22222222,13.0,80.0,0.7398489932885906,0.5128945182724253
20.0,0.22222222,13.0,128.0,0.7120315995525728,0.5121885382059801
20.0,0.22222222,15.0,2.0,0.7772091722595078,0.5121677740863787
20.0,0.22222222,15.0,3.0,0.7772091722595078,0.5121677740863787
20.0,0.22222222,15.0,5.0,0.7772091722595078,0.5121677740863787
20.0,0.22222222,15.0,8.0,0.7772091722595078,0.5121677740863787
20.0,0.22222222,15.0,12.0,0.7772091722595078,0.5121677740863787
20.0,0.22222222,15.0,20.0,0.7772091722595078,0.5121677740863787
20.0,0.22222222,15.0,32.0,0.7762863534675615,0.5117524916943521
20.0,0.22222222,15.0,50.0,0.7606893176733781,0.5120431893687708
20.0,0.22222222,15.0,80.0,0.7388422818791947,0.5112749169435216
20.0,0.22222222,15.0,128.0,0.7095987136465325,0.5091362126245847
20.0,0.22222222,17.0,2.0,0.7710989932885906,0.5140988372093023
20.0,0.22222222,17.0,3.0,0.7710989932885906,0.5140988372093023
20.0,0.22222222,17.0,5.0,0.7710989932885906,0.5140988372093023
20.0,0.22222222,17.0,8.0,0.7710989932885906,0.5140988372093023
20.0,0.22222222,17.0,12.0,0.7710989932885906,0.5140988372093023
20.0,0.22222222,17.0,20.0,0.7710989932885906,0.5140988372093023
20.0,0.22222222,17.0,32.0,0.7710989932885906,0.5140988372093023
20.0,0.22222222,17.0,50.0,0.7583543064876958,0.5113579734219269
20.0,0.22222222,17.0,80.0,0.7345637583892617,0.5126868770764119
20.0,0.22222222,17.0,128.0,0.7097874720357942,0.5133513289036544
20.0,0.22222222,20.0,2.0,0.760130033557047,0.5137873754152824
20.0,0.22222222,20.0,3.0,0.760130033557047,0.5137873754152824
20.0,0.22222222,20.0,5.0,0.760130033557047,0.5137873754152824
20.0,0.22222222,20.0,8.0,0.760130033557047,0.5137873754152824
20.0,0.22222222,20.0,12.0,0.760130033557047,0.5137873754152824
20.0,0.22222222,20.0,20.0,0.760130033557047,0.5137873754152824
20.0,0.22222222,20.0,32.0,0.760130033557047,0.5137873754152824
20.0,0.22222222,20.0,50.0,0.7543064876957495,0.512126245847176
20.0,0.22222222,20.0,80.0,0.7329208612975392,0.5119186046511628
20.0,0.22222222,20.0,128.0,0.7053831096196868,0.5129775747508305
20.0,0.33333334,1.0,2.0,0.8206305928411635,0.5131644518272426
20.0,0.33333334,1.0,3.0,0.8202810402684564,0.5117109634551495
20.0,0.33333334,1.0,5.0,0.8185752237136465,0.5098837209302326
20.0,0.33333334,1.0,8.0,0.8187290268456376,0.5114617940199336
20.0,0.33333334,1.0,12.0,0.8162472035794183,0.512437707641196
20.0,0.33333334,1.0,20.0,0.8111717002237135,0.5115448504983389
20.0,0.33333334,1.0,32.0,0.8002656599552573,0.5092400332225914
20.0,0.33333334,1.0,50.0,0.7827880313199105,0.5130606312292358
20.0,0.33333334,1.0,80.0,0.7560053131991051,0.5112126245847175
20.0,0.33333334,1.0,128.0,0.726111577181208,0.5128737541528239
20.0,0.33333334,3.0,2.0,0.8171560402684565,0.5114410299003322
20.0,0.33333334,3.0,3.0,0.8171560402684565,0.5114410299003322
20.0,0.33333334,3.0,5.0,0.8171560402684565,0.5114410299003322
20.0,0.33333334,3.0,8.0,0.815925615212528,0.5101121262458472
20.0,0.33333334,3.0,12.0,0.8146252796420581,0.5116486710963455
20.0,0.33333334,3.0,20.0,0.8084591722595078,0.5117317275747508
20.0,0.33333334,3.0,32.0,0.7969798657718121,0.5108596345514951
20.0,0.33333334,3.0,50.0,0.7794323266219239,0.5120431893687708
20.0,0.33333334,3.0,80.0,0.7550475391498882,0.5109634551495017
20.0,0.33333334,3.0,128.0,0.7255173378076062,0.5124792358803987
20.0,0.33333334,5.0,2.0,0.813604586129754,0.5107765780730897
20.0,0.33333334,5.0,3.0,0.813604586129754,0.5107765780730897
20.0,0.33333334,5.0,5.0,0.813604586129754,0.5107765780730897
20.0,0.33333334,5.0,8.0,0.813604586129754,0.5107765780730897
20.0,0.33333334,5.0,12.0,0.81270274049217,0.5132059800664452
20.0,0.33333334,5.0,20.0,0.8068931767337808,0.510797342192691
20.0,0.33333334,5.0,32.0,0.794057606263982,0.5115033222591363
20.0,0.33333334,5.0,50.0,0.7773909395973154,0.5102574750830564
20.0,0.33333334,5.0,80.0,0.7552362975391499,0.5123338870431894
20.0,0.33333334,5.0,128.0,0.7239024049217002,0.5113995016611297
20.0,0.33333334,7.0,2.0,0.8094728747203579,0.5112749169435216
20.0,0.33333334,7.0,3.0,0.8094728747203579,0.5112749169435216
20.0,0.33333334,7.0,5.0,0.8094728747203579,0.5112749169435216
20.0,0.33333334,7.0,8.0,0.8094728747203579,0.5112749169435216
20.0,0.33333334,7.0,12.0,0.8094728747203579,0.5112749169435216
20.0,0.33333334,7.0,20.0,0.8044463087248322,0.5123338870431894
20.0,0.33333334,7.0,32.0,0.7921560402684563,0.510921926910299
20.0,0.33333334,7.0,50.0,0.7763282997762864,0.5113372093023256
20.0,0.33333334,7.0,80.0,0.7520763422818793,0.5133305647840531
20.0,0.33333334,7.0,128.0,0.723489932885906,0.5118147840531562
20.0,0.33333334,9.0,2.0,0.8032088926174497,0.5121054817275748
20.0,0.33333334,9.0,3.0,0.8032088926174497,0.5121054817275748
20.0,0.33333334,9.0,5.0,0.8032088926174497,0.5121054817275748
20.0,0.33333334,9.0,8.0,0.8032088926174497,0.5121054817275748
20.0,0.33333334,9.0,12.0,0.8032088926174497,0.5121054817275748
20.0,0.33333334,9.0,20.0,0.8016289149888143,0.5112749169435216
20.0,0.33333334,9.0,32.0,0.7904502237136466,0.5114825581395348
20.0,0.33333334,9.0,50.0,0.7736507270693512,0.5124169435215947
20.0,0.33333334,9.0,80.0,0.7505103467561521,0.5117317275747508
20.0,0.33333334,9.0,128.0,0.7219868568232661,0.5125830564784053
20.0,0.33333334,11.0,2.0,0.7964065995525728,0.5119393687707641
20.0,0.33333334,11.0,3.0,0.7964065995525728,0.5119393687707641
20.0,0.33333334,11.0,5.0,0.7964065995525728,0.5119393687707641
20.0,0.33333334,11.0,8.0,0.7964065995525728,0.5119393687707641
20.0,0.33333334,11.0,12.0,0.7964065995525728,0.5119393687707641
20.0,0.33333334,11.0,20.0,0.7964065995525728,0.5119393687707641
20.0,0.33333334,11.0,32.0,0.7874650447427293,0.5123961794019933
20.0,0.33333334,11.0,50.0,0.7720777404921699,0.5106519933554817
20.0,0.33333334,11.0,80.0,0.7481403803131992,0.5106935215946844
20.0,0.33333334,11.0,128.0,0.7199734340044743,0.5134136212624585
20.0,0.33333334,13.0,2.0,0.7907508389261745,0.511233388704319
20.0,0.33333334,13.0,3.0,0.7907508389261745,0.511233388704319
20.0,0.33333334,13.0,5.0,0.7907508389261745,0.511233388704319
20.0,0.33333334,13.0,8.0,0.7907508389261745,0.511233388704319
20.0,0.33333334,13.0,12.0,0.7907508389261745,0.511233388704319
20.0,0.33333334,13.0,20.0,0.7907508389261745,0.511233388704319
20.0,0.33333334,13.0,32.0,0.7844309284116331,0.5132267441860465
20.0,0.33333334,13.0,50.0,0.7699524608501118,0.5128114617940199
20.0,0.33333334,13.0,80.0,0.7470987136465325,0.5119808970099669
20.0,0.33333334,13.0,128.0,0.718400447427293,0.513891196013289
20.0,0.33333334,15.0,2.0,0.7827530760626399,0.5123131229235881
20.0,0.33333334,15.0,3.0,0.7827530760626399,0.5123131229235881
20.0,0.33333334,15.0,5.0,0.7827530760626399,0.5123131229235881
20.0,0.33333334,15.0,8.0,0.7827530760626399,0.5123131229235881
20.0,0.33333334,15.0,12.0,0.7827530760626399,0.5123131229235881
20.0,0.33333334,15.0,20.0,0.7827530760626399,0.5123131229235881
20.0,0.33333334,15.0,32.0,0.7824175055928412,0.510921926910299
20.0,0.33333334,15.0,50.0,0.7673727628635347,0.5099875415282392
20.0,0.33333334,15.0,80.0,0.7435822147651007,0.5117109634551495
20.0,0.33333334,15.0,128.0,0.7163171140939598,0.5132059800664452
20.0,0.33333334,17.0,2.0,0.7770483780760626,0.5112541528239203
20.0,0.33333334,17.0,3.0,0.7770483780760626,0.5112541528239203
20.0,0.33333334,17.0,5.0,0.7770483780760626,0.5112541528239203
20.0,0.33333334,17.0,8.0,0.7770483780760626,0.5112541528239203
20.0,0.33333334,17.0,12.0,0.7770483780760626,0.5112541528239203
20.0,0.33333334,17.0,20.0,0.7770483780760626,0.5112541528239203
20.0,0.33333334,17.0,32.0,0.7770483780760626,0.5112541528239203
20.0,0.33333334,17.0,50.0,0.7649958053691275,0.5106935215946844
20.0,0.33333334,17.0,80.0,0.7421210850111857,0.512562292358804
20.0,0.33333334,17.0,128.0,0.7155201342281879,0.5122508305647842
20.0,0.33333334,20.0,2.0,0.7690506152125279,0.5115863787375415
20.0,0.33333334,20.0,3.0,0.7690506152125279,0.5115863787375415
20.0,0.33333334,20.0,5.0,0.7690506152125279,0.5115863787375415
20.0,0.33333334,20.0,8.0,0.7690506152125279,0.5115863787375415
20.0,0.33333334,20.0,12.0,0.7690506152125279,0.5115863787375415
20.0,0.33333334,20.0,20.0,0.7690506152125279,0.5115863787375415
20.0,0.33333334,20.0,32.0,0.7690506152125279,0.5115863787375415
20.0,0.33333334,20.0,50.0,0.7615212527964206,0.5107765780730897
20.0,0.33333334,20.0,80.0,0.7399958053691276,0.5127699335548173
20.0,0.33333334,20.0,128.0,0.7126118568232662,0.5121885382059801
20.0,0.44444445,1.0,2.0,0.8211758948545862,0.5118563122923588
20.0,0.44444445,1.0,3.0,0.8197357382550337,0.5099044850498339
20.0,0.44444445,1.0,5.0,0.8201552013422818,0.5082433554817276
20.0,0.44444445,1.0,8.0,0.8188059284116331,0.5111710963455149
20.0,0.44444445,1.0,12.0,0.8169952460850112,0.5100290697674419
20.0,0.44444445,1.0,20.0,0.8124300894854587,0.5114202657807309
20.0,0.44444445,1.0,32.0,0.8026006711409396,0.5096968438538206
20.0,0.44444445,1.0,50.0,0.7858571029082774,0.5099460132890365
20.0,0.44444445,1.0,80.0,0.7594029642058165,0.5119808970099669
20.0,0.44444445,1.0,128.0,0.7286633109619687,0.5120224252491694
20.0,0.44444445,3.0,2.0,0.8184144295302014,0.5132059800664452
20.0,0.44444445,3.0,3.0,0.8184144295302014,0.5132059800664452
20.0,0.44444445,3.0,5.0,0.8184144295302014,0.5132059800664452
20.0,0.44444445,3.0,8.0,0.8170162192393736,0.5114410299003322
20.0,0.44444445,3.0,12.0,0.8143805928411633,0.5107142857142857
20.0,0.44444445,3.0,20.0,0.8105215324384787,0.5118147840531562
20.0,0.44444445,3.0,32.0,0.8002726510067115,0.5101744186046512
20.0,0.44444445,3.0,50.0,0.7829488255033556,0.5101328903654485
20.0,0.44444445,3.0,80.0,0.7594029642058165,0.5098214285714285
20.0,0.44444445,3.0,128.0,0.7291456935123042,0.5102574750830564
20.0,0.44444445,5.0,2.0,0.8144365212527964,0.5102367109634551
20.0,0.44444445,5.0,3.0,0.8144365212527964,0.5102367109634551
20.0,0.44444445,5.0,5.0,0.8144365212527964,0.5102367109634551
20.0,0.44444445,5.0,8.0,0.8144365212527964,0.5102367109634551
20.0,0.44444445,5.0,12.0,0.8142687360178972,0.5110257475083056
20.0,0.44444445,5.0,20.0,0.8082843959731545,0.5118978405315615
20.0,0.44444445,5.0,32.0,0.7969798657718121,0.5122300664451827
20.0,0.44444445,5.0,50.0,0.7808025727069351,0.511233388704319
20.0,0.44444445,5.0,80.0,0.7572357382550335,0.5117109634551495
20.0,0.44444445,5.0,128.0,0.7265729865771812,0.5120016611295681
20.0,0.44444445,7.0,2.0,0.8112835570469799,0.5119186046511628
20.0,0.44444445,7.0,3.0,0.8112835570469799,0.5119186046511628
20.0,0.44444445,7.0,5.0,0.8112835570469799,0.5119186046511628
20.0,0.44444445,7.0,8.0,0.8112835570469799,0.5119186046511628
20.0,0.44444445,7.0,12.0,0.8112835570469799,0.5119186046511628
20.0,0.44444445,7.0,20.0,0.8055299217002236,0.512126245847176
20.0,0.44444445,7.0,32.0,0.7953928970917226,0.5121470099667774
20.0,0.44444445,7.0,50.0,0.7785095078299775,0.5117317275747508
20.0,0.44444445,7.0,80.0,0.7549217002237136,0.5132059800664452
20.0,0.44444445,7.0,128.0,0.7264261744966443,0.5112541528239203
20.0,0.44444445,9.0,2.0,0.8051524049217003,0.5107142857142858
20.0,0.44444445,9.0,3.0,0.8051524049217003,0.5107142857142858
20.0,0.44444445,9.0,5.0,0.8051524049217003,0.5107142857142858
20.0,0.44444445,9.0,8.0,0.8051524049217003,0.5107142857142858
20.0,0.44444445,9.0,12.0,0.8051524049217003,0.5107142857142858
20.0,0.44444445,9.0,20.0,0.8039149888143177,0.5122715946843854
20.0,0.44444445,9.0,32.0,0.7939107941834452,0.513455149501661
20.0,0.44444445,9.0,50.0,0.7771742170022371,0.510672757475083
20.0,0.44444445,9.0,80.0,0.7525796979865772,0.5120224252491694
20.0,0.44444445,9.0,128.0,0.7251887583892618,0.5119186046511628
20.0,0.44444445,11.0,2.0,0.8002446868008949,0.5122093023255814
20.0,0.44444445,11.0,3.0,0.8002446868008949,0.5122093023255814
20.0,0.44444445,11.0,5.0,0.8002446868008949,0.5122093023255814
20.0,0.44444445,11.0,8.0,0.8002446868008949,0.5122093023255814
20.0,0.44444445,11.0,12.0,0.8002446868008949,0.5122093023255814
20.0,0.44444445,11.0,20.0,0.8002446868008949,0.5122093023255814
20.0,0.44444445,11.0,32.0,0.7916177293064877,0.5106312292358803
20.0,0.44444445,11.0,50.0,0.7742379753914989,0.5119808970099669
20.0,0.44444445,11.0,80.0,0.7509997203579418,0.5126453488372092
20.0,0.44444445,11.0,128.0,0.7236996644295302,0.5125207641196013
20.0,0.44444445,13.0,2.0,0.7930369127516779,0.5114617940199335
20.0,0.44444445,13.0,3.0,0.7930369127516779,0.5114617940199335
20.0,0.44444445,13.0,5.0,0.7930369127516779,0.5114617940199335
20.0,0.44444445,13.0,8.0,0.7930369127516779,0.5114617940199335
20.0,0.44444445,13.0,12.0,0.7930369127516779,0.5114617940199335
20.0,0.44444445,13.0,20.0,0.7930369127516779,0.5114617940199335
20.0,0.44444445,13.0,32.0,0.7891428970917226,0.5128114617940199
20.0,0.44444445,13.0,50.0,0.7727418903803132,0.5130398671096346
20.0,0.44444445,13.0,80.0,0.7495385906040268,0.5115656146179403
20.0,0.44444445,13.0,128.0,0.7220707494407159,0.5107142857142858
20.0,0.44444445,15.0,2.0,0.7878914988814317,0.5127699335548173
20.0,0.44444445,15.0,3.0,0.7878914988814317,0.5127699335548173
20.0,0.44444445,15.0,5.0,0.7878914988814317,0.5127699335548173
20.0,0.44444445,15.0,8.0,0.7878914988814317,0.5127699335548173
20.0,0.44444445,15.0,12.0,0.7878914988814317,0.5127699335548173
20.0,0.44444445,15.0,20.0,0.7878914988814317,0.5127699335548173
20.0,0.44444445,15.0,32.0,0.7845637583892617,0.5113787375415282
20.0,0.44444445,15.0,50.0,0.7703020134228188,0.5109634551495017
20.0,0.44444445,15.0,80.0,0.7477978187919463,0.5125830564784053
20.0,0.44444445,15.0,128.0,0.720211129753915,0.5117524916943521
20.0,0.44444445,17.0,2.0,0.7815086689038031,0.5134966777408637
20.0,0.44444445,17.0,3.0,0.7815086689038031,0.5134966777408637
20.0,0.44444445,17.0,5.0,0.7815086689038031,0.5134966777408637
20.0,0.44444445,17.0,8.0,0.7815086689038031,0.5134966777408637
20.0,0.44444445,17.0,12.0,0.7815086689038031,0.5134966777408637
20.0,0.44444445,17.0,20.0,0.7815086689038031,0.5134966777408637
20.0,0.44444445,17.0,32.0,0.7815086689038031,0.5134966777408637
20.0,0.44444445,17.0,50.0,0.769302293064877,0.5117940199335548
20.0,0.44444445,17.0,80.0,0.7464835011185682,0.5114202657807309
20.0,0.44444445,17.0,128.0,0.7183165548098434,0.5120639534883721
20.0,0.44444445,20.0,2.0,0.7720288031319911,0.5108596345514951
20.0,0.44444445,20.0,3.0,0.7720288031319911,0.5108596345514951
20.0,0.44444445,20.0,5.0,0.7720288031319911,0.5108596345514951
20.0,0.44444445,20.0,8.0,0.7720288031319911,0.5108596345514951
20.0,0.44444445,20.0,12.0,0.7720288031319911,0.5108596345514951
20.0,0.44444445,20.0,20.0,0.7720288031319911,0.5108596345514951
20.0,0.44444445,20.0,32.0,0.7720288031319911,0.5108596345514951
20.0,0.44444445,20.0,50.0,0.7655131431767337,0.5115448504983389
20.0,0.44444445,20.0,80.0,0.7429040827740492,0.5107558139534885
20.0,0.44444445,20.0,128.0,0.7163031319910514,0.5104858803986712
20.0,0.5555556,1.0,2.0,0.8213646532438478,0.5115863787375415
20.0,0.5555556,1.0,3.0,0.8213786353467561,0.5100290697674419
20.0,0.5555556,1.0,5.0,0.8202041387024608,0.5128737541528239
20.0,0.5555556,1.0,8.0,0.8194421140939598,0.5115863787375415
20.0,0.5555556,1.0,12.0,0.8170162192393736,0.5142441860465117
20.0,0.5555556,1.0,20.0,0.8141918344519017,0.5113579734219269
20.0,0.5555556,1.0,32.0,0.8048587807606264,0.5115240863787376
20.0,0.5555556,1.0,50.0,0.7885906040268457,0.5101121262458472
20.0,0.5555556,1.0,80.0,0.7624300894854587,0.5123338870431894
20.0,0.5555556,1.0,128.0,0.7310822147651007,0.511295681063123
20.0,0.5555556,3.0,2.0,0.8179949664429531,0.5110672757475083
20.0,0.5555556,3.0,3.0,0.8179949664429531,0.5110672757475083
20.0,0.5555556,3.0,5.0,0.8179949664429531,0.5110672757475083
20.0,0.5555556,3.0,8.0,0.8177572706935123,0.5112749169435216
20.0,0.5555556,3.0,12.0,0.8163380872483221,0.5101744186046512
20.0,0.5555556,3.0,20.0,0.8107662192393736,0.5087624584717607
20.0,0.5555556,3.0,32.0,0.8014960850111856,0.5131644518272426
20.0,0.5555556,3.0,50.0,0.7858291387024608,0.5115863787375415
20.0,0.5555556,3.0,80.0,0.7603187919463087,0.5102990033222591
20.0,0.5555556,3.0,128.0,0.729082774049217,0.5116071428571429
20.0,0.5555556,5.0,2.0,0.8159116331096197,0.5124792358803987
20.0,0.5555556,5.0,3.0,0.8159116331096197,0.5124792358803987
20.0,0.5555556,5.0,5.0,0.8159116331096197,0.5124792358803987
20.0,0.5555556,5.0,8.0,0.8159116331096197,0.5124792358803987
20.0,0.5555556,5.0,12.0,0.8139401565995525,0.5113787375415282
20.0,0.5555556,5.0,20.0,0.8103397651006711,0.5118147840531562
20.0,0.5555556,5.0,32.0,0.7984899328859061,0.5112126245847176
20.0,0.5555556,5.0,50.0,0.7832074944071589,0.5109426910299003
20.0,0.5555556,5.0,80.0,0.7588506711409396,0.5116279069767442
20.0,0.5555556,5.0,128.0,0.7289988814317674,0.5111918604651162
20.0,0.5555556,7.0,2.0,0.8119127516778523,0.5110880398671096
20.0,0.5555556,7.0,3.0,0.8119127516778523,0.5110880398671096
20.0,0.5555556,7.0,5.0,0.8119127516778523,0.5110880398671096
20.0,0.5555556,7.0,8.0,0.8119127516778523,0.5110880398671096
20.0,0.5555556,7.0,12.0,0.8119127516778523,0.5110880398671096
20.0,0.5555556,7.0,20.0,0.8077530760626399,0.5115240863787376
20.0,0.5555556,7.0,32.0,0.7977069351230426,0.5104235880398671
20.0,0.5555556,7.0,50.0,0.7811171700223714,0.5115656146179403
20.0,0.5555556,7.0,80.0,0.7564038031319911,0.5117732558139535
20.0,0.5555556,7.0,128.0,0.7285444630872483,0.5109634551495017
20.0,0.5555556,9.0,2.0,0.8075433445190157,0.5110257475083056
20.0,0.5555556,9.0,3.0,0.8075433445190157,0.5110257475083056
20.0,0.5555556,9.0,5.0,0.8075433445190157,0.5110257475083056
20.0,0.5555556,9.0,8.0,0.8075433445190157,0.5110257475083056
20.0,0.5555556,9.0,12.0,0.8075433445190157,0.5110257475083056
20.0,0.5555556,9.0,20.0,0.8055648769574943,0.5127699335548173
20.0,0.5555556,9.0,32.0,0.7948615771812081,0.5101744186046512
20.0,0.5555556,9.0,50.0,0.7789988814317673,0.5115240863787376
20.0,0.5555556,9.0,80.0,0.7551663870246086,0.5102367109634551
20.0,0.5555556,9.0,128.0,0.7266289149888143,0.5114617940199336
20.0,0.5555556,11.0,2.0,0.801915548098434,0.5095514950166112
20.0,0.5555556,11.0,3.0,0.801915548098434,0.5095514950166112
20.0,0.5555556,11.0,5.0,0.801915548098434,0.5095514950166112
20.0,0.5555556,11.0,8.0,0.801915548098434,0.5095514950166112
20.0,0.5555556,11.0,12.0,0.801915548098434,0.5095514950166112
20.0,0.5555556,11.0,20.0,0.801915548098434,0.5095514950166112
20.0,0.5555556,11.0,32.0,0.792890100671141,0.5128737541528239
20.0,0.5555556,11.0,50.0,0.7763213087248323,0.5102782392026578
20.0,0.5555556,11.0,80.0,0.7532019015659955,0.5125830564784053
20.0,0.5555556,11.0,128.0,0.7253984899328859,0.5131436877076412
20.0,0.5555556,13.0,2.0,0.7962318232662192,0.5109634551495017
20.0,0.5555556,13.0,3.0,0.7962318232662192,0.5109634551495017
20.0,0.5555556,13.0,5.0,0.7962318232662192,0.5109634551495017
20.0,0.5555556,13.0,8.0,0.7962318232662192,0.5109634551495017
20.0,0.5555556,13.0,12.0,0.7962318232662192,0.5109634551495017
20.0,0.5555556,13.0,20.0,0.7962318232662192,0.5109634551495017
20.0,0.5555556,13.0,32.0,0.7908557046979866,0.5110465116279069
20.0,0.5555556,13.0,50.0,0.7752796420581656,0.5112541528239203
20.0,0.5555556,13.0,80.0,0.7529432326621924,0.5102990033222591
20.0,0.5555556,13.0,128.0,0.7240212527964205,0.5112126245847176
20.0,0.5555556,15.0,2.0,0.7901146532438479,0.5091777408637874
20.0,0.5555556,15.0,3.0,0.7901146532438479,0.5091777408637874
20.0,0.5555556,15.0,5.0,0.7901146532438479,0.5091777408637874
20.0,0.5555556,15.0,8.0,0.7901146532438479,0.5091777408637874
20.0,0.5555556,15.0,12.0,0.7901146532438479,0.5091777408637874
20.0,0.5555556,15.0,20.0,0.7901146532438479,0.5091777408637874
20.0,0.5555556,15.0,32.0,0.7882410514541387,0.5107142857142857
20.0,0.5555556,15.0,50.0,0.7740352348993289,0.5134343853820598
20.0,0.5555556,15.0,80.0,0.7501258389261745,0.5123961794019933
20.0,0.5555556,15.0,128.0,0.7223503914988815,0.5118770764119601
20.0,0.5555556,17.0,2.0,0.784123322147651,0.5103405315614618
20.0,0.5555556,17.0,3.0,0.784123322147651,0.5103405315614618
20.0,0.5555556,17.0,5.0,0.784123322147651,0.5103405315614618
20.0,0.5555556,17.0,8.0,0.784123322147651,0.5103405315614618
20.0,0.5555556,17.0,12.0,0.784123322147651,0.5103405315614618
20.0,0.5555556,17.0,20.0,0.784123322147651,0.5103405315614618
20.0,0.5555556,17.0,32.0,0.784123322147651,0.5103405315614618
20.0,0.5555556,17.0,50.0,0.7722874720357942,0.5133513289036544
20.0,0.5555556,17.0,80.0,0.7484479865771811,0.5119601328903655
20.0,0.5555556,17.0,128.0,0.722630033557047,0.512624584717608
20.0,0.5555556,20.0,2.0,0.7752936241610738,0.5105274086378737
20.0,0.5555556,20.0,3.0,0.7752936241610738,0.5105274086378737
20.0,0.5555556,20.0,5.0,0.7752936241610738,0.5105274086378737
20.0,0.5555556,20.0,8.0,0.7752936241610738,0.5105274086378737
20.0,0.5555556,20.0,12.0,0.7752936241610738,0.5105274086378737
20.0,0.5555556,20.0,20.0,0.7752936241610738,0.5105274086378737
20.0,0.5555556,20.0,32.0,0.7752936241610738,0.5105274086378737
20.0,0.5555556,20.0,50.0,0.7684563758389261,0.5122715946843854
20.0,0.5555556,20.0,80.0,0.7462667785234899,0.5105066445182724
20.0,0.5555556,20.0,128.0,0.7194700782997763,0.512437707641196
20.0,0.6666667,1.0,2.0,0.8212877516778523,0.5118563122923587
20.0,0.6666667,1.0,3.0,0.8206585570469798,0.5113164451827242
20.0,0.6666667,1.0,5.0,0.8203998881431767,0.5101536544850498
20.0,0.6666667,1.0,8.0,0.8198196308724832,0.5127906976744186
20.0,0.6666667,1.0,12.0,0.8187220357941835,0.5100290697674419
20.0,0.6666667,1.0,20.0,0.8149468680089486,0.5113372093023256
20.0,0.6666667,1.0,32.0,0.8081515659955258,0.5099460132890365
20.0,0.6666667,1.0,50.0,0.7928341722595078,0.5115240863787376
20.0,0.6666667,1.0,80.0,0.7664499440715884,0.5097176079734219
20.0,0.6666667,1.0,128.0,0.7338436800894854,0.5118770764119601
20.0,0.6666667,3.0,2.0,0.8197916666666666,0.5099252491694352
20.0,0.6666667,3.0,3.0,0.8197916666666666,0.5099252491694352
20.0,0.6666667,3.0,5.0,0.8197916666666666,0.5099252491694352
20.0,0.6666667,3.0,8.0,0.8185682326621924,0.5105066445182724
20.0,0.6666667,3.0,12.0,0.8176174496644295,0.5096760797342192
20.0,0.6666667,3.0,20.0,0.8122902684563759,0.5108803986710964
20.0,0.6666667,3.0,32.0,0.8039918903803132,0.5087209302325582
20.0,0.6666667,3.0,50.0,0.7893666107382551,0.509343853820598
20.0,0.6666667,3.0,80.0,0.7636744966442952,0.5119808970099669
20.0,0.6666667,3.0,128.0,0.7339904921700223,0.5118770764119601
20.0,0.6666667,5.0,2.0,0.816785514541387,0.5099252491694353
20.0,0.6666667,5.0,3.0,0.816785514541387,0.5099252491694353
20.0,0.6666667,5.0,5.0,0.816785514541387,0.5099252491694353
20.0,0.6666667,5.0,8.0,0.816785514541387,0.5099252491694353
20.0,0.6666667,5.0,12.0,0.8155900447427292,0.5087416943521594
20.0,0.6666667,5.0,20.0,0.8108501118568233,0.5082225913621262
20.0,0.6666667,5.0,32.0,0.8017897091722596,0.5110465116279069
20.0,0.6666667,5.0,50.0,0.7858710850111856,0.5097591362126246
20.0,0.6666667,5.0,80.0,0.7633878635346756,0.511233388704319
20.0,0.6666667,5.0,128.0,0.7327181208053691,0.5101951827242525
20.0,0.6666667,7.0,2.0,0.8126747762863534,0.5130398671096346
20.0,0.6666667,7.0,3.0,0.8126747762863534,0.5130398671096346
20.0,0.6666667,7.0,5.0,0.8126747762863534,0.5130398671096346
20.0,0.6666667,7.0,8.0,0.8126747762863534,0.5130398671096346
20.0,0.6666667,7.0,12.0,0.8126747762863534,0.5130398671096346
20.0,0.6666667,7.0,20.0,0.8094868568232663,0.5088870431893688
20.0,0.6666667,7.0,32.0,0.7989723154362416,0.5118147840531562
20.0,0.6666667,7.0,50.0,0.7850461409395973,0.5097176079734219
20.0,0.6666667,7.0,80.0,0.7607242729306488,0.5101328903654485
20.0,0.6666667,7.0,128.0,0.7316135346756152,0.5113372093023256
20.0,0.6666667,9.0,2.0,0.8089415548098433,0.5096760797342192
20.0,0.6666667,9.0,3.0,0.8089415548098433,0.5096760797342192
20.0,0.6666667,9.0,5.0,0.8089415548098433,0.5096760797342192
20.0,0.6666667,9.0,8.0,0.8089415548098433,0.5096760797342192
20.0,0.6666667,9.0,12.0,0.8089415548098433,0.5096760797342192
20.0,0.6666667,9.0,20.0,0.8074524608501118,0.5102782392026578
20.0,0.6666667,9.0,32.0,0.7978677293064876,0.510361295681063
20.0,0.6666667,9.0,50.0,0.7826202460850112,0.5114202657807309
20.0,0.6666667,9.0,80.0,0.7590604026845638,0.5124792358803987
20.0,0.6666667,9.0,128.0,0.7294742729306487,0.5100705980066446
20.0,0.6666667,11.0,2.0,0.8046071029082775,0.5083887043189369
20.0,0.6666667,11.0,3.0,0.8046071029082775,0.5083887043189369
20.0,0.6666667,11.0,5.0,0.8046071029082775,0.5083887043189369
20.0,0.6666667,11.0,8.0,0.8046071029082775,0.5083887043189369
20.0,0.6666667,11.0,12.0,0.8046071029082775,0.5083887043189369
20.0,0.6666667,11.0,20.0,0.8046071029082775,0.5083887043189369
20.0,0.6666667,11.0,32.0,0.7966373042505592,0.5101328903654485
20.0,0.6666667,11.0,50.0,0.7815086689038031,0.5124584717607974
20.0,0.6666667,11.0,80.0,0.7573825503355704,0.5097799003322259
20.0,0.6666667,11.0,128.0,0.7279781879194631,0.5113995016611296
20.0,0.6666667,13.0,2.0,0.7996504474272931,0.5102782392026578
20.0,0.6666667,13.0,3.0,0.7996504474272931,0.5102782392026578
20.0,0.6666667,13.0,5.0,0.7996504474272931,0.5102782392026578
20.0,0.6666667,13.0,8.0,0.7996504474272931,0.5102782392026578
20.0,0.6666667,13.0,12.0,0.7996504474272931,0.5102782392026578
20.0,0.6666667,13.0,20.0,0.7996504474272931,0.5102782392026578
20.0,0.6666667,13.0,32.0,0.7944281319910514,0.5117317275747508
20.0,0.6666667,13.0,50.0,0.7786073825503357,0.5105066445182724
20.0,0.6666667,13.0,80.0,0.7560752237136465,0.5115240863787375
20.0,0.6666667,13.0,128.0,0.7271812080536912,0.5098421926910299
20.0,0.6666667,15.0,2.0,0.793596196868009,0.5101951827242525
20.0,0.6666667,15.0,3.0,0.793596196868009,0.5101951827242525
20.0,0.6666667,15.0,5.0,0.793596196868009,0.5101951827242525
20.0,0.6666667,15.0,8.0,0.793596196868009,0.5101951827242525
20.0,0.6666667,15.0,12.0,0.793596196868009,0.5101951827242525
20.0,0.6666667,15.0,20.0,0.793596196868009,0.5101951827242525
20.0,0.6666667,15.0,32.0,0.7922329418344519,0.5121885382059801
20.0,0.6666667,15.0,50.0,0.7774049217002237,0.5110672757475083
20.0,0.6666667,15.0,80.0,0.7546979865771812,0.5118770764119601
20.0,0.6666667,15.0,128.0,0.7270553691275168,0.5120224252491694
20.0,0.6666667,17.0,2.0,0.7885766219239374,0.5109011627906976
20.0,0.6666667,17.0,3.0,0.7885766219239374,0.5109011627906976
20.0,0.6666667,17.0,5.0,0.7885766219239374,0.5109011627906976
20.0,0.6666667,17.0,8.0,0.7885766219239374,0.5109011627906976
20.0,0.6666667,17.0,12.0,0.7885766219239374,0.5109011627906976
20.0,0.6666667,17.0,20.0,0.7885766219239374,0.5109011627906976
20.0,0.6666667,17.0,32.0,0.7885766219239374,0.5109011627906976
20.0,0.6666667,17.0,50.0,0.7743008948545861,0.5102782392026578
20.0,0.6666667,17.0,80.0,0.7528523489932886,0.5099460132890365
20.0,0.6666667,17.0,128.0,0.72418903803132,0.5123961794019933
20.0,0.6666667,20.0,2.0,0.7797958612975391,0.511233388704319
20.0,0.6666667,20.0,3.0,0.7797958612975391,0.511233388704319
20.0,0.6666667,20.0,5.0,0.7797958612975391,0.511233388704319
20.0,0.6666667,20.0,8.0,0.7797958612975391,0.511233388704319
20.0,0.6666667,20.0,12.0,0.7797958612975391,0.511233388704319
20.0,0.6666667,20.0,20.0,0.7797958612975391,0.511233388704319
20.0,0.6666667,20.0,32.0,0.7797958612975391,0.511233388704319
20.0,0.6666667,20.0,50.0,0.7724482662192393,0.510921926910299
20.0,0.6666667,20.0,80.0,0.7512723713646532,0.510672757475083
20.0,0.6666667,20.0,128.0,0.7229376398210291,0.5119393687707641
20.0,0.7777778,1.0,2.0,0.8204488255033556,0.5094892026578073
20.0,0.7777778,1.0,3.0,0.8208962527964205,0.5109634551495017
20.0,0.7777778,1.0,5.0,0.8203509507829978,0.510984219269103
20.0,0.7777778,1.0,8.0,0.8191764541387025,0.5104235880398671
20.0,0.7777778,1.0,12.0,0.8194281319910515,0.5087624584717607
20.0,0.7777778,1.0,20.0,0.8161423378076063,0.510361295681063
20.0,0.7777778,1.0,32.0,0.8094169463087247,0.5108388704318937
20.0,0.7777778,1.0,50.0,0.7949804250559284,0.5098837209302325
20.0,0.7777778,1.0,80.0,0.7699874161073825,0.5103612956810631
20.0,0.7777778,1.0,128.0,0.7362625838926175,0.5128945182724253
20.0,0.7777778,3.0,2.0,0.8194141498881432,0.5107142857142858
20.0,0.7777778,3.0,3.0,0.8194141498881432,0.5107142857142858
20.0,0.7777778,3.0,5.0,0.8194141498881432,0.5107142857142858
20.0,0.7777778,3.0,8.0,0.8184354026845637,0.5093853820598007
20.0,0.7777778,3.0,12.0,0.8171979865771812,0.5108596345514951
20.0,0.7777778,3.0,20.0,0.8137933445190157,0.5096968438538206
20.0,0.7777778,3.0,32.0,0.8059284116331096,0.5090116279069767
20.0,0.7777778,3.0,50.0,0.7914779082774049,0.5092607973421928
20.0,0.7777778,3.0,80.0,0.7660654362416107,0.5081187707641196
20.0,0.7777778,3.0,128.0,0.7348713646532439,0.5127906976744186
20.0,0.7777778,5.0,2.0,0.8166526845637584,0.509904485049834
20.0,0.7777778,5.0,3.0,0.8166526845637584,0.509904485049834
20.0,0.7777778,5.0,5.0,0.8166526845637584,0.509904485049834
20.0,0.7777778,5.0,8.0,0.8166526845637584,0.509904485049834
20.0,0.7777778,5.0,12.0,0.8158137583892617,0.5105897009966778
20.0,0.7777778,5.0,20.0,0.8120176174496644,0.5095099667774086
20.0,0.7777778,5.0,32.0,0.8039709172259508,0.5117317275747508
20.0,0.7777778,5.0,50.0,0.7884158277404921,0.5102782392026578
20.0,0.7777778,5.0,80.0,0.7647790827740492,0.512126245847176
20.0,0.7777778,5.0,128.0,0.7351579977628635,0.5099460132890365
20.0,0.7777778,7.0,2.0,0.8145903243847876,0.5093230897009967
20.0,0.7777778,7.0,3.0,0.8145903243847876,0.5093230897009967
20.0,0.7777778,7.0,5.0,0.8145903243847876,0.5093230897009967
20.0,0.7777778,7.0,8.0,0.8145903243847876,0.5093230897009967
20.0,0.7777778,7.0,12.0,0.8145903243847876,0.5093230897009967
20.0,0.7777778,7.0,20.0,0.8100601230425056,0.5095722591362126
20.0,0.7777778,7.0,32.0,0.8007270693512304,0.5117524916943521
20.0,0.7777778,7.0,50.0,0.7865701901565995,0.509281561461794
20.0,0.7777778,7.0,80.0,0.7630383109619687,0.5105274086378737
20.0,0.7777778,7.0,128.0,0.7324874161073825,0.5123131229235881
20.0,0.7777778,9.0,2.0,0.8095078299776286,0.5120639534883721
20.0,0.7777778,9.0,3.0,0.8095078299776286,0.5120639534883721
20.0,0.7777778,9.0,5.0,0.8095078299776286,0.5120639534883721
20.0,0.7777778,9.0,8.0,0.8095078299776286,0.5120639534883721
20.0,0.7777778,9.0,12.0,0.8095078299776286,0.5120639534883721
20.0,0.7777778,9.0,20.0,0.8082774049217003,0.5097591362126246
20.0,0.7777778,9.0,32.0,0.7993568232662193,0.5104651162790698
20.0,0.7777778,9.0,50.0,0.7842072147651007,0.5109634551495017
20.0,0.7777778,9.0,80.0,0.7616191275167785,0.5108181063122924
20.0,0.7777778,9.0,128.0,0.7320749440715884,0.5117317275747508
20.0,0.7777778,11.0,2.0,0.8061940715883669,0.5107350498338871
20.0,0.7777778,11.0,3.0,0.8061940715883669,0.5107350498338871
20.0,0.7777778,11.0,5.0,0.8061940715883669,0.5107350498338871
20.0,0.7777778,11.0,8.0,0.8061940715883669,0.5107350498338871
20.0,0.7777778,11.0,12.0,0.8061940715883669,0.5107350498338871
20.0,0.7777778,11.0,20.0,0.8061940715883669,0.5107350498338871
20.0,0.7777778,11.0,32.0,0.7977139261744967,0.5130191029900333
20.0,0.7777778,11.0,50.0,0.7824524608501118,0.5105274086378737
20.0,0.7777778,11.0,80.0,0.7592002237136465,0.5099667774086379
20.0,0.7777778,11.0,128.0,0.7304390380313199,0.5088662790697674
20.0,0.7777778,13.0,2.0,0.8011255592841163,0.5098421926910299
20.0,0.7777778,13.0,3.0,0.8011255592841163,0.5098421926910299
20.0,0.7777778,13.0,5.0,0.8011255592841163,0.5098421926910299
20.0,0.7777778,13.0,8.0,0.8011255592841163,0.5098421926910299
20.0,0.7777778,13.0,12.0,0.8011255592841163,0.5098421926910299
20.0,0.7777778,13.0,20.0,0.8011255592841163,0.5098421926910299
20.0,0.7777778,13.0,32.0,0.7960710290827742,0.5118978405315614
20.0,0.7777778,13.0,50.0,0.781494686800895,0.5114202657807309
20.0,0.7777778,13.0,80.0,0.7585360738255034,0.5109426910299003
20.0,0.7777778,13.0,128.0,0.7291037472035794,0.5097591362126246
20.0,0.7777778,15.0,2.0,0.7958403243847875,0.5121470099667774
20.0,0.7777778,15.0,3.0,0.7958403243847875,0.5121470099667774
20.0,0.7777778,15.0,5.0,0.7958403243847875,0.5121470099667774
20.0,0.7777778,15.0,8.0,0.7958403243847875,0.5121470099667774
20.0,0.7777778,15.0,12.0,0.7958403243847875,0.5121470099667774
20.0,0.7777778,15.0,20.0,0.7958403243847875,0.5121470099667774
20.0,0.7777778,15.0,32.0,0.7946238814317674,0.5123338870431893
20.0,0.7777778,15.0,50.0,0.7798098434004475,0.5117524916943521
20.0,0.7777778,15.0,80.0,0.7560123042505593,0.5101328903654485
20.0,0.7777778,15.0,128.0,0.727216163310962,0.5110465116279069
20.0,0.7777778,17.0,2.0,0.790778803131991,0.507267441860465
20.0,0.7777778,17.0,3.0,0.790778803131991,0.507267441860465
20.0,0.7777778,17.0,5.0,0.790778803131991,0.507267441860465
20.0,0.7777778,17.0,8.0,0.790778803131991,0.507267441860465
20.0,0.7777778,17.0,12.0,0.790778803131991,0.507267441860465
20.0,0.7777778,17.0,20.0,0.790778803131991,0.507267441860465
20.0,0.7777778,17.0,32.0,0.790778803131991,0.507267441860465
20.0,0.7777778,17.0,50.0,0.7775167785234899,0.5103405315614618
20.0,0.7777778,17.0,80.0,0.7555858501118567,0.5111918604651162
20.0,0.7777778,17.0,128.0,0.7268106823266219,0.5106935215946844
20.0,0.7777778,20.0,2.0,0.7831305928411634,0.5106935215946844
20.0,0.7777778,20.0,3.0,0.7831305928411634,0.5106935215946844
20.0,0.7777778,20.0,5.0,0.7831305928411634,0.5106935215946844
20.0,0.7777778,20.0,8.0,0.7831305928411634,0.5106935215946844
20.0,0.7777778,20.0,12.0,0.7831305928411634,0.5106935215946844
20.0,0.7777778,20.0,20.0,0.7831305928411634,0.5106935215946844
20.0,0.7777778,20.0,32.0,0.7831305928411634,0.5106935215946844
20.0,0.7777778,20.0,50.0,0.7755802572706936,0.5116071428571429
20.0,0.7777778,20.0,80.0,0.7526006711409396,0.5102159468438539
20.0,0.7777778,20.0,128.0,0.7247413310961969,0.5109011627906976
20.0,0.8888889,1.0,2.0,0.8215044742729306,0.512375415282392
20.0,0.8888889,1.0,3.0,0.8202880313199105,0.5109634551495017
20.0,0.8888889,1.0,5.0,0.8206305928411632,0.5113372093023256
20.0,0.8888889,1.0,8.0,0.8200922818791947,0.5101951827242525
20.0,0.8888889,1.0,12.0,0.8196728187919463,0.5098421926910299
20.0,0.8888889,1.0,20.0,0.8161353467561522,0.5084094684385383
20.0,0.8888889,1.0,32.0,0.8103397651006711,0.5093646179401994
20.0,0.8888889,1.0,50.0,0.7973224272930649,0.5083471760797342
20.0,0.8888889,1.0,80.0,0.7705606823266219,0.5092192691029901
20.0,0.8888889,1.0,128.0,0.7391988255033557,0.5117524916943521
20.0,0.8888889,3.0,2.0,0.8193162751677852,0.5109634551495017
20.0,0.8888889,3.0,3.0,0.8193162751677852,0.5109634551495017
20.0,0.8888889,3.0,5.0,0.8193162751677852,0.5109634551495017
20.0,0.8888889,3.0,8.0,0.8186591163310963,0.5108388704318937
20.0,0.8888889,3.0,12.0,0.8182676174496644,0.5099044850498339
20.0,0.8888889,3.0,20.0,0.8130453020134227,0.5074750830564784
20.0,0.8888889,3.0,32.0,0.80625,0.50953073089701
20.0,0.8888889,3.0,50.0,0.7932676174496645,0.509904485049834
20.0,0.8888889,3.0,80.0,0.7683095637583892,0.5096968438538206
20.0,0.8888889,3.0,128.0,0.738052293064877,0.5113372093023256
20.0,0.8888889,5.0,2.0,0.8184284116331095,0.5090739202657807
20.0,0.8888889,5.0,3.0,0.8184284116331095,0.5090739202657807
20.0,0.8888889,5.0,5.0,0.8184284116331095,0.5090739202657807
20.0,0.8888889,5.0,8.0,0.8184284116331095,0.5090739202657807
20.0,0.8888889,5.0,12.0,0.816589765100671,0.5095514950166113
20.0,0.8888889,5.0,20.0,0.8122203579418346,0.5097591362126246
20.0,0.8888889,5.0,32.0,0.8043204697986577,0.5100083056478406
20.0,0.8888889,5.0,50.0,0.7904781879194631,0.509156976744186
20.0,0.8888889,5.0,80.0,0.7661143736017897,0.5095930232558139
20.0,0.8888889,5.0,128.0,0.7366261185682327,0.5108181063122924
20.0,0.8888889,7.0,2.0,0.8149818232662192,0.5114617940199336
20.0,0.8888889,7.0,3.0,0.8149818232662192,0.5114617940199336
20.0,0.8888889,7.0,5.0,0.8149818232662192,0.5114617940199336
20.0,0.8888889,7.0,8.0,0.8149818232662192,0.5114617940199336
20.0,0.8888889,7.0,12.0,0.8149818232662192,0.5114617940199336
20.0,0.8888889,7.0,20.0,0.8110738255033556,0.5114410299003322
20.0,0.8888889,7.0,32.0,0.8031879194630873,0.5110257475083056
20.0,0.8888889,7.0,50.0,0.7876258389261744,0.5091777408637874
20.0,0.8888889,7.0,80.0,0.764415548098434,0.5107350498338871
20.0,0.8888889,7.0,128.0,0.7354586129753915,0.509343853820598
20.0,0.8888889,9.0,2.0,0.81168903803132,0.5093230897009967
20.0,0.8888889,9.0,3.0,0.81168903803132,0.5093230897009967
20.0,0.8888889,9.0,5.0,0.81168903803132,0.5093230897009967
20.0,0.8888889,9.0,8.0,0.81168903803132,0.5093230897009967
20.0,0.8888889,9.0,12.0,0.81168903803132,0.5093230897009967
20.0,0.8888889,9.0,20.0,0.8103048098434005,0.5107350498338871
20.0,0.8888889,9.0,32.0,0.8006222035794183,0.5098214285714285
20.0,0.8888889,9.0,50.0,0.7858151565995526,0.509655315614618
20.0,0.8888889,9.0,80.0,0.7629264541387025,0.5107765780730897
20.0,0.8888889,9.0,128.0,0.7337388143176733,0.5103405315614618
20.0,0.8888889,11.0,2.0,0.8065785794183444,0.510735049833887
20.0,0.8888889,11.0,3.0,0.8065785794183444,0.510735049833887
20.0,0.8888889,11.0,5.0,0.8065785794183444,0.510735049833887
20.0,0.8888889,11.0,8.0,0.8065785794183444,0.510735049833887
20.0,0.8888889,11.0,12.0,0.8065785794183444,0.510735049833887
20.0,0.8888889,11.0,20.0,0.8065785794183444,0.510735049833887
20.0,0.8888889,11.0,32.0,0.7993498322147651,0.510361295681063
20.0,0.8888889,11.0,50.0,0.7842701342281879,0.5088455149501661
20.0,0.8888889,11.0,80.0,0.7608920581655481,0.509904485049834
20.0,0.8888889,11.0,128.0,0.7317603467561521,0.5104858803986712
20.0,0.8888889,13.0,2.0,0.8030620805369126,0.5108596345514951
20.0,0.8888889,13.0,3.0,0.8030620805369126,0.5108596345514951
20.0,0.8888889,13.0,5.0,0.8030620805369126,0.5108596345514951
20.0,0.8888889,13.0,8.0,0.8030620805369126,0.5108596345514951
20.0,0.8888889,13.0,12.0,0.8030620805369126,0.5108596345514951
20.0,0.8888889,13.0,20.0,0.8030620805369126,0.5108596345514951
20.0,0.8888889,13.0,32.0,0.7978956935123043,0.5120431893687708
20.0,0.8888889,13.0,50.0,0.7831865212527964,0.5110880398671096
20.0,0.8888889,13.0,80.0,0.7599972035794182,0.5101536544850498
20.0,0.8888889,13.0,128.0,0.730746644295302,0.5107350498338871
20.0,0.8888889,15.0,2.0,0.7973364093959732,0.510984219269103
20.0,0.8888889,15.0,3.0,0.7973364093959732,0.510984219269103
20.0,0.8888889,15.0,5.0,0.7973364093959732,0.510984219269103
20.0,0.8888889,15.0,8.0,0.7973364093959732,0.510984219269103
20.0,0.8888889,15.0,12.0,0.7973364093959732,0.510984219269103
20.0,0.8888889,15.0,20.0,0.7973364093959732,0.510984219269103
20.0,0.8888889,15.0,32.0,0.7958473154362415,0.5111088039867109
20.0,0.8888889,15.0,50.0,0.781494686800895,0.5106519933554818
20.0,0.8888889,15.0,80.0,0.7589275727069351,0.5111710963455149
20.0,0.8888889,15.0,128.0,0.7293624161073826,0.510984219269103
20.0,0.8888889,17.0,2.0,0.7933864653243848,0.50953073089701
20.0,0.8888889,17.0,3.0,0.7933864653243848,0.50953073089701
20.0,0.8888889,17.0,5.0,0.7933864653243848,0.50953073089701
20.0,0.8888889,17.0,8.0,0.7933864653243848,0.50953073089701
20.0,0.8888889,17.0,12.0,0.7933864653243848,0.50953073089701
20.0,0.8888889,17.0,20.0,0.7933864653243848,0.50953073089701
20.0,0.8888889,17.0,32.0,0.7933864653243848,0.50953073089701
20.0,0.8888889,17.0,50.0,0.7803761185682326,0.5121054817275748
20.0,0.8888889,17.0,80.0,0.757005033557047,0.5113579734219269
20.0,0.8888889,17.0,128.0,0.7274258948545861,0.5117524916943521
20.0,0.8888889,20.0,2.0,0.7851579977628635,0.5120639534883721
20.0,0.8888889,20.0,3.0,0.7851579977628635,0.5120639534883721
20.0,0.8888889,20.0,5.0,0.7851579977628635,0.5120639534883721
20.0,0.8888889,20.0,8.0,0.7851579977628635,0.5120639534883721
20.0,0.8888889,20.0,12.0,0.7851579977628635,0.5120639534883721
20.0,0.8888889,20.0,20.0,0.7851579977628635,0.5120639534883721
20.0,0.8888889,20.0,32.0,0.7851579977628635,0.5120639534883721
20.0,0.8888889,20.0,50.0,0.7774398769574944,0.510361295681063
20.0,0.8888889,20.0,80.0,0.7554040827740491,0.5088662790697673
20.0,0.8888889,20.0,128.0,0.7265030760626399,0.5125
20.0,1.0,1.0,2.0,0.8208333333333332,0.5083264119601328
20.0,1.0,1.0,3.0,0.8205956375838926,0.5098006644518273
20.0,1.0,1.0,5.0,0.8206515659955258,0.5114410299003322
20.0,1.0,1.0,8.0,0.8203299776286354,0.5111918604651163
20.0,1.0,1.0,12.0,0.8193861856823267,0.5096760797342192
20.0,1.0,1.0,20.0,0.8163380872483221,0.5099252491694353
20.0,1.0,1.0,32.0,0.8113394854586129,0.5100705980066446
20.0,1.0,1.0,50.0,0.7984340044742729,0.5100913621262458
20.0,1.0,1.0,80.0,0.7726440156599553,0.5105689368770764
20.0,1.0,1.0,128.0,0.7392757270693513,0.5116279069767442
20.0,1.0,3.0,2.0,0.819211409395973,0.5107558139534885
20.0,1.0,3.0,3.0,0.819211409395973,0.5107558139534885
20.0,1.0,3.0,5.0,0.819211409395973,0.5107558139534885
20.0,1.0,3.0,8.0,0.8194700782997764,0.5102990033222591
20.0,1.0,3.0,12.0,0.8178201901565995,0.5097383720930233
20.0,1.0,3.0,20.0,0.8145553691275168,0.5109634551495017
20.0,1.0,3.0,32.0,0.8079068791946309,0.5093230897009967
20.0,1.0,3.0,50.0,0.795518736017897,0.5099044850498339
20.0,1.0,3.0,80.0,0.7700922818791947,0.5103612956810631
20.0,1.0,3.0,128.0,0.7383319351230424,0.5110465116279069
20.0,1.0,5.0,2.0,0.8177712527964205,0.5101536544850498
20.0,1.0,5.0,3.0,0.8177712527964205,0.5101536544850498
20.0,1.0,5.0,5.0,0.8177712527964205,0.5101536544850498
20.0,1.0,5.0,8.0,0.8177712527964205,0.5101536544850498
20.0,1.0,5.0,12.0,0.8174986017897092,0.5098837209302325
20.0,1.0,5.0,20.0,0.813157158836689,0.5101536544850498
20.0,1.0,5.0,32.0,0.805543903803132,0.510921926910299
20.0,1.0,5.0,50.0,0.7924986017897092,0.5096137873754152
20.0,1.0,5.0,80.0,0.7687849552572706,0.5103197674418605
20.0,1.0,5.0,128.0,0.7379963646532438,0.5120431893687708
20.0,1.0,7.0,2.0,0.815072706935123,0.5093023255813953
20.0,1.0,7.0,3.0,0.815072706935123,0.5093023255813953
20.0,1.0,7.0,5.0,0.815072706935123,0.5093023255813953
20.0,1.0,7.0,8.0,0.815072706935123,0.5093023255813953
20.0,1.0,7.0,12.0,0.815072706935123,0.5093023255813953
20.0,1.0,7.0,20.0,0.8119407158836689,0.5091362126245847
20.0,1.0,7.0,32.0,0.8039079977628635,0.5080980066445183
20.0,1.0,7.0,50.0,0.7902824384787472,0.5094061461794019
20.0,1.0,7.0,80.0,0.7664079977628635,0.509468438538206
20.0,1.0,7.0,128.0,0.7365002796420581,0.5115033222591363
20.0,1.0,9.0,2.0,0.8119896532438478,0.5097799003322259
20.0,1.0,9.0,3.0,0.8119896532438478,0.5097799003322259
20.0,1.0,9.0,5.0,0.8119896532438478,0.5097799003322259
20.0,1.0,9.0,8.0,0.8119896532438478,0.5097799003322259
20.0,1.0,9.0,12.0,0.8119896532438478,0.5097799003322259
20.0,1.0,9.0,20.0,0.8108151565995525,0.5094061461794019
20.0,1.0,9.0,32.0,0.8026006711409396,0.5087624584717608
20.0,1.0,9.0,50.0,0.7881641498881431,0.5090531561461794
20.0,1.0,9.0,80.0,0.7646112975391499,0.5098837209302325
20.0,1.0,9.0,128.0,0.735130033557047,0.5118563122923587
20.0,1.0,11.0,2.0,0.8082284675615213,0.5091362126245847
20.0,1.0,11.0,3.0,0.8082284675615213,0.5091362126245847
20.0,1.0,11.0,5.0,0.8082284675615213,0.5091362126245847
20.0,1.0,11.0,8.0,0.8082284675615213,0.5091362126245847
20.0,1.0,11.0,12.0,0.8082284675615213,0.5091362126245847
20.0,1.0,11.0,20.0,0.8082284675615213,0.5091362126245847
20.0,1.0,11.0,32.0,0.8009577740492171,0.507828073089701
20.0,1.0,11.0,50.0,0.785836129753915,0.5100290697674419
20.0,1.0,11.0,80.0,0.762849552572707,0.5098629568106312
20.0,1.0,11.0,128.0,0.7338436800894854,0.5120224252491694
20.0,1.0,13.0,2.0,0.8041666666666666,0.5083471760797342
20.0,1.0,13.0,3.0,0.8041666666666666,0.5083471760797342
20.0,1.0,13.0,5.0,0.8041666666666666,0.5083471760797342
20.0,1.0,13.0,8.0,0.8041666666666666,0.5083471760797342
20.0,1.0,13.0,12.0,0.8041666666666666,0.5083471760797342
20.0,1.0,13.0,20.0,0.8041666666666666,0.5083471760797342
20.0,1.0,13.0,32.0,0.7999021252796421,0.5088455149501662
20.0,1.0,13.0,50.0,0.7845357941834452,0.5087832225913621
20.0,1.0,13.0,80.0,0.7612835570469798,0.5108181063122924
20.0,1.0,13.0,128.0,0.732857941834452,0.5125415282392026
20.0,1.0,15.0,2.0,0.7997692953020133,0.5093230897009967
20.0,1.0,15.0,3.0,0.7997692953020133,0.5093230897009967
20.0,1.0,15.0,5.0,0.7997692953020133,0.5093230897009967
20.0,1.0,15.0,8.0,0.7997692953020133,0.5093230897009967
20.0,1.0,15.0,12.0,0.7997692953020133,0.5093230897009967
20.0,1.0,15.0,20.0,0.7997692953020133,0.5093230897009967
20.0,1.0,15.0,32.0,0.7982102908277404,0.5085755813953489
20.0,1.0,15.0,50.0,0.783417225950783,0.5092607973421928
20.0,1.0,15.0,80.0,0.7602558724832215,0.5094476744186046
20.0,1.0,15.0,128.0,0.7314457494407158,0.5110049833887043
20.0,1.0,17.0,2.0,0.7947427293064877,0.509468438538206
20.0,1.0,17.0,3.0,0.7947427293064877,0.509468438538206
20.0,1.0,17.0,5.0,0.7947427293064877,0.509468438538206
20.0,1.0,17.0,8.0,0.7947427293064877,0.509468438538206
20.0,1.0,17.0,12.0,0.7947427293064877,0.509468438538206
20.0,1.0,17.0,20.0,0.7947427293064877,0.509468438538206
20.0,1.0,17.0,32.0,0.7947427293064877,0.509468438538206
20.0,1.0,17.0,50.0,0.7814457494407159,0.5098421926910299
20.0,1.0,17.0,80.0,0.7591373042505593,0.5102782392026578
20.0,1.0,17.0,128.0,0.7309633668903803,0.5124169435215947
20.0,1.0,20.0,2.0,0.7868987695749441,0.5099460132890365
20.0,1.0,20.0,3.0,0.7868987695749441,0.5099460132890365
20.0,1.0,20.0,5.0,0.7868987695749441,0.5099460132890365
20.0,1.0,20.0,8.0,0.7868987695749441,0.5099460132890365
20.0,1.0,20.0,12.0,0.7868987695749441,0.5099460132890365
20.0,1.0,20.0,20.0,0.7868987695749441,0.5099460132890365
20.0,1.0,20.0,32.0,0.7868987695749441,0.5099460132890365
20.0,1.0,20.0,50.0,0.7792435682326622,0.5098629568106312
20.0,1.0,20.0,80.0,0.7570889261744966,0.5093023255813953
20.0,1.0,20.0,128.0,0.7284535794183445,0.5113164451827242
32.0,0.0,1.0,2.0,0.8219658836689039,0.5092400332225914
32.0,0.0,1.0,3.0,0.8227209172259509,0.5082433554817276
32.0,0.0,1.0,5.0,0.8224902125279641,0.50953073089701
32.0,0.0,1.0,8.0,0.8228187919463087,0.5078073089700996
32.0,0.0,1.0,12.0,0.8223853467561522,0.5103197674418605
32.0,0.0,1.0,20.0,0.8215114653243848,0.5108596345514951
32.0,0.0,1.0,32.0,0.8174286912751677,0.5112126245847176
32.0,0.0,1.0,50.0,0.8051873601789709,0.5123546511627908
32.0,0.0,1.0,80.0,0.7813408836689038,0.5109011627906976
32.0,0.0,1.0,128.0,0.7499091163310962,0.5115033222591363
32.0,0.0,3.0,2.0,0.822930648769575,0.5105897009966778
32.0,0.0,3.0,3.0,0.822930648769575,0.5105897009966778
32.0,0.0,3.0,5.0,0.822930648769575,0.5105897009966778
32.0,0.0,3.0,8.0,0.8223364093959731,0.5122300664451827
32.0,0.0,3.0,12.0,0.8220357941834452,0.5120224252491694
32.0,0.0,3.0,20.0,0.820973154362416,0.5110465116279069
32.0,0.0,3.0,32.0,0.8153733221476511,0.5102782392026578
32.0,0.0,3.0,50.0,0.8029362416107382,0.5111918604651162
32.0,0.0,3.0,80.0,0.7798517897091722,0.5116279069767442
32.0,0.0,3.0,128.0,0.7490562080536913,0.5116071428571428
32.0,0.0,5.0,2.0,0.8223503914988815,0.5115033222591363
32.0,0.0,5.0,3.0,0.8223503914988815,0.5115033222591363
32.0,0.0,5.0,5.0,0.8223503914988815,0.5115033222591363
32.0,0.0,5.0,8.0,0.8223503914988815,0.5115033222591363
32.0,0.0,5.0,12.0,0.8225601230425056,0.5095099667774086
32.0,0.0,5.0,20.0,0.8203649328859062,0.5123546511627908
32.0,0.0,5.0,32.0,0.8132410514541387,0.5120431893687707
32.0,0.0,5.0,50.0,0.7986157718120805,0.5090116279069767
32.0,0.0,5.0,80.0,0.7772371364653244,0.5117317275747508
32.0,0.0,5.0,128.0,0.7456515659955257,0.5100498338870432
32.0,0.0,7.0,2.0,0.8205467002237137,0.5075996677740864
32.0,0.0,7.0,3.0,0.8205467002237137,0.5075996677740864
32.0,0.0,7.0,5.0,0.8205467002237137,0.5075996677740864
32.0,0.0,7.0,8.0,0.8205467002237137,0.5075996677740864
32.0,0.0,7.0,12.0,0.8205467002237137,0.5075996677740864
32.0,0.0,7.0,20.0,0.8184843400447427,0.5108388704318937
32.0,0.0,7.0,32.0,0.8095148210290828,0.5085548172757475
32.0,0.0,7.0,50.0,0.7957214765100671,0.5115448504983389
32.0,0.0,7.0,80.0,0.7714415548098434,0.5113579734219269
32.0,0.0,7.0,128.0,0.7418274608501119,0.5113787375415282
32.0,0.0,9.0,2.0,0.8158836689038031,0.510921926910299
32.0,0.0,9.0,3.0,0.8158836689038031,0.510921926910299
32.0,0.0,9.0,5.0,0.8158836689038031,0.510921926910299
32.0,0.0,9.0,8.0,0.8158836689038031,0.510921926910299
32.0,0.0,9.0,12.0,0.8158836689038031,0.510921926910299
32.0,0.0,9.0,20.0,0.8144365212527964,0.5107142857142858
32.0,0.0,9.0,32.0,0.804837807606264,0.5109634551495017
32.0,0.0,9.0,50.0,0.7906879194630873,0.5140365448504983
32.0,0.0,9.0,80.0,0.7673098434004475,0.5108388704318937
32.0,0.0,9.0,128.0,0.7387513982102909,0.5115240863787376
32.0,0.0,11.0,2.0,0.8076621923937359,0.5130191029900332
32.0,0.0,11.0,3.0,0.8076621923937359,0.5130191029900332
32.0,0.0,11.0,5.0,0.8076621923937359,0.5130191029900332
32.0,0.0,11.0,8.0,0.8076621923937359,0.5130191029900332
32.0,0.0,11.0,12.0,0.8076621923937359,0.5130191029900332
32.0,0.0,11.0,20.0,0.8076621923937359,0.5130191029900332
32.0,0.0,11.0,32.0,0.8027055369127517,0.5106935215946844
32.0,0.0,11.0,50.0,0.7869756711409396,0.510797342192691
32.0,0.0,11.0,80.0,0.7618078859060403,0.5122093023255814
32.0,0.0,11.0,128.0,0.7338646532438479,0.5122923588039867
32.0,0.0,13.0,2.0,0.8019924496644295,0.5122300664451828
32.0,0.0,13.0,3.0,0.8019924496644295,0.5122300664451828
32.0,0.0,13.0,5.0,0.8019924496644295,0.5122300664451828
32.0,0.0,13.0,8.0,0.8019924496644295,0.5122300664451828
32.0,0.0,13.0,12.0,0.8019924496644295,0.5122300664451828
32.0,0.0,13.0,20.0,0.8019924496644295,0.5122300664451828
32.0,0.0,13.0,32.0,0.7970847315436241,0.5122715946843854
32.0,0.0,13.0,50.0,0.7834801454138702,0.510797342192691
32.0,0.0,13.0,80.0,0.7597664988814318,0.5133513289036544
32.0,0.0,13.0,128.0,0.729684004474273,0.5127699335548173
32.0,0.0,15.0,2.0,0.7946378635346756,0.5127699335548173
32.0,0.0,15.0,3.0,0.7946378635346756,0.5127699335548173
32.0,0.0,15.0,5.0,0.7946378635346756,0.5127699335548173
32.0,0.0,15.0,8.0,0.7946378635346756,0.5127699335548173
32.0,0.0,15.0,12.0,0.7946378635346756,0.5127699335548173
32.0,0.0,15.0,20.0,0.7946378635346756,0.5127699335548173
32.0,0.0,15.0,32.0,0.7925195749440717,0.5104443521594684
32.0,0.0,15.0,50.0,0.7780131431767338,0.5116071428571429
32.0,0.0,15.0,80.0,0.7550615212527965,0.5134966777408637
32.0,0.0,15.0,128.0,0.7246993847874721,0.5144725913621262
32.0,0.0,17.0,2.0,0.7842072147651006,0.5125415282392026
32.0,0.0,17.0,3.0,0.7842072147651006,0.5125415282392026
32.0,0.0,17.0,5.0,0.7842072147651006,0.5125415282392026
32.0,0.0,17.0,8.0,0.7842072147651006,0.5125415282392026
32.0,0.0,17.0,12.0,0.7842072147651006,0.5125415282392026
32.0,0.0,17.0,20.0,0.7842072147651006,0.5125415282392026
32.0,0.0,17.0,32.0,0.7842072147651006,0.5125415282392026
32.0,0.0,17.0,50.0,0.7739862975391498,0.5110257475083056
32.0,0.0,17.0,80.0,0.7512024608501118,0.5105689368770764
32.0,0.0,17.0,128.0,0.7217351789709172,0.5120639534883721
32.0,0.0,20.0,2.0,0.7736786912751679,0.5122923588039867
32.0,0.0,20.0,3.0,0.7736786912751679,0.5122923588039867
32.0,0.0,20.0,5.0,0.7736786912751679,0.5122923588039867
32.0,0.0,20.0,8.0,0.7736786912751679,0.5122923588039867
32.0,0.0,20.0,12.0,0.7736786912751679,0.5122923588039867
32.0,0.0,20.0,20.0,0.7736786912751679,0.5122923588039867
32.0,0.0,20.0,32.0,0.7736786912751679,0.5122923588039867
32.0,0.0,20.0,50.0,0.7684773489932886,0.5124584717607974
32.0,0.0,20.0,80.0,0.7450293624161073,0.5118978405315614
32.0,0.0,20.0,128.0,0.717994966442953,0.5127076411960132
32.0,0.11111111,1.0,2.0,0.8219658836689039,0.5092400332225914
32.0,0.11111111,1.0,3.0,0.8227209172259509,0.5082433554817276
32.0,0.11111111,1.0,5.0,0.8224902125279641,0.50953073089701
32.0,0.11111111,1.0,8.0,0.8228187919463087,0.5078073089700996
32.0,0.11111111,1.0,12.0,0.8223853467561522,0.5103197674418605
32.0,0.11111111,1.0,20.0,0.8215114653243848,0.5108596345514951
32.0,0.11111111,1.0,32.0,0.8174286912751677,0.5112126245847176
32.0,0.11111111,1.0,50.0,0.8051873601789709,0.5123546511627908
32.0,0.11111111,1.0,80.0,0.7813408836689038,0.5109011627906976
32.0,0.11111111,1.0,128.0,0.7499091163310962,0.5115033222591363
32.0,0.11111111,3.0,2.0,0.822930648769575,0.5105897009966778
32.0,0.11111111,3.0,3.0,0.822930648769575,0.5105897009966778
32.0,0.11111111,3.0,5.0,0.822930648769575,0.5105897009966778
32.0,0.11111111,3.0,8.0,0.8223364093959731,0.5122300664451827
32.0,0.11111111,3.0,12.0,0.8220357941834452,0.5120224252491694
32.0,0.11111111,3.0,20.0,0.820973154362416,0.5110465116279069
32.0,0.11111111,3.0,32.0,0.8153733221476511,0.5102782392026578
32.0,0.11111111,3.0,50.0,0.8029362416107382,0.5111918604651162
32.0,0.11111111,3.0,80.0,0.7798517897091722,0.5116279069767442
32.0,0.11111111,3.0,128.0,0.7490562080536913,0.5116071428571428
32.0,0.11111111,5.0,2.0,0.8223503914988815,0.5115033222591363
32.0,0.11111111,5.0,3.0,0.8223503914988815,0.5115033222591363
32.0,0.11111111,5.0,5.0,0.8223503914988815,0.5115033222591363
32.0,0.11111111,5.0,8.0,0.8223503914988815,0.5115033222591363
32.0,0.11111111,5.0,12.0,0.8225601230425056,0.5095099667774086
32.0,0.11111111,5.0,20.0,0.8203649328859062,0.5123546511627908
32.0,0.11111111,5.0,32.0,0.8132410514541387,0.5120431893687707
32.0,0.11111111,5.0,50.0,0.7986157718120805,0.5090116279069767
32.0,0.11111111,5.0,80.0,0.7772371364653244,0.5117317275747508
32.0,0.11111111,5.0,128.0,0.7456515659955257,0.5100498338870432
32.0,0.11111111,7.0,2.0,0.8205467002237137,0.5075996677740864
32.0,0.11111111,7.0,3.0,0.8205467002237137,0.5075996677740864
32.0,0.11111111,7.0,5.0,0.8205467002237137,0.5075996677740864
32.0,0.11111111,7.0,8.0,0.8205467002237137,0.5075996677740864
32.0,0.11111111,7.0,12.0,0.8205467002237137,0.5075996677740864
32.0,0.11111111,7.0,20.0,0.8184843400447427,0.5108388704318937
32.0,0.11111111,7.0,32.0,0.8095148210290828,0.5085548172757475
32.0,0.11111111,7.0,50.0,0.7957214765100671,0.5115448504983389
32.0,0.11111111,7.0,80.0,0.7714415548098434,0.5113579734219269
32.0,0.11111111,7.0,128.0,0.7418274608501119,0.5113787375415282
32.0,0.11111111,9.0,2.0,0.8158836689038031,0.510921926910299
32.0,0.11111111,9.0,3.0,0.8158836689038031,0.510921926910299
32.0,0.11111111,9.0,5.0,0.8158836689038031,0.510921926910299
32.0,0.11111111,9.0,8.0,0.8158836689038031,0.510921926910299
32.0,0.11111111,9.0,12.0,0.8158836689038031,0.510921926910299
32.0,0.11111111,9.0,20.0,0.8144365212527964,0.5107142857142858
32.0,0.11111111,9.0,32.0,0.804837807606264,0.5109634551495017
32.0,0.11111111,9.0,50.0,0.7906879194630873,0.5140365448504983
32.0,0.11111111,9.0,80.0,0.7673098434004475,0.5108388704318937
32.0,0.11111111,9.0,128.0,0.7387513982102909,0.5115240863787376
32.0,0.11111111,11.0,2.0,0.8076621923937359,0.5130191029900332
32.0,0.11111111,11.0,3.0,0.8076621923937359,0.5130191029900332
32.0,0.11111111,11.0,5.0,0.8076621923937359,0.5130191029900332
32.0,0.11111111,11.0,8.0,0.8076621923937359,0.5130191029900332
32.0,0.11111111,11.0,12.0,0.8076621923937359,0.5130191029900332
32.0,0.11111111,11.0,20.0,0.8076621923937359,0.5130191029900332
32.0,0.11111111,11.0,32.0,0.8027055369127517,0.5106935215946844
32.0,0.11111111,11.0,50.0,0.7869756711409396,0.510797342192691
32.0,0.11111111,11.0,80.0,0.7618078859060403,0.5122093023255814
32.0,0.11111111,11.0,128.0,0.7338646532438479,0.5122923588039867
32.0,0.11111111,13.0,2.0,0.8019924496644295,0.5122300664451828
32.0,0.11111111,13.0,3.0,0.8019924496644295,0.5122300664451828
32.0,0.11111111,13.0,5.0,0.8019924496644295,0.5122300664451828
32.0,0.11111111,13.0,8.0,0.8019924496644295,0.5122300664451828
32.0,0.11111111,13.0,12.0,0.8019924496644295,0.5122300664451828
32.0,0.11111111,13.0,20.0,0.8019924496644295,0.5122300664451828
32.0,0.11111111,13.0,32.0,0.7970847315436241,0.5122715946843854
32.0,0.11111111,13.0,50.0,0.7834801454138702,0.510797342192691
32.0,0.11111111,13.0,80.0,0.7597664988814318,0.5133513289036544
32.0,0.11111111,13.0,128.0,0.729684004474273,0.5127699335548173
32.0,0.11111111,15.0,2.0,0.7946378635346756,0.5127699335548173
32.0,0.11111111,15.0,3.0,0.7946378635346756,0.5127699335548173
32.0,0.11111111,15.0,5.0,0.7946378635346756,0.5127699335548173
32.0,0.11111111,15.0,8.0,0.7946378635346756,0.5127699335548173
32.0,0.11111111,15.0,12.0,0.7946378635346756,0.5127699335548173
32.0,0.11111111,15.0,20.0,0.7946378635346756,0.5127699335548173
32.0,0.11111111,15.0,32.0,0.7925195749440717,0.5104443521594684
32.0,0.11111111,15.0,50.0,0.7780131431767338,0.5116071428571429
32.0,0.11111111,15.0,80.0,0.7550615212527965,0.5134966777408637
32.0,0.11111111,15.0,128.0,0.7246993847874721,0.5144725913621262
32.0,0.11111111,17.0,2.0,0.7842072147651006,0.5125415282392026
32.0,0.11111111,17.0,3.0,0.7842072147651006,0.5125415282392026
32.0,0.11111111,17.0,5.0,0.7842072147651006,0.5125415282392026
32.0,0.11111111,17.0,8.0,0.7842072147651006,0.5125415282392026
32.0,0.11111111,17.0,12.0,0.7842072147651006,0.5125415282392026
32.0,0.11111111,17.0,20.0,0.7842072147651006,0.5125415282392026
32.0,0.11111111,17.0,32.0,0.7842072147651006,0.5125415282392026
32.0,0.11111111,17.0,50.0,0.7739862975391498,0.5110257475083056
32.0,0.11111111,17.0,80.0,0.7512024608501118,0.5105689368770764
32.0,0.11111111,17.0,128.0,0.7217351789709172,0.5120639534883721
32.0,0.11111111,20.0,2.0,0.7736786912751679,0.5122923588039867
32.0,0.11111111,20.0,3.0,0.7736786912751679,0.5122923588039867
32.0,0.11111111,20.0,5.0,0.7736786912751679,0.5122923588039867
32.0,0.11111111,20.0,8.0,0.7736786912751679,0.5122923588039867
32.0,0.11111111,20.0,12.0,0.7736786912751679,0.5122923588039867
32.0,0.11111111,20.0,20.0,0.7736786912751679,0.5122923588039867
32.0,0.11111111,20.0,32.0,0.7736786912751679,0.5122923588039867
32.0,0.11111111,20.0,50.0,0.7684773489932886,0.5124584717607974
32.0,0.11111111,20.0,80.0,0.7450293624161073,0.5118978405315614
32.0,0.11111111,20.0,128.0,0.717994966442953,0.5127076411960132
32.0,0.22222222,1.0,2.0,0.8227209172259509,0.5088870431893687
32.0,0.22222222,1.0,3.0,0.8218819910514542,0.5093230897009967
32.0,0.22222222,1.0,5.0,0.822028803131991,0.5101121262458472
32.0,0.22222222,1.0,8.0,0.8226440156599553,0.5076204318936878
32.0,0.22222222,1.0,12.0,0.8230005592841163,0.510361295681063
32.0,0.22222222,1.0,20.0,0.8224832214765101,0.5089285714285714
32.0,0.22222222,1.0,32.0,0.819959451901566,0.510921926910299
32.0,0.22222222,1.0,50.0,0.8098643736017899,0.5128737541528239
32.0,0.22222222,1.0,80.0,0.7869127516778524,0.5112126245847175
32.0,0.22222222,1.0,128.0,0.7558025727069351,0.5100498338870432
32.0,0.22222222,3.0,2.0,0.8223434004474273,0.5093853820598007
32.0,0.22222222,3.0,3.0,0.8223434004474273,0.5093853820598007
32.0,0.22222222,3.0,5.0,0.8223434004474273,0.5093853820598007
32.0,0.22222222,3.0,8.0,0.8228118008948545,0.5107558139534885
32.0,0.22222222,3.0,12.0,0.8228187919463087,0.5087624584717607
32.0,0.22222222,3.0,20.0,0.8212597874720358,0.5097383720930233
32.0,0.22222222,3.0,32.0,0.8186031879194632,0.5104651162790698
32.0,0.22222222,3.0,50.0,0.8069351230425056,0.5111918604651162
32.0,0.22222222,3.0,80.0,0.7853048098434006,0.5118978405315614
32.0,0.22222222,3.0,128.0,0.7552223154362416,0.5105897009966778
32.0,0.22222222,5.0,2.0,0.8224272930648769,0.5076619601328904
32.0,0.22222222,5.0,3.0,0.8224272930648769,0.5076619601328904
32.0,0.22222222,5.0,5.0,0.8224272930648769,0.5076619601328904
32.0,0.22222222,5.0,8.0,0.8224272930648769,0.5076619601328904
32.0,0.22222222,5.0,12.0,0.8216652684563759,0.5091985049833887
32.0,0.22222222,5.0,20.0,0.8211409395973155,0.5099252491694353
32.0,0.22222222,5.0,32.0,0.8166526845637584,0.5091985049833887
32.0,0.22222222,5.0,50.0,0.8048447986577182,0.5110672757475083
32.0,0.22222222,5.0,80.0,0.7829488255033558,0.5115448504983389
32.0,0.22222222,5.0,128.0,0.7546280760626398,0.5120224252491694
32.0,0.22222222,7.0,2.0,0.8211828859060402,0.5101121262458472
32.0,0.22222222,7.0,3.0,0.8211828859060402,0.5101121262458472
32.0,0.22222222,7.0,5.0,0.8211828859060402,0.5101121262458472
32.0,0.22222222,7.0,8.0,0.8211828859060402,0.5101121262458472
32.0,0.22222222,7.0,12.0,0.8211828859060402,0.5101121262458472
32.0,0.22222222,7.0,20.0,0.8204488255033556,0.510672757475083
32.0,0.22222222,7.0,32.0,0.8136185682326621,0.5109426910299003
32.0,0.22222222,7.0,50.0,0.801055648769575,0.5109011627906976
32.0,0.22222222,7.0,80.0,0.7793204697986578,0.5136627906976744
32.0,0.22222222,7.0,128.0,0.7500419463087249,0.5098214285714285
32.0,0.22222222,9.0,2.0,0.8198406040268456,0.512126245847176
32.0,0.22222222,9.0,3.0,0.8198406040268456,0.512126245847176
32.0,0.22222222,9.0,5.0,0.8198406040268456,0.512126245847176
32.0,0.22222222,9.0,8.0,0.8198406040268456,0.512126245847176
32.0,0.22222222,9.0,12.0,0.8198406040268456,0.512126245847176
32.0,0.22222222,9.0,20.0,0.8183305369127517,0.5103820598006645
32.0,0.22222222,9.0,32.0,0.8111786912751677,0.5103405315614618
32.0,0.22222222,9.0,50.0,0.7986227628635347,0.5099875415282392
32.0,0.22222222,9.0,80.0,0.7772091722595078,0.5119601328903653
32.0,0.22222222,9.0,128.0,0.7469798657718121,0.5135797342192692
32.0,0.22222222,11.0,2.0,0.8144085570469798,0.5098214285714285
32.0,0.22222222,11.0,3.0,0.8144085570469798,0.5098214285714285
32.0,0.22222222,11.0,5.0,0.8144085570469798,0.5098214285714285
32.0,0.22222222,11.0,8.0,0.8144085570469798,0.5098214285714285
32.0,0.22222222,11.0,12.0,0.8144085570469798,0.5098214285714285
32.0,0.22222222,11.0,20.0,0.8144085570469798,0.5098214285714285
32.0,0.22222222,11.0,32.0,0.8085710290827741,0.5128114617940199
32.0,0.22222222,11.0,50.0,0.7951272371364653,0.5106935215946844
32.0,0.22222222,11.0,80.0,0.7737346196868009,0.5110049833887043
32.0,0.22222222,11.0,128.0,0.7444421140939597,0.5134343853820598
32.0,0.22222222,13.0,2.0,0.8092980984340045,0.5095722591362126
32.0,0.22222222,13.0,3.0,0.8092980984340045,0.5095722591362126
32.0,0.22222222,13.0,5.0,0.8092980984340045,0.5095722591362126
32.0,0.22222222,13.0,8.0,0.8092980984340045,0.5095722591362126
32.0,0.22222222,13.0,12.0,0.8092980984340045,0.5095722591362126
32.0,0.22222222,13.0,20.0,0.8092980984340045,0.5095722591362126
32.0,0.22222222,13.0,32.0,0.8053341722595079,0.5116071428571429
32.0,0.22222222,13.0,50.0,0.7913590604026846,0.5116279069767442
32.0,0.22222222,13.0,80.0,0.7704488255033557,0.5115033222591363
32.0,0.22222222,13.0,128.0,0.7408067673378076,0.5099875415282392
32.0,0.22222222,15.0,2.0,0.8027684563758388,0.510984219269103
32.0,0.22222222,15.0,3.0,0.8027684563758388,0.510984219269103
32.0,0.22222222,15.0,5.0,0.8027684563758388,0.510984219269103
32.0,0.22222222,15.0,8.0,0.8027684563758388,0.510984219269103
32.0,0.22222222,15.0,12.0,0.8027684563758388,0.510984219269103
32.0,0.22222222,15.0,20.0,0.8027684563758388,0.510984219269103
32.0,0.22222222,15.0,32.0,0.8017058165548099,0.5101328903654485
32.0,0.22222222,15.0,50.0,0.7885346756152125,0.511295681063123
32.0,0.22222222,15.0,80.0,0.766526845637584,0.509904485049834
32.0,0.22222222,15.0,128.0,0.7364513422818793,0.5127076411960133
32.0,0.22222222,17.0,2.0,0.7967351789709172,0.5101536544850498
32.0,0.22222222,17.0,3.0,0.7967351789709172,0.5101536544850498
32.0,0.22222222,17.0,5.0,0.7967351789709172,0.5101536544850498
32.0,0.22222222,17.0,8.0,0.7967351789709172,0.5101536544850498
32.0,0.22222222,17.0,12.0,0.7967351789709172,0.5101536544850498
32.0,0.22222222,17.0,20.0,0.7967351789709172,0.5101536544850498
32.0,0.22222222,17.0,32.0,0.7967351789709172,0.5101536544850498
32.0,0.22222222,17.0,50.0,0.7855215324384788,0.5125
32.0,0.22222222,17.0,80.0,0.7633109619686801,0.5119601328903653
32.0,0.22222222,17.0,128.0,0.7337877516778524,0.5113787375415282
32.0,0.22222222,20.0,2.0,0.7865771812080536,0.5093853820598007
32.0,0.22222222,20.0,3.0,0.7865771812080536,0.5093853820598007
32.0,0.22222222,20.0,5.0,0.7865771812080536,0.5093853820598007
32.0,0.22222222,20.0,8.0,0.7865771812080536,0.5093853820598007
32.0,0.22222222,20.0,12.0,0.7865771812080536,0.5093853820598007
32.0,0.22222222,20.0,20.0,0.7865771812080536,0.5093853820598007
32.0,0.22222222,20.0,32.0,0.7865771812080536,0.5093853820598007
32.0,0.22222222,20.0,50.0,0.7799496644295302,0.510921926910299
32.0,0.22222222,20.0,80.0,0.7581795302013423,0.5083056478405316
32.0,0.22222222,20.0,128.0,0.7306767337807607,0.5126868770764119
32.0,0.33333334,1.0,2.0,0.822224552572707,0.506374584717608
32.0,0.33333334,1.0,3.0,0.822727908277405,0.5098837209302325
32.0,0.33333334,1.0,5.0,0.8216932326621924,0.5074335548172757
32.0,0.33333334,1.0,8.0,0.821875,0.5087001661129568
32.0,0.33333334,1.0,12.0,0.822028803131991,0.5091154485049835
32.0,0.33333334,1.0,20.0,0.8221686241610738,0.507516611295681
32.0,0.33333334,1.0,32.0,0.820868288590604,0.5089285714285714
32.0,0.33333334,1.0,50.0,0.8121085011185682,0.5094476744186046
32.0,0.33333334,1.0,80.0,0.7900237695749441,0.5097383720930233
32.0,0.33333334,1.0,128.0,0.7585220917225951,0.5115033222591363
32.0,0.33333334,3.0,2.0,0.8226160514541387,0.5111295681063123
32.0,0.33333334,3.0,3.0,0.8226160514541387,0.5111295681063123
32.0,0.33333334,3.0,5.0,0.8226160514541387,0.5111295681063123
32.0,0.33333334,3.0,8.0,0.8216373042505593,0.5091985049833887
32.0,0.33333334,3.0,12.0,0.823084451901566,0.5086378737541528
32.0,0.33333334,3.0,20.0,0.8219309284116332,0.507641196013289
32.0,0.33333334,3.0,32.0,0.8193861856823267,0.5083887043189368
32.0,0.33333334,3.0,50.0,0.8080746644295302,0.5106519933554817
32.0,0.33333334,3.0,80.0,0.7875349552572707,0.5094061461794019
32.0,0.33333334,3.0,128.0,0.7578369686800894,0.5101328903654485
32.0,0.33333334,5.0,2.0,0.822881711409396,0.5097799003322259
32.0,0.33333334,5.0,3.0,0.822881711409396,0.5097799003322259
32.0,0.33333334,5.0,5.0,0.822881711409396,0.5097799003322259
32.0,0.33333334,5.0,8.0,0.822881711409396,0.5097799003322259
32.0,0.33333334,5.0,12.0,0.8215604026845638,0.5084717607973422
32.0,0.33333334,5.0,20.0,0.8218120805369127,0.5101328903654485
32.0,0.33333334,5.0,32.0,0.8177293064876958,0.5082018272425249
32.0,0.33333334,5.0,50.0,0.8059843400447427,0.5117940199335548
32.0,0.33333334,5.0,80.0,0.7862975391498882,0.5116901993355482
32.0,0.33333334,5.0,128.0,0.7552992170022371,0.5123338870431894
32.0,0.33333334,7.0,2.0,0.8213926174496645,0.5106519933554818
32.0,0.33333334,7.0,3.0,0.8213926174496645,0.5106519933554818
32.0,0.33333334,7.0,5.0,0.8213926174496645,0.5106519933554818
32.0,0.33333334,7.0,8.0,0.8213926174496645,0.5106519933554818
32.0,0.33333334,7.0,12.0,0.8213926174496645,0.5106519933554818
32.0,0.33333334,7.0,20.0,0.8210081096196868,0.5080564784053155
32.0,0.33333334,7.0,32.0,0.8157857941834452,0.5111295681063124
32.0,0.33333334,7.0,50.0,0.8044463087248322,0.5103405315614618
32.0,0.33333334,7.0,80.0,0.7829418344519016,0.5086586378737541
32.0,0.33333334,7.0,128.0,0.7533207494407159,0.5113995016611296
32.0,0.33333334,9.0,2.0,0.8199944071588368,0.5095514950166112
32.0,0.33333334,9.0,3.0,0.8199944071588368,0.5095514950166112
32.0,0.33333334,9.0,5.0,0.8199944071588368,0.5095514950166112
32.0,0.33333334,9.0,8.0,0.8199944071588368,0.5095514950166112
32.0,0.33333334,9.0,12.0,0.8199944071588368,0.5095514950166112
32.0,0.33333334,9.0,20.0,0.8186241610738255,0.5113787375415282
32.0,0.33333334,9.0,32.0,0.8137513982102907,0.5088870431893688
32.0,0.33333334,9.0,50.0,0.8016289149888143,0.5114617940199335
32.0,0.33333334,9.0,80.0,0.7810542505592841,0.512562292358804
32.0,0.33333334,9.0,128.0,0.7500419463087249,0.5135174418604651
32.0,0.33333334,11.0,2.0,0.8160654362416107,0.5106312292358804
32.0,0.33333334,11.0,3.0,0.8160654362416107,0.5106312292358804
32.0,0.33333334,11.0,5.0,0.8160654362416107,0.5106312292358804
32.0,0.33333334,11.0,8.0,0.8160654362416107,0.5106312292358804
32.0,0.33333334,11.0,12.0,0.8160654362416107,0.5106312292358804
32.0,0.33333334,11.0,20.0,0.8160654362416107,0.5106312292358804
32.0,0.33333334,11.0,32.0,0.8113464765100671,0.5112126245847175
32.0,0.33333334,11.0,50.0,0.7992869127516778,0.5108181063122924
32.0,0.33333334,11.0,80.0,0.777726510067114,0.5119808970099667
32.0,0.33333334,11.0,128.0,0.7481543624161074,0.514327242524917
32.0,0.33333334,13.0,2.0,0.8121294742729306,0.510361295681063
32.0,0.33333334,13.0,3.0,0.8121294742729306,0.510361295681063
32.0,0.33333334,13.0,5.0,0.8121294742729306,0.510361295681063
32.0,0.33333334,13.0,8.0,0.8121294742729306,0.510361295681063
32.0,0.33333334,13.0,12.0,0.8121294742729306,0.510361295681063
32.0,0.33333334,13.0,20.0,0.8121294742729306,0.510361295681063
32.0,0.33333334,13.0,32.0,0.809221196868009,0.5110257475083056
32.0,0.33333334,13.0,50.0,0.795819351230425,0.5095722591362126
32.0,0.33333334,13.0,80.0,0.7732172818791947,0.5102782392026578
32.0,0.33333334,13.0,128.0,0.7461968680089486,0.5118563122923587
32.0,0.33333334,15.0,2.0,0.8067393736017896,0.5101328903654485
32.0,0.33333334,15.0,3.0,0.8067393736017896,0.5101328903654485
32.0,0.33333334,15.0,5.0,0.8067393736017896,0.5101328903654485
32.0,0.33333334,15.0,8.0,0.8067393736017896,0.5101328903654485
32.0,0.33333334,15.0,12.0,0.8067393736017896,0.5101328903654485
32.0,0.33333334,15.0,20.0,0.8067393736017896,0.5101328903654485
32.0,0.33333334,15.0,32.0,0.8052153243847874,0.508139534883721
32.0,0.33333334,15.0,50.0,0.7928481543624162,0.5089493355481728
32.0,0.33333334,15.0,80.0,0.770113255033557,0.512375415282392
32.0,0.33333334,15.0,128.0,0.7424217002237137,0.5113787375415282
32.0,0.33333334,17.0,2.0,0.8004264541387025,0.5085132890365449
32.0,0.33333334,17.0,3.0,0.8004264541387025,0.5085132890365449
32.0,0.33333334,17.0,5.0,0.8004264541387025,0.5085132890365449
32.0,0.33333334,17.0,8.0,0.8004264541387025,0.5085132890365449
32.0,0.33333334,17.0,12.0,0.8004264541387025,0.5085132890365449
32.0,0.33333334,17.0,20.0,0.8004264541387025,0.5085132890365449
32.0,0.33333334,17.0,32.0,0.8004264541387025,0.5085132890365449
32.0,0.33333334,17.0,50.0,0.7911912751677852,0.5108181063122924
32.0,0.33333334,17.0,80.0,0.768246644295302,0.5121885382059801
32.0,0.33333334,17.0,128.0,0.7398420022371365,0.5131436877076412
32.0,0.33333334,20.0,2.0,0.7918064876957495,0.5105689368770764
32.0,0.33333334,20.0,3.0,0.7918064876957495,0.5105689368770764
32.0,0.33333334,20.0,5.0,0.7918064876957495,0.5105689368770764
32.0,0.33333334,20.0,8.0,0.7918064876957495,0.5105689368770764
32.0,0.33333334,20.0,12.0,0.7918064876957495,0.5105689368770764
32.0,0.33333334,20.0,20.0,0.7918064876957495,0.5105689368770764
32.0,0.33333334,20.0,32.0,0.7918064876957495,0.5105689368770764
32.0,0.33333334,20.0,50.0,0.7859829418344519,0.5112126245847176
32.0,0.33333334,20.0,80.0,0.7637304250559284,0.5103820598006644
32.0,0.33333334,20.0,128.0,0.7356263982102909,0.5125
32.0,0.44444445,1.0,2.0,0.8231823266219239,0.5091362126245847
32.0,0.44444445,1.0,3.0,0.8226160514541387,0.5079734219269103
32.0,0.44444445,1.0,5.0,0.8218889821029084,0.5097799003322259
32.0,0.44444445,1.0,8.0,0.8233501118568233,0.5074750830564784
32.0,0.44444445,1.0,12.0,0.823084451901566,0.5089700996677741
32.0,0.44444445,1.0,20.0,0.8227558724832214,0.5080772425249169
32.0,0.44444445,1.0,32.0,0.8217211968680089,0.5092400332225914
32.0,0.44444445,1.0,50.0,0.8129404362416107,0.5088870431893687
32.0,0.44444445,1.0,80.0,0.7917645413870246,0.5113164451827242
32.0,0.44444445,1.0,128.0,0.7602139261744967,0.5096760797342192
32.0,0.44444445,3.0,2.0,0.8227698545861297,0.5077657807308971
32.0,0.44444445,3.0,3.0,0.8227698545861297,0.5077657807308971
32.0,0.44444445,3.0,5.0,0.8227698545861297,0.5077657807308971
32.0,0.44444445,3.0,8.0,0.821979865771812,0.5083471760797342
32.0,0.44444445,3.0,12.0,0.8219868568232662,0.506187707641196
32.0,0.44444445,3.0,20.0,0.8216582774049217,0.5102990033222591
32.0,0.44444445,3.0,32.0,0.8194211409395973,0.5085963455149501
32.0,0.44444445,3.0,50.0,0.8104865771812081,0.5108596345514951
32.0,0.44444445,3.0,80.0,0.7901356263982102,0.510984219269103
32.0,0.44444445,3.0,128.0,0.7594519015659955,0.5123961794019933
32.0,0.44444445,5.0,2.0,0.8224133109619686,0.5102367109634551
32.0,0.44444445,5.0,3.0,0.8224133109619686,0.5102367109634551
32.0,0.44444445,5.0,5.0,0.8224133109619686,0.5102367109634551
32.0,0.44444445,5.0,8.0,0.8224133109619686,0.5102367109634551
32.0,0.44444445,5.0,12.0,0.8227069351230425,0.5097176079734219
32.0,0.44444445,5.0,20.0,0.8217911073825503,0.5082641196013289
32.0,0.44444445,5.0,32.0,0.8180578859060402,0.5095514950166112
32.0,0.44444445,5.0,50.0,0.8078299776286354,0.5105481727574751
32.0,0.44444445,5.0,80.0,0.7881152125279642,0.5119186046511628
32.0,0.44444445,5.0,128.0,0.7577321029082774,0.5123131229235881
32.0,0.44444445,7.0,2.0,0.8218819910514542,0.5078073089700996
32.0,0.44444445,7.0,3.0,0.8218819910514542,0.5078073089700996
32.0,0.44444445,7.0,5.0,0.8218819910514542,0.5078073089700996
32.0,0.44444445,7.0,8.0,0.8218819910514542,0.5078073089700996
32.0,0.44444445,7.0,12.0,0.8218819910514542,0.5078073089700996
32.0,0.44444445,7.0,20.0,0.8213296979865772,0.5101536544850498
32.0,0.44444445,7.0,32.0,0.8163450782997763,0.5106935215946844
32.0,0.44444445,7.0,50.0,0.8053551454138702,0.5084925249169435
32.0,0.44444445,7.0,80.0,0.7844588926174497,0.5105066445182724
32.0,0.44444445,7.0,128.0,0.7553411633109619,0.5116694352159469
32.0,0.44444445,9.0,2.0,0.8198336129753916,0.510361295681063
32.0,0.44444445,9.0,3.0,0.8198336129753916,0.510361295681063
32.0,0.44444445,9.0,5.0,0.8198336129753916,0.510361295681063
32.0,0.44444445,9.0,8.0,0.8198336129753916,0.510361295681063
32.0,0.44444445,9.0,12.0,0.8198336129753916,0.510361295681063
32.0,0.44444445,9.0,20.0,0.8203509507829978,0.5099667774086379
32.0,0.44444445,9.0,32.0,0.8151356263982104,0.5104443521594685
32.0,0.44444445,9.0,50.0,0.8027474832214765,0.5096553156146179
32.0,0.44444445,9.0,80.0,0.7820399888143177,0.5112749169435216
32.0,0.44444445,9.0,128.0,0.7527265100671141,0.5101328903654485
32.0,0.44444445,11.0,2.0,0.8177852348993289,0.5102159468438539
32.0,0.44444445,11.0,3.0,0.8177852348993289,0.5102159468438539
32.0,0.44444445,11.0,5.0,0.8177852348993289,0.5102159468438539
32.0,0.44444445,11.0,8.0,0.8177852348993289,0.5102159468438539
32.0,0.44444445,11.0,12.0,0.8177852348993289,0.5102159468438539
32.0,0.44444445,11.0,20.0,0.8177852348993289,0.5102159468438539
32.0,0.44444445,11.0,32.0,0.8133668903803132,0.5081810631229235
32.0,0.44444445,11.0,50.0,0.8008039709172259,0.5096968438538206
32.0,0.44444445,11.0,80.0,0.7793484340044743,0.5115448504983389
32.0,0.44444445,11.0,128.0,0.7506082214765101,0.5122715946843853
32.0,0.44444445,13.0,2.0,0.8132760067114093,0.5091154485049834
32.0,0.44444445,13.0,3.0,0.8132760067114093,0.5091154485049834
32.0,0.44444445,13.0,5.0,0.8132760067114093,0.5091154485049834
32.0,0.44444445,13.0,8.0,0.8132760067114093,0.5091154485049834
32.0,0.44444445,13.0,12.0,0.8132760067114093,0.5091154485049834
32.0,0.44444445,13.0,20.0,0.8132760067114093,0.5091154485049834
32.0,0.44444445,13.0,32.0,0.8100880872483222,0.5108596345514951
32.0,0.44444445,13.0,50.0,0.7982522371364653,0.5115240863787376
32.0,0.44444445,13.0,80.0,0.7762513982102908,0.5126661129568106
32.0,0.44444445,13.0,128.0,0.7484200223713646,0.5110465116279069
32.0,0.44444445,15.0,2.0,0.8084731543624161,0.5089493355481728
32.0,0.44444445,15.0,3.0,0.8084731543624161,0.5089493355481728
32.0,0.44444445,15.0,5.0,0.8084731543624161,0.5089493355481728
32.0,0.44444445,15.0,8.0,0.8084731543624161,0.5089493355481728
32.0,0.44444445,15.0,12.0,0.8084731543624161,0.5089493355481728
32.0,0.44444445,15.0,20.0,0.8084731543624161,0.5089493355481728
32.0,0.44444445,15.0,32.0,0.807256711409396,0.5099044850498339
32.0,0.44444445,15.0,50.0,0.7953509507829978,0.509156976744186
32.0,0.44444445,15.0,80.0,0.7737695749440716,0.510984219269103
32.0,0.44444445,15.0,128.0,0.7448965324384788,0.5118770764119601
32.0,0.44444445,17.0,2.0,0.8029152684563758,0.5087832225913621
32.0,0.44444445,17.0,3.0,0.8029152684563758,0.5087832225913621
32.0,0.44444445,17.0,5.0,0.8029152684563758,0.5087832225913621
32.0,0.44444445,17.0,8.0,0.8029152684563758,0.5087832225913621
32.0,0.44444445,17.0,12.0,0.8029152684563758,0.5087832225913621
32.0,0.44444445,17.0,20.0,0.8029152684563758,0.5087832225913621
32.0,0.44444445,17.0,32.0,0.8029152684563758,0.5087832225913621
32.0,0.44444445,17.0,50.0,0.7926244407158837,0.5107558139534883
32.0,0.44444445,17.0,80.0,0.7717841163310962,0.5122093023255814
32.0,0.44444445,17.0,128.0,0.7422748881431768,0.5120847176079735
32.0,0.44444445,20.0,2.0,0.7948266219239374,0.5097383720930233
32.0,0.44444445,20.0,3.0,0.7948266219239374,0.5097383720930233
32.0,0.44444445,20.0,5.0,0.7948266219239374,0.5097383720930233
32.0,0.44444445,20.0,8.0,0.7948266219239374,0.5097383720930233
32.0,0.44444445,20.0,12.0,0.7948266219239374,0.5097383720930233
32.0,0.44444445,20.0,20.0,0.7948266219239374,0.5097383720930233
32.0,0.44444445,20.0,32.0,0.7948266219239374,0.5097383720930233
32.0,0.44444445,20.0,50.0,0.787506991051454,0.5102782392026578
32.0,0.44444445,20.0,80.0,0.7669113534675616,0.512686877076412
32.0,0.44444445,20.0,128.0,0.7384787472035794,0.5118770764119601
32.0,0.5555556,1.0,2.0,0.8216163310961969,0.5090116279069767
32.0,0.5555556,1.0,3.0,0.8226789709172259,0.5098421926910299
32.0,0.5555556,1.0,5.0,0.8223294183445191,0.507828073089701
32.0,0.5555556,1.0,8.0,0.8229376398210292,0.5082018272425249
32.0,0.5555556,1.0,12.0,0.8223923378076062,0.5091569767441861
32.0,0.5555556,1.0,20.0,0.8231613534675615,0.5075996677740864
32.0,0.5555556,1.0,32.0,0.8215324384787472,0.5107558139534885
32.0,0.5555556,1.0,50.0,0.8144295302013422,0.507890365448505
32.0,0.5555556,1.0,80.0,0.7930369127516779,0.5092192691029901
32.0,0.5555556,1.0,128.0,0.7608151565995526,0.5098006644518273
32.0,0.5555556,3.0,2.0,0.8227209172259509,0.5085755813953489
32.0,0.5555556,3.0,3.0,0.8227209172259509,0.5085755813953489
32.0,0.5555556,3.0,5.0,0.8227209172259509,0.5085755813953489
32.0,0.5555556,3.0,8.0,0.8225391498881433,0.5105897009966778
32.0,0.5555556,3.0,12.0,0.8225391498881433,0.5077242524916944
32.0,0.5555556,3.0,20.0,0.8219868568232662,0.5104858803986712
32.0,0.5555556,3.0,32.0,0.8201202460850112,0.50953073089701
32.0,0.5555556,3.0,50.0,0.8110109060402685,0.5082433554817276
32.0,0.5555556,3.0,80.0,0.7904642058165547,0.509904485049834
32.0,0.5555556,3.0,128.0,0.7597245525727069,0.5105274086378737
32.0,0.5555556,5.0,2.0,0.8221476510067115,0.5095722591362126
32.0,0.5555556,5.0,3.0,0.8221476510067115,0.5095722591362126
32.0,0.5555556,5.0,5.0,0.8221476510067115,0.5095722591362126
32.0,0.5555556,5.0,8.0,0.8221476510067115,0.5095722591362126
32.0,0.5555556,5.0,12.0,0.8219029642058165,0.5076827242524917
32.0,0.5555556,5.0,20.0,0.8220078299776287,0.5085963455149501
32.0,0.5555556,5.0,32.0,0.8180998322147651,0.5095722591362126
32.0,0.5555556,5.0,50.0,0.8088926174496646,0.5114202657807309
32.0,0.5555556,5.0,80.0,0.7881991051454139,0.5097176079734219
32.0,0.5555556,5.0,128.0,0.7584801454138702,0.5104443521594685
32.0,0.5555556,7.0,2.0,0.8215883668903803,0.5084717607973422
32.0,0.5555556,7.0,3.0,0.8215883668903803,0.5084717607973422
32.0,0.5555556,7.0,5.0,0.8215883668903803,0.5084717607973422
32.0,0.5555556,7.0,8.0,0.8215883668903803,0.5084717607973422
32.0,0.5555556,7.0,12.0,0.8215883668903803,0.5084717607973422
32.0,0.5555556,7.0,20.0,0.8211059843400447,0.5090531561461794
32.0,0.5555556,7.0,32.0,0.8176663870246085,0.5097383720930233
32.0,0.5555556,7.0,50.0,0.8064317673378076,0.5088662790697673
32.0,0.5555556,7.0,80.0,0.7862276286353468,0.5114617940199336
32.0,0.5555556,7.0,128.0,0.7566205257270694,0.5102990033222591
32.0,0.5555556,9.0,2.0,0.8201412192393736,0.5067483388704319
32.0,0.5555556,9.0,3.0,0.8201412192393736,0.5067483388704319
32.0,0.5555556,9.0,5.0,0.8201412192393736,0.5067483388704319
32.0,0.5555556,9.0,8.0,0.8201412192393736,0.5067483388704319
32.0,0.5555556,9.0,12.0,0.8201412192393736,0.5067483388704319
32.0,0.5555556,9.0,20.0,0.8200083892617449,0.5095722591362126
32.0,0.5555556,9.0,32.0,0.8150517337807607,0.5109426910299003
32.0,0.5555556,9.0,50.0,0.8045511744966444,0.5109634551495017
32.0,0.5555556,9.0,80.0,0.7832704138702461,0.5103405315614618
32.0,0.5555556,9.0,128.0,0.7548517897091723,0.5110880398671096
32.0,0.5555556,11.0,2.0,0.8187360178970918,0.5092400332225914
32.0,0.5555556,11.0,3.0,0.8187360178970918,0.5092400332225914
32.0,0.5555556,11.0,5.0,0.8187360178970918,0.5092400332225914
32.0,0.5555556,11.0,8.0,0.8187360178970918,0.5092400332225914
32.0,0.5555556,11.0,12.0,0.8187360178970918,0.5092400332225914
32.0,0.5555556,11.0,20.0,0.8187360178970918,0.5092400332225914
32.0,0.5555556,11.0,32.0,0.8136954697986578,0.5089493355481728
32.0,0.5555556,11.0,50.0,0.8016428970917225,0.5122715946843853
32.0,0.5555556,11.0,80.0,0.7810053131991052,0.5090946843853821
32.0,0.5555556,11.0,128.0,0.7522371364653244,0.5102367109634551
32.0,0.5555556,13.0,2.0,0.8147091722595079,0.5100913621262458
32.0,0.5555556,13.0,3.0,0.8147091722595079,0.5100913621262458
32.0,0.5555556,13.0,5.0,0.8147091722595079,0.5100913621262458
32.0,0.5555556,13.0,8.0,0.8147091722595079,0.5100913621262458
32.0,0.5555556,13.0,12.0,0.8147091722595079,0.5100913621262458
32.0,0.5555556,13.0,20.0,0.8147091722595079,0.5100913621262458
32.0,0.5555556,13.0,32.0,0.8115142617449665,0.509032392026578
32.0,0.5555556,13.0,50.0,0.798685682326622,0.510984219269103
32.0,0.5555556,13.0,80.0,0.7791177293064877,0.5102159468438539
32.0,0.5555556,13.0,128.0,0.7499161073825503,0.510797342192691
32.0,0.5555556,15.0,2.0,0.8091512863534677,0.5102574750830564
32.0,0.5555556,15.0,3.0,0.8091512863534677,0.5102574750830564
32.0,0.5555556,15.0,5.0,0.8091512863534677,0.5102574750830564
32.0,0.5555556,15.0,8.0,0.8091512863534677,0.5102574750830564
32.0,0.5555556,15.0,12.0,0.8091512863534677,0.5102574750830564
32.0,0.5555556,15.0,20.0,0.8091512863534677,0.5102574750830564
32.0,0.5555556,15.0,32.0,0.8082913870246085,0.5087209302325582
32.0,0.5555556,15.0,50.0,0.796721196868009,0.5106935215946844
32.0,0.5555556,15.0,80.0,0.7761395413870246,0.5105481727574751
32.0,0.5555556,15.0,128.0,0.7468680089485458,0.5103197674418605
32.0,0.5555556,17.0,2.0,0.8049356823266219,0.5085132890365449
32.0,0.5555556,17.0,3.0,0.8049356823266219,0.5085132890365449
32.0,0.5555556,17.0,5.0,0.8049356823266219,0.5085132890365449
32.0,0.5555556,17.0,8.0,0.8049356823266219,0.5085132890365449
32.0,0.5555556,17.0,12.0,0.8049356823266219,0.5085132890365449
32.0,0.5555556,17.0,20.0,0.8049356823266219,0.5085132890365449
32.0,0.5555556,17.0,32.0,0.8049356823266219,0.5085132890365449
32.0,0.5555556,17.0,50.0,0.7948475950782997,0.5108388704318937
32.0,0.5555556,17.0,80.0,0.7729096756152125,0.5110257475083056
32.0,0.5555556,17.0,128.0,0.7448965324384788,0.510797342192691
32.0,0.5555556,20.0,2.0,0.7962597874720359,0.5091362126245846
32.0,0.5555556,20.0,3.0,0.7962597874720359,0.5091362126245846
32.0,0.5555556,20.0,5.0,0.7962597874720359,0.5091362126245846
32.0,0.5555556,20.0,8.0,0.7962597874720359,0.5091362126245846
32.0,0.5555556,20.0,12.0,0.7962597874720359,0.5091362126245846
32.0,0.5555556,20.0,20.0,0.7962597874720359,0.5091362126245846
32.0,0.5555556,20.0,32.0,0.7962597874720359,0.5091362126245846
32.0,0.5555556,20.0,50.0,0.7904152684563759,0.5108803986710964
32.0,0.5555556,20.0,80.0,0.769456096196868,0.5087832225913622
32.0,0.5555556,20.0,128.0,0.7412052572706935,0.5112126245847176
32.0,0.6666667,1.0,2.0,0.8225741051454138,0.507641196013289
32.0,0.6666667,1.0,3.0,0.8219588926174497,0.5069975083056478
32.0,0.6666667,1.0,5.0,0.8216442953020134,0.5071220930232558
32.0,0.6666667,1.0,8.0,0.82207774049217,0.507828073089701
32.0,0.6666667,1.0,12.0,0.8225601230425056,0.5076204318936877
32.0,0.6666667,1.0,20.0,0.8217491610738256,0.5047134551495016
32.0,0.6666667,1.0,32.0,0.821875,0.5082225913621262
32.0,0.6666667,1.0,50.0,0.8164918903803132,0.507641196013289
32.0,0.6666667,1.0,80.0,0.7954907718120806,0.5094269102990033
32.0,0.6666667,1.0,128.0,0.7630173378076063,0.5113372093023256
32.0,0.6666667,3.0,2.0,0.8224692393736017,0.5076827242524917
32.0,0.6666667,3.0,3.0,0.8224692393736017,0.5076827242524917
32.0,0.6666667,3.0,5.0,0.8224692393736017,0.5076827242524917
32.0,0.6666667,3.0,8.0,0.8236507270693512,0.5091777408637874
32.0,0.6666667,3.0,12.0,0.8220847315436242,0.5110257475083056
32.0,0.6666667,3.0,20.0,0.8220357941834452,0.5106727574750831
32.0,0.6666667,3.0,32.0,0.8206725391498881,0.5064161129568105
32.0,0.6666667,3.0,50.0,0.8136605145413871,0.5103197674418605
32.0,0.6666667,3.0,80.0,0.7929879753914989,0.5101951827242525
32.0,0.6666667,3.0,128.0,0.7623252237136466,0.5097383720930233
32.0,0.6666667,5.0,2.0,0.8234619686800894,0.5093646179401994
32.0,0.6666667,5.0,3.0,0.8234619686800894,0.5093646179401994
32.0,0.6666667,5.0,5.0,0.8234619686800894,0.5093646179401994
32.0,0.6666667,5.0,8.0,0.8234619686800894,0.5093646179401994
32.0,0.6666667,5.0,12.0,0.8230564876957495,0.5100290697674418
32.0,0.6666667,5.0,20.0,0.8215883668903803,0.5095307308970101
32.0,0.6666667,5.0,32.0,0.8195399888143177,0.5083887043189369
32.0,0.6666667,5.0,50.0,0.8097385346756152,0.5073089700996677
32.0,0.6666667,5.0,80.0,0.7898210290827741,0.5110880398671096
32.0,0.6666667,5.0,128.0,0.7606893176733781,0.5102990033222591
32.0,0.6666667,7.0,2.0,0.8217491610738256,0.5108803986710964
32.0,0.6666667,7.0,3.0,0.8217491610738256,0.5108803986710964
32.0,0.6666667,7.0,5.0,0.8217491610738256,0.5108803986710964
32.0,0.6666667,7.0,8.0,0.8217491610738256,0.5108803986710964
32.0,0.6666667,7.0,12.0,0.8217491610738256,0.5108803986710964
32.0,0.6666667,7.0,20.0,0.8207634228187919,0.5097383720930233
32.0,0.6666667,7.0,32.0,0.817498601789709,0.5084925249169435
32.0,0.6666667,7.0,50.0,0.8080746644295302,0.5091777408637874
32.0,0.6666667,7.0,80.0,0.7888702460850112,0.509904485049834
32.0,0.6666667,7.0,128.0,0.7596826062639821,0.5104858803986712
32.0,0.6666667,9.0,2.0,0.8213856263982103,0.5085755813953489
32.0,0.6666667,9.0,3.0,0.8213856263982103,0.5085755813953489
32.0,0.6666667,9.0,5.0,0.8213856263982103,0.5085755813953489
32.0,0.6666667,9.0,8.0,0.8213856263982103,0.5085755813953489
32.0,0.6666667,9.0,12.0,0.8213856263982103,0.5085755813953489
32.0,0.6666667,9.0,20.0,0.8207005033557048,0.5107350498338871
32.0,0.6666667,9.0,32.0,0.8167086129753915,0.509156976744186
32.0,0.6666667,9.0,50.0,0.805746644295302,0.5105274086378737
32.0,0.6666667,9.0,80.0,0.7862136465324385,0.5112126245847176
32.0,0.6666667,9.0,128.0,0.757305648769575,0.5105066445182724
32.0,0.6666667,11.0,2.0,0.819211409395973,0.508139534883721
32.0,0.6666667,11.0,3.0,0.819211409395973,0.508139534883721
32.0,0.6666667,11.0,5.0,0.819211409395973,0.508139534883721
32.0,0.6666667,11.0,8.0,0.819211409395973,0.508139534883721
32.0,0.6666667,11.0,12.0,0.819211409395973,0.508139534883721
32.0,0.6666667,11.0,20.0,0.819211409395973,0.508139534883721
32.0,0.6666667,11.0,32.0,0.8156459731543624,0.5114825581395349
32.0,0.6666667,11.0,50.0,0.8037262304250559,0.5099252491694353
32.0,0.6666667,11.0,80.0,0.7841303131991051,0.511295681063123
32.0,0.6666667,11.0,128.0,0.7552362975391499,0.5119186046511628
32.0,0.6666667,13.0,2.0,0.8160095078299776,0.507828073089701
32.0,0.6666667,13.0,3.0,0.8160095078299776,0.507828073089701
32.0,0.6666667,13.0,5.0,0.8160095078299776,0.507828073089701
32.0,0.6666667,13.0,8.0,0.8160095078299776,0.507828073089701
32.0,0.6666667,13.0,12.0,0.8160095078299776,0.507828073089701
32.0,0.6666667,13.0,20.0,0.8160095078299776,0.507828073089701
32.0,0.6666667,13.0,32.0,0.813408836689038,0.5074335548172757
32.0,0.6666667,13.0,50.0,0.8013352908277405,0.5091569767441861
32.0,0.6666667,13.0,80.0,0.781201062639821,0.510672757475083
32.0,0.6666667,13.0,128.0,0.7534605704697986,0.5102367109634551
32.0,0.6666667,15.0,2.0,0.8120735458612975,0.5085340531561462
32.0,0.6666667,15.0,3.0,0.8120735458612975,0.5085340531561462
32.0,0.6666667,15.0,5.0,0.8120735458612975,0.5085340531561462
32.0,0.6666667,15.0,8.0,0.8120735458612975,0.5085340531561462
32.0,0.6666667,15.0,12.0,0.8120735458612975,0.5085340531561462
32.0,0.6666667,15.0,20.0,0.8120735458612975,0.5085340531561462
32.0,0.6666667,15.0,32.0,0.8115701901565995,0.5093230897009967
32.0,0.6666667,15.0,50.0,0.7984130313199105,0.5103197674418605
32.0,0.6666667,15.0,80.0,0.7802153243847875,0.5099044850498339
32.0,0.6666667,15.0,128.0,0.7509298098434004,0.5104858803986712
32.0,0.6666667,17.0,2.0,0.8072776845637584,0.5094061461794019
32.0,0.6666667,17.0,3.0,0.8072776845637584,0.5094061461794019
32.0,0.6666667,17.0,5.0,0.8072776845637584,0.5094061461794019
32.0,0.6666667,17.0,8.0,0.8072776845637584,0.5094061461794019
32.0,0.6666667,17.0,12.0,0.8072776845637584,0.5094061461794019
32.0,0.6666667,17.0,20.0,0.8072776845637584,0.5094061461794019
32.0,0.6666667,17.0,32.0,0.8072776845637584,0.5094061461794019
32.0,0.6666667,17.0,50.0,0.7972944630872483,0.5097591362126246
32.0,0.6666667,17.0,80.0,0.7769365212527963,0.5101536544850498
32.0,0.6666667,17.0,128.0,0.7483571029082774,0.5095930232558139
32.0,0.6666667,20.0,2.0,0.8003705257270693,0.5116071428571429
32.0,0.6666667,20.0,3.0,0.8003705257270693,0.5116071428571429
32.0,0.6666667,20.0,5.0,0.8003705257270693,0.5116071428571429
32.0,0.6666667,20.0,8.0,0.8003705257270693,0.5116071428571429
32.0,0.6666667,20.0,12.0,0.8003705257270693,0.5116071428571429
32.0,0.6666667,20.0,20.0,0.8003705257270693,0.5116071428571429
32.0,0.6666667,20.0,32.0,0.8003705257270693,0.5116071428571429
32.0,0.6666667,20.0,50.0,0.7949244966442952,0.5103820598006645
32.0,0.6666667,20.0,80.0,0.7732732102908277,0.5097799003322259
32.0,0.6666667,20.0,128.0,0.7463087248322148,0.5110049833887043
32.0,0.7777778,1.0,2.0,0.822832774049217,0.5031353820598007
32.0,0.7777778,1.0,3.0,0.8220427852348994,0.5065406976744187
32.0,0.7777778,1.0,5.0,0.8223154362416107,0.5099252491694353
32.0,0.7777778,1.0,8.0,0.822070749440716,0.5091362126245847
32.0,0.7777778,1.0,12.0,0.8233920581655481,0.5063953488372093
32.0,0.7777778,1.0,20.0,0.8224762304250559,0.5093023255813953
32.0,0.7777778,1.0,32.0,0.8223923378076062,0.5070390365448505
32.0,0.7777778,1.0,50.0,0.8176803691275168,0.5067275747508305
32.0,0.7777778,1.0,80.0,0.7981613534675616,0.5088247508305648
32.0,0.7777778,1.0,128.0,0.7647511185682327,0.509904485049834
32.0,0.7777778,3.0,2.0,0.8224902125279641,0.5077657807308971
32.0,0.7777778,3.0,3.0,0.8224902125279641,0.5077657807308971
32.0,0.7777778,3.0,5.0,0.8224902125279641,0.5077657807308971
32.0,0.7777778,3.0,8.0,0.8222385346756151,0.5064784053156146
32.0,0.7777778,3.0,12.0,0.8224482662192394,0.5085755813953489
32.0,0.7777778,3.0,20.0,0.8211409395973155,0.5090531561461794
32.0,0.7777778,3.0,32.0,0.8208543064876958,0.5093646179401994
32.0,0.7777778,3.0,50.0,0.8145413870246084,0.5086586378737541
32.0,0.7777778,3.0,80.0,0.7950433445190157,0.5085132890365449
32.0,0.7777778,3.0,128.0,0.7640520134228188,0.5100913621262458
32.0,0.7777778,5.0,2.0,0.8221266778523489,0.5069559800664452
32.0,0.7777778,5.0,3.0,0.8221266778523489,0.5069559800664452
32.0,0.7777778,5.0,5.0,0.8221266778523489,0.5069559800664452
32.0,0.7777778,5.0,8.0,0.8221266778523489,0.5069559800664452
32.0,0.7777778,5.0,12.0,0.8216373042505593,0.5070805647840532
32.0,0.7777778,5.0,20.0,0.822224552572707,0.507703488372093
32.0,0.7777778,5.0,32.0,0.8198475950782997,0.5088247508305648
32.0,0.7777778,5.0,50.0,0.8115212527964205,0.5088870431893688
32.0,0.7777778,5.0,80.0,0.7922609060402684,0.5089908637873755
32.0,0.7777778,5.0,128.0,0.7620246085011185,0.5110672757475083
32.0,0.7777778,7.0,2.0,0.8221686241610738,0.5060631229235881
32.0,0.7777778,7.0,3.0,0.8221686241610738,0.5060631229235881
32.0,0.7777778,7.0,5.0,0.8221686241610738,0.5060631229235881
32.0,0.7777778,7.0,8.0,0.8221686241610738,0.5060631229235881
32.0,0.7777778,7.0,12.0,0.8221686241610738,0.5060631229235881
32.0,0.7777778,7.0,20.0,0.8211269574944072,0.5072466777408637
32.0,0.7777778,7.0,32.0,0.8184913310961969,0.508014950166113
32.0,0.7777778,7.0,50.0,0.8091862416107383,0.5064576411960132
32.0,0.7777778,7.0,80.0,0.7889890939597316,0.5106935215946844
32.0,0.7777778,7.0,128.0,0.7615142617449665,0.5090531561461794
32.0,0.7777778,9.0,2.0,0.821015100671141,0.5106519933554818
32.0,0.7777778,9.0,3.0,0.821015100671141,0.5106519933554818
32.0,0.7777778,9.0,5.0,0.821015100671141,0.5106519933554818
32.0,0.7777778,9.0,8.0,0.821015100671141,0.5106519933554818
32.0,0.7777778,9.0,12.0,0.821015100671141,0.5106519933554818
32.0,0.7777778,9.0,20.0,0.8205397091722595,0.5071636212624584
32.0,0.7777778,9.0,32.0,0.817037192393736,0.5083056478405316
32.0,0.7777778,9.0,50.0,0.8072706935123042,0.5096968438538206
32.0,0.7777778,9.0,80.0,0.787304250559284,0.5075581395348838
32.0,0.7777778,9.0,128.0,0.7584521812080537,0.5092192691029901
32.0,0.7777778,11.0,2.0,0.8202111297539151,0.5096345514950166
32.0,0.7777778,11.0,3.0,0.8202111297539151,0.5096345514950166
32.0,0.7777778,11.0,5.0,0.8202111297539151,0.5096345514950166
32.0,0.7777778,11.0,8.0,0.8202111297539151,0.5096345514950166
32.0,0.7777778,11.0,12.0,0.8202111297539151,0.5096345514950166
32.0,0.7777778,11.0,20.0,0.8202111297539151,0.5096345514950166
32.0,0.7777778,11.0,32.0,0.8158836689038031,0.5086171096345515
32.0,0.7777778,11.0,50.0,0.8053341722595079,0.5100290697674419
32.0,0.7777778,11.0,80.0,0.7861437360178971,0.5069144518272426
32.0,0.7777778,11.0,128.0,0.7562430089485458,0.5108181063122924
32.0,0.7777778,13.0,2.0,0.816631711409396,0.5093230897009967
32.0,0.7777778,13.0,3.0,0.816631711409396,0.5093230897009967
32.0,0.7777778,13.0,5.0,0.816631711409396,0.5093230897009967
32.0,0.7777778,13.0,8.0,0.816631711409396,0.5093230897009967
32.0,0.7777778,13.0,12.0,0.816631711409396,0.5093230897009967
32.0,0.7777778,13.0,20.0,0.816631711409396,0.5093230897009967
32.0,0.7777778,13.0,32.0,0.8142967002237137,0.5091985049833887
32.0,0.7777778,13.0,50.0,0.8034675615212528,0.5117524916943521
32.0,0.7777778,13.0,80.0,0.783473154362416,0.5088662790697674
32.0,0.7777778,13.0,128.0,0.7546770134228188,0.5117317275747508
32.0,0.7777778,15.0,2.0,0.8141079418344519,0.5094476744186046
32.0,0.7777778,15.0,3.0,0.8141079418344519,0.5094476744186046
32.0,0.7777778,15.0,5.0,0.8141079418344519,0.5094476744186046
32.0,0.7777778,15.0,8.0,0.8141079418344519,0.5094476744186046
32.0,0.7777778,15.0,12.0,0.8141079418344519,0.5094476744186046
32.0,0.7777778,15.0,20.0,0.8141079418344519,0.5094476744186046
32.0,0.7777778,15.0,32.0,0.812744686800895,0.5091985049833887
32.0,0.7777778,15.0,50.0,0.8024538590604028,0.5100290697674419
32.0,0.7777778,15.0,80.0,0.7812150447427293,0.5105066445182724
32.0,0.7777778,15.0,128.0,0.7517757270693511,0.5103405315614618
32.0,0.7777778,17.0,2.0,0.8095218120805369,0.5100705980066446
32.0,0.7777778,17.0,3.0,0.8095218120805369,0.5100705980066446
32.0,0.7777778,17.0,5.0,0.8095218120805369,0.5100705980066446
32.0,0.7777778,17.0,8.0,0.8095218120805369,0.5100705980066446
32.0,0.7777778,17.0,12.0,0.8095218120805369,0.5100705980066446
32.0,0.7777778,17.0,20.0,0.8095218120805369,0.5100705980066446
32.0,0.7777778,17.0,32.0,0.8095218120805369,0.5100705980066446
32.0,0.7777778,17.0,50.0,0.7992379753914989,0.5081602990033223
32.0,0.7777778,17.0,80.0,0.7786213646532438,0.5093853820598007
32.0,0.7777778,17.0,128.0,0.750153803131991,0.5113995016611296
32.0,0.7777778,20.0,2.0,0.8025377516778522,0.509655315614618
32.0,0.7777778,20.0,3.0,0.8025377516778522,0.509655315614618
32.0,0.7777778,20.0,5.0,0.8025377516778522,0.509655315614618
32.0,0.7777778,20.0,8.0,0.8025377516778522,0.509655315614618
32.0,0.7777778,20.0,12.0,0.8025377516778522,0.509655315614618
32.0,0.7777778,20.0,20.0,0.8025377516778522,0.509655315614618
32.0,0.7777778,20.0,32.0,0.8025377516778522,0.509655315614618
32.0,0.7777778,20.0,50.0,0.7967281879194631,0.5107558139534885
32.0,0.7777778,20.0,80.0,0.7747203579418345,0.5090116279069767
32.0,0.7777778,20.0,128.0,0.7467911073825503,0.5100705980066446
32.0,0.8888889,1.0,2.0,0.8222525167785235,0.5067068106312292
32.0,0.8888889,1.0,3.0,0.822881711409396,0.5068729235880399
32.0,0.8888889,1.0,5.0,0.8216233221476511,0.5093230897009967
32.0,0.8888889,1.0,8.0,0.822734899328859,0.5055855481727575
32.0,0.8888889,1.0,12.0,0.8219938478747203,0.5071843853820598
32.0,0.8888889,1.0,20.0,0.8221406599552573,0.5081187707641196
32.0,0.8888889,1.0,32.0,0.821826062639821,0.5086586378737541
32.0,0.8888889,1.0,50.0,0.8175685123042505,0.5074543189368771
32.0,0.8888889,1.0,80.0,0.7996154921700224,0.5071013289036544
32.0,0.8888889,1.0,128.0,0.7662262304250559,0.5111088039867109
32.0,0.8888889,3.0,2.0,0.82268596196868,0.5083887043189368
32.0,0.8888889,3.0,3.0,0.82268596196868,0.5083887043189368
32.0,0.8888889,3.0,5.0,0.82268596196868,0.5083887043189368
32.0,0.8888889,3.0,8.0,0.8228048098434005,0.5076827242524917
32.0,0.8888889,3.0,12.0,0.8225741051454138,0.506499169435216
32.0,0.8888889,3.0,20.0,0.822273489932886,0.5064576411960132
32.0,0.8888889,3.0,32.0,0.8208403243847874,0.5069767441860465
32.0,0.8888889,3.0,50.0,0.8148350111856824,0.5063953488372093
32.0,0.8888889,3.0,80.0,0.7966512863534676,0.5108181063122924
32.0,0.8888889,3.0,128.0,0.7649958053691275,0.5085548172757475
32.0,0.8888889,5.0,2.0,0.8222664988814318,0.5068521594684385
32.0,0.8888889,5.0,3.0,0.8222664988814318,0.5068521594684385
32.0,0.8888889,5.0,5.0,0.8222664988814318,0.5068521594684385
32.0,0.8888889,5.0,8.0,0.8222664988814318,0.5068521594684385
32.0,0.8888889,5.0,12.0,0.8218470357941834,0.507267441860465
32.0,0.8888889,5.0,20.0,0.8220567673378076,0.5101536544850498
32.0,0.8888889,5.0,32.0,0.8193442393736017,0.5102159468438539
32.0,0.8888889,5.0,50.0,0.81168903803132,0.5096760797342192
32.0,0.8888889,5.0,80.0,0.7938269015659956,0.5100290697674419
32.0,0.8888889,5.0,128.0,0.7632130872483222,0.510921926910299
32.0,0.8888889,7.0,2.0,0.8227418903803132,0.5090739202657807
32.0,0.8888889,7.0,3.0,0.8227418903803132,0.5090739202657807
32.0,0.8888889,7.0,5.0,0.8227418903803132,0.5090739202657807
32.0,0.8888889,7.0,8.0,0.8227418903803132,0.5090739202657807
32.0,0.8888889,7.0,12.0,0.8227418903803132,0.5090739202657807
32.0,0.8888889,7.0,20.0,0.8216093400447427,0.5073920265780731
32.0,0.8888889,7.0,32.0,0.8191694630872484,0.5085963455149501
32.0,0.8888889,7.0,50.0,0.8108221476510067,0.5084509966777409
32.0,0.8888889,7.0,80.0,0.7919463087248323,0.5073504983388704
32.0,0.8888889,7.0,128.0,0.7622133668903803,0.5100083056478406
32.0,0.8888889,9.0,2.0,0.8219519015659955,0.5088870431893688
32.0,0.8888889,9.0,3.0,0.8219519015659955,0.5088870431893688
32.0,0.8888889,9.0,5.0,0.8219519015659955,0.5088870431893688
32.0,0.8888889,9.0,8.0,0.8219519015659955,0.5088870431893688
32.0,0.8888889,9.0,12.0,0.8219519015659955,0.5088870431893688
32.0,0.8888889,9.0,20.0,0.821015100671141,0.5089078073089701
32.0,0.8888889,9.0,32.0,0.8180369127516778,0.5072882059800665
32.0,0.8888889,9.0,50.0,0.808319351230425,0.5087001661129568
32.0,0.8888889,9.0,80.0,0.7890100671140939,0.507641196013289
32.0,0.8888889,9.0,128.0,0.7596476510067114,0.5113787375415282
32.0,0.8888889,11.0,2.0,0.820113255033557,0.5102159468438539
32.0,0.8888889,11.0,3.0,0.820113255033557,0.5102159468438539
32.0,0.8888889,11.0,5.0,0.820113255033557,0.5102159468438539
32.0,0.8888889,11.0,8.0,0.820113255033557,0.5102159468438539
32.0,0.8888889,11.0,12.0,0.820113255033557,0.5102159468438539
32.0,0.8888889,11.0,20.0,0.820113255033557,0.5102159468438539
32.0,0.8888889,11.0,32.0,0.8161003914988815,0.5073504983388705
32.0,0.8888889,11.0,50.0,0.8069630872483222,0.5105689368770764
32.0,0.8888889,11.0,80.0,0.7860878076062641,0.5090531561461794
32.0,0.8888889,11.0,128.0,0.7580327181208053,0.5092607973421928
32.0,0.8888889,13.0,2.0,0.81793903803132,0.5064368770764119
32.0,0.8888889,13.0,3.0,0.81793903803132,0.5064368770764119
32.0,0.8888889,13.0,5.0,0.81793903803132,0.5064368770764119
32.0,0.8888889,13.0,8.0,0.81793903803132,0.5064368770764119
32.0,0.8888889,13.0,12.0,0.81793903803132,0.5064368770764119
32.0,0.8888889,13.0,20.0,0.81793903803132,0.5064368770764119
32.0,0.8888889,13.0,32.0,0.8156809284116331,0.5073920265780731
32.0,0.8888889,13.0,50.0,0.8048937360178972,0.5090531561461794
32.0,0.8888889,13.0,80.0,0.7844658836689038,0.5096137873754152
32.0,0.8888889,13.0,128.0,0.7556417785234899,0.5099252491694353
32.0,0.8888889,15.0,2.0,0.8144505033557048,0.5120016611295681
32.0,0.8888889,15.0,3.0,0.8144505033557048,0.5120016611295681
32.0,0.8888889,15.0,5.0,0.8144505033557048,0.5120016611295681
32.0,0.8888889,15.0,8.0,0.8144505033557048,0.5120016611295681
32.0,0.8888889,15.0,12.0,0.8144505033557048,0.5120016611295681
32.0,0.8888889,15.0,20.0,0.8144505033557048,0.5120016611295681
32.0,0.8888889,15.0,32.0,0.8140450223713647,0.5085963455149501
32.0,0.8888889,15.0,50.0,0.803481543624161,0.5076619601328904
32.0,0.8888889,15.0,80.0,0.7825223713646532,0.5100913621262458
32.0,0.8888889,15.0,128.0,0.753977908277405,0.5093853820598007
32.0,0.8888889,17.0,2.0,0.8108640939597315,0.5082848837209302
32.0,0.8888889,17.0,3.0,0.8108640939597315,0.5082848837209302
32.0,0.8888889,17.0,5.0,0.8108640939597315,0.5082848837209302
32.0,0.8888889,17.0,8.0,0.8108640939597315,0.5082848837209302
32.0,0.8888889,17.0,12.0,0.8108640939597315,0.5082848837209302
32.0,0.8888889,17.0,20.0,0.8108640939597315,0.5082848837209302
32.0,0.8888889,17.0,32.0,0.8108640939597315,0.5082848837209302
32.0,0.8888889,17.0,50.0,0.8014401565995526,0.5092400332225914
32.0,0.8888889,17.0,80.0,0.7802712527964205,0.5109634551495017
32.0,0.8888889,17.0,128.0,0.7526076621923937,0.5091362126245846
32.0,0.8888889,20.0,2.0,0.8041946308724832,0.5075789036544851
32.0,0.8888889,20.0,3.0,0.8041946308724832,0.5075789036544851
32.0,0.8888889,20.0,5.0,0.8041946308724832,0.5075789036544851
32.0,0.8888889,20.0,8.0,0.8041946308724832,0.5075789036544851
32.0,0.8888889,20.0,12.0,0.8041946308724832,0.5075789036544851
32.0,0.8888889,20.0,20.0,0.8041946308724832,0.5075789036544851
32.0,0.8888889,20.0,32.0,0.8041946308724832,0.5075789036544851
32.0,0.8888889,20.0,50.0,0.798084451901566,0.5080980066445183
32.0,0.8888889,20.0,80.0,0.7773489932885906,0.5099875415282392
32.0,0.8888889,20.0,128.0,0.7493568232662192,0.5098421926910299
32.0,1.0,1.0,2.0,0.8229446308724832,0.5069767441860465
32.0,1.0,1.0,3.0,0.8219868568232662,0.5075789036544851
32.0,1.0,1.0,5.0,0.821979865771812,0.5079318936877076
32.0,1.0,1.0,8.0,0.8226719798657719,0.5062292358803987
32.0,1.0,1.0,12.0,0.8224902125279643,0.5060631229235881
32.0,1.0,1.0,20.0,0.8222804809843399,0.5070182724252492
32.0,1.0,1.0,32.0,0.8222804809843401,0.5073712624584716
32.0,1.0,1.0,50.0,0.818400447427293,0.5069975083056478
32.0,1.0,1.0,80.0,0.8009787472035794,0.5098837209302325
32.0,1.0,1.0,128.0,0.767135067114094,0.5089700996677741
32.0,1.0,3.0,2.0,0.8223014541387025,0.5091777408637873
32.0,1.0,3.0,3.0,0.8223014541387025,0.5091777408637873
32.0,1.0,3.0,5.0,0.8223014541387025,0.5091777408637873
32.0,1.0,3.0,8.0,0.8219449105145413,0.5100913621262458
32.0,1.0,3.0,12.0,0.8218610178970917,0.509655315614618
32.0,1.0,3.0,20.0,0.82207774049217,0.5079941860465116
32.0,1.0,3.0,32.0,0.8214835011185683,0.5081187707641196
32.0,1.0,3.0,50.0,0.8156529642058166,0.508326411960133
32.0,1.0,3.0,80.0,0.797734899328859,0.5107350498338871
32.0,1.0,3.0,128.0,0.7664988814317673,0.5084094684385383
32.0,1.0,5.0,2.0,0.8224552572706936,0.5089493355481728
32.0,1.0,5.0,3.0,0.8224552572706936,0.5089493355481728
32.0,1.0,5.0,5.0,0.8224552572706936,0.5089493355481728
32.0,1.0,5.0,8.0,0.8224552572706936,0.5089493355481728
32.0,1.0,5.0,12.0,0.8225601230425056,0.509468438538206
32.0,1.0,5.0,20.0,0.822070749440716,0.507828073089701
32.0,1.0,5.0,32.0,0.8199804250559284,0.5075996677740864
32.0,1.0,5.0,50.0,0.8132410514541387,0.5080564784053155
32.0,1.0,5.0,80.0,0.7951691834451902,0.5098629568106312
32.0,1.0,5.0,128.0,0.7650936800894854,0.5091985049833887
32.0,1.0,7.0,2.0,0.8222455257270693,0.5074958471760798
32.0,1.0,7.0,3.0,0.8222455257270693,0.5074958471760798
32.0,1.0,7.0,5.0,0.8222455257270693,0.5074958471760798
32.0,1.0,7.0,8.0,0.8222455257270693,0.5074958471760798
32.0,1.0,7.0,12.0,0.8222455257270693,0.5074958471760798
32.0,1.0,7.0,20.0,0.8211758948545862,0.5066237541528239
32.0,1.0,7.0,32.0,0.8191974272930649,0.5069767441860465
32.0,1.0,7.0,50.0,0.8118638143176733,0.5082018272425249
32.0,1.0,7.0,80.0,0.7923028523489932,0.5102574750830564
32.0,1.0,7.0,128.0,0.7632200782997762,0.509468438538206
32.0,1.0,9.0,2.0,0.8216163310961969,0.5085132890365449
32.0,1.0,9.0,3.0,0.8216163310961969,0.5085132890365449
32.0,1.0,9.0,5.0,0.8216163310961969,0.5085132890365449
32.0,1.0,9.0,8.0,0.8216163310961969,0.5085132890365449
32.0,1.0,9.0,12.0,0.8216163310961969,0.5085132890365449
32.0,1.0,9.0,20.0,0.8209172259507831,0.5088039867109635
32.0,1.0,9.0,32.0,0.8181417785234899,0.5079318936877076
32.0,1.0,9.0,50.0,0.8095078299776286,0.5101536544850498
32.0,1.0,9.0,80.0,0.7900097874720358,0.5096760797342192
32.0,1.0,9.0,128.0,0.7610668344519016,0.5096345514950166
32.0,1.0,11.0,2.0,0.8198266219239374,0.5083471760797342
32.0,1.0,11.0,3.0,0.8198266219239374,0.5083471760797342
32.0,1.0,11.0,5.0,0.8198266219239374,0.5083471760797342
32.0,1.0,11.0,8.0,0.8198266219239374,0.5083471760797342
32.0,1.0,11.0,12.0,0.8198266219239374,0.5083471760797342
32.0,1.0,11.0,20.0,0.8198266219239374,0.5083471760797342
32.0,1.0,11.0,32.0,0.8170721476510068,0.5076204318936878
32.0,1.0,11.0,50.0,0.8071658277404922,0.5085548172757475
32.0,1.0,11.0,80.0,0.7877726510067113,0.5099252491694352
32.0,1.0,11.0,128.0,0.7591442953020134,0.5098006644518274
32.0,1.0,13.0,2.0,0.8178201901565995,0.5084302325581396
32.0,1.0,13.0,3.0,0.8178201901565995,0.5084302325581396
32.0,1.0,13.0,5.0,0.8178201901565995,0.5084302325581396
32.0,1.0,13.0,8.0,0.8178201901565995,0.5084302325581396
32.0,1.0,13.0,12.0,0.8178201901565995,0.5084302325581396
32.0,1.0,13.0,20.0,0.8178201901565995,0.5084302325581396
32.0,1.0,13.0,32.0,0.8153243847874719,0.5101744186046512
32.0,1.0,13.0,50.0,0.8056487695749441,0.5086586378737541
32.0,1.0,13.0,80.0,0.7855145413870246,0.5094269102990033
32.0,1.0,13.0,128.0,0.7569770693512304,0.5105689368770764
32.0,1.0,15.0,2.0,0.8152335011185683,0.5096137873754153
32.0,1.0,15.0,3.0,0.8152335011185683,0.5096137873754153
32.0,1.0,15.0,5.0,0.8152335011185683,0.5096137873754153
32.0,1.0,15.0,8.0,0.8152335011185683,0.5096137873754153
32.0,1.0,15.0,12.0,0.8152335011185683,0.5096137873754153
32.0,1.0,15.0,20.0,0.8152335011185683,0.5096137873754153
32.0,1.0,15.0,32.0,0.8144015659955258,0.5088039867109634
32.0,1.0,15.0,50.0,0.8038171140939598,0.5093230897009967
32.0,1.0,15.0,80.0,0.7840114653243848,0.5097383720930233
32.0,1.0,15.0,128.0,0.7552083333333333,0.510485880398671
32.0,1.0,17.0,2.0,0.8116331096196868,0.5079734219269103
32.0,1.0,17.0,3.0,0.8116331096196868,0.5079734219269103
32.0,1.0,17.0,5.0,0.8116331096196868,0.5079734219269103
32.0,1.0,17.0,8.0,0.8116331096196868,0.5079734219269103
32.0,1.0,17.0,12.0,0.8116331096196868,0.5079734219269103
32.0,1.0,17.0,20.0,0.8116331096196868,0.5079734219269103
32.0,1.0,17.0,32.0,0.8116331096196868,0.5079734219269103
32.0,1.0,17.0,50.0,0.8023420022371365,0.5079526578073089
32.0,1.0,17.0,80.0,0.7823685682326622,0.5084302325581396
32.0,1.0,17.0,128.0,0.7535304809843401,0.5107142857142857
32.0,1.0,20.0,2.0,0.8053201901565995,0.5090531561461794
32.0,1.0,20.0,3.0,0.8053201901565995,0.5090531561461794
32.0,1.0,20.0,5.0,0.8053201901565995,0.5090531561461794
32.0,1.0,20.0,8.0,0.8053201901565995,0.5090531561461794
32.0,1.0,20.0,12.0,0.8053201901565995,0.5090531561461794
32.0,1.0,20.0,20.0,0.8053201901565995,0.5090531561461794
32.0,1.0,20.0,32.0,0.8053201901565995,0.5090531561461794
32.0,1.0,20.0,50.0,0.7986786912751678,0.5079941860465116
32.0,1.0,20.0,80.0,0.7797469239373601,0.5092192691029901
32.0,1.0,20.0,128.0,0.7502097315436241,0.5091154485049835
50.0,0.0,1.0,2.0,0.8220008389261745,0.5053363787375416
50.0,0.0,1.0,3.0,0.8207774049217003,0.5082225913621262
50.0,0.0,1.0,5.0,0.8225880872483222,0.5094476744186046
50.0,0.0,1.0,8.0,0.8225461409395972,0.5072259136212625
50.0,0.0,1.0,12.0,0.8227838366890381,0.507267441860465
50.0,0.0,1.0,20.0,0.8230215324384786,0.5091154485049834
50.0,0.0,1.0,32.0,0.8196308724832214,0.5100498338870432
50.0,0.0,1.0,50.0,0.8083543064876958,0.5100705980066446
50.0,0.0,1.0,80.0,0.7863324944071588,0.5123961794019933
50.0,0.0,1.0,128.0,0.7550685123042505,0.5131852159468439
50.0,0.0,3.0,2.0,0.8216722595078301,0.5093230897009967
50.0,0.0,3.0,3.0,0.8216722595078301,0.5093230897009967
50.0,0.0,3.0,5.0,0.8216722595078301,0.5093230897009967
50.0,0.0,3.0,8.0,0.821525447427293,0.5123131229235881
50.0,0.0,3.0,12.0,0.822175615212528,0.510984219269103
50.0,0.0,3.0,20.0,0.8213646532438478,0.5088039867109634
50.0,0.0,3.0,32.0,0.8174077181208054,0.5093023255813953
50.0,0.0,3.0,50.0,0.8059284116331096,0.5105897009966778
50.0,0.0,3.0,80.0,0.783920581655481,0.5099252491694353
50.0,0.0,3.0,128.0,0.7531529642058166,0.509343853820598
50.0,0.0,5.0,2.0,0.8231543624161073,0.5128114617940199
50.0,0.0,5.0,3.0,0.8231543624161073,0.5128114617940199
50.0,0.0,5.0,5.0,0.8231543624161073,0.5128114617940199
50.0,0.0,5.0,8.0,0.8231543624161073,0.5128114617940199
50.0,0.0,5.0,12.0,0.8219379194630874,0.5085755813953489
50.0,0.0,5.0,20.0,0.8207634228187919,0.5100083056478406
50.0,0.0,5.0,32.0,0.8147371364653244,0.5104858803986712
50.0,0.0,5.0,50.0,0.8029642058165548,0.5098629568106312
50.0,0.0,5.0,80.0,0.7808864653243848,0.5107558139534883
50.0,0.0,5.0,128.0,0.7493777964205817,0.5125830564784053
50.0,0.0,7.0,2.0,0.8200223713646533,0.5112541528239203
50.0,0.0,7.0,3.0,0.8200223713646533,0.5112541528239203
50.0,0.0,7.0,5.0,0.8200223713646533,0.5112541528239203
50.0,0.0,7.0,8.0,0.8200223713646533,0.5112541528239203
50.0,0.0,7.0,12.0,0.8200223713646533,0.5112541528239203
50.0,0.0,7.0,20.0,0.8185682326621924,0.5100705980066446
50.0,0.0,7.0,32.0,0.8111786912751677,0.5096137873754153
50.0,0.0,7.0,50.0,0.7988534675615212,0.5090531561461794
50.0,0.0,7.0,80.0,0.7757200782997763,0.5111503322259136
50.0,0.0,7.0,128.0,0.745819351230425,0.5121470099667774
50.0,0.0,9.0,2.0,0.8164149888143177,0.5113787375415282
50.0,0.0,9.0,3.0,0.8164149888143177,0.5113787375415282
50.0,0.0,9.0,5.0,0.8164149888143177,0.5113787375415282
50.0,0.0,9.0,8.0,0.8164149888143177,0.5113787375415282
50.0,0.0,9.0,12.0,0.8164149888143177,0.5113787375415282
50.0,0.0,9.0,20.0,0.8145693512304251,0.5098006644518273
50.0,0.0,9.0,32.0,0.8080606823266219,0.5118563122923587
50.0,0.0,9.0,50.0,0.7923657718120806,0.5106312292358803
50.0,0.0,9.0,80.0,0.7709242170022371,0.5139534883720931
50.0,0.0,9.0,128.0,0.7410025167785235,0.5118355481727574
50.0,0.0,11.0,2.0,0.8102069351230424,0.5107765780730897
50.0,0.0,11.0,3.0,0.8102069351230424,0.5107765780730897
50.0,0.0,11.0,5.0,0.8102069351230424,0.5107765780730897
50.0,0.0,11.0,8.0,0.8102069351230424,0.5107765780730897
50.0,0.0,11.0,12.0,0.8102069351230424,0.5107765780730897
50.0,0.0,11.0,20.0,0.8102069351230424,0.5107765780730897
50.0,0.0,11.0,32.0,0.8035794183445191,0.5111088039867109
50.0,0.0,11.0,50.0,0.7881501677852348,0.5148878737541528
50.0,0.0,11.0,80.0,0.7664499440715884,0.5130398671096346
50.0,0.0,11.0,128.0,0.7364793064876958,0.5124169435215947
50.0,0.0,13.0,2.0,0.8023070469798658,0.509281561461794
50.0,0.0,13.0,3.0,0.8023070469798658,0.509281561461794
50.0,0.0,13.0,5.0,0.8023070469798658,0.509281561461794
50.0,0.0,13.0,8.0,0.8023070469798658,0.509281561461794
50.0,0.0,13.0,12.0,0.8023070469798658,0.509281561461794
50.0,0.0,13.0,20.0,0.8023070469798658,0.509281561461794
50.0,0.0,13.0,32.0,0.7990771812080537,0.5098421926910299
50.0,0.0,13.0,50.0,0.7846406599552573,0.5125415282392026
50.0,0.0,13.0,80.0,0.7629474272930649,0.5129152823920266
50.0,0.0,13.0,128.0,0.7316135346756153,0.513060631229236
50.0,0.0,15.0,2.0,0.7962388143176733,0.5123961794019933
50.0,0.0,15.0,3.0,0.7962388143176733,0.5123961794019933
50.0,0.0,15.0,5.0,0.7962388143176733,0.5123961794019933
50.0,0.0,15.0,8.0,0.7962388143176733,0.5123961794019933
50.0,0.0,15.0,12.0,0.7962388143176733,0.5123961794019933
50.0,0.0,15.0,20.0,0.7962388143176733,0.5123961794019933
50.0,0.0,15.0,32.0,0.7942953020134229,0.5115240863787376
50.0,0.0,15.0,50.0,0.780494966442953,0.5131852159468439
50.0,0.0,15.0,80.0,0.7569001677852348,0.5136627906976744
50.0,0.0,15.0,128.0,0.727265100671141,0.5130191029900332
50.0,0.0,17.0,2.0,0.7868148769574944,0.5127906976744186
50.0,0.0,17.0,3.0,0.7868148769574944,0.5127906976744186
50.0,0.0,17.0,5.0,0.7868148769574944,0.5127906976744186
50.0,0.0,17.0,8.0,0.7868148769574944,0.5127906976744186
50.0,0.0,17.0,12.0,0.7868148769574944,0.5127906976744186
50.0,0.0,17.0,20.0,0.7868148769574944,0.5127906976744186
50.0,0.0,17.0,32.0,0.7868148769574944,0.5127906976744186
50.0,0.0,17.0,50.0,0.7757969798657718,0.5112749169435216
50.0,0.0,17.0,80.0,0.7542295861297539,0.5110465116279069
50.0,0.0,17.0,128.0,0.72418903803132,0.5139327242524916
50.0,0.0,20.0,2.0,0.7756361856823266,0.5111710963455149
50.0,0.0,20.0,3.0,0.7756361856823266,0.5111710963455149
50.0,0.0,20.0,5.0,0.7756361856823266,0.5111710963455149
50.0,0.0,20.0,8.0,0.7756361856823266,0.5111710963455149
50.0,0.0,20.0,12.0,0.7756361856823266,0.5111710963455149
50.0,0.0,20.0,20.0,0.7756361856823266,0.5111710963455149
50.0,0.0,20.0,32.0,0.7756361856823266,0.5111710963455149
50.0,0.0,20.0,50.0,0.7688688478747203,0.5091777408637874
50.0,0.0,20.0,80.0,0.7476929530201343,0.5132267441860465
50.0,0.0,20.0,128.0,0.7196728187919463,0.513891196013289
50.0,0.11111111,1.0,2.0,0.8220008389261745,0.5053363787375416
50.0,0.11111111,1.0,3.0,0.8207774049217003,0.5082225913621262
50.0,0.11111111,1.0,5.0,0.8225880872483222,0.5094476744186046
50.0,0.11111111,1.0,8.0,0.8225461409395972,0.5072259136212625
50.0,0.11111111,1.0,12.0,0.8227838366890381,0.507267441860465
50.0,0.11111111,1.0,20.0,0.8230215324384786,0.5091154485049834
50.0,0.11111111,1.0,32.0,0.8196308724832214,0.5100498338870432
50.0,0.11111111,1.0,50.0,0.8083543064876958,0.5100705980066446
50.0,0.11111111,1.0,80.0,0.7863324944071588,0.5123961794019933
50.0,0.11111111,1.0,128.0,0.7550685123042505,0.5131852159468439
50.0,0.11111111,3.0,2.0,0.8216722595078301,0.5093230897009967
50.0,0.11111111,3.0,3.0,0.8216722595078301,0.5093230897009967
50.0,0.11111111,3.0,5.0,0.8216722595078301,0.5093230897009967
50.0,0.11111111,3.0,8.0,0.821525447427293,0.5123131229235881
50.0,0.11111111,3.0,12.0,0.822175615212528,0.510984219269103
50.0,0.11111111,3.0,20.0,0.8213646532438478,0.5088039867109634
50.0,0.11111111,3.0,32.0,0.8174077181208054,0.5093023255813953
50.0,0.11111111,3.0,50.0,0.8059284116331096,0.5105897009966778
50.0,0.11111111,3.0,80.0,0.783920581655481,0.5099252491694353
50.0,0.11111111,3.0,128.0,0.7531529642058166,0.509343853820598
50.0,0.11111111,5.0,2.0,0.8231543624161073,0.5128114617940199
50.0,0.11111111,5.0,3.0,0.8231543624161073,0.5128114617940199
50.0,0.11111111,5.0,5.0,0.8231543624161073,0.5128114617940199
50.0,0.11111111,5.0,8.0,0.8231543624161073,0.5128114617940199
50.0,0.11111111,5.0,12.0,0.8219379194630874,0.5085755813953489
50.0,0.11111111,5.0,20.0,0.8207634228187919,0.5100083056478406
50.0,0.11111111,5.0,32.0,0.8147371364653244,0.5104858803986712
50.0,0.11111111,5.0,50.0,0.8029642058165548,0.5098629568106312
50.0,0.11111111,5.0,80.0,0.7808864653243848,0.5107558139534883
50.0,0.11111111,5.0,128.0,0.7493777964205817,0.5125830564784053
50.0,0.11111111,7.0,2.0,0.8200223713646533,0.5112541528239203
50.0,0.11111111,7.0,3.0,0.8200223713646533,0.5112541528239203
50.0,0.11111111,7.0,5.0,0.8200223713646533,0.5112541528239203
50.0,0.11111111,7.0,8.0,0.8200223713646533,0.5112541528239203
50.0,0.11111111,7.0,12.0,0.8200223713646533,0.5112541528239203
50.0,0.11111111,7.0,20.0,0.8185682326621924,0.5100705980066446
50.0,0.11111111,7.0,32.0,0.8111786912751677,0.5096137873754153
50.0,0.11111111,7.0,50.0,0.7988534675615212,0.5090531561461794
50.0,0.11111111,7.0,80.0,0.7757200782997763,0.5111503322259136
50.0,0.11111111,7.0,128.0,0.745819351230425,0.5121470099667774
50.0,0.11111111,9.0,2.0,0.8164149888143177,0.5113787375415282
50.0,0.11111111,9.0,3.0,0.8164149888143177,0.5113787375415282
50.0,0.11111111,9.0,5.0,0.8164149888143177,0.5113787375415282
50.0,0.11111111,9.0,8.0,0.8164149888143177,0.5113787375415282
50.0,0.11111111,9.0,12.0,0.8164149888143177,0.5113787375415282
50.0,0.11111111,9.0,20.0,0.8145693512304251,0.5098006644518273
50.0,0.11111111,9.0,32.0,0.8080606823266219,0.5118563122923587
50.0,0.11111111,9.0,50.0,0.7923657718120806,0.5106312292358803
50.0,0.11111111,9.0,80.0,0.7709242170022371,0.5139534883720931
50.0,0.11111111,9.0,128.0,0.7410025167785235,0.5118355481727574
50.0,0.11111111,11.0,2.0,0.8102069351230424,0.5107765780730897
50.0,0.11111111,11.0,3.0,0.8102069351230424,0.5107765780730897
50.0,0.11111111,11.0,5.0,0.8102069351230424,0.5107765780730897
50.0,0.11111111,11.0,8.0,0.8102069351230424,0.5107765780730897
50.0,0.11111111,11.0,12.0,0.8102069351230424,0.5107765780730897
50.0,0.11111111,11.0,20.0,0.8102069351230424,0.5107765780730897
50.0,0.11111111,11.0,32.0,0.8035794183445191,0.5111088039867109
50.0,0.11111111,11.0,50.0,0.7881501677852348,0.5148878737541528
50.0,0.11111111,11.0,80.0,0.7664499440715884,0.5130398671096346
50.0,0.11111111,11.0,128.0,0.7364793064876958,0.5124169435215947
50.0,0.11111111,13.0,2.0,0.8023070469798658,0.509281561461794
50.0,0.11111111,13.0,3.0,0.8023070469798658,0.509281561461794
50.0,0.11111111,13.0,5.0,0.8023070469798658,0.509281561461794
50.0,0.11111111,13.0,8.0,0.8023070469798658,0.509281561461794
50.0,0.11111111,13.0,12.0,0.8023070469798658,0.509281561461794
50.0,0.11111111,13.0,20.0,0.8023070469798658,0.509281561461794
50.0,0.11111111,13.0,32.0,0.7990771812080537,0.5098421926910299
50.0,0.11111111,13.0,50.0,0.7846406599552573,0.5125415282392026
50.0,0.11111111,13.0,80.0,0.7629474272930649,0.5129152823920266
50.0,0.11111111,13.0,128.0,0.7316135346756153,0.513060631229236
50.0,0.11111111,15.0,2.0,0.7962388143176733,0.5123961794019933
50.0,0.11111111,15.0,3.0,0.7962388143176733,0.5123961794019933
50.0,0.11111111,15.0,5.0,0.7962388143176733,0.5123961794019933
50.0,0.11111111,15.0,8.0,0.7962388143176733,0.5123961794019933
50.0,0.11111111,15.0,12.0,0.7962388143176733,0.5123961794019933
50.0,0.11111111,15.0,20.0,0.7962388143176733,0.5123961794019933
50.0,0.11111111,15.0,32.0,0.7942953020134229,0.5115240863787376
50.0,0.11111111,15.0,50.0,0.780494966442953,0.5131852159468439
50.0,0.11111111,15.0,80.0,0.7569001677852348,0.5136627906976744
50.0,0.11111111,15.0,128.0,0.727265100671141,0.5130191029900332
50.0,0.11111111,17.0,2.0,0.7868148769574944,0.5127906976744186
50.0,0.11111111,17.0,3.0,0.7868148769574944,0.5127906976744186
50.0,0.11111111,17.0,5.0,0.7868148769574944,0.5127906976744186
50.0,0.11111111,17.0,8.0,0.7868148769574944,0.5127906976744186
50.0,0.11111111,17.0,12.0,0.7868148769574944,0.5127906976744186
50.0,0.11111111,17.0,20.0,0.7868148769574944,0.5127906976744186
50.0,0.11111111,17.0,32.0,0.7868148769574944,0.5127906976744186
50.0,0.11111111,17.0,50.0,0.7757969798657718,0.5112749169435216
50.0,0.11111111,17.0,80.0,0.7542295861297539,0.5110465116279069
50.0,0.11111111,17.0,128.0,0.72418903803132,0.5139327242524916
50.0,0.11111111,20.0,2.0,0.7756361856823266,0.5111710963455149
50.0,0.11111111,20.0,3.0,0.7756361856823266,0.5111710963455149
50.0,0.11111111,20.0,5.0,0.7756361856823266,0.5111710963455149
50.0,0.11111111,20.0,8.0,0.7756361856823266,0.5111710963455149
50.0,0.11111111,20.0,12.0,0.7756361856823266,0.5111710963455149
50.0,0.11111111,20.0,20.0,0.7756361856823266,0.5111710963455149
50.0,0.11111111,20.0,32.0,0.7756361856823266,0.5111710963455149
50.0,0.11111111,20.0,50.0,0.7688688478747203,0.5091777408637874
50.0,0.11111111,20.0,80.0,0.7476929530201343,0.5132267441860465
50.0,0.11111111,20.0,128.0,0.7196728187919463,0.513891196013289
50.0,0.22222222,1.0,2.0,0.8226719798657719,0.5097176079734219
50.0,0.22222222,1.0,3.0,0.8221546420581655,0.5083056478405316
50.0,0.22222222,1.0,5.0,0.8218959731543624,0.5088662790697674
50.0,0.22222222,1.0,8.0,0.8222804809843399,0.5085963455149501
50.0,0.22222222,1.0,12.0,0.8223154362416107,0.5094269102990033
50.0,0.22222222,1.0,20.0,0.8225601230425056,0.5105481727574751
50.0,0.22222222,1.0,32.0,0.8207005033557048,0.5085963455149501
50.0,0.22222222,1.0,50.0,0.8116820469798658,0.5112126245847175
50.0,0.22222222,1.0,80.0,0.7898420022371365,0.5120431893687708
50.0,0.22222222,1.0,128.0,0.7585081096196868,0.5122715946843853
50.0,0.22222222,3.0,2.0,0.8216303131991051,0.5084925249169435
50.0,0.22222222,3.0,3.0,0.8216303131991051,0.5084925249169435
50.0,0.22222222,3.0,5.0,0.8216303131991051,0.5084925249169435
50.0,0.22222222,3.0,8.0,0.8224133109619686,0.5111295681063123
50.0,0.22222222,3.0,12.0,0.8222874720357941,0.5065406976744187
50.0,0.22222222,3.0,20.0,0.8221126957494407,0.5128529900332226
50.0,0.22222222,3.0,32.0,0.8193861856823267,0.5099667774086379
50.0,0.22222222,3.0,50.0,0.8093540268456376,0.5097176079734219
50.0,0.22222222,3.0,80.0,0.7884717561521253,0.5115448504983389
50.0,0.22222222,3.0,128.0,0.7586898769574943,0.5104028239202658
50.0,0.22222222,5.0,2.0,0.8222315436241612,0.507828073089701
50.0,0.22222222,5.0,3.0,0.8222315436241612,0.507828073089701
50.0,0.22222222,5.0,5.0,0.8222315436241612,0.507828073089701
50.0,0.22222222,5.0,8.0,0.8222315436241612,0.507828073089701
50.0,0.22222222,5.0,12.0,0.8220008389261745,0.5098837209302325
50.0,0.22222222,5.0,20.0,0.8206725391498881,0.5094892026578073
50.0,0.22222222,5.0,32.0,0.8167016219239374,0.511233388704319
50.0,0.22222222,5.0,50.0,0.8068092841163311,0.5098421926910299
50.0,0.22222222,5.0,80.0,0.7850461409395973,0.5112541528239203
50.0,0.22222222,5.0,128.0,0.7573755592841163,0.5117732558139535
50.0,0.22222222,7.0,2.0,0.8215324384787472,0.5110049833887043
50.0,0.22222222,7.0,3.0,0.8215324384787472,0.5110049833887043
50.0,0.22222222,7.0,5.0,0.8215324384787472,0.5110049833887043
50.0,0.22222222,7.0,8.0,0.8215324384787472,0.5110049833887043
50.0,0.22222222,7.0,12.0,0.8215324384787472,0.5110049833887043
50.0,0.22222222,7.0,20.0,0.8211549217002239,0.5110672757475083
50.0,0.22222222,7.0,32.0,0.8148070469798657,0.5125830564784053
50.0,0.22222222,7.0,50.0,0.80292225950783,0.5100498338870432
50.0,0.22222222,7.0,80.0,0.7819840604026845,0.5119393687707642
50.0,0.22222222,7.0,128.0,0.7528104026845638,0.5104651162790698
50.0,0.22222222,9.0,2.0,0.8194001677852348,0.5076827242524917
50.0,0.22222222,9.0,3.0,0.8194001677852348,0.5076827242524917
50.0,0.22222222,9.0,5.0,0.8194001677852348,0.5076827242524917
50.0,0.22222222,9.0,8.0,0.8194001677852348,0.5076827242524917
50.0,0.22222222,9.0,12.0,0.8194001677852348,0.5076827242524917
50.0,0.22222222,9.0,20.0,0.8191414988814317,0.5070182724252492
50.0,0.22222222,9.0,32.0,0.8127796420581654,0.512562292358804
50.0,0.22222222,9.0,50.0,0.800349552572707,0.5113995016611296
50.0,0.22222222,9.0,80.0,0.7789569351230425,0.5102574750830564
50.0,0.22222222,9.0,128.0,0.7491750559284116,0.5120639534883721
50.0,0.22222222,11.0,2.0,0.8154432326621924,0.5115240863787376
50.0,0.22222222,11.0,3.0,0.8154432326621924,0.5115240863787376
50.0,0.22222222,11.0,5.0,0.8154432326621924,0.5115240863787376
50.0,0.22222222,11.0,8.0,0.8154432326621924,0.5115240863787376
50.0,0.22222222,11.0,12.0,0.8154432326621924,0.5115240863787376
50.0,0.22222222,11.0,20.0,0.8154432326621924,0.5115240863787376
50.0,0.22222222,11.0,32.0,0.8097595078299775,0.5108803986710964
50.0,0.22222222,11.0,50.0,0.7971196868008948,0.5083056478405316
50.0,0.22222222,11.0,80.0,0.7737975391498881,0.5113372093023256
50.0,0.22222222,11.0,128.0,0.746420581655481,0.5134343853820598
50.0,0.22222222,13.0,2.0,0.8101999440715882,0.5083679401993356
50.0,0.22222222,13.0,3.0,0.8101999440715882,0.5083679401993356
50.0,0.22222222,13.0,5.0,0.8101999440715882,0.5083679401993356
50.0,0.22222222,13.0,8.0,0.8101999440715882,0.5083679401993356
50.0,0.22222222,13.0,12.0,0.8101999440715882,0.5083679401993356
50.0,0.22222222,13.0,20.0,0.8101999440715882,0.5083679401993356
50.0,0.22222222,13.0,32.0,0.8066624720357941,0.509032392026578
50.0,0.22222222,13.0,50.0,0.7936521252796421,0.5123546511627908
50.0,0.22222222,13.0,80.0,0.7713436800894854,0.5130398671096346
50.0,0.22222222,13.0,128.0,0.7433515100671141,0.5102990033222591
50.0,0.22222222,15.0,2.0,0.8036563199105146,0.5111710963455149
50.0,0.22222222,15.0,3.0,0.8036563199105146,0.5111710963455149
50.0,0.22222222,15.0,5.0,0.8036563199105146,0.5111710963455149
50.0,0.22222222,15.0,8.0,0.8036563199105146,0.5111710963455149
50.0,0.22222222,15.0,12.0,0.8036563199105146,0.5111710963455149
50.0,0.22222222,15.0,20.0,0.8036563199105146,0.5111710963455149
50.0,0.22222222,15.0,32.0,0.8030830536912752,0.5087001661129568
50.0,0.22222222,15.0,50.0,0.7901496085011186,0.5118563122923587
50.0,0.22222222,15.0,80.0,0.7683305369127517,0.5115033222591363
50.0,0.22222222,15.0,128.0,0.738464765100671,0.5119601328903655
50.0,0.22222222,17.0,2.0,0.7977209172259508,0.5109011627906976
50.0,0.22222222,17.0,3.0,0.7977209172259508,0.5109011627906976
50.0,0.22222222,17.0,5.0,0.7977209172259508,0.5109011627906976
50.0,0.22222222,17.0,8.0,0.7977209172259508,0.5109011627906976
50.0,0.22222222,17.0,12.0,0.7977209172259508,0.5109011627906976
50.0,0.22222222,17.0,20.0,0.7977209172259508,0.5109011627906976
50.0,0.22222222,17.0,32.0,0.7977209172259508,0.5109011627906976
50.0,0.22222222,17.0,50.0,0.786444351230425,0.5106519933554817
50.0,0.22222222,17.0,80.0,0.7650377516778524,0.510797342192691
50.0,0.22222222,17.0,128.0,0.7366750559284115,0.5127906976744186
50.0,0.22222222,20.0,2.0,0.7880662751677852,0.5090739202657807
50.0,0.22222222,20.0,3.0,0.7880662751677852,0.5090739202657807
50.0,0.22222222,20.0,5.0,0.7880662751677852,0.5090739202657807
50.0,0.22222222,20.0,8.0,0.7880662751677852,0.5090739202657807
50.0,0.22222222,20.0,12.0,0.7880662751677852,0.5090739202657807
50.0,0.22222222,20.0,20.0,0.7880662751677852,0.5090739202657807
50.0,0.22222222,20.0,32.0,0.7880662751677852,0.5090739202657807
50.0,0.22222222,20.0,50.0,0.7811940715883668,0.5103820598006644
50.0,0.22222222,20.0,80.0,0.7598923378076062,0.5111088039867109
50.0,0.22222222,20.0,128.0,0.7319840604026846,0.5104443521594685
50.0,0.33333334,1.0,2.0,0.8225321588366891,0.5077242524916944
50.0,0.33333334,1.0,3.0,0.8218610178970917,0.5083264119601328
50.0,0.33333334,1.0,5.0,0.8226300335570469,0.5071220930232558
50.0,0.33333334,1.0,8.0,0.8223084451901567,0.5110465116279069
50.0,0.33333334,1.0,12.0,0.821413590604027,0.5082225913621262
50.0,0.33333334,1.0,20.0,0.8225321588366891,0.5063330564784053
50.0,0.33333334,1.0,32.0,0.8210430648769576,0.5110257475083056
50.0,0.33333334,1.0,50.0,0.8133668903803132,0.510735049833887
50.0,0.33333334,1.0,80.0,0.7918694071588368,0.5111295681063123
50.0,0.33333334,1.0,128.0,0.761038870246085,0.5115863787375415
50.0,0.33333334,3.0,2.0,0.8220987136465325,0.5101121262458472
50.0,0.33333334,3.0,3.0,0.8220987136465325,0.5101121262458472
50.0,0.33333334,3.0,5.0,0.8220987136465325,0.5101121262458472
50.0,0.33333334,3.0,8.0,0.8228048098434005,0.5084509966777409
50.0,0.33333334,3.0,12.0,0.822881711409396,0.5073089700996677
50.0,0.33333334,3.0,20.0,0.8229236577181208,0.509468438538206
50.0,0.33333334,3.0,32.0,0.8196168903803132,0.5092400332225914
50.0,0.33333334,3.0,50.0,0.8105075503355705,0.5093023255813953
50.0,0.33333334,3.0,80.0,0.7900237695749441,0.5116071428571429
50.0,0.33333334,3.0,128.0,0.7600111856823266,0.5127699335548173
50.0,0.33333334,5.0,2.0,0.8224203020134228,0.5094061461794019
50.0,0.33333334,5.0,3.0,0.8224203020134228,0.5094061461794019
50.0,0.33333334,5.0,5.0,0.8224203020134228,0.5094061461794019
50.0,0.33333334,5.0,8.0,0.8224203020134228,0.5094061461794019
50.0,0.33333334,5.0,12.0,0.8223573825503356,0.5107142857142858
50.0,0.33333334,5.0,20.0,0.8217281879194631,0.5077450166112957
50.0,0.33333334,5.0,32.0,0.8185332774049217,0.510361295681063
50.0,0.33333334,5.0,50.0,0.8078579418344519,0.5093023255813953
50.0,0.33333334,5.0,80.0,0.7884158277404921,0.5111918604651163
50.0,0.33333334,5.0,128.0,0.7579977628635347,0.5131229235880399
50.0,0.33333334,7.0,2.0,0.8218540268456376,0.5084925249169435
50.0,0.33333334,7.0,3.0,0.8218540268456376,0.5084925249169435
50.0,0.33333334,7.0,5.0,0.8218540268456376,0.5084925249169435
50.0,0.33333334,7.0,8.0,0.8218540268456376,0.5084925249169435
50.0,0.33333334,7.0,12.0,0.8218540268456376,0.5084925249169435
50.0,0.33333334,7.0,20.0,0.8208263422818792,0.5091154485049835
50.0,0.33333334,7.0,32.0,0.8170581655480984,0.510984219269103
50.0,0.33333334,7.0,50.0,0.8064107941834452,0.5100083056478406
50.0,0.33333334,7.0,80.0,0.7851999440715883,0.5114410299003322
50.0,0.33333334,7.0,128.0,0.7563618568232663,0.5114825581395348
50.0,0.33333334,9.0,2.0,0.8207913870246084,0.5072259136212625
50.0,0.33333334,9.0,3.0,0.8207913870246084,0.5072259136212625
50.0,0.33333334,9.0,5.0,0.8207913870246084,0.5072259136212625
50.0,0.33333334,9.0,8.0,0.8207913870246084,0.5072259136212625
50.0,0.33333334,9.0,12.0,0.8207913870246084,0.5072259136212625
50.0,0.33333334,9.0,20.0,0.819505033557047,0.5105689368770764
50.0,0.33333334,9.0,32.0,0.814415548098434,0.5076204318936878
50.0,0.33333334,9.0,50.0,0.8033067673378076,0.5101536544850498
50.0,0.33333334,9.0,80.0,0.7820679530201342,0.511233388704319
50.0,0.33333334,9.0,128.0,0.7532088926174497,0.5108596345514951
50.0,0.33333334,11.0,2.0,0.8173587807606264,0.5105274086378737
50.0,0.33333334,11.0,3.0,0.8173587807606264,0.5105274086378737
50.0,0.33333334,11.0,5.0,0.8173587807606264,0.5105274086378737
50.0,0.33333334,11.0,8.0,0.8173587807606264,0.5105274086378737
50.0,0.33333334,11.0,12.0,0.8173587807606264,0.5105274086378737
50.0,0.33333334,11.0,20.0,0.8173587807606264,0.5105274086378737
50.0,0.33333334,11.0,32.0,0.812255313199105,0.5106727574750831
50.0,0.33333334,11.0,50.0,0.8008249440715882,0.5107142857142858
50.0,0.33333334,11.0,80.0,0.7792925055928411,0.5119601328903653
50.0,0.33333334,11.0,128.0,0.7503635346756152,0.5118147840531562
50.0,0.33333334,13.0,2.0,0.8124091163310962,0.510984219269103
50.0,0.33333334,13.0,3.0,0.8124091163310962,0.510984219269103
50.0,0.33333334,13.0,5.0,0.8124091163310962,0.510984219269103
50.0,0.33333334,13.0,8.0,0.8124091163310962,0.510984219269103
50.0,0.33333334,13.0,12.0,0.8124091163310962,0.510984219269103
50.0,0.33333334,13.0,20.0,0.8124091163310962,0.510984219269103
50.0,0.33333334,13.0,32.0,0.8093819910514541,0.5112749169435216
50.0,0.33333334,13.0,50.0,0.7977279082774049,0.5087001661129568
50.0,0.33333334,13.0,80.0,0.7759088366890381,0.5119601328903653
50.0,0.33333334,13.0,128.0,0.7484340044742729,0.5118770764119601
50.0,0.33333334,15.0,2.0,0.807815995525727,0.5096968438538205
50.0,0.33333334,15.0,3.0,0.807815995525727,0.5096968438538205
50.0,0.33333334,15.0,5.0,0.807815995525727,0.5096968438538205
50.0,0.33333334,15.0,8.0,0.807815995525727,0.5096968438538205
50.0,0.33333334,15.0,12.0,0.807815995525727,0.5096968438538205
50.0,0.33333334,15.0,20.0,0.807815995525727,0.5096968438538205
50.0,0.33333334,15.0,32.0,0.8060542505592843,0.5129360465116279
50.0,0.33333334,15.0,50.0,0.794407158836689,0.5091777408637874
50.0,0.33333334,15.0,80.0,0.7725531319910515,0.5130813953488372
50.0,0.33333334,15.0,128.0,0.7443931767337808,0.5114617940199336
50.0,0.33333334,17.0,2.0,0.8019505033557047,0.5069975083056478
50.0,0.33333334,17.0,3.0,0.8019505033557047,0.5069975083056478
50.0,0.33333334,17.0,5.0,0.8019505033557047,0.5069975083056478
50.0,0.33333334,17.0,8.0,0.8019505033557047,0.5069975083056478
50.0,0.33333334,17.0,12.0,0.8019505033557047,0.5069975083056478
50.0,0.33333334,17.0,20.0,0.8019505033557047,0.5069975083056478
50.0,0.33333334,17.0,32.0,0.8019505033557047,0.5069975083056478
50.0,0.33333334,17.0,50.0,0.7911003914988815,0.5120431893687707
50.0,0.33333334,17.0,80.0,0.7706725391498882,0.5117732558139535
50.0,0.33333334,17.0,128.0,0.7410374720357942,0.5120639534883721
50.0,0.33333334,20.0,2.0,0.7920232102908278,0.5117109634551495
50.0,0.33333334,20.0,3.0,0.7920232102908278,0.5117109634551495
50.0,0.33333334,20.0,5.0,0.7920232102908278,0.5117109634551495
50.0,0.33333334,20.0,8.0,0.7920232102908278,0.5117109634551495
50.0,0.33333334,20.0,12.0,0.7920232102908278,0.5117109634551495
50.0,0.33333334,20.0,20.0,0.7920232102908278,0.5117109634551495
50.0,0.33333334,20.0,32.0,0.7920232102908278,0.5117109634551495
50.0,0.33333334,20.0,50.0,0.7868498322147651,0.5088662790697673
50.0,0.33333334,20.0,80.0,0.765170581655481,0.5106519933554817
50.0,0.33333334,20.0,128.0,0.7370385906040269,0.5120431893687707
50.0,0.44444445,1.0,2.0,0.821322706935123,0.5059800664451827
50.0,0.44444445,1.0,3.0,0.8218050894854587,0.5058347176079734
50.0,0.44444445,1.0,5.0,0.8217631431767337,0.5084302325581396
50.0,0.44444445,1.0,8.0,0.8219938478747203,0.5072882059800665
50.0,0.44444445,1.0,12.0,0.8224063199105146,0.5085548172757475
50.0,0.44444445,1.0,20.0,0.8226510067114094,0.5081187707641196
50.0,0.44444445,1.0,32.0,0.8215324384787472,0.5089285714285714
50.0,0.44444445,1.0,50.0,0.8150097874720359,0.510610465116279
50.0,0.44444445,1.0,80.0,0.7930998322147651,0.5120847176079735
50.0,0.44444445,1.0,128.0,0.7630872483221476,0.5107765780730897
50.0,0.44444445,3.0,2.0,0.8222105704697986,0.5067898671096345
50.0,0.44444445,3.0,3.0,0.8222105704697986,0.5067898671096345
50.0,0.44444445,3.0,5.0,0.8222105704697986,0.5067898671096345
50.0,0.44444445,3.0,8.0,0.8231473713646533,0.509343853820598
50.0,0.44444445,3.0,12.0,0.8225880872483222,0.5086794019933555
50.0,0.44444445,3.0,20.0,0.8218470357941834,0.5099667774086379
50.0,0.44444445,3.0,32.0,0.8195819351230427,0.5101328903654485
50.0,0.44444445,3.0,50.0,0.8118917785234899,0.5090116279069767
50.0,0.44444445,3.0,80.0,0.7921630313199105,0.5104651162790698
50.0,0.44444445,3.0,128.0,0.7614793064876957,0.5109634551495017
50.0,0.44444445,5.0,2.0,0.8235248881431767,0.5108596345514951
50.0,0.44444445,5.0,3.0,0.8235248881431767,0.5108596345514951
50.0,0.44444445,5.0,5.0,0.8235248881431767,0.5108596345514951
50.0,0.44444445,5.0,8.0,0.8235248881431767,0.5108596345514951
50.0,0.44444445,5.0,12.0,0.8229725950782998,0.5086586378737541
50.0,0.44444445,5.0,20.0,0.8216303131991051,0.5089285714285714
50.0,0.44444445,5.0,32.0,0.8190366331096197,0.5068729235880399
50.0,0.44444445,5.0,50.0,0.8096756152125281,0.5114202657807309
50.0,0.44444445,5.0,80.0,0.7898979306487696,0.5105897009966778
50.0,0.44444445,5.0,128.0,0.7602628635346755,0.5106519933554817
50.0,0.44444445,7.0,2.0,0.8217701342281879,0.5082433554817276
50.0,0.44444445,7.0,3.0,0.8217701342281879,0.5082433554817276
50.0,0.44444445,7.0,5.0,0.8217701342281879,0.5082433554817276
50.0,0.44444445,7.0,8.0,0.8217701342281879,0.5082433554817276
50.0,0.44444445,7.0,12.0,0.8217701342281879,0.5082433554817276
50.0,0.44444445,7.0,20.0,0.8215394295302014,0.5099875415282392
50.0,0.44444445,7.0,32.0,0.817897091722595,0.5090531561461794
50.0,0.44444445,7.0,50.0,0.8072916666666666,0.5099667774086379
50.0,0.44444445,7.0,80.0,0.7869826621923938,0.5088870431893688
50.0,0.44444445,7.0,128.0,0.7578439597315436,0.510797342192691
50.0,0.44444445,9.0,2.0,0.8203299776286354,0.5091154485049834
50.0,0.44444445,9.0,3.0,0.8203299776286354,0.5091154485049834
50.0,0.44444445,9.0,5.0,0.8203299776286354,0.5091154485049834
50.0,0.44444445,9.0,8.0,0.8203299776286354,0.5091154485049834
50.0,0.44444445,9.0,12.0,0.8203299776286354,0.5091154485049834
50.0,0.44444445,9.0,20.0,0.8202530760626399,0.5095099667774086
50.0,0.44444445,9.0,32.0,0.8162332214765101,0.5078488372093023
50.0,0.44444445,9.0,50.0,0.8047539149888143,0.5111088039867109
50.0,0.44444445,9.0,80.0,0.7839555369127517,0.5106519933554817
50.0,0.44444445,9.0,128.0,0.7552362975391499,0.510921926910299
50.0,0.44444445,11.0,2.0,0.8187290268456376,0.507703488372093
50.0,0.44444445,11.0,3.0,0.8187290268456376,0.507703488372093
50.0,0.44444445,11.0,5.0,0.8187290268456376,0.507703488372093
50.0,0.44444445,11.0,8.0,0.8187290268456376,0.507703488372093
50.0,0.44444445,11.0,12.0,0.8187290268456376,0.507703488372093
50.0,0.44444445,11.0,20.0,0.8187290268456376,0.507703488372093
50.0,0.44444445,11.0,32.0,0.8131222035794183,0.5098629568106312
50.0,0.44444445,11.0,50.0,0.8020064317673379,0.5096968438538206
50.0,0.44444445,11.0,80.0,0.78084451901566,0.5097176079734219
50.0,0.44444445,11.0,128.0,0.752971196868009,0.510797342192691
50.0,0.44444445,13.0,2.0,0.8146462527964206,0.5102990033222591
50.0,0.44444445,13.0,3.0,0.8146462527964206,0.5102990033222591
50.0,0.44444445,13.0,5.0,0.8146462527964206,0.5102990033222591
50.0,0.44444445,13.0,8.0,0.8146462527964206,0.5102990033222591
50.0,0.44444445,13.0,12.0,0.8146462527964206,0.5102990033222591
50.0,0.44444445,13.0,20.0,0.8146462527964206,0.5102990033222591
50.0,0.44444445,13.0,32.0,0.8115002796420582,0.5095722591362126
50.0,0.44444445,13.0,50.0,0.7989233780760626,0.5115448504983389
50.0,0.44444445,13.0,80.0,0.7781879194630872,0.5128529900332226
50.0,0.44444445,13.0,128.0,0.7494477069351231,0.5103820598006645
50.0,0.44444445,15.0,2.0,0.8090044742729307,0.510672757475083
50.0,0.44444445,15.0,3.0,0.8090044742729307,0.510672757475083
50.0,0.44444445,15.0,5.0,0.8090044742729307,0.510672757475083
50.0,0.44444445,15.0,8.0,0.8090044742729307,0.510672757475083
50.0,0.44444445,15.0,12.0,0.8090044742729307,0.510672757475083
50.0,0.44444445,15.0,20.0,0.8090044742729307,0.510672757475083
50.0,0.44444445,15.0,32.0,0.8086968680089486,0.5120224252491694
50.0,0.44444445,15.0,50.0,0.7966862416107382,0.5090531561461794
50.0,0.44444445,15.0,80.0,0.7754334451901566,0.5135797342192691
50.0,0.44444445,15.0,128.0,0.7457704138702461,0.5113787375415282
50.0,0.44444445,17.0,2.0,0.8038031319910515,0.5095099667774086
50.0,0.44444445,17.0,3.0,0.8038031319910515,0.5095099667774086
50.0,0.44444445,17.0,5.0,0.8038031319910515,0.5095099667774086
50.0,0.44444445,17.0,8.0,0.8038031319910515,0.5095099667774086
50.0,0.44444445,17.0,12.0,0.8038031319910515,0.5095099667774086
50.0,0.44444445,17.0,20.0,0.8038031319910515,0.5095099667774086
50.0,0.44444445,17.0,32.0,0.8038031319910515,0.5095099667774086
50.0,0.44444445,17.0,50.0,0.7946518456375838,0.5090323920265781
50.0,0.44444445,17.0,80.0,0.7725391498881431,0.5107558139534885
50.0,0.44444445,17.0,128.0,0.7436730984340045,0.5122300664451827
50.0,0.44444445,20.0,2.0,0.7956515659955257,0.5110465116279069
50.0,0.44444445,20.0,3.0,0.7956515659955257,0.5110465116279069
50.0,0.44444445,20.0,5.0,0.7956515659955257,0.5110465116279069
50.0,0.44444445,20.0,8.0,0.7956515659955257,0.5110465116279069
50.0,0.44444445,20.0,12.0,0.7956515659955257,0.5110465116279069
50.0,0.44444445,20.0,20.0,0.7956515659955257,0.5110465116279069
50.0,0.44444445,20.0,32.0,0.7956515659955257,0.5110465116279069
50.0,0.44444445,20.0,50.0,0.789261744966443,0.5116071428571429
50.0,0.44444445,20.0,80.0,0.7685402684563758,0.5106312292358803
50.0,0.44444445,20.0,128.0,0.7397930648769575,0.511295681063123
50.0,0.5555556,1.0,2.0,0.822930648769575,0.5079734219269103
50.0,0.5555556,1.0,3.0,0.8219309284116332,0.5068313953488371
50.0,0.5555556,1.0,5.0,0.8221336689038031,0.5087209302325582
50.0,0.5555556,1.0,8.0,0.822581096196868,0.5087001661129568
50.0,0.5555556,1.0,12.0,0.8218540268456376,0.5093646179401994
50.0,0.5555556,1.0,20.0,0.8223923378076062,0.5071013289036544
50.0,0.5555556,1.0,32.0,0.821168903803132,0.5081187707641196
50.0,0.5555556,1.0,50.0,0.8153663310961969,0.5087209302325582
50.0,0.5555556,1.0,80.0,0.7953229865771811,0.5092192691029901
50.0,0.5555556,1.0,128.0,0.7636045861297539,0.5096553156146179
50.0,0.5555556,3.0,2.0,0.8230215324384786,0.5101536544850498
50.0,0.5555556,3.0,3.0,0.8230215324384786,0.5101536544850498
50.0,0.5555556,3.0,5.0,0.8230215324384786,0.5101536544850498
50.0,0.5555556,3.0,8.0,0.8210780201342281,0.509343853820598
50.0,0.5555556,3.0,12.0,0.8225251677852349,0.5087416943521594
50.0,0.5555556,3.0,20.0,0.8219868568232662,0.5097799003322259
50.0,0.5555556,3.0,32.0,0.8199524608501119,0.5113995016611296
50.0,0.5555556,3.0,50.0,0.8123112416107382,0.5084509966777409
50.0,0.5555556,3.0,80.0,0.7930299217002237,0.5087001661129568
50.0,0.5555556,3.0,128.0,0.7626887583892618,0.5116279069767442
50.0,0.5555556,5.0,2.0,0.8224902125279643,0.5067483388704319
50.0,0.5555556,5.0,3.0,0.8224902125279643,0.5067483388704319
50.0,0.5555556,5.0,5.0,0.8224902125279643,0.5067483388704319
50.0,0.5555556,5.0,8.0,0.8224902125279643,0.5067483388704319
50.0,0.5555556,5.0,12.0,0.8231124161073826,0.5091569767441861
50.0,0.5555556,5.0,20.0,0.8212737695749441,0.5070598006644518
50.0,0.5555556,5.0,32.0,0.818596196868009,0.5115033222591363
50.0,0.5555556,5.0,50.0,0.8101510067114095,0.5080980066445183
50.0,0.5555556,5.0,80.0,0.7901076621923938,0.5093230897009967
50.0,0.5555556,5.0,128.0,0.761136744966443,0.510735049833887
50.0,0.5555556,7.0,2.0,0.82207774049217,0.5084094684385383
50.0,0.5555556,7.0,3.0,0.82207774049217,0.5084094684385383
50.0,0.5555556,7.0,5.0,0.82207774049217,0.5084094684385383
50.0,0.5555556,7.0,8.0,0.82207774049217,0.5084094684385383
50.0,0.5555556,7.0,12.0,0.82207774049217,0.5084094684385383
50.0,0.5555556,7.0,20.0,0.8218400447427292,0.5094061461794019
50.0,0.5555556,7.0,32.0,0.8182046979865772,0.5092400332225914
50.0,0.5555556,7.0,50.0,0.8080676733780761,0.5093853820598007
50.0,0.5555556,7.0,80.0,0.7876957494407159,0.5095099667774086
50.0,0.5555556,7.0,128.0,0.7592142058165547,0.5086586378737541
50.0,0.5555556,9.0,2.0,0.8210290827740492,0.5079526578073089
50.0,0.5555556,9.0,3.0,0.8210290827740492,0.5079526578073089
50.0,0.5555556,9.0,5.0,0.8210290827740492,0.5079526578073089
50.0,0.5555556,9.0,8.0,0.8210290827740492,0.5079526578073089
50.0,0.5555556,9.0,12.0,0.8210290827740492,0.5079526578073089
50.0,0.5555556,9.0,20.0,0.8209661633109618,0.5115240863787376
50.0,0.5555556,9.0,32.0,0.8165967561521252,0.5096553156146179
50.0,0.5555556,9.0,50.0,0.8055648769574943,0.5107142857142858
50.0,0.5555556,9.0,80.0,0.785787192393736,0.5111710963455149
50.0,0.5555556,9.0,128.0,0.7570190156599553,0.5090531561461794
50.0,0.5555556,11.0,2.0,0.8191205257270694,0.5095099667774086
50.0,0.5555556,11.0,3.0,0.8191205257270694,0.5095099667774086
50.0,0.5555556,11.0,5.0,0.8191205257270694,0.5095099667774086
50.0,0.5555556,11.0,8.0,0.8191205257270694,0.5095099667774086
50.0,0.5555556,11.0,12.0,0.8191205257270694,0.5095099667774086
50.0,0.5555556,11.0,20.0,0.8191205257270694,0.5095099667774086
50.0,0.5555556,11.0,32.0,0.8148559843400447,0.5098837209302325
50.0,0.5555556,11.0,50.0,0.8030480984340045,0.5116486710963455
50.0,0.5555556,11.0,80.0,0.7824804250559284,0.5103405315614618
50.0,0.5555556,11.0,128.0,0.7534955257270693,0.509032392026578
50.0,0.5555556,13.0,2.0,0.8152894295302013,0.5112541528239203
50.0,0.5555556,13.0,3.0,0.8152894295302013,0.5112541528239203
50.0,0.5555556,13.0,5.0,0.8152894295302013,0.5112541528239203
50.0,0.5555556,13.0,8.0,0.8152894295302013,0.5112541528239203
50.0,0.5555556,13.0,12.0,0.8152894295302013,0.5112541528239203
50.0,0.5555556,13.0,20.0,0.8152894295302013,0.5112541528239203
50.0,0.5555556,13.0,32.0,0.811647091722595,0.5087624584717607
50.0,0.5555556,13.0,50.0,0.8001258389261745,0.5094269102990033
50.0,0.5555556,13.0,80.0,0.7807256711409396,0.5121054817275748
50.0,0.5555556,13.0,128.0,0.7514960850111857,0.509468438538206
50.0,0.5555556,15.0,2.0,0.8118847874720357,0.5122300664451827
50.0,0.5555556,15.0,3.0,0.8118847874720357,0.5122300664451827
50.0,0.5555556,15.0,5.0,0.8118847874720357,0.5122300664451827
50.0,0.5555556,15.0,8.0,0.8118847874720357,0.5122300664451827
50.0,0.5555556,15.0,12.0,0.8118847874720357,0.5122300664451827
50.0,0.5555556,15.0,20.0,0.8118847874720357,0.5122300664451827
50.0,0.5555556,15.0,32.0,0.8099692393736018,0.511233388704319
50.0,0.5555556,15.0,50.0,0.7981124161073826,0.5115033222591362
50.0,0.5555556,15.0,80.0,0.7769015659955257,0.5097383720930233
50.0,0.5555556,15.0,128.0,0.7491750559284116,0.5088247508305648
50.0,0.5555556,17.0,2.0,0.8061940715883669,0.5090946843853821
50.0,0.5555556,17.0,3.0,0.8061940715883669,0.5090946843853821
50.0,0.5555556,17.0,5.0,0.8061940715883669,0.5090946843853821
50.0,0.5555556,17.0,8.0,0.8061940715883669,0.5090946843853821
50.0,0.5555556,17.0,12.0,0.8061940715883669,0.5090946843853821
50.0,0.5555556,17.0,20.0,0.8061940715883669,0.5090946843853821
50.0,0.5555556,17.0,32.0,0.8061940715883669,0.5090946843853821
50.0,0.5555556,17.0,50.0,0.7959102348993289,0.5115033222591363
50.0,0.5555556,17.0,80.0,0.7741750559284116,0.5102159468438539
50.0,0.5555556,17.0,128.0,0.7461199664429531,0.5105066445182724
50.0,0.5555556,20.0,2.0,0.7975391498881431,0.5093230897009967
50.0,0.5555556,20.0,3.0,0.7975391498881431,0.5093230897009967
50.0,0.5555556,20.0,5.0,0.7975391498881431,0.5093230897009967
50.0,0.5555556,20.0,8.0,0.7975391498881431,0.5093230897009967
50.0,0.5555556,20.0,12.0,0.7975391498881431,0.5093230897009967
50.0,0.5555556,20.0,20.0,0.7975391498881431,0.5093230897009967
50.0,0.5555556,20.0,32.0,0.7975391498881431,0.5093230897009967
50.0,0.5555556,20.0,50.0,0.7912402125279642,0.5127699335548173
50.0,0.5555556,20.0,80.0,0.7710989932885906,0.5084094684385382
50.0,0.5555556,20.0,128.0,0.7422958612975392,0.5112126245847176
50.0,0.6666667,1.0,2.0,0.8223294183445191,0.5060423588039867
50.0,0.6666667,1.0,3.0,0.821217841163311,0.5104028239202658
50.0,0.6666667,1.0,5.0,0.8217701342281879,0.5099667774086379
50.0,0.6666667,1.0,8.0,0.8224063199105146,0.5086794019933555
50.0,0.6666667,1.0,12.0,0.8223364093959731,0.5099044850498339
50.0,0.6666667,1.0,20.0,0.8224832214765101,0.5069767441860465
50.0,0.6666667,1.0,32.0,0.8229236577181208,0.5079941860465116
50.0,0.6666667,1.0,50.0,0.8177502796420582,0.5086378737541528
50.0,0.6666667,1.0,80.0,0.798084451901566,0.5077657807308971
50.0,0.6666667,1.0,128.0,0.7654362416107382,0.5091154485049834
50.0,0.6666667,3.0,2.0,0.8221057046979865,0.5074127906976744
50.0,0.6666667,3.0,3.0,0.8221057046979865,0.5074127906976744
50.0,0.6666667,3.0,5.0,0.8221057046979865,0.5074127906976744
50.0,0.6666667,3.0,8.0,0.8224203020134228,0.5085963455149501
50.0,0.6666667,3.0,12.0,0.8216932326621924,0.5098421926910299
50.0,0.6666667,3.0,20.0,0.8228747203579418,0.5064161129568105
50.0,0.6666667,3.0,32.0,0.8205327181208053,0.5085755813953489
50.0,0.6666667,3.0,50.0,0.814415548098434,0.5102367109634551
50.0,0.6666667,3.0,80.0,0.7959381991051455,0.511295681063123
50.0,0.6666667,3.0,128.0,0.7641498881431767,0.5101328903654485
50.0,0.6666667,5.0,2.0,0.8215534116331096,0.5097176079734219
50.0,0.6666667,5.0,3.0,0.8215534116331096,0.5097176079734219
50.0,0.6666667,5.0,5.0,0.8215534116331096,0.5097176079734219
50.0,0.6666667,5.0,8.0,0.8215534116331096,0.5097176079734219
50.0,0.6666667,5.0,12.0,0.8224902125279643,0.5085340531561462
50.0,0.6666667,5.0,20.0,0.8222385346756151,0.5094476744186046
50.0,0.6666667,5.0,32.0,0.8195609619686801,0.5097591362126246
50.0,0.6666667,5.0,50.0,0.8118288590604028,0.5080772425249169
50.0,0.6666667,5.0,80.0,0.792491610738255,0.510672757475083
50.0,0.6666667,5.0,128.0,0.764163870246085,0.5102574750830564
50.0,0.6666667,7.0,2.0,0.8221546420581655,0.5075581395348838
50.0,0.6666667,7.0,3.0,0.8221546420581655,0.5075581395348838
50.0,0.6666667,7.0,5.0,0.8221546420581655,0.5075581395348838
50.0,0.6666667,7.0,8.0,0.8221546420581655,0.5075581395348838
50.0,0.6666667,7.0,12.0,0.8221546420581655,0.5075581395348838
50.0,0.6666667,7.0,20.0,0.821413590604027,0.5096760797342192
50.0,0.6666667,7.0,32.0,0.8189317673378076,0.5085963455149501
50.0,0.6666667,7.0,50.0,0.8088856263982104,0.5094476744186046
50.0,0.6666667,7.0,80.0,0.7905480984340045,0.5095099667774086
50.0,0.6666667,7.0,128.0,0.761444351230425,0.5104858803986712
50.0,0.6666667,9.0,2.0,0.8208053691275168,0.510672757475083
50.0,0.6666667,9.0,3.0,0.8208053691275168,0.510672757475083
50.0,0.6666667,9.0,5.0,0.8208053691275168,0.510672757475083
50.0,0.6666667,9.0,8.0,0.8208053691275168,0.510672757475083
50.0,0.6666667,9.0,12.0,0.8208053691275168,0.510672757475083
50.0,0.6666667,9.0,20.0,0.820511744966443,0.509468438538206
50.0,0.6666667,9.0,32.0,0.8172609060402685,0.5097176079734219
50.0,0.6666667,9.0,50.0,0.8077390939597315,0.5104443521594685
50.0,0.6666667,9.0,80.0,0.7883319351230426,0.5096760797342192
50.0,0.6666667,9.0,128.0,0.7598014541387025,0.510984219269103
50.0,0.6666667,11.0,2.0,0.8187779642058166,0.5076619601328904
50.0,0.6666667,11.0,3.0,0.8187779642058166,0.5076619601328904
50.0,0.6666667,11.0,5.0,0.8187779642058166,0.5076619601328904
50.0,0.6666667,11.0,8.0,0.8187779642058166,0.5076619601328904
50.0,0.6666667,11.0,12.0,0.8187779642058166,0.5076619601328904
50.0,0.6666667,11.0,20.0,0.8187779642058166,0.5076619601328904
50.0,0.6666667,11.0,32.0,0.8156739373601789,0.5102782392026578
50.0,0.6666667,11.0,50.0,0.8048308165548098,0.5098837209302326
50.0,0.6666667,11.0,80.0,0.7855215324384788,0.50953073089701
50.0,0.6666667,11.0,128.0,0.7570329977628635,0.5105481727574751
50.0,0.6666667,13.0,2.0,0.8172399328859059,0.5087209302325582
50.0,0.6666667,13.0,3.0,0.8172399328859059,0.5087209302325582
50.0,0.6666667,13.0,5.0,0.8172399328859059,0.5087209302325582
50.0,0.6666667,13.0,8.0,0.8172399328859059,0.5087209302325582
50.0,0.6666667,13.0,12.0,0.8172399328859059,0.5087209302325582
50.0,0.6666667,13.0,20.0,0.8172399328859059,0.5087209302325582
50.0,0.6666667,13.0,32.0,0.8148629753914989,0.5095514950166112
50.0,0.6666667,13.0,50.0,0.8034395973154362,0.5113372093023256
50.0,0.6666667,13.0,80.0,0.7836269574944071,0.5108388704318937
50.0,0.6666667,13.0,128.0,0.7550964765100672,0.5106519933554817
50.0,0.6666667,15.0,2.0,0.8130383109619685,0.5091569767441861
50.0,0.6666667,15.0,3.0,0.8130383109619685,0.5091569767441861
50.0,0.6666667,15.0,5.0,0.8130383109619685,0.5091569767441861
50.0,0.6666667,15.0,8.0,0.8130383109619685,0.5091569767441861
50.0,0.6666667,15.0,12.0,0.8130383109619685,0.5091569767441861
50.0,0.6666667,15.0,20.0,0.8130383109619685,0.5091569767441861
50.0,0.6666667,15.0,32.0,0.8127796420581654,0.507578903654485
50.0,0.6666667,15.0,50.0,0.8009228187919464,0.5095722591362126
50.0,0.6666667,15.0,80.0,0.7820749440715884,0.5102574750830564
50.0,0.6666667,15.0,128.0,0.7530760626398211,0.5120639534883721
50.0,0.6666667,17.0,2.0,0.8088087248322147,0.5100083056478406
50.0,0.6666667,17.0,3.0,0.8088087248322147,0.5100083056478406
50.0,0.6666667,17.0,5.0,0.8088087248322147,0.5100083056478406
50.0,0.6666667,17.0,8.0,0.8088087248322147,0.5100083056478406
50.0,0.6666667,17.0,12.0,0.8088087248322147,0.5100083056478406
50.0,0.6666667,17.0,20.0,0.8088087248322147,0.5100083056478406
50.0,0.6666667,17.0,32.0,0.8088087248322147,0.5100083056478406
50.0,0.6666667,17.0,50.0,0.7986996644295302,0.5091362126245846
50.0,0.6666667,17.0,80.0,0.7775657158836689,0.5090116279069767
50.0,0.6666667,17.0,128.0,0.7498531879194631,0.5088662790697674
50.0,0.6666667,20.0,2.0,0.8012933445190157,0.510984219269103
50.0,0.6666667,20.0,3.0,0.8012933445190157,0.510984219269103
50.0,0.6666667,20.0,5.0,0.8012933445190157,0.510984219269103
50.0,0.6666667,20.0,8.0,0.8012933445190157,0.510984219269103
50.0,0.6666667,20.0,12.0,0.8012933445190157,0.510984219269103
50.0,0.6666667,20.0,20.0,0.8012933445190157,0.510984219269103
50.0,0.6666667,20.0,32.0,0.8012933445190157,0.510984219269103
50.0,0.6666667,20.0,50.0,0.7958403243847875,0.5096760797342192
50.0,0.6666667,20.0,80.0,0.7745525727069351,0.5093230897009967
50.0,0.6666667,20.0,128.0,0.7476090604026846,0.5112749169435216
50.0,0.7777778,1.0,2.0,0.8224063199105146,0.5051287375415282
50.0,0.7777778,1.0,3.0,0.8218680089485458,0.5065822259136212
50.0,0.7777778,1.0,5.0,0.8220427852348994,0.5096553156146179
50.0,0.7777778,1.0,8.0,0.8225041946308724,0.5074958471760798
50.0,0.7777778,1.0,12.0,0.8225391498881433,0.5051910299003322
50.0,0.7777778,1.0,20.0,0.822832774049217,0.5075373754152823
50.0,0.7777778,1.0,32.0,0.8221686241610738,0.5072051495016611
50.0,0.7777778,1.0,50.0,0.8190226510067113,0.5086586378737541
50.0,0.7777778,1.0,80.0,0.799846196868009,0.5091362126245846
50.0,0.7777778,1.0,128.0,0.7663171140939598,0.5105274086378737
50.0,0.7777778,3.0,2.0,0.8226649888143177,0.5051910299003322
50.0,0.7777778,3.0,3.0,0.8226649888143177,0.5051910299003322
50.0,0.7777778,3.0,5.0,0.8226649888143177,0.5051910299003322
50.0,0.7777778,3.0,8.0,0.8231823266219239,0.5067483388704319
50.0,0.7777778,3.0,12.0,0.8220847315436242,0.5086586378737541
50.0,0.7777778,3.0,20.0,0.8219938478747203,0.5079318936877076
50.0,0.7777778,3.0,32.0,0.8203789149888143,0.5087209302325582
50.0,0.7777778,3.0,50.0,0.8153593400447428,0.5068521594684385
50.0,0.7777778,3.0,80.0,0.7972245525727069,0.5097591362126246
50.0,0.7777778,3.0,128.0,0.7663590604026845,0.5090739202657807
50.0,0.7777778,5.0,2.0,0.8220917225950783,0.5079318936877076
50.0,0.7777778,5.0,3.0,0.8220917225950783,0.5079318936877076
50.0,0.7777778,5.0,5.0,0.8220917225950783,0.5079318936877076
50.0,0.7777778,5.0,8.0,0.8220917225950783,0.5079318936877076
50.0,0.7777778,5.0,12.0,0.8218190715883669,0.5081602990033223
50.0,0.7777778,5.0,20.0,0.8215534116331096,0.509032392026578
50.0,0.7777778,5.0,32.0,0.8198196308724832,0.5073089700996678
50.0,0.7777778,5.0,50.0,0.8123531879194632,0.5085132890365449
50.0,0.7777778,5.0,80.0,0.7947357382550335,0.5085548172757475
50.0,0.7777778,5.0,128.0,0.7636395413870247,0.510921926910299
50.0,0.7777778,7.0,2.0,0.8222874720357941,0.5071428571428571
50.0,0.7777778,7.0,3.0,0.8222874720357941,0.5071428571428571
50.0,0.7777778,7.0,5.0,0.8222874720357941,0.5071428571428571
50.0,0.7777778,7.0,8.0,0.8222874720357941,0.5071428571428571
50.0,0.7777778,7.0,12.0,0.8222874720357941,0.5071428571428571
50.0,0.7777778,7.0,20.0,0.8211828859060402,0.5087624584717607
50.0,0.7777778,7.0,32.0,0.8190506152125281,0.5076827242524916
50.0,0.7777778,7.0,50.0,0.8108361297539151,0.5079318936877076
50.0,0.7777778,7.0,80.0,0.7920092281879195,0.5084925249169435
50.0,0.7777778,7.0,128.0,0.7629753914988815,0.5100290697674419
50.0,0.7777778,9.0,2.0,0.8214974832214764,0.5089700996677741
50.0,0.7777778,9.0,3.0,0.8214974832214764,0.5089700996677741
50.0,0.7777778,9.0,5.0,0.8214974832214764,0.5089700996677741
50.0,0.7777778,9.0,8.0,0.8214974832214764,0.5089700996677741
50.0,0.7777778,9.0,12.0,0.8214974832214764,0.5089700996677741
50.0,0.7777778,9.0,20.0,0.8209591722595079,0.5086586378737541
50.0,0.7777778,9.0,32.0,0.8174496644295303,0.508139534883721
50.0,0.7777778,9.0,50.0,0.808165548098434,0.5091985049833887
50.0,0.7777778,9.0,80.0,0.7897091722595079,0.5091154485049835
50.0,0.7777778,9.0,128.0,0.7601579977628635,0.5091569767441861
50.0,0.7777778,11.0,2.0,0.8204348434004475,0.507267441860465
50.0,0.7777778,11.0,3.0,0.8204348434004475,0.507267441860465
50.0,0.7777778,11.0,5.0,0.8204348434004475,0.507267441860465
50.0,0.7777778,11.0,8.0,0.8204348434004475,0.507267441860465
50.0,0.7777778,11.0,12.0,0.8204348434004475,0.507267441860465
50.0,0.7777778,11.0,20.0,0.8204348434004475,0.507267441860465
50.0,0.7777778,11.0,32.0,0.8164639261744966,0.5103197674418605
50.0,0.7777778,11.0,50.0,0.806354865771812,0.5103405315614618
50.0,0.7777778,11.0,80.0,0.7876328299776286,0.5094269102990033
50.0,0.7777778,11.0,128.0,0.758515100671141,0.5125
50.0,0.7777778,13.0,2.0,0.8166177293064877,0.5079734219269103
50.0,0.7777778,13.0,3.0,0.8166177293064877,0.5079734219269103
50.0,0.7777778,13.0,5.0,0.8166177293064877,0.5079734219269103
50.0,0.7777778,13.0,8.0,0.8166177293064877,0.5079734219269103
50.0,0.7777778,13.0,12.0,0.8166177293064877,0.5079734219269103
50.0,0.7777778,13.0,20.0,0.8166177293064877,0.5079734219269103
50.0,0.7777778,13.0,32.0,0.81542225950783,0.509281561461794
50.0,0.7777778,13.0,50.0,0.8039918903803132,0.5081602990033223
50.0,0.7777778,13.0,80.0,0.7854656040268456,0.5089078073089701
50.0,0.7777778,13.0,128.0,0.7564527404921699,0.5095099667774086
50.0,0.7777778,15.0,2.0,0.8141778523489933,0.5083679401993355
50.0,0.7777778,15.0,3.0,0.8141778523489933,0.5083679401993355
50.0,0.7777778,15.0,5.0,0.8141778523489933,0.5083679401993355
50.0,0.7777778,15.0,8.0,0.8141778523489933,0.5083679401993355
50.0,0.7777778,15.0,12.0,0.8141778523489933,0.5083679401993355
50.0,0.7777778,15.0,20.0,0.8141778523489933,0.5083679401993355
50.0,0.7777778,15.0,32.0,0.8134088366890382,0.511295681063123
50.0,0.7777778,15.0,50.0,0.8028453579418345,0.5089493355481728
50.0,0.7777778,15.0,80.0,0.781599552572707,0.5088039867109634
50.0,0.7777778,15.0,128.0,0.753628355704698,0.5090946843853821
50.0,0.7777778,17.0,2.0,0.8102628635346756,0.5088662790697674
50.0,0.7777778,17.0,3.0,0.8102628635346756,0.5088662790697674
50.0,0.7777778,17.0,5.0,0.8102628635346756,0.5088662790697674
50.0,0.7777778,17.0,8.0,0.8102628635346756,0.5088662790697674
50.0,0.7777778,17.0,12.0,0.8102628635346756,0.5088662790697674
50.0,0.7777778,17.0,20.0,0.8102628635346756,0.5088662790697674
50.0,0.7777778,17.0,32.0,0.8102628635346756,0.5088662790697674
50.0,0.7777778,17.0,50.0,0.7999720357941834,0.5091985049833887
50.0,0.7777778,17.0,80.0,0.780040548098434,0.5100290697674419
50.0,0.7777778,17.0,128.0,0.7513143176733781,0.5102990033222591
50.0,0.7777778,20.0,2.0,0.8026496085011185,0.5092192691029901
50.0,0.7777778,20.0,3.0,0.8026496085011185,0.5092192691029901
50.0,0.7777778,20.0,5.0,0.8026496085011185,0.5092192691029901
50.0,0.7777778,20.0,8.0,0.8026496085011185,0.5092192691029901
50.0,0.7777778,20.0,12.0,0.8026496085011185,0.5092192691029901
50.0,0.7777778,20.0,20.0,0.8026496085011185,0.5092192691029901
50.0,0.7777778,20.0,32.0,0.8026496085011185,0.5092192691029901
50.0,0.7777778,20.0,50.0,0.7973294183445191,0.5085132890365449
50.0,0.7777778,20.0,80.0,0.7763912192393736,0.5114825581395348
50.0,0.7777778,20.0,128.0,0.7481054250559284,0.5093023255813953
50.0,0.8888889,1.0,2.0,0.8223853467561522,0.5074127906976744
50.0,0.8888889,1.0,3.0,0.8215324384787472,0.507641196013289
50.0,0.8888889,1.0,5.0,0.8225111856823266,0.5101951827242525
50.0,0.8888889,1.0,8.0,0.8220707494407158,0.5080980066445183
50.0,0.8888889,1.0,12.0,0.8220008389261745,0.5083471760797342
50.0,0.8888889,1.0,20.0,0.8218050894854587,0.5059593023255814
50.0,0.8888889,1.0,32.0,0.8217701342281879,0.5070598006644518
50.0,0.8888889,1.0,50.0,0.8195329977628635,0.5088247508305648
50.0,0.8888889,1.0,80.0,0.8012444071588367,0.5087832225913621
50.0,0.8888889,1.0,128.0,0.7681837248322148,0.5105481727574751
50.0,0.8888889,3.0,2.0,0.8225880872483222,0.5075373754152824
50.0,0.8888889,3.0,3.0,0.8225880872483222,0.5075373754152824
50.0,0.8888889,3.0,5.0,0.8225880872483222,0.5075373754152824
50.0,0.8888889,3.0,8.0,0.8221616331096196,0.509032392026578
50.0,0.8888889,3.0,12.0,0.8219938478747203,0.5074958471760798
50.0,0.8888889,3.0,20.0,0.8223014541387025,0.5083887043189368
50.0,0.8888889,3.0,32.0,0.8215114653243848,0.5071428571428571
50.0,0.8888889,3.0,50.0,0.8165338366890381,0.5077450166112957
50.0,0.8888889,3.0,80.0,0.7976160514541387,0.5088662790697674
50.0,0.8888889,3.0,128.0,0.7669043624161074,0.5092607973421928
50.0,0.8888889,5.0,2.0,0.8213296979865772,0.506125415282392
50.0,0.8888889,5.0,3.0,0.8213296979865772,0.506125415282392
50.0,0.8888889,5.0,5.0,0.8213296979865772,0.506125415282392
50.0,0.8888889,5.0,8.0,0.8213296979865772,0.506125415282392
50.0,0.8888889,5.0,12.0,0.8224272930648769,0.5078073089700996
50.0,0.8888889,5.0,20.0,0.8219938478747203,0.5082641196013289
50.0,0.8888889,5.0,32.0,0.8206515659955258,0.5098837209302326
50.0,0.8888889,5.0,50.0,0.813604586129754,0.5075373754152823
50.0,0.8888889,5.0,80.0,0.7955676733780761,0.5079941860465117
50.0,0.8888889,5.0,128.0,0.7661703020134227,0.5105066445182724
50.0,0.8888889,7.0,2.0,0.8228537472035795,0.5074750830564784
50.0,0.8888889,7.0,3.0,0.8228537472035795,0.5074750830564784
50.0,0.8888889,7.0,5.0,0.8228537472035795,0.5074750830564784
50.0,0.8888889,7.0,8.0,0.8228537472035795,0.5074750830564784
50.0,0.8888889,7.0,12.0,0.8228537472035795,0.5074750830564784
50.0,0.8888889,7.0,20.0,0.8212947427293065,0.5067068106312292
50.0,0.8888889,7.0,32.0,0.8191904362416107,0.508139534883721
50.0,0.8888889,7.0,50.0,0.8121574384787472,0.5099667774086379
50.0,0.8888889,7.0,80.0,0.7939946868008949,0.5083887043189369
50.0,0.8888889,7.0,128.0,0.7639331655480984,0.5086171096345515
50.0,0.8888889,9.0,2.0,0.8216652684563759,0.5074335548172757
50.0,0.8888889,9.0,3.0,0.8216652684563759,0.5074335548172757
50.0,0.8888889,9.0,5.0,0.8216652684563759,0.5074335548172757
50.0,0.8888889,9.0,8.0,0.8216652684563759,0.5074335548172757
50.0,0.8888889,9.0,12.0,0.8216652684563759,0.5074335548172757
50.0,0.8888889,9.0,20.0,0.8209591722595079,0.5085340531561462
50.0,0.8888889,9.0,32.0,0.8182396532438478,0.5090116279069767
50.0,0.8888889,9.0,50.0,0.8086059843400447,0.5071636212624584
50.0,0.8888889,9.0,80.0,0.7907718120805369,0.5071220930232558
50.0,0.8888889,9.0,128.0,0.7618288590604027,0.5100705980066446
50.0,0.8888889,11.0,2.0,0.8206305928411632,0.5088870431893688
50.0,0.8888889,11.0,3.0,0.8206305928411632,0.5088870431893688
50.0,0.8888889,11.0,5.0,0.8206305928411632,0.5088870431893688
50.0,0.8888889,11.0,8.0,0.8206305928411632,0.5088870431893688
50.0,0.8888889,11.0,12.0,0.8206305928411632,0.5088870431893688
50.0,0.8888889,11.0,20.0,0.8206305928411632,0.5088870431893688
50.0,0.8888889,11.0,32.0,0.8169183445190157,0.5085755813953489
50.0,0.8888889,11.0,50.0,0.807508389261745,0.508139534883721
50.0,0.8888889,11.0,80.0,0.7877376957494407,0.5085963455149501
50.0,0.8888889,11.0,128.0,0.7592980984340045,0.5102782392026578
50.0,0.8888889,13.0,2.0,0.8176593959731543,0.5078696013289037
50.0,0.8888889,13.0,3.0,0.8176593959731543,0.5078696013289037
50.0,0.8888889,13.0,5.0,0.8176593959731543,0.5078696013289037
50.0,0.8888889,13.0,8.0,0.8176593959731543,0.5078696013289037
50.0,0.8888889,13.0,12.0,0.8176593959731543,0.5078696013289037
50.0,0.8888889,13.0,20.0,0.8176593959731543,0.5078696013289037
50.0,0.8888889,13.0,32.0,0.8160724272930648,0.5077657807308971
50.0,0.8888889,13.0,50.0,0.8052922259507831,0.5078488372093023
50.0,0.8888889,13.0,80.0,0.7863324944071588,0.5079941860465116
50.0,0.8888889,13.0,128.0,0.7579628076062639,0.5089700996677741
50.0,0.8888889,15.0,2.0,0.8151286353467562,0.5094476744186046
50.0,0.8888889,15.0,3.0,0.8151286353467562,0.5094476744186046
50.0,0.8888889,15.0,5.0,0.8151286353467562,0.5094476744186046
50.0,0.8888889,15.0,8.0,0.8151286353467562,0.5094476744186046
50.0,0.8888889,15.0,12.0,0.8151286353467562,0.5094476744186046
50.0,0.8888889,15.0,20.0,0.8151286353467562,0.5094476744186046
50.0,0.8888889,15.0,32.0,0.8144085570469798,0.5098421926910299
50.0,0.8888889,15.0,50.0,0.8051873601789709,0.5079734219269103
50.0,0.8888889,15.0,80.0,0.7833263422818793,0.5085963455149501
50.0,0.8888889,15.0,128.0,0.7554600111856823,0.510361295681063
50.0,0.8888889,17.0,2.0,0.8120036353467561,0.507641196013289
50.0,0.8888889,17.0,3.0,0.8120036353467561,0.507641196013289
50.0,0.8888889,17.0,5.0,0.8120036353467561,0.507641196013289
50.0,0.8888889,17.0,8.0,0.8120036353467561,0.507641196013289
50.0,0.8888889,17.0,12.0,0.8120036353467561,0.507641196013289
50.0,0.8888889,17.0,20.0,0.8120036353467561,0.507641196013289
50.0,0.8888889,17.0,32.0,0.8120036353467561,0.507641196013289
50.0,0.8888889,17.0,50.0,0.8025657158836689,0.5104235880398671
50.0,0.8888889,17.0,80.0,0.7817184004474272,0.5102159468438539
50.0,0.8888889,17.0,128.0,0.753376677852349,0.5084925249169435
50.0,0.8888889,20.0,2.0,0.8046490492170022,0.5089078073089701
50.0,0.8888889,20.0,3.0,0.8046490492170022,0.5089078073089701
50.0,0.8888889,20.0,5.0,0.8046490492170022,0.5089078073089701
50.0,0.8888889,20.0,8.0,0.8046490492170022,0.5089078073089701
50.0,0.8888889,20.0,12.0,0.8046490492170022,0.5089078073089701
50.0,0.8888889,20.0,20.0,0.8046490492170022,0.5089078073089701
50.0,0.8888889,20.0,32.0,0.8046490492170022,0.5089078073089701
50.0,0.8888889,20.0,50.0,0.7982802013422818,0.5087832225913621
50.0,0.8888889,20.0,80.0,0.778432606263982,0.5101328903654485
50.0,0.8888889,20.0,128.0,0.7501607941834452,0.5100290697674419
50.0,1.0,1.0,2.0,0.8226719798657719,0.5058554817275748
50.0,1.0,1.0,3.0,0.8224902125279641,0.5049833887043189
50.0,1.0,1.0,5.0,0.8227558724832214,0.5056478405315614
50.0,1.0,1.0,8.0,0.8224203020134228,0.5070182724252492
50.0,1.0,1.0,12.0,0.8224762304250559,0.5065406976744187
50.0,1.0,1.0,20.0,0.822378355704698,0.5076619601328904
50.0,1.0,1.0,32.0,0.822224552572707,0.5067898671096345
50.0,1.0,1.0,50.0,0.8193232662192393,0.5073504983388705
50.0,1.0,1.0,80.0,0.8029851789709171,0.5097591362126246
50.0,1.0,1.0,128.0,0.769456096196868,0.509468438538206
50.0,1.0,3.0,2.0,0.8218050894854587,0.5074543189368771
50.0,1.0,3.0,3.0,0.8218050894854587,0.5074543189368771
50.0,1.0,3.0,5.0,0.8218050894854587,0.5074543189368771
50.0,1.0,3.0,8.0,0.8220917225950783,0.5086378737541528
50.0,1.0,3.0,12.0,0.8223154362416107,0.5082641196013289
50.0,1.0,3.0,20.0,0.8220987136465323,0.5078488372093023
50.0,1.0,3.0,32.0,0.8215394295302014,0.5076204318936878
50.0,1.0,3.0,50.0,0.8167715324384787,0.5085132890365449
50.0,1.0,3.0,80.0,0.7997413310961969,0.5099667774086378
50.0,1.0,3.0,128.0,0.7686591163310962,0.5096345514950166
50.0,1.0,5.0,2.0,0.8223923378076062,0.5087832225913621
50.0,1.0,5.0,3.0,0.8223923378076062,0.5087832225913621
50.0,1.0,5.0,5.0,0.8223923378076062,0.5087832225913621
50.0,1.0,5.0,8.0,0.8223923378076062,0.5087832225913621
50.0,1.0,5.0,12.0,0.8222525167785235,0.5089078073089701
50.0,1.0,5.0,20.0,0.8218540268456376,0.508014950166113
50.0,1.0,5.0,32.0,0.8207284675615213,0.5080149501661129
50.0,1.0,5.0,50.0,0.814212807606264,0.5079526578073089
50.0,1.0,5.0,80.0,0.7968680089485458,0.5099460132890365
50.0,1.0,5.0,128.0,0.7670721476510067,0.5096553156146179
50.0,1.0,7.0,2.0,0.8220567673378076,0.5070598006644518
50.0,1.0,7.0,3.0,0.8220567673378076,0.5070598006644518
50.0,1.0,7.0,5.0,0.8220567673378076,0.5070598006644518
50.0,1.0,7.0,8.0,0.8220567673378076,0.5070598006644518
50.0,1.0,7.0,12.0,0.8220567673378076,0.5070598006644518
50.0,1.0,7.0,20.0,0.8213157158836688,0.5061669435215947
50.0,1.0,7.0,32.0,0.8194980425055929,0.5066237541528239
50.0,1.0,7.0,50.0,0.8122762863534675,0.5077657807308971
50.0,1.0,7.0,80.0,0.7941275167785234,0.5104651162790698
50.0,1.0,7.0,128.0,0.7650657158836689,0.509468438538206
50.0,1.0,9.0,2.0,0.8215114653243848,0.5099252491694353
50.0,1.0,9.0,3.0,0.8215114653243848,0.5099252491694353
50.0,1.0,9.0,5.0,0.8215114653243848,0.5099252491694353
50.0,1.0,9.0,8.0,0.8215114653243848,0.5099252491694353
50.0,1.0,9.0,12.0,0.8215114653243848,0.5099252491694353
50.0,1.0,9.0,20.0,0.8211619127516778,0.5090116279069767
50.0,1.0,9.0,32.0,0.8185682326621924,0.5074958471760798
50.0,1.0,9.0,50.0,0.8102558724832214,0.5095930232558139
50.0,1.0,9.0,80.0,0.7919882550335571,0.5093853820598007
50.0,1.0,9.0,128.0,0.763052293064877,0.5102159468438539
50.0,1.0,11.0,2.0,0.8204068791946308,0.5083471760797342
50.0,1.0,11.0,3.0,0.8204068791946308,0.5083471760797342
50.0,1.0,11.0,5.0,0.8204068791946308,0.5083471760797342
50.0,1.0,11.0,8.0,0.8204068791946308,0.5083471760797342
50.0,1.0,11.0,12.0,0.8204068791946308,0.5083471760797342
50.0,1.0,11.0,20.0,0.8204068791946308,0.5083471760797342
50.0,1.0,11.0,32.0,0.8173657718120806,0.5077450166112957
50.0,1.0,11.0,50.0,0.808515100671141,0.509156976744186
50.0,1.0,11.0,80.0,0.7893526286353467,0.5097591362126246
50.0,1.0,11.0,128.0,0.7610808165548099,0.5097383720930233
50.0,1.0,13.0,2.0,0.8180998322147651,0.5083679401993356
50.0,1.0,13.0,3.0,0.8180998322147651,0.5083679401993356
50.0,1.0,13.0,5.0,0.8180998322147651,0.5083679401993356
50.0,1.0,13.0,8.0,0.8180998322147651,0.5083679401993356
50.0,1.0,13.0,12.0,0.8180998322147651,0.5083679401993356
50.0,1.0,13.0,20.0,0.8180998322147651,0.5083679401993356
50.0,1.0,13.0,32.0,0.8160444630872483,0.5092607973421928
50.0,1.0,13.0,50.0,0.806550615212528,0.5094061461794019
50.0,1.0,13.0,80.0,0.787150447427293,0.5096968438538206
50.0,1.0,13.0,128.0,0.7588646532438479,0.5102367109634551
50.0,1.0,15.0,2.0,0.8159605704697986,0.5094892026578073
50.0,1.0,15.0,3.0,0.8159605704697986,0.5094892026578073
50.0,1.0,15.0,5.0,0.8159605704697986,0.5094892026578073
50.0,1.0,15.0,8.0,0.8159605704697986,0.5094892026578073
50.0,1.0,15.0,12.0,0.8159605704697986,0.5094892026578073
50.0,1.0,15.0,20.0,0.8159605704697986,0.5094892026578073
50.0,1.0,15.0,32.0,0.8149119127516778,0.5088662790697674
50.0,1.0,15.0,50.0,0.8049776286353467,0.50890780730897
50.0,1.0,15.0,80.0,0.7854516219239374,0.5102367109634551
50.0,1.0,15.0,128.0,0.7565576062639822,0.5114825581395349
50.0,1.0,17.0,2.0,0.8120106263982103,0.5086586378737541
50.0,1.0,17.0,3.0,0.8120106263982103,0.5086586378737541
50.0,1.0,17.0,5.0,0.8120106263982103,0.5086586378737541
50.0,1.0,17.0,8.0,0.8120106263982103,0.5086586378737541
50.0,1.0,17.0,12.0,0.8120106263982103,0.5086586378737541
50.0,1.0,17.0,20.0,0.8120106263982103,0.5086586378737541
50.0,1.0,17.0,32.0,0.8120106263982103,0.5086586378737541
50.0,1.0,17.0,50.0,0.8034535794183446,0.5085132890365449
50.0,1.0,17.0,80.0,0.7836339485458612,0.5088662790697674
50.0,1.0,17.0,128.0,0.755040548098434,0.5113787375415282
50.0,1.0,20.0,2.0,0.8060332774049217,0.5086794019933555
50.0,1.0,20.0,3.0,0.8060332774049217,0.5086794019933555
50.0,1.0,20.0,5.0,0.8060332774049217,0.5086794019933555
50.0,1.0,20.0,8.0,0.8060332774049217,0.5086794019933555
50.0,1.0,20.0,12.0,0.8060332774049217,0.5086794019933555
50.0,1.0,20.0,20.0,0.8060332774049217,0.5086794019933555
50.0,1.0,20.0,32.0,0.8060332774049217,0.5086794019933555
50.0,1.0,20.0,50.0,0.8000069910514542,0.5086171096345515
50.0,1.0,20.0,80.0,0.7810542505592841,0.5088455149501661
50.0,1.0,20.0,128.0,0.7515450223713647,0.509343853820598
