max_depth,max_features,min_samples_leaf,min_samples_split,val_acc,test_acc
1.0,0.0,1.0,2.0,0.6126315789473684,0.6075
1.0,0.0,1.0,3.0,0.6126315789473684,0.6075
1.0,0.0,1.0,5.0,0.6126315789473684,0.6075
1.0,0.0,1.0,8.0,0.6126315789473684,0.6075
1.0,0.0,1.0,12.0,0.6126315789473684,0.6075
1.0,0.0,1.0,20.0,0.6126315789473684,0.6075
1.0,0.0,1.0,32.0,0.6126315789473684,0.6075
1.0,0.0,1.0,50.0,0.6126315789473684,0.6075
1.0,0.0,1.0,80.0,0.6126315789473684,0.6075
1.0,0.0,1.0,128.0,0.6126315789473684,0.6075
1.0,0.0,3.0,2.0,0.6126315789473684,0.6075
1.0,0.0,3.0,3.0,0.6126315789473684,0.6075
1.0,0.0,3.0,5.0,0.6126315789473684,0.6075
1.0,0.0,3.0,8.0,0.6126315789473684,0.6075
1.0,0.0,3.0,12.0,0.6126315789473684,0.6075
1.0,0.0,3.0,20.0,0.6126315789473684,0.6075
1.0,0.0,3.0,32.0,0.6126315789473684,0.6075
1.0,0.0,3.0,50.0,0.6126315789473684,0.6075
1.0,0.0,3.0,80.0,0.6126315789473684,0.6075
1.0,0.0,3.0,128.0,0.6126315789473684,0.6075
1.0,0.0,5.0,2.0,0.612,0.6075
1.0,0.0,5.0,3.0,0.612,0.6075
1.0,0.0,5.0,5.0,0.612,0.6075
1.0,0.0,5.0,8.0,0.612,0.6075
1.0,0.0,5.0,12.0,0.612,0.6075
1.0,0.0,5.0,20.0,0.612,0.6075
1.0,0.0,5.0,32.0,0.612,0.6075
1.0,0.0,5.0,50.0,0.612,0.6075
1.0,0.0,5.0,80.0,0.612,0.6075
1.0,0.0,5.0,128.0,0.612,0.6075
1.0,0.0,7.0,2.0,0.6107368421052632,0.6075
1.0,0.0,7.0,3.0,0.6107368421052632,0.6075
1.0,0.0,7.0,5.0,0.6107368421052632,0.6075
1.0,0.0,7.0,8.0,0.6107368421052632,0.6075
1.0,0.0,7.0,12.0,0.6107368421052632,0.6075
1.0,0.0,7.0,20.0,0.6107368421052632,0.6075
1.0,0.0,7.0,32.0,0.6107368421052632,0.6075
1.0,0.0,7.0,50.0,0.6107368421052632,0.6075
1.0,0.0,7.0,80.0,0.6107368421052632,0.6075
1.0,0.0,7.0,128.0,0.6107368421052632,0.6075
1.0,0.0,9.0,2.0,0.608842105263158,0.6075
1.0,0.0,9.0,3.0,0.608842105263158,0.6075
1.0,0.0,9.0,5.0,0.608842105263158,0.6075
1.0,0.0,9.0,8.0,0.608842105263158,0.6075
1.0,0.0,9.0,12.0,0.608842105263158,0.6075
1.0,0.0,9.0,20.0,0.608842105263158,0.6075
1.0,0.0,9.0,32.0,0.608842105263158,0.6075
1.0,0.0,9.0,50.0,0.608842105263158,0.6075
1.0,0.0,9.0,80.0,0.608842105263158,0.6075
1.0,0.0,9.0,128.0,0.608842105263158,0.6075
1.0,0.0,11.0,2.0,0.6082105263157895,0.6075
1.0,0.0,11.0,3.0,0.6082105263157895,0.6075
1.0,0.0,11.0,5.0,0.6082105263157895,0.6075
1.0,0.0,11.0,8.0,0.6082105263157895,0.6075
1.0,0.0,11.0,12.0,0.6082105263157895,0.6075
1.0,0.0,11.0,20.0,0.6082105263157895,0.6075
1.0,0.0,11.0,32.0,0.6082105263157895,0.6075
1.0,0.0,11.0,50.0,0.6082105263157895,0.6075
1.0,0.0,11.0,80.0,0.6082105263157895,0.6075
1.0,0.0,11.0,128.0,0.6082105263157895,0.6075
1.0,0.0,13.0,2.0,0.6082105263157895,0.6075
1.0,0.0,13.0,3.0,0.6082105263157895,0.6075
1.0,0.0,13.0,5.0,0.6082105263157895,0.6075
1.0,0.0,13.0,8.0,0.6082105263157895,0.6075
1.0,0.0,13.0,12.0,0.6082105263157895,0.6075
1.0,0.0,13.0,20.0,0.6082105263157895,0.6075
1.0,0.0,13.0,32.0,0.6082105263157895,0.6075
1.0,0.0,13.0,50.0,0.6082105263157895,0.6075
1.0,0.0,13.0,80.0,0.6082105263157895,0.6075
1.0,0.0,13.0,128.0,0.6082105263157895,0.6075
1.0,0.0,15.0,2.0,0.608,0.6075
1.0,0.0,15.0,3.0,0.608,0.6075
1.0,0.0,15.0,5.0,0.608,0.6075
1.0,0.0,15.0,8.0,0.608,0.6075
1.0,0.0,15.0,12.0,0.608,0.6075
1.0,0.0,15.0,20.0,0.608,0.6075
1.0,0.0,15.0,32.0,0.608,0.6075
1.0,0.0,15.0,50.0,0.608,0.6075
1.0,0.0,15.0,80.0,0.608,0.6075
1.0,0.0,15.0,128.0,0.608,0.6075
1.0,0.0,17.0,2.0,0.608,0.6075
1.0,0.0,17.0,3.0,0.608,0.6075
1.0,0.0,17.0,5.0,0.608,0.6075
1.0,0.0,17.0,8.0,0.608,0.6075
1.0,0.0,17.0,12.0,0.608,0.6075
1.0,0.0,17.0,20.0,0.608,0.6075
1.0,0.0,17.0,32.0,0.608,0.6075
1.0,0.0,17.0,50.0,0.608,0.6075
1.0,0.0,17.0,80.0,0.608,0.6075
1.0,0.0,17.0,128.0,0.608,0.6075
1.0,0.0,20.0,2.0,0.6082105263157895,0.6075
1.0,0.0,20.0,3.0,0.6082105263157895,0.6075
1.0,0.0,20.0,5.0,0.6082105263157895,0.6075
1.0,0.0,20.0,8.0,0.6082105263157895,0.6075
1.0,0.0,20.0,12.0,0.6082105263157895,0.6075
1.0,0.0,20.0,20.0,0.6082105263157895,0.6075
1.0,0.0,20.0,32.0,0.6082105263157895,0.6075
1.0,0.0,20.0,50.0,0.6082105263157895,0.6075
1.0,0.0,20.0,80.0,0.6082105263157895,0.6075
1.0,0.0,20.0,128.0,0.6082105263157895,0.6075
1.0,0.11111111,1.0,2.0,0.7115789473684211,0.68625
1.0,0.11111111,1.0,3.0,0.7115789473684211,0.68625
1.0,0.11111111,1.0,5.0,0.7115789473684211,0.68625
1.0,0.11111111,1.0,8.0,0.7115789473684211,0.68625
1.0,0.11111111,1.0,12.0,0.7115789473684211,0.68625
1.0,0.11111111,1.0,20.0,0.7115789473684211,0.68625
1.0,0.11111111,1.0,32.0,0.7115789473684211,0.68625
1.0,0.11111111,1.0,50.0,0.7115789473684211,0.68625
1.0,0.11111111,1.0,80.0,0.7115789473684211,0.68625
1.0,0.11111111,1.0,128.0,0.7115789473684211,0.68625
1.0,0.11111111,3.0,2.0,0.7117894736842105,0.68625
1.0,0.11111111,3.0,3.0,0.7117894736842105,0.68625
1.0,0.11111111,3.0,5.0,0.7117894736842105,0.68625
1.0,0.11111111,3.0,8.0,0.7117894736842105,0.68625
1.0,0.11111111,3.0,12.0,0.7117894736842105,0.68625
1.0,0.11111111,3.0,20.0,0.7117894736842105,0.68625
1.0,0.11111111,3.0,32.0,0.7117894736842105,0.68625
1.0,0.11111111,3.0,50.0,0.7117894736842105,0.68625
1.0,0.11111111,3.0,80.0,0.7117894736842105,0.68625
1.0,0.11111111,3.0,128.0,0.7117894736842105,0.68625
1.0,0.11111111,5.0,2.0,0.7115789473684211,0.68625
1.0,0.11111111,5.0,3.0,0.7115789473684211,0.68625
1.0,0.11111111,5.0,5.0,0.7115789473684211,0.68625
1.0,0.11111111,5.0,8.0,0.7115789473684211,0.68625
1.0,0.11111111,5.0,12.0,0.7115789473684211,0.68625
1.0,0.11111111,5.0,20.0,0.7115789473684211,0.68625
1.0,0.11111111,5.0,32.0,0.7115789473684211,0.68625
1.0,0.11111111,5.0,50.0,0.7115789473684211,0.68625
1.0,0.11111111,5.0,80.0,0.7115789473684211,0.68625
1.0,0.11111111,5.0,128.0,0.7115789473684211,0.68625
1.0,0.11111111,7.0,2.0,0.7107368421052632,0.68625
1.0,0.11111111,7.0,3.0,0.7107368421052632,0.68625
1.0,0.11111111,7.0,5.0,0.7107368421052632,0.68625
1.0,0.11111111,7.0,8.0,0.7107368421052632,0.68625
1.0,0.11111111,7.0,12.0,0.7107368421052632,0.68625
1.0,0.11111111,7.0,20.0,0.7107368421052632,0.68625
1.0,0.11111111,7.0,32.0,0.7107368421052632,0.68625
1.0,0.11111111,7.0,50.0,0.7107368421052632,0.68625
1.0,0.11111111,7.0,80.0,0.7107368421052632,0.68625
1.0,0.11111111,7.0,128.0,0.7107368421052632,0.68625
1.0,0.11111111,9.0,2.0,0.7107368421052632,0.68625
1.0,0.11111111,9.0,3.0,0.7107368421052632,0.68625
1.0,0.11111111,9.0,5.0,0.7107368421052632,0.68625
1.0,0.11111111,9.0,8.0,0.7107368421052632,0.68625
1.0,0.11111111,9.0,12.0,0.7107368421052632,0.68625
1.0,0.11111111,9.0,20.0,0.7107368421052632,0.68625
1.0,0.11111111,9.0,32.0,0.7107368421052632,0.68625
1.0,0.11111111,9.0,50.0,0.7107368421052632,0.68625
1.0,0.11111111,9.0,80.0,0.7107368421052632,0.68625
1.0,0.11111111,9.0,128.0,0.7107368421052632,0.68625
1.0,0.11111111,11.0,2.0,0.7101052631578948,0.68625
1.0,0.11111111,11.0,3.0,0.7101052631578948,0.68625
1.0,0.11111111,11.0,5.0,0.7101052631578948,0.68625
1.0,0.11111111,11.0,8.0,0.7101052631578948,0.68625
1.0,0.11111111,11.0,12.0,0.7101052631578948,0.68625
1.0,0.11111111,11.0,20.0,0.7101052631578948,0.68625
1.0,0.11111111,11.0,32.0,0.7101052631578948,0.68625
1.0,0.11111111,11.0,50.0,0.7101052631578948,0.68625
1.0,0.11111111,11.0,80.0,0.7101052631578948,0.68625
1.0,0.11111111,11.0,128.0,0.7101052631578948,0.68625
1.0,0.11111111,13.0,2.0,0.7096842105263158,0.68625
1.0,0.11111111,13.0,3.0,0.7096842105263158,0.68625
1.0,0.11111111,13.0,5.0,0.7096842105263158,0.68625
1.0,0.11111111,13.0,8.0,0.7096842105263158,0.68625
1.0,0.11111111,13.0,12.0,0.7096842105263158,0.68625
1.0,0.11111111,13.0,20.0,0.7096842105263158,0.68625
1.0,0.11111111,13.0,32.0,0.7096842105263158,0.68625
1.0,0.11111111,13.0,50.0,0.7096842105263158,0.68625
1.0,0.11111111,13.0,80.0,0.7096842105263158,0.68625
1.0,0.11111111,13.0,128.0,0.7096842105263158,0.68625
1.0,0.11111111,15.0,2.0,0.7094736842105263,0.68625
1.0,0.11111111,15.0,3.0,0.7094736842105263,0.68625
1.0,0.11111111,15.0,5.0,0.7094736842105263,0.68625
1.0,0.11111111,15.0,8.0,0.7094736842105263,0.68625
1.0,0.11111111,15.0,12.0,0.7094736842105263,0.68625
1.0,0.11111111,15.0,20.0,0.7094736842105263,0.68625
1.0,0.11111111,15.0,32.0,0.7094736842105263,0.68625
1.0,0.11111111,15.0,50.0,0.7094736842105263,0.68625
1.0,0.11111111,15.0,80.0,0.7094736842105263,0.68625
1.0,0.11111111,15.0,128.0,0.7094736842105263,0.68625
1.0,0.11111111,17.0,2.0,0.7094736842105263,0.68625
1.0,0.11111111,17.0,3.0,0.7094736842105263,0.68625
1.0,0.11111111,17.0,5.0,0.7094736842105263,0.68625
1.0,0.11111111,17.0,8.0,0.7094736842105263,0.68625
1.0,0.11111111,17.0,12.0,0.7094736842105263,0.68625
1.0,0.11111111,17.0,20.0,0.7094736842105263,0.68625
1.0,0.11111111,17.0,32.0,0.7094736842105263,0.68625
1.0,0.11111111,17.0,50.0,0.7094736842105263,0.68625
1.0,0.11111111,17.0,80.0,0.7094736842105263,0.68625
1.0,0.11111111,17.0,128.0,0.7094736842105263,0.68625
1.0,0.11111111,20.0,2.0,0.7090526315789474,0.685625
1.0,0.11111111,20.0,3.0,0.7090526315789474,0.685625
1.0,0.11111111,20.0,5.0,0.7090526315789474,0.685625
1.0,0.11111111,20.0,8.0,0.7090526315789474,0.685625
1.0,0.11111111,20.0,12.0,0.7090526315789474,0.685625
1.0,0.11111111,20.0,20.0,0.7090526315789474,0.685625
1.0,0.11111111,20.0,32.0,0.7090526315789474,0.685625
1.0,0.11111111,20.0,50.0,0.7090526315789474,0.685625
1.0,0.11111111,20.0,80.0,0.7090526315789474,0.685625
1.0,0.11111111,20.0,128.0,0.7090526315789474,0.685625
1.0,0.22222222,1.0,2.0,0.7722105263157895,0.746875
1.0,0.22222222,1.0,3.0,0.7722105263157895,0.746875
1.0,0.22222222,1.0,5.0,0.7722105263157895,0.746875
1.0,0.22222222,1.0,8.0,0.7722105263157895,0.746875
1.0,0.22222222,1.0,12.0,0.7722105263157895,0.746875
1.0,0.22222222,1.0,20.0,0.7722105263157895,0.746875
1.0,0.22222222,1.0,32.0,0.7722105263157895,0.746875
1.0,0.22222222,1.0,50.0,0.7722105263157895,0.746875
1.0,0.22222222,1.0,80.0,0.7722105263157895,0.746875
1.0,0.22222222,1.0,128.0,0.7722105263157895,0.746875
1.0,0.22222222,3.0,2.0,0.7722105263157895,0.746875
1.0,0.22222222,3.0,3.0,0.7722105263157895,0.746875
1.0,0.22222222,3.0,5.0,0.7722105263157895,0.746875
1.0,0.22222222,3.0,8.0,0.7722105263157895,0.746875
1.0,0.22222222,3.0,12.0,0.7722105263157895,0.746875
1.0,0.22222222,3.0,20.0,0.7722105263157895,0.746875
1.0,0.22222222,3.0,32.0,0.7722105263157895,0.746875
1.0,0.22222222,3.0,50.0,0.7722105263157895,0.746875
1.0,0.22222222,3.0,80.0,0.7722105263157895,0.746875
1.0,0.22222222,3.0,128.0,0.7722105263157895,0.746875
1.0,0.22222222,5.0,2.0,0.7722105263157895,0.7474999999999999
1.0,0.22222222,5.0,3.0,0.7722105263157895,0.7474999999999999
1.0,0.22222222,5.0,5.0,0.7722105263157895,0.7474999999999999
1.0,0.22222222,5.0,8.0,0.7722105263157895,0.7474999999999999
1.0,0.22222222,5.0,12.0,0.7722105263157895,0.7474999999999999
1.0,0.22222222,5.0,20.0,0.7722105263157895,0.7474999999999999
1.0,0.22222222,5.0,32.0,0.7722105263157895,0.7474999999999999
1.0,0.22222222,5.0,50.0,0.7722105263157895,0.7474999999999999
1.0,0.22222222,5.0,80.0,0.7722105263157895,0.7474999999999999
1.0,0.22222222,5.0,128.0,0.7722105263157895,0.7474999999999999
1.0,0.22222222,7.0,2.0,0.7724210526315789,0.748125
1.0,0.22222222,7.0,3.0,0.7724210526315789,0.748125
1.0,0.22222222,7.0,5.0,0.7724210526315789,0.748125
1.0,0.22222222,7.0,8.0,0.7724210526315789,0.748125
1.0,0.22222222,7.0,12.0,0.7724210526315789,0.748125
1.0,0.22222222,7.0,20.0,0.7724210526315789,0.748125
1.0,0.22222222,7.0,32.0,0.7724210526315789,0.748125
1.0,0.22222222,7.0,50.0,0.7724210526315789,0.748125
1.0,0.22222222,7.0,80.0,0.7724210526315789,0.748125
1.0,0.22222222,7.0,128.0,0.7724210526315789,0.748125
1.0,0.22222222,9.0,2.0,0.7722105263157895,0.7474999999999999
1.0,0.22222222,9.0,3.0,0.7722105263157895,0.7474999999999999
1.0,0.22222222,9.0,5.0,0.7722105263157895,0.7474999999999999
1.0,0.22222222,9.0,8.0,0.7722105263157895,0.7474999999999999
1.0,0.22222222,9.0,12.0,0.7722105263157895,0.7474999999999999
1.0,0.22222222,9.0,20.0,0.7722105263157895,0.7474999999999999
1.0,0.22222222,9.0,32.0,0.7722105263157895,0.7474999999999999
1.0,0.22222222,9.0,50.0,0.7722105263157895,0.7474999999999999
1.0,0.22222222,9.0,80.0,0.7722105263157895,0.7474999999999999
1.0,0.22222222,9.0,128.0,0.7722105263157895,0.7474999999999999
1.0,0.22222222,11.0,2.0,0.7722105263157895,0.7474999999999999
1.0,0.22222222,11.0,3.0,0.7722105263157895,0.7474999999999999
1.0,0.22222222,11.0,5.0,0.7722105263157895,0.7474999999999999
1.0,0.22222222,11.0,8.0,0.7722105263157895,0.7474999999999999
1.0,0.22222222,11.0,12.0,0.7722105263157895,0.7474999999999999
1.0,0.22222222,11.0,20.0,0.7722105263157895,0.7474999999999999
1.0,0.22222222,11.0,32.0,0.7722105263157895,0.7474999999999999
1.0,0.22222222,11.0,50.0,0.7722105263157895,0.7474999999999999
1.0,0.22222222,11.0,80.0,0.7722105263157895,0.7474999999999999
1.0,0.22222222,11.0,128.0,0.7722105263157895,0.7474999999999999
1.0,0.22222222,13.0,2.0,0.7711578947368422,0.7474999999999999
1.0,0.22222222,13.0,3.0,0.7711578947368422,0.7474999999999999
1.0,0.22222222,13.0,5.0,0.7711578947368422,0.7474999999999999
1.0,0.22222222,13.0,8.0,0.7711578947368422,0.7474999999999999
1.0,0.22222222,13.0,12.0,0.7711578947368422,0.7474999999999999
1.0,0.22222222,13.0,20.0,0.7711578947368422,0.7474999999999999
1.0,0.22222222,13.0,32.0,0.7711578947368422,0.7474999999999999
1.0,0.22222222,13.0,50.0,0.7711578947368422,0.7474999999999999
1.0,0.22222222,13.0,80.0,0.7711578947368422,0.7474999999999999
1.0,0.22222222,13.0,128.0,0.7711578947368422,0.7474999999999999
1.0,0.22222222,15.0,2.0,0.7707368421052632,0.7474999999999999
1.0,0.22222222,15.0,3.0,0.7707368421052632,0.7474999999999999
1.0,0.22222222,15.0,5.0,0.7707368421052632,0.7474999999999999
1.0,0.22222222,15.0,8.0,0.7707368421052632,0.7474999999999999
1.0,0.22222222,15.0,12.0,0.7707368421052632,0.7474999999999999
1.0,0.22222222,15.0,20.0,0.7707368421052632,0.7474999999999999
1.0,0.22222222,15.0,32.0,0.7707368421052632,0.7474999999999999
1.0,0.22222222,15.0,50.0,0.7707368421052632,0.7474999999999999
1.0,0.22222222,15.0,80.0,0.7707368421052632,0.7474999999999999
1.0,0.22222222,15.0,128.0,0.7707368421052632,0.7474999999999999
1.0,0.22222222,17.0,2.0,0.7707368421052632,0.7474999999999999
1.0,0.22222222,17.0,3.0,0.7707368421052632,0.7474999999999999
1.0,0.22222222,17.0,5.0,0.7707368421052632,0.7474999999999999
1.0,0.22222222,17.0,8.0,0.7707368421052632,0.7474999999999999
1.0,0.22222222,17.0,12.0,0.7707368421052632,0.7474999999999999
1.0,0.22222222,17.0,20.0,0.7707368421052632,0.7474999999999999
1.0,0.22222222,17.0,32.0,0.7707368421052632,0.7474999999999999
1.0,0.22222222,17.0,50.0,0.7707368421052632,0.7474999999999999
1.0,0.22222222,17.0,80.0,0.7707368421052632,0.7474999999999999
1.0,0.22222222,17.0,128.0,0.7707368421052632,0.7474999999999999
1.0,0.22222222,20.0,2.0,0.7701052631578948,0.7474999999999999
1.0,0.22222222,20.0,3.0,0.7701052631578948,0.7474999999999999
1.0,0.22222222,20.0,5.0,0.7701052631578948,0.7474999999999999
1.0,0.22222222,20.0,8.0,0.7701052631578948,0.7474999999999999
1.0,0.22222222,20.0,12.0,0.7701052631578948,0.7474999999999999
1.0,0.22222222,20.0,20.0,0.7701052631578948,0.7474999999999999
1.0,0.22222222,20.0,32.0,0.7701052631578948,0.7474999999999999
1.0,0.22222222,20.0,50.0,0.7701052631578948,0.7474999999999999
1.0,0.22222222,20.0,80.0,0.7701052631578948,0.7474999999999999
1.0,0.22222222,20.0,128.0,0.7701052631578948,0.7474999999999999
1.0,0.33333334,1.0,2.0,0.8094736842105263,0.7893749999999999
1.0,0.33333334,1.0,3.0,0.8094736842105263,0.7893749999999999
1.0,0.33333334,1.0,5.0,0.8094736842105263,0.7893749999999999
1.0,0.33333334,1.0,8.0,0.8094736842105263,0.7893749999999999
1.0,0.33333334,1.0,12.0,0.8094736842105263,0.7893749999999999
1.0,0.33333334,1.0,20.0,0.8094736842105263,0.7893749999999999
1.0,0.33333334,1.0,32.0,0.8094736842105263,0.7893749999999999
1.0,0.33333334,1.0,50.0,0.8094736842105263,0.7893749999999999
1.0,0.33333334,1.0,80.0,0.8094736842105263,0.7893749999999999
1.0,0.33333334,1.0,128.0,0.8094736842105263,0.7893749999999999
1.0,0.33333334,3.0,2.0,0.8094736842105263,0.7893749999999999
1.0,0.33333334,3.0,3.0,0.8094736842105263,0.7893749999999999
1.0,0.33333334,3.0,5.0,0.8094736842105263,0.7893749999999999
1.0,0.33333334,3.0,8.0,0.8094736842105263,0.7893749999999999
1.0,0.33333334,3.0,12.0,0.8094736842105263,0.7893749999999999
1.0,0.33333334,3.0,20.0,0.8094736842105263,0.7893749999999999
1.0,0.33333334,3.0,32.0,0.8094736842105263,0.7893749999999999
1.0,0.33333334,3.0,50.0,0.8094736842105263,0.7893749999999999
1.0,0.33333334,3.0,80.0,0.8094736842105263,0.7893749999999999
1.0,0.33333334,3.0,128.0,0.8094736842105263,0.7893749999999999
1.0,0.33333334,5.0,2.0,0.8094736842105263,0.7893749999999999
1.0,0.33333334,5.0,3.0,0.8094736842105263,0.7893749999999999
1.0,0.33333334,5.0,5.0,0.8094736842105263,0.7893749999999999
1.0,0.33333334,5.0,8.0,0.8094736842105263,0.7893749999999999
1.0,0.33333334,5.0,12.0,0.8094736842105263,0.7893749999999999
1.0,0.33333334,5.0,20.0,0.8094736842105263,0.7893749999999999
1.0,0.33333334,5.0,32.0,0.8094736842105263,0.7893749999999999
1.0,0.33333334,5.0,50.0,0.8094736842105263,0.7893749999999999
1.0,0.33333334,5.0,80.0,0.8094736842105263,0.7893749999999999
1.0,0.33333334,5.0,128.0,0.8094736842105263,0.7893749999999999
1.0,0.33333334,7.0,2.0,0.8084210526315789,0.7893749999999999
1.0,0.33333334,7.0,3.0,0.8084210526315789,0.7893749999999999
1.0,0.33333334,7.0,5.0,0.8084210526315789,0.7893749999999999
1.0,0.33333334,7.0,8.0,0.8084210526315789,0.7893749999999999
1.0,0.33333334,7.0,12.0,0.8084210526315789,0.7893749999999999
1.0,0.33333334,7.0,20.0,0.8084210526315789,0.7893749999999999
1.0,0.33333334,7.0,32.0,0.8084210526315789,0.7893749999999999
1.0,0.33333334,7.0,50.0,0.8084210526315789,0.7893749999999999
1.0,0.33333334,7.0,80.0,0.8084210526315789,0.7893749999999999
1.0,0.33333334,7.0,128.0,0.8084210526315789,0.7893749999999999
1.0,0.33333334,9.0,2.0,0.8082105263157896,0.7893749999999999
1.0,0.33333334,9.0,3.0,0.8082105263157896,0.7893749999999999
1.0,0.33333334,9.0,5.0,0.8082105263157896,0.7893749999999999
1.0,0.33333334,9.0,8.0,0.8082105263157896,0.7893749999999999
1.0,0.33333334,9.0,12.0,0.8082105263157896,0.7893749999999999
1.0,0.33333334,9.0,20.0,0.8082105263157896,0.7893749999999999
1.0,0.33333334,9.0,32.0,0.8082105263157896,0.7893749999999999
1.0,0.33333334,9.0,50.0,0.8082105263157896,0.7893749999999999
1.0,0.33333334,9.0,80.0,0.8082105263157896,0.7893749999999999
1.0,0.33333334,9.0,128.0,0.8082105263157896,0.7893749999999999
1.0,0.33333334,11.0,2.0,0.808,0.7893749999999999
1.0,0.33333334,11.0,3.0,0.808,0.7893749999999999
1.0,0.33333334,11.0,5.0,0.808,0.7893749999999999
1.0,0.33333334,11.0,8.0,0.808,0.7893749999999999
1.0,0.33333334,11.0,12.0,0.808,0.7893749999999999
1.0,0.33333334,11.0,20.0,0.808,0.7893749999999999
1.0,0.33333334,11.0,32.0,0.808,0.7893749999999999
1.0,0.33333334,11.0,50.0,0.808,0.7893749999999999
1.0,0.33333334,11.0,80.0,0.808,0.7893749999999999
1.0,0.33333334,11.0,128.0,0.808,0.7893749999999999
1.0,0.33333334,13.0,2.0,0.8077894736842106,0.7893749999999999
1.0,0.33333334,13.0,3.0,0.8077894736842106,0.7893749999999999
1.0,0.33333334,13.0,5.0,0.8077894736842106,0.7893749999999999
1.0,0.33333334,13.0,8.0,0.8077894736842106,0.7893749999999999
1.0,0.33333334,13.0,12.0,0.8077894736842106,0.7893749999999999
1.0,0.33333334,13.0,20.0,0.8077894736842106,0.7893749999999999
1.0,0.33333334,13.0,32.0,0.8077894736842106,0.7893749999999999
1.0,0.33333334,13.0,50.0,0.8077894736842106,0.7893749999999999
1.0,0.33333334,13.0,80.0,0.8077894736842106,0.7893749999999999
1.0,0.33333334,13.0,128.0,0.8077894736842106,0.7893749999999999
1.0,0.33333334,15.0,2.0,0.808,0.7893749999999999
1.0,0.33333334,15.0,3.0,0.808,0.7893749999999999
1.0,0.33333334,15.0,5.0,0.808,0.7893749999999999
1.0,0.33333334,15.0,8.0,0.808,0.7893749999999999
1.0,0.33333334,15.0,12.0,0.808,0.7893749999999999
1.0,0.33333334,15.0,20.0,0.808,0.7893749999999999
1.0,0.33333334,15.0,32.0,0.808,0.7893749999999999
1.0,0.33333334,15.0,50.0,0.808,0.7893749999999999
1.0,0.33333334,15.0,80.0,0.808,0.7893749999999999
1.0,0.33333334,15.0,128.0,0.808,0.7893749999999999
1.0,0.33333334,17.0,2.0,0.808,0.7893749999999999
1.0,0.33333334,17.0,3.0,0.808,0.7893749999999999
1.0,0.33333334,17.0,5.0,0.808,0.7893749999999999
1.0,0.33333334,17.0,8.0,0.808,0.7893749999999999
1.0,0.33333334,17.0,12.0,0.808,0.7893749999999999
1.0,0.33333334,17.0,20.0,0.808,0.7893749999999999
1.0,0.33333334,17.0,32.0,0.808,0.7893749999999999
1.0,0.33333334,17.0,50.0,0.808,0.7893749999999999
1.0,0.33333334,17.0,80.0,0.808,0.7893749999999999
1.0,0.33333334,17.0,128.0,0.808,0.7893749999999999
1.0,0.33333334,20.0,2.0,0.808,0.7893749999999999
1.0,0.33333334,20.0,3.0,0.808,0.7893749999999999
1.0,0.33333334,20.0,5.0,0.808,0.7893749999999999
1.0,0.33333334,20.0,8.0,0.808,0.7893749999999999
1.0,0.33333334,20.0,12.0,0.808,0.7893749999999999
1.0,0.33333334,20.0,20.0,0.808,0.7893749999999999
1.0,0.33333334,20.0,32.0,0.808,0.7893749999999999
1.0,0.33333334,20.0,50.0,0.808,0.7893749999999999
1.0,0.33333334,20.0,80.0,0.808,0.7893749999999999
1.0,0.33333334,20.0,128.0,0.808,0.7893749999999999
1.0,0.44444445,1.0,2.0,0.8766315789473683,0.86
1.0,0.44444445,1.0,3.0,0.8766315789473683,0.86
1.0,0.44444445,1.0,5.0,0.8766315789473683,0.86
1.0,0.44444445,1.0,8.0,0.8766315789473683,0.86
1.0,0.44444445,1.0,12.0,0.8766315789473683,0.86
1.0,0.44444445,1.0,20.0,0.8766315789473683,0.86
1.0,0.44444445,1.0,32.0,0.8766315789473683,0.86
1.0,0.44444445,1.0,50.0,0.8766315789473683,0.86
1.0,0.44444445,1.0,80.0,0.8766315789473683,0.86
1.0,0.44444445,1.0,128.0,0.8766315789473683,0.86
1.0,0.44444445,3.0,2.0,0.8766315789473683,0.86
1.0,0.44444445,3.0,3.0,0.8766315789473683,0.86
1.0,0.44444445,3.0,5.0,0.8766315789473683,0.86
1.0,0.44444445,3.0,8.0,0.8766315789473683,0.86
1.0,0.44444445,3.0,12.0,0.8766315789473683,0.86
1.0,0.44444445,3.0,20.0,0.8766315789473683,0.86
1.0,0.44444445,3.0,32.0,0.8766315789473683,0.86
1.0,0.44444445,3.0,50.0,0.8766315789473683,0.86
1.0,0.44444445,3.0,80.0,0.8766315789473683,0.86
1.0,0.44444445,3.0,128.0,0.8766315789473683,0.86
1.0,0.44444445,5.0,2.0,0.8766315789473683,0.86
1.0,0.44444445,5.0,3.0,0.8766315789473683,0.86
1.0,0.44444445,5.0,5.0,0.8766315789473683,0.86
1.0,0.44444445,5.0,8.0,0.8766315789473683,0.86
1.0,0.44444445,5.0,12.0,0.8766315789473683,0.86
1.0,0.44444445,5.0,20.0,0.8766315789473683,0.86
1.0,0.44444445,5.0,32.0,0.8766315789473683,0.86
1.0,0.44444445,5.0,50.0,0.8766315789473683,0.86
1.0,0.44444445,5.0,80.0,0.8766315789473683,0.86
1.0,0.44444445,5.0,128.0,0.8766315789473683,0.86
1.0,0.44444445,7.0,2.0,0.8766315789473683,0.86
1.0,0.44444445,7.0,3.0,0.8766315789473683,0.86
1.0,0.44444445,7.0,5.0,0.8766315789473683,0.86
1.0,0.44444445,7.0,8.0,0.8766315789473683,0.86
1.0,0.44444445,7.0,12.0,0.8766315789473683,0.86
1.0,0.44444445,7.0,20.0,0.8766315789473683,0.86
1.0,0.44444445,7.0,32.0,0.8766315789473683,0.86
1.0,0.44444445,7.0,50.0,0.8766315789473683,0.86
1.0,0.44444445,7.0,80.0,0.8766315789473683,0.86
1.0,0.44444445,7.0,128.0,0.8766315789473683,0.86
1.0,0.44444445,9.0,2.0,0.8766315789473683,0.86
1.0,0.44444445,9.0,3.0,0.8766315789473683,0.86
1.0,0.44444445,9.0,5.0,0.8766315789473683,0.86
1.0,0.44444445,9.0,8.0,0.8766315789473683,0.86
1.0,0.44444445,9.0,12.0,0.8766315789473683,0.86
1.0,0.44444445,9.0,20.0,0.8766315789473683,0.86
1.0,0.44444445,9.0,32.0,0.8766315789473683,0.86
1.0,0.44444445,9.0,50.0,0.8766315789473683,0.86
1.0,0.44444445,9.0,80.0,0.8766315789473683,0.86
1.0,0.44444445,9.0,128.0,0.8766315789473683,0.86
1.0,0.44444445,11.0,2.0,0.8766315789473683,0.86
1.0,0.44444445,11.0,3.0,0.8766315789473683,0.86
1.0,0.44444445,11.0,5.0,0.8766315789473683,0.86
1.0,0.44444445,11.0,8.0,0.8766315789473683,0.86
1.0,0.44444445,11.0,12.0,0.8766315789473683,0.86
1.0,0.44444445,11.0,20.0,0.8766315789473683,0.86
1.0,0.44444445,11.0,32.0,0.8766315789473683,0.86
1.0,0.44444445,11.0,50.0,0.8766315789473683,0.86
1.0,0.44444445,11.0,80.0,0.8766315789473683,0.86
1.0,0.44444445,11.0,128.0,0.8766315789473683,0.86
1.0,0.44444445,13.0,2.0,0.8766315789473683,0.86
1.0,0.44444445,13.0,3.0,0.8766315789473683,0.86
1.0,0.44444445,13.0,5.0,0.8766315789473683,0.86
1.0,0.44444445,13.0,8.0,0.8766315789473683,0.86
1.0,0.44444445,13.0,12.0,0.8766315789473683,0.86
1.0,0.44444445,13.0,20.0,0.8766315789473683,0.86
1.0,0.44444445,13.0,32.0,0.8766315789473683,0.86
1.0,0.44444445,13.0,50.0,0.8766315789473683,0.86
1.0,0.44444445,13.0,80.0,0.8766315789473683,0.86
1.0,0.44444445,13.0,128.0,0.8766315789473683,0.86
1.0,0.44444445,15.0,2.0,0.876421052631579,0.86
1.0,0.44444445,15.0,3.0,0.876421052631579,0.86
1.0,0.44444445,15.0,5.0,0.876421052631579,0.86
1.0,0.44444445,15.0,8.0,0.876421052631579,0.86
1.0,0.44444445,15.0,12.0,0.876421052631579,0.86
1.0,0.44444445,15.0,20.0,0.876421052631579,0.86
1.0,0.44444445,15.0,32.0,0.876421052631579,0.86
1.0,0.44444445,15.0,50.0,0.876421052631579,0.86
1.0,0.44444445,15.0,80.0,0.876421052631579,0.86
1.0,0.44444445,15.0,128.0,0.876421052631579,0.86
1.0,0.44444445,17.0,2.0,0.876421052631579,0.86
1.0,0.44444445,17.0,3.0,0.876421052631579,0.86
1.0,0.44444445,17.0,5.0,0.876421052631579,0.86
1.0,0.44444445,17.0,8.0,0.876421052631579,0.86
1.0,0.44444445,17.0,12.0,0.876421052631579,0.86
1.0,0.44444445,17.0,20.0,0.876421052631579,0.86
1.0,0.44444445,17.0,32.0,0.876421052631579,0.86
1.0,0.44444445,17.0,50.0,0.876421052631579,0.86
1.0,0.44444445,17.0,80.0,0.876421052631579,0.86
1.0,0.44444445,17.0,128.0,0.876421052631579,0.86
1.0,0.44444445,20.0,2.0,0.875578947368421,0.86
1.0,0.44444445,20.0,3.0,0.875578947368421,0.86
1.0,0.44444445,20.0,5.0,0.875578947368421,0.86
1.0,0.44444445,20.0,8.0,0.875578947368421,0.86
1.0,0.44444445,20.0,12.0,0.875578947368421,0.86
1.0,0.44444445,20.0,20.0,0.875578947368421,0.86
1.0,0.44444445,20.0,32.0,0.875578947368421,0.86
1.0,0.44444445,20.0,50.0,0.875578947368421,0.86
1.0,0.44444445,20.0,80.0,0.875578947368421,0.86
1.0,0.44444445,20.0,128.0,0.875578947368421,0.86
1.0,0.5555556,1.0,2.0,0.9246315789473684,0.9025000000000001
1.0,0.5555556,1.0,3.0,0.9246315789473684,0.9025000000000001
1.0,0.5555556,1.0,5.0,0.9246315789473684,0.9025000000000001
1.0,0.5555556,1.0,8.0,0.9246315789473684,0.9025000000000001
1.0,0.5555556,1.0,12.0,0.9246315789473684,0.9025000000000001
1.0,0.5555556,1.0,20.0,0.9246315789473684,0.9025000000000001
1.0,0.5555556,1.0,32.0,0.9246315789473684,0.9025000000000001
1.0,0.5555556,1.0,50.0,0.9246315789473684,0.9025000000000001
1.0,0.5555556,1.0,80.0,0.9246315789473684,0.9025000000000001
1.0,0.5555556,1.0,128.0,0.9246315789473684,0.9025000000000001
1.0,0.5555556,3.0,2.0,0.9246315789473684,0.9025000000000001
1.0,0.5555556,3.0,3.0,0.9246315789473684,0.9025000000000001
1.0,0.5555556,3.0,5.0,0.9246315789473684,0.9025000000000001
1.0,0.5555556,3.0,8.0,0.9246315789473684,0.9025000000000001
1.0,0.5555556,3.0,12.0,0.9246315789473684,0.9025000000000001
1.0,0.5555556,3.0,20.0,0.9246315789473684,0.9025000000000001
1.0,0.5555556,3.0,32.0,0.9246315789473684,0.9025000000000001
1.0,0.5555556,3.0,50.0,0.9246315789473684,0.9025000000000001
1.0,0.5555556,3.0,80.0,0.9246315789473684,0.9025000000000001
1.0,0.5555556,3.0,128.0,0.9246315789473684,0.9025000000000001
1.0,0.5555556,5.0,2.0,0.9246315789473684,0.9025000000000001
1.0,0.5555556,5.0,3.0,0.9246315789473684,0.9025000000000001
1.0,0.5555556,5.0,5.0,0.9246315789473684,0.9025000000000001
1.0,0.5555556,5.0,8.0,0.9246315789473684,0.9025000000000001
1.0,0.5555556,5.0,12.0,0.9246315789473684,0.9025000000000001
1.0,0.5555556,5.0,20.0,0.9246315789473684,0.9025000000000001
1.0,0.5555556,5.0,32.0,0.9246315789473684,0.9025000000000001
1.0,0.5555556,5.0,50.0,0.9246315789473684,0.9025000000000001
1.0,0.5555556,5.0,80.0,0.9246315789473684,0.9025000000000001
1.0,0.5555556,5.0,128.0,0.9246315789473684,0.9025000000000001
1.0,0.5555556,7.0,2.0,0.9246315789473684,0.9025000000000001
1.0,0.5555556,7.0,3.0,0.9246315789473684,0.9025000000000001
1.0,0.5555556,7.0,5.0,0.9246315789473684,0.9025000000000001
1.0,0.5555556,7.0,8.0,0.9246315789473684,0.9025000000000001
1.0,0.5555556,7.0,12.0,0.9246315789473684,0.9025000000000001
1.0,0.5555556,7.0,20.0,0.9246315789473684,0.9025000000000001
1.0,0.5555556,7.0,32.0,0.9246315789473684,0.9025000000000001
1.0,0.5555556,7.0,50.0,0.9246315789473684,0.9025000000000001
1.0,0.5555556,7.0,80.0,0.9246315789473684,0.9025000000000001
1.0,0.5555556,7.0,128.0,0.9246315789473684,0.9025000000000001
1.0,0.5555556,9.0,2.0,0.9246315789473684,0.9025000000000001
1.0,0.5555556,9.0,3.0,0.9246315789473684,0.9025000000000001
1.0,0.5555556,9.0,5.0,0.9246315789473684,0.9025000000000001
1.0,0.5555556,9.0,8.0,0.9246315789473684,0.9025000000000001
1.0,0.5555556,9.0,12.0,0.9246315789473684,0.9025000000000001
1.0,0.5555556,9.0,20.0,0.9246315789473684,0.9025000000000001
1.0,0.5555556,9.0,32.0,0.9246315789473684,0.9025000000000001
1.0,0.5555556,9.0,50.0,0.9246315789473684,0.9025000000000001
1.0,0.5555556,9.0,80.0,0.9246315789473684,0.9025000000000001
1.0,0.5555556,9.0,128.0,0.9246315789473684,0.9025000000000001
1.0,0.5555556,11.0,2.0,0.9246315789473684,0.9025000000000001
1.0,0.5555556,11.0,3.0,0.9246315789473684,0.9025000000000001
1.0,0.5555556,11.0,5.0,0.9246315789473684,0.9025000000000001
1.0,0.5555556,11.0,8.0,0.9246315789473684,0.9025000000000001
1.0,0.5555556,11.0,12.0,0.9246315789473684,0.9025000000000001
1.0,0.5555556,11.0,20.0,0.9246315789473684,0.9025000000000001
1.0,0.5555556,11.0,32.0,0.9246315789473684,0.9025000000000001
1.0,0.5555556,11.0,50.0,0.9246315789473684,0.9025000000000001
1.0,0.5555556,11.0,80.0,0.9246315789473684,0.9025000000000001
1.0,0.5555556,11.0,128.0,0.9246315789473684,0.9025000000000001
1.0,0.5555556,13.0,2.0,0.9246315789473684,0.9025000000000001
1.0,0.5555556,13.0,3.0,0.9246315789473684,0.9025000000000001
1.0,0.5555556,13.0,5.0,0.9246315789473684,0.9025000000000001
1.0,0.5555556,13.0,8.0,0.9246315789473684,0.9025000000000001
1.0,0.5555556,13.0,12.0,0.9246315789473684,0.9025000000000001
1.0,0.5555556,13.0,20.0,0.9246315789473684,0.9025000000000001
1.0,0.5555556,13.0,32.0,0.9246315789473684,0.9025000000000001
1.0,0.5555556,13.0,50.0,0.9246315789473684,0.9025000000000001
1.0,0.5555556,13.0,80.0,0.9246315789473684,0.9025000000000001
1.0,0.5555556,13.0,128.0,0.9246315789473684,0.9025000000000001
1.0,0.5555556,15.0,2.0,0.9246315789473684,0.9025000000000001
1.0,0.5555556,15.0,3.0,0.9246315789473684,0.9025000000000001
1.0,0.5555556,15.0,5.0,0.9246315789473684,0.9025000000000001
1.0,0.5555556,15.0,8.0,0.9246315789473684,0.9025000000000001
1.0,0.5555556,15.0,12.0,0.9246315789473684,0.9025000000000001
1.0,0.5555556,15.0,20.0,0.9246315789473684,0.9025000000000001
1.0,0.5555556,15.0,32.0,0.9246315789473684,0.9025000000000001
1.0,0.5555556,15.0,50.0,0.9246315789473684,0.9025000000000001
1.0,0.5555556,15.0,80.0,0.9246315789473684,0.9025000000000001
1.0,0.5555556,15.0,128.0,0.9246315789473684,0.9025000000000001
1.0,0.5555556,17.0,2.0,0.9246315789473684,0.9025000000000001
1.0,0.5555556,17.0,3.0,0.9246315789473684,0.9025000000000001
1.0,0.5555556,17.0,5.0,0.9246315789473684,0.9025000000000001
1.0,0.5555556,17.0,8.0,0.9246315789473684,0.9025000000000001
1.0,0.5555556,17.0,12.0,0.9246315789473684,0.9025000000000001
1.0,0.5555556,17.0,20.0,0.9246315789473684,0.9025000000000001
1.0,0.5555556,17.0,32.0,0.9246315789473684,0.9025000000000001
1.0,0.5555556,17.0,50.0,0.9246315789473684,0.9025000000000001
1.0,0.5555556,17.0,80.0,0.9246315789473684,0.9025000000000001
1.0,0.5555556,17.0,128.0,0.9246315789473684,0.9025000000000001
1.0,0.5555556,20.0,2.0,0.9246315789473684,0.9025000000000001
1.0,0.5555556,20.0,3.0,0.9246315789473684,0.9025000000000001
1.0,0.5555556,20.0,5.0,0.9246315789473684,0.9025000000000001
1.0,0.5555556,20.0,8.0,0.9246315789473684,0.9025000000000001
1.0,0.5555556,20.0,12.0,0.9246315789473684,0.9025000000000001
1.0,0.5555556,20.0,20.0,0.9246315789473684,0.9025000000000001
1.0,0.5555556,20.0,32.0,0.9246315789473684,0.9025000000000001
1.0,0.5555556,20.0,50.0,0.9246315789473684,0.9025000000000001
1.0,0.5555556,20.0,80.0,0.9246315789473684,0.9025000000000001
1.0,0.5555556,20.0,128.0,0.9246315789473684,0.9025000000000001
1.0,0.6666667,1.0,2.0,0.9250526315789473,0.9
1.0,0.6666667,1.0,3.0,0.9250526315789473,0.9
1.0,0.6666667,1.0,5.0,0.9250526315789473,0.9
1.0,0.6666667,1.0,8.0,0.9250526315789473,0.9
1.0,0.6666667,1.0,12.0,0.9250526315789473,0.9
1.0,0.6666667,1.0,20.0,0.9250526315789473,0.9
1.0,0.6666667,1.0,32.0,0.9250526315789473,0.9
1.0,0.6666667,1.0,50.0,0.9250526315789473,0.9
1.0,0.6666667,1.0,80.0,0.9250526315789473,0.9
1.0,0.6666667,1.0,128.0,0.9250526315789473,0.9
1.0,0.6666667,3.0,2.0,0.9250526315789473,0.9
1.0,0.6666667,3.0,3.0,0.9250526315789473,0.9
1.0,0.6666667,3.0,5.0,0.9250526315789473,0.9
1.0,0.6666667,3.0,8.0,0.9250526315789473,0.9
1.0,0.6666667,3.0,12.0,0.9250526315789473,0.9
1.0,0.6666667,3.0,20.0,0.9250526315789473,0.9
1.0,0.6666667,3.0,32.0,0.9250526315789473,0.9
1.0,0.6666667,3.0,50.0,0.9250526315789473,0.9
1.0,0.6666667,3.0,80.0,0.9250526315789473,0.9
1.0,0.6666667,3.0,128.0,0.9250526315789473,0.9
1.0,0.6666667,5.0,2.0,0.9250526315789473,0.9
1.0,0.6666667,5.0,3.0,0.9250526315789473,0.9
1.0,0.6666667,5.0,5.0,0.9250526315789473,0.9
1.0,0.6666667,5.0,8.0,0.9250526315789473,0.9
1.0,0.6666667,5.0,12.0,0.9250526315789473,0.9
1.0,0.6666667,5.0,20.0,0.9250526315789473,0.9
1.0,0.6666667,5.0,32.0,0.9250526315789473,0.9
1.0,0.6666667,5.0,50.0,0.9250526315789473,0.9
1.0,0.6666667,5.0,80.0,0.9250526315789473,0.9
1.0,0.6666667,5.0,128.0,0.9250526315789473,0.9
1.0,0.6666667,7.0,2.0,0.9250526315789473,0.9
1.0,0.6666667,7.0,3.0,0.9250526315789473,0.9
1.0,0.6666667,7.0,5.0,0.9250526315789473,0.9
1.0,0.6666667,7.0,8.0,0.9250526315789473,0.9
1.0,0.6666667,7.0,12.0,0.9250526315789473,0.9
1.0,0.6666667,7.0,20.0,0.9250526315789473,0.9
1.0,0.6666667,7.0,32.0,0.9250526315789473,0.9
1.0,0.6666667,7.0,50.0,0.9250526315789473,0.9
1.0,0.6666667,7.0,80.0,0.9250526315789473,0.9
1.0,0.6666667,7.0,128.0,0.9250526315789473,0.9
1.0,0.6666667,9.0,2.0,0.9250526315789473,0.9
1.0,0.6666667,9.0,3.0,0.9250526315789473,0.9
1.0,0.6666667,9.0,5.0,0.9250526315789473,0.9
1.0,0.6666667,9.0,8.0,0.9250526315789473,0.9
1.0,0.6666667,9.0,12.0,0.9250526315789473,0.9
1.0,0.6666667,9.0,20.0,0.9250526315789473,0.9
1.0,0.6666667,9.0,32.0,0.9250526315789473,0.9
1.0,0.6666667,9.0,50.0,0.9250526315789473,0.9
1.0,0.6666667,9.0,80.0,0.9250526315789473,0.9
1.0,0.6666667,9.0,128.0,0.9250526315789473,0.9
1.0,0.6666667,11.0,2.0,0.9250526315789473,0.9
1.0,0.6666667,11.0,3.0,0.9250526315789473,0.9
1.0,0.6666667,11.0,5.0,0.9250526315789473,0.9
1.0,0.6666667,11.0,8.0,0.9250526315789473,0.9
1.0,0.6666667,11.0,12.0,0.9250526315789473,0.9
1.0,0.6666667,11.0,20.0,0.9250526315789473,0.9
1.0,0.6666667,11.0,32.0,0.9250526315789473,0.9
1.0,0.6666667,11.0,50.0,0.9250526315789473,0.9
1.0,0.6666667,11.0,80.0,0.9250526315789473,0.9
1.0,0.6666667,11.0,128.0,0.9250526315789473,0.9
1.0,0.6666667,13.0,2.0,0.9250526315789473,0.9
1.0,0.6666667,13.0,3.0,0.9250526315789473,0.9
1.0,0.6666667,13.0,5.0,0.9250526315789473,0.9
1.0,0.6666667,13.0,8.0,0.9250526315789473,0.9
1.0,0.6666667,13.0,12.0,0.9250526315789473,0.9
1.0,0.6666667,13.0,20.0,0.9250526315789473,0.9
1.0,0.6666667,13.0,32.0,0.9250526315789473,0.9
1.0,0.6666667,13.0,50.0,0.9250526315789473,0.9
1.0,0.6666667,13.0,80.0,0.9250526315789473,0.9
1.0,0.6666667,13.0,128.0,0.9250526315789473,0.9
1.0,0.6666667,15.0,2.0,0.9250526315789473,0.9
1.0,0.6666667,15.0,3.0,0.9250526315789473,0.9
1.0,0.6666667,15.0,5.0,0.9250526315789473,0.9
1.0,0.6666667,15.0,8.0,0.9250526315789473,0.9
1.0,0.6666667,15.0,12.0,0.9250526315789473,0.9
1.0,0.6666667,15.0,20.0,0.9250526315789473,0.9
1.0,0.6666667,15.0,32.0,0.9250526315789473,0.9
1.0,0.6666667,15.0,50.0,0.9250526315789473,0.9
1.0,0.6666667,15.0,80.0,0.9250526315789473,0.9
1.0,0.6666667,15.0,128.0,0.9250526315789473,0.9
1.0,0.6666667,17.0,2.0,0.9250526315789473,0.9
1.0,0.6666667,17.0,3.0,0.9250526315789473,0.9
1.0,0.6666667,17.0,5.0,0.9250526315789473,0.9
1.0,0.6666667,17.0,8.0,0.9250526315789473,0.9
1.0,0.6666667,17.0,12.0,0.9250526315789473,0.9
1.0,0.6666667,17.0,20.0,0.9250526315789473,0.9
1.0,0.6666667,17.0,32.0,0.9250526315789473,0.9
1.0,0.6666667,17.0,50.0,0.9250526315789473,0.9
1.0,0.6666667,17.0,80.0,0.9250526315789473,0.9
1.0,0.6666667,17.0,128.0,0.9250526315789473,0.9
1.0,0.6666667,20.0,2.0,0.9250526315789473,0.9
1.0,0.6666667,20.0,3.0,0.9250526315789473,0.9
1.0,0.6666667,20.0,5.0,0.9250526315789473,0.9
1.0,0.6666667,20.0,8.0,0.9250526315789473,0.9
1.0,0.6666667,20.0,12.0,0.9250526315789473,0.9
1.0,0.6666667,20.0,20.0,0.9250526315789473,0.9
1.0,0.6666667,20.0,32.0,0.9250526315789473,0.9
1.0,0.6666667,20.0,50.0,0.9250526315789473,0.9
1.0,0.6666667,20.0,80.0,0.9250526315789473,0.9
1.0,0.6666667,20.0,128.0,0.9250526315789473,0.9
1.0,0.7777778,1.0,2.0,0.856421052631579,0.8474999999999999
1.0,0.7777778,1.0,3.0,0.856421052631579,0.8474999999999999
1.0,0.7777778,1.0,5.0,0.856421052631579,0.8474999999999999
1.0,0.7777778,1.0,8.0,0.856421052631579,0.8474999999999999
1.0,0.7777778,1.0,12.0,0.856421052631579,0.8474999999999999
1.0,0.7777778,1.0,20.0,0.856421052631579,0.8474999999999999
1.0,0.7777778,1.0,32.0,0.856421052631579,0.8474999999999999
1.0,0.7777778,1.0,50.0,0.856421052631579,0.8474999999999999
1.0,0.7777778,1.0,80.0,0.856421052631579,0.8474999999999999
1.0,0.7777778,1.0,128.0,0.856421052631579,0.8474999999999999
1.0,0.7777778,3.0,2.0,0.856421052631579,0.8474999999999999
1.0,0.7777778,3.0,3.0,0.856421052631579,0.8474999999999999
1.0,0.7777778,3.0,5.0,0.856421052631579,0.8474999999999999
1.0,0.7777778,3.0,8.0,0.856421052631579,0.8474999999999999
1.0,0.7777778,3.0,12.0,0.856421052631579,0.8474999999999999
1.0,0.7777778,3.0,20.0,0.856421052631579,0.8474999999999999
1.0,0.7777778,3.0,32.0,0.856421052631579,0.8474999999999999
1.0,0.7777778,3.0,50.0,0.856421052631579,0.8474999999999999
1.0,0.7777778,3.0,80.0,0.856421052631579,0.8474999999999999
1.0,0.7777778,3.0,128.0,0.856421052631579,0.8474999999999999
1.0,0.7777778,5.0,2.0,0.856421052631579,0.8474999999999999
1.0,0.7777778,5.0,3.0,0.856421052631579,0.8474999999999999
1.0,0.7777778,5.0,5.0,0.856421052631579,0.8474999999999999
1.0,0.7777778,5.0,8.0,0.856421052631579,0.8474999999999999
1.0,0.7777778,5.0,12.0,0.856421052631579,0.8474999999999999
1.0,0.7777778,5.0,20.0,0.856421052631579,0.8474999999999999
1.0,0.7777778,5.0,32.0,0.856421052631579,0.8474999999999999
1.0,0.7777778,5.0,50.0,0.856421052631579,0.8474999999999999
1.0,0.7777778,5.0,80.0,0.856421052631579,0.8474999999999999
1.0,0.7777778,5.0,128.0,0.856421052631579,0.8474999999999999
1.0,0.7777778,7.0,2.0,0.856421052631579,0.8474999999999999
1.0,0.7777778,7.0,3.0,0.856421052631579,0.8474999999999999
1.0,0.7777778,7.0,5.0,0.856421052631579,0.8474999999999999
1.0,0.7777778,7.0,8.0,0.856421052631579,0.8474999999999999
1.0,0.7777778,7.0,12.0,0.856421052631579,0.8474999999999999
1.0,0.7777778,7.0,20.0,0.856421052631579,0.8474999999999999
1.0,0.7777778,7.0,32.0,0.856421052631579,0.8474999999999999
1.0,0.7777778,7.0,50.0,0.856421052631579,0.8474999999999999
1.0,0.7777778,7.0,80.0,0.856421052631579,0.8474999999999999
1.0,0.7777778,7.0,128.0,0.856421052631579,0.8474999999999999
1.0,0.7777778,9.0,2.0,0.856421052631579,0.8474999999999999
1.0,0.7777778,9.0,3.0,0.856421052631579,0.8474999999999999
1.0,0.7777778,9.0,5.0,0.856421052631579,0.8474999999999999
1.0,0.7777778,9.0,8.0,0.856421052631579,0.8474999999999999
1.0,0.7777778,9.0,12.0,0.856421052631579,0.8474999999999999
1.0,0.7777778,9.0,20.0,0.856421052631579,0.8474999999999999
1.0,0.7777778,9.0,32.0,0.856421052631579,0.8474999999999999
1.0,0.7777778,9.0,50.0,0.856421052631579,0.8474999999999999
1.0,0.7777778,9.0,80.0,0.856421052631579,0.8474999999999999
1.0,0.7777778,9.0,128.0,0.856421052631579,0.8474999999999999
1.0,0.7777778,11.0,2.0,0.856421052631579,0.8474999999999999
1.0,0.7777778,11.0,3.0,0.856421052631579,0.8474999999999999
1.0,0.7777778,11.0,5.0,0.856421052631579,0.8474999999999999
1.0,0.7777778,11.0,8.0,0.856421052631579,0.8474999999999999
1.0,0.7777778,11.0,12.0,0.856421052631579,0.8474999999999999
1.0,0.7777778,11.0,20.0,0.856421052631579,0.8474999999999999
1.0,0.7777778,11.0,32.0,0.856421052631579,0.8474999999999999
1.0,0.7777778,11.0,50.0,0.856421052631579,0.8474999999999999
1.0,0.7777778,11.0,80.0,0.856421052631579,0.8474999999999999
1.0,0.7777778,11.0,128.0,0.856421052631579,0.8474999999999999
1.0,0.7777778,13.0,2.0,0.856421052631579,0.8474999999999999
1.0,0.7777778,13.0,3.0,0.856421052631579,0.8474999999999999
1.0,0.7777778,13.0,5.0,0.856421052631579,0.8474999999999999
1.0,0.7777778,13.0,8.0,0.856421052631579,0.8474999999999999
1.0,0.7777778,13.0,12.0,0.856421052631579,0.8474999999999999
1.0,0.7777778,13.0,20.0,0.856421052631579,0.8474999999999999
1.0,0.7777778,13.0,32.0,0.856421052631579,0.8474999999999999
1.0,0.7777778,13.0,50.0,0.856421052631579,0.8474999999999999
1.0,0.7777778,13.0,80.0,0.856421052631579,0.8474999999999999
1.0,0.7777778,13.0,128.0,0.856421052631579,0.8474999999999999
1.0,0.7777778,15.0,2.0,0.856421052631579,0.8474999999999999
1.0,0.7777778,15.0,3.0,0.856421052631579,0.8474999999999999
1.0,0.7777778,15.0,5.0,0.856421052631579,0.8474999999999999
1.0,0.7777778,15.0,8.0,0.856421052631579,0.8474999999999999
1.0,0.7777778,15.0,12.0,0.856421052631579,0.8474999999999999
1.0,0.7777778,15.0,20.0,0.856421052631579,0.8474999999999999
1.0,0.7777778,15.0,32.0,0.856421052631579,0.8474999999999999
1.0,0.7777778,15.0,50.0,0.856421052631579,0.8474999999999999
1.0,0.7777778,15.0,80.0,0.856421052631579,0.8474999999999999
1.0,0.7777778,15.0,128.0,0.856421052631579,0.8474999999999999
1.0,0.7777778,17.0,2.0,0.856421052631579,0.8474999999999999
1.0,0.7777778,17.0,3.0,0.856421052631579,0.8474999999999999
1.0,0.7777778,17.0,5.0,0.856421052631579,0.8474999999999999
1.0,0.7777778,17.0,8.0,0.856421052631579,0.8474999999999999
1.0,0.7777778,17.0,12.0,0.856421052631579,0.8474999999999999
1.0,0.7777778,17.0,20.0,0.856421052631579,0.8474999999999999
1.0,0.7777778,17.0,32.0,0.856421052631579,0.8474999999999999
1.0,0.7777778,17.0,50.0,0.856421052631579,0.8474999999999999
1.0,0.7777778,17.0,80.0,0.856421052631579,0.8474999999999999
1.0,0.7777778,17.0,128.0,0.856421052631579,0.8474999999999999
1.0,0.7777778,20.0,2.0,0.856421052631579,0.8474999999999999
1.0,0.7777778,20.0,3.0,0.856421052631579,0.8474999999999999
1.0,0.7777778,20.0,5.0,0.856421052631579,0.8474999999999999
1.0,0.7777778,20.0,8.0,0.856421052631579,0.8474999999999999
1.0,0.7777778,20.0,12.0,0.856421052631579,0.8474999999999999
1.0,0.7777778,20.0,20.0,0.856421052631579,0.8474999999999999
1.0,0.7777778,20.0,32.0,0.856421052631579,0.8474999999999999
1.0,0.7777778,20.0,50.0,0.856421052631579,0.8474999999999999
1.0,0.7777778,20.0,80.0,0.856421052631579,0.8474999999999999
1.0,0.7777778,20.0,128.0,0.856421052631579,0.8474999999999999
1.0,0.8888889,1.0,2.0,0.7267368421052632,0.7475
1.0,0.8888889,1.0,3.0,0.7267368421052632,0.7475
1.0,0.8888889,1.0,5.0,0.7267368421052632,0.7475
1.0,0.8888889,1.0,8.0,0.7267368421052632,0.7475
1.0,0.8888889,1.0,12.0,0.7267368421052632,0.7475
1.0,0.8888889,1.0,20.0,0.7267368421052632,0.7475
1.0,0.8888889,1.0,32.0,0.7267368421052632,0.7475
1.0,0.8888889,1.0,50.0,0.7267368421052632,0.7475
1.0,0.8888889,1.0,80.0,0.7267368421052632,0.7475
1.0,0.8888889,1.0,128.0,0.7267368421052632,0.7475
1.0,0.8888889,3.0,2.0,0.7267368421052632,0.7475
1.0,0.8888889,3.0,3.0,0.7267368421052632,0.7475
1.0,0.8888889,3.0,5.0,0.7267368421052632,0.7475
1.0,0.8888889,3.0,8.0,0.7267368421052632,0.7475
1.0,0.8888889,3.0,12.0,0.7267368421052632,0.7475
1.0,0.8888889,3.0,20.0,0.7267368421052632,0.7475
1.0,0.8888889,3.0,32.0,0.7267368421052632,0.7475
1.0,0.8888889,3.0,50.0,0.7267368421052632,0.7475
1.0,0.8888889,3.0,80.0,0.7267368421052632,0.7475
1.0,0.8888889,3.0,128.0,0.7267368421052632,0.7475
1.0,0.8888889,5.0,2.0,0.7267368421052632,0.7475
1.0,0.8888889,5.0,3.0,0.7267368421052632,0.7475
1.0,0.8888889,5.0,5.0,0.7267368421052632,0.7475
1.0,0.8888889,5.0,8.0,0.7267368421052632,0.7475
1.0,0.8888889,5.0,12.0,0.7267368421052632,0.7475
1.0,0.8888889,5.0,20.0,0.7267368421052632,0.7475
1.0,0.8888889,5.0,32.0,0.7267368421052632,0.7475
1.0,0.8888889,5.0,50.0,0.7267368421052632,0.7475
1.0,0.8888889,5.0,80.0,0.7267368421052632,0.7475
1.0,0.8888889,5.0,128.0,0.7267368421052632,0.7475
1.0,0.8888889,7.0,2.0,0.7267368421052632,0.7475
1.0,0.8888889,7.0,3.0,0.7267368421052632,0.7475
1.0,0.8888889,7.0,5.0,0.7267368421052632,0.7475
1.0,0.8888889,7.0,8.0,0.7267368421052632,0.7475
1.0,0.8888889,7.0,12.0,0.7267368421052632,0.7475
1.0,0.8888889,7.0,20.0,0.7267368421052632,0.7475
1.0,0.8888889,7.0,32.0,0.7267368421052632,0.7475
1.0,0.8888889,7.0,50.0,0.7267368421052632,0.7475
1.0,0.8888889,7.0,80.0,0.7267368421052632,0.7475
1.0,0.8888889,7.0,128.0,0.7267368421052632,0.7475
1.0,0.8888889,9.0,2.0,0.7267368421052632,0.7475
1.0,0.8888889,9.0,3.0,0.7267368421052632,0.7475
1.0,0.8888889,9.0,5.0,0.7267368421052632,0.7475
1.0,0.8888889,9.0,8.0,0.7267368421052632,0.7475
1.0,0.8888889,9.0,12.0,0.7267368421052632,0.7475
1.0,0.8888889,9.0,20.0,0.7267368421052632,0.7475
1.0,0.8888889,9.0,32.0,0.7267368421052632,0.7475
1.0,0.8888889,9.0,50.0,0.7267368421052632,0.7475
1.0,0.8888889,9.0,80.0,0.7267368421052632,0.7475
1.0,0.8888889,9.0,128.0,0.7267368421052632,0.7475
1.0,0.8888889,11.0,2.0,0.7267368421052632,0.7475
1.0,0.8888889,11.0,3.0,0.7267368421052632,0.7475
1.0,0.8888889,11.0,5.0,0.7267368421052632,0.7475
1.0,0.8888889,11.0,8.0,0.7267368421052632,0.7475
1.0,0.8888889,11.0,12.0,0.7267368421052632,0.7475
1.0,0.8888889,11.0,20.0,0.7267368421052632,0.7475
1.0,0.8888889,11.0,32.0,0.7267368421052632,0.7475
1.0,0.8888889,11.0,50.0,0.7267368421052632,0.7475
1.0,0.8888889,11.0,80.0,0.7267368421052632,0.7475
1.0,0.8888889,11.0,128.0,0.7267368421052632,0.7475
1.0,0.8888889,13.0,2.0,0.7267368421052632,0.7475
1.0,0.8888889,13.0,3.0,0.7267368421052632,0.7475
1.0,0.8888889,13.0,5.0,0.7267368421052632,0.7475
1.0,0.8888889,13.0,8.0,0.7267368421052632,0.7475
1.0,0.8888889,13.0,12.0,0.7267368421052632,0.7475
1.0,0.8888889,13.0,20.0,0.7267368421052632,0.7475
1.0,0.8888889,13.0,32.0,0.7267368421052632,0.7475
1.0,0.8888889,13.0,50.0,0.7267368421052632,0.7475
1.0,0.8888889,13.0,80.0,0.7267368421052632,0.7475
1.0,0.8888889,13.0,128.0,0.7267368421052632,0.7475
1.0,0.8888889,15.0,2.0,0.7267368421052632,0.7475
1.0,0.8888889,15.0,3.0,0.7267368421052632,0.7475
1.0,0.8888889,15.0,5.0,0.7267368421052632,0.7475
1.0,0.8888889,15.0,8.0,0.7267368421052632,0.7475
1.0,0.8888889,15.0,12.0,0.7267368421052632,0.7475
1.0,0.8888889,15.0,20.0,0.7267368421052632,0.7475
1.0,0.8888889,15.0,32.0,0.7267368421052632,0.7475
1.0,0.8888889,15.0,50.0,0.7267368421052632,0.7475
1.0,0.8888889,15.0,80.0,0.7267368421052632,0.7475
1.0,0.8888889,15.0,128.0,0.7267368421052632,0.7475
1.0,0.8888889,17.0,2.0,0.7267368421052632,0.7475
1.0,0.8888889,17.0,3.0,0.7267368421052632,0.7475
1.0,0.8888889,17.0,5.0,0.7267368421052632,0.7475
1.0,0.8888889,17.0,8.0,0.7267368421052632,0.7475
1.0,0.8888889,17.0,12.0,0.7267368421052632,0.7475
1.0,0.8888889,17.0,20.0,0.7267368421052632,0.7475
1.0,0.8888889,17.0,32.0,0.7267368421052632,0.7475
1.0,0.8888889,17.0,50.0,0.7267368421052632,0.7475
1.0,0.8888889,17.0,80.0,0.7267368421052632,0.7475
1.0,0.8888889,17.0,128.0,0.7267368421052632,0.7475
1.0,0.8888889,20.0,2.0,0.7267368421052632,0.7475
1.0,0.8888889,20.0,3.0,0.7267368421052632,0.7475
1.0,0.8888889,20.0,5.0,0.7267368421052632,0.7475
1.0,0.8888889,20.0,8.0,0.7267368421052632,0.7475
1.0,0.8888889,20.0,12.0,0.7267368421052632,0.7475
1.0,0.8888889,20.0,20.0,0.7267368421052632,0.7475
1.0,0.8888889,20.0,32.0,0.7267368421052632,0.7475
1.0,0.8888889,20.0,50.0,0.7267368421052632,0.7475
1.0,0.8888889,20.0,80.0,0.7267368421052632,0.7475
1.0,0.8888889,20.0,128.0,0.7267368421052632,0.7475
1.0,1.0,1.0,2.0,0.6713684210526316,0.7056250000000001
1.0,1.0,1.0,3.0,0.6713684210526316,0.7056250000000001
1.0,1.0,1.0,5.0,0.6713684210526316,0.7056250000000001
1.0,1.0,1.0,8.0,0.6713684210526316,0.7056250000000001
1.0,1.0,1.0,12.0,0.6713684210526316,0.7056250000000001
1.0,1.0,1.0,20.0,0.6713684210526316,0.7056250000000001
1.0,1.0,1.0,32.0,0.6713684210526316,0.7056250000000001
1.0,1.0,1.0,50.0,0.6713684210526316,0.7056250000000001
1.0,1.0,1.0,80.0,0.6713684210526316,0.7056250000000001
1.0,1.0,1.0,128.0,0.6713684210526316,0.7056250000000001
1.0,1.0,3.0,2.0,0.6713684210526316,0.7056250000000001
1.0,1.0,3.0,3.0,0.6713684210526316,0.7056250000000001
1.0,1.0,3.0,5.0,0.6713684210526316,0.7056250000000001
1.0,1.0,3.0,8.0,0.6713684210526316,0.7056250000000001
1.0,1.0,3.0,12.0,0.6713684210526316,0.7056250000000001
1.0,1.0,3.0,20.0,0.6713684210526316,0.7056250000000001
1.0,1.0,3.0,32.0,0.6713684210526316,0.7056250000000001
1.0,1.0,3.0,50.0,0.6713684210526316,0.7056250000000001
1.0,1.0,3.0,80.0,0.6713684210526316,0.7056250000000001
1.0,1.0,3.0,128.0,0.6713684210526316,0.7056250000000001
1.0,1.0,5.0,2.0,0.6713684210526316,0.7056250000000001
1.0,1.0,5.0,3.0,0.6713684210526316,0.7056250000000001
1.0,1.0,5.0,5.0,0.6713684210526316,0.7056250000000001
1.0,1.0,5.0,8.0,0.6713684210526316,0.7056250000000001
1.0,1.0,5.0,12.0,0.6713684210526316,0.7056250000000001
1.0,1.0,5.0,20.0,0.6713684210526316,0.7056250000000001
1.0,1.0,5.0,32.0,0.6713684210526316,0.7056250000000001
1.0,1.0,5.0,50.0,0.6713684210526316,0.7056250000000001
1.0,1.0,5.0,80.0,0.6713684210526316,0.7056250000000001
1.0,1.0,5.0,128.0,0.6713684210526316,0.7056250000000001
1.0,1.0,7.0,2.0,0.6713684210526316,0.7056250000000001
1.0,1.0,7.0,3.0,0.6713684210526316,0.7056250000000001
1.0,1.0,7.0,5.0,0.6713684210526316,0.7056250000000001
1.0,1.0,7.0,8.0,0.6713684210526316,0.7056250000000001
1.0,1.0,7.0,12.0,0.6713684210526316,0.7056250000000001
1.0,1.0,7.0,20.0,0.6713684210526316,0.7056250000000001
1.0,1.0,7.0,32.0,0.6713684210526316,0.7056250000000001
1.0,1.0,7.0,50.0,0.6713684210526316,0.7056250000000001
1.0,1.0,7.0,80.0,0.6713684210526316,0.7056250000000001
1.0,1.0,7.0,128.0,0.6713684210526316,0.7056250000000001
1.0,1.0,9.0,2.0,0.6713684210526316,0.7056250000000001
1.0,1.0,9.0,3.0,0.6713684210526316,0.7056250000000001
1.0,1.0,9.0,5.0,0.6713684210526316,0.7056250000000001
1.0,1.0,9.0,8.0,0.6713684210526316,0.7056250000000001
1.0,1.0,9.0,12.0,0.6713684210526316,0.7056250000000001
1.0,1.0,9.0,20.0,0.6713684210526316,0.7056250000000001
1.0,1.0,9.0,32.0,0.6713684210526316,0.7056250000000001
1.0,1.0,9.0,50.0,0.6713684210526316,0.7056250000000001
1.0,1.0,9.0,80.0,0.6713684210526316,0.7056250000000001
1.0,1.0,9.0,128.0,0.6713684210526316,0.7056250000000001
1.0,1.0,11.0,2.0,0.6713684210526316,0.7056250000000001
1.0,1.0,11.0,3.0,0.6713684210526316,0.7056250000000001
1.0,1.0,11.0,5.0,0.6713684210526316,0.7056250000000001
1.0,1.0,11.0,8.0,0.6713684210526316,0.7056250000000001
1.0,1.0,11.0,12.0,0.6713684210526316,0.7056250000000001
1.0,1.0,11.0,20.0,0.6713684210526316,0.7056250000000001
1.0,1.0,11.0,32.0,0.6713684210526316,0.7056250000000001
1.0,1.0,11.0,50.0,0.6713684210526316,0.7056250000000001
1.0,1.0,11.0,80.0,0.6713684210526316,0.7056250000000001
1.0,1.0,11.0,128.0,0.6713684210526316,0.7056250000000001
1.0,1.0,13.0,2.0,0.6713684210526316,0.7056250000000001
1.0,1.0,13.0,3.0,0.6713684210526316,0.7056250000000001
1.0,1.0,13.0,5.0,0.6713684210526316,0.7056250000000001
1.0,1.0,13.0,8.0,0.6713684210526316,0.7056250000000001
1.0,1.0,13.0,12.0,0.6713684210526316,0.7056250000000001
1.0,1.0,13.0,20.0,0.6713684210526316,0.7056250000000001
1.0,1.0,13.0,32.0,0.6713684210526316,0.7056250000000001
1.0,1.0,13.0,50.0,0.6713684210526316,0.7056250000000001
1.0,1.0,13.0,80.0,0.6713684210526316,0.7056250000000001
1.0,1.0,13.0,128.0,0.6713684210526316,0.7056250000000001
1.0,1.0,15.0,2.0,0.6713684210526316,0.7056250000000001
1.0,1.0,15.0,3.0,0.6713684210526316,0.7056250000000001
1.0,1.0,15.0,5.0,0.6713684210526316,0.7056250000000001
1.0,1.0,15.0,8.0,0.6713684210526316,0.7056250000000001
1.0,1.0,15.0,12.0,0.6713684210526316,0.7056250000000001
1.0,1.0,15.0,20.0,0.6713684210526316,0.7056250000000001
1.0,1.0,15.0,32.0,0.6713684210526316,0.7056250000000001
1.0,1.0,15.0,50.0,0.6713684210526316,0.7056250000000001
1.0,1.0,15.0,80.0,0.6713684210526316,0.7056250000000001
1.0,1.0,15.0,128.0,0.6713684210526316,0.7056250000000001
1.0,1.0,17.0,2.0,0.6713684210526316,0.7056250000000001
1.0,1.0,17.0,3.0,0.6713684210526316,0.7056250000000001
1.0,1.0,17.0,5.0,0.6713684210526316,0.7056250000000001
1.0,1.0,17.0,8.0,0.6713684210526316,0.7056250000000001
1.0,1.0,17.0,12.0,0.6713684210526316,0.7056250000000001
1.0,1.0,17.0,20.0,0.6713684210526316,0.7056250000000001
1.0,1.0,17.0,32.0,0.6713684210526316,0.7056250000000001
1.0,1.0,17.0,50.0,0.6713684210526316,0.7056250000000001
1.0,1.0,17.0,80.0,0.6713684210526316,0.7056250000000001
1.0,1.0,17.0,128.0,0.6713684210526316,0.7056250000000001
1.0,1.0,20.0,2.0,0.6713684210526316,0.7056250000000001
1.0,1.0,20.0,3.0,0.6713684210526316,0.7056250000000001
1.0,1.0,20.0,5.0,0.6713684210526316,0.7056250000000001
1.0,1.0,20.0,8.0,0.6713684210526316,0.7056250000000001
1.0,1.0,20.0,12.0,0.6713684210526316,0.7056250000000001
1.0,1.0,20.0,20.0,0.6713684210526316,0.7056250000000001
1.0,1.0,20.0,32.0,0.6713684210526316,0.7056250000000001
1.0,1.0,20.0,50.0,0.6713684210526316,0.7056250000000001
1.0,1.0,20.0,80.0,0.6713684210526316,0.7056250000000001
1.0,1.0,20.0,128.0,0.6713684210526316,0.7056250000000001
2.0,0.0,1.0,2.0,0.7526315789473684,0.73375
2.0,0.0,1.0,3.0,0.7526315789473684,0.73375
2.0,0.0,1.0,5.0,0.7526315789473684,0.73375
2.0,0.0,1.0,8.0,0.7534736842105263,0.733125
2.0,0.0,1.0,12.0,0.7534736842105263,0.733125
2.0,0.0,1.0,20.0,0.7541052631578948,0.73375
2.0,0.0,1.0,32.0,0.7545263157894737,0.73375
2.0,0.0,1.0,50.0,0.7543157894736842,0.73375
2.0,0.0,1.0,80.0,0.7549473684210526,0.73375
2.0,0.0,1.0,128.0,0.7524210526315789,0.734375
2.0,0.0,3.0,2.0,0.7517894736842106,0.7306250000000001
2.0,0.0,3.0,3.0,0.7517894736842106,0.7306250000000001
2.0,0.0,3.0,5.0,0.7517894736842106,0.7306250000000001
2.0,0.0,3.0,8.0,0.7517894736842106,0.7306250000000001
2.0,0.0,3.0,12.0,0.752,0.73125
2.0,0.0,3.0,20.0,0.7526315789473684,0.7325
2.0,0.0,3.0,32.0,0.7524210526315789,0.733125
2.0,0.0,3.0,50.0,0.7522105263157896,0.7325
2.0,0.0,3.0,80.0,0.7536842105263158,0.73125
2.0,0.0,3.0,128.0,0.7522105263157894,0.733125
2.0,0.0,5.0,2.0,0.7528421052631579,0.729375
2.0,0.0,5.0,3.0,0.7528421052631579,0.729375
2.0,0.0,5.0,5.0,0.7528421052631579,0.729375
2.0,0.0,5.0,8.0,0.7528421052631579,0.729375
2.0,0.0,5.0,12.0,0.7522105263157896,0.73
2.0,0.0,5.0,20.0,0.7522105263157894,0.7325
2.0,0.0,5.0,32.0,0.7526315789473684,0.733125
2.0,0.0,5.0,50.0,0.7532631578947369,0.733125
2.0,0.0,5.0,80.0,0.7536842105263158,0.7325
2.0,0.0,5.0,128.0,0.7522105263157894,0.73375
2.0,0.0,7.0,2.0,0.7501052631578948,0.729375
2.0,0.0,7.0,3.0,0.7501052631578948,0.729375
2.0,0.0,7.0,5.0,0.7501052631578948,0.729375
2.0,0.0,7.0,8.0,0.7501052631578948,0.729375
2.0,0.0,7.0,12.0,0.7501052631578948,0.729375
2.0,0.0,7.0,20.0,0.7511578947368421,0.73
2.0,0.0,7.0,32.0,0.7513684210526316,0.73
2.0,0.0,7.0,50.0,0.7515789473684211,0.73
2.0,0.0,7.0,80.0,0.7513684210526316,0.73125
2.0,0.0,7.0,128.0,0.7482105263157894,0.73375
2.0,0.0,9.0,2.0,0.7469473684210526,0.72875
2.0,0.0,9.0,3.0,0.7469473684210526,0.72875
2.0,0.0,9.0,5.0,0.7469473684210526,0.72875
2.0,0.0,9.0,8.0,0.7469473684210526,0.72875
2.0,0.0,9.0,12.0,0.7469473684210526,0.72875
2.0,0.0,9.0,20.0,0.7477894736842106,0.729375
2.0,0.0,9.0,32.0,0.7482105263157894,0.729375
2.0,0.0,9.0,50.0,0.7484210526315789,0.729375
2.0,0.0,9.0,80.0,0.7486315789473684,0.7318749999999999
2.0,0.0,9.0,128.0,0.7463157894736842,0.73
2.0,0.0,11.0,2.0,0.7461052631578948,0.729375
2.0,0.0,11.0,3.0,0.7461052631578948,0.729375
2.0,0.0,11.0,5.0,0.7461052631578948,0.729375
2.0,0.0,11.0,8.0,0.7461052631578948,0.729375
2.0,0.0,11.0,12.0,0.7461052631578948,0.729375
2.0,0.0,11.0,20.0,0.7461052631578948,0.729375
2.0,0.0,11.0,32.0,0.7461052631578948,0.729375
2.0,0.0,11.0,50.0,0.7461052631578948,0.73
2.0,0.0,11.0,80.0,0.7477894736842106,0.73
2.0,0.0,11.0,128.0,0.7450526315789474,0.73
2.0,0.0,13.0,2.0,0.7454736842105263,0.72875
2.0,0.0,13.0,3.0,0.7454736842105263,0.72875
2.0,0.0,13.0,5.0,0.7454736842105263,0.72875
2.0,0.0,13.0,8.0,0.7454736842105263,0.72875
2.0,0.0,13.0,12.0,0.7454736842105263,0.72875
2.0,0.0,13.0,20.0,0.7454736842105263,0.72875
2.0,0.0,13.0,32.0,0.7454736842105263,0.72875
2.0,0.0,13.0,50.0,0.7458947368421052,0.729375
2.0,0.0,13.0,80.0,0.7461052631578948,0.73
2.0,0.0,13.0,128.0,0.744,0.72875
2.0,0.0,15.0,2.0,0.7444210526315789,0.72875
2.0,0.0,15.0,3.0,0.7444210526315789,0.72875
2.0,0.0,15.0,5.0,0.7444210526315789,0.72875
2.0,0.0,15.0,8.0,0.7444210526315789,0.72875
2.0,0.0,15.0,12.0,0.7444210526315789,0.72875
2.0,0.0,15.0,20.0,0.7444210526315789,0.72875
2.0,0.0,15.0,32.0,0.7444210526315789,0.72875
2.0,0.0,15.0,50.0,0.7446315789473684,0.729375
2.0,0.0,15.0,80.0,0.7450526315789474,0.7306250000000001
2.0,0.0,15.0,128.0,0.7429473684210526,0.729375
2.0,0.0,17.0,2.0,0.744,0.7275
2.0,0.0,17.0,3.0,0.744,0.7275
2.0,0.0,17.0,5.0,0.744,0.7275
2.0,0.0,17.0,8.0,0.744,0.7275
2.0,0.0,17.0,12.0,0.744,0.7275
2.0,0.0,17.0,20.0,0.744,0.7275
2.0,0.0,17.0,32.0,0.744,0.7275
2.0,0.0,17.0,50.0,0.7444210526315789,0.728125
2.0,0.0,17.0,80.0,0.7444210526315789,0.7306250000000001
2.0,0.0,17.0,128.0,0.7421052631578947,0.7268749999999999
2.0,0.0,20.0,2.0,0.7429473684210526,0.725625
2.0,0.0,20.0,3.0,0.7429473684210526,0.725625
2.0,0.0,20.0,5.0,0.7429473684210526,0.725625
2.0,0.0,20.0,8.0,0.7429473684210526,0.725625
2.0,0.0,20.0,12.0,0.7429473684210526,0.725625
2.0,0.0,20.0,20.0,0.7429473684210526,0.725625
2.0,0.0,20.0,32.0,0.7429473684210526,0.725625
2.0,0.0,20.0,50.0,0.7433684210526316,0.725625
2.0,0.0,20.0,80.0,0.7429473684210526,0.7268749999999999
2.0,0.0,20.0,128.0,0.7427368421052633,0.7275
2.0,0.11111111,1.0,2.0,0.8303157894736841,0.809375
2.0,0.11111111,1.0,3.0,0.8303157894736841,0.809375
2.0,0.11111111,1.0,5.0,0.8303157894736841,0.809375
2.0,0.11111111,1.0,8.0,0.8301052631578948,0.8074999999999999
2.0,0.11111111,1.0,12.0,0.8303157894736841,0.8081250000000001
2.0,0.11111111,1.0,20.0,0.8303157894736841,0.8087500000000001
2.0,0.11111111,1.0,32.0,0.8301052631578948,0.809375
2.0,0.11111111,1.0,50.0,0.8303157894736841,0.8087500000000001
2.0,0.11111111,1.0,80.0,0.8290526315789475,0.8081250000000001
2.0,0.11111111,1.0,128.0,0.828421052631579,0.805
2.0,0.11111111,3.0,2.0,0.8292631578947368,0.8087500000000001
2.0,0.11111111,3.0,3.0,0.8292631578947368,0.8087500000000001
2.0,0.11111111,3.0,5.0,0.8292631578947368,0.8087500000000001
2.0,0.11111111,3.0,8.0,0.8290526315789475,0.8081250000000001
2.0,0.11111111,3.0,12.0,0.8301052631578948,0.8074999999999999
2.0,0.11111111,3.0,20.0,0.8305263157894738,0.8074999999999999
2.0,0.11111111,3.0,32.0,0.8303157894736841,0.8074999999999999
2.0,0.11111111,3.0,50.0,0.8305263157894738,0.8074999999999999
2.0,0.11111111,3.0,80.0,0.8286315789473685,0.806875
2.0,0.11111111,3.0,128.0,0.828421052631579,0.805625
2.0,0.11111111,5.0,2.0,0.8305263157894738,0.8087500000000001
2.0,0.11111111,5.0,3.0,0.8305263157894738,0.8087500000000001
2.0,0.11111111,5.0,5.0,0.8305263157894738,0.8087500000000001
2.0,0.11111111,5.0,8.0,0.8305263157894738,0.8087500000000001
2.0,0.11111111,5.0,12.0,0.8305263157894738,0.8081250000000001
2.0,0.11111111,5.0,20.0,0.8309473684210527,0.8081250000000001
2.0,0.11111111,5.0,32.0,0.8307368421052631,0.8081250000000001
2.0,0.11111111,5.0,50.0,0.8307368421052631,0.8081250000000001
2.0,0.11111111,5.0,80.0,0.8286315789473685,0.806875
2.0,0.11111111,5.0,128.0,0.8288421052631578,0.805625
2.0,0.11111111,7.0,2.0,0.8292631578947368,0.8074999999999999
2.0,0.11111111,7.0,3.0,0.8292631578947368,0.8074999999999999
2.0,0.11111111,7.0,5.0,0.8292631578947368,0.8074999999999999
2.0,0.11111111,7.0,8.0,0.8292631578947368,0.8074999999999999
2.0,0.11111111,7.0,12.0,0.8292631578947368,0.8074999999999999
2.0,0.11111111,7.0,20.0,0.8286315789473685,0.8087500000000001
2.0,0.11111111,7.0,32.0,0.8286315789473685,0.8087500000000001
2.0,0.11111111,7.0,50.0,0.8288421052631578,0.8087500000000001
2.0,0.11111111,7.0,80.0,0.8271578947368422,0.806875
2.0,0.11111111,7.0,128.0,0.8267368421052632,0.8025
2.0,0.11111111,9.0,2.0,0.8290526315789475,0.806875
2.0,0.11111111,9.0,3.0,0.8290526315789475,0.806875
2.0,0.11111111,9.0,5.0,0.8290526315789475,0.806875
2.0,0.11111111,9.0,8.0,0.8290526315789475,0.806875
2.0,0.11111111,9.0,12.0,0.8290526315789475,0.806875
2.0,0.11111111,9.0,20.0,0.8292631578947368,0.806875
2.0,0.11111111,9.0,32.0,0.8290526315789475,0.8074999999999999
2.0,0.11111111,9.0,50.0,0.8290526315789475,0.8074999999999999
2.0,0.11111111,9.0,80.0,0.8277894736842105,0.805
2.0,0.11111111,9.0,128.0,0.8273684210526315,0.8025
2.0,0.11111111,11.0,2.0,0.8292631578947368,0.8087500000000001
2.0,0.11111111,11.0,3.0,0.8292631578947368,0.8087500000000001
2.0,0.11111111,11.0,5.0,0.8292631578947368,0.8087500000000001
2.0,0.11111111,11.0,8.0,0.8292631578947368,0.8087500000000001
2.0,0.11111111,11.0,12.0,0.8292631578947368,0.8087500000000001
2.0,0.11111111,11.0,20.0,0.8292631578947368,0.8087500000000001
2.0,0.11111111,11.0,32.0,0.8292631578947368,0.8087500000000001
2.0,0.11111111,11.0,50.0,0.8292631578947368,0.8087500000000001
2.0,0.11111111,11.0,80.0,0.8277894736842105,0.805
2.0,0.11111111,11.0,128.0,0.8277894736842105,0.8025
2.0,0.11111111,13.0,2.0,0.8290526315789475,0.806875
2.0,0.11111111,13.0,3.0,0.8290526315789475,0.806875
2.0,0.11111111,13.0,5.0,0.8290526315789475,0.806875
2.0,0.11111111,13.0,8.0,0.8290526315789475,0.806875
2.0,0.11111111,13.0,12.0,0.8290526315789475,0.806875
2.0,0.11111111,13.0,20.0,0.8290526315789475,0.806875
2.0,0.11111111,13.0,32.0,0.8290526315789475,0.806875
2.0,0.11111111,13.0,50.0,0.8292631578947368,0.806875
2.0,0.11111111,13.0,80.0,0.8269473684210527,0.805625
2.0,0.11111111,13.0,128.0,0.827578947368421,0.803125
2.0,0.11111111,15.0,2.0,0.828,0.806875
2.0,0.11111111,15.0,3.0,0.828,0.806875
2.0,0.11111111,15.0,5.0,0.828,0.806875
2.0,0.11111111,15.0,8.0,0.828,0.806875
2.0,0.11111111,15.0,12.0,0.828,0.806875
2.0,0.11111111,15.0,20.0,0.828,0.806875
2.0,0.11111111,15.0,32.0,0.828,0.806875
2.0,0.11111111,15.0,50.0,0.8286315789473685,0.806875
2.0,0.11111111,15.0,80.0,0.8265263157894737,0.805
2.0,0.11111111,15.0,128.0,0.8269473684210527,0.80375
2.0,0.11111111,17.0,2.0,0.827578947368421,0.80625
2.0,0.11111111,17.0,3.0,0.827578947368421,0.80625
2.0,0.11111111,17.0,5.0,0.827578947368421,0.80625
2.0,0.11111111,17.0,8.0,0.827578947368421,0.80625
2.0,0.11111111,17.0,12.0,0.827578947368421,0.80625
2.0,0.11111111,17.0,20.0,0.827578947368421,0.80625
2.0,0.11111111,17.0,32.0,0.827578947368421,0.80625
2.0,0.11111111,17.0,50.0,0.8277894736842105,0.80625
2.0,0.11111111,17.0,80.0,0.8261052631578947,0.804375
2.0,0.11111111,17.0,128.0,0.8265263157894737,0.80375
2.0,0.11111111,20.0,2.0,0.8271578947368422,0.80625
2.0,0.11111111,20.0,3.0,0.8271578947368422,0.80625
2.0,0.11111111,20.0,5.0,0.8271578947368422,0.80625
2.0,0.11111111,20.0,8.0,0.8271578947368422,0.80625
2.0,0.11111111,20.0,12.0,0.8271578947368422,0.80625
2.0,0.11111111,20.0,20.0,0.8271578947368422,0.80625
2.0,0.11111111,20.0,32.0,0.8271578947368422,0.80625
2.0,0.11111111,20.0,50.0,0.8277894736842105,0.80625
2.0,0.11111111,20.0,80.0,0.8269473684210527,0.805
2.0,0.11111111,20.0,128.0,0.826736842105263,0.805
2.0,0.22222222,1.0,2.0,0.8892631578947368,0.8724999999999999
2.0,0.22222222,1.0,3.0,0.8892631578947368,0.8724999999999999
2.0,0.22222222,1.0,5.0,0.8892631578947368,0.8724999999999999
2.0,0.22222222,1.0,8.0,0.8892631578947368,0.8724999999999999
2.0,0.22222222,1.0,12.0,0.8892631578947368,0.8724999999999999
2.0,0.22222222,1.0,20.0,0.8886315789473684,0.871875
2.0,0.22222222,1.0,32.0,0.8886315789473684,0.871875
2.0,0.22222222,1.0,50.0,0.8888421052631579,0.871875
2.0,0.22222222,1.0,80.0,0.8903157894736843,0.8724999999999999
2.0,0.22222222,1.0,128.0,0.8896842105263157,0.8731249999999999
2.0,0.22222222,3.0,2.0,0.8886315789473684,0.8724999999999999
2.0,0.22222222,3.0,3.0,0.8886315789473684,0.8724999999999999
2.0,0.22222222,3.0,5.0,0.8886315789473684,0.8724999999999999
2.0,0.22222222,3.0,8.0,0.8886315789473684,0.8724999999999999
2.0,0.22222222,3.0,12.0,0.8886315789473684,0.8724999999999999
2.0,0.22222222,3.0,20.0,0.8880000000000001,0.871875
2.0,0.22222222,3.0,32.0,0.888421052631579,0.871875
2.0,0.22222222,3.0,50.0,0.8886315789473684,0.871875
2.0,0.22222222,3.0,80.0,0.8901052631578947,0.8724999999999999
2.0,0.22222222,3.0,128.0,0.8896842105263157,0.8731249999999999
2.0,0.22222222,5.0,2.0,0.8888421052631579,0.8724999999999999
2.0,0.22222222,5.0,3.0,0.8888421052631579,0.8724999999999999
2.0,0.22222222,5.0,5.0,0.8888421052631579,0.8724999999999999
2.0,0.22222222,5.0,8.0,0.8888421052631579,0.8724999999999999
2.0,0.22222222,5.0,12.0,0.8888421052631579,0.8724999999999999
2.0,0.22222222,5.0,20.0,0.8882105263157895,0.871875
2.0,0.22222222,5.0,32.0,0.8886315789473684,0.871875
2.0,0.22222222,5.0,50.0,0.8888421052631579,0.871875
2.0,0.22222222,5.0,80.0,0.8901052631578947,0.8724999999999999
2.0,0.22222222,5.0,128.0,0.8898947368421053,0.8731249999999999
2.0,0.22222222,7.0,2.0,0.8888421052631579,0.8724999999999999
2.0,0.22222222,7.0,3.0,0.8888421052631579,0.8724999999999999
2.0,0.22222222,7.0,5.0,0.8888421052631579,0.8724999999999999
2.0,0.22222222,7.0,8.0,0.8888421052631579,0.8724999999999999
2.0,0.22222222,7.0,12.0,0.8888421052631579,0.8724999999999999
2.0,0.22222222,7.0,20.0,0.888421052631579,0.8724999999999999
2.0,0.22222222,7.0,32.0,0.888421052631579,0.8724999999999999
2.0,0.22222222,7.0,50.0,0.8886315789473684,0.8724999999999999
2.0,0.22222222,7.0,80.0,0.8901052631578947,0.87375
2.0,0.22222222,7.0,128.0,0.8896842105263157,0.8712500000000001
2.0,0.22222222,9.0,2.0,0.8871578947368421,0.87375
2.0,0.22222222,9.0,3.0,0.8871578947368421,0.87375
2.0,0.22222222,9.0,5.0,0.8871578947368421,0.87375
2.0,0.22222222,9.0,8.0,0.8871578947368421,0.87375
2.0,0.22222222,9.0,12.0,0.8871578947368421,0.87375
2.0,0.22222222,9.0,20.0,0.8871578947368421,0.87375
2.0,0.22222222,9.0,32.0,0.8869473684210526,0.8724999999999999
2.0,0.22222222,9.0,50.0,0.8869473684210526,0.8724999999999999
2.0,0.22222222,9.0,80.0,0.888421052631579,0.874375
2.0,0.22222222,9.0,128.0,0.8888421052631579,0.8699999999999999
2.0,0.22222222,11.0,2.0,0.8865263157894736,0.8712500000000001
2.0,0.22222222,11.0,3.0,0.8865263157894736,0.8712500000000001
2.0,0.22222222,11.0,5.0,0.8865263157894736,0.8712500000000001
2.0,0.22222222,11.0,8.0,0.8865263157894736,0.8712500000000001
2.0,0.22222222,11.0,12.0,0.8865263157894736,0.8712500000000001
2.0,0.22222222,11.0,20.0,0.8865263157894736,0.8712500000000001
2.0,0.22222222,11.0,32.0,0.8863157894736842,0.8712500000000001
2.0,0.22222222,11.0,50.0,0.8863157894736842,0.8706250000000001
2.0,0.22222222,11.0,80.0,0.8875789473684211,0.874375
2.0,0.22222222,11.0,128.0,0.8892631578947368,0.8699999999999999
2.0,0.22222222,13.0,2.0,0.8856842105263159,0.8712500000000001
2.0,0.22222222,13.0,3.0,0.8856842105263159,0.8712500000000001
2.0,0.22222222,13.0,5.0,0.8856842105263159,0.8712500000000001
2.0,0.22222222,13.0,8.0,0.8856842105263159,0.8712500000000001
2.0,0.22222222,13.0,12.0,0.8856842105263159,0.8712500000000001
2.0,0.22222222,13.0,20.0,0.8856842105263159,0.8712500000000001
2.0,0.22222222,13.0,32.0,0.8856842105263159,0.8712500000000001
2.0,0.22222222,13.0,50.0,0.8856842105263159,0.8706250000000001
2.0,0.22222222,13.0,80.0,0.8869473684210526,0.87375
2.0,0.22222222,13.0,128.0,0.8892631578947368,0.8699999999999999
2.0,0.22222222,15.0,2.0,0.8848421052631579,0.8706250000000001
2.0,0.22222222,15.0,3.0,0.8848421052631579,0.8706250000000001
2.0,0.22222222,15.0,5.0,0.8848421052631579,0.8706250000000001
2.0,0.22222222,15.0,8.0,0.8848421052631579,0.8706250000000001
2.0,0.22222222,15.0,12.0,0.8848421052631579,0.8706250000000001
2.0,0.22222222,15.0,20.0,0.8848421052631579,0.8706250000000001
2.0,0.22222222,15.0,32.0,0.8848421052631579,0.8706250000000001
2.0,0.22222222,15.0,50.0,0.8848421052631579,0.8706250000000001
2.0,0.22222222,15.0,80.0,0.8858947368421053,0.874375
2.0,0.22222222,15.0,128.0,0.8892631578947368,0.8706250000000001
2.0,0.22222222,17.0,2.0,0.884421052631579,0.869375
2.0,0.22222222,17.0,3.0,0.884421052631579,0.869375
2.0,0.22222222,17.0,5.0,0.884421052631579,0.869375
2.0,0.22222222,17.0,8.0,0.884421052631579,0.869375
2.0,0.22222222,17.0,12.0,0.884421052631579,0.869375
2.0,0.22222222,17.0,20.0,0.884421052631579,0.869375
2.0,0.22222222,17.0,32.0,0.884421052631579,0.869375
2.0,0.22222222,17.0,50.0,0.884421052631579,0.869375
2.0,0.22222222,17.0,80.0,0.8854736842105263,0.8712500000000001
2.0,0.22222222,17.0,128.0,0.888421052631579,0.8699999999999999
2.0,0.22222222,20.0,2.0,0.8837894736842106,0.8699999999999999
2.0,0.22222222,20.0,3.0,0.8837894736842106,0.8699999999999999
2.0,0.22222222,20.0,5.0,0.8837894736842106,0.8699999999999999
2.0,0.22222222,20.0,8.0,0.8837894736842106,0.8699999999999999
2.0,0.22222222,20.0,12.0,0.8837894736842106,0.8699999999999999
2.0,0.22222222,20.0,20.0,0.8837894736842106,0.8699999999999999
2.0,0.22222222,20.0,32.0,0.8837894736842106,0.8699999999999999
2.0,0.22222222,20.0,50.0,0.8837894736842106,0.8699999999999999
2.0,0.22222222,20.0,80.0,0.8846315789473685,0.8706250000000001
2.0,0.22222222,20.0,128.0,0.8886315789473684,0.8699999999999999
2.0,0.33333334,1.0,2.0,0.9130526315789474,0.9043749999999999
2.0,0.33333334,1.0,3.0,0.9130526315789474,0.9043749999999999
2.0,0.33333334,1.0,5.0,0.9130526315789474,0.9043749999999999
2.0,0.33333334,1.0,8.0,0.9130526315789474,0.9043749999999999
2.0,0.33333334,1.0,12.0,0.9124210526315789,0.9037499999999999
2.0,0.33333334,1.0,20.0,0.9124210526315789,0.9037499999999999
2.0,0.33333334,1.0,32.0,0.9124210526315789,0.9037499999999999
2.0,0.33333334,1.0,50.0,0.9124210526315789,0.9037499999999999
2.0,0.33333334,1.0,80.0,0.9122105263157895,0.9037499999999999
2.0,0.33333334,1.0,128.0,0.9134736842105264,0.9087500000000001
2.0,0.33333334,3.0,2.0,0.9130526315789474,0.9043749999999999
2.0,0.33333334,3.0,3.0,0.9130526315789474,0.9043749999999999
2.0,0.33333334,3.0,5.0,0.9130526315789474,0.9043749999999999
2.0,0.33333334,3.0,8.0,0.9130526315789474,0.9043749999999999
2.0,0.33333334,3.0,12.0,0.9126315789473685,0.9037499999999999
2.0,0.33333334,3.0,20.0,0.9126315789473685,0.9037499999999999
2.0,0.33333334,3.0,32.0,0.9124210526315789,0.9037499999999999
2.0,0.33333334,3.0,50.0,0.9124210526315789,0.9037499999999999
2.0,0.33333334,3.0,80.0,0.9122105263157895,0.9037499999999999
2.0,0.33333334,3.0,128.0,0.9134736842105264,0.9087500000000001
2.0,0.33333334,5.0,2.0,0.9126315789473685,0.9043749999999999
2.0,0.33333334,5.0,3.0,0.9126315789473685,0.9043749999999999
2.0,0.33333334,5.0,5.0,0.9126315789473685,0.9043749999999999
2.0,0.33333334,5.0,8.0,0.9126315789473685,0.9043749999999999
2.0,0.33333334,5.0,12.0,0.9124210526315789,0.9037499999999999
2.0,0.33333334,5.0,20.0,0.9124210526315789,0.9037499999999999
2.0,0.33333334,5.0,32.0,0.9122105263157895,0.9037499999999999
2.0,0.33333334,5.0,50.0,0.9122105263157895,0.9037499999999999
2.0,0.33333334,5.0,80.0,0.9113684210526316,0.9037499999999999
2.0,0.33333334,5.0,128.0,0.9130526315789474,0.9087500000000001
2.0,0.33333334,7.0,2.0,0.9113684210526316,0.9037499999999999
2.0,0.33333334,7.0,3.0,0.9113684210526316,0.9037499999999999
2.0,0.33333334,7.0,5.0,0.9113684210526316,0.9037499999999999
2.0,0.33333334,7.0,8.0,0.9113684210526316,0.9037499999999999
2.0,0.33333334,7.0,12.0,0.9113684210526316,0.9037499999999999
2.0,0.33333334,7.0,20.0,0.9113684210526316,0.9037499999999999
2.0,0.33333334,7.0,32.0,0.9111578947368422,0.9037499999999999
2.0,0.33333334,7.0,50.0,0.9111578947368422,0.9037499999999999
2.0,0.33333334,7.0,80.0,0.9101052631578946,0.9037499999999999
2.0,0.33333334,7.0,128.0,0.9120000000000001,0.9081250000000001
2.0,0.33333334,9.0,2.0,0.9107368421052632,0.9037499999999999
2.0,0.33333334,9.0,3.0,0.9107368421052632,0.9037499999999999
2.0,0.33333334,9.0,5.0,0.9107368421052632,0.9037499999999999
2.0,0.33333334,9.0,8.0,0.9107368421052632,0.9037499999999999
2.0,0.33333334,9.0,12.0,0.9107368421052632,0.9037499999999999
2.0,0.33333334,9.0,20.0,0.9107368421052632,0.9037499999999999
2.0,0.33333334,9.0,32.0,0.9105263157894736,0.9037499999999999
2.0,0.33333334,9.0,50.0,0.9107368421052632,0.9037499999999999
2.0,0.33333334,9.0,80.0,0.9101052631578949,0.9037499999999999
2.0,0.33333334,9.0,128.0,0.9117894736842105,0.9087500000000001
2.0,0.33333334,11.0,2.0,0.9103157894736842,0.9037499999999999
2.0,0.33333334,11.0,3.0,0.9103157894736842,0.9037499999999999
2.0,0.33333334,11.0,5.0,0.9103157894736842,0.9037499999999999
2.0,0.33333334,11.0,8.0,0.9103157894736842,0.9037499999999999
2.0,0.33333334,11.0,12.0,0.9103157894736842,0.9037499999999999
2.0,0.33333334,11.0,20.0,0.9103157894736842,0.9037499999999999
2.0,0.33333334,11.0,32.0,0.9101052631578949,0.9037499999999999
2.0,0.33333334,11.0,50.0,0.9103157894736842,0.9037499999999999
2.0,0.33333334,11.0,80.0,0.9103157894736842,0.9037499999999999
2.0,0.33333334,11.0,128.0,0.9111578947368422,0.9087500000000001
2.0,0.33333334,13.0,2.0,0.9107368421052632,0.9037499999999999
2.0,0.33333334,13.0,3.0,0.9107368421052632,0.9037499999999999
2.0,0.33333334,13.0,5.0,0.9107368421052632,0.9037499999999999
2.0,0.33333334,13.0,8.0,0.9107368421052632,0.9037499999999999
2.0,0.33333334,13.0,12.0,0.9107368421052632,0.9037499999999999
2.0,0.33333334,13.0,20.0,0.9107368421052632,0.9037499999999999
2.0,0.33333334,13.0,32.0,0.9107368421052632,0.9037499999999999
2.0,0.33333334,13.0,50.0,0.9109473684210526,0.9037499999999999
2.0,0.33333334,13.0,80.0,0.9103157894736842,0.9037499999999999
2.0,0.33333334,13.0,128.0,0.9113684210526316,0.9087500000000001
2.0,0.33333334,15.0,2.0,0.9103157894736842,0.9037499999999999
2.0,0.33333334,15.0,3.0,0.9103157894736842,0.9037499999999999
2.0,0.33333334,15.0,5.0,0.9103157894736842,0.9037499999999999
2.0,0.33333334,15.0,8.0,0.9103157894736842,0.9037499999999999
2.0,0.33333334,15.0,12.0,0.9103157894736842,0.9037499999999999
2.0,0.33333334,15.0,20.0,0.9103157894736842,0.9037499999999999
2.0,0.33333334,15.0,32.0,0.9103157894736842,0.9037499999999999
2.0,0.33333334,15.0,50.0,0.9103157894736842,0.9037499999999999
2.0,0.33333334,15.0,80.0,0.9098947368421053,0.9037499999999999
2.0,0.33333334,15.0,128.0,0.9115789473684212,0.9081250000000001
2.0,0.33333334,17.0,2.0,0.9094736842105263,0.9037499999999999
2.0,0.33333334,17.0,3.0,0.9094736842105263,0.9037499999999999
2.0,0.33333334,17.0,5.0,0.9094736842105263,0.9037499999999999
2.0,0.33333334,17.0,8.0,0.9094736842105263,0.9037499999999999
2.0,0.33333334,17.0,12.0,0.9094736842105263,0.9037499999999999
2.0,0.33333334,17.0,20.0,0.9094736842105263,0.9037499999999999
2.0,0.33333334,17.0,32.0,0.9094736842105263,0.9037499999999999
2.0,0.33333334,17.0,50.0,0.9094736842105263,0.9037499999999999
2.0,0.33333334,17.0,80.0,0.9101052631578949,0.9037499999999999
2.0,0.33333334,17.0,128.0,0.9111578947368422,0.9081250000000001
2.0,0.33333334,20.0,2.0,0.9094736842105263,0.903125
2.0,0.33333334,20.0,3.0,0.9094736842105263,0.903125
2.0,0.33333334,20.0,5.0,0.9094736842105263,0.903125
2.0,0.33333334,20.0,8.0,0.9094736842105263,0.903125
2.0,0.33333334,20.0,12.0,0.9094736842105263,0.903125
2.0,0.33333334,20.0,20.0,0.9094736842105263,0.903125
2.0,0.33333334,20.0,32.0,0.9094736842105263,0.903125
2.0,0.33333334,20.0,50.0,0.9094736842105263,0.903125
2.0,0.33333334,20.0,80.0,0.9096842105263157,0.9043749999999999
2.0,0.33333334,20.0,128.0,0.9103157894736842,0.9081250000000001
2.0,0.44444445,1.0,2.0,0.9461052631578948,0.930625
2.0,0.44444445,1.0,3.0,0.9461052631578948,0.930625
2.0,0.44444445,1.0,5.0,0.9461052631578948,0.930625
2.0,0.44444445,1.0,8.0,0.9461052631578948,0.930625
2.0,0.44444445,1.0,12.0,0.9461052631578948,0.930625
2.0,0.44444445,1.0,20.0,0.9461052631578948,0.930625
2.0,0.44444445,1.0,32.0,0.9461052631578948,0.930625
2.0,0.44444445,1.0,50.0,0.9461052631578948,0.930625
2.0,0.44444445,1.0,80.0,0.9463157894736842,0.93125
2.0,0.44444445,1.0,128.0,0.9448421052631579,0.93
2.0,0.44444445,3.0,2.0,0.9458947368421052,0.930625
2.0,0.44444445,3.0,3.0,0.9458947368421052,0.930625
2.0,0.44444445,3.0,5.0,0.9458947368421052,0.930625
2.0,0.44444445,3.0,8.0,0.9458947368421052,0.930625
2.0,0.44444445,3.0,12.0,0.9458947368421052,0.930625
2.0,0.44444445,3.0,20.0,0.9458947368421052,0.930625
2.0,0.44444445,3.0,32.0,0.9458947368421052,0.930625
2.0,0.44444445,3.0,50.0,0.9458947368421052,0.930625
2.0,0.44444445,3.0,80.0,0.9461052631578948,0.93125
2.0,0.44444445,3.0,128.0,0.9448421052631579,0.93
2.0,0.44444445,5.0,2.0,0.9458947368421052,0.930625
2.0,0.44444445,5.0,3.0,0.9458947368421052,0.930625
2.0,0.44444445,5.0,5.0,0.9458947368421052,0.930625
2.0,0.44444445,5.0,8.0,0.9458947368421052,0.930625
2.0,0.44444445,5.0,12.0,0.9458947368421052,0.930625
2.0,0.44444445,5.0,20.0,0.9458947368421052,0.930625
2.0,0.44444445,5.0,32.0,0.9458947368421052,0.930625
2.0,0.44444445,5.0,50.0,0.9458947368421052,0.930625
2.0,0.44444445,5.0,80.0,0.9461052631578948,0.93125
2.0,0.44444445,5.0,128.0,0.9446315789473683,0.93
2.0,0.44444445,7.0,2.0,0.9458947368421052,0.930625
2.0,0.44444445,7.0,3.0,0.9458947368421052,0.930625
2.0,0.44444445,7.0,5.0,0.9458947368421052,0.930625
2.0,0.44444445,7.0,8.0,0.9458947368421052,0.930625
2.0,0.44444445,7.0,12.0,0.9458947368421052,0.930625
2.0,0.44444445,7.0,20.0,0.9458947368421052,0.930625
2.0,0.44444445,7.0,32.0,0.9458947368421052,0.930625
2.0,0.44444445,7.0,50.0,0.9458947368421052,0.930625
2.0,0.44444445,7.0,80.0,0.9461052631578948,0.93125
2.0,0.44444445,7.0,128.0,0.9446315789473683,0.93
2.0,0.44444445,9.0,2.0,0.9450526315789473,0.930625
2.0,0.44444445,9.0,3.0,0.9450526315789473,0.930625
2.0,0.44444445,9.0,5.0,0.9450526315789473,0.930625
2.0,0.44444445,9.0,8.0,0.9450526315789473,0.930625
2.0,0.44444445,9.0,12.0,0.9450526315789473,0.930625
2.0,0.44444445,9.0,20.0,0.9450526315789473,0.930625
2.0,0.44444445,9.0,32.0,0.9450526315789473,0.930625
2.0,0.44444445,9.0,50.0,0.9450526315789473,0.930625
2.0,0.44444445,9.0,80.0,0.9450526315789473,0.93125
2.0,0.44444445,9.0,128.0,0.9446315789473683,0.93
2.0,0.44444445,11.0,2.0,0.9444210526315789,0.930625
2.0,0.44444445,11.0,3.0,0.9444210526315789,0.930625
2.0,0.44444445,11.0,5.0,0.9444210526315789,0.930625
2.0,0.44444445,11.0,8.0,0.9444210526315789,0.930625
2.0,0.44444445,11.0,12.0,0.9444210526315789,0.930625
2.0,0.44444445,11.0,20.0,0.9444210526315789,0.930625
2.0,0.44444445,11.0,32.0,0.9444210526315789,0.930625
2.0,0.44444445,11.0,50.0,0.9444210526315789,0.930625
2.0,0.44444445,11.0,80.0,0.9444210526315789,0.93125
2.0,0.44444445,11.0,128.0,0.9444210526315789,0.93
2.0,0.44444445,13.0,2.0,0.9444210526315789,0.93
2.0,0.44444445,13.0,3.0,0.9444210526315789,0.93
2.0,0.44444445,13.0,5.0,0.9444210526315789,0.93
2.0,0.44444445,13.0,8.0,0.9444210526315789,0.93
2.0,0.44444445,13.0,12.0,0.9444210526315789,0.93
2.0,0.44444445,13.0,20.0,0.9444210526315789,0.93
2.0,0.44444445,13.0,32.0,0.9444210526315789,0.93
2.0,0.44444445,13.0,50.0,0.9444210526315789,0.93
2.0,0.44444445,13.0,80.0,0.9442105263157895,0.930625
2.0,0.44444445,13.0,128.0,0.9444210526315789,0.93
2.0,0.44444445,15.0,2.0,0.9437894736842105,0.929375
2.0,0.44444445,15.0,3.0,0.9437894736842105,0.929375
2.0,0.44444445,15.0,5.0,0.9437894736842105,0.929375
2.0,0.44444445,15.0,8.0,0.9437894736842105,0.929375
2.0,0.44444445,15.0,12.0,0.9437894736842105,0.929375
2.0,0.44444445,15.0,20.0,0.9437894736842105,0.929375
2.0,0.44444445,15.0,32.0,0.9437894736842105,0.929375
2.0,0.44444445,15.0,50.0,0.9437894736842105,0.929375
2.0,0.44444445,15.0,80.0,0.9437894736842105,0.929375
2.0,0.44444445,15.0,128.0,0.9444210526315789,0.93
2.0,0.44444445,17.0,2.0,0.9433684210526316,0.92875
2.0,0.44444445,17.0,3.0,0.9433684210526316,0.92875
2.0,0.44444445,17.0,5.0,0.9433684210526316,0.92875
2.0,0.44444445,17.0,8.0,0.9433684210526316,0.92875
2.0,0.44444445,17.0,12.0,0.9433684210526316,0.92875
2.0,0.44444445,17.0,20.0,0.9433684210526316,0.92875
2.0,0.44444445,17.0,32.0,0.9433684210526316,0.92875
2.0,0.44444445,17.0,50.0,0.9433684210526316,0.92875
2.0,0.44444445,17.0,80.0,0.943578947368421,0.929375
2.0,0.44444445,17.0,128.0,0.9444210526315789,0.929375
2.0,0.44444445,20.0,2.0,0.9433684210526316,0.929375
2.0,0.44444445,20.0,3.0,0.9433684210526316,0.929375
2.0,0.44444445,20.0,5.0,0.9433684210526316,0.929375
2.0,0.44444445,20.0,8.0,0.9433684210526316,0.929375
2.0,0.44444445,20.0,12.0,0.9433684210526316,0.929375
2.0,0.44444445,20.0,20.0,0.9433684210526316,0.929375
2.0,0.44444445,20.0,32.0,0.9433684210526316,0.929375
2.0,0.44444445,20.0,50.0,0.9433684210526316,0.929375
2.0,0.44444445,20.0,80.0,0.943578947368421,0.929375
2.0,0.44444445,20.0,128.0,0.9437894736842105,0.93
2.0,0.5555556,1.0,2.0,0.9437894736842105,0.93
2.0,0.5555556,1.0,3.0,0.9437894736842105,0.93
2.0,0.5555556,1.0,5.0,0.9437894736842105,0.93
2.0,0.5555556,1.0,8.0,0.9437894736842105,0.93
2.0,0.5555556,1.0,12.0,0.9437894736842105,0.93
2.0,0.5555556,1.0,20.0,0.9437894736842105,0.93
2.0,0.5555556,1.0,32.0,0.9437894736842105,0.93
2.0,0.5555556,1.0,50.0,0.9437894736842105,0.93
2.0,0.5555556,1.0,80.0,0.9442105263157895,0.93
2.0,0.5555556,1.0,128.0,0.9437894736842105,0.9268750000000001
2.0,0.5555556,3.0,2.0,0.9437894736842105,0.93
2.0,0.5555556,3.0,3.0,0.9437894736842105,0.93
2.0,0.5555556,3.0,5.0,0.9437894736842105,0.93
2.0,0.5555556,3.0,8.0,0.9437894736842105,0.93
2.0,0.5555556,3.0,12.0,0.9437894736842105,0.93
2.0,0.5555556,3.0,20.0,0.9437894736842105,0.93
2.0,0.5555556,3.0,32.0,0.9437894736842105,0.93
2.0,0.5555556,3.0,50.0,0.9437894736842105,0.93
2.0,0.5555556,3.0,80.0,0.9442105263157895,0.93
2.0,0.5555556,3.0,128.0,0.9437894736842105,0.9268750000000001
2.0,0.5555556,5.0,2.0,0.9437894736842105,0.93
2.0,0.5555556,5.0,3.0,0.9437894736842105,0.93
2.0,0.5555556,5.0,5.0,0.9437894736842105,0.93
2.0,0.5555556,5.0,8.0,0.9437894736842105,0.93
2.0,0.5555556,5.0,12.0,0.9437894736842105,0.93
2.0,0.5555556,5.0,20.0,0.9437894736842105,0.93
2.0,0.5555556,5.0,32.0,0.9437894736842105,0.93
2.0,0.5555556,5.0,50.0,0.9437894736842105,0.93
2.0,0.5555556,5.0,80.0,0.9442105263157895,0.93
2.0,0.5555556,5.0,128.0,0.9437894736842105,0.9268750000000001
2.0,0.5555556,7.0,2.0,0.9437894736842105,0.93
2.0,0.5555556,7.0,3.0,0.9437894736842105,0.93
2.0,0.5555556,7.0,5.0,0.9437894736842105,0.93
2.0,0.5555556,7.0,8.0,0.9437894736842105,0.93
2.0,0.5555556,7.0,12.0,0.9437894736842105,0.93
2.0,0.5555556,7.0,20.0,0.9437894736842105,0.93
2.0,0.5555556,7.0,32.0,0.9437894736842105,0.93
2.0,0.5555556,7.0,50.0,0.9437894736842105,0.93
2.0,0.5555556,7.0,80.0,0.9442105263157895,0.93
2.0,0.5555556,7.0,128.0,0.9437894736842105,0.9268750000000001
2.0,0.5555556,9.0,2.0,0.9437894736842105,0.93
2.0,0.5555556,9.0,3.0,0.9437894736842105,0.93
2.0,0.5555556,9.0,5.0,0.9437894736842105,0.93
2.0,0.5555556,9.0,8.0,0.9437894736842105,0.93
2.0,0.5555556,9.0,12.0,0.9437894736842105,0.93
2.0,0.5555556,9.0,20.0,0.9437894736842105,0.93
2.0,0.5555556,9.0,32.0,0.9437894736842105,0.93
2.0,0.5555556,9.0,50.0,0.9437894736842105,0.93
2.0,0.5555556,9.0,80.0,0.9442105263157895,0.93
2.0,0.5555556,9.0,128.0,0.9437894736842105,0.9268750000000001
2.0,0.5555556,11.0,2.0,0.943578947368421,0.929375
2.0,0.5555556,11.0,3.0,0.943578947368421,0.929375
2.0,0.5555556,11.0,5.0,0.943578947368421,0.929375
2.0,0.5555556,11.0,8.0,0.943578947368421,0.929375
2.0,0.5555556,11.0,12.0,0.943578947368421,0.929375
2.0,0.5555556,11.0,20.0,0.943578947368421,0.929375
2.0,0.5555556,11.0,32.0,0.943578947368421,0.929375
2.0,0.5555556,11.0,50.0,0.943578947368421,0.929375
2.0,0.5555556,11.0,80.0,0.943578947368421,0.929375
2.0,0.5555556,11.0,128.0,0.9437894736842105,0.9268750000000001
2.0,0.5555556,13.0,2.0,0.943578947368421,0.929375
2.0,0.5555556,13.0,3.0,0.943578947368421,0.929375
2.0,0.5555556,13.0,5.0,0.943578947368421,0.929375
2.0,0.5555556,13.0,8.0,0.943578947368421,0.929375
2.0,0.5555556,13.0,12.0,0.943578947368421,0.929375
2.0,0.5555556,13.0,20.0,0.943578947368421,0.929375
2.0,0.5555556,13.0,32.0,0.943578947368421,0.929375
2.0,0.5555556,13.0,50.0,0.943578947368421,0.929375
2.0,0.5555556,13.0,80.0,0.943578947368421,0.929375
2.0,0.5555556,13.0,128.0,0.9433684210526316,0.9268750000000001
2.0,0.5555556,15.0,2.0,0.9433684210526316,0.929375
2.0,0.5555556,15.0,3.0,0.9433684210526316,0.929375
2.0,0.5555556,15.0,5.0,0.9433684210526316,0.929375
2.0,0.5555556,15.0,8.0,0.9433684210526316,0.929375
2.0,0.5555556,15.0,12.0,0.9433684210526316,0.929375
2.0,0.5555556,15.0,20.0,0.9433684210526316,0.929375
2.0,0.5555556,15.0,32.0,0.9433684210526316,0.929375
2.0,0.5555556,15.0,50.0,0.9433684210526316,0.929375
2.0,0.5555556,15.0,80.0,0.9433684210526316,0.929375
2.0,0.5555556,15.0,128.0,0.9433684210526316,0.9262499999999999
2.0,0.5555556,17.0,2.0,0.9433684210526316,0.92875
2.0,0.5555556,17.0,3.0,0.9433684210526316,0.92875
2.0,0.5555556,17.0,5.0,0.9433684210526316,0.92875
2.0,0.5555556,17.0,8.0,0.9433684210526316,0.92875
2.0,0.5555556,17.0,12.0,0.9433684210526316,0.92875
2.0,0.5555556,17.0,20.0,0.9433684210526316,0.92875
2.0,0.5555556,17.0,32.0,0.9433684210526316,0.92875
2.0,0.5555556,17.0,50.0,0.9433684210526316,0.92875
2.0,0.5555556,17.0,80.0,0.9433684210526316,0.929375
2.0,0.5555556,17.0,128.0,0.9433684210526316,0.9262499999999999
2.0,0.5555556,20.0,2.0,0.9433684210526316,0.928125
2.0,0.5555556,20.0,3.0,0.9433684210526316,0.928125
2.0,0.5555556,20.0,5.0,0.9433684210526316,0.928125
2.0,0.5555556,20.0,8.0,0.9433684210526316,0.928125
2.0,0.5555556,20.0,12.0,0.9433684210526316,0.928125
2.0,0.5555556,20.0,20.0,0.9433684210526316,0.928125
2.0,0.5555556,20.0,32.0,0.9433684210526316,0.928125
2.0,0.5555556,20.0,50.0,0.9433684210526316,0.928125
2.0,0.5555556,20.0,80.0,0.9433684210526316,0.929375
2.0,0.5555556,20.0,128.0,0.9433684210526316,0.9262499999999999
2.0,0.6666667,1.0,2.0,0.9288421052631579,0.9075
2.0,0.6666667,1.0,3.0,0.9288421052631579,0.9075
2.0,0.6666667,1.0,5.0,0.9288421052631579,0.9075
2.0,0.6666667,1.0,8.0,0.9288421052631579,0.9075
2.0,0.6666667,1.0,12.0,0.9288421052631579,0.9075
2.0,0.6666667,1.0,20.0,0.9288421052631579,0.9075
2.0,0.6666667,1.0,32.0,0.9288421052631579,0.9075
2.0,0.6666667,1.0,50.0,0.9288421052631579,0.9075
2.0,0.6666667,1.0,80.0,0.9288421052631579,0.9075
2.0,0.6666667,1.0,128.0,0.927578947368421,0.903125
2.0,0.6666667,3.0,2.0,0.9288421052631579,0.9075
2.0,0.6666667,3.0,3.0,0.9288421052631579,0.9075
2.0,0.6666667,3.0,5.0,0.9288421052631579,0.9075
2.0,0.6666667,3.0,8.0,0.9288421052631579,0.9075
2.0,0.6666667,3.0,12.0,0.9288421052631579,0.9075
2.0,0.6666667,3.0,20.0,0.9288421052631579,0.9075
2.0,0.6666667,3.0,32.0,0.9288421052631579,0.9075
2.0,0.6666667,3.0,50.0,0.9288421052631579,0.9075
2.0,0.6666667,3.0,80.0,0.9288421052631579,0.9075
2.0,0.6666667,3.0,128.0,0.927578947368421,0.903125
2.0,0.6666667,5.0,2.0,0.9288421052631579,0.9075
2.0,0.6666667,5.0,3.0,0.9288421052631579,0.9075
2.0,0.6666667,5.0,5.0,0.9288421052631579,0.9075
2.0,0.6666667,5.0,8.0,0.9288421052631579,0.9075
2.0,0.6666667,5.0,12.0,0.9288421052631579,0.9075
2.0,0.6666667,5.0,20.0,0.9288421052631579,0.9075
2.0,0.6666667,5.0,32.0,0.9288421052631579,0.9075
2.0,0.6666667,5.0,50.0,0.9288421052631579,0.9075
2.0,0.6666667,5.0,80.0,0.9288421052631579,0.9075
2.0,0.6666667,5.0,128.0,0.927578947368421,0.903125
2.0,0.6666667,7.0,2.0,0.9288421052631579,0.9075
2.0,0.6666667,7.0,3.0,0.9288421052631579,0.9075
2.0,0.6666667,7.0,5.0,0.9288421052631579,0.9075
2.0,0.6666667,7.0,8.0,0.9288421052631579,0.9075
2.0,0.6666667,7.0,12.0,0.9288421052631579,0.9075
2.0,0.6666667,7.0,20.0,0.9288421052631579,0.9075
2.0,0.6666667,7.0,32.0,0.9288421052631579,0.9075
2.0,0.6666667,7.0,50.0,0.9288421052631579,0.9075
2.0,0.6666667,7.0,80.0,0.9288421052631579,0.9075
2.0,0.6666667,7.0,128.0,0.927578947368421,0.903125
2.0,0.6666667,9.0,2.0,0.9286315789473685,0.9075
2.0,0.6666667,9.0,3.0,0.9286315789473685,0.9075
2.0,0.6666667,9.0,5.0,0.9286315789473685,0.9075
2.0,0.6666667,9.0,8.0,0.9286315789473685,0.9075
2.0,0.6666667,9.0,12.0,0.9286315789473685,0.9075
2.0,0.6666667,9.0,20.0,0.9286315789473685,0.9075
2.0,0.6666667,9.0,32.0,0.9286315789473685,0.9075
2.0,0.6666667,9.0,50.0,0.9286315789473685,0.9075
2.0,0.6666667,9.0,80.0,0.9286315789473685,0.9075
2.0,0.6666667,9.0,128.0,0.927578947368421,0.9025000000000001
2.0,0.6666667,11.0,2.0,0.9282105263157895,0.906875
2.0,0.6666667,11.0,3.0,0.9282105263157895,0.906875
2.0,0.6666667,11.0,5.0,0.9282105263157895,0.906875
2.0,0.6666667,11.0,8.0,0.9282105263157895,0.906875
2.0,0.6666667,11.0,12.0,0.9282105263157895,0.906875
2.0,0.6666667,11.0,20.0,0.9282105263157895,0.906875
2.0,0.6666667,11.0,32.0,0.9282105263157895,0.906875
2.0,0.6666667,11.0,50.0,0.9282105263157895,0.906875
2.0,0.6666667,11.0,80.0,0.9282105263157895,0.906875
2.0,0.6666667,11.0,128.0,0.9273684210526316,0.9025000000000001
2.0,0.6666667,13.0,2.0,0.9279999999999999,0.90625
2.0,0.6666667,13.0,3.0,0.9279999999999999,0.90625
2.0,0.6666667,13.0,5.0,0.9279999999999999,0.90625
2.0,0.6666667,13.0,8.0,0.9279999999999999,0.90625
2.0,0.6666667,13.0,12.0,0.9279999999999999,0.90625
2.0,0.6666667,13.0,20.0,0.9279999999999999,0.90625
2.0,0.6666667,13.0,32.0,0.9279999999999999,0.90625
2.0,0.6666667,13.0,50.0,0.9279999999999999,0.90625
2.0,0.6666667,13.0,80.0,0.9279999999999999,0.90625
2.0,0.6666667,13.0,128.0,0.9271578947368422,0.9025000000000001
2.0,0.6666667,15.0,2.0,0.9279999999999999,0.90625
2.0,0.6666667,15.0,3.0,0.9279999999999999,0.90625
2.0,0.6666667,15.0,5.0,0.9279999999999999,0.90625
2.0,0.6666667,15.0,8.0,0.9279999999999999,0.90625
2.0,0.6666667,15.0,12.0,0.9279999999999999,0.90625
2.0,0.6666667,15.0,20.0,0.9279999999999999,0.90625
2.0,0.6666667,15.0,32.0,0.9279999999999999,0.90625
2.0,0.6666667,15.0,50.0,0.9279999999999999,0.90625
2.0,0.6666667,15.0,80.0,0.9279999999999999,0.90625
2.0,0.6666667,15.0,128.0,0.9271578947368422,0.9025000000000001
2.0,0.6666667,17.0,2.0,0.9279999999999999,0.90625
2.0,0.6666667,17.0,3.0,0.9279999999999999,0.90625
2.0,0.6666667,17.0,5.0,0.9279999999999999,0.90625
2.0,0.6666667,17.0,8.0,0.9279999999999999,0.90625
2.0,0.6666667,17.0,12.0,0.9279999999999999,0.90625
2.0,0.6666667,17.0,20.0,0.9279999999999999,0.90625
2.0,0.6666667,17.0,32.0,0.9279999999999999,0.90625
2.0,0.6666667,17.0,50.0,0.9279999999999999,0.90625
2.0,0.6666667,17.0,80.0,0.9279999999999999,0.90625
2.0,0.6666667,17.0,128.0,0.9271578947368422,0.9025000000000001
2.0,0.6666667,20.0,2.0,0.9282105263157895,0.90625
2.0,0.6666667,20.0,3.0,0.9282105263157895,0.90625
2.0,0.6666667,20.0,5.0,0.9282105263157895,0.90625
2.0,0.6666667,20.0,8.0,0.9282105263157895,0.90625
2.0,0.6666667,20.0,12.0,0.9282105263157895,0.90625
2.0,0.6666667,20.0,20.0,0.9282105263157895,0.90625
2.0,0.6666667,20.0,32.0,0.9282105263157895,0.90625
2.0,0.6666667,20.0,50.0,0.9282105263157895,0.90625
2.0,0.6666667,20.0,80.0,0.9282105263157895,0.90625
2.0,0.6666667,20.0,128.0,0.9271578947368422,0.9025000000000001
2.0,0.7777778,1.0,2.0,0.9242105263157894,0.9
2.0,0.7777778,1.0,3.0,0.9242105263157894,0.9
2.0,0.7777778,1.0,5.0,0.9242105263157894,0.9
2.0,0.7777778,1.0,8.0,0.9242105263157894,0.9
2.0,0.7777778,1.0,12.0,0.9242105263157894,0.9
2.0,0.7777778,1.0,20.0,0.9242105263157894,0.9
2.0,0.7777778,1.0,32.0,0.9242105263157894,0.9
2.0,0.7777778,1.0,50.0,0.9242105263157894,0.9
2.0,0.7777778,1.0,80.0,0.9242105263157894,0.9
2.0,0.7777778,1.0,128.0,0.9242105263157894,0.9
2.0,0.7777778,3.0,2.0,0.9242105263157894,0.9
2.0,0.7777778,3.0,3.0,0.9242105263157894,0.9
2.0,0.7777778,3.0,5.0,0.9242105263157894,0.9
2.0,0.7777778,3.0,8.0,0.9242105263157894,0.9
2.0,0.7777778,3.0,12.0,0.9242105263157894,0.9
2.0,0.7777778,3.0,20.0,0.9242105263157894,0.9
2.0,0.7777778,3.0,32.0,0.9242105263157894,0.9
2.0,0.7777778,3.0,50.0,0.9242105263157894,0.9
2.0,0.7777778,3.0,80.0,0.9242105263157894,0.9
2.0,0.7777778,3.0,128.0,0.9242105263157894,0.9
2.0,0.7777778,5.0,2.0,0.9242105263157894,0.9
2.0,0.7777778,5.0,3.0,0.9242105263157894,0.9
2.0,0.7777778,5.0,5.0,0.9242105263157894,0.9
2.0,0.7777778,5.0,8.0,0.9242105263157894,0.9
2.0,0.7777778,5.0,12.0,0.9242105263157894,0.9
2.0,0.7777778,5.0,20.0,0.9242105263157894,0.9
2.0,0.7777778,5.0,32.0,0.9242105263157894,0.9
2.0,0.7777778,5.0,50.0,0.9242105263157894,0.9
2.0,0.7777778,5.0,80.0,0.9242105263157894,0.9
2.0,0.7777778,5.0,128.0,0.9242105263157894,0.9
2.0,0.7777778,7.0,2.0,0.9242105263157894,0.9
2.0,0.7777778,7.0,3.0,0.9242105263157894,0.9
2.0,0.7777778,7.0,5.0,0.9242105263157894,0.9
2.0,0.7777778,7.0,8.0,0.9242105263157894,0.9
2.0,0.7777778,7.0,12.0,0.9242105263157894,0.9
2.0,0.7777778,7.0,20.0,0.9242105263157894,0.9
2.0,0.7777778,7.0,32.0,0.9242105263157894,0.9
2.0,0.7777778,7.0,50.0,0.9242105263157894,0.9
2.0,0.7777778,7.0,80.0,0.9242105263157894,0.9
2.0,0.7777778,7.0,128.0,0.9242105263157894,0.9
2.0,0.7777778,9.0,2.0,0.9242105263157894,0.9
2.0,0.7777778,9.0,3.0,0.9242105263157894,0.9
2.0,0.7777778,9.0,5.0,0.9242105263157894,0.9
2.0,0.7777778,9.0,8.0,0.9242105263157894,0.9
2.0,0.7777778,9.0,12.0,0.9242105263157894,0.9
2.0,0.7777778,9.0,20.0,0.9242105263157894,0.9
2.0,0.7777778,9.0,32.0,0.9242105263157894,0.9
2.0,0.7777778,9.0,50.0,0.9242105263157894,0.9
2.0,0.7777778,9.0,80.0,0.9242105263157894,0.9
2.0,0.7777778,9.0,128.0,0.9242105263157894,0.9
2.0,0.7777778,11.0,2.0,0.9242105263157894,0.9
2.0,0.7777778,11.0,3.0,0.9242105263157894,0.9
2.0,0.7777778,11.0,5.0,0.9242105263157894,0.9
2.0,0.7777778,11.0,8.0,0.9242105263157894,0.9
2.0,0.7777778,11.0,12.0,0.9242105263157894,0.9
2.0,0.7777778,11.0,20.0,0.9242105263157894,0.9
2.0,0.7777778,11.0,32.0,0.9242105263157894,0.9
2.0,0.7777778,11.0,50.0,0.9242105263157894,0.9
2.0,0.7777778,11.0,80.0,0.9242105263157894,0.9
2.0,0.7777778,11.0,128.0,0.9242105263157894,0.9
2.0,0.7777778,13.0,2.0,0.9242105263157894,0.9
2.0,0.7777778,13.0,3.0,0.9242105263157894,0.9
2.0,0.7777778,13.0,5.0,0.9242105263157894,0.9
2.0,0.7777778,13.0,8.0,0.9242105263157894,0.9
2.0,0.7777778,13.0,12.0,0.9242105263157894,0.9
2.0,0.7777778,13.0,20.0,0.9242105263157894,0.9
2.0,0.7777778,13.0,32.0,0.9242105263157894,0.9
2.0,0.7777778,13.0,50.0,0.9242105263157894,0.9
2.0,0.7777778,13.0,80.0,0.9242105263157894,0.9
2.0,0.7777778,13.0,128.0,0.9242105263157894,0.9
2.0,0.7777778,15.0,2.0,0.9242105263157894,0.9
2.0,0.7777778,15.0,3.0,0.9242105263157894,0.9
2.0,0.7777778,15.0,5.0,0.9242105263157894,0.9
2.0,0.7777778,15.0,8.0,0.9242105263157894,0.9
2.0,0.7777778,15.0,12.0,0.9242105263157894,0.9
2.0,0.7777778,15.0,20.0,0.9242105263157894,0.9
2.0,0.7777778,15.0,32.0,0.9242105263157894,0.9
2.0,0.7777778,15.0,50.0,0.9242105263157894,0.9
2.0,0.7777778,15.0,80.0,0.9242105263157894,0.9
2.0,0.7777778,15.0,128.0,0.9242105263157894,0.9
2.0,0.7777778,17.0,2.0,0.9242105263157894,0.9
2.0,0.7777778,17.0,3.0,0.9242105263157894,0.9
2.0,0.7777778,17.0,5.0,0.9242105263157894,0.9
2.0,0.7777778,17.0,8.0,0.9242105263157894,0.9
2.0,0.7777778,17.0,12.0,0.9242105263157894,0.9
2.0,0.7777778,17.0,20.0,0.9242105263157894,0.9
2.0,0.7777778,17.0,32.0,0.9242105263157894,0.9
2.0,0.7777778,17.0,50.0,0.9242105263157894,0.9
2.0,0.7777778,17.0,80.0,0.9242105263157894,0.9
2.0,0.7777778,17.0,128.0,0.9242105263157894,0.9
2.0,0.7777778,20.0,2.0,0.9242105263157894,0.9
2.0,0.7777778,20.0,3.0,0.9242105263157894,0.9
2.0,0.7777778,20.0,5.0,0.9242105263157894,0.9
2.0,0.7777778,20.0,8.0,0.9242105263157894,0.9
2.0,0.7777778,20.0,12.0,0.9242105263157894,0.9
2.0,0.7777778,20.0,20.0,0.9242105263157894,0.9
2.0,0.7777778,20.0,32.0,0.9242105263157894,0.9
2.0,0.7777778,20.0,50.0,0.9242105263157894,0.9
2.0,0.7777778,20.0,80.0,0.9242105263157894,0.9
2.0,0.7777778,20.0,128.0,0.9242105263157894,0.9
2.0,0.8888889,1.0,2.0,0.9242105263157894,0.9
2.0,0.8888889,1.0,3.0,0.9242105263157894,0.9
2.0,0.8888889,1.0,5.0,0.9242105263157894,0.9
2.0,0.8888889,1.0,8.0,0.9242105263157894,0.9
2.0,0.8888889,1.0,12.0,0.9242105263157894,0.9
2.0,0.8888889,1.0,20.0,0.9242105263157894,0.9
2.0,0.8888889,1.0,32.0,0.9242105263157894,0.9
2.0,0.8888889,1.0,50.0,0.9242105263157894,0.9
2.0,0.8888889,1.0,80.0,0.9242105263157894,0.9
2.0,0.8888889,1.0,128.0,0.9242105263157894,0.9
2.0,0.8888889,3.0,2.0,0.9242105263157894,0.9
2.0,0.8888889,3.0,3.0,0.9242105263157894,0.9
2.0,0.8888889,3.0,5.0,0.9242105263157894,0.9
2.0,0.8888889,3.0,8.0,0.9242105263157894,0.9
2.0,0.8888889,3.0,12.0,0.9242105263157894,0.9
2.0,0.8888889,3.0,20.0,0.9242105263157894,0.9
2.0,0.8888889,3.0,32.0,0.9242105263157894,0.9
2.0,0.8888889,3.0,50.0,0.9242105263157894,0.9
2.0,0.8888889,3.0,80.0,0.9242105263157894,0.9
2.0,0.8888889,3.0,128.0,0.9242105263157894,0.9
2.0,0.8888889,5.0,2.0,0.9242105263157894,0.9
2.0,0.8888889,5.0,3.0,0.9242105263157894,0.9
2.0,0.8888889,5.0,5.0,0.9242105263157894,0.9
2.0,0.8888889,5.0,8.0,0.9242105263157894,0.9
2.0,0.8888889,5.0,12.0,0.9242105263157894,0.9
2.0,0.8888889,5.0,20.0,0.9242105263157894,0.9
2.0,0.8888889,5.0,32.0,0.9242105263157894,0.9
2.0,0.8888889,5.0,50.0,0.9242105263157894,0.9
2.0,0.8888889,5.0,80.0,0.9242105263157894,0.9
2.0,0.8888889,5.0,128.0,0.9242105263157894,0.9
2.0,0.8888889,7.0,2.0,0.9242105263157894,0.9
2.0,0.8888889,7.0,3.0,0.9242105263157894,0.9
2.0,0.8888889,7.0,5.0,0.9242105263157894,0.9
2.0,0.8888889,7.0,8.0,0.9242105263157894,0.9
2.0,0.8888889,7.0,12.0,0.9242105263157894,0.9
2.0,0.8888889,7.0,20.0,0.9242105263157894,0.9
2.0,0.8888889,7.0,32.0,0.9242105263157894,0.9
2.0,0.8888889,7.0,50.0,0.9242105263157894,0.9
2.0,0.8888889,7.0,80.0,0.9242105263157894,0.9
2.0,0.8888889,7.0,128.0,0.9242105263157894,0.9
2.0,0.8888889,9.0,2.0,0.9242105263157894,0.9
2.0,0.8888889,9.0,3.0,0.9242105263157894,0.9
2.0,0.8888889,9.0,5.0,0.9242105263157894,0.9
2.0,0.8888889,9.0,8.0,0.9242105263157894,0.9
2.0,0.8888889,9.0,12.0,0.9242105263157894,0.9
2.0,0.8888889,9.0,20.0,0.9242105263157894,0.9
2.0,0.8888889,9.0,32.0,0.9242105263157894,0.9
2.0,0.8888889,9.0,50.0,0.9242105263157894,0.9
2.0,0.8888889,9.0,80.0,0.9242105263157894,0.9
2.0,0.8888889,9.0,128.0,0.9242105263157894,0.9
2.0,0.8888889,11.0,2.0,0.9242105263157894,0.9
2.0,0.8888889,11.0,3.0,0.9242105263157894,0.9
2.0,0.8888889,11.0,5.0,0.9242105263157894,0.9
2.0,0.8888889,11.0,8.0,0.9242105263157894,0.9
2.0,0.8888889,11.0,12.0,0.9242105263157894,0.9
2.0,0.8888889,11.0,20.0,0.9242105263157894,0.9
2.0,0.8888889,11.0,32.0,0.9242105263157894,0.9
2.0,0.8888889,11.0,50.0,0.9242105263157894,0.9
2.0,0.8888889,11.0,80.0,0.9242105263157894,0.9
2.0,0.8888889,11.0,128.0,0.9242105263157894,0.9
2.0,0.8888889,13.0,2.0,0.9242105263157894,0.9
2.0,0.8888889,13.0,3.0,0.9242105263157894,0.9
2.0,0.8888889,13.0,5.0,0.9242105263157894,0.9
2.0,0.8888889,13.0,8.0,0.9242105263157894,0.9
2.0,0.8888889,13.0,12.0,0.9242105263157894,0.9
2.0,0.8888889,13.0,20.0,0.9242105263157894,0.9
2.0,0.8888889,13.0,32.0,0.9242105263157894,0.9
2.0,0.8888889,13.0,50.0,0.9242105263157894,0.9
2.0,0.8888889,13.0,80.0,0.9242105263157894,0.9
2.0,0.8888889,13.0,128.0,0.9242105263157894,0.9
2.0,0.8888889,15.0,2.0,0.9242105263157894,0.9
2.0,0.8888889,15.0,3.0,0.9242105263157894,0.9
2.0,0.8888889,15.0,5.0,0.9242105263157894,0.9
2.0,0.8888889,15.0,8.0,0.9242105263157894,0.9
2.0,0.8888889,15.0,12.0,0.9242105263157894,0.9
2.0,0.8888889,15.0,20.0,0.9242105263157894,0.9
2.0,0.8888889,15.0,32.0,0.9242105263157894,0.9
2.0,0.8888889,15.0,50.0,0.9242105263157894,0.9
2.0,0.8888889,15.0,80.0,0.9242105263157894,0.9
2.0,0.8888889,15.0,128.0,0.9242105263157894,0.9
2.0,0.8888889,17.0,2.0,0.9242105263157894,0.9
2.0,0.8888889,17.0,3.0,0.9242105263157894,0.9
2.0,0.8888889,17.0,5.0,0.9242105263157894,0.9
2.0,0.8888889,17.0,8.0,0.9242105263157894,0.9
2.0,0.8888889,17.0,12.0,0.9242105263157894,0.9
2.0,0.8888889,17.0,20.0,0.9242105263157894,0.9
2.0,0.8888889,17.0,32.0,0.9242105263157894,0.9
2.0,0.8888889,17.0,50.0,0.9242105263157894,0.9
2.0,0.8888889,17.0,80.0,0.9242105263157894,0.9
2.0,0.8888889,17.0,128.0,0.9242105263157894,0.9
2.0,0.8888889,20.0,2.0,0.9242105263157894,0.9
2.0,0.8888889,20.0,3.0,0.9242105263157894,0.9
2.0,0.8888889,20.0,5.0,0.9242105263157894,0.9
2.0,0.8888889,20.0,8.0,0.9242105263157894,0.9
2.0,0.8888889,20.0,12.0,0.9242105263157894,0.9
2.0,0.8888889,20.0,20.0,0.9242105263157894,0.9
2.0,0.8888889,20.0,32.0,0.9242105263157894,0.9
2.0,0.8888889,20.0,50.0,0.9242105263157894,0.9
2.0,0.8888889,20.0,80.0,0.9242105263157894,0.9
2.0,0.8888889,20.0,128.0,0.9242105263157894,0.9
2.0,1.0,1.0,2.0,0.8667368421052632,0.8474999999999999
2.0,1.0,1.0,3.0,0.8667368421052632,0.8474999999999999
2.0,1.0,1.0,5.0,0.8667368421052632,0.8474999999999999
2.0,1.0,1.0,8.0,0.8667368421052632,0.8474999999999999
2.0,1.0,1.0,12.0,0.8667368421052632,0.8474999999999999
2.0,1.0,1.0,20.0,0.8667368421052632,0.8474999999999999
2.0,1.0,1.0,32.0,0.8667368421052632,0.8474999999999999
2.0,1.0,1.0,50.0,0.8667368421052632,0.8474999999999999
2.0,1.0,1.0,80.0,0.8667368421052632,0.8474999999999999
2.0,1.0,1.0,128.0,0.8667368421052632,0.8474999999999999
2.0,1.0,3.0,2.0,0.8667368421052632,0.8474999999999999
2.0,1.0,3.0,3.0,0.8667368421052632,0.8474999999999999
2.0,1.0,3.0,5.0,0.8667368421052632,0.8474999999999999
2.0,1.0,3.0,8.0,0.8667368421052632,0.8474999999999999
2.0,1.0,3.0,12.0,0.8667368421052632,0.8474999999999999
2.0,1.0,3.0,20.0,0.8667368421052632,0.8474999999999999
2.0,1.0,3.0,32.0,0.8667368421052632,0.8474999999999999
2.0,1.0,3.0,50.0,0.8667368421052632,0.8474999999999999
2.0,1.0,3.0,80.0,0.8667368421052632,0.8474999999999999
2.0,1.0,3.0,128.0,0.8667368421052632,0.8474999999999999
2.0,1.0,5.0,2.0,0.8667368421052632,0.8474999999999999
2.0,1.0,5.0,3.0,0.8667368421052632,0.8474999999999999
2.0,1.0,5.0,5.0,0.8667368421052632,0.8474999999999999
2.0,1.0,5.0,8.0,0.8667368421052632,0.8474999999999999
2.0,1.0,5.0,12.0,0.8667368421052632,0.8474999999999999
2.0,1.0,5.0,20.0,0.8667368421052632,0.8474999999999999
2.0,1.0,5.0,32.0,0.8667368421052632,0.8474999999999999
2.0,1.0,5.0,50.0,0.8667368421052632,0.8474999999999999
2.0,1.0,5.0,80.0,0.8667368421052632,0.8474999999999999
2.0,1.0,5.0,128.0,0.8667368421052632,0.8474999999999999
2.0,1.0,7.0,2.0,0.8667368421052632,0.8474999999999999
2.0,1.0,7.0,3.0,0.8667368421052632,0.8474999999999999
2.0,1.0,7.0,5.0,0.8667368421052632,0.8474999999999999
2.0,1.0,7.0,8.0,0.8667368421052632,0.8474999999999999
2.0,1.0,7.0,12.0,0.8667368421052632,0.8474999999999999
2.0,1.0,7.0,20.0,0.8667368421052632,0.8474999999999999
2.0,1.0,7.0,32.0,0.8667368421052632,0.8474999999999999
2.0,1.0,7.0,50.0,0.8667368421052632,0.8474999999999999
2.0,1.0,7.0,80.0,0.8667368421052632,0.8474999999999999
2.0,1.0,7.0,128.0,0.8667368421052632,0.8474999999999999
2.0,1.0,9.0,2.0,0.8667368421052632,0.8474999999999999
2.0,1.0,9.0,3.0,0.8667368421052632,0.8474999999999999
2.0,1.0,9.0,5.0,0.8667368421052632,0.8474999999999999
2.0,1.0,9.0,8.0,0.8667368421052632,0.8474999999999999
2.0,1.0,9.0,12.0,0.8667368421052632,0.8474999999999999
2.0,1.0,9.0,20.0,0.8667368421052632,0.8474999999999999
2.0,1.0,9.0,32.0,0.8667368421052632,0.8474999999999999
2.0,1.0,9.0,50.0,0.8667368421052632,0.8474999999999999
2.0,1.0,9.0,80.0,0.8667368421052632,0.8474999999999999
2.0,1.0,9.0,128.0,0.8667368421052632,0.8474999999999999
2.0,1.0,11.0,2.0,0.8667368421052632,0.8474999999999999
2.0,1.0,11.0,3.0,0.8667368421052632,0.8474999999999999
2.0,1.0,11.0,5.0,0.8667368421052632,0.8474999999999999
2.0,1.0,11.0,8.0,0.8667368421052632,0.8474999999999999
2.0,1.0,11.0,12.0,0.8667368421052632,0.8474999999999999
2.0,1.0,11.0,20.0,0.8667368421052632,0.8474999999999999
2.0,1.0,11.0,32.0,0.8667368421052632,0.8474999999999999
2.0,1.0,11.0,50.0,0.8667368421052632,0.8474999999999999
2.0,1.0,11.0,80.0,0.8667368421052632,0.8474999999999999
2.0,1.0,11.0,128.0,0.8667368421052632,0.8474999999999999
2.0,1.0,13.0,2.0,0.8667368421052632,0.8474999999999999
2.0,1.0,13.0,3.0,0.8667368421052632,0.8474999999999999
2.0,1.0,13.0,5.0,0.8667368421052632,0.8474999999999999
2.0,1.0,13.0,8.0,0.8667368421052632,0.8474999999999999
2.0,1.0,13.0,12.0,0.8667368421052632,0.8474999999999999
2.0,1.0,13.0,20.0,0.8667368421052632,0.8474999999999999
2.0,1.0,13.0,32.0,0.8667368421052632,0.8474999999999999
2.0,1.0,13.0,50.0,0.8667368421052632,0.8474999999999999
2.0,1.0,13.0,80.0,0.8667368421052632,0.8474999999999999
2.0,1.0,13.0,128.0,0.8667368421052632,0.8474999999999999
2.0,1.0,15.0,2.0,0.8667368421052632,0.8474999999999999
2.0,1.0,15.0,3.0,0.8667368421052632,0.8474999999999999
2.0,1.0,15.0,5.0,0.8667368421052632,0.8474999999999999
2.0,1.0,15.0,8.0,0.8667368421052632,0.8474999999999999
2.0,1.0,15.0,12.0,0.8667368421052632,0.8474999999999999
2.0,1.0,15.0,20.0,0.8667368421052632,0.8474999999999999
2.0,1.0,15.0,32.0,0.8667368421052632,0.8474999999999999
2.0,1.0,15.0,50.0,0.8667368421052632,0.8474999999999999
2.0,1.0,15.0,80.0,0.8667368421052632,0.8474999999999999
2.0,1.0,15.0,128.0,0.8667368421052632,0.8474999999999999
2.0,1.0,17.0,2.0,0.8667368421052632,0.8474999999999999
2.0,1.0,17.0,3.0,0.8667368421052632,0.8474999999999999
2.0,1.0,17.0,5.0,0.8667368421052632,0.8474999999999999
2.0,1.0,17.0,8.0,0.8667368421052632,0.8474999999999999
2.0,1.0,17.0,12.0,0.8667368421052632,0.8474999999999999
2.0,1.0,17.0,20.0,0.8667368421052632,0.8474999999999999
2.0,1.0,17.0,32.0,0.8667368421052632,0.8474999999999999
2.0,1.0,17.0,50.0,0.8667368421052632,0.8474999999999999
2.0,1.0,17.0,80.0,0.8667368421052632,0.8474999999999999
2.0,1.0,17.0,128.0,0.8667368421052632,0.8474999999999999
2.0,1.0,20.0,2.0,0.8667368421052632,0.8474999999999999
2.0,1.0,20.0,3.0,0.8667368421052632,0.8474999999999999
2.0,1.0,20.0,5.0,0.8667368421052632,0.8474999999999999
2.0,1.0,20.0,8.0,0.8667368421052632,0.8474999999999999
2.0,1.0,20.0,12.0,0.8667368421052632,0.8474999999999999
2.0,1.0,20.0,20.0,0.8667368421052632,0.8474999999999999
2.0,1.0,20.0,32.0,0.8667368421052632,0.8474999999999999
2.0,1.0,20.0,50.0,0.8667368421052632,0.8474999999999999
2.0,1.0,20.0,80.0,0.8667368421052632,0.8474999999999999
2.0,1.0,20.0,128.0,0.8667368421052632,0.8474999999999999
3.0,0.0,1.0,2.0,0.8244210526315789,0.790625
3.0,0.0,1.0,3.0,0.8237894736842104,0.79125
3.0,0.0,1.0,5.0,0.8248421052631579,0.7887500000000001
3.0,0.0,1.0,8.0,0.819578947368421,0.789375
3.0,0.0,1.0,12.0,0.8233684210526316,0.79
3.0,0.0,1.0,20.0,0.8214736842105264,0.7925
3.0,0.0,1.0,32.0,0.8231578947368421,0.79375
3.0,0.0,1.0,50.0,0.8202105263157895,0.7925
3.0,0.0,1.0,80.0,0.8166315789473684,0.79125
3.0,0.0,1.0,128.0,0.8212631578947368,0.79
3.0,0.0,3.0,2.0,0.8166315789473684,0.783125
3.0,0.0,3.0,3.0,0.8166315789473684,0.783125
3.0,0.0,3.0,5.0,0.8166315789473684,0.783125
3.0,0.0,3.0,8.0,0.8164210526315789,0.783125
3.0,0.0,3.0,12.0,0.8187368421052632,0.785625
3.0,0.0,3.0,20.0,0.8187368421052632,0.7887500000000001
3.0,0.0,3.0,32.0,0.8189473684210526,0.7918749999999999
3.0,0.0,3.0,50.0,0.8170526315789474,0.79125
3.0,0.0,3.0,80.0,0.8147368421052631,0.7875
3.0,0.0,3.0,128.0,0.8193684210526315,0.786875
3.0,0.0,5.0,2.0,0.8181052631578947,0.784375
3.0,0.0,5.0,3.0,0.8181052631578947,0.784375
3.0,0.0,5.0,5.0,0.8181052631578947,0.784375
3.0,0.0,5.0,8.0,0.8181052631578947,0.784375
3.0,0.0,5.0,12.0,0.8191578947368422,0.78625
3.0,0.0,5.0,20.0,0.8193684210526315,0.78625
3.0,0.0,5.0,32.0,0.8185263157894737,0.790625
3.0,0.0,5.0,50.0,0.8172631578947367,0.7893749999999999
3.0,0.0,5.0,80.0,0.8153684210526316,0.786875
3.0,0.0,5.0,128.0,0.8195789473684212,0.78625
3.0,0.0,7.0,2.0,0.8166315789473684,0.781875
3.0,0.0,7.0,3.0,0.8166315789473684,0.781875
3.0,0.0,7.0,5.0,0.8166315789473684,0.781875
3.0,0.0,7.0,8.0,0.8166315789473684,0.781875
3.0,0.0,7.0,12.0,0.8166315789473684,0.781875
3.0,0.0,7.0,20.0,0.8166315789473684,0.784375
3.0,0.0,7.0,32.0,0.8149473684210526,0.785625
3.0,0.0,7.0,50.0,0.8151578947368421,0.786875
3.0,0.0,7.0,80.0,0.8145263157894738,0.7837500000000001
3.0,0.0,7.0,128.0,0.8185263157894737,0.784375
3.0,0.0,9.0,2.0,0.8147368421052631,0.783125
3.0,0.0,9.0,3.0,0.8147368421052631,0.783125
3.0,0.0,9.0,5.0,0.8147368421052631,0.783125
3.0,0.0,9.0,8.0,0.8147368421052631,0.783125
3.0,0.0,9.0,12.0,0.8147368421052631,0.783125
3.0,0.0,9.0,20.0,0.8147368421052631,0.7825
3.0,0.0,9.0,32.0,0.8147368421052631,0.784375
3.0,0.0,9.0,50.0,0.8145263157894738,0.7831250000000001
3.0,0.0,9.0,80.0,0.8141052631578948,0.78625
3.0,0.0,9.0,128.0,0.8172631578947367,0.783125
3.0,0.0,11.0,2.0,0.8122105263157895,0.783125
3.0,0.0,11.0,3.0,0.8122105263157895,0.783125
3.0,0.0,11.0,5.0,0.8122105263157895,0.783125
3.0,0.0,11.0,8.0,0.8122105263157895,0.783125
3.0,0.0,11.0,12.0,0.8122105263157895,0.783125
3.0,0.0,11.0,20.0,0.8122105263157895,0.783125
3.0,0.0,11.0,32.0,0.8130526315789475,0.7849999999999999
3.0,0.0,11.0,50.0,0.8113684210526315,0.781875
3.0,0.0,11.0,80.0,0.8094736842105263,0.7837500000000001
3.0,0.0,11.0,128.0,0.8122105263157895,0.7849999999999999
3.0,0.0,13.0,2.0,0.8122105263157895,0.784375
3.0,0.0,13.0,3.0,0.8122105263157895,0.784375
3.0,0.0,13.0,5.0,0.8122105263157895,0.784375
3.0,0.0,13.0,8.0,0.8122105263157895,0.784375
3.0,0.0,13.0,12.0,0.8122105263157895,0.784375
3.0,0.0,13.0,20.0,0.8122105263157895,0.784375
3.0,0.0,13.0,32.0,0.8128421052631578,0.7849999999999999
3.0,0.0,13.0,50.0,0.8098947368421052,0.784375
3.0,0.0,13.0,80.0,0.8082105263157894,0.78125
3.0,0.0,13.0,128.0,0.8113684210526315,0.7837500000000001
3.0,0.0,15.0,2.0,0.8117894736842105,0.785625
3.0,0.0,15.0,3.0,0.8117894736842105,0.785625
3.0,0.0,15.0,5.0,0.8117894736842105,0.785625
3.0,0.0,15.0,8.0,0.8117894736842105,0.785625
3.0,0.0,15.0,12.0,0.8117894736842105,0.785625
3.0,0.0,15.0,20.0,0.8117894736842105,0.785625
3.0,0.0,15.0,32.0,0.8122105263157895,0.7875
3.0,0.0,15.0,50.0,0.8098947368421052,0.784375
3.0,0.0,15.0,80.0,0.8084210526315789,0.783125
3.0,0.0,15.0,128.0,0.8098947368421052,0.783125
3.0,0.0,17.0,2.0,0.8117894736842105,0.7837500000000001
3.0,0.0,17.0,3.0,0.8117894736842105,0.7837500000000001
3.0,0.0,17.0,5.0,0.8117894736842105,0.7837500000000001
3.0,0.0,17.0,8.0,0.8117894736842105,0.7837500000000001
3.0,0.0,17.0,12.0,0.8117894736842105,0.7837500000000001
3.0,0.0,17.0,20.0,0.8117894736842105,0.7837500000000001
3.0,0.0,17.0,32.0,0.8117894736842105,0.7837500000000001
3.0,0.0,17.0,50.0,0.8092631578947369,0.788125
3.0,0.0,17.0,80.0,0.8073684210526316,0.783125
3.0,0.0,17.0,128.0,0.8098947368421052,0.7837500000000001
3.0,0.0,20.0,2.0,0.8096842105263157,0.7831250000000001
3.0,0.0,20.0,3.0,0.8096842105263157,0.7831250000000001
3.0,0.0,20.0,5.0,0.8096842105263157,0.7831250000000001
3.0,0.0,20.0,8.0,0.8096842105263157,0.7831250000000001
3.0,0.0,20.0,12.0,0.8096842105263157,0.7831250000000001
3.0,0.0,20.0,20.0,0.8096842105263157,0.7831250000000001
3.0,0.0,20.0,32.0,0.8096842105263157,0.7831250000000001
3.0,0.0,20.0,50.0,0.8065263157894738,0.7849999999999999
3.0,0.0,20.0,80.0,0.8071578947368421,0.783125
3.0,0.0,20.0,128.0,0.8101052631578949,0.781875
3.0,0.11111111,1.0,2.0,0.8816842105263157,0.859375
3.0,0.11111111,1.0,3.0,0.8816842105263157,0.859375
3.0,0.11111111,1.0,5.0,0.8818947368421053,0.860625
3.0,0.11111111,1.0,8.0,0.8810526315789474,0.860625
3.0,0.11111111,1.0,12.0,0.8818947368421053,0.85875
3.0,0.11111111,1.0,20.0,0.8818947368421053,0.8618750000000001
3.0,0.11111111,1.0,32.0,0.8810526315789474,0.8643750000000001
3.0,0.11111111,1.0,50.0,0.8800000000000001,0.859375
3.0,0.11111111,1.0,80.0,0.8823157894736842,0.860625
3.0,0.11111111,1.0,128.0,0.8783157894736842,0.8574999999999999
3.0,0.11111111,3.0,2.0,0.8816842105263157,0.8612500000000001
3.0,0.11111111,3.0,3.0,0.8816842105263157,0.8612500000000001
3.0,0.11111111,3.0,5.0,0.8816842105263157,0.8612500000000001
3.0,0.11111111,3.0,8.0,0.882736842105263,0.8612500000000001
3.0,0.11111111,3.0,12.0,0.8825263157894737,0.860625
3.0,0.11111111,3.0,20.0,0.8816842105263157,0.8625
3.0,0.11111111,3.0,32.0,0.8810526315789474,0.8637499999999999
3.0,0.11111111,3.0,50.0,0.8791578947368421,0.86
3.0,0.11111111,3.0,80.0,0.8810526315789474,0.859375
3.0,0.11111111,3.0,128.0,0.8776842105263158,0.85875
3.0,0.11111111,5.0,2.0,0.883157894736842,0.8637499999999999
3.0,0.11111111,5.0,3.0,0.883157894736842,0.8637499999999999
3.0,0.11111111,5.0,5.0,0.883157894736842,0.8637499999999999
3.0,0.11111111,5.0,8.0,0.883157894736842,0.8637499999999999
3.0,0.11111111,5.0,12.0,0.8827368421052633,0.86625
3.0,0.11111111,5.0,20.0,0.8818947368421053,0.8631249999999999
3.0,0.11111111,5.0,32.0,0.8814736842105264,0.865
3.0,0.11111111,5.0,50.0,0.8800000000000001,0.8625
3.0,0.11111111,5.0,80.0,0.8808421052631579,0.8612500000000001
3.0,0.11111111,5.0,128.0,0.8781052631578948,0.85875
3.0,0.11111111,7.0,2.0,0.8804210526315789,0.865
3.0,0.11111111,7.0,3.0,0.8804210526315789,0.865
3.0,0.11111111,7.0,5.0,0.8804210526315789,0.865
3.0,0.11111111,7.0,8.0,0.8804210526315789,0.865
3.0,0.11111111,7.0,12.0,0.8804210526315789,0.865
3.0,0.11111111,7.0,20.0,0.8797894736842105,0.8631249999999999
3.0,0.11111111,7.0,32.0,0.8793684210526316,0.8612500000000001
3.0,0.11111111,7.0,50.0,0.8795789473684211,0.8618750000000001
3.0,0.11111111,7.0,80.0,0.8802105263157894,0.860625
3.0,0.11111111,7.0,128.0,0.8762105263157896,0.8618750000000001
3.0,0.11111111,9.0,2.0,0.8793684210526316,0.8612500000000001
3.0,0.11111111,9.0,3.0,0.8793684210526316,0.8612500000000001
3.0,0.11111111,9.0,5.0,0.8793684210526316,0.8612500000000001
3.0,0.11111111,9.0,8.0,0.8793684210526316,0.8612500000000001
3.0,0.11111111,9.0,12.0,0.8793684210526316,0.8612500000000001
3.0,0.11111111,9.0,20.0,0.8800000000000001,0.8625
3.0,0.11111111,9.0,32.0,0.8791578947368421,0.8618750000000001
3.0,0.11111111,9.0,50.0,0.8778947368421053,0.8612500000000001
3.0,0.11111111,9.0,80.0,0.8783157894736842,0.86
3.0,0.11111111,9.0,128.0,0.8768421052631579,0.86
3.0,0.11111111,11.0,2.0,0.8791578947368421,0.8618750000000001
3.0,0.11111111,11.0,3.0,0.8791578947368421,0.8618750000000001
3.0,0.11111111,11.0,5.0,0.8791578947368421,0.8618750000000001
3.0,0.11111111,11.0,8.0,0.8791578947368421,0.8618750000000001
3.0,0.11111111,11.0,12.0,0.8791578947368421,0.8618750000000001
3.0,0.11111111,11.0,20.0,0.8791578947368421,0.8618750000000001
3.0,0.11111111,11.0,32.0,0.8776842105263158,0.8618750000000001
3.0,0.11111111,11.0,50.0,0.8778947368421053,0.8625
3.0,0.11111111,11.0,80.0,0.8783157894736842,0.8618750000000001
3.0,0.11111111,11.0,128.0,0.8766315789473685,0.859375
3.0,0.11111111,13.0,2.0,0.8789473684210526,0.860625
3.0,0.11111111,13.0,3.0,0.8789473684210526,0.860625
3.0,0.11111111,13.0,5.0,0.8789473684210526,0.860625
3.0,0.11111111,13.0,8.0,0.8789473684210526,0.860625
3.0,0.11111111,13.0,12.0,0.8789473684210526,0.860625
3.0,0.11111111,13.0,20.0,0.8789473684210526,0.860625
3.0,0.11111111,13.0,32.0,0.8785263157894736,0.8631249999999999
3.0,0.11111111,13.0,50.0,0.8776842105263158,0.8618750000000001
3.0,0.11111111,13.0,80.0,0.8785263157894738,0.860625
3.0,0.11111111,13.0,128.0,0.876421052631579,0.8618750000000001
3.0,0.11111111,15.0,2.0,0.8768421052631579,0.86
3.0,0.11111111,15.0,3.0,0.8768421052631579,0.86
3.0,0.11111111,15.0,5.0,0.8768421052631579,0.86
3.0,0.11111111,15.0,8.0,0.8768421052631579,0.86
3.0,0.11111111,15.0,12.0,0.8768421052631579,0.86
3.0,0.11111111,15.0,20.0,0.8768421052631579,0.86
3.0,0.11111111,15.0,32.0,0.8778947368421053,0.8618750000000001
3.0,0.11111111,15.0,50.0,0.8781052631578948,0.860625
3.0,0.11111111,15.0,80.0,0.8778947368421053,0.860625
3.0,0.11111111,15.0,128.0,0.876,0.860625
3.0,0.11111111,17.0,2.0,0.8772631578947369,0.860625
3.0,0.11111111,17.0,3.0,0.8772631578947369,0.860625
3.0,0.11111111,17.0,5.0,0.8772631578947369,0.860625
3.0,0.11111111,17.0,8.0,0.8772631578947369,0.860625
3.0,0.11111111,17.0,12.0,0.8772631578947369,0.860625
3.0,0.11111111,17.0,20.0,0.8772631578947369,0.860625
3.0,0.11111111,17.0,32.0,0.8772631578947369,0.860625
3.0,0.11111111,17.0,50.0,0.8778947368421053,0.8612499999999998
3.0,0.11111111,17.0,80.0,0.8770526315789473,0.8618750000000001
3.0,0.11111111,17.0,128.0,0.8753684210526316,0.860625
3.0,0.11111111,20.0,2.0,0.874736842105263,0.860625
3.0,0.11111111,20.0,3.0,0.874736842105263,0.860625
3.0,0.11111111,20.0,5.0,0.874736842105263,0.860625
3.0,0.11111111,20.0,8.0,0.874736842105263,0.860625
3.0,0.11111111,20.0,12.0,0.874736842105263,0.860625
3.0,0.11111111,20.0,20.0,0.874736842105263,0.860625
3.0,0.11111111,20.0,32.0,0.874736842105263,0.860625
3.0,0.11111111,20.0,50.0,0.8753684210526316,0.8612500000000001
3.0,0.11111111,20.0,80.0,0.8770526315789473,0.860625
3.0,0.11111111,20.0,128.0,0.876,0.85875
3.0,0.22222222,1.0,2.0,0.9254736842105263,0.9168749999999999
3.0,0.22222222,1.0,3.0,0.9252631578947369,0.9168749999999999
3.0,0.22222222,1.0,5.0,0.9250526315789473,0.9168749999999999
3.0,0.22222222,1.0,8.0,0.924421052631579,0.915
3.0,0.22222222,1.0,12.0,0.9248421052631579,0.915
3.0,0.22222222,1.0,20.0,0.9248421052631579,0.91625
3.0,0.22222222,1.0,32.0,0.9248421052631579,0.914375
3.0,0.22222222,1.0,50.0,0.924,0.91375
3.0,0.22222222,1.0,80.0,0.924,0.913125
3.0,0.22222222,1.0,128.0,0.9246315789473684,0.9137500000000001
3.0,0.22222222,3.0,2.0,0.9254736842105263,0.914375
3.0,0.22222222,3.0,3.0,0.9254736842105263,0.914375
3.0,0.22222222,3.0,5.0,0.9254736842105263,0.914375
3.0,0.22222222,3.0,8.0,0.9248421052631579,0.914375
3.0,0.22222222,3.0,12.0,0.9248421052631579,0.914375
3.0,0.22222222,3.0,20.0,0.924421052631579,0.915625
3.0,0.22222222,3.0,32.0,0.9246315789473684,0.913125
3.0,0.22222222,3.0,50.0,0.9231578947368421,0.914375
3.0,0.22222222,3.0,80.0,0.924,0.913125
3.0,0.22222222,3.0,128.0,0.9248421052631579,0.913125
3.0,0.22222222,5.0,2.0,0.9237894736842105,0.91375
3.0,0.22222222,5.0,3.0,0.9237894736842105,0.91375
3.0,0.22222222,5.0,5.0,0.9237894736842105,0.91375
3.0,0.22222222,5.0,8.0,0.9237894736842105,0.91375
3.0,0.22222222,5.0,12.0,0.9242105263157894,0.914375
3.0,0.22222222,5.0,20.0,0.923578947368421,0.915
3.0,0.22222222,5.0,32.0,0.9237894736842105,0.913125
3.0,0.22222222,5.0,50.0,0.9229473684210527,0.914375
3.0,0.22222222,5.0,80.0,0.924,0.911875
3.0,0.22222222,5.0,128.0,0.9242105263157894,0.913125
3.0,0.22222222,7.0,2.0,0.9242105263157894,0.91375
3.0,0.22222222,7.0,3.0,0.9242105263157894,0.91375
3.0,0.22222222,7.0,5.0,0.9242105263157894,0.91375
3.0,0.22222222,7.0,8.0,0.9242105263157894,0.91375
3.0,0.22222222,7.0,12.0,0.9242105263157894,0.91375
3.0,0.22222222,7.0,20.0,0.9229473684210527,0.913125
3.0,0.22222222,7.0,32.0,0.9231578947368421,0.91375
3.0,0.22222222,7.0,50.0,0.9227368421052631,0.91625
3.0,0.22222222,7.0,80.0,0.9231578947368421,0.9125
3.0,0.22222222,7.0,128.0,0.924421052631579,0.9137500000000001
3.0,0.22222222,9.0,2.0,0.923578947368421,0.914375
3.0,0.22222222,9.0,3.0,0.923578947368421,0.914375
3.0,0.22222222,9.0,5.0,0.923578947368421,0.914375
3.0,0.22222222,9.0,8.0,0.923578947368421,0.914375
3.0,0.22222222,9.0,12.0,0.923578947368421,0.914375
3.0,0.22222222,9.0,20.0,0.9237894736842105,0.913125
3.0,0.22222222,9.0,32.0,0.9233684210526316,0.914375
3.0,0.22222222,9.0,50.0,0.9231578947368421,0.91375
3.0,0.22222222,9.0,80.0,0.923578947368421,0.911875
3.0,0.22222222,9.0,128.0,0.9246315789473684,0.915
3.0,0.22222222,11.0,2.0,0.9229473684210527,0.9112500000000001
3.0,0.22222222,11.0,3.0,0.9229473684210527,0.9112500000000001
3.0,0.22222222,11.0,5.0,0.9229473684210527,0.9112500000000001
3.0,0.22222222,11.0,8.0,0.9229473684210527,0.9112500000000001
3.0,0.22222222,11.0,12.0,0.9229473684210527,0.9112500000000001
3.0,0.22222222,11.0,20.0,0.9229473684210527,0.9112500000000001
3.0,0.22222222,11.0,32.0,0.9227368421052631,0.91375
3.0,0.22222222,11.0,50.0,0.9225263157894737,0.913125
3.0,0.22222222,11.0,80.0,0.9229473684210527,0.911875
3.0,0.22222222,11.0,128.0,0.9242105263157894,0.913125
3.0,0.22222222,13.0,2.0,0.9227368421052631,0.9125
3.0,0.22222222,13.0,3.0,0.9227368421052631,0.9125
3.0,0.22222222,13.0,5.0,0.9227368421052631,0.9125
3.0,0.22222222,13.0,8.0,0.9227368421052631,0.9125
3.0,0.22222222,13.0,12.0,0.9227368421052631,0.9125
3.0,0.22222222,13.0,20.0,0.9227368421052631,0.9125
3.0,0.22222222,13.0,32.0,0.9229473684210527,0.913125
3.0,0.22222222,13.0,50.0,0.9227368421052631,0.911875
3.0,0.22222222,13.0,80.0,0.9218947368421052,0.9125
3.0,0.22222222,13.0,128.0,0.924421052631579,0.915
3.0,0.22222222,15.0,2.0,0.9214736842105264,0.913125
3.0,0.22222222,15.0,3.0,0.9214736842105264,0.913125
3.0,0.22222222,15.0,5.0,0.9214736842105264,0.913125
3.0,0.22222222,15.0,8.0,0.9214736842105264,0.913125
3.0,0.22222222,15.0,12.0,0.9214736842105264,0.913125
3.0,0.22222222,15.0,20.0,0.9214736842105264,0.913125
3.0,0.22222222,15.0,32.0,0.9216842105263158,0.9125
3.0,0.22222222,15.0,50.0,0.9223157894736842,0.911875
3.0,0.22222222,15.0,80.0,0.9223157894736842,0.911875
3.0,0.22222222,15.0,128.0,0.9248421052631579,0.915625
3.0,0.22222222,17.0,2.0,0.9204210526315789,0.911875
3.0,0.22222222,17.0,3.0,0.9204210526315789,0.911875
3.0,0.22222222,17.0,5.0,0.9204210526315789,0.911875
3.0,0.22222222,17.0,8.0,0.9204210526315789,0.911875
3.0,0.22222222,17.0,12.0,0.9204210526315789,0.911875
3.0,0.22222222,17.0,20.0,0.9204210526315789,0.911875
3.0,0.22222222,17.0,32.0,0.9204210526315789,0.911875
3.0,0.22222222,17.0,50.0,0.9210526315789472,0.9106249999999999
3.0,0.22222222,17.0,80.0,0.9218947368421052,0.911875
3.0,0.22222222,17.0,128.0,0.9246315789473684,0.914375
3.0,0.22222222,20.0,2.0,0.9197894736842105,0.9112500000000001
3.0,0.22222222,20.0,3.0,0.9197894736842105,0.9112500000000001
3.0,0.22222222,20.0,5.0,0.9197894736842105,0.9112500000000001
3.0,0.22222222,20.0,8.0,0.9197894736842105,0.9112500000000001
3.0,0.22222222,20.0,12.0,0.9197894736842105,0.9112500000000001
3.0,0.22222222,20.0,20.0,0.9197894736842105,0.9112500000000001
3.0,0.22222222,20.0,32.0,0.9197894736842105,0.9112500000000001
3.0,0.22222222,20.0,50.0,0.9202105263157895,0.911875
3.0,0.22222222,20.0,80.0,0.9210526315789475,0.9106249999999999
3.0,0.22222222,20.0,128.0,0.9229473684210527,0.9125
3.0,0.33333334,1.0,2.0,0.9446315789473685,0.9324999999999999
3.0,0.33333334,1.0,3.0,0.9446315789473685,0.9324999999999999
3.0,0.33333334,1.0,5.0,0.9448421052631579,0.9324999999999999
3.0,0.33333334,1.0,8.0,0.9442105263157895,0.9324999999999999
3.0,0.33333334,1.0,12.0,0.9448421052631579,0.9324999999999999
3.0,0.33333334,1.0,20.0,0.9442105263157895,0.931875
3.0,0.33333334,1.0,32.0,0.9448421052631579,0.931875
3.0,0.33333334,1.0,50.0,0.9437894736842105,0.931875
3.0,0.33333334,1.0,80.0,0.943578947368421,0.931875
3.0,0.33333334,1.0,128.0,0.943578947368421,0.9324999999999999
3.0,0.33333334,3.0,2.0,0.9446315789473685,0.9324999999999999
3.0,0.33333334,3.0,3.0,0.9446315789473685,0.9324999999999999
3.0,0.33333334,3.0,5.0,0.9446315789473685,0.9324999999999999
3.0,0.33333334,3.0,8.0,0.9446315789473685,0.931875
3.0,0.33333334,3.0,12.0,0.9450526315789475,0.931875
3.0,0.33333334,3.0,20.0,0.9444210526315789,0.931875
3.0,0.33333334,3.0,32.0,0.9446315789473685,0.93125
3.0,0.33333334,3.0,50.0,0.9437894736842105,0.93125
3.0,0.33333334,3.0,80.0,0.9425263157894737,0.931875
3.0,0.33333334,3.0,128.0,0.9433684210526316,0.9324999999999999
3.0,0.33333334,5.0,2.0,0.9433684210526316,0.9331250000000001
3.0,0.33333334,5.0,3.0,0.9433684210526316,0.9331250000000001
3.0,0.33333334,5.0,5.0,0.9433684210526316,0.9331250000000001
3.0,0.33333334,5.0,8.0,0.9433684210526316,0.9331250000000001
3.0,0.33333334,5.0,12.0,0.943157894736842,0.9331250000000001
3.0,0.33333334,5.0,20.0,0.9431578947368422,0.931875
3.0,0.33333334,5.0,32.0,0.9442105263157895,0.93125
3.0,0.33333334,5.0,50.0,0.9429473684210526,0.931875
3.0,0.33333334,5.0,80.0,0.9427368421052632,0.931875
3.0,0.33333334,5.0,128.0,0.9425263157894737,0.9324999999999999
3.0,0.33333334,7.0,2.0,0.9431578947368422,0.931875
3.0,0.33333334,7.0,3.0,0.9431578947368422,0.931875
3.0,0.33333334,7.0,5.0,0.9431578947368422,0.931875
3.0,0.33333334,7.0,8.0,0.9431578947368422,0.931875
3.0,0.33333334,7.0,12.0,0.9431578947368422,0.931875
3.0,0.33333334,7.0,20.0,0.9425263157894737,0.93125
3.0,0.33333334,7.0,32.0,0.9433684210526316,0.931875
3.0,0.33333334,7.0,50.0,0.9418947368421053,0.93125
3.0,0.33333334,7.0,80.0,0.9414736842105264,0.931875
3.0,0.33333334,7.0,128.0,0.9427368421052632,0.9324999999999999
3.0,0.33333334,9.0,2.0,0.9408421052631578,0.931875
3.0,0.33333334,9.0,3.0,0.9408421052631578,0.931875
3.0,0.33333334,9.0,5.0,0.9408421052631578,0.931875
3.0,0.33333334,9.0,8.0,0.9408421052631578,0.931875
3.0,0.33333334,9.0,12.0,0.9408421052631578,0.931875
3.0,0.33333334,9.0,20.0,0.9412631578947368,0.931875
3.0,0.33333334,9.0,32.0,0.9418947368421053,0.931875
3.0,0.33333334,9.0,50.0,0.9412631578947369,0.930625
3.0,0.33333334,9.0,80.0,0.9408421052631579,0.93
3.0,0.33333334,9.0,128.0,0.9412631578947369,0.931875
3.0,0.33333334,11.0,2.0,0.9416842105263157,0.930625
3.0,0.33333334,11.0,3.0,0.9416842105263157,0.930625
3.0,0.33333334,11.0,5.0,0.9416842105263157,0.930625
3.0,0.33333334,11.0,8.0,0.9416842105263157,0.930625
3.0,0.33333334,11.0,12.0,0.9416842105263157,0.930625
3.0,0.33333334,11.0,20.0,0.9416842105263157,0.930625
3.0,0.33333334,11.0,32.0,0.9418947368421053,0.9324999999999999
3.0,0.33333334,11.0,50.0,0.940421052631579,0.93125
3.0,0.33333334,11.0,80.0,0.9408421052631579,0.930625
3.0,0.33333334,11.0,128.0,0.9412631578947369,0.931875
3.0,0.33333334,13.0,2.0,0.9414736842105264,0.9331250000000001
3.0,0.33333334,13.0,3.0,0.9414736842105264,0.9331250000000001
3.0,0.33333334,13.0,5.0,0.9414736842105264,0.9331250000000001
3.0,0.33333334,13.0,8.0,0.9414736842105264,0.9331250000000001
3.0,0.33333334,13.0,12.0,0.9414736842105264,0.9331250000000001
3.0,0.33333334,13.0,20.0,0.9414736842105264,0.9331250000000001
3.0,0.33333334,13.0,32.0,0.9423157894736842,0.9331250000000001
3.0,0.33333334,13.0,50.0,0.9410526315789474,0.9324999999999999
3.0,0.33333334,13.0,80.0,0.9408421052631579,0.931875
3.0,0.33333334,13.0,128.0,0.9412631578947368,0.931875
3.0,0.33333334,15.0,2.0,0.9412631578947368,0.931875
3.0,0.33333334,15.0,3.0,0.9412631578947368,0.931875
3.0,0.33333334,15.0,5.0,0.9412631578947368,0.931875
3.0,0.33333334,15.0,8.0,0.9412631578947368,0.931875
3.0,0.33333334,15.0,12.0,0.9412631578947368,0.931875
3.0,0.33333334,15.0,20.0,0.9412631578947368,0.931875
3.0,0.33333334,15.0,32.0,0.9414736842105264,0.9324999999999999
3.0,0.33333334,15.0,50.0,0.9408421052631578,0.931875
3.0,0.33333334,15.0,80.0,0.940421052631579,0.9331250000000001
3.0,0.33333334,15.0,128.0,0.940421052631579,0.9324999999999999
3.0,0.33333334,17.0,2.0,0.9412631578947369,0.93125
3.0,0.33333334,17.0,3.0,0.9412631578947369,0.93125
3.0,0.33333334,17.0,5.0,0.9412631578947369,0.93125
3.0,0.33333334,17.0,8.0,0.9412631578947369,0.93125
3.0,0.33333334,17.0,12.0,0.9412631578947369,0.93125
3.0,0.33333334,17.0,20.0,0.9412631578947369,0.93125
3.0,0.33333334,17.0,32.0,0.9412631578947369,0.93125
3.0,0.33333334,17.0,50.0,0.9406315789473684,0.931875
3.0,0.33333334,17.0,80.0,0.9408421052631579,0.931875
3.0,0.33333334,17.0,128.0,0.9408421052631578,0.931875
3.0,0.33333334,20.0,2.0,0.9410526315789474,0.9324999999999999
3.0,0.33333334,20.0,3.0,0.9410526315789474,0.9324999999999999
3.0,0.33333334,20.0,5.0,0.9410526315789474,0.9324999999999999
3.0,0.33333334,20.0,8.0,0.9410526315789474,0.9324999999999999
3.0,0.33333334,20.0,12.0,0.9410526315789474,0.9324999999999999
3.0,0.33333334,20.0,20.0,0.9410526315789474,0.9324999999999999
3.0,0.33333334,20.0,32.0,0.9410526315789474,0.9324999999999999
3.0,0.33333334,20.0,50.0,0.9402105263157894,0.9324999999999999
3.0,0.33333334,20.0,80.0,0.9414736842105264,0.931875
3.0,0.33333334,20.0,128.0,0.9400000000000001,0.931875
3.0,0.44444445,1.0,2.0,0.951578947368421,0.936875
3.0,0.44444445,1.0,3.0,0.951578947368421,0.936875
3.0,0.44444445,1.0,5.0,0.951578947368421,0.936875
3.0,0.44444445,1.0,8.0,0.951578947368421,0.936875
3.0,0.44444445,1.0,12.0,0.951578947368421,0.936875
3.0,0.44444445,1.0,20.0,0.951578947368421,0.93625
3.0,0.44444445,1.0,32.0,0.951578947368421,0.936875
3.0,0.44444445,1.0,50.0,0.951578947368421,0.936875
3.0,0.44444445,1.0,80.0,0.9513684210526316,0.93625
3.0,0.44444445,1.0,128.0,0.9496842105263159,0.9349999999999999
3.0,0.44444445,3.0,2.0,0.951578947368421,0.936875
3.0,0.44444445,3.0,3.0,0.951578947368421,0.936875
3.0,0.44444445,3.0,5.0,0.951578947368421,0.936875
3.0,0.44444445,3.0,8.0,0.951578947368421,0.936875
3.0,0.44444445,3.0,12.0,0.951578947368421,0.93625
3.0,0.44444445,3.0,20.0,0.951578947368421,0.9356249999999999
3.0,0.44444445,3.0,32.0,0.951578947368421,0.93625
3.0,0.44444445,3.0,50.0,0.951578947368421,0.936875
3.0,0.44444445,3.0,80.0,0.9513684210526316,0.9356249999999999
3.0,0.44444445,3.0,128.0,0.9496842105263159,0.9349999999999999
3.0,0.44444445,5.0,2.0,0.951578947368421,0.9356249999999999
3.0,0.44444445,5.0,3.0,0.951578947368421,0.9356249999999999
3.0,0.44444445,5.0,5.0,0.951578947368421,0.9356249999999999
3.0,0.44444445,5.0,8.0,0.951578947368421,0.9356249999999999
3.0,0.44444445,5.0,12.0,0.9513684210526316,0.9356249999999999
3.0,0.44444445,5.0,20.0,0.951578947368421,0.9356249999999999
3.0,0.44444445,5.0,32.0,0.951578947368421,0.93625
3.0,0.44444445,5.0,50.0,0.951578947368421,0.93625
3.0,0.44444445,5.0,80.0,0.951157894736842,0.9356249999999999
3.0,0.44444445,5.0,128.0,0.9498947368421053,0.9349999999999999
3.0,0.44444445,7.0,2.0,0.9509473684210527,0.9356249999999999
3.0,0.44444445,7.0,3.0,0.9509473684210527,0.9356249999999999
3.0,0.44444445,7.0,5.0,0.9509473684210527,0.9356249999999999
3.0,0.44444445,7.0,8.0,0.9509473684210527,0.9356249999999999
3.0,0.44444445,7.0,12.0,0.9509473684210527,0.9356249999999999
3.0,0.44444445,7.0,20.0,0.951157894736842,0.9356249999999999
3.0,0.44444445,7.0,32.0,0.9513684210526316,0.9356249999999999
3.0,0.44444445,7.0,50.0,0.951578947368421,0.9356249999999999
3.0,0.44444445,7.0,80.0,0.951157894736842,0.9349999999999999
3.0,0.44444445,7.0,128.0,0.9501052631578947,0.9349999999999999
3.0,0.44444445,9.0,2.0,0.9507368421052632,0.9356249999999999
3.0,0.44444445,9.0,3.0,0.9507368421052632,0.9356249999999999
3.0,0.44444445,9.0,5.0,0.9507368421052632,0.9356249999999999
3.0,0.44444445,9.0,8.0,0.9507368421052632,0.9356249999999999
3.0,0.44444445,9.0,12.0,0.9507368421052632,0.9356249999999999
3.0,0.44444445,9.0,20.0,0.9509473684210527,0.9356249999999999
3.0,0.44444445,9.0,32.0,0.9509473684210527,0.9356249999999999
3.0,0.44444445,9.0,50.0,0.9505263157894737,0.9356249999999999
3.0,0.44444445,9.0,80.0,0.9505263157894737,0.9349999999999999
3.0,0.44444445,9.0,128.0,0.9494736842105264,0.9349999999999999
3.0,0.44444445,11.0,2.0,0.9494736842105264,0.9349999999999999
3.0,0.44444445,11.0,3.0,0.9494736842105264,0.9349999999999999
3.0,0.44444445,11.0,5.0,0.9494736842105264,0.9349999999999999
3.0,0.44444445,11.0,8.0,0.9494736842105264,0.9349999999999999
3.0,0.44444445,11.0,12.0,0.9494736842105264,0.9349999999999999
3.0,0.44444445,11.0,20.0,0.9494736842105264,0.9349999999999999
3.0,0.44444445,11.0,32.0,0.9498947368421053,0.9349999999999999
3.0,0.44444445,11.0,50.0,0.9496842105263157,0.9349999999999999
3.0,0.44444445,11.0,80.0,0.9494736842105264,0.9349999999999999
3.0,0.44444445,11.0,128.0,0.9486315789473684,0.9349999999999999
3.0,0.44444445,13.0,2.0,0.9492631578947368,0.9349999999999999
3.0,0.44444445,13.0,3.0,0.9492631578947368,0.9349999999999999
3.0,0.44444445,13.0,5.0,0.9492631578947368,0.9349999999999999
3.0,0.44444445,13.0,8.0,0.9492631578947368,0.9349999999999999
3.0,0.44444445,13.0,12.0,0.9492631578947368,0.9349999999999999
3.0,0.44444445,13.0,20.0,0.9492631578947368,0.9349999999999999
3.0,0.44444445,13.0,32.0,0.9492631578947368,0.9349999999999999
3.0,0.44444445,13.0,50.0,0.9492631578947368,0.9349999999999999
3.0,0.44444445,13.0,80.0,0.9488421052631579,0.9349999999999999
3.0,0.44444445,13.0,128.0,0.9486315789473684,0.9349999999999999
3.0,0.44444445,15.0,2.0,0.948421052631579,0.9349999999999999
3.0,0.44444445,15.0,3.0,0.948421052631579,0.9349999999999999
3.0,0.44444445,15.0,5.0,0.948421052631579,0.9349999999999999
3.0,0.44444445,15.0,8.0,0.948421052631579,0.9349999999999999
3.0,0.44444445,15.0,12.0,0.948421052631579,0.9349999999999999
3.0,0.44444445,15.0,20.0,0.948421052631579,0.9349999999999999
3.0,0.44444445,15.0,32.0,0.948421052631579,0.9349999999999999
3.0,0.44444445,15.0,50.0,0.948421052631579,0.9349999999999999
3.0,0.44444445,15.0,80.0,0.9482105263157894,0.9349999999999999
3.0,0.44444445,15.0,128.0,0.9475789473684211,0.9349999999999999
3.0,0.44444445,17.0,2.0,0.9477894736842105,0.934375
3.0,0.44444445,17.0,3.0,0.9477894736842105,0.934375
3.0,0.44444445,17.0,5.0,0.9477894736842105,0.934375
3.0,0.44444445,17.0,8.0,0.9477894736842105,0.934375
3.0,0.44444445,17.0,12.0,0.9477894736842105,0.934375
3.0,0.44444445,17.0,20.0,0.9477894736842105,0.934375
3.0,0.44444445,17.0,32.0,0.9477894736842105,0.934375
3.0,0.44444445,17.0,50.0,0.9477894736842105,0.9349999999999999
3.0,0.44444445,17.0,80.0,0.9477894736842105,0.934375
3.0,0.44444445,17.0,128.0,0.9473684210526315,0.9349999999999999
3.0,0.44444445,20.0,2.0,0.9471578947368421,0.934375
3.0,0.44444445,20.0,3.0,0.9471578947368421,0.934375
3.0,0.44444445,20.0,5.0,0.9471578947368421,0.934375
3.0,0.44444445,20.0,8.0,0.9471578947368421,0.934375
3.0,0.44444445,20.0,12.0,0.9471578947368421,0.934375
3.0,0.44444445,20.0,20.0,0.9471578947368421,0.934375
3.0,0.44444445,20.0,32.0,0.9471578947368421,0.934375
3.0,0.44444445,20.0,50.0,0.9473684210526315,0.934375
3.0,0.44444445,20.0,80.0,0.9475789473684211,0.934375
3.0,0.44444445,20.0,128.0,0.9465263157894738,0.9349999999999999
3.0,0.5555556,1.0,2.0,0.9494736842105264,0.9375
3.0,0.5555556,1.0,3.0,0.9494736842105264,0.9375
3.0,0.5555556,1.0,5.0,0.9494736842105264,0.9375
3.0,0.5555556,1.0,8.0,0.9494736842105264,0.9375
3.0,0.5555556,1.0,12.0,0.9494736842105264,0.9375
3.0,0.5555556,1.0,20.0,0.9494736842105264,0.9375
3.0,0.5555556,1.0,32.0,0.9494736842105264,0.9375
3.0,0.5555556,1.0,50.0,0.9494736842105264,0.9375
3.0,0.5555556,1.0,80.0,0.9494736842105264,0.9375
3.0,0.5555556,1.0,128.0,0.9494736842105264,0.9375
3.0,0.5555556,3.0,2.0,0.9494736842105264,0.9375
3.0,0.5555556,3.0,3.0,0.9494736842105264,0.9375
3.0,0.5555556,3.0,5.0,0.9494736842105264,0.9375
3.0,0.5555556,3.0,8.0,0.9494736842105264,0.9375
3.0,0.5555556,3.0,12.0,0.9494736842105264,0.9375
3.0,0.5555556,3.0,20.0,0.9494736842105264,0.9375
3.0,0.5555556,3.0,32.0,0.9494736842105264,0.9375
3.0,0.5555556,3.0,50.0,0.9494736842105264,0.9375
3.0,0.5555556,3.0,80.0,0.9494736842105264,0.9375
3.0,0.5555556,3.0,128.0,0.9494736842105264,0.9375
3.0,0.5555556,5.0,2.0,0.9494736842105264,0.9375
3.0,0.5555556,5.0,3.0,0.9494736842105264,0.9375
3.0,0.5555556,5.0,5.0,0.9494736842105264,0.9375
3.0,0.5555556,5.0,8.0,0.9494736842105264,0.9375
3.0,0.5555556,5.0,12.0,0.9494736842105264,0.9375
3.0,0.5555556,5.0,20.0,0.9494736842105264,0.9375
3.0,0.5555556,5.0,32.0,0.9494736842105264,0.9375
3.0,0.5555556,5.0,50.0,0.9494736842105264,0.9375
3.0,0.5555556,5.0,80.0,0.9494736842105264,0.9375
3.0,0.5555556,5.0,128.0,0.9494736842105264,0.9375
3.0,0.5555556,7.0,2.0,0.9494736842105264,0.9375
3.0,0.5555556,7.0,3.0,0.9494736842105264,0.9375
3.0,0.5555556,7.0,5.0,0.9494736842105264,0.9375
3.0,0.5555556,7.0,8.0,0.9494736842105264,0.9375
3.0,0.5555556,7.0,12.0,0.9494736842105264,0.9375
3.0,0.5555556,7.0,20.0,0.9494736842105264,0.9375
3.0,0.5555556,7.0,32.0,0.9494736842105264,0.9375
3.0,0.5555556,7.0,50.0,0.9494736842105264,0.9375
3.0,0.5555556,7.0,80.0,0.9494736842105264,0.9375
3.0,0.5555556,7.0,128.0,0.9494736842105264,0.9375
3.0,0.5555556,9.0,2.0,0.9494736842105264,0.9375
3.0,0.5555556,9.0,3.0,0.9494736842105264,0.9375
3.0,0.5555556,9.0,5.0,0.9494736842105264,0.9375
3.0,0.5555556,9.0,8.0,0.9494736842105264,0.9375
3.0,0.5555556,9.0,12.0,0.9494736842105264,0.9375
3.0,0.5555556,9.0,20.0,0.9494736842105264,0.9375
3.0,0.5555556,9.0,32.0,0.9494736842105264,0.9375
3.0,0.5555556,9.0,50.0,0.9494736842105264,0.9375
3.0,0.5555556,9.0,80.0,0.9494736842105264,0.9375
3.0,0.5555556,9.0,128.0,0.9494736842105264,0.9375
3.0,0.5555556,11.0,2.0,0.9494736842105264,0.9375
3.0,0.5555556,11.0,3.0,0.9494736842105264,0.9375
3.0,0.5555556,11.0,5.0,0.9494736842105264,0.9375
3.0,0.5555556,11.0,8.0,0.9494736842105264,0.9375
3.0,0.5555556,11.0,12.0,0.9494736842105264,0.9375
3.0,0.5555556,11.0,20.0,0.9494736842105264,0.9375
3.0,0.5555556,11.0,32.0,0.9494736842105264,0.9375
3.0,0.5555556,11.0,50.0,0.9494736842105264,0.9375
3.0,0.5555556,11.0,80.0,0.9494736842105264,0.9375
3.0,0.5555556,11.0,128.0,0.9494736842105264,0.9375
3.0,0.5555556,13.0,2.0,0.9494736842105264,0.9375
3.0,0.5555556,13.0,3.0,0.9494736842105264,0.9375
3.0,0.5555556,13.0,5.0,0.9494736842105264,0.9375
3.0,0.5555556,13.0,8.0,0.9494736842105264,0.9375
3.0,0.5555556,13.0,12.0,0.9494736842105264,0.9375
3.0,0.5555556,13.0,20.0,0.9494736842105264,0.9375
3.0,0.5555556,13.0,32.0,0.9494736842105264,0.9375
3.0,0.5555556,13.0,50.0,0.9494736842105264,0.9375
3.0,0.5555556,13.0,80.0,0.9494736842105264,0.9375
3.0,0.5555556,13.0,128.0,0.9494736842105264,0.9375
3.0,0.5555556,15.0,2.0,0.9494736842105264,0.9375
3.0,0.5555556,15.0,3.0,0.9494736842105264,0.9375
3.0,0.5555556,15.0,5.0,0.9494736842105264,0.9375
3.0,0.5555556,15.0,8.0,0.9494736842105264,0.9375
3.0,0.5555556,15.0,12.0,0.9494736842105264,0.9375
3.0,0.5555556,15.0,20.0,0.9494736842105264,0.9375
3.0,0.5555556,15.0,32.0,0.9494736842105264,0.9375
3.0,0.5555556,15.0,50.0,0.9494736842105264,0.9375
3.0,0.5555556,15.0,80.0,0.9494736842105264,0.9375
3.0,0.5555556,15.0,128.0,0.9494736842105264,0.9375
3.0,0.5555556,17.0,2.0,0.9494736842105264,0.9375
3.0,0.5555556,17.0,3.0,0.9494736842105264,0.9375
3.0,0.5555556,17.0,5.0,0.9494736842105264,0.9375
3.0,0.5555556,17.0,8.0,0.9494736842105264,0.9375
3.0,0.5555556,17.0,12.0,0.9494736842105264,0.9375
3.0,0.5555556,17.0,20.0,0.9494736842105264,0.9375
3.0,0.5555556,17.0,32.0,0.9494736842105264,0.9375
3.0,0.5555556,17.0,50.0,0.9494736842105264,0.9375
3.0,0.5555556,17.0,80.0,0.9494736842105264,0.9375
3.0,0.5555556,17.0,128.0,0.9494736842105264,0.9375
3.0,0.5555556,20.0,2.0,0.9494736842105264,0.9375
3.0,0.5555556,20.0,3.0,0.9494736842105264,0.9375
3.0,0.5555556,20.0,5.0,0.9494736842105264,0.9375
3.0,0.5555556,20.0,8.0,0.9494736842105264,0.9375
3.0,0.5555556,20.0,12.0,0.9494736842105264,0.9375
3.0,0.5555556,20.0,20.0,0.9494736842105264,0.9375
3.0,0.5555556,20.0,32.0,0.9494736842105264,0.9375
3.0,0.5555556,20.0,50.0,0.9494736842105264,0.9375
3.0,0.5555556,20.0,80.0,0.9494736842105264,0.9375
3.0,0.5555556,20.0,128.0,0.9494736842105264,0.9375
3.0,0.6666667,1.0,2.0,0.9494736842105264,0.9375
3.0,0.6666667,1.0,3.0,0.9494736842105264,0.9375
3.0,0.6666667,1.0,5.0,0.9494736842105264,0.9375
3.0,0.6666667,1.0,8.0,0.9494736842105264,0.9375
3.0,0.6666667,1.0,12.0,0.9494736842105264,0.9375
3.0,0.6666667,1.0,20.0,0.9494736842105264,0.9375
3.0,0.6666667,1.0,32.0,0.9494736842105264,0.9375
3.0,0.6666667,1.0,50.0,0.9494736842105264,0.9375
3.0,0.6666667,1.0,80.0,0.9494736842105264,0.9375
3.0,0.6666667,1.0,128.0,0.9494736842105264,0.9375
3.0,0.6666667,3.0,2.0,0.9494736842105264,0.9375
3.0,0.6666667,3.0,3.0,0.9494736842105264,0.9375
3.0,0.6666667,3.0,5.0,0.9494736842105264,0.9375
3.0,0.6666667,3.0,8.0,0.9494736842105264,0.9375
3.0,0.6666667,3.0,12.0,0.9494736842105264,0.9375
3.0,0.6666667,3.0,20.0,0.9494736842105264,0.9375
3.0,0.6666667,3.0,32.0,0.9494736842105264,0.9375
3.0,0.6666667,3.0,50.0,0.9494736842105264,0.9375
3.0,0.6666667,3.0,80.0,0.9494736842105264,0.9375
3.0,0.6666667,3.0,128.0,0.9494736842105264,0.9375
3.0,0.6666667,5.0,2.0,0.9494736842105264,0.9375
3.0,0.6666667,5.0,3.0,0.9494736842105264,0.9375
3.0,0.6666667,5.0,5.0,0.9494736842105264,0.9375
3.0,0.6666667,5.0,8.0,0.9494736842105264,0.9375
3.0,0.6666667,5.0,12.0,0.9494736842105264,0.9375
3.0,0.6666667,5.0,20.0,0.9494736842105264,0.9375
3.0,0.6666667,5.0,32.0,0.9494736842105264,0.9375
3.0,0.6666667,5.0,50.0,0.9494736842105264,0.9375
3.0,0.6666667,5.0,80.0,0.9494736842105264,0.9375
3.0,0.6666667,5.0,128.0,0.9494736842105264,0.9375
3.0,0.6666667,7.0,2.0,0.9494736842105264,0.9375
3.0,0.6666667,7.0,3.0,0.9494736842105264,0.9375
3.0,0.6666667,7.0,5.0,0.9494736842105264,0.9375
3.0,0.6666667,7.0,8.0,0.9494736842105264,0.9375
3.0,0.6666667,7.0,12.0,0.9494736842105264,0.9375
3.0,0.6666667,7.0,20.0,0.9494736842105264,0.9375
3.0,0.6666667,7.0,32.0,0.9494736842105264,0.9375
3.0,0.6666667,7.0,50.0,0.9494736842105264,0.9375
3.0,0.6666667,7.0,80.0,0.9494736842105264,0.9375
3.0,0.6666667,7.0,128.0,0.9494736842105264,0.9375
3.0,0.6666667,9.0,2.0,0.9494736842105264,0.9375
3.0,0.6666667,9.0,3.0,0.9494736842105264,0.9375
3.0,0.6666667,9.0,5.0,0.9494736842105264,0.9375
3.0,0.6666667,9.0,8.0,0.9494736842105264,0.9375
3.0,0.6666667,9.0,12.0,0.9494736842105264,0.9375
3.0,0.6666667,9.0,20.0,0.9494736842105264,0.9375
3.0,0.6666667,9.0,32.0,0.9492631578947369,0.9375
3.0,0.6666667,9.0,50.0,0.9492631578947369,0.9375
3.0,0.6666667,9.0,80.0,0.9494736842105264,0.9375
3.0,0.6666667,9.0,128.0,0.9494736842105264,0.9375
3.0,0.6666667,11.0,2.0,0.9492631578947369,0.9375
3.0,0.6666667,11.0,3.0,0.9492631578947369,0.9375
3.0,0.6666667,11.0,5.0,0.9492631578947369,0.9375
3.0,0.6666667,11.0,8.0,0.9492631578947369,0.9375
3.0,0.6666667,11.0,12.0,0.9492631578947369,0.9375
3.0,0.6666667,11.0,20.0,0.9492631578947369,0.9375
3.0,0.6666667,11.0,32.0,0.9496842105263159,0.9375
3.0,0.6666667,11.0,50.0,0.9492631578947369,0.9375
3.0,0.6666667,11.0,80.0,0.9494736842105264,0.9375
3.0,0.6666667,11.0,128.0,0.9494736842105264,0.9375
3.0,0.6666667,13.0,2.0,0.9496842105263159,0.9375
3.0,0.6666667,13.0,3.0,0.9496842105263159,0.9375
3.0,0.6666667,13.0,5.0,0.9496842105263159,0.9375
3.0,0.6666667,13.0,8.0,0.9496842105263159,0.9375
3.0,0.6666667,13.0,12.0,0.9496842105263159,0.9375
3.0,0.6666667,13.0,20.0,0.9496842105263159,0.9375
3.0,0.6666667,13.0,32.0,0.9492631578947369,0.9375
3.0,0.6666667,13.0,50.0,0.9492631578947369,0.9375
3.0,0.6666667,13.0,80.0,0.9494736842105264,0.9375
3.0,0.6666667,13.0,128.0,0.9494736842105264,0.9375
3.0,0.6666667,15.0,2.0,0.9496842105263159,0.9375
3.0,0.6666667,15.0,3.0,0.9496842105263159,0.9375
3.0,0.6666667,15.0,5.0,0.9496842105263159,0.9375
3.0,0.6666667,15.0,8.0,0.9496842105263159,0.9375
3.0,0.6666667,15.0,12.0,0.9496842105263159,0.9375
3.0,0.6666667,15.0,20.0,0.9496842105263159,0.9375
3.0,0.6666667,15.0,32.0,0.9496842105263159,0.9375
3.0,0.6666667,15.0,50.0,0.9492631578947369,0.9375
3.0,0.6666667,15.0,80.0,0.9494736842105264,0.9375
3.0,0.6666667,15.0,128.0,0.9494736842105264,0.9375
3.0,0.6666667,17.0,2.0,0.9494736842105264,0.9375
3.0,0.6666667,17.0,3.0,0.9494736842105264,0.9375
3.0,0.6666667,17.0,5.0,0.9494736842105264,0.9375
3.0,0.6666667,17.0,8.0,0.9494736842105264,0.9375
3.0,0.6666667,17.0,12.0,0.9494736842105264,0.9375
3.0,0.6666667,17.0,20.0,0.9494736842105264,0.9375
3.0,0.6666667,17.0,32.0,0.9494736842105264,0.9375
3.0,0.6666667,17.0,50.0,0.9492631578947369,0.9375
3.0,0.6666667,17.0,80.0,0.9494736842105264,0.9375
3.0,0.6666667,17.0,128.0,0.9494736842105264,0.9375
3.0,0.6666667,20.0,2.0,0.9494736842105264,0.9375
3.0,0.6666667,20.0,3.0,0.9494736842105264,0.9375
3.0,0.6666667,20.0,5.0,0.9494736842105264,0.9375
3.0,0.6666667,20.0,8.0,0.9494736842105264,0.9375
3.0,0.6666667,20.0,12.0,0.9494736842105264,0.9375
3.0,0.6666667,20.0,20.0,0.9494736842105264,0.9375
3.0,0.6666667,20.0,32.0,0.9494736842105264,0.9375
3.0,0.6666667,20.0,50.0,0.9494736842105264,0.9375
3.0,0.6666667,20.0,80.0,0.9494736842105264,0.9375
3.0,0.6666667,20.0,128.0,0.9494736842105264,0.9375
3.0,0.7777778,1.0,2.0,0.9444210526315789,0.93
3.0,0.7777778,1.0,3.0,0.9444210526315789,0.93
3.0,0.7777778,1.0,5.0,0.9444210526315789,0.93
3.0,0.7777778,1.0,8.0,0.9444210526315789,0.93
3.0,0.7777778,1.0,12.0,0.9444210526315789,0.93
3.0,0.7777778,1.0,20.0,0.9444210526315789,0.93
3.0,0.7777778,1.0,32.0,0.9444210526315789,0.93
3.0,0.7777778,1.0,50.0,0.9444210526315789,0.93
3.0,0.7777778,1.0,80.0,0.9444210526315789,0.93
3.0,0.7777778,1.0,128.0,0.9444210526315789,0.93
3.0,0.7777778,3.0,2.0,0.9444210526315789,0.93
3.0,0.7777778,3.0,3.0,0.9444210526315789,0.93
3.0,0.7777778,3.0,5.0,0.9444210526315789,0.93
3.0,0.7777778,3.0,8.0,0.9444210526315789,0.93
3.0,0.7777778,3.0,12.0,0.9444210526315789,0.93
3.0,0.7777778,3.0,20.0,0.9444210526315789,0.93
3.0,0.7777778,3.0,32.0,0.9444210526315789,0.93
3.0,0.7777778,3.0,50.0,0.9444210526315789,0.93
3.0,0.7777778,3.0,80.0,0.9444210526315789,0.93
3.0,0.7777778,3.0,128.0,0.9444210526315789,0.93
3.0,0.7777778,5.0,2.0,0.9444210526315789,0.93
3.0,0.7777778,5.0,3.0,0.9444210526315789,0.93
3.0,0.7777778,5.0,5.0,0.9444210526315789,0.93
3.0,0.7777778,5.0,8.0,0.9444210526315789,0.93
3.0,0.7777778,5.0,12.0,0.9444210526315789,0.93
3.0,0.7777778,5.0,20.0,0.9444210526315789,0.93
3.0,0.7777778,5.0,32.0,0.9437894736842105,0.93
3.0,0.7777778,5.0,50.0,0.9437894736842105,0.93
3.0,0.7777778,5.0,80.0,0.9444210526315789,0.93
3.0,0.7777778,5.0,128.0,0.9444210526315789,0.93
3.0,0.7777778,7.0,2.0,0.9437894736842105,0.929375
3.0,0.7777778,7.0,3.0,0.9437894736842105,0.929375
3.0,0.7777778,7.0,5.0,0.9437894736842105,0.929375
3.0,0.7777778,7.0,8.0,0.9437894736842105,0.929375
3.0,0.7777778,7.0,12.0,0.9437894736842105,0.929375
3.0,0.7777778,7.0,20.0,0.9437894736842105,0.929375
3.0,0.7777778,7.0,32.0,0.9437894736842105,0.929375
3.0,0.7777778,7.0,50.0,0.9437894736842105,0.929375
3.0,0.7777778,7.0,80.0,0.9444210526315789,0.93
3.0,0.7777778,7.0,128.0,0.9444210526315789,0.93
3.0,0.7777778,9.0,2.0,0.9437894736842105,0.929375
3.0,0.7777778,9.0,3.0,0.9437894736842105,0.929375
3.0,0.7777778,9.0,5.0,0.9437894736842105,0.929375
3.0,0.7777778,9.0,8.0,0.9437894736842105,0.929375
3.0,0.7777778,9.0,12.0,0.9437894736842105,0.929375
3.0,0.7777778,9.0,20.0,0.9437894736842105,0.929375
3.0,0.7777778,9.0,32.0,0.9437894736842105,0.929375
3.0,0.7777778,9.0,50.0,0.9437894736842105,0.929375
3.0,0.7777778,9.0,80.0,0.9444210526315789,0.93
3.0,0.7777778,9.0,128.0,0.9444210526315789,0.93
3.0,0.7777778,11.0,2.0,0.9437894736842105,0.929375
3.0,0.7777778,11.0,3.0,0.9437894736842105,0.929375
3.0,0.7777778,11.0,5.0,0.9437894736842105,0.929375
3.0,0.7777778,11.0,8.0,0.9437894736842105,0.929375
3.0,0.7777778,11.0,12.0,0.9437894736842105,0.929375
3.0,0.7777778,11.0,20.0,0.9437894736842105,0.929375
3.0,0.7777778,11.0,32.0,0.9437894736842105,0.929375
3.0,0.7777778,11.0,50.0,0.9437894736842105,0.929375
3.0,0.7777778,11.0,80.0,0.9444210526315789,0.93
3.0,0.7777778,11.0,128.0,0.9444210526315789,0.93
3.0,0.7777778,13.0,2.0,0.9437894736842105,0.929375
3.0,0.7777778,13.0,3.0,0.9437894736842105,0.929375
3.0,0.7777778,13.0,5.0,0.9437894736842105,0.929375
3.0,0.7777778,13.0,8.0,0.9437894736842105,0.929375
3.0,0.7777778,13.0,12.0,0.9437894736842105,0.929375
3.0,0.7777778,13.0,20.0,0.9437894736842105,0.929375
3.0,0.7777778,13.0,32.0,0.9437894736842105,0.929375
3.0,0.7777778,13.0,50.0,0.9437894736842105,0.929375
3.0,0.7777778,13.0,80.0,0.9444210526315789,0.93
3.0,0.7777778,13.0,128.0,0.9444210526315789,0.93
3.0,0.7777778,15.0,2.0,0.9442105263157895,0.929375
3.0,0.7777778,15.0,3.0,0.9442105263157895,0.929375
3.0,0.7777778,15.0,5.0,0.9442105263157895,0.929375
3.0,0.7777778,15.0,8.0,0.9442105263157895,0.929375
3.0,0.7777778,15.0,12.0,0.9442105263157895,0.929375
3.0,0.7777778,15.0,20.0,0.9442105263157895,0.929375
3.0,0.7777778,15.0,32.0,0.9442105263157895,0.929375
3.0,0.7777778,15.0,50.0,0.9442105263157895,0.929375
3.0,0.7777778,15.0,80.0,0.9444210526315789,0.93
3.0,0.7777778,15.0,128.0,0.9444210526315789,0.93
3.0,0.7777778,17.0,2.0,0.9442105263157895,0.929375
3.0,0.7777778,17.0,3.0,0.9442105263157895,0.929375
3.0,0.7777778,17.0,5.0,0.9442105263157895,0.929375
3.0,0.7777778,17.0,8.0,0.9442105263157895,0.929375
3.0,0.7777778,17.0,12.0,0.9442105263157895,0.929375
3.0,0.7777778,17.0,20.0,0.9442105263157895,0.929375
3.0,0.7777778,17.0,32.0,0.9442105263157895,0.929375
3.0,0.7777778,17.0,50.0,0.9442105263157895,0.929375
3.0,0.7777778,17.0,80.0,0.9444210526315789,0.93
3.0,0.7777778,17.0,128.0,0.9437894736842105,0.929375
3.0,0.7777778,20.0,2.0,0.9444210526315789,0.929375
3.0,0.7777778,20.0,3.0,0.9444210526315789,0.929375
3.0,0.7777778,20.0,5.0,0.9444210526315789,0.929375
3.0,0.7777778,20.0,8.0,0.9444210526315789,0.929375
3.0,0.7777778,20.0,12.0,0.9444210526315789,0.929375
3.0,0.7777778,20.0,20.0,0.9444210526315789,0.929375
3.0,0.7777778,20.0,32.0,0.9444210526315789,0.929375
3.0,0.7777778,20.0,50.0,0.9444210526315789,0.929375
3.0,0.7777778,20.0,80.0,0.9444210526315789,0.929375
3.0,0.7777778,20.0,128.0,0.943578947368421,0.929375
3.0,0.8888889,1.0,2.0,0.9242105263157894,0.9
3.0,0.8888889,1.0,3.0,0.9242105263157894,0.9
3.0,0.8888889,1.0,5.0,0.9242105263157894,0.9
3.0,0.8888889,1.0,8.0,0.9242105263157894,0.9
3.0,0.8888889,1.0,12.0,0.9242105263157894,0.9
3.0,0.8888889,1.0,20.0,0.9242105263157894,0.9
3.0,0.8888889,1.0,32.0,0.9242105263157894,0.9
3.0,0.8888889,1.0,50.0,0.9242105263157894,0.9
3.0,0.8888889,1.0,80.0,0.9242105263157894,0.9
3.0,0.8888889,1.0,128.0,0.9242105263157894,0.9
3.0,0.8888889,3.0,2.0,0.9242105263157894,0.9
3.0,0.8888889,3.0,3.0,0.9242105263157894,0.9
3.0,0.8888889,3.0,5.0,0.9242105263157894,0.9
3.0,0.8888889,3.0,8.0,0.9242105263157894,0.9
3.0,0.8888889,3.0,12.0,0.9242105263157894,0.9
3.0,0.8888889,3.0,20.0,0.9242105263157894,0.9
3.0,0.8888889,3.0,32.0,0.9242105263157894,0.9
3.0,0.8888889,3.0,50.0,0.9242105263157894,0.9
3.0,0.8888889,3.0,80.0,0.9242105263157894,0.9
3.0,0.8888889,3.0,128.0,0.9242105263157894,0.9
3.0,0.8888889,5.0,2.0,0.9242105263157894,0.9
3.0,0.8888889,5.0,3.0,0.9242105263157894,0.9
3.0,0.8888889,5.0,5.0,0.9242105263157894,0.9
3.0,0.8888889,5.0,8.0,0.9242105263157894,0.9
3.0,0.8888889,5.0,12.0,0.9242105263157894,0.9
3.0,0.8888889,5.0,20.0,0.9242105263157894,0.9
3.0,0.8888889,5.0,32.0,0.9242105263157894,0.9
3.0,0.8888889,5.0,50.0,0.9242105263157894,0.9
3.0,0.8888889,5.0,80.0,0.9242105263157894,0.9
3.0,0.8888889,5.0,128.0,0.9242105263157894,0.9
3.0,0.8888889,7.0,2.0,0.9242105263157894,0.9
3.0,0.8888889,7.0,3.0,0.9242105263157894,0.9
3.0,0.8888889,7.0,5.0,0.9242105263157894,0.9
3.0,0.8888889,7.0,8.0,0.9242105263157894,0.9
3.0,0.8888889,7.0,12.0,0.9242105263157894,0.9
3.0,0.8888889,7.0,20.0,0.9242105263157894,0.9
3.0,0.8888889,7.0,32.0,0.9242105263157894,0.9
3.0,0.8888889,7.0,50.0,0.9242105263157894,0.9
3.0,0.8888889,7.0,80.0,0.9242105263157894,0.9
3.0,0.8888889,7.0,128.0,0.9242105263157894,0.9
3.0,0.8888889,9.0,2.0,0.9242105263157894,0.9
3.0,0.8888889,9.0,3.0,0.9242105263157894,0.9
3.0,0.8888889,9.0,5.0,0.9242105263157894,0.9
3.0,0.8888889,9.0,8.0,0.9242105263157894,0.9
3.0,0.8888889,9.0,12.0,0.9242105263157894,0.9
3.0,0.8888889,9.0,20.0,0.9242105263157894,0.9
3.0,0.8888889,9.0,32.0,0.9242105263157894,0.9
3.0,0.8888889,9.0,50.0,0.9242105263157894,0.9
3.0,0.8888889,9.0,80.0,0.9242105263157894,0.9
3.0,0.8888889,9.0,128.0,0.9242105263157894,0.9
3.0,0.8888889,11.0,2.0,0.9242105263157894,0.9
3.0,0.8888889,11.0,3.0,0.9242105263157894,0.9
3.0,0.8888889,11.0,5.0,0.9242105263157894,0.9
3.0,0.8888889,11.0,8.0,0.9242105263157894,0.9
3.0,0.8888889,11.0,12.0,0.9242105263157894,0.9
3.0,0.8888889,11.0,20.0,0.9242105263157894,0.9
3.0,0.8888889,11.0,32.0,0.9242105263157894,0.9
3.0,0.8888889,11.0,50.0,0.9242105263157894,0.9
3.0,0.8888889,11.0,80.0,0.9242105263157894,0.9
3.0,0.8888889,11.0,128.0,0.9242105263157894,0.9
3.0,0.8888889,13.0,2.0,0.9242105263157894,0.9
3.0,0.8888889,13.0,3.0,0.9242105263157894,0.9
3.0,0.8888889,13.0,5.0,0.9242105263157894,0.9
3.0,0.8888889,13.0,8.0,0.9242105263157894,0.9
3.0,0.8888889,13.0,12.0,0.9242105263157894,0.9
3.0,0.8888889,13.0,20.0,0.9242105263157894,0.9
3.0,0.8888889,13.0,32.0,0.9242105263157894,0.9
3.0,0.8888889,13.0,50.0,0.9242105263157894,0.9
3.0,0.8888889,13.0,80.0,0.9242105263157894,0.9
3.0,0.8888889,13.0,128.0,0.9242105263157894,0.9
3.0,0.8888889,15.0,2.0,0.9242105263157894,0.9
3.0,0.8888889,15.0,3.0,0.9242105263157894,0.9
3.0,0.8888889,15.0,5.0,0.9242105263157894,0.9
3.0,0.8888889,15.0,8.0,0.9242105263157894,0.9
3.0,0.8888889,15.0,12.0,0.9242105263157894,0.9
3.0,0.8888889,15.0,20.0,0.9242105263157894,0.9
3.0,0.8888889,15.0,32.0,0.9242105263157894,0.9
3.0,0.8888889,15.0,50.0,0.9242105263157894,0.9
3.0,0.8888889,15.0,80.0,0.9242105263157894,0.9
3.0,0.8888889,15.0,128.0,0.9242105263157894,0.9
3.0,0.8888889,17.0,2.0,0.9242105263157894,0.9
3.0,0.8888889,17.0,3.0,0.9242105263157894,0.9
3.0,0.8888889,17.0,5.0,0.9242105263157894,0.9
3.0,0.8888889,17.0,8.0,0.9242105263157894,0.9
3.0,0.8888889,17.0,12.0,0.9242105263157894,0.9
3.0,0.8888889,17.0,20.0,0.9242105263157894,0.9
3.0,0.8888889,17.0,32.0,0.9242105263157894,0.9
3.0,0.8888889,17.0,50.0,0.9242105263157894,0.9
3.0,0.8888889,17.0,80.0,0.9242105263157894,0.9
3.0,0.8888889,17.0,128.0,0.9242105263157894,0.9
3.0,0.8888889,20.0,2.0,0.9242105263157894,0.9
3.0,0.8888889,20.0,3.0,0.9242105263157894,0.9
3.0,0.8888889,20.0,5.0,0.9242105263157894,0.9
3.0,0.8888889,20.0,8.0,0.9242105263157894,0.9
3.0,0.8888889,20.0,12.0,0.9242105263157894,0.9
3.0,0.8888889,20.0,20.0,0.9242105263157894,0.9
3.0,0.8888889,20.0,32.0,0.9242105263157894,0.9
3.0,0.8888889,20.0,50.0,0.9242105263157894,0.9
3.0,0.8888889,20.0,80.0,0.9242105263157894,0.9
3.0,0.8888889,20.0,128.0,0.9242105263157894,0.9
3.0,1.0,1.0,2.0,0.9242105263157894,0.9
3.0,1.0,1.0,3.0,0.9242105263157894,0.9
3.0,1.0,1.0,5.0,0.9242105263157894,0.9
3.0,1.0,1.0,8.0,0.9242105263157894,0.9
3.0,1.0,1.0,12.0,0.9242105263157894,0.9
3.0,1.0,1.0,20.0,0.9242105263157894,0.9
3.0,1.0,1.0,32.0,0.9242105263157894,0.9
3.0,1.0,1.0,50.0,0.9242105263157894,0.9
3.0,1.0,1.0,80.0,0.9242105263157894,0.9
3.0,1.0,1.0,128.0,0.9242105263157894,0.9
3.0,1.0,3.0,2.0,0.9242105263157894,0.9
3.0,1.0,3.0,3.0,0.9242105263157894,0.9
3.0,1.0,3.0,5.0,0.9242105263157894,0.9
3.0,1.0,3.0,8.0,0.9242105263157894,0.9
3.0,1.0,3.0,12.0,0.9242105263157894,0.9
3.0,1.0,3.0,20.0,0.9242105263157894,0.9
3.0,1.0,3.0,32.0,0.9242105263157894,0.9
3.0,1.0,3.0,50.0,0.9242105263157894,0.9
3.0,1.0,3.0,80.0,0.9242105263157894,0.9
3.0,1.0,3.0,128.0,0.9242105263157894,0.9
3.0,1.0,5.0,2.0,0.9242105263157894,0.9
3.0,1.0,5.0,3.0,0.9242105263157894,0.9
3.0,1.0,5.0,5.0,0.9242105263157894,0.9
3.0,1.0,5.0,8.0,0.9242105263157894,0.9
3.0,1.0,5.0,12.0,0.9242105263157894,0.9
3.0,1.0,5.0,20.0,0.9242105263157894,0.9
3.0,1.0,5.0,32.0,0.9242105263157894,0.9
3.0,1.0,5.0,50.0,0.9242105263157894,0.9
3.0,1.0,5.0,80.0,0.9242105263157894,0.9
3.0,1.0,5.0,128.0,0.9242105263157894,0.9
3.0,1.0,7.0,2.0,0.9242105263157894,0.9
3.0,1.0,7.0,3.0,0.9242105263157894,0.9
3.0,1.0,7.0,5.0,0.9242105263157894,0.9
3.0,1.0,7.0,8.0,0.9242105263157894,0.9
3.0,1.0,7.0,12.0,0.9242105263157894,0.9
3.0,1.0,7.0,20.0,0.9242105263157894,0.9
3.0,1.0,7.0,32.0,0.9242105263157894,0.9
3.0,1.0,7.0,50.0,0.9242105263157894,0.9
3.0,1.0,7.0,80.0,0.9242105263157894,0.9
3.0,1.0,7.0,128.0,0.9242105263157894,0.9
3.0,1.0,9.0,2.0,0.9242105263157894,0.9
3.0,1.0,9.0,3.0,0.9242105263157894,0.9
3.0,1.0,9.0,5.0,0.9242105263157894,0.9
3.0,1.0,9.0,8.0,0.9242105263157894,0.9
3.0,1.0,9.0,12.0,0.9242105263157894,0.9
3.0,1.0,9.0,20.0,0.9242105263157894,0.9
3.0,1.0,9.0,32.0,0.9242105263157894,0.9
3.0,1.0,9.0,50.0,0.9242105263157894,0.9
3.0,1.0,9.0,80.0,0.9242105263157894,0.9
3.0,1.0,9.0,128.0,0.9242105263157894,0.9
3.0,1.0,11.0,2.0,0.9242105263157894,0.9
3.0,1.0,11.0,3.0,0.9242105263157894,0.9
3.0,1.0,11.0,5.0,0.9242105263157894,0.9
3.0,1.0,11.0,8.0,0.9242105263157894,0.9
3.0,1.0,11.0,12.0,0.9242105263157894,0.9
3.0,1.0,11.0,20.0,0.9242105263157894,0.9
3.0,1.0,11.0,32.0,0.9242105263157894,0.9
3.0,1.0,11.0,50.0,0.9242105263157894,0.9
3.0,1.0,11.0,80.0,0.9242105263157894,0.9
3.0,1.0,11.0,128.0,0.9242105263157894,0.9
3.0,1.0,13.0,2.0,0.9242105263157894,0.9
3.0,1.0,13.0,3.0,0.9242105263157894,0.9
3.0,1.0,13.0,5.0,0.9242105263157894,0.9
3.0,1.0,13.0,8.0,0.9242105263157894,0.9
3.0,1.0,13.0,12.0,0.9242105263157894,0.9
3.0,1.0,13.0,20.0,0.9242105263157894,0.9
3.0,1.0,13.0,32.0,0.9242105263157894,0.9
3.0,1.0,13.0,50.0,0.9242105263157894,0.9
3.0,1.0,13.0,80.0,0.9242105263157894,0.9
3.0,1.0,13.0,128.0,0.9242105263157894,0.9
3.0,1.0,15.0,2.0,0.9242105263157894,0.9
3.0,1.0,15.0,3.0,0.9242105263157894,0.9
3.0,1.0,15.0,5.0,0.9242105263157894,0.9
3.0,1.0,15.0,8.0,0.9242105263157894,0.9
3.0,1.0,15.0,12.0,0.9242105263157894,0.9
3.0,1.0,15.0,20.0,0.9242105263157894,0.9
3.0,1.0,15.0,32.0,0.9242105263157894,0.9
3.0,1.0,15.0,50.0,0.9242105263157894,0.9
3.0,1.0,15.0,80.0,0.9242105263157894,0.9
3.0,1.0,15.0,128.0,0.9242105263157894,0.9
3.0,1.0,17.0,2.0,0.9242105263157894,0.9
3.0,1.0,17.0,3.0,0.9242105263157894,0.9
3.0,1.0,17.0,5.0,0.9242105263157894,0.9
3.0,1.0,17.0,8.0,0.9242105263157894,0.9
3.0,1.0,17.0,12.0,0.9242105263157894,0.9
3.0,1.0,17.0,20.0,0.9242105263157894,0.9
3.0,1.0,17.0,32.0,0.9242105263157894,0.9
3.0,1.0,17.0,50.0,0.9242105263157894,0.9
3.0,1.0,17.0,80.0,0.9242105263157894,0.9
3.0,1.0,17.0,128.0,0.9242105263157894,0.9
3.0,1.0,20.0,2.0,0.9242105263157894,0.9
3.0,1.0,20.0,3.0,0.9242105263157894,0.9
3.0,1.0,20.0,5.0,0.9242105263157894,0.9
3.0,1.0,20.0,8.0,0.9242105263157894,0.9
3.0,1.0,20.0,12.0,0.9242105263157894,0.9
3.0,1.0,20.0,20.0,0.9242105263157894,0.9
3.0,1.0,20.0,32.0,0.9242105263157894,0.9
3.0,1.0,20.0,50.0,0.9242105263157894,0.9
3.0,1.0,20.0,80.0,0.9242105263157894,0.9
3.0,1.0,20.0,128.0,0.9242105263157894,0.9
5.0,0.0,1.0,2.0,0.891157894736842,0.871875
5.0,0.0,1.0,3.0,0.8913684210526316,0.8712500000000001
5.0,0.0,1.0,5.0,0.8901052631578947,0.869375
5.0,0.0,1.0,8.0,0.8898947368421052,0.874375
5.0,0.0,1.0,12.0,0.8888421052631579,0.871875
5.0,0.0,1.0,20.0,0.8894736842105264,0.874375
5.0,0.0,1.0,32.0,0.8875789473684211,0.86875
5.0,0.0,1.0,50.0,0.8880000000000001,0.86875
5.0,0.0,1.0,80.0,0.8869473684210526,0.8699999999999999
5.0,0.0,1.0,128.0,0.8812631578947367,0.860625
5.0,0.0,3.0,2.0,0.8848421052631579,0.8675
5.0,0.0,3.0,3.0,0.8848421052631579,0.8675
5.0,0.0,3.0,5.0,0.8848421052631579,0.8675
5.0,0.0,3.0,8.0,0.8865263157894738,0.8675
5.0,0.0,3.0,12.0,0.883578947368421,0.86875
5.0,0.0,3.0,20.0,0.8812631578947367,0.865
5.0,0.0,3.0,32.0,0.882736842105263,0.865625
5.0,0.0,3.0,50.0,0.8823157894736843,0.869375
5.0,0.0,3.0,80.0,0.8810526315789474,0.8631249999999999
5.0,0.0,3.0,128.0,0.876,0.85375
5.0,0.0,5.0,2.0,0.8848421052631579,0.86875
5.0,0.0,5.0,3.0,0.8848421052631579,0.86875
5.0,0.0,5.0,5.0,0.8848421052631579,0.86875
5.0,0.0,5.0,8.0,0.8848421052631579,0.86875
5.0,0.0,5.0,12.0,0.8850526315789473,0.868125
5.0,0.0,5.0,20.0,0.8810526315789474,0.8631249999999999
5.0,0.0,5.0,32.0,0.8816842105263157,0.8631249999999999
5.0,0.0,5.0,50.0,0.883157894736842,0.8625
5.0,0.0,5.0,80.0,0.8795789473684211,0.86
5.0,0.0,5.0,128.0,0.875157894736842,0.8550000000000001
5.0,0.0,7.0,2.0,0.8793684210526316,0.865
5.0,0.0,7.0,3.0,0.8793684210526316,0.865
5.0,0.0,7.0,5.0,0.8793684210526316,0.865
5.0,0.0,7.0,8.0,0.8793684210526316,0.865
5.0,0.0,7.0,12.0,0.8793684210526316,0.865
5.0,0.0,7.0,20.0,0.8795789473684211,0.858125
5.0,0.0,7.0,32.0,0.8766315789473685,0.8612500000000001
5.0,0.0,7.0,50.0,0.8787368421052631,0.8618750000000001
5.0,0.0,7.0,80.0,0.876421052631579,0.8568749999999999
5.0,0.0,7.0,128.0,0.8722105263157894,0.8487500000000001
5.0,0.0,9.0,2.0,0.8770526315789473,0.8625
5.0,0.0,9.0,3.0,0.8770526315789473,0.8625
5.0,0.0,9.0,5.0,0.8770526315789473,0.8625
5.0,0.0,9.0,8.0,0.8770526315789473,0.8625
5.0,0.0,9.0,12.0,0.8770526315789473,0.8625
5.0,0.0,9.0,20.0,0.875157894736842,0.85625
5.0,0.0,9.0,32.0,0.875157894736842,0.85875
5.0,0.0,9.0,50.0,0.8749473684210527,0.8631249999999999
5.0,0.0,9.0,80.0,0.8717894736842104,0.8543749999999999
5.0,0.0,9.0,128.0,0.8701052631578946,0.8456250000000001
5.0,0.0,11.0,2.0,0.8745263157894737,0.860625
5.0,0.0,11.0,3.0,0.8745263157894737,0.860625
5.0,0.0,11.0,5.0,0.8745263157894737,0.860625
5.0,0.0,11.0,8.0,0.8745263157894737,0.860625
5.0,0.0,11.0,12.0,0.8745263157894737,0.860625
5.0,0.0,11.0,20.0,0.8745263157894737,0.860625
5.0,0.0,11.0,32.0,0.8743157894736843,0.8574999999999999
5.0,0.0,11.0,50.0,0.8720000000000001,0.85375
5.0,0.0,11.0,80.0,0.8694736842105263,0.8487500000000001
5.0,0.0,11.0,128.0,0.8650526315789474,0.84375
5.0,0.0,13.0,2.0,0.8690526315789473,0.8543749999999999
5.0,0.0,13.0,3.0,0.8690526315789473,0.8543749999999999
5.0,0.0,13.0,5.0,0.8690526315789473,0.8543749999999999
5.0,0.0,13.0,8.0,0.8690526315789473,0.8543749999999999
5.0,0.0,13.0,12.0,0.8690526315789473,0.8543749999999999
5.0,0.0,13.0,20.0,0.8690526315789473,0.8543749999999999
5.0,0.0,13.0,32.0,0.8722105263157894,0.8550000000000001
5.0,0.0,13.0,50.0,0.8682105263157895,0.8525
5.0,0.0,13.0,80.0,0.8667368421052632,0.8474999999999999
5.0,0.0,13.0,128.0,0.8616842105263158,0.8387499999999999
5.0,0.0,15.0,2.0,0.8690526315789473,0.85625
5.0,0.0,15.0,3.0,0.8690526315789473,0.85625
5.0,0.0,15.0,5.0,0.8690526315789473,0.85625
5.0,0.0,15.0,8.0,0.8690526315789473,0.85625
5.0,0.0,15.0,12.0,0.8690526315789473,0.85625
5.0,0.0,15.0,20.0,0.8690526315789473,0.85625
5.0,0.0,15.0,32.0,0.8692631578947368,0.85375
5.0,0.0,15.0,50.0,0.8658947368421053,0.8487500000000001
5.0,0.0,15.0,80.0,0.8652631578947367,0.8425
5.0,0.0,15.0,128.0,0.859578947368421,0.829375
5.0,0.0,17.0,2.0,0.868,0.8543749999999999
5.0,0.0,17.0,3.0,0.868,0.8543749999999999
5.0,0.0,17.0,5.0,0.868,0.8543749999999999
5.0,0.0,17.0,8.0,0.868,0.8543749999999999
5.0,0.0,17.0,12.0,0.868,0.8543749999999999
5.0,0.0,17.0,20.0,0.868,0.8543749999999999
5.0,0.0,17.0,32.0,0.868,0.8543749999999999
5.0,0.0,17.0,50.0,0.8658947368421053,0.85125
5.0,0.0,17.0,80.0,0.8637894736842104,0.8412499999999999
5.0,0.0,17.0,128.0,0.858736842105263,0.8306250000000001
5.0,0.0,20.0,2.0,0.8629473684210527,0.846875
5.0,0.0,20.0,3.0,0.8629473684210527,0.846875
5.0,0.0,20.0,5.0,0.8629473684210527,0.846875
5.0,0.0,20.0,8.0,0.8629473684210527,0.846875
5.0,0.0,20.0,12.0,0.8629473684210527,0.846875
5.0,0.0,20.0,20.0,0.8629473684210527,0.846875
5.0,0.0,20.0,32.0,0.8629473684210527,0.846875
5.0,0.0,20.0,50.0,0.8633684210526316,0.8456250000000001
5.0,0.0,20.0,80.0,0.8610526315789475,0.8393750000000001
5.0,0.0,20.0,128.0,0.8536842105263158,0.8300000000000001
5.0,0.11111111,1.0,2.0,0.9258947368421053,0.9112500000000001
5.0,0.11111111,1.0,3.0,0.9242105263157894,0.9106249999999999
5.0,0.11111111,1.0,5.0,0.9258947368421053,0.91375
5.0,0.11111111,1.0,8.0,0.9229473684210527,0.913125
5.0,0.11111111,1.0,12.0,0.924421052631579,0.913125
5.0,0.11111111,1.0,20.0,0.9282105263157895,0.915625
5.0,0.11111111,1.0,32.0,0.9233684210526316,0.913125
5.0,0.11111111,1.0,50.0,0.9242105263157894,0.9106249999999999
5.0,0.11111111,1.0,80.0,0.9229473684210527,0.9106249999999999
5.0,0.11111111,1.0,128.0,0.9206315789473685,0.9125
5.0,0.11111111,3.0,2.0,0.9248421052631579,0.9112500000000001
5.0,0.11111111,3.0,3.0,0.9248421052631579,0.9112500000000001
5.0,0.11111111,3.0,5.0,0.9248421052631579,0.9112500000000001
5.0,0.11111111,3.0,8.0,0.9221052631578948,0.9081250000000001
5.0,0.11111111,3.0,12.0,0.9263157894736842,0.911875
5.0,0.11111111,3.0,20.0,0.9252631578947368,0.915625
5.0,0.11111111,3.0,32.0,0.9233684210526316,0.9112500000000001
5.0,0.11111111,3.0,50.0,0.9233684210526316,0.909375
5.0,0.11111111,3.0,80.0,0.9223157894736842,0.9106249999999999
5.0,0.11111111,3.0,128.0,0.9208421052631579,0.909375
5.0,0.11111111,5.0,2.0,0.9237894736842105,0.909375
5.0,0.11111111,5.0,3.0,0.9237894736842105,0.909375
5.0,0.11111111,5.0,5.0,0.9237894736842105,0.909375
5.0,0.11111111,5.0,8.0,0.9237894736842105,0.909375
5.0,0.11111111,5.0,12.0,0.9246315789473684,0.9081250000000001
5.0,0.11111111,5.0,20.0,0.9256842105263157,0.914375
5.0,0.11111111,5.0,32.0,0.9242105263157894,0.911875
5.0,0.11111111,5.0,50.0,0.9250526315789473,0.9106249999999999
5.0,0.11111111,5.0,80.0,0.924,0.911875
5.0,0.11111111,5.0,128.0,0.9210526315789475,0.9099999999999999
5.0,0.11111111,7.0,2.0,0.924421052631579,0.9106249999999999
5.0,0.11111111,7.0,3.0,0.924421052631579,0.9106249999999999
5.0,0.11111111,7.0,5.0,0.924421052631579,0.9106249999999999
5.0,0.11111111,7.0,8.0,0.924421052631579,0.9106249999999999
5.0,0.11111111,7.0,12.0,0.924421052631579,0.9106249999999999
5.0,0.11111111,7.0,20.0,0.924,0.9106249999999999
5.0,0.11111111,7.0,32.0,0.9233684210526316,0.9106249999999999
5.0,0.11111111,7.0,50.0,0.9233684210526315,0.909375
5.0,0.11111111,7.0,80.0,0.923578947368421,0.9099999999999999
5.0,0.11111111,7.0,128.0,0.9197894736842105,0.909375
5.0,0.11111111,9.0,2.0,0.9216842105263158,0.911875
5.0,0.11111111,9.0,3.0,0.9216842105263158,0.911875
5.0,0.11111111,9.0,5.0,0.9216842105263158,0.911875
5.0,0.11111111,9.0,8.0,0.9216842105263158,0.911875
5.0,0.11111111,9.0,12.0,0.9216842105263158,0.911875
5.0,0.11111111,9.0,20.0,0.9225263157894737,0.9112500000000001
5.0,0.11111111,9.0,32.0,0.9229473684210527,0.911875
5.0,0.11111111,9.0,50.0,0.9231578947368421,0.9106249999999999
5.0,0.11111111,9.0,80.0,0.9212631578947368,0.9087500000000001
5.0,0.11111111,9.0,128.0,0.9193684210526316,0.909375
5.0,0.11111111,11.0,2.0,0.9229473684210527,0.9112500000000001
5.0,0.11111111,11.0,3.0,0.9229473684210527,0.9112500000000001
5.0,0.11111111,11.0,5.0,0.9229473684210527,0.9112500000000001
5.0,0.11111111,11.0,8.0,0.9229473684210527,0.9112500000000001
5.0,0.11111111,11.0,12.0,0.9229473684210527,0.9112500000000001
5.0,0.11111111,11.0,20.0,0.9229473684210527,0.9112500000000001
5.0,0.11111111,11.0,32.0,0.9221052631578948,0.9112500000000001
5.0,0.11111111,11.0,50.0,0.9229473684210525,0.911875
5.0,0.11111111,11.0,80.0,0.9193684210526316,0.91375
5.0,0.11111111,11.0,128.0,0.9191578947368422,0.909375
5.0,0.11111111,13.0,2.0,0.9225263157894737,0.9112500000000001
5.0,0.11111111,13.0,3.0,0.9225263157894737,0.9112500000000001
5.0,0.11111111,13.0,5.0,0.9225263157894737,0.9112500000000001
5.0,0.11111111,13.0,8.0,0.9225263157894737,0.9112500000000001
5.0,0.11111111,13.0,12.0,0.9225263157894737,0.9112500000000001
5.0,0.11111111,13.0,20.0,0.9225263157894737,0.9112500000000001
5.0,0.11111111,13.0,32.0,0.9216842105263158,0.9106249999999999
5.0,0.11111111,13.0,50.0,0.9204210526315789,0.9112500000000001
5.0,0.11111111,13.0,80.0,0.9185263157894736,0.913125
5.0,0.11111111,13.0,128.0,0.9189473684210526,0.906875
5.0,0.11111111,15.0,2.0,0.9210526315789472,0.9106249999999999
5.0,0.11111111,15.0,3.0,0.9210526315789472,0.9106249999999999
5.0,0.11111111,15.0,5.0,0.9210526315789472,0.9106249999999999
5.0,0.11111111,15.0,8.0,0.9210526315789472,0.9106249999999999
5.0,0.11111111,15.0,12.0,0.9210526315789472,0.9106249999999999
5.0,0.11111111,15.0,20.0,0.9210526315789472,0.9106249999999999
5.0,0.11111111,15.0,32.0,0.9193684210526316,0.9081250000000001
5.0,0.11111111,15.0,50.0,0.9191578947368422,0.906875
5.0,0.11111111,15.0,80.0,0.9197894736842105,0.915
5.0,0.11111111,15.0,128.0,0.9174736842105263,0.906875
5.0,0.11111111,17.0,2.0,0.9204210526315789,0.9099999999999999
5.0,0.11111111,17.0,3.0,0.9204210526315789,0.9099999999999999
5.0,0.11111111,17.0,5.0,0.9204210526315789,0.9099999999999999
5.0,0.11111111,17.0,8.0,0.9204210526315789,0.9099999999999999
5.0,0.11111111,17.0,12.0,0.9204210526315789,0.9099999999999999
5.0,0.11111111,17.0,20.0,0.9204210526315789,0.9099999999999999
5.0,0.11111111,17.0,32.0,0.9204210526315789,0.9099999999999999
5.0,0.11111111,17.0,50.0,0.9189473684210526,0.9081250000000001
5.0,0.11111111,17.0,80.0,0.9166315789473684,0.9125
5.0,0.11111111,17.0,128.0,0.9157894736842105,0.90625
5.0,0.11111111,20.0,2.0,0.9195789473684209,0.9081250000000001
5.0,0.11111111,20.0,3.0,0.9195789473684209,0.9081250000000001
5.0,0.11111111,20.0,5.0,0.9195789473684209,0.9081250000000001
5.0,0.11111111,20.0,8.0,0.9195789473684209,0.9081250000000001
5.0,0.11111111,20.0,12.0,0.9195789473684209,0.9081250000000001
5.0,0.11111111,20.0,20.0,0.9195789473684209,0.9081250000000001
5.0,0.11111111,20.0,32.0,0.9195789473684209,0.9081250000000001
5.0,0.11111111,20.0,50.0,0.9183157894736842,0.9081250000000001
5.0,0.11111111,20.0,80.0,0.9147368421052631,0.906875
5.0,0.11111111,20.0,128.0,0.916,0.9075
5.0,0.22222222,1.0,2.0,0.9549473684210528,0.93625
5.0,0.22222222,1.0,3.0,0.9545263157894738,0.93625
5.0,0.22222222,1.0,5.0,0.9547368421052631,0.936875
5.0,0.22222222,1.0,8.0,0.9545263157894738,0.9375
5.0,0.22222222,1.0,12.0,0.9536842105263158,0.936875
5.0,0.22222222,1.0,20.0,0.952,0.9349999999999999
5.0,0.22222222,1.0,32.0,0.9509473684210527,0.936875
5.0,0.22222222,1.0,50.0,0.9503157894736841,0.9356249999999999
5.0,0.22222222,1.0,80.0,0.9501052631578947,0.9356249999999999
5.0,0.22222222,1.0,128.0,0.9484210526315788,0.9356249999999999
5.0,0.22222222,3.0,2.0,0.952421052631579,0.936875
5.0,0.22222222,3.0,3.0,0.952421052631579,0.936875
5.0,0.22222222,3.0,5.0,0.952421052631579,0.936875
5.0,0.22222222,3.0,8.0,0.9522105263157895,0.936875
5.0,0.22222222,3.0,12.0,0.9509473684210527,0.936875
5.0,0.22222222,3.0,20.0,0.9509473684210527,0.9349999999999999
5.0,0.22222222,3.0,32.0,0.9507368421052632,0.936875
5.0,0.22222222,3.0,50.0,0.9496842105263157,0.9349999999999999
5.0,0.22222222,3.0,80.0,0.9496842105263157,0.9356249999999999
5.0,0.22222222,3.0,128.0,0.9482105263157894,0.934375
5.0,0.22222222,5.0,2.0,0.9507368421052632,0.936875
5.0,0.22222222,5.0,3.0,0.9507368421052632,0.936875
5.0,0.22222222,5.0,5.0,0.9507368421052632,0.936875
5.0,0.22222222,5.0,8.0,0.9507368421052632,0.936875
5.0,0.22222222,5.0,12.0,0.9503157894736842,0.9375
5.0,0.22222222,5.0,20.0,0.9492631578947368,0.9349999999999999
5.0,0.22222222,5.0,32.0,0.9501052631578947,0.936875
5.0,0.22222222,5.0,50.0,0.9492631578947368,0.9356249999999999
5.0,0.22222222,5.0,80.0,0.9494736842105264,0.9356249999999999
5.0,0.22222222,5.0,128.0,0.948421052631579,0.936875
5.0,0.22222222,7.0,2.0,0.9496842105263157,0.9375
5.0,0.22222222,7.0,3.0,0.9496842105263157,0.9375
5.0,0.22222222,7.0,5.0,0.9496842105263157,0.9375
5.0,0.22222222,7.0,8.0,0.9496842105263157,0.9375
5.0,0.22222222,7.0,12.0,0.9496842105263157,0.9375
5.0,0.22222222,7.0,20.0,0.9498947368421053,0.9349999999999999
5.0,0.22222222,7.0,32.0,0.9494736842105264,0.9375
5.0,0.22222222,7.0,50.0,0.9488421052631579,0.9349999999999999
5.0,0.22222222,7.0,80.0,0.9482105263157894,0.9349999999999999
5.0,0.22222222,7.0,128.0,0.9469473684210528,0.93625
5.0,0.22222222,9.0,2.0,0.9477894736842105,0.9356249999999999
5.0,0.22222222,9.0,3.0,0.9477894736842105,0.9356249999999999
5.0,0.22222222,9.0,5.0,0.9477894736842105,0.9356249999999999
5.0,0.22222222,9.0,8.0,0.9477894736842105,0.9356249999999999
5.0,0.22222222,9.0,12.0,0.9477894736842105,0.9356249999999999
5.0,0.22222222,9.0,20.0,0.9480000000000001,0.934375
5.0,0.22222222,9.0,32.0,0.9467368421052631,0.9356249999999999
5.0,0.22222222,9.0,50.0,0.9480000000000001,0.9356249999999999
5.0,0.22222222,9.0,80.0,0.9480000000000001,0.934375
5.0,0.22222222,9.0,128.0,0.9473684210526315,0.93625
5.0,0.22222222,11.0,2.0,0.9477894736842105,0.9356249999999999
5.0,0.22222222,11.0,3.0,0.9477894736842105,0.9356249999999999
5.0,0.22222222,11.0,5.0,0.9477894736842105,0.9356249999999999
5.0,0.22222222,11.0,8.0,0.9477894736842105,0.9356249999999999
5.0,0.22222222,11.0,12.0,0.9477894736842105,0.9356249999999999
5.0,0.22222222,11.0,20.0,0.9477894736842105,0.9356249999999999
5.0,0.22222222,11.0,32.0,0.9469473684210528,0.9337500000000001
5.0,0.22222222,11.0,50.0,0.9482105263157894,0.9356249999999999
5.0,0.22222222,11.0,80.0,0.9473684210526315,0.9331250000000001
5.0,0.22222222,11.0,128.0,0.9477894736842105,0.9349999999999999
5.0,0.22222222,13.0,2.0,0.9475789473684211,0.9349999999999999
5.0,0.22222222,13.0,3.0,0.9475789473684211,0.9349999999999999
5.0,0.22222222,13.0,5.0,0.9475789473684211,0.9349999999999999
5.0,0.22222222,13.0,8.0,0.9475789473684211,0.9349999999999999
5.0,0.22222222,13.0,12.0,0.9475789473684211,0.9349999999999999
5.0,0.22222222,13.0,20.0,0.9475789473684211,0.9349999999999999
5.0,0.22222222,13.0,32.0,0.9471578947368421,0.9356249999999999
5.0,0.22222222,13.0,50.0,0.9467368421052631,0.9349999999999999
5.0,0.22222222,13.0,80.0,0.9465263157894738,0.934375
5.0,0.22222222,13.0,128.0,0.9469473684210528,0.9356249999999999
5.0,0.22222222,15.0,2.0,0.9471578947368421,0.934375
5.0,0.22222222,15.0,3.0,0.9471578947368421,0.934375
5.0,0.22222222,15.0,5.0,0.9471578947368421,0.934375
5.0,0.22222222,15.0,8.0,0.9471578947368421,0.934375
5.0,0.22222222,15.0,12.0,0.9471578947368421,0.934375
5.0,0.22222222,15.0,20.0,0.9471578947368421,0.934375
5.0,0.22222222,15.0,32.0,0.9463157894736842,0.9356249999999999
5.0,0.22222222,15.0,50.0,0.9454736842105262,0.93625
5.0,0.22222222,15.0,80.0,0.9456842105263158,0.9349999999999999
5.0,0.22222222,15.0,128.0,0.9461052631578948,0.934375
5.0,0.22222222,17.0,2.0,0.9444210526315789,0.9349999999999999
5.0,0.22222222,17.0,3.0,0.9444210526315789,0.9349999999999999
5.0,0.22222222,17.0,5.0,0.9444210526315789,0.9349999999999999
5.0,0.22222222,17.0,8.0,0.9444210526315789,0.9349999999999999
5.0,0.22222222,17.0,12.0,0.9444210526315789,0.9349999999999999
5.0,0.22222222,17.0,20.0,0.9444210526315789,0.9349999999999999
5.0,0.22222222,17.0,32.0,0.9444210526315789,0.9349999999999999
5.0,0.22222222,17.0,50.0,0.9450526315789475,0.9349999999999999
5.0,0.22222222,17.0,80.0,0.9458947368421052,0.934375
5.0,0.22222222,17.0,128.0,0.9450526315789475,0.934375
5.0,0.22222222,20.0,2.0,0.9448421052631579,0.934375
5.0,0.22222222,20.0,3.0,0.9448421052631579,0.934375
5.0,0.22222222,20.0,5.0,0.9448421052631579,0.934375
5.0,0.22222222,20.0,8.0,0.9448421052631579,0.934375
5.0,0.22222222,20.0,12.0,0.9448421052631579,0.934375
5.0,0.22222222,20.0,20.0,0.9448421052631579,0.934375
5.0,0.22222222,20.0,32.0,0.9448421052631579,0.934375
5.0,0.22222222,20.0,50.0,0.9437894736842105,0.9337500000000001
5.0,0.22222222,20.0,80.0,0.9458947368421052,0.9349999999999999
5.0,0.22222222,20.0,128.0,0.9454736842105265,0.934375
5.0,0.33333334,1.0,2.0,0.9574736842105264,0.93875
5.0,0.33333334,1.0,3.0,0.9574736842105264,0.938125
5.0,0.33333334,1.0,5.0,0.9572631578947369,0.93875
5.0,0.33333334,1.0,8.0,0.9578947368421054,0.938125
5.0,0.33333334,1.0,12.0,0.9574736842105264,0.938125
5.0,0.33333334,1.0,20.0,0.9572631578947369,0.9393750000000001
5.0,0.33333334,1.0,32.0,0.9568421052631578,0.9400000000000001
5.0,0.33333334,1.0,50.0,0.9560000000000001,0.93875
5.0,0.33333334,1.0,80.0,0.9549473684210525,0.9375
5.0,0.33333334,1.0,128.0,0.9543157894736842,0.936875
5.0,0.33333334,3.0,2.0,0.9578947368421054,0.93875
5.0,0.33333334,3.0,3.0,0.9578947368421054,0.93875
5.0,0.33333334,3.0,5.0,0.9578947368421054,0.93875
5.0,0.33333334,3.0,8.0,0.9570526315789474,0.93875
5.0,0.33333334,3.0,12.0,0.9574736842105264,0.9393750000000001
5.0,0.33333334,3.0,20.0,0.9564210526315791,0.9393750000000001
5.0,0.33333334,3.0,32.0,0.9566315789473684,0.9412499999999999
5.0,0.33333334,3.0,50.0,0.9566315789473684,0.93875
5.0,0.33333334,3.0,80.0,0.9551578947368421,0.9375
5.0,0.33333334,3.0,128.0,0.9534736842105263,0.9375
5.0,0.33333334,5.0,2.0,0.9553684210526315,0.9393750000000001
5.0,0.33333334,5.0,3.0,0.9553684210526315,0.9393750000000001
5.0,0.33333334,5.0,5.0,0.9553684210526315,0.9393750000000001
5.0,0.33333334,5.0,8.0,0.9553684210526315,0.9393750000000001
5.0,0.33333334,5.0,12.0,0.9560000000000001,0.9393750000000001
5.0,0.33333334,5.0,20.0,0.9562105263157894,0.93875
5.0,0.33333334,5.0,32.0,0.9570526315789474,0.9393750000000001
5.0,0.33333334,5.0,50.0,0.9560000000000001,0.938125
5.0,0.33333334,5.0,80.0,0.9547368421052631,0.9375
5.0,0.33333334,5.0,128.0,0.9536842105263158,0.938125
5.0,0.33333334,7.0,2.0,0.9545263157894738,0.93875
5.0,0.33333334,7.0,3.0,0.9545263157894738,0.93875
5.0,0.33333334,7.0,5.0,0.9545263157894738,0.93875
5.0,0.33333334,7.0,8.0,0.9545263157894738,0.93875
5.0,0.33333334,7.0,12.0,0.9545263157894738,0.93875
5.0,0.33333334,7.0,20.0,0.9538947368421052,0.93875
5.0,0.33333334,7.0,32.0,0.9560000000000001,0.9412499999999999
5.0,0.33333334,7.0,50.0,0.9555789473684211,0.938125
5.0,0.33333334,7.0,80.0,0.9543157894736842,0.9375
5.0,0.33333334,7.0,128.0,0.9534736842105263,0.9393750000000001
5.0,0.33333334,9.0,2.0,0.9545263157894738,0.9393750000000001
5.0,0.33333334,9.0,3.0,0.9545263157894738,0.9393750000000001
5.0,0.33333334,9.0,5.0,0.9545263157894738,0.9393750000000001
5.0,0.33333334,9.0,8.0,0.9545263157894738,0.9393750000000001
5.0,0.33333334,9.0,12.0,0.9545263157894738,0.9393750000000001
5.0,0.33333334,9.0,20.0,0.9547368421052631,0.9375
5.0,0.33333334,9.0,32.0,0.9555789473684211,0.9400000000000001
5.0,0.33333334,9.0,50.0,0.9549473684210528,0.9375
5.0,0.33333334,9.0,80.0,0.9534736842105263,0.9375
5.0,0.33333334,9.0,128.0,0.9517894736842105,0.93875
5.0,0.33333334,11.0,2.0,0.9534736842105263,0.938125
5.0,0.33333334,11.0,3.0,0.9534736842105263,0.938125
5.0,0.33333334,11.0,5.0,0.9534736842105263,0.938125
5.0,0.33333334,11.0,8.0,0.9534736842105263,0.938125
5.0,0.33333334,11.0,12.0,0.9534736842105263,0.938125
5.0,0.33333334,11.0,20.0,0.9534736842105263,0.938125
5.0,0.33333334,11.0,32.0,0.9549473684210525,0.9393750000000001
5.0,0.33333334,11.0,50.0,0.9530526315789473,0.93875
5.0,0.33333334,11.0,80.0,0.9530526315789473,0.93625
5.0,0.33333334,11.0,128.0,0.9505263157894737,0.93875
5.0,0.33333334,13.0,2.0,0.9532631578947368,0.938125
5.0,0.33333334,13.0,3.0,0.9532631578947368,0.938125
5.0,0.33333334,13.0,5.0,0.9532631578947368,0.938125
5.0,0.33333334,13.0,8.0,0.9532631578947368,0.938125
5.0,0.33333334,13.0,12.0,0.9532631578947368,0.938125
5.0,0.33333334,13.0,20.0,0.9532631578947368,0.938125
5.0,0.33333334,13.0,32.0,0.9545263157894738,0.9393750000000001
5.0,0.33333334,13.0,50.0,0.9522105263157895,0.93875
5.0,0.33333334,13.0,80.0,0.9517894736842105,0.936875
5.0,0.33333334,13.0,128.0,0.9505263157894737,0.9375
5.0,0.33333334,15.0,2.0,0.9528421052631579,0.938125
5.0,0.33333334,15.0,3.0,0.9528421052631579,0.938125
5.0,0.33333334,15.0,5.0,0.9528421052631579,0.938125
5.0,0.33333334,15.0,8.0,0.9528421052631579,0.938125
5.0,0.33333334,15.0,12.0,0.9528421052631579,0.938125
5.0,0.33333334,15.0,20.0,0.9528421052631579,0.938125
5.0,0.33333334,15.0,32.0,0.9534736842105263,0.93875
5.0,0.33333334,15.0,50.0,0.952421052631579,0.93875
5.0,0.33333334,15.0,80.0,0.951157894736842,0.9375
5.0,0.33333334,15.0,128.0,0.9513684210526316,0.9393750000000001
5.0,0.33333334,17.0,2.0,0.9528421052631579,0.93875
5.0,0.33333334,17.0,3.0,0.9528421052631579,0.93875
5.0,0.33333334,17.0,5.0,0.9528421052631579,0.93875
5.0,0.33333334,17.0,8.0,0.9528421052631579,0.93875
5.0,0.33333334,17.0,12.0,0.9528421052631579,0.93875
5.0,0.33333334,17.0,20.0,0.9528421052631579,0.93875
5.0,0.33333334,17.0,32.0,0.9528421052631579,0.93875
5.0,0.33333334,17.0,50.0,0.9517894736842105,0.938125
5.0,0.33333334,17.0,80.0,0.951578947368421,0.9375
5.0,0.33333334,17.0,128.0,0.9507368421052632,0.9393750000000001
5.0,0.33333334,20.0,2.0,0.951578947368421,0.936875
5.0,0.33333334,20.0,3.0,0.951578947368421,0.936875
5.0,0.33333334,20.0,5.0,0.951578947368421,0.936875
5.0,0.33333334,20.0,8.0,0.951578947368421,0.936875
5.0,0.33333334,20.0,12.0,0.951578947368421,0.936875
5.0,0.33333334,20.0,20.0,0.951578947368421,0.936875
5.0,0.33333334,20.0,32.0,0.951578947368421,0.936875
5.0,0.33333334,20.0,50.0,0.9505263157894737,0.9375
5.0,0.33333334,20.0,80.0,0.9498947368421053,0.9375
5.0,0.33333334,20.0,128.0,0.9496842105263157,0.938125
5.0,0.44444445,1.0,2.0,0.9543157894736842,0.93875
5.0,0.44444445,1.0,3.0,0.9543157894736842,0.93875
5.0,0.44444445,1.0,5.0,0.9543157894736842,0.9393750000000001
5.0,0.44444445,1.0,8.0,0.9543157894736842,0.9393750000000001
5.0,0.44444445,1.0,12.0,0.9543157894736842,0.9393750000000001
5.0,0.44444445,1.0,20.0,0.9538947368421052,0.9393750000000001
5.0,0.44444445,1.0,32.0,0.9534736842105263,0.9393750000000001
5.0,0.44444445,1.0,50.0,0.9541052631578948,0.9393750000000001
5.0,0.44444445,1.0,80.0,0.9530526315789473,0.936875
5.0,0.44444445,1.0,128.0,0.9528421052631579,0.936875
5.0,0.44444445,3.0,2.0,0.9543157894736842,0.93875
5.0,0.44444445,3.0,3.0,0.9543157894736842,0.93875
5.0,0.44444445,3.0,5.0,0.9543157894736842,0.93875
5.0,0.44444445,3.0,8.0,0.9543157894736842,0.93875
5.0,0.44444445,3.0,12.0,0.9543157894736842,0.93875
5.0,0.44444445,3.0,20.0,0.9534736842105263,0.9393750000000001
5.0,0.44444445,3.0,32.0,0.9532631578947368,0.9393750000000001
5.0,0.44444445,3.0,50.0,0.9541052631578948,0.93875
5.0,0.44444445,3.0,80.0,0.9532631578947368,0.936875
5.0,0.44444445,3.0,128.0,0.9530526315789473,0.936875
5.0,0.44444445,5.0,2.0,0.9536842105263158,0.9375
5.0,0.44444445,5.0,3.0,0.9536842105263158,0.9375
5.0,0.44444445,5.0,5.0,0.9536842105263158,0.9375
5.0,0.44444445,5.0,8.0,0.9536842105263158,0.9375
5.0,0.44444445,5.0,12.0,0.9534736842105263,0.9375
5.0,0.44444445,5.0,20.0,0.9530526315789473,0.93875
5.0,0.44444445,5.0,32.0,0.9530526315789473,0.938125
5.0,0.44444445,5.0,50.0,0.9530526315789473,0.9375
5.0,0.44444445,5.0,80.0,0.9530526315789473,0.936875
5.0,0.44444445,5.0,128.0,0.9526315789473685,0.936875
5.0,0.44444445,7.0,2.0,0.9528421052631579,0.9375
5.0,0.44444445,7.0,3.0,0.9528421052631579,0.9375
5.0,0.44444445,7.0,5.0,0.9528421052631579,0.9375
5.0,0.44444445,7.0,8.0,0.9528421052631579,0.9375
5.0,0.44444445,7.0,12.0,0.9528421052631579,0.9375
5.0,0.44444445,7.0,20.0,0.9526315789473685,0.9375
5.0,0.44444445,7.0,32.0,0.952421052631579,0.936875
5.0,0.44444445,7.0,50.0,0.952421052631579,0.936875
5.0,0.44444445,7.0,80.0,0.9528421052631579,0.936875
5.0,0.44444445,7.0,128.0,0.9522105263157895,0.936875
5.0,0.44444445,9.0,2.0,0.952421052631579,0.9375
5.0,0.44444445,9.0,3.0,0.952421052631579,0.9375
5.0,0.44444445,9.0,5.0,0.952421052631579,0.9375
5.0,0.44444445,9.0,8.0,0.952421052631579,0.9375
5.0,0.44444445,9.0,12.0,0.952421052631579,0.9375
5.0,0.44444445,9.0,20.0,0.952421052631579,0.9375
5.0,0.44444445,9.0,32.0,0.952421052631579,0.936875
5.0,0.44444445,9.0,50.0,0.952421052631579,0.936875
5.0,0.44444445,9.0,80.0,0.952421052631579,0.936875
5.0,0.44444445,9.0,128.0,0.9522105263157895,0.9375
5.0,0.44444445,11.0,2.0,0.952421052631579,0.9375
5.0,0.44444445,11.0,3.0,0.952421052631579,0.9375
5.0,0.44444445,11.0,5.0,0.952421052631579,0.9375
5.0,0.44444445,11.0,8.0,0.952421052631579,0.9375
5.0,0.44444445,11.0,12.0,0.952421052631579,0.9375
5.0,0.44444445,11.0,20.0,0.952421052631579,0.9375
5.0,0.44444445,11.0,32.0,0.952421052631579,0.936875
5.0,0.44444445,11.0,50.0,0.952421052631579,0.936875
5.0,0.44444445,11.0,80.0,0.952421052631579,0.9375
5.0,0.44444445,11.0,128.0,0.9517894736842105,0.9375
5.0,0.44444445,13.0,2.0,0.952421052631579,0.936875
5.0,0.44444445,13.0,3.0,0.952421052631579,0.936875
5.0,0.44444445,13.0,5.0,0.952421052631579,0.936875
5.0,0.44444445,13.0,8.0,0.952421052631579,0.936875
5.0,0.44444445,13.0,12.0,0.952421052631579,0.936875
5.0,0.44444445,13.0,20.0,0.952421052631579,0.936875
5.0,0.44444445,13.0,32.0,0.9522105263157895,0.936875
5.0,0.44444445,13.0,50.0,0.9517894736842105,0.936875
5.0,0.44444445,13.0,80.0,0.952,0.936875
5.0,0.44444445,13.0,128.0,0.951578947368421,0.9375
5.0,0.44444445,15.0,2.0,0.9513684210526316,0.936875
5.0,0.44444445,15.0,3.0,0.9513684210526316,0.936875
5.0,0.44444445,15.0,5.0,0.9513684210526316,0.936875
5.0,0.44444445,15.0,8.0,0.9513684210526316,0.936875
5.0,0.44444445,15.0,12.0,0.9513684210526316,0.936875
5.0,0.44444445,15.0,20.0,0.9513684210526316,0.936875
5.0,0.44444445,15.0,32.0,0.9507368421052632,0.9375
5.0,0.44444445,15.0,50.0,0.9509473684210527,0.936875
5.0,0.44444445,15.0,80.0,0.9513684210526316,0.9375
5.0,0.44444445,15.0,128.0,0.9509473684210527,0.9375
5.0,0.44444445,17.0,2.0,0.9507368421052632,0.936875
5.0,0.44444445,17.0,3.0,0.9507368421052632,0.936875
5.0,0.44444445,17.0,5.0,0.9507368421052632,0.936875
5.0,0.44444445,17.0,8.0,0.9507368421052632,0.936875
5.0,0.44444445,17.0,12.0,0.9507368421052632,0.936875
5.0,0.44444445,17.0,20.0,0.9507368421052632,0.936875
5.0,0.44444445,17.0,32.0,0.9507368421052632,0.936875
5.0,0.44444445,17.0,50.0,0.9507368421052632,0.9375
5.0,0.44444445,17.0,80.0,0.9513684210526316,0.9375
5.0,0.44444445,17.0,128.0,0.951157894736842,0.9375
5.0,0.44444445,20.0,2.0,0.9496842105263157,0.936875
5.0,0.44444445,20.0,3.0,0.9496842105263157,0.936875
5.0,0.44444445,20.0,5.0,0.9496842105263157,0.936875
5.0,0.44444445,20.0,8.0,0.9496842105263157,0.936875
5.0,0.44444445,20.0,12.0,0.9496842105263157,0.936875
5.0,0.44444445,20.0,20.0,0.9496842105263157,0.936875
5.0,0.44444445,20.0,32.0,0.9496842105263157,0.936875
5.0,0.44444445,20.0,50.0,0.9501052631578947,0.936875
5.0,0.44444445,20.0,80.0,0.9507368421052632,0.938125
5.0,0.44444445,20.0,128.0,0.9503157894736842,0.9375
5.0,0.5555556,1.0,2.0,0.9515789473684212,0.9375
5.0,0.5555556,1.0,3.0,0.9515789473684212,0.9375
5.0,0.5555556,1.0,5.0,0.9515789473684212,0.9375
5.0,0.5555556,1.0,8.0,0.9515789473684212,0.9375
5.0,0.5555556,1.0,12.0,0.9515789473684212,0.938125
5.0,0.5555556,1.0,20.0,0.9515789473684212,0.9375
5.0,0.5555556,1.0,32.0,0.9515789473684212,0.938125
5.0,0.5555556,1.0,50.0,0.9515789473684212,0.938125
5.0,0.5555556,1.0,80.0,0.9515789473684212,0.9375
5.0,0.5555556,1.0,128.0,0.952,0.9375
5.0,0.5555556,3.0,2.0,0.9515789473684212,0.9375
5.0,0.5555556,3.0,3.0,0.9515789473684212,0.9375
5.0,0.5555556,3.0,5.0,0.9515789473684212,0.9375
5.0,0.5555556,3.0,8.0,0.9515789473684212,0.9375
5.0,0.5555556,3.0,12.0,0.9515789473684212,0.938125
5.0,0.5555556,3.0,20.0,0.9515789473684212,0.9375
5.0,0.5555556,3.0,32.0,0.9515789473684212,0.9375
5.0,0.5555556,3.0,50.0,0.9517894736842105,0.938125
5.0,0.5555556,3.0,80.0,0.9515789473684212,0.9375
5.0,0.5555556,3.0,128.0,0.952,0.9375
5.0,0.5555556,5.0,2.0,0.9511578947368422,0.938125
5.0,0.5555556,5.0,3.0,0.9511578947368422,0.938125
5.0,0.5555556,5.0,5.0,0.9511578947368422,0.938125
5.0,0.5555556,5.0,8.0,0.9511578947368422,0.938125
5.0,0.5555556,5.0,12.0,0.9511578947368422,0.938125
5.0,0.5555556,5.0,20.0,0.9511578947368422,0.938125
5.0,0.5555556,5.0,32.0,0.9511578947368422,0.9375
5.0,0.5555556,5.0,50.0,0.9515789473684212,0.9375
5.0,0.5555556,5.0,80.0,0.9511578947368422,0.9375
5.0,0.5555556,5.0,128.0,0.9513684210526316,0.9375
5.0,0.5555556,7.0,2.0,0.9511578947368422,0.9375
5.0,0.5555556,7.0,3.0,0.9511578947368422,0.9375
5.0,0.5555556,7.0,5.0,0.9511578947368422,0.9375
5.0,0.5555556,7.0,8.0,0.9511578947368422,0.9375
5.0,0.5555556,7.0,12.0,0.9511578947368422,0.9375
5.0,0.5555556,7.0,20.0,0.9511578947368422,0.9375
5.0,0.5555556,7.0,32.0,0.9511578947368422,0.9375
5.0,0.5555556,7.0,50.0,0.9511578947368422,0.938125
5.0,0.5555556,7.0,80.0,0.9511578947368422,0.9375
5.0,0.5555556,7.0,128.0,0.9511578947368422,0.9375
5.0,0.5555556,9.0,2.0,0.9511578947368422,0.9375
5.0,0.5555556,9.0,3.0,0.9511578947368422,0.9375
5.0,0.5555556,9.0,5.0,0.9511578947368422,0.9375
5.0,0.5555556,9.0,8.0,0.9511578947368422,0.9375
5.0,0.5555556,9.0,12.0,0.9511578947368422,0.9375
5.0,0.5555556,9.0,20.0,0.9511578947368422,0.9375
5.0,0.5555556,9.0,32.0,0.9509473684210527,0.93875
5.0,0.5555556,9.0,50.0,0.9511578947368422,0.938125
5.0,0.5555556,9.0,80.0,0.9511578947368422,0.9375
5.0,0.5555556,9.0,128.0,0.9511578947368422,0.9375
5.0,0.5555556,11.0,2.0,0.9505263157894737,0.9375
5.0,0.5555556,11.0,3.0,0.9505263157894737,0.9375
5.0,0.5555556,11.0,5.0,0.9505263157894737,0.9375
5.0,0.5555556,11.0,8.0,0.9505263157894737,0.9375
5.0,0.5555556,11.0,12.0,0.9505263157894737,0.9375
5.0,0.5555556,11.0,20.0,0.9505263157894737,0.9375
5.0,0.5555556,11.0,32.0,0.9503157894736842,0.9375
5.0,0.5555556,11.0,50.0,0.9511578947368422,0.938125
5.0,0.5555556,11.0,80.0,0.9503157894736842,0.938125
5.0,0.5555556,11.0,128.0,0.9503157894736842,0.9375
5.0,0.5555556,13.0,2.0,0.9501052631578947,0.9375
5.0,0.5555556,13.0,3.0,0.9501052631578947,0.9375
5.0,0.5555556,13.0,5.0,0.9501052631578947,0.9375
5.0,0.5555556,13.0,8.0,0.9501052631578947,0.9375
5.0,0.5555556,13.0,12.0,0.9501052631578947,0.9375
5.0,0.5555556,13.0,20.0,0.9501052631578947,0.9375
5.0,0.5555556,13.0,32.0,0.9501052631578947,0.9375
5.0,0.5555556,13.0,50.0,0.9503157894736842,0.9375
5.0,0.5555556,13.0,80.0,0.9498947368421053,0.9375
5.0,0.5555556,13.0,128.0,0.9498947368421053,0.9375
5.0,0.5555556,15.0,2.0,0.9503157894736842,0.9375
5.0,0.5555556,15.0,3.0,0.9503157894736842,0.9375
5.0,0.5555556,15.0,5.0,0.9503157894736842,0.9375
5.0,0.5555556,15.0,8.0,0.9503157894736842,0.9375
5.0,0.5555556,15.0,12.0,0.9503157894736842,0.9375
5.0,0.5555556,15.0,20.0,0.9503157894736842,0.9375
5.0,0.5555556,15.0,32.0,0.9501052631578947,0.9375
5.0,0.5555556,15.0,50.0,0.9498947368421053,0.9375
5.0,0.5555556,15.0,80.0,0.9494736842105264,0.9375
5.0,0.5555556,15.0,128.0,0.9498947368421053,0.9375
5.0,0.5555556,17.0,2.0,0.9496842105263159,0.9375
5.0,0.5555556,17.0,3.0,0.9496842105263159,0.9375
5.0,0.5555556,17.0,5.0,0.9496842105263159,0.9375
5.0,0.5555556,17.0,8.0,0.9496842105263159,0.9375
5.0,0.5555556,17.0,12.0,0.9496842105263159,0.9375
5.0,0.5555556,17.0,20.0,0.9496842105263159,0.9375
5.0,0.5555556,17.0,32.0,0.9496842105263159,0.9375
5.0,0.5555556,17.0,50.0,0.9498947368421053,0.9375
5.0,0.5555556,17.0,80.0,0.9494736842105264,0.9375
5.0,0.5555556,17.0,128.0,0.9496842105263159,0.9375
5.0,0.5555556,20.0,2.0,0.9494736842105264,0.9375
5.0,0.5555556,20.0,3.0,0.9494736842105264,0.9375
5.0,0.5555556,20.0,5.0,0.9494736842105264,0.9375
5.0,0.5555556,20.0,8.0,0.9494736842105264,0.9375
5.0,0.5555556,20.0,12.0,0.9494736842105264,0.9375
5.0,0.5555556,20.0,20.0,0.9494736842105264,0.9375
5.0,0.5555556,20.0,32.0,0.9494736842105264,0.9375
5.0,0.5555556,20.0,50.0,0.9496842105263159,0.9375
5.0,0.5555556,20.0,80.0,0.9494736842105264,0.9375
5.0,0.5555556,20.0,128.0,0.9498947368421053,0.9375
5.0,0.6666667,1.0,2.0,0.9494736842105264,0.9375
5.0,0.6666667,1.0,3.0,0.9494736842105264,0.9375
5.0,0.6666667,1.0,5.0,0.9494736842105264,0.9375
5.0,0.6666667,1.0,8.0,0.9494736842105264,0.9375
5.0,0.6666667,1.0,12.0,0.9494736842105264,0.9375
5.0,0.6666667,1.0,20.0,0.9494736842105264,0.9375
5.0,0.6666667,1.0,32.0,0.9494736842105264,0.9375
5.0,0.6666667,1.0,50.0,0.9494736842105264,0.9375
5.0,0.6666667,1.0,80.0,0.9494736842105264,0.9375
5.0,0.6666667,1.0,128.0,0.9494736842105264,0.9375
5.0,0.6666667,3.0,2.0,0.9494736842105264,0.9375
5.0,0.6666667,3.0,3.0,0.9494736842105264,0.9375
5.0,0.6666667,3.0,5.0,0.9494736842105264,0.9375
5.0,0.6666667,3.0,8.0,0.9494736842105264,0.9375
5.0,0.6666667,3.0,12.0,0.9494736842105264,0.9375
5.0,0.6666667,3.0,20.0,0.9494736842105264,0.9375
5.0,0.6666667,3.0,32.0,0.9494736842105264,0.9375
5.0,0.6666667,3.0,50.0,0.9494736842105264,0.9375
5.0,0.6666667,3.0,80.0,0.9494736842105264,0.9375
5.0,0.6666667,3.0,128.0,0.9494736842105264,0.9375
5.0,0.6666667,5.0,2.0,0.9494736842105264,0.9375
5.0,0.6666667,5.0,3.0,0.9494736842105264,0.9375
5.0,0.6666667,5.0,5.0,0.9494736842105264,0.9375
5.0,0.6666667,5.0,8.0,0.9494736842105264,0.9375
5.0,0.6666667,5.0,12.0,0.9494736842105264,0.9375
5.0,0.6666667,5.0,20.0,0.9494736842105264,0.9375
5.0,0.6666667,5.0,32.0,0.9494736842105264,0.9375
5.0,0.6666667,5.0,50.0,0.9494736842105264,0.9375
5.0,0.6666667,5.0,80.0,0.9494736842105264,0.9375
5.0,0.6666667,5.0,128.0,0.9494736842105264,0.9375
5.0,0.6666667,7.0,2.0,0.9494736842105264,0.9375
5.0,0.6666667,7.0,3.0,0.9494736842105264,0.9375
5.0,0.6666667,7.0,5.0,0.9494736842105264,0.9375
5.0,0.6666667,7.0,8.0,0.9494736842105264,0.9375
5.0,0.6666667,7.0,12.0,0.9494736842105264,0.9375
5.0,0.6666667,7.0,20.0,0.9494736842105264,0.9375
5.0,0.6666667,7.0,32.0,0.9494736842105264,0.9375
5.0,0.6666667,7.0,50.0,0.9494736842105264,0.9375
5.0,0.6666667,7.0,80.0,0.9494736842105264,0.9375
5.0,0.6666667,7.0,128.0,0.9494736842105264,0.9375
5.0,0.6666667,9.0,2.0,0.9494736842105264,0.9375
5.0,0.6666667,9.0,3.0,0.9494736842105264,0.9375
5.0,0.6666667,9.0,5.0,0.9494736842105264,0.9375
5.0,0.6666667,9.0,8.0,0.9494736842105264,0.9375
5.0,0.6666667,9.0,12.0,0.9494736842105264,0.9375
5.0,0.6666667,9.0,20.0,0.9494736842105264,0.9375
5.0,0.6666667,9.0,32.0,0.9494736842105264,0.9375
5.0,0.6666667,9.0,50.0,0.9494736842105264,0.9375
5.0,0.6666667,9.0,80.0,0.9494736842105264,0.9375
5.0,0.6666667,9.0,128.0,0.9494736842105264,0.9375
5.0,0.6666667,11.0,2.0,0.9494736842105264,0.9375
5.0,0.6666667,11.0,3.0,0.9494736842105264,0.9375
5.0,0.6666667,11.0,5.0,0.9494736842105264,0.9375
5.0,0.6666667,11.0,8.0,0.9494736842105264,0.9375
5.0,0.6666667,11.0,12.0,0.9494736842105264,0.9375
5.0,0.6666667,11.0,20.0,0.9494736842105264,0.9375
5.0,0.6666667,11.0,32.0,0.9494736842105264,0.9375
5.0,0.6666667,11.0,50.0,0.9494736842105264,0.9375
5.0,0.6666667,11.0,80.0,0.9494736842105264,0.9375
5.0,0.6666667,11.0,128.0,0.9494736842105264,0.9375
5.0,0.6666667,13.0,2.0,0.9494736842105264,0.9375
5.0,0.6666667,13.0,3.0,0.9494736842105264,0.9375
5.0,0.6666667,13.0,5.0,0.9494736842105264,0.9375
5.0,0.6666667,13.0,8.0,0.9494736842105264,0.9375
5.0,0.6666667,13.0,12.0,0.9494736842105264,0.9375
5.0,0.6666667,13.0,20.0,0.9494736842105264,0.9375
5.0,0.6666667,13.0,32.0,0.9494736842105264,0.9375
5.0,0.6666667,13.0,50.0,0.9494736842105264,0.9375
5.0,0.6666667,13.0,80.0,0.9494736842105264,0.9375
5.0,0.6666667,13.0,128.0,0.9494736842105264,0.9375
5.0,0.6666667,15.0,2.0,0.9494736842105264,0.9375
5.0,0.6666667,15.0,3.0,0.9494736842105264,0.9375
5.0,0.6666667,15.0,5.0,0.9494736842105264,0.9375
5.0,0.6666667,15.0,8.0,0.9494736842105264,0.9375
5.0,0.6666667,15.0,12.0,0.9494736842105264,0.9375
5.0,0.6666667,15.0,20.0,0.9494736842105264,0.9375
5.0,0.6666667,15.0,32.0,0.9494736842105264,0.9375
5.0,0.6666667,15.0,50.0,0.9494736842105264,0.9375
5.0,0.6666667,15.0,80.0,0.9494736842105264,0.9375
5.0,0.6666667,15.0,128.0,0.9494736842105264,0.9375
5.0,0.6666667,17.0,2.0,0.9494736842105264,0.9375
5.0,0.6666667,17.0,3.0,0.9494736842105264,0.9375
5.0,0.6666667,17.0,5.0,0.9494736842105264,0.9375
5.0,0.6666667,17.0,8.0,0.9494736842105264,0.9375
5.0,0.6666667,17.0,12.0,0.9494736842105264,0.9375
5.0,0.6666667,17.0,20.0,0.9494736842105264,0.9375
5.0,0.6666667,17.0,32.0,0.9494736842105264,0.9375
5.0,0.6666667,17.0,50.0,0.9494736842105264,0.9375
5.0,0.6666667,17.0,80.0,0.9494736842105264,0.9375
5.0,0.6666667,17.0,128.0,0.9494736842105264,0.9375
5.0,0.6666667,20.0,2.0,0.9494736842105264,0.9375
5.0,0.6666667,20.0,3.0,0.9494736842105264,0.9375
5.0,0.6666667,20.0,5.0,0.9494736842105264,0.9375
5.0,0.6666667,20.0,8.0,0.9494736842105264,0.9375
5.0,0.6666667,20.0,12.0,0.9494736842105264,0.9375
5.0,0.6666667,20.0,20.0,0.9494736842105264,0.9375
5.0,0.6666667,20.0,32.0,0.9494736842105264,0.9375
5.0,0.6666667,20.0,50.0,0.9494736842105264,0.9375
5.0,0.6666667,20.0,80.0,0.9494736842105264,0.9375
5.0,0.6666667,20.0,128.0,0.9494736842105264,0.9375
5.0,0.7777778,1.0,2.0,0.9494736842105264,0.9375
5.0,0.7777778,1.0,3.0,0.9494736842105264,0.9375
5.0,0.7777778,1.0,5.0,0.9494736842105264,0.9375
5.0,0.7777778,1.0,8.0,0.9494736842105264,0.9375
5.0,0.7777778,1.0,12.0,0.9494736842105264,0.9375
5.0,0.7777778,1.0,20.0,0.9494736842105264,0.9375
5.0,0.7777778,1.0,32.0,0.9494736842105264,0.9375
5.0,0.7777778,1.0,50.0,0.9494736842105264,0.9375
5.0,0.7777778,1.0,80.0,0.9494736842105264,0.9375
5.0,0.7777778,1.0,128.0,0.9494736842105264,0.9375
5.0,0.7777778,3.0,2.0,0.9494736842105264,0.9375
5.0,0.7777778,3.0,3.0,0.9494736842105264,0.9375
5.0,0.7777778,3.0,5.0,0.9494736842105264,0.9375
5.0,0.7777778,3.0,8.0,0.9494736842105264,0.9375
5.0,0.7777778,3.0,12.0,0.9494736842105264,0.9375
5.0,0.7777778,3.0,20.0,0.9494736842105264,0.9375
5.0,0.7777778,3.0,32.0,0.9494736842105264,0.9375
5.0,0.7777778,3.0,50.0,0.9494736842105264,0.9375
5.0,0.7777778,3.0,80.0,0.9494736842105264,0.9375
5.0,0.7777778,3.0,128.0,0.9494736842105264,0.9375
5.0,0.7777778,5.0,2.0,0.9494736842105264,0.9375
5.0,0.7777778,5.0,3.0,0.9494736842105264,0.9375
5.0,0.7777778,5.0,5.0,0.9494736842105264,0.9375
5.0,0.7777778,5.0,8.0,0.9494736842105264,0.9375
5.0,0.7777778,5.0,12.0,0.9494736842105264,0.9375
5.0,0.7777778,5.0,20.0,0.9494736842105264,0.9375
5.0,0.7777778,5.0,32.0,0.9494736842105264,0.9375
5.0,0.7777778,5.0,50.0,0.9494736842105264,0.9375
5.0,0.7777778,5.0,80.0,0.9494736842105264,0.9375
5.0,0.7777778,5.0,128.0,0.9494736842105264,0.9375
5.0,0.7777778,7.0,2.0,0.9494736842105264,0.9375
5.0,0.7777778,7.0,3.0,0.9494736842105264,0.9375
5.0,0.7777778,7.0,5.0,0.9494736842105264,0.9375
5.0,0.7777778,7.0,8.0,0.9494736842105264,0.9375
5.0,0.7777778,7.0,12.0,0.9494736842105264,0.9375
5.0,0.7777778,7.0,20.0,0.9494736842105264,0.9375
5.0,0.7777778,7.0,32.0,0.9494736842105264,0.9375
5.0,0.7777778,7.0,50.0,0.9494736842105264,0.9375
5.0,0.7777778,7.0,80.0,0.9494736842105264,0.9375
5.0,0.7777778,7.0,128.0,0.9494736842105264,0.9375
5.0,0.7777778,9.0,2.0,0.9494736842105264,0.9375
5.0,0.7777778,9.0,3.0,0.9494736842105264,0.9375
5.0,0.7777778,9.0,5.0,0.9494736842105264,0.9375
5.0,0.7777778,9.0,8.0,0.9494736842105264,0.9375
5.0,0.7777778,9.0,12.0,0.9494736842105264,0.9375
5.0,0.7777778,9.0,20.0,0.9494736842105264,0.9375
5.0,0.7777778,9.0,32.0,0.9494736842105264,0.9375
5.0,0.7777778,9.0,50.0,0.9494736842105264,0.9375
5.0,0.7777778,9.0,80.0,0.9494736842105264,0.9375
5.0,0.7777778,9.0,128.0,0.9494736842105264,0.9375
5.0,0.7777778,11.0,2.0,0.9494736842105264,0.9375
5.0,0.7777778,11.0,3.0,0.9494736842105264,0.9375
5.0,0.7777778,11.0,5.0,0.9494736842105264,0.9375
5.0,0.7777778,11.0,8.0,0.9494736842105264,0.9375
5.0,0.7777778,11.0,12.0,0.9494736842105264,0.9375
5.0,0.7777778,11.0,20.0,0.9494736842105264,0.9375
5.0,0.7777778,11.0,32.0,0.9494736842105264,0.9375
5.0,0.7777778,11.0,50.0,0.9494736842105264,0.9375
5.0,0.7777778,11.0,80.0,0.9494736842105264,0.9375
5.0,0.7777778,11.0,128.0,0.9494736842105264,0.9375
5.0,0.7777778,13.0,2.0,0.9494736842105264,0.9375
5.0,0.7777778,13.0,3.0,0.9494736842105264,0.9375
5.0,0.7777778,13.0,5.0,0.9494736842105264,0.9375
5.0,0.7777778,13.0,8.0,0.9494736842105264,0.9375
5.0,0.7777778,13.0,12.0,0.9494736842105264,0.9375
5.0,0.7777778,13.0,20.0,0.9494736842105264,0.9375
5.0,0.7777778,13.0,32.0,0.9494736842105264,0.9375
5.0,0.7777778,13.0,50.0,0.9494736842105264,0.9375
5.0,0.7777778,13.0,80.0,0.9494736842105264,0.9375
5.0,0.7777778,13.0,128.0,0.9494736842105264,0.9375
5.0,0.7777778,15.0,2.0,0.9494736842105264,0.9375
5.0,0.7777778,15.0,3.0,0.9494736842105264,0.9375
5.0,0.7777778,15.0,5.0,0.9494736842105264,0.9375
5.0,0.7777778,15.0,8.0,0.9494736842105264,0.9375
5.0,0.7777778,15.0,12.0,0.9494736842105264,0.9375
5.0,0.7777778,15.0,20.0,0.9494736842105264,0.9375
5.0,0.7777778,15.0,32.0,0.9494736842105264,0.9375
5.0,0.7777778,15.0,50.0,0.9494736842105264,0.9375
5.0,0.7777778,15.0,80.0,0.9494736842105264,0.9375
5.0,0.7777778,15.0,128.0,0.9494736842105264,0.9375
5.0,0.7777778,17.0,2.0,0.9494736842105264,0.9375
5.0,0.7777778,17.0,3.0,0.9494736842105264,0.9375
5.0,0.7777778,17.0,5.0,0.9494736842105264,0.9375
5.0,0.7777778,17.0,8.0,0.9494736842105264,0.9375
5.0,0.7777778,17.0,12.0,0.9494736842105264,0.9375
5.0,0.7777778,17.0,20.0,0.9494736842105264,0.9375
5.0,0.7777778,17.0,32.0,0.9494736842105264,0.9375
5.0,0.7777778,17.0,50.0,0.9494736842105264,0.9375
5.0,0.7777778,17.0,80.0,0.9494736842105264,0.9375
5.0,0.7777778,17.0,128.0,0.9494736842105264,0.9375
5.0,0.7777778,20.0,2.0,0.9494736842105264,0.9375
5.0,0.7777778,20.0,3.0,0.9494736842105264,0.9375
5.0,0.7777778,20.0,5.0,0.9494736842105264,0.9375
5.0,0.7777778,20.0,8.0,0.9494736842105264,0.9375
5.0,0.7777778,20.0,12.0,0.9494736842105264,0.9375
5.0,0.7777778,20.0,20.0,0.9494736842105264,0.9375
5.0,0.7777778,20.0,32.0,0.9494736842105264,0.9375
5.0,0.7777778,20.0,50.0,0.9494736842105264,0.9375
5.0,0.7777778,20.0,80.0,0.9494736842105264,0.9375
5.0,0.7777778,20.0,128.0,0.9494736842105264,0.9375
5.0,0.8888889,1.0,2.0,0.9494736842105264,0.9375
5.0,0.8888889,1.0,3.0,0.9494736842105264,0.9375
5.0,0.8888889,1.0,5.0,0.9494736842105264,0.9375
5.0,0.8888889,1.0,8.0,0.9494736842105264,0.9375
5.0,0.8888889,1.0,12.0,0.9494736842105264,0.9375
5.0,0.8888889,1.0,20.0,0.9494736842105264,0.9375
5.0,0.8888889,1.0,32.0,0.9494736842105264,0.9375
5.0,0.8888889,1.0,50.0,0.9494736842105264,0.9375
5.0,0.8888889,1.0,80.0,0.9494736842105264,0.9375
5.0,0.8888889,1.0,128.0,0.9494736842105264,0.9375
5.0,0.8888889,3.0,2.0,0.9494736842105264,0.9375
5.0,0.8888889,3.0,3.0,0.9494736842105264,0.9375
5.0,0.8888889,3.0,5.0,0.9494736842105264,0.9375
5.0,0.8888889,3.0,8.0,0.9494736842105264,0.9375
5.0,0.8888889,3.0,12.0,0.9494736842105264,0.9375
5.0,0.8888889,3.0,20.0,0.9494736842105264,0.9375
5.0,0.8888889,3.0,32.0,0.9494736842105264,0.9375
5.0,0.8888889,3.0,50.0,0.9494736842105264,0.9375
5.0,0.8888889,3.0,80.0,0.9494736842105264,0.9375
5.0,0.8888889,3.0,128.0,0.9494736842105264,0.9375
5.0,0.8888889,5.0,2.0,0.9494736842105264,0.9375
5.0,0.8888889,5.0,3.0,0.9494736842105264,0.9375
5.0,0.8888889,5.0,5.0,0.9494736842105264,0.9375
5.0,0.8888889,5.0,8.0,0.9494736842105264,0.9375
5.0,0.8888889,5.0,12.0,0.9494736842105264,0.9375
5.0,0.8888889,5.0,20.0,0.9494736842105264,0.9375
5.0,0.8888889,5.0,32.0,0.9494736842105264,0.9375
5.0,0.8888889,5.0,50.0,0.9494736842105264,0.9375
5.0,0.8888889,5.0,80.0,0.9494736842105264,0.9375
5.0,0.8888889,5.0,128.0,0.9494736842105264,0.9375
5.0,0.8888889,7.0,2.0,0.9494736842105264,0.9375
5.0,0.8888889,7.0,3.0,0.9494736842105264,0.9375
5.0,0.8888889,7.0,5.0,0.9494736842105264,0.9375
5.0,0.8888889,7.0,8.0,0.9494736842105264,0.9375
5.0,0.8888889,7.0,12.0,0.9494736842105264,0.9375
5.0,0.8888889,7.0,20.0,0.9494736842105264,0.9375
5.0,0.8888889,7.0,32.0,0.9494736842105264,0.9375
5.0,0.8888889,7.0,50.0,0.9494736842105264,0.9375
5.0,0.8888889,7.0,80.0,0.9494736842105264,0.9375
5.0,0.8888889,7.0,128.0,0.9494736842105264,0.9375
5.0,0.8888889,9.0,2.0,0.9494736842105264,0.9375
5.0,0.8888889,9.0,3.0,0.9494736842105264,0.9375
5.0,0.8888889,9.0,5.0,0.9494736842105264,0.9375
5.0,0.8888889,9.0,8.0,0.9494736842105264,0.9375
5.0,0.8888889,9.0,12.0,0.9494736842105264,0.9375
5.0,0.8888889,9.0,20.0,0.9494736842105264,0.9375
5.0,0.8888889,9.0,32.0,0.9494736842105264,0.9375
5.0,0.8888889,9.0,50.0,0.9494736842105264,0.9375
5.0,0.8888889,9.0,80.0,0.9494736842105264,0.9375
5.0,0.8888889,9.0,128.0,0.9494736842105264,0.9375
5.0,0.8888889,11.0,2.0,0.9494736842105264,0.9375
5.0,0.8888889,11.0,3.0,0.9494736842105264,0.9375
5.0,0.8888889,11.0,5.0,0.9494736842105264,0.9375
5.0,0.8888889,11.0,8.0,0.9494736842105264,0.9375
5.0,0.8888889,11.0,12.0,0.9494736842105264,0.9375
5.0,0.8888889,11.0,20.0,0.9494736842105264,0.9375
5.0,0.8888889,11.0,32.0,0.9494736842105264,0.9375
5.0,0.8888889,11.0,50.0,0.9494736842105264,0.9375
5.0,0.8888889,11.0,80.0,0.9494736842105264,0.9375
5.0,0.8888889,11.0,128.0,0.9494736842105264,0.9375
5.0,0.8888889,13.0,2.0,0.9494736842105264,0.9375
5.0,0.8888889,13.0,3.0,0.9494736842105264,0.9375
5.0,0.8888889,13.0,5.0,0.9494736842105264,0.9375
5.0,0.8888889,13.0,8.0,0.9494736842105264,0.9375
5.0,0.8888889,13.0,12.0,0.9494736842105264,0.9375
5.0,0.8888889,13.0,20.0,0.9494736842105264,0.9375
5.0,0.8888889,13.0,32.0,0.9494736842105264,0.9375
5.0,0.8888889,13.0,50.0,0.9494736842105264,0.9375
5.0,0.8888889,13.0,80.0,0.9494736842105264,0.9375
5.0,0.8888889,13.0,128.0,0.9494736842105264,0.9375
5.0,0.8888889,15.0,2.0,0.9494736842105264,0.9375
5.0,0.8888889,15.0,3.0,0.9494736842105264,0.9375
5.0,0.8888889,15.0,5.0,0.9494736842105264,0.9375
5.0,0.8888889,15.0,8.0,0.9494736842105264,0.9375
5.0,0.8888889,15.0,12.0,0.9494736842105264,0.9375
5.0,0.8888889,15.0,20.0,0.9494736842105264,0.9375
5.0,0.8888889,15.0,32.0,0.9494736842105264,0.9375
5.0,0.8888889,15.0,50.0,0.9494736842105264,0.9375
5.0,0.8888889,15.0,80.0,0.9494736842105264,0.9375
5.0,0.8888889,15.0,128.0,0.9494736842105264,0.9375
5.0,0.8888889,17.0,2.0,0.9494736842105264,0.9375
5.0,0.8888889,17.0,3.0,0.9494736842105264,0.9375
5.0,0.8888889,17.0,5.0,0.9494736842105264,0.9375
5.0,0.8888889,17.0,8.0,0.9494736842105264,0.9375
5.0,0.8888889,17.0,12.0,0.9494736842105264,0.9375
5.0,0.8888889,17.0,20.0,0.9494736842105264,0.9375
5.0,0.8888889,17.0,32.0,0.9494736842105264,0.9375
5.0,0.8888889,17.0,50.0,0.9494736842105264,0.9375
5.0,0.8888889,17.0,80.0,0.9494736842105264,0.9375
5.0,0.8888889,17.0,128.0,0.9494736842105264,0.9375
5.0,0.8888889,20.0,2.0,0.9494736842105264,0.9375
5.0,0.8888889,20.0,3.0,0.9494736842105264,0.9375
5.0,0.8888889,20.0,5.0,0.9494736842105264,0.9375
5.0,0.8888889,20.0,8.0,0.9494736842105264,0.9375
5.0,0.8888889,20.0,12.0,0.9494736842105264,0.9375
5.0,0.8888889,20.0,20.0,0.9494736842105264,0.9375
5.0,0.8888889,20.0,32.0,0.9494736842105264,0.9375
5.0,0.8888889,20.0,50.0,0.9494736842105264,0.9375
5.0,0.8888889,20.0,80.0,0.9494736842105264,0.9375
5.0,0.8888889,20.0,128.0,0.9494736842105264,0.9375
5.0,1.0,1.0,2.0,0.9494736842105264,0.9375
5.0,1.0,1.0,3.0,0.9494736842105264,0.9375
5.0,1.0,1.0,5.0,0.9494736842105264,0.9375
5.0,1.0,1.0,8.0,0.9494736842105264,0.9375
5.0,1.0,1.0,12.0,0.9494736842105264,0.9375
5.0,1.0,1.0,20.0,0.9494736842105264,0.9375
5.0,1.0,1.0,32.0,0.9494736842105264,0.9375
5.0,1.0,1.0,50.0,0.9494736842105264,0.9375
5.0,1.0,1.0,80.0,0.9494736842105264,0.9375
5.0,1.0,1.0,128.0,0.9494736842105264,0.9375
5.0,1.0,3.0,2.0,0.9494736842105264,0.9375
5.0,1.0,3.0,3.0,0.9494736842105264,0.9375
5.0,1.0,3.0,5.0,0.9494736842105264,0.9375
5.0,1.0,3.0,8.0,0.9494736842105264,0.9375
5.0,1.0,3.0,12.0,0.9494736842105264,0.9375
5.0,1.0,3.0,20.0,0.9494736842105264,0.9375
5.0,1.0,3.0,32.0,0.9494736842105264,0.9375
5.0,1.0,3.0,50.0,0.9494736842105264,0.9375
5.0,1.0,3.0,80.0,0.9494736842105264,0.9375
5.0,1.0,3.0,128.0,0.9494736842105264,0.9375
5.0,1.0,5.0,2.0,0.9494736842105264,0.9375
5.0,1.0,5.0,3.0,0.9494736842105264,0.9375
5.0,1.0,5.0,5.0,0.9494736842105264,0.9375
5.0,1.0,5.0,8.0,0.9494736842105264,0.9375
5.0,1.0,5.0,12.0,0.9494736842105264,0.9375
5.0,1.0,5.0,20.0,0.9494736842105264,0.9375
5.0,1.0,5.0,32.0,0.9494736842105264,0.9375
5.0,1.0,5.0,50.0,0.9494736842105264,0.9375
5.0,1.0,5.0,80.0,0.9494736842105264,0.9375
5.0,1.0,5.0,128.0,0.9494736842105264,0.9375
5.0,1.0,7.0,2.0,0.9494736842105264,0.9375
5.0,1.0,7.0,3.0,0.9494736842105264,0.9375
5.0,1.0,7.0,5.0,0.9494736842105264,0.9375
5.0,1.0,7.0,8.0,0.9494736842105264,0.9375
5.0,1.0,7.0,12.0,0.9494736842105264,0.9375
5.0,1.0,7.0,20.0,0.9494736842105264,0.9375
5.0,1.0,7.0,32.0,0.9494736842105264,0.9375
5.0,1.0,7.0,50.0,0.9494736842105264,0.9375
5.0,1.0,7.0,80.0,0.9494736842105264,0.9375
5.0,1.0,7.0,128.0,0.9494736842105264,0.9375
5.0,1.0,9.0,2.0,0.9494736842105264,0.9375
5.0,1.0,9.0,3.0,0.9494736842105264,0.9375
5.0,1.0,9.0,5.0,0.9494736842105264,0.9375
5.0,1.0,9.0,8.0,0.9494736842105264,0.9375
5.0,1.0,9.0,12.0,0.9494736842105264,0.9375
5.0,1.0,9.0,20.0,0.9494736842105264,0.9375
5.0,1.0,9.0,32.0,0.9494736842105264,0.9375
5.0,1.0,9.0,50.0,0.9494736842105264,0.9375
5.0,1.0,9.0,80.0,0.9494736842105264,0.9375
5.0,1.0,9.0,128.0,0.9494736842105264,0.9375
5.0,1.0,11.0,2.0,0.9494736842105264,0.9375
5.0,1.0,11.0,3.0,0.9494736842105264,0.9375
5.0,1.0,11.0,5.0,0.9494736842105264,0.9375
5.0,1.0,11.0,8.0,0.9494736842105264,0.9375
5.0,1.0,11.0,12.0,0.9494736842105264,0.9375
5.0,1.0,11.0,20.0,0.9494736842105264,0.9375
5.0,1.0,11.0,32.0,0.9494736842105264,0.9375
5.0,1.0,11.0,50.0,0.9494736842105264,0.9375
5.0,1.0,11.0,80.0,0.9494736842105264,0.9375
5.0,1.0,11.0,128.0,0.9494736842105264,0.9375
5.0,1.0,13.0,2.0,0.9494736842105264,0.9375
5.0,1.0,13.0,3.0,0.9494736842105264,0.9375
5.0,1.0,13.0,5.0,0.9494736842105264,0.9375
5.0,1.0,13.0,8.0,0.9494736842105264,0.9375
5.0,1.0,13.0,12.0,0.9494736842105264,0.9375
5.0,1.0,13.0,20.0,0.9494736842105264,0.9375
5.0,1.0,13.0,32.0,0.9494736842105264,0.9375
5.0,1.0,13.0,50.0,0.9494736842105264,0.9375
5.0,1.0,13.0,80.0,0.9494736842105264,0.9375
5.0,1.0,13.0,128.0,0.9494736842105264,0.9375
5.0,1.0,15.0,2.0,0.9494736842105264,0.9375
5.0,1.0,15.0,3.0,0.9494736842105264,0.9375
5.0,1.0,15.0,5.0,0.9494736842105264,0.9375
5.0,1.0,15.0,8.0,0.9494736842105264,0.9375
5.0,1.0,15.0,12.0,0.9494736842105264,0.9375
5.0,1.0,15.0,20.0,0.9494736842105264,0.9375
5.0,1.0,15.0,32.0,0.9494736842105264,0.9375
5.0,1.0,15.0,50.0,0.9494736842105264,0.9375
5.0,1.0,15.0,80.0,0.9494736842105264,0.9375
5.0,1.0,15.0,128.0,0.9494736842105264,0.9375
5.0,1.0,17.0,2.0,0.9494736842105264,0.9375
5.0,1.0,17.0,3.0,0.9494736842105264,0.9375
5.0,1.0,17.0,5.0,0.9494736842105264,0.9375
5.0,1.0,17.0,8.0,0.9494736842105264,0.9375
5.0,1.0,17.0,12.0,0.9494736842105264,0.9375
5.0,1.0,17.0,20.0,0.9494736842105264,0.9375
5.0,1.0,17.0,32.0,0.9494736842105264,0.9375
5.0,1.0,17.0,50.0,0.9494736842105264,0.9375
5.0,1.0,17.0,80.0,0.9494736842105264,0.9375
5.0,1.0,17.0,128.0,0.9494736842105264,0.9375
5.0,1.0,20.0,2.0,0.9494736842105264,0.9375
5.0,1.0,20.0,3.0,0.9494736842105264,0.9375
5.0,1.0,20.0,5.0,0.9494736842105264,0.9375
5.0,1.0,20.0,8.0,0.9494736842105264,0.9375
5.0,1.0,20.0,12.0,0.9494736842105264,0.9375
5.0,1.0,20.0,20.0,0.9494736842105264,0.9375
5.0,1.0,20.0,32.0,0.9494736842105264,0.9375
5.0,1.0,20.0,50.0,0.9494736842105264,0.9375
5.0,1.0,20.0,80.0,0.9494736842105264,0.9375
5.0,1.0,20.0,128.0,0.9494736842105264,0.9375
8.0,0.0,1.0,2.0,0.9572631578947368,0.9275
8.0,0.0,1.0,3.0,0.9566315789473684,0.923125
8.0,0.0,1.0,5.0,0.9526315789473685,0.925
8.0,0.0,1.0,8.0,0.9494736842105264,0.923125
8.0,0.0,1.0,12.0,0.9444210526315789,0.92125
8.0,0.0,1.0,20.0,0.940421052631579,0.920625
8.0,0.0,1.0,32.0,0.9322105263157894,0.91875
8.0,0.0,1.0,50.0,0.9267368421052632,0.9075
8.0,0.0,1.0,80.0,0.9189473684210526,0.906875
8.0,0.0,1.0,128.0,0.9136842105263158,0.89375
8.0,0.0,3.0,2.0,0.935578947368421,0.9125
8.0,0.0,3.0,3.0,0.935578947368421,0.9125
8.0,0.0,3.0,5.0,0.935578947368421,0.9125
8.0,0.0,3.0,8.0,0.9378947368421052,0.915625
8.0,0.0,3.0,12.0,0.9343157894736842,0.91375
8.0,0.0,3.0,20.0,0.9338947368421053,0.915625
8.0,0.0,3.0,32.0,0.9263157894736842,0.91375
8.0,0.0,3.0,50.0,0.9225263157894737,0.905
8.0,0.0,3.0,80.0,0.9143157894736842,0.899375
8.0,0.0,3.0,128.0,0.9073684210526316,0.884375
8.0,0.0,5.0,2.0,0.927578947368421,0.9168749999999999
8.0,0.0,5.0,3.0,0.927578947368421,0.9168749999999999
8.0,0.0,5.0,5.0,0.927578947368421,0.9168749999999999
8.0,0.0,5.0,8.0,0.927578947368421,0.9168749999999999
8.0,0.0,5.0,12.0,0.9246315789473684,0.9125
8.0,0.0,5.0,20.0,0.9248421052631579,0.909375
8.0,0.0,5.0,32.0,0.9212631578947368,0.905625
8.0,0.0,5.0,50.0,0.9185263157894736,0.9018750000000001
8.0,0.0,5.0,80.0,0.916,0.8949999999999999
8.0,0.0,5.0,128.0,0.9069473684210527,0.8887499999999999
8.0,0.0,7.0,2.0,0.9202105263157895,0.909375
8.0,0.0,7.0,3.0,0.9202105263157895,0.909375
8.0,0.0,7.0,5.0,0.9202105263157895,0.909375
8.0,0.0,7.0,8.0,0.9202105263157895,0.909375
8.0,0.0,7.0,12.0,0.9202105263157895,0.909375
8.0,0.0,7.0,20.0,0.9176842105263159,0.905625
8.0,0.0,7.0,32.0,0.9151578947368421,0.9043749999999999
8.0,0.0,7.0,50.0,0.9136842105263158,0.899375
8.0,0.0,7.0,80.0,0.9101052631578949,0.8949999999999999
8.0,0.0,7.0,128.0,0.9042105263157895,0.8856249999999999
8.0,0.0,9.0,2.0,0.9113684210526316,0.9043749999999999
8.0,0.0,9.0,3.0,0.9113684210526316,0.9043749999999999
8.0,0.0,9.0,5.0,0.9113684210526316,0.9043749999999999
8.0,0.0,9.0,8.0,0.9113684210526316,0.9043749999999999
8.0,0.0,9.0,12.0,0.9113684210526316,0.9043749999999999
8.0,0.0,9.0,20.0,0.9103157894736842,0.8975
8.0,0.0,9.0,32.0,0.9107368421052632,0.898125
8.0,0.0,9.0,50.0,0.9092631578947369,0.89875
8.0,0.0,9.0,80.0,0.9063157894736842,0.8887499999999999
8.0,0.0,9.0,128.0,0.8978947368421053,0.8793749999999999
8.0,0.0,11.0,2.0,0.9098947368421053,0.8975
8.0,0.0,11.0,3.0,0.9098947368421053,0.8975
8.0,0.0,11.0,5.0,0.9098947368421053,0.8975
8.0,0.0,11.0,8.0,0.9098947368421053,0.8975
8.0,0.0,11.0,12.0,0.9098947368421053,0.8975
8.0,0.0,11.0,20.0,0.9098947368421053,0.8975
8.0,0.0,11.0,32.0,0.9069473684210527,0.89375
8.0,0.0,11.0,50.0,0.9069473684210527,0.8943749999999999
8.0,0.0,11.0,80.0,0.9006315789473683,0.8887499999999999
8.0,0.0,11.0,128.0,0.8938947368421053,0.87625
8.0,0.0,13.0,2.0,0.9006315789473683,0.8868750000000001
8.0,0.0,13.0,3.0,0.9006315789473683,0.8868750000000001
8.0,0.0,13.0,5.0,0.9006315789473683,0.8868750000000001
8.0,0.0,13.0,8.0,0.9006315789473683,0.8868750000000001
8.0,0.0,13.0,12.0,0.9006315789473683,0.8868750000000001
8.0,0.0,13.0,20.0,0.9006315789473683,0.8868750000000001
8.0,0.0,13.0,32.0,0.9027368421052632,0.8875
8.0,0.0,13.0,50.0,0.900421052631579,0.8887499999999999
8.0,0.0,13.0,80.0,0.8962105263157895,0.884375
8.0,0.0,13.0,128.0,0.891157894736842,0.875625
8.0,0.0,15.0,2.0,0.8989473684210527,0.8800000000000001
8.0,0.0,15.0,3.0,0.8989473684210527,0.8800000000000001
8.0,0.0,15.0,5.0,0.8989473684210527,0.8800000000000001
8.0,0.0,15.0,8.0,0.8989473684210527,0.8800000000000001
8.0,0.0,15.0,12.0,0.8989473684210527,0.8800000000000001
8.0,0.0,15.0,20.0,0.8989473684210527,0.8800000000000001
8.0,0.0,15.0,32.0,0.9010526315789473,0.884375
8.0,0.0,15.0,50.0,0.8962105263157895,0.883125
8.0,0.0,15.0,80.0,0.8932631578947369,0.880625
8.0,0.0,15.0,128.0,0.8863157894736842,0.86875
8.0,0.0,17.0,2.0,0.8972631578947368,0.881875
8.0,0.0,17.0,3.0,0.8972631578947368,0.881875
8.0,0.0,17.0,5.0,0.8972631578947368,0.881875
8.0,0.0,17.0,8.0,0.8972631578947368,0.881875
8.0,0.0,17.0,12.0,0.8972631578947368,0.881875
8.0,0.0,17.0,20.0,0.8972631578947368,0.881875
8.0,0.0,17.0,32.0,0.8972631578947368,0.881875
8.0,0.0,17.0,50.0,0.890736842105263,0.8787499999999999
8.0,0.0,17.0,80.0,0.8896842105263157,0.8787499999999999
8.0,0.0,17.0,128.0,0.883157894736842,0.8637499999999999
8.0,0.0,20.0,2.0,0.8861052631578948,0.878125
8.0,0.0,20.0,3.0,0.8861052631578948,0.878125
8.0,0.0,20.0,5.0,0.8861052631578948,0.878125
8.0,0.0,20.0,8.0,0.8861052631578948,0.878125
8.0,0.0,20.0,12.0,0.8861052631578948,0.878125
8.0,0.0,20.0,20.0,0.8861052631578948,0.878125
8.0,0.0,20.0,32.0,0.8861052631578948,0.878125
8.0,0.0,20.0,50.0,0.8896842105263157,0.878125
8.0,0.0,20.0,80.0,0.884,0.875
8.0,0.0,20.0,128.0,0.8800000000000001,0.865
8.0,0.11111111,1.0,2.0,0.9661052631578947,0.943125
8.0,0.11111111,1.0,3.0,0.9646315789473684,0.9425000000000001
8.0,0.11111111,1.0,5.0,0.9646315789473684,0.9425000000000001
8.0,0.11111111,1.0,8.0,0.9640000000000001,0.9425000000000001
8.0,0.11111111,1.0,12.0,0.9631578947368421,0.9418749999999999
8.0,0.11111111,1.0,20.0,0.9593684210526316,0.938125
8.0,0.11111111,1.0,32.0,0.9566315789473684,0.93625
8.0,0.11111111,1.0,50.0,0.9545263157894738,0.9375
8.0,0.11111111,1.0,80.0,0.9505263157894737,0.93625
8.0,0.11111111,1.0,128.0,0.9450526315789475,0.9331250000000001
8.0,0.11111111,3.0,2.0,0.959578947368421,0.9387500000000001
8.0,0.11111111,3.0,3.0,0.959578947368421,0.9387500000000001
8.0,0.11111111,3.0,5.0,0.959578947368421,0.9387500000000001
8.0,0.11111111,3.0,8.0,0.959578947368421,0.93875
8.0,0.11111111,3.0,12.0,0.9581052631578947,0.9412499999999999
8.0,0.11111111,3.0,20.0,0.9568421052631578,0.9375
8.0,0.11111111,3.0,32.0,0.9536842105263158,0.934375
8.0,0.11111111,3.0,50.0,0.952,0.938125
8.0,0.11111111,3.0,80.0,0.9480000000000001,0.93625
8.0,0.11111111,3.0,128.0,0.9442105263157895,0.9331250000000001
8.0,0.11111111,5.0,2.0,0.9555789473684211,0.9375
8.0,0.11111111,5.0,3.0,0.9555789473684211,0.9375
8.0,0.11111111,5.0,5.0,0.9555789473684211,0.9375
8.0,0.11111111,5.0,8.0,0.9555789473684211,0.9375
8.0,0.11111111,5.0,12.0,0.9555789473684211,0.93875
8.0,0.11111111,5.0,20.0,0.9541052631578948,0.9375
8.0,0.11111111,5.0,32.0,0.9522105263157895,0.936875
8.0,0.11111111,5.0,50.0,0.9503157894736842,0.93625
8.0,0.11111111,5.0,80.0,0.9471578947368421,0.9324999999999999
8.0,0.11111111,5.0,128.0,0.943157894736842,0.929375
8.0,0.11111111,7.0,2.0,0.9513684210526316,0.9393750000000001
8.0,0.11111111,7.0,3.0,0.9513684210526316,0.9393750000000001
8.0,0.11111111,7.0,5.0,0.9513684210526316,0.9393750000000001
8.0,0.11111111,7.0,8.0,0.9513684210526316,0.9393750000000001
8.0,0.11111111,7.0,12.0,0.9513684210526316,0.9393750000000001
8.0,0.11111111,7.0,20.0,0.9522105263157895,0.9375
8.0,0.11111111,7.0,32.0,0.9498947368421053,0.93625
8.0,0.11111111,7.0,50.0,0.9480000000000001,0.9349999999999999
8.0,0.11111111,7.0,80.0,0.9448421052631579,0.930625
8.0,0.11111111,7.0,128.0,0.943157894736842,0.9275
8.0,0.11111111,9.0,2.0,0.9494736842105264,0.936875
8.0,0.11111111,9.0,3.0,0.9494736842105264,0.936875
8.0,0.11111111,9.0,5.0,0.9494736842105264,0.936875
8.0,0.11111111,9.0,8.0,0.9494736842105264,0.936875
8.0,0.11111111,9.0,12.0,0.9494736842105264,0.936875
8.0,0.11111111,9.0,20.0,0.9501052631578947,0.938125
8.0,0.11111111,9.0,32.0,0.9486315789473684,0.934375
8.0,0.11111111,9.0,50.0,0.9465263157894735,0.931875
8.0,0.11111111,9.0,80.0,0.9408421052631578,0.9275
8.0,0.11111111,9.0,128.0,0.9412631578947369,0.928125
8.0,0.11111111,11.0,2.0,0.948421052631579,0.934375
8.0,0.11111111,11.0,3.0,0.948421052631579,0.934375
8.0,0.11111111,11.0,5.0,0.948421052631579,0.934375
8.0,0.11111111,11.0,8.0,0.948421052631579,0.934375
8.0,0.11111111,11.0,12.0,0.948421052631579,0.934375
8.0,0.11111111,11.0,20.0,0.948421052631579,0.934375
8.0,0.11111111,11.0,32.0,0.9467368421052631,0.934375
8.0,0.11111111,11.0,50.0,0.9427368421052631,0.931875
8.0,0.11111111,11.0,80.0,0.9406315789473684,0.9275
8.0,0.11111111,11.0,128.0,0.9410526315789474,0.92875
8.0,0.11111111,13.0,2.0,0.9450526315789475,0.9324999999999999
8.0,0.11111111,13.0,3.0,0.9450526315789475,0.9324999999999999
8.0,0.11111111,13.0,5.0,0.9450526315789475,0.9324999999999999
8.0,0.11111111,13.0,8.0,0.9450526315789475,0.9324999999999999
8.0,0.11111111,13.0,12.0,0.9450526315789475,0.9324999999999999
8.0,0.11111111,13.0,20.0,0.9450526315789475,0.9324999999999999
8.0,0.11111111,13.0,32.0,0.9433684210526316,0.9324999999999999
8.0,0.11111111,13.0,50.0,0.9421052631578947,0.931875
8.0,0.11111111,13.0,80.0,0.9400000000000001,0.9275
8.0,0.11111111,13.0,128.0,0.9393684210526315,0.928125
8.0,0.11111111,15.0,2.0,0.9423157894736842,0.931875
8.0,0.11111111,15.0,3.0,0.9423157894736842,0.931875
8.0,0.11111111,15.0,5.0,0.9423157894736842,0.931875
8.0,0.11111111,15.0,8.0,0.9423157894736842,0.931875
8.0,0.11111111,15.0,12.0,0.9423157894736842,0.931875
8.0,0.11111111,15.0,20.0,0.9423157894736842,0.931875
8.0,0.11111111,15.0,32.0,0.9412631578947368,0.930625
8.0,0.11111111,15.0,50.0,0.9423157894736842,0.92875
8.0,0.11111111,15.0,80.0,0.9395789473684211,0.929375
8.0,0.11111111,15.0,128.0,0.9378947368421052,0.928125
8.0,0.11111111,17.0,2.0,0.9414736842105264,0.93
8.0,0.11111111,17.0,3.0,0.9414736842105264,0.93
8.0,0.11111111,17.0,5.0,0.9414736842105264,0.93
8.0,0.11111111,17.0,8.0,0.9414736842105264,0.93
8.0,0.11111111,17.0,12.0,0.9414736842105264,0.93
8.0,0.11111111,17.0,20.0,0.9414736842105264,0.93
8.0,0.11111111,17.0,32.0,0.9414736842105264,0.93
8.0,0.11111111,17.0,50.0,0.9400000000000001,0.929375
8.0,0.11111111,17.0,80.0,0.9397894736842105,0.92875
8.0,0.11111111,17.0,128.0,0.9370526315789472,0.9262499999999999
8.0,0.11111111,20.0,2.0,0.9357894736842105,0.9268750000000001
8.0,0.11111111,20.0,3.0,0.9357894736842105,0.9268750000000001
8.0,0.11111111,20.0,5.0,0.9357894736842105,0.9268750000000001
8.0,0.11111111,20.0,8.0,0.9357894736842105,0.9268750000000001
8.0,0.11111111,20.0,12.0,0.9357894736842105,0.9268750000000001
8.0,0.11111111,20.0,20.0,0.9357894736842105,0.9268750000000001
8.0,0.11111111,20.0,32.0,0.9357894736842105,0.9268750000000001
8.0,0.11111111,20.0,50.0,0.9366315789473685,0.92875
8.0,0.11111111,20.0,80.0,0.9372631578947368,0.92875
8.0,0.11111111,20.0,128.0,0.9343157894736842,0.9256249999999999
8.0,0.22222222,1.0,2.0,0.9677894736842105,0.94625
8.0,0.22222222,1.0,3.0,0.967157894736842,0.9493750000000001
8.0,0.22222222,1.0,5.0,0.9661052631578947,0.946875
8.0,0.22222222,1.0,8.0,0.9652631578947368,0.944375
8.0,0.22222222,1.0,12.0,0.9656842105263157,0.9412499999999999
8.0,0.22222222,1.0,20.0,0.964842105263158,0.944375
8.0,0.22222222,1.0,32.0,0.9637894736842105,0.9418749999999999
8.0,0.22222222,1.0,50.0,0.9614736842105263,0.940625
8.0,0.22222222,1.0,80.0,0.9597894736842105,0.940625
8.0,0.22222222,1.0,128.0,0.9572631578947368,0.9393750000000001
8.0,0.22222222,3.0,2.0,0.9642105263157894,0.945625
8.0,0.22222222,3.0,3.0,0.9642105263157894,0.945625
8.0,0.22222222,3.0,5.0,0.9642105263157894,0.945625
8.0,0.22222222,3.0,8.0,0.9637894736842105,0.943125
8.0,0.22222222,3.0,12.0,0.9637894736842105,0.94375
8.0,0.22222222,3.0,20.0,0.9618947368421052,0.9412499999999999
8.0,0.22222222,3.0,32.0,0.9614736842105263,0.9418749999999999
8.0,0.22222222,3.0,50.0,0.9612631578947368,0.940625
8.0,0.22222222,3.0,80.0,0.9578947368421054,0.938125
8.0,0.22222222,3.0,128.0,0.9570526315789474,0.9400000000000001
8.0,0.22222222,5.0,2.0,0.9608421052631579,0.9425000000000001
8.0,0.22222222,5.0,3.0,0.9608421052631579,0.9425000000000001
8.0,0.22222222,5.0,5.0,0.9608421052631579,0.9425000000000001
8.0,0.22222222,5.0,8.0,0.9608421052631579,0.9425000000000001
8.0,0.22222222,5.0,12.0,0.9602105263157895,0.9425000000000001
8.0,0.22222222,5.0,20.0,0.9608421052631579,0.9418749999999999
8.0,0.22222222,5.0,32.0,0.9602105263157895,0.9412499999999999
8.0,0.22222222,5.0,50.0,0.9585263157894737,0.9400000000000001
8.0,0.22222222,5.0,80.0,0.9570526315789474,0.9393750000000001
8.0,0.22222222,5.0,128.0,0.9564210526315791,0.938125
8.0,0.22222222,7.0,2.0,0.959157894736842,0.94375
8.0,0.22222222,7.0,3.0,0.959157894736842,0.94375
8.0,0.22222222,7.0,5.0,0.959157894736842,0.94375
8.0,0.22222222,7.0,8.0,0.959157894736842,0.94375
8.0,0.22222222,7.0,12.0,0.959157894736842,0.94375
8.0,0.22222222,7.0,20.0,0.9587368421052631,0.944375
8.0,0.22222222,7.0,32.0,0.9585263157894737,0.9418749999999999
8.0,0.22222222,7.0,50.0,0.9572631578947368,0.9400000000000001
8.0,0.22222222,7.0,80.0,0.9566315789473684,0.9400000000000001
8.0,0.22222222,7.0,128.0,0.9555789473684211,0.9393750000000001
8.0,0.22222222,9.0,2.0,0.9587368421052631,0.944375
8.0,0.22222222,9.0,3.0,0.9587368421052631,0.944375
8.0,0.22222222,9.0,5.0,0.9587368421052631,0.944375
8.0,0.22222222,9.0,8.0,0.9587368421052631,0.944375
8.0,0.22222222,9.0,12.0,0.9587368421052631,0.944375
8.0,0.22222222,9.0,20.0,0.9587368421052631,0.9418749999999999
8.0,0.22222222,9.0,32.0,0.9568421052631578,0.9418749999999999
8.0,0.22222222,9.0,50.0,0.9555789473684211,0.9412499999999999
8.0,0.22222222,9.0,80.0,0.9562105263157894,0.9400000000000001
8.0,0.22222222,9.0,128.0,0.9547368421052631,0.93875
8.0,0.22222222,11.0,2.0,0.9557894736842105,0.9418749999999999
8.0,0.22222222,11.0,3.0,0.9557894736842105,0.9418749999999999
8.0,0.22222222,11.0,5.0,0.9557894736842105,0.9418749999999999
8.0,0.22222222,11.0,8.0,0.9557894736842105,0.9418749999999999
8.0,0.22222222,11.0,12.0,0.9557894736842105,0.9418749999999999
8.0,0.22222222,11.0,20.0,0.9557894736842105,0.9418749999999999
8.0,0.22222222,11.0,32.0,0.9560000000000001,0.9400000000000001
8.0,0.22222222,11.0,50.0,0.9555789473684211,0.9412499999999999
8.0,0.22222222,11.0,80.0,0.9545263157894738,0.940625
8.0,0.22222222,11.0,128.0,0.9543157894736842,0.938125
8.0,0.22222222,13.0,2.0,0.9560000000000001,0.9425000000000001
8.0,0.22222222,13.0,3.0,0.9560000000000001,0.9425000000000001
8.0,0.22222222,13.0,5.0,0.9560000000000001,0.9425000000000001
8.0,0.22222222,13.0,8.0,0.9560000000000001,0.9425000000000001
8.0,0.22222222,13.0,12.0,0.9560000000000001,0.9425000000000001
8.0,0.22222222,13.0,20.0,0.9560000000000001,0.9425000000000001
8.0,0.22222222,13.0,32.0,0.9557894736842105,0.940625
8.0,0.22222222,13.0,50.0,0.9551578947368421,0.940625
8.0,0.22222222,13.0,80.0,0.9538947368421052,0.9400000000000001
8.0,0.22222222,13.0,128.0,0.9530526315789473,0.9375
8.0,0.22222222,15.0,2.0,0.9547368421052631,0.9400000000000001
8.0,0.22222222,15.0,3.0,0.9547368421052631,0.9400000000000001
8.0,0.22222222,15.0,5.0,0.9547368421052631,0.9400000000000001
8.0,0.22222222,15.0,8.0,0.9547368421052631,0.9400000000000001
8.0,0.22222222,15.0,12.0,0.9547368421052631,0.9400000000000001
8.0,0.22222222,15.0,20.0,0.9547368421052631,0.9400000000000001
8.0,0.22222222,15.0,32.0,0.9551578947368421,0.9393750000000001
8.0,0.22222222,15.0,50.0,0.9549473684210525,0.940625
8.0,0.22222222,15.0,80.0,0.9541052631578948,0.9400000000000001
8.0,0.22222222,15.0,128.0,0.9532631578947368,0.9375
8.0,0.22222222,17.0,2.0,0.9545263157894738,0.9418749999999999
8.0,0.22222222,17.0,3.0,0.9545263157894738,0.9418749999999999
8.0,0.22222222,17.0,5.0,0.9545263157894738,0.9418749999999999
8.0,0.22222222,17.0,8.0,0.9545263157894738,0.9418749999999999
8.0,0.22222222,17.0,12.0,0.9545263157894738,0.9418749999999999
8.0,0.22222222,17.0,20.0,0.9545263157894738,0.9418749999999999
8.0,0.22222222,17.0,32.0,0.9545263157894738,0.9418749999999999
8.0,0.22222222,17.0,50.0,0.9543157894736842,0.9412499999999999
8.0,0.22222222,17.0,80.0,0.9534736842105263,0.940625
8.0,0.22222222,17.0,128.0,0.9528421052631579,0.9375
8.0,0.22222222,20.0,2.0,0.9547368421052631,0.9418749999999999
8.0,0.22222222,20.0,3.0,0.9547368421052631,0.9418749999999999
8.0,0.22222222,20.0,5.0,0.9547368421052631,0.9418749999999999
8.0,0.22222222,20.0,8.0,0.9547368421052631,0.9418749999999999
8.0,0.22222222,20.0,12.0,0.9547368421052631,0.9418749999999999
8.0,0.22222222,20.0,20.0,0.9547368421052631,0.9418749999999999
8.0,0.22222222,20.0,32.0,0.9547368421052631,0.9418749999999999
8.0,0.22222222,20.0,50.0,0.9547368421052631,0.9412499999999999
8.0,0.22222222,20.0,80.0,0.9530526315789473,0.9400000000000001
8.0,0.22222222,20.0,128.0,0.9528421052631579,0.9375
8.0,0.33333334,1.0,2.0,0.9669473684210527,0.9493750000000001
8.0,0.33333334,1.0,3.0,0.9661052631578947,0.9481249999999999
8.0,0.33333334,1.0,5.0,0.9667368421052632,0.9487500000000001
8.0,0.33333334,1.0,8.0,0.9642105263157894,0.94625
8.0,0.33333334,1.0,12.0,0.9650526315789474,0.944375
8.0,0.33333334,1.0,20.0,0.964842105263158,0.945
8.0,0.33333334,1.0,32.0,0.9635789473684211,0.9425000000000001
8.0,0.33333334,1.0,50.0,0.9631578947368421,0.9418749999999999
8.0,0.33333334,1.0,80.0,0.9608421052631579,0.9425000000000001
8.0,0.33333334,1.0,128.0,0.9572631578947369,0.940625
8.0,0.33333334,3.0,2.0,0.9646315789473684,0.945625
8.0,0.33333334,3.0,3.0,0.9646315789473684,0.945625
8.0,0.33333334,3.0,5.0,0.9646315789473684,0.945625
8.0,0.33333334,3.0,8.0,0.9661052631578947,0.945
8.0,0.33333334,3.0,12.0,0.9640000000000001,0.944375
8.0,0.33333334,3.0,20.0,0.9627368421052631,0.9425000000000001
8.0,0.33333334,3.0,32.0,0.9637894736842105,0.9425000000000001
8.0,0.33333334,3.0,50.0,0.9618947368421052,0.9412499999999999
8.0,0.33333334,3.0,80.0,0.9612631578947368,0.9412499999999999
8.0,0.33333334,3.0,128.0,0.9581052631578947,0.940625
8.0,0.33333334,5.0,2.0,0.9635789473684211,0.94375
8.0,0.33333334,5.0,3.0,0.9635789473684211,0.94375
8.0,0.33333334,5.0,5.0,0.9635789473684211,0.94375
8.0,0.33333334,5.0,8.0,0.9635789473684211,0.94375
8.0,0.33333334,5.0,12.0,0.9640000000000001,0.944375
8.0,0.33333334,5.0,20.0,0.9633684210526315,0.9425000000000001
8.0,0.33333334,5.0,32.0,0.9623157894736842,0.945
8.0,0.33333334,5.0,50.0,0.9606315789473685,0.9425000000000001
8.0,0.33333334,5.0,80.0,0.9593684210526316,0.9412499999999999
8.0,0.33333334,5.0,128.0,0.9568421052631578,0.9393750000000001
8.0,0.33333334,7.0,2.0,0.9631578947368421,0.944375
8.0,0.33333334,7.0,3.0,0.9631578947368421,0.944375
8.0,0.33333334,7.0,5.0,0.9631578947368421,0.944375
8.0,0.33333334,7.0,8.0,0.9631578947368421,0.944375
8.0,0.33333334,7.0,12.0,0.9631578947368421,0.944375
8.0,0.33333334,7.0,20.0,0.9627368421052631,0.9425000000000001
8.0,0.33333334,7.0,32.0,0.9625263157894738,0.9418749999999999
8.0,0.33333334,7.0,50.0,0.9612631578947368,0.9418749999999999
8.0,0.33333334,7.0,80.0,0.9602105263157895,0.940625
8.0,0.33333334,7.0,128.0,0.9572631578947369,0.9393750000000001
8.0,0.33333334,9.0,2.0,0.9602105263157895,0.945
8.0,0.33333334,9.0,3.0,0.9602105263157895,0.945
8.0,0.33333334,9.0,5.0,0.9602105263157895,0.945
8.0,0.33333334,9.0,8.0,0.9602105263157895,0.945
8.0,0.33333334,9.0,12.0,0.9602105263157895,0.945
8.0,0.33333334,9.0,20.0,0.9610526315789473,0.94375
8.0,0.33333334,9.0,32.0,0.9616842105263158,0.943125
8.0,0.33333334,9.0,50.0,0.9602105263157895,0.944375
8.0,0.33333334,9.0,80.0,0.9587368421052631,0.93875
8.0,0.33333334,9.0,128.0,0.9560000000000001,0.93875
8.0,0.33333334,11.0,2.0,0.96,0.943125
8.0,0.33333334,11.0,3.0,0.96,0.943125
8.0,0.33333334,11.0,5.0,0.96,0.943125
8.0,0.33333334,11.0,8.0,0.96,0.943125
8.0,0.33333334,11.0,12.0,0.96,0.943125
8.0,0.33333334,11.0,20.0,0.96,0.943125
8.0,0.33333334,11.0,32.0,0.9589473684210527,0.9425000000000001
8.0,0.33333334,11.0,50.0,0.9587368421052632,0.9425000000000001
8.0,0.33333334,11.0,80.0,0.9587368421052631,0.940625
8.0,0.33333334,11.0,128.0,0.9566315789473684,0.9400000000000001
8.0,0.33333334,13.0,2.0,0.9574736842105264,0.944375
8.0,0.33333334,13.0,3.0,0.9574736842105264,0.944375
8.0,0.33333334,13.0,5.0,0.9574736842105264,0.944375
8.0,0.33333334,13.0,8.0,0.9574736842105264,0.944375
8.0,0.33333334,13.0,12.0,0.9574736842105264,0.944375
8.0,0.33333334,13.0,20.0,0.9574736842105264,0.944375
8.0,0.33333334,13.0,32.0,0.9583157894736842,0.9418749999999999
8.0,0.33333334,13.0,50.0,0.9574736842105264,0.9418749999999999
8.0,0.33333334,13.0,80.0,0.9576842105263157,0.9412499999999999
8.0,0.33333334,13.0,128.0,0.9564210526315791,0.9400000000000001
8.0,0.33333334,15.0,2.0,0.9557894736842105,0.9412499999999999
8.0,0.33333334,15.0,3.0,0.9557894736842105,0.9412499999999999
8.0,0.33333334,15.0,5.0,0.9557894736842105,0.9412499999999999
8.0,0.33333334,15.0,8.0,0.9557894736842105,0.9412499999999999
8.0,0.33333334,15.0,12.0,0.9557894736842105,0.9412499999999999
8.0,0.33333334,15.0,20.0,0.9557894736842105,0.9412499999999999
8.0,0.33333334,15.0,32.0,0.9570526315789474,0.9418749999999999
8.0,0.33333334,15.0,50.0,0.9553684210526315,0.945625
8.0,0.33333334,15.0,80.0,0.9560000000000001,0.9412499999999999
8.0,0.33333334,15.0,128.0,0.9551578947368421,0.9400000000000001
8.0,0.33333334,17.0,2.0,0.9564210526315791,0.943125
8.0,0.33333334,17.0,3.0,0.9564210526315791,0.943125
8.0,0.33333334,17.0,5.0,0.9564210526315791,0.943125
8.0,0.33333334,17.0,8.0,0.9564210526315791,0.943125
8.0,0.33333334,17.0,12.0,0.9564210526315791,0.943125
8.0,0.33333334,17.0,20.0,0.9564210526315791,0.943125
8.0,0.33333334,17.0,32.0,0.9564210526315791,0.943125
8.0,0.33333334,17.0,50.0,0.9553684210526315,0.943125
8.0,0.33333334,17.0,80.0,0.9555789473684211,0.9418749999999999
8.0,0.33333334,17.0,128.0,0.9547368421052631,0.9393750000000001
8.0,0.33333334,20.0,2.0,0.9564210526315791,0.943125
8.0,0.33333334,20.0,3.0,0.9564210526315791,0.943125
8.0,0.33333334,20.0,5.0,0.9564210526315791,0.943125
8.0,0.33333334,20.0,8.0,0.9564210526315791,0.943125
8.0,0.33333334,20.0,12.0,0.9564210526315791,0.943125
8.0,0.33333334,20.0,20.0,0.9564210526315791,0.943125
8.0,0.33333334,20.0,32.0,0.9564210526315791,0.943125
8.0,0.33333334,20.0,50.0,0.9551578947368421,0.94375
8.0,0.33333334,20.0,80.0,0.9543157894736842,0.9425000000000001
8.0,0.33333334,20.0,128.0,0.9534736842105263,0.940625
8.0,0.44444445,1.0,2.0,0.9673684210526317,0.9512499999999999
8.0,0.44444445,1.0,3.0,0.967157894736842,0.9506249999999999
8.0,0.44444445,1.0,5.0,0.967157894736842,0.951875
8.0,0.44444445,1.0,8.0,0.9654736842105264,0.9512499999999999
8.0,0.44444445,1.0,12.0,0.9648421052631578,0.9512499999999999
8.0,0.44444445,1.0,20.0,0.9654736842105264,0.9525
8.0,0.44444445,1.0,32.0,0.9644210526315788,0.9481249999999999
8.0,0.44444445,1.0,50.0,0.9631578947368421,0.946875
8.0,0.44444445,1.0,80.0,0.9602105263157895,0.943125
8.0,0.44444445,1.0,128.0,0.9585263157894737,0.9393750000000001
8.0,0.44444445,3.0,2.0,0.9661052631578947,0.9493750000000001
8.0,0.44444445,3.0,3.0,0.9661052631578947,0.9493750000000001
8.0,0.44444445,3.0,5.0,0.9661052631578947,0.9493750000000001
8.0,0.44444445,3.0,8.0,0.9665263157894737,0.9506249999999999
8.0,0.44444445,3.0,12.0,0.9661052631578947,0.9487500000000001
8.0,0.44444445,3.0,20.0,0.9658947368421054,0.95
8.0,0.44444445,3.0,32.0,0.9637894736842105,0.94625
8.0,0.44444445,3.0,50.0,0.9629473684210528,0.946875
8.0,0.44444445,3.0,80.0,0.9606315789473683,0.943125
8.0,0.44444445,3.0,128.0,0.9583157894736842,0.93875
8.0,0.44444445,5.0,2.0,0.967157894736842,0.9481249999999999
8.0,0.44444445,5.0,3.0,0.967157894736842,0.9481249999999999
8.0,0.44444445,5.0,5.0,0.967157894736842,0.9481249999999999
8.0,0.44444445,5.0,8.0,0.967157894736842,0.9481249999999999
8.0,0.44444445,5.0,12.0,0.9658947368421054,0.95
8.0,0.44444445,5.0,20.0,0.9658947368421054,0.9506249999999999
8.0,0.44444445,5.0,32.0,0.9646315789473684,0.94625
8.0,0.44444445,5.0,50.0,0.9633684210526315,0.94625
8.0,0.44444445,5.0,80.0,0.960421052631579,0.9425000000000001
8.0,0.44444445,5.0,128.0,0.9578947368421054,0.938125
8.0,0.44444445,7.0,2.0,0.9646315789473684,0.9487500000000001
8.0,0.44444445,7.0,3.0,0.9646315789473684,0.9487500000000001
8.0,0.44444445,7.0,5.0,0.9646315789473684,0.9487500000000001
8.0,0.44444445,7.0,8.0,0.9646315789473684,0.9487500000000001
8.0,0.44444445,7.0,12.0,0.9646315789473684,0.9487500000000001
8.0,0.44444445,7.0,20.0,0.9652631578947368,0.9493750000000001
8.0,0.44444445,7.0,32.0,0.9637894736842105,0.945625
8.0,0.44444445,7.0,50.0,0.9631578947368421,0.945
8.0,0.44444445,7.0,80.0,0.9608421052631579,0.943125
8.0,0.44444445,7.0,128.0,0.9578947368421051,0.938125
8.0,0.44444445,9.0,2.0,0.9644210526315791,0.9493750000000001
8.0,0.44444445,9.0,3.0,0.9644210526315791,0.9493750000000001
8.0,0.44444445,9.0,5.0,0.9644210526315791,0.9493750000000001
8.0,0.44444445,9.0,8.0,0.9644210526315791,0.9493750000000001
8.0,0.44444445,9.0,12.0,0.9644210526315791,0.9493750000000001
8.0,0.44444445,9.0,20.0,0.964842105263158,0.9487500000000001
8.0,0.44444445,9.0,32.0,0.9635789473684211,0.946875
8.0,0.44444445,9.0,50.0,0.9621052631578948,0.94375
8.0,0.44444445,9.0,80.0,0.9602105263157895,0.943125
8.0,0.44444445,9.0,128.0,0.9576842105263157,0.938125
8.0,0.44444445,11.0,2.0,0.9627368421052631,0.9481249999999999
8.0,0.44444445,11.0,3.0,0.9627368421052631,0.9481249999999999
8.0,0.44444445,11.0,5.0,0.9627368421052631,0.9481249999999999
8.0,0.44444445,11.0,8.0,0.9627368421052631,0.9481249999999999
8.0,0.44444445,11.0,12.0,0.9627368421052631,0.9481249999999999
8.0,0.44444445,11.0,20.0,0.9627368421052631,0.9481249999999999
8.0,0.44444445,11.0,32.0,0.9633684210526315,0.945625
8.0,0.44444445,11.0,50.0,0.9623157894736842,0.945
8.0,0.44444445,11.0,80.0,0.96,0.943125
8.0,0.44444445,11.0,128.0,0.9566315789473684,0.938125
8.0,0.44444445,13.0,2.0,0.9623157894736842,0.94625
8.0,0.44444445,13.0,3.0,0.9623157894736842,0.94625
8.0,0.44444445,13.0,5.0,0.9623157894736842,0.94625
8.0,0.44444445,13.0,8.0,0.9623157894736842,0.94625
8.0,0.44444445,13.0,12.0,0.9623157894736842,0.94625
8.0,0.44444445,13.0,20.0,0.9623157894736842,0.94625
8.0,0.44444445,13.0,32.0,0.9616842105263158,0.944375
8.0,0.44444445,13.0,50.0,0.9610526315789475,0.944375
8.0,0.44444445,13.0,80.0,0.9597894736842105,0.943125
8.0,0.44444445,13.0,128.0,0.9566315789473684,0.938125
8.0,0.44444445,15.0,2.0,0.9612631578947368,0.944375
8.0,0.44444445,15.0,3.0,0.9612631578947368,0.944375
8.0,0.44444445,15.0,5.0,0.9612631578947368,0.944375
8.0,0.44444445,15.0,8.0,0.9612631578947368,0.944375
8.0,0.44444445,15.0,12.0,0.9612631578947368,0.944375
8.0,0.44444445,15.0,20.0,0.9612631578947368,0.944375
8.0,0.44444445,15.0,32.0,0.9608421052631579,0.945625
8.0,0.44444445,15.0,50.0,0.960421052631579,0.943125
8.0,0.44444445,15.0,80.0,0.9576842105263157,0.9425000000000001
8.0,0.44444445,15.0,128.0,0.9560000000000001,0.9393750000000001
8.0,0.44444445,17.0,2.0,0.9610526315789473,0.94375
8.0,0.44444445,17.0,3.0,0.9610526315789473,0.94375
8.0,0.44444445,17.0,5.0,0.9610526315789473,0.94375
8.0,0.44444445,17.0,8.0,0.9610526315789473,0.94375
8.0,0.44444445,17.0,12.0,0.9610526315789473,0.94375
8.0,0.44444445,17.0,20.0,0.9610526315789473,0.94375
8.0,0.44444445,17.0,32.0,0.9610526315789473,0.94375
8.0,0.44444445,17.0,50.0,0.959157894736842,0.943125
8.0,0.44444445,17.0,80.0,0.9572631578947368,0.943125
8.0,0.44444445,17.0,128.0,0.9557894736842105,0.938125
8.0,0.44444445,20.0,2.0,0.9597894736842105,0.944375
8.0,0.44444445,20.0,3.0,0.9597894736842105,0.944375
8.0,0.44444445,20.0,5.0,0.9597894736842105,0.944375
8.0,0.44444445,20.0,8.0,0.9597894736842105,0.944375
8.0,0.44444445,20.0,12.0,0.9597894736842105,0.944375
8.0,0.44444445,20.0,20.0,0.9597894736842105,0.944375
8.0,0.44444445,20.0,32.0,0.9597894736842105,0.944375
8.0,0.44444445,20.0,50.0,0.959157894736842,0.9425000000000001
8.0,0.44444445,20.0,80.0,0.9572631578947368,0.9425000000000001
8.0,0.44444445,20.0,128.0,0.9547368421052631,0.9393750000000001
8.0,0.5555556,1.0,2.0,0.9730526315789474,0.9574999999999999
8.0,0.5555556,1.0,3.0,0.9720000000000001,0.9574999999999999
8.0,0.5555556,1.0,5.0,0.9717894736842105,0.959375
8.0,0.5555556,1.0,8.0,0.9715789473684211,0.95875
8.0,0.5555556,1.0,12.0,0.9713684210526315,0.9581250000000001
8.0,0.5555556,1.0,20.0,0.9711578947368421,0.9568749999999999
8.0,0.5555556,1.0,32.0,0.9696842105263158,0.95625
8.0,0.5555556,1.0,50.0,0.967157894736842,0.9550000000000001
8.0,0.5555556,1.0,80.0,0.9648421052631578,0.95
8.0,0.5555556,1.0,128.0,0.9574736842105264,0.9393750000000001
8.0,0.5555556,3.0,2.0,0.9713684210526315,0.959375
8.0,0.5555556,3.0,3.0,0.9713684210526315,0.959375
8.0,0.5555556,3.0,5.0,0.9713684210526315,0.959375
8.0,0.5555556,3.0,8.0,0.9709473684210526,0.9581250000000001
8.0,0.5555556,3.0,12.0,0.9709473684210526,0.959375
8.0,0.5555556,3.0,20.0,0.9705263157894738,0.9574999999999999
8.0,0.5555556,3.0,32.0,0.9696842105263158,0.95625
8.0,0.5555556,3.0,50.0,0.968,0.9550000000000001
8.0,0.5555556,3.0,80.0,0.9652631578947368,0.9506249999999999
8.0,0.5555556,3.0,128.0,0.9574736842105264,0.9400000000000001
8.0,0.5555556,5.0,2.0,0.9715789473684211,0.960625
8.0,0.5555556,5.0,3.0,0.9715789473684211,0.960625
8.0,0.5555556,5.0,5.0,0.9715789473684211,0.960625
8.0,0.5555556,5.0,8.0,0.9715789473684211,0.960625
8.0,0.5555556,5.0,12.0,0.9703157894736842,0.959375
8.0,0.5555556,5.0,20.0,0.9698947368421053,0.959375
8.0,0.5555556,5.0,32.0,0.9694736842105263,0.9556250000000001
8.0,0.5555556,5.0,50.0,0.9682105263157894,0.95375
8.0,0.5555556,5.0,80.0,0.9640000000000001,0.95
8.0,0.5555556,5.0,128.0,0.9568421052631578,0.9400000000000001
8.0,0.5555556,7.0,2.0,0.9686315789473685,0.9581250000000001
8.0,0.5555556,7.0,3.0,0.9686315789473685,0.9581250000000001
8.0,0.5555556,7.0,5.0,0.9686315789473685,0.9581250000000001
8.0,0.5555556,7.0,8.0,0.9686315789473685,0.9581250000000001
8.0,0.5555556,7.0,12.0,0.9686315789473685,0.9581250000000001
8.0,0.5555556,7.0,20.0,0.968421052631579,0.96
8.0,0.5555556,7.0,32.0,0.968421052631579,0.95625
8.0,0.5555556,7.0,50.0,0.9656842105263157,0.954375
8.0,0.5555556,7.0,80.0,0.9640000000000001,0.9512499999999999
8.0,0.5555556,7.0,128.0,0.9560000000000001,0.9393750000000001
8.0,0.5555556,9.0,2.0,0.9677894736842105,0.95625
8.0,0.5555556,9.0,3.0,0.9677894736842105,0.95625
8.0,0.5555556,9.0,5.0,0.9677894736842105,0.95625
8.0,0.5555556,9.0,8.0,0.9677894736842105,0.95625
8.0,0.5555556,9.0,12.0,0.9677894736842105,0.95625
8.0,0.5555556,9.0,20.0,0.9677894736842105,0.9568749999999999
8.0,0.5555556,9.0,32.0,0.967578947368421,0.9556250000000001
8.0,0.5555556,9.0,50.0,0.9650526315789474,0.953125
8.0,0.5555556,9.0,80.0,0.9625263157894736,0.9506249999999999
8.0,0.5555556,9.0,128.0,0.9557894736842105,0.93875
8.0,0.5555556,11.0,2.0,0.967157894736842,0.9574999999999999
8.0,0.5555556,11.0,3.0,0.967157894736842,0.9574999999999999
8.0,0.5555556,11.0,5.0,0.967157894736842,0.9574999999999999
8.0,0.5555556,11.0,8.0,0.967157894736842,0.9574999999999999
8.0,0.5555556,11.0,12.0,0.967157894736842,0.9574999999999999
8.0,0.5555556,11.0,20.0,0.967157894736842,0.9574999999999999
8.0,0.5555556,11.0,32.0,0.9665263157894737,0.95625
8.0,0.5555556,11.0,50.0,0.964842105263158,0.9568749999999999
8.0,0.5555556,11.0,80.0,0.9623157894736842,0.95
8.0,0.5555556,11.0,128.0,0.9562105263157894,0.93875
8.0,0.5555556,13.0,2.0,0.9669473684210527,0.9550000000000001
8.0,0.5555556,13.0,3.0,0.9669473684210527,0.9550000000000001
8.0,0.5555556,13.0,5.0,0.9669473684210527,0.9550000000000001
8.0,0.5555556,13.0,8.0,0.9669473684210527,0.9550000000000001
8.0,0.5555556,13.0,12.0,0.9669473684210527,0.9550000000000001
8.0,0.5555556,13.0,20.0,0.9669473684210527,0.9550000000000001
8.0,0.5555556,13.0,32.0,0.9661052631578947,0.954375
8.0,0.5555556,13.0,50.0,0.9652631578947368,0.9556250000000001
8.0,0.5555556,13.0,80.0,0.9621052631578948,0.9493750000000001
8.0,0.5555556,13.0,128.0,0.9560000000000001,0.93875
8.0,0.5555556,15.0,2.0,0.9667368421052632,0.953125
8.0,0.5555556,15.0,3.0,0.9667368421052632,0.953125
8.0,0.5555556,15.0,5.0,0.9667368421052632,0.953125
8.0,0.5555556,15.0,8.0,0.9667368421052632,0.953125
8.0,0.5555556,15.0,12.0,0.9667368421052632,0.953125
8.0,0.5555556,15.0,20.0,0.9667368421052632,0.953125
8.0,0.5555556,15.0,32.0,0.9658947368421054,0.95375
8.0,0.5555556,15.0,50.0,0.9654736842105264,0.95625
8.0,0.5555556,15.0,80.0,0.9625263157894736,0.9487500000000001
8.0,0.5555556,15.0,128.0,0.9566315789473684,0.9393750000000001
8.0,0.5555556,17.0,2.0,0.9658947368421054,0.953125
8.0,0.5555556,17.0,3.0,0.9658947368421054,0.953125
8.0,0.5555556,17.0,5.0,0.9658947368421054,0.953125
8.0,0.5555556,17.0,8.0,0.9658947368421054,0.953125
8.0,0.5555556,17.0,12.0,0.9658947368421054,0.953125
8.0,0.5555556,17.0,20.0,0.9658947368421054,0.953125
8.0,0.5555556,17.0,32.0,0.9658947368421054,0.953125
8.0,0.5555556,17.0,50.0,0.9654736842105264,0.954375
8.0,0.5555556,17.0,80.0,0.9618947368421052,0.9481249999999999
8.0,0.5555556,17.0,128.0,0.9566315789473684,0.93875
8.0,0.5555556,20.0,2.0,0.9652631578947368,0.951875
8.0,0.5555556,20.0,3.0,0.9652631578947368,0.951875
8.0,0.5555556,20.0,5.0,0.9652631578947368,0.951875
8.0,0.5555556,20.0,8.0,0.9652631578947368,0.951875
8.0,0.5555556,20.0,12.0,0.9652631578947368,0.951875
8.0,0.5555556,20.0,20.0,0.9652631578947368,0.951875
8.0,0.5555556,20.0,32.0,0.9652631578947368,0.951875
8.0,0.5555556,20.0,50.0,0.9652631578947368,0.95375
8.0,0.5555556,20.0,80.0,0.9625263157894736,0.9493750000000001
8.0,0.5555556,20.0,128.0,0.9564210526315791,0.9393750000000001
8.0,0.6666667,1.0,2.0,0.984421052631579,0.9818749999999999
8.0,0.6666667,1.0,3.0,0.9842105263157894,0.98125
8.0,0.6666667,1.0,5.0,0.9846315789473683,0.9824999999999999
8.0,0.6666667,1.0,8.0,0.9833684210526317,0.9818749999999999
8.0,0.6666667,1.0,12.0,0.9833684210526317,0.9824999999999999
8.0,0.6666667,1.0,20.0,0.9808421052631578,0.9824999999999999
8.0,0.6666667,1.0,32.0,0.9806315789473684,0.9806250000000001
8.0,0.6666667,1.0,50.0,0.9774736842105263,0.975625
8.0,0.6666667,1.0,80.0,0.9726315789473684,0.971875
8.0,0.6666667,1.0,128.0,0.9618947368421052,0.945625
8.0,0.6666667,3.0,2.0,0.9827368421052631,0.9824999999999999
8.0,0.6666667,3.0,3.0,0.9827368421052631,0.9824999999999999
8.0,0.6666667,3.0,5.0,0.9827368421052631,0.9824999999999999
8.0,0.6666667,3.0,8.0,0.9827368421052631,0.9824999999999999
8.0,0.6666667,3.0,12.0,0.9823157894736843,0.9824999999999999
8.0,0.6666667,3.0,20.0,0.9806315789473684,0.9824999999999999
8.0,0.6666667,3.0,32.0,0.9795789473684211,0.98125
8.0,0.6666667,3.0,50.0,0.9770526315789473,0.97625
8.0,0.6666667,3.0,80.0,0.9730526315789474,0.9712500000000001
8.0,0.6666667,3.0,128.0,0.9614736842105263,0.945625
8.0,0.6666667,5.0,2.0,0.9806315789473684,0.9824999999999999
8.0,0.6666667,5.0,3.0,0.9806315789473684,0.9824999999999999
8.0,0.6666667,5.0,5.0,0.9806315789473684,0.9824999999999999
8.0,0.6666667,5.0,8.0,0.9806315789473684,0.9824999999999999
8.0,0.6666667,5.0,12.0,0.9804210526315789,0.9824999999999999
8.0,0.6666667,5.0,20.0,0.9804210526315789,0.9824999999999999
8.0,0.6666667,5.0,32.0,0.9781052631578948,0.9806250000000001
8.0,0.6666667,5.0,50.0,0.9757894736842104,0.976875
8.0,0.6666667,5.0,80.0,0.9720000000000001,0.969375
8.0,0.6666667,5.0,128.0,0.96,0.945625
8.0,0.6666667,7.0,2.0,0.9791578947368421,0.9824999999999999
8.0,0.6666667,7.0,3.0,0.9791578947368421,0.9824999999999999
8.0,0.6666667,7.0,5.0,0.9791578947368421,0.9824999999999999
8.0,0.6666667,7.0,8.0,0.9791578947368421,0.9824999999999999
8.0,0.6666667,7.0,12.0,0.9791578947368421,0.9824999999999999
8.0,0.6666667,7.0,20.0,0.9783157894736842,0.98125
8.0,0.6666667,7.0,32.0,0.9772631578947368,0.9818749999999999
8.0,0.6666667,7.0,50.0,0.9743157894736841,0.976875
8.0,0.6666667,7.0,80.0,0.9709473684210526,0.96875
8.0,0.6666667,7.0,128.0,0.960421052631579,0.945625
8.0,0.6666667,9.0,2.0,0.9774736842105263,0.9800000000000001
8.0,0.6666667,9.0,3.0,0.9774736842105263,0.9800000000000001
8.0,0.6666667,9.0,5.0,0.9774736842105263,0.9800000000000001
8.0,0.6666667,9.0,8.0,0.9774736842105263,0.9800000000000001
8.0,0.6666667,9.0,12.0,0.9774736842105263,0.9800000000000001
8.0,0.6666667,9.0,20.0,0.9766315789473683,0.9800000000000001
8.0,0.6666667,9.0,32.0,0.9766315789473683,0.98125
8.0,0.6666667,9.0,50.0,0.9734736842105264,0.975
8.0,0.6666667,9.0,80.0,0.9709473684210526,0.969375
8.0,0.6666667,9.0,128.0,0.960421052631579,0.9475
8.0,0.6666667,11.0,2.0,0.9743157894736842,0.978125
8.0,0.6666667,11.0,3.0,0.9743157894736842,0.978125
8.0,0.6666667,11.0,5.0,0.9743157894736842,0.978125
8.0,0.6666667,11.0,8.0,0.9743157894736842,0.978125
8.0,0.6666667,11.0,12.0,0.9743157894736842,0.978125
8.0,0.6666667,11.0,20.0,0.9743157894736842,0.978125
8.0,0.6666667,11.0,32.0,0.9753684210526317,0.9806250000000001
8.0,0.6666667,11.0,50.0,0.9736842105263157,0.974375
8.0,0.6666667,11.0,80.0,0.9709473684210526,0.969375
8.0,0.6666667,11.0,128.0,0.9610526315789475,0.9487500000000001
8.0,0.6666667,13.0,2.0,0.9738947368421054,0.97625
8.0,0.6666667,13.0,3.0,0.9738947368421054,0.97625
8.0,0.6666667,13.0,5.0,0.9738947368421054,0.97625
8.0,0.6666667,13.0,8.0,0.9738947368421054,0.97625
8.0,0.6666667,13.0,12.0,0.9738947368421054,0.97625
8.0,0.6666667,13.0,20.0,0.9738947368421054,0.97625
8.0,0.6666667,13.0,32.0,0.9741052631578947,0.975625
8.0,0.6666667,13.0,50.0,0.9736842105263157,0.975
8.0,0.6666667,13.0,80.0,0.9711578947368421,0.97
8.0,0.6666667,13.0,128.0,0.9608421052631579,0.9487500000000001
8.0,0.6666667,15.0,2.0,0.9728421052631578,0.9724999999999999
8.0,0.6666667,15.0,3.0,0.9728421052631578,0.9724999999999999
8.0,0.6666667,15.0,5.0,0.9728421052631578,0.9724999999999999
8.0,0.6666667,15.0,8.0,0.9728421052631578,0.9724999999999999
8.0,0.6666667,15.0,12.0,0.9728421052631578,0.9724999999999999
8.0,0.6666667,15.0,20.0,0.9728421052631578,0.9724999999999999
8.0,0.6666667,15.0,32.0,0.9730526315789474,0.974375
8.0,0.6666667,15.0,50.0,0.9734736842105264,0.97625
8.0,0.6666667,15.0,80.0,0.9711578947368421,0.969375
8.0,0.6666667,15.0,128.0,0.9608421052631579,0.9475
8.0,0.6666667,17.0,2.0,0.9734736842105264,0.974375
8.0,0.6666667,17.0,3.0,0.9734736842105264,0.974375
8.0,0.6666667,17.0,5.0,0.9734736842105264,0.974375
8.0,0.6666667,17.0,8.0,0.9734736842105264,0.974375
8.0,0.6666667,17.0,12.0,0.9734736842105264,0.974375
8.0,0.6666667,17.0,20.0,0.9734736842105264,0.974375
8.0,0.6666667,17.0,32.0,0.9734736842105264,0.974375
8.0,0.6666667,17.0,50.0,0.9724210526315791,0.974375
8.0,0.6666667,17.0,80.0,0.9709473684210526,0.968125
8.0,0.6666667,17.0,128.0,0.9608421052631579,0.946875
8.0,0.6666667,20.0,2.0,0.9728421052631578,0.9737500000000001
8.0,0.6666667,20.0,3.0,0.9728421052631578,0.9737500000000001
8.0,0.6666667,20.0,5.0,0.9728421052631578,0.9737500000000001
8.0,0.6666667,20.0,8.0,0.9728421052631578,0.9737500000000001
8.0,0.6666667,20.0,12.0,0.9728421052631578,0.9737500000000001
8.0,0.6666667,20.0,20.0,0.9728421052631578,0.9737500000000001
8.0,0.6666667,20.0,32.0,0.9728421052631578,0.9737500000000001
8.0,0.6666667,20.0,50.0,0.9726315789473684,0.974375
8.0,0.6666667,20.0,80.0,0.9709473684210526,0.968125
8.0,0.6666667,20.0,128.0,0.9608421052631579,0.9487500000000001
8.0,0.7777778,1.0,2.0,0.9941052631578948,0.99
8.0,0.7777778,1.0,3.0,0.9938947368421053,0.990625
8.0,0.7777778,1.0,5.0,0.9936842105263158,0.990625
8.0,0.7777778,1.0,8.0,0.992421052631579,0.9893750000000001
8.0,0.7777778,1.0,12.0,0.991157894736842,0.99
8.0,0.7777778,1.0,20.0,0.9898947368421052,0.9893750000000001
8.0,0.7777778,1.0,32.0,0.9867368421052631,0.985
8.0,0.7777778,1.0,50.0,0.9770526315789473,0.9793749999999999
8.0,0.7777778,1.0,80.0,0.9730526315789474,0.975
8.0,0.7777778,1.0,128.0,0.9623157894736842,0.9556250000000001
8.0,0.7777778,3.0,2.0,0.9917894736842106,0.990625
8.0,0.7777778,3.0,3.0,0.9917894736842106,0.990625
8.0,0.7777778,3.0,5.0,0.9917894736842106,0.990625
8.0,0.7777778,3.0,8.0,0.991157894736842,0.99
8.0,0.7777778,3.0,12.0,0.9903157894736843,0.9893750000000001
8.0,0.7777778,3.0,20.0,0.9884210526315791,0.9887499999999999
8.0,0.7777778,3.0,32.0,0.9852631578947368,0.985
8.0,0.7777778,3.0,50.0,0.9770526315789473,0.9800000000000001
8.0,0.7777778,3.0,80.0,0.9730526315789474,0.975
8.0,0.7777778,3.0,128.0,0.9623157894736842,0.9556250000000001
8.0,0.7777778,5.0,2.0,0.9882105263157894,0.9893750000000001
8.0,0.7777778,5.0,3.0,0.9882105263157894,0.9893750000000001
8.0,0.7777778,5.0,5.0,0.9882105263157894,0.9893750000000001
8.0,0.7777778,5.0,8.0,0.9882105263157894,0.9893750000000001
8.0,0.7777778,5.0,12.0,0.9875789473684211,0.9887499999999999
8.0,0.7777778,5.0,20.0,0.9861052631578948,0.9881249999999999
8.0,0.7777778,5.0,32.0,0.984,0.985
8.0,0.7777778,5.0,50.0,0.9772631578947368,0.98125
8.0,0.7777778,5.0,80.0,0.9726315789473684,0.975
8.0,0.7777778,5.0,128.0,0.9618947368421052,0.9556250000000001
8.0,0.7777778,7.0,2.0,0.9852631578947368,0.9887499999999999
8.0,0.7777778,7.0,3.0,0.9852631578947368,0.9887499999999999
8.0,0.7777778,7.0,5.0,0.9852631578947368,0.9887499999999999
8.0,0.7777778,7.0,8.0,0.9852631578947368,0.9887499999999999
8.0,0.7777778,7.0,12.0,0.9852631578947368,0.9887499999999999
8.0,0.7777778,7.0,20.0,0.984421052631579,0.9887499999999999
8.0,0.7777778,7.0,32.0,0.983578947368421,0.985625
8.0,0.7777778,7.0,50.0,0.976842105263158,0.9800000000000001
8.0,0.7777778,7.0,80.0,0.9726315789473684,0.975
8.0,0.7777778,7.0,128.0,0.9616842105263158,0.9556250000000001
8.0,0.7777778,9.0,2.0,0.9842105263157894,0.9881249999999999
8.0,0.7777778,9.0,3.0,0.9842105263157894,0.9881249999999999
8.0,0.7777778,9.0,5.0,0.9842105263157894,0.9881249999999999
8.0,0.7777778,9.0,8.0,0.9842105263157894,0.9881249999999999
8.0,0.7777778,9.0,12.0,0.9842105263157894,0.9881249999999999
8.0,0.7777778,9.0,20.0,0.984,0.9881249999999999
8.0,0.7777778,9.0,32.0,0.9827368421052632,0.985
8.0,0.7777778,9.0,50.0,0.976842105263158,0.98125
8.0,0.7777778,9.0,80.0,0.9726315789473684,0.975
8.0,0.7777778,9.0,128.0,0.9614736842105263,0.9556250000000001
8.0,0.7777778,11.0,2.0,0.9829473684210527,0.985625
8.0,0.7777778,11.0,3.0,0.9829473684210527,0.985625
8.0,0.7777778,11.0,5.0,0.9829473684210527,0.985625
8.0,0.7777778,11.0,8.0,0.9829473684210527,0.985625
8.0,0.7777778,11.0,12.0,0.9829473684210527,0.985625
8.0,0.7777778,11.0,20.0,0.9829473684210527,0.985625
8.0,0.7777778,11.0,32.0,0.9821052631578947,0.98375
8.0,0.7777778,11.0,50.0,0.975157894736842,0.9818749999999999
8.0,0.7777778,11.0,80.0,0.9726315789473684,0.975
8.0,0.7777778,11.0,128.0,0.9614736842105263,0.9556250000000001
8.0,0.7777778,13.0,2.0,0.9795789473684211,0.98375
8.0,0.7777778,13.0,3.0,0.9795789473684211,0.98375
8.0,0.7777778,13.0,5.0,0.9795789473684211,0.98375
8.0,0.7777778,13.0,8.0,0.9795789473684211,0.98375
8.0,0.7777778,13.0,12.0,0.9795789473684211,0.98375
8.0,0.7777778,13.0,20.0,0.9795789473684211,0.98375
8.0,0.7777778,13.0,32.0,0.9785263157894736,0.983125
8.0,0.7777778,13.0,50.0,0.9745263157894737,0.9800000000000001
8.0,0.7777778,13.0,80.0,0.9726315789473684,0.975
8.0,0.7777778,13.0,128.0,0.9614736842105263,0.9556250000000001
8.0,0.7777778,15.0,2.0,0.9766315789473683,0.9818749999999999
8.0,0.7777778,15.0,3.0,0.9766315789473683,0.9818749999999999
8.0,0.7777778,15.0,5.0,0.9766315789473683,0.9818749999999999
8.0,0.7777778,15.0,8.0,0.9766315789473683,0.9818749999999999
8.0,0.7777778,15.0,12.0,0.9766315789473683,0.9818749999999999
8.0,0.7777778,15.0,20.0,0.9766315789473683,0.9818749999999999
8.0,0.7777778,15.0,32.0,0.9762105263157895,0.9818749999999999
8.0,0.7777778,15.0,50.0,0.9736842105263157,0.9800000000000001
8.0,0.7777778,15.0,80.0,0.9726315789473684,0.975
8.0,0.7777778,15.0,128.0,0.9614736842105263,0.9556250000000001
8.0,0.7777778,17.0,2.0,0.9738947368421054,0.9818749999999999
8.0,0.7777778,17.0,3.0,0.9738947368421054,0.9818749999999999
8.0,0.7777778,17.0,5.0,0.9738947368421054,0.9818749999999999
8.0,0.7777778,17.0,8.0,0.9738947368421054,0.9818749999999999
8.0,0.7777778,17.0,12.0,0.9738947368421054,0.9818749999999999
8.0,0.7777778,17.0,20.0,0.9738947368421054,0.9818749999999999
8.0,0.7777778,17.0,32.0,0.9738947368421054,0.9818749999999999
8.0,0.7777778,17.0,50.0,0.9736842105263157,0.9793749999999999
8.0,0.7777778,17.0,80.0,0.9726315789473684,0.975
8.0,0.7777778,17.0,128.0,0.9614736842105263,0.9556250000000001
8.0,0.7777778,20.0,2.0,0.9734736842105264,0.9793749999999999
8.0,0.7777778,20.0,3.0,0.9734736842105264,0.9793749999999999
8.0,0.7777778,20.0,5.0,0.9734736842105264,0.9793749999999999
8.0,0.7777778,20.0,8.0,0.9734736842105264,0.9793749999999999
8.0,0.7777778,20.0,12.0,0.9734736842105264,0.9793749999999999
8.0,0.7777778,20.0,20.0,0.9734736842105264,0.9793749999999999
8.0,0.7777778,20.0,32.0,0.9734736842105264,0.9793749999999999
8.0,0.7777778,20.0,50.0,0.9734736842105264,0.9775
8.0,0.7777778,20.0,80.0,0.9726315789473684,0.975
8.0,0.7777778,20.0,128.0,0.9614736842105263,0.9556250000000001
8.0,0.8888889,1.0,2.0,0.992421052631579,0.99125
8.0,0.8888889,1.0,3.0,0.9922105263157895,0.99125
8.0,0.8888889,1.0,5.0,0.9913684210526317,0.990625
8.0,0.8888889,1.0,8.0,0.9907368421052631,0.990625
8.0,0.8888889,1.0,12.0,0.9903157894736843,0.99
8.0,0.8888889,1.0,20.0,0.9888421052631579,0.990625
8.0,0.8888889,1.0,32.0,0.9852631578947368,0.9881249999999999
8.0,0.8888889,1.0,50.0,0.9797894736842105,0.9818749999999999
8.0,0.8888889,1.0,80.0,0.9724210526315791,0.971875
8.0,0.8888889,1.0,128.0,0.9623157894736842,0.9556250000000001
8.0,0.8888889,3.0,2.0,0.9894736842105264,0.99
8.0,0.8888889,3.0,3.0,0.9894736842105264,0.99
8.0,0.8888889,3.0,5.0,0.9894736842105264,0.99
8.0,0.8888889,3.0,8.0,0.9898947368421052,0.990625
8.0,0.8888889,3.0,12.0,0.9890526315789474,0.99
8.0,0.8888889,3.0,20.0,0.9871578947368421,0.99
8.0,0.8888889,3.0,32.0,0.984842105263158,0.9875
8.0,0.8888889,3.0,50.0,0.9797894736842105,0.9818749999999999
8.0,0.8888889,3.0,80.0,0.9724210526315791,0.971875
8.0,0.8888889,3.0,128.0,0.9623157894736842,0.9556250000000001
8.0,0.8888889,5.0,2.0,0.9871578947368421,0.99125
8.0,0.8888889,5.0,3.0,0.9871578947368421,0.99125
8.0,0.8888889,5.0,5.0,0.9871578947368421,0.99125
8.0,0.8888889,5.0,8.0,0.9871578947368421,0.99125
8.0,0.8888889,5.0,12.0,0.9871578947368421,0.991875
8.0,0.8888889,5.0,20.0,0.9865263157894736,0.990625
8.0,0.8888889,5.0,32.0,0.984,0.9875
8.0,0.8888889,5.0,50.0,0.9797894736842105,0.9824999999999999
8.0,0.8888889,5.0,80.0,0.9724210526315791,0.971875
8.0,0.8888889,5.0,128.0,0.9618947368421052,0.9556250000000001
8.0,0.8888889,7.0,2.0,0.9852631578947368,0.9925
8.0,0.8888889,7.0,3.0,0.9852631578947368,0.9925
8.0,0.8888889,7.0,5.0,0.9852631578947368,0.9925
8.0,0.8888889,7.0,8.0,0.9852631578947368,0.9925
8.0,0.8888889,7.0,12.0,0.9852631578947368,0.9925
8.0,0.8888889,7.0,20.0,0.9854736842105263,0.990625
8.0,0.8888889,7.0,32.0,0.9850526315789473,0.9893750000000001
8.0,0.8888889,7.0,50.0,0.9797894736842105,0.9824999999999999
8.0,0.8888889,7.0,80.0,0.9717894736842105,0.971875
8.0,0.8888889,7.0,128.0,0.9618947368421052,0.9556250000000001
8.0,0.8888889,9.0,2.0,0.984842105263158,0.991875
8.0,0.8888889,9.0,3.0,0.984842105263158,0.991875
8.0,0.8888889,9.0,5.0,0.984842105263158,0.991875
8.0,0.8888889,9.0,8.0,0.984842105263158,0.991875
8.0,0.8888889,9.0,12.0,0.984842105263158,0.991875
8.0,0.8888889,9.0,20.0,0.984842105263158,0.991875
8.0,0.8888889,9.0,32.0,0.984,0.9887499999999999
8.0,0.8888889,9.0,50.0,0.9795789473684211,0.9818749999999999
8.0,0.8888889,9.0,80.0,0.9717894736842105,0.971875
8.0,0.8888889,9.0,128.0,0.9618947368421052,0.9556250000000001
8.0,0.8888889,11.0,2.0,0.983157894736842,0.9893750000000001
8.0,0.8888889,11.0,3.0,0.983157894736842,0.9893750000000001
8.0,0.8888889,11.0,5.0,0.983157894736842,0.9893750000000001
8.0,0.8888889,11.0,8.0,0.983157894736842,0.9893750000000001
8.0,0.8888889,11.0,12.0,0.983157894736842,0.9893750000000001
8.0,0.8888889,11.0,20.0,0.983157894736842,0.9893750000000001
8.0,0.8888889,11.0,32.0,0.9825263157894737,0.985625
8.0,0.8888889,11.0,50.0,0.9781052631578948,0.983125
8.0,0.8888889,11.0,80.0,0.9717894736842105,0.971875
8.0,0.8888889,11.0,128.0,0.9614736842105263,0.9556250000000001
8.0,0.8888889,13.0,2.0,0.9821052631578947,0.985625
8.0,0.8888889,13.0,3.0,0.9821052631578947,0.985625
8.0,0.8888889,13.0,5.0,0.9821052631578947,0.985625
8.0,0.8888889,13.0,8.0,0.9821052631578947,0.985625
8.0,0.8888889,13.0,12.0,0.9821052631578947,0.985625
8.0,0.8888889,13.0,20.0,0.9821052631578947,0.985625
8.0,0.8888889,13.0,32.0,0.9818947368421054,0.985
8.0,0.8888889,13.0,50.0,0.9770526315789473,0.983125
8.0,0.8888889,13.0,80.0,0.9715789473684211,0.9712500000000001
8.0,0.8888889,13.0,128.0,0.9618947368421052,0.9556250000000001
8.0,0.8888889,15.0,2.0,0.9802105263157894,0.983125
8.0,0.8888889,15.0,3.0,0.9802105263157894,0.983125
8.0,0.8888889,15.0,5.0,0.9802105263157894,0.983125
8.0,0.8888889,15.0,8.0,0.9802105263157894,0.983125
8.0,0.8888889,15.0,12.0,0.9802105263157894,0.983125
8.0,0.8888889,15.0,20.0,0.9802105263157894,0.983125
8.0,0.8888889,15.0,32.0,0.9795789473684211,0.98375
8.0,0.8888889,15.0,50.0,0.9762105263157895,0.983125
8.0,0.8888889,15.0,80.0,0.9715789473684211,0.9712500000000001
8.0,0.8888889,15.0,128.0,0.9614736842105263,0.9556250000000001
8.0,0.8888889,17.0,2.0,0.9776842105263158,0.9824999999999999
8.0,0.8888889,17.0,3.0,0.9776842105263158,0.9824999999999999
8.0,0.8888889,17.0,5.0,0.9776842105263158,0.9824999999999999
8.0,0.8888889,17.0,8.0,0.9776842105263158,0.9824999999999999
8.0,0.8888889,17.0,12.0,0.9776842105263158,0.9824999999999999
8.0,0.8888889,17.0,20.0,0.9776842105263158,0.9824999999999999
8.0,0.8888889,17.0,32.0,0.9776842105263158,0.9824999999999999
8.0,0.8888889,17.0,50.0,0.9743157894736842,0.9818749999999999
8.0,0.8888889,17.0,80.0,0.9715789473684211,0.9712500000000001
8.0,0.8888889,17.0,128.0,0.9614736842105263,0.9556250000000001
8.0,0.8888889,20.0,2.0,0.9738947368421054,0.9800000000000001
8.0,0.8888889,20.0,3.0,0.9738947368421054,0.9800000000000001
8.0,0.8888889,20.0,5.0,0.9738947368421054,0.9800000000000001
8.0,0.8888889,20.0,8.0,0.9738947368421054,0.9800000000000001
8.0,0.8888889,20.0,12.0,0.9738947368421054,0.9800000000000001
8.0,0.8888889,20.0,20.0,0.9738947368421054,0.9800000000000001
8.0,0.8888889,20.0,32.0,0.9738947368421054,0.9800000000000001
8.0,0.8888889,20.0,50.0,0.9738947368421054,0.9799999999999999
8.0,0.8888889,20.0,80.0,0.9715789473684211,0.9712500000000001
8.0,0.8888889,20.0,128.0,0.9614736842105263,0.9556250000000001
8.0,1.0,1.0,2.0,0.9892631578947368,0.9868750000000001
8.0,1.0,1.0,3.0,0.9886315789473684,0.9868750000000001
8.0,1.0,1.0,5.0,0.9879999999999999,0.9862500000000001
8.0,1.0,1.0,8.0,0.9873684210526316,0.9862500000000001
8.0,1.0,1.0,12.0,0.9873684210526316,0.9868750000000001
8.0,1.0,1.0,20.0,0.9861052631578946,0.9881249999999999
8.0,1.0,1.0,32.0,0.984421052631579,0.985625
8.0,1.0,1.0,50.0,0.9806315789473684,0.98375
8.0,1.0,1.0,80.0,0.9751578947368422,0.9724999999999999
8.0,1.0,1.0,128.0,0.9547368421052631,0.95
8.0,1.0,3.0,2.0,0.9867368421052631,0.9862500000000001
8.0,1.0,3.0,3.0,0.9867368421052631,0.9862500000000001
8.0,1.0,3.0,5.0,0.9867368421052631,0.9862500000000001
8.0,1.0,3.0,8.0,0.9865263157894738,0.9862500000000001
8.0,1.0,3.0,12.0,0.9865263157894736,0.9868750000000001
8.0,1.0,3.0,20.0,0.9856842105263158,0.9881249999999999
8.0,1.0,3.0,32.0,0.9842105263157895,0.985625
8.0,1.0,3.0,50.0,0.9806315789473684,0.98375
8.0,1.0,3.0,80.0,0.9751578947368422,0.9724999999999999
8.0,1.0,3.0,128.0,0.9547368421052631,0.95
8.0,1.0,5.0,2.0,0.9867368421052631,0.9868750000000001
8.0,1.0,5.0,3.0,0.9867368421052631,0.9868750000000001
8.0,1.0,5.0,5.0,0.9867368421052631,0.9868750000000001
8.0,1.0,5.0,8.0,0.9867368421052631,0.9868750000000001
8.0,1.0,5.0,12.0,0.9865263157894736,0.9868750000000001
8.0,1.0,5.0,20.0,0.9856842105263158,0.9881249999999999
8.0,1.0,5.0,32.0,0.984,0.985625
8.0,1.0,5.0,50.0,0.9806315789473684,0.98375
8.0,1.0,5.0,80.0,0.9751578947368422,0.9724999999999999
8.0,1.0,5.0,128.0,0.9547368421052631,0.95
8.0,1.0,7.0,2.0,0.9854736842105263,0.990625
8.0,1.0,7.0,3.0,0.9854736842105263,0.990625
8.0,1.0,7.0,5.0,0.9854736842105263,0.990625
8.0,1.0,7.0,8.0,0.9854736842105263,0.990625
8.0,1.0,7.0,12.0,0.9854736842105263,0.990625
8.0,1.0,7.0,20.0,0.9852631578947368,0.99125
8.0,1.0,7.0,32.0,0.9833684210526317,0.985
8.0,1.0,7.0,50.0,0.9806315789473684,0.98375
8.0,1.0,7.0,80.0,0.9751578947368422,0.9724999999999999
8.0,1.0,7.0,128.0,0.9543157894736842,0.95
8.0,1.0,9.0,2.0,0.984842105263158,0.990625
8.0,1.0,9.0,3.0,0.984842105263158,0.990625
8.0,1.0,9.0,5.0,0.984842105263158,0.990625
8.0,1.0,9.0,8.0,0.984842105263158,0.990625
8.0,1.0,9.0,12.0,0.984842105263158,0.990625
8.0,1.0,9.0,20.0,0.984842105263158,0.990625
8.0,1.0,9.0,32.0,0.9827368421052632,0.9875
8.0,1.0,9.0,50.0,0.9808421052631578,0.98375
8.0,1.0,9.0,80.0,0.9751578947368422,0.9724999999999999
8.0,1.0,9.0,128.0,0.9543157894736842,0.95
8.0,1.0,11.0,2.0,0.9833684210526317,0.9887499999999999
8.0,1.0,11.0,3.0,0.9833684210526317,0.9887499999999999
8.0,1.0,11.0,5.0,0.9833684210526317,0.9887499999999999
8.0,1.0,11.0,8.0,0.9833684210526317,0.9887499999999999
8.0,1.0,11.0,12.0,0.9833684210526317,0.9887499999999999
8.0,1.0,11.0,20.0,0.9833684210526317,0.9887499999999999
8.0,1.0,11.0,32.0,0.9827368421052631,0.9862500000000001
8.0,1.0,11.0,50.0,0.9795789473684211,0.98375
8.0,1.0,11.0,80.0,0.9751578947368422,0.9724999999999999
8.0,1.0,11.0,128.0,0.9543157894736842,0.95
8.0,1.0,13.0,2.0,0.9806315789473684,0.98375
8.0,1.0,13.0,3.0,0.9806315789473684,0.98375
8.0,1.0,13.0,5.0,0.9806315789473684,0.98375
8.0,1.0,13.0,8.0,0.9806315789473684,0.98375
8.0,1.0,13.0,12.0,0.9806315789473684,0.98375
8.0,1.0,13.0,20.0,0.9806315789473684,0.98375
8.0,1.0,13.0,32.0,0.9808421052631578,0.9824999999999999
8.0,1.0,13.0,50.0,0.9778947368421053,0.9818749999999999
8.0,1.0,13.0,80.0,0.9743157894736842,0.9724999999999999
8.0,1.0,13.0,128.0,0.9534736842105263,0.95
8.0,1.0,15.0,2.0,0.9800000000000001,0.983125
8.0,1.0,15.0,3.0,0.9800000000000001,0.983125
8.0,1.0,15.0,5.0,0.9800000000000001,0.983125
8.0,1.0,15.0,8.0,0.9800000000000001,0.983125
8.0,1.0,15.0,12.0,0.9800000000000001,0.983125
8.0,1.0,15.0,20.0,0.9800000000000001,0.983125
8.0,1.0,15.0,32.0,0.9800000000000001,0.983125
8.0,1.0,15.0,50.0,0.976842105263158,0.9818749999999999
8.0,1.0,15.0,80.0,0.9734736842105264,0.9724999999999999
8.0,1.0,15.0,128.0,0.9526315789473685,0.95
8.0,1.0,17.0,2.0,0.9781052631578948,0.9818749999999999
8.0,1.0,17.0,3.0,0.9781052631578948,0.9818749999999999
8.0,1.0,17.0,5.0,0.9781052631578948,0.9818749999999999
8.0,1.0,17.0,8.0,0.9781052631578948,0.9818749999999999
8.0,1.0,17.0,12.0,0.9781052631578948,0.9818749999999999
8.0,1.0,17.0,20.0,0.9781052631578948,0.9818749999999999
8.0,1.0,17.0,32.0,0.9781052631578948,0.9818749999999999
8.0,1.0,17.0,50.0,0.975578947368421,0.97875
8.0,1.0,17.0,80.0,0.9720000000000001,0.96875
8.0,1.0,17.0,128.0,0.951157894736842,0.94625
8.0,1.0,20.0,2.0,0.9736842105263157,0.978125
8.0,1.0,20.0,3.0,0.9736842105263157,0.978125
8.0,1.0,20.0,5.0,0.9736842105263157,0.978125
8.0,1.0,20.0,8.0,0.9736842105263157,0.978125
8.0,1.0,20.0,12.0,0.9736842105263157,0.978125
8.0,1.0,20.0,20.0,0.9736842105263157,0.978125
8.0,1.0,20.0,32.0,0.9736842105263157,0.978125
8.0,1.0,20.0,50.0,0.9736842105263157,0.976875
8.0,1.0,20.0,80.0,0.9711578947368421,0.96875
8.0,1.0,20.0,128.0,0.9503157894736842,0.94625
13.0,0.0,1.0,2.0,0.9879999999999999,0.95625
13.0,0.0,1.0,3.0,0.9877894736842106,0.95875
13.0,0.0,1.0,5.0,0.9861052631578946,0.9581250000000001
13.0,0.0,1.0,8.0,0.9816842105263157,0.9574999999999999
13.0,0.0,1.0,12.0,0.9783157894736842,0.9512499999999999
13.0,0.0,1.0,20.0,0.9682105263157895,0.9475
13.0,0.0,1.0,32.0,0.9631578947368421,0.9393750000000001
13.0,0.0,1.0,50.0,0.9530526315789473,0.9356249999999999
13.0,0.0,1.0,80.0,0.9378947368421052,0.92125
13.0,0.0,1.0,128.0,0.9258947368421053,0.915625
13.0,0.0,3.0,2.0,0.968,0.946875
13.0,0.0,3.0,3.0,0.968,0.946875
13.0,0.0,3.0,5.0,0.968,0.946875
13.0,0.0,3.0,8.0,0.968,0.943125
13.0,0.0,3.0,12.0,0.9646315789473684,0.945625
13.0,0.0,3.0,20.0,0.9583157894736842,0.9412499999999999
13.0,0.0,3.0,32.0,0.9507368421052632,0.930625
13.0,0.0,3.0,50.0,0.940421052631579,0.9275
13.0,0.0,3.0,80.0,0.9298947368421052,0.91375
13.0,0.0,3.0,128.0,0.9191578947368422,0.9037499999999999
13.0,0.0,5.0,2.0,0.9545263157894738,0.9337500000000001
13.0,0.0,5.0,3.0,0.9545263157894738,0.9337500000000001
13.0,0.0,5.0,5.0,0.9545263157894738,0.9337500000000001
13.0,0.0,5.0,8.0,0.9545263157894738,0.9337500000000001
13.0,0.0,5.0,12.0,0.9498947368421053,0.9324999999999999
13.0,0.0,5.0,20.0,0.948421052631579,0.929375
13.0,0.0,5.0,32.0,0.9456842105263158,0.9275
13.0,0.0,5.0,50.0,0.9343157894736842,0.925
13.0,0.0,5.0,80.0,0.9254736842105263,0.91375
13.0,0.0,5.0,128.0,0.9176842105263159,0.9018750000000001
13.0,0.0,7.0,2.0,0.9393684210526316,0.9243750000000001
13.0,0.0,7.0,3.0,0.9393684210526316,0.9243750000000001
13.0,0.0,7.0,5.0,0.9393684210526316,0.9243750000000001
13.0,0.0,7.0,8.0,0.9393684210526316,0.9243750000000001
13.0,0.0,7.0,12.0,0.9393684210526316,0.9243750000000001
13.0,0.0,7.0,20.0,0.9374736842105262,0.92125
13.0,0.0,7.0,32.0,0.9334736842105263,0.92125
13.0,0.0,7.0,50.0,0.9292631578947368,0.915625
13.0,0.0,7.0,80.0,0.9204210526315789,0.909375
13.0,0.0,7.0,128.0,0.9130526315789474,0.896875
13.0,0.0,9.0,2.0,0.927578947368421,0.915625
13.0,0.0,9.0,3.0,0.927578947368421,0.915625
13.0,0.0,9.0,5.0,0.927578947368421,0.915625
13.0,0.0,9.0,8.0,0.927578947368421,0.915625
13.0,0.0,9.0,12.0,0.927578947368421,0.915625
13.0,0.0,9.0,20.0,0.9294736842105262,0.91875
13.0,0.0,9.0,32.0,0.9277894736842105,0.91625
13.0,0.0,9.0,50.0,0.9229473684210527,0.9099999999999999
13.0,0.0,9.0,80.0,0.9143157894736842,0.903125
13.0,0.0,9.0,128.0,0.9061052631578947,0.8875
13.0,0.0,11.0,2.0,0.9204210526315789,0.9106249999999999
13.0,0.0,11.0,3.0,0.9204210526315789,0.9106249999999999
13.0,0.0,11.0,5.0,0.9204210526315789,0.9106249999999999
13.0,0.0,11.0,8.0,0.9204210526315789,0.9106249999999999
13.0,0.0,11.0,12.0,0.9204210526315789,0.9106249999999999
13.0,0.0,11.0,20.0,0.9204210526315789,0.9106249999999999
13.0,0.0,11.0,32.0,0.9206315789473685,0.9106249999999999
13.0,0.0,11.0,50.0,0.9168421052631579,0.900625
13.0,0.0,11.0,80.0,0.9101052631578946,0.8956250000000001
13.0,0.0,11.0,128.0,0.8993684210526316,0.8825
13.0,0.0,13.0,2.0,0.9134736842105262,0.9018750000000001
13.0,0.0,13.0,3.0,0.9134736842105262,0.9018750000000001
13.0,0.0,13.0,5.0,0.9134736842105262,0.9018750000000001
13.0,0.0,13.0,8.0,0.9134736842105262,0.9018750000000001
13.0,0.0,13.0,12.0,0.9134736842105262,0.9018750000000001
13.0,0.0,13.0,20.0,0.9134736842105262,0.9018750000000001
13.0,0.0,13.0,32.0,0.9130526315789474,0.89875
13.0,0.0,13.0,50.0,0.9120000000000001,0.89875
13.0,0.0,13.0,80.0,0.9056842105263158,0.891875
13.0,0.0,13.0,128.0,0.8941052631578948,0.88375
13.0,0.0,15.0,2.0,0.9056842105263158,0.89375
13.0,0.0,15.0,3.0,0.9056842105263158,0.89375
13.0,0.0,15.0,5.0,0.9056842105263158,0.89375
13.0,0.0,15.0,8.0,0.9056842105263158,0.89375
13.0,0.0,15.0,12.0,0.9056842105263158,0.89375
13.0,0.0,15.0,20.0,0.9056842105263158,0.89375
13.0,0.0,15.0,32.0,0.9101052631578949,0.8949999999999999
13.0,0.0,15.0,50.0,0.9010526315789473,0.891875
13.0,0.0,15.0,80.0,0.9021052631578946,0.89
13.0,0.0,15.0,128.0,0.8898947368421053,0.8768750000000001
13.0,0.0,17.0,2.0,0.9046315789473685,0.890625
13.0,0.0,17.0,3.0,0.9046315789473685,0.890625
13.0,0.0,17.0,5.0,0.9046315789473685,0.890625
13.0,0.0,17.0,8.0,0.9046315789473685,0.890625
13.0,0.0,17.0,12.0,0.9046315789473685,0.890625
13.0,0.0,17.0,20.0,0.9046315789473685,0.890625
13.0,0.0,17.0,32.0,0.9046315789473685,0.890625
13.0,0.0,17.0,50.0,0.9006315789473683,0.88125
13.0,0.0,17.0,80.0,0.8960000000000001,0.88375
13.0,0.0,17.0,128.0,0.8856842105263159,0.874375
13.0,0.0,20.0,2.0,0.8926315789473683,0.880625
13.0,0.0,20.0,3.0,0.8926315789473683,0.880625
13.0,0.0,20.0,5.0,0.8926315789473683,0.880625
13.0,0.0,20.0,8.0,0.8926315789473683,0.880625
13.0,0.0,20.0,12.0,0.8926315789473683,0.880625
13.0,0.0,20.0,20.0,0.8926315789473683,0.880625
13.0,0.0,20.0,32.0,0.8926315789473683,0.880625
13.0,0.0,20.0,50.0,0.892,0.8800000000000001
13.0,0.0,20.0,80.0,0.8901052631578947,0.88125
13.0,0.0,20.0,128.0,0.882736842105263,0.869375
13.0,0.11111111,1.0,2.0,0.9917894736842106,0.968125
13.0,0.11111111,1.0,3.0,0.9898947368421052,0.96875
13.0,0.11111111,1.0,5.0,0.9890526315789474,0.9662499999999999
13.0,0.11111111,1.0,8.0,0.984421052631579,0.9625
13.0,0.11111111,1.0,12.0,0.9808421052631578,0.96125
13.0,0.11111111,1.0,20.0,0.9762105263157895,0.95625
13.0,0.11111111,1.0,32.0,0.967578947368421,0.9493750000000001
13.0,0.11111111,1.0,50.0,0.9614736842105263,0.9475
13.0,0.11111111,1.0,80.0,0.9560000000000001,0.938125
13.0,0.11111111,1.0,128.0,0.9498947368421053,0.936875
13.0,0.11111111,3.0,2.0,0.9772631578947368,0.95375
13.0,0.11111111,3.0,3.0,0.9772631578947368,0.95375
13.0,0.11111111,3.0,5.0,0.9772631578947368,0.95375
13.0,0.11111111,3.0,8.0,0.9753684210526317,0.95375
13.0,0.11111111,3.0,12.0,0.9707368421052631,0.9556250000000001
13.0,0.11111111,3.0,20.0,0.9673684210526317,0.9487500000000001
13.0,0.11111111,3.0,32.0,0.9625263157894738,0.945
13.0,0.11111111,3.0,50.0,0.959578947368421,0.944375
13.0,0.11111111,3.0,80.0,0.9541052631578948,0.936875
13.0,0.11111111,3.0,128.0,0.948421052631579,0.93625
13.0,0.11111111,5.0,2.0,0.9644210526315788,0.9493750000000001
13.0,0.11111111,5.0,3.0,0.9644210526315788,0.9493750000000001
13.0,0.11111111,5.0,5.0,0.9644210526315788,0.9493750000000001
13.0,0.11111111,5.0,8.0,0.9644210526315788,0.9493750000000001
13.0,0.11111111,5.0,12.0,0.9652631578947368,0.9493750000000001
13.0,0.11111111,5.0,20.0,0.9608421052631579,0.9475
13.0,0.11111111,5.0,32.0,0.9589473684210527,0.9425000000000001
13.0,0.11111111,5.0,50.0,0.9570526315789474,0.943125
13.0,0.11111111,5.0,80.0,0.9530526315789473,0.936875
13.0,0.11111111,5.0,128.0,0.9477894736842105,0.9324999999999999
13.0,0.11111111,7.0,2.0,0.9591578947368422,0.944375
13.0,0.11111111,7.0,3.0,0.9591578947368422,0.944375
13.0,0.11111111,7.0,5.0,0.9591578947368422,0.944375
13.0,0.11111111,7.0,8.0,0.9591578947368422,0.944375
13.0,0.11111111,7.0,12.0,0.9591578947368422,0.944375
13.0,0.11111111,7.0,20.0,0.9574736842105264,0.9425000000000001
13.0,0.11111111,7.0,32.0,0.9555789473684211,0.93875
13.0,0.11111111,7.0,50.0,0.9551578947368421,0.9412499999999999
13.0,0.11111111,7.0,80.0,0.9522105263157895,0.936875
13.0,0.11111111,7.0,128.0,0.9456842105263158,0.931875
13.0,0.11111111,9.0,2.0,0.9553684210526316,0.9393750000000001
13.0,0.11111111,9.0,3.0,0.9553684210526316,0.9393750000000001
13.0,0.11111111,9.0,5.0,0.9553684210526316,0.9393750000000001
13.0,0.11111111,9.0,8.0,0.9553684210526316,0.9393750000000001
13.0,0.11111111,9.0,12.0,0.9553684210526316,0.9393750000000001
13.0,0.11111111,9.0,20.0,0.9562105263157894,0.9393750000000001
13.0,0.11111111,9.0,32.0,0.9532631578947368,0.938125
13.0,0.11111111,9.0,50.0,0.9528421052631579,0.93875
13.0,0.11111111,9.0,80.0,0.9480000000000001,0.93625
13.0,0.11111111,9.0,128.0,0.9429473684210526,0.930625
13.0,0.11111111,11.0,2.0,0.9517894736842105,0.936875
13.0,0.11111111,11.0,3.0,0.9517894736842105,0.936875
13.0,0.11111111,11.0,5.0,0.9517894736842105,0.936875
13.0,0.11111111,11.0,8.0,0.9517894736842105,0.936875
13.0,0.11111111,11.0,12.0,0.9517894736842105,0.936875
13.0,0.11111111,11.0,20.0,0.9517894736842105,0.936875
13.0,0.11111111,11.0,32.0,0.9517894736842105,0.938125
13.0,0.11111111,11.0,50.0,0.9513684210526316,0.9375
13.0,0.11111111,11.0,80.0,0.9454736842105262,0.934375
13.0,0.11111111,11.0,128.0,0.9421052631578947,0.93
13.0,0.11111111,13.0,2.0,0.9505263157894737,0.9356249999999999
13.0,0.11111111,13.0,3.0,0.9505263157894737,0.9356249999999999
13.0,0.11111111,13.0,5.0,0.9505263157894737,0.9356249999999999
13.0,0.11111111,13.0,8.0,0.9505263157894737,0.9356249999999999
13.0,0.11111111,13.0,12.0,0.9505263157894737,0.9356249999999999
13.0,0.11111111,13.0,20.0,0.9505263157894737,0.9356249999999999
13.0,0.11111111,13.0,32.0,0.9494736842105264,0.936875
13.0,0.11111111,13.0,50.0,0.9490526315789474,0.9331250000000001
13.0,0.11111111,13.0,80.0,0.9425263157894737,0.9331250000000001
13.0,0.11111111,13.0,128.0,0.9416842105263157,0.929375
13.0,0.11111111,15.0,2.0,0.9461052631578948,0.9337500000000001
13.0,0.11111111,15.0,3.0,0.9461052631578948,0.9337500000000001
13.0,0.11111111,15.0,5.0,0.9461052631578948,0.9337500000000001
13.0,0.11111111,15.0,8.0,0.9461052631578948,0.9337500000000001
13.0,0.11111111,15.0,12.0,0.9461052631578948,0.9337500000000001
13.0,0.11111111,15.0,20.0,0.9461052631578948,0.9337500000000001
13.0,0.11111111,15.0,32.0,0.9473684210526315,0.934375
13.0,0.11111111,15.0,50.0,0.948421052631579,0.9337500000000001
13.0,0.11111111,15.0,80.0,0.9427368421052632,0.9324999999999999
13.0,0.11111111,15.0,128.0,0.940421052631579,0.929375
13.0,0.11111111,17.0,2.0,0.9452631578947368,0.9331250000000001
13.0,0.11111111,17.0,3.0,0.9452631578947368,0.9331250000000001
13.0,0.11111111,17.0,5.0,0.9452631578947368,0.9331250000000001
13.0,0.11111111,17.0,8.0,0.9452631578947368,0.9331250000000001
13.0,0.11111111,17.0,12.0,0.9452631578947368,0.9331250000000001
13.0,0.11111111,17.0,20.0,0.9452631578947368,0.9331250000000001
13.0,0.11111111,17.0,32.0,0.9452631578947368,0.9331250000000001
13.0,0.11111111,17.0,50.0,0.943578947368421,0.93
13.0,0.11111111,17.0,80.0,0.9412631578947368,0.93125
13.0,0.11111111,17.0,128.0,0.9381052631578948,0.929375
13.0,0.11111111,20.0,2.0,0.9429473684210526,0.9324999999999999
13.0,0.11111111,20.0,3.0,0.9429473684210526,0.9324999999999999
13.0,0.11111111,20.0,5.0,0.9429473684210526,0.9324999999999999
13.0,0.11111111,20.0,8.0,0.9429473684210526,0.9324999999999999
13.0,0.11111111,20.0,12.0,0.9429473684210526,0.9324999999999999
13.0,0.11111111,20.0,20.0,0.9429473684210526,0.9324999999999999
13.0,0.11111111,20.0,32.0,0.9429473684210526,0.9324999999999999
13.0,0.11111111,20.0,50.0,0.9412631578947369,0.93
13.0,0.11111111,20.0,80.0,0.940421052631579,0.93
13.0,0.11111111,20.0,128.0,0.9376842105263158,0.9275
13.0,0.22222222,1.0,2.0,0.992842105263158,0.975625
13.0,0.22222222,1.0,3.0,0.991578947368421,0.974375
13.0,0.22222222,1.0,5.0,0.9901052631578947,0.974375
13.0,0.22222222,1.0,8.0,0.9873684210526316,0.971875
13.0,0.22222222,1.0,12.0,0.9852631578947368,0.968125
13.0,0.22222222,1.0,20.0,0.9810526315789474,0.963125
13.0,0.22222222,1.0,32.0,0.9736842105263157,0.9550000000000001
13.0,0.22222222,1.0,50.0,0.9677894736842105,0.9525
13.0,0.22222222,1.0,80.0,0.9612631578947368,0.9475
13.0,0.22222222,1.0,128.0,0.959157894736842,0.943125
13.0,0.22222222,3.0,2.0,0.9804210526315789,0.9662499999999999
13.0,0.22222222,3.0,3.0,0.9804210526315789,0.9662499999999999
13.0,0.22222222,3.0,5.0,0.9804210526315789,0.9662499999999999
13.0,0.22222222,3.0,8.0,0.9821052631578947,0.961875
13.0,0.22222222,3.0,12.0,0.9787368421052631,0.960625
13.0,0.22222222,3.0,20.0,0.9749473684210527,0.95625
13.0,0.22222222,3.0,32.0,0.9703157894736842,0.95375
13.0,0.22222222,3.0,50.0,0.9665263157894737,0.951875
13.0,0.22222222,3.0,80.0,0.9612631578947368,0.945
13.0,0.22222222,3.0,128.0,0.9572631578947368,0.9418749999999999
13.0,0.22222222,5.0,2.0,0.975578947368421,0.9568749999999999
13.0,0.22222222,5.0,3.0,0.975578947368421,0.9568749999999999
13.0,0.22222222,5.0,5.0,0.975578947368421,0.9568749999999999
13.0,0.22222222,5.0,8.0,0.975578947368421,0.9568749999999999
13.0,0.22222222,5.0,12.0,0.9738947368421054,0.9556250000000001
13.0,0.22222222,5.0,20.0,0.9703157894736842,0.9550000000000001
13.0,0.22222222,5.0,32.0,0.9667368421052631,0.953125
13.0,0.22222222,5.0,50.0,0.9631578947368421,0.9506249999999999
13.0,0.22222222,5.0,80.0,0.9610526315789473,0.945625
13.0,0.22222222,5.0,128.0,0.9578947368421054,0.940625
13.0,0.22222222,7.0,2.0,0.9656842105263157,0.953125
13.0,0.22222222,7.0,3.0,0.9656842105263157,0.953125
13.0,0.22222222,7.0,5.0,0.9656842105263157,0.953125
13.0,0.22222222,7.0,8.0,0.9656842105263157,0.953125
13.0,0.22222222,7.0,12.0,0.9656842105263157,0.953125
13.0,0.22222222,7.0,20.0,0.967157894736842,0.951875
13.0,0.22222222,7.0,32.0,0.9650526315789474,0.9512499999999999
13.0,0.22222222,7.0,50.0,0.9618947368421052,0.9481249999999999
13.0,0.22222222,7.0,80.0,0.96,0.944375
13.0,0.22222222,7.0,128.0,0.9570526315789474,0.9412499999999999
13.0,0.22222222,9.0,2.0,0.9658947368421054,0.9512499999999999
13.0,0.22222222,9.0,3.0,0.9658947368421054,0.9512499999999999
13.0,0.22222222,9.0,5.0,0.9658947368421054,0.9512499999999999
13.0,0.22222222,9.0,8.0,0.9658947368421054,0.9512499999999999
13.0,0.22222222,9.0,12.0,0.9658947368421054,0.9512499999999999
13.0,0.22222222,9.0,20.0,0.9640000000000001,0.951875
13.0,0.22222222,9.0,32.0,0.9629473684210528,0.95
13.0,0.22222222,9.0,50.0,0.9591578947368422,0.9475
13.0,0.22222222,9.0,80.0,0.9589473684210527,0.94375
13.0,0.22222222,9.0,128.0,0.9553684210526315,0.940625
13.0,0.22222222,11.0,2.0,0.9623157894736842,0.95
13.0,0.22222222,11.0,3.0,0.9623157894736842,0.95
13.0,0.22222222,11.0,5.0,0.9623157894736842,0.95
13.0,0.22222222,11.0,8.0,0.9623157894736842,0.95
13.0,0.22222222,11.0,12.0,0.9623157894736842,0.95
13.0,0.22222222,11.0,20.0,0.9623157894736842,0.95
13.0,0.22222222,11.0,32.0,0.960421052631579,0.946875
13.0,0.22222222,11.0,50.0,0.9587368421052631,0.94625
13.0,0.22222222,11.0,80.0,0.9574736842105264,0.94375
13.0,0.22222222,11.0,128.0,0.9549473684210525,0.93875
13.0,0.22222222,13.0,2.0,0.9587368421052632,0.945
13.0,0.22222222,13.0,3.0,0.9587368421052632,0.945
13.0,0.22222222,13.0,5.0,0.9587368421052632,0.945
13.0,0.22222222,13.0,8.0,0.9587368421052632,0.945
13.0,0.22222222,13.0,12.0,0.9587368421052632,0.945
13.0,0.22222222,13.0,20.0,0.9587368421052632,0.945
13.0,0.22222222,13.0,32.0,0.9587368421052631,0.94625
13.0,0.22222222,13.0,50.0,0.9585263157894737,0.945
13.0,0.22222222,13.0,80.0,0.9562105263157894,0.943125
13.0,0.22222222,13.0,128.0,0.9541052631578948,0.9400000000000001
13.0,0.22222222,15.0,2.0,0.9574736842105264,0.945
13.0,0.22222222,15.0,3.0,0.9574736842105264,0.945
13.0,0.22222222,15.0,5.0,0.9574736842105264,0.945
13.0,0.22222222,15.0,8.0,0.9574736842105264,0.945
13.0,0.22222222,15.0,12.0,0.9574736842105264,0.945
13.0,0.22222222,15.0,20.0,0.9574736842105264,0.945
13.0,0.22222222,15.0,32.0,0.9568421052631578,0.944375
13.0,0.22222222,15.0,50.0,0.9578947368421054,0.94375
13.0,0.22222222,15.0,80.0,0.9560000000000001,0.944375
13.0,0.22222222,15.0,128.0,0.9543157894736842,0.9400000000000001
13.0,0.22222222,17.0,2.0,0.9570526315789474,0.9418749999999999
13.0,0.22222222,17.0,3.0,0.9570526315789474,0.9418749999999999
13.0,0.22222222,17.0,5.0,0.9570526315789474,0.9418749999999999
13.0,0.22222222,17.0,8.0,0.9570526315789474,0.9418749999999999
13.0,0.22222222,17.0,12.0,0.9570526315789474,0.9418749999999999
13.0,0.22222222,17.0,20.0,0.9570526315789474,0.9418749999999999
13.0,0.22222222,17.0,32.0,0.9570526315789474,0.9418749999999999
13.0,0.22222222,17.0,50.0,0.9564210526315791,0.94375
13.0,0.22222222,17.0,80.0,0.9545263157894738,0.9418749999999999
13.0,0.22222222,17.0,128.0,0.952421052631579,0.9393750000000001
13.0,0.22222222,20.0,2.0,0.9566315789473684,0.944375
13.0,0.22222222,20.0,3.0,0.9566315789473684,0.944375
13.0,0.22222222,20.0,5.0,0.9566315789473684,0.944375
13.0,0.22222222,20.0,8.0,0.9566315789473684,0.944375
13.0,0.22222222,20.0,12.0,0.9566315789473684,0.944375
13.0,0.22222222,20.0,20.0,0.9566315789473684,0.944375
13.0,0.22222222,20.0,32.0,0.9566315789473684,0.944375
13.0,0.22222222,20.0,50.0,0.9566315789473684,0.94375
13.0,0.22222222,20.0,80.0,0.9538947368421052,0.943125
13.0,0.22222222,20.0,128.0,0.9530526315789473,0.93875
13.0,0.33333334,1.0,2.0,0.9932631578947368,0.9775
13.0,0.33333334,1.0,3.0,0.992842105263158,0.97625
13.0,0.33333334,1.0,5.0,0.9907368421052631,0.975625
13.0,0.33333334,1.0,8.0,0.9886315789473684,0.975625
13.0,0.33333334,1.0,12.0,0.9867368421052631,0.9731249999999999
13.0,0.33333334,1.0,20.0,0.9821052631578947,0.97
13.0,0.33333334,1.0,32.0,0.9762105263157895,0.9650000000000001
13.0,0.33333334,1.0,50.0,0.9715789473684211,0.9550000000000001
13.0,0.33333334,1.0,80.0,0.9654736842105264,0.9512499999999999
13.0,0.33333334,1.0,128.0,0.9602105263157895,0.943125
13.0,0.33333334,3.0,2.0,0.984421052631579,0.971875
13.0,0.33333334,3.0,3.0,0.984421052631579,0.971875
13.0,0.33333334,3.0,5.0,0.984421052631579,0.971875
13.0,0.33333334,3.0,8.0,0.984,0.9731249999999999
13.0,0.33333334,3.0,12.0,0.9816842105263157,0.969375
13.0,0.33333334,3.0,20.0,0.9783157894736842,0.9662499999999999
13.0,0.33333334,3.0,32.0,0.975157894736842,0.95875
13.0,0.33333334,3.0,50.0,0.9701052631578946,0.9556250000000001
13.0,0.33333334,3.0,80.0,0.9650526315789474,0.9475
13.0,0.33333334,3.0,128.0,0.959578947368421,0.9418749999999999
13.0,0.33333334,5.0,2.0,0.9783157894736842,0.9662499999999999
13.0,0.33333334,5.0,3.0,0.9783157894736842,0.9662499999999999
13.0,0.33333334,5.0,5.0,0.9783157894736842,0.9662499999999999
13.0,0.33333334,5.0,8.0,0.9783157894736842,0.9662499999999999
13.0,0.33333334,5.0,12.0,0.9781052631578948,0.965625
13.0,0.33333334,5.0,20.0,0.9762105263157895,0.9625
13.0,0.33333334,5.0,32.0,0.9736842105263157,0.9568749999999999
13.0,0.33333334,5.0,50.0,0.968,0.95375
13.0,0.33333334,5.0,80.0,0.9640000000000001,0.9475
13.0,0.33333334,5.0,128.0,0.9589473684210527,0.9418749999999999
13.0,0.33333334,7.0,2.0,0.9745263157894737,0.960625
13.0,0.33333334,7.0,3.0,0.9745263157894737,0.960625
13.0,0.33333334,7.0,5.0,0.9745263157894737,0.960625
13.0,0.33333334,7.0,8.0,0.9745263157894737,0.960625
13.0,0.33333334,7.0,12.0,0.9745263157894737,0.960625
13.0,0.33333334,7.0,20.0,0.9730526315789474,0.9581250000000001
13.0,0.33333334,7.0,32.0,0.9713684210526315,0.9550000000000001
13.0,0.33333334,7.0,50.0,0.9650526315789474,0.9506249999999999
13.0,0.33333334,7.0,80.0,0.9623157894736842,0.94625
13.0,0.33333334,7.0,128.0,0.9583157894736842,0.9412499999999999
13.0,0.33333334,9.0,2.0,0.9698947368421053,0.9550000000000001
13.0,0.33333334,9.0,3.0,0.9698947368421053,0.9550000000000001
13.0,0.33333334,9.0,5.0,0.9698947368421053,0.9550000000000001
13.0,0.33333334,9.0,8.0,0.9698947368421053,0.9550000000000001
13.0,0.33333334,9.0,12.0,0.9698947368421053,0.9550000000000001
13.0,0.33333334,9.0,20.0,0.968842105263158,0.9550000000000001
13.0,0.33333334,9.0,32.0,0.968842105263158,0.9550000000000001
13.0,0.33333334,9.0,50.0,0.9652631578947368,0.9525
13.0,0.33333334,9.0,80.0,0.9623157894736842,0.945
13.0,0.33333334,9.0,128.0,0.9581052631578947,0.9412499999999999
13.0,0.33333334,11.0,2.0,0.9663157894736841,0.954375
13.0,0.33333334,11.0,3.0,0.9663157894736841,0.954375
13.0,0.33333334,11.0,5.0,0.9663157894736841,0.954375
13.0,0.33333334,11.0,8.0,0.9663157894736841,0.954375
13.0,0.33333334,11.0,12.0,0.9663157894736841,0.954375
13.0,0.33333334,11.0,20.0,0.9663157894736841,0.954375
13.0,0.33333334,11.0,32.0,0.9661052631578947,0.9525
13.0,0.33333334,11.0,50.0,0.964842105263158,0.9512499999999999
13.0,0.33333334,11.0,80.0,0.9608421052631579,0.945
13.0,0.33333334,11.0,128.0,0.9581052631578947,0.9412499999999999
13.0,0.33333334,13.0,2.0,0.9629473684210528,0.9506249999999999
13.0,0.33333334,13.0,3.0,0.9629473684210528,0.9506249999999999
13.0,0.33333334,13.0,5.0,0.9629473684210528,0.9506249999999999
13.0,0.33333334,13.0,8.0,0.9629473684210528,0.9506249999999999
13.0,0.33333334,13.0,12.0,0.9629473684210528,0.9506249999999999
13.0,0.33333334,13.0,20.0,0.9629473684210528,0.9506249999999999
13.0,0.33333334,13.0,32.0,0.9648421052631578,0.951875
13.0,0.33333334,13.0,50.0,0.9625263157894738,0.9506249999999999
13.0,0.33333334,13.0,80.0,0.959578947368421,0.94375
13.0,0.33333334,13.0,128.0,0.9576842105263157,0.940625
13.0,0.33333334,15.0,2.0,0.9616842105263158,0.9487499999999999
13.0,0.33333334,15.0,3.0,0.9616842105263158,0.9487499999999999
13.0,0.33333334,15.0,5.0,0.9616842105263158,0.9487499999999999
13.0,0.33333334,15.0,8.0,0.9616842105263158,0.9487499999999999
13.0,0.33333334,15.0,12.0,0.9616842105263158,0.9487499999999999
13.0,0.33333334,15.0,20.0,0.9616842105263158,0.9487499999999999
13.0,0.33333334,15.0,32.0,0.9635789473684211,0.9493750000000001
13.0,0.33333334,15.0,50.0,0.96,0.9487500000000001
13.0,0.33333334,15.0,80.0,0.9587368421052631,0.945625
13.0,0.33333334,15.0,128.0,0.9566315789473684,0.940625
13.0,0.33333334,17.0,2.0,0.9593684210526316,0.946875
13.0,0.33333334,17.0,3.0,0.9593684210526316,0.946875
13.0,0.33333334,17.0,5.0,0.9593684210526316,0.946875
13.0,0.33333334,17.0,8.0,0.9593684210526316,0.946875
13.0,0.33333334,17.0,12.0,0.9593684210526316,0.946875
13.0,0.33333334,17.0,20.0,0.9593684210526316,0.946875
13.0,0.33333334,17.0,32.0,0.9593684210526316,0.946875
13.0,0.33333334,17.0,50.0,0.959578947368421,0.945
13.0,0.33333334,17.0,80.0,0.9585263157894737,0.945625
13.0,0.33333334,17.0,128.0,0.9557894736842105,0.940625
13.0,0.33333334,20.0,2.0,0.9576842105263157,0.94625
13.0,0.33333334,20.0,3.0,0.9576842105263157,0.94625
13.0,0.33333334,20.0,5.0,0.9576842105263157,0.94625
13.0,0.33333334,20.0,8.0,0.9576842105263157,0.94625
13.0,0.33333334,20.0,12.0,0.9576842105263157,0.94625
13.0,0.33333334,20.0,20.0,0.9576842105263157,0.94625
13.0,0.33333334,20.0,32.0,0.9576842105263157,0.94625
13.0,0.33333334,20.0,50.0,0.9562105263157894,0.946875
13.0,0.33333334,20.0,80.0,0.9564210526315791,0.945625
13.0,0.33333334,20.0,128.0,0.9549473684210525,0.9425000000000001
13.0,0.44444445,1.0,2.0,0.9957894736842106,0.985625
13.0,0.44444445,1.0,3.0,0.9955789473684211,0.9868750000000001
13.0,0.44444445,1.0,5.0,0.9945263157894736,0.985625
13.0,0.44444445,1.0,8.0,0.9930526315789473,0.985
13.0,0.44444445,1.0,12.0,0.991157894736842,0.98375
13.0,0.44444445,1.0,20.0,0.9867368421052631,0.9824999999999999
13.0,0.44444445,1.0,32.0,0.9823157894736841,0.9824999999999999
13.0,0.44444445,1.0,50.0,0.976421052631579,0.969375
13.0,0.44444445,1.0,80.0,0.9703157894736842,0.9550000000000001
13.0,0.44444445,1.0,128.0,0.9627368421052631,0.944375
13.0,0.44444445,3.0,2.0,0.9898947368421054,0.9824999999999999
13.0,0.44444445,3.0,3.0,0.9898947368421054,0.9824999999999999
13.0,0.44444445,3.0,5.0,0.9898947368421054,0.9824999999999999
13.0,0.44444445,3.0,8.0,0.9907368421052631,0.983125
13.0,0.44444445,3.0,12.0,0.9888421052631579,0.9824999999999999
13.0,0.44444445,3.0,20.0,0.9852631578947368,0.9818749999999999
13.0,0.44444445,3.0,32.0,0.9810526315789474,0.97625
13.0,0.44444445,3.0,50.0,0.975578947368421,0.9675
13.0,0.44444445,3.0,80.0,0.9696842105263158,0.95375
13.0,0.44444445,3.0,128.0,0.9627368421052631,0.944375
13.0,0.44444445,5.0,2.0,0.9846315789473685,0.98125
13.0,0.44444445,5.0,3.0,0.9846315789473685,0.98125
13.0,0.44444445,5.0,5.0,0.9846315789473685,0.98125
13.0,0.44444445,5.0,8.0,0.9846315789473685,0.98125
13.0,0.44444445,5.0,12.0,0.984842105263158,0.98125
13.0,0.44444445,5.0,20.0,0.984,0.97875
13.0,0.44444445,5.0,32.0,0.9808421052631578,0.975
13.0,0.44444445,5.0,50.0,0.9753684210526317,0.963125
13.0,0.44444445,5.0,80.0,0.9694736842105263,0.95375
13.0,0.44444445,5.0,128.0,0.9621052631578948,0.943125
13.0,0.44444445,7.0,2.0,0.9823157894736843,0.978125
13.0,0.44444445,7.0,3.0,0.9823157894736843,0.978125
13.0,0.44444445,7.0,5.0,0.9823157894736843,0.978125
13.0,0.44444445,7.0,8.0,0.9823157894736843,0.978125
13.0,0.44444445,7.0,12.0,0.9823157894736843,0.978125
13.0,0.44444445,7.0,20.0,0.9808421052631578,0.974375
13.0,0.44444445,7.0,32.0,0.9778947368421053,0.971875
13.0,0.44444445,7.0,50.0,0.9743157894736842,0.9643750000000001
13.0,0.44444445,7.0,80.0,0.9692631578947368,0.9525
13.0,0.44444445,7.0,128.0,0.9618947368421052,0.9425000000000001
13.0,0.44444445,9.0,2.0,0.9778947368421053,0.9724999999999999
13.0,0.44444445,9.0,3.0,0.9778947368421053,0.9724999999999999
13.0,0.44444445,9.0,5.0,0.9778947368421053,0.9724999999999999
13.0,0.44444445,9.0,8.0,0.9778947368421053,0.9724999999999999
13.0,0.44444445,9.0,12.0,0.9778947368421053,0.9724999999999999
13.0,0.44444445,9.0,20.0,0.9776842105263157,0.9731249999999999
13.0,0.44444445,9.0,32.0,0.9762105263157895,0.968125
13.0,0.44444445,9.0,50.0,0.9730526315789474,0.9625
13.0,0.44444445,9.0,80.0,0.968421052631579,0.9512499999999999
13.0,0.44444445,9.0,128.0,0.9612631578947368,0.9425000000000001
13.0,0.44444445,11.0,2.0,0.9747368421052631,0.969375
13.0,0.44444445,11.0,3.0,0.9747368421052631,0.969375
13.0,0.44444445,11.0,5.0,0.9747368421052631,0.969375
13.0,0.44444445,11.0,8.0,0.9747368421052631,0.969375
13.0,0.44444445,11.0,12.0,0.9747368421052631,0.969375
13.0,0.44444445,11.0,20.0,0.9747368421052631,0.969375
13.0,0.44444445,11.0,32.0,0.9745263157894737,0.9650000000000001
13.0,0.44444445,11.0,50.0,0.9722105263157894,0.96125
13.0,0.44444445,11.0,80.0,0.9673684210526317,0.9525
13.0,0.44444445,11.0,128.0,0.960421052631579,0.9425000000000001
13.0,0.44444445,13.0,2.0,0.9726315789473684,0.9675
13.0,0.44444445,13.0,3.0,0.9726315789473684,0.9675
13.0,0.44444445,13.0,5.0,0.9726315789473684,0.9675
13.0,0.44444445,13.0,8.0,0.9726315789473684,0.9675
13.0,0.44444445,13.0,12.0,0.9726315789473684,0.9675
13.0,0.44444445,13.0,20.0,0.9726315789473684,0.9675
13.0,0.44444445,13.0,32.0,0.9730526315789474,0.9650000000000001
13.0,0.44444445,13.0,50.0,0.9705263157894738,0.9556250000000001
13.0,0.44444445,13.0,80.0,0.967157894736842,0.9525
13.0,0.44444445,13.0,128.0,0.959578947368421,0.9418749999999999
13.0,0.44444445,15.0,2.0,0.9713684210526315,0.9625
13.0,0.44444445,15.0,3.0,0.9713684210526315,0.9625
13.0,0.44444445,15.0,5.0,0.9713684210526315,0.9625
13.0,0.44444445,15.0,8.0,0.9713684210526315,0.9625
13.0,0.44444445,15.0,12.0,0.9713684210526315,0.9625
13.0,0.44444445,15.0,20.0,0.9713684210526315,0.9625
13.0,0.44444445,15.0,32.0,0.9707368421052631,0.96125
13.0,0.44444445,15.0,50.0,0.9694736842105263,0.954375
13.0,0.44444445,15.0,80.0,0.9661052631578947,0.9506249999999999
13.0,0.44444445,15.0,128.0,0.9583157894736842,0.9425000000000001
13.0,0.44444445,17.0,2.0,0.9692631578947368,0.9556250000000001
13.0,0.44444445,17.0,3.0,0.9692631578947368,0.9556250000000001
13.0,0.44444445,17.0,5.0,0.9692631578947368,0.9556250000000001
13.0,0.44444445,17.0,8.0,0.9692631578947368,0.9556250000000001
13.0,0.44444445,17.0,12.0,0.9692631578947368,0.9556250000000001
13.0,0.44444445,17.0,20.0,0.9692631578947368,0.9556250000000001
13.0,0.44444445,17.0,32.0,0.9692631578947368,0.9556250000000001
13.0,0.44444445,17.0,50.0,0.9686315789473685,0.95375
13.0,0.44444445,17.0,80.0,0.9661052631578947,0.9487500000000001
13.0,0.44444445,17.0,128.0,0.9578947368421054,0.943125
13.0,0.44444445,20.0,2.0,0.9686315789473685,0.954375
13.0,0.44444445,20.0,3.0,0.9686315789473685,0.954375
13.0,0.44444445,20.0,5.0,0.9686315789473685,0.954375
13.0,0.44444445,20.0,8.0,0.9686315789473685,0.954375
13.0,0.44444445,20.0,12.0,0.9686315789473685,0.954375
13.0,0.44444445,20.0,20.0,0.9686315789473685,0.954375
13.0,0.44444445,20.0,32.0,0.9686315789473685,0.954375
13.0,0.44444445,20.0,50.0,0.967578947368421,0.9525
13.0,0.44444445,20.0,80.0,0.9640000000000001,0.94625
13.0,0.44444445,20.0,128.0,0.9578947368421054,0.940625
13.0,0.5555556,1.0,2.0,0.9970526315789474,0.990625
13.0,0.5555556,1.0,3.0,0.9970526315789474,0.990625
13.0,0.5555556,1.0,5.0,0.9957894736842106,0.99
13.0,0.5555556,1.0,8.0,0.9947368421052631,0.9881249999999999
13.0,0.5555556,1.0,12.0,0.9930526315789473,0.9862500000000001
13.0,0.5555556,1.0,20.0,0.991578947368421,0.9868750000000001
13.0,0.5555556,1.0,32.0,0.9852631578947368,0.9824999999999999
13.0,0.5555556,1.0,50.0,0.9800000000000001,0.9818749999999999
13.0,0.5555556,1.0,80.0,0.9743157894736842,0.96875
13.0,0.5555556,1.0,128.0,0.9656842105263157,0.951875
13.0,0.5555556,3.0,2.0,0.9926315789473683,0.9862500000000001
13.0,0.5555556,3.0,3.0,0.9926315789473683,0.9862500000000001
13.0,0.5555556,3.0,5.0,0.9926315789473683,0.9862500000000001
13.0,0.5555556,3.0,8.0,0.9926315789473683,0.9862500000000001
13.0,0.5555556,3.0,12.0,0.9909473684210527,0.985625
13.0,0.5555556,3.0,20.0,0.9896842105263157,0.985
13.0,0.5555556,3.0,32.0,0.9846315789473683,0.9824999999999999
13.0,0.5555556,3.0,50.0,0.9795789473684211,0.9818749999999999
13.0,0.5555556,3.0,80.0,0.9741052631578947,0.968125
13.0,0.5555556,3.0,128.0,0.9656842105263157,0.9525
13.0,0.5555556,5.0,2.0,0.9892631578947368,0.985625
13.0,0.5555556,5.0,3.0,0.9892631578947368,0.985625
13.0,0.5555556,5.0,5.0,0.9892631578947368,0.985625
13.0,0.5555556,5.0,8.0,0.9892631578947368,0.985625
13.0,0.5555556,5.0,12.0,0.9894736842105264,0.985
13.0,0.5555556,5.0,20.0,0.9867368421052631,0.985
13.0,0.5555556,5.0,32.0,0.9825263157894737,0.9824999999999999
13.0,0.5555556,5.0,50.0,0.9787368421052631,0.98125
13.0,0.5555556,5.0,80.0,0.9724210526315791,0.9662499999999999
13.0,0.5555556,5.0,128.0,0.964842105263158,0.9506249999999999
13.0,0.5555556,7.0,2.0,0.9852631578947368,0.983125
13.0,0.5555556,7.0,3.0,0.9852631578947368,0.983125
13.0,0.5555556,7.0,5.0,0.9852631578947368,0.983125
13.0,0.5555556,7.0,8.0,0.9852631578947368,0.983125
13.0,0.5555556,7.0,12.0,0.9852631578947368,0.983125
13.0,0.5555556,7.0,20.0,0.9837894736842105,0.9824999999999999
13.0,0.5555556,7.0,32.0,0.9804210526315789,0.9824999999999999
13.0,0.5555556,7.0,50.0,0.9766315789473683,0.9806250000000001
13.0,0.5555556,7.0,80.0,0.9713684210526315,0.9650000000000001
13.0,0.5555556,7.0,128.0,0.9633684210526315,0.9493750000000001
13.0,0.5555556,9.0,2.0,0.9808421052631578,0.98125
13.0,0.5555556,9.0,3.0,0.9808421052631578,0.98125
13.0,0.5555556,9.0,5.0,0.9808421052631578,0.98125
13.0,0.5555556,9.0,8.0,0.9808421052631578,0.98125
13.0,0.5555556,9.0,12.0,0.9808421052631578,0.98125
13.0,0.5555556,9.0,20.0,0.9810526315789474,0.9806250000000001
13.0,0.5555556,9.0,32.0,0.9791578947368421,0.9800000000000001
13.0,0.5555556,9.0,50.0,0.976421052631579,0.9793749999999999
13.0,0.5555556,9.0,80.0,0.9707368421052631,0.963125
13.0,0.5555556,9.0,128.0,0.9629473684210528,0.9493750000000001
13.0,0.5555556,11.0,2.0,0.9789473684210526,0.97875
13.0,0.5555556,11.0,3.0,0.9789473684210526,0.97875
13.0,0.5555556,11.0,5.0,0.9789473684210526,0.97875
13.0,0.5555556,11.0,8.0,0.9789473684210526,0.97875
13.0,0.5555556,11.0,12.0,0.9789473684210526,0.97875
13.0,0.5555556,11.0,20.0,0.9789473684210526,0.97875
13.0,0.5555556,11.0,32.0,0.9776842105263158,0.9793749999999999
13.0,0.5555556,11.0,50.0,0.975157894736842,0.978125
13.0,0.5555556,11.0,80.0,0.9709473684210526,0.9643750000000001
13.0,0.5555556,11.0,128.0,0.9631578947368421,0.9475
13.0,0.5555556,13.0,2.0,0.975578947368421,0.978125
13.0,0.5555556,13.0,3.0,0.975578947368421,0.978125
13.0,0.5555556,13.0,5.0,0.975578947368421,0.978125
13.0,0.5555556,13.0,8.0,0.975578947368421,0.978125
13.0,0.5555556,13.0,12.0,0.975578947368421,0.978125
13.0,0.5555556,13.0,20.0,0.975578947368421,0.978125
13.0,0.5555556,13.0,32.0,0.976421052631579,0.9793749999999999
13.0,0.5555556,13.0,50.0,0.9749473684210527,0.976875
13.0,0.5555556,13.0,80.0,0.9701052631578948,0.9625
13.0,0.5555556,13.0,128.0,0.9621052631578948,0.9493750000000001
13.0,0.5555556,15.0,2.0,0.9747368421052631,0.97875
13.0,0.5555556,15.0,3.0,0.9747368421052631,0.97875
13.0,0.5555556,15.0,5.0,0.9747368421052631,0.97875
13.0,0.5555556,15.0,8.0,0.9747368421052631,0.97875
13.0,0.5555556,15.0,12.0,0.9747368421052631,0.97875
13.0,0.5555556,15.0,20.0,0.9747368421052631,0.97875
13.0,0.5555556,15.0,32.0,0.9749473684210527,0.9775
13.0,0.5555556,15.0,50.0,0.9741052631578947,0.974375
13.0,0.5555556,15.0,80.0,0.9701052631578948,0.9637499999999999
13.0,0.5555556,15.0,128.0,0.9629473684210528,0.94625
13.0,0.5555556,17.0,2.0,0.9747368421052631,0.97625
13.0,0.5555556,17.0,3.0,0.9747368421052631,0.97625
13.0,0.5555556,17.0,5.0,0.9747368421052631,0.97625
13.0,0.5555556,17.0,8.0,0.9747368421052631,0.97625
13.0,0.5555556,17.0,12.0,0.9747368421052631,0.97625
13.0,0.5555556,17.0,20.0,0.9747368421052631,0.97625
13.0,0.5555556,17.0,32.0,0.9747368421052631,0.97625
13.0,0.5555556,17.0,50.0,0.9738947368421054,0.9731249999999999
13.0,0.5555556,17.0,80.0,0.9696842105263158,0.961875
13.0,0.5555556,17.0,128.0,0.9618947368421052,0.946875
13.0,0.5555556,20.0,2.0,0.9736842105263157,0.9724999999999999
13.0,0.5555556,20.0,3.0,0.9736842105263157,0.9724999999999999
13.0,0.5555556,20.0,5.0,0.9736842105263157,0.9724999999999999
13.0,0.5555556,20.0,8.0,0.9736842105263157,0.9724999999999999
13.0,0.5555556,20.0,12.0,0.9736842105263157,0.9724999999999999
13.0,0.5555556,20.0,20.0,0.9736842105263157,0.9724999999999999
13.0,0.5555556,20.0,32.0,0.9736842105263157,0.9724999999999999
13.0,0.5555556,20.0,50.0,0.9734736842105264,0.9706250000000001
13.0,0.5555556,20.0,80.0,0.9692631578947368,0.961875
13.0,0.5555556,20.0,128.0,0.9614736842105263,0.944375
13.0,0.6666667,1.0,2.0,0.9985263157894737,0.993125
13.0,0.6666667,1.0,3.0,0.9987368421052631,0.9925
13.0,0.6666667,1.0,5.0,0.9972631578947369,0.9925
13.0,0.6666667,1.0,8.0,0.9964210526315789,0.993125
13.0,0.6666667,1.0,12.0,0.9955789473684211,0.993125
13.0,0.6666667,1.0,20.0,0.9936842105263157,0.9893750000000001
13.0,0.6666667,1.0,32.0,0.991157894736842,0.9881249999999999
13.0,0.6666667,1.0,50.0,0.9806315789473684,0.98375
13.0,0.6666667,1.0,80.0,0.975578947368421,0.976875
13.0,0.6666667,1.0,128.0,0.9667368421052632,0.95625
13.0,0.6666667,3.0,2.0,0.9943157894736843,0.9925
13.0,0.6666667,3.0,3.0,0.9943157894736843,0.9925
13.0,0.6666667,3.0,5.0,0.9943157894736843,0.9925
13.0,0.6666667,3.0,8.0,0.9936842105263157,0.9925
13.0,0.6666667,3.0,12.0,0.9932631578947368,0.99125
13.0,0.6666667,3.0,20.0,0.9917894736842106,0.9887499999999999
13.0,0.6666667,3.0,32.0,0.9890526315789474,0.9868750000000001
13.0,0.6666667,3.0,50.0,0.9804210526315789,0.98375
13.0,0.6666667,3.0,80.0,0.975157894736842,0.976875
13.0,0.6666667,3.0,128.0,0.9665263157894737,0.95625
13.0,0.6666667,5.0,2.0,0.9901052631578947,0.990625
13.0,0.6666667,5.0,3.0,0.9901052631578947,0.990625
13.0,0.6666667,5.0,5.0,0.9901052631578947,0.990625
13.0,0.6666667,5.0,8.0,0.9901052631578947,0.990625
13.0,0.6666667,5.0,12.0,0.9896842105263157,0.99
13.0,0.6666667,5.0,20.0,0.9888421052631579,0.9887500000000001
13.0,0.6666667,5.0,32.0,0.9861052631578946,0.9875
13.0,0.6666667,5.0,50.0,0.9787368421052631,0.98375
13.0,0.6666667,5.0,80.0,0.9745263157894737,0.976875
13.0,0.6666667,5.0,128.0,0.9652631578947368,0.9550000000000001
13.0,0.6666667,7.0,2.0,0.9877894736842106,0.9881249999999999
13.0,0.6666667,7.0,3.0,0.9877894736842106,0.9881249999999999
13.0,0.6666667,7.0,5.0,0.9877894736842106,0.9881249999999999
13.0,0.6666667,7.0,8.0,0.9877894736842106,0.9881249999999999
13.0,0.6666667,7.0,12.0,0.9877894736842106,0.9881249999999999
13.0,0.6666667,7.0,20.0,0.9875789473684211,0.9881249999999999
13.0,0.6666667,7.0,32.0,0.984421052631579,0.9862500000000001
13.0,0.6666667,7.0,50.0,0.9770526315789473,0.98375
13.0,0.6666667,7.0,80.0,0.9736842105263157,0.97625
13.0,0.6666667,7.0,128.0,0.964842105263158,0.9556250000000001
13.0,0.6666667,9.0,2.0,0.9863157894736843,0.985
13.0,0.6666667,9.0,3.0,0.9863157894736843,0.985
13.0,0.6666667,9.0,5.0,0.9863157894736843,0.985
13.0,0.6666667,9.0,8.0,0.9863157894736843,0.985
13.0,0.6666667,9.0,12.0,0.9863157894736843,0.985
13.0,0.6666667,9.0,20.0,0.9856842105263158,0.985625
13.0,0.6666667,9.0,32.0,0.9825263157894737,0.985
13.0,0.6666667,9.0,50.0,0.976,0.9818749999999999
13.0,0.6666667,9.0,80.0,0.9736842105263157,0.976875
13.0,0.6666667,9.0,128.0,0.9644210526315791,0.9550000000000001
13.0,0.6666667,11.0,2.0,0.9821052631578947,0.983125
13.0,0.6666667,11.0,3.0,0.9821052631578947,0.983125
13.0,0.6666667,11.0,5.0,0.9821052631578947,0.983125
13.0,0.6666667,11.0,8.0,0.9821052631578947,0.983125
13.0,0.6666667,11.0,12.0,0.9821052631578947,0.983125
13.0,0.6666667,11.0,20.0,0.9821052631578947,0.983125
13.0,0.6666667,11.0,32.0,0.9800000000000001,0.9824999999999999
13.0,0.6666667,11.0,50.0,0.9749473684210527,0.9800000000000001
13.0,0.6666667,11.0,80.0,0.9736842105263157,0.975625
13.0,0.6666667,11.0,128.0,0.9644210526315791,0.9556250000000001
13.0,0.6666667,13.0,2.0,0.9783157894736842,0.9818749999999999
13.0,0.6666667,13.0,3.0,0.9783157894736842,0.9818749999999999
13.0,0.6666667,13.0,5.0,0.9783157894736842,0.9818749999999999
13.0,0.6666667,13.0,8.0,0.9783157894736842,0.9818749999999999
13.0,0.6666667,13.0,12.0,0.9783157894736842,0.9818749999999999
13.0,0.6666667,13.0,20.0,0.9783157894736842,0.9818749999999999
13.0,0.6666667,13.0,32.0,0.9772631578947368,0.98125
13.0,0.6666667,13.0,50.0,0.9741052631578947,0.9800000000000001
13.0,0.6666667,13.0,80.0,0.9734736842105264,0.975625
13.0,0.6666667,13.0,128.0,0.9644210526315791,0.9550000000000001
13.0,0.6666667,15.0,2.0,0.9762105263157895,0.9806250000000001
13.0,0.6666667,15.0,3.0,0.9762105263157895,0.9806250000000001
13.0,0.6666667,15.0,5.0,0.9762105263157895,0.9806250000000001
13.0,0.6666667,15.0,8.0,0.9762105263157895,0.9806250000000001
13.0,0.6666667,15.0,12.0,0.9762105263157895,0.9806250000000001
13.0,0.6666667,15.0,20.0,0.9762105263157895,0.9806250000000001
13.0,0.6666667,15.0,32.0,0.9762105263157895,0.98125
13.0,0.6666667,15.0,50.0,0.9745263157894737,0.97875
13.0,0.6666667,15.0,80.0,0.9732631578947368,0.975625
13.0,0.6666667,15.0,128.0,0.9640000000000001,0.9556250000000001
13.0,0.6666667,17.0,2.0,0.975157894736842,0.9800000000000001
13.0,0.6666667,17.0,3.0,0.975157894736842,0.9800000000000001
13.0,0.6666667,17.0,5.0,0.975157894736842,0.9800000000000001
13.0,0.6666667,17.0,8.0,0.975157894736842,0.9800000000000001
13.0,0.6666667,17.0,12.0,0.975157894736842,0.9800000000000001
13.0,0.6666667,17.0,20.0,0.975157894736842,0.9800000000000001
13.0,0.6666667,17.0,32.0,0.975157894736842,0.9800000000000001
13.0,0.6666667,17.0,50.0,0.9743157894736842,0.978125
13.0,0.6666667,17.0,80.0,0.9732631578947368,0.975625
13.0,0.6666667,17.0,128.0,0.9637894736842105,0.9556250000000001
13.0,0.6666667,20.0,2.0,0.9738947368421054,0.9775
13.0,0.6666667,20.0,3.0,0.9738947368421054,0.9775
13.0,0.6666667,20.0,5.0,0.9738947368421054,0.9775
13.0,0.6666667,20.0,8.0,0.9738947368421054,0.9775
13.0,0.6666667,20.0,12.0,0.9738947368421054,0.9775
13.0,0.6666667,20.0,20.0,0.9738947368421054,0.9775
13.0,0.6666667,20.0,32.0,0.9738947368421054,0.9775
13.0,0.6666667,20.0,50.0,0.9738947368421054,0.978125
13.0,0.6666667,20.0,80.0,0.9730526315789474,0.975625
13.0,0.6666667,20.0,128.0,0.9644210526315791,0.9550000000000001
13.0,0.7777778,1.0,2.0,0.9987368421052631,0.993125
13.0,0.7777778,1.0,3.0,0.9989473684210527,0.993125
13.0,0.7777778,1.0,5.0,0.9981052631578947,0.993125
13.0,0.7777778,1.0,8.0,0.9970526315789474,0.99375
13.0,0.7777778,1.0,12.0,0.9962105263157894,0.99375
13.0,0.7777778,1.0,20.0,0.9945263157894736,0.9956250000000001
13.0,0.7777778,1.0,32.0,0.9913684210526317,0.9881249999999999
13.0,0.7777778,1.0,50.0,0.9800000000000001,0.98375
13.0,0.7777778,1.0,80.0,0.9734736842105264,0.975
13.0,0.7777778,1.0,128.0,0.9625263157894738,0.95625
13.0,0.7777778,3.0,2.0,0.9960000000000001,0.99375
13.0,0.7777778,3.0,3.0,0.9960000000000001,0.99375
13.0,0.7777778,3.0,5.0,0.9960000000000001,0.99375
13.0,0.7777778,3.0,8.0,0.9957894736842106,0.99375
13.0,0.7777778,3.0,12.0,0.9943157894736843,0.994375
13.0,0.7777778,3.0,20.0,0.992842105263158,0.9949999999999999
13.0,0.7777778,3.0,32.0,0.9892631578947368,0.9881249999999999
13.0,0.7777778,3.0,50.0,0.9800000000000001,0.98375
13.0,0.7777778,3.0,80.0,0.9734736842105264,0.975
13.0,0.7777778,3.0,128.0,0.9625263157894738,0.9568749999999999
13.0,0.7777778,5.0,2.0,0.9898947368421054,0.99375
13.0,0.7777778,5.0,3.0,0.9898947368421054,0.99375
13.0,0.7777778,5.0,5.0,0.9898947368421054,0.99375
13.0,0.7777778,5.0,8.0,0.9898947368421054,0.99375
13.0,0.7777778,5.0,12.0,0.9896842105263157,0.994375
13.0,0.7777778,5.0,20.0,0.9871578947368421,0.9949999999999999
13.0,0.7777778,5.0,32.0,0.9875789473684211,0.9887499999999999
13.0,0.7777778,5.0,50.0,0.9800000000000001,0.98375
13.0,0.7777778,5.0,80.0,0.972842105263158,0.975
13.0,0.7777778,5.0,128.0,0.9618947368421052,0.9568749999999999
13.0,0.7777778,7.0,2.0,0.9867368421052631,0.994375
13.0,0.7777778,7.0,3.0,0.9867368421052631,0.994375
13.0,0.7777778,7.0,5.0,0.9867368421052631,0.994375
13.0,0.7777778,7.0,8.0,0.9867368421052631,0.994375
13.0,0.7777778,7.0,12.0,0.9867368421052631,0.994375
13.0,0.7777778,7.0,20.0,0.9867368421052631,0.994375
13.0,0.7777778,7.0,32.0,0.9861052631578946,0.9881249999999999
13.0,0.7777778,7.0,50.0,0.9795789473684211,0.98375
13.0,0.7777778,7.0,80.0,0.9720000000000001,0.975
13.0,0.7777778,7.0,128.0,0.9618947368421052,0.9568749999999999
13.0,0.7777778,9.0,2.0,0.9861052631578946,0.99125
13.0,0.7777778,9.0,3.0,0.9861052631578946,0.99125
13.0,0.7777778,9.0,5.0,0.9861052631578946,0.99125
13.0,0.7777778,9.0,8.0,0.9861052631578946,0.99125
13.0,0.7777778,9.0,12.0,0.9861052631578946,0.99125
13.0,0.7777778,9.0,20.0,0.9861052631578946,0.99125
13.0,0.7777778,9.0,32.0,0.9852631578947368,0.9881249999999999
13.0,0.7777778,9.0,50.0,0.9793684210526316,0.98375
13.0,0.7777778,9.0,80.0,0.9720000000000001,0.975
13.0,0.7777778,9.0,128.0,0.9616842105263158,0.95625
13.0,0.7777778,11.0,2.0,0.9852631578947368,0.9881249999999999
13.0,0.7777778,11.0,3.0,0.9852631578947368,0.9881249999999999
13.0,0.7777778,11.0,5.0,0.9852631578947368,0.9881249999999999
13.0,0.7777778,11.0,8.0,0.9852631578947368,0.9881249999999999
13.0,0.7777778,11.0,12.0,0.9852631578947368,0.9881249999999999
13.0,0.7777778,11.0,20.0,0.9852631578947368,0.9881249999999999
13.0,0.7777778,11.0,32.0,0.984,0.985
13.0,0.7777778,11.0,50.0,0.9781052631578948,0.983125
13.0,0.7777778,11.0,80.0,0.9720000000000001,0.975
13.0,0.7777778,11.0,128.0,0.9616842105263158,0.9568749999999999
13.0,0.7777778,13.0,2.0,0.9814736842105264,0.98375
13.0,0.7777778,13.0,3.0,0.9814736842105264,0.98375
13.0,0.7777778,13.0,5.0,0.9814736842105264,0.98375
13.0,0.7777778,13.0,8.0,0.9814736842105264,0.98375
13.0,0.7777778,13.0,12.0,0.9814736842105264,0.98375
13.0,0.7777778,13.0,20.0,0.9814736842105264,0.98375
13.0,0.7777778,13.0,32.0,0.9806315789473684,0.984375
13.0,0.7777778,13.0,50.0,0.976,0.9818749999999999
13.0,0.7777778,13.0,80.0,0.9720000000000001,0.975
13.0,0.7777778,13.0,128.0,0.9616842105263158,0.95625
13.0,0.7777778,15.0,2.0,0.9785263157894736,0.9824999999999999
13.0,0.7777778,15.0,3.0,0.9785263157894736,0.9824999999999999
13.0,0.7777778,15.0,5.0,0.9785263157894736,0.9824999999999999
13.0,0.7777778,15.0,8.0,0.9785263157894736,0.9824999999999999
13.0,0.7777778,15.0,12.0,0.9785263157894736,0.9824999999999999
13.0,0.7777778,15.0,20.0,0.9785263157894736,0.9824999999999999
13.0,0.7777778,15.0,32.0,0.9785263157894736,0.9824999999999999
13.0,0.7777778,15.0,50.0,0.9743157894736842,0.9806250000000001
13.0,0.7777778,15.0,80.0,0.9720000000000001,0.975
13.0,0.7777778,15.0,128.0,0.9616842105263158,0.9568749999999999
13.0,0.7777778,17.0,2.0,0.976842105263158,0.983125
13.0,0.7777778,17.0,3.0,0.976842105263158,0.983125
13.0,0.7777778,17.0,5.0,0.976842105263158,0.983125
13.0,0.7777778,17.0,8.0,0.976842105263158,0.983125
13.0,0.7777778,17.0,12.0,0.976842105263158,0.983125
13.0,0.7777778,17.0,20.0,0.976842105263158,0.983125
13.0,0.7777778,17.0,32.0,0.976842105263158,0.983125
13.0,0.7777778,17.0,50.0,0.9743157894736842,0.9806250000000001
13.0,0.7777778,17.0,80.0,0.9722105263157894,0.975625
13.0,0.7777778,17.0,128.0,0.9616842105263158,0.9568749999999999
13.0,0.7777778,20.0,2.0,0.9736842105263157,0.9793749999999999
13.0,0.7777778,20.0,3.0,0.9736842105263157,0.9793749999999999
13.0,0.7777778,20.0,5.0,0.9736842105263157,0.9793749999999999
13.0,0.7777778,20.0,8.0,0.9736842105263157,0.9793749999999999
13.0,0.7777778,20.0,12.0,0.9736842105263157,0.9793749999999999
13.0,0.7777778,20.0,20.0,0.9736842105263157,0.9793749999999999
13.0,0.7777778,20.0,32.0,0.9736842105263157,0.9793749999999999
13.0,0.7777778,20.0,50.0,0.9738947368421054,0.9793749999999999
13.0,0.7777778,20.0,80.0,0.9724210526315791,0.975
13.0,0.7777778,20.0,128.0,0.9616842105263158,0.9568749999999999
13.0,0.8888889,1.0,2.0,0.9987368421052631,0.993125
13.0,0.8888889,1.0,3.0,0.9989473684210527,0.993125
13.0,0.8888889,1.0,5.0,0.9978947368421052,0.99375
13.0,0.8888889,1.0,8.0,0.9968421052631579,0.99375
13.0,0.8888889,1.0,12.0,0.9960000000000001,0.994375
13.0,0.8888889,1.0,20.0,0.9951578947368421,0.9962500000000001
13.0,0.8888889,1.0,32.0,0.9896842105263157,0.991875
13.0,0.8888889,1.0,50.0,0.9810526315789474,0.98375
13.0,0.8888889,1.0,80.0,0.9728421052631578,0.9724999999999999
13.0,0.8888889,1.0,128.0,0.9618947368421052,0.9556250000000001
13.0,0.8888889,3.0,2.0,0.9955789473684211,0.99375
13.0,0.8888889,3.0,3.0,0.9955789473684211,0.99375
13.0,0.8888889,3.0,5.0,0.9955789473684211,0.99375
13.0,0.8888889,3.0,8.0,0.9962105263157894,0.99375
13.0,0.8888889,3.0,12.0,0.9945263157894736,0.993125
13.0,0.8888889,3.0,20.0,0.9932631578947368,0.9949999999999999
13.0,0.8888889,3.0,32.0,0.9888421052631579,0.991875
13.0,0.8888889,3.0,50.0,0.9812631578947368,0.98375
13.0,0.8888889,3.0,80.0,0.9728421052631578,0.9724999999999999
13.0,0.8888889,3.0,128.0,0.9618947368421052,0.9556250000000001
13.0,0.8888889,5.0,2.0,0.9903157894736843,0.9949999999999999
13.0,0.8888889,5.0,3.0,0.9903157894736843,0.9949999999999999
13.0,0.8888889,5.0,5.0,0.9903157894736843,0.9949999999999999
13.0,0.8888889,5.0,8.0,0.9903157894736843,0.9949999999999999
13.0,0.8888889,5.0,12.0,0.9901052631578947,0.9949999999999999
13.0,0.8888889,5.0,20.0,0.9890526315789474,0.994375
13.0,0.8888889,5.0,32.0,0.9856842105263158,0.99125
13.0,0.8888889,5.0,50.0,0.9812631578947368,0.98375
13.0,0.8888889,5.0,80.0,0.9728421052631578,0.9724999999999999
13.0,0.8888889,5.0,128.0,0.9618947368421052,0.9556250000000001
13.0,0.8888889,7.0,2.0,0.9863157894736843,0.9956250000000001
13.0,0.8888889,7.0,3.0,0.9863157894736843,0.9956250000000001
13.0,0.8888889,7.0,5.0,0.9863157894736843,0.9956250000000001
13.0,0.8888889,7.0,8.0,0.9863157894736843,0.9956250000000001
13.0,0.8888889,7.0,12.0,0.9863157894736843,0.9956250000000001
13.0,0.8888889,7.0,20.0,0.9863157894736843,0.994375
13.0,0.8888889,7.0,32.0,0.9863157894736843,0.9925
13.0,0.8888889,7.0,50.0,0.9814736842105264,0.98375
13.0,0.8888889,7.0,80.0,0.9728421052631578,0.9724999999999999
13.0,0.8888889,7.0,128.0,0.9618947368421052,0.9556250000000001
13.0,0.8888889,9.0,2.0,0.9861052631578946,0.99375
13.0,0.8888889,9.0,3.0,0.9861052631578946,0.99375
13.0,0.8888889,9.0,5.0,0.9861052631578946,0.99375
13.0,0.8888889,9.0,8.0,0.9861052631578946,0.99375
13.0,0.8888889,9.0,12.0,0.9861052631578946,0.99375
13.0,0.8888889,9.0,20.0,0.9861052631578946,0.99375
13.0,0.8888889,9.0,32.0,0.9854736842105263,0.99125
13.0,0.8888889,9.0,50.0,0.9812631578947368,0.983125
13.0,0.8888889,9.0,80.0,0.9728421052631578,0.9724999999999999
13.0,0.8888889,9.0,128.0,0.9618947368421052,0.9556250000000001
13.0,0.8888889,11.0,2.0,0.9858947368421053,0.991875
13.0,0.8888889,11.0,3.0,0.9858947368421053,0.991875
13.0,0.8888889,11.0,5.0,0.9858947368421053,0.991875
13.0,0.8888889,11.0,8.0,0.9858947368421053,0.991875
13.0,0.8888889,11.0,12.0,0.9858947368421053,0.991875
13.0,0.8888889,11.0,20.0,0.9858947368421053,0.991875
13.0,0.8888889,11.0,32.0,0.9846315789473685,0.9881249999999999
13.0,0.8888889,11.0,50.0,0.9791578947368421,0.984375
13.0,0.8888889,11.0,80.0,0.9726315789473684,0.9724999999999999
13.0,0.8888889,11.0,128.0,0.9614736842105263,0.9556250000000001
13.0,0.8888889,13.0,2.0,0.983157894736842,0.9881249999999999
13.0,0.8888889,13.0,3.0,0.983157894736842,0.9881249999999999
13.0,0.8888889,13.0,5.0,0.983157894736842,0.9881249999999999
13.0,0.8888889,13.0,8.0,0.983157894736842,0.9881249999999999
13.0,0.8888889,13.0,12.0,0.983157894736842,0.9881249999999999
13.0,0.8888889,13.0,20.0,0.983157894736842,0.9881249999999999
13.0,0.8888889,13.0,32.0,0.9823157894736841,0.9868750000000001
13.0,0.8888889,13.0,50.0,0.9778947368421053,0.98375
13.0,0.8888889,13.0,80.0,0.9715789473684211,0.9712500000000001
13.0,0.8888889,13.0,128.0,0.9618947368421052,0.9556250000000001
13.0,0.8888889,15.0,2.0,0.9804210526315789,0.983125
13.0,0.8888889,15.0,3.0,0.9804210526315789,0.983125
13.0,0.8888889,15.0,5.0,0.9804210526315789,0.983125
13.0,0.8888889,15.0,8.0,0.9804210526315789,0.983125
13.0,0.8888889,15.0,12.0,0.9804210526315789,0.983125
13.0,0.8888889,15.0,20.0,0.9804210526315789,0.983125
13.0,0.8888889,15.0,32.0,0.9802105263157894,0.983125
13.0,0.8888889,15.0,50.0,0.976842105263158,0.98375
13.0,0.8888889,15.0,80.0,0.9715789473684211,0.9712500000000001
13.0,0.8888889,15.0,128.0,0.9614736842105263,0.9556250000000001
13.0,0.8888889,17.0,2.0,0.9785263157894736,0.98375
13.0,0.8888889,17.0,3.0,0.9785263157894736,0.98375
13.0,0.8888889,17.0,5.0,0.9785263157894736,0.98375
13.0,0.8888889,17.0,8.0,0.9785263157894736,0.98375
13.0,0.8888889,17.0,12.0,0.9785263157894736,0.98375
13.0,0.8888889,17.0,20.0,0.9785263157894736,0.98375
13.0,0.8888889,17.0,32.0,0.9785263157894736,0.98375
13.0,0.8888889,17.0,50.0,0.9753684210526317,0.98125
13.0,0.8888889,17.0,80.0,0.9715789473684211,0.9712500000000001
13.0,0.8888889,17.0,128.0,0.9618947368421052,0.9568749999999999
13.0,0.8888889,20.0,2.0,0.9743157894736842,0.9806250000000001
13.0,0.8888889,20.0,3.0,0.9743157894736842,0.9806250000000001
13.0,0.8888889,20.0,5.0,0.9743157894736842,0.9806250000000001
13.0,0.8888889,20.0,8.0,0.9743157894736842,0.9806250000000001
13.0,0.8888889,20.0,12.0,0.9743157894736842,0.9806250000000001
13.0,0.8888889,20.0,20.0,0.9743157894736842,0.9806250000000001
13.0,0.8888889,20.0,32.0,0.9743157894736842,0.9806250000000001
13.0,0.8888889,20.0,50.0,0.9738947368421054,0.9799999999999999
13.0,0.8888889,20.0,80.0,0.9715789473684211,0.9712500000000001
13.0,0.8888889,20.0,128.0,0.9614736842105263,0.9556250000000001
13.0,1.0,1.0,2.0,0.9985263157894737,0.993125
13.0,1.0,1.0,3.0,0.9985263157894737,0.993125
13.0,1.0,1.0,5.0,0.9976842105263157,0.9925
13.0,1.0,1.0,8.0,0.9966315789473684,0.9925
13.0,1.0,1.0,12.0,0.9955789473684209,0.99375
13.0,1.0,1.0,20.0,0.9943157894736843,0.9949999999999999
13.0,1.0,1.0,32.0,0.9877894736842106,0.9881249999999999
13.0,1.0,1.0,50.0,0.9806315789473684,0.98375
13.0,1.0,1.0,80.0,0.9751578947368422,0.9724999999999999
13.0,1.0,1.0,128.0,0.9547368421052631,0.95
13.0,1.0,3.0,2.0,0.9949473684210526,0.99125
13.0,1.0,3.0,3.0,0.9949473684210526,0.99125
13.0,1.0,3.0,5.0,0.9949473684210526,0.99125
13.0,1.0,3.0,8.0,0.9943157894736843,0.99125
13.0,1.0,3.0,12.0,0.9938947368421053,0.991875
13.0,1.0,3.0,20.0,0.992842105263158,0.993125
13.0,1.0,3.0,32.0,0.9873684210526316,0.9881249999999999
13.0,1.0,3.0,50.0,0.9806315789473684,0.98375
13.0,1.0,3.0,80.0,0.9751578947368422,0.9724999999999999
13.0,1.0,3.0,128.0,0.9547368421052631,0.95
13.0,1.0,5.0,2.0,0.9890526315789474,0.991875
13.0,1.0,5.0,3.0,0.9890526315789474,0.991875
13.0,1.0,5.0,5.0,0.9890526315789474,0.991875
13.0,1.0,5.0,8.0,0.9890526315789474,0.991875
13.0,1.0,5.0,12.0,0.9884210526315789,0.991875
13.0,1.0,5.0,20.0,0.9877894736842106,0.991875
13.0,1.0,5.0,32.0,0.9850526315789473,0.9875
13.0,1.0,5.0,50.0,0.9806315789473684,0.98375
13.0,1.0,5.0,80.0,0.9751578947368422,0.9724999999999999
13.0,1.0,5.0,128.0,0.9547368421052631,0.95
13.0,1.0,7.0,2.0,0.9871578947368421,0.991875
13.0,1.0,7.0,3.0,0.9871578947368421,0.991875
13.0,1.0,7.0,5.0,0.9871578947368421,0.991875
13.0,1.0,7.0,8.0,0.9871578947368421,0.991875
13.0,1.0,7.0,12.0,0.9871578947368421,0.991875
13.0,1.0,7.0,20.0,0.9867368421052631,0.99375
13.0,1.0,7.0,32.0,0.9850526315789473,0.99
13.0,1.0,7.0,50.0,0.9806315789473684,0.98375
13.0,1.0,7.0,80.0,0.9751578947368422,0.9724999999999999
13.0,1.0,7.0,128.0,0.9543157894736842,0.95
13.0,1.0,9.0,2.0,0.9858947368421053,0.991875
13.0,1.0,9.0,3.0,0.9858947368421053,0.991875
13.0,1.0,9.0,5.0,0.9858947368421053,0.991875
13.0,1.0,9.0,8.0,0.9858947368421053,0.991875
13.0,1.0,9.0,12.0,0.9858947368421053,0.991875
13.0,1.0,9.0,20.0,0.9858947368421053,0.991875
13.0,1.0,9.0,32.0,0.984421052631579,0.99125
13.0,1.0,9.0,50.0,0.9808421052631578,0.98375
13.0,1.0,9.0,80.0,0.9751578947368422,0.9724999999999999
13.0,1.0,9.0,128.0,0.9543157894736842,0.95
13.0,1.0,11.0,2.0,0.9852631578947368,0.991875
13.0,1.0,11.0,3.0,0.9852631578947368,0.991875
13.0,1.0,11.0,5.0,0.9852631578947368,0.991875
13.0,1.0,11.0,8.0,0.9852631578947368,0.991875
13.0,1.0,11.0,12.0,0.9852631578947368,0.991875
13.0,1.0,11.0,20.0,0.9852631578947368,0.991875
13.0,1.0,11.0,32.0,0.9837894736842105,0.9887499999999999
13.0,1.0,11.0,50.0,0.9795789473684211,0.98375
13.0,1.0,11.0,80.0,0.9751578947368422,0.9724999999999999
13.0,1.0,11.0,128.0,0.9543157894736842,0.95
13.0,1.0,13.0,2.0,0.983157894736842,0.9868750000000001
13.0,1.0,13.0,3.0,0.983157894736842,0.9868750000000001
13.0,1.0,13.0,5.0,0.983157894736842,0.9868750000000001
13.0,1.0,13.0,8.0,0.983157894736842,0.9868750000000001
13.0,1.0,13.0,12.0,0.983157894736842,0.9868750000000001
13.0,1.0,13.0,20.0,0.983157894736842,0.9868750000000001
13.0,1.0,13.0,32.0,0.9816842105263157,0.984375
13.0,1.0,13.0,50.0,0.9781052631578948,0.9818749999999999
13.0,1.0,13.0,80.0,0.9743157894736842,0.9724999999999999
13.0,1.0,13.0,128.0,0.9534736842105263,0.95
13.0,1.0,15.0,2.0,0.9800000000000001,0.984375
13.0,1.0,15.0,3.0,0.9800000000000001,0.984375
13.0,1.0,15.0,5.0,0.9800000000000001,0.984375
13.0,1.0,15.0,8.0,0.9800000000000001,0.984375
13.0,1.0,15.0,12.0,0.9800000000000001,0.984375
13.0,1.0,15.0,20.0,0.9800000000000001,0.984375
13.0,1.0,15.0,32.0,0.9802105263157894,0.984375
13.0,1.0,15.0,50.0,0.976842105263158,0.9818749999999999
13.0,1.0,15.0,80.0,0.9734736842105264,0.9724999999999999
13.0,1.0,15.0,128.0,0.9526315789473685,0.95
13.0,1.0,17.0,2.0,0.9781052631578948,0.9818749999999999
13.0,1.0,17.0,3.0,0.9781052631578948,0.9818749999999999
13.0,1.0,17.0,5.0,0.9781052631578948,0.9818749999999999
13.0,1.0,17.0,8.0,0.9781052631578948,0.9818749999999999
13.0,1.0,17.0,12.0,0.9781052631578948,0.9818749999999999
13.0,1.0,17.0,20.0,0.9781052631578948,0.9818749999999999
13.0,1.0,17.0,32.0,0.9781052631578948,0.9818749999999999
13.0,1.0,17.0,50.0,0.975578947368421,0.97875
13.0,1.0,17.0,80.0,0.9720000000000001,0.96875
13.0,1.0,17.0,128.0,0.951157894736842,0.94625
13.0,1.0,20.0,2.0,0.9736842105263157,0.978125
13.0,1.0,20.0,3.0,0.9736842105263157,0.978125
13.0,1.0,20.0,5.0,0.9736842105263157,0.978125
13.0,1.0,20.0,8.0,0.9736842105263157,0.978125
13.0,1.0,20.0,12.0,0.9736842105263157,0.978125
13.0,1.0,20.0,20.0,0.9736842105263157,0.978125
13.0,1.0,20.0,32.0,0.9736842105263157,0.978125
13.0,1.0,20.0,50.0,0.9734736842105264,0.9775
13.0,1.0,20.0,80.0,0.9711578947368421,0.96875
13.0,1.0,20.0,128.0,0.9503157894736842,0.94625
20.0,0.0,1.0,2.0,0.991157894736842,0.974375
20.0,0.0,1.0,3.0,0.991578947368421,0.9724999999999999
20.0,0.0,1.0,5.0,0.991578947368421,0.9675
20.0,0.0,1.0,8.0,0.9884210526315791,0.965625
20.0,0.0,1.0,12.0,0.9823157894736841,0.96125
20.0,0.0,1.0,20.0,0.976,0.9550000000000001
20.0,0.0,1.0,32.0,0.9648421052631578,0.9418749999999999
20.0,0.0,1.0,50.0,0.9555789473684211,0.938125
20.0,0.0,1.0,80.0,0.9414736842105264,0.923125
20.0,0.0,1.0,128.0,0.9273684210526316,0.914375
20.0,0.0,3.0,2.0,0.9747368421052631,0.9475
20.0,0.0,3.0,3.0,0.9747368421052631,0.9475
20.0,0.0,3.0,5.0,0.9747368421052631,0.9475
20.0,0.0,3.0,8.0,0.9741052631578947,0.94625
20.0,0.0,3.0,12.0,0.9677894736842105,0.945625
20.0,0.0,3.0,20.0,0.9633684210526315,0.944375
20.0,0.0,3.0,32.0,0.9549473684210528,0.9375
20.0,0.0,3.0,50.0,0.9452631578947368,0.92875
20.0,0.0,3.0,80.0,0.9311578947368421,0.9175000000000001
20.0,0.0,3.0,128.0,0.9204210526315789,0.906875
20.0,0.0,5.0,2.0,0.9560000000000001,0.934375
20.0,0.0,5.0,3.0,0.9560000000000001,0.934375
20.0,0.0,5.0,5.0,0.9560000000000001,0.934375
20.0,0.0,5.0,8.0,0.9560000000000001,0.934375
20.0,0.0,5.0,12.0,0.9534736842105263,0.9331250000000001
20.0,0.0,5.0,20.0,0.951578947368421,0.9324999999999999
20.0,0.0,5.0,32.0,0.9463157894736842,0.92875
20.0,0.0,5.0,50.0,0.9364210526315789,0.9225
20.0,0.0,5.0,80.0,0.9271578947368422,0.9168749999999999
20.0,0.0,5.0,128.0,0.9178947368421053,0.9018750000000001
20.0,0.0,7.0,2.0,0.9410526315789474,0.925
20.0,0.0,7.0,3.0,0.9410526315789474,0.925
20.0,0.0,7.0,5.0,0.9410526315789474,0.925
20.0,0.0,7.0,8.0,0.9410526315789474,0.925
20.0,0.0,7.0,12.0,0.9410526315789474,0.925
20.0,0.0,7.0,20.0,0.9416842105263157,0.9237500000000001
20.0,0.0,7.0,32.0,0.9357894736842105,0.9237500000000001
20.0,0.0,7.0,50.0,0.9290526315789475,0.9168749999999999
20.0,0.0,7.0,80.0,0.9210526315789472,0.9081250000000001
20.0,0.0,7.0,128.0,0.9130526315789474,0.898125
20.0,0.0,9.0,2.0,0.9277894736842105,0.9168749999999999
20.0,0.0,9.0,3.0,0.9277894736842105,0.9168749999999999
20.0,0.0,9.0,5.0,0.9277894736842105,0.9168749999999999
20.0,0.0,9.0,8.0,0.9277894736842105,0.9168749999999999
20.0,0.0,9.0,12.0,0.9277894736842105,0.9168749999999999
20.0,0.0,9.0,20.0,0.9286315789473685,0.91875
20.0,0.0,9.0,32.0,0.9292631578947368,0.9181250000000001
20.0,0.0,9.0,50.0,0.9237894736842105,0.9099999999999999
20.0,0.0,9.0,80.0,0.9157894736842105,0.9012499999999999
20.0,0.0,9.0,128.0,0.9069473684210527,0.8887499999999999
20.0,0.0,11.0,2.0,0.9206315789473685,0.91375
20.0,0.0,11.0,3.0,0.9206315789473685,0.91375
20.0,0.0,11.0,5.0,0.9206315789473685,0.91375
20.0,0.0,11.0,8.0,0.9206315789473685,0.91375
20.0,0.0,11.0,12.0,0.9206315789473685,0.91375
20.0,0.0,11.0,20.0,0.9206315789473685,0.91375
20.0,0.0,11.0,32.0,0.9204210526315789,0.9125
20.0,0.0,11.0,50.0,0.9166315789473684,0.9012499999999999
20.0,0.0,11.0,80.0,0.9111578947368422,0.8975
20.0,0.0,11.0,128.0,0.899578947368421,0.884375
20.0,0.0,13.0,2.0,0.9136842105263158,0.9012499999999999
20.0,0.0,13.0,3.0,0.9136842105263158,0.9012499999999999
20.0,0.0,13.0,5.0,0.9136842105263158,0.9012499999999999
20.0,0.0,13.0,8.0,0.9136842105263158,0.9012499999999999
20.0,0.0,13.0,12.0,0.9136842105263158,0.9012499999999999
20.0,0.0,13.0,20.0,0.9136842105263158,0.9012499999999999
20.0,0.0,13.0,32.0,0.9134736842105264,0.9012499999999999
20.0,0.0,13.0,50.0,0.9122105263157895,0.898125
20.0,0.0,13.0,80.0,0.9054736842105264,0.891875
20.0,0.0,13.0,128.0,0.8945263157894736,0.88375
20.0,0.0,15.0,2.0,0.908421052631579,0.89375
20.0,0.0,15.0,3.0,0.908421052631579,0.89375
20.0,0.0,15.0,5.0,0.908421052631579,0.89375
20.0,0.0,15.0,8.0,0.908421052631579,0.89375
20.0,0.0,15.0,12.0,0.908421052631579,0.89375
20.0,0.0,15.0,20.0,0.908421052631579,0.89375
20.0,0.0,15.0,32.0,0.9094736842105263,0.89625
20.0,0.0,15.0,50.0,0.9012631578947369,0.890625
20.0,0.0,15.0,80.0,0.9025263157894736,0.89
20.0,0.0,15.0,128.0,0.8892631578947368,0.8768750000000001
20.0,0.0,17.0,2.0,0.9044210526315789,0.890625
20.0,0.0,17.0,3.0,0.9044210526315789,0.890625
20.0,0.0,17.0,5.0,0.9044210526315789,0.890625
20.0,0.0,17.0,8.0,0.9044210526315789,0.890625
20.0,0.0,17.0,12.0,0.9044210526315789,0.890625
20.0,0.0,17.0,20.0,0.9044210526315789,0.890625
20.0,0.0,17.0,32.0,0.9044210526315789,0.890625
20.0,0.0,17.0,50.0,0.899157894736842,0.88125
20.0,0.0,17.0,80.0,0.8960000000000001,0.88375
20.0,0.0,17.0,128.0,0.8854736842105263,0.874375
20.0,0.0,20.0,2.0,0.8930526315789473,0.88125
20.0,0.0,20.0,3.0,0.8930526315789473,0.88125
20.0,0.0,20.0,5.0,0.8930526315789473,0.88125
20.0,0.0,20.0,8.0,0.8930526315789473,0.88125
20.0,0.0,20.0,12.0,0.8930526315789473,0.88125
20.0,0.0,20.0,20.0,0.8930526315789473,0.88125
20.0,0.0,20.0,32.0,0.8930526315789473,0.88125
20.0,0.0,20.0,50.0,0.8905263157894737,0.8775000000000001
20.0,0.0,20.0,80.0,0.8909473684210527,0.881875
20.0,0.0,20.0,128.0,0.8829473684210527,0.869375
20.0,0.11111111,1.0,2.0,0.9947368421052631,0.9800000000000001
20.0,0.11111111,1.0,3.0,0.9947368421052631,0.976875
20.0,0.11111111,1.0,5.0,0.9947368421052631,0.975
20.0,0.11111111,1.0,8.0,0.9909473684210527,0.974375
20.0,0.11111111,1.0,12.0,0.9865263157894738,0.96875
20.0,0.11111111,1.0,20.0,0.9804210526315791,0.968125
20.0,0.11111111,1.0,32.0,0.9703157894736842,0.9525
20.0,0.11111111,1.0,50.0,0.9631578947368421,0.9506249999999999
20.0,0.11111111,1.0,80.0,0.9566315789473684,0.9393750000000001
20.0,0.11111111,1.0,128.0,0.9496842105263157,0.93625
20.0,0.11111111,3.0,2.0,0.9804210526315789,0.960625
20.0,0.11111111,3.0,3.0,0.9804210526315789,0.960625
20.0,0.11111111,3.0,5.0,0.9804210526315789,0.960625
20.0,0.11111111,3.0,8.0,0.9785263157894736,0.961875
20.0,0.11111111,3.0,12.0,0.975578947368421,0.959375
20.0,0.11111111,3.0,20.0,0.9701052631578946,0.951875
20.0,0.11111111,3.0,32.0,0.9633684210526315,0.9475
20.0,0.11111111,3.0,50.0,0.9608421052631579,0.945
20.0,0.11111111,3.0,80.0,0.9547368421052631,0.93875
20.0,0.11111111,3.0,128.0,0.9488421052631579,0.9356249999999999
20.0,0.11111111,5.0,2.0,0.9663157894736842,0.9493750000000001
20.0,0.11111111,5.0,3.0,0.9663157894736842,0.9493750000000001
20.0,0.11111111,5.0,5.0,0.9663157894736842,0.9493750000000001
20.0,0.11111111,5.0,8.0,0.9663157894736842,0.9493750000000001
20.0,0.11111111,5.0,12.0,0.9669473684210527,0.953125
20.0,0.11111111,5.0,20.0,0.9652631578947368,0.9475
20.0,0.11111111,5.0,32.0,0.9606315789473683,0.940625
20.0,0.11111111,5.0,50.0,0.9583157894736842,0.944375
20.0,0.11111111,5.0,80.0,0.9532631578947368,0.93625
20.0,0.11111111,5.0,128.0,0.9482105263157894,0.9331250000000001
20.0,0.11111111,7.0,2.0,0.96,0.94375
20.0,0.11111111,7.0,3.0,0.96,0.94375
20.0,0.11111111,7.0,5.0,0.96,0.94375
20.0,0.11111111,7.0,8.0,0.96,0.94375
20.0,0.11111111,7.0,12.0,0.96,0.94375
20.0,0.11111111,7.0,20.0,0.9581052631578947,0.9412499999999999
20.0,0.11111111,7.0,32.0,0.9566315789473684,0.9393750000000001
20.0,0.11111111,7.0,50.0,0.9551578947368421,0.9412499999999999
20.0,0.11111111,7.0,80.0,0.9522105263157895,0.93625
20.0,0.11111111,7.0,128.0,0.9458947368421052,0.931875
20.0,0.11111111,9.0,2.0,0.9543157894736842,0.9393750000000001
20.0,0.11111111,9.0,3.0,0.9543157894736842,0.9393750000000001
20.0,0.11111111,9.0,5.0,0.9543157894736842,0.9393750000000001
20.0,0.11111111,9.0,8.0,0.9543157894736842,0.9393750000000001
20.0,0.11111111,9.0,12.0,0.9543157894736842,0.9393750000000001
20.0,0.11111111,9.0,20.0,0.9555789473684211,0.9400000000000001
20.0,0.11111111,9.0,32.0,0.9541052631578948,0.9393750000000001
20.0,0.11111111,9.0,50.0,0.9536842105263158,0.9393750000000001
20.0,0.11111111,9.0,80.0,0.9488421052631579,0.9349999999999999
20.0,0.11111111,9.0,128.0,0.9429473684210526,0.930625
20.0,0.11111111,11.0,2.0,0.952,0.93875
20.0,0.11111111,11.0,3.0,0.952,0.93875
20.0,0.11111111,11.0,5.0,0.952,0.93875
20.0,0.11111111,11.0,8.0,0.952,0.93875
20.0,0.11111111,11.0,12.0,0.952,0.93875
20.0,0.11111111,11.0,20.0,0.952,0.93875
20.0,0.11111111,11.0,32.0,0.952,0.940625
20.0,0.11111111,11.0,50.0,0.9509473684210527,0.93875
20.0,0.11111111,11.0,80.0,0.9450526315789475,0.9324999999999999
20.0,0.11111111,11.0,128.0,0.9421052631578947,0.930625
20.0,0.11111111,13.0,2.0,0.9507368421052632,0.93625
20.0,0.11111111,13.0,3.0,0.9507368421052632,0.93625
20.0,0.11111111,13.0,5.0,0.9507368421052632,0.93625
20.0,0.11111111,13.0,8.0,0.9507368421052632,0.93625
20.0,0.11111111,13.0,12.0,0.9507368421052632,0.93625
20.0,0.11111111,13.0,20.0,0.9507368421052632,0.93625
20.0,0.11111111,13.0,32.0,0.9494736842105264,0.938125
20.0,0.11111111,13.0,50.0,0.9490526315789474,0.9337500000000001
20.0,0.11111111,13.0,80.0,0.9433684210526316,0.9324999999999999
20.0,0.11111111,13.0,128.0,0.9410526315789474,0.929375
20.0,0.11111111,15.0,2.0,0.9461052631578948,0.9331250000000001
20.0,0.11111111,15.0,3.0,0.9461052631578948,0.9331250000000001
20.0,0.11111111,15.0,5.0,0.9461052631578948,0.9331250000000001
20.0,0.11111111,15.0,8.0,0.9461052631578948,0.9331250000000001
20.0,0.11111111,15.0,12.0,0.9461052631578948,0.9331250000000001
20.0,0.11111111,15.0,20.0,0.9461052631578948,0.9331250000000001
20.0,0.11111111,15.0,32.0,0.9477894736842105,0.93625
20.0,0.11111111,15.0,50.0,0.9473684210526315,0.9337500000000001
20.0,0.11111111,15.0,80.0,0.9437894736842105,0.9324999999999999
20.0,0.11111111,15.0,128.0,0.9406315789473684,0.929375
20.0,0.11111111,17.0,2.0,0.9461052631578948,0.9337500000000001
20.0,0.11111111,17.0,3.0,0.9461052631578948,0.9337500000000001
20.0,0.11111111,17.0,5.0,0.9461052631578948,0.9337500000000001
20.0,0.11111111,17.0,8.0,0.9461052631578948,0.9337500000000001
20.0,0.11111111,17.0,12.0,0.9461052631578948,0.9337500000000001
20.0,0.11111111,17.0,20.0,0.9461052631578948,0.9337500000000001
20.0,0.11111111,17.0,32.0,0.9461052631578948,0.9337500000000001
20.0,0.11111111,17.0,50.0,0.9444210526315789,0.93125
20.0,0.11111111,17.0,80.0,0.9414736842105264,0.93125
20.0,0.11111111,17.0,128.0,0.9381052631578948,0.929375
20.0,0.11111111,20.0,2.0,0.9418947368421053,0.931875
20.0,0.11111111,20.0,3.0,0.9418947368421053,0.931875
20.0,0.11111111,20.0,5.0,0.9418947368421053,0.931875
20.0,0.11111111,20.0,8.0,0.9418947368421053,0.931875
20.0,0.11111111,20.0,12.0,0.9418947368421053,0.931875
20.0,0.11111111,20.0,20.0,0.9418947368421053,0.931875
20.0,0.11111111,20.0,32.0,0.9418947368421053,0.931875
20.0,0.11111111,20.0,50.0,0.9410526315789474,0.929375
20.0,0.11111111,20.0,80.0,0.9400000000000001,0.929375
20.0,0.11111111,20.0,128.0,0.9376842105263158,0.9275
20.0,0.22222222,1.0,2.0,0.9955789473684211,0.983125
20.0,0.22222222,1.0,3.0,0.9955789473684211,0.9806250000000001
20.0,0.22222222,1.0,5.0,0.9943157894736843,0.9806250000000001
20.0,0.22222222,1.0,8.0,0.9930526315789473,0.9793749999999999
20.0,0.22222222,1.0,12.0,0.9894736842105264,0.975
20.0,0.22222222,1.0,20.0,0.9846315789473685,0.97
20.0,0.22222222,1.0,32.0,0.9772631578947368,0.96
20.0,0.22222222,1.0,50.0,0.9696842105263158,0.954375
20.0,0.22222222,1.0,80.0,0.9610526315789475,0.94625
20.0,0.22222222,1.0,128.0,0.9593684210526316,0.9425000000000001
20.0,0.22222222,3.0,2.0,0.9861052631578948,0.968125
20.0,0.22222222,3.0,3.0,0.9861052631578948,0.968125
20.0,0.22222222,3.0,5.0,0.9861052631578948,0.968125
20.0,0.22222222,3.0,8.0,0.984842105263158,0.969375
20.0,0.22222222,3.0,12.0,0.9833684210526317,0.9675
20.0,0.22222222,3.0,20.0,0.9785263157894736,0.96125
20.0,0.22222222,3.0,32.0,0.9730526315789474,0.9556250000000001
20.0,0.22222222,3.0,50.0,0.9663157894736841,0.9525
20.0,0.22222222,3.0,80.0,0.9608421052631579,0.946875
20.0,0.22222222,3.0,128.0,0.9576842105263157,0.9418749999999999
20.0,0.22222222,5.0,2.0,0.9766315789473683,0.95875
20.0,0.22222222,5.0,3.0,0.9766315789473683,0.95875
20.0,0.22222222,5.0,5.0,0.9766315789473683,0.95875
20.0,0.22222222,5.0,8.0,0.9766315789473683,0.95875
20.0,0.22222222,5.0,12.0,0.9757894736842105,0.9574999999999999
20.0,0.22222222,5.0,20.0,0.9713684210526315,0.9574999999999999
20.0,0.22222222,5.0,32.0,0.968,0.953125
20.0,0.22222222,5.0,50.0,0.9637894736842105,0.9512499999999999
20.0,0.22222222,5.0,80.0,0.9608421052631579,0.945625
20.0,0.22222222,5.0,128.0,0.9581052631578947,0.940625
20.0,0.22222222,7.0,2.0,0.967578947368421,0.9525
20.0,0.22222222,7.0,3.0,0.967578947368421,0.9525
20.0,0.22222222,7.0,5.0,0.967578947368421,0.9525
20.0,0.22222222,7.0,8.0,0.967578947368421,0.9525
20.0,0.22222222,7.0,12.0,0.967578947368421,0.9525
20.0,0.22222222,7.0,20.0,0.9673684210526317,0.951875
20.0,0.22222222,7.0,32.0,0.9646315789473684,0.951875
20.0,0.22222222,7.0,50.0,0.9623157894736842,0.9481249999999999
20.0,0.22222222,7.0,80.0,0.9597894736842105,0.94625
20.0,0.22222222,7.0,128.0,0.9570526315789474,0.940625
20.0,0.22222222,9.0,2.0,0.9661052631578947,0.9525
20.0,0.22222222,9.0,3.0,0.9661052631578947,0.9525
20.0,0.22222222,9.0,5.0,0.9661052631578947,0.9525
20.0,0.22222222,9.0,8.0,0.9661052631578947,0.9525
20.0,0.22222222,9.0,12.0,0.9661052631578947,0.9525
20.0,0.22222222,9.0,20.0,0.9644210526315788,0.9525
20.0,0.22222222,9.0,32.0,0.9627368421052631,0.95
20.0,0.22222222,9.0,50.0,0.9597894736842105,0.9475
20.0,0.22222222,9.0,80.0,0.959157894736842,0.943125
20.0,0.22222222,9.0,128.0,0.9557894736842105,0.940625
20.0,0.22222222,11.0,2.0,0.9621052631578948,0.9493750000000001
20.0,0.22222222,11.0,3.0,0.9621052631578948,0.9493750000000001
20.0,0.22222222,11.0,5.0,0.9621052631578948,0.9493750000000001
20.0,0.22222222,11.0,8.0,0.9621052631578948,0.9493750000000001
20.0,0.22222222,11.0,12.0,0.9621052631578948,0.9493750000000001
20.0,0.22222222,11.0,20.0,0.9621052631578948,0.9493750000000001
20.0,0.22222222,11.0,32.0,0.9616842105263158,0.945625
20.0,0.22222222,11.0,50.0,0.9597894736842105,0.945
20.0,0.22222222,11.0,80.0,0.9574736842105264,0.94375
20.0,0.22222222,11.0,128.0,0.9549473684210525,0.93875
20.0,0.22222222,13.0,2.0,0.9585263157894737,0.945
20.0,0.22222222,13.0,3.0,0.9585263157894737,0.945
20.0,0.22222222,13.0,5.0,0.9585263157894737,0.945
20.0,0.22222222,13.0,8.0,0.9585263157894737,0.945
20.0,0.22222222,13.0,12.0,0.9585263157894737,0.945
20.0,0.22222222,13.0,20.0,0.9585263157894737,0.945
20.0,0.22222222,13.0,32.0,0.9583157894736842,0.945625
20.0,0.22222222,13.0,50.0,0.9583157894736842,0.945
20.0,0.22222222,13.0,80.0,0.9562105263157894,0.9425000000000001
20.0,0.22222222,13.0,128.0,0.9534736842105263,0.9400000000000001
20.0,0.22222222,15.0,2.0,0.9578947368421054,0.94625
20.0,0.22222222,15.0,3.0,0.9578947368421054,0.94625
20.0,0.22222222,15.0,5.0,0.9578947368421054,0.94625
20.0,0.22222222,15.0,8.0,0.9578947368421054,0.94625
20.0,0.22222222,15.0,12.0,0.9578947368421054,0.94625
20.0,0.22222222,15.0,20.0,0.9578947368421054,0.94625
20.0,0.22222222,15.0,32.0,0.9574736842105264,0.94375
20.0,0.22222222,15.0,50.0,0.9581052631578947,0.945
20.0,0.22222222,15.0,80.0,0.9557894736842105,0.94375
20.0,0.22222222,15.0,128.0,0.9536842105263158,0.9400000000000001
20.0,0.22222222,17.0,2.0,0.9570526315789474,0.9418749999999999
20.0,0.22222222,17.0,3.0,0.9570526315789474,0.9418749999999999
20.0,0.22222222,17.0,5.0,0.9570526315789474,0.9418749999999999
20.0,0.22222222,17.0,8.0,0.9570526315789474,0.9418749999999999
20.0,0.22222222,17.0,12.0,0.9570526315789474,0.9418749999999999
20.0,0.22222222,17.0,20.0,0.9570526315789474,0.9418749999999999
20.0,0.22222222,17.0,32.0,0.9570526315789474,0.9418749999999999
20.0,0.22222222,17.0,50.0,0.9564210526315791,0.94375
20.0,0.22222222,17.0,80.0,0.9549473684210525,0.9418749999999999
20.0,0.22222222,17.0,128.0,0.952421052631579,0.9393750000000001
20.0,0.22222222,20.0,2.0,0.9568421052631578,0.945
20.0,0.22222222,20.0,3.0,0.9568421052631578,0.945
20.0,0.22222222,20.0,5.0,0.9568421052631578,0.945
20.0,0.22222222,20.0,8.0,0.9568421052631578,0.945
20.0,0.22222222,20.0,12.0,0.9568421052631578,0.945
20.0,0.22222222,20.0,20.0,0.9568421052631578,0.945
20.0,0.22222222,20.0,32.0,0.9568421052631578,0.945
20.0,0.22222222,20.0,50.0,0.9574736842105264,0.94375
20.0,0.22222222,20.0,80.0,0.9541052631578948,0.9425000000000001
20.0,0.22222222,20.0,128.0,0.9530526315789473,0.9393750000000001
20.0,0.33333334,1.0,2.0,0.9964210526315789,0.984375
20.0,0.33333334,1.0,3.0,0.9957894736842106,0.983125
20.0,0.33333334,1.0,5.0,0.9949473684210526,0.984375
20.0,0.33333334,1.0,8.0,0.9932631578947368,0.9824999999999999
20.0,0.33333334,1.0,12.0,0.9894736842105264,0.9793749999999999
20.0,0.33333334,1.0,20.0,0.9861052631578946,0.975
20.0,0.33333334,1.0,32.0,0.9787368421052631,0.9668749999999999
20.0,0.33333334,1.0,50.0,0.9732631578947368,0.95625
20.0,0.33333334,1.0,80.0,0.9665263157894737,0.9512499999999999
20.0,0.33333334,1.0,128.0,0.9602105263157895,0.9425000000000001
20.0,0.33333334,3.0,2.0,0.9877894736842106,0.975
20.0,0.33333334,3.0,3.0,0.9877894736842106,0.975
20.0,0.33333334,3.0,5.0,0.9877894736842106,0.975
20.0,0.33333334,3.0,8.0,0.9875789473684211,0.97625
20.0,0.33333334,3.0,12.0,0.9852631578947368,0.975625
20.0,0.33333334,3.0,20.0,0.9804210526315791,0.9712500000000001
20.0,0.33333334,3.0,32.0,0.9766315789473683,0.9625
20.0,0.33333334,3.0,50.0,0.9707368421052631,0.9556250000000001
20.0,0.33333334,3.0,80.0,0.9654736842105264,0.9487500000000001
20.0,0.33333334,3.0,128.0,0.9593684210526316,0.9418749999999999
20.0,0.33333334,5.0,2.0,0.9804210526315789,0.968125
20.0,0.33333334,5.0,3.0,0.9804210526315789,0.968125
20.0,0.33333334,5.0,5.0,0.9804210526315789,0.968125
20.0,0.33333334,5.0,8.0,0.9804210526315789,0.968125
20.0,0.33333334,5.0,12.0,0.9789473684210526,0.9675
20.0,0.33333334,5.0,20.0,0.9772631578947368,0.9662499999999999
20.0,0.33333334,5.0,32.0,0.9736842105263157,0.9568749999999999
20.0,0.33333334,5.0,50.0,0.9682105263157894,0.954375
20.0,0.33333334,5.0,80.0,0.9640000000000001,0.946875
20.0,0.33333334,5.0,128.0,0.9587368421052631,0.9418749999999999
20.0,0.33333334,7.0,2.0,0.9762105263157895,0.963125
20.0,0.33333334,7.0,3.0,0.9762105263157895,0.963125
20.0,0.33333334,7.0,5.0,0.9762105263157895,0.963125
20.0,0.33333334,7.0,8.0,0.9762105263157895,0.963125
20.0,0.33333334,7.0,12.0,0.9762105263157895,0.963125
20.0,0.33333334,7.0,20.0,0.9743157894736842,0.96125
20.0,0.33333334,7.0,32.0,0.9720000000000001,0.9556250000000001
20.0,0.33333334,7.0,50.0,0.9658947368421054,0.951875
20.0,0.33333334,7.0,80.0,0.9629473684210528,0.9475
20.0,0.33333334,7.0,128.0,0.9585263157894737,0.9412499999999999
20.0,0.33333334,9.0,2.0,0.9698947368421053,0.9581250000000001
20.0,0.33333334,9.0,3.0,0.9698947368421053,0.9581250000000001
20.0,0.33333334,9.0,5.0,0.9698947368421053,0.9581250000000001
20.0,0.33333334,9.0,8.0,0.9698947368421053,0.9581250000000001
20.0,0.33333334,9.0,12.0,0.9698947368421053,0.9581250000000001
20.0,0.33333334,9.0,20.0,0.9701052631578946,0.9574999999999999
20.0,0.33333334,9.0,32.0,0.9686315789473685,0.95375
20.0,0.33333334,9.0,50.0,0.9658947368421054,0.951875
20.0,0.33333334,9.0,80.0,0.9616842105263158,0.945625
20.0,0.33333334,9.0,128.0,0.9585263157894737,0.9418749999999999
20.0,0.33333334,11.0,2.0,0.967578947368421,0.95375
20.0,0.33333334,11.0,3.0,0.967578947368421,0.95375
20.0,0.33333334,11.0,5.0,0.967578947368421,0.95375
20.0,0.33333334,11.0,8.0,0.967578947368421,0.95375
20.0,0.33333334,11.0,12.0,0.967578947368421,0.95375
20.0,0.33333334,11.0,20.0,0.967578947368421,0.95375
20.0,0.33333334,11.0,32.0,0.9669473684210527,0.9525
20.0,0.33333334,11.0,50.0,0.9642105263157894,0.951875
20.0,0.33333334,11.0,80.0,0.9608421052631579,0.945
20.0,0.33333334,11.0,128.0,0.9581052631578947,0.9412499999999999
20.0,0.33333334,13.0,2.0,0.9633684210526315,0.9493750000000001
20.0,0.33333334,13.0,3.0,0.9633684210526315,0.9493750000000001
20.0,0.33333334,13.0,5.0,0.9633684210526315,0.9493750000000001
20.0,0.33333334,13.0,8.0,0.9633684210526315,0.9493750000000001
20.0,0.33333334,13.0,12.0,0.9633684210526315,0.9493750000000001
20.0,0.33333334,13.0,20.0,0.9633684210526315,0.9493750000000001
20.0,0.33333334,13.0,32.0,0.9658947368421054,0.9506249999999999
20.0,0.33333334,13.0,50.0,0.9629473684210528,0.9506249999999999
20.0,0.33333334,13.0,80.0,0.96,0.94375
20.0,0.33333334,13.0,128.0,0.9576842105263157,0.9412499999999999
20.0,0.33333334,15.0,2.0,0.9618947368421052,0.9493750000000001
20.0,0.33333334,15.0,3.0,0.9618947368421052,0.9493750000000001
20.0,0.33333334,15.0,5.0,0.9618947368421052,0.9493750000000001
20.0,0.33333334,15.0,8.0,0.9618947368421052,0.9493750000000001
20.0,0.33333334,15.0,12.0,0.9618947368421052,0.9493750000000001
20.0,0.33333334,15.0,20.0,0.9618947368421052,0.9493750000000001
20.0,0.33333334,15.0,32.0,0.9642105263157894,0.9506249999999999
20.0,0.33333334,15.0,50.0,0.959578947368421,0.9481249999999999
20.0,0.33333334,15.0,80.0,0.9585263157894737,0.945625
20.0,0.33333334,15.0,128.0,0.9568421052631578,0.940625
20.0,0.33333334,17.0,2.0,0.9591578947368422,0.9475
20.0,0.33333334,17.0,3.0,0.9591578947368422,0.9475
20.0,0.33333334,17.0,5.0,0.9591578947368422,0.9475
20.0,0.33333334,17.0,8.0,0.9591578947368422,0.9475
20.0,0.33333334,17.0,12.0,0.9591578947368422,0.9475
20.0,0.33333334,17.0,20.0,0.9591578947368422,0.9475
20.0,0.33333334,17.0,32.0,0.9591578947368422,0.9475
20.0,0.33333334,17.0,50.0,0.9597894736842105,0.94625
20.0,0.33333334,17.0,80.0,0.9583157894736842,0.945625
20.0,0.33333334,17.0,128.0,0.9560000000000001,0.940625
20.0,0.33333334,20.0,2.0,0.9570526315789474,0.94625
20.0,0.33333334,20.0,3.0,0.9570526315789474,0.94625
20.0,0.33333334,20.0,5.0,0.9570526315789474,0.94625
20.0,0.33333334,20.0,8.0,0.9570526315789474,0.94625
20.0,0.33333334,20.0,12.0,0.9570526315789474,0.94625
20.0,0.33333334,20.0,20.0,0.9570526315789474,0.94625
20.0,0.33333334,20.0,32.0,0.9570526315789474,0.94625
20.0,0.33333334,20.0,50.0,0.9570526315789474,0.9475
20.0,0.33333334,20.0,80.0,0.9564210526315791,0.945625
20.0,0.33333334,20.0,128.0,0.9547368421052631,0.9425000000000001
20.0,0.44444445,1.0,2.0,0.9974736842105262,0.9875
20.0,0.44444445,1.0,3.0,0.9970526315789474,0.9875
20.0,0.44444445,1.0,5.0,0.9957894736842106,0.9875
20.0,0.44444445,1.0,8.0,0.9945263157894736,0.9856250000000001
20.0,0.44444445,1.0,12.0,0.992421052631579,0.98375
20.0,0.44444445,1.0,20.0,0.9894736842105264,0.98375
20.0,0.44444445,1.0,32.0,0.9829473684210527,0.9824999999999999
20.0,0.44444445,1.0,50.0,0.9770526315789473,0.9724999999999999
20.0,0.44444445,1.0,80.0,0.9705263157894736,0.9550000000000001
20.0,0.44444445,1.0,128.0,0.9629473684210528,0.944375
20.0,0.44444445,3.0,2.0,0.991578947368421,0.98125
20.0,0.44444445,3.0,3.0,0.991578947368421,0.98125
20.0,0.44444445,3.0,5.0,0.991578947368421,0.98125
20.0,0.44444445,3.0,8.0,0.9909473684210527,0.98375
20.0,0.44444445,3.0,12.0,0.9892631578947368,0.984375
20.0,0.44444445,3.0,20.0,0.9865263157894736,0.9818749999999999
20.0,0.44444445,3.0,32.0,0.9818947368421054,0.9793749999999999
20.0,0.44444445,3.0,50.0,0.9762105263157894,0.9706250000000001
20.0,0.44444445,3.0,80.0,0.9696842105263158,0.954375
20.0,0.44444445,3.0,128.0,0.9625263157894738,0.94375
20.0,0.44444445,5.0,2.0,0.9869473684210526,0.9818749999999999
20.0,0.44444445,5.0,3.0,0.9869473684210526,0.9818749999999999
20.0,0.44444445,5.0,5.0,0.9869473684210526,0.9818749999999999
20.0,0.44444445,5.0,8.0,0.9869473684210526,0.9818749999999999
20.0,0.44444445,5.0,12.0,0.9856842105263158,0.983125
20.0,0.44444445,5.0,20.0,0.984421052631579,0.978125
20.0,0.44444445,5.0,32.0,0.9818947368421054,0.97625
20.0,0.44444445,5.0,50.0,0.9753684210526317,0.965625
20.0,0.44444445,5.0,80.0,0.9696842105263158,0.954375
20.0,0.44444445,5.0,128.0,0.9621052631578948,0.9418749999999999
20.0,0.44444445,7.0,2.0,0.9825263157894737,0.9800000000000001
20.0,0.44444445,7.0,3.0,0.9825263157894737,0.9800000000000001
20.0,0.44444445,7.0,5.0,0.9825263157894737,0.9800000000000001
20.0,0.44444445,7.0,8.0,0.9825263157894737,0.9800000000000001
20.0,0.44444445,7.0,12.0,0.9825263157894737,0.9800000000000001
20.0,0.44444445,7.0,20.0,0.9818947368421054,0.976875
20.0,0.44444445,7.0,32.0,0.9787368421052631,0.974375
20.0,0.44444445,7.0,50.0,0.9747368421052631,0.9650000000000001
20.0,0.44444445,7.0,80.0,0.9694736842105263,0.951875
20.0,0.44444445,7.0,128.0,0.9621052631578948,0.9425000000000001
20.0,0.44444445,9.0,2.0,0.9791578947368421,0.9737500000000001
20.0,0.44444445,9.0,3.0,0.9791578947368421,0.9737500000000001
20.0,0.44444445,9.0,5.0,0.9791578947368421,0.9737500000000001
20.0,0.44444445,9.0,8.0,0.9791578947368421,0.9737500000000001
20.0,0.44444445,9.0,12.0,0.9791578947368421,0.9737500000000001
20.0,0.44444445,9.0,20.0,0.9783157894736842,0.975
20.0,0.44444445,9.0,32.0,0.9770526315789473,0.96875
20.0,0.44444445,9.0,50.0,0.9726315789473684,0.9637499999999999
20.0,0.44444445,9.0,80.0,0.9686315789473685,0.951875
20.0,0.44444445,9.0,128.0,0.9616842105263158,0.9425000000000001
20.0,0.44444445,11.0,2.0,0.9749473684210527,0.969375
20.0,0.44444445,11.0,3.0,0.9749473684210527,0.969375
20.0,0.44444445,11.0,5.0,0.9749473684210527,0.969375
20.0,0.44444445,11.0,8.0,0.9749473684210527,0.969375
20.0,0.44444445,11.0,12.0,0.9749473684210527,0.969375
20.0,0.44444445,11.0,20.0,0.9749473684210527,0.969375
20.0,0.44444445,11.0,32.0,0.9747368421052631,0.9650000000000001
20.0,0.44444445,11.0,50.0,0.9724210526315789,0.961875
20.0,0.44444445,11.0,80.0,0.967578947368421,0.9525
20.0,0.44444445,11.0,128.0,0.960421052631579,0.9425000000000001
20.0,0.44444445,13.0,2.0,0.9728421052631578,0.9650000000000001
20.0,0.44444445,13.0,3.0,0.9728421052631578,0.9650000000000001
20.0,0.44444445,13.0,5.0,0.9728421052631578,0.9650000000000001
20.0,0.44444445,13.0,8.0,0.9728421052631578,0.9650000000000001
20.0,0.44444445,13.0,12.0,0.9728421052631578,0.9650000000000001
20.0,0.44444445,13.0,20.0,0.9728421052631578,0.9650000000000001
20.0,0.44444445,13.0,32.0,0.9730526315789474,0.965625
20.0,0.44444445,13.0,50.0,0.9701052631578948,0.9550000000000001
20.0,0.44444445,13.0,80.0,0.9673684210526317,0.951875
20.0,0.44444445,13.0,128.0,0.959578947368421,0.9418749999999999
20.0,0.44444445,15.0,2.0,0.9705263157894738,0.960625
20.0,0.44444445,15.0,3.0,0.9705263157894738,0.960625
20.0,0.44444445,15.0,5.0,0.9705263157894738,0.960625
20.0,0.44444445,15.0,8.0,0.9705263157894738,0.960625
20.0,0.44444445,15.0,12.0,0.9705263157894738,0.960625
20.0,0.44444445,15.0,20.0,0.9705263157894738,0.960625
20.0,0.44444445,15.0,32.0,0.9713684210526315,0.96125
20.0,0.44444445,15.0,50.0,0.968842105263158,0.954375
20.0,0.44444445,15.0,80.0,0.9661052631578947,0.9512499999999999
20.0,0.44444445,15.0,128.0,0.9583157894736842,0.9425000000000001
20.0,0.44444445,17.0,2.0,0.9701052631578948,0.9556250000000001
20.0,0.44444445,17.0,3.0,0.9701052631578948,0.9556250000000001
20.0,0.44444445,17.0,5.0,0.9701052631578948,0.9556250000000001
20.0,0.44444445,17.0,8.0,0.9701052631578948,0.9556250000000001
20.0,0.44444445,17.0,12.0,0.9701052631578948,0.9556250000000001
20.0,0.44444445,17.0,20.0,0.9701052631578948,0.9556250000000001
20.0,0.44444445,17.0,32.0,0.9701052631578948,0.9556250000000001
20.0,0.44444445,17.0,50.0,0.9686315789473685,0.95375
20.0,0.44444445,17.0,80.0,0.9663157894736842,0.9487500000000001
20.0,0.44444445,17.0,128.0,0.9578947368421054,0.9425000000000001
20.0,0.44444445,20.0,2.0,0.9682105263157895,0.9556250000000001
20.0,0.44444445,20.0,3.0,0.9682105263157895,0.9556250000000001
20.0,0.44444445,20.0,5.0,0.9682105263157895,0.9556250000000001
20.0,0.44444445,20.0,8.0,0.9682105263157895,0.9556250000000001
20.0,0.44444445,20.0,12.0,0.9682105263157895,0.9556250000000001
20.0,0.44444445,20.0,20.0,0.9682105263157895,0.9556250000000001
20.0,0.44444445,20.0,32.0,0.9682105263157895,0.9556250000000001
20.0,0.44444445,20.0,50.0,0.968,0.953125
20.0,0.44444445,20.0,80.0,0.9640000000000001,0.94625
20.0,0.44444445,20.0,128.0,0.9578947368421054,0.940625
20.0,0.5555556,1.0,2.0,0.9983157894736842,0.99
20.0,0.5555556,1.0,3.0,0.9983157894736842,0.99
20.0,0.5555556,1.0,5.0,0.9966315789473684,0.991875
20.0,0.5555556,1.0,8.0,0.9953684210526316,0.990625
20.0,0.5555556,1.0,12.0,0.9938947368421053,0.9875
20.0,0.5555556,1.0,20.0,0.9922105263157895,0.9862500000000001
20.0,0.5555556,1.0,32.0,0.9856842105263158,0.98375
20.0,0.5555556,1.0,50.0,0.9800000000000001,0.9818749999999999
20.0,0.5555556,1.0,80.0,0.9745263157894737,0.96875
20.0,0.5555556,1.0,128.0,0.9661052631578947,0.951875
20.0,0.5555556,3.0,2.0,0.9932631578947368,0.9868750000000001
20.0,0.5555556,3.0,3.0,0.9932631578947368,0.9868750000000001
20.0,0.5555556,3.0,5.0,0.9932631578947368,0.9868750000000001
20.0,0.5555556,3.0,8.0,0.9930526315789473,0.9875
20.0,0.5555556,3.0,12.0,0.9913684210526317,0.9862500000000001
20.0,0.5555556,3.0,20.0,0.9903157894736841,0.985
20.0,0.5555556,3.0,32.0,0.9850526315789473,0.9824999999999999
20.0,0.5555556,3.0,50.0,0.9797894736842105,0.98125
20.0,0.5555556,3.0,80.0,0.9738947368421054,0.9662499999999999
20.0,0.5555556,3.0,128.0,0.9656842105263157,0.9525
20.0,0.5555556,5.0,2.0,0.9892631578947368,0.9862500000000001
20.0,0.5555556,5.0,3.0,0.9892631578947368,0.9862500000000001
20.0,0.5555556,5.0,5.0,0.9892631578947368,0.9862500000000001
20.0,0.5555556,5.0,8.0,0.9892631578947368,0.9862500000000001
20.0,0.5555556,5.0,12.0,0.9892631578947368,0.985625
20.0,0.5555556,5.0,20.0,0.9873684210526316,0.9862500000000001
20.0,0.5555556,5.0,32.0,0.9821052631578947,0.9824999999999999
20.0,0.5555556,5.0,50.0,0.9789473684210526,0.98125
20.0,0.5555556,5.0,80.0,0.9728421052631578,0.9662499999999999
20.0,0.5555556,5.0,128.0,0.9646315789473684,0.9506249999999999
20.0,0.5555556,7.0,2.0,0.9854736842105263,0.98375
20.0,0.5555556,7.0,3.0,0.9854736842105263,0.98375
20.0,0.5555556,7.0,5.0,0.9854736842105263,0.98375
20.0,0.5555556,7.0,8.0,0.9854736842105263,0.98375
20.0,0.5555556,7.0,12.0,0.9854736842105263,0.98375
20.0,0.5555556,7.0,20.0,0.9846315789473683,0.98375
20.0,0.5555556,7.0,32.0,0.9804210526315789,0.9824999999999999
20.0,0.5555556,7.0,50.0,0.976842105263158,0.98125
20.0,0.5555556,7.0,80.0,0.9713684210526315,0.965625
20.0,0.5555556,7.0,128.0,0.9633684210526315,0.9493750000000001
20.0,0.5555556,9.0,2.0,0.9806315789473684,0.98125
20.0,0.5555556,9.0,3.0,0.9806315789473684,0.98125
20.0,0.5555556,9.0,5.0,0.9806315789473684,0.98125
20.0,0.5555556,9.0,8.0,0.9806315789473684,0.98125
20.0,0.5555556,9.0,12.0,0.9806315789473684,0.98125
20.0,0.5555556,9.0,20.0,0.9812631578947368,0.98125
20.0,0.5555556,9.0,32.0,0.9791578947368421,0.9800000000000001
20.0,0.5555556,9.0,50.0,0.9766315789473683,0.9793749999999999
20.0,0.5555556,9.0,80.0,0.9705263157894738,0.9643750000000001
20.0,0.5555556,9.0,128.0,0.9629473684210528,0.9493750000000001
20.0,0.5555556,11.0,2.0,0.9789473684210528,0.97875
20.0,0.5555556,11.0,3.0,0.9789473684210528,0.97875
20.0,0.5555556,11.0,5.0,0.9789473684210528,0.97875
20.0,0.5555556,11.0,8.0,0.9789473684210528,0.97875
20.0,0.5555556,11.0,12.0,0.9789473684210528,0.97875
20.0,0.5555556,11.0,20.0,0.9789473684210528,0.97875
20.0,0.5555556,11.0,32.0,0.9772631578947368,0.9800000000000001
20.0,0.5555556,11.0,50.0,0.9753684210526317,0.97875
20.0,0.5555556,11.0,80.0,0.9709473684210526,0.9643750000000001
20.0,0.5555556,11.0,128.0,0.9631578947368421,0.9475
20.0,0.5555556,13.0,2.0,0.9762105263157895,0.978125
20.0,0.5555556,13.0,3.0,0.9762105263157895,0.978125
20.0,0.5555556,13.0,5.0,0.9762105263157895,0.978125
20.0,0.5555556,13.0,8.0,0.9762105263157895,0.978125
20.0,0.5555556,13.0,12.0,0.9762105263157895,0.978125
20.0,0.5555556,13.0,20.0,0.9762105263157895,0.978125
20.0,0.5555556,13.0,32.0,0.976842105263158,0.9793749999999999
20.0,0.5555556,13.0,50.0,0.9749473684210527,0.978125
20.0,0.5555556,13.0,80.0,0.9698947368421053,0.9625
20.0,0.5555556,13.0,128.0,0.9621052631578948,0.9493750000000001
20.0,0.5555556,15.0,2.0,0.975157894736842,0.97875
20.0,0.5555556,15.0,3.0,0.975157894736842,0.97875
20.0,0.5555556,15.0,5.0,0.975157894736842,0.97875
20.0,0.5555556,15.0,8.0,0.975157894736842,0.97875
20.0,0.5555556,15.0,12.0,0.975157894736842,0.97875
20.0,0.5555556,15.0,20.0,0.975157894736842,0.97875
20.0,0.5555556,15.0,32.0,0.9749473684210527,0.976875
20.0,0.5555556,15.0,50.0,0.9743157894736842,0.974375
20.0,0.5555556,15.0,80.0,0.9701052631578948,0.9637499999999999
20.0,0.5555556,15.0,128.0,0.9629473684210528,0.94625
20.0,0.5555556,17.0,2.0,0.9745263157894737,0.975625
20.0,0.5555556,17.0,3.0,0.9745263157894737,0.975625
20.0,0.5555556,17.0,5.0,0.9745263157894737,0.975625
20.0,0.5555556,17.0,8.0,0.9745263157894737,0.975625
20.0,0.5555556,17.0,12.0,0.9745263157894737,0.975625
20.0,0.5555556,17.0,20.0,0.9745263157894737,0.975625
20.0,0.5555556,17.0,32.0,0.9745263157894737,0.975625
20.0,0.5555556,17.0,50.0,0.9738947368421054,0.9737500000000001
20.0,0.5555556,17.0,80.0,0.9694736842105263,0.9625
20.0,0.5555556,17.0,128.0,0.9618947368421052,0.946875
20.0,0.5555556,20.0,2.0,0.9734736842105264,0.9731249999999999
20.0,0.5555556,20.0,3.0,0.9734736842105264,0.9731249999999999
20.0,0.5555556,20.0,5.0,0.9734736842105264,0.9731249999999999
20.0,0.5555556,20.0,8.0,0.9734736842105264,0.9731249999999999
20.0,0.5555556,20.0,12.0,0.9734736842105264,0.9731249999999999
20.0,0.5555556,20.0,20.0,0.9734736842105264,0.9731249999999999
20.0,0.5555556,20.0,32.0,0.9734736842105264,0.9731249999999999
20.0,0.5555556,20.0,50.0,0.9734736842105264,0.9706250000000001
20.0,0.5555556,20.0,80.0,0.9694736842105263,0.961875
20.0,0.5555556,20.0,128.0,0.9614736842105263,0.944375
20.0,0.6666667,1.0,2.0,0.9985263157894737,0.9925
20.0,0.6666667,1.0,3.0,0.9987368421052631,0.9925
20.0,0.6666667,1.0,5.0,0.9976842105263157,0.993125
20.0,0.6666667,1.0,8.0,0.9962105263157894,0.993125
20.0,0.6666667,1.0,12.0,0.9955789473684211,0.993125
20.0,0.6666667,1.0,20.0,0.9941052631578948,0.99
20.0,0.6666667,1.0,32.0,0.9909473684210527,0.9875
20.0,0.6666667,1.0,50.0,0.9806315789473684,0.98375
20.0,0.6666667,1.0,80.0,0.975578947368421,0.976875
20.0,0.6666667,1.0,128.0,0.9667368421052632,0.95625
20.0,0.6666667,3.0,2.0,0.9947368421052631,0.9925
20.0,0.6666667,3.0,3.0,0.9947368421052631,0.9925
20.0,0.6666667,3.0,5.0,0.9947368421052631,0.9925
20.0,0.6666667,3.0,8.0,0.9941052631578946,0.993125
20.0,0.6666667,3.0,12.0,0.9932631578947368,0.991875
20.0,0.6666667,3.0,20.0,0.992,0.9893750000000001
20.0,0.6666667,3.0,32.0,0.9894736842105264,0.9868750000000001
20.0,0.6666667,3.0,50.0,0.9804210526315789,0.98375
20.0,0.6666667,3.0,80.0,0.975157894736842,0.976875
20.0,0.6666667,3.0,128.0,0.9665263157894737,0.95625
20.0,0.6666667,5.0,2.0,0.9901052631578947,0.990625
20.0,0.6666667,5.0,3.0,0.9901052631578947,0.990625
20.0,0.6666667,5.0,5.0,0.9901052631578947,0.990625
20.0,0.6666667,5.0,8.0,0.9901052631578947,0.990625
20.0,0.6666667,5.0,12.0,0.9901052631578947,0.99
20.0,0.6666667,5.0,20.0,0.9888421052631579,0.9887500000000001
20.0,0.6666667,5.0,32.0,0.9863157894736843,0.9875
20.0,0.6666667,5.0,50.0,0.9787368421052631,0.98375
20.0,0.6666667,5.0,80.0,0.9745263157894737,0.976875
20.0,0.6666667,5.0,128.0,0.9652631578947368,0.9550000000000001
20.0,0.6666667,7.0,2.0,0.9879999999999999,0.9881249999999999
20.0,0.6666667,7.0,3.0,0.9879999999999999,0.9881249999999999
20.0,0.6666667,7.0,5.0,0.9879999999999999,0.9881249999999999
20.0,0.6666667,7.0,8.0,0.9879999999999999,0.9881249999999999
20.0,0.6666667,7.0,12.0,0.9879999999999999,0.9881249999999999
20.0,0.6666667,7.0,20.0,0.9875789473684211,0.9881249999999999
20.0,0.6666667,7.0,32.0,0.9846315789473685,0.985625
20.0,0.6666667,7.0,50.0,0.9770526315789473,0.98375
20.0,0.6666667,7.0,80.0,0.9736842105263157,0.97625
20.0,0.6666667,7.0,128.0,0.964842105263158,0.9556250000000001
20.0,0.6666667,9.0,2.0,0.9858947368421053,0.985625
20.0,0.6666667,9.0,3.0,0.9858947368421053,0.985625
20.0,0.6666667,9.0,5.0,0.9858947368421053,0.985625
20.0,0.6666667,9.0,8.0,0.9858947368421053,0.985625
20.0,0.6666667,9.0,12.0,0.9858947368421053,0.985625
20.0,0.6666667,9.0,20.0,0.9861052631578946,0.9862500000000001
20.0,0.6666667,9.0,32.0,0.9825263157894737,0.985
20.0,0.6666667,9.0,50.0,0.976421052631579,0.9818749999999999
20.0,0.6666667,9.0,80.0,0.9736842105263157,0.976875
20.0,0.6666667,9.0,128.0,0.9644210526315791,0.9550000000000001
20.0,0.6666667,11.0,2.0,0.9818947368421054,0.983125
20.0,0.6666667,11.0,3.0,0.9818947368421054,0.983125
20.0,0.6666667,11.0,5.0,0.9818947368421054,0.983125
20.0,0.6666667,11.0,8.0,0.9818947368421054,0.983125
20.0,0.6666667,11.0,12.0,0.9818947368421054,0.983125
20.0,0.6666667,11.0,20.0,0.9818947368421054,0.983125
20.0,0.6666667,11.0,32.0,0.9800000000000001,0.983125
20.0,0.6666667,11.0,50.0,0.9747368421052631,0.9800000000000001
20.0,0.6666667,11.0,80.0,0.9736842105263157,0.975625
20.0,0.6666667,11.0,128.0,0.9644210526315791,0.9556250000000001
20.0,0.6666667,13.0,2.0,0.9781052631578948,0.9818749999999999
20.0,0.6666667,13.0,3.0,0.9781052631578948,0.9818749999999999
20.0,0.6666667,13.0,5.0,0.9781052631578948,0.9818749999999999
20.0,0.6666667,13.0,8.0,0.9781052631578948,0.9818749999999999
20.0,0.6666667,13.0,12.0,0.9781052631578948,0.9818749999999999
20.0,0.6666667,13.0,20.0,0.9781052631578948,0.9818749999999999
20.0,0.6666667,13.0,32.0,0.9774736842105263,0.98125
20.0,0.6666667,13.0,50.0,0.9741052631578947,0.9800000000000001
20.0,0.6666667,13.0,80.0,0.9734736842105264,0.975625
20.0,0.6666667,13.0,128.0,0.9644210526315791,0.9550000000000001
20.0,0.6666667,15.0,2.0,0.9762105263157895,0.9806250000000001
20.0,0.6666667,15.0,3.0,0.9762105263157895,0.9806250000000001
20.0,0.6666667,15.0,5.0,0.9762105263157895,0.9806250000000001
20.0,0.6666667,15.0,8.0,0.9762105263157895,0.9806250000000001
20.0,0.6666667,15.0,12.0,0.9762105263157895,0.9806250000000001
20.0,0.6666667,15.0,20.0,0.9762105263157895,0.9806250000000001
20.0,0.6666667,15.0,32.0,0.976421052631579,0.9818749999999999
20.0,0.6666667,15.0,50.0,0.9745263157894737,0.97875
20.0,0.6666667,15.0,80.0,0.9732631578947368,0.975625
20.0,0.6666667,15.0,128.0,0.9640000000000001,0.9556250000000001
20.0,0.6666667,17.0,2.0,0.975157894736842,0.9800000000000001
20.0,0.6666667,17.0,3.0,0.975157894736842,0.9800000000000001
20.0,0.6666667,17.0,5.0,0.975157894736842,0.9800000000000001
20.0,0.6666667,17.0,8.0,0.975157894736842,0.9800000000000001
20.0,0.6666667,17.0,12.0,0.975157894736842,0.9800000000000001
20.0,0.6666667,17.0,20.0,0.975157894736842,0.9800000000000001
20.0,0.6666667,17.0,32.0,0.975157894736842,0.9800000000000001
20.0,0.6666667,17.0,50.0,0.9743157894736842,0.978125
20.0,0.6666667,17.0,80.0,0.9732631578947368,0.975625
20.0,0.6666667,17.0,128.0,0.9637894736842105,0.9556250000000001
20.0,0.6666667,20.0,2.0,0.9738947368421054,0.9775
20.0,0.6666667,20.0,3.0,0.9738947368421054,0.9775
20.0,0.6666667,20.0,5.0,0.9738947368421054,0.9775
20.0,0.6666667,20.0,8.0,0.9738947368421054,0.9775
20.0,0.6666667,20.0,12.0,0.9738947368421054,0.9775
20.0,0.6666667,20.0,20.0,0.9738947368421054,0.9775
20.0,0.6666667,20.0,32.0,0.9738947368421054,0.9775
20.0,0.6666667,20.0,50.0,0.9738947368421054,0.978125
20.0,0.6666667,20.0,80.0,0.9730526315789474,0.975625
20.0,0.6666667,20.0,128.0,0.9644210526315791,0.9550000000000001
20.0,0.7777778,1.0,2.0,0.9989473684210527,0.993125
20.0,0.7777778,1.0,3.0,0.999157894736842,0.993125
20.0,0.7777778,1.0,5.0,0.9981052631578947,0.99375
20.0,0.7777778,1.0,8.0,0.9970526315789474,0.99375
20.0,0.7777778,1.0,12.0,0.9962105263157894,0.994375
20.0,0.7777778,1.0,20.0,0.9947368421052631,0.9956250000000001
20.0,0.7777778,1.0,32.0,0.991157894736842,0.9881249999999999
20.0,0.7777778,1.0,50.0,0.9800000000000001,0.98375
20.0,0.7777778,1.0,80.0,0.9734736842105264,0.975625
20.0,0.7777778,1.0,128.0,0.9625263157894738,0.95625
20.0,0.7777778,3.0,2.0,0.9957894736842106,0.99375
20.0,0.7777778,3.0,3.0,0.9957894736842106,0.99375
20.0,0.7777778,3.0,5.0,0.9957894736842106,0.99375
20.0,0.7777778,3.0,8.0,0.9957894736842106,0.99375
20.0,0.7777778,3.0,12.0,0.9943157894736843,0.994375
20.0,0.7777778,3.0,20.0,0.992842105263158,0.9949999999999999
20.0,0.7777778,3.0,32.0,0.9892631578947368,0.9881249999999999
20.0,0.7777778,3.0,50.0,0.9800000000000001,0.98375
20.0,0.7777778,3.0,80.0,0.9734736842105264,0.975
20.0,0.7777778,3.0,128.0,0.9625263157894738,0.9568749999999999
20.0,0.7777778,5.0,2.0,0.9898947368421054,0.99375
20.0,0.7777778,5.0,3.0,0.9898947368421054,0.99375
20.0,0.7777778,5.0,5.0,0.9898947368421054,0.99375
20.0,0.7777778,5.0,8.0,0.9898947368421054,0.99375
20.0,0.7777778,5.0,12.0,0.9896842105263157,0.994375
20.0,0.7777778,5.0,20.0,0.9871578947368421,0.9949999999999999
20.0,0.7777778,5.0,32.0,0.9875789473684211,0.9887499999999999
20.0,0.7777778,5.0,50.0,0.9800000000000001,0.98375
20.0,0.7777778,5.0,80.0,0.972842105263158,0.975
20.0,0.7777778,5.0,128.0,0.9618947368421052,0.9568749999999999
20.0,0.7777778,7.0,2.0,0.9867368421052631,0.994375
20.0,0.7777778,7.0,3.0,0.9867368421052631,0.994375
20.0,0.7777778,7.0,5.0,0.9867368421052631,0.994375
20.0,0.7777778,7.0,8.0,0.9867368421052631,0.994375
20.0,0.7777778,7.0,12.0,0.9867368421052631,0.994375
20.0,0.7777778,7.0,20.0,0.9867368421052631,0.9949999999999999
20.0,0.7777778,7.0,32.0,0.9861052631578946,0.9881249999999999
20.0,0.7777778,7.0,50.0,0.9795789473684211,0.98375
20.0,0.7777778,7.0,80.0,0.9720000000000001,0.975
20.0,0.7777778,7.0,128.0,0.9618947368421052,0.9568749999999999
20.0,0.7777778,9.0,2.0,0.9861052631578946,0.99125
20.0,0.7777778,9.0,3.0,0.9861052631578946,0.99125
20.0,0.7777778,9.0,5.0,0.9861052631578946,0.99125
20.0,0.7777778,9.0,8.0,0.9861052631578946,0.99125
20.0,0.7777778,9.0,12.0,0.9861052631578946,0.99125
20.0,0.7777778,9.0,20.0,0.9861052631578946,0.99125
20.0,0.7777778,9.0,32.0,0.9852631578947368,0.9881249999999999
20.0,0.7777778,9.0,50.0,0.9793684210526316,0.98375
20.0,0.7777778,9.0,80.0,0.9720000000000001,0.975
20.0,0.7777778,9.0,128.0,0.9616842105263158,0.95625
20.0,0.7777778,11.0,2.0,0.9852631578947368,0.9881249999999999
20.0,0.7777778,11.0,3.0,0.9852631578947368,0.9881249999999999
20.0,0.7777778,11.0,5.0,0.9852631578947368,0.9881249999999999
20.0,0.7777778,11.0,8.0,0.9852631578947368,0.9881249999999999
20.0,0.7777778,11.0,12.0,0.9852631578947368,0.9881249999999999
20.0,0.7777778,11.0,20.0,0.9852631578947368,0.9881249999999999
20.0,0.7777778,11.0,32.0,0.984,0.985
20.0,0.7777778,11.0,50.0,0.9781052631578948,0.983125
20.0,0.7777778,11.0,80.0,0.9720000000000001,0.975
20.0,0.7777778,11.0,128.0,0.9616842105263158,0.9568749999999999
20.0,0.7777778,13.0,2.0,0.9814736842105264,0.98375
20.0,0.7777778,13.0,3.0,0.9814736842105264,0.98375
20.0,0.7777778,13.0,5.0,0.9814736842105264,0.98375
20.0,0.7777778,13.0,8.0,0.9814736842105264,0.98375
20.0,0.7777778,13.0,12.0,0.9814736842105264,0.98375
20.0,0.7777778,13.0,20.0,0.9814736842105264,0.98375
20.0,0.7777778,13.0,32.0,0.9806315789473684,0.984375
20.0,0.7777778,13.0,50.0,0.976,0.9818749999999999
20.0,0.7777778,13.0,80.0,0.9720000000000001,0.975
20.0,0.7777778,13.0,128.0,0.9616842105263158,0.95625
20.0,0.7777778,15.0,2.0,0.9785263157894736,0.9824999999999999
20.0,0.7777778,15.0,3.0,0.9785263157894736,0.9824999999999999
20.0,0.7777778,15.0,5.0,0.9785263157894736,0.9824999999999999
20.0,0.7777778,15.0,8.0,0.9785263157894736,0.9824999999999999
20.0,0.7777778,15.0,12.0,0.9785263157894736,0.9824999999999999
20.0,0.7777778,15.0,20.0,0.9785263157894736,0.9824999999999999
20.0,0.7777778,15.0,32.0,0.9785263157894736,0.9824999999999999
20.0,0.7777778,15.0,50.0,0.9743157894736842,0.9806250000000001
20.0,0.7777778,15.0,80.0,0.9720000000000001,0.975
20.0,0.7777778,15.0,128.0,0.9616842105263158,0.9568749999999999
20.0,0.7777778,17.0,2.0,0.976842105263158,0.983125
20.0,0.7777778,17.0,3.0,0.976842105263158,0.983125
20.0,0.7777778,17.0,5.0,0.976842105263158,0.983125
20.0,0.7777778,17.0,8.0,0.976842105263158,0.983125
20.0,0.7777778,17.0,12.0,0.976842105263158,0.983125
20.0,0.7777778,17.0,20.0,0.976842105263158,0.983125
20.0,0.7777778,17.0,32.0,0.976842105263158,0.983125
20.0,0.7777778,17.0,50.0,0.9743157894736842,0.9806250000000001
20.0,0.7777778,17.0,80.0,0.9722105263157894,0.975625
20.0,0.7777778,17.0,128.0,0.9616842105263158,0.9568749999999999
20.0,0.7777778,20.0,2.0,0.9736842105263157,0.9793749999999999
20.0,0.7777778,20.0,3.0,0.9736842105263157,0.9793749999999999
20.0,0.7777778,20.0,5.0,0.9736842105263157,0.9793749999999999
20.0,0.7777778,20.0,8.0,0.9736842105263157,0.9793749999999999
20.0,0.7777778,20.0,12.0,0.9736842105263157,0.9793749999999999
20.0,0.7777778,20.0,20.0,0.9736842105263157,0.9793749999999999
20.0,0.7777778,20.0,32.0,0.9736842105263157,0.9793749999999999
20.0,0.7777778,20.0,50.0,0.9738947368421054,0.9793749999999999
20.0,0.7777778,20.0,80.0,0.9724210526315791,0.975
20.0,0.7777778,20.0,128.0,0.9616842105263158,0.9568749999999999
20.0,0.8888889,1.0,2.0,0.9987368421052631,0.993125
20.0,0.8888889,1.0,3.0,0.9989473684210527,0.993125
20.0,0.8888889,1.0,5.0,0.9978947368421052,0.99375
20.0,0.8888889,1.0,8.0,0.9968421052631579,0.99375
20.0,0.8888889,1.0,12.0,0.9960000000000001,0.994375
20.0,0.8888889,1.0,20.0,0.9951578947368421,0.9962500000000001
20.0,0.8888889,1.0,32.0,0.9896842105263157,0.991875
20.0,0.8888889,1.0,50.0,0.9810526315789474,0.98375
20.0,0.8888889,1.0,80.0,0.9728421052631578,0.9724999999999999
20.0,0.8888889,1.0,128.0,0.9618947368421052,0.9556250000000001
20.0,0.8888889,3.0,2.0,0.9955789473684211,0.993125
20.0,0.8888889,3.0,3.0,0.9955789473684211,0.993125
20.0,0.8888889,3.0,5.0,0.9955789473684211,0.993125
20.0,0.8888889,3.0,8.0,0.9962105263157894,0.99375
20.0,0.8888889,3.0,12.0,0.9945263157894736,0.993125
20.0,0.8888889,3.0,20.0,0.9932631578947368,0.9949999999999999
20.0,0.8888889,3.0,32.0,0.9888421052631579,0.991875
20.0,0.8888889,3.0,50.0,0.9812631578947368,0.98375
20.0,0.8888889,3.0,80.0,0.9728421052631578,0.9724999999999999
20.0,0.8888889,3.0,128.0,0.9618947368421052,0.9556250000000001
20.0,0.8888889,5.0,2.0,0.9903157894736843,0.9949999999999999
20.0,0.8888889,5.0,3.0,0.9903157894736843,0.9949999999999999
20.0,0.8888889,5.0,5.0,0.9903157894736843,0.9949999999999999
20.0,0.8888889,5.0,8.0,0.9903157894736843,0.9949999999999999
20.0,0.8888889,5.0,12.0,0.9901052631578947,0.9949999999999999
20.0,0.8888889,5.0,20.0,0.9890526315789474,0.994375
20.0,0.8888889,5.0,32.0,0.9856842105263158,0.99125
20.0,0.8888889,5.0,50.0,0.9812631578947368,0.98375
20.0,0.8888889,5.0,80.0,0.9728421052631578,0.9724999999999999
20.0,0.8888889,5.0,128.0,0.9618947368421052,0.9556250000000001
20.0,0.8888889,7.0,2.0,0.9863157894736843,0.9956250000000001
20.0,0.8888889,7.0,3.0,0.9863157894736843,0.9956250000000001
20.0,0.8888889,7.0,5.0,0.9863157894736843,0.9956250000000001
20.0,0.8888889,7.0,8.0,0.9863157894736843,0.9956250000000001
20.0,0.8888889,7.0,12.0,0.9863157894736843,0.9956250000000001
20.0,0.8888889,7.0,20.0,0.9863157894736843,0.994375
20.0,0.8888889,7.0,32.0,0.9863157894736843,0.9925
20.0,0.8888889,7.0,50.0,0.9814736842105264,0.98375
20.0,0.8888889,7.0,80.0,0.9728421052631578,0.9724999999999999
20.0,0.8888889,7.0,128.0,0.9618947368421052,0.9556250000000001
20.0,0.8888889,9.0,2.0,0.9861052631578946,0.99375
20.0,0.8888889,9.0,3.0,0.9861052631578946,0.99375
20.0,0.8888889,9.0,5.0,0.9861052631578946,0.99375
20.0,0.8888889,9.0,8.0,0.9861052631578946,0.99375
20.0,0.8888889,9.0,12.0,0.9861052631578946,0.99375
20.0,0.8888889,9.0,20.0,0.9861052631578946,0.99375
20.0,0.8888889,9.0,32.0,0.9854736842105263,0.99125
20.0,0.8888889,9.0,50.0,0.9812631578947368,0.983125
20.0,0.8888889,9.0,80.0,0.9728421052631578,0.9724999999999999
20.0,0.8888889,9.0,128.0,0.9618947368421052,0.9556250000000001
20.0,0.8888889,11.0,2.0,0.9858947368421053,0.991875
20.0,0.8888889,11.0,3.0,0.9858947368421053,0.991875
20.0,0.8888889,11.0,5.0,0.9858947368421053,0.991875
20.0,0.8888889,11.0,8.0,0.9858947368421053,0.991875
20.0,0.8888889,11.0,12.0,0.9858947368421053,0.991875
20.0,0.8888889,11.0,20.0,0.9858947368421053,0.991875
20.0,0.8888889,11.0,32.0,0.9846315789473685,0.9881249999999999
20.0,0.8888889,11.0,50.0,0.9791578947368421,0.984375
20.0,0.8888889,11.0,80.0,0.9726315789473684,0.9724999999999999
20.0,0.8888889,11.0,128.0,0.9614736842105263,0.9556250000000001
20.0,0.8888889,13.0,2.0,0.983157894736842,0.9881249999999999
20.0,0.8888889,13.0,3.0,0.983157894736842,0.9881249999999999
20.0,0.8888889,13.0,5.0,0.983157894736842,0.9881249999999999
20.0,0.8888889,13.0,8.0,0.983157894736842,0.9881249999999999
20.0,0.8888889,13.0,12.0,0.983157894736842,0.9881249999999999
20.0,0.8888889,13.0,20.0,0.983157894736842,0.9881249999999999
20.0,0.8888889,13.0,32.0,0.9823157894736841,0.9868750000000001
20.0,0.8888889,13.0,50.0,0.9778947368421053,0.98375
20.0,0.8888889,13.0,80.0,0.9715789473684211,0.9712500000000001
20.0,0.8888889,13.0,128.0,0.9618947368421052,0.9556250000000001
20.0,0.8888889,15.0,2.0,0.9804210526315789,0.983125
20.0,0.8888889,15.0,3.0,0.9804210526315789,0.983125
20.0,0.8888889,15.0,5.0,0.9804210526315789,0.983125
20.0,0.8888889,15.0,8.0,0.9804210526315789,0.983125
20.0,0.8888889,15.0,12.0,0.9804210526315789,0.983125
20.0,0.8888889,15.0,20.0,0.9804210526315789,0.983125
20.0,0.8888889,15.0,32.0,0.9802105263157894,0.983125
20.0,0.8888889,15.0,50.0,0.976842105263158,0.98375
20.0,0.8888889,15.0,80.0,0.9715789473684211,0.9712500000000001
20.0,0.8888889,15.0,128.0,0.9614736842105263,0.9556250000000001
20.0,0.8888889,17.0,2.0,0.9785263157894736,0.98375
20.0,0.8888889,17.0,3.0,0.9785263157894736,0.98375
20.0,0.8888889,17.0,5.0,0.9785263157894736,0.98375
20.0,0.8888889,17.0,8.0,0.9785263157894736,0.98375
20.0,0.8888889,17.0,12.0,0.9785263157894736,0.98375
20.0,0.8888889,17.0,20.0,0.9785263157894736,0.98375
20.0,0.8888889,17.0,32.0,0.9785263157894736,0.98375
20.0,0.8888889,17.0,50.0,0.9753684210526317,0.98125
20.0,0.8888889,17.0,80.0,0.9715789473684211,0.9712500000000001
20.0,0.8888889,17.0,128.0,0.9618947368421052,0.9568749999999999
20.0,0.8888889,20.0,2.0,0.9743157894736842,0.9806250000000001
20.0,0.8888889,20.0,3.0,0.9743157894736842,0.9806250000000001
20.0,0.8888889,20.0,5.0,0.9743157894736842,0.9806250000000001
20.0,0.8888889,20.0,8.0,0.9743157894736842,0.9806250000000001
20.0,0.8888889,20.0,12.0,0.9743157894736842,0.9806250000000001
20.0,0.8888889,20.0,20.0,0.9743157894736842,0.9806250000000001
20.0,0.8888889,20.0,32.0,0.9743157894736842,0.9806250000000001
20.0,0.8888889,20.0,50.0,0.9738947368421054,0.9799999999999999
20.0,0.8888889,20.0,80.0,0.9715789473684211,0.9712500000000001
20.0,0.8888889,20.0,128.0,0.9614736842105263,0.9556250000000001
20.0,1.0,1.0,2.0,0.9985263157894737,0.993125
20.0,1.0,1.0,3.0,0.9985263157894737,0.993125
20.0,1.0,1.0,5.0,0.9976842105263157,0.9925
20.0,1.0,1.0,8.0,0.9966315789473684,0.9925
20.0,1.0,1.0,12.0,0.9955789473684209,0.99375
20.0,1.0,1.0,20.0,0.9943157894736843,0.9949999999999999
20.0,1.0,1.0,32.0,0.9877894736842106,0.9881249999999999
20.0,1.0,1.0,50.0,0.9806315789473684,0.98375
20.0,1.0,1.0,80.0,0.9751578947368422,0.9724999999999999
20.0,1.0,1.0,128.0,0.9547368421052631,0.95
20.0,1.0,3.0,2.0,0.9949473684210526,0.99125
20.0,1.0,3.0,3.0,0.9949473684210526,0.99125
20.0,1.0,3.0,5.0,0.9949473684210526,0.99125
20.0,1.0,3.0,8.0,0.9943157894736843,0.99125
20.0,1.0,3.0,12.0,0.9938947368421053,0.991875
20.0,1.0,3.0,20.0,0.992842105263158,0.993125
20.0,1.0,3.0,32.0,0.9873684210526316,0.9881249999999999
20.0,1.0,3.0,50.0,0.9806315789473684,0.98375
20.0,1.0,3.0,80.0,0.9751578947368422,0.9724999999999999
20.0,1.0,3.0,128.0,0.9547368421052631,0.95
20.0,1.0,5.0,2.0,0.9890526315789474,0.991875
20.0,1.0,5.0,3.0,0.9890526315789474,0.991875
20.0,1.0,5.0,5.0,0.9890526315789474,0.991875
20.0,1.0,5.0,8.0,0.9890526315789474,0.991875
20.0,1.0,5.0,12.0,0.9884210526315789,0.991875
20.0,1.0,5.0,20.0,0.9877894736842106,0.991875
20.0,1.0,5.0,32.0,0.9850526315789473,0.9875
20.0,1.0,5.0,50.0,0.9806315789473684,0.98375
20.0,1.0,5.0,80.0,0.9751578947368422,0.9724999999999999
20.0,1.0,5.0,128.0,0.9547368421052631,0.95
20.0,1.0,7.0,2.0,0.9871578947368421,0.991875
20.0,1.0,7.0,3.0,0.9871578947368421,0.991875
20.0,1.0,7.0,5.0,0.9871578947368421,0.991875
20.0,1.0,7.0,8.0,0.9871578947368421,0.991875
20.0,1.0,7.0,12.0,0.9871578947368421,0.991875
20.0,1.0,7.0,20.0,0.9867368421052631,0.99375
20.0,1.0,7.0,32.0,0.9850526315789473,0.99
20.0,1.0,7.0,50.0,0.9806315789473684,0.98375
20.0,1.0,7.0,80.0,0.9751578947368422,0.9724999999999999
20.0,1.0,7.0,128.0,0.9543157894736842,0.95
20.0,1.0,9.0,2.0,0.9858947368421053,0.991875
20.0,1.0,9.0,3.0,0.9858947368421053,0.991875
20.0,1.0,9.0,5.0,0.9858947368421053,0.991875
20.0,1.0,9.0,8.0,0.9858947368421053,0.991875
20.0,1.0,9.0,12.0,0.9858947368421053,0.991875
20.0,1.0,9.0,20.0,0.9858947368421053,0.991875
20.0,1.0,9.0,32.0,0.984421052631579,0.99125
20.0,1.0,9.0,50.0,0.9808421052631578,0.98375
20.0,1.0,9.0,80.0,0.9751578947368422,0.9724999999999999
20.0,1.0,9.0,128.0,0.9543157894736842,0.95
20.0,1.0,11.0,2.0,0.9852631578947368,0.991875
20.0,1.0,11.0,3.0,0.9852631578947368,0.991875
20.0,1.0,11.0,5.0,0.9852631578947368,0.991875
20.0,1.0,11.0,8.0,0.9852631578947368,0.991875
20.0,1.0,11.0,12.0,0.9852631578947368,0.991875
20.0,1.0,11.0,20.0,0.9852631578947368,0.991875
20.0,1.0,11.0,32.0,0.9837894736842105,0.9887499999999999
20.0,1.0,11.0,50.0,0.9795789473684211,0.98375
20.0,1.0,11.0,80.0,0.9751578947368422,0.9724999999999999
20.0,1.0,11.0,128.0,0.9543157894736842,0.95
20.0,1.0,13.0,2.0,0.983157894736842,0.9868750000000001
20.0,1.0,13.0,3.0,0.983157894736842,0.9868750000000001
20.0,1.0,13.0,5.0,0.983157894736842,0.9868750000000001
20.0,1.0,13.0,8.0,0.983157894736842,0.9868750000000001
20.0,1.0,13.0,12.0,0.983157894736842,0.9868750000000001
20.0,1.0,13.0,20.0,0.983157894736842,0.9868750000000001
20.0,1.0,13.0,32.0,0.9816842105263157,0.984375
20.0,1.0,13.0,50.0,0.9781052631578948,0.9818749999999999
20.0,1.0,13.0,80.0,0.9743157894736842,0.9724999999999999
20.0,1.0,13.0,128.0,0.9534736842105263,0.95
20.0,1.0,15.0,2.0,0.9800000000000001,0.984375
20.0,1.0,15.0,3.0,0.9800000000000001,0.984375
20.0,1.0,15.0,5.0,0.9800000000000001,0.984375
20.0,1.0,15.0,8.0,0.9800000000000001,0.984375
20.0,1.0,15.0,12.0,0.9800000000000001,0.984375
20.0,1.0,15.0,20.0,0.9800000000000001,0.984375
20.0,1.0,15.0,32.0,0.9802105263157894,0.984375
20.0,1.0,15.0,50.0,0.976842105263158,0.9818749999999999
20.0,1.0,15.0,80.0,0.9734736842105264,0.9724999999999999
20.0,1.0,15.0,128.0,0.9526315789473685,0.95
20.0,1.0,17.0,2.0,0.9781052631578948,0.9818749999999999
20.0,1.0,17.0,3.0,0.9781052631578948,0.9818749999999999
20.0,1.0,17.0,5.0,0.9781052631578948,0.9818749999999999
20.0,1.0,17.0,8.0,0.9781052631578948,0.9818749999999999
20.0,1.0,17.0,12.0,0.9781052631578948,0.9818749999999999
20.0,1.0,17.0,20.0,0.9781052631578948,0.9818749999999999
20.0,1.0,17.0,32.0,0.9781052631578948,0.9818749999999999
20.0,1.0,17.0,50.0,0.975578947368421,0.97875
20.0,1.0,17.0,80.0,0.9720000000000001,0.96875
20.0,1.0,17.0,128.0,0.951157894736842,0.94625
20.0,1.0,20.0,2.0,0.9736842105263157,0.978125
20.0,1.0,20.0,3.0,0.9736842105263157,0.978125
20.0,1.0,20.0,5.0,0.9736842105263157,0.978125
20.0,1.0,20.0,8.0,0.9736842105263157,0.978125
20.0,1.0,20.0,12.0,0.9736842105263157,0.978125
20.0,1.0,20.0,20.0,0.9736842105263157,0.978125
20.0,1.0,20.0,32.0,0.9736842105263157,0.978125
20.0,1.0,20.0,50.0,0.9734736842105264,0.9775
20.0,1.0,20.0,80.0,0.9711578947368421,0.96875
20.0,1.0,20.0,128.0,0.9503157894736842,0.94625
32.0,0.0,1.0,2.0,0.9917894736842106,0.9731249999999999
32.0,0.0,1.0,3.0,0.992421052631579,0.9706250000000001
32.0,0.0,1.0,5.0,0.991157894736842,0.97
32.0,0.0,1.0,8.0,0.9879999999999999,0.9668749999999999
32.0,0.0,1.0,12.0,0.9829473684210527,0.96125
32.0,0.0,1.0,20.0,0.9772631578947368,0.9550000000000001
32.0,0.0,1.0,32.0,0.964842105263158,0.9418749999999999
32.0,0.0,1.0,50.0,0.9551578947368421,0.938125
32.0,0.0,1.0,80.0,0.9414736842105264,0.923125
32.0,0.0,1.0,128.0,0.9273684210526316,0.914375
32.0,0.0,3.0,2.0,0.9757894736842105,0.9481249999999999
32.0,0.0,3.0,3.0,0.9757894736842105,0.9481249999999999
32.0,0.0,3.0,5.0,0.9757894736842105,0.9481249999999999
32.0,0.0,3.0,8.0,0.9726315789473684,0.9481249999999999
32.0,0.0,3.0,12.0,0.968,0.94625
32.0,0.0,3.0,20.0,0.9633684210526315,0.9450000000000001
32.0,0.0,3.0,32.0,0.9551578947368421,0.9356249999999999
32.0,0.0,3.0,50.0,0.9454736842105262,0.92875
32.0,0.0,3.0,80.0,0.9311578947368421,0.9175000000000001
32.0,0.0,3.0,128.0,0.9204210526315789,0.906875
32.0,0.0,5.0,2.0,0.9564210526315791,0.9337500000000001
32.0,0.0,5.0,3.0,0.9564210526315791,0.9337500000000001
32.0,0.0,5.0,5.0,0.9564210526315791,0.9337500000000001
32.0,0.0,5.0,8.0,0.9564210526315791,0.9337500000000001
32.0,0.0,5.0,12.0,0.952421052631579,0.934375
32.0,0.0,5.0,20.0,0.9513684210526316,0.9337500000000001
32.0,0.0,5.0,32.0,0.9465263157894738,0.92875
32.0,0.0,5.0,50.0,0.9364210526315789,0.921875
32.0,0.0,5.0,80.0,0.9271578947368422,0.9168749999999999
32.0,0.0,5.0,128.0,0.9178947368421053,0.9018750000000001
32.0,0.0,7.0,2.0,0.9402105263157894,0.925
32.0,0.0,7.0,3.0,0.9402105263157894,0.925
32.0,0.0,7.0,5.0,0.9402105263157894,0.925
32.0,0.0,7.0,8.0,0.9402105263157894,0.925
32.0,0.0,7.0,12.0,0.9402105263157894,0.925
32.0,0.0,7.0,20.0,0.9416842105263157,0.9237500000000001
32.0,0.0,7.0,32.0,0.9357894736842105,0.9237500000000001
32.0,0.0,7.0,50.0,0.9290526315789475,0.9168749999999999
32.0,0.0,7.0,80.0,0.9210526315789472,0.9081250000000001
32.0,0.0,7.0,128.0,0.9130526315789474,0.898125
32.0,0.0,9.0,2.0,0.9277894736842105,0.9168749999999999
32.0,0.0,9.0,3.0,0.9277894736842105,0.9168749999999999
32.0,0.0,9.0,5.0,0.9277894736842105,0.9168749999999999
32.0,0.0,9.0,8.0,0.9277894736842105,0.9168749999999999
32.0,0.0,9.0,12.0,0.9277894736842105,0.9168749999999999
32.0,0.0,9.0,20.0,0.9286315789473685,0.91875
32.0,0.0,9.0,32.0,0.9292631578947368,0.9181250000000001
32.0,0.0,9.0,50.0,0.9237894736842105,0.9099999999999999
32.0,0.0,9.0,80.0,0.9157894736842105,0.9012499999999999
32.0,0.0,9.0,128.0,0.9069473684210527,0.8887499999999999
32.0,0.0,11.0,2.0,0.9206315789473685,0.91375
32.0,0.0,11.0,3.0,0.9206315789473685,0.91375
32.0,0.0,11.0,5.0,0.9206315789473685,0.91375
32.0,0.0,11.0,8.0,0.9206315789473685,0.91375
32.0,0.0,11.0,12.0,0.9206315789473685,0.91375
32.0,0.0,11.0,20.0,0.9206315789473685,0.91375
32.0,0.0,11.0,32.0,0.9204210526315789,0.9125
32.0,0.0,11.0,50.0,0.9166315789473684,0.9012499999999999
32.0,0.0,11.0,80.0,0.9111578947368422,0.8975
32.0,0.0,11.0,128.0,0.899578947368421,0.884375
32.0,0.0,13.0,2.0,0.9136842105263158,0.9012499999999999
32.0,0.0,13.0,3.0,0.9136842105263158,0.9012499999999999
32.0,0.0,13.0,5.0,0.9136842105263158,0.9012499999999999
32.0,0.0,13.0,8.0,0.9136842105263158,0.9012499999999999
32.0,0.0,13.0,12.0,0.9136842105263158,0.9012499999999999
32.0,0.0,13.0,20.0,0.9136842105263158,0.9012499999999999
32.0,0.0,13.0,32.0,0.9134736842105264,0.9012499999999999
32.0,0.0,13.0,50.0,0.9122105263157895,0.898125
32.0,0.0,13.0,80.0,0.9054736842105264,0.891875
32.0,0.0,13.0,128.0,0.8945263157894736,0.88375
32.0,0.0,15.0,2.0,0.908421052631579,0.89375
32.0,0.0,15.0,3.0,0.908421052631579,0.89375
32.0,0.0,15.0,5.0,0.908421052631579,0.89375
32.0,0.0,15.0,8.0,0.908421052631579,0.89375
32.0,0.0,15.0,12.0,0.908421052631579,0.89375
32.0,0.0,15.0,20.0,0.908421052631579,0.89375
32.0,0.0,15.0,32.0,0.9094736842105263,0.89625
32.0,0.0,15.0,50.0,0.9012631578947369,0.890625
32.0,0.0,15.0,80.0,0.9025263157894736,0.89
32.0,0.0,15.0,128.0,0.8892631578947368,0.8768750000000001
32.0,0.0,17.0,2.0,0.9044210526315789,0.890625
32.0,0.0,17.0,3.0,0.9044210526315789,0.890625
32.0,0.0,17.0,5.0,0.9044210526315789,0.890625
32.0,0.0,17.0,8.0,0.9044210526315789,0.890625
32.0,0.0,17.0,12.0,0.9044210526315789,0.890625
32.0,0.0,17.0,20.0,0.9044210526315789,0.890625
32.0,0.0,17.0,32.0,0.9044210526315789,0.890625
32.0,0.0,17.0,50.0,0.899157894736842,0.88125
32.0,0.0,17.0,80.0,0.8960000000000001,0.88375
32.0,0.0,17.0,128.0,0.8854736842105263,0.874375
32.0,0.0,20.0,2.0,0.8930526315789473,0.88125
32.0,0.0,20.0,3.0,0.8930526315789473,0.88125
32.0,0.0,20.0,5.0,0.8930526315789473,0.88125
32.0,0.0,20.0,8.0,0.8930526315789473,0.88125
32.0,0.0,20.0,12.0,0.8930526315789473,0.88125
32.0,0.0,20.0,20.0,0.8930526315789473,0.88125
32.0,0.0,20.0,32.0,0.8930526315789473,0.88125
32.0,0.0,20.0,50.0,0.8905263157894737,0.8775000000000001
32.0,0.0,20.0,80.0,0.8909473684210527,0.881875
32.0,0.0,20.0,128.0,0.8829473684210527,0.869375
32.0,0.11111111,1.0,2.0,0.9949473684210526,0.9806250000000001
32.0,0.11111111,1.0,3.0,0.9941052631578948,0.978125
32.0,0.11111111,1.0,5.0,0.9947368421052631,0.97625
32.0,0.11111111,1.0,8.0,0.991157894736842,0.97625
32.0,0.11111111,1.0,12.0,0.9865263157894738,0.96875
32.0,0.11111111,1.0,20.0,0.9804210526315791,0.9675
32.0,0.11111111,1.0,32.0,0.9703157894736842,0.9525
32.0,0.11111111,1.0,50.0,0.9629473684210528,0.9506249999999999
32.0,0.11111111,1.0,80.0,0.9566315789473684,0.9393750000000001
32.0,0.11111111,1.0,128.0,0.9496842105263157,0.93625
32.0,0.11111111,3.0,2.0,0.9800000000000001,0.96
32.0,0.11111111,3.0,3.0,0.9800000000000001,0.96
32.0,0.11111111,3.0,5.0,0.9800000000000001,0.96
32.0,0.11111111,3.0,8.0,0.9791578947368421,0.96
32.0,0.11111111,3.0,12.0,0.976421052631579,0.95875
32.0,0.11111111,3.0,20.0,0.9705263157894738,0.9512499999999999
32.0,0.11111111,3.0,32.0,0.9629473684210528,0.9475
32.0,0.11111111,3.0,50.0,0.9608421052631579,0.945625
32.0,0.11111111,3.0,80.0,0.9547368421052631,0.93875
32.0,0.11111111,3.0,128.0,0.9488421052631579,0.9356249999999999
32.0,0.11111111,5.0,2.0,0.9661052631578947,0.9493750000000001
32.0,0.11111111,5.0,3.0,0.9661052631578947,0.9493750000000001
32.0,0.11111111,5.0,5.0,0.9661052631578947,0.9493750000000001
32.0,0.11111111,5.0,8.0,0.9661052631578947,0.9493750000000001
32.0,0.11111111,5.0,12.0,0.967157894736842,0.953125
32.0,0.11111111,5.0,20.0,0.9652631578947368,0.9475
32.0,0.11111111,5.0,32.0,0.9602105263157895,0.9412499999999999
32.0,0.11111111,5.0,50.0,0.9583157894736842,0.944375
32.0,0.11111111,5.0,80.0,0.9532631578947368,0.93625
32.0,0.11111111,5.0,128.0,0.9482105263157894,0.9331250000000001
32.0,0.11111111,7.0,2.0,0.9602105263157895,0.944375
32.0,0.11111111,7.0,3.0,0.9602105263157895,0.944375
32.0,0.11111111,7.0,5.0,0.9602105263157895,0.944375
32.0,0.11111111,7.0,8.0,0.9602105263157895,0.944375
32.0,0.11111111,7.0,12.0,0.9602105263157895,0.944375
32.0,0.11111111,7.0,20.0,0.9578947368421054,0.9412499999999999
32.0,0.11111111,7.0,32.0,0.9566315789473684,0.9393750000000001
32.0,0.11111111,7.0,50.0,0.9551578947368421,0.9412499999999999
32.0,0.11111111,7.0,80.0,0.9522105263157895,0.93625
32.0,0.11111111,7.0,128.0,0.9458947368421052,0.931875
32.0,0.11111111,9.0,2.0,0.9543157894736842,0.9393750000000001
32.0,0.11111111,9.0,3.0,0.9543157894736842,0.9393750000000001
32.0,0.11111111,9.0,5.0,0.9543157894736842,0.9393750000000001
32.0,0.11111111,9.0,8.0,0.9543157894736842,0.9393750000000001
32.0,0.11111111,9.0,12.0,0.9543157894736842,0.9393750000000001
32.0,0.11111111,9.0,20.0,0.9555789473684211,0.9400000000000001
32.0,0.11111111,9.0,32.0,0.9541052631578948,0.9393750000000001
32.0,0.11111111,9.0,50.0,0.9536842105263158,0.9393750000000001
32.0,0.11111111,9.0,80.0,0.9488421052631579,0.9349999999999999
32.0,0.11111111,9.0,128.0,0.9429473684210526,0.930625
32.0,0.11111111,11.0,2.0,0.952,0.93875
32.0,0.11111111,11.0,3.0,0.952,0.93875
32.0,0.11111111,11.0,5.0,0.952,0.93875
32.0,0.11111111,11.0,8.0,0.952,0.93875
32.0,0.11111111,11.0,12.0,0.952,0.93875
32.0,0.11111111,11.0,20.0,0.952,0.93875
32.0,0.11111111,11.0,32.0,0.952,0.940625
32.0,0.11111111,11.0,50.0,0.9509473684210527,0.93875
32.0,0.11111111,11.0,80.0,0.9450526315789475,0.9324999999999999
32.0,0.11111111,11.0,128.0,0.9421052631578947,0.930625
32.0,0.11111111,13.0,2.0,0.9507368421052632,0.93625
32.0,0.11111111,13.0,3.0,0.9507368421052632,0.93625
32.0,0.11111111,13.0,5.0,0.9507368421052632,0.93625
32.0,0.11111111,13.0,8.0,0.9507368421052632,0.93625
32.0,0.11111111,13.0,12.0,0.9507368421052632,0.93625
32.0,0.11111111,13.0,20.0,0.9507368421052632,0.93625
32.0,0.11111111,13.0,32.0,0.9494736842105264,0.938125
32.0,0.11111111,13.0,50.0,0.9490526315789474,0.9337500000000001
32.0,0.11111111,13.0,80.0,0.9433684210526316,0.9324999999999999
32.0,0.11111111,13.0,128.0,0.9410526315789474,0.929375
32.0,0.11111111,15.0,2.0,0.9461052631578948,0.9331250000000001
32.0,0.11111111,15.0,3.0,0.9461052631578948,0.9331250000000001
32.0,0.11111111,15.0,5.0,0.9461052631578948,0.9331250000000001
32.0,0.11111111,15.0,8.0,0.9461052631578948,0.9331250000000001
32.0,0.11111111,15.0,12.0,0.9461052631578948,0.9331250000000001
32.0,0.11111111,15.0,20.0,0.9461052631578948,0.9331250000000001
32.0,0.11111111,15.0,32.0,0.9477894736842105,0.93625
32.0,0.11111111,15.0,50.0,0.9473684210526315,0.9337500000000001
32.0,0.11111111,15.0,80.0,0.9437894736842105,0.9324999999999999
32.0,0.11111111,15.0,128.0,0.9406315789473684,0.929375
32.0,0.11111111,17.0,2.0,0.9461052631578948,0.9337500000000001
32.0,0.11111111,17.0,3.0,0.9461052631578948,0.9337500000000001
32.0,0.11111111,17.0,5.0,0.9461052631578948,0.9337500000000001
32.0,0.11111111,17.0,8.0,0.9461052631578948,0.9337500000000001
32.0,0.11111111,17.0,12.0,0.9461052631578948,0.9337500000000001
32.0,0.11111111,17.0,20.0,0.9461052631578948,0.9337500000000001
32.0,0.11111111,17.0,32.0,0.9461052631578948,0.9337500000000001
32.0,0.11111111,17.0,50.0,0.9444210526315789,0.93125
32.0,0.11111111,17.0,80.0,0.9414736842105264,0.93125
32.0,0.11111111,17.0,128.0,0.9381052631578948,0.929375
32.0,0.11111111,20.0,2.0,0.9418947368421053,0.931875
32.0,0.11111111,20.0,3.0,0.9418947368421053,0.931875
32.0,0.11111111,20.0,5.0,0.9418947368421053,0.931875
32.0,0.11111111,20.0,8.0,0.9418947368421053,0.931875
32.0,0.11111111,20.0,12.0,0.9418947368421053,0.931875
32.0,0.11111111,20.0,20.0,0.9418947368421053,0.931875
32.0,0.11111111,20.0,32.0,0.9418947368421053,0.931875
32.0,0.11111111,20.0,50.0,0.9410526315789474,0.929375
32.0,0.11111111,20.0,80.0,0.9400000000000001,0.929375
32.0,0.11111111,20.0,128.0,0.9376842105263158,0.9275
32.0,0.22222222,1.0,2.0,0.9960000000000001,0.98125
32.0,0.22222222,1.0,3.0,0.9953684210526316,0.983125
32.0,0.22222222,1.0,5.0,0.9941052631578948,0.9800000000000001
32.0,0.22222222,1.0,8.0,0.992421052631579,0.97875
32.0,0.22222222,1.0,12.0,0.9896842105263157,0.974375
32.0,0.22222222,1.0,20.0,0.984421052631579,0.97
32.0,0.22222222,1.0,32.0,0.9774736842105263,0.96
32.0,0.22222222,1.0,50.0,0.9696842105263158,0.954375
32.0,0.22222222,1.0,80.0,0.9610526315789475,0.94625
32.0,0.22222222,1.0,128.0,0.9593684210526316,0.9425000000000001
32.0,0.22222222,3.0,2.0,0.9858947368421053,0.96875
32.0,0.22222222,3.0,3.0,0.9858947368421053,0.96875
32.0,0.22222222,3.0,5.0,0.9858947368421053,0.96875
32.0,0.22222222,3.0,8.0,0.9852631578947368,0.969375
32.0,0.22222222,3.0,12.0,0.9829473684210527,0.968125
32.0,0.22222222,3.0,20.0,0.9785263157894736,0.961875
32.0,0.22222222,3.0,32.0,0.9730526315789474,0.9556250000000001
32.0,0.22222222,3.0,50.0,0.9663157894736841,0.9525
32.0,0.22222222,3.0,80.0,0.9608421052631579,0.946875
32.0,0.22222222,3.0,128.0,0.9576842105263157,0.9418749999999999
32.0,0.22222222,5.0,2.0,0.976421052631579,0.95875
32.0,0.22222222,5.0,3.0,0.976421052631579,0.95875
32.0,0.22222222,5.0,5.0,0.976421052631579,0.95875
32.0,0.22222222,5.0,8.0,0.976421052631579,0.95875
32.0,0.22222222,5.0,12.0,0.975578947368421,0.9574999999999999
32.0,0.22222222,5.0,20.0,0.9713684210526315,0.9574999999999999
32.0,0.22222222,5.0,32.0,0.968,0.953125
32.0,0.22222222,5.0,50.0,0.9637894736842105,0.9512499999999999
32.0,0.22222222,5.0,80.0,0.9608421052631579,0.945625
32.0,0.22222222,5.0,128.0,0.9581052631578947,0.940625
32.0,0.22222222,7.0,2.0,0.967578947368421,0.9525
32.0,0.22222222,7.0,3.0,0.967578947368421,0.9525
32.0,0.22222222,7.0,5.0,0.967578947368421,0.9525
32.0,0.22222222,7.0,8.0,0.967578947368421,0.9525
32.0,0.22222222,7.0,12.0,0.967578947368421,0.9525
32.0,0.22222222,7.0,20.0,0.9677894736842105,0.951875
32.0,0.22222222,7.0,32.0,0.9646315789473684,0.951875
32.0,0.22222222,7.0,50.0,0.9623157894736842,0.9481249999999999
32.0,0.22222222,7.0,80.0,0.9597894736842105,0.94625
32.0,0.22222222,7.0,128.0,0.9570526315789474,0.940625
32.0,0.22222222,9.0,2.0,0.9661052631578947,0.9525
32.0,0.22222222,9.0,3.0,0.9661052631578947,0.9525
32.0,0.22222222,9.0,5.0,0.9661052631578947,0.9525
32.0,0.22222222,9.0,8.0,0.9661052631578947,0.9525
32.0,0.22222222,9.0,12.0,0.9661052631578947,0.9525
32.0,0.22222222,9.0,20.0,0.9644210526315788,0.9525
32.0,0.22222222,9.0,32.0,0.9627368421052631,0.95
32.0,0.22222222,9.0,50.0,0.9597894736842105,0.9475
32.0,0.22222222,9.0,80.0,0.959157894736842,0.943125
32.0,0.22222222,9.0,128.0,0.9557894736842105,0.940625
32.0,0.22222222,11.0,2.0,0.9621052631578948,0.9493750000000001
32.0,0.22222222,11.0,3.0,0.9621052631578948,0.9493750000000001
32.0,0.22222222,11.0,5.0,0.9621052631578948,0.9493750000000001
32.0,0.22222222,11.0,8.0,0.9621052631578948,0.9493750000000001
32.0,0.22222222,11.0,12.0,0.9621052631578948,0.9493750000000001
32.0,0.22222222,11.0,20.0,0.9621052631578948,0.9493750000000001
32.0,0.22222222,11.0,32.0,0.9616842105263158,0.945625
32.0,0.22222222,11.0,50.0,0.9597894736842105,0.945
32.0,0.22222222,11.0,80.0,0.9574736842105264,0.94375
32.0,0.22222222,11.0,128.0,0.9549473684210525,0.93875
32.0,0.22222222,13.0,2.0,0.9585263157894737,0.945
32.0,0.22222222,13.0,3.0,0.9585263157894737,0.945
32.0,0.22222222,13.0,5.0,0.9585263157894737,0.945
32.0,0.22222222,13.0,8.0,0.9585263157894737,0.945
32.0,0.22222222,13.0,12.0,0.9585263157894737,0.945
32.0,0.22222222,13.0,20.0,0.9585263157894737,0.945
32.0,0.22222222,13.0,32.0,0.9583157894736842,0.945625
32.0,0.22222222,13.0,50.0,0.9583157894736842,0.945
32.0,0.22222222,13.0,80.0,0.9562105263157894,0.9425000000000001
32.0,0.22222222,13.0,128.0,0.9534736842105263,0.9400000000000001
32.0,0.22222222,15.0,2.0,0.9578947368421054,0.94625
32.0,0.22222222,15.0,3.0,0.9578947368421054,0.94625
32.0,0.22222222,15.0,5.0,0.9578947368421054,0.94625
32.0,0.22222222,15.0,8.0,0.9578947368421054,0.94625
32.0,0.22222222,15.0,12.0,0.9578947368421054,0.94625
32.0,0.22222222,15.0,20.0,0.9578947368421054,0.94625
32.0,0.22222222,15.0,32.0,0.9574736842105264,0.94375
32.0,0.22222222,15.0,50.0,0.9581052631578947,0.945
32.0,0.22222222,15.0,80.0,0.9557894736842105,0.94375
32.0,0.22222222,15.0,128.0,0.9536842105263158,0.9400000000000001
32.0,0.22222222,17.0,2.0,0.9570526315789474,0.9418749999999999
32.0,0.22222222,17.0,3.0,0.9570526315789474,0.9418749999999999
32.0,0.22222222,17.0,5.0,0.9570526315789474,0.9418749999999999
32.0,0.22222222,17.0,8.0,0.9570526315789474,0.9418749999999999
32.0,0.22222222,17.0,12.0,0.9570526315789474,0.9418749999999999
32.0,0.22222222,17.0,20.0,0.9570526315789474,0.9418749999999999
32.0,0.22222222,17.0,32.0,0.9570526315789474,0.9418749999999999
32.0,0.22222222,17.0,50.0,0.9564210526315791,0.94375
32.0,0.22222222,17.0,80.0,0.9549473684210525,0.9418749999999999
32.0,0.22222222,17.0,128.0,0.952421052631579,0.9393750000000001
32.0,0.22222222,20.0,2.0,0.9568421052631578,0.945
32.0,0.22222222,20.0,3.0,0.9568421052631578,0.945
32.0,0.22222222,20.0,5.0,0.9568421052631578,0.945
32.0,0.22222222,20.0,8.0,0.9568421052631578,0.945
32.0,0.22222222,20.0,12.0,0.9568421052631578,0.945
32.0,0.22222222,20.0,20.0,0.9568421052631578,0.945
32.0,0.22222222,20.0,32.0,0.9568421052631578,0.945
32.0,0.22222222,20.0,50.0,0.9574736842105264,0.94375
32.0,0.22222222,20.0,80.0,0.9541052631578948,0.9425000000000001
32.0,0.22222222,20.0,128.0,0.9530526315789473,0.9393750000000001
32.0,0.33333334,1.0,2.0,0.9960000000000001,0.9818749999999999
32.0,0.33333334,1.0,3.0,0.9962105263157894,0.984375
32.0,0.33333334,1.0,5.0,0.9945263157894736,0.984375
32.0,0.33333334,1.0,8.0,0.9936842105263157,0.9818749999999999
32.0,0.33333334,1.0,12.0,0.9894736842105264,0.9800000000000001
32.0,0.33333334,1.0,20.0,0.9858947368421053,0.975
32.0,0.33333334,1.0,32.0,0.9787368421052631,0.9668749999999999
32.0,0.33333334,1.0,50.0,0.9732631578947368,0.95625
32.0,0.33333334,1.0,80.0,0.9665263157894737,0.9512499999999999
32.0,0.33333334,1.0,128.0,0.9602105263157895,0.9425000000000001
32.0,0.33333334,3.0,2.0,0.9882105263157894,0.974375
32.0,0.33333334,3.0,3.0,0.9882105263157894,0.974375
32.0,0.33333334,3.0,5.0,0.9882105263157894,0.974375
32.0,0.33333334,3.0,8.0,0.9871578947368421,0.97625
32.0,0.33333334,3.0,12.0,0.9852631578947368,0.975
32.0,0.33333334,3.0,20.0,0.9804210526315791,0.9706250000000001
32.0,0.33333334,3.0,32.0,0.9766315789473683,0.9625
32.0,0.33333334,3.0,50.0,0.9707368421052631,0.9556250000000001
32.0,0.33333334,3.0,80.0,0.9654736842105264,0.9487500000000001
32.0,0.33333334,3.0,128.0,0.9593684210526316,0.9418749999999999
32.0,0.33333334,5.0,2.0,0.9804210526315789,0.968125
32.0,0.33333334,5.0,3.0,0.9804210526315789,0.968125
32.0,0.33333334,5.0,5.0,0.9804210526315789,0.968125
32.0,0.33333334,5.0,8.0,0.9804210526315789,0.968125
32.0,0.33333334,5.0,12.0,0.9789473684210526,0.9675
32.0,0.33333334,5.0,20.0,0.9772631578947368,0.9662499999999999
32.0,0.33333334,5.0,32.0,0.9736842105263157,0.9568749999999999
32.0,0.33333334,5.0,50.0,0.9682105263157894,0.954375
32.0,0.33333334,5.0,80.0,0.9640000000000001,0.946875
32.0,0.33333334,5.0,128.0,0.9587368421052631,0.9418749999999999
32.0,0.33333334,7.0,2.0,0.9762105263157895,0.963125
32.0,0.33333334,7.0,3.0,0.9762105263157895,0.963125
32.0,0.33333334,7.0,5.0,0.9762105263157895,0.963125
32.0,0.33333334,7.0,8.0,0.9762105263157895,0.963125
32.0,0.33333334,7.0,12.0,0.9762105263157895,0.963125
32.0,0.33333334,7.0,20.0,0.9743157894736842,0.96125
32.0,0.33333334,7.0,32.0,0.9720000000000001,0.9556250000000001
32.0,0.33333334,7.0,50.0,0.9658947368421054,0.951875
32.0,0.33333334,7.0,80.0,0.9629473684210528,0.9475
32.0,0.33333334,7.0,128.0,0.9585263157894737,0.9412499999999999
32.0,0.33333334,9.0,2.0,0.9698947368421053,0.9581250000000001
32.0,0.33333334,9.0,3.0,0.9698947368421053,0.9581250000000001
32.0,0.33333334,9.0,5.0,0.9698947368421053,0.9581250000000001
32.0,0.33333334,9.0,8.0,0.9698947368421053,0.9581250000000001
32.0,0.33333334,9.0,12.0,0.9698947368421053,0.9581250000000001
32.0,0.33333334,9.0,20.0,0.9701052631578946,0.9574999999999999
32.0,0.33333334,9.0,32.0,0.9686315789473685,0.95375
32.0,0.33333334,9.0,50.0,0.9658947368421054,0.951875
32.0,0.33333334,9.0,80.0,0.9616842105263158,0.945625
32.0,0.33333334,9.0,128.0,0.9585263157894737,0.9418749999999999
32.0,0.33333334,11.0,2.0,0.967578947368421,0.95375
32.0,0.33333334,11.0,3.0,0.967578947368421,0.95375
32.0,0.33333334,11.0,5.0,0.967578947368421,0.95375
32.0,0.33333334,11.0,8.0,0.967578947368421,0.95375
32.0,0.33333334,11.0,12.0,0.967578947368421,0.95375
32.0,0.33333334,11.0,20.0,0.967578947368421,0.95375
32.0,0.33333334,11.0,32.0,0.9669473684210527,0.9525
32.0,0.33333334,11.0,50.0,0.9642105263157894,0.951875
32.0,0.33333334,11.0,80.0,0.9608421052631579,0.945
32.0,0.33333334,11.0,128.0,0.9581052631578947,0.9412499999999999
32.0,0.33333334,13.0,2.0,0.9633684210526315,0.9493750000000001
32.0,0.33333334,13.0,3.0,0.9633684210526315,0.9493750000000001
32.0,0.33333334,13.0,5.0,0.9633684210526315,0.9493750000000001
32.0,0.33333334,13.0,8.0,0.9633684210526315,0.9493750000000001
32.0,0.33333334,13.0,12.0,0.9633684210526315,0.9493750000000001
32.0,0.33333334,13.0,20.0,0.9633684210526315,0.9493750000000001
32.0,0.33333334,13.0,32.0,0.9658947368421054,0.9506249999999999
32.0,0.33333334,13.0,50.0,0.9629473684210528,0.9506249999999999
32.0,0.33333334,13.0,80.0,0.96,0.94375
32.0,0.33333334,13.0,128.0,0.9576842105263157,0.9412499999999999
32.0,0.33333334,15.0,2.0,0.9618947368421052,0.9493750000000001
32.0,0.33333334,15.0,3.0,0.9618947368421052,0.9493750000000001
32.0,0.33333334,15.0,5.0,0.9618947368421052,0.9493750000000001
32.0,0.33333334,15.0,8.0,0.9618947368421052,0.9493750000000001
32.0,0.33333334,15.0,12.0,0.9618947368421052,0.9493750000000001
32.0,0.33333334,15.0,20.0,0.9618947368421052,0.9493750000000001
32.0,0.33333334,15.0,32.0,0.9642105263157894,0.9506249999999999
32.0,0.33333334,15.0,50.0,0.959578947368421,0.9481249999999999
32.0,0.33333334,15.0,80.0,0.9585263157894737,0.945625
32.0,0.33333334,15.0,128.0,0.9568421052631578,0.940625
32.0,0.33333334,17.0,2.0,0.9591578947368422,0.9475
32.0,0.33333334,17.0,3.0,0.9591578947368422,0.9475
32.0,0.33333334,17.0,5.0,0.9591578947368422,0.9475
32.0,0.33333334,17.0,8.0,0.9591578947368422,0.9475
32.0,0.33333334,17.0,12.0,0.9591578947368422,0.9475
32.0,0.33333334,17.0,20.0,0.9591578947368422,0.9475
32.0,0.33333334,17.0,32.0,0.9591578947368422,0.9475
32.0,0.33333334,17.0,50.0,0.9597894736842105,0.94625
32.0,0.33333334,17.0,80.0,0.9583157894736842,0.945625
32.0,0.33333334,17.0,128.0,0.9560000000000001,0.940625
32.0,0.33333334,20.0,2.0,0.9570526315789474,0.94625
32.0,0.33333334,20.0,3.0,0.9570526315789474,0.94625
32.0,0.33333334,20.0,5.0,0.9570526315789474,0.94625
32.0,0.33333334,20.0,8.0,0.9570526315789474,0.94625
32.0,0.33333334,20.0,12.0,0.9570526315789474,0.94625
32.0,0.33333334,20.0,20.0,0.9570526315789474,0.94625
32.0,0.33333334,20.0,32.0,0.9570526315789474,0.94625
32.0,0.33333334,20.0,50.0,0.9570526315789474,0.9475
32.0,0.33333334,20.0,80.0,0.9564210526315791,0.945625
32.0,0.33333334,20.0,128.0,0.9547368421052631,0.9425000000000001
32.0,0.44444445,1.0,2.0,0.9976842105263157,0.9868750000000001
32.0,0.44444445,1.0,3.0,0.9970526315789474,0.9881249999999999
32.0,0.44444445,1.0,5.0,0.9957894736842106,0.9875
32.0,0.44444445,1.0,8.0,0.9945263157894736,0.985
32.0,0.44444445,1.0,12.0,0.992421052631579,0.98375
32.0,0.44444445,1.0,20.0,0.9894736842105264,0.98375
32.0,0.44444445,1.0,32.0,0.9829473684210527,0.9824999999999999
32.0,0.44444445,1.0,50.0,0.9770526315789473,0.9724999999999999
32.0,0.44444445,1.0,80.0,0.9705263157894736,0.9550000000000001
32.0,0.44444445,1.0,128.0,0.9629473684210528,0.944375
32.0,0.44444445,3.0,2.0,0.991578947368421,0.98125
32.0,0.44444445,3.0,3.0,0.991578947368421,0.98125
32.0,0.44444445,3.0,5.0,0.991578947368421,0.98125
32.0,0.44444445,3.0,8.0,0.9909473684210527,0.98375
32.0,0.44444445,3.0,12.0,0.9892631578947368,0.984375
32.0,0.44444445,3.0,20.0,0.9867368421052631,0.9818749999999999
32.0,0.44444445,3.0,32.0,0.9818947368421054,0.9793749999999999
32.0,0.44444445,3.0,50.0,0.9762105263157894,0.9706250000000001
32.0,0.44444445,3.0,80.0,0.9696842105263158,0.954375
32.0,0.44444445,3.0,128.0,0.9625263157894738,0.94375
32.0,0.44444445,5.0,2.0,0.9869473684210526,0.9818749999999999
32.0,0.44444445,5.0,3.0,0.9869473684210526,0.9818749999999999
32.0,0.44444445,5.0,5.0,0.9869473684210526,0.9818749999999999
32.0,0.44444445,5.0,8.0,0.9869473684210526,0.9818749999999999
32.0,0.44444445,5.0,12.0,0.9858947368421053,0.983125
32.0,0.44444445,5.0,20.0,0.984421052631579,0.978125
32.0,0.44444445,5.0,32.0,0.9818947368421054,0.97625
32.0,0.44444445,5.0,50.0,0.9753684210526317,0.965625
32.0,0.44444445,5.0,80.0,0.9696842105263158,0.954375
32.0,0.44444445,5.0,128.0,0.9621052631578948,0.9418749999999999
32.0,0.44444445,7.0,2.0,0.9827368421052632,0.9800000000000001
32.0,0.44444445,7.0,3.0,0.9827368421052632,0.9800000000000001
32.0,0.44444445,7.0,5.0,0.9827368421052632,0.9800000000000001
32.0,0.44444445,7.0,8.0,0.9827368421052632,0.9800000000000001
32.0,0.44444445,7.0,12.0,0.9827368421052632,0.9800000000000001
32.0,0.44444445,7.0,20.0,0.9818947368421054,0.976875
32.0,0.44444445,7.0,32.0,0.9787368421052631,0.974375
32.0,0.44444445,7.0,50.0,0.9747368421052631,0.9650000000000001
32.0,0.44444445,7.0,80.0,0.9694736842105263,0.951875
32.0,0.44444445,7.0,128.0,0.9621052631578948,0.9425000000000001
32.0,0.44444445,9.0,2.0,0.9791578947368421,0.9737500000000001
32.0,0.44444445,9.0,3.0,0.9791578947368421,0.9737500000000001
32.0,0.44444445,9.0,5.0,0.9791578947368421,0.9737500000000001
32.0,0.44444445,9.0,8.0,0.9791578947368421,0.9737500000000001
32.0,0.44444445,9.0,12.0,0.9791578947368421,0.9737500000000001
32.0,0.44444445,9.0,20.0,0.9783157894736842,0.975
32.0,0.44444445,9.0,32.0,0.9770526315789473,0.96875
32.0,0.44444445,9.0,50.0,0.9726315789473684,0.9637499999999999
32.0,0.44444445,9.0,80.0,0.9686315789473685,0.951875
32.0,0.44444445,9.0,128.0,0.9616842105263158,0.9425000000000001
32.0,0.44444445,11.0,2.0,0.9749473684210527,0.969375
32.0,0.44444445,11.0,3.0,0.9749473684210527,0.969375
32.0,0.44444445,11.0,5.0,0.9749473684210527,0.969375
32.0,0.44444445,11.0,8.0,0.9749473684210527,0.969375
32.0,0.44444445,11.0,12.0,0.9749473684210527,0.969375
32.0,0.44444445,11.0,20.0,0.9749473684210527,0.969375
32.0,0.44444445,11.0,32.0,0.9747368421052631,0.9650000000000001
32.0,0.44444445,11.0,50.0,0.9724210526315789,0.961875
32.0,0.44444445,11.0,80.0,0.967578947368421,0.9525
32.0,0.44444445,11.0,128.0,0.960421052631579,0.9425000000000001
32.0,0.44444445,13.0,2.0,0.9728421052631578,0.9650000000000001
32.0,0.44444445,13.0,3.0,0.9728421052631578,0.9650000000000001
32.0,0.44444445,13.0,5.0,0.9728421052631578,0.9650000000000001
32.0,0.44444445,13.0,8.0,0.9728421052631578,0.9650000000000001
32.0,0.44444445,13.0,12.0,0.9728421052631578,0.9650000000000001
32.0,0.44444445,13.0,20.0,0.9728421052631578,0.9650000000000001
32.0,0.44444445,13.0,32.0,0.9730526315789474,0.965625
32.0,0.44444445,13.0,50.0,0.9701052631578948,0.9550000000000001
32.0,0.44444445,13.0,80.0,0.9673684210526317,0.951875
32.0,0.44444445,13.0,128.0,0.959578947368421,0.9418749999999999
32.0,0.44444445,15.0,2.0,0.9705263157894738,0.960625
32.0,0.44444445,15.0,3.0,0.9705263157894738,0.960625
32.0,0.44444445,15.0,5.0,0.9705263157894738,0.960625
32.0,0.44444445,15.0,8.0,0.9705263157894738,0.960625
32.0,0.44444445,15.0,12.0,0.9705263157894738,0.960625
32.0,0.44444445,15.0,20.0,0.9705263157894738,0.960625
32.0,0.44444445,15.0,32.0,0.9713684210526315,0.96125
32.0,0.44444445,15.0,50.0,0.968842105263158,0.954375
32.0,0.44444445,15.0,80.0,0.9661052631578947,0.9512499999999999
32.0,0.44444445,15.0,128.0,0.9583157894736842,0.9425000000000001
32.0,0.44444445,17.0,2.0,0.9701052631578948,0.9556250000000001
32.0,0.44444445,17.0,3.0,0.9701052631578948,0.9556250000000001
32.0,0.44444445,17.0,5.0,0.9701052631578948,0.9556250000000001
32.0,0.44444445,17.0,8.0,0.9701052631578948,0.9556250000000001
32.0,0.44444445,17.0,12.0,0.9701052631578948,0.9556250000000001
32.0,0.44444445,17.0,20.0,0.9701052631578948,0.9556250000000001
32.0,0.44444445,17.0,32.0,0.9701052631578948,0.9556250000000001
32.0,0.44444445,17.0,50.0,0.9686315789473685,0.95375
32.0,0.44444445,17.0,80.0,0.9663157894736842,0.9487500000000001
32.0,0.44444445,17.0,128.0,0.9578947368421054,0.9425000000000001
32.0,0.44444445,20.0,2.0,0.9682105263157895,0.9556250000000001
32.0,0.44444445,20.0,3.0,0.9682105263157895,0.9556250000000001
32.0,0.44444445,20.0,5.0,0.9682105263157895,0.9556250000000001
32.0,0.44444445,20.0,8.0,0.9682105263157895,0.9556250000000001
32.0,0.44444445,20.0,12.0,0.9682105263157895,0.9556250000000001
32.0,0.44444445,20.0,20.0,0.9682105263157895,0.9556250000000001
32.0,0.44444445,20.0,32.0,0.9682105263157895,0.9556250000000001
32.0,0.44444445,20.0,50.0,0.968,0.953125
32.0,0.44444445,20.0,80.0,0.9640000000000001,0.94625
32.0,0.44444445,20.0,128.0,0.9578947368421054,0.940625
32.0,0.5555556,1.0,2.0,0.9983157894736842,0.99
32.0,0.5555556,1.0,3.0,0.9983157894736842,0.99
32.0,0.5555556,1.0,5.0,0.9964210526315789,0.991875
32.0,0.5555556,1.0,8.0,0.9953684210526316,0.99125
32.0,0.5555556,1.0,12.0,0.9941052631578948,0.9875
32.0,0.5555556,1.0,20.0,0.9922105263157895,0.9862500000000001
32.0,0.5555556,1.0,32.0,0.9856842105263158,0.98375
32.0,0.5555556,1.0,50.0,0.9800000000000001,0.9818749999999999
32.0,0.5555556,1.0,80.0,0.9745263157894737,0.96875
32.0,0.5555556,1.0,128.0,0.9661052631578947,0.951875
32.0,0.5555556,3.0,2.0,0.9932631578947368,0.9868750000000001
32.0,0.5555556,3.0,3.0,0.9932631578947368,0.9868750000000001
32.0,0.5555556,3.0,5.0,0.9932631578947368,0.9868750000000001
32.0,0.5555556,3.0,8.0,0.9930526315789473,0.9875
32.0,0.5555556,3.0,12.0,0.9913684210526317,0.9862500000000001
32.0,0.5555556,3.0,20.0,0.9903157894736841,0.985
32.0,0.5555556,3.0,32.0,0.9850526315789473,0.9824999999999999
32.0,0.5555556,3.0,50.0,0.9797894736842105,0.98125
32.0,0.5555556,3.0,80.0,0.9738947368421054,0.9662499999999999
32.0,0.5555556,3.0,128.0,0.9656842105263157,0.9525
32.0,0.5555556,5.0,2.0,0.9892631578947368,0.9862500000000001
32.0,0.5555556,5.0,3.0,0.9892631578947368,0.9862500000000001
32.0,0.5555556,5.0,5.0,0.9892631578947368,0.9862500000000001
32.0,0.5555556,5.0,8.0,0.9892631578947368,0.9862500000000001
32.0,0.5555556,5.0,12.0,0.9892631578947368,0.985625
32.0,0.5555556,5.0,20.0,0.9873684210526316,0.9862500000000001
32.0,0.5555556,5.0,32.0,0.9821052631578947,0.9824999999999999
32.0,0.5555556,5.0,50.0,0.9789473684210526,0.98125
32.0,0.5555556,5.0,80.0,0.9728421052631578,0.9662499999999999
32.0,0.5555556,5.0,128.0,0.9646315789473684,0.9506249999999999
32.0,0.5555556,7.0,2.0,0.9854736842105263,0.98375
32.0,0.5555556,7.0,3.0,0.9854736842105263,0.98375
32.0,0.5555556,7.0,5.0,0.9854736842105263,0.98375
32.0,0.5555556,7.0,8.0,0.9854736842105263,0.98375
32.0,0.5555556,7.0,12.0,0.9854736842105263,0.98375
32.0,0.5555556,7.0,20.0,0.9846315789473683,0.98375
32.0,0.5555556,7.0,32.0,0.9804210526315789,0.9824999999999999
32.0,0.5555556,7.0,50.0,0.976842105263158,0.98125
32.0,0.5555556,7.0,80.0,0.9713684210526315,0.965625
32.0,0.5555556,7.0,128.0,0.9633684210526315,0.9493750000000001
32.0,0.5555556,9.0,2.0,0.9806315789473684,0.98125
32.0,0.5555556,9.0,3.0,0.9806315789473684,0.98125
32.0,0.5555556,9.0,5.0,0.9806315789473684,0.98125
32.0,0.5555556,9.0,8.0,0.9806315789473684,0.98125
32.0,0.5555556,9.0,12.0,0.9806315789473684,0.98125
32.0,0.5555556,9.0,20.0,0.9812631578947368,0.98125
32.0,0.5555556,9.0,32.0,0.9791578947368421,0.9800000000000001
32.0,0.5555556,9.0,50.0,0.9766315789473683,0.9793749999999999
32.0,0.5555556,9.0,80.0,0.9705263157894738,0.9643750000000001
32.0,0.5555556,9.0,128.0,0.9629473684210528,0.9493750000000001
32.0,0.5555556,11.0,2.0,0.9789473684210528,0.97875
32.0,0.5555556,11.0,3.0,0.9789473684210528,0.97875
32.0,0.5555556,11.0,5.0,0.9789473684210528,0.97875
32.0,0.5555556,11.0,8.0,0.9789473684210528,0.97875
32.0,0.5555556,11.0,12.0,0.9789473684210528,0.97875
32.0,0.5555556,11.0,20.0,0.9789473684210528,0.97875
32.0,0.5555556,11.0,32.0,0.9772631578947368,0.9800000000000001
32.0,0.5555556,11.0,50.0,0.9753684210526317,0.97875
32.0,0.5555556,11.0,80.0,0.9709473684210526,0.9643750000000001
32.0,0.5555556,11.0,128.0,0.9631578947368421,0.9475
32.0,0.5555556,13.0,2.0,0.9762105263157895,0.978125
32.0,0.5555556,13.0,3.0,0.9762105263157895,0.978125
32.0,0.5555556,13.0,5.0,0.9762105263157895,0.978125
32.0,0.5555556,13.0,8.0,0.9762105263157895,0.978125
32.0,0.5555556,13.0,12.0,0.9762105263157895,0.978125
32.0,0.5555556,13.0,20.0,0.9762105263157895,0.978125
32.0,0.5555556,13.0,32.0,0.976842105263158,0.9793749999999999
32.0,0.5555556,13.0,50.0,0.9749473684210527,0.978125
32.0,0.5555556,13.0,80.0,0.9698947368421053,0.9625
32.0,0.5555556,13.0,128.0,0.9621052631578948,0.9493750000000001
32.0,0.5555556,15.0,2.0,0.975157894736842,0.97875
32.0,0.5555556,15.0,3.0,0.975157894736842,0.97875
32.0,0.5555556,15.0,5.0,0.975157894736842,0.97875
32.0,0.5555556,15.0,8.0,0.975157894736842,0.97875
32.0,0.5555556,15.0,12.0,0.975157894736842,0.97875
32.0,0.5555556,15.0,20.0,0.975157894736842,0.97875
32.0,0.5555556,15.0,32.0,0.9749473684210527,0.976875
32.0,0.5555556,15.0,50.0,0.9743157894736842,0.974375
32.0,0.5555556,15.0,80.0,0.9701052631578948,0.9637499999999999
32.0,0.5555556,15.0,128.0,0.9629473684210528,0.94625
32.0,0.5555556,17.0,2.0,0.9745263157894737,0.975625
32.0,0.5555556,17.0,3.0,0.9745263157894737,0.975625
32.0,0.5555556,17.0,5.0,0.9745263157894737,0.975625
32.0,0.5555556,17.0,8.0,0.9745263157894737,0.975625
32.0,0.5555556,17.0,12.0,0.9745263157894737,0.975625
32.0,0.5555556,17.0,20.0,0.9745263157894737,0.975625
32.0,0.5555556,17.0,32.0,0.9745263157894737,0.975625
32.0,0.5555556,17.0,50.0,0.9738947368421054,0.9737500000000001
32.0,0.5555556,17.0,80.0,0.9694736842105263,0.9625
32.0,0.5555556,17.0,128.0,0.9618947368421052,0.946875
32.0,0.5555556,20.0,2.0,0.9734736842105264,0.9731249999999999
32.0,0.5555556,20.0,3.0,0.9734736842105264,0.9731249999999999
32.0,0.5555556,20.0,5.0,0.9734736842105264,0.9731249999999999
32.0,0.5555556,20.0,8.0,0.9734736842105264,0.9731249999999999
32.0,0.5555556,20.0,12.0,0.9734736842105264,0.9731249999999999
32.0,0.5555556,20.0,20.0,0.9734736842105264,0.9731249999999999
32.0,0.5555556,20.0,32.0,0.9734736842105264,0.9731249999999999
32.0,0.5555556,20.0,50.0,0.9734736842105264,0.9706250000000001
32.0,0.5555556,20.0,80.0,0.9694736842105263,0.961875
32.0,0.5555556,20.0,128.0,0.9614736842105263,0.944375
32.0,0.6666667,1.0,2.0,0.9985263157894737,0.9925
32.0,0.6666667,1.0,3.0,0.9987368421052631,0.9925
32.0,0.6666667,1.0,5.0,0.9976842105263157,0.993125
32.0,0.6666667,1.0,8.0,0.9962105263157894,0.993125
32.0,0.6666667,1.0,12.0,0.9955789473684211,0.993125
32.0,0.6666667,1.0,20.0,0.9941052631578948,0.99
32.0,0.6666667,1.0,32.0,0.9909473684210527,0.9875
32.0,0.6666667,1.0,50.0,0.9806315789473684,0.98375
32.0,0.6666667,1.0,80.0,0.975578947368421,0.976875
32.0,0.6666667,1.0,128.0,0.9667368421052632,0.95625
32.0,0.6666667,3.0,2.0,0.9947368421052631,0.9925
32.0,0.6666667,3.0,3.0,0.9947368421052631,0.9925
32.0,0.6666667,3.0,5.0,0.9947368421052631,0.9925
32.0,0.6666667,3.0,8.0,0.9941052631578946,0.993125
32.0,0.6666667,3.0,12.0,0.9932631578947368,0.991875
32.0,0.6666667,3.0,20.0,0.992,0.9893750000000001
32.0,0.6666667,3.0,32.0,0.9894736842105264,0.9868750000000001
32.0,0.6666667,3.0,50.0,0.9804210526315789,0.98375
32.0,0.6666667,3.0,80.0,0.975157894736842,0.976875
32.0,0.6666667,3.0,128.0,0.9665263157894737,0.95625
32.0,0.6666667,5.0,2.0,0.9901052631578947,0.990625
32.0,0.6666667,5.0,3.0,0.9901052631578947,0.990625
32.0,0.6666667,5.0,5.0,0.9901052631578947,0.990625
32.0,0.6666667,5.0,8.0,0.9901052631578947,0.990625
32.0,0.6666667,5.0,12.0,0.9901052631578947,0.99
32.0,0.6666667,5.0,20.0,0.9888421052631579,0.9887500000000001
32.0,0.6666667,5.0,32.0,0.9863157894736843,0.9875
32.0,0.6666667,5.0,50.0,0.9787368421052631,0.98375
32.0,0.6666667,5.0,80.0,0.9745263157894737,0.976875
32.0,0.6666667,5.0,128.0,0.9652631578947368,0.9550000000000001
32.0,0.6666667,7.0,2.0,0.9879999999999999,0.9881249999999999
32.0,0.6666667,7.0,3.0,0.9879999999999999,0.9881249999999999
32.0,0.6666667,7.0,5.0,0.9879999999999999,0.9881249999999999
32.0,0.6666667,7.0,8.0,0.9879999999999999,0.9881249999999999
32.0,0.6666667,7.0,12.0,0.9879999999999999,0.9881249999999999
32.0,0.6666667,7.0,20.0,0.9875789473684211,0.9881249999999999
32.0,0.6666667,7.0,32.0,0.9846315789473685,0.985625
32.0,0.6666667,7.0,50.0,0.9770526315789473,0.98375
32.0,0.6666667,7.0,80.0,0.9736842105263157,0.97625
32.0,0.6666667,7.0,128.0,0.964842105263158,0.9556250000000001
32.0,0.6666667,9.0,2.0,0.9858947368421053,0.985625
32.0,0.6666667,9.0,3.0,0.9858947368421053,0.985625
32.0,0.6666667,9.0,5.0,0.9858947368421053,0.985625
32.0,0.6666667,9.0,8.0,0.9858947368421053,0.985625
32.0,0.6666667,9.0,12.0,0.9858947368421053,0.985625
32.0,0.6666667,9.0,20.0,0.9861052631578946,0.9862500000000001
32.0,0.6666667,9.0,32.0,0.9825263157894737,0.985
32.0,0.6666667,9.0,50.0,0.976421052631579,0.9818749999999999
32.0,0.6666667,9.0,80.0,0.9736842105263157,0.976875
32.0,0.6666667,9.0,128.0,0.9644210526315791,0.9550000000000001
32.0,0.6666667,11.0,2.0,0.9818947368421054,0.983125
32.0,0.6666667,11.0,3.0,0.9818947368421054,0.983125
32.0,0.6666667,11.0,5.0,0.9818947368421054,0.983125
32.0,0.6666667,11.0,8.0,0.9818947368421054,0.983125
32.0,0.6666667,11.0,12.0,0.9818947368421054,0.983125
32.0,0.6666667,11.0,20.0,0.9818947368421054,0.983125
32.0,0.6666667,11.0,32.0,0.9800000000000001,0.983125
32.0,0.6666667,11.0,50.0,0.9747368421052631,0.9800000000000001
32.0,0.6666667,11.0,80.0,0.9736842105263157,0.975625
32.0,0.6666667,11.0,128.0,0.9644210526315791,0.9556250000000001
32.0,0.6666667,13.0,2.0,0.9781052631578948,0.9818749999999999
32.0,0.6666667,13.0,3.0,0.9781052631578948,0.9818749999999999
32.0,0.6666667,13.0,5.0,0.9781052631578948,0.9818749999999999
32.0,0.6666667,13.0,8.0,0.9781052631578948,0.9818749999999999
32.0,0.6666667,13.0,12.0,0.9781052631578948,0.9818749999999999
32.0,0.6666667,13.0,20.0,0.9781052631578948,0.9818749999999999
32.0,0.6666667,13.0,32.0,0.9774736842105263,0.98125
32.0,0.6666667,13.0,50.0,0.9741052631578947,0.9800000000000001
32.0,0.6666667,13.0,80.0,0.9734736842105264,0.975625
32.0,0.6666667,13.0,128.0,0.9644210526315791,0.9550000000000001
32.0,0.6666667,15.0,2.0,0.9762105263157895,0.9806250000000001
32.0,0.6666667,15.0,3.0,0.9762105263157895,0.9806250000000001
32.0,0.6666667,15.0,5.0,0.9762105263157895,0.9806250000000001
32.0,0.6666667,15.0,8.0,0.9762105263157895,0.9806250000000001
32.0,0.6666667,15.0,12.0,0.9762105263157895,0.9806250000000001
32.0,0.6666667,15.0,20.0,0.9762105263157895,0.9806250000000001
32.0,0.6666667,15.0,32.0,0.976421052631579,0.9818749999999999
32.0,0.6666667,15.0,50.0,0.9745263157894737,0.97875
32.0,0.6666667,15.0,80.0,0.9732631578947368,0.975625
32.0,0.6666667,15.0,128.0,0.9640000000000001,0.9556250000000001
32.0,0.6666667,17.0,2.0,0.975157894736842,0.9800000000000001
32.0,0.6666667,17.0,3.0,0.975157894736842,0.9800000000000001
32.0,0.6666667,17.0,5.0,0.975157894736842,0.9800000000000001
32.0,0.6666667,17.0,8.0,0.975157894736842,0.9800000000000001
32.0,0.6666667,17.0,12.0,0.975157894736842,0.9800000000000001
32.0,0.6666667,17.0,20.0,0.975157894736842,0.9800000000000001
32.0,0.6666667,17.0,32.0,0.975157894736842,0.9800000000000001
32.0,0.6666667,17.0,50.0,0.9743157894736842,0.978125
32.0,0.6666667,17.0,80.0,0.9732631578947368,0.975625
32.0,0.6666667,17.0,128.0,0.9637894736842105,0.9556250000000001
32.0,0.6666667,20.0,2.0,0.9738947368421054,0.9775
32.0,0.6666667,20.0,3.0,0.9738947368421054,0.9775
32.0,0.6666667,20.0,5.0,0.9738947368421054,0.9775
32.0,0.6666667,20.0,8.0,0.9738947368421054,0.9775
32.0,0.6666667,20.0,12.0,0.9738947368421054,0.9775
32.0,0.6666667,20.0,20.0,0.9738947368421054,0.9775
32.0,0.6666667,20.0,32.0,0.9738947368421054,0.9775
32.0,0.6666667,20.0,50.0,0.9738947368421054,0.978125
32.0,0.6666667,20.0,80.0,0.9730526315789474,0.975625
32.0,0.6666667,20.0,128.0,0.9644210526315791,0.9550000000000001
32.0,0.7777778,1.0,2.0,0.9989473684210527,0.993125
32.0,0.7777778,1.0,3.0,0.999157894736842,0.993125
32.0,0.7777778,1.0,5.0,0.9981052631578947,0.99375
32.0,0.7777778,1.0,8.0,0.9970526315789474,0.99375
32.0,0.7777778,1.0,12.0,0.9962105263157894,0.994375
32.0,0.7777778,1.0,20.0,0.9947368421052631,0.9956250000000001
32.0,0.7777778,1.0,32.0,0.991157894736842,0.9881249999999999
32.0,0.7777778,1.0,50.0,0.9800000000000001,0.98375
32.0,0.7777778,1.0,80.0,0.9734736842105264,0.975625
32.0,0.7777778,1.0,128.0,0.9625263157894738,0.95625
32.0,0.7777778,3.0,2.0,0.9957894736842106,0.99375
32.0,0.7777778,3.0,3.0,0.9957894736842106,0.99375
32.0,0.7777778,3.0,5.0,0.9957894736842106,0.99375
32.0,0.7777778,3.0,8.0,0.9957894736842106,0.99375
32.0,0.7777778,3.0,12.0,0.9943157894736843,0.994375
32.0,0.7777778,3.0,20.0,0.992842105263158,0.9949999999999999
32.0,0.7777778,3.0,32.0,0.9892631578947368,0.9881249999999999
32.0,0.7777778,3.0,50.0,0.9800000000000001,0.98375
32.0,0.7777778,3.0,80.0,0.9734736842105264,0.975
32.0,0.7777778,3.0,128.0,0.9625263157894738,0.9568749999999999
32.0,0.7777778,5.0,2.0,0.9898947368421054,0.99375
32.0,0.7777778,5.0,3.0,0.9898947368421054,0.99375
32.0,0.7777778,5.0,5.0,0.9898947368421054,0.99375
32.0,0.7777778,5.0,8.0,0.9898947368421054,0.99375
32.0,0.7777778,5.0,12.0,0.9896842105263157,0.994375
32.0,0.7777778,5.0,20.0,0.9871578947368421,0.9949999999999999
32.0,0.7777778,5.0,32.0,0.9875789473684211,0.9887499999999999
32.0,0.7777778,5.0,50.0,0.9800000000000001,0.98375
32.0,0.7777778,5.0,80.0,0.972842105263158,0.975
32.0,0.7777778,5.0,128.0,0.9618947368421052,0.9568749999999999
32.0,0.7777778,7.0,2.0,0.9867368421052631,0.994375
32.0,0.7777778,7.0,3.0,0.9867368421052631,0.994375
32.0,0.7777778,7.0,5.0,0.9867368421052631,0.994375
32.0,0.7777778,7.0,8.0,0.9867368421052631,0.994375
32.0,0.7777778,7.0,12.0,0.9867368421052631,0.994375
32.0,0.7777778,7.0,20.0,0.9867368421052631,0.9949999999999999
32.0,0.7777778,7.0,32.0,0.9861052631578946,0.9881249999999999
32.0,0.7777778,7.0,50.0,0.9795789473684211,0.98375
32.0,0.7777778,7.0,80.0,0.9720000000000001,0.975
32.0,0.7777778,7.0,128.0,0.9618947368421052,0.9568749999999999
32.0,0.7777778,9.0,2.0,0.9861052631578946,0.99125
32.0,0.7777778,9.0,3.0,0.9861052631578946,0.99125
32.0,0.7777778,9.0,5.0,0.9861052631578946,0.99125
32.0,0.7777778,9.0,8.0,0.9861052631578946,0.99125
32.0,0.7777778,9.0,12.0,0.9861052631578946,0.99125
32.0,0.7777778,9.0,20.0,0.9861052631578946,0.99125
32.0,0.7777778,9.0,32.0,0.9852631578947368,0.9881249999999999
32.0,0.7777778,9.0,50.0,0.9793684210526316,0.98375
32.0,0.7777778,9.0,80.0,0.9720000000000001,0.975
32.0,0.7777778,9.0,128.0,0.9616842105263158,0.95625
32.0,0.7777778,11.0,2.0,0.9852631578947368,0.9881249999999999
32.0,0.7777778,11.0,3.0,0.9852631578947368,0.9881249999999999
32.0,0.7777778,11.0,5.0,0.9852631578947368,0.9881249999999999
32.0,0.7777778,11.0,8.0,0.9852631578947368,0.9881249999999999
32.0,0.7777778,11.0,12.0,0.9852631578947368,0.9881249999999999
32.0,0.7777778,11.0,20.0,0.9852631578947368,0.9881249999999999
32.0,0.7777778,11.0,32.0,0.984,0.985
32.0,0.7777778,11.0,50.0,0.9781052631578948,0.983125
32.0,0.7777778,11.0,80.0,0.9720000000000001,0.975
32.0,0.7777778,11.0,128.0,0.9616842105263158,0.9568749999999999
32.0,0.7777778,13.0,2.0,0.9814736842105264,0.98375
32.0,0.7777778,13.0,3.0,0.9814736842105264,0.98375
32.0,0.7777778,13.0,5.0,0.9814736842105264,0.98375
32.0,0.7777778,13.0,8.0,0.9814736842105264,0.98375
32.0,0.7777778,13.0,12.0,0.9814736842105264,0.98375
32.0,0.7777778,13.0,20.0,0.9814736842105264,0.98375
32.0,0.7777778,13.0,32.0,0.9806315789473684,0.984375
32.0,0.7777778,13.0,50.0,0.976,0.9818749999999999
32.0,0.7777778,13.0,80.0,0.9720000000000001,0.975
32.0,0.7777778,13.0,128.0,0.9616842105263158,0.95625
32.0,0.7777778,15.0,2.0,0.9785263157894736,0.9824999999999999
32.0,0.7777778,15.0,3.0,0.9785263157894736,0.9824999999999999
32.0,0.7777778,15.0,5.0,0.9785263157894736,0.9824999999999999
32.0,0.7777778,15.0,8.0,0.9785263157894736,0.9824999999999999
32.0,0.7777778,15.0,12.0,0.9785263157894736,0.9824999999999999
32.0,0.7777778,15.0,20.0,0.9785263157894736,0.9824999999999999
32.0,0.7777778,15.0,32.0,0.9785263157894736,0.9824999999999999
32.0,0.7777778,15.0,50.0,0.9743157894736842,0.9806250000000001
32.0,0.7777778,15.0,80.0,0.9720000000000001,0.975
32.0,0.7777778,15.0,128.0,0.9616842105263158,0.9568749999999999
32.0,0.7777778,17.0,2.0,0.976842105263158,0.983125
32.0,0.7777778,17.0,3.0,0.976842105263158,0.983125
32.0,0.7777778,17.0,5.0,0.976842105263158,0.983125
32.0,0.7777778,17.0,8.0,0.976842105263158,0.983125
32.0,0.7777778,17.0,12.0,0.976842105263158,0.983125
32.0,0.7777778,17.0,20.0,0.976842105263158,0.983125
32.0,0.7777778,17.0,32.0,0.976842105263158,0.983125
32.0,0.7777778,17.0,50.0,0.9743157894736842,0.9806250000000001
32.0,0.7777778,17.0,80.0,0.9722105263157894,0.975625
32.0,0.7777778,17.0,128.0,0.9616842105263158,0.9568749999999999
32.0,0.7777778,20.0,2.0,0.9736842105263157,0.9793749999999999
32.0,0.7777778,20.0,3.0,0.9736842105263157,0.9793749999999999
32.0,0.7777778,20.0,5.0,0.9736842105263157,0.9793749999999999
32.0,0.7777778,20.0,8.0,0.9736842105263157,0.9793749999999999
32.0,0.7777778,20.0,12.0,0.9736842105263157,0.9793749999999999
32.0,0.7777778,20.0,20.0,0.9736842105263157,0.9793749999999999
32.0,0.7777778,20.0,32.0,0.9736842105263157,0.9793749999999999
32.0,0.7777778,20.0,50.0,0.9738947368421054,0.9793749999999999
32.0,0.7777778,20.0,80.0,0.9724210526315791,0.975
32.0,0.7777778,20.0,128.0,0.9616842105263158,0.9568749999999999
32.0,0.8888889,1.0,2.0,0.9987368421052631,0.993125
32.0,0.8888889,1.0,3.0,0.9989473684210527,0.993125
32.0,0.8888889,1.0,5.0,0.9978947368421052,0.99375
32.0,0.8888889,1.0,8.0,0.9968421052631579,0.99375
32.0,0.8888889,1.0,12.0,0.9960000000000001,0.994375
32.0,0.8888889,1.0,20.0,0.9951578947368421,0.9962500000000001
32.0,0.8888889,1.0,32.0,0.9896842105263157,0.991875
32.0,0.8888889,1.0,50.0,0.9810526315789474,0.98375
32.0,0.8888889,1.0,80.0,0.9728421052631578,0.9724999999999999
32.0,0.8888889,1.0,128.0,0.9618947368421052,0.9556250000000001
32.0,0.8888889,3.0,2.0,0.9955789473684211,0.993125
32.0,0.8888889,3.0,3.0,0.9955789473684211,0.993125
32.0,0.8888889,3.0,5.0,0.9955789473684211,0.993125
32.0,0.8888889,3.0,8.0,0.9962105263157894,0.99375
32.0,0.8888889,3.0,12.0,0.9945263157894736,0.993125
32.0,0.8888889,3.0,20.0,0.9932631578947368,0.9949999999999999
32.0,0.8888889,3.0,32.0,0.9888421052631579,0.991875
32.0,0.8888889,3.0,50.0,0.9812631578947368,0.98375
32.0,0.8888889,3.0,80.0,0.9728421052631578,0.9724999999999999
32.0,0.8888889,3.0,128.0,0.9618947368421052,0.9556250000000001
32.0,0.8888889,5.0,2.0,0.9903157894736843,0.9949999999999999
32.0,0.8888889,5.0,3.0,0.9903157894736843,0.9949999999999999
32.0,0.8888889,5.0,5.0,0.9903157894736843,0.9949999999999999
32.0,0.8888889,5.0,8.0,0.9903157894736843,0.9949999999999999
32.0,0.8888889,5.0,12.0,0.9901052631578947,0.9949999999999999
32.0,0.8888889,5.0,20.0,0.9890526315789474,0.994375
32.0,0.8888889,5.0,32.0,0.9856842105263158,0.99125
32.0,0.8888889,5.0,50.0,0.9812631578947368,0.98375
32.0,0.8888889,5.0,80.0,0.9728421052631578,0.9724999999999999
32.0,0.8888889,5.0,128.0,0.9618947368421052,0.9556250000000001
32.0,0.8888889,7.0,2.0,0.9863157894736843,0.9956250000000001
32.0,0.8888889,7.0,3.0,0.9863157894736843,0.9956250000000001
32.0,0.8888889,7.0,5.0,0.9863157894736843,0.9956250000000001
32.0,0.8888889,7.0,8.0,0.9863157894736843,0.9956250000000001
32.0,0.8888889,7.0,12.0,0.9863157894736843,0.9956250000000001
32.0,0.8888889,7.0,20.0,0.9863157894736843,0.994375
32.0,0.8888889,7.0,32.0,0.9863157894736843,0.9925
32.0,0.8888889,7.0,50.0,0.9814736842105264,0.98375
32.0,0.8888889,7.0,80.0,0.9728421052631578,0.9724999999999999
32.0,0.8888889,7.0,128.0,0.9618947368421052,0.9556250000000001
32.0,0.8888889,9.0,2.0,0.9861052631578946,0.99375
32.0,0.8888889,9.0,3.0,0.9861052631578946,0.99375
32.0,0.8888889,9.0,5.0,0.9861052631578946,0.99375
32.0,0.8888889,9.0,8.0,0.9861052631578946,0.99375
32.0,0.8888889,9.0,12.0,0.9861052631578946,0.99375
32.0,0.8888889,9.0,20.0,0.9861052631578946,0.99375
32.0,0.8888889,9.0,32.0,0.9854736842105263,0.99125
32.0,0.8888889,9.0,50.0,0.9812631578947368,0.983125
32.0,0.8888889,9.0,80.0,0.9728421052631578,0.9724999999999999
32.0,0.8888889,9.0,128.0,0.9618947368421052,0.9556250000000001
32.0,0.8888889,11.0,2.0,0.9858947368421053,0.991875
32.0,0.8888889,11.0,3.0,0.9858947368421053,0.991875
32.0,0.8888889,11.0,5.0,0.9858947368421053,0.991875
32.0,0.8888889,11.0,8.0,0.9858947368421053,0.991875
32.0,0.8888889,11.0,12.0,0.9858947368421053,0.991875
32.0,0.8888889,11.0,20.0,0.9858947368421053,0.991875
32.0,0.8888889,11.0,32.0,0.9846315789473685,0.9881249999999999
32.0,0.8888889,11.0,50.0,0.9791578947368421,0.984375
32.0,0.8888889,11.0,80.0,0.9726315789473684,0.9724999999999999
32.0,0.8888889,11.0,128.0,0.9614736842105263,0.9556250000000001
32.0,0.8888889,13.0,2.0,0.983157894736842,0.9881249999999999
32.0,0.8888889,13.0,3.0,0.983157894736842,0.9881249999999999
32.0,0.8888889,13.0,5.0,0.983157894736842,0.9881249999999999
32.0,0.8888889,13.0,8.0,0.983157894736842,0.9881249999999999
32.0,0.8888889,13.0,12.0,0.983157894736842,0.9881249999999999
32.0,0.8888889,13.0,20.0,0.983157894736842,0.9881249999999999
32.0,0.8888889,13.0,32.0,0.9823157894736841,0.9868750000000001
32.0,0.8888889,13.0,50.0,0.9778947368421053,0.98375
32.0,0.8888889,13.0,80.0,0.9715789473684211,0.9712500000000001
32.0,0.8888889,13.0,128.0,0.9618947368421052,0.9556250000000001
32.0,0.8888889,15.0,2.0,0.9804210526315789,0.983125
32.0,0.8888889,15.0,3.0,0.9804210526315789,0.983125
32.0,0.8888889,15.0,5.0,0.9804210526315789,0.983125
32.0,0.8888889,15.0,8.0,0.9804210526315789,0.983125
32.0,0.8888889,15.0,12.0,0.9804210526315789,0.983125
32.0,0.8888889,15.0,20.0,0.9804210526315789,0.983125
32.0,0.8888889,15.0,32.0,0.9802105263157894,0.983125
32.0,0.8888889,15.0,50.0,0.976842105263158,0.98375
32.0,0.8888889,15.0,80.0,0.9715789473684211,0.9712500000000001
32.0,0.8888889,15.0,128.0,0.9614736842105263,0.9556250000000001
32.0,0.8888889,17.0,2.0,0.9785263157894736,0.98375
32.0,0.8888889,17.0,3.0,0.9785263157894736,0.98375
32.0,0.8888889,17.0,5.0,0.9785263157894736,0.98375
32.0,0.8888889,17.0,8.0,0.9785263157894736,0.98375
32.0,0.8888889,17.0,12.0,0.9785263157894736,0.98375
32.0,0.8888889,17.0,20.0,0.9785263157894736,0.98375
32.0,0.8888889,17.0,32.0,0.9785263157894736,0.98375
32.0,0.8888889,17.0,50.0,0.9753684210526317,0.98125
32.0,0.8888889,17.0,80.0,0.9715789473684211,0.9712500000000001
32.0,0.8888889,17.0,128.0,0.9618947368421052,0.9568749999999999
32.0,0.8888889,20.0,2.0,0.9743157894736842,0.9806250000000001
32.0,0.8888889,20.0,3.0,0.9743157894736842,0.9806250000000001
32.0,0.8888889,20.0,5.0,0.9743157894736842,0.9806250000000001
32.0,0.8888889,20.0,8.0,0.9743157894736842,0.9806250000000001
32.0,0.8888889,20.0,12.0,0.9743157894736842,0.9806250000000001
32.0,0.8888889,20.0,20.0,0.9743157894736842,0.9806250000000001
32.0,0.8888889,20.0,32.0,0.9743157894736842,0.9806250000000001
32.0,0.8888889,20.0,50.0,0.9738947368421054,0.9799999999999999
32.0,0.8888889,20.0,80.0,0.9715789473684211,0.9712500000000001
32.0,0.8888889,20.0,128.0,0.9614736842105263,0.9556250000000001
32.0,1.0,1.0,2.0,0.9985263157894737,0.993125
32.0,1.0,1.0,3.0,0.9985263157894737,0.993125
32.0,1.0,1.0,5.0,0.9976842105263157,0.9925
32.0,1.0,1.0,8.0,0.9966315789473684,0.9925
32.0,1.0,1.0,12.0,0.9955789473684209,0.99375
32.0,1.0,1.0,20.0,0.9943157894736843,0.9949999999999999
32.0,1.0,1.0,32.0,0.9877894736842106,0.9881249999999999
32.0,1.0,1.0,50.0,0.9806315789473684,0.98375
32.0,1.0,1.0,80.0,0.9751578947368422,0.9724999999999999
32.0,1.0,1.0,128.0,0.9547368421052631,0.95
32.0,1.0,3.0,2.0,0.9949473684210526,0.99125
32.0,1.0,3.0,3.0,0.9949473684210526,0.99125
32.0,1.0,3.0,5.0,0.9949473684210526,0.99125
32.0,1.0,3.0,8.0,0.9943157894736843,0.99125
32.0,1.0,3.0,12.0,0.9938947368421053,0.991875
32.0,1.0,3.0,20.0,0.992842105263158,0.993125
32.0,1.0,3.0,32.0,0.9873684210526316,0.9881249999999999
32.0,1.0,3.0,50.0,0.9806315789473684,0.98375
32.0,1.0,3.0,80.0,0.9751578947368422,0.9724999999999999
32.0,1.0,3.0,128.0,0.9547368421052631,0.95
32.0,1.0,5.0,2.0,0.9890526315789474,0.991875
32.0,1.0,5.0,3.0,0.9890526315789474,0.991875
32.0,1.0,5.0,5.0,0.9890526315789474,0.991875
32.0,1.0,5.0,8.0,0.9890526315789474,0.991875
32.0,1.0,5.0,12.0,0.9884210526315789,0.991875
32.0,1.0,5.0,20.0,0.9877894736842106,0.991875
32.0,1.0,5.0,32.0,0.9850526315789473,0.9875
32.0,1.0,5.0,50.0,0.9806315789473684,0.98375
32.0,1.0,5.0,80.0,0.9751578947368422,0.9724999999999999
32.0,1.0,5.0,128.0,0.9547368421052631,0.95
32.0,1.0,7.0,2.0,0.9871578947368421,0.991875
32.0,1.0,7.0,3.0,0.9871578947368421,0.991875
32.0,1.0,7.0,5.0,0.9871578947368421,0.991875
32.0,1.0,7.0,8.0,0.9871578947368421,0.991875
32.0,1.0,7.0,12.0,0.9871578947368421,0.991875
32.0,1.0,7.0,20.0,0.9867368421052631,0.99375
32.0,1.0,7.0,32.0,0.9850526315789473,0.99
32.0,1.0,7.0,50.0,0.9806315789473684,0.98375
32.0,1.0,7.0,80.0,0.9751578947368422,0.9724999999999999
32.0,1.0,7.0,128.0,0.9543157894736842,0.95
32.0,1.0,9.0,2.0,0.9858947368421053,0.991875
32.0,1.0,9.0,3.0,0.9858947368421053,0.991875
32.0,1.0,9.0,5.0,0.9858947368421053,0.991875
32.0,1.0,9.0,8.0,0.9858947368421053,0.991875
32.0,1.0,9.0,12.0,0.9858947368421053,0.991875
32.0,1.0,9.0,20.0,0.9858947368421053,0.991875
32.0,1.0,9.0,32.0,0.984421052631579,0.99125
32.0,1.0,9.0,50.0,0.9808421052631578,0.98375
32.0,1.0,9.0,80.0,0.9751578947368422,0.9724999999999999
32.0,1.0,9.0,128.0,0.9543157894736842,0.95
32.0,1.0,11.0,2.0,0.9852631578947368,0.991875
32.0,1.0,11.0,3.0,0.9852631578947368,0.991875
32.0,1.0,11.0,5.0,0.9852631578947368,0.991875
32.0,1.0,11.0,8.0,0.9852631578947368,0.991875
32.0,1.0,11.0,12.0,0.9852631578947368,0.991875
32.0,1.0,11.0,20.0,0.9852631578947368,0.991875
32.0,1.0,11.0,32.0,0.9837894736842105,0.9887499999999999
32.0,1.0,11.0,50.0,0.9795789473684211,0.98375
32.0,1.0,11.0,80.0,0.9751578947368422,0.9724999999999999
32.0,1.0,11.0,128.0,0.9543157894736842,0.95
32.0,1.0,13.0,2.0,0.983157894736842,0.9868750000000001
32.0,1.0,13.0,3.0,0.983157894736842,0.9868750000000001
32.0,1.0,13.0,5.0,0.983157894736842,0.9868750000000001
32.0,1.0,13.0,8.0,0.983157894736842,0.9868750000000001
32.0,1.0,13.0,12.0,0.983157894736842,0.9868750000000001
32.0,1.0,13.0,20.0,0.983157894736842,0.9868750000000001
32.0,1.0,13.0,32.0,0.9816842105263157,0.984375
32.0,1.0,13.0,50.0,0.9781052631578948,0.9818749999999999
32.0,1.0,13.0,80.0,0.9743157894736842,0.9724999999999999
32.0,1.0,13.0,128.0,0.9534736842105263,0.95
32.0,1.0,15.0,2.0,0.9800000000000001,0.984375
32.0,1.0,15.0,3.0,0.9800000000000001,0.984375
32.0,1.0,15.0,5.0,0.9800000000000001,0.984375
32.0,1.0,15.0,8.0,0.9800000000000001,0.984375
32.0,1.0,15.0,12.0,0.9800000000000001,0.984375
32.0,1.0,15.0,20.0,0.9800000000000001,0.984375
32.0,1.0,15.0,32.0,0.9802105263157894,0.984375
32.0,1.0,15.0,50.0,0.976842105263158,0.9818749999999999
32.0,1.0,15.0,80.0,0.9734736842105264,0.9724999999999999
32.0,1.0,15.0,128.0,0.9526315789473685,0.95
32.0,1.0,17.0,2.0,0.9781052631578948,0.9818749999999999
32.0,1.0,17.0,3.0,0.9781052631578948,0.9818749999999999
32.0,1.0,17.0,5.0,0.9781052631578948,0.9818749999999999
32.0,1.0,17.0,8.0,0.9781052631578948,0.9818749999999999
32.0,1.0,17.0,12.0,0.9781052631578948,0.9818749999999999
32.0,1.0,17.0,20.0,0.9781052631578948,0.9818749999999999
32.0,1.0,17.0,32.0,0.9781052631578948,0.9818749999999999
32.0,1.0,17.0,50.0,0.975578947368421,0.97875
32.0,1.0,17.0,80.0,0.9720000000000001,0.96875
32.0,1.0,17.0,128.0,0.951157894736842,0.94625
32.0,1.0,20.0,2.0,0.9736842105263157,0.978125
32.0,1.0,20.0,3.0,0.9736842105263157,0.978125
32.0,1.0,20.0,5.0,0.9736842105263157,0.978125
32.0,1.0,20.0,8.0,0.9736842105263157,0.978125
32.0,1.0,20.0,12.0,0.9736842105263157,0.978125
32.0,1.0,20.0,20.0,0.9736842105263157,0.978125
32.0,1.0,20.0,32.0,0.9736842105263157,0.978125
32.0,1.0,20.0,50.0,0.9734736842105264,0.9775
32.0,1.0,20.0,80.0,0.9711578947368421,0.96875
32.0,1.0,20.0,128.0,0.9503157894736842,0.94625
50.0,0.0,1.0,2.0,0.9917894736842106,0.9731249999999999
50.0,0.0,1.0,3.0,0.992421052631579,0.9706250000000001
50.0,0.0,1.0,5.0,0.991157894736842,0.97
50.0,0.0,1.0,8.0,0.9879999999999999,0.9668749999999999
50.0,0.0,1.0,12.0,0.9829473684210527,0.96125
50.0,0.0,1.0,20.0,0.9772631578947368,0.9550000000000001
50.0,0.0,1.0,32.0,0.964842105263158,0.9418749999999999
50.0,0.0,1.0,50.0,0.9551578947368421,0.938125
50.0,0.0,1.0,80.0,0.9414736842105264,0.923125
50.0,0.0,1.0,128.0,0.9273684210526316,0.914375
50.0,0.0,3.0,2.0,0.9757894736842105,0.9481249999999999
50.0,0.0,3.0,3.0,0.9757894736842105,0.9481249999999999
50.0,0.0,3.0,5.0,0.9757894736842105,0.9481249999999999
50.0,0.0,3.0,8.0,0.9726315789473684,0.9481249999999999
50.0,0.0,3.0,12.0,0.968,0.94625
50.0,0.0,3.0,20.0,0.9633684210526315,0.9450000000000001
50.0,0.0,3.0,32.0,0.9551578947368421,0.9356249999999999
50.0,0.0,3.0,50.0,0.9454736842105262,0.92875
50.0,0.0,3.0,80.0,0.9311578947368421,0.9175000000000001
50.0,0.0,3.0,128.0,0.9204210526315789,0.906875
50.0,0.0,5.0,2.0,0.9564210526315791,0.9337500000000001
50.0,0.0,5.0,3.0,0.9564210526315791,0.9337500000000001
50.0,0.0,5.0,5.0,0.9564210526315791,0.9337500000000001
50.0,0.0,5.0,8.0,0.9564210526315791,0.9337500000000001
50.0,0.0,5.0,12.0,0.952421052631579,0.934375
50.0,0.0,5.0,20.0,0.9513684210526316,0.9337500000000001
50.0,0.0,5.0,32.0,0.9465263157894738,0.92875
50.0,0.0,5.0,50.0,0.9364210526315789,0.921875
50.0,0.0,5.0,80.0,0.9271578947368422,0.9168749999999999
50.0,0.0,5.0,128.0,0.9178947368421053,0.9018750000000001
50.0,0.0,7.0,2.0,0.9402105263157894,0.925
50.0,0.0,7.0,3.0,0.9402105263157894,0.925
50.0,0.0,7.0,5.0,0.9402105263157894,0.925
50.0,0.0,7.0,8.0,0.9402105263157894,0.925
50.0,0.0,7.0,12.0,0.9402105263157894,0.925
50.0,0.0,7.0,20.0,0.9416842105263157,0.9237500000000001
50.0,0.0,7.0,32.0,0.9357894736842105,0.9237500000000001
50.0,0.0,7.0,50.0,0.9290526315789475,0.9168749999999999
50.0,0.0,7.0,80.0,0.9210526315789472,0.9081250000000001
50.0,0.0,7.0,128.0,0.9130526315789474,0.898125
50.0,0.0,9.0,2.0,0.9277894736842105,0.9168749999999999
50.0,0.0,9.0,3.0,0.9277894736842105,0.9168749999999999
50.0,0.0,9.0,5.0,0.9277894736842105,0.9168749999999999
50.0,0.0,9.0,8.0,0.9277894736842105,0.9168749999999999
50.0,0.0,9.0,12.0,0.9277894736842105,0.9168749999999999
50.0,0.0,9.0,20.0,0.9286315789473685,0.91875
50.0,0.0,9.0,32.0,0.9292631578947368,0.9181250000000001
50.0,0.0,9.0,50.0,0.9237894736842105,0.9099999999999999
50.0,0.0,9.0,80.0,0.9157894736842105,0.9012499999999999
50.0,0.0,9.0,128.0,0.9069473684210527,0.8887499999999999
50.0,0.0,11.0,2.0,0.9206315789473685,0.91375
50.0,0.0,11.0,3.0,0.9206315789473685,0.91375
50.0,0.0,11.0,5.0,0.9206315789473685,0.91375
50.0,0.0,11.0,8.0,0.9206315789473685,0.91375
50.0,0.0,11.0,12.0,0.9206315789473685,0.91375
50.0,0.0,11.0,20.0,0.9206315789473685,0.91375
50.0,0.0,11.0,32.0,0.9204210526315789,0.9125
50.0,0.0,11.0,50.0,0.9166315789473684,0.9012499999999999
50.0,0.0,11.0,80.0,0.9111578947368422,0.8975
50.0,0.0,11.0,128.0,0.899578947368421,0.884375
50.0,0.0,13.0,2.0,0.9136842105263158,0.9012499999999999
50.0,0.0,13.0,3.0,0.9136842105263158,0.9012499999999999
50.0,0.0,13.0,5.0,0.9136842105263158,0.9012499999999999
50.0,0.0,13.0,8.0,0.9136842105263158,0.9012499999999999
50.0,0.0,13.0,12.0,0.9136842105263158,0.9012499999999999
50.0,0.0,13.0,20.0,0.9136842105263158,0.9012499999999999
50.0,0.0,13.0,32.0,0.9134736842105264,0.9012499999999999
50.0,0.0,13.0,50.0,0.9122105263157895,0.898125
50.0,0.0,13.0,80.0,0.9054736842105264,0.891875
50.0,0.0,13.0,128.0,0.8945263157894736,0.88375
50.0,0.0,15.0,2.0,0.908421052631579,0.89375
50.0,0.0,15.0,3.0,0.908421052631579,0.89375
50.0,0.0,15.0,5.0,0.908421052631579,0.89375
50.0,0.0,15.0,8.0,0.908421052631579,0.89375
50.0,0.0,15.0,12.0,0.908421052631579,0.89375
50.0,0.0,15.0,20.0,0.908421052631579,0.89375
50.0,0.0,15.0,32.0,0.9094736842105263,0.89625
50.0,0.0,15.0,50.0,0.9012631578947369,0.890625
50.0,0.0,15.0,80.0,0.9025263157894736,0.89
50.0,0.0,15.0,128.0,0.8892631578947368,0.8768750000000001
50.0,0.0,17.0,2.0,0.9044210526315789,0.890625
50.0,0.0,17.0,3.0,0.9044210526315789,0.890625
50.0,0.0,17.0,5.0,0.9044210526315789,0.890625
50.0,0.0,17.0,8.0,0.9044210526315789,0.890625
50.0,0.0,17.0,12.0,0.9044210526315789,0.890625
50.0,0.0,17.0,20.0,0.9044210526315789,0.890625
50.0,0.0,17.0,32.0,0.9044210526315789,0.890625
50.0,0.0,17.0,50.0,0.899157894736842,0.88125
50.0,0.0,17.0,80.0,0.8960000000000001,0.88375
50.0,0.0,17.0,128.0,0.8854736842105263,0.874375
50.0,0.0,20.0,2.0,0.8930526315789473,0.88125
50.0,0.0,20.0,3.0,0.8930526315789473,0.88125
50.0,0.0,20.0,5.0,0.8930526315789473,0.88125
50.0,0.0,20.0,8.0,0.8930526315789473,0.88125
50.0,0.0,20.0,12.0,0.8930526315789473,0.88125
50.0,0.0,20.0,20.0,0.8930526315789473,0.88125
50.0,0.0,20.0,32.0,0.8930526315789473,0.88125
50.0,0.0,20.0,50.0,0.8905263157894737,0.8775000000000001
50.0,0.0,20.0,80.0,0.8909473684210527,0.881875
50.0,0.0,20.0,128.0,0.8829473684210527,0.869375
50.0,0.11111111,1.0,2.0,0.9949473684210526,0.9806250000000001
50.0,0.11111111,1.0,3.0,0.9941052631578948,0.978125
50.0,0.11111111,1.0,5.0,0.9947368421052631,0.97625
50.0,0.11111111,1.0,8.0,0.991157894736842,0.97625
50.0,0.11111111,1.0,12.0,0.9865263157894738,0.96875
50.0,0.11111111,1.0,20.0,0.9804210526315791,0.9675
50.0,0.11111111,1.0,32.0,0.9703157894736842,0.9525
50.0,0.11111111,1.0,50.0,0.9629473684210528,0.9506249999999999
50.0,0.11111111,1.0,80.0,0.9566315789473684,0.9393750000000001
50.0,0.11111111,1.0,128.0,0.9496842105263157,0.93625
50.0,0.11111111,3.0,2.0,0.9800000000000001,0.96
50.0,0.11111111,3.0,3.0,0.9800000000000001,0.96
50.0,0.11111111,3.0,5.0,0.9800000000000001,0.96
50.0,0.11111111,3.0,8.0,0.9791578947368421,0.96
50.0,0.11111111,3.0,12.0,0.976421052631579,0.95875
50.0,0.11111111,3.0,20.0,0.9705263157894738,0.9512499999999999
50.0,0.11111111,3.0,32.0,0.9629473684210528,0.9475
50.0,0.11111111,3.0,50.0,0.9608421052631579,0.945625
50.0,0.11111111,3.0,80.0,0.9547368421052631,0.93875
50.0,0.11111111,3.0,128.0,0.9488421052631579,0.9356249999999999
50.0,0.11111111,5.0,2.0,0.9661052631578947,0.9493750000000001
50.0,0.11111111,5.0,3.0,0.9661052631578947,0.9493750000000001
50.0,0.11111111,5.0,5.0,0.9661052631578947,0.9493750000000001
50.0,0.11111111,5.0,8.0,0.9661052631578947,0.9493750000000001
50.0,0.11111111,5.0,12.0,0.967157894736842,0.953125
50.0,0.11111111,5.0,20.0,0.9652631578947368,0.9475
50.0,0.11111111,5.0,32.0,0.9602105263157895,0.9412499999999999
50.0,0.11111111,5.0,50.0,0.9583157894736842,0.944375
50.0,0.11111111,5.0,80.0,0.9532631578947368,0.93625
50.0,0.11111111,5.0,128.0,0.9482105263157894,0.9331250000000001
50.0,0.11111111,7.0,2.0,0.9602105263157895,0.944375
50.0,0.11111111,7.0,3.0,0.9602105263157895,0.944375
50.0,0.11111111,7.0,5.0,0.9602105263157895,0.944375
50.0,0.11111111,7.0,8.0,0.9602105263157895,0.944375
50.0,0.11111111,7.0,12.0,0.9602105263157895,0.944375
50.0,0.11111111,7.0,20.0,0.9578947368421054,0.9412499999999999
50.0,0.11111111,7.0,32.0,0.9566315789473684,0.9393750000000001
50.0,0.11111111,7.0,50.0,0.9551578947368421,0.9412499999999999
50.0,0.11111111,7.0,80.0,0.9522105263157895,0.93625
50.0,0.11111111,7.0,128.0,0.9458947368421052,0.931875
50.0,0.11111111,9.0,2.0,0.9543157894736842,0.9393750000000001
50.0,0.11111111,9.0,3.0,0.9543157894736842,0.9393750000000001
50.0,0.11111111,9.0,5.0,0.9543157894736842,0.9393750000000001
50.0,0.11111111,9.0,8.0,0.9543157894736842,0.9393750000000001
50.0,0.11111111,9.0,12.0,0.9543157894736842,0.9393750000000001
50.0,0.11111111,9.0,20.0,0.9555789473684211,0.9400000000000001
50.0,0.11111111,9.0,32.0,0.9541052631578948,0.9393750000000001
50.0,0.11111111,9.0,50.0,0.9536842105263158,0.9393750000000001
50.0,0.11111111,9.0,80.0,0.9488421052631579,0.9349999999999999
50.0,0.11111111,9.0,128.0,0.9429473684210526,0.930625
50.0,0.11111111,11.0,2.0,0.952,0.93875
50.0,0.11111111,11.0,3.0,0.952,0.93875
50.0,0.11111111,11.0,5.0,0.952,0.93875
50.0,0.11111111,11.0,8.0,0.952,0.93875
50.0,0.11111111,11.0,12.0,0.952,0.93875
50.0,0.11111111,11.0,20.0,0.952,0.93875
50.0,0.11111111,11.0,32.0,0.952,0.940625
50.0,0.11111111,11.0,50.0,0.9509473684210527,0.93875
50.0,0.11111111,11.0,80.0,0.9450526315789475,0.9324999999999999
50.0,0.11111111,11.0,128.0,0.9421052631578947,0.930625
50.0,0.11111111,13.0,2.0,0.9507368421052632,0.93625
50.0,0.11111111,13.0,3.0,0.9507368421052632,0.93625
50.0,0.11111111,13.0,5.0,0.9507368421052632,0.93625
50.0,0.11111111,13.0,8.0,0.9507368421052632,0.93625
50.0,0.11111111,13.0,12.0,0.9507368421052632,0.93625
50.0,0.11111111,13.0,20.0,0.9507368421052632,0.93625
50.0,0.11111111,13.0,32.0,0.9494736842105264,0.938125
50.0,0.11111111,13.0,50.0,0.9490526315789474,0.9337500000000001
50.0,0.11111111,13.0,80.0,0.9433684210526316,0.9324999999999999
50.0,0.11111111,13.0,128.0,0.9410526315789474,0.929375
50.0,0.11111111,15.0,2.0,0.9461052631578948,0.9331250000000001
50.0,0.11111111,15.0,3.0,0.9461052631578948,0.9331250000000001
50.0,0.11111111,15.0,5.0,0.9461052631578948,0.9331250000000001
50.0,0.11111111,15.0,8.0,0.9461052631578948,0.9331250000000001
50.0,0.11111111,15.0,12.0,0.9461052631578948,0.9331250000000001
50.0,0.11111111,15.0,20.0,0.9461052631578948,0.9331250000000001
50.0,0.11111111,15.0,32.0,0.9477894736842105,0.93625
50.0,0.11111111,15.0,50.0,0.9473684210526315,0.9337500000000001
50.0,0.11111111,15.0,80.0,0.9437894736842105,0.9324999999999999
50.0,0.11111111,15.0,128.0,0.9406315789473684,0.929375
50.0,0.11111111,17.0,2.0,0.9461052631578948,0.9337500000000001
50.0,0.11111111,17.0,3.0,0.9461052631578948,0.9337500000000001
50.0,0.11111111,17.0,5.0,0.9461052631578948,0.9337500000000001
50.0,0.11111111,17.0,8.0,0.9461052631578948,0.9337500000000001
50.0,0.11111111,17.0,12.0,0.9461052631578948,0.9337500000000001
50.0,0.11111111,17.0,20.0,0.9461052631578948,0.9337500000000001
50.0,0.11111111,17.0,32.0,0.9461052631578948,0.9337500000000001
50.0,0.11111111,17.0,50.0,0.9444210526315789,0.93125
50.0,0.11111111,17.0,80.0,0.9414736842105264,0.93125
50.0,0.11111111,17.0,128.0,0.9381052631578948,0.929375
50.0,0.11111111,20.0,2.0,0.9418947368421053,0.931875
50.0,0.11111111,20.0,3.0,0.9418947368421053,0.931875
50.0,0.11111111,20.0,5.0,0.9418947368421053,0.931875
50.0,0.11111111,20.0,8.0,0.9418947368421053,0.931875
50.0,0.11111111,20.0,12.0,0.9418947368421053,0.931875
50.0,0.11111111,20.0,20.0,0.9418947368421053,0.931875
50.0,0.11111111,20.0,32.0,0.9418947368421053,0.931875
50.0,0.11111111,20.0,50.0,0.9410526315789474,0.929375
50.0,0.11111111,20.0,80.0,0.9400000000000001,0.929375
50.0,0.11111111,20.0,128.0,0.9376842105263158,0.9275
50.0,0.22222222,1.0,2.0,0.9960000000000001,0.98125
50.0,0.22222222,1.0,3.0,0.9953684210526316,0.983125
50.0,0.22222222,1.0,5.0,0.9941052631578948,0.9800000000000001
50.0,0.22222222,1.0,8.0,0.992421052631579,0.97875
50.0,0.22222222,1.0,12.0,0.9896842105263157,0.974375
50.0,0.22222222,1.0,20.0,0.984421052631579,0.97
50.0,0.22222222,1.0,32.0,0.9774736842105263,0.96
50.0,0.22222222,1.0,50.0,0.9696842105263158,0.954375
50.0,0.22222222,1.0,80.0,0.9610526315789475,0.94625
50.0,0.22222222,1.0,128.0,0.9593684210526316,0.9425000000000001
50.0,0.22222222,3.0,2.0,0.9858947368421053,0.96875
50.0,0.22222222,3.0,3.0,0.9858947368421053,0.96875
50.0,0.22222222,3.0,5.0,0.9858947368421053,0.96875
50.0,0.22222222,3.0,8.0,0.9852631578947368,0.969375
50.0,0.22222222,3.0,12.0,0.9829473684210527,0.968125
50.0,0.22222222,3.0,20.0,0.9785263157894736,0.961875
50.0,0.22222222,3.0,32.0,0.9730526315789474,0.9556250000000001
50.0,0.22222222,3.0,50.0,0.9663157894736841,0.9525
50.0,0.22222222,3.0,80.0,0.9608421052631579,0.946875
50.0,0.22222222,3.0,128.0,0.9576842105263157,0.9418749999999999
50.0,0.22222222,5.0,2.0,0.976421052631579,0.95875
50.0,0.22222222,5.0,3.0,0.976421052631579,0.95875
50.0,0.22222222,5.0,5.0,0.976421052631579,0.95875
50.0,0.22222222,5.0,8.0,0.976421052631579,0.95875
50.0,0.22222222,5.0,12.0,0.975578947368421,0.9574999999999999
50.0,0.22222222,5.0,20.0,0.9713684210526315,0.9574999999999999
50.0,0.22222222,5.0,32.0,0.968,0.953125
50.0,0.22222222,5.0,50.0,0.9637894736842105,0.9512499999999999
50.0,0.22222222,5.0,80.0,0.9608421052631579,0.945625
50.0,0.22222222,5.0,128.0,0.9581052631578947,0.940625
50.0,0.22222222,7.0,2.0,0.967578947368421,0.9525
50.0,0.22222222,7.0,3.0,0.967578947368421,0.9525
50.0,0.22222222,7.0,5.0,0.967578947368421,0.9525
50.0,0.22222222,7.0,8.0,0.967578947368421,0.9525
50.0,0.22222222,7.0,12.0,0.967578947368421,0.9525
50.0,0.22222222,7.0,20.0,0.9677894736842105,0.951875
50.0,0.22222222,7.0,32.0,0.9646315789473684,0.951875
50.0,0.22222222,7.0,50.0,0.9623157894736842,0.9481249999999999
50.0,0.22222222,7.0,80.0,0.9597894736842105,0.94625
50.0,0.22222222,7.0,128.0,0.9570526315789474,0.940625
50.0,0.22222222,9.0,2.0,0.9661052631578947,0.9525
50.0,0.22222222,9.0,3.0,0.9661052631578947,0.9525
50.0,0.22222222,9.0,5.0,0.9661052631578947,0.9525
50.0,0.22222222,9.0,8.0,0.9661052631578947,0.9525
50.0,0.22222222,9.0,12.0,0.9661052631578947,0.9525
50.0,0.22222222,9.0,20.0,0.9644210526315788,0.9525
50.0,0.22222222,9.0,32.0,0.9627368421052631,0.95
50.0,0.22222222,9.0,50.0,0.9597894736842105,0.9475
50.0,0.22222222,9.0,80.0,0.959157894736842,0.943125
50.0,0.22222222,9.0,128.0,0.9557894736842105,0.940625
50.0,0.22222222,11.0,2.0,0.9621052631578948,0.9493750000000001
50.0,0.22222222,11.0,3.0,0.9621052631578948,0.9493750000000001
50.0,0.22222222,11.0,5.0,0.9621052631578948,0.9493750000000001
50.0,0.22222222,11.0,8.0,0.9621052631578948,0.9493750000000001
50.0,0.22222222,11.0,12.0,0.9621052631578948,0.9493750000000001
50.0,0.22222222,11.0,20.0,0.9621052631578948,0.9493750000000001
50.0,0.22222222,11.0,32.0,0.9616842105263158,0.945625
50.0,0.22222222,11.0,50.0,0.9597894736842105,0.945
50.0,0.22222222,11.0,80.0,0.9574736842105264,0.94375
50.0,0.22222222,11.0,128.0,0.9549473684210525,0.93875
50.0,0.22222222,13.0,2.0,0.9585263157894737,0.945
50.0,0.22222222,13.0,3.0,0.9585263157894737,0.945
50.0,0.22222222,13.0,5.0,0.9585263157894737,0.945
50.0,0.22222222,13.0,8.0,0.9585263157894737,0.945
50.0,0.22222222,13.0,12.0,0.9585263157894737,0.945
50.0,0.22222222,13.0,20.0,0.9585263157894737,0.945
50.0,0.22222222,13.0,32.0,0.9583157894736842,0.945625
50.0,0.22222222,13.0,50.0,0.9583157894736842,0.945
50.0,0.22222222,13.0,80.0,0.9562105263157894,0.9425000000000001
50.0,0.22222222,13.0,128.0,0.9534736842105263,0.9400000000000001
50.0,0.22222222,15.0,2.0,0.9578947368421054,0.94625
50.0,0.22222222,15.0,3.0,0.9578947368421054,0.94625
50.0,0.22222222,15.0,5.0,0.9578947368421054,0.94625
50.0,0.22222222,15.0,8.0,0.9578947368421054,0.94625
50.0,0.22222222,15.0,12.0,0.9578947368421054,0.94625
50.0,0.22222222,15.0,20.0,0.9578947368421054,0.94625
50.0,0.22222222,15.0,32.0,0.9574736842105264,0.94375
50.0,0.22222222,15.0,50.0,0.9581052631578947,0.945
50.0,0.22222222,15.0,80.0,0.9557894736842105,0.94375
50.0,0.22222222,15.0,128.0,0.9536842105263158,0.9400000000000001
50.0,0.22222222,17.0,2.0,0.9570526315789474,0.9418749999999999
50.0,0.22222222,17.0,3.0,0.9570526315789474,0.9418749999999999
50.0,0.22222222,17.0,5.0,0.9570526315789474,0.9418749999999999
50.0,0.22222222,17.0,8.0,0.9570526315789474,0.9418749999999999
50.0,0.22222222,17.0,12.0,0.9570526315789474,0.9418749999999999
50.0,0.22222222,17.0,20.0,0.9570526315789474,0.9418749999999999
50.0,0.22222222,17.0,32.0,0.9570526315789474,0.9418749999999999
50.0,0.22222222,17.0,50.0,0.9564210526315791,0.94375
50.0,0.22222222,17.0,80.0,0.9549473684210525,0.9418749999999999
50.0,0.22222222,17.0,128.0,0.952421052631579,0.9393750000000001
50.0,0.22222222,20.0,2.0,0.9568421052631578,0.945
50.0,0.22222222,20.0,3.0,0.9568421052631578,0.945
50.0,0.22222222,20.0,5.0,0.9568421052631578,0.945
50.0,0.22222222,20.0,8.0,0.9568421052631578,0.945
50.0,0.22222222,20.0,12.0,0.9568421052631578,0.945
50.0,0.22222222,20.0,20.0,0.9568421052631578,0.945
50.0,0.22222222,20.0,32.0,0.9568421052631578,0.945
50.0,0.22222222,20.0,50.0,0.9574736842105264,0.94375
50.0,0.22222222,20.0,80.0,0.9541052631578948,0.9425000000000001
50.0,0.22222222,20.0,128.0,0.9530526315789473,0.9393750000000001
50.0,0.33333334,1.0,2.0,0.9960000000000001,0.9818749999999999
50.0,0.33333334,1.0,3.0,0.9962105263157894,0.984375
50.0,0.33333334,1.0,5.0,0.9945263157894736,0.984375
50.0,0.33333334,1.0,8.0,0.9936842105263157,0.9818749999999999
50.0,0.33333334,1.0,12.0,0.9894736842105264,0.9800000000000001
50.0,0.33333334,1.0,20.0,0.9858947368421053,0.975
50.0,0.33333334,1.0,32.0,0.9787368421052631,0.9668749999999999
50.0,0.33333334,1.0,50.0,0.9732631578947368,0.95625
50.0,0.33333334,1.0,80.0,0.9665263157894737,0.9512499999999999
50.0,0.33333334,1.0,128.0,0.9602105263157895,0.9425000000000001
50.0,0.33333334,3.0,2.0,0.9882105263157894,0.974375
50.0,0.33333334,3.0,3.0,0.9882105263157894,0.974375
50.0,0.33333334,3.0,5.0,0.9882105263157894,0.974375
50.0,0.33333334,3.0,8.0,0.9871578947368421,0.97625
50.0,0.33333334,3.0,12.0,0.9852631578947368,0.975
50.0,0.33333334,3.0,20.0,0.9804210526315791,0.9706250000000001
50.0,0.33333334,3.0,32.0,0.9766315789473683,0.9625
50.0,0.33333334,3.0,50.0,0.9707368421052631,0.9556250000000001
50.0,0.33333334,3.0,80.0,0.9654736842105264,0.9487500000000001
50.0,0.33333334,3.0,128.0,0.9593684210526316,0.9418749999999999
50.0,0.33333334,5.0,2.0,0.9804210526315789,0.968125
50.0,0.33333334,5.0,3.0,0.9804210526315789,0.968125
50.0,0.33333334,5.0,5.0,0.9804210526315789,0.968125
50.0,0.33333334,5.0,8.0,0.9804210526315789,0.968125
50.0,0.33333334,5.0,12.0,0.9789473684210526,0.9675
50.0,0.33333334,5.0,20.0,0.9772631578947368,0.9662499999999999
50.0,0.33333334,5.0,32.0,0.9736842105263157,0.9568749999999999
50.0,0.33333334,5.0,50.0,0.9682105263157894,0.954375
50.0,0.33333334,5.0,80.0,0.9640000000000001,0.946875
50.0,0.33333334,5.0,128.0,0.9587368421052631,0.9418749999999999
50.0,0.33333334,7.0,2.0,0.9762105263157895,0.963125
50.0,0.33333334,7.0,3.0,0.9762105263157895,0.963125
50.0,0.33333334,7.0,5.0,0.9762105263157895,0.963125
50.0,0.33333334,7.0,8.0,0.9762105263157895,0.963125
50.0,0.33333334,7.0,12.0,0.9762105263157895,0.963125
50.0,0.33333334,7.0,20.0,0.9743157894736842,0.96125
50.0,0.33333334,7.0,32.0,0.9720000000000001,0.9556250000000001
50.0,0.33333334,7.0,50.0,0.9658947368421054,0.951875
50.0,0.33333334,7.0,80.0,0.9629473684210528,0.9475
50.0,0.33333334,7.0,128.0,0.9585263157894737,0.9412499999999999
50.0,0.33333334,9.0,2.0,0.9698947368421053,0.9581250000000001
50.0,0.33333334,9.0,3.0,0.9698947368421053,0.9581250000000001
50.0,0.33333334,9.0,5.0,0.9698947368421053,0.9581250000000001
50.0,0.33333334,9.0,8.0,0.9698947368421053,0.9581250000000001
50.0,0.33333334,9.0,12.0,0.9698947368421053,0.9581250000000001
50.0,0.33333334,9.0,20.0,0.9701052631578946,0.9574999999999999
50.0,0.33333334,9.0,32.0,0.9686315789473685,0.95375
50.0,0.33333334,9.0,50.0,0.9658947368421054,0.951875
50.0,0.33333334,9.0,80.0,0.9616842105263158,0.945625
50.0,0.33333334,9.0,128.0,0.9585263157894737,0.9418749999999999
50.0,0.33333334,11.0,2.0,0.967578947368421,0.95375
50.0,0.33333334,11.0,3.0,0.967578947368421,0.95375
50.0,0.33333334,11.0,5.0,0.967578947368421,0.95375
50.0,0.33333334,11.0,8.0,0.967578947368421,0.95375
50.0,0.33333334,11.0,12.0,0.967578947368421,0.95375
50.0,0.33333334,11.0,20.0,0.967578947368421,0.95375
50.0,0.33333334,11.0,32.0,0.9669473684210527,0.9525
50.0,0.33333334,11.0,50.0,0.9642105263157894,0.951875
50.0,0.33333334,11.0,80.0,0.9608421052631579,0.945
50.0,0.33333334,11.0,128.0,0.9581052631578947,0.9412499999999999
50.0,0.33333334,13.0,2.0,0.9633684210526315,0.9493750000000001
50.0,0.33333334,13.0,3.0,0.9633684210526315,0.9493750000000001
50.0,0.33333334,13.0,5.0,0.9633684210526315,0.9493750000000001
50.0,0.33333334,13.0,8.0,0.9633684210526315,0.9493750000000001
50.0,0.33333334,13.0,12.0,0.9633684210526315,0.9493750000000001
50.0,0.33333334,13.0,20.0,0.9633684210526315,0.9493750000000001
50.0,0.33333334,13.0,32.0,0.9658947368421054,0.9506249999999999
50.0,0.33333334,13.0,50.0,0.9629473684210528,0.9506249999999999
50.0,0.33333334,13.0,80.0,0.96,0.94375
50.0,0.33333334,13.0,128.0,0.9576842105263157,0.9412499999999999
50.0,0.33333334,15.0,2.0,0.9618947368421052,0.9493750000000001
50.0,0.33333334,15.0,3.0,0.9618947368421052,0.9493750000000001
50.0,0.33333334,15.0,5.0,0.9618947368421052,0.9493750000000001
50.0,0.33333334,15.0,8.0,0.9618947368421052,0.9493750000000001
50.0,0.33333334,15.0,12.0,0.9618947368421052,0.9493750000000001
50.0,0.33333334,15.0,20.0,0.9618947368421052,0.9493750000000001
50.0,0.33333334,15.0,32.0,0.9642105263157894,0.9506249999999999
50.0,0.33333334,15.0,50.0,0.959578947368421,0.9481249999999999
50.0,0.33333334,15.0,80.0,0.9585263157894737,0.945625
50.0,0.33333334,15.0,128.0,0.9568421052631578,0.940625
50.0,0.33333334,17.0,2.0,0.9591578947368422,0.9475
50.0,0.33333334,17.0,3.0,0.9591578947368422,0.9475
50.0,0.33333334,17.0,5.0,0.9591578947368422,0.9475
50.0,0.33333334,17.0,8.0,0.9591578947368422,0.9475
50.0,0.33333334,17.0,12.0,0.9591578947368422,0.9475
50.0,0.33333334,17.0,20.0,0.9591578947368422,0.9475
50.0,0.33333334,17.0,32.0,0.9591578947368422,0.9475
50.0,0.33333334,17.0,50.0,0.9597894736842105,0.94625
50.0,0.33333334,17.0,80.0,0.9583157894736842,0.945625
50.0,0.33333334,17.0,128.0,0.9560000000000001,0.940625
50.0,0.33333334,20.0,2.0,0.9570526315789474,0.94625
50.0,0.33333334,20.0,3.0,0.9570526315789474,0.94625
50.0,0.33333334,20.0,5.0,0.9570526315789474,0.94625
50.0,0.33333334,20.0,8.0,0.9570526315789474,0.94625
50.0,0.33333334,20.0,12.0,0.9570526315789474,0.94625
50.0,0.33333334,20.0,20.0,0.9570526315789474,0.94625
50.0,0.33333334,20.0,32.0,0.9570526315789474,0.94625
50.0,0.33333334,20.0,50.0,0.9570526315789474,0.9475
50.0,0.33333334,20.0,80.0,0.9564210526315791,0.945625
50.0,0.33333334,20.0,128.0,0.9547368421052631,0.9425000000000001
50.0,0.44444445,1.0,2.0,0.9976842105263157,0.9868750000000001
50.0,0.44444445,1.0,3.0,0.9970526315789474,0.9881249999999999
50.0,0.44444445,1.0,5.0,0.9957894736842106,0.9875
50.0,0.44444445,1.0,8.0,0.9945263157894736,0.985
50.0,0.44444445,1.0,12.0,0.992421052631579,0.98375
50.0,0.44444445,1.0,20.0,0.9894736842105264,0.98375
50.0,0.44444445,1.0,32.0,0.9829473684210527,0.9824999999999999
50.0,0.44444445,1.0,50.0,0.9770526315789473,0.9724999999999999
50.0,0.44444445,1.0,80.0,0.9705263157894736,0.9550000000000001
50.0,0.44444445,1.0,128.0,0.9629473684210528,0.944375
50.0,0.44444445,3.0,2.0,0.991578947368421,0.98125
50.0,0.44444445,3.0,3.0,0.991578947368421,0.98125
50.0,0.44444445,3.0,5.0,0.991578947368421,0.98125
50.0,0.44444445,3.0,8.0,0.9909473684210527,0.98375
50.0,0.44444445,3.0,12.0,0.9892631578947368,0.984375
50.0,0.44444445,3.0,20.0,0.9867368421052631,0.9818749999999999
50.0,0.44444445,3.0,32.0,0.9818947368421054,0.9793749999999999
50.0,0.44444445,3.0,50.0,0.9762105263157894,0.9706250000000001
50.0,0.44444445,3.0,80.0,0.9696842105263158,0.954375
50.0,0.44444445,3.0,128.0,0.9625263157894738,0.94375
50.0,0.44444445,5.0,2.0,0.9869473684210526,0.9818749999999999
50.0,0.44444445,5.0,3.0,0.9869473684210526,0.9818749999999999
50.0,0.44444445,5.0,5.0,0.9869473684210526,0.9818749999999999
50.0,0.44444445,5.0,8.0,0.9869473684210526,0.9818749999999999
50.0,0.44444445,5.0,12.0,0.9858947368421053,0.983125
50.0,0.44444445,5.0,20.0,0.984421052631579,0.978125
50.0,0.44444445,5.0,32.0,0.9818947368421054,0.97625
50.0,0.44444445,5.0,50.0,0.9753684210526317,0.965625
50.0,0.44444445,5.0,80.0,0.9696842105263158,0.954375
50.0,0.44444445,5.0,128.0,0.9621052631578948,0.9418749999999999
50.0,0.44444445,7.0,2.0,0.9827368421052632,0.9800000000000001
50.0,0.44444445,7.0,3.0,0.9827368421052632,0.9800000000000001
50.0,0.44444445,7.0,5.0,0.9827368421052632,0.9800000000000001
50.0,0.44444445,7.0,8.0,0.9827368421052632,0.9800000000000001
50.0,0.44444445,7.0,12.0,0.9827368421052632,0.9800000000000001
50.0,0.44444445,7.0,20.0,0.9818947368421054,0.976875
50.0,0.44444445,7.0,32.0,0.9787368421052631,0.974375
50.0,0.44444445,7.0,50.0,0.9747368421052631,0.9650000000000001
50.0,0.44444445,7.0,80.0,0.9694736842105263,0.951875
50.0,0.44444445,7.0,128.0,0.9621052631578948,0.9425000000000001
50.0,0.44444445,9.0,2.0,0.9791578947368421,0.9737500000000001
50.0,0.44444445,9.0,3.0,0.9791578947368421,0.9737500000000001
50.0,0.44444445,9.0,5.0,0.9791578947368421,0.9737500000000001
50.0,0.44444445,9.0,8.0,0.9791578947368421,0.9737500000000001
50.0,0.44444445,9.0,12.0,0.9791578947368421,0.9737500000000001
50.0,0.44444445,9.0,20.0,0.9783157894736842,0.975
50.0,0.44444445,9.0,32.0,0.9770526315789473,0.96875
50.0,0.44444445,9.0,50.0,0.9726315789473684,0.9637499999999999
50.0,0.44444445,9.0,80.0,0.9686315789473685,0.951875
50.0,0.44444445,9.0,128.0,0.9616842105263158,0.9425000000000001
50.0,0.44444445,11.0,2.0,0.9749473684210527,0.969375
50.0,0.44444445,11.0,3.0,0.9749473684210527,0.969375
50.0,0.44444445,11.0,5.0,0.9749473684210527,0.969375
50.0,0.44444445,11.0,8.0,0.9749473684210527,0.969375
50.0,0.44444445,11.0,12.0,0.9749473684210527,0.969375
50.0,0.44444445,11.0,20.0,0.9749473684210527,0.969375
50.0,0.44444445,11.0,32.0,0.9747368421052631,0.9650000000000001
50.0,0.44444445,11.0,50.0,0.9724210526315789,0.961875
50.0,0.44444445,11.0,80.0,0.967578947368421,0.9525
50.0,0.44444445,11.0,128.0,0.960421052631579,0.9425000000000001
50.0,0.44444445,13.0,2.0,0.9728421052631578,0.9650000000000001
50.0,0.44444445,13.0,3.0,0.9728421052631578,0.9650000000000001
50.0,0.44444445,13.0,5.0,0.9728421052631578,0.9650000000000001
50.0,0.44444445,13.0,8.0,0.9728421052631578,0.9650000000000001
50.0,0.44444445,13.0,12.0,0.9728421052631578,0.9650000000000001
50.0,0.44444445,13.0,20.0,0.9728421052631578,0.9650000000000001
50.0,0.44444445,13.0,32.0,0.9730526315789474,0.965625
50.0,0.44444445,13.0,50.0,0.9701052631578948,0.9550000000000001
50.0,0.44444445,13.0,80.0,0.9673684210526317,0.951875
50.0,0.44444445,13.0,128.0,0.959578947368421,0.9418749999999999
50.0,0.44444445,15.0,2.0,0.9705263157894738,0.960625
50.0,0.44444445,15.0,3.0,0.9705263157894738,0.960625
50.0,0.44444445,15.0,5.0,0.9705263157894738,0.960625
50.0,0.44444445,15.0,8.0,0.9705263157894738,0.960625
50.0,0.44444445,15.0,12.0,0.9705263157894738,0.960625
50.0,0.44444445,15.0,20.0,0.9705263157894738,0.960625
50.0,0.44444445,15.0,32.0,0.9713684210526315,0.96125
50.0,0.44444445,15.0,50.0,0.968842105263158,0.954375
50.0,0.44444445,15.0,80.0,0.9661052631578947,0.9512499999999999
50.0,0.44444445,15.0,128.0,0.9583157894736842,0.9425000000000001
50.0,0.44444445,17.0,2.0,0.9701052631578948,0.9556250000000001
50.0,0.44444445,17.0,3.0,0.9701052631578948,0.9556250000000001
50.0,0.44444445,17.0,5.0,0.9701052631578948,0.9556250000000001
50.0,0.44444445,17.0,8.0,0.9701052631578948,0.9556250000000001
50.0,0.44444445,17.0,12.0,0.9701052631578948,0.9556250000000001
50.0,0.44444445,17.0,20.0,0.9701052631578948,0.9556250000000001
50.0,0.44444445,17.0,32.0,0.9701052631578948,0.9556250000000001
50.0,0.44444445,17.0,50.0,0.9686315789473685,0.95375
50.0,0.44444445,17.0,80.0,0.9663157894736842,0.9487500000000001
50.0,0.44444445,17.0,128.0,0.9578947368421054,0.9425000000000001
50.0,0.44444445,20.0,2.0,0.9682105263157895,0.9556250000000001
50.0,0.44444445,20.0,3.0,0.9682105263157895,0.9556250000000001
50.0,0.44444445,20.0,5.0,0.9682105263157895,0.9556250000000001
50.0,0.44444445,20.0,8.0,0.9682105263157895,0.9556250000000001
50.0,0.44444445,20.0,12.0,0.9682105263157895,0.9556250000000001
50.0,0.44444445,20.0,20.0,0.9682105263157895,0.9556250000000001
50.0,0.44444445,20.0,32.0,0.9682105263157895,0.9556250000000001
50.0,0.44444445,20.0,50.0,0.968,0.953125
50.0,0.44444445,20.0,80.0,0.9640000000000001,0.94625
50.0,0.44444445,20.0,128.0,0.9578947368421054,0.940625
50.0,0.5555556,1.0,2.0,0.9983157894736842,0.99
50.0,0.5555556,1.0,3.0,0.9983157894736842,0.99
50.0,0.5555556,1.0,5.0,0.9964210526315789,0.991875
50.0,0.5555556,1.0,8.0,0.9953684210526316,0.99125
50.0,0.5555556,1.0,12.0,0.9941052631578948,0.9875
50.0,0.5555556,1.0,20.0,0.9922105263157895,0.9862500000000001
50.0,0.5555556,1.0,32.0,0.9856842105263158,0.98375
50.0,0.5555556,1.0,50.0,0.9800000000000001,0.9818749999999999
50.0,0.5555556,1.0,80.0,0.9745263157894737,0.96875
50.0,0.5555556,1.0,128.0,0.9661052631578947,0.951875
50.0,0.5555556,3.0,2.0,0.9932631578947368,0.9868750000000001
50.0,0.5555556,3.0,3.0,0.9932631578947368,0.9868750000000001
50.0,0.5555556,3.0,5.0,0.9932631578947368,0.9868750000000001
50.0,0.5555556,3.0,8.0,0.9930526315789473,0.9875
50.0,0.5555556,3.0,12.0,0.9913684210526317,0.9862500000000001
50.0,0.5555556,3.0,20.0,0.9903157894736841,0.985
50.0,0.5555556,3.0,32.0,0.9850526315789473,0.9824999999999999
50.0,0.5555556,3.0,50.0,0.9797894736842105,0.98125
50.0,0.5555556,3.0,80.0,0.9738947368421054,0.9662499999999999
50.0,0.5555556,3.0,128.0,0.9656842105263157,0.9525
50.0,0.5555556,5.0,2.0,0.9892631578947368,0.9862500000000001
50.0,0.5555556,5.0,3.0,0.9892631578947368,0.9862500000000001
50.0,0.5555556,5.0,5.0,0.9892631578947368,0.9862500000000001
50.0,0.5555556,5.0,8.0,0.9892631578947368,0.9862500000000001
50.0,0.5555556,5.0,12.0,0.9892631578947368,0.985625
50.0,0.5555556,5.0,20.0,0.9873684210526316,0.9862500000000001
50.0,0.5555556,5.0,32.0,0.9821052631578947,0.9824999999999999
50.0,0.5555556,5.0,50.0,0.9789473684210526,0.98125
50.0,0.5555556,5.0,80.0,0.9728421052631578,0.9662499999999999
50.0,0.5555556,5.0,128.0,0.9646315789473684,0.9506249999999999
50.0,0.5555556,7.0,2.0,0.9854736842105263,0.98375
50.0,0.5555556,7.0,3.0,0.9854736842105263,0.98375
50.0,0.5555556,7.0,5.0,0.9854736842105263,0.98375
50.0,0.5555556,7.0,8.0,0.9854736842105263,0.98375
50.0,0.5555556,7.0,12.0,0.9854736842105263,0.98375
50.0,0.5555556,7.0,20.0,0.9846315789473683,0.98375
50.0,0.5555556,7.0,32.0,0.9804210526315789,0.9824999999999999
50.0,0.5555556,7.0,50.0,0.976842105263158,0.98125
50.0,0.5555556,7.0,80.0,0.9713684210526315,0.965625
50.0,0.5555556,7.0,128.0,0.9633684210526315,0.9493750000000001
50.0,0.5555556,9.0,2.0,0.9806315789473684,0.98125
50.0,0.5555556,9.0,3.0,0.9806315789473684,0.98125
50.0,0.5555556,9.0,5.0,0.9806315789473684,0.98125
50.0,0.5555556,9.0,8.0,0.9806315789473684,0.98125
50.0,0.5555556,9.0,12.0,0.9806315789473684,0.98125
50.0,0.5555556,9.0,20.0,0.9812631578947368,0.98125
50.0,0.5555556,9.0,32.0,0.9791578947368421,0.9800000000000001
50.0,0.5555556,9.0,50.0,0.9766315789473683,0.9793749999999999
50.0,0.5555556,9.0,80.0,0.9705263157894738,0.9643750000000001
50.0,0.5555556,9.0,128.0,0.9629473684210528,0.9493750000000001
50.0,0.5555556,11.0,2.0,0.9789473684210528,0.97875
50.0,0.5555556,11.0,3.0,0.9789473684210528,0.97875
50.0,0.5555556,11.0,5.0,0.9789473684210528,0.97875
50.0,0.5555556,11.0,8.0,0.9789473684210528,0.97875
50.0,0.5555556,11.0,12.0,0.9789473684210528,0.97875
50.0,0.5555556,11.0,20.0,0.9789473684210528,0.97875
50.0,0.5555556,11.0,32.0,0.9772631578947368,0.9800000000000001
50.0,0.5555556,11.0,50.0,0.9753684210526317,0.97875
50.0,0.5555556,11.0,80.0,0.9709473684210526,0.9643750000000001
50.0,0.5555556,11.0,128.0,0.9631578947368421,0.9475
50.0,0.5555556,13.0,2.0,0.9762105263157895,0.978125
50.0,0.5555556,13.0,3.0,0.9762105263157895,0.978125
50.0,0.5555556,13.0,5.0,0.9762105263157895,0.978125
50.0,0.5555556,13.0,8.0,0.9762105263157895,0.978125
50.0,0.5555556,13.0,12.0,0.9762105263157895,0.978125
50.0,0.5555556,13.0,20.0,0.9762105263157895,0.978125
50.0,0.5555556,13.0,32.0,0.976842105263158,0.9793749999999999
50.0,0.5555556,13.0,50.0,0.9749473684210527,0.978125
50.0,0.5555556,13.0,80.0,0.9698947368421053,0.9625
50.0,0.5555556,13.0,128.0,0.9621052631578948,0.9493750000000001
50.0,0.5555556,15.0,2.0,0.975157894736842,0.97875
50.0,0.5555556,15.0,3.0,0.975157894736842,0.97875
50.0,0.5555556,15.0,5.0,0.975157894736842,0.97875
50.0,0.5555556,15.0,8.0,0.975157894736842,0.97875
50.0,0.5555556,15.0,12.0,0.975157894736842,0.97875
50.0,0.5555556,15.0,20.0,0.975157894736842,0.97875
50.0,0.5555556,15.0,32.0,0.9749473684210527,0.976875
50.0,0.5555556,15.0,50.0,0.9743157894736842,0.974375
50.0,0.5555556,15.0,80.0,0.9701052631578948,0.9637499999999999
50.0,0.5555556,15.0,128.0,0.9629473684210528,0.94625
50.0,0.5555556,17.0,2.0,0.9745263157894737,0.975625
50.0,0.5555556,17.0,3.0,0.9745263157894737,0.975625
50.0,0.5555556,17.0,5.0,0.9745263157894737,0.975625
50.0,0.5555556,17.0,8.0,0.9745263157894737,0.975625
50.0,0.5555556,17.0,12.0,0.9745263157894737,0.975625
50.0,0.5555556,17.0,20.0,0.9745263157894737,0.975625
50.0,0.5555556,17.0,32.0,0.9745263157894737,0.975625
50.0,0.5555556,17.0,50.0,0.9738947368421054,0.9737500000000001
50.0,0.5555556,17.0,80.0,0.9694736842105263,0.9625
50.0,0.5555556,17.0,128.0,0.9618947368421052,0.946875
50.0,0.5555556,20.0,2.0,0.9734736842105264,0.9731249999999999
50.0,0.5555556,20.0,3.0,0.9734736842105264,0.9731249999999999
50.0,0.5555556,20.0,5.0,0.9734736842105264,0.9731249999999999
50.0,0.5555556,20.0,8.0,0.9734736842105264,0.9731249999999999
50.0,0.5555556,20.0,12.0,0.9734736842105264,0.9731249999999999
50.0,0.5555556,20.0,20.0,0.9734736842105264,0.9731249999999999
50.0,0.5555556,20.0,32.0,0.9734736842105264,0.9731249999999999
50.0,0.5555556,20.0,50.0,0.9734736842105264,0.9706250000000001
50.0,0.5555556,20.0,80.0,0.9694736842105263,0.961875
50.0,0.5555556,20.0,128.0,0.9614736842105263,0.944375
50.0,0.6666667,1.0,2.0,0.9985263157894737,0.9925
50.0,0.6666667,1.0,3.0,0.9987368421052631,0.9925
50.0,0.6666667,1.0,5.0,0.9976842105263157,0.993125
50.0,0.6666667,1.0,8.0,0.9962105263157894,0.993125
50.0,0.6666667,1.0,12.0,0.9955789473684211,0.993125
50.0,0.6666667,1.0,20.0,0.9941052631578948,0.99
50.0,0.6666667,1.0,32.0,0.9909473684210527,0.9875
50.0,0.6666667,1.0,50.0,0.9806315789473684,0.98375
50.0,0.6666667,1.0,80.0,0.975578947368421,0.976875
50.0,0.6666667,1.0,128.0,0.9667368421052632,0.95625
50.0,0.6666667,3.0,2.0,0.9947368421052631,0.9925
50.0,0.6666667,3.0,3.0,0.9947368421052631,0.9925
50.0,0.6666667,3.0,5.0,0.9947368421052631,0.9925
50.0,0.6666667,3.0,8.0,0.9941052631578946,0.993125
50.0,0.6666667,3.0,12.0,0.9932631578947368,0.991875
50.0,0.6666667,3.0,20.0,0.992,0.9893750000000001
50.0,0.6666667,3.0,32.0,0.9894736842105264,0.9868750000000001
50.0,0.6666667,3.0,50.0,0.9804210526315789,0.98375
50.0,0.6666667,3.0,80.0,0.975157894736842,0.976875
50.0,0.6666667,3.0,128.0,0.9665263157894737,0.95625
50.0,0.6666667,5.0,2.0,0.9901052631578947,0.990625
50.0,0.6666667,5.0,3.0,0.9901052631578947,0.990625
50.0,0.6666667,5.0,5.0,0.9901052631578947,0.990625
50.0,0.6666667,5.0,8.0,0.9901052631578947,0.990625
50.0,0.6666667,5.0,12.0,0.9901052631578947,0.99
50.0,0.6666667,5.0,20.0,0.9888421052631579,0.9887500000000001
50.0,0.6666667,5.0,32.0,0.9863157894736843,0.9875
50.0,0.6666667,5.0,50.0,0.9787368421052631,0.98375
50.0,0.6666667,5.0,80.0,0.9745263157894737,0.976875
50.0,0.6666667,5.0,128.0,0.9652631578947368,0.9550000000000001
50.0,0.6666667,7.0,2.0,0.9879999999999999,0.9881249999999999
50.0,0.6666667,7.0,3.0,0.9879999999999999,0.9881249999999999
50.0,0.6666667,7.0,5.0,0.9879999999999999,0.9881249999999999
50.0,0.6666667,7.0,8.0,0.9879999999999999,0.9881249999999999
50.0,0.6666667,7.0,12.0,0.9879999999999999,0.9881249999999999
50.0,0.6666667,7.0,20.0,0.9875789473684211,0.9881249999999999
50.0,0.6666667,7.0,32.0,0.9846315789473685,0.985625
50.0,0.6666667,7.0,50.0,0.9770526315789473,0.98375
50.0,0.6666667,7.0,80.0,0.9736842105263157,0.97625
50.0,0.6666667,7.0,128.0,0.964842105263158,0.9556250000000001
50.0,0.6666667,9.0,2.0,0.9858947368421053,0.985625
50.0,0.6666667,9.0,3.0,0.9858947368421053,0.985625
50.0,0.6666667,9.0,5.0,0.9858947368421053,0.985625
50.0,0.6666667,9.0,8.0,0.9858947368421053,0.985625
50.0,0.6666667,9.0,12.0,0.9858947368421053,0.985625
50.0,0.6666667,9.0,20.0,0.9861052631578946,0.9862500000000001
50.0,0.6666667,9.0,32.0,0.9825263157894737,0.985
50.0,0.6666667,9.0,50.0,0.976421052631579,0.9818749999999999
50.0,0.6666667,9.0,80.0,0.9736842105263157,0.976875
50.0,0.6666667,9.0,128.0,0.9644210526315791,0.9550000000000001
50.0,0.6666667,11.0,2.0,0.9818947368421054,0.983125
50.0,0.6666667,11.0,3.0,0.9818947368421054,0.983125
50.0,0.6666667,11.0,5.0,0.9818947368421054,0.983125
50.0,0.6666667,11.0,8.0,0.9818947368421054,0.983125
50.0,0.6666667,11.0,12.0,0.9818947368421054,0.983125
50.0,0.6666667,11.0,20.0,0.9818947368421054,0.983125
50.0,0.6666667,11.0,32.0,0.9800000000000001,0.983125
50.0,0.6666667,11.0,50.0,0.9747368421052631,0.9800000000000001
50.0,0.6666667,11.0,80.0,0.9736842105263157,0.975625
50.0,0.6666667,11.0,128.0,0.9644210526315791,0.9556250000000001
50.0,0.6666667,13.0,2.0,0.9781052631578948,0.9818749999999999
50.0,0.6666667,13.0,3.0,0.9781052631578948,0.9818749999999999
50.0,0.6666667,13.0,5.0,0.9781052631578948,0.9818749999999999
50.0,0.6666667,13.0,8.0,0.9781052631578948,0.9818749999999999
50.0,0.6666667,13.0,12.0,0.9781052631578948,0.9818749999999999
50.0,0.6666667,13.0,20.0,0.9781052631578948,0.9818749999999999
50.0,0.6666667,13.0,32.0,0.9774736842105263,0.98125
50.0,0.6666667,13.0,50.0,0.9741052631578947,0.9800000000000001
50.0,0.6666667,13.0,80.0,0.9734736842105264,0.975625
50.0,0.6666667,13.0,128.0,0.9644210526315791,0.9550000000000001
50.0,0.6666667,15.0,2.0,0.9762105263157895,0.9806250000000001
50.0,0.6666667,15.0,3.0,0.9762105263157895,0.9806250000000001
50.0,0.6666667,15.0,5.0,0.9762105263157895,0.9806250000000001
50.0,0.6666667,15.0,8.0,0.9762105263157895,0.9806250000000001
50.0,0.6666667,15.0,12.0,0.9762105263157895,0.9806250000000001
50.0,0.6666667,15.0,20.0,0.9762105263157895,0.9806250000000001
50.0,0.6666667,15.0,32.0,0.976421052631579,0.9818749999999999
50.0,0.6666667,15.0,50.0,0.9745263157894737,0.97875
50.0,0.6666667,15.0,80.0,0.9732631578947368,0.975625
50.0,0.6666667,15.0,128.0,0.9640000000000001,0.9556250000000001
50.0,0.6666667,17.0,2.0,0.975157894736842,0.9800000000000001
50.0,0.6666667,17.0,3.0,0.975157894736842,0.9800000000000001
50.0,0.6666667,17.0,5.0,0.975157894736842,0.9800000000000001
50.0,0.6666667,17.0,8.0,0.975157894736842,0.9800000000000001
50.0,0.6666667,17.0,12.0,0.975157894736842,0.9800000000000001
50.0,0.6666667,17.0,20.0,0.975157894736842,0.9800000000000001
50.0,0.6666667,17.0,32.0,0.975157894736842,0.9800000000000001
50.0,0.6666667,17.0,50.0,0.9743157894736842,0.978125
50.0,0.6666667,17.0,80.0,0.9732631578947368,0.975625
50.0,0.6666667,17.0,128.0,0.9637894736842105,0.9556250000000001
50.0,0.6666667,20.0,2.0,0.9738947368421054,0.9775
50.0,0.6666667,20.0,3.0,0.9738947368421054,0.9775
50.0,0.6666667,20.0,5.0,0.9738947368421054,0.9775
50.0,0.6666667,20.0,8.0,0.9738947368421054,0.9775
50.0,0.6666667,20.0,12.0,0.9738947368421054,0.9775
50.0,0.6666667,20.0,20.0,0.9738947368421054,0.9775
50.0,0.6666667,20.0,32.0,0.9738947368421054,0.9775
50.0,0.6666667,20.0,50.0,0.9738947368421054,0.978125
50.0,0.6666667,20.0,80.0,0.9730526315789474,0.975625
50.0,0.6666667,20.0,128.0,0.9644210526315791,0.9550000000000001
50.0,0.7777778,1.0,2.0,0.9989473684210527,0.993125
50.0,0.7777778,1.0,3.0,0.999157894736842,0.993125
50.0,0.7777778,1.0,5.0,0.9981052631578947,0.99375
50.0,0.7777778,1.0,8.0,0.9970526315789474,0.99375
50.0,0.7777778,1.0,12.0,0.9962105263157894,0.994375
50.0,0.7777778,1.0,20.0,0.9947368421052631,0.9956250000000001
50.0,0.7777778,1.0,32.0,0.991157894736842,0.9881249999999999
50.0,0.7777778,1.0,50.0,0.9800000000000001,0.98375
50.0,0.7777778,1.0,80.0,0.9734736842105264,0.975625
50.0,0.7777778,1.0,128.0,0.9625263157894738,0.95625
50.0,0.7777778,3.0,2.0,0.9957894736842106,0.99375
50.0,0.7777778,3.0,3.0,0.9957894736842106,0.99375
50.0,0.7777778,3.0,5.0,0.9957894736842106,0.99375
50.0,0.7777778,3.0,8.0,0.9957894736842106,0.99375
50.0,0.7777778,3.0,12.0,0.9943157894736843,0.994375
50.0,0.7777778,3.0,20.0,0.992842105263158,0.9949999999999999
50.0,0.7777778,3.0,32.0,0.9892631578947368,0.9881249999999999
50.0,0.7777778,3.0,50.0,0.9800000000000001,0.98375
50.0,0.7777778,3.0,80.0,0.9734736842105264,0.975
50.0,0.7777778,3.0,128.0,0.9625263157894738,0.9568749999999999
50.0,0.7777778,5.0,2.0,0.9898947368421054,0.99375
50.0,0.7777778,5.0,3.0,0.9898947368421054,0.99375
50.0,0.7777778,5.0,5.0,0.9898947368421054,0.99375
50.0,0.7777778,5.0,8.0,0.9898947368421054,0.99375
50.0,0.7777778,5.0,12.0,0.9896842105263157,0.994375
50.0,0.7777778,5.0,20.0,0.9871578947368421,0.9949999999999999
50.0,0.7777778,5.0,32.0,0.9875789473684211,0.9887499999999999
50.0,0.7777778,5.0,50.0,0.9800000000000001,0.98375
50.0,0.7777778,5.0,80.0,0.972842105263158,0.975
50.0,0.7777778,5.0,128.0,0.9618947368421052,0.9568749999999999
50.0,0.7777778,7.0,2.0,0.9867368421052631,0.994375
50.0,0.7777778,7.0,3.0,0.9867368421052631,0.994375
50.0,0.7777778,7.0,5.0,0.9867368421052631,0.994375
50.0,0.7777778,7.0,8.0,0.9867368421052631,0.994375
50.0,0.7777778,7.0,12.0,0.9867368421052631,0.994375
50.0,0.7777778,7.0,20.0,0.9867368421052631,0.9949999999999999
50.0,0.7777778,7.0,32.0,0.9861052631578946,0.9881249999999999
50.0,0.7777778,7.0,50.0,0.9795789473684211,0.98375
50.0,0.7777778,7.0,80.0,0.9720000000000001,0.975
50.0,0.7777778,7.0,128.0,0.9618947368421052,0.9568749999999999
50.0,0.7777778,9.0,2.0,0.9861052631578946,0.99125
50.0,0.7777778,9.0,3.0,0.9861052631578946,0.99125
50.0,0.7777778,9.0,5.0,0.9861052631578946,0.99125
50.0,0.7777778,9.0,8.0,0.9861052631578946,0.99125
50.0,0.7777778,9.0,12.0,0.9861052631578946,0.99125
50.0,0.7777778,9.0,20.0,0.9861052631578946,0.99125
50.0,0.7777778,9.0,32.0,0.9852631578947368,0.9881249999999999
50.0,0.7777778,9.0,50.0,0.9793684210526316,0.98375
50.0,0.7777778,9.0,80.0,0.9720000000000001,0.975
50.0,0.7777778,9.0,128.0,0.9616842105263158,0.95625
50.0,0.7777778,11.0,2.0,0.9852631578947368,0.9881249999999999
50.0,0.7777778,11.0,3.0,0.9852631578947368,0.9881249999999999
50.0,0.7777778,11.0,5.0,0.9852631578947368,0.9881249999999999
50.0,0.7777778,11.0,8.0,0.9852631578947368,0.9881249999999999
50.0,0.7777778,11.0,12.0,0.9852631578947368,0.9881249999999999
50.0,0.7777778,11.0,20.0,0.9852631578947368,0.9881249999999999
50.0,0.7777778,11.0,32.0,0.984,0.985
50.0,0.7777778,11.0,50.0,0.9781052631578948,0.983125
50.0,0.7777778,11.0,80.0,0.9720000000000001,0.975
50.0,0.7777778,11.0,128.0,0.9616842105263158,0.9568749999999999
50.0,0.7777778,13.0,2.0,0.9814736842105264,0.98375
50.0,0.7777778,13.0,3.0,0.9814736842105264,0.98375
50.0,0.7777778,13.0,5.0,0.9814736842105264,0.98375
50.0,0.7777778,13.0,8.0,0.9814736842105264,0.98375
50.0,0.7777778,13.0,12.0,0.9814736842105264,0.98375
50.0,0.7777778,13.0,20.0,0.9814736842105264,0.98375
50.0,0.7777778,13.0,32.0,0.9806315789473684,0.984375
50.0,0.7777778,13.0,50.0,0.976,0.9818749999999999
50.0,0.7777778,13.0,80.0,0.9720000000000001,0.975
50.0,0.7777778,13.0,128.0,0.9616842105263158,0.95625
50.0,0.7777778,15.0,2.0,0.9785263157894736,0.9824999999999999
50.0,0.7777778,15.0,3.0,0.9785263157894736,0.9824999999999999
50.0,0.7777778,15.0,5.0,0.9785263157894736,0.9824999999999999
50.0,0.7777778,15.0,8.0,0.9785263157894736,0.9824999999999999
50.0,0.7777778,15.0,12.0,0.9785263157894736,0.9824999999999999
50.0,0.7777778,15.0,20.0,0.9785263157894736,0.9824999999999999
50.0,0.7777778,15.0,32.0,0.9785263157894736,0.9824999999999999
50.0,0.7777778,15.0,50.0,0.9743157894736842,0.9806250000000001
50.0,0.7777778,15.0,80.0,0.9720000000000001,0.975
50.0,0.7777778,15.0,128.0,0.9616842105263158,0.9568749999999999
50.0,0.7777778,17.0,2.0,0.976842105263158,0.983125
50.0,0.7777778,17.0,3.0,0.976842105263158,0.983125
50.0,0.7777778,17.0,5.0,0.976842105263158,0.983125
50.0,0.7777778,17.0,8.0,0.976842105263158,0.983125
50.0,0.7777778,17.0,12.0,0.976842105263158,0.983125
50.0,0.7777778,17.0,20.0,0.976842105263158,0.983125
50.0,0.7777778,17.0,32.0,0.976842105263158,0.983125
50.0,0.7777778,17.0,50.0,0.9743157894736842,0.9806250000000001
50.0,0.7777778,17.0,80.0,0.9722105263157894,0.975625
50.0,0.7777778,17.0,128.0,0.9616842105263158,0.9568749999999999
50.0,0.7777778,20.0,2.0,0.9736842105263157,0.9793749999999999
50.0,0.7777778,20.0,3.0,0.9736842105263157,0.9793749999999999
50.0,0.7777778,20.0,5.0,0.9736842105263157,0.9793749999999999
50.0,0.7777778,20.0,8.0,0.9736842105263157,0.9793749999999999
50.0,0.7777778,20.0,12.0,0.9736842105263157,0.9793749999999999
50.0,0.7777778,20.0,20.0,0.9736842105263157,0.9793749999999999
50.0,0.7777778,20.0,32.0,0.9736842105263157,0.9793749999999999
50.0,0.7777778,20.0,50.0,0.9738947368421054,0.9793749999999999
50.0,0.7777778,20.0,80.0,0.9724210526315791,0.975
50.0,0.7777778,20.0,128.0,0.9616842105263158,0.9568749999999999
50.0,0.8888889,1.0,2.0,0.9987368421052631,0.993125
50.0,0.8888889,1.0,3.0,0.9989473684210527,0.993125
50.0,0.8888889,1.0,5.0,0.9978947368421052,0.99375
50.0,0.8888889,1.0,8.0,0.9968421052631579,0.99375
50.0,0.8888889,1.0,12.0,0.9960000000000001,0.994375
50.0,0.8888889,1.0,20.0,0.9951578947368421,0.9962500000000001
50.0,0.8888889,1.0,32.0,0.9896842105263157,0.991875
50.0,0.8888889,1.0,50.0,0.9810526315789474,0.98375
50.0,0.8888889,1.0,80.0,0.9728421052631578,0.9724999999999999
50.0,0.8888889,1.0,128.0,0.9618947368421052,0.9556250000000001
50.0,0.8888889,3.0,2.0,0.9955789473684211,0.993125
50.0,0.8888889,3.0,3.0,0.9955789473684211,0.993125
50.0,0.8888889,3.0,5.0,0.9955789473684211,0.993125
50.0,0.8888889,3.0,8.0,0.9962105263157894,0.99375
50.0,0.8888889,3.0,12.0,0.9945263157894736,0.993125
50.0,0.8888889,3.0,20.0,0.9932631578947368,0.9949999999999999
50.0,0.8888889,3.0,32.0,0.9888421052631579,0.991875
50.0,0.8888889,3.0,50.0,0.9812631578947368,0.98375
50.0,0.8888889,3.0,80.0,0.9728421052631578,0.9724999999999999
50.0,0.8888889,3.0,128.0,0.9618947368421052,0.9556250000000001
50.0,0.8888889,5.0,2.0,0.9903157894736843,0.9949999999999999
50.0,0.8888889,5.0,3.0,0.9903157894736843,0.9949999999999999
50.0,0.8888889,5.0,5.0,0.9903157894736843,0.9949999999999999
50.0,0.8888889,5.0,8.0,0.9903157894736843,0.9949999999999999
50.0,0.8888889,5.0,12.0,0.9901052631578947,0.9949999999999999
50.0,0.8888889,5.0,20.0,0.9890526315789474,0.994375
50.0,0.8888889,5.0,32.0,0.9856842105263158,0.99125
50.0,0.8888889,5.0,50.0,0.9812631578947368,0.98375
50.0,0.8888889,5.0,80.0,0.9728421052631578,0.9724999999999999
50.0,0.8888889,5.0,128.0,0.9618947368421052,0.9556250000000001
50.0,0.8888889,7.0,2.0,0.9863157894736843,0.9956250000000001
50.0,0.8888889,7.0,3.0,0.9863157894736843,0.9956250000000001
50.0,0.8888889,7.0,5.0,0.9863157894736843,0.9956250000000001
50.0,0.8888889,7.0,8.0,0.9863157894736843,0.9956250000000001
50.0,0.8888889,7.0,12.0,0.9863157894736843,0.9956250000000001
50.0,0.8888889,7.0,20.0,0.9863157894736843,0.994375
50.0,0.8888889,7.0,32.0,0.9863157894736843,0.9925
50.0,0.8888889,7.0,50.0,0.9814736842105264,0.98375
50.0,0.8888889,7.0,80.0,0.9728421052631578,0.9724999999999999
50.0,0.8888889,7.0,128.0,0.9618947368421052,0.9556250000000001
50.0,0.8888889,9.0,2.0,0.9861052631578946,0.99375
50.0,0.8888889,9.0,3.0,0.9861052631578946,0.99375
50.0,0.8888889,9.0,5.0,0.9861052631578946,0.99375
50.0,0.8888889,9.0,8.0,0.9861052631578946,0.99375
50.0,0.8888889,9.0,12.0,0.9861052631578946,0.99375
50.0,0.8888889,9.0,20.0,0.9861052631578946,0.99375
50.0,0.8888889,9.0,32.0,0.9854736842105263,0.99125
50.0,0.8888889,9.0,50.0,0.9812631578947368,0.983125
50.0,0.8888889,9.0,80.0,0.9728421052631578,0.9724999999999999
50.0,0.8888889,9.0,128.0,0.9618947368421052,0.9556250000000001
50.0,0.8888889,11.0,2.0,0.9858947368421053,0.991875
50.0,0.8888889,11.0,3.0,0.9858947368421053,0.991875
50.0,0.8888889,11.0,5.0,0.9858947368421053,0.991875
50.0,0.8888889,11.0,8.0,0.9858947368421053,0.991875
50.0,0.8888889,11.0,12.0,0.9858947368421053,0.991875
50.0,0.8888889,11.0,20.0,0.9858947368421053,0.991875
50.0,0.8888889,11.0,32.0,0.9846315789473685,0.9881249999999999
50.0,0.8888889,11.0,50.0,0.9791578947368421,0.984375
50.0,0.8888889,11.0,80.0,0.9726315789473684,0.9724999999999999
50.0,0.8888889,11.0,128.0,0.9614736842105263,0.9556250000000001
50.0,0.8888889,13.0,2.0,0.983157894736842,0.9881249999999999
50.0,0.8888889,13.0,3.0,0.983157894736842,0.9881249999999999
50.0,0.8888889,13.0,5.0,0.983157894736842,0.9881249999999999
50.0,0.8888889,13.0,8.0,0.983157894736842,0.9881249999999999
50.0,0.8888889,13.0,12.0,0.983157894736842,0.9881249999999999
50.0,0.8888889,13.0,20.0,0.983157894736842,0.9881249999999999
50.0,0.8888889,13.0,32.0,0.9823157894736841,0.9868750000000001
50.0,0.8888889,13.0,50.0,0.9778947368421053,0.98375
50.0,0.8888889,13.0,80.0,0.9715789473684211,0.9712500000000001
50.0,0.8888889,13.0,128.0,0.9618947368421052,0.9556250000000001
50.0,0.8888889,15.0,2.0,0.9804210526315789,0.983125
50.0,0.8888889,15.0,3.0,0.9804210526315789,0.983125
50.0,0.8888889,15.0,5.0,0.9804210526315789,0.983125
50.0,0.8888889,15.0,8.0,0.9804210526315789,0.983125
50.0,0.8888889,15.0,12.0,0.9804210526315789,0.983125
50.0,0.8888889,15.0,20.0,0.9804210526315789,0.983125
50.0,0.8888889,15.0,32.0,0.9802105263157894,0.983125
50.0,0.8888889,15.0,50.0,0.976842105263158,0.98375
50.0,0.8888889,15.0,80.0,0.9715789473684211,0.9712500000000001
50.0,0.8888889,15.0,128.0,0.9614736842105263,0.9556250000000001
50.0,0.8888889,17.0,2.0,0.9785263157894736,0.98375
50.0,0.8888889,17.0,3.0,0.9785263157894736,0.98375
50.0,0.8888889,17.0,5.0,0.9785263157894736,0.98375
50.0,0.8888889,17.0,8.0,0.9785263157894736,0.98375
50.0,0.8888889,17.0,12.0,0.9785263157894736,0.98375
50.0,0.8888889,17.0,20.0,0.9785263157894736,0.98375
50.0,0.8888889,17.0,32.0,0.9785263157894736,0.98375
50.0,0.8888889,17.0,50.0,0.9753684210526317,0.98125
50.0,0.8888889,17.0,80.0,0.9715789473684211,0.9712500000000001
50.0,0.8888889,17.0,128.0,0.9618947368421052,0.9568749999999999
50.0,0.8888889,20.0,2.0,0.9743157894736842,0.9806250000000001
50.0,0.8888889,20.0,3.0,0.9743157894736842,0.9806250000000001
50.0,0.8888889,20.0,5.0,0.9743157894736842,0.9806250000000001
50.0,0.8888889,20.0,8.0,0.9743157894736842,0.9806250000000001
50.0,0.8888889,20.0,12.0,0.9743157894736842,0.9806250000000001
50.0,0.8888889,20.0,20.0,0.9743157894736842,0.9806250000000001
50.0,0.8888889,20.0,32.0,0.9743157894736842,0.9806250000000001
50.0,0.8888889,20.0,50.0,0.9738947368421054,0.9799999999999999
50.0,0.8888889,20.0,80.0,0.9715789473684211,0.9712500000000001
50.0,0.8888889,20.0,128.0,0.9614736842105263,0.9556250000000001
50.0,1.0,1.0,2.0,0.9985263157894737,0.993125
50.0,1.0,1.0,3.0,0.9985263157894737,0.993125
50.0,1.0,1.0,5.0,0.9976842105263157,0.9925
50.0,1.0,1.0,8.0,0.9966315789473684,0.9925
50.0,1.0,1.0,12.0,0.9955789473684209,0.99375
50.0,1.0,1.0,20.0,0.9943157894736843,0.9949999999999999
50.0,1.0,1.0,32.0,0.9877894736842106,0.9881249999999999
50.0,1.0,1.0,50.0,0.9806315789473684,0.98375
50.0,1.0,1.0,80.0,0.9751578947368422,0.9724999999999999
50.0,1.0,1.0,128.0,0.9547368421052631,0.95
50.0,1.0,3.0,2.0,0.9949473684210526,0.99125
50.0,1.0,3.0,3.0,0.9949473684210526,0.99125
50.0,1.0,3.0,5.0,0.9949473684210526,0.99125
50.0,1.0,3.0,8.0,0.9943157894736843,0.99125
50.0,1.0,3.0,12.0,0.9938947368421053,0.991875
50.0,1.0,3.0,20.0,0.992842105263158,0.993125
50.0,1.0,3.0,32.0,0.9873684210526316,0.9881249999999999
50.0,1.0,3.0,50.0,0.9806315789473684,0.98375
50.0,1.0,3.0,80.0,0.9751578947368422,0.9724999999999999
50.0,1.0,3.0,128.0,0.9547368421052631,0.95
50.0,1.0,5.0,2.0,0.9890526315789474,0.991875
50.0,1.0,5.0,3.0,0.9890526315789474,0.991875
50.0,1.0,5.0,5.0,0.9890526315789474,0.991875
50.0,1.0,5.0,8.0,0.9890526315789474,0.991875
50.0,1.0,5.0,12.0,0.9884210526315789,0.991875
50.0,1.0,5.0,20.0,0.9877894736842106,0.991875
50.0,1.0,5.0,32.0,0.9850526315789473,0.9875
50.0,1.0,5.0,50.0,0.9806315789473684,0.98375
50.0,1.0,5.0,80.0,0.9751578947368422,0.9724999999999999
50.0,1.0,5.0,128.0,0.9547368421052631,0.95
50.0,1.0,7.0,2.0,0.9871578947368421,0.991875
50.0,1.0,7.0,3.0,0.9871578947368421,0.991875
50.0,1.0,7.0,5.0,0.9871578947368421,0.991875
50.0,1.0,7.0,8.0,0.9871578947368421,0.991875
50.0,1.0,7.0,12.0,0.9871578947368421,0.991875
50.0,1.0,7.0,20.0,0.9867368421052631,0.99375
50.0,1.0,7.0,32.0,0.9850526315789473,0.99
50.0,1.0,7.0,50.0,0.9806315789473684,0.98375
50.0,1.0,7.0,80.0,0.9751578947368422,0.9724999999999999
50.0,1.0,7.0,128.0,0.9543157894736842,0.95
50.0,1.0,9.0,2.0,0.9858947368421053,0.991875
50.0,1.0,9.0,3.0,0.9858947368421053,0.991875
50.0,1.0,9.0,5.0,0.9858947368421053,0.991875
50.0,1.0,9.0,8.0,0.9858947368421053,0.991875
50.0,1.0,9.0,12.0,0.9858947368421053,0.991875
50.0,1.0,9.0,20.0,0.9858947368421053,0.991875
50.0,1.0,9.0,32.0,0.984421052631579,0.99125
50.0,1.0,9.0,50.0,0.9808421052631578,0.98375
50.0,1.0,9.0,80.0,0.9751578947368422,0.9724999999999999
50.0,1.0,9.0,128.0,0.9543157894736842,0.95
50.0,1.0,11.0,2.0,0.9852631578947368,0.991875
50.0,1.0,11.0,3.0,0.9852631578947368,0.991875
50.0,1.0,11.0,5.0,0.9852631578947368,0.991875
50.0,1.0,11.0,8.0,0.9852631578947368,0.991875
50.0,1.0,11.0,12.0,0.9852631578947368,0.991875
50.0,1.0,11.0,20.0,0.9852631578947368,0.991875
50.0,1.0,11.0,32.0,0.9837894736842105,0.9887499999999999
50.0,1.0,11.0,50.0,0.9795789473684211,0.98375
50.0,1.0,11.0,80.0,0.9751578947368422,0.9724999999999999
50.0,1.0,11.0,128.0,0.9543157894736842,0.95
50.0,1.0,13.0,2.0,0.983157894736842,0.9868750000000001
50.0,1.0,13.0,3.0,0.983157894736842,0.9868750000000001
50.0,1.0,13.0,5.0,0.983157894736842,0.9868750000000001
50.0,1.0,13.0,8.0,0.983157894736842,0.9868750000000001
50.0,1.0,13.0,12.0,0.983157894736842,0.9868750000000001
50.0,1.0,13.0,20.0,0.983157894736842,0.9868750000000001
50.0,1.0,13.0,32.0,0.9816842105263157,0.984375
50.0,1.0,13.0,50.0,0.9781052631578948,0.9818749999999999
50.0,1.0,13.0,80.0,0.9743157894736842,0.9724999999999999
50.0,1.0,13.0,128.0,0.9534736842105263,0.95
50.0,1.0,15.0,2.0,0.9800000000000001,0.984375
50.0,1.0,15.0,3.0,0.9800000000000001,0.984375
50.0,1.0,15.0,5.0,0.9800000000000001,0.984375
50.0,1.0,15.0,8.0,0.9800000000000001,0.984375
50.0,1.0,15.0,12.0,0.9800000000000001,0.984375
50.0,1.0,15.0,20.0,0.9800000000000001,0.984375
50.0,1.0,15.0,32.0,0.9802105263157894,0.984375
50.0,1.0,15.0,50.0,0.976842105263158,0.9818749999999999
50.0,1.0,15.0,80.0,0.9734736842105264,0.9724999999999999
50.0,1.0,15.0,128.0,0.9526315789473685,0.95
50.0,1.0,17.0,2.0,0.9781052631578948,0.9818749999999999
50.0,1.0,17.0,3.0,0.9781052631578948,0.9818749999999999
50.0,1.0,17.0,5.0,0.9781052631578948,0.9818749999999999
50.0,1.0,17.0,8.0,0.9781052631578948,0.9818749999999999
50.0,1.0,17.0,12.0,0.9781052631578948,0.9818749999999999
50.0,1.0,17.0,20.0,0.9781052631578948,0.9818749999999999
50.0,1.0,17.0,32.0,0.9781052631578948,0.9818749999999999
50.0,1.0,17.0,50.0,0.975578947368421,0.97875
50.0,1.0,17.0,80.0,0.9720000000000001,0.96875
50.0,1.0,17.0,128.0,0.951157894736842,0.94625
50.0,1.0,20.0,2.0,0.9736842105263157,0.978125
50.0,1.0,20.0,3.0,0.9736842105263157,0.978125
50.0,1.0,20.0,5.0,0.9736842105263157,0.978125
50.0,1.0,20.0,8.0,0.9736842105263157,0.978125
50.0,1.0,20.0,12.0,0.9736842105263157,0.978125
50.0,1.0,20.0,20.0,0.9736842105263157,0.978125
50.0,1.0,20.0,32.0,0.9736842105263157,0.978125
50.0,1.0,20.0,50.0,0.9734736842105264,0.9775
50.0,1.0,20.0,80.0,0.9711578947368421,0.96875
50.0,1.0,20.0,128.0,0.9503157894736842,0.94625
