max_depth,max_features,min_samples_leaf,min_samples_split,val_acc,test_acc
1.0,0.0,1.0,2.0,0.7003367003367004,0.7
1.0,0.0,1.0,3.0,0.7003367003367004,0.7
1.0,0.0,1.0,5.0,0.7003367003367004,0.7
1.0,0.0,1.0,8.0,0.7003367003367004,0.7
1.0,0.0,1.0,12.0,0.7003367003367004,0.7
1.0,0.0,1.0,20.0,0.7003367003367004,0.7
1.0,0.0,1.0,32.0,0.7003367003367004,0.7
1.0,0.0,1.0,50.0,0.7003367003367004,0.7
1.0,0.0,1.0,80.0,0.7003367003367004,0.7
1.0,0.0,1.0,128.0,0.7003367003367004,0.7
1.0,0.0,3.0,2.0,0.7003367003367004,0.7
1.0,0.0,3.0,3.0,0.7003367003367004,0.7
1.0,0.0,3.0,5.0,0.7003367003367004,0.7
1.0,0.0,3.0,8.0,0.7003367003367004,0.7
1.0,0.0,3.0,12.0,0.7003367003367004,0.7
1.0,0.0,3.0,20.0,0.7003367003367004,0.7
1.0,0.0,3.0,32.0,0.7003367003367004,0.7
1.0,0.0,3.0,50.0,0.7003367003367004,0.7
1.0,0.0,3.0,80.0,0.7003367003367004,0.7
1.0,0.0,3.0,128.0,0.7003367003367004,0.7
1.0,0.0,5.0,2.0,0.7003367003367004,0.7
1.0,0.0,5.0,3.0,0.7003367003367004,0.7
1.0,0.0,5.0,5.0,0.7003367003367004,0.7
1.0,0.0,5.0,8.0,0.7003367003367004,0.7
1.0,0.0,5.0,12.0,0.7003367003367004,0.7
1.0,0.0,5.0,20.0,0.7003367003367004,0.7
1.0,0.0,5.0,32.0,0.7003367003367004,0.7
1.0,0.0,5.0,50.0,0.7003367003367004,0.7
1.0,0.0,5.0,80.0,0.7003367003367004,0.7
1.0,0.0,5.0,128.0,0.7003367003367004,0.7
1.0,0.0,7.0,2.0,0.7003367003367004,0.7
1.0,0.0,7.0,3.0,0.7003367003367004,0.7
1.0,0.0,7.0,5.0,0.7003367003367004,0.7
1.0,0.0,7.0,8.0,0.7003367003367004,0.7
1.0,0.0,7.0,12.0,0.7003367003367004,0.7
1.0,0.0,7.0,20.0,0.7003367003367004,0.7
1.0,0.0,7.0,32.0,0.7003367003367004,0.7
1.0,0.0,7.0,50.0,0.7003367003367004,0.7
1.0,0.0,7.0,80.0,0.7003367003367004,0.7
1.0,0.0,7.0,128.0,0.7003367003367004,0.7
1.0,0.0,9.0,2.0,0.7003367003367004,0.7
1.0,0.0,9.0,3.0,0.7003367003367004,0.7
1.0,0.0,9.0,5.0,0.7003367003367004,0.7
1.0,0.0,9.0,8.0,0.7003367003367004,0.7
1.0,0.0,9.0,12.0,0.7003367003367004,0.7
1.0,0.0,9.0,20.0,0.7003367003367004,0.7
1.0,0.0,9.0,32.0,0.7003367003367004,0.7
1.0,0.0,9.0,50.0,0.7003367003367004,0.7
1.0,0.0,9.0,80.0,0.7003367003367004,0.7
1.0,0.0,9.0,128.0,0.7003367003367004,0.7
1.0,0.0,11.0,2.0,0.7003367003367004,0.7
1.0,0.0,11.0,3.0,0.7003367003367004,0.7
1.0,0.0,11.0,5.0,0.7003367003367004,0.7
1.0,0.0,11.0,8.0,0.7003367003367004,0.7
1.0,0.0,11.0,12.0,0.7003367003367004,0.7
1.0,0.0,11.0,20.0,0.7003367003367004,0.7
1.0,0.0,11.0,32.0,0.7003367003367004,0.7
1.0,0.0,11.0,50.0,0.7003367003367004,0.7
1.0,0.0,11.0,80.0,0.7003367003367004,0.7
1.0,0.0,11.0,128.0,0.7003367003367004,0.7
1.0,0.0,13.0,2.0,0.7003367003367004,0.7
1.0,0.0,13.0,3.0,0.7003367003367004,0.7
1.0,0.0,13.0,5.0,0.7003367003367004,0.7
1.0,0.0,13.0,8.0,0.7003367003367004,0.7
1.0,0.0,13.0,12.0,0.7003367003367004,0.7
1.0,0.0,13.0,20.0,0.7003367003367004,0.7
1.0,0.0,13.0,32.0,0.7003367003367004,0.7
1.0,0.0,13.0,50.0,0.7003367003367004,0.7
1.0,0.0,13.0,80.0,0.7003367003367004,0.7
1.0,0.0,13.0,128.0,0.7003367003367004,0.7
1.0,0.0,15.0,2.0,0.7003367003367004,0.7
1.0,0.0,15.0,3.0,0.7003367003367004,0.7
1.0,0.0,15.0,5.0,0.7003367003367004,0.7
1.0,0.0,15.0,8.0,0.7003367003367004,0.7
1.0,0.0,15.0,12.0,0.7003367003367004,0.7
1.0,0.0,15.0,20.0,0.7003367003367004,0.7
1.0,0.0,15.0,32.0,0.7003367003367004,0.7
1.0,0.0,15.0,50.0,0.7003367003367004,0.7
1.0,0.0,15.0,80.0,0.7003367003367004,0.7
1.0,0.0,15.0,128.0,0.7003367003367004,0.7
1.0,0.0,17.0,2.0,0.7003367003367004,0.7
1.0,0.0,17.0,3.0,0.7003367003367004,0.7
1.0,0.0,17.0,5.0,0.7003367003367004,0.7
1.0,0.0,17.0,8.0,0.7003367003367004,0.7
1.0,0.0,17.0,12.0,0.7003367003367004,0.7
1.0,0.0,17.0,20.0,0.7003367003367004,0.7
1.0,0.0,17.0,32.0,0.7003367003367004,0.7
1.0,0.0,17.0,50.0,0.7003367003367004,0.7
1.0,0.0,17.0,80.0,0.7003367003367004,0.7
1.0,0.0,17.0,128.0,0.7003367003367004,0.7
1.0,0.0,20.0,2.0,0.7003367003367004,0.7
1.0,0.0,20.0,3.0,0.7003367003367004,0.7
1.0,0.0,20.0,5.0,0.7003367003367004,0.7
1.0,0.0,20.0,8.0,0.7003367003367004,0.7
1.0,0.0,20.0,12.0,0.7003367003367004,0.7
1.0,0.0,20.0,20.0,0.7003367003367004,0.7
1.0,0.0,20.0,32.0,0.7003367003367004,0.7
1.0,0.0,20.0,50.0,0.7003367003367004,0.7
1.0,0.0,20.0,80.0,0.7003367003367004,0.7
1.0,0.0,20.0,128.0,0.7003367003367004,0.7
1.0,0.11111111,1.0,2.0,0.7003367003367004,0.7
1.0,0.11111111,1.0,3.0,0.7003367003367004,0.7
1.0,0.11111111,1.0,5.0,0.7003367003367004,0.7
1.0,0.11111111,1.0,8.0,0.7003367003367004,0.7
1.0,0.11111111,1.0,12.0,0.7003367003367004,0.7
1.0,0.11111111,1.0,20.0,0.7003367003367004,0.7
1.0,0.11111111,1.0,32.0,0.7003367003367004,0.7
1.0,0.11111111,1.0,50.0,0.7003367003367004,0.7
1.0,0.11111111,1.0,80.0,0.7003367003367004,0.7
1.0,0.11111111,1.0,128.0,0.7003367003367004,0.7
1.0,0.11111111,3.0,2.0,0.7003367003367004,0.7
1.0,0.11111111,3.0,3.0,0.7003367003367004,0.7
1.0,0.11111111,3.0,5.0,0.7003367003367004,0.7
1.0,0.11111111,3.0,8.0,0.7003367003367004,0.7
1.0,0.11111111,3.0,12.0,0.7003367003367004,0.7
1.0,0.11111111,3.0,20.0,0.7003367003367004,0.7
1.0,0.11111111,3.0,32.0,0.7003367003367004,0.7
1.0,0.11111111,3.0,50.0,0.7003367003367004,0.7
1.0,0.11111111,3.0,80.0,0.7003367003367004,0.7
1.0,0.11111111,3.0,128.0,0.7003367003367004,0.7
1.0,0.11111111,5.0,2.0,0.7003367003367004,0.7
1.0,0.11111111,5.0,3.0,0.7003367003367004,0.7
1.0,0.11111111,5.0,5.0,0.7003367003367004,0.7
1.0,0.11111111,5.0,8.0,0.7003367003367004,0.7
1.0,0.11111111,5.0,12.0,0.7003367003367004,0.7
1.0,0.11111111,5.0,20.0,0.7003367003367004,0.7
1.0,0.11111111,5.0,32.0,0.7003367003367004,0.7
1.0,0.11111111,5.0,50.0,0.7003367003367004,0.7
1.0,0.11111111,5.0,80.0,0.7003367003367004,0.7
1.0,0.11111111,5.0,128.0,0.7003367003367004,0.7
1.0,0.11111111,7.0,2.0,0.7003367003367004,0.7
1.0,0.11111111,7.0,3.0,0.7003367003367004,0.7
1.0,0.11111111,7.0,5.0,0.7003367003367004,0.7
1.0,0.11111111,7.0,8.0,0.7003367003367004,0.7
1.0,0.11111111,7.0,12.0,0.7003367003367004,0.7
1.0,0.11111111,7.0,20.0,0.7003367003367004,0.7
1.0,0.11111111,7.0,32.0,0.7003367003367004,0.7
1.0,0.11111111,7.0,50.0,0.7003367003367004,0.7
1.0,0.11111111,7.0,80.0,0.7003367003367004,0.7
1.0,0.11111111,7.0,128.0,0.7003367003367004,0.7
1.0,0.11111111,9.0,2.0,0.7003367003367004,0.7
1.0,0.11111111,9.0,3.0,0.7003367003367004,0.7
1.0,0.11111111,9.0,5.0,0.7003367003367004,0.7
1.0,0.11111111,9.0,8.0,0.7003367003367004,0.7
1.0,0.11111111,9.0,12.0,0.7003367003367004,0.7
1.0,0.11111111,9.0,20.0,0.7003367003367004,0.7
1.0,0.11111111,9.0,32.0,0.7003367003367004,0.7
1.0,0.11111111,9.0,50.0,0.7003367003367004,0.7
1.0,0.11111111,9.0,80.0,0.7003367003367004,0.7
1.0,0.11111111,9.0,128.0,0.7003367003367004,0.7
1.0,0.11111111,11.0,2.0,0.7003367003367004,0.7
1.0,0.11111111,11.0,3.0,0.7003367003367004,0.7
1.0,0.11111111,11.0,5.0,0.7003367003367004,0.7
1.0,0.11111111,11.0,8.0,0.7003367003367004,0.7
1.0,0.11111111,11.0,12.0,0.7003367003367004,0.7
1.0,0.11111111,11.0,20.0,0.7003367003367004,0.7
1.0,0.11111111,11.0,32.0,0.7003367003367004,0.7
1.0,0.11111111,11.0,50.0,0.7003367003367004,0.7
1.0,0.11111111,11.0,80.0,0.7003367003367004,0.7
1.0,0.11111111,11.0,128.0,0.7003367003367004,0.7
1.0,0.11111111,13.0,2.0,0.7003367003367004,0.7
1.0,0.11111111,13.0,3.0,0.7003367003367004,0.7
1.0,0.11111111,13.0,5.0,0.7003367003367004,0.7
1.0,0.11111111,13.0,8.0,0.7003367003367004,0.7
1.0,0.11111111,13.0,12.0,0.7003367003367004,0.7
1.0,0.11111111,13.0,20.0,0.7003367003367004,0.7
1.0,0.11111111,13.0,32.0,0.7003367003367004,0.7
1.0,0.11111111,13.0,50.0,0.7003367003367004,0.7
1.0,0.11111111,13.0,80.0,0.7003367003367004,0.7
1.0,0.11111111,13.0,128.0,0.7003367003367004,0.7
1.0,0.11111111,15.0,2.0,0.7003367003367004,0.7
1.0,0.11111111,15.0,3.0,0.7003367003367004,0.7
1.0,0.11111111,15.0,5.0,0.7003367003367004,0.7
1.0,0.11111111,15.0,8.0,0.7003367003367004,0.7
1.0,0.11111111,15.0,12.0,0.7003367003367004,0.7
1.0,0.11111111,15.0,20.0,0.7003367003367004,0.7
1.0,0.11111111,15.0,32.0,0.7003367003367004,0.7
1.0,0.11111111,15.0,50.0,0.7003367003367004,0.7
1.0,0.11111111,15.0,80.0,0.7003367003367004,0.7
1.0,0.11111111,15.0,128.0,0.7003367003367004,0.7
1.0,0.11111111,17.0,2.0,0.7003367003367004,0.7
1.0,0.11111111,17.0,3.0,0.7003367003367004,0.7
1.0,0.11111111,17.0,5.0,0.7003367003367004,0.7
1.0,0.11111111,17.0,8.0,0.7003367003367004,0.7
1.0,0.11111111,17.0,12.0,0.7003367003367004,0.7
1.0,0.11111111,17.0,20.0,0.7003367003367004,0.7
1.0,0.11111111,17.0,32.0,0.7003367003367004,0.7
1.0,0.11111111,17.0,50.0,0.7003367003367004,0.7
1.0,0.11111111,17.0,80.0,0.7003367003367004,0.7
1.0,0.11111111,17.0,128.0,0.7003367003367004,0.7
1.0,0.11111111,20.0,2.0,0.7003367003367004,0.7
1.0,0.11111111,20.0,3.0,0.7003367003367004,0.7
1.0,0.11111111,20.0,5.0,0.7003367003367004,0.7
1.0,0.11111111,20.0,8.0,0.7003367003367004,0.7
1.0,0.11111111,20.0,12.0,0.7003367003367004,0.7
1.0,0.11111111,20.0,20.0,0.7003367003367004,0.7
1.0,0.11111111,20.0,32.0,0.7003367003367004,0.7
1.0,0.11111111,20.0,50.0,0.7003367003367004,0.7
1.0,0.11111111,20.0,80.0,0.7003367003367004,0.7
1.0,0.11111111,20.0,128.0,0.7003367003367004,0.7
1.0,0.22222222,1.0,2.0,0.7003367003367004,0.7
1.0,0.22222222,1.0,3.0,0.7003367003367004,0.7
1.0,0.22222222,1.0,5.0,0.7003367003367004,0.7
1.0,0.22222222,1.0,8.0,0.7003367003367004,0.7
1.0,0.22222222,1.0,12.0,0.7003367003367004,0.7
1.0,0.22222222,1.0,20.0,0.7003367003367004,0.7
1.0,0.22222222,1.0,32.0,0.7003367003367004,0.7
1.0,0.22222222,1.0,50.0,0.7003367003367004,0.7
1.0,0.22222222,1.0,80.0,0.7003367003367004,0.7
1.0,0.22222222,1.0,128.0,0.7003367003367004,0.7
1.0,0.22222222,3.0,2.0,0.7003367003367004,0.7
1.0,0.22222222,3.0,3.0,0.7003367003367004,0.7
1.0,0.22222222,3.0,5.0,0.7003367003367004,0.7
1.0,0.22222222,3.0,8.0,0.7003367003367004,0.7
1.0,0.22222222,3.0,12.0,0.7003367003367004,0.7
1.0,0.22222222,3.0,20.0,0.7003367003367004,0.7
1.0,0.22222222,3.0,32.0,0.7003367003367004,0.7
1.0,0.22222222,3.0,50.0,0.7003367003367004,0.7
1.0,0.22222222,3.0,80.0,0.7003367003367004,0.7
1.0,0.22222222,3.0,128.0,0.7003367003367004,0.7
1.0,0.22222222,5.0,2.0,0.7003367003367004,0.7
1.0,0.22222222,5.0,3.0,0.7003367003367004,0.7
1.0,0.22222222,5.0,5.0,0.7003367003367004,0.7
1.0,0.22222222,5.0,8.0,0.7003367003367004,0.7
1.0,0.22222222,5.0,12.0,0.7003367003367004,0.7
1.0,0.22222222,5.0,20.0,0.7003367003367004,0.7
1.0,0.22222222,5.0,32.0,0.7003367003367004,0.7
1.0,0.22222222,5.0,50.0,0.7003367003367004,0.7
1.0,0.22222222,5.0,80.0,0.7003367003367004,0.7
1.0,0.22222222,5.0,128.0,0.7003367003367004,0.7
1.0,0.22222222,7.0,2.0,0.7003367003367004,0.7
1.0,0.22222222,7.0,3.0,0.7003367003367004,0.7
1.0,0.22222222,7.0,5.0,0.7003367003367004,0.7
1.0,0.22222222,7.0,8.0,0.7003367003367004,0.7
1.0,0.22222222,7.0,12.0,0.7003367003367004,0.7
1.0,0.22222222,7.0,20.0,0.7003367003367004,0.7
1.0,0.22222222,7.0,32.0,0.7003367003367004,0.7
1.0,0.22222222,7.0,50.0,0.7003367003367004,0.7
1.0,0.22222222,7.0,80.0,0.7003367003367004,0.7
1.0,0.22222222,7.0,128.0,0.7003367003367004,0.7
1.0,0.22222222,9.0,2.0,0.7003367003367004,0.7
1.0,0.22222222,9.0,3.0,0.7003367003367004,0.7
1.0,0.22222222,9.0,5.0,0.7003367003367004,0.7
1.0,0.22222222,9.0,8.0,0.7003367003367004,0.7
1.0,0.22222222,9.0,12.0,0.7003367003367004,0.7
1.0,0.22222222,9.0,20.0,0.7003367003367004,0.7
1.0,0.22222222,9.0,32.0,0.7003367003367004,0.7
1.0,0.22222222,9.0,50.0,0.7003367003367004,0.7
1.0,0.22222222,9.0,80.0,0.7003367003367004,0.7
1.0,0.22222222,9.0,128.0,0.7003367003367004,0.7
1.0,0.22222222,11.0,2.0,0.7003367003367004,0.7
1.0,0.22222222,11.0,3.0,0.7003367003367004,0.7
1.0,0.22222222,11.0,5.0,0.7003367003367004,0.7
1.0,0.22222222,11.0,8.0,0.7003367003367004,0.7
1.0,0.22222222,11.0,12.0,0.7003367003367004,0.7
1.0,0.22222222,11.0,20.0,0.7003367003367004,0.7
1.0,0.22222222,11.0,32.0,0.7003367003367004,0.7
1.0,0.22222222,11.0,50.0,0.7003367003367004,0.7
1.0,0.22222222,11.0,80.0,0.7003367003367004,0.7
1.0,0.22222222,11.0,128.0,0.7003367003367004,0.7
1.0,0.22222222,13.0,2.0,0.7003367003367004,0.7
1.0,0.22222222,13.0,3.0,0.7003367003367004,0.7
1.0,0.22222222,13.0,5.0,0.7003367003367004,0.7
1.0,0.22222222,13.0,8.0,0.7003367003367004,0.7
1.0,0.22222222,13.0,12.0,0.7003367003367004,0.7
1.0,0.22222222,13.0,20.0,0.7003367003367004,0.7
1.0,0.22222222,13.0,32.0,0.7003367003367004,0.7
1.0,0.22222222,13.0,50.0,0.7003367003367004,0.7
1.0,0.22222222,13.0,80.0,0.7003367003367004,0.7
1.0,0.22222222,13.0,128.0,0.7003367003367004,0.7
1.0,0.22222222,15.0,2.0,0.7003367003367004,0.7
1.0,0.22222222,15.0,3.0,0.7003367003367004,0.7
1.0,0.22222222,15.0,5.0,0.7003367003367004,0.7
1.0,0.22222222,15.0,8.0,0.7003367003367004,0.7
1.0,0.22222222,15.0,12.0,0.7003367003367004,0.7
1.0,0.22222222,15.0,20.0,0.7003367003367004,0.7
1.0,0.22222222,15.0,32.0,0.7003367003367004,0.7
1.0,0.22222222,15.0,50.0,0.7003367003367004,0.7
1.0,0.22222222,15.0,80.0,0.7003367003367004,0.7
1.0,0.22222222,15.0,128.0,0.7003367003367004,0.7
1.0,0.22222222,17.0,2.0,0.7003367003367004,0.7
1.0,0.22222222,17.0,3.0,0.7003367003367004,0.7
1.0,0.22222222,17.0,5.0,0.7003367003367004,0.7
1.0,0.22222222,17.0,8.0,0.7003367003367004,0.7
1.0,0.22222222,17.0,12.0,0.7003367003367004,0.7
1.0,0.22222222,17.0,20.0,0.7003367003367004,0.7
1.0,0.22222222,17.0,32.0,0.7003367003367004,0.7
1.0,0.22222222,17.0,50.0,0.7003367003367004,0.7
1.0,0.22222222,17.0,80.0,0.7003367003367004,0.7
1.0,0.22222222,17.0,128.0,0.7003367003367004,0.7
1.0,0.22222222,20.0,2.0,0.7003367003367004,0.7
1.0,0.22222222,20.0,3.0,0.7003367003367004,0.7
1.0,0.22222222,20.0,5.0,0.7003367003367004,0.7
1.0,0.22222222,20.0,8.0,0.7003367003367004,0.7
1.0,0.22222222,20.0,12.0,0.7003367003367004,0.7
1.0,0.22222222,20.0,20.0,0.7003367003367004,0.7
1.0,0.22222222,20.0,32.0,0.7003367003367004,0.7
1.0,0.22222222,20.0,50.0,0.7003367003367004,0.7
1.0,0.22222222,20.0,80.0,0.7003367003367004,0.7
1.0,0.22222222,20.0,128.0,0.7003367003367004,0.7
1.0,0.33333334,1.0,2.0,0.7003367003367004,0.7
1.0,0.33333334,1.0,3.0,0.7003367003367004,0.7
1.0,0.33333334,1.0,5.0,0.7003367003367004,0.7
1.0,0.33333334,1.0,8.0,0.7003367003367004,0.7
1.0,0.33333334,1.0,12.0,0.7003367003367004,0.7
1.0,0.33333334,1.0,20.0,0.7003367003367004,0.7
1.0,0.33333334,1.0,32.0,0.7003367003367004,0.7
1.0,0.33333334,1.0,50.0,0.7003367003367004,0.7
1.0,0.33333334,1.0,80.0,0.7003367003367004,0.7
1.0,0.33333334,1.0,128.0,0.7003367003367004,0.7
1.0,0.33333334,3.0,2.0,0.7003367003367004,0.7
1.0,0.33333334,3.0,3.0,0.7003367003367004,0.7
1.0,0.33333334,3.0,5.0,0.7003367003367004,0.7
1.0,0.33333334,3.0,8.0,0.7003367003367004,0.7
1.0,0.33333334,3.0,12.0,0.7003367003367004,0.7
1.0,0.33333334,3.0,20.0,0.7003367003367004,0.7
1.0,0.33333334,3.0,32.0,0.7003367003367004,0.7
1.0,0.33333334,3.0,50.0,0.7003367003367004,0.7
1.0,0.33333334,3.0,80.0,0.7003367003367004,0.7
1.0,0.33333334,3.0,128.0,0.7003367003367004,0.7
1.0,0.33333334,5.0,2.0,0.7003367003367004,0.7
1.0,0.33333334,5.0,3.0,0.7003367003367004,0.7
1.0,0.33333334,5.0,5.0,0.7003367003367004,0.7
1.0,0.33333334,5.0,8.0,0.7003367003367004,0.7
1.0,0.33333334,5.0,12.0,0.7003367003367004,0.7
1.0,0.33333334,5.0,20.0,0.7003367003367004,0.7
1.0,0.33333334,5.0,32.0,0.7003367003367004,0.7
1.0,0.33333334,5.0,50.0,0.7003367003367004,0.7
1.0,0.33333334,5.0,80.0,0.7003367003367004,0.7
1.0,0.33333334,5.0,128.0,0.7003367003367004,0.7
1.0,0.33333334,7.0,2.0,0.7003367003367004,0.7
1.0,0.33333334,7.0,3.0,0.7003367003367004,0.7
1.0,0.33333334,7.0,5.0,0.7003367003367004,0.7
1.0,0.33333334,7.0,8.0,0.7003367003367004,0.7
1.0,0.33333334,7.0,12.0,0.7003367003367004,0.7
1.0,0.33333334,7.0,20.0,0.7003367003367004,0.7
1.0,0.33333334,7.0,32.0,0.7003367003367004,0.7
1.0,0.33333334,7.0,50.0,0.7003367003367004,0.7
1.0,0.33333334,7.0,80.0,0.7003367003367004,0.7
1.0,0.33333334,7.0,128.0,0.7003367003367004,0.7
1.0,0.33333334,9.0,2.0,0.7003367003367004,0.7
1.0,0.33333334,9.0,3.0,0.7003367003367004,0.7
1.0,0.33333334,9.0,5.0,0.7003367003367004,0.7
1.0,0.33333334,9.0,8.0,0.7003367003367004,0.7
1.0,0.33333334,9.0,12.0,0.7003367003367004,0.7
1.0,0.33333334,9.0,20.0,0.7003367003367004,0.7
1.0,0.33333334,9.0,32.0,0.7003367003367004,0.7
1.0,0.33333334,9.0,50.0,0.7003367003367004,0.7
1.0,0.33333334,9.0,80.0,0.7003367003367004,0.7
1.0,0.33333334,9.0,128.0,0.7003367003367004,0.7
1.0,0.33333334,11.0,2.0,0.7003367003367004,0.7
1.0,0.33333334,11.0,3.0,0.7003367003367004,0.7
1.0,0.33333334,11.0,5.0,0.7003367003367004,0.7
1.0,0.33333334,11.0,8.0,0.7003367003367004,0.7
1.0,0.33333334,11.0,12.0,0.7003367003367004,0.7
1.0,0.33333334,11.0,20.0,0.7003367003367004,0.7
1.0,0.33333334,11.0,32.0,0.7003367003367004,0.7
1.0,0.33333334,11.0,50.0,0.7003367003367004,0.7
1.0,0.33333334,11.0,80.0,0.7003367003367004,0.7
1.0,0.33333334,11.0,128.0,0.7003367003367004,0.7
1.0,0.33333334,13.0,2.0,0.7003367003367004,0.7
1.0,0.33333334,13.0,3.0,0.7003367003367004,0.7
1.0,0.33333334,13.0,5.0,0.7003367003367004,0.7
1.0,0.33333334,13.0,8.0,0.7003367003367004,0.7
1.0,0.33333334,13.0,12.0,0.7003367003367004,0.7
1.0,0.33333334,13.0,20.0,0.7003367003367004,0.7
1.0,0.33333334,13.0,32.0,0.7003367003367004,0.7
1.0,0.33333334,13.0,50.0,0.7003367003367004,0.7
1.0,0.33333334,13.0,80.0,0.7003367003367004,0.7
1.0,0.33333334,13.0,128.0,0.7003367003367004,0.7
1.0,0.33333334,15.0,2.0,0.7003367003367004,0.7
1.0,0.33333334,15.0,3.0,0.7003367003367004,0.7
1.0,0.33333334,15.0,5.0,0.7003367003367004,0.7
1.0,0.33333334,15.0,8.0,0.7003367003367004,0.7
1.0,0.33333334,15.0,12.0,0.7003367003367004,0.7
1.0,0.33333334,15.0,20.0,0.7003367003367004,0.7
1.0,0.33333334,15.0,32.0,0.7003367003367004,0.7
1.0,0.33333334,15.0,50.0,0.7003367003367004,0.7
1.0,0.33333334,15.0,80.0,0.7003367003367004,0.7
1.0,0.33333334,15.0,128.0,0.7003367003367004,0.7
1.0,0.33333334,17.0,2.0,0.7003367003367004,0.7
1.0,0.33333334,17.0,3.0,0.7003367003367004,0.7
1.0,0.33333334,17.0,5.0,0.7003367003367004,0.7
1.0,0.33333334,17.0,8.0,0.7003367003367004,0.7
1.0,0.33333334,17.0,12.0,0.7003367003367004,0.7
1.0,0.33333334,17.0,20.0,0.7003367003367004,0.7
1.0,0.33333334,17.0,32.0,0.7003367003367004,0.7
1.0,0.33333334,17.0,50.0,0.7003367003367004,0.7
1.0,0.33333334,17.0,80.0,0.7003367003367004,0.7
1.0,0.33333334,17.0,128.0,0.7003367003367004,0.7
1.0,0.33333334,20.0,2.0,0.7003367003367004,0.7
1.0,0.33333334,20.0,3.0,0.7003367003367004,0.7
1.0,0.33333334,20.0,5.0,0.7003367003367004,0.7
1.0,0.33333334,20.0,8.0,0.7003367003367004,0.7
1.0,0.33333334,20.0,12.0,0.7003367003367004,0.7
1.0,0.33333334,20.0,20.0,0.7003367003367004,0.7
1.0,0.33333334,20.0,32.0,0.7003367003367004,0.7
1.0,0.33333334,20.0,50.0,0.7003367003367004,0.7
1.0,0.33333334,20.0,80.0,0.7003367003367004,0.7
1.0,0.33333334,20.0,128.0,0.7003367003367004,0.7
1.0,0.44444445,1.0,2.0,0.7003367003367004,0.7
1.0,0.44444445,1.0,3.0,0.7003367003367004,0.7
1.0,0.44444445,1.0,5.0,0.7003367003367004,0.7
1.0,0.44444445,1.0,8.0,0.7003367003367004,0.7
1.0,0.44444445,1.0,12.0,0.7003367003367004,0.7
1.0,0.44444445,1.0,20.0,0.7003367003367004,0.7
1.0,0.44444445,1.0,32.0,0.7003367003367004,0.7
1.0,0.44444445,1.0,50.0,0.7003367003367004,0.7
1.0,0.44444445,1.0,80.0,0.7003367003367004,0.7
1.0,0.44444445,1.0,128.0,0.7003367003367004,0.7
1.0,0.44444445,3.0,2.0,0.7003367003367004,0.7
1.0,0.44444445,3.0,3.0,0.7003367003367004,0.7
1.0,0.44444445,3.0,5.0,0.7003367003367004,0.7
1.0,0.44444445,3.0,8.0,0.7003367003367004,0.7
1.0,0.44444445,3.0,12.0,0.7003367003367004,0.7
1.0,0.44444445,3.0,20.0,0.7003367003367004,0.7
1.0,0.44444445,3.0,32.0,0.7003367003367004,0.7
1.0,0.44444445,3.0,50.0,0.7003367003367004,0.7
1.0,0.44444445,3.0,80.0,0.7003367003367004,0.7
1.0,0.44444445,3.0,128.0,0.7003367003367004,0.7
1.0,0.44444445,5.0,2.0,0.7003367003367004,0.7
1.0,0.44444445,5.0,3.0,0.7003367003367004,0.7
1.0,0.44444445,5.0,5.0,0.7003367003367004,0.7
1.0,0.44444445,5.0,8.0,0.7003367003367004,0.7
1.0,0.44444445,5.0,12.0,0.7003367003367004,0.7
1.0,0.44444445,5.0,20.0,0.7003367003367004,0.7
1.0,0.44444445,5.0,32.0,0.7003367003367004,0.7
1.0,0.44444445,5.0,50.0,0.7003367003367004,0.7
1.0,0.44444445,5.0,80.0,0.7003367003367004,0.7
1.0,0.44444445,5.0,128.0,0.7003367003367004,0.7
1.0,0.44444445,7.0,2.0,0.7003367003367004,0.7
1.0,0.44444445,7.0,3.0,0.7003367003367004,0.7
1.0,0.44444445,7.0,5.0,0.7003367003367004,0.7
1.0,0.44444445,7.0,8.0,0.7003367003367004,0.7
1.0,0.44444445,7.0,12.0,0.7003367003367004,0.7
1.0,0.44444445,7.0,20.0,0.7003367003367004,0.7
1.0,0.44444445,7.0,32.0,0.7003367003367004,0.7
1.0,0.44444445,7.0,50.0,0.7003367003367004,0.7
1.0,0.44444445,7.0,80.0,0.7003367003367004,0.7
1.0,0.44444445,7.0,128.0,0.7003367003367004,0.7
1.0,0.44444445,9.0,2.0,0.7003367003367004,0.7
1.0,0.44444445,9.0,3.0,0.7003367003367004,0.7
1.0,0.44444445,9.0,5.0,0.7003367003367004,0.7
1.0,0.44444445,9.0,8.0,0.7003367003367004,0.7
1.0,0.44444445,9.0,12.0,0.7003367003367004,0.7
1.0,0.44444445,9.0,20.0,0.7003367003367004,0.7
1.0,0.44444445,9.0,32.0,0.7003367003367004,0.7
1.0,0.44444445,9.0,50.0,0.7003367003367004,0.7
1.0,0.44444445,9.0,80.0,0.7003367003367004,0.7
1.0,0.44444445,9.0,128.0,0.7003367003367004,0.7
1.0,0.44444445,11.0,2.0,0.7003367003367004,0.7
1.0,0.44444445,11.0,3.0,0.7003367003367004,0.7
1.0,0.44444445,11.0,5.0,0.7003367003367004,0.7
1.0,0.44444445,11.0,8.0,0.7003367003367004,0.7
1.0,0.44444445,11.0,12.0,0.7003367003367004,0.7
1.0,0.44444445,11.0,20.0,0.7003367003367004,0.7
1.0,0.44444445,11.0,32.0,0.7003367003367004,0.7
1.0,0.44444445,11.0,50.0,0.7003367003367004,0.7
1.0,0.44444445,11.0,80.0,0.7003367003367004,0.7
1.0,0.44444445,11.0,128.0,0.7003367003367004,0.7
1.0,0.44444445,13.0,2.0,0.7003367003367004,0.7
1.0,0.44444445,13.0,3.0,0.7003367003367004,0.7
1.0,0.44444445,13.0,5.0,0.7003367003367004,0.7
1.0,0.44444445,13.0,8.0,0.7003367003367004,0.7
1.0,0.44444445,13.0,12.0,0.7003367003367004,0.7
1.0,0.44444445,13.0,20.0,0.7003367003367004,0.7
1.0,0.44444445,13.0,32.0,0.7003367003367004,0.7
1.0,0.44444445,13.0,50.0,0.7003367003367004,0.7
1.0,0.44444445,13.0,80.0,0.7003367003367004,0.7
1.0,0.44444445,13.0,128.0,0.7003367003367004,0.7
1.0,0.44444445,15.0,2.0,0.7003367003367004,0.7
1.0,0.44444445,15.0,3.0,0.7003367003367004,0.7
1.0,0.44444445,15.0,5.0,0.7003367003367004,0.7
1.0,0.44444445,15.0,8.0,0.7003367003367004,0.7
1.0,0.44444445,15.0,12.0,0.7003367003367004,0.7
1.0,0.44444445,15.0,20.0,0.7003367003367004,0.7
1.0,0.44444445,15.0,32.0,0.7003367003367004,0.7
1.0,0.44444445,15.0,50.0,0.7003367003367004,0.7
1.0,0.44444445,15.0,80.0,0.7003367003367004,0.7
1.0,0.44444445,15.0,128.0,0.7003367003367004,0.7
1.0,0.44444445,17.0,2.0,0.7003367003367004,0.7
1.0,0.44444445,17.0,3.0,0.7003367003367004,0.7
1.0,0.44444445,17.0,5.0,0.7003367003367004,0.7
1.0,0.44444445,17.0,8.0,0.7003367003367004,0.7
1.0,0.44444445,17.0,12.0,0.7003367003367004,0.7
1.0,0.44444445,17.0,20.0,0.7003367003367004,0.7
1.0,0.44444445,17.0,32.0,0.7003367003367004,0.7
1.0,0.44444445,17.0,50.0,0.7003367003367004,0.7
1.0,0.44444445,17.0,80.0,0.7003367003367004,0.7
1.0,0.44444445,17.0,128.0,0.7003367003367004,0.7
1.0,0.44444445,20.0,2.0,0.7003367003367004,0.7
1.0,0.44444445,20.0,3.0,0.7003367003367004,0.7
1.0,0.44444445,20.0,5.0,0.7003367003367004,0.7
1.0,0.44444445,20.0,8.0,0.7003367003367004,0.7
1.0,0.44444445,20.0,12.0,0.7003367003367004,0.7
1.0,0.44444445,20.0,20.0,0.7003367003367004,0.7
1.0,0.44444445,20.0,32.0,0.7003367003367004,0.7
1.0,0.44444445,20.0,50.0,0.7003367003367004,0.7
1.0,0.44444445,20.0,80.0,0.7003367003367004,0.7
1.0,0.44444445,20.0,128.0,0.7003367003367004,0.7
1.0,0.5555556,1.0,2.0,0.7003367003367004,0.7
1.0,0.5555556,1.0,3.0,0.7003367003367004,0.7
1.0,0.5555556,1.0,5.0,0.7003367003367004,0.7
1.0,0.5555556,1.0,8.0,0.7003367003367004,0.7
1.0,0.5555556,1.0,12.0,0.7003367003367004,0.7
1.0,0.5555556,1.0,20.0,0.7003367003367004,0.7
1.0,0.5555556,1.0,32.0,0.7003367003367004,0.7
1.0,0.5555556,1.0,50.0,0.7003367003367004,0.7
1.0,0.5555556,1.0,80.0,0.7003367003367004,0.7
1.0,0.5555556,1.0,128.0,0.7003367003367004,0.7
1.0,0.5555556,3.0,2.0,0.7003367003367004,0.7
1.0,0.5555556,3.0,3.0,0.7003367003367004,0.7
1.0,0.5555556,3.0,5.0,0.7003367003367004,0.7
1.0,0.5555556,3.0,8.0,0.7003367003367004,0.7
1.0,0.5555556,3.0,12.0,0.7003367003367004,0.7
1.0,0.5555556,3.0,20.0,0.7003367003367004,0.7
1.0,0.5555556,3.0,32.0,0.7003367003367004,0.7
1.0,0.5555556,3.0,50.0,0.7003367003367004,0.7
1.0,0.5555556,3.0,80.0,0.7003367003367004,0.7
1.0,0.5555556,3.0,128.0,0.7003367003367004,0.7
1.0,0.5555556,5.0,2.0,0.7003367003367004,0.7
1.0,0.5555556,5.0,3.0,0.7003367003367004,0.7
1.0,0.5555556,5.0,5.0,0.7003367003367004,0.7
1.0,0.5555556,5.0,8.0,0.7003367003367004,0.7
1.0,0.5555556,5.0,12.0,0.7003367003367004,0.7
1.0,0.5555556,5.0,20.0,0.7003367003367004,0.7
1.0,0.5555556,5.0,32.0,0.7003367003367004,0.7
1.0,0.5555556,5.0,50.0,0.7003367003367004,0.7
1.0,0.5555556,5.0,80.0,0.7003367003367004,0.7
1.0,0.5555556,5.0,128.0,0.7003367003367004,0.7
1.0,0.5555556,7.0,2.0,0.7003367003367004,0.7
1.0,0.5555556,7.0,3.0,0.7003367003367004,0.7
1.0,0.5555556,7.0,5.0,0.7003367003367004,0.7
1.0,0.5555556,7.0,8.0,0.7003367003367004,0.7
1.0,0.5555556,7.0,12.0,0.7003367003367004,0.7
1.0,0.5555556,7.0,20.0,0.7003367003367004,0.7
1.0,0.5555556,7.0,32.0,0.7003367003367004,0.7
1.0,0.5555556,7.0,50.0,0.7003367003367004,0.7
1.0,0.5555556,7.0,80.0,0.7003367003367004,0.7
1.0,0.5555556,7.0,128.0,0.7003367003367004,0.7
1.0,0.5555556,9.0,2.0,0.7003367003367004,0.7
1.0,0.5555556,9.0,3.0,0.7003367003367004,0.7
1.0,0.5555556,9.0,5.0,0.7003367003367004,0.7
1.0,0.5555556,9.0,8.0,0.7003367003367004,0.7
1.0,0.5555556,9.0,12.0,0.7003367003367004,0.7
1.0,0.5555556,9.0,20.0,0.7003367003367004,0.7
1.0,0.5555556,9.0,32.0,0.7003367003367004,0.7
1.0,0.5555556,9.0,50.0,0.7003367003367004,0.7
1.0,0.5555556,9.0,80.0,0.7003367003367004,0.7
1.0,0.5555556,9.0,128.0,0.7003367003367004,0.7
1.0,0.5555556,11.0,2.0,0.7003367003367004,0.7
1.0,0.5555556,11.0,3.0,0.7003367003367004,0.7
1.0,0.5555556,11.0,5.0,0.7003367003367004,0.7
1.0,0.5555556,11.0,8.0,0.7003367003367004,0.7
1.0,0.5555556,11.0,12.0,0.7003367003367004,0.7
1.0,0.5555556,11.0,20.0,0.7003367003367004,0.7
1.0,0.5555556,11.0,32.0,0.7003367003367004,0.7
1.0,0.5555556,11.0,50.0,0.7003367003367004,0.7
1.0,0.5555556,11.0,80.0,0.7003367003367004,0.7
1.0,0.5555556,11.0,128.0,0.7003367003367004,0.7
1.0,0.5555556,13.0,2.0,0.7003367003367004,0.7
1.0,0.5555556,13.0,3.0,0.7003367003367004,0.7
1.0,0.5555556,13.0,5.0,0.7003367003367004,0.7
1.0,0.5555556,13.0,8.0,0.7003367003367004,0.7
1.0,0.5555556,13.0,12.0,0.7003367003367004,0.7
1.0,0.5555556,13.0,20.0,0.7003367003367004,0.7
1.0,0.5555556,13.0,32.0,0.7003367003367004,0.7
1.0,0.5555556,13.0,50.0,0.7003367003367004,0.7
1.0,0.5555556,13.0,80.0,0.7003367003367004,0.7
1.0,0.5555556,13.0,128.0,0.7003367003367004,0.7
1.0,0.5555556,15.0,2.0,0.7003367003367004,0.7
1.0,0.5555556,15.0,3.0,0.7003367003367004,0.7
1.0,0.5555556,15.0,5.0,0.7003367003367004,0.7
1.0,0.5555556,15.0,8.0,0.7003367003367004,0.7
1.0,0.5555556,15.0,12.0,0.7003367003367004,0.7
1.0,0.5555556,15.0,20.0,0.7003367003367004,0.7
1.0,0.5555556,15.0,32.0,0.7003367003367004,0.7
1.0,0.5555556,15.0,50.0,0.7003367003367004,0.7
1.0,0.5555556,15.0,80.0,0.7003367003367004,0.7
1.0,0.5555556,15.0,128.0,0.7003367003367004,0.7
1.0,0.5555556,17.0,2.0,0.7003367003367004,0.7
1.0,0.5555556,17.0,3.0,0.7003367003367004,0.7
1.0,0.5555556,17.0,5.0,0.7003367003367004,0.7
1.0,0.5555556,17.0,8.0,0.7003367003367004,0.7
1.0,0.5555556,17.0,12.0,0.7003367003367004,0.7
1.0,0.5555556,17.0,20.0,0.7003367003367004,0.7
1.0,0.5555556,17.0,32.0,0.7003367003367004,0.7
1.0,0.5555556,17.0,50.0,0.7003367003367004,0.7
1.0,0.5555556,17.0,80.0,0.7003367003367004,0.7
1.0,0.5555556,17.0,128.0,0.7003367003367004,0.7
1.0,0.5555556,20.0,2.0,0.7003367003367004,0.7
1.0,0.5555556,20.0,3.0,0.7003367003367004,0.7
1.0,0.5555556,20.0,5.0,0.7003367003367004,0.7
1.0,0.5555556,20.0,8.0,0.7003367003367004,0.7
1.0,0.5555556,20.0,12.0,0.7003367003367004,0.7
1.0,0.5555556,20.0,20.0,0.7003367003367004,0.7
1.0,0.5555556,20.0,32.0,0.7003367003367004,0.7
1.0,0.5555556,20.0,50.0,0.7003367003367004,0.7
1.0,0.5555556,20.0,80.0,0.7003367003367004,0.7
1.0,0.5555556,20.0,128.0,0.7003367003367004,0.7
1.0,0.6666667,1.0,2.0,0.7003367003367004,0.7
1.0,0.6666667,1.0,3.0,0.7003367003367004,0.7
1.0,0.6666667,1.0,5.0,0.7003367003367004,0.7
1.0,0.6666667,1.0,8.0,0.7003367003367004,0.7
1.0,0.6666667,1.0,12.0,0.7003367003367004,0.7
1.0,0.6666667,1.0,20.0,0.7003367003367004,0.7
1.0,0.6666667,1.0,32.0,0.7003367003367004,0.7
1.0,0.6666667,1.0,50.0,0.7003367003367004,0.7
1.0,0.6666667,1.0,80.0,0.7003367003367004,0.7
1.0,0.6666667,1.0,128.0,0.7003367003367004,0.7
1.0,0.6666667,3.0,2.0,0.7003367003367004,0.7
1.0,0.6666667,3.0,3.0,0.7003367003367004,0.7
1.0,0.6666667,3.0,5.0,0.7003367003367004,0.7
1.0,0.6666667,3.0,8.0,0.7003367003367004,0.7
1.0,0.6666667,3.0,12.0,0.7003367003367004,0.7
1.0,0.6666667,3.0,20.0,0.7003367003367004,0.7
1.0,0.6666667,3.0,32.0,0.7003367003367004,0.7
1.0,0.6666667,3.0,50.0,0.7003367003367004,0.7
1.0,0.6666667,3.0,80.0,0.7003367003367004,0.7
1.0,0.6666667,3.0,128.0,0.7003367003367004,0.7
1.0,0.6666667,5.0,2.0,0.7003367003367004,0.7
1.0,0.6666667,5.0,3.0,0.7003367003367004,0.7
1.0,0.6666667,5.0,5.0,0.7003367003367004,0.7
1.0,0.6666667,5.0,8.0,0.7003367003367004,0.7
1.0,0.6666667,5.0,12.0,0.7003367003367004,0.7
1.0,0.6666667,5.0,20.0,0.7003367003367004,0.7
1.0,0.6666667,5.0,32.0,0.7003367003367004,0.7
1.0,0.6666667,5.0,50.0,0.7003367003367004,0.7
1.0,0.6666667,5.0,80.0,0.7003367003367004,0.7
1.0,0.6666667,5.0,128.0,0.7003367003367004,0.7
1.0,0.6666667,7.0,2.0,0.7003367003367004,0.7
1.0,0.6666667,7.0,3.0,0.7003367003367004,0.7
1.0,0.6666667,7.0,5.0,0.7003367003367004,0.7
1.0,0.6666667,7.0,8.0,0.7003367003367004,0.7
1.0,0.6666667,7.0,12.0,0.7003367003367004,0.7
1.0,0.6666667,7.0,20.0,0.7003367003367004,0.7
1.0,0.6666667,7.0,32.0,0.7003367003367004,0.7
1.0,0.6666667,7.0,50.0,0.7003367003367004,0.7
1.0,0.6666667,7.0,80.0,0.7003367003367004,0.7
1.0,0.6666667,7.0,128.0,0.7003367003367004,0.7
1.0,0.6666667,9.0,2.0,0.7003367003367004,0.7
1.0,0.6666667,9.0,3.0,0.7003367003367004,0.7
1.0,0.6666667,9.0,5.0,0.7003367003367004,0.7
1.0,0.6666667,9.0,8.0,0.7003367003367004,0.7
1.0,0.6666667,9.0,12.0,0.7003367003367004,0.7
1.0,0.6666667,9.0,20.0,0.7003367003367004,0.7
1.0,0.6666667,9.0,32.0,0.7003367003367004,0.7
1.0,0.6666667,9.0,50.0,0.7003367003367004,0.7
1.0,0.6666667,9.0,80.0,0.7003367003367004,0.7
1.0,0.6666667,9.0,128.0,0.7003367003367004,0.7
1.0,0.6666667,11.0,2.0,0.7003367003367004,0.7
1.0,0.6666667,11.0,3.0,0.7003367003367004,0.7
1.0,0.6666667,11.0,5.0,0.7003367003367004,0.7
1.0,0.6666667,11.0,8.0,0.7003367003367004,0.7
1.0,0.6666667,11.0,12.0,0.7003367003367004,0.7
1.0,0.6666667,11.0,20.0,0.7003367003367004,0.7
1.0,0.6666667,11.0,32.0,0.7003367003367004,0.7
1.0,0.6666667,11.0,50.0,0.7003367003367004,0.7
1.0,0.6666667,11.0,80.0,0.7003367003367004,0.7
1.0,0.6666667,11.0,128.0,0.7003367003367004,0.7
1.0,0.6666667,13.0,2.0,0.7003367003367004,0.7
1.0,0.6666667,13.0,3.0,0.7003367003367004,0.7
1.0,0.6666667,13.0,5.0,0.7003367003367004,0.7
1.0,0.6666667,13.0,8.0,0.7003367003367004,0.7
1.0,0.6666667,13.0,12.0,0.7003367003367004,0.7
1.0,0.6666667,13.0,20.0,0.7003367003367004,0.7
1.0,0.6666667,13.0,32.0,0.7003367003367004,0.7
1.0,0.6666667,13.0,50.0,0.7003367003367004,0.7
1.0,0.6666667,13.0,80.0,0.7003367003367004,0.7
1.0,0.6666667,13.0,128.0,0.7003367003367004,0.7
1.0,0.6666667,15.0,2.0,0.7003367003367004,0.7
1.0,0.6666667,15.0,3.0,0.7003367003367004,0.7
1.0,0.6666667,15.0,5.0,0.7003367003367004,0.7
1.0,0.6666667,15.0,8.0,0.7003367003367004,0.7
1.0,0.6666667,15.0,12.0,0.7003367003367004,0.7
1.0,0.6666667,15.0,20.0,0.7003367003367004,0.7
1.0,0.6666667,15.0,32.0,0.7003367003367004,0.7
1.0,0.6666667,15.0,50.0,0.7003367003367004,0.7
1.0,0.6666667,15.0,80.0,0.7003367003367004,0.7
1.0,0.6666667,15.0,128.0,0.7003367003367004,0.7
1.0,0.6666667,17.0,2.0,0.7003367003367004,0.7
1.0,0.6666667,17.0,3.0,0.7003367003367004,0.7
1.0,0.6666667,17.0,5.0,0.7003367003367004,0.7
1.0,0.6666667,17.0,8.0,0.7003367003367004,0.7
1.0,0.6666667,17.0,12.0,0.7003367003367004,0.7
1.0,0.6666667,17.0,20.0,0.7003367003367004,0.7
1.0,0.6666667,17.0,32.0,0.7003367003367004,0.7
1.0,0.6666667,17.0,50.0,0.7003367003367004,0.7
1.0,0.6666667,17.0,80.0,0.7003367003367004,0.7
1.0,0.6666667,17.0,128.0,0.7003367003367004,0.7
1.0,0.6666667,20.0,2.0,0.7003367003367004,0.7
1.0,0.6666667,20.0,3.0,0.7003367003367004,0.7
1.0,0.6666667,20.0,5.0,0.7003367003367004,0.7
1.0,0.6666667,20.0,8.0,0.7003367003367004,0.7
1.0,0.6666667,20.0,12.0,0.7003367003367004,0.7
1.0,0.6666667,20.0,20.0,0.7003367003367004,0.7
1.0,0.6666667,20.0,32.0,0.7003367003367004,0.7
1.0,0.6666667,20.0,50.0,0.7003367003367004,0.7
1.0,0.6666667,20.0,80.0,0.7003367003367004,0.7
1.0,0.6666667,20.0,128.0,0.7003367003367004,0.7
1.0,0.7777778,1.0,2.0,0.7003367003367004,0.7
1.0,0.7777778,1.0,3.0,0.7003367003367004,0.7
1.0,0.7777778,1.0,5.0,0.7003367003367004,0.7
1.0,0.7777778,1.0,8.0,0.7003367003367004,0.7
1.0,0.7777778,1.0,12.0,0.7003367003367004,0.7
1.0,0.7777778,1.0,20.0,0.7003367003367004,0.7
1.0,0.7777778,1.0,32.0,0.7003367003367004,0.7
1.0,0.7777778,1.0,50.0,0.7003367003367004,0.7
1.0,0.7777778,1.0,80.0,0.7003367003367004,0.7
1.0,0.7777778,1.0,128.0,0.7003367003367004,0.7
1.0,0.7777778,3.0,2.0,0.7003367003367004,0.7
1.0,0.7777778,3.0,3.0,0.7003367003367004,0.7
1.0,0.7777778,3.0,5.0,0.7003367003367004,0.7
1.0,0.7777778,3.0,8.0,0.7003367003367004,0.7
1.0,0.7777778,3.0,12.0,0.7003367003367004,0.7
1.0,0.7777778,3.0,20.0,0.7003367003367004,0.7
1.0,0.7777778,3.0,32.0,0.7003367003367004,0.7
1.0,0.7777778,3.0,50.0,0.7003367003367004,0.7
1.0,0.7777778,3.0,80.0,0.7003367003367004,0.7
1.0,0.7777778,3.0,128.0,0.7003367003367004,0.7
1.0,0.7777778,5.0,2.0,0.7003367003367004,0.7
1.0,0.7777778,5.0,3.0,0.7003367003367004,0.7
1.0,0.7777778,5.0,5.0,0.7003367003367004,0.7
1.0,0.7777778,5.0,8.0,0.7003367003367004,0.7
1.0,0.7777778,5.0,12.0,0.7003367003367004,0.7
1.0,0.7777778,5.0,20.0,0.7003367003367004,0.7
1.0,0.7777778,5.0,32.0,0.7003367003367004,0.7
1.0,0.7777778,5.0,50.0,0.7003367003367004,0.7
1.0,0.7777778,5.0,80.0,0.7003367003367004,0.7
1.0,0.7777778,5.0,128.0,0.7003367003367004,0.7
1.0,0.7777778,7.0,2.0,0.7003367003367004,0.7
1.0,0.7777778,7.0,3.0,0.7003367003367004,0.7
1.0,0.7777778,7.0,5.0,0.7003367003367004,0.7
1.0,0.7777778,7.0,8.0,0.7003367003367004,0.7
1.0,0.7777778,7.0,12.0,0.7003367003367004,0.7
1.0,0.7777778,7.0,20.0,0.7003367003367004,0.7
1.0,0.7777778,7.0,32.0,0.7003367003367004,0.7
1.0,0.7777778,7.0,50.0,0.7003367003367004,0.7
1.0,0.7777778,7.0,80.0,0.7003367003367004,0.7
1.0,0.7777778,7.0,128.0,0.7003367003367004,0.7
1.0,0.7777778,9.0,2.0,0.7003367003367004,0.7
1.0,0.7777778,9.0,3.0,0.7003367003367004,0.7
1.0,0.7777778,9.0,5.0,0.7003367003367004,0.7
1.0,0.7777778,9.0,8.0,0.7003367003367004,0.7
1.0,0.7777778,9.0,12.0,0.7003367003367004,0.7
1.0,0.7777778,9.0,20.0,0.7003367003367004,0.7
1.0,0.7777778,9.0,32.0,0.7003367003367004,0.7
1.0,0.7777778,9.0,50.0,0.7003367003367004,0.7
1.0,0.7777778,9.0,80.0,0.7003367003367004,0.7
1.0,0.7777778,9.0,128.0,0.7003367003367004,0.7
1.0,0.7777778,11.0,2.0,0.7003367003367004,0.7
1.0,0.7777778,11.0,3.0,0.7003367003367004,0.7
1.0,0.7777778,11.0,5.0,0.7003367003367004,0.7
1.0,0.7777778,11.0,8.0,0.7003367003367004,0.7
1.0,0.7777778,11.0,12.0,0.7003367003367004,0.7
1.0,0.7777778,11.0,20.0,0.7003367003367004,0.7
1.0,0.7777778,11.0,32.0,0.7003367003367004,0.7
1.0,0.7777778,11.0,50.0,0.7003367003367004,0.7
1.0,0.7777778,11.0,80.0,0.7003367003367004,0.7
1.0,0.7777778,11.0,128.0,0.7003367003367004,0.7
1.0,0.7777778,13.0,2.0,0.7003367003367004,0.7
1.0,0.7777778,13.0,3.0,0.7003367003367004,0.7
1.0,0.7777778,13.0,5.0,0.7003367003367004,0.7
1.0,0.7777778,13.0,8.0,0.7003367003367004,0.7
1.0,0.7777778,13.0,12.0,0.7003367003367004,0.7
1.0,0.7777778,13.0,20.0,0.7003367003367004,0.7
1.0,0.7777778,13.0,32.0,0.7003367003367004,0.7
1.0,0.7777778,13.0,50.0,0.7003367003367004,0.7
1.0,0.7777778,13.0,80.0,0.7003367003367004,0.7
1.0,0.7777778,13.0,128.0,0.7003367003367004,0.7
1.0,0.7777778,15.0,2.0,0.7003367003367004,0.7
1.0,0.7777778,15.0,3.0,0.7003367003367004,0.7
1.0,0.7777778,15.0,5.0,0.7003367003367004,0.7
1.0,0.7777778,15.0,8.0,0.7003367003367004,0.7
1.0,0.7777778,15.0,12.0,0.7003367003367004,0.7
1.0,0.7777778,15.0,20.0,0.7003367003367004,0.7
1.0,0.7777778,15.0,32.0,0.7003367003367004,0.7
1.0,0.7777778,15.0,50.0,0.7003367003367004,0.7
1.0,0.7777778,15.0,80.0,0.7003367003367004,0.7
1.0,0.7777778,15.0,128.0,0.7003367003367004,0.7
1.0,0.7777778,17.0,2.0,0.7003367003367004,0.7
1.0,0.7777778,17.0,3.0,0.7003367003367004,0.7
1.0,0.7777778,17.0,5.0,0.7003367003367004,0.7
1.0,0.7777778,17.0,8.0,0.7003367003367004,0.7
1.0,0.7777778,17.0,12.0,0.7003367003367004,0.7
1.0,0.7777778,17.0,20.0,0.7003367003367004,0.7
1.0,0.7777778,17.0,32.0,0.7003367003367004,0.7
1.0,0.7777778,17.0,50.0,0.7003367003367004,0.7
1.0,0.7777778,17.0,80.0,0.7003367003367004,0.7
1.0,0.7777778,17.0,128.0,0.7003367003367004,0.7
1.0,0.7777778,20.0,2.0,0.7003367003367004,0.7
1.0,0.7777778,20.0,3.0,0.7003367003367004,0.7
1.0,0.7777778,20.0,5.0,0.7003367003367004,0.7
1.0,0.7777778,20.0,8.0,0.7003367003367004,0.7
1.0,0.7777778,20.0,12.0,0.7003367003367004,0.7
1.0,0.7777778,20.0,20.0,0.7003367003367004,0.7
1.0,0.7777778,20.0,32.0,0.7003367003367004,0.7
1.0,0.7777778,20.0,50.0,0.7003367003367004,0.7
1.0,0.7777778,20.0,80.0,0.7003367003367004,0.7
1.0,0.7777778,20.0,128.0,0.7003367003367004,0.7
1.0,0.8888889,1.0,2.0,0.7003367003367004,0.7
1.0,0.8888889,1.0,3.0,0.7003367003367004,0.7
1.0,0.8888889,1.0,5.0,0.7003367003367004,0.7
1.0,0.8888889,1.0,8.0,0.7003367003367004,0.7
1.0,0.8888889,1.0,12.0,0.7003367003367004,0.7
1.0,0.8888889,1.0,20.0,0.7003367003367004,0.7
1.0,0.8888889,1.0,32.0,0.7003367003367004,0.7
1.0,0.8888889,1.0,50.0,0.7003367003367004,0.7
1.0,0.8888889,1.0,80.0,0.7003367003367004,0.7
1.0,0.8888889,1.0,128.0,0.7003367003367004,0.7
1.0,0.8888889,3.0,2.0,0.7003367003367004,0.7
1.0,0.8888889,3.0,3.0,0.7003367003367004,0.7
1.0,0.8888889,3.0,5.0,0.7003367003367004,0.7
1.0,0.8888889,3.0,8.0,0.7003367003367004,0.7
1.0,0.8888889,3.0,12.0,0.7003367003367004,0.7
1.0,0.8888889,3.0,20.0,0.7003367003367004,0.7
1.0,0.8888889,3.0,32.0,0.7003367003367004,0.7
1.0,0.8888889,3.0,50.0,0.7003367003367004,0.7
1.0,0.8888889,3.0,80.0,0.7003367003367004,0.7
1.0,0.8888889,3.0,128.0,0.7003367003367004,0.7
1.0,0.8888889,5.0,2.0,0.7003367003367004,0.7
1.0,0.8888889,5.0,3.0,0.7003367003367004,0.7
1.0,0.8888889,5.0,5.0,0.7003367003367004,0.7
1.0,0.8888889,5.0,8.0,0.7003367003367004,0.7
1.0,0.8888889,5.0,12.0,0.7003367003367004,0.7
1.0,0.8888889,5.0,20.0,0.7003367003367004,0.7
1.0,0.8888889,5.0,32.0,0.7003367003367004,0.7
1.0,0.8888889,5.0,50.0,0.7003367003367004,0.7
1.0,0.8888889,5.0,80.0,0.7003367003367004,0.7
1.0,0.8888889,5.0,128.0,0.7003367003367004,0.7
1.0,0.8888889,7.0,2.0,0.7003367003367004,0.7
1.0,0.8888889,7.0,3.0,0.7003367003367004,0.7
1.0,0.8888889,7.0,5.0,0.7003367003367004,0.7
1.0,0.8888889,7.0,8.0,0.7003367003367004,0.7
1.0,0.8888889,7.0,12.0,0.7003367003367004,0.7
1.0,0.8888889,7.0,20.0,0.7003367003367004,0.7
1.0,0.8888889,7.0,32.0,0.7003367003367004,0.7
1.0,0.8888889,7.0,50.0,0.7003367003367004,0.7
1.0,0.8888889,7.0,80.0,0.7003367003367004,0.7
1.0,0.8888889,7.0,128.0,0.7003367003367004,0.7
1.0,0.8888889,9.0,2.0,0.7003367003367004,0.7
1.0,0.8888889,9.0,3.0,0.7003367003367004,0.7
1.0,0.8888889,9.0,5.0,0.7003367003367004,0.7
1.0,0.8888889,9.0,8.0,0.7003367003367004,0.7
1.0,0.8888889,9.0,12.0,0.7003367003367004,0.7
1.0,0.8888889,9.0,20.0,0.7003367003367004,0.7
1.0,0.8888889,9.0,32.0,0.7003367003367004,0.7
1.0,0.8888889,9.0,50.0,0.7003367003367004,0.7
1.0,0.8888889,9.0,80.0,0.7003367003367004,0.7
1.0,0.8888889,9.0,128.0,0.7003367003367004,0.7
1.0,0.8888889,11.0,2.0,0.7003367003367004,0.7
1.0,0.8888889,11.0,3.0,0.7003367003367004,0.7
1.0,0.8888889,11.0,5.0,0.7003367003367004,0.7
1.0,0.8888889,11.0,8.0,0.7003367003367004,0.7
1.0,0.8888889,11.0,12.0,0.7003367003367004,0.7
1.0,0.8888889,11.0,20.0,0.7003367003367004,0.7
1.0,0.8888889,11.0,32.0,0.7003367003367004,0.7
1.0,0.8888889,11.0,50.0,0.7003367003367004,0.7
1.0,0.8888889,11.0,80.0,0.7003367003367004,0.7
1.0,0.8888889,11.0,128.0,0.7003367003367004,0.7
1.0,0.8888889,13.0,2.0,0.7003367003367004,0.7
1.0,0.8888889,13.0,3.0,0.7003367003367004,0.7
1.0,0.8888889,13.0,5.0,0.7003367003367004,0.7
1.0,0.8888889,13.0,8.0,0.7003367003367004,0.7
1.0,0.8888889,13.0,12.0,0.7003367003367004,0.7
1.0,0.8888889,13.0,20.0,0.7003367003367004,0.7
1.0,0.8888889,13.0,32.0,0.7003367003367004,0.7
1.0,0.8888889,13.0,50.0,0.7003367003367004,0.7
1.0,0.8888889,13.0,80.0,0.7003367003367004,0.7
1.0,0.8888889,13.0,128.0,0.7003367003367004,0.7
1.0,0.8888889,15.0,2.0,0.7003367003367004,0.7
1.0,0.8888889,15.0,3.0,0.7003367003367004,0.7
1.0,0.8888889,15.0,5.0,0.7003367003367004,0.7
1.0,0.8888889,15.0,8.0,0.7003367003367004,0.7
1.0,0.8888889,15.0,12.0,0.7003367003367004,0.7
1.0,0.8888889,15.0,20.0,0.7003367003367004,0.7
1.0,0.8888889,15.0,32.0,0.7003367003367004,0.7
1.0,0.8888889,15.0,50.0,0.7003367003367004,0.7
1.0,0.8888889,15.0,80.0,0.7003367003367004,0.7
1.0,0.8888889,15.0,128.0,0.7003367003367004,0.7
1.0,0.8888889,17.0,2.0,0.7003367003367004,0.7
1.0,0.8888889,17.0,3.0,0.7003367003367004,0.7
1.0,0.8888889,17.0,5.0,0.7003367003367004,0.7
1.0,0.8888889,17.0,8.0,0.7003367003367004,0.7
1.0,0.8888889,17.0,12.0,0.7003367003367004,0.7
1.0,0.8888889,17.0,20.0,0.7003367003367004,0.7
1.0,0.8888889,17.0,32.0,0.7003367003367004,0.7
1.0,0.8888889,17.0,50.0,0.7003367003367004,0.7
1.0,0.8888889,17.0,80.0,0.7003367003367004,0.7
1.0,0.8888889,17.0,128.0,0.7003367003367004,0.7
1.0,0.8888889,20.0,2.0,0.7003367003367004,0.7
1.0,0.8888889,20.0,3.0,0.7003367003367004,0.7
1.0,0.8888889,20.0,5.0,0.7003367003367004,0.7
1.0,0.8888889,20.0,8.0,0.7003367003367004,0.7
1.0,0.8888889,20.0,12.0,0.7003367003367004,0.7
1.0,0.8888889,20.0,20.0,0.7003367003367004,0.7
1.0,0.8888889,20.0,32.0,0.7003367003367004,0.7
1.0,0.8888889,20.0,50.0,0.7003367003367004,0.7
1.0,0.8888889,20.0,80.0,0.7003367003367004,0.7
1.0,0.8888889,20.0,128.0,0.7003367003367004,0.7
1.0,1.0,1.0,2.0,0.7003367003367004,0.7
1.0,1.0,1.0,3.0,0.7003367003367004,0.7
1.0,1.0,1.0,5.0,0.7003367003367004,0.7
1.0,1.0,1.0,8.0,0.7003367003367004,0.7
1.0,1.0,1.0,12.0,0.7003367003367004,0.7
1.0,1.0,1.0,20.0,0.7003367003367004,0.7
1.0,1.0,1.0,32.0,0.7003367003367004,0.7
1.0,1.0,1.0,50.0,0.7003367003367004,0.7
1.0,1.0,1.0,80.0,0.7003367003367004,0.7
1.0,1.0,1.0,128.0,0.7003367003367004,0.7
1.0,1.0,3.0,2.0,0.7003367003367004,0.7
1.0,1.0,3.0,3.0,0.7003367003367004,0.7
1.0,1.0,3.0,5.0,0.7003367003367004,0.7
1.0,1.0,3.0,8.0,0.7003367003367004,0.7
1.0,1.0,3.0,12.0,0.7003367003367004,0.7
1.0,1.0,3.0,20.0,0.7003367003367004,0.7
1.0,1.0,3.0,32.0,0.7003367003367004,0.7
1.0,1.0,3.0,50.0,0.7003367003367004,0.7
1.0,1.0,3.0,80.0,0.7003367003367004,0.7
1.0,1.0,3.0,128.0,0.7003367003367004,0.7
1.0,1.0,5.0,2.0,0.7003367003367004,0.7
1.0,1.0,5.0,3.0,0.7003367003367004,0.7
1.0,1.0,5.0,5.0,0.7003367003367004,0.7
1.0,1.0,5.0,8.0,0.7003367003367004,0.7
1.0,1.0,5.0,12.0,0.7003367003367004,0.7
1.0,1.0,5.0,20.0,0.7003367003367004,0.7
1.0,1.0,5.0,32.0,0.7003367003367004,0.7
1.0,1.0,5.0,50.0,0.7003367003367004,0.7
1.0,1.0,5.0,80.0,0.7003367003367004,0.7
1.0,1.0,5.0,128.0,0.7003367003367004,0.7
1.0,1.0,7.0,2.0,0.7003367003367004,0.7
1.0,1.0,7.0,3.0,0.7003367003367004,0.7
1.0,1.0,7.0,5.0,0.7003367003367004,0.7
1.0,1.0,7.0,8.0,0.7003367003367004,0.7
1.0,1.0,7.0,12.0,0.7003367003367004,0.7
1.0,1.0,7.0,20.0,0.7003367003367004,0.7
1.0,1.0,7.0,32.0,0.7003367003367004,0.7
1.0,1.0,7.0,50.0,0.7003367003367004,0.7
1.0,1.0,7.0,80.0,0.7003367003367004,0.7
1.0,1.0,7.0,128.0,0.7003367003367004,0.7
1.0,1.0,9.0,2.0,0.7003367003367004,0.7
1.0,1.0,9.0,3.0,0.7003367003367004,0.7
1.0,1.0,9.0,5.0,0.7003367003367004,0.7
1.0,1.0,9.0,8.0,0.7003367003367004,0.7
1.0,1.0,9.0,12.0,0.7003367003367004,0.7
1.0,1.0,9.0,20.0,0.7003367003367004,0.7
1.0,1.0,9.0,32.0,0.7003367003367004,0.7
1.0,1.0,9.0,50.0,0.7003367003367004,0.7
1.0,1.0,9.0,80.0,0.7003367003367004,0.7
1.0,1.0,9.0,128.0,0.7003367003367004,0.7
1.0,1.0,11.0,2.0,0.7003367003367004,0.7
1.0,1.0,11.0,3.0,0.7003367003367004,0.7
1.0,1.0,11.0,5.0,0.7003367003367004,0.7
1.0,1.0,11.0,8.0,0.7003367003367004,0.7
1.0,1.0,11.0,12.0,0.7003367003367004,0.7
1.0,1.0,11.0,20.0,0.7003367003367004,0.7
1.0,1.0,11.0,32.0,0.7003367003367004,0.7
1.0,1.0,11.0,50.0,0.7003367003367004,0.7
1.0,1.0,11.0,80.0,0.7003367003367004,0.7
1.0,1.0,11.0,128.0,0.7003367003367004,0.7
1.0,1.0,13.0,2.0,0.7003367003367004,0.7
1.0,1.0,13.0,3.0,0.7003367003367004,0.7
1.0,1.0,13.0,5.0,0.7003367003367004,0.7
1.0,1.0,13.0,8.0,0.7003367003367004,0.7
1.0,1.0,13.0,12.0,0.7003367003367004,0.7
1.0,1.0,13.0,20.0,0.7003367003367004,0.7
1.0,1.0,13.0,32.0,0.7003367003367004,0.7
1.0,1.0,13.0,50.0,0.7003367003367004,0.7
1.0,1.0,13.0,80.0,0.7003367003367004,0.7
1.0,1.0,13.0,128.0,0.7003367003367004,0.7
1.0,1.0,15.0,2.0,0.7003367003367004,0.7
1.0,1.0,15.0,3.0,0.7003367003367004,0.7
1.0,1.0,15.0,5.0,0.7003367003367004,0.7
1.0,1.0,15.0,8.0,0.7003367003367004,0.7
1.0,1.0,15.0,12.0,0.7003367003367004,0.7
1.0,1.0,15.0,20.0,0.7003367003367004,0.7
1.0,1.0,15.0,32.0,0.7003367003367004,0.7
1.0,1.0,15.0,50.0,0.7003367003367004,0.7
1.0,1.0,15.0,80.0,0.7003367003367004,0.7
1.0,1.0,15.0,128.0,0.7003367003367004,0.7
1.0,1.0,17.0,2.0,0.7003367003367004,0.7
1.0,1.0,17.0,3.0,0.7003367003367004,0.7
1.0,1.0,17.0,5.0,0.7003367003367004,0.7
1.0,1.0,17.0,8.0,0.7003367003367004,0.7
1.0,1.0,17.0,12.0,0.7003367003367004,0.7
1.0,1.0,17.0,20.0,0.7003367003367004,0.7
1.0,1.0,17.0,32.0,0.7003367003367004,0.7
1.0,1.0,17.0,50.0,0.7003367003367004,0.7
1.0,1.0,17.0,80.0,0.7003367003367004,0.7
1.0,1.0,17.0,128.0,0.7003367003367004,0.7
1.0,1.0,20.0,2.0,0.7003367003367004,0.7
1.0,1.0,20.0,3.0,0.7003367003367004,0.7
1.0,1.0,20.0,5.0,0.7003367003367004,0.7
1.0,1.0,20.0,8.0,0.7003367003367004,0.7
1.0,1.0,20.0,12.0,0.7003367003367004,0.7
1.0,1.0,20.0,20.0,0.7003367003367004,0.7
1.0,1.0,20.0,32.0,0.7003367003367004,0.7
1.0,1.0,20.0,50.0,0.7003367003367004,0.7
1.0,1.0,20.0,80.0,0.7003367003367004,0.7
1.0,1.0,20.0,128.0,0.7003367003367004,0.7
2.0,0.0,1.0,2.0,0.7003367003367004,0.7
2.0,0.0,1.0,3.0,0.7003367003367004,0.7
2.0,0.0,1.0,5.0,0.7003367003367004,0.7
2.0,0.0,1.0,8.0,0.7003367003367004,0.7
2.0,0.0,1.0,12.0,0.7003367003367004,0.7
2.0,0.0,1.0,20.0,0.7003367003367004,0.7
2.0,0.0,1.0,32.0,0.7003367003367004,0.7
2.0,0.0,1.0,50.0,0.7003367003367004,0.7
2.0,0.0,1.0,80.0,0.7003367003367004,0.7
2.0,0.0,1.0,128.0,0.7003367003367004,0.7
2.0,0.0,3.0,2.0,0.7003367003367004,0.7
2.0,0.0,3.0,3.0,0.7003367003367004,0.7
2.0,0.0,3.0,5.0,0.7003367003367004,0.7
2.0,0.0,3.0,8.0,0.7003367003367004,0.7
2.0,0.0,3.0,12.0,0.7003367003367004,0.7
2.0,0.0,3.0,20.0,0.7003367003367004,0.7
2.0,0.0,3.0,32.0,0.7003367003367004,0.7
2.0,0.0,3.0,50.0,0.7003367003367004,0.7
2.0,0.0,3.0,80.0,0.7003367003367004,0.7
2.0,0.0,3.0,128.0,0.7003367003367004,0.7
2.0,0.0,5.0,2.0,0.7003367003367004,0.7
2.0,0.0,5.0,3.0,0.7003367003367004,0.7
2.0,0.0,5.0,5.0,0.7003367003367004,0.7
2.0,0.0,5.0,8.0,0.7003367003367004,0.7
2.0,0.0,5.0,12.0,0.7003367003367004,0.7
2.0,0.0,5.0,20.0,0.7003367003367004,0.7
2.0,0.0,5.0,32.0,0.7003367003367004,0.7
2.0,0.0,5.0,50.0,0.7003367003367004,0.7
2.0,0.0,5.0,80.0,0.7003367003367004,0.7
2.0,0.0,5.0,128.0,0.7003367003367004,0.7
2.0,0.0,7.0,2.0,0.7003367003367004,0.7
2.0,0.0,7.0,3.0,0.7003367003367004,0.7
2.0,0.0,7.0,5.0,0.7003367003367004,0.7
2.0,0.0,7.0,8.0,0.7003367003367004,0.7
2.0,0.0,7.0,12.0,0.7003367003367004,0.7
2.0,0.0,7.0,20.0,0.7003367003367004,0.7
2.0,0.0,7.0,32.0,0.7003367003367004,0.7
2.0,0.0,7.0,50.0,0.7003367003367004,0.7
2.0,0.0,7.0,80.0,0.7003367003367004,0.7
2.0,0.0,7.0,128.0,0.7003367003367004,0.7
2.0,0.0,9.0,2.0,0.7003367003367004,0.7
2.0,0.0,9.0,3.0,0.7003367003367004,0.7
2.0,0.0,9.0,5.0,0.7003367003367004,0.7
2.0,0.0,9.0,8.0,0.7003367003367004,0.7
2.0,0.0,9.0,12.0,0.7003367003367004,0.7
2.0,0.0,9.0,20.0,0.7003367003367004,0.7
2.0,0.0,9.0,32.0,0.7003367003367004,0.7
2.0,0.0,9.0,50.0,0.7003367003367004,0.7
2.0,0.0,9.0,80.0,0.7003367003367004,0.7
2.0,0.0,9.0,128.0,0.7003367003367004,0.7
2.0,0.0,11.0,2.0,0.7003367003367004,0.7
2.0,0.0,11.0,3.0,0.7003367003367004,0.7
2.0,0.0,11.0,5.0,0.7003367003367004,0.7
2.0,0.0,11.0,8.0,0.7003367003367004,0.7
2.0,0.0,11.0,12.0,0.7003367003367004,0.7
2.0,0.0,11.0,20.0,0.7003367003367004,0.7
2.0,0.0,11.0,32.0,0.7003367003367004,0.7
2.0,0.0,11.0,50.0,0.7003367003367004,0.7
2.0,0.0,11.0,80.0,0.7003367003367004,0.7
2.0,0.0,11.0,128.0,0.7003367003367004,0.7
2.0,0.0,13.0,2.0,0.7003367003367004,0.7
2.0,0.0,13.0,3.0,0.7003367003367004,0.7
2.0,0.0,13.0,5.0,0.7003367003367004,0.7
2.0,0.0,13.0,8.0,0.7003367003367004,0.7
2.0,0.0,13.0,12.0,0.7003367003367004,0.7
2.0,0.0,13.0,20.0,0.7003367003367004,0.7
2.0,0.0,13.0,32.0,0.7003367003367004,0.7
2.0,0.0,13.0,50.0,0.7003367003367004,0.7
2.0,0.0,13.0,80.0,0.7003367003367004,0.7
2.0,0.0,13.0,128.0,0.7003367003367004,0.7
2.0,0.0,15.0,2.0,0.7003367003367004,0.7
2.0,0.0,15.0,3.0,0.7003367003367004,0.7
2.0,0.0,15.0,5.0,0.7003367003367004,0.7
2.0,0.0,15.0,8.0,0.7003367003367004,0.7
2.0,0.0,15.0,12.0,0.7003367003367004,0.7
2.0,0.0,15.0,20.0,0.7003367003367004,0.7
2.0,0.0,15.0,32.0,0.7003367003367004,0.7
2.0,0.0,15.0,50.0,0.7003367003367004,0.7
2.0,0.0,15.0,80.0,0.7003367003367004,0.7
2.0,0.0,15.0,128.0,0.7003367003367004,0.7
2.0,0.0,17.0,2.0,0.7003367003367004,0.7
2.0,0.0,17.0,3.0,0.7003367003367004,0.7
2.0,0.0,17.0,5.0,0.7003367003367004,0.7
2.0,0.0,17.0,8.0,0.7003367003367004,0.7
2.0,0.0,17.0,12.0,0.7003367003367004,0.7
2.0,0.0,17.0,20.0,0.7003367003367004,0.7
2.0,0.0,17.0,32.0,0.7003367003367004,0.7
2.0,0.0,17.0,50.0,0.7003367003367004,0.7
2.0,0.0,17.0,80.0,0.7003367003367004,0.7
2.0,0.0,17.0,128.0,0.7003367003367004,0.7
2.0,0.0,20.0,2.0,0.7003367003367004,0.7
2.0,0.0,20.0,3.0,0.7003367003367004,0.7
2.0,0.0,20.0,5.0,0.7003367003367004,0.7
2.0,0.0,20.0,8.0,0.7003367003367004,0.7
2.0,0.0,20.0,12.0,0.7003367003367004,0.7
2.0,0.0,20.0,20.0,0.7003367003367004,0.7
2.0,0.0,20.0,32.0,0.7003367003367004,0.7
2.0,0.0,20.0,50.0,0.7003367003367004,0.7
2.0,0.0,20.0,80.0,0.7003367003367004,0.7
2.0,0.0,20.0,128.0,0.7003367003367004,0.7
2.0,0.11111111,1.0,2.0,0.7003367003367004,0.7
2.0,0.11111111,1.0,3.0,0.7003367003367004,0.7
2.0,0.11111111,1.0,5.0,0.7003367003367004,0.7
2.0,0.11111111,1.0,8.0,0.7003367003367004,0.7
2.0,0.11111111,1.0,12.0,0.7003367003367004,0.7
2.0,0.11111111,1.0,20.0,0.7003367003367004,0.7
2.0,0.11111111,1.0,32.0,0.7003367003367004,0.7
2.0,0.11111111,1.0,50.0,0.7003367003367004,0.7
2.0,0.11111111,1.0,80.0,0.7003367003367004,0.7
2.0,0.11111111,1.0,128.0,0.7003367003367004,0.7
2.0,0.11111111,3.0,2.0,0.7003367003367004,0.7
2.0,0.11111111,3.0,3.0,0.7003367003367004,0.7
2.0,0.11111111,3.0,5.0,0.7003367003367004,0.7
2.0,0.11111111,3.0,8.0,0.7003367003367004,0.7
2.0,0.11111111,3.0,12.0,0.7003367003367004,0.7
2.0,0.11111111,3.0,20.0,0.7003367003367004,0.7
2.0,0.11111111,3.0,32.0,0.7003367003367004,0.7
2.0,0.11111111,3.0,50.0,0.7003367003367004,0.7
2.0,0.11111111,3.0,80.0,0.7003367003367004,0.7
2.0,0.11111111,3.0,128.0,0.7003367003367004,0.7
2.0,0.11111111,5.0,2.0,0.7003367003367004,0.7
2.0,0.11111111,5.0,3.0,0.7003367003367004,0.7
2.0,0.11111111,5.0,5.0,0.7003367003367004,0.7
2.0,0.11111111,5.0,8.0,0.7003367003367004,0.7
2.0,0.11111111,5.0,12.0,0.7003367003367004,0.7
2.0,0.11111111,5.0,20.0,0.7003367003367004,0.7
2.0,0.11111111,5.0,32.0,0.7003367003367004,0.7
2.0,0.11111111,5.0,50.0,0.7003367003367004,0.7
2.0,0.11111111,5.0,80.0,0.7003367003367004,0.7
2.0,0.11111111,5.0,128.0,0.7003367003367004,0.7
2.0,0.11111111,7.0,2.0,0.7003367003367004,0.7
2.0,0.11111111,7.0,3.0,0.7003367003367004,0.7
2.0,0.11111111,7.0,5.0,0.7003367003367004,0.7
2.0,0.11111111,7.0,8.0,0.7003367003367004,0.7
2.0,0.11111111,7.0,12.0,0.7003367003367004,0.7
2.0,0.11111111,7.0,20.0,0.7003367003367004,0.7
2.0,0.11111111,7.0,32.0,0.7003367003367004,0.7
2.0,0.11111111,7.0,50.0,0.7003367003367004,0.7
2.0,0.11111111,7.0,80.0,0.7003367003367004,0.7
2.0,0.11111111,7.0,128.0,0.7003367003367004,0.7
2.0,0.11111111,9.0,2.0,0.7003367003367004,0.7
2.0,0.11111111,9.0,3.0,0.7003367003367004,0.7
2.0,0.11111111,9.0,5.0,0.7003367003367004,0.7
2.0,0.11111111,9.0,8.0,0.7003367003367004,0.7
2.0,0.11111111,9.0,12.0,0.7003367003367004,0.7
2.0,0.11111111,9.0,20.0,0.7003367003367004,0.7
2.0,0.11111111,9.0,32.0,0.7003367003367004,0.7
2.0,0.11111111,9.0,50.0,0.7003367003367004,0.7
2.0,0.11111111,9.0,80.0,0.7003367003367004,0.7
2.0,0.11111111,9.0,128.0,0.7003367003367004,0.7
2.0,0.11111111,11.0,2.0,0.7003367003367004,0.7
2.0,0.11111111,11.0,3.0,0.7003367003367004,0.7
2.0,0.11111111,11.0,5.0,0.7003367003367004,0.7
2.0,0.11111111,11.0,8.0,0.7003367003367004,0.7
2.0,0.11111111,11.0,12.0,0.7003367003367004,0.7
2.0,0.11111111,11.0,20.0,0.7003367003367004,0.7
2.0,0.11111111,11.0,32.0,0.7003367003367004,0.7
2.0,0.11111111,11.0,50.0,0.7003367003367004,0.7
2.0,0.11111111,11.0,80.0,0.7003367003367004,0.7
2.0,0.11111111,11.0,128.0,0.7003367003367004,0.7
2.0,0.11111111,13.0,2.0,0.7003367003367004,0.7
2.0,0.11111111,13.0,3.0,0.7003367003367004,0.7
2.0,0.11111111,13.0,5.0,0.7003367003367004,0.7
2.0,0.11111111,13.0,8.0,0.7003367003367004,0.7
2.0,0.11111111,13.0,12.0,0.7003367003367004,0.7
2.0,0.11111111,13.0,20.0,0.7003367003367004,0.7
2.0,0.11111111,13.0,32.0,0.7003367003367004,0.7
2.0,0.11111111,13.0,50.0,0.7003367003367004,0.7
2.0,0.11111111,13.0,80.0,0.7003367003367004,0.7
2.0,0.11111111,13.0,128.0,0.7003367003367004,0.7
2.0,0.11111111,15.0,2.0,0.7003367003367004,0.7
2.0,0.11111111,15.0,3.0,0.7003367003367004,0.7
2.0,0.11111111,15.0,5.0,0.7003367003367004,0.7
2.0,0.11111111,15.0,8.0,0.7003367003367004,0.7
2.0,0.11111111,15.0,12.0,0.7003367003367004,0.7
2.0,0.11111111,15.0,20.0,0.7003367003367004,0.7
2.0,0.11111111,15.0,32.0,0.7003367003367004,0.7
2.0,0.11111111,15.0,50.0,0.7003367003367004,0.7
2.0,0.11111111,15.0,80.0,0.7003367003367004,0.7
2.0,0.11111111,15.0,128.0,0.7003367003367004,0.7
2.0,0.11111111,17.0,2.0,0.7003367003367004,0.7
2.0,0.11111111,17.0,3.0,0.7003367003367004,0.7
2.0,0.11111111,17.0,5.0,0.7003367003367004,0.7
2.0,0.11111111,17.0,8.0,0.7003367003367004,0.7
2.0,0.11111111,17.0,12.0,0.7003367003367004,0.7
2.0,0.11111111,17.0,20.0,0.7003367003367004,0.7
2.0,0.11111111,17.0,32.0,0.7003367003367004,0.7
2.0,0.11111111,17.0,50.0,0.7003367003367004,0.7
2.0,0.11111111,17.0,80.0,0.7003367003367004,0.7
2.0,0.11111111,17.0,128.0,0.7003367003367004,0.7
2.0,0.11111111,20.0,2.0,0.7003367003367004,0.7
2.0,0.11111111,20.0,3.0,0.7003367003367004,0.7
2.0,0.11111111,20.0,5.0,0.7003367003367004,0.7
2.0,0.11111111,20.0,8.0,0.7003367003367004,0.7
2.0,0.11111111,20.0,12.0,0.7003367003367004,0.7
2.0,0.11111111,20.0,20.0,0.7003367003367004,0.7
2.0,0.11111111,20.0,32.0,0.7003367003367004,0.7
2.0,0.11111111,20.0,50.0,0.7003367003367004,0.7
2.0,0.11111111,20.0,80.0,0.7003367003367004,0.7
2.0,0.11111111,20.0,128.0,0.7003367003367004,0.7
2.0,0.22222222,1.0,2.0,0.7003367003367004,0.7
2.0,0.22222222,1.0,3.0,0.7003367003367004,0.7
2.0,0.22222222,1.0,5.0,0.7003367003367004,0.7
2.0,0.22222222,1.0,8.0,0.7003367003367004,0.7
2.0,0.22222222,1.0,12.0,0.7003367003367004,0.7
2.0,0.22222222,1.0,20.0,0.7003367003367004,0.7
2.0,0.22222222,1.0,32.0,0.7003367003367004,0.7
2.0,0.22222222,1.0,50.0,0.7003367003367004,0.7
2.0,0.22222222,1.0,80.0,0.7003367003367004,0.7
2.0,0.22222222,1.0,128.0,0.7003367003367004,0.7
2.0,0.22222222,3.0,2.0,0.7003367003367004,0.7
2.0,0.22222222,3.0,3.0,0.7003367003367004,0.7
2.0,0.22222222,3.0,5.0,0.7003367003367004,0.7
2.0,0.22222222,3.0,8.0,0.7003367003367004,0.7
2.0,0.22222222,3.0,12.0,0.7003367003367004,0.7
2.0,0.22222222,3.0,20.0,0.7003367003367004,0.7
2.0,0.22222222,3.0,32.0,0.7003367003367004,0.7
2.0,0.22222222,3.0,50.0,0.7003367003367004,0.7
2.0,0.22222222,3.0,80.0,0.7003367003367004,0.7
2.0,0.22222222,3.0,128.0,0.7003367003367004,0.7
2.0,0.22222222,5.0,2.0,0.7003367003367004,0.7
2.0,0.22222222,5.0,3.0,0.7003367003367004,0.7
2.0,0.22222222,5.0,5.0,0.7003367003367004,0.7
2.0,0.22222222,5.0,8.0,0.7003367003367004,0.7
2.0,0.22222222,5.0,12.0,0.7003367003367004,0.7
2.0,0.22222222,5.0,20.0,0.7003367003367004,0.7
2.0,0.22222222,5.0,32.0,0.7003367003367004,0.7
2.0,0.22222222,5.0,50.0,0.7003367003367004,0.7
2.0,0.22222222,5.0,80.0,0.7003367003367004,0.7
2.0,0.22222222,5.0,128.0,0.7003367003367004,0.7
2.0,0.22222222,7.0,2.0,0.7003367003367004,0.7
2.0,0.22222222,7.0,3.0,0.7003367003367004,0.7
2.0,0.22222222,7.0,5.0,0.7003367003367004,0.7
2.0,0.22222222,7.0,8.0,0.7003367003367004,0.7
2.0,0.22222222,7.0,12.0,0.7003367003367004,0.7
2.0,0.22222222,7.0,20.0,0.7003367003367004,0.7
2.0,0.22222222,7.0,32.0,0.7003367003367004,0.7
2.0,0.22222222,7.0,50.0,0.7003367003367004,0.7
2.0,0.22222222,7.0,80.0,0.7003367003367004,0.7
2.0,0.22222222,7.0,128.0,0.7003367003367004,0.7
2.0,0.22222222,9.0,2.0,0.7003367003367004,0.7
2.0,0.22222222,9.0,3.0,0.7003367003367004,0.7
2.0,0.22222222,9.0,5.0,0.7003367003367004,0.7
2.0,0.22222222,9.0,8.0,0.7003367003367004,0.7
2.0,0.22222222,9.0,12.0,0.7003367003367004,0.7
2.0,0.22222222,9.0,20.0,0.7003367003367004,0.7
2.0,0.22222222,9.0,32.0,0.7003367003367004,0.7
2.0,0.22222222,9.0,50.0,0.7003367003367004,0.7
2.0,0.22222222,9.0,80.0,0.7003367003367004,0.7
2.0,0.22222222,9.0,128.0,0.7003367003367004,0.7
2.0,0.22222222,11.0,2.0,0.7003367003367004,0.7
2.0,0.22222222,11.0,3.0,0.7003367003367004,0.7
2.0,0.22222222,11.0,5.0,0.7003367003367004,0.7
2.0,0.22222222,11.0,8.0,0.7003367003367004,0.7
2.0,0.22222222,11.0,12.0,0.7003367003367004,0.7
2.0,0.22222222,11.0,20.0,0.7003367003367004,0.7
2.0,0.22222222,11.0,32.0,0.7003367003367004,0.7
2.0,0.22222222,11.0,50.0,0.7003367003367004,0.7
2.0,0.22222222,11.0,80.0,0.7003367003367004,0.7
2.0,0.22222222,11.0,128.0,0.7003367003367004,0.7
2.0,0.22222222,13.0,2.0,0.7003367003367004,0.7
2.0,0.22222222,13.0,3.0,0.7003367003367004,0.7
2.0,0.22222222,13.0,5.0,0.7003367003367004,0.7
2.0,0.22222222,13.0,8.0,0.7003367003367004,0.7
2.0,0.22222222,13.0,12.0,0.7003367003367004,0.7
2.0,0.22222222,13.0,20.0,0.7003367003367004,0.7
2.0,0.22222222,13.0,32.0,0.7003367003367004,0.7
2.0,0.22222222,13.0,50.0,0.7003367003367004,0.7
2.0,0.22222222,13.0,80.0,0.7003367003367004,0.7
2.0,0.22222222,13.0,128.0,0.7003367003367004,0.7
2.0,0.22222222,15.0,2.0,0.7003367003367004,0.7
2.0,0.22222222,15.0,3.0,0.7003367003367004,0.7
2.0,0.22222222,15.0,5.0,0.7003367003367004,0.7
2.0,0.22222222,15.0,8.0,0.7003367003367004,0.7
2.0,0.22222222,15.0,12.0,0.7003367003367004,0.7
2.0,0.22222222,15.0,20.0,0.7003367003367004,0.7
2.0,0.22222222,15.0,32.0,0.7003367003367004,0.7
2.0,0.22222222,15.0,50.0,0.7003367003367004,0.7
2.0,0.22222222,15.0,80.0,0.7003367003367004,0.7
2.0,0.22222222,15.0,128.0,0.7003367003367004,0.7
2.0,0.22222222,17.0,2.0,0.7003367003367004,0.7
2.0,0.22222222,17.0,3.0,0.7003367003367004,0.7
2.0,0.22222222,17.0,5.0,0.7003367003367004,0.7
2.0,0.22222222,17.0,8.0,0.7003367003367004,0.7
2.0,0.22222222,17.0,12.0,0.7003367003367004,0.7
2.0,0.22222222,17.0,20.0,0.7003367003367004,0.7
2.0,0.22222222,17.0,32.0,0.7003367003367004,0.7
2.0,0.22222222,17.0,50.0,0.7003367003367004,0.7
2.0,0.22222222,17.0,80.0,0.7003367003367004,0.7
2.0,0.22222222,17.0,128.0,0.7003367003367004,0.7
2.0,0.22222222,20.0,2.0,0.7003367003367004,0.7
2.0,0.22222222,20.0,3.0,0.7003367003367004,0.7
2.0,0.22222222,20.0,5.0,0.7003367003367004,0.7
2.0,0.22222222,20.0,8.0,0.7003367003367004,0.7
2.0,0.22222222,20.0,12.0,0.7003367003367004,0.7
2.0,0.22222222,20.0,20.0,0.7003367003367004,0.7
2.0,0.22222222,20.0,32.0,0.7003367003367004,0.7
2.0,0.22222222,20.0,50.0,0.7003367003367004,0.7
2.0,0.22222222,20.0,80.0,0.7003367003367004,0.7
2.0,0.22222222,20.0,128.0,0.7003367003367004,0.7
2.0,0.33333334,1.0,2.0,0.7003367003367004,0.7
2.0,0.33333334,1.0,3.0,0.7003367003367004,0.7
2.0,0.33333334,1.0,5.0,0.7003367003367004,0.7
2.0,0.33333334,1.0,8.0,0.7003367003367004,0.7
2.0,0.33333334,1.0,12.0,0.7003367003367004,0.7
2.0,0.33333334,1.0,20.0,0.7003367003367004,0.7
2.0,0.33333334,1.0,32.0,0.7003367003367004,0.7
2.0,0.33333334,1.0,50.0,0.7003367003367004,0.7
2.0,0.33333334,1.0,80.0,0.7003367003367004,0.7
2.0,0.33333334,1.0,128.0,0.7003367003367004,0.7
2.0,0.33333334,3.0,2.0,0.7003367003367004,0.7
2.0,0.33333334,3.0,3.0,0.7003367003367004,0.7
2.0,0.33333334,3.0,5.0,0.7003367003367004,0.7
2.0,0.33333334,3.0,8.0,0.7003367003367004,0.7
2.0,0.33333334,3.0,12.0,0.7003367003367004,0.7
2.0,0.33333334,3.0,20.0,0.7003367003367004,0.7
2.0,0.33333334,3.0,32.0,0.7003367003367004,0.7
2.0,0.33333334,3.0,50.0,0.7003367003367004,0.7
2.0,0.33333334,3.0,80.0,0.7003367003367004,0.7
2.0,0.33333334,3.0,128.0,0.7003367003367004,0.7
2.0,0.33333334,5.0,2.0,0.7003367003367004,0.7
2.0,0.33333334,5.0,3.0,0.7003367003367004,0.7
2.0,0.33333334,5.0,5.0,0.7003367003367004,0.7
2.0,0.33333334,5.0,8.0,0.7003367003367004,0.7
2.0,0.33333334,5.0,12.0,0.7003367003367004,0.7
2.0,0.33333334,5.0,20.0,0.7003367003367004,0.7
2.0,0.33333334,5.0,32.0,0.7003367003367004,0.7
2.0,0.33333334,5.0,50.0,0.7003367003367004,0.7
2.0,0.33333334,5.0,80.0,0.7003367003367004,0.7
2.0,0.33333334,5.0,128.0,0.7003367003367004,0.7
2.0,0.33333334,7.0,2.0,0.7003367003367004,0.7
2.0,0.33333334,7.0,3.0,0.7003367003367004,0.7
2.0,0.33333334,7.0,5.0,0.7003367003367004,0.7
2.0,0.33333334,7.0,8.0,0.7003367003367004,0.7
2.0,0.33333334,7.0,12.0,0.7003367003367004,0.7
2.0,0.33333334,7.0,20.0,0.7003367003367004,0.7
2.0,0.33333334,7.0,32.0,0.7003367003367004,0.7
2.0,0.33333334,7.0,50.0,0.7003367003367004,0.7
2.0,0.33333334,7.0,80.0,0.7003367003367004,0.7
2.0,0.33333334,7.0,128.0,0.7003367003367004,0.7
2.0,0.33333334,9.0,2.0,0.7003367003367004,0.7
2.0,0.33333334,9.0,3.0,0.7003367003367004,0.7
2.0,0.33333334,9.0,5.0,0.7003367003367004,0.7
2.0,0.33333334,9.0,8.0,0.7003367003367004,0.7
2.0,0.33333334,9.0,12.0,0.7003367003367004,0.7
2.0,0.33333334,9.0,20.0,0.7003367003367004,0.7
2.0,0.33333334,9.0,32.0,0.7003367003367004,0.7
2.0,0.33333334,9.0,50.0,0.7003367003367004,0.7
2.0,0.33333334,9.0,80.0,0.7003367003367004,0.7
2.0,0.33333334,9.0,128.0,0.7003367003367004,0.7
2.0,0.33333334,11.0,2.0,0.7003367003367004,0.7
2.0,0.33333334,11.0,3.0,0.7003367003367004,0.7
2.0,0.33333334,11.0,5.0,0.7003367003367004,0.7
2.0,0.33333334,11.0,8.0,0.7003367003367004,0.7
2.0,0.33333334,11.0,12.0,0.7003367003367004,0.7
2.0,0.33333334,11.0,20.0,0.7003367003367004,0.7
2.0,0.33333334,11.0,32.0,0.7003367003367004,0.7
2.0,0.33333334,11.0,50.0,0.7003367003367004,0.7
2.0,0.33333334,11.0,80.0,0.7003367003367004,0.7
2.0,0.33333334,11.0,128.0,0.7003367003367004,0.7
2.0,0.33333334,13.0,2.0,0.7003367003367004,0.7
2.0,0.33333334,13.0,3.0,0.7003367003367004,0.7
2.0,0.33333334,13.0,5.0,0.7003367003367004,0.7
2.0,0.33333334,13.0,8.0,0.7003367003367004,0.7
2.0,0.33333334,13.0,12.0,0.7003367003367004,0.7
2.0,0.33333334,13.0,20.0,0.7003367003367004,0.7
2.0,0.33333334,13.0,32.0,0.7003367003367004,0.7
2.0,0.33333334,13.0,50.0,0.7003367003367004,0.7
2.0,0.33333334,13.0,80.0,0.7003367003367004,0.7
2.0,0.33333334,13.0,128.0,0.7003367003367004,0.7
2.0,0.33333334,15.0,2.0,0.7003367003367004,0.7
2.0,0.33333334,15.0,3.0,0.7003367003367004,0.7
2.0,0.33333334,15.0,5.0,0.7003367003367004,0.7
2.0,0.33333334,15.0,8.0,0.7003367003367004,0.7
2.0,0.33333334,15.0,12.0,0.7003367003367004,0.7
2.0,0.33333334,15.0,20.0,0.7003367003367004,0.7
2.0,0.33333334,15.0,32.0,0.7003367003367004,0.7
2.0,0.33333334,15.0,50.0,0.7003367003367004,0.7
2.0,0.33333334,15.0,80.0,0.7003367003367004,0.7
2.0,0.33333334,15.0,128.0,0.7003367003367004,0.7
2.0,0.33333334,17.0,2.0,0.7003367003367004,0.7
2.0,0.33333334,17.0,3.0,0.7003367003367004,0.7
2.0,0.33333334,17.0,5.0,0.7003367003367004,0.7
2.0,0.33333334,17.0,8.0,0.7003367003367004,0.7
2.0,0.33333334,17.0,12.0,0.7003367003367004,0.7
2.0,0.33333334,17.0,20.0,0.7003367003367004,0.7
2.0,0.33333334,17.0,32.0,0.7003367003367004,0.7
2.0,0.33333334,17.0,50.0,0.7003367003367004,0.7
2.0,0.33333334,17.0,80.0,0.7003367003367004,0.7
2.0,0.33333334,17.0,128.0,0.7003367003367004,0.7
2.0,0.33333334,20.0,2.0,0.7003367003367004,0.7
2.0,0.33333334,20.0,3.0,0.7003367003367004,0.7
2.0,0.33333334,20.0,5.0,0.7003367003367004,0.7
2.0,0.33333334,20.0,8.0,0.7003367003367004,0.7
2.0,0.33333334,20.0,12.0,0.7003367003367004,0.7
2.0,0.33333334,20.0,20.0,0.7003367003367004,0.7
2.0,0.33333334,20.0,32.0,0.7003367003367004,0.7
2.0,0.33333334,20.0,50.0,0.7003367003367004,0.7
2.0,0.33333334,20.0,80.0,0.7003367003367004,0.7
2.0,0.33333334,20.0,128.0,0.7003367003367004,0.7
2.0,0.44444445,1.0,2.0,0.7010101010101011,0.7
2.0,0.44444445,1.0,3.0,0.7010101010101011,0.7
2.0,0.44444445,1.0,5.0,0.7010101010101011,0.7
2.0,0.44444445,1.0,8.0,0.7010101010101011,0.7
2.0,0.44444445,1.0,12.0,0.7010101010101011,0.7
2.0,0.44444445,1.0,20.0,0.7010101010101011,0.7
2.0,0.44444445,1.0,32.0,0.7010101010101011,0.7
2.0,0.44444445,1.0,50.0,0.7003367003367004,0.7
2.0,0.44444445,1.0,80.0,0.7003367003367004,0.7
2.0,0.44444445,1.0,128.0,0.7003367003367004,0.7
2.0,0.44444445,3.0,2.0,0.7010101010101011,0.7
2.0,0.44444445,3.0,3.0,0.7010101010101011,0.7
2.0,0.44444445,3.0,5.0,0.7010101010101011,0.7
2.0,0.44444445,3.0,8.0,0.7010101010101011,0.7
2.0,0.44444445,3.0,12.0,0.7010101010101011,0.7
2.0,0.44444445,3.0,20.0,0.7010101010101011,0.7
2.0,0.44444445,3.0,32.0,0.7010101010101011,0.7
2.0,0.44444445,3.0,50.0,0.7003367003367004,0.7
2.0,0.44444445,3.0,80.0,0.7003367003367004,0.7
2.0,0.44444445,3.0,128.0,0.7003367003367004,0.7
2.0,0.44444445,5.0,2.0,0.7010101010101011,0.7
2.0,0.44444445,5.0,3.0,0.7010101010101011,0.7
2.0,0.44444445,5.0,5.0,0.7010101010101011,0.7
2.0,0.44444445,5.0,8.0,0.7010101010101011,0.7
2.0,0.44444445,5.0,12.0,0.7010101010101011,0.7
2.0,0.44444445,5.0,20.0,0.7010101010101011,0.7
2.0,0.44444445,5.0,32.0,0.7010101010101011,0.7
2.0,0.44444445,5.0,50.0,0.7003367003367004,0.7
2.0,0.44444445,5.0,80.0,0.7003367003367004,0.7
2.0,0.44444445,5.0,128.0,0.7003367003367004,0.7
2.0,0.44444445,7.0,2.0,0.7010101010101011,0.7
2.0,0.44444445,7.0,3.0,0.7010101010101011,0.7
2.0,0.44444445,7.0,5.0,0.7010101010101011,0.7
2.0,0.44444445,7.0,8.0,0.7010101010101011,0.7
2.0,0.44444445,7.0,12.0,0.7010101010101011,0.7
2.0,0.44444445,7.0,20.0,0.7010101010101011,0.7
2.0,0.44444445,7.0,32.0,0.7010101010101011,0.7
2.0,0.44444445,7.0,50.0,0.7003367003367004,0.7
2.0,0.44444445,7.0,80.0,0.7003367003367004,0.7
2.0,0.44444445,7.0,128.0,0.7003367003367004,0.7
2.0,0.44444445,9.0,2.0,0.7010101010101011,0.7
2.0,0.44444445,9.0,3.0,0.7010101010101011,0.7
2.0,0.44444445,9.0,5.0,0.7010101010101011,0.7
2.0,0.44444445,9.0,8.0,0.7010101010101011,0.7
2.0,0.44444445,9.0,12.0,0.7010101010101011,0.7
2.0,0.44444445,9.0,20.0,0.7010101010101011,0.7
2.0,0.44444445,9.0,32.0,0.7010101010101011,0.7
2.0,0.44444445,9.0,50.0,0.7003367003367004,0.7
2.0,0.44444445,9.0,80.0,0.7003367003367004,0.7
2.0,0.44444445,9.0,128.0,0.7003367003367004,0.7
2.0,0.44444445,11.0,2.0,0.7010101010101011,0.7
2.0,0.44444445,11.0,3.0,0.7010101010101011,0.7
2.0,0.44444445,11.0,5.0,0.7010101010101011,0.7
2.0,0.44444445,11.0,8.0,0.7010101010101011,0.7
2.0,0.44444445,11.0,12.0,0.7010101010101011,0.7
2.0,0.44444445,11.0,20.0,0.7010101010101011,0.7
2.0,0.44444445,11.0,32.0,0.7010101010101011,0.7
2.0,0.44444445,11.0,50.0,0.7003367003367004,0.7
2.0,0.44444445,11.0,80.0,0.7003367003367004,0.7
2.0,0.44444445,11.0,128.0,0.7003367003367004,0.7
2.0,0.44444445,13.0,2.0,0.7003367003367004,0.7
2.0,0.44444445,13.0,3.0,0.7003367003367004,0.7
2.0,0.44444445,13.0,5.0,0.7003367003367004,0.7
2.0,0.44444445,13.0,8.0,0.7003367003367004,0.7
2.0,0.44444445,13.0,12.0,0.7003367003367004,0.7
2.0,0.44444445,13.0,20.0,0.7003367003367004,0.7
2.0,0.44444445,13.0,32.0,0.7003367003367004,0.7
2.0,0.44444445,13.0,50.0,0.7003367003367004,0.7
2.0,0.44444445,13.0,80.0,0.7003367003367004,0.7
2.0,0.44444445,13.0,128.0,0.7003367003367004,0.7
2.0,0.44444445,15.0,2.0,0.7003367003367004,0.7
2.0,0.44444445,15.0,3.0,0.7003367003367004,0.7
2.0,0.44444445,15.0,5.0,0.7003367003367004,0.7
2.0,0.44444445,15.0,8.0,0.7003367003367004,0.7
2.0,0.44444445,15.0,12.0,0.7003367003367004,0.7
2.0,0.44444445,15.0,20.0,0.7003367003367004,0.7
2.0,0.44444445,15.0,32.0,0.7003367003367004,0.7
2.0,0.44444445,15.0,50.0,0.7003367003367004,0.7
2.0,0.44444445,15.0,80.0,0.7003367003367004,0.7
2.0,0.44444445,15.0,128.0,0.7003367003367004,0.7
2.0,0.44444445,17.0,2.0,0.7003367003367004,0.7
2.0,0.44444445,17.0,3.0,0.7003367003367004,0.7
2.0,0.44444445,17.0,5.0,0.7003367003367004,0.7
2.0,0.44444445,17.0,8.0,0.7003367003367004,0.7
2.0,0.44444445,17.0,12.0,0.7003367003367004,0.7
2.0,0.44444445,17.0,20.0,0.7003367003367004,0.7
2.0,0.44444445,17.0,32.0,0.7003367003367004,0.7
2.0,0.44444445,17.0,50.0,0.7003367003367004,0.7
2.0,0.44444445,17.0,80.0,0.7003367003367004,0.7
2.0,0.44444445,17.0,128.0,0.7003367003367004,0.7
2.0,0.44444445,20.0,2.0,0.7003367003367004,0.7
2.0,0.44444445,20.0,3.0,0.7003367003367004,0.7
2.0,0.44444445,20.0,5.0,0.7003367003367004,0.7
2.0,0.44444445,20.0,8.0,0.7003367003367004,0.7
2.0,0.44444445,20.0,12.0,0.7003367003367004,0.7
2.0,0.44444445,20.0,20.0,0.7003367003367004,0.7
2.0,0.44444445,20.0,32.0,0.7003367003367004,0.7
2.0,0.44444445,20.0,50.0,0.7003367003367004,0.7
2.0,0.44444445,20.0,80.0,0.7003367003367004,0.7
2.0,0.44444445,20.0,128.0,0.7003367003367004,0.7
2.0,0.5555556,1.0,2.0,0.7057239057239058,0.704
2.0,0.5555556,1.0,3.0,0.7057239057239058,0.704
2.0,0.5555556,1.0,5.0,0.7057239057239058,0.704
2.0,0.5555556,1.0,8.0,0.7057239057239058,0.704
2.0,0.5555556,1.0,12.0,0.7057239057239058,0.704
2.0,0.5555556,1.0,20.0,0.7057239057239058,0.704
2.0,0.5555556,1.0,32.0,0.7057239057239058,0.704
2.0,0.5555556,1.0,50.0,0.7057239057239058,0.704
2.0,0.5555556,1.0,80.0,0.7057239057239058,0.704
2.0,0.5555556,1.0,128.0,0.703030303030303,0.704
2.0,0.5555556,3.0,2.0,0.7057239057239058,0.704
2.0,0.5555556,3.0,3.0,0.7057239057239058,0.704
2.0,0.5555556,3.0,5.0,0.7057239057239058,0.704
2.0,0.5555556,3.0,8.0,0.7057239057239058,0.704
2.0,0.5555556,3.0,12.0,0.7057239057239058,0.704
2.0,0.5555556,3.0,20.0,0.7057239057239058,0.704
2.0,0.5555556,3.0,32.0,0.7057239057239058,0.704
2.0,0.5555556,3.0,50.0,0.7057239057239058,0.704
2.0,0.5555556,3.0,80.0,0.7057239057239058,0.704
2.0,0.5555556,3.0,128.0,0.703030303030303,0.704
2.0,0.5555556,5.0,2.0,0.7057239057239058,0.704
2.0,0.5555556,5.0,3.0,0.7057239057239058,0.704
2.0,0.5555556,5.0,5.0,0.7057239057239058,0.704
2.0,0.5555556,5.0,8.0,0.7057239057239058,0.704
2.0,0.5555556,5.0,12.0,0.7057239057239058,0.704
2.0,0.5555556,5.0,20.0,0.7057239057239058,0.704
2.0,0.5555556,5.0,32.0,0.7057239057239058,0.704
2.0,0.5555556,5.0,50.0,0.7057239057239058,0.704
2.0,0.5555556,5.0,80.0,0.7057239057239058,0.704
2.0,0.5555556,5.0,128.0,0.703030303030303,0.704
2.0,0.5555556,7.0,2.0,0.7057239057239058,0.704
2.0,0.5555556,7.0,3.0,0.7057239057239058,0.704
2.0,0.5555556,7.0,5.0,0.7057239057239058,0.704
2.0,0.5555556,7.0,8.0,0.7057239057239058,0.704
2.0,0.5555556,7.0,12.0,0.7057239057239058,0.704
2.0,0.5555556,7.0,20.0,0.7057239057239058,0.704
2.0,0.5555556,7.0,32.0,0.7057239057239058,0.704
2.0,0.5555556,7.0,50.0,0.7057239057239058,0.704
2.0,0.5555556,7.0,80.0,0.705050505050505,0.704
2.0,0.5555556,7.0,128.0,0.703030303030303,0.704
2.0,0.5555556,9.0,2.0,0.7057239057239058,0.704
2.0,0.5555556,9.0,3.0,0.7057239057239058,0.704
2.0,0.5555556,9.0,5.0,0.7057239057239058,0.704
2.0,0.5555556,9.0,8.0,0.7057239057239058,0.704
2.0,0.5555556,9.0,12.0,0.7057239057239058,0.704
2.0,0.5555556,9.0,20.0,0.7057239057239058,0.704
2.0,0.5555556,9.0,32.0,0.7057239057239058,0.704
2.0,0.5555556,9.0,50.0,0.7057239057239058,0.704
2.0,0.5555556,9.0,80.0,0.705050505050505,0.704
2.0,0.5555556,9.0,128.0,0.703030303030303,0.704
2.0,0.5555556,11.0,2.0,0.7057239057239058,0.704
2.0,0.5555556,11.0,3.0,0.7057239057239058,0.704
2.0,0.5555556,11.0,5.0,0.7057239057239058,0.704
2.0,0.5555556,11.0,8.0,0.7057239057239058,0.704
2.0,0.5555556,11.0,12.0,0.7057239057239058,0.704
2.0,0.5555556,11.0,20.0,0.7057239057239058,0.704
2.0,0.5555556,11.0,32.0,0.7057239057239058,0.704
2.0,0.5555556,11.0,50.0,0.7057239057239058,0.704
2.0,0.5555556,11.0,80.0,0.705050505050505,0.704
2.0,0.5555556,11.0,128.0,0.703030303030303,0.704
2.0,0.5555556,13.0,2.0,0.7057239057239058,0.704
2.0,0.5555556,13.0,3.0,0.7057239057239058,0.704
2.0,0.5555556,13.0,5.0,0.7057239057239058,0.704
2.0,0.5555556,13.0,8.0,0.7057239057239058,0.704
2.0,0.5555556,13.0,12.0,0.7057239057239058,0.704
2.0,0.5555556,13.0,20.0,0.7057239057239058,0.704
2.0,0.5555556,13.0,32.0,0.705050505050505,0.704
2.0,0.5555556,13.0,50.0,0.705050505050505,0.704
2.0,0.5555556,13.0,80.0,0.7043771043771044,0.704
2.0,0.5555556,13.0,128.0,0.7016835016835017,0.704
2.0,0.5555556,15.0,2.0,0.7043771043771044,0.704
2.0,0.5555556,15.0,3.0,0.7043771043771044,0.704
2.0,0.5555556,15.0,5.0,0.7043771043771044,0.704
2.0,0.5555556,15.0,8.0,0.7043771043771044,0.704
2.0,0.5555556,15.0,12.0,0.7043771043771044,0.704
2.0,0.5555556,15.0,20.0,0.7043771043771044,0.704
2.0,0.5555556,15.0,32.0,0.7043771043771044,0.704
2.0,0.5555556,15.0,50.0,0.7037037037037037,0.704
2.0,0.5555556,15.0,80.0,0.7037037037037037,0.704
2.0,0.5555556,15.0,128.0,0.7016835016835017,0.704
2.0,0.5555556,17.0,2.0,0.7037037037037037,0.704
2.0,0.5555556,17.0,3.0,0.7037037037037037,0.704
2.0,0.5555556,17.0,5.0,0.7037037037037037,0.704
2.0,0.5555556,17.0,8.0,0.7037037037037037,0.704
2.0,0.5555556,17.0,12.0,0.7037037037037037,0.704
2.0,0.5555556,17.0,20.0,0.7037037037037037,0.704
2.0,0.5555556,17.0,32.0,0.7037037037037037,0.704
2.0,0.5555556,17.0,50.0,0.703030303030303,0.704
2.0,0.5555556,17.0,80.0,0.703030303030303,0.704
2.0,0.5555556,17.0,128.0,0.7016835016835017,0.704
2.0,0.5555556,20.0,2.0,0.703030303030303,0.704
2.0,0.5555556,20.0,3.0,0.703030303030303,0.704
2.0,0.5555556,20.0,5.0,0.703030303030303,0.704
2.0,0.5555556,20.0,8.0,0.703030303030303,0.704
2.0,0.5555556,20.0,12.0,0.703030303030303,0.704
2.0,0.5555556,20.0,20.0,0.703030303030303,0.704
2.0,0.5555556,20.0,32.0,0.703030303030303,0.704
2.0,0.5555556,20.0,50.0,0.703030303030303,0.704
2.0,0.5555556,20.0,80.0,0.7016835016835017,0.704
2.0,0.5555556,20.0,128.0,0.7016835016835017,0.704
2.0,0.6666667,1.0,2.0,0.7178451178451178,0.704
2.0,0.6666667,1.0,3.0,0.7178451178451178,0.704
2.0,0.6666667,1.0,5.0,0.7178451178451178,0.704
2.0,0.6666667,1.0,8.0,0.7178451178451178,0.704
2.0,0.6666667,1.0,12.0,0.7178451178451178,0.704
2.0,0.6666667,1.0,20.0,0.7164983164983165,0.704
2.0,0.6666667,1.0,32.0,0.7164983164983165,0.704
2.0,0.6666667,1.0,50.0,0.7151515151515151,0.704
2.0,0.6666667,1.0,80.0,0.7131313131313132,0.704
2.0,0.6666667,1.0,128.0,0.7084175084175084,0.704
2.0,0.6666667,3.0,2.0,0.7164983164983165,0.704
2.0,0.6666667,3.0,3.0,0.7164983164983165,0.704
2.0,0.6666667,3.0,5.0,0.7164983164983165,0.704
2.0,0.6666667,3.0,8.0,0.7164983164983165,0.704
2.0,0.6666667,3.0,12.0,0.7164983164983165,0.704
2.0,0.6666667,3.0,20.0,0.7164983164983165,0.704
2.0,0.6666667,3.0,32.0,0.7164983164983165,0.704
2.0,0.6666667,3.0,50.0,0.7151515151515151,0.704
2.0,0.6666667,3.0,80.0,0.7131313131313132,0.704
2.0,0.6666667,3.0,128.0,0.7084175084175084,0.704
2.0,0.6666667,5.0,2.0,0.7164983164983165,0.704
2.0,0.6666667,5.0,3.0,0.7164983164983165,0.704
2.0,0.6666667,5.0,5.0,0.7164983164983165,0.704
2.0,0.6666667,5.0,8.0,0.7164983164983165,0.704
2.0,0.6666667,5.0,12.0,0.7164983164983165,0.704
2.0,0.6666667,5.0,20.0,0.7158249158249158,0.704
2.0,0.6666667,5.0,32.0,0.7164983164983165,0.704
2.0,0.6666667,5.0,50.0,0.7151515151515151,0.704
2.0,0.6666667,5.0,80.0,0.7138047138047139,0.704
2.0,0.6666667,5.0,128.0,0.7084175084175084,0.704
2.0,0.6666667,7.0,2.0,0.7158249158249158,0.704
2.0,0.6666667,7.0,3.0,0.7158249158249158,0.704
2.0,0.6666667,7.0,5.0,0.7158249158249158,0.704
2.0,0.6666667,7.0,8.0,0.7158249158249158,0.704
2.0,0.6666667,7.0,12.0,0.7158249158249158,0.704
2.0,0.6666667,7.0,20.0,0.7158249158249158,0.704
2.0,0.6666667,7.0,32.0,0.7164983164983165,0.704
2.0,0.6666667,7.0,50.0,0.7151515151515151,0.704
2.0,0.6666667,7.0,80.0,0.7131313131313132,0.704
2.0,0.6666667,7.0,128.0,0.7090909090909091,0.704
2.0,0.6666667,9.0,2.0,0.7151515151515151,0.704
2.0,0.6666667,9.0,3.0,0.7151515151515151,0.704
2.0,0.6666667,9.0,5.0,0.7151515151515151,0.704
2.0,0.6666667,9.0,8.0,0.7151515151515151,0.704
2.0,0.6666667,9.0,12.0,0.7151515151515151,0.704
2.0,0.6666667,9.0,20.0,0.7158249158249158,0.704
2.0,0.6666667,9.0,32.0,0.7151515151515151,0.706
2.0,0.6666667,9.0,50.0,0.7151515151515151,0.704
2.0,0.6666667,9.0,80.0,0.7138047138047139,0.704
2.0,0.6666667,9.0,128.0,0.7090909090909091,0.704
2.0,0.6666667,11.0,2.0,0.7151515151515151,0.706
2.0,0.6666667,11.0,3.0,0.7151515151515151,0.706
2.0,0.6666667,11.0,5.0,0.7151515151515151,0.706
2.0,0.6666667,11.0,8.0,0.7151515151515151,0.706
2.0,0.6666667,11.0,12.0,0.7151515151515151,0.706
2.0,0.6666667,11.0,20.0,0.7151515151515151,0.706
2.0,0.6666667,11.0,32.0,0.7144781144781145,0.706
2.0,0.6666667,11.0,50.0,0.7151515151515151,0.704
2.0,0.6666667,11.0,80.0,0.7138047138047139,0.704
2.0,0.6666667,11.0,128.0,0.7090909090909091,0.702
2.0,0.6666667,13.0,2.0,0.7151515151515151,0.704
2.0,0.6666667,13.0,3.0,0.7151515151515151,0.704
2.0,0.6666667,13.0,5.0,0.7151515151515151,0.704
2.0,0.6666667,13.0,8.0,0.7151515151515151,0.704
2.0,0.6666667,13.0,12.0,0.7151515151515151,0.704
2.0,0.6666667,13.0,20.0,0.7151515151515151,0.704
2.0,0.6666667,13.0,32.0,0.7151515151515151,0.704
2.0,0.6666667,13.0,50.0,0.7151515151515151,0.7
2.0,0.6666667,13.0,80.0,0.7138047138047139,0.702
2.0,0.6666667,13.0,128.0,0.7090909090909091,0.702
2.0,0.6666667,15.0,2.0,0.7144781144781145,0.704
2.0,0.6666667,15.0,3.0,0.7144781144781145,0.704
2.0,0.6666667,15.0,5.0,0.7144781144781145,0.704
2.0,0.6666667,15.0,8.0,0.7144781144781145,0.704
2.0,0.6666667,15.0,12.0,0.7144781144781145,0.704
2.0,0.6666667,15.0,20.0,0.7144781144781145,0.704
2.0,0.6666667,15.0,32.0,0.7144781144781145,0.704
2.0,0.6666667,15.0,50.0,0.7144781144781145,0.704
2.0,0.6666667,15.0,80.0,0.7131313131313132,0.702
2.0,0.6666667,15.0,128.0,0.7063973063973064,0.702
2.0,0.6666667,17.0,2.0,0.7131313131313132,0.704
2.0,0.6666667,17.0,3.0,0.7131313131313132,0.704
2.0,0.6666667,17.0,5.0,0.7131313131313132,0.704
2.0,0.6666667,17.0,8.0,0.7131313131313132,0.704
2.0,0.6666667,17.0,12.0,0.7131313131313132,0.704
2.0,0.6666667,17.0,20.0,0.7131313131313132,0.704
2.0,0.6666667,17.0,32.0,0.7131313131313132,0.704
2.0,0.6666667,17.0,50.0,0.7131313131313132,0.704
2.0,0.6666667,17.0,80.0,0.711111111111111,0.704
2.0,0.6666667,17.0,128.0,0.7070707070707071,0.702
2.0,0.6666667,20.0,2.0,0.7124579124579125,0.704
2.0,0.6666667,20.0,3.0,0.7124579124579125,0.704
2.0,0.6666667,20.0,5.0,0.7124579124579125,0.704
2.0,0.6666667,20.0,8.0,0.7124579124579125,0.704
2.0,0.6666667,20.0,12.0,0.7124579124579125,0.704
2.0,0.6666667,20.0,20.0,0.7124579124579125,0.704
2.0,0.6666667,20.0,32.0,0.7124579124579125,0.704
2.0,0.6666667,20.0,50.0,0.7117845117845117,0.704
2.0,0.6666667,20.0,80.0,0.7097643097643098,0.702
2.0,0.6666667,20.0,128.0,0.7077441077441078,0.7
2.0,0.7777778,1.0,2.0,0.7326599326599327,0.704
2.0,0.7777778,1.0,3.0,0.7326599326599327,0.704
2.0,0.7777778,1.0,5.0,0.7326599326599327,0.704
2.0,0.7777778,1.0,8.0,0.7326599326599327,0.704
2.0,0.7777778,1.0,12.0,0.7326599326599327,0.704
2.0,0.7777778,1.0,20.0,0.7326599326599327,0.704
2.0,0.7777778,1.0,32.0,0.7326599326599327,0.704
2.0,0.7777778,1.0,50.0,0.7299663299663299,0.702
2.0,0.7777778,1.0,80.0,0.7292929292929293,0.704
2.0,0.7777778,1.0,128.0,0.7218855218855219,0.7
2.0,0.7777778,3.0,2.0,0.731986531986532,0.702
2.0,0.7777778,3.0,3.0,0.731986531986532,0.702
2.0,0.7777778,3.0,5.0,0.731986531986532,0.702
2.0,0.7777778,3.0,8.0,0.731986531986532,0.702
2.0,0.7777778,3.0,12.0,0.731986531986532,0.702
2.0,0.7777778,3.0,20.0,0.731986531986532,0.704
2.0,0.7777778,3.0,32.0,0.731986531986532,0.704
2.0,0.7777778,3.0,50.0,0.7299663299663299,0.702
2.0,0.7777778,3.0,80.0,0.7292929292929293,0.704
2.0,0.7777778,3.0,128.0,0.7225589225589226,0.7
2.0,0.7777778,5.0,2.0,0.7326599326599327,0.702
2.0,0.7777778,5.0,3.0,0.7326599326599327,0.702
2.0,0.7777778,5.0,5.0,0.7326599326599327,0.702
2.0,0.7777778,5.0,8.0,0.7326599326599327,0.702
2.0,0.7777778,5.0,12.0,0.7326599326599327,0.702
2.0,0.7777778,5.0,20.0,0.7326599326599327,0.704
2.0,0.7777778,5.0,32.0,0.7313131313131314,0.704
2.0,0.7777778,5.0,50.0,0.7299663299663299,0.702
2.0,0.7777778,5.0,80.0,0.7292929292929293,0.704
2.0,0.7777778,5.0,128.0,0.7225589225589226,0.7
2.0,0.7777778,7.0,2.0,0.7313131313131314,0.702
2.0,0.7777778,7.0,3.0,0.7313131313131314,0.702
2.0,0.7777778,7.0,5.0,0.7313131313131314,0.702
2.0,0.7777778,7.0,8.0,0.7313131313131314,0.702
2.0,0.7777778,7.0,12.0,0.7313131313131314,0.702
2.0,0.7777778,7.0,20.0,0.7313131313131314,0.702
2.0,0.7777778,7.0,32.0,0.7313131313131314,0.702
2.0,0.7777778,7.0,50.0,0.7292929292929292,0.702
2.0,0.7777778,7.0,80.0,0.7286195286195286,0.702
2.0,0.7777778,7.0,128.0,0.7225589225589226,0.7
2.0,0.7777778,9.0,2.0,0.731986531986532,0.702
2.0,0.7777778,9.0,3.0,0.731986531986532,0.702
2.0,0.7777778,9.0,5.0,0.731986531986532,0.702
2.0,0.7777778,9.0,8.0,0.731986531986532,0.702
2.0,0.7777778,9.0,12.0,0.731986531986532,0.702
2.0,0.7777778,9.0,20.0,0.731986531986532,0.702
2.0,0.7777778,9.0,32.0,0.7306397306397306,0.702
2.0,0.7777778,9.0,50.0,0.7292929292929292,0.702
2.0,0.7777778,9.0,80.0,0.7292929292929292,0.702
2.0,0.7777778,9.0,128.0,0.7218855218855219,0.7
2.0,0.7777778,11.0,2.0,0.731986531986532,0.702
2.0,0.7777778,11.0,3.0,0.731986531986532,0.702
2.0,0.7777778,11.0,5.0,0.731986531986532,0.702
2.0,0.7777778,11.0,8.0,0.731986531986532,0.702
2.0,0.7777778,11.0,12.0,0.731986531986532,0.702
2.0,0.7777778,11.0,20.0,0.731986531986532,0.702
2.0,0.7777778,11.0,32.0,0.7306397306397306,0.702
2.0,0.7777778,11.0,50.0,0.7306397306397306,0.702
2.0,0.7777778,11.0,80.0,0.7299663299663299,0.702
2.0,0.7777778,11.0,128.0,0.7225589225589226,0.7
2.0,0.7777778,13.0,2.0,0.7292929292929293,0.7
2.0,0.7777778,13.0,3.0,0.7292929292929293,0.7
2.0,0.7777778,13.0,5.0,0.7292929292929293,0.7
2.0,0.7777778,13.0,8.0,0.7292929292929293,0.7
2.0,0.7777778,13.0,12.0,0.7292929292929293,0.7
2.0,0.7777778,13.0,20.0,0.7292929292929293,0.7
2.0,0.7777778,13.0,32.0,0.7292929292929293,0.7
2.0,0.7777778,13.0,50.0,0.7292929292929293,0.702
2.0,0.7777778,13.0,80.0,0.7286195286195286,0.702
2.0,0.7777778,13.0,128.0,0.7225589225589226,0.7
2.0,0.7777778,15.0,2.0,0.7292929292929293,0.698
2.0,0.7777778,15.0,3.0,0.7292929292929293,0.698
2.0,0.7777778,15.0,5.0,0.7292929292929293,0.698
2.0,0.7777778,15.0,8.0,0.7292929292929293,0.698
2.0,0.7777778,15.0,12.0,0.7292929292929293,0.698
2.0,0.7777778,15.0,20.0,0.7292929292929293,0.698
2.0,0.7777778,15.0,32.0,0.7292929292929293,0.698
2.0,0.7777778,15.0,50.0,0.7286195286195286,0.7
2.0,0.7777778,15.0,80.0,0.7272727272727273,0.7
2.0,0.7777778,15.0,128.0,0.7232323232323232,0.7
2.0,0.7777778,17.0,2.0,0.7272727272727273,0.698
2.0,0.7777778,17.0,3.0,0.7272727272727273,0.698
2.0,0.7777778,17.0,5.0,0.7272727272727273,0.698
2.0,0.7777778,17.0,8.0,0.7272727272727273,0.698
2.0,0.7777778,17.0,12.0,0.7272727272727273,0.698
2.0,0.7777778,17.0,20.0,0.7272727272727273,0.698
2.0,0.7777778,17.0,32.0,0.7272727272727273,0.698
2.0,0.7777778,17.0,50.0,0.7272727272727273,0.698
2.0,0.7777778,17.0,80.0,0.7265993265993267,0.7
2.0,0.7777778,17.0,128.0,0.7239057239057238,0.702
2.0,0.7777778,20.0,2.0,0.725925925925926,0.7
2.0,0.7777778,20.0,3.0,0.725925925925926,0.7
2.0,0.7777778,20.0,5.0,0.725925925925926,0.7
2.0,0.7777778,20.0,8.0,0.725925925925926,0.7
2.0,0.7777778,20.0,12.0,0.725925925925926,0.7
2.0,0.7777778,20.0,20.0,0.725925925925926,0.7
2.0,0.7777778,20.0,32.0,0.725925925925926,0.7
2.0,0.7777778,20.0,50.0,0.725925925925926,0.7
2.0,0.7777778,20.0,80.0,0.7252525252525253,0.7
2.0,0.7777778,20.0,128.0,0.7245791245791245,0.702
2.0,0.8888889,1.0,2.0,0.7313131313131314,0.694
2.0,0.8888889,1.0,3.0,0.7313131313131314,0.694
2.0,0.8888889,1.0,5.0,0.7313131313131314,0.694
2.0,0.8888889,1.0,8.0,0.7313131313131314,0.694
2.0,0.8888889,1.0,12.0,0.7313131313131314,0.694
2.0,0.8888889,1.0,20.0,0.7313131313131314,0.694
2.0,0.8888889,1.0,32.0,0.7313131313131314,0.694
2.0,0.8888889,1.0,50.0,0.7299663299663299,0.694
2.0,0.8888889,1.0,80.0,0.7299663299663299,0.694
2.0,0.8888889,1.0,128.0,0.7292929292929293,0.696
2.0,0.8888889,3.0,2.0,0.7299663299663299,0.694
2.0,0.8888889,3.0,3.0,0.7299663299663299,0.694
2.0,0.8888889,3.0,5.0,0.7299663299663299,0.694
2.0,0.8888889,3.0,8.0,0.7299663299663299,0.694
2.0,0.8888889,3.0,12.0,0.7299663299663299,0.694
2.0,0.8888889,3.0,20.0,0.7299663299663299,0.694
2.0,0.8888889,3.0,32.0,0.7306397306397306,0.694
2.0,0.8888889,3.0,50.0,0.7299663299663299,0.694
2.0,0.8888889,3.0,80.0,0.7299663299663299,0.694
2.0,0.8888889,3.0,128.0,0.7292929292929293,0.696
2.0,0.8888889,5.0,2.0,0.7299663299663299,0.694
2.0,0.8888889,5.0,3.0,0.7299663299663299,0.694
2.0,0.8888889,5.0,5.0,0.7299663299663299,0.694
2.0,0.8888889,5.0,8.0,0.7299663299663299,0.694
2.0,0.8888889,5.0,12.0,0.7299663299663299,0.694
2.0,0.8888889,5.0,20.0,0.7299663299663299,0.694
2.0,0.8888889,5.0,32.0,0.7306397306397306,0.694
2.0,0.8888889,5.0,50.0,0.7299663299663299,0.694
2.0,0.8888889,5.0,80.0,0.7299663299663299,0.694
2.0,0.8888889,5.0,128.0,0.7292929292929293,0.696
2.0,0.8888889,7.0,2.0,0.7299663299663299,0.694
2.0,0.8888889,7.0,3.0,0.7299663299663299,0.694
2.0,0.8888889,7.0,5.0,0.7299663299663299,0.694
2.0,0.8888889,7.0,8.0,0.7299663299663299,0.694
2.0,0.8888889,7.0,12.0,0.7299663299663299,0.694
2.0,0.8888889,7.0,20.0,0.7299663299663299,0.694
2.0,0.8888889,7.0,32.0,0.7306397306397306,0.694
2.0,0.8888889,7.0,50.0,0.7299663299663299,0.694
2.0,0.8888889,7.0,80.0,0.7299663299663299,0.694
2.0,0.8888889,7.0,128.0,0.7286195286195286,0.696
2.0,0.8888889,9.0,2.0,0.7299663299663299,0.694
2.0,0.8888889,9.0,3.0,0.7299663299663299,0.694
2.0,0.8888889,9.0,5.0,0.7299663299663299,0.694
2.0,0.8888889,9.0,8.0,0.7299663299663299,0.694
2.0,0.8888889,9.0,12.0,0.7299663299663299,0.694
2.0,0.8888889,9.0,20.0,0.7299663299663299,0.694
2.0,0.8888889,9.0,32.0,0.7306397306397306,0.694
2.0,0.8888889,9.0,50.0,0.7299663299663299,0.694
2.0,0.8888889,9.0,80.0,0.7299663299663299,0.694
2.0,0.8888889,9.0,128.0,0.7286195286195286,0.696
2.0,0.8888889,11.0,2.0,0.7292929292929293,0.694
2.0,0.8888889,11.0,3.0,0.7292929292929293,0.694
2.0,0.8888889,11.0,5.0,0.7292929292929293,0.694
2.0,0.8888889,11.0,8.0,0.7292929292929293,0.694
2.0,0.8888889,11.0,12.0,0.7292929292929293,0.694
2.0,0.8888889,11.0,20.0,0.7292929292929293,0.694
2.0,0.8888889,11.0,32.0,0.7299663299663299,0.694
2.0,0.8888889,11.0,50.0,0.7299663299663299,0.694
2.0,0.8888889,11.0,80.0,0.7299663299663299,0.694
2.0,0.8888889,11.0,128.0,0.7286195286195286,0.696
2.0,0.8888889,13.0,2.0,0.7306397306397306,0.696
2.0,0.8888889,13.0,3.0,0.7306397306397306,0.696
2.0,0.8888889,13.0,5.0,0.7306397306397306,0.696
2.0,0.8888889,13.0,8.0,0.7306397306397306,0.696
2.0,0.8888889,13.0,12.0,0.7306397306397306,0.696
2.0,0.8888889,13.0,20.0,0.7306397306397306,0.696
2.0,0.8888889,13.0,32.0,0.7306397306397306,0.696
2.0,0.8888889,13.0,50.0,0.7299663299663299,0.694
2.0,0.8888889,13.0,80.0,0.7292929292929293,0.694
2.0,0.8888889,13.0,128.0,0.7286195286195286,0.696
2.0,0.8888889,15.0,2.0,0.7313131313131314,0.696
2.0,0.8888889,15.0,3.0,0.7313131313131314,0.696
2.0,0.8888889,15.0,5.0,0.7313131313131314,0.696
2.0,0.8888889,15.0,8.0,0.7313131313131314,0.696
2.0,0.8888889,15.0,12.0,0.7313131313131314,0.696
2.0,0.8888889,15.0,20.0,0.7313131313131314,0.696
2.0,0.8888889,15.0,32.0,0.7313131313131314,0.696
2.0,0.8888889,15.0,50.0,0.7306397306397306,0.696
2.0,0.8888889,15.0,80.0,0.7313131313131314,0.694
2.0,0.8888889,15.0,128.0,0.7286195286195286,0.696
2.0,0.8888889,17.0,2.0,0.7299663299663299,0.696
2.0,0.8888889,17.0,3.0,0.7299663299663299,0.696
2.0,0.8888889,17.0,5.0,0.7299663299663299,0.696
2.0,0.8888889,17.0,8.0,0.7299663299663299,0.696
2.0,0.8888889,17.0,12.0,0.7299663299663299,0.696
2.0,0.8888889,17.0,20.0,0.7299663299663299,0.696
2.0,0.8888889,17.0,32.0,0.7299663299663299,0.696
2.0,0.8888889,17.0,50.0,0.7306397306397306,0.696
2.0,0.8888889,17.0,80.0,0.7313131313131314,0.696
2.0,0.8888889,17.0,128.0,0.7286195286195286,0.696
2.0,0.8888889,20.0,2.0,0.731986531986532,0.696
2.0,0.8888889,20.0,3.0,0.731986531986532,0.696
2.0,0.8888889,20.0,5.0,0.731986531986532,0.696
2.0,0.8888889,20.0,8.0,0.731986531986532,0.696
2.0,0.8888889,20.0,12.0,0.731986531986532,0.696
2.0,0.8888889,20.0,20.0,0.731986531986532,0.696
2.0,0.8888889,20.0,32.0,0.731986531986532,0.696
2.0,0.8888889,20.0,50.0,0.7333333333333334,0.696
2.0,0.8888889,20.0,80.0,0.7333333333333334,0.696
2.0,0.8888889,20.0,128.0,0.7286195286195286,0.696
2.0,1.0,1.0,2.0,0.7279461279461279,0.69
2.0,1.0,1.0,3.0,0.7279461279461279,0.69
2.0,1.0,1.0,5.0,0.7279461279461279,0.69
2.0,1.0,1.0,8.0,0.7279461279461279,0.69
2.0,1.0,1.0,12.0,0.7279461279461279,0.69
2.0,1.0,1.0,20.0,0.7279461279461279,0.69
2.0,1.0,1.0,32.0,0.7279461279461279,0.69
2.0,1.0,1.0,50.0,0.7279461279461279,0.69
2.0,1.0,1.0,80.0,0.7279461279461279,0.69
2.0,1.0,1.0,128.0,0.7272727272727273,0.69
2.0,1.0,3.0,2.0,0.7265993265993267,0.69
2.0,1.0,3.0,3.0,0.7265993265993267,0.69
2.0,1.0,3.0,5.0,0.7265993265993267,0.69
2.0,1.0,3.0,8.0,0.7265993265993267,0.69
2.0,1.0,3.0,12.0,0.7265993265993267,0.69
2.0,1.0,3.0,20.0,0.7265993265993267,0.69
2.0,1.0,3.0,32.0,0.7265993265993267,0.69
2.0,1.0,3.0,50.0,0.7265993265993267,0.69
2.0,1.0,3.0,80.0,0.7265993265993267,0.69
2.0,1.0,3.0,128.0,0.7265993265993267,0.69
2.0,1.0,5.0,2.0,0.7265993265993267,0.69
2.0,1.0,5.0,3.0,0.7265993265993267,0.69
2.0,1.0,5.0,5.0,0.7265993265993267,0.69
2.0,1.0,5.0,8.0,0.7265993265993267,0.69
2.0,1.0,5.0,12.0,0.7265993265993267,0.69
2.0,1.0,5.0,20.0,0.7265993265993267,0.69
2.0,1.0,5.0,32.0,0.7265993265993267,0.69
2.0,1.0,5.0,50.0,0.7265993265993267,0.69
2.0,1.0,5.0,80.0,0.7265993265993267,0.69
2.0,1.0,5.0,128.0,0.7265993265993267,0.69
2.0,1.0,7.0,2.0,0.7265993265993267,0.69
2.0,1.0,7.0,3.0,0.7265993265993267,0.69
2.0,1.0,7.0,5.0,0.7265993265993267,0.69
2.0,1.0,7.0,8.0,0.7265993265993267,0.69
2.0,1.0,7.0,12.0,0.7265993265993267,0.69
2.0,1.0,7.0,20.0,0.7265993265993267,0.69
2.0,1.0,7.0,32.0,0.7265993265993267,0.69
2.0,1.0,7.0,50.0,0.7265993265993267,0.69
2.0,1.0,7.0,80.0,0.7265993265993267,0.69
2.0,1.0,7.0,128.0,0.7265993265993267,0.69
2.0,1.0,9.0,2.0,0.7265993265993267,0.69
2.0,1.0,9.0,3.0,0.7265993265993267,0.69
2.0,1.0,9.0,5.0,0.7265993265993267,0.69
2.0,1.0,9.0,8.0,0.7265993265993267,0.69
2.0,1.0,9.0,12.0,0.7265993265993267,0.69
2.0,1.0,9.0,20.0,0.7265993265993267,0.69
2.0,1.0,9.0,32.0,0.7265993265993267,0.69
2.0,1.0,9.0,50.0,0.7265993265993267,0.69
2.0,1.0,9.0,80.0,0.7265993265993267,0.69
2.0,1.0,9.0,128.0,0.7265993265993267,0.69
2.0,1.0,11.0,2.0,0.7279461279461279,0.692
2.0,1.0,11.0,3.0,0.7279461279461279,0.692
2.0,1.0,11.0,5.0,0.7279461279461279,0.692
2.0,1.0,11.0,8.0,0.7279461279461279,0.692
2.0,1.0,11.0,12.0,0.7279461279461279,0.692
2.0,1.0,11.0,20.0,0.7279461279461279,0.692
2.0,1.0,11.0,32.0,0.7279461279461279,0.692
2.0,1.0,11.0,50.0,0.7279461279461279,0.692
2.0,1.0,11.0,80.0,0.7279461279461279,0.692
2.0,1.0,11.0,128.0,0.7279461279461279,0.692
2.0,1.0,13.0,2.0,0.7272727272727273,0.692
2.0,1.0,13.0,3.0,0.7272727272727273,0.692
2.0,1.0,13.0,5.0,0.7272727272727273,0.692
2.0,1.0,13.0,8.0,0.7272727272727273,0.692
2.0,1.0,13.0,12.0,0.7272727272727273,0.692
2.0,1.0,13.0,20.0,0.7272727272727273,0.692
2.0,1.0,13.0,32.0,0.7272727272727273,0.692
2.0,1.0,13.0,50.0,0.7272727272727273,0.692
2.0,1.0,13.0,80.0,0.7272727272727273,0.692
2.0,1.0,13.0,128.0,0.7272727272727273,0.692
2.0,1.0,15.0,2.0,0.7272727272727273,0.692
2.0,1.0,15.0,3.0,0.7272727272727273,0.692
2.0,1.0,15.0,5.0,0.7272727272727273,0.692
2.0,1.0,15.0,8.0,0.7272727272727273,0.692
2.0,1.0,15.0,12.0,0.7272727272727273,0.692
2.0,1.0,15.0,20.0,0.7272727272727273,0.692
2.0,1.0,15.0,32.0,0.7272727272727273,0.692
2.0,1.0,15.0,50.0,0.7272727272727273,0.692
2.0,1.0,15.0,80.0,0.7272727272727273,0.692
2.0,1.0,15.0,128.0,0.7272727272727273,0.692
2.0,1.0,17.0,2.0,0.7272727272727273,0.692
2.0,1.0,17.0,3.0,0.7272727272727273,0.692
2.0,1.0,17.0,5.0,0.7272727272727273,0.692
2.0,1.0,17.0,8.0,0.7272727272727273,0.692
2.0,1.0,17.0,12.0,0.7272727272727273,0.692
2.0,1.0,17.0,20.0,0.7272727272727273,0.692
2.0,1.0,17.0,32.0,0.7272727272727273,0.692
2.0,1.0,17.0,50.0,0.7272727272727273,0.692
2.0,1.0,17.0,80.0,0.7272727272727273,0.692
2.0,1.0,17.0,128.0,0.7265993265993267,0.692
2.0,1.0,20.0,2.0,0.7272727272727273,0.69
2.0,1.0,20.0,3.0,0.7272727272727273,0.69
2.0,1.0,20.0,5.0,0.7272727272727273,0.69
2.0,1.0,20.0,8.0,0.7272727272727273,0.69
2.0,1.0,20.0,12.0,0.7272727272727273,0.69
2.0,1.0,20.0,20.0,0.7272727272727273,0.69
2.0,1.0,20.0,32.0,0.7272727272727273,0.69
2.0,1.0,20.0,50.0,0.7272727272727273,0.69
2.0,1.0,20.0,80.0,0.7272727272727273,0.69
2.0,1.0,20.0,128.0,0.7272727272727273,0.69
3.0,0.0,1.0,2.0,0.7003367003367004,0.7
3.0,0.0,1.0,3.0,0.7003367003367004,0.7
3.0,0.0,1.0,5.0,0.7003367003367004,0.7
3.0,0.0,1.0,8.0,0.7003367003367004,0.7
3.0,0.0,1.0,12.0,0.7003367003367004,0.7
3.0,0.0,1.0,20.0,0.7003367003367004,0.7
3.0,0.0,1.0,32.0,0.7003367003367004,0.7
3.0,0.0,1.0,50.0,0.7003367003367004,0.7
3.0,0.0,1.0,80.0,0.7003367003367004,0.7
3.0,0.0,1.0,128.0,0.7003367003367004,0.7
3.0,0.0,3.0,2.0,0.7003367003367004,0.7
3.0,0.0,3.0,3.0,0.7003367003367004,0.7
3.0,0.0,3.0,5.0,0.7003367003367004,0.7
3.0,0.0,3.0,8.0,0.7003367003367004,0.7
3.0,0.0,3.0,12.0,0.7003367003367004,0.7
3.0,0.0,3.0,20.0,0.7003367003367004,0.7
3.0,0.0,3.0,32.0,0.7003367003367004,0.7
3.0,0.0,3.0,50.0,0.7003367003367004,0.7
3.0,0.0,3.0,80.0,0.7003367003367004,0.7
3.0,0.0,3.0,128.0,0.7003367003367004,0.7
3.0,0.0,5.0,2.0,0.7003367003367004,0.7
3.0,0.0,5.0,3.0,0.7003367003367004,0.7
3.0,0.0,5.0,5.0,0.7003367003367004,0.7
3.0,0.0,5.0,8.0,0.7003367003367004,0.7
3.0,0.0,5.0,12.0,0.7003367003367004,0.7
3.0,0.0,5.0,20.0,0.7003367003367004,0.7
3.0,0.0,5.0,32.0,0.7003367003367004,0.7
3.0,0.0,5.0,50.0,0.7003367003367004,0.7
3.0,0.0,5.0,80.0,0.7003367003367004,0.7
3.0,0.0,5.0,128.0,0.7003367003367004,0.7
3.0,0.0,7.0,2.0,0.7003367003367004,0.7
3.0,0.0,7.0,3.0,0.7003367003367004,0.7
3.0,0.0,7.0,5.0,0.7003367003367004,0.7
3.0,0.0,7.0,8.0,0.7003367003367004,0.7
3.0,0.0,7.0,12.0,0.7003367003367004,0.7
3.0,0.0,7.0,20.0,0.7003367003367004,0.7
3.0,0.0,7.0,32.0,0.7003367003367004,0.7
3.0,0.0,7.0,50.0,0.7003367003367004,0.7
3.0,0.0,7.0,80.0,0.7003367003367004,0.7
3.0,0.0,7.0,128.0,0.7003367003367004,0.7
3.0,0.0,9.0,2.0,0.7003367003367004,0.7
3.0,0.0,9.0,3.0,0.7003367003367004,0.7
3.0,0.0,9.0,5.0,0.7003367003367004,0.7
3.0,0.0,9.0,8.0,0.7003367003367004,0.7
3.0,0.0,9.0,12.0,0.7003367003367004,0.7
3.0,0.0,9.0,20.0,0.7003367003367004,0.7
3.0,0.0,9.0,32.0,0.7003367003367004,0.7
3.0,0.0,9.0,50.0,0.7003367003367004,0.7
3.0,0.0,9.0,80.0,0.7003367003367004,0.7
3.0,0.0,9.0,128.0,0.7003367003367004,0.7
3.0,0.0,11.0,2.0,0.7003367003367004,0.7
3.0,0.0,11.0,3.0,0.7003367003367004,0.7
3.0,0.0,11.0,5.0,0.7003367003367004,0.7
3.0,0.0,11.0,8.0,0.7003367003367004,0.7
3.0,0.0,11.0,12.0,0.7003367003367004,0.7
3.0,0.0,11.0,20.0,0.7003367003367004,0.7
3.0,0.0,11.0,32.0,0.7003367003367004,0.7
3.0,0.0,11.0,50.0,0.7003367003367004,0.7
3.0,0.0,11.0,80.0,0.7003367003367004,0.7
3.0,0.0,11.0,128.0,0.7003367003367004,0.7
3.0,0.0,13.0,2.0,0.7003367003367004,0.7
3.0,0.0,13.0,3.0,0.7003367003367004,0.7
3.0,0.0,13.0,5.0,0.7003367003367004,0.7
3.0,0.0,13.0,8.0,0.7003367003367004,0.7
3.0,0.0,13.0,12.0,0.7003367003367004,0.7
3.0,0.0,13.0,20.0,0.7003367003367004,0.7
3.0,0.0,13.0,32.0,0.7003367003367004,0.7
3.0,0.0,13.0,50.0,0.7003367003367004,0.7
3.0,0.0,13.0,80.0,0.7003367003367004,0.7
3.0,0.0,13.0,128.0,0.7003367003367004,0.7
3.0,0.0,15.0,2.0,0.7003367003367004,0.7
3.0,0.0,15.0,3.0,0.7003367003367004,0.7
3.0,0.0,15.0,5.0,0.7003367003367004,0.7
3.0,0.0,15.0,8.0,0.7003367003367004,0.7
3.0,0.0,15.0,12.0,0.7003367003367004,0.7
3.0,0.0,15.0,20.0,0.7003367003367004,0.7
3.0,0.0,15.0,32.0,0.7003367003367004,0.7
3.0,0.0,15.0,50.0,0.7003367003367004,0.7
3.0,0.0,15.0,80.0,0.7003367003367004,0.7
3.0,0.0,15.0,128.0,0.7003367003367004,0.7
3.0,0.0,17.0,2.0,0.7003367003367004,0.7
3.0,0.0,17.0,3.0,0.7003367003367004,0.7
3.0,0.0,17.0,5.0,0.7003367003367004,0.7
3.0,0.0,17.0,8.0,0.7003367003367004,0.7
3.0,0.0,17.0,12.0,0.7003367003367004,0.7
3.0,0.0,17.0,20.0,0.7003367003367004,0.7
3.0,0.0,17.0,32.0,0.7003367003367004,0.7
3.0,0.0,17.0,50.0,0.7003367003367004,0.7
3.0,0.0,17.0,80.0,0.7003367003367004,0.7
3.0,0.0,17.0,128.0,0.7003367003367004,0.7
3.0,0.0,20.0,2.0,0.7003367003367004,0.7
3.0,0.0,20.0,3.0,0.7003367003367004,0.7
3.0,0.0,20.0,5.0,0.7003367003367004,0.7
3.0,0.0,20.0,8.0,0.7003367003367004,0.7
3.0,0.0,20.0,12.0,0.7003367003367004,0.7
3.0,0.0,20.0,20.0,0.7003367003367004,0.7
3.0,0.0,20.0,32.0,0.7003367003367004,0.7
3.0,0.0,20.0,50.0,0.7003367003367004,0.7
3.0,0.0,20.0,80.0,0.7003367003367004,0.7
3.0,0.0,20.0,128.0,0.7003367003367004,0.7
3.0,0.11111111,1.0,2.0,0.7003367003367004,0.7
3.0,0.11111111,1.0,3.0,0.7003367003367004,0.7
3.0,0.11111111,1.0,5.0,0.7003367003367004,0.7
3.0,0.11111111,1.0,8.0,0.7003367003367004,0.7
3.0,0.11111111,1.0,12.0,0.7003367003367004,0.7
3.0,0.11111111,1.0,20.0,0.7003367003367004,0.7
3.0,0.11111111,1.0,32.0,0.7003367003367004,0.7
3.0,0.11111111,1.0,50.0,0.7003367003367004,0.7
3.0,0.11111111,1.0,80.0,0.7003367003367004,0.7
3.0,0.11111111,1.0,128.0,0.7003367003367004,0.7
3.0,0.11111111,3.0,2.0,0.7003367003367004,0.7
3.0,0.11111111,3.0,3.0,0.7003367003367004,0.7
3.0,0.11111111,3.0,5.0,0.7003367003367004,0.7
3.0,0.11111111,3.0,8.0,0.7003367003367004,0.7
3.0,0.11111111,3.0,12.0,0.7003367003367004,0.7
3.0,0.11111111,3.0,20.0,0.7003367003367004,0.7
3.0,0.11111111,3.0,32.0,0.7003367003367004,0.7
3.0,0.11111111,3.0,50.0,0.7003367003367004,0.7
3.0,0.11111111,3.0,80.0,0.7003367003367004,0.7
3.0,0.11111111,3.0,128.0,0.7003367003367004,0.7
3.0,0.11111111,5.0,2.0,0.7003367003367004,0.7
3.0,0.11111111,5.0,3.0,0.7003367003367004,0.7
3.0,0.11111111,5.0,5.0,0.7003367003367004,0.7
3.0,0.11111111,5.0,8.0,0.7003367003367004,0.7
3.0,0.11111111,5.0,12.0,0.7003367003367004,0.7
3.0,0.11111111,5.0,20.0,0.7003367003367004,0.7
3.0,0.11111111,5.0,32.0,0.7003367003367004,0.7
3.0,0.11111111,5.0,50.0,0.7003367003367004,0.7
3.0,0.11111111,5.0,80.0,0.7003367003367004,0.7
3.0,0.11111111,5.0,128.0,0.7003367003367004,0.7
3.0,0.11111111,7.0,2.0,0.7003367003367004,0.7
3.0,0.11111111,7.0,3.0,0.7003367003367004,0.7
3.0,0.11111111,7.0,5.0,0.7003367003367004,0.7
3.0,0.11111111,7.0,8.0,0.7003367003367004,0.7
3.0,0.11111111,7.0,12.0,0.7003367003367004,0.7
3.0,0.11111111,7.0,20.0,0.7003367003367004,0.7
3.0,0.11111111,7.0,32.0,0.7003367003367004,0.7
3.0,0.11111111,7.0,50.0,0.7003367003367004,0.7
3.0,0.11111111,7.0,80.0,0.7003367003367004,0.7
3.0,0.11111111,7.0,128.0,0.7003367003367004,0.7
3.0,0.11111111,9.0,2.0,0.7003367003367004,0.7
3.0,0.11111111,9.0,3.0,0.7003367003367004,0.7
3.0,0.11111111,9.0,5.0,0.7003367003367004,0.7
3.0,0.11111111,9.0,8.0,0.7003367003367004,0.7
3.0,0.11111111,9.0,12.0,0.7003367003367004,0.7
3.0,0.11111111,9.0,20.0,0.7003367003367004,0.7
3.0,0.11111111,9.0,32.0,0.7003367003367004,0.7
3.0,0.11111111,9.0,50.0,0.7003367003367004,0.7
3.0,0.11111111,9.0,80.0,0.7003367003367004,0.7
3.0,0.11111111,9.0,128.0,0.7003367003367004,0.7
3.0,0.11111111,11.0,2.0,0.7003367003367004,0.7
3.0,0.11111111,11.0,3.0,0.7003367003367004,0.7
3.0,0.11111111,11.0,5.0,0.7003367003367004,0.7
3.0,0.11111111,11.0,8.0,0.7003367003367004,0.7
3.0,0.11111111,11.0,12.0,0.7003367003367004,0.7
3.0,0.11111111,11.0,20.0,0.7003367003367004,0.7
3.0,0.11111111,11.0,32.0,0.7003367003367004,0.7
3.0,0.11111111,11.0,50.0,0.7003367003367004,0.7
3.0,0.11111111,11.0,80.0,0.7003367003367004,0.7
3.0,0.11111111,11.0,128.0,0.7003367003367004,0.7
3.0,0.11111111,13.0,2.0,0.7003367003367004,0.7
3.0,0.11111111,13.0,3.0,0.7003367003367004,0.7
3.0,0.11111111,13.0,5.0,0.7003367003367004,0.7
3.0,0.11111111,13.0,8.0,0.7003367003367004,0.7
3.0,0.11111111,13.0,12.0,0.7003367003367004,0.7
3.0,0.11111111,13.0,20.0,0.7003367003367004,0.7
3.0,0.11111111,13.0,32.0,0.7003367003367004,0.7
3.0,0.11111111,13.0,50.0,0.7003367003367004,0.7
3.0,0.11111111,13.0,80.0,0.7003367003367004,0.7
3.0,0.11111111,13.0,128.0,0.7003367003367004,0.7
3.0,0.11111111,15.0,2.0,0.7003367003367004,0.7
3.0,0.11111111,15.0,3.0,0.7003367003367004,0.7
3.0,0.11111111,15.0,5.0,0.7003367003367004,0.7
3.0,0.11111111,15.0,8.0,0.7003367003367004,0.7
3.0,0.11111111,15.0,12.0,0.7003367003367004,0.7
3.0,0.11111111,15.0,20.0,0.7003367003367004,0.7
3.0,0.11111111,15.0,32.0,0.7003367003367004,0.7
3.0,0.11111111,15.0,50.0,0.7003367003367004,0.7
3.0,0.11111111,15.0,80.0,0.7003367003367004,0.7
3.0,0.11111111,15.0,128.0,0.7003367003367004,0.7
3.0,0.11111111,17.0,2.0,0.7003367003367004,0.7
3.0,0.11111111,17.0,3.0,0.7003367003367004,0.7
3.0,0.11111111,17.0,5.0,0.7003367003367004,0.7
3.0,0.11111111,17.0,8.0,0.7003367003367004,0.7
3.0,0.11111111,17.0,12.0,0.7003367003367004,0.7
3.0,0.11111111,17.0,20.0,0.7003367003367004,0.7
3.0,0.11111111,17.0,32.0,0.7003367003367004,0.7
3.0,0.11111111,17.0,50.0,0.7003367003367004,0.7
3.0,0.11111111,17.0,80.0,0.7003367003367004,0.7
3.0,0.11111111,17.0,128.0,0.7003367003367004,0.7
3.0,0.11111111,20.0,2.0,0.7003367003367004,0.7
3.0,0.11111111,20.0,3.0,0.7003367003367004,0.7
3.0,0.11111111,20.0,5.0,0.7003367003367004,0.7
3.0,0.11111111,20.0,8.0,0.7003367003367004,0.7
3.0,0.11111111,20.0,12.0,0.7003367003367004,0.7
3.0,0.11111111,20.0,20.0,0.7003367003367004,0.7
3.0,0.11111111,20.0,32.0,0.7003367003367004,0.7
3.0,0.11111111,20.0,50.0,0.7003367003367004,0.7
3.0,0.11111111,20.0,80.0,0.7003367003367004,0.7
3.0,0.11111111,20.0,128.0,0.7003367003367004,0.7
3.0,0.22222222,1.0,2.0,0.7003367003367004,0.7
3.0,0.22222222,1.0,3.0,0.7003367003367004,0.7
3.0,0.22222222,1.0,5.0,0.7003367003367004,0.7
3.0,0.22222222,1.0,8.0,0.7003367003367004,0.7
3.0,0.22222222,1.0,12.0,0.7003367003367004,0.7
3.0,0.22222222,1.0,20.0,0.7003367003367004,0.7
3.0,0.22222222,1.0,32.0,0.7003367003367004,0.7
3.0,0.22222222,1.0,50.0,0.7003367003367004,0.7
3.0,0.22222222,1.0,80.0,0.7003367003367004,0.7
3.0,0.22222222,1.0,128.0,0.7003367003367004,0.7
3.0,0.22222222,3.0,2.0,0.7003367003367004,0.7
3.0,0.22222222,3.0,3.0,0.7003367003367004,0.7
3.0,0.22222222,3.0,5.0,0.7003367003367004,0.7
3.0,0.22222222,3.0,8.0,0.7003367003367004,0.7
3.0,0.22222222,3.0,12.0,0.7003367003367004,0.7
3.0,0.22222222,3.0,20.0,0.7003367003367004,0.7
3.0,0.22222222,3.0,32.0,0.7003367003367004,0.7
3.0,0.22222222,3.0,50.0,0.7003367003367004,0.7
3.0,0.22222222,3.0,80.0,0.7003367003367004,0.7
3.0,0.22222222,3.0,128.0,0.7003367003367004,0.7
3.0,0.22222222,5.0,2.0,0.7003367003367004,0.7
3.0,0.22222222,5.0,3.0,0.7003367003367004,0.7
3.0,0.22222222,5.0,5.0,0.7003367003367004,0.7
3.0,0.22222222,5.0,8.0,0.7003367003367004,0.7
3.0,0.22222222,5.0,12.0,0.7003367003367004,0.7
3.0,0.22222222,5.0,20.0,0.7003367003367004,0.7
3.0,0.22222222,5.0,32.0,0.7003367003367004,0.7
3.0,0.22222222,5.0,50.0,0.7003367003367004,0.7
3.0,0.22222222,5.0,80.0,0.7003367003367004,0.7
3.0,0.22222222,5.0,128.0,0.7003367003367004,0.7
3.0,0.22222222,7.0,2.0,0.7003367003367004,0.7
3.0,0.22222222,7.0,3.0,0.7003367003367004,0.7
3.0,0.22222222,7.0,5.0,0.7003367003367004,0.7
3.0,0.22222222,7.0,8.0,0.7003367003367004,0.7
3.0,0.22222222,7.0,12.0,0.7003367003367004,0.7
3.0,0.22222222,7.0,20.0,0.7003367003367004,0.7
3.0,0.22222222,7.0,32.0,0.7003367003367004,0.7
3.0,0.22222222,7.0,50.0,0.7003367003367004,0.7
3.0,0.22222222,7.0,80.0,0.7003367003367004,0.7
3.0,0.22222222,7.0,128.0,0.7003367003367004,0.7
3.0,0.22222222,9.0,2.0,0.7003367003367004,0.7
3.0,0.22222222,9.0,3.0,0.7003367003367004,0.7
3.0,0.22222222,9.0,5.0,0.7003367003367004,0.7
3.0,0.22222222,9.0,8.0,0.7003367003367004,0.7
3.0,0.22222222,9.0,12.0,0.7003367003367004,0.7
3.0,0.22222222,9.0,20.0,0.7003367003367004,0.7
3.0,0.22222222,9.0,32.0,0.7003367003367004,0.7
3.0,0.22222222,9.0,50.0,0.7003367003367004,0.7
3.0,0.22222222,9.0,80.0,0.7003367003367004,0.7
3.0,0.22222222,9.0,128.0,0.7003367003367004,0.7
3.0,0.22222222,11.0,2.0,0.7003367003367004,0.7
3.0,0.22222222,11.0,3.0,0.7003367003367004,0.7
3.0,0.22222222,11.0,5.0,0.7003367003367004,0.7
3.0,0.22222222,11.0,8.0,0.7003367003367004,0.7
3.0,0.22222222,11.0,12.0,0.7003367003367004,0.7
3.0,0.22222222,11.0,20.0,0.7003367003367004,0.7
3.0,0.22222222,11.0,32.0,0.7003367003367004,0.7
3.0,0.22222222,11.0,50.0,0.7003367003367004,0.7
3.0,0.22222222,11.0,80.0,0.7003367003367004,0.7
3.0,0.22222222,11.0,128.0,0.7003367003367004,0.7
3.0,0.22222222,13.0,2.0,0.7003367003367004,0.7
3.0,0.22222222,13.0,3.0,0.7003367003367004,0.7
3.0,0.22222222,13.0,5.0,0.7003367003367004,0.7
3.0,0.22222222,13.0,8.0,0.7003367003367004,0.7
3.0,0.22222222,13.0,12.0,0.7003367003367004,0.7
3.0,0.22222222,13.0,20.0,0.7003367003367004,0.7
3.0,0.22222222,13.0,32.0,0.7003367003367004,0.7
3.0,0.22222222,13.0,50.0,0.7003367003367004,0.7
3.0,0.22222222,13.0,80.0,0.7003367003367004,0.7
3.0,0.22222222,13.0,128.0,0.7003367003367004,0.7
3.0,0.22222222,15.0,2.0,0.7003367003367004,0.7
3.0,0.22222222,15.0,3.0,0.7003367003367004,0.7
3.0,0.22222222,15.0,5.0,0.7003367003367004,0.7
3.0,0.22222222,15.0,8.0,0.7003367003367004,0.7
3.0,0.22222222,15.0,12.0,0.7003367003367004,0.7
3.0,0.22222222,15.0,20.0,0.7003367003367004,0.7
3.0,0.22222222,15.0,32.0,0.7003367003367004,0.7
3.0,0.22222222,15.0,50.0,0.7003367003367004,0.7
3.0,0.22222222,15.0,80.0,0.7003367003367004,0.7
3.0,0.22222222,15.0,128.0,0.7003367003367004,0.7
3.0,0.22222222,17.0,2.0,0.7003367003367004,0.7
3.0,0.22222222,17.0,3.0,0.7003367003367004,0.7
3.0,0.22222222,17.0,5.0,0.7003367003367004,0.7
3.0,0.22222222,17.0,8.0,0.7003367003367004,0.7
3.0,0.22222222,17.0,12.0,0.7003367003367004,0.7
3.0,0.22222222,17.0,20.0,0.7003367003367004,0.7
3.0,0.22222222,17.0,32.0,0.7003367003367004,0.7
3.0,0.22222222,17.0,50.0,0.7003367003367004,0.7
3.0,0.22222222,17.0,80.0,0.7003367003367004,0.7
3.0,0.22222222,17.0,128.0,0.7003367003367004,0.7
3.0,0.22222222,20.0,2.0,0.7003367003367004,0.7
3.0,0.22222222,20.0,3.0,0.7003367003367004,0.7
3.0,0.22222222,20.0,5.0,0.7003367003367004,0.7
3.0,0.22222222,20.0,8.0,0.7003367003367004,0.7
3.0,0.22222222,20.0,12.0,0.7003367003367004,0.7
3.0,0.22222222,20.0,20.0,0.7003367003367004,0.7
3.0,0.22222222,20.0,32.0,0.7003367003367004,0.7
3.0,0.22222222,20.0,50.0,0.7003367003367004,0.7
3.0,0.22222222,20.0,80.0,0.7003367003367004,0.7
3.0,0.22222222,20.0,128.0,0.7003367003367004,0.7
3.0,0.33333334,1.0,2.0,0.7070707070707071,0.7
3.0,0.33333334,1.0,3.0,0.7070707070707071,0.7
3.0,0.33333334,1.0,5.0,0.7070707070707071,0.7
3.0,0.33333334,1.0,8.0,0.7070707070707071,0.7
3.0,0.33333334,1.0,12.0,0.7070707070707071,0.7
3.0,0.33333334,1.0,20.0,0.7070707070707071,0.7
3.0,0.33333334,1.0,32.0,0.7063973063973064,0.7
3.0,0.33333334,1.0,50.0,0.7043771043771044,0.7
3.0,0.33333334,1.0,80.0,0.703030303030303,0.7
3.0,0.33333334,1.0,128.0,0.7010101010101011,0.7
3.0,0.33333334,3.0,2.0,0.7070707070707071,0.7
3.0,0.33333334,3.0,3.0,0.7070707070707071,0.7
3.0,0.33333334,3.0,5.0,0.7070707070707071,0.7
3.0,0.33333334,3.0,8.0,0.7070707070707071,0.7
3.0,0.33333334,3.0,12.0,0.7070707070707071,0.7
3.0,0.33333334,3.0,20.0,0.7070707070707071,0.7
3.0,0.33333334,3.0,32.0,0.7063973063973064,0.7
3.0,0.33333334,3.0,50.0,0.7043771043771044,0.7
3.0,0.33333334,3.0,80.0,0.703030303030303,0.7
3.0,0.33333334,3.0,128.0,0.7010101010101011,0.7
3.0,0.33333334,5.0,2.0,0.7070707070707071,0.7
3.0,0.33333334,5.0,3.0,0.7070707070707071,0.7
3.0,0.33333334,5.0,5.0,0.7070707070707071,0.7
3.0,0.33333334,5.0,8.0,0.7070707070707071,0.7
3.0,0.33333334,5.0,12.0,0.7070707070707071,0.7
3.0,0.33333334,5.0,20.0,0.7070707070707071,0.7
3.0,0.33333334,5.0,32.0,0.7063973063973064,0.7
3.0,0.33333334,5.0,50.0,0.7043771043771044,0.7
3.0,0.33333334,5.0,80.0,0.7023569023569024,0.7
3.0,0.33333334,5.0,128.0,0.7010101010101011,0.7
3.0,0.33333334,7.0,2.0,0.7070707070707071,0.7
3.0,0.33333334,7.0,3.0,0.7070707070707071,0.7
3.0,0.33333334,7.0,5.0,0.7070707070707071,0.7
3.0,0.33333334,7.0,8.0,0.7070707070707071,0.7
3.0,0.33333334,7.0,12.0,0.7070707070707071,0.7
3.0,0.33333334,7.0,20.0,0.7070707070707071,0.7
3.0,0.33333334,7.0,32.0,0.7057239057239058,0.7
3.0,0.33333334,7.0,50.0,0.7037037037037037,0.702
3.0,0.33333334,7.0,80.0,0.7023569023569024,0.7
3.0,0.33333334,7.0,128.0,0.7010101010101011,0.7
3.0,0.33333334,9.0,2.0,0.7043771043771044,0.7
3.0,0.33333334,9.0,3.0,0.7043771043771044,0.7
3.0,0.33333334,9.0,5.0,0.7043771043771044,0.7
3.0,0.33333334,9.0,8.0,0.7043771043771044,0.7
3.0,0.33333334,9.0,12.0,0.7043771043771044,0.7
3.0,0.33333334,9.0,20.0,0.7043771043771044,0.7
3.0,0.33333334,9.0,32.0,0.7037037037037037,0.7
3.0,0.33333334,9.0,50.0,0.703030303030303,0.7
3.0,0.33333334,9.0,80.0,0.7023569023569024,0.7
3.0,0.33333334,9.0,128.0,0.7010101010101011,0.7
3.0,0.33333334,11.0,2.0,0.703030303030303,0.7
3.0,0.33333334,11.0,3.0,0.703030303030303,0.7
3.0,0.33333334,11.0,5.0,0.703030303030303,0.7
3.0,0.33333334,11.0,8.0,0.703030303030303,0.7
3.0,0.33333334,11.0,12.0,0.703030303030303,0.7
3.0,0.33333334,11.0,20.0,0.703030303030303,0.7
3.0,0.33333334,11.0,32.0,0.703030303030303,0.7
3.0,0.33333334,11.0,50.0,0.7023569023569024,0.7
3.0,0.33333334,11.0,80.0,0.7016835016835017,0.7
3.0,0.33333334,11.0,128.0,0.7010101010101011,0.7
3.0,0.33333334,13.0,2.0,0.703030303030303,0.7
3.0,0.33333334,13.0,3.0,0.703030303030303,0.7
3.0,0.33333334,13.0,5.0,0.703030303030303,0.7
3.0,0.33333334,13.0,8.0,0.703030303030303,0.7
3.0,0.33333334,13.0,12.0,0.703030303030303,0.7
3.0,0.33333334,13.0,20.0,0.703030303030303,0.7
3.0,0.33333334,13.0,32.0,0.703030303030303,0.7
3.0,0.33333334,13.0,50.0,0.703030303030303,0.7
3.0,0.33333334,13.0,80.0,0.7016835016835017,0.7
3.0,0.33333334,13.0,128.0,0.7010101010101011,0.7
3.0,0.33333334,15.0,2.0,0.703030303030303,0.7
3.0,0.33333334,15.0,3.0,0.703030303030303,0.7
3.0,0.33333334,15.0,5.0,0.703030303030303,0.7
3.0,0.33333334,15.0,8.0,0.703030303030303,0.7
3.0,0.33333334,15.0,12.0,0.703030303030303,0.7
3.0,0.33333334,15.0,20.0,0.703030303030303,0.7
3.0,0.33333334,15.0,32.0,0.703030303030303,0.7
3.0,0.33333334,15.0,50.0,0.7023569023569024,0.7
3.0,0.33333334,15.0,80.0,0.7010101010101011,0.7
3.0,0.33333334,15.0,128.0,0.7010101010101011,0.7
3.0,0.33333334,17.0,2.0,0.7023569023569024,0.7
3.0,0.33333334,17.0,3.0,0.7023569023569024,0.7
3.0,0.33333334,17.0,5.0,0.7023569023569024,0.7
3.0,0.33333334,17.0,8.0,0.7023569023569024,0.7
3.0,0.33333334,17.0,12.0,0.7023569023569024,0.7
3.0,0.33333334,17.0,20.0,0.7023569023569024,0.7
3.0,0.33333334,17.0,32.0,0.7023569023569024,0.7
3.0,0.33333334,17.0,50.0,0.7010101010101011,0.7
3.0,0.33333334,17.0,80.0,0.7010101010101011,0.7
3.0,0.33333334,17.0,128.0,0.7010101010101011,0.7
3.0,0.33333334,20.0,2.0,0.7010101010101011,0.7
3.0,0.33333334,20.0,3.0,0.7010101010101011,0.7
3.0,0.33333334,20.0,5.0,0.7010101010101011,0.7
3.0,0.33333334,20.0,8.0,0.7010101010101011,0.7
3.0,0.33333334,20.0,12.0,0.7010101010101011,0.7
3.0,0.33333334,20.0,20.0,0.7010101010101011,0.7
3.0,0.33333334,20.0,32.0,0.7010101010101011,0.7
3.0,0.33333334,20.0,50.0,0.7010101010101011,0.7
3.0,0.33333334,20.0,80.0,0.7010101010101011,0.7
3.0,0.33333334,20.0,128.0,0.7010101010101011,0.7
3.0,0.44444445,1.0,2.0,0.7198653198653199,0.706
3.0,0.44444445,1.0,3.0,0.7198653198653199,0.706
3.0,0.44444445,1.0,5.0,0.7198653198653199,0.706
3.0,0.44444445,1.0,8.0,0.7191919191919192,0.706
3.0,0.44444445,1.0,12.0,0.7191919191919192,0.704
3.0,0.44444445,1.0,20.0,0.7191919191919192,0.704
3.0,0.44444445,1.0,32.0,0.7138047138047139,0.704
3.0,0.44444445,1.0,50.0,0.7117845117845117,0.704
3.0,0.44444445,1.0,80.0,0.7097643097643098,0.704
3.0,0.44444445,1.0,128.0,0.7063973063973064,0.704
3.0,0.44444445,3.0,2.0,0.7185185185185186,0.706
3.0,0.44444445,3.0,3.0,0.7185185185185186,0.706
3.0,0.44444445,3.0,5.0,0.7185185185185186,0.706
3.0,0.44444445,3.0,8.0,0.7191919191919192,0.704
3.0,0.44444445,3.0,12.0,0.7178451178451178,0.704
3.0,0.44444445,3.0,20.0,0.7178451178451178,0.704
3.0,0.44444445,3.0,32.0,0.7131313131313132,0.704
3.0,0.44444445,3.0,50.0,0.7117845117845117,0.704
3.0,0.44444445,3.0,80.0,0.7097643097643098,0.704
3.0,0.44444445,3.0,128.0,0.7063973063973064,0.704
3.0,0.44444445,5.0,2.0,0.7178451178451178,0.704
3.0,0.44444445,5.0,3.0,0.7178451178451178,0.704
3.0,0.44444445,5.0,5.0,0.7178451178451178,0.704
3.0,0.44444445,5.0,8.0,0.7178451178451178,0.704
3.0,0.44444445,5.0,12.0,0.7178451178451178,0.706
3.0,0.44444445,5.0,20.0,0.7171717171717171,0.706
3.0,0.44444445,5.0,32.0,0.7124579124579125,0.704
3.0,0.44444445,5.0,50.0,0.711111111111111,0.704
3.0,0.44444445,5.0,80.0,0.7097643097643098,0.704
3.0,0.44444445,5.0,128.0,0.7063973063973064,0.704
3.0,0.44444445,7.0,2.0,0.7151515151515151,0.706
3.0,0.44444445,7.0,3.0,0.7151515151515151,0.706
3.0,0.44444445,7.0,5.0,0.7151515151515151,0.706
3.0,0.44444445,7.0,8.0,0.7151515151515151,0.706
3.0,0.44444445,7.0,12.0,0.7151515151515151,0.706
3.0,0.44444445,7.0,20.0,0.7138047138047139,0.704
3.0,0.44444445,7.0,32.0,0.7117845117845117,0.704
3.0,0.44444445,7.0,50.0,0.7104377104377104,0.704
3.0,0.44444445,7.0,80.0,0.7097643097643098,0.704
3.0,0.44444445,7.0,128.0,0.7063973063973064,0.704
3.0,0.44444445,9.0,2.0,0.7117845117845117,0.704
3.0,0.44444445,9.0,3.0,0.7117845117845117,0.704
3.0,0.44444445,9.0,5.0,0.7117845117845117,0.704
3.0,0.44444445,9.0,8.0,0.7117845117845117,0.704
3.0,0.44444445,9.0,12.0,0.7117845117845117,0.704
3.0,0.44444445,9.0,20.0,0.7138047138047139,0.704
3.0,0.44444445,9.0,32.0,0.7117845117845117,0.704
3.0,0.44444445,9.0,50.0,0.7104377104377104,0.704
3.0,0.44444445,9.0,80.0,0.7090909090909091,0.704
3.0,0.44444445,9.0,128.0,0.7057239057239058,0.704
3.0,0.44444445,11.0,2.0,0.7124579124579125,0.704
3.0,0.44444445,11.0,3.0,0.7124579124579125,0.704
3.0,0.44444445,11.0,5.0,0.7124579124579125,0.704
3.0,0.44444445,11.0,8.0,0.7124579124579125,0.704
3.0,0.44444445,11.0,12.0,0.7124579124579125,0.704
3.0,0.44444445,11.0,20.0,0.7124579124579125,0.704
3.0,0.44444445,11.0,32.0,0.711111111111111,0.704
3.0,0.44444445,11.0,50.0,0.7090909090909091,0.704
3.0,0.44444445,11.0,80.0,0.7084175084175085,0.704
3.0,0.44444445,11.0,128.0,0.705050505050505,0.704
3.0,0.44444445,13.0,2.0,0.7097643097643098,0.704
3.0,0.44444445,13.0,3.0,0.7097643097643098,0.704
3.0,0.44444445,13.0,5.0,0.7097643097643098,0.704
3.0,0.44444445,13.0,8.0,0.7097643097643098,0.704
3.0,0.44444445,13.0,12.0,0.7097643097643098,0.704
3.0,0.44444445,13.0,20.0,0.7097643097643098,0.704
3.0,0.44444445,13.0,32.0,0.7097643097643098,0.704
3.0,0.44444445,13.0,50.0,0.7090909090909091,0.704
3.0,0.44444445,13.0,80.0,0.7084175084175085,0.704
3.0,0.44444445,13.0,128.0,0.705050505050505,0.704
3.0,0.44444445,15.0,2.0,0.7084175084175085,0.704
3.0,0.44444445,15.0,3.0,0.7084175084175085,0.704
3.0,0.44444445,15.0,5.0,0.7084175084175085,0.704
3.0,0.44444445,15.0,8.0,0.7084175084175085,0.704
3.0,0.44444445,15.0,12.0,0.7084175084175085,0.704
3.0,0.44444445,15.0,20.0,0.7084175084175085,0.704
3.0,0.44444445,15.0,32.0,0.7084175084175085,0.704
3.0,0.44444445,15.0,50.0,0.7084175084175085,0.704
3.0,0.44444445,15.0,80.0,0.7077441077441078,0.704
3.0,0.44444445,15.0,128.0,0.7037037037037037,0.704
3.0,0.44444445,17.0,2.0,0.7084175084175085,0.704
3.0,0.44444445,17.0,3.0,0.7084175084175085,0.704
3.0,0.44444445,17.0,5.0,0.7084175084175085,0.704
3.0,0.44444445,17.0,8.0,0.7084175084175085,0.704
3.0,0.44444445,17.0,12.0,0.7084175084175085,0.704
3.0,0.44444445,17.0,20.0,0.7084175084175085,0.704
3.0,0.44444445,17.0,32.0,0.7084175084175085,0.704
3.0,0.44444445,17.0,50.0,0.7084175084175085,0.704
3.0,0.44444445,17.0,80.0,0.7070707070707071,0.704
3.0,0.44444445,17.0,128.0,0.7023569023569024,0.704
3.0,0.44444445,20.0,2.0,0.7077441077441078,0.704
3.0,0.44444445,20.0,3.0,0.7077441077441078,0.704
3.0,0.44444445,20.0,5.0,0.7077441077441078,0.704
3.0,0.44444445,20.0,8.0,0.7077441077441078,0.704
3.0,0.44444445,20.0,12.0,0.7077441077441078,0.704
3.0,0.44444445,20.0,20.0,0.7077441077441078,0.704
3.0,0.44444445,20.0,32.0,0.7077441077441078,0.704
3.0,0.44444445,20.0,50.0,0.7070707070707071,0.704
3.0,0.44444445,20.0,80.0,0.7043771043771044,0.704
3.0,0.44444445,20.0,128.0,0.7023569023569024,0.702
3.0,0.5555556,1.0,2.0,0.7400673400673401,0.704
3.0,0.5555556,1.0,3.0,0.7400673400673401,0.704
3.0,0.5555556,1.0,5.0,0.7400673400673401,0.704
3.0,0.5555556,1.0,8.0,0.7400673400673401,0.704
3.0,0.5555556,1.0,12.0,0.7400673400673401,0.702
3.0,0.5555556,1.0,20.0,0.7400673400673401,0.702
3.0,0.5555556,1.0,32.0,0.7346801346801347,0.702
3.0,0.5555556,1.0,50.0,0.7326599326599327,0.704
3.0,0.5555556,1.0,80.0,0.7306397306397306,0.704
3.0,0.5555556,1.0,128.0,0.7265993265993267,0.698
3.0,0.5555556,3.0,2.0,0.7407407407407407,0.7
3.0,0.5555556,3.0,3.0,0.7407407407407407,0.7
3.0,0.5555556,3.0,5.0,0.7407407407407407,0.7
3.0,0.5555556,3.0,8.0,0.7400673400673401,0.7
3.0,0.5555556,3.0,12.0,0.7400673400673401,0.7
3.0,0.5555556,3.0,20.0,0.7387205387205388,0.7
3.0,0.5555556,3.0,32.0,0.736026936026936,0.7
3.0,0.5555556,3.0,50.0,0.731986531986532,0.702
3.0,0.5555556,3.0,80.0,0.7306397306397306,0.704
3.0,0.5555556,3.0,128.0,0.7265993265993267,0.698
3.0,0.5555556,5.0,2.0,0.7400673400673401,0.7
3.0,0.5555556,5.0,3.0,0.7400673400673401,0.7
3.0,0.5555556,5.0,5.0,0.7400673400673401,0.7
3.0,0.5555556,5.0,8.0,0.7400673400673401,0.7
3.0,0.5555556,5.0,12.0,0.7400673400673401,0.7
3.0,0.5555556,5.0,20.0,0.7387205387205388,0.7
3.0,0.5555556,5.0,32.0,0.734006734006734,0.7
3.0,0.5555556,5.0,50.0,0.7326599326599327,0.702
3.0,0.5555556,5.0,80.0,0.7306397306397306,0.704
3.0,0.5555556,5.0,128.0,0.725925925925926,0.698
3.0,0.5555556,7.0,2.0,0.7367003367003366,0.7
3.0,0.5555556,7.0,3.0,0.7367003367003366,0.7
3.0,0.5555556,7.0,5.0,0.7367003367003366,0.7
3.0,0.5555556,7.0,8.0,0.7367003367003366,0.7
3.0,0.5555556,7.0,12.0,0.7367003367003366,0.7
3.0,0.5555556,7.0,20.0,0.7373737373737373,0.7
3.0,0.5555556,7.0,32.0,0.734006734006734,0.7
3.0,0.5555556,7.0,50.0,0.7313131313131314,0.702
3.0,0.5555556,7.0,80.0,0.72996632996633,0.704
3.0,0.5555556,7.0,128.0,0.7252525252525253,0.698
3.0,0.5555556,9.0,2.0,0.7346801346801347,0.7
3.0,0.5555556,9.0,3.0,0.7346801346801347,0.7
3.0,0.5555556,9.0,5.0,0.7346801346801347,0.7
3.0,0.5555556,9.0,8.0,0.7346801346801347,0.7
3.0,0.5555556,9.0,12.0,0.7346801346801347,0.7
3.0,0.5555556,9.0,20.0,0.7346801346801347,0.7
3.0,0.5555556,9.0,32.0,0.731986531986532,0.7
3.0,0.5555556,9.0,50.0,0.7313131313131314,0.702
3.0,0.5555556,9.0,80.0,0.72996632996633,0.704
3.0,0.5555556,9.0,128.0,0.7252525252525253,0.7
3.0,0.5555556,11.0,2.0,0.7353535353535354,0.7
3.0,0.5555556,11.0,3.0,0.7353535353535354,0.7
3.0,0.5555556,11.0,5.0,0.7353535353535354,0.7
3.0,0.5555556,11.0,8.0,0.7353535353535354,0.7
3.0,0.5555556,11.0,12.0,0.7353535353535354,0.7
3.0,0.5555556,11.0,20.0,0.7353535353535354,0.7
3.0,0.5555556,11.0,32.0,0.7326599326599327,0.7
3.0,0.5555556,11.0,50.0,0.7299663299663299,0.702
3.0,0.5555556,11.0,80.0,0.7279461279461279,0.704
3.0,0.5555556,11.0,128.0,0.7252525252525253,0.7
3.0,0.5555556,13.0,2.0,0.7306397306397306,0.702
3.0,0.5555556,13.0,3.0,0.7306397306397306,0.702
3.0,0.5555556,13.0,5.0,0.7306397306397306,0.702
3.0,0.5555556,13.0,8.0,0.7306397306397306,0.702
3.0,0.5555556,13.0,12.0,0.7306397306397306,0.702
3.0,0.5555556,13.0,20.0,0.7306397306397306,0.702
3.0,0.5555556,13.0,32.0,0.7299663299663299,0.702
3.0,0.5555556,13.0,50.0,0.7299663299663299,0.704
3.0,0.5555556,13.0,80.0,0.7279461279461279,0.704
3.0,0.5555556,13.0,128.0,0.7232323232323232,0.702
3.0,0.5555556,15.0,2.0,0.7299663299663299,0.702
3.0,0.5555556,15.0,3.0,0.7299663299663299,0.702
3.0,0.5555556,15.0,5.0,0.7299663299663299,0.702
3.0,0.5555556,15.0,8.0,0.7299663299663299,0.702
3.0,0.5555556,15.0,12.0,0.7299663299663299,0.702
3.0,0.5555556,15.0,20.0,0.7299663299663299,0.702
3.0,0.5555556,15.0,32.0,0.7299663299663299,0.702
3.0,0.5555556,15.0,50.0,0.72996632996633,0.704
3.0,0.5555556,15.0,80.0,0.7286195286195286,0.704
3.0,0.5555556,15.0,128.0,0.7232323232323232,0.702
3.0,0.5555556,17.0,2.0,0.7279461279461279,0.702
3.0,0.5555556,17.0,3.0,0.7279461279461279,0.702
3.0,0.5555556,17.0,5.0,0.7279461279461279,0.702
3.0,0.5555556,17.0,8.0,0.7279461279461279,0.702
3.0,0.5555556,17.0,12.0,0.7279461279461279,0.702
3.0,0.5555556,17.0,20.0,0.7279461279461279,0.702
3.0,0.5555556,17.0,32.0,0.7279461279461279,0.702
3.0,0.5555556,17.0,50.0,0.7272727272727273,0.704
3.0,0.5555556,17.0,80.0,0.7265993265993267,0.704
3.0,0.5555556,17.0,128.0,0.7212121212121212,0.704
3.0,0.5555556,20.0,2.0,0.725925925925926,0.7
3.0,0.5555556,20.0,3.0,0.725925925925926,0.7
3.0,0.5555556,20.0,5.0,0.725925925925926,0.7
3.0,0.5555556,20.0,8.0,0.725925925925926,0.7
3.0,0.5555556,20.0,12.0,0.725925925925926,0.7
3.0,0.5555556,20.0,20.0,0.725925925925926,0.7
3.0,0.5555556,20.0,32.0,0.725925925925926,0.7
3.0,0.5555556,20.0,50.0,0.7265993265993267,0.706
3.0,0.5555556,20.0,80.0,0.7252525252525253,0.704
3.0,0.5555556,20.0,128.0,0.7158249158249158,0.702
3.0,0.6666667,1.0,2.0,0.7528619528619529,0.712
3.0,0.6666667,1.0,3.0,0.7528619528619529,0.712
3.0,0.6666667,1.0,5.0,0.7528619528619529,0.712
3.0,0.6666667,1.0,8.0,0.7528619528619529,0.712
3.0,0.6666667,1.0,12.0,0.7521885521885522,0.71
3.0,0.6666667,1.0,20.0,0.7508417508417509,0.71
3.0,0.6666667,1.0,32.0,0.7501683501683502,0.708
3.0,0.6666667,1.0,50.0,0.7468013468013468,0.71
3.0,0.6666667,1.0,80.0,0.7447811447811448,0.708
3.0,0.6666667,1.0,128.0,0.7346801346801347,0.71
3.0,0.6666667,3.0,2.0,0.7501683501683502,0.712
3.0,0.6666667,3.0,3.0,0.7501683501683502,0.712
3.0,0.6666667,3.0,5.0,0.7501683501683502,0.712
3.0,0.6666667,3.0,8.0,0.7501683501683502,0.712
3.0,0.6666667,3.0,12.0,0.7494949494949494,0.712
3.0,0.6666667,3.0,20.0,0.7494949494949494,0.71
3.0,0.6666667,3.0,32.0,0.7494949494949494,0.708
3.0,0.6666667,3.0,50.0,0.7474747474747475,0.71
3.0,0.6666667,3.0,80.0,0.7447811447811448,0.708
3.0,0.6666667,3.0,128.0,0.7346801346801347,0.71
3.0,0.6666667,5.0,2.0,0.7501683501683502,0.71
3.0,0.6666667,5.0,3.0,0.7501683501683502,0.71
3.0,0.6666667,5.0,5.0,0.7501683501683502,0.71
3.0,0.6666667,5.0,8.0,0.7501683501683502,0.71
3.0,0.6666667,5.0,12.0,0.7501683501683502,0.708
3.0,0.6666667,5.0,20.0,0.7481481481481482,0.708
3.0,0.6666667,5.0,32.0,0.7474747474747475,0.708
3.0,0.6666667,5.0,50.0,0.7468013468013468,0.71
3.0,0.6666667,5.0,80.0,0.7441077441077442,0.71
3.0,0.6666667,5.0,128.0,0.7346801346801347,0.71
3.0,0.6666667,7.0,2.0,0.7481481481481482,0.71
3.0,0.6666667,7.0,3.0,0.7481481481481482,0.71
3.0,0.6666667,7.0,5.0,0.7481481481481482,0.71
3.0,0.6666667,7.0,8.0,0.7481481481481482,0.71
3.0,0.6666667,7.0,12.0,0.7481481481481482,0.71
3.0,0.6666667,7.0,20.0,0.7474747474747475,0.708
3.0,0.6666667,7.0,32.0,0.7461279461279462,0.708
3.0,0.6666667,7.0,50.0,0.7454545454545455,0.71
3.0,0.6666667,7.0,80.0,0.7434343434343434,0.712
3.0,0.6666667,7.0,128.0,0.7326599326599327,0.71
3.0,0.6666667,9.0,2.0,0.7468013468013468,0.71
3.0,0.6666667,9.0,3.0,0.7468013468013468,0.71
3.0,0.6666667,9.0,5.0,0.7468013468013468,0.71
3.0,0.6666667,9.0,8.0,0.7468013468013468,0.71
3.0,0.6666667,9.0,12.0,0.7468013468013468,0.71
3.0,0.6666667,9.0,20.0,0.7474747474747475,0.712
3.0,0.6666667,9.0,32.0,0.7447811447811448,0.71
3.0,0.6666667,9.0,50.0,0.7441077441077442,0.71
3.0,0.6666667,9.0,80.0,0.7420875420875421,0.71
3.0,0.6666667,9.0,128.0,0.7333333333333334,0.71
3.0,0.6666667,11.0,2.0,0.7468013468013468,0.712
3.0,0.6666667,11.0,3.0,0.7468013468013468,0.712
3.0,0.6666667,11.0,5.0,0.7468013468013468,0.712
3.0,0.6666667,11.0,8.0,0.7468013468013468,0.712
3.0,0.6666667,11.0,12.0,0.7468013468013468,0.712
3.0,0.6666667,11.0,20.0,0.7468013468013468,0.712
3.0,0.6666667,11.0,32.0,0.7447811447811448,0.71
3.0,0.6666667,11.0,50.0,0.7447811447811448,0.71
3.0,0.6666667,11.0,80.0,0.7400673400673401,0.71
3.0,0.6666667,11.0,128.0,0.731986531986532,0.71
3.0,0.6666667,13.0,2.0,0.7454545454545455,0.714
3.0,0.6666667,13.0,3.0,0.7454545454545455,0.714
3.0,0.6666667,13.0,5.0,0.7454545454545455,0.714
3.0,0.6666667,13.0,8.0,0.7454545454545455,0.714
3.0,0.6666667,13.0,12.0,0.7454545454545455,0.714
3.0,0.6666667,13.0,20.0,0.7454545454545455,0.714
3.0,0.6666667,13.0,32.0,0.7441077441077442,0.712
3.0,0.6666667,13.0,50.0,0.7447811447811448,0.71
3.0,0.6666667,13.0,80.0,0.7414141414141414,0.708
3.0,0.6666667,13.0,128.0,0.7313131313131314,0.708
3.0,0.6666667,15.0,2.0,0.7434343434343434,0.712
3.0,0.6666667,15.0,3.0,0.7434343434343434,0.712
3.0,0.6666667,15.0,5.0,0.7434343434343434,0.712
3.0,0.6666667,15.0,8.0,0.7434343434343434,0.712
3.0,0.6666667,15.0,12.0,0.7434343434343434,0.712
3.0,0.6666667,15.0,20.0,0.7434343434343434,0.712
3.0,0.6666667,15.0,32.0,0.7441077441077442,0.712
3.0,0.6666667,15.0,50.0,0.7434343434343434,0.712
3.0,0.6666667,15.0,80.0,0.7393939393939395,0.708
3.0,0.6666667,15.0,128.0,0.7292929292929292,0.71
3.0,0.6666667,17.0,2.0,0.7434343434343434,0.712
3.0,0.6666667,17.0,3.0,0.7434343434343434,0.712
3.0,0.6666667,17.0,5.0,0.7434343434343434,0.712
3.0,0.6666667,17.0,8.0,0.7434343434343434,0.712
3.0,0.6666667,17.0,12.0,0.7434343434343434,0.712
3.0,0.6666667,17.0,20.0,0.7434343434343434,0.712
3.0,0.6666667,17.0,32.0,0.7434343434343434,0.712
3.0,0.6666667,17.0,50.0,0.7420875420875421,0.712
3.0,0.6666667,17.0,80.0,0.7393939393939395,0.706
3.0,0.6666667,17.0,128.0,0.7265993265993266,0.71
3.0,0.6666667,20.0,2.0,0.7393939393939395,0.706
3.0,0.6666667,20.0,3.0,0.7393939393939395,0.706
3.0,0.6666667,20.0,5.0,0.7393939393939395,0.706
3.0,0.6666667,20.0,8.0,0.7393939393939395,0.706
3.0,0.6666667,20.0,12.0,0.7393939393939395,0.706
3.0,0.6666667,20.0,20.0,0.7393939393939395,0.706
3.0,0.6666667,20.0,32.0,0.7393939393939395,0.706
3.0,0.6666667,20.0,50.0,0.7400673400673401,0.706
3.0,0.6666667,20.0,80.0,0.7380471380471381,0.704
3.0,0.6666667,20.0,128.0,0.7272727272727273,0.704
3.0,0.7777778,1.0,2.0,0.7595959595959596,0.71
3.0,0.7777778,1.0,3.0,0.7595959595959596,0.71
3.0,0.7777778,1.0,5.0,0.7595959595959596,0.71
3.0,0.7777778,1.0,8.0,0.7595959595959596,0.71
3.0,0.7777778,1.0,12.0,0.7589225589225589,0.708
3.0,0.7777778,1.0,20.0,0.7582491582491582,0.71
3.0,0.7777778,1.0,32.0,0.7555555555555555,0.71
3.0,0.7777778,1.0,50.0,0.7521885521885522,0.708
3.0,0.7777778,1.0,80.0,0.7521885521885522,0.71
3.0,0.7777778,1.0,128.0,0.7481481481481481,0.716
3.0,0.7777778,3.0,2.0,0.7589225589225589,0.712
3.0,0.7777778,3.0,3.0,0.7589225589225589,0.712
3.0,0.7777778,3.0,5.0,0.7589225589225589,0.712
3.0,0.7777778,3.0,8.0,0.7589225589225589,0.714
3.0,0.7777778,3.0,12.0,0.7582491582491582,0.712
3.0,0.7777778,3.0,20.0,0.7582491582491582,0.71
3.0,0.7777778,3.0,32.0,0.7555555555555555,0.708
3.0,0.7777778,3.0,50.0,0.7521885521885522,0.708
3.0,0.7777778,3.0,80.0,0.7521885521885522,0.71
3.0,0.7777778,3.0,128.0,0.7481481481481481,0.716
3.0,0.7777778,5.0,2.0,0.756902356902357,0.712
3.0,0.7777778,5.0,3.0,0.756902356902357,0.712
3.0,0.7777778,5.0,5.0,0.756902356902357,0.712
3.0,0.7777778,5.0,8.0,0.756902356902357,0.712
3.0,0.7777778,5.0,12.0,0.7562289562289563,0.71
3.0,0.7777778,5.0,20.0,0.756902356902357,0.71
3.0,0.7777778,5.0,32.0,0.7542087542087541,0.71
3.0,0.7777778,5.0,50.0,0.7521885521885522,0.706
3.0,0.7777778,5.0,80.0,0.7508417508417509,0.708
3.0,0.7777778,5.0,128.0,0.7481481481481481,0.714
3.0,0.7777778,7.0,2.0,0.7548821548821548,0.706
3.0,0.7777778,7.0,3.0,0.7548821548821548,0.706
3.0,0.7777778,7.0,5.0,0.7548821548821548,0.706
3.0,0.7777778,7.0,8.0,0.7548821548821548,0.706
3.0,0.7777778,7.0,12.0,0.7548821548821548,0.706
3.0,0.7777778,7.0,20.0,0.7548821548821548,0.704
3.0,0.7777778,7.0,32.0,0.7542087542087541,0.71
3.0,0.7777778,7.0,50.0,0.7494949494949494,0.706
3.0,0.7777778,7.0,80.0,0.7508417508417509,0.706
3.0,0.7777778,7.0,128.0,0.7481481481481481,0.716
3.0,0.7777778,9.0,2.0,0.7528619528619529,0.71
3.0,0.7777778,9.0,3.0,0.7528619528619529,0.71
3.0,0.7777778,9.0,5.0,0.7528619528619529,0.71
3.0,0.7777778,9.0,8.0,0.7528619528619529,0.71
3.0,0.7777778,9.0,12.0,0.7528619528619529,0.71
3.0,0.7777778,9.0,20.0,0.7521885521885522,0.71
3.0,0.7777778,9.0,32.0,0.7521885521885522,0.706
3.0,0.7777778,9.0,50.0,0.7488215488215488,0.71
3.0,0.7777778,9.0,80.0,0.7494949494949494,0.712
3.0,0.7777778,9.0,128.0,0.7447811447811448,0.716
3.0,0.7777778,11.0,2.0,0.7535353535353535,0.706
3.0,0.7777778,11.0,3.0,0.7535353535353535,0.706
3.0,0.7777778,11.0,5.0,0.7535353535353535,0.706
3.0,0.7777778,11.0,8.0,0.7535353535353535,0.706
3.0,0.7777778,11.0,12.0,0.7535353535353535,0.706
3.0,0.7777778,11.0,20.0,0.7535353535353535,0.706
3.0,0.7777778,11.0,32.0,0.7528619528619529,0.708
3.0,0.7777778,11.0,50.0,0.7494949494949494,0.708
3.0,0.7777778,11.0,80.0,0.7474747474747475,0.712
3.0,0.7777778,11.0,128.0,0.7441077441077442,0.714
3.0,0.7777778,13.0,2.0,0.7501683501683502,0.706
3.0,0.7777778,13.0,3.0,0.7501683501683502,0.706
3.0,0.7777778,13.0,5.0,0.7501683501683502,0.706
3.0,0.7777778,13.0,8.0,0.7501683501683502,0.706
3.0,0.7777778,13.0,12.0,0.7501683501683502,0.706
3.0,0.7777778,13.0,20.0,0.7501683501683502,0.706
3.0,0.7777778,13.0,32.0,0.7508417508417509,0.708
3.0,0.7777778,13.0,50.0,0.7494949494949494,0.71
3.0,0.7777778,13.0,80.0,0.7454545454545455,0.712
3.0,0.7777778,13.0,128.0,0.7420875420875421,0.714
3.0,0.7777778,15.0,2.0,0.7441077441077442,0.704
3.0,0.7777778,15.0,3.0,0.7441077441077442,0.704
3.0,0.7777778,15.0,5.0,0.7441077441077442,0.704
3.0,0.7777778,15.0,8.0,0.7441077441077442,0.704
3.0,0.7777778,15.0,12.0,0.7441077441077442,0.704
3.0,0.7777778,15.0,20.0,0.7441077441077442,0.704
3.0,0.7777778,15.0,32.0,0.7441077441077442,0.708
3.0,0.7777778,15.0,50.0,0.7447811447811448,0.71
3.0,0.7777778,15.0,80.0,0.742087542087542,0.712
3.0,0.7777778,15.0,128.0,0.7420875420875421,0.712
3.0,0.7777778,17.0,2.0,0.7447811447811448,0.702
3.0,0.7777778,17.0,3.0,0.7447811447811448,0.702
3.0,0.7777778,17.0,5.0,0.7447811447811448,0.702
3.0,0.7777778,17.0,8.0,0.7447811447811448,0.702
3.0,0.7777778,17.0,12.0,0.7447811447811448,0.702
3.0,0.7777778,17.0,20.0,0.7447811447811448,0.702
3.0,0.7777778,17.0,32.0,0.7447811447811448,0.702
3.0,0.7777778,17.0,50.0,0.7434343434343434,0.702
3.0,0.7777778,17.0,80.0,0.742087542087542,0.712
3.0,0.7777778,17.0,128.0,0.7427609427609427,0.708
3.0,0.7777778,20.0,2.0,0.7414141414141414,0.702
3.0,0.7777778,20.0,3.0,0.7414141414141414,0.702
3.0,0.7777778,20.0,5.0,0.7414141414141414,0.702
3.0,0.7777778,20.0,8.0,0.7414141414141414,0.702
3.0,0.7777778,20.0,12.0,0.7414141414141414,0.702
3.0,0.7777778,20.0,20.0,0.7414141414141414,0.702
3.0,0.7777778,20.0,32.0,0.7414141414141414,0.702
3.0,0.7777778,20.0,50.0,0.7427609427609427,0.7
3.0,0.7777778,20.0,80.0,0.7414141414141414,0.704
3.0,0.7777778,20.0,128.0,0.7407407407407407,0.708
3.0,0.8888889,1.0,2.0,0.7595959595959596,0.71
3.0,0.8888889,1.0,3.0,0.7589225589225589,0.71
3.0,0.8888889,1.0,5.0,0.7595959595959596,0.71
3.0,0.8888889,1.0,8.0,0.7595959595959596,0.71
3.0,0.8888889,1.0,12.0,0.7595959595959596,0.71
3.0,0.8888889,1.0,20.0,0.7582491582491582,0.71
3.0,0.8888889,1.0,32.0,0.7562289562289563,0.708
3.0,0.8888889,1.0,50.0,0.7562289562289563,0.708
3.0,0.8888889,1.0,80.0,0.7528619528619529,0.71
3.0,0.8888889,1.0,128.0,0.7474747474747475,0.716
3.0,0.8888889,3.0,2.0,0.7589225589225589,0.71
3.0,0.8888889,3.0,3.0,0.7589225589225589,0.71
3.0,0.8888889,3.0,5.0,0.7589225589225589,0.71
3.0,0.8888889,3.0,8.0,0.7589225589225589,0.71
3.0,0.8888889,3.0,12.0,0.7589225589225589,0.71
3.0,0.8888889,3.0,20.0,0.7589225589225589,0.71
3.0,0.8888889,3.0,32.0,0.7548821548821548,0.708
3.0,0.8888889,3.0,50.0,0.7562289562289563,0.708
3.0,0.8888889,3.0,80.0,0.7528619528619529,0.71
3.0,0.8888889,3.0,128.0,0.7474747474747475,0.716
3.0,0.8888889,5.0,2.0,0.756902356902357,0.704
3.0,0.8888889,5.0,3.0,0.756902356902357,0.704
3.0,0.8888889,5.0,5.0,0.756902356902357,0.704
3.0,0.8888889,5.0,8.0,0.756902356902357,0.704
3.0,0.8888889,5.0,12.0,0.7575757575757576,0.704
3.0,0.8888889,5.0,20.0,0.7555555555555555,0.706
3.0,0.8888889,5.0,32.0,0.7555555555555555,0.706
3.0,0.8888889,5.0,50.0,0.7562289562289563,0.706
3.0,0.8888889,5.0,80.0,0.7528619528619529,0.71
3.0,0.8888889,5.0,128.0,0.7481481481481482,0.716
3.0,0.8888889,7.0,2.0,0.7562289562289563,0.706
3.0,0.8888889,7.0,3.0,0.7562289562289563,0.706
3.0,0.8888889,7.0,5.0,0.7562289562289563,0.706
3.0,0.8888889,7.0,8.0,0.7562289562289563,0.706
3.0,0.8888889,7.0,12.0,0.7562289562289563,0.706
3.0,0.8888889,7.0,20.0,0.7555555555555555,0.708
3.0,0.8888889,7.0,32.0,0.7555555555555555,0.708
3.0,0.8888889,7.0,50.0,0.7555555555555555,0.706
3.0,0.8888889,7.0,80.0,0.7521885521885523,0.71
3.0,0.8888889,7.0,128.0,0.7481481481481482,0.716
3.0,0.8888889,9.0,2.0,0.7555555555555555,0.708
3.0,0.8888889,9.0,3.0,0.7555555555555555,0.708
3.0,0.8888889,9.0,5.0,0.7555555555555555,0.708
3.0,0.8888889,9.0,8.0,0.7555555555555555,0.708
3.0,0.8888889,9.0,12.0,0.7555555555555555,0.708
3.0,0.8888889,9.0,20.0,0.7555555555555555,0.708
3.0,0.8888889,9.0,32.0,0.7542087542087542,0.708
3.0,0.8888889,9.0,50.0,0.7542087542087542,0.708
3.0,0.8888889,9.0,80.0,0.7528619528619529,0.712
3.0,0.8888889,9.0,128.0,0.7481481481481482,0.718
3.0,0.8888889,11.0,2.0,0.7555555555555555,0.71
3.0,0.8888889,11.0,3.0,0.7555555555555555,0.71
3.0,0.8888889,11.0,5.0,0.7555555555555555,0.71
3.0,0.8888889,11.0,8.0,0.7555555555555555,0.71
3.0,0.8888889,11.0,12.0,0.7555555555555555,0.71
3.0,0.8888889,11.0,20.0,0.7555555555555555,0.71
3.0,0.8888889,11.0,32.0,0.7535353535353535,0.71
3.0,0.8888889,11.0,50.0,0.7508417508417509,0.706
3.0,0.8888889,11.0,80.0,0.7494949494949494,0.71
3.0,0.8888889,11.0,128.0,0.7454545454545455,0.714
3.0,0.8888889,13.0,2.0,0.7528619528619529,0.706
3.0,0.8888889,13.0,3.0,0.7528619528619529,0.706
3.0,0.8888889,13.0,5.0,0.7528619528619529,0.706
3.0,0.8888889,13.0,8.0,0.7528619528619529,0.706
3.0,0.8888889,13.0,12.0,0.7528619528619529,0.706
3.0,0.8888889,13.0,20.0,0.7528619528619529,0.706
3.0,0.8888889,13.0,32.0,0.7528619528619529,0.704
3.0,0.8888889,13.0,50.0,0.7515151515151516,0.704
3.0,0.8888889,13.0,80.0,0.7488215488215488,0.706
3.0,0.8888889,13.0,128.0,0.7474747474747475,0.714
3.0,0.8888889,15.0,2.0,0.7528619528619529,0.704
3.0,0.8888889,15.0,3.0,0.7528619528619529,0.704
3.0,0.8888889,15.0,5.0,0.7528619528619529,0.704
3.0,0.8888889,15.0,8.0,0.7528619528619529,0.704
3.0,0.8888889,15.0,12.0,0.7528619528619529,0.704
3.0,0.8888889,15.0,20.0,0.7528619528619529,0.704
3.0,0.8888889,15.0,32.0,0.7528619528619529,0.704
3.0,0.8888889,15.0,50.0,0.7508417508417509,0.704
3.0,0.8888889,15.0,80.0,0.7474747474747475,0.706
3.0,0.8888889,15.0,128.0,0.7454545454545455,0.712
3.0,0.8888889,17.0,2.0,0.7508417508417509,0.704
3.0,0.8888889,17.0,3.0,0.7508417508417509,0.704
3.0,0.8888889,17.0,5.0,0.7508417508417509,0.704
3.0,0.8888889,17.0,8.0,0.7508417508417509,0.704
3.0,0.8888889,17.0,12.0,0.7508417508417509,0.704
3.0,0.8888889,17.0,20.0,0.7508417508417509,0.704
3.0,0.8888889,17.0,32.0,0.7508417508417509,0.704
3.0,0.8888889,17.0,50.0,0.7515151515151516,0.706
3.0,0.8888889,17.0,80.0,0.7494949494949494,0.708
3.0,0.8888889,17.0,128.0,0.7454545454545455,0.712
3.0,0.8888889,20.0,2.0,0.7508417508417509,0.708
3.0,0.8888889,20.0,3.0,0.7508417508417509,0.708
3.0,0.8888889,20.0,5.0,0.7508417508417509,0.708
3.0,0.8888889,20.0,8.0,0.7508417508417509,0.708
3.0,0.8888889,20.0,12.0,0.7508417508417509,0.708
3.0,0.8888889,20.0,20.0,0.7508417508417509,0.708
3.0,0.8888889,20.0,32.0,0.7508417508417509,0.708
3.0,0.8888889,20.0,50.0,0.7488215488215488,0.708
3.0,0.8888889,20.0,80.0,0.7461279461279462,0.706
3.0,0.8888889,20.0,128.0,0.7420875420875421,0.712
3.0,1.0,1.0,2.0,0.7508417508417509,0.702
3.0,1.0,1.0,3.0,0.7508417508417509,0.702
3.0,1.0,1.0,5.0,0.7508417508417509,0.704
3.0,1.0,1.0,8.0,0.7508417508417509,0.704
3.0,1.0,1.0,12.0,0.7508417508417509,0.704
3.0,1.0,1.0,20.0,0.7494949494949494,0.704
3.0,1.0,1.0,32.0,0.7501683501683502,0.7
3.0,1.0,1.0,50.0,0.7494949494949494,0.702
3.0,1.0,1.0,80.0,0.7474747474747475,0.7
3.0,1.0,1.0,128.0,0.7447811447811448,0.7
3.0,1.0,3.0,2.0,0.7521885521885522,0.7
3.0,1.0,3.0,3.0,0.7521885521885522,0.7
3.0,1.0,3.0,5.0,0.7521885521885522,0.7
3.0,1.0,3.0,8.0,0.7515151515151516,0.7
3.0,1.0,3.0,12.0,0.7515151515151516,0.7
3.0,1.0,3.0,20.0,0.7494949494949494,0.702
3.0,1.0,3.0,32.0,0.7494949494949494,0.7
3.0,1.0,3.0,50.0,0.7494949494949494,0.702
3.0,1.0,3.0,80.0,0.7474747474747475,0.7
3.0,1.0,3.0,128.0,0.7447811447811448,0.7
3.0,1.0,5.0,2.0,0.7515151515151516,0.698
3.0,1.0,5.0,3.0,0.7515151515151516,0.698
3.0,1.0,5.0,5.0,0.7515151515151516,0.698
3.0,1.0,5.0,8.0,0.7515151515151516,0.698
3.0,1.0,5.0,12.0,0.7515151515151516,0.698
3.0,1.0,5.0,20.0,0.7501683501683502,0.7
3.0,1.0,5.0,32.0,0.7501683501683502,0.7
3.0,1.0,5.0,50.0,0.7494949494949494,0.702
3.0,1.0,5.0,80.0,0.7468013468013468,0.7
3.0,1.0,5.0,128.0,0.7447811447811448,0.7
3.0,1.0,7.0,2.0,0.7515151515151516,0.7
3.0,1.0,7.0,3.0,0.7515151515151516,0.7
3.0,1.0,7.0,5.0,0.7515151515151516,0.7
3.0,1.0,7.0,8.0,0.7515151515151516,0.7
3.0,1.0,7.0,12.0,0.7515151515151516,0.7
3.0,1.0,7.0,20.0,0.7494949494949494,0.702
3.0,1.0,7.0,32.0,0.7481481481481481,0.702
3.0,1.0,7.0,50.0,0.7488215488215488,0.704
3.0,1.0,7.0,80.0,0.7461279461279461,0.7
3.0,1.0,7.0,128.0,0.7447811447811448,0.702
3.0,1.0,9.0,2.0,0.7501683501683502,0.698
3.0,1.0,9.0,3.0,0.7501683501683502,0.698
3.0,1.0,9.0,5.0,0.7501683501683502,0.698
3.0,1.0,9.0,8.0,0.7501683501683502,0.698
3.0,1.0,9.0,12.0,0.7501683501683502,0.698
3.0,1.0,9.0,20.0,0.7501683501683502,0.698
3.0,1.0,9.0,32.0,0.7501683501683502,0.702
3.0,1.0,9.0,50.0,0.7494949494949494,0.702
3.0,1.0,9.0,80.0,0.7461279461279461,0.7
3.0,1.0,9.0,128.0,0.7447811447811448,0.704
3.0,1.0,11.0,2.0,0.7494949494949494,0.7
3.0,1.0,11.0,3.0,0.7494949494949494,0.7
3.0,1.0,11.0,5.0,0.7494949494949494,0.7
3.0,1.0,11.0,8.0,0.7494949494949494,0.7
3.0,1.0,11.0,12.0,0.7494949494949494,0.7
3.0,1.0,11.0,20.0,0.7494949494949494,0.7
3.0,1.0,11.0,32.0,0.7501683501683502,0.7
3.0,1.0,11.0,50.0,0.7494949494949494,0.702
3.0,1.0,11.0,80.0,0.7468013468013468,0.7
3.0,1.0,11.0,128.0,0.7447811447811448,0.7
3.0,1.0,13.0,2.0,0.7488215488215488,0.698
3.0,1.0,13.0,3.0,0.7488215488215488,0.698
3.0,1.0,13.0,5.0,0.7488215488215488,0.698
3.0,1.0,13.0,8.0,0.7488215488215488,0.698
3.0,1.0,13.0,12.0,0.7488215488215488,0.698
3.0,1.0,13.0,20.0,0.7488215488215488,0.698
3.0,1.0,13.0,32.0,0.7494949494949494,0.698
3.0,1.0,13.0,50.0,0.7481481481481481,0.7
3.0,1.0,13.0,80.0,0.7441077441077442,0.698
3.0,1.0,13.0,128.0,0.7427609427609427,0.696
3.0,1.0,15.0,2.0,0.7474747474747475,0.694
3.0,1.0,15.0,3.0,0.7474747474747475,0.694
3.0,1.0,15.0,5.0,0.7474747474747475,0.694
3.0,1.0,15.0,8.0,0.7474747474747475,0.694
3.0,1.0,15.0,12.0,0.7474747474747475,0.694
3.0,1.0,15.0,20.0,0.7474747474747475,0.694
3.0,1.0,15.0,32.0,0.7474747474747475,0.694
3.0,1.0,15.0,50.0,0.7474747474747475,0.696
3.0,1.0,15.0,80.0,0.7434343434343434,0.698
3.0,1.0,15.0,128.0,0.742087542087542,0.696
3.0,1.0,17.0,2.0,0.7474747474747475,0.696
3.0,1.0,17.0,3.0,0.7474747474747475,0.696
3.0,1.0,17.0,5.0,0.7474747474747475,0.696
3.0,1.0,17.0,8.0,0.7474747474747475,0.696
3.0,1.0,17.0,12.0,0.7474747474747475,0.696
3.0,1.0,17.0,20.0,0.7474747474747475,0.696
3.0,1.0,17.0,32.0,0.7474747474747475,0.696
3.0,1.0,17.0,50.0,0.7474747474747475,0.696
3.0,1.0,17.0,80.0,0.7447811447811448,0.698
3.0,1.0,17.0,128.0,0.742087542087542,0.696
3.0,1.0,20.0,2.0,0.7441077441077442,0.698
3.0,1.0,20.0,3.0,0.7441077441077442,0.698
3.0,1.0,20.0,5.0,0.7441077441077442,0.698
3.0,1.0,20.0,8.0,0.7441077441077442,0.698
3.0,1.0,20.0,12.0,0.7441077441077442,0.698
3.0,1.0,20.0,20.0,0.7441077441077442,0.698
3.0,1.0,20.0,32.0,0.7441077441077442,0.698
3.0,1.0,20.0,50.0,0.7441077441077442,0.698
3.0,1.0,20.0,80.0,0.7441077441077442,0.698
3.0,1.0,20.0,128.0,0.7414141414141414,0.696
5.0,0.0,1.0,2.0,0.7010101010101011,0.7
5.0,0.0,1.0,3.0,0.7016835016835017,0.7
5.0,0.0,1.0,5.0,0.7016835016835017,0.7
5.0,0.0,1.0,8.0,0.7016835016835017,0.7
5.0,0.0,1.0,12.0,0.7016835016835017,0.7
5.0,0.0,1.0,20.0,0.7003367003367004,0.7
5.0,0.0,1.0,32.0,0.7003367003367004,0.7
5.0,0.0,1.0,50.0,0.7003367003367004,0.7
5.0,0.0,1.0,80.0,0.7003367003367004,0.7
5.0,0.0,1.0,128.0,0.7003367003367004,0.7
5.0,0.0,3.0,2.0,0.7003367003367004,0.7
5.0,0.0,3.0,3.0,0.7003367003367004,0.7
5.0,0.0,3.0,5.0,0.7003367003367004,0.7
5.0,0.0,3.0,8.0,0.7003367003367004,0.7
5.0,0.0,3.0,12.0,0.7003367003367004,0.7
5.0,0.0,3.0,20.0,0.7003367003367004,0.7
5.0,0.0,3.0,32.0,0.7003367003367004,0.7
5.0,0.0,3.0,50.0,0.7003367003367004,0.7
5.0,0.0,3.0,80.0,0.7003367003367004,0.7
5.0,0.0,3.0,128.0,0.7003367003367004,0.7
5.0,0.0,5.0,2.0,0.7003367003367004,0.7
5.0,0.0,5.0,3.0,0.7003367003367004,0.7
5.0,0.0,5.0,5.0,0.7003367003367004,0.7
5.0,0.0,5.0,8.0,0.7003367003367004,0.7
5.0,0.0,5.0,12.0,0.7003367003367004,0.7
5.0,0.0,5.0,20.0,0.7003367003367004,0.7
5.0,0.0,5.0,32.0,0.7003367003367004,0.7
5.0,0.0,5.0,50.0,0.7003367003367004,0.7
5.0,0.0,5.0,80.0,0.7003367003367004,0.7
5.0,0.0,5.0,128.0,0.7003367003367004,0.7
5.0,0.0,7.0,2.0,0.7003367003367004,0.7
5.0,0.0,7.0,3.0,0.7003367003367004,0.7
5.0,0.0,7.0,5.0,0.7003367003367004,0.7
5.0,0.0,7.0,8.0,0.7003367003367004,0.7
5.0,0.0,7.0,12.0,0.7003367003367004,0.7
5.0,0.0,7.0,20.0,0.7003367003367004,0.7
5.0,0.0,7.0,32.0,0.7003367003367004,0.7
5.0,0.0,7.0,50.0,0.7003367003367004,0.7
5.0,0.0,7.0,80.0,0.7003367003367004,0.7
5.0,0.0,7.0,128.0,0.7003367003367004,0.7
5.0,0.0,9.0,2.0,0.7003367003367004,0.7
5.0,0.0,9.0,3.0,0.7003367003367004,0.7
5.0,0.0,9.0,5.0,0.7003367003367004,0.7
5.0,0.0,9.0,8.0,0.7003367003367004,0.7
5.0,0.0,9.0,12.0,0.7003367003367004,0.7
5.0,0.0,9.0,20.0,0.7003367003367004,0.7
5.0,0.0,9.0,32.0,0.7003367003367004,0.7
5.0,0.0,9.0,50.0,0.7003367003367004,0.7
5.0,0.0,9.0,80.0,0.7003367003367004,0.7
5.0,0.0,9.0,128.0,0.7003367003367004,0.7
5.0,0.0,11.0,2.0,0.7003367003367004,0.7
5.0,0.0,11.0,3.0,0.7003367003367004,0.7
5.0,0.0,11.0,5.0,0.7003367003367004,0.7
5.0,0.0,11.0,8.0,0.7003367003367004,0.7
5.0,0.0,11.0,12.0,0.7003367003367004,0.7
5.0,0.0,11.0,20.0,0.7003367003367004,0.7
5.0,0.0,11.0,32.0,0.7003367003367004,0.7
5.0,0.0,11.0,50.0,0.7003367003367004,0.7
5.0,0.0,11.0,80.0,0.7003367003367004,0.7
5.0,0.0,11.0,128.0,0.7003367003367004,0.7
5.0,0.0,13.0,2.0,0.7003367003367004,0.7
5.0,0.0,13.0,3.0,0.7003367003367004,0.7
5.0,0.0,13.0,5.0,0.7003367003367004,0.7
5.0,0.0,13.0,8.0,0.7003367003367004,0.7
5.0,0.0,13.0,12.0,0.7003367003367004,0.7
5.0,0.0,13.0,20.0,0.7003367003367004,0.7
5.0,0.0,13.0,32.0,0.7003367003367004,0.7
5.0,0.0,13.0,50.0,0.7003367003367004,0.7
5.0,0.0,13.0,80.0,0.7003367003367004,0.7
5.0,0.0,13.0,128.0,0.7003367003367004,0.7
5.0,0.0,15.0,2.0,0.7003367003367004,0.7
5.0,0.0,15.0,3.0,0.7003367003367004,0.7
5.0,0.0,15.0,5.0,0.7003367003367004,0.7
5.0,0.0,15.0,8.0,0.7003367003367004,0.7
5.0,0.0,15.0,12.0,0.7003367003367004,0.7
5.0,0.0,15.0,20.0,0.7003367003367004,0.7
5.0,0.0,15.0,32.0,0.7003367003367004,0.7
5.0,0.0,15.0,50.0,0.7003367003367004,0.7
5.0,0.0,15.0,80.0,0.7003367003367004,0.7
5.0,0.0,15.0,128.0,0.7003367003367004,0.7
5.0,0.0,17.0,2.0,0.7003367003367004,0.7
5.0,0.0,17.0,3.0,0.7003367003367004,0.7
5.0,0.0,17.0,5.0,0.7003367003367004,0.7
5.0,0.0,17.0,8.0,0.7003367003367004,0.7
5.0,0.0,17.0,12.0,0.7003367003367004,0.7
5.0,0.0,17.0,20.0,0.7003367003367004,0.7
5.0,0.0,17.0,32.0,0.7003367003367004,0.7
5.0,0.0,17.0,50.0,0.7003367003367004,0.7
5.0,0.0,17.0,80.0,0.7003367003367004,0.7
5.0,0.0,17.0,128.0,0.7003367003367004,0.7
5.0,0.0,20.0,2.0,0.7003367003367004,0.7
5.0,0.0,20.0,3.0,0.7003367003367004,0.7
5.0,0.0,20.0,5.0,0.7003367003367004,0.7
5.0,0.0,20.0,8.0,0.7003367003367004,0.7
5.0,0.0,20.0,12.0,0.7003367003367004,0.7
5.0,0.0,20.0,20.0,0.7003367003367004,0.7
5.0,0.0,20.0,32.0,0.7003367003367004,0.7
5.0,0.0,20.0,50.0,0.7003367003367004,0.7
5.0,0.0,20.0,80.0,0.7003367003367004,0.7
5.0,0.0,20.0,128.0,0.7003367003367004,0.7
5.0,0.11111111,1.0,2.0,0.7198653198653199,0.702
5.0,0.11111111,1.0,3.0,0.7185185185185186,0.702
5.0,0.11111111,1.0,5.0,0.7178451178451178,0.702
5.0,0.11111111,1.0,8.0,0.7171717171717171,0.702
5.0,0.11111111,1.0,12.0,0.7138047138047139,0.702
5.0,0.11111111,1.0,20.0,0.7124579124579125,0.7
5.0,0.11111111,1.0,32.0,0.7077441077441078,0.7
5.0,0.11111111,1.0,50.0,0.705050505050505,0.7
5.0,0.11111111,1.0,80.0,0.7010101010101011,0.7
5.0,0.11111111,1.0,128.0,0.7010101010101011,0.7
5.0,0.11111111,3.0,2.0,0.7144781144781145,0.702
5.0,0.11111111,3.0,3.0,0.7144781144781145,0.702
5.0,0.11111111,3.0,5.0,0.7144781144781145,0.702
5.0,0.11111111,3.0,8.0,0.7138047138047139,0.702
5.0,0.11111111,3.0,12.0,0.7117845117845117,0.702
5.0,0.11111111,3.0,20.0,0.7090909090909091,0.7
5.0,0.11111111,3.0,32.0,0.7070707070707071,0.7
5.0,0.11111111,3.0,50.0,0.7057239057239058,0.7
5.0,0.11111111,3.0,80.0,0.7010101010101011,0.7
5.0,0.11111111,3.0,128.0,0.7010101010101011,0.7
5.0,0.11111111,5.0,2.0,0.7097643097643098,0.7
5.0,0.11111111,5.0,3.0,0.7097643097643098,0.7
5.0,0.11111111,5.0,5.0,0.7097643097643098,0.7
5.0,0.11111111,5.0,8.0,0.7097643097643098,0.7
5.0,0.11111111,5.0,12.0,0.7090909090909091,0.702
5.0,0.11111111,5.0,20.0,0.7070707070707071,0.7
5.0,0.11111111,5.0,32.0,0.7057239057239058,0.7
5.0,0.11111111,5.0,50.0,0.7043771043771044,0.7
5.0,0.11111111,5.0,80.0,0.7010101010101011,0.7
5.0,0.11111111,5.0,128.0,0.7010101010101011,0.7
5.0,0.11111111,7.0,2.0,0.7063973063973064,0.7
5.0,0.11111111,7.0,3.0,0.7063973063973064,0.7
5.0,0.11111111,7.0,5.0,0.7063973063973064,0.7
5.0,0.11111111,7.0,8.0,0.7063973063973064,0.7
5.0,0.11111111,7.0,12.0,0.7063973063973064,0.7
5.0,0.11111111,7.0,20.0,0.705050505050505,0.7
5.0,0.11111111,7.0,32.0,0.7043771043771044,0.7
5.0,0.11111111,7.0,50.0,0.7037037037037037,0.7
5.0,0.11111111,7.0,80.0,0.7010101010101011,0.7
5.0,0.11111111,7.0,128.0,0.7010101010101011,0.7
5.0,0.11111111,9.0,2.0,0.7037037037037037,0.7
5.0,0.11111111,9.0,3.0,0.7037037037037037,0.7
5.0,0.11111111,9.0,5.0,0.7037037037037037,0.7
5.0,0.11111111,9.0,8.0,0.7037037037037037,0.7
5.0,0.11111111,9.0,12.0,0.7037037037037037,0.7
5.0,0.11111111,9.0,20.0,0.7037037037037037,0.7
5.0,0.11111111,9.0,32.0,0.7043771043771044,0.7
5.0,0.11111111,9.0,50.0,0.703030303030303,0.7
5.0,0.11111111,9.0,80.0,0.7010101010101011,0.7
5.0,0.11111111,9.0,128.0,0.7010101010101011,0.7
5.0,0.11111111,11.0,2.0,0.7037037037037037,0.7
5.0,0.11111111,11.0,3.0,0.7037037037037037,0.7
5.0,0.11111111,11.0,5.0,0.7037037037037037,0.7
5.0,0.11111111,11.0,8.0,0.7037037037037037,0.7
5.0,0.11111111,11.0,12.0,0.7037037037037037,0.7
5.0,0.11111111,11.0,20.0,0.7037037037037037,0.7
5.0,0.11111111,11.0,32.0,0.7023569023569024,0.7
5.0,0.11111111,11.0,50.0,0.7010101010101011,0.7
5.0,0.11111111,11.0,80.0,0.7010101010101011,0.7
5.0,0.11111111,11.0,128.0,0.7010101010101011,0.7
5.0,0.11111111,13.0,2.0,0.7016835016835017,0.7
5.0,0.11111111,13.0,3.0,0.7016835016835017,0.7
5.0,0.11111111,13.0,5.0,0.7016835016835017,0.7
5.0,0.11111111,13.0,8.0,0.7016835016835017,0.7
5.0,0.11111111,13.0,12.0,0.7016835016835017,0.7
5.0,0.11111111,13.0,20.0,0.7016835016835017,0.7
5.0,0.11111111,13.0,32.0,0.7010101010101011,0.7
5.0,0.11111111,13.0,50.0,0.7010101010101011,0.7
5.0,0.11111111,13.0,80.0,0.7010101010101011,0.7
5.0,0.11111111,13.0,128.0,0.7003367003367004,0.7
5.0,0.11111111,15.0,2.0,0.7010101010101011,0.7
5.0,0.11111111,15.0,3.0,0.7010101010101011,0.7
5.0,0.11111111,15.0,5.0,0.7010101010101011,0.7
5.0,0.11111111,15.0,8.0,0.7010101010101011,0.7
5.0,0.11111111,15.0,12.0,0.7010101010101011,0.7
5.0,0.11111111,15.0,20.0,0.7010101010101011,0.7
5.0,0.11111111,15.0,32.0,0.7010101010101011,0.7
5.0,0.11111111,15.0,50.0,0.7010101010101011,0.7
5.0,0.11111111,15.0,80.0,0.7010101010101011,0.7
5.0,0.11111111,15.0,128.0,0.7003367003367004,0.7
5.0,0.11111111,17.0,2.0,0.7003367003367004,0.7
5.0,0.11111111,17.0,3.0,0.7003367003367004,0.7
5.0,0.11111111,17.0,5.0,0.7003367003367004,0.7
5.0,0.11111111,17.0,8.0,0.7003367003367004,0.7
5.0,0.11111111,17.0,12.0,0.7003367003367004,0.7
5.0,0.11111111,17.0,20.0,0.7003367003367004,0.7
5.0,0.11111111,17.0,32.0,0.7003367003367004,0.7
5.0,0.11111111,17.0,50.0,0.7003367003367004,0.7
5.0,0.11111111,17.0,80.0,0.7003367003367004,0.7
5.0,0.11111111,17.0,128.0,0.7003367003367004,0.7
5.0,0.11111111,20.0,2.0,0.7003367003367004,0.7
5.0,0.11111111,20.0,3.0,0.7003367003367004,0.7
5.0,0.11111111,20.0,5.0,0.7003367003367004,0.7
5.0,0.11111111,20.0,8.0,0.7003367003367004,0.7
5.0,0.11111111,20.0,12.0,0.7003367003367004,0.7
5.0,0.11111111,20.0,20.0,0.7003367003367004,0.7
5.0,0.11111111,20.0,32.0,0.7003367003367004,0.7
5.0,0.11111111,20.0,50.0,0.7003367003367004,0.7
5.0,0.11111111,20.0,80.0,0.7003367003367004,0.7
5.0,0.11111111,20.0,128.0,0.7003367003367004,0.7
5.0,0.22222222,1.0,2.0,0.7198653198653199,0.702
5.0,0.22222222,1.0,3.0,0.7185185185185186,0.702
5.0,0.22222222,1.0,5.0,0.7178451178451178,0.702
5.0,0.22222222,1.0,8.0,0.7171717171717171,0.702
5.0,0.22222222,1.0,12.0,0.7138047138047139,0.702
5.0,0.22222222,1.0,20.0,0.7124579124579125,0.7
5.0,0.22222222,1.0,32.0,0.7077441077441078,0.7
5.0,0.22222222,1.0,50.0,0.705050505050505,0.7
5.0,0.22222222,1.0,80.0,0.7010101010101011,0.7
5.0,0.22222222,1.0,128.0,0.7010101010101011,0.7
5.0,0.22222222,3.0,2.0,0.7144781144781145,0.702
5.0,0.22222222,3.0,3.0,0.7144781144781145,0.702
5.0,0.22222222,3.0,5.0,0.7144781144781145,0.702
5.0,0.22222222,3.0,8.0,0.7138047138047139,0.702
5.0,0.22222222,3.0,12.0,0.7117845117845117,0.702
5.0,0.22222222,3.0,20.0,0.7090909090909091,0.7
5.0,0.22222222,3.0,32.0,0.7070707070707071,0.7
5.0,0.22222222,3.0,50.0,0.7057239057239058,0.7
5.0,0.22222222,3.0,80.0,0.7010101010101011,0.7
5.0,0.22222222,3.0,128.0,0.7010101010101011,0.7
5.0,0.22222222,5.0,2.0,0.7097643097643098,0.7
5.0,0.22222222,5.0,3.0,0.7097643097643098,0.7
5.0,0.22222222,5.0,5.0,0.7097643097643098,0.7
5.0,0.22222222,5.0,8.0,0.7097643097643098,0.7
5.0,0.22222222,5.0,12.0,0.7090909090909091,0.702
5.0,0.22222222,5.0,20.0,0.7070707070707071,0.7
5.0,0.22222222,5.0,32.0,0.7057239057239058,0.7
5.0,0.22222222,5.0,50.0,0.7043771043771044,0.7
5.0,0.22222222,5.0,80.0,0.7010101010101011,0.7
5.0,0.22222222,5.0,128.0,0.7010101010101011,0.7
5.0,0.22222222,7.0,2.0,0.7063973063973064,0.7
5.0,0.22222222,7.0,3.0,0.7063973063973064,0.7
5.0,0.22222222,7.0,5.0,0.7063973063973064,0.7
5.0,0.22222222,7.0,8.0,0.7063973063973064,0.7
5.0,0.22222222,7.0,12.0,0.7063973063973064,0.7
5.0,0.22222222,7.0,20.0,0.705050505050505,0.7
5.0,0.22222222,7.0,32.0,0.7043771043771044,0.7
5.0,0.22222222,7.0,50.0,0.7037037037037037,0.7
5.0,0.22222222,7.0,80.0,0.7010101010101011,0.7
5.0,0.22222222,7.0,128.0,0.7010101010101011,0.7
5.0,0.22222222,9.0,2.0,0.7037037037037037,0.7
5.0,0.22222222,9.0,3.0,0.7037037037037037,0.7
5.0,0.22222222,9.0,5.0,0.7037037037037037,0.7
5.0,0.22222222,9.0,8.0,0.7037037037037037,0.7
5.0,0.22222222,9.0,12.0,0.7037037037037037,0.7
5.0,0.22222222,9.0,20.0,0.7037037037037037,0.7
5.0,0.22222222,9.0,32.0,0.7043771043771044,0.7
5.0,0.22222222,9.0,50.0,0.703030303030303,0.7
5.0,0.22222222,9.0,80.0,0.7010101010101011,0.7
5.0,0.22222222,9.0,128.0,0.7010101010101011,0.7
5.0,0.22222222,11.0,2.0,0.7037037037037037,0.7
5.0,0.22222222,11.0,3.0,0.7037037037037037,0.7
5.0,0.22222222,11.0,5.0,0.7037037037037037,0.7
5.0,0.22222222,11.0,8.0,0.7037037037037037,0.7
5.0,0.22222222,11.0,12.0,0.7037037037037037,0.7
5.0,0.22222222,11.0,20.0,0.7037037037037037,0.7
5.0,0.22222222,11.0,32.0,0.7023569023569024,0.7
5.0,0.22222222,11.0,50.0,0.7010101010101011,0.7
5.0,0.22222222,11.0,80.0,0.7010101010101011,0.7
5.0,0.22222222,11.0,128.0,0.7010101010101011,0.7
5.0,0.22222222,13.0,2.0,0.7016835016835017,0.7
5.0,0.22222222,13.0,3.0,0.7016835016835017,0.7
5.0,0.22222222,13.0,5.0,0.7016835016835017,0.7
5.0,0.22222222,13.0,8.0,0.7016835016835017,0.7
5.0,0.22222222,13.0,12.0,0.7016835016835017,0.7
5.0,0.22222222,13.0,20.0,0.7016835016835017,0.7
5.0,0.22222222,13.0,32.0,0.7010101010101011,0.7
5.0,0.22222222,13.0,50.0,0.7010101010101011,0.7
5.0,0.22222222,13.0,80.0,0.7010101010101011,0.7
5.0,0.22222222,13.0,128.0,0.7003367003367004,0.7
5.0,0.22222222,15.0,2.0,0.7010101010101011,0.7
5.0,0.22222222,15.0,3.0,0.7010101010101011,0.7
5.0,0.22222222,15.0,5.0,0.7010101010101011,0.7
5.0,0.22222222,15.0,8.0,0.7010101010101011,0.7
5.0,0.22222222,15.0,12.0,0.7010101010101011,0.7
5.0,0.22222222,15.0,20.0,0.7010101010101011,0.7
5.0,0.22222222,15.0,32.0,0.7010101010101011,0.7
5.0,0.22222222,15.0,50.0,0.7010101010101011,0.7
5.0,0.22222222,15.0,80.0,0.7010101010101011,0.7
5.0,0.22222222,15.0,128.0,0.7003367003367004,0.7
5.0,0.22222222,17.0,2.0,0.7003367003367004,0.7
5.0,0.22222222,17.0,3.0,0.7003367003367004,0.7
5.0,0.22222222,17.0,5.0,0.7003367003367004,0.7
5.0,0.22222222,17.0,8.0,0.7003367003367004,0.7
5.0,0.22222222,17.0,12.0,0.7003367003367004,0.7
5.0,0.22222222,17.0,20.0,0.7003367003367004,0.7
5.0,0.22222222,17.0,32.0,0.7003367003367004,0.7
5.0,0.22222222,17.0,50.0,0.7003367003367004,0.7
5.0,0.22222222,17.0,80.0,0.7003367003367004,0.7
5.0,0.22222222,17.0,128.0,0.7003367003367004,0.7
5.0,0.22222222,20.0,2.0,0.7003367003367004,0.7
5.0,0.22222222,20.0,3.0,0.7003367003367004,0.7
5.0,0.22222222,20.0,5.0,0.7003367003367004,0.7
5.0,0.22222222,20.0,8.0,0.7003367003367004,0.7
5.0,0.22222222,20.0,12.0,0.7003367003367004,0.7
5.0,0.22222222,20.0,20.0,0.7003367003367004,0.7
5.0,0.22222222,20.0,32.0,0.7003367003367004,0.7
5.0,0.22222222,20.0,50.0,0.7003367003367004,0.7
5.0,0.22222222,20.0,80.0,0.7003367003367004,0.7
5.0,0.22222222,20.0,128.0,0.7003367003367004,0.7
5.0,0.33333334,1.0,2.0,0.7494949494949494,0.712
5.0,0.33333334,1.0,3.0,0.7481481481481481,0.71
5.0,0.33333334,1.0,5.0,0.7481481481481481,0.71
5.0,0.33333334,1.0,8.0,0.7461279461279461,0.712
5.0,0.33333334,1.0,12.0,0.7454545454545455,0.71
5.0,0.33333334,1.0,20.0,0.7420875420875421,0.706
5.0,0.33333334,1.0,32.0,0.7373737373737373,0.706
5.0,0.33333334,1.0,50.0,0.7299663299663299,0.71
5.0,0.33333334,1.0,80.0,0.7191919191919192,0.704
5.0,0.33333334,1.0,128.0,0.7104377104377104,0.704
5.0,0.33333334,3.0,2.0,0.7434343434343434,0.712
5.0,0.33333334,3.0,3.0,0.7434343434343434,0.712
5.0,0.33333334,3.0,5.0,0.7434343434343434,0.712
5.0,0.33333334,3.0,8.0,0.7434343434343434,0.71
5.0,0.33333334,3.0,12.0,0.7420875420875421,0.706
5.0,0.33333334,3.0,20.0,0.7400673400673401,0.706
5.0,0.33333334,3.0,32.0,0.736026936026936,0.704
5.0,0.33333334,3.0,50.0,0.7299663299663299,0.71
5.0,0.33333334,3.0,80.0,0.7164983164983165,0.702
5.0,0.33333334,3.0,128.0,0.7104377104377104,0.704
5.0,0.33333334,5.0,2.0,0.7380471380471381,0.706
5.0,0.33333334,5.0,3.0,0.7380471380471381,0.706
5.0,0.33333334,5.0,5.0,0.7380471380471381,0.706
5.0,0.33333334,5.0,8.0,0.7380471380471381,0.706
5.0,0.33333334,5.0,12.0,0.736026936026936,0.704
5.0,0.33333334,5.0,20.0,0.7373737373737373,0.708
5.0,0.33333334,5.0,32.0,0.7346801346801347,0.706
5.0,0.33333334,5.0,50.0,0.7286195286195286,0.71
5.0,0.33333334,5.0,80.0,0.7158249158249158,0.704
5.0,0.33333334,5.0,128.0,0.7097643097643098,0.704
5.0,0.33333334,7.0,2.0,0.7333333333333334,0.706
5.0,0.33333334,7.0,3.0,0.7333333333333334,0.706
5.0,0.33333334,7.0,5.0,0.7333333333333334,0.706
5.0,0.33333334,7.0,8.0,0.7333333333333334,0.706
5.0,0.33333334,7.0,12.0,0.7333333333333334,0.706
5.0,0.33333334,7.0,20.0,0.7353535353535354,0.706
5.0,0.33333334,7.0,32.0,0.731986531986532,0.704
5.0,0.33333334,7.0,50.0,0.7279461279461279,0.706
5.0,0.33333334,7.0,80.0,0.711111111111111,0.704
5.0,0.33333334,7.0,128.0,0.7097643097643098,0.704
5.0,0.33333334,9.0,2.0,0.731986531986532,0.706
5.0,0.33333334,9.0,3.0,0.731986531986532,0.706
5.0,0.33333334,9.0,5.0,0.731986531986532,0.706
5.0,0.33333334,9.0,8.0,0.731986531986532,0.706
5.0,0.33333334,9.0,12.0,0.731986531986532,0.706
5.0,0.33333334,9.0,20.0,0.731986531986532,0.706
5.0,0.33333334,9.0,32.0,0.731986531986532,0.706
5.0,0.33333334,9.0,50.0,0.7232323232323232,0.706
5.0,0.33333334,9.0,80.0,0.711111111111111,0.704
5.0,0.33333334,9.0,128.0,0.7097643097643098,0.704
5.0,0.33333334,11.0,2.0,0.7286195286195286,0.706
5.0,0.33333334,11.0,3.0,0.7286195286195286,0.706
5.0,0.33333334,11.0,5.0,0.7286195286195286,0.706
5.0,0.33333334,11.0,8.0,0.7286195286195286,0.706
5.0,0.33333334,11.0,12.0,0.7286195286195286,0.706
5.0,0.33333334,11.0,20.0,0.7286195286195286,0.706
5.0,0.33333334,11.0,32.0,0.7245791245791245,0.704
5.0,0.33333334,11.0,50.0,0.7205387205387206,0.706
5.0,0.33333334,11.0,80.0,0.7104377104377104,0.704
5.0,0.33333334,11.0,128.0,0.7084175084175085,0.704
5.0,0.33333334,13.0,2.0,0.7232323232323232,0.704
5.0,0.33333334,13.0,3.0,0.7232323232323232,0.704
5.0,0.33333334,13.0,5.0,0.7232323232323232,0.704
5.0,0.33333334,13.0,8.0,0.7232323232323232,0.704
5.0,0.33333334,13.0,12.0,0.7232323232323232,0.704
5.0,0.33333334,13.0,20.0,0.7232323232323232,0.704
5.0,0.33333334,13.0,32.0,0.7218855218855219,0.704
5.0,0.33333334,13.0,50.0,0.7185185185185186,0.706
5.0,0.33333334,13.0,80.0,0.7097643097643098,0.704
5.0,0.33333334,13.0,128.0,0.7063973063973064,0.704
5.0,0.33333334,15.0,2.0,0.7191919191919192,0.706
5.0,0.33333334,15.0,3.0,0.7191919191919192,0.706
5.0,0.33333334,15.0,5.0,0.7191919191919192,0.706
5.0,0.33333334,15.0,8.0,0.7191919191919192,0.706
5.0,0.33333334,15.0,12.0,0.7191919191919192,0.706
5.0,0.33333334,15.0,20.0,0.7191919191919192,0.706
5.0,0.33333334,15.0,32.0,0.7185185185185186,0.706
5.0,0.33333334,15.0,50.0,0.7151515151515151,0.704
5.0,0.33333334,15.0,80.0,0.7084175084175085,0.704
5.0,0.33333334,15.0,128.0,0.7057239057239058,0.704
5.0,0.33333334,17.0,2.0,0.7138047138047139,0.704
5.0,0.33333334,17.0,3.0,0.7138047138047139,0.704
5.0,0.33333334,17.0,5.0,0.7138047138047139,0.704
5.0,0.33333334,17.0,8.0,0.7138047138047139,0.704
5.0,0.33333334,17.0,12.0,0.7138047138047139,0.704
5.0,0.33333334,17.0,20.0,0.7138047138047139,0.704
5.0,0.33333334,17.0,32.0,0.7138047138047139,0.704
5.0,0.33333334,17.0,50.0,0.7144781144781145,0.704
5.0,0.33333334,17.0,80.0,0.7097643097643098,0.704
5.0,0.33333334,17.0,128.0,0.7043771043771044,0.702
5.0,0.33333334,20.0,2.0,0.711111111111111,0.704
5.0,0.33333334,20.0,3.0,0.711111111111111,0.704
5.0,0.33333334,20.0,5.0,0.711111111111111,0.704
5.0,0.33333334,20.0,8.0,0.711111111111111,0.704
5.0,0.33333334,20.0,12.0,0.711111111111111,0.704
5.0,0.33333334,20.0,20.0,0.711111111111111,0.704
5.0,0.33333334,20.0,32.0,0.711111111111111,0.704
5.0,0.33333334,20.0,50.0,0.7097643097643098,0.704
5.0,0.33333334,20.0,80.0,0.7057239057239058,0.704
5.0,0.33333334,20.0,128.0,0.7043771043771044,0.702
5.0,0.44444445,1.0,2.0,0.7663299663299663,0.718
5.0,0.44444445,1.0,3.0,0.7670033670033669,0.718
5.0,0.44444445,1.0,5.0,0.7670033670033669,0.714
5.0,0.44444445,1.0,8.0,0.7656565656565657,0.716
5.0,0.44444445,1.0,12.0,0.7643097643097643,0.714
5.0,0.44444445,1.0,20.0,0.7622895622895622,0.716
5.0,0.44444445,1.0,32.0,0.7548821548821548,0.714
5.0,0.44444445,1.0,50.0,0.7494949494949494,0.714
5.0,0.44444445,1.0,80.0,0.742087542087542,0.71
5.0,0.44444445,1.0,128.0,0.7272727272727273,0.706
5.0,0.44444445,3.0,2.0,0.764983164983165,0.712
5.0,0.44444445,3.0,3.0,0.764983164983165,0.712
5.0,0.44444445,3.0,5.0,0.764983164983165,0.712
5.0,0.44444445,3.0,8.0,0.7643097643097643,0.71
5.0,0.44444445,3.0,12.0,0.7636363636363637,0.71
5.0,0.44444445,3.0,20.0,0.7636363636363637,0.716
5.0,0.44444445,3.0,32.0,0.7548821548821548,0.714
5.0,0.44444445,3.0,50.0,0.7494949494949494,0.714
5.0,0.44444445,3.0,80.0,0.7414141414141413,0.712
5.0,0.44444445,3.0,128.0,0.725925925925926,0.706
5.0,0.44444445,5.0,2.0,0.7622895622895622,0.71
5.0,0.44444445,5.0,3.0,0.7622895622895622,0.71
5.0,0.44444445,5.0,5.0,0.7622895622895622,0.71
5.0,0.44444445,5.0,8.0,0.7622895622895622,0.71
5.0,0.44444445,5.0,12.0,0.7622895622895622,0.712
5.0,0.44444445,5.0,20.0,0.7589225589225589,0.716
5.0,0.44444445,5.0,32.0,0.7521885521885522,0.714
5.0,0.44444445,5.0,50.0,0.7461279461279461,0.712
5.0,0.44444445,5.0,80.0,0.7400673400673401,0.712
5.0,0.44444445,5.0,128.0,0.725925925925926,0.706
5.0,0.44444445,7.0,2.0,0.7575757575757576,0.712
5.0,0.44444445,7.0,3.0,0.7575757575757576,0.712
5.0,0.44444445,7.0,5.0,0.7575757575757576,0.712
5.0,0.44444445,7.0,8.0,0.7575757575757576,0.712
5.0,0.44444445,7.0,12.0,0.7575757575757576,0.712
5.0,0.44444445,7.0,20.0,0.756902356902357,0.714
5.0,0.44444445,7.0,32.0,0.7528619528619529,0.714
5.0,0.44444445,7.0,50.0,0.7468013468013468,0.712
5.0,0.44444445,7.0,80.0,0.7393939393939394,0.708
5.0,0.44444445,7.0,128.0,0.7252525252525253,0.704
5.0,0.44444445,9.0,2.0,0.7535353535353535,0.718
5.0,0.44444445,9.0,3.0,0.7535353535353535,0.718
5.0,0.44444445,9.0,5.0,0.7535353535353535,0.718
5.0,0.44444445,9.0,8.0,0.7535353535353535,0.718
5.0,0.44444445,9.0,12.0,0.7535353535353535,0.718
5.0,0.44444445,9.0,20.0,0.7521885521885522,0.718
5.0,0.44444445,9.0,32.0,0.7515151515151516,0.714
5.0,0.44444445,9.0,50.0,0.7468013468013468,0.712
5.0,0.44444445,9.0,80.0,0.7353535353535354,0.706
5.0,0.44444445,9.0,128.0,0.7232323232323232,0.704
5.0,0.44444445,11.0,2.0,0.7468013468013468,0.716
5.0,0.44444445,11.0,3.0,0.7468013468013468,0.716
5.0,0.44444445,11.0,5.0,0.7468013468013468,0.716
5.0,0.44444445,11.0,8.0,0.7468013468013468,0.716
5.0,0.44444445,11.0,12.0,0.7468013468013468,0.716
5.0,0.44444445,11.0,20.0,0.7468013468013468,0.716
5.0,0.44444445,11.0,32.0,0.7447811447811448,0.714
5.0,0.44444445,11.0,50.0,0.7407407407407407,0.712
5.0,0.44444445,11.0,80.0,0.734006734006734,0.706
5.0,0.44444445,11.0,128.0,0.7198653198653199,0.702
5.0,0.44444445,13.0,2.0,0.742087542087542,0.71
5.0,0.44444445,13.0,3.0,0.742087542087542,0.71
5.0,0.44444445,13.0,5.0,0.742087542087542,0.71
5.0,0.44444445,13.0,8.0,0.742087542087542,0.71
5.0,0.44444445,13.0,12.0,0.742087542087542,0.71
5.0,0.44444445,13.0,20.0,0.742087542087542,0.71
5.0,0.44444445,13.0,32.0,0.7414141414141414,0.71
5.0,0.44444445,13.0,50.0,0.736026936026936,0.704
5.0,0.44444445,13.0,80.0,0.7313131313131314,0.704
5.0,0.44444445,13.0,128.0,0.7171717171717171,0.704
5.0,0.44444445,15.0,2.0,0.7380471380471381,0.708
5.0,0.44444445,15.0,3.0,0.7380471380471381,0.708
5.0,0.44444445,15.0,5.0,0.7380471380471381,0.708
5.0,0.44444445,15.0,8.0,0.7380471380471381,0.708
5.0,0.44444445,15.0,12.0,0.7380471380471381,0.708
5.0,0.44444445,15.0,20.0,0.7380471380471381,0.708
5.0,0.44444445,15.0,32.0,0.7380471380471381,0.706
5.0,0.44444445,15.0,50.0,0.7346801346801347,0.704
5.0,0.44444445,15.0,80.0,0.7292929292929293,0.702
5.0,0.44444445,15.0,128.0,0.7178451178451178,0.704
5.0,0.44444445,17.0,2.0,0.734006734006734,0.704
5.0,0.44444445,17.0,3.0,0.734006734006734,0.704
5.0,0.44444445,17.0,5.0,0.734006734006734,0.704
5.0,0.44444445,17.0,8.0,0.734006734006734,0.704
5.0,0.44444445,17.0,12.0,0.734006734006734,0.704
5.0,0.44444445,17.0,20.0,0.734006734006734,0.704
5.0,0.44444445,17.0,32.0,0.734006734006734,0.704
5.0,0.44444445,17.0,50.0,0.731986531986532,0.706
5.0,0.44444445,17.0,80.0,0.7265993265993267,0.704
5.0,0.44444445,17.0,128.0,0.7164983164983165,0.704
5.0,0.44444445,20.0,2.0,0.7299663299663299,0.704
5.0,0.44444445,20.0,3.0,0.7299663299663299,0.704
5.0,0.44444445,20.0,5.0,0.7299663299663299,0.704
5.0,0.44444445,20.0,8.0,0.7299663299663299,0.704
5.0,0.44444445,20.0,12.0,0.7299663299663299,0.704
5.0,0.44444445,20.0,20.0,0.7299663299663299,0.704
5.0,0.44444445,20.0,32.0,0.7299663299663299,0.704
5.0,0.44444445,20.0,50.0,0.7286195286195286,0.7
5.0,0.44444445,20.0,80.0,0.7245791245791245,0.704
5.0,0.44444445,20.0,128.0,0.7144781144781145,0.704
5.0,0.5555556,1.0,2.0,0.7845117845117845,0.726
5.0,0.5555556,1.0,3.0,0.7831649831649832,0.724
5.0,0.5555556,1.0,5.0,0.7838383838383838,0.722
5.0,0.5555556,1.0,8.0,0.7811447811447811,0.726
5.0,0.5555556,1.0,12.0,0.7791245791245791,0.724
5.0,0.5555556,1.0,20.0,0.7764309764309765,0.724
5.0,0.5555556,1.0,32.0,0.7723905723905724,0.728
5.0,0.5555556,1.0,50.0,0.7589225589225589,0.73
5.0,0.5555556,1.0,80.0,0.7515151515151516,0.72
5.0,0.5555556,1.0,128.0,0.7420875420875421,0.714
5.0,0.5555556,3.0,2.0,0.7777777777777778,0.722
5.0,0.5555556,3.0,3.0,0.7777777777777778,0.722
5.0,0.5555556,3.0,5.0,0.7777777777777778,0.722
5.0,0.5555556,3.0,8.0,0.7791245791245791,0.726
5.0,0.5555556,3.0,12.0,0.7777777777777778,0.724
5.0,0.5555556,3.0,20.0,0.7744107744107744,0.726
5.0,0.5555556,3.0,32.0,0.7696969696969698,0.728
5.0,0.5555556,3.0,50.0,0.7602693602693602,0.724
5.0,0.5555556,3.0,80.0,0.7501683501683502,0.718
5.0,0.5555556,3.0,128.0,0.7420875420875421,0.716
5.0,0.5555556,5.0,2.0,0.7757575757575758,0.726
5.0,0.5555556,5.0,3.0,0.7757575757575758,0.726
5.0,0.5555556,5.0,5.0,0.7757575757575758,0.726
5.0,0.5555556,5.0,8.0,0.7757575757575758,0.726
5.0,0.5555556,5.0,12.0,0.7757575757575758,0.724
5.0,0.5555556,5.0,20.0,0.7717171717171717,0.726
5.0,0.5555556,5.0,32.0,0.7676767676767676,0.724
5.0,0.5555556,5.0,50.0,0.756902356902357,0.724
5.0,0.5555556,5.0,80.0,0.7494949494949494,0.718
5.0,0.5555556,5.0,128.0,0.7414141414141414,0.714
5.0,0.5555556,7.0,2.0,0.7683501683501683,0.724
5.0,0.5555556,7.0,3.0,0.7683501683501683,0.724
5.0,0.5555556,7.0,5.0,0.7683501683501683,0.724
5.0,0.5555556,7.0,8.0,0.7683501683501683,0.724
5.0,0.5555556,7.0,12.0,0.7683501683501683,0.724
5.0,0.5555556,7.0,20.0,0.767003367003367,0.72
5.0,0.5555556,7.0,32.0,0.762962962962963,0.724
5.0,0.5555556,7.0,50.0,0.7555555555555555,0.726
5.0,0.5555556,7.0,80.0,0.7481481481481481,0.718
5.0,0.5555556,7.0,128.0,0.7414141414141414,0.712
5.0,0.5555556,9.0,2.0,0.7622895622895622,0.716
5.0,0.5555556,9.0,3.0,0.7622895622895622,0.716
5.0,0.5555556,9.0,5.0,0.7622895622895622,0.716
5.0,0.5555556,9.0,8.0,0.7622895622895622,0.716
5.0,0.5555556,9.0,12.0,0.7622895622895622,0.716
5.0,0.5555556,9.0,20.0,0.762962962962963,0.722
5.0,0.5555556,9.0,32.0,0.7575757575757576,0.724
5.0,0.5555556,9.0,50.0,0.7542087542087541,0.726
5.0,0.5555556,9.0,80.0,0.7481481481481481,0.718
5.0,0.5555556,9.0,128.0,0.7393939393939395,0.71
5.0,0.5555556,11.0,2.0,0.7582491582491582,0.724
5.0,0.5555556,11.0,3.0,0.7582491582491582,0.724
5.0,0.5555556,11.0,5.0,0.7582491582491582,0.724
5.0,0.5555556,11.0,8.0,0.7582491582491582,0.724
5.0,0.5555556,11.0,12.0,0.7582491582491582,0.724
5.0,0.5555556,11.0,20.0,0.7582491582491582,0.724
5.0,0.5555556,11.0,32.0,0.7548821548821548,0.722
5.0,0.5555556,11.0,50.0,0.7508417508417509,0.724
5.0,0.5555556,11.0,80.0,0.7461279461279461,0.716
5.0,0.5555556,11.0,128.0,0.7393939393939395,0.71
5.0,0.5555556,13.0,2.0,0.7555555555555555,0.712
5.0,0.5555556,13.0,3.0,0.7555555555555555,0.712
5.0,0.5555556,13.0,5.0,0.7555555555555555,0.712
5.0,0.5555556,13.0,8.0,0.7555555555555555,0.712
5.0,0.5555556,13.0,12.0,0.7555555555555555,0.712
5.0,0.5555556,13.0,20.0,0.7555555555555555,0.712
5.0,0.5555556,13.0,32.0,0.756902356902357,0.716
5.0,0.5555556,13.0,50.0,0.7515151515151516,0.72
5.0,0.5555556,13.0,80.0,0.7454545454545455,0.714
5.0,0.5555556,13.0,128.0,0.7346801346801347,0.71
5.0,0.5555556,15.0,2.0,0.7542087542087542,0.714
5.0,0.5555556,15.0,3.0,0.7542087542087542,0.714
5.0,0.5555556,15.0,5.0,0.7542087542087542,0.714
5.0,0.5555556,15.0,8.0,0.7542087542087542,0.714
5.0,0.5555556,15.0,12.0,0.7542087542087542,0.714
5.0,0.5555556,15.0,20.0,0.7542087542087542,0.714
5.0,0.5555556,15.0,32.0,0.7542087542087542,0.714
5.0,0.5555556,15.0,50.0,0.7481481481481482,0.718
5.0,0.5555556,15.0,80.0,0.7447811447811448,0.722
5.0,0.5555556,15.0,128.0,0.7353535353535354,0.71
5.0,0.5555556,17.0,2.0,0.7555555555555555,0.712
5.0,0.5555556,17.0,3.0,0.7555555555555555,0.712
5.0,0.5555556,17.0,5.0,0.7555555555555555,0.712
5.0,0.5555556,17.0,8.0,0.7555555555555555,0.712
5.0,0.5555556,17.0,12.0,0.7555555555555555,0.712
5.0,0.5555556,17.0,20.0,0.7555555555555555,0.712
5.0,0.5555556,17.0,32.0,0.7555555555555555,0.712
5.0,0.5555556,17.0,50.0,0.7474747474747475,0.718
5.0,0.5555556,17.0,80.0,0.7454545454545455,0.722
5.0,0.5555556,17.0,128.0,0.7353535353535354,0.71
5.0,0.5555556,20.0,2.0,0.7481481481481482,0.718
5.0,0.5555556,20.0,3.0,0.7481481481481482,0.718
5.0,0.5555556,20.0,5.0,0.7481481481481482,0.718
5.0,0.5555556,20.0,8.0,0.7481481481481482,0.718
5.0,0.5555556,20.0,12.0,0.7481481481481482,0.718
5.0,0.5555556,20.0,20.0,0.7481481481481482,0.718
5.0,0.5555556,20.0,32.0,0.7481481481481482,0.718
5.0,0.5555556,20.0,50.0,0.7447811447811448,0.716
5.0,0.5555556,20.0,80.0,0.7434343434343434,0.722
5.0,0.5555556,20.0,128.0,0.7299663299663299,0.706
5.0,0.6666667,1.0,2.0,0.7932659932659932,0.724
5.0,0.6666667,1.0,3.0,0.7932659932659932,0.72
5.0,0.6666667,1.0,5.0,0.7919191919191919,0.72
5.0,0.6666667,1.0,8.0,0.7932659932659932,0.722
5.0,0.6666667,1.0,12.0,0.7898989898989899,0.726
5.0,0.6666667,1.0,20.0,0.7818181818181819,0.73
5.0,0.6666667,1.0,32.0,0.7723905723905724,0.73
5.0,0.6666667,1.0,50.0,0.771043771043771,0.728
5.0,0.6666667,1.0,80.0,0.7656565656565657,0.722
5.0,0.6666667,1.0,128.0,0.7535353535353535,0.724
5.0,0.6666667,3.0,2.0,0.7885521885521886,0.72
5.0,0.6666667,3.0,3.0,0.7885521885521886,0.72
5.0,0.6666667,3.0,5.0,0.7885521885521886,0.72
5.0,0.6666667,3.0,8.0,0.7865319865319865,0.722
5.0,0.6666667,3.0,12.0,0.7838383838383838,0.72
5.0,0.6666667,3.0,20.0,0.7797979797979797,0.726
5.0,0.6666667,3.0,32.0,0.7717171717171717,0.73
5.0,0.6666667,3.0,50.0,0.769023569023569,0.724
5.0,0.6666667,3.0,80.0,0.764983164983165,0.722
5.0,0.6666667,3.0,128.0,0.7521885521885522,0.724
5.0,0.6666667,5.0,2.0,0.7824915824915826,0.726
5.0,0.6666667,5.0,3.0,0.7824915824915826,0.726
5.0,0.6666667,5.0,5.0,0.7824915824915826,0.726
5.0,0.6666667,5.0,8.0,0.7824915824915826,0.726
5.0,0.6666667,5.0,12.0,0.7804713804713804,0.724
5.0,0.6666667,5.0,20.0,0.7764309764309765,0.72
5.0,0.6666667,5.0,32.0,0.7710437710437711,0.726
5.0,0.6666667,5.0,50.0,0.7670033670033669,0.726
5.0,0.6666667,5.0,80.0,0.764983164983165,0.72
5.0,0.6666667,5.0,128.0,0.7515151515151516,0.722
5.0,0.6666667,7.0,2.0,0.775084175084175,0.724
5.0,0.6666667,7.0,3.0,0.775084175084175,0.724
5.0,0.6666667,7.0,5.0,0.775084175084175,0.724
5.0,0.6666667,7.0,8.0,0.775084175084175,0.724
5.0,0.6666667,7.0,12.0,0.775084175084175,0.724
5.0,0.6666667,7.0,20.0,0.7730639730639731,0.722
5.0,0.6666667,7.0,32.0,0.7703703703703704,0.724
5.0,0.6666667,7.0,50.0,0.7636363636363637,0.724
5.0,0.6666667,7.0,80.0,0.7643097643097644,0.72
5.0,0.6666667,7.0,128.0,0.7501683501683502,0.722
5.0,0.6666667,9.0,2.0,0.775084175084175,0.722
5.0,0.6666667,9.0,3.0,0.775084175084175,0.722
5.0,0.6666667,9.0,5.0,0.775084175084175,0.722
5.0,0.6666667,9.0,8.0,0.775084175084175,0.722
5.0,0.6666667,9.0,12.0,0.775084175084175,0.722
5.0,0.6666667,9.0,20.0,0.775084175084175,0.722
5.0,0.6666667,9.0,32.0,0.7696969696969698,0.718
5.0,0.6666667,9.0,50.0,0.762962962962963,0.718
5.0,0.6666667,9.0,80.0,0.7622895622895622,0.72
5.0,0.6666667,9.0,128.0,0.7474747474747475,0.722
5.0,0.6666667,11.0,2.0,0.771043771043771,0.722
5.0,0.6666667,11.0,3.0,0.771043771043771,0.722
5.0,0.6666667,11.0,5.0,0.771043771043771,0.722
5.0,0.6666667,11.0,8.0,0.771043771043771,0.722
5.0,0.6666667,11.0,12.0,0.771043771043771,0.722
5.0,0.6666667,11.0,20.0,0.771043771043771,0.722
5.0,0.6666667,11.0,32.0,0.7676767676767676,0.722
5.0,0.6666667,11.0,50.0,0.760942760942761,0.718
5.0,0.6666667,11.0,80.0,0.7589225589225589,0.716
5.0,0.6666667,11.0,128.0,0.7461279461279461,0.718
5.0,0.6666667,13.0,2.0,0.7703703703703704,0.724
5.0,0.6666667,13.0,3.0,0.7703703703703704,0.724
5.0,0.6666667,13.0,5.0,0.7703703703703704,0.724
5.0,0.6666667,13.0,8.0,0.7703703703703704,0.724
5.0,0.6666667,13.0,12.0,0.7703703703703704,0.724
5.0,0.6666667,13.0,20.0,0.7703703703703704,0.724
5.0,0.6666667,13.0,32.0,0.7676767676767676,0.724
5.0,0.6666667,13.0,50.0,0.7602693602693603,0.716
5.0,0.6666667,13.0,80.0,0.7562289562289563,0.716
5.0,0.6666667,13.0,128.0,0.7468013468013468,0.718
5.0,0.6666667,15.0,2.0,0.7602693602693603,0.722
5.0,0.6666667,15.0,3.0,0.7602693602693603,0.722
5.0,0.6666667,15.0,5.0,0.7602693602693603,0.722
5.0,0.6666667,15.0,8.0,0.7602693602693603,0.722
5.0,0.6666667,15.0,12.0,0.7602693602693603,0.722
5.0,0.6666667,15.0,20.0,0.7602693602693603,0.722
5.0,0.6666667,15.0,32.0,0.7622895622895622,0.722
5.0,0.6666667,15.0,50.0,0.7582491582491582,0.716
5.0,0.6666667,15.0,80.0,0.7508417508417509,0.71
5.0,0.6666667,15.0,128.0,0.7441077441077442,0.714
5.0,0.6666667,17.0,2.0,0.7575757575757576,0.722
5.0,0.6666667,17.0,3.0,0.7575757575757576,0.722
5.0,0.6666667,17.0,5.0,0.7575757575757576,0.722
5.0,0.6666667,17.0,8.0,0.7575757575757576,0.722
5.0,0.6666667,17.0,12.0,0.7575757575757576,0.722
5.0,0.6666667,17.0,20.0,0.7575757575757576,0.722
5.0,0.6666667,17.0,32.0,0.7575757575757576,0.722
5.0,0.6666667,17.0,50.0,0.756902356902357,0.714
5.0,0.6666667,17.0,80.0,0.7501683501683502,0.71
5.0,0.6666667,17.0,128.0,0.7414141414141414,0.714
5.0,0.6666667,20.0,2.0,0.7575757575757576,0.714
5.0,0.6666667,20.0,3.0,0.7575757575757576,0.714
5.0,0.6666667,20.0,5.0,0.7575757575757576,0.714
5.0,0.6666667,20.0,8.0,0.7575757575757576,0.714
5.0,0.6666667,20.0,12.0,0.7575757575757576,0.714
5.0,0.6666667,20.0,20.0,0.7575757575757576,0.714
5.0,0.6666667,20.0,32.0,0.7575757575757576,0.714
5.0,0.6666667,20.0,50.0,0.756902356902357,0.712
5.0,0.6666667,20.0,80.0,0.7508417508417509,0.706
5.0,0.6666667,20.0,128.0,0.7393939393939395,0.712
5.0,0.7777778,1.0,2.0,0.8080808080808082,0.736
5.0,0.7777778,1.0,3.0,0.8074074074074075,0.736
5.0,0.7777778,1.0,5.0,0.8047138047138047,0.736
5.0,0.7777778,1.0,8.0,0.8026936026936028,0.736
5.0,0.7777778,1.0,12.0,0.7986531986531986,0.734
5.0,0.7777778,1.0,20.0,0.793939393939394,0.734
5.0,0.7777778,1.0,32.0,0.7878787878787878,0.732
5.0,0.7777778,1.0,50.0,0.7797979797979797,0.728
5.0,0.7777778,1.0,80.0,0.7696969696969698,0.732
5.0,0.7777778,1.0,128.0,0.7562289562289563,0.72
5.0,0.7777778,3.0,2.0,0.7986531986531986,0.734
5.0,0.7777778,3.0,3.0,0.7986531986531986,0.734
5.0,0.7777778,3.0,5.0,0.7986531986531986,0.734
5.0,0.7777778,3.0,8.0,0.7986531986531986,0.738
5.0,0.7777778,3.0,12.0,0.795959595959596,0.738
5.0,0.7777778,3.0,20.0,0.7932659932659932,0.736
5.0,0.7777778,3.0,32.0,0.7845117845117845,0.734
5.0,0.7777778,3.0,50.0,0.7804713804713804,0.726
5.0,0.7777778,3.0,80.0,0.767003367003367,0.732
5.0,0.7777778,3.0,128.0,0.7562289562289563,0.724
5.0,0.7777778,5.0,2.0,0.7973063973063972,0.736
5.0,0.7777778,5.0,3.0,0.7973063973063972,0.736
5.0,0.7777778,5.0,5.0,0.7973063973063972,0.736
5.0,0.7777778,5.0,8.0,0.7973063973063972,0.736
5.0,0.7777778,5.0,12.0,0.7925925925925925,0.732
5.0,0.7777778,5.0,20.0,0.7872053872053872,0.732
5.0,0.7777778,5.0,32.0,0.7791245791245791,0.738
5.0,0.7777778,5.0,50.0,0.7791245791245791,0.728
5.0,0.7777778,5.0,80.0,0.7683501683501683,0.73
5.0,0.7777778,5.0,128.0,0.7548821548821548,0.72
5.0,0.7777778,7.0,2.0,0.7865319865319865,0.734
5.0,0.7777778,7.0,3.0,0.7865319865319865,0.734
5.0,0.7777778,7.0,5.0,0.7865319865319865,0.734
5.0,0.7777778,7.0,8.0,0.7865319865319865,0.734
5.0,0.7777778,7.0,12.0,0.7865319865319865,0.734
5.0,0.7777778,7.0,20.0,0.7865319865319865,0.732
5.0,0.7777778,7.0,32.0,0.7818181818181819,0.74
5.0,0.7777778,7.0,50.0,0.7744107744107744,0.732
5.0,0.7777778,7.0,80.0,0.769023569023569,0.724
5.0,0.7777778,7.0,128.0,0.756902356902357,0.72
5.0,0.7777778,9.0,2.0,0.7818181818181819,0.732
5.0,0.7777778,9.0,3.0,0.7818181818181819,0.732
5.0,0.7777778,9.0,5.0,0.7818181818181819,0.732
5.0,0.7777778,9.0,8.0,0.7818181818181819,0.732
5.0,0.7777778,9.0,12.0,0.7818181818181819,0.732
5.0,0.7777778,9.0,20.0,0.7824915824915826,0.732
5.0,0.7777778,9.0,32.0,0.7797979797979797,0.734
5.0,0.7777778,9.0,50.0,0.7737373737373737,0.728
5.0,0.7777778,9.0,80.0,0.7676767676767676,0.722
5.0,0.7777778,9.0,128.0,0.756902356902357,0.718
5.0,0.7777778,11.0,2.0,0.7771043771043771,0.73
5.0,0.7777778,11.0,3.0,0.7771043771043771,0.73
5.0,0.7777778,11.0,5.0,0.7771043771043771,0.73
5.0,0.7777778,11.0,8.0,0.7771043771043771,0.73
5.0,0.7777778,11.0,12.0,0.7771043771043771,0.73
5.0,0.7777778,11.0,20.0,0.7771043771043771,0.73
5.0,0.7777778,11.0,32.0,0.7797979797979797,0.732
5.0,0.7777778,11.0,50.0,0.775084175084175,0.728
5.0,0.7777778,11.0,80.0,0.7670033670033669,0.718
5.0,0.7777778,11.0,128.0,0.7548821548821548,0.718
5.0,0.7777778,13.0,2.0,0.7771043771043772,0.734
5.0,0.7777778,13.0,3.0,0.7771043771043772,0.734
5.0,0.7777778,13.0,5.0,0.7771043771043772,0.734
5.0,0.7777778,13.0,8.0,0.7771043771043772,0.734
5.0,0.7777778,13.0,12.0,0.7771043771043772,0.734
5.0,0.7777778,13.0,20.0,0.7771043771043772,0.734
5.0,0.7777778,13.0,32.0,0.7771043771043772,0.736
5.0,0.7777778,13.0,50.0,0.773063973063973,0.728
5.0,0.7777778,13.0,80.0,0.7622895622895622,0.72
5.0,0.7777778,13.0,128.0,0.7548821548821548,0.72
5.0,0.7777778,15.0,2.0,0.7744107744107744,0.728
5.0,0.7777778,15.0,3.0,0.7744107744107744,0.728
5.0,0.7777778,15.0,5.0,0.7744107744107744,0.728
5.0,0.7777778,15.0,8.0,0.7744107744107744,0.728
5.0,0.7777778,15.0,12.0,0.7744107744107744,0.728
5.0,0.7777778,15.0,20.0,0.7744107744107744,0.728
5.0,0.7777778,15.0,32.0,0.7744107744107744,0.73
5.0,0.7777778,15.0,50.0,0.7696969696969698,0.732
5.0,0.7777778,15.0,80.0,0.7589225589225589,0.718
5.0,0.7777778,15.0,128.0,0.7528619528619529,0.716
5.0,0.7777778,17.0,2.0,0.7696969696969698,0.728
5.0,0.7777778,17.0,3.0,0.7696969696969698,0.728
5.0,0.7777778,17.0,5.0,0.7696969696969698,0.728
5.0,0.7777778,17.0,8.0,0.7696969696969698,0.728
5.0,0.7777778,17.0,12.0,0.7696969696969698,0.728
5.0,0.7777778,17.0,20.0,0.7696969696969698,0.728
5.0,0.7777778,17.0,32.0,0.7696969696969698,0.728
5.0,0.7777778,17.0,50.0,0.7676767676767676,0.73
5.0,0.7777778,17.0,80.0,0.7575757575757576,0.716
5.0,0.7777778,17.0,128.0,0.7521885521885522,0.716
5.0,0.7777778,20.0,2.0,0.7643097643097644,0.726
5.0,0.7777778,20.0,3.0,0.7643097643097644,0.726
5.0,0.7777778,20.0,5.0,0.7643097643097644,0.726
5.0,0.7777778,20.0,8.0,0.7643097643097644,0.726
5.0,0.7777778,20.0,12.0,0.7643097643097644,0.726
5.0,0.7777778,20.0,20.0,0.7643097643097644,0.726
5.0,0.7777778,20.0,32.0,0.7643097643097644,0.726
5.0,0.7777778,20.0,50.0,0.764983164983165,0.724
5.0,0.7777778,20.0,80.0,0.7575757575757576,0.718
5.0,0.7777778,20.0,128.0,0.7494949494949494,0.714
5.0,0.8888889,1.0,2.0,0.8134680134680135,0.73
5.0,0.8888889,1.0,3.0,0.8134680134680135,0.73
5.0,0.8888889,1.0,5.0,0.8107744107744107,0.732
5.0,0.8888889,1.0,8.0,0.8107744107744107,0.73
5.0,0.8888889,1.0,12.0,0.8087542087542087,0.734
5.0,0.8888889,1.0,20.0,0.8047138047138047,0.734
5.0,0.8888889,1.0,32.0,0.7919191919191919,0.732
5.0,0.8888889,1.0,50.0,0.7851851851851852,0.73
5.0,0.8888889,1.0,80.0,0.771043771043771,0.72
5.0,0.8888889,1.0,128.0,0.7609427609427609,0.718
5.0,0.8888889,3.0,2.0,0.81010101010101,0.728
5.0,0.8888889,3.0,3.0,0.81010101010101,0.728
5.0,0.8888889,3.0,5.0,0.81010101010101,0.728
5.0,0.8888889,3.0,8.0,0.8087542087542087,0.726
5.0,0.8888889,3.0,12.0,0.8067340067340067,0.732
5.0,0.8888889,3.0,20.0,0.7986531986531986,0.734
5.0,0.8888889,3.0,32.0,0.7905723905723906,0.73
5.0,0.8888889,3.0,50.0,0.7818181818181819,0.73
5.0,0.8888889,3.0,80.0,0.771043771043771,0.722
5.0,0.8888889,3.0,128.0,0.7595959595959596,0.718
5.0,0.8888889,5.0,2.0,0.8020202020202021,0.732
5.0,0.8888889,5.0,3.0,0.8020202020202021,0.732
5.0,0.8888889,5.0,5.0,0.8020202020202021,0.732
5.0,0.8888889,5.0,8.0,0.8020202020202021,0.732
5.0,0.8888889,5.0,12.0,0.8006734006734006,0.73
5.0,0.8888889,5.0,20.0,0.7973063973063973,0.738
5.0,0.8888889,5.0,32.0,0.7892255892255892,0.734
5.0,0.8888889,5.0,50.0,0.7818181818181819,0.734
5.0,0.8888889,5.0,80.0,0.771043771043771,0.722
5.0,0.8888889,5.0,128.0,0.7602693602693603,0.716
5.0,0.8888889,7.0,2.0,0.7973063973063973,0.726
5.0,0.8888889,7.0,3.0,0.7973063973063973,0.726
5.0,0.8888889,7.0,5.0,0.7973063973063973,0.726
5.0,0.8888889,7.0,8.0,0.7973063973063973,0.726
5.0,0.8888889,7.0,12.0,0.7973063973063973,0.726
5.0,0.8888889,7.0,20.0,0.7946127946127947,0.73
5.0,0.8888889,7.0,32.0,0.7885521885521886,0.73
5.0,0.8888889,7.0,50.0,0.7824915824915826,0.728
5.0,0.8888889,7.0,80.0,0.771043771043771,0.722
5.0,0.8888889,7.0,128.0,0.756902356902357,0.714
5.0,0.8888889,9.0,2.0,0.7919191919191919,0.73
5.0,0.8888889,9.0,3.0,0.7919191919191919,0.73
5.0,0.8888889,9.0,5.0,0.7919191919191919,0.73
5.0,0.8888889,9.0,8.0,0.7919191919191919,0.73
5.0,0.8888889,9.0,12.0,0.7919191919191919,0.73
5.0,0.8888889,9.0,20.0,0.7892255892255893,0.724
5.0,0.8888889,9.0,32.0,0.7851851851851852,0.728
5.0,0.8888889,9.0,50.0,0.7797979797979797,0.728
5.0,0.8888889,9.0,80.0,0.7703703703703704,0.722
5.0,0.8888889,9.0,128.0,0.7562289562289563,0.716
5.0,0.8888889,11.0,2.0,0.7865319865319865,0.732
5.0,0.8888889,11.0,3.0,0.7865319865319865,0.732
5.0,0.8888889,11.0,5.0,0.7865319865319865,0.732
5.0,0.8888889,11.0,8.0,0.7865319865319865,0.732
5.0,0.8888889,11.0,12.0,0.7865319865319865,0.732
5.0,0.8888889,11.0,20.0,0.7865319865319865,0.732
5.0,0.8888889,11.0,32.0,0.7804713804713804,0.73
5.0,0.8888889,11.0,50.0,0.7771043771043771,0.726
5.0,0.8888889,11.0,80.0,0.7683501683501683,0.724
5.0,0.8888889,11.0,128.0,0.7562289562289563,0.712
5.0,0.8888889,13.0,2.0,0.7865319865319865,0.722
5.0,0.8888889,13.0,3.0,0.7865319865319865,0.722
5.0,0.8888889,13.0,5.0,0.7865319865319865,0.722
5.0,0.8888889,13.0,8.0,0.7865319865319865,0.722
5.0,0.8888889,13.0,12.0,0.7865319865319865,0.722
5.0,0.8888889,13.0,20.0,0.7865319865319865,0.722
5.0,0.8888889,13.0,32.0,0.7804713804713804,0.722
5.0,0.8888889,13.0,50.0,0.773063973063973,0.724
5.0,0.8888889,13.0,80.0,0.7656565656565657,0.716
5.0,0.8888889,13.0,128.0,0.7562289562289563,0.71
5.0,0.8888889,15.0,2.0,0.7797979797979797,0.722
5.0,0.8888889,15.0,3.0,0.7797979797979797,0.722
5.0,0.8888889,15.0,5.0,0.7797979797979797,0.722
5.0,0.8888889,15.0,8.0,0.7797979797979797,0.722
5.0,0.8888889,15.0,12.0,0.7797979797979797,0.722
5.0,0.8888889,15.0,20.0,0.7797979797979797,0.722
5.0,0.8888889,15.0,32.0,0.7771043771043771,0.722
5.0,0.8888889,15.0,50.0,0.7737373737373737,0.724
5.0,0.8888889,15.0,80.0,0.7643097643097644,0.716
5.0,0.8888889,15.0,128.0,0.756902356902357,0.702
5.0,0.8888889,17.0,2.0,0.7784511784511785,0.72
5.0,0.8888889,17.0,3.0,0.7784511784511785,0.72
5.0,0.8888889,17.0,5.0,0.7784511784511785,0.72
5.0,0.8888889,17.0,8.0,0.7784511784511785,0.72
5.0,0.8888889,17.0,12.0,0.7784511784511785,0.72
5.0,0.8888889,17.0,20.0,0.7784511784511785,0.72
5.0,0.8888889,17.0,32.0,0.7784511784511785,0.72
5.0,0.8888889,17.0,50.0,0.7723905723905724,0.718
5.0,0.8888889,17.0,80.0,0.762962962962963,0.712
5.0,0.8888889,17.0,128.0,0.7555555555555555,0.71
5.0,0.8888889,20.0,2.0,0.771043771043771,0.724
5.0,0.8888889,20.0,3.0,0.771043771043771,0.724
5.0,0.8888889,20.0,5.0,0.771043771043771,0.724
5.0,0.8888889,20.0,8.0,0.771043771043771,0.724
5.0,0.8888889,20.0,12.0,0.771043771043771,0.724
5.0,0.8888889,20.0,20.0,0.771043771043771,0.724
5.0,0.8888889,20.0,32.0,0.771043771043771,0.724
5.0,0.8888889,20.0,50.0,0.7683501683501683,0.722
5.0,0.8888889,20.0,80.0,0.7609427609427609,0.716
5.0,0.8888889,20.0,128.0,0.7521885521885523,0.71
5.0,1.0,1.0,2.0,0.8087542087542087,0.73
5.0,1.0,1.0,3.0,0.8080808080808082,0.73
5.0,1.0,1.0,5.0,0.806060606060606,0.732
5.0,1.0,1.0,8.0,0.8033670033670033,0.73
5.0,1.0,1.0,12.0,0.8026936026936028,0.73
5.0,1.0,1.0,20.0,0.797979797979798,0.732
5.0,1.0,1.0,32.0,0.7925925925925925,0.73
5.0,1.0,1.0,50.0,0.7838383838383838,0.726
5.0,1.0,1.0,80.0,0.771043771043771,0.714
5.0,1.0,1.0,128.0,0.7589225589225589,0.702
5.0,1.0,3.0,2.0,0.8033670033670033,0.73
5.0,1.0,3.0,3.0,0.8033670033670033,0.73
5.0,1.0,3.0,5.0,0.8033670033670033,0.73
5.0,1.0,3.0,8.0,0.8013468013468014,0.728
5.0,1.0,3.0,12.0,0.8006734006734006,0.73
5.0,1.0,3.0,20.0,0.7973063973063973,0.732
5.0,1.0,3.0,32.0,0.7912457912457913,0.734
5.0,1.0,3.0,50.0,0.7818181818181819,0.728
5.0,1.0,3.0,80.0,0.7683501683501683,0.714
5.0,1.0,3.0,128.0,0.7562289562289563,0.702
5.0,1.0,5.0,2.0,0.7979797979797979,0.734
5.0,1.0,5.0,3.0,0.7979797979797979,0.734
5.0,1.0,5.0,5.0,0.7979797979797979,0.734
5.0,1.0,5.0,8.0,0.7979797979797979,0.734
5.0,1.0,5.0,12.0,0.797979797979798,0.734
5.0,1.0,5.0,20.0,0.793939393939394,0.736
5.0,1.0,5.0,32.0,0.7865319865319865,0.734
5.0,1.0,5.0,50.0,0.7838383838383838,0.732
5.0,1.0,5.0,80.0,0.767003367003367,0.716
5.0,1.0,5.0,128.0,0.7548821548821548,0.702
5.0,1.0,7.0,2.0,0.7925925925925925,0.726
5.0,1.0,7.0,3.0,0.7925925925925925,0.726
5.0,1.0,7.0,5.0,0.7925925925925925,0.726
5.0,1.0,7.0,8.0,0.7925925925925925,0.726
5.0,1.0,7.0,12.0,0.7925925925925925,0.726
5.0,1.0,7.0,20.0,0.7872053872053872,0.728
5.0,1.0,7.0,32.0,0.7845117845117845,0.73
5.0,1.0,7.0,50.0,0.7797979797979797,0.726
5.0,1.0,7.0,80.0,0.762962962962963,0.712
5.0,1.0,7.0,128.0,0.7515151515151516,0.7
5.0,1.0,9.0,2.0,0.7858585858585858,0.722
5.0,1.0,9.0,3.0,0.7858585858585858,0.722
5.0,1.0,9.0,5.0,0.7858585858585858,0.722
5.0,1.0,9.0,8.0,0.7858585858585858,0.722
5.0,1.0,9.0,12.0,0.7858585858585858,0.722
5.0,1.0,9.0,20.0,0.7858585858585858,0.728
5.0,1.0,9.0,32.0,0.7838383838383838,0.722
5.0,1.0,9.0,50.0,0.7771043771043772,0.724
5.0,1.0,9.0,80.0,0.7636363636363637,0.708
5.0,1.0,9.0,128.0,0.7508417508417509,0.696
5.0,1.0,11.0,2.0,0.7838383838383838,0.728
5.0,1.0,11.0,3.0,0.7838383838383838,0.728
5.0,1.0,11.0,5.0,0.7838383838383838,0.728
5.0,1.0,11.0,8.0,0.7838383838383838,0.728
5.0,1.0,11.0,12.0,0.7838383838383838,0.728
5.0,1.0,11.0,20.0,0.7838383838383838,0.728
5.0,1.0,11.0,32.0,0.7845117845117845,0.73
5.0,1.0,11.0,50.0,0.775084175084175,0.722
5.0,1.0,11.0,80.0,0.7663299663299663,0.71
5.0,1.0,11.0,128.0,0.7521885521885522,0.696
5.0,1.0,13.0,2.0,0.7791245791245791,0.728
5.0,1.0,13.0,3.0,0.7791245791245791,0.728
5.0,1.0,13.0,5.0,0.7791245791245791,0.728
5.0,1.0,13.0,8.0,0.7791245791245791,0.728
5.0,1.0,13.0,12.0,0.7791245791245791,0.728
5.0,1.0,13.0,20.0,0.7791245791245791,0.728
5.0,1.0,13.0,32.0,0.7791245791245791,0.728
5.0,1.0,13.0,50.0,0.7723905723905724,0.722
5.0,1.0,13.0,80.0,0.7622895622895622,0.712
5.0,1.0,13.0,128.0,0.7488215488215488,0.696
5.0,1.0,15.0,2.0,0.7744107744107744,0.724
5.0,1.0,15.0,3.0,0.7744107744107744,0.724
5.0,1.0,15.0,5.0,0.7744107744107744,0.724
5.0,1.0,15.0,8.0,0.7744107744107744,0.724
5.0,1.0,15.0,12.0,0.7744107744107744,0.724
5.0,1.0,15.0,20.0,0.7744107744107744,0.724
5.0,1.0,15.0,32.0,0.7757575757575758,0.724
5.0,1.0,15.0,50.0,0.773063973063973,0.72
5.0,1.0,15.0,80.0,0.7562289562289563,0.708
5.0,1.0,15.0,128.0,0.7488215488215488,0.698
5.0,1.0,17.0,2.0,0.7744107744107744,0.726
5.0,1.0,17.0,3.0,0.7744107744107744,0.726
5.0,1.0,17.0,5.0,0.7744107744107744,0.726
5.0,1.0,17.0,8.0,0.7744107744107744,0.726
5.0,1.0,17.0,12.0,0.7744107744107744,0.726
5.0,1.0,17.0,20.0,0.7744107744107744,0.726
5.0,1.0,17.0,32.0,0.7744107744107744,0.726
5.0,1.0,17.0,50.0,0.7696969696969698,0.718
5.0,1.0,17.0,80.0,0.7595959595959596,0.706
5.0,1.0,17.0,128.0,0.7461279461279462,0.7
5.0,1.0,20.0,2.0,0.771043771043771,0.722
5.0,1.0,20.0,3.0,0.771043771043771,0.722
5.0,1.0,20.0,5.0,0.771043771043771,0.722
5.0,1.0,20.0,8.0,0.771043771043771,0.722
5.0,1.0,20.0,12.0,0.771043771043771,0.722
5.0,1.0,20.0,20.0,0.771043771043771,0.722
5.0,1.0,20.0,32.0,0.771043771043771,0.722
5.0,1.0,20.0,50.0,0.7683501683501683,0.716
5.0,1.0,20.0,80.0,0.7589225589225589,0.71
5.0,1.0,20.0,128.0,0.7461279461279461,0.698
8.0,0.0,1.0,2.0,0.762962962962963,0.702
8.0,0.0,1.0,3.0,0.758922558922559,0.7
8.0,0.0,1.0,5.0,0.7468013468013468,0.7
8.0,0.0,1.0,8.0,0.7346801346801347,0.702
8.0,0.0,1.0,12.0,0.7252525252525253,0.7
8.0,0.0,1.0,20.0,0.7171717171717171,0.7
8.0,0.0,1.0,32.0,0.7097643097643098,0.7
8.0,0.0,1.0,50.0,0.7023569023569024,0.7
8.0,0.0,1.0,80.0,0.7010101010101011,0.7
8.0,0.0,1.0,128.0,0.7003367003367004,0.7
8.0,0.0,3.0,2.0,0.7124579124579125,0.7
8.0,0.0,3.0,3.0,0.7124579124579125,0.7
8.0,0.0,3.0,5.0,0.7124579124579125,0.7
8.0,0.0,3.0,8.0,0.7117845117845117,0.7
8.0,0.0,3.0,12.0,0.711111111111111,0.7
8.0,0.0,3.0,20.0,0.7077441077441078,0.7
8.0,0.0,3.0,32.0,0.7043771043771044,0.7
8.0,0.0,3.0,50.0,0.7023569023569024,0.7
8.0,0.0,3.0,80.0,0.7010101010101011,0.7
8.0,0.0,3.0,128.0,0.7003367003367004,0.7
8.0,0.0,5.0,2.0,0.703030303030303,0.7
8.0,0.0,5.0,3.0,0.703030303030303,0.7
8.0,0.0,5.0,5.0,0.703030303030303,0.7
8.0,0.0,5.0,8.0,0.703030303030303,0.7
8.0,0.0,5.0,12.0,0.7037037037037037,0.7
8.0,0.0,5.0,20.0,0.703030303030303,0.7
8.0,0.0,5.0,32.0,0.7016835016835017,0.7
8.0,0.0,5.0,50.0,0.7016835016835017,0.7
8.0,0.0,5.0,80.0,0.7003367003367004,0.7
8.0,0.0,5.0,128.0,0.7003367003367004,0.7
8.0,0.0,7.0,2.0,0.7016835016835017,0.7
8.0,0.0,7.0,3.0,0.7016835016835017,0.7
8.0,0.0,7.0,5.0,0.7016835016835017,0.7
8.0,0.0,7.0,8.0,0.7016835016835017,0.7
8.0,0.0,7.0,12.0,0.7016835016835017,0.7
8.0,0.0,7.0,20.0,0.7016835016835017,0.7
8.0,0.0,7.0,32.0,0.7016835016835017,0.7
8.0,0.0,7.0,50.0,0.7003367003367004,0.7
8.0,0.0,7.0,80.0,0.7003367003367004,0.7
8.0,0.0,7.0,128.0,0.7003367003367004,0.7
8.0,0.0,9.0,2.0,0.7003367003367004,0.7
8.0,0.0,9.0,3.0,0.7003367003367004,0.7
8.0,0.0,9.0,5.0,0.7003367003367004,0.7
8.0,0.0,9.0,8.0,0.7003367003367004,0.7
8.0,0.0,9.0,12.0,0.7003367003367004,0.7
8.0,0.0,9.0,20.0,0.7003367003367004,0.7
8.0,0.0,9.0,32.0,0.7003367003367004,0.7
8.0,0.0,9.0,50.0,0.7003367003367004,0.7
8.0,0.0,9.0,80.0,0.7003367003367004,0.7
8.0,0.0,9.0,128.0,0.7003367003367004,0.7
8.0,0.0,11.0,2.0,0.7003367003367004,0.7
8.0,0.0,11.0,3.0,0.7003367003367004,0.7
8.0,0.0,11.0,5.0,0.7003367003367004,0.7
8.0,0.0,11.0,8.0,0.7003367003367004,0.7
8.0,0.0,11.0,12.0,0.7003367003367004,0.7
8.0,0.0,11.0,20.0,0.7003367003367004,0.7
8.0,0.0,11.0,32.0,0.7003367003367004,0.7
8.0,0.0,11.0,50.0,0.7003367003367004,0.7
8.0,0.0,11.0,80.0,0.7003367003367004,0.7
8.0,0.0,11.0,128.0,0.7003367003367004,0.7
8.0,0.0,13.0,2.0,0.7003367003367004,0.7
8.0,0.0,13.0,3.0,0.7003367003367004,0.7
8.0,0.0,13.0,5.0,0.7003367003367004,0.7
8.0,0.0,13.0,8.0,0.7003367003367004,0.7
8.0,0.0,13.0,12.0,0.7003367003367004,0.7
8.0,0.0,13.0,20.0,0.7003367003367004,0.7
8.0,0.0,13.0,32.0,0.7003367003367004,0.7
8.0,0.0,13.0,50.0,0.7003367003367004,0.7
8.0,0.0,13.0,80.0,0.7003367003367004,0.7
8.0,0.0,13.0,128.0,0.7003367003367004,0.7
8.0,0.0,15.0,2.0,0.7003367003367004,0.7
8.0,0.0,15.0,3.0,0.7003367003367004,0.7
8.0,0.0,15.0,5.0,0.7003367003367004,0.7
8.0,0.0,15.0,8.0,0.7003367003367004,0.7
8.0,0.0,15.0,12.0,0.7003367003367004,0.7
8.0,0.0,15.0,20.0,0.7003367003367004,0.7
8.0,0.0,15.0,32.0,0.7003367003367004,0.7
8.0,0.0,15.0,50.0,0.7003367003367004,0.7
8.0,0.0,15.0,80.0,0.7003367003367004,0.7
8.0,0.0,15.0,128.0,0.7003367003367004,0.7
8.0,0.0,17.0,2.0,0.7003367003367004,0.7
8.0,0.0,17.0,3.0,0.7003367003367004,0.7
8.0,0.0,17.0,5.0,0.7003367003367004,0.7
8.0,0.0,17.0,8.0,0.7003367003367004,0.7
8.0,0.0,17.0,12.0,0.7003367003367004,0.7
8.0,0.0,17.0,20.0,0.7003367003367004,0.7
8.0,0.0,17.0,32.0,0.7003367003367004,0.7
8.0,0.0,17.0,50.0,0.7003367003367004,0.7
8.0,0.0,17.0,80.0,0.7003367003367004,0.7
8.0,0.0,17.0,128.0,0.7003367003367004,0.7
8.0,0.0,20.0,2.0,0.7003367003367004,0.7
8.0,0.0,20.0,3.0,0.7003367003367004,0.7
8.0,0.0,20.0,5.0,0.7003367003367004,0.7
8.0,0.0,20.0,8.0,0.7003367003367004,0.7
8.0,0.0,20.0,12.0,0.7003367003367004,0.7
8.0,0.0,20.0,20.0,0.7003367003367004,0.7
8.0,0.0,20.0,32.0,0.7003367003367004,0.7
8.0,0.0,20.0,50.0,0.7003367003367004,0.7
8.0,0.0,20.0,80.0,0.7003367003367004,0.7
8.0,0.0,20.0,128.0,0.7003367003367004,0.7
8.0,0.11111111,1.0,2.0,0.7905723905723906,0.712
8.0,0.11111111,1.0,3.0,0.7811447811447811,0.714
8.0,0.11111111,1.0,5.0,0.7757575757575758,0.716
8.0,0.11111111,1.0,8.0,0.7663299663299663,0.71
8.0,0.11111111,1.0,12.0,0.7589225589225589,0.704
8.0,0.11111111,1.0,20.0,0.7441077441077442,0.708
8.0,0.11111111,1.0,32.0,0.734006734006734,0.708
8.0,0.11111111,1.0,50.0,0.7218855218855219,0.704
8.0,0.11111111,1.0,80.0,0.7090909090909091,0.702
8.0,0.11111111,1.0,128.0,0.7023569023569024,0.7
8.0,0.11111111,3.0,2.0,0.7468013468013468,0.708
8.0,0.11111111,3.0,3.0,0.7468013468013468,0.708
8.0,0.11111111,3.0,5.0,0.7468013468013468,0.708
8.0,0.11111111,3.0,8.0,0.7468013468013468,0.708
8.0,0.11111111,3.0,12.0,0.7427609427609427,0.706
8.0,0.11111111,3.0,20.0,0.7367003367003366,0.706
8.0,0.11111111,3.0,32.0,0.7286195286195286,0.704
8.0,0.11111111,3.0,50.0,0.7171717171717172,0.704
8.0,0.11111111,3.0,80.0,0.7084175084175085,0.702
8.0,0.11111111,3.0,128.0,0.703030303030303,0.7
8.0,0.11111111,5.0,2.0,0.7326599326599327,0.704
8.0,0.11111111,5.0,3.0,0.7326599326599327,0.704
8.0,0.11111111,5.0,5.0,0.7326599326599327,0.704
8.0,0.11111111,5.0,8.0,0.7326599326599327,0.704
8.0,0.11111111,5.0,12.0,0.7306397306397306,0.704
8.0,0.11111111,5.0,20.0,0.7272727272727273,0.706
8.0,0.11111111,5.0,32.0,0.7191919191919192,0.704
8.0,0.11111111,5.0,50.0,0.7144781144781145,0.704
8.0,0.11111111,5.0,80.0,0.7077441077441078,0.702
8.0,0.11111111,5.0,128.0,0.7016835016835017,0.7
8.0,0.11111111,7.0,2.0,0.7164983164983165,0.702
8.0,0.11111111,7.0,3.0,0.7164983164983165,0.702
8.0,0.11111111,7.0,5.0,0.7164983164983165,0.702
8.0,0.11111111,7.0,8.0,0.7164983164983165,0.702
8.0,0.11111111,7.0,12.0,0.7164983164983165,0.702
8.0,0.11111111,7.0,20.0,0.7164983164983165,0.704
8.0,0.11111111,7.0,32.0,0.7158249158249158,0.704
8.0,0.11111111,7.0,50.0,0.7097643097643098,0.702
8.0,0.11111111,7.0,80.0,0.7063973063973064,0.702
8.0,0.11111111,7.0,128.0,0.7016835016835017,0.7
8.0,0.11111111,9.0,2.0,0.7131313131313132,0.702
8.0,0.11111111,9.0,3.0,0.7131313131313132,0.702
8.0,0.11111111,9.0,5.0,0.7131313131313132,0.702
8.0,0.11111111,9.0,8.0,0.7131313131313132,0.702
8.0,0.11111111,9.0,12.0,0.7131313131313132,0.702
8.0,0.11111111,9.0,20.0,0.711111111111111,0.702
8.0,0.11111111,9.0,32.0,0.7090909090909091,0.702
8.0,0.11111111,9.0,50.0,0.7063973063973064,0.702
8.0,0.11111111,9.0,80.0,0.7050505050505051,0.7
8.0,0.11111111,9.0,128.0,0.7016835016835017,0.7
8.0,0.11111111,11.0,2.0,0.7043771043771044,0.7
8.0,0.11111111,11.0,3.0,0.7043771043771044,0.7
8.0,0.11111111,11.0,5.0,0.7043771043771044,0.7
8.0,0.11111111,11.0,8.0,0.7043771043771044,0.7
8.0,0.11111111,11.0,12.0,0.7043771043771044,0.7
8.0,0.11111111,11.0,20.0,0.7043771043771044,0.7
8.0,0.11111111,11.0,32.0,0.7063973063973064,0.7
8.0,0.11111111,11.0,50.0,0.7050505050505051,0.7
8.0,0.11111111,11.0,80.0,0.7043771043771044,0.7
8.0,0.11111111,11.0,128.0,0.7010101010101011,0.7
8.0,0.11111111,13.0,2.0,0.7050505050505051,0.7
8.0,0.11111111,13.0,3.0,0.7050505050505051,0.7
8.0,0.11111111,13.0,5.0,0.7050505050505051,0.7
8.0,0.11111111,13.0,8.0,0.7050505050505051,0.7
8.0,0.11111111,13.0,12.0,0.7050505050505051,0.7
8.0,0.11111111,13.0,20.0,0.7050505050505051,0.7
8.0,0.11111111,13.0,32.0,0.7050505050505051,0.7
8.0,0.11111111,13.0,50.0,0.7050505050505051,0.7
8.0,0.11111111,13.0,80.0,0.703030303030303,0.7
8.0,0.11111111,13.0,128.0,0.7010101010101011,0.7
8.0,0.11111111,15.0,2.0,0.7050505050505051,0.7
8.0,0.11111111,15.0,3.0,0.7050505050505051,0.7
8.0,0.11111111,15.0,5.0,0.7050505050505051,0.7
8.0,0.11111111,15.0,8.0,0.7050505050505051,0.7
8.0,0.11111111,15.0,12.0,0.7050505050505051,0.7
8.0,0.11111111,15.0,20.0,0.7050505050505051,0.7
8.0,0.11111111,15.0,32.0,0.7050505050505051,0.7
8.0,0.11111111,15.0,50.0,0.7050505050505051,0.7
8.0,0.11111111,15.0,80.0,0.7016835016835017,0.7
8.0,0.11111111,15.0,128.0,0.7010101010101011,0.7
8.0,0.11111111,17.0,2.0,0.7016835016835017,0.7
8.0,0.11111111,17.0,3.0,0.7016835016835017,0.7
8.0,0.11111111,17.0,5.0,0.7016835016835017,0.7
8.0,0.11111111,17.0,8.0,0.7016835016835017,0.7
8.0,0.11111111,17.0,12.0,0.7016835016835017,0.7
8.0,0.11111111,17.0,20.0,0.7016835016835017,0.7
8.0,0.11111111,17.0,32.0,0.7016835016835017,0.7
8.0,0.11111111,17.0,50.0,0.7023569023569024,0.7
8.0,0.11111111,17.0,80.0,0.7010101010101011,0.7
8.0,0.11111111,17.0,128.0,0.7003367003367004,0.7
8.0,0.11111111,20.0,2.0,0.7003367003367004,0.7
8.0,0.11111111,20.0,3.0,0.7003367003367004,0.7
8.0,0.11111111,20.0,5.0,0.7003367003367004,0.7
8.0,0.11111111,20.0,8.0,0.7003367003367004,0.7
8.0,0.11111111,20.0,12.0,0.7003367003367004,0.7
8.0,0.11111111,20.0,20.0,0.7003367003367004,0.7
8.0,0.11111111,20.0,32.0,0.7003367003367004,0.7
8.0,0.11111111,20.0,50.0,0.7010101010101011,0.7
8.0,0.11111111,20.0,80.0,0.7003367003367004,0.7
8.0,0.11111111,20.0,128.0,0.7003367003367004,0.7
8.0,0.22222222,1.0,2.0,0.7905723905723906,0.712
8.0,0.22222222,1.0,3.0,0.7811447811447811,0.714
8.0,0.22222222,1.0,5.0,0.7757575757575758,0.716
8.0,0.22222222,1.0,8.0,0.7663299663299663,0.71
8.0,0.22222222,1.0,12.0,0.7589225589225589,0.704
8.0,0.22222222,1.0,20.0,0.7441077441077442,0.708
8.0,0.22222222,1.0,32.0,0.734006734006734,0.708
8.0,0.22222222,1.0,50.0,0.7218855218855219,0.704
8.0,0.22222222,1.0,80.0,0.7090909090909091,0.702
8.0,0.22222222,1.0,128.0,0.7023569023569024,0.7
8.0,0.22222222,3.0,2.0,0.7468013468013468,0.708
8.0,0.22222222,3.0,3.0,0.7468013468013468,0.708
8.0,0.22222222,3.0,5.0,0.7468013468013468,0.708
8.0,0.22222222,3.0,8.0,0.7468013468013468,0.708
8.0,0.22222222,3.0,12.0,0.7427609427609427,0.706
8.0,0.22222222,3.0,20.0,0.7367003367003366,0.706
8.0,0.22222222,3.0,32.0,0.7286195286195286,0.704
8.0,0.22222222,3.0,50.0,0.7171717171717172,0.704
8.0,0.22222222,3.0,80.0,0.7084175084175085,0.702
8.0,0.22222222,3.0,128.0,0.703030303030303,0.7
8.0,0.22222222,5.0,2.0,0.7326599326599327,0.704
8.0,0.22222222,5.0,3.0,0.7326599326599327,0.704
8.0,0.22222222,5.0,5.0,0.7326599326599327,0.704
8.0,0.22222222,5.0,8.0,0.7326599326599327,0.704
8.0,0.22222222,5.0,12.0,0.7306397306397306,0.704
8.0,0.22222222,5.0,20.0,0.7272727272727273,0.706
8.0,0.22222222,5.0,32.0,0.7191919191919192,0.704
8.0,0.22222222,5.0,50.0,0.7144781144781145,0.704
8.0,0.22222222,5.0,80.0,0.7077441077441078,0.702
8.0,0.22222222,5.0,128.0,0.7016835016835017,0.7
8.0,0.22222222,7.0,2.0,0.7164983164983165,0.702
8.0,0.22222222,7.0,3.0,0.7164983164983165,0.702
8.0,0.22222222,7.0,5.0,0.7164983164983165,0.702
8.0,0.22222222,7.0,8.0,0.7164983164983165,0.702
8.0,0.22222222,7.0,12.0,0.7164983164983165,0.702
8.0,0.22222222,7.0,20.0,0.7164983164983165,0.704
8.0,0.22222222,7.0,32.0,0.7158249158249158,0.704
8.0,0.22222222,7.0,50.0,0.7097643097643098,0.702
8.0,0.22222222,7.0,80.0,0.7063973063973064,0.702
8.0,0.22222222,7.0,128.0,0.7016835016835017,0.7
8.0,0.22222222,9.0,2.0,0.7131313131313132,0.702
8.0,0.22222222,9.0,3.0,0.7131313131313132,0.702
8.0,0.22222222,9.0,5.0,0.7131313131313132,0.702
8.0,0.22222222,9.0,8.0,0.7131313131313132,0.702
8.0,0.22222222,9.0,12.0,0.7131313131313132,0.702
8.0,0.22222222,9.0,20.0,0.711111111111111,0.702
8.0,0.22222222,9.0,32.0,0.7090909090909091,0.702
8.0,0.22222222,9.0,50.0,0.7063973063973064,0.702
8.0,0.22222222,9.0,80.0,0.7050505050505051,0.7
8.0,0.22222222,9.0,128.0,0.7016835016835017,0.7
8.0,0.22222222,11.0,2.0,0.7043771043771044,0.7
8.0,0.22222222,11.0,3.0,0.7043771043771044,0.7
8.0,0.22222222,11.0,5.0,0.7043771043771044,0.7
8.0,0.22222222,11.0,8.0,0.7043771043771044,0.7
8.0,0.22222222,11.0,12.0,0.7043771043771044,0.7
8.0,0.22222222,11.0,20.0,0.7043771043771044,0.7
8.0,0.22222222,11.0,32.0,0.7063973063973064,0.7
8.0,0.22222222,11.0,50.0,0.7050505050505051,0.7
8.0,0.22222222,11.0,80.0,0.7043771043771044,0.7
8.0,0.22222222,11.0,128.0,0.7010101010101011,0.7
8.0,0.22222222,13.0,2.0,0.7050505050505051,0.7
8.0,0.22222222,13.0,3.0,0.7050505050505051,0.7
8.0,0.22222222,13.0,5.0,0.7050505050505051,0.7
8.0,0.22222222,13.0,8.0,0.7050505050505051,0.7
8.0,0.22222222,13.0,12.0,0.7050505050505051,0.7
8.0,0.22222222,13.0,20.0,0.7050505050505051,0.7
8.0,0.22222222,13.0,32.0,0.7050505050505051,0.7
8.0,0.22222222,13.0,50.0,0.7050505050505051,0.7
8.0,0.22222222,13.0,80.0,0.703030303030303,0.7
8.0,0.22222222,13.0,128.0,0.7010101010101011,0.7
8.0,0.22222222,15.0,2.0,0.7050505050505051,0.7
8.0,0.22222222,15.0,3.0,0.7050505050505051,0.7
8.0,0.22222222,15.0,5.0,0.7050505050505051,0.7
8.0,0.22222222,15.0,8.0,0.7050505050505051,0.7
8.0,0.22222222,15.0,12.0,0.7050505050505051,0.7
8.0,0.22222222,15.0,20.0,0.7050505050505051,0.7
8.0,0.22222222,15.0,32.0,0.7050505050505051,0.7
8.0,0.22222222,15.0,50.0,0.7050505050505051,0.7
8.0,0.22222222,15.0,80.0,0.7016835016835017,0.7
8.0,0.22222222,15.0,128.0,0.7010101010101011,0.7
8.0,0.22222222,17.0,2.0,0.7016835016835017,0.7
8.0,0.22222222,17.0,3.0,0.7016835016835017,0.7
8.0,0.22222222,17.0,5.0,0.7016835016835017,0.7
8.0,0.22222222,17.0,8.0,0.7016835016835017,0.7
8.0,0.22222222,17.0,12.0,0.7016835016835017,0.7
8.0,0.22222222,17.0,20.0,0.7016835016835017,0.7
8.0,0.22222222,17.0,32.0,0.7016835016835017,0.7
8.0,0.22222222,17.0,50.0,0.7023569023569024,0.7
8.0,0.22222222,17.0,80.0,0.7010101010101011,0.7
8.0,0.22222222,17.0,128.0,0.7003367003367004,0.7
8.0,0.22222222,20.0,2.0,0.7003367003367004,0.7
8.0,0.22222222,20.0,3.0,0.7003367003367004,0.7
8.0,0.22222222,20.0,5.0,0.7003367003367004,0.7
8.0,0.22222222,20.0,8.0,0.7003367003367004,0.7
8.0,0.22222222,20.0,12.0,0.7003367003367004,0.7
8.0,0.22222222,20.0,20.0,0.7003367003367004,0.7
8.0,0.22222222,20.0,32.0,0.7003367003367004,0.7
8.0,0.22222222,20.0,50.0,0.7010101010101011,0.7
8.0,0.22222222,20.0,80.0,0.7003367003367004,0.7
8.0,0.22222222,20.0,128.0,0.7003367003367004,0.7
8.0,0.33333334,1.0,2.0,0.8276094276094277,0.736
8.0,0.33333334,1.0,3.0,0.8215488215488215,0.738
8.0,0.33333334,1.0,5.0,0.8148148148148149,0.734
8.0,0.33333334,1.0,8.0,0.8053872053872053,0.736
8.0,0.33333334,1.0,12.0,0.7946127946127947,0.73
8.0,0.33333334,1.0,20.0,0.7818181818181819,0.732
8.0,0.33333334,1.0,32.0,0.7676767676767676,0.728
8.0,0.33333334,1.0,50.0,0.7575757575757576,0.718
8.0,0.33333334,1.0,80.0,0.7387205387205388,0.71
8.0,0.33333334,1.0,128.0,0.7131313131313132,0.706
8.0,0.33333334,3.0,2.0,0.7919191919191919,0.734
8.0,0.33333334,3.0,3.0,0.7919191919191919,0.734
8.0,0.33333334,3.0,5.0,0.7919191919191919,0.734
8.0,0.33333334,3.0,8.0,0.7898989898989899,0.734
8.0,0.33333334,3.0,12.0,0.7831649831649832,0.726
8.0,0.33333334,3.0,20.0,0.7744107744107744,0.72
8.0,0.33333334,3.0,32.0,0.7663299663299663,0.72
8.0,0.33333334,3.0,50.0,0.7508417508417509,0.716
8.0,0.33333334,3.0,80.0,0.7373737373737373,0.71
8.0,0.33333334,3.0,128.0,0.7131313131313132,0.706
8.0,0.33333334,5.0,2.0,0.7791245791245791,0.718
8.0,0.33333334,5.0,3.0,0.7791245791245791,0.718
8.0,0.33333334,5.0,5.0,0.7791245791245791,0.718
8.0,0.33333334,5.0,8.0,0.7791245791245791,0.718
8.0,0.33333334,5.0,12.0,0.7791245791245791,0.714
8.0,0.33333334,5.0,20.0,0.7663299663299663,0.718
8.0,0.33333334,5.0,32.0,0.7595959595959596,0.718
8.0,0.33333334,5.0,50.0,0.7494949494949494,0.716
8.0,0.33333334,5.0,80.0,0.734006734006734,0.71
8.0,0.33333334,5.0,128.0,0.7138047138047139,0.706
8.0,0.33333334,7.0,2.0,0.7670033670033669,0.718
8.0,0.33333334,7.0,3.0,0.7670033670033669,0.718
8.0,0.33333334,7.0,5.0,0.7670033670033669,0.718
8.0,0.33333334,7.0,8.0,0.7670033670033669,0.718
8.0,0.33333334,7.0,12.0,0.7670033670033669,0.718
8.0,0.33333334,7.0,20.0,0.7616161616161616,0.714
8.0,0.33333334,7.0,32.0,0.7542087542087541,0.712
8.0,0.33333334,7.0,50.0,0.7474747474747475,0.714
8.0,0.33333334,7.0,80.0,0.7306397306397306,0.71
8.0,0.33333334,7.0,128.0,0.7124579124579125,0.706
8.0,0.33333334,9.0,2.0,0.7562289562289563,0.718
8.0,0.33333334,9.0,3.0,0.7562289562289563,0.718
8.0,0.33333334,9.0,5.0,0.7562289562289563,0.718
8.0,0.33333334,9.0,8.0,0.7562289562289563,0.718
8.0,0.33333334,9.0,12.0,0.7562289562289563,0.718
8.0,0.33333334,9.0,20.0,0.7542087542087542,0.716
8.0,0.33333334,9.0,32.0,0.7481481481481481,0.712
8.0,0.33333334,9.0,50.0,0.7407407407407407,0.712
8.0,0.33333334,9.0,80.0,0.7286195286195286,0.708
8.0,0.33333334,9.0,128.0,0.711111111111111,0.708
8.0,0.33333334,11.0,2.0,0.742087542087542,0.712
8.0,0.33333334,11.0,3.0,0.742087542087542,0.712
8.0,0.33333334,11.0,5.0,0.742087542087542,0.712
8.0,0.33333334,11.0,8.0,0.742087542087542,0.712
8.0,0.33333334,11.0,12.0,0.742087542087542,0.712
8.0,0.33333334,11.0,20.0,0.742087542087542,0.712
8.0,0.33333334,11.0,32.0,0.7441077441077442,0.714
8.0,0.33333334,11.0,50.0,0.736026936026936,0.706
8.0,0.33333334,11.0,80.0,0.7239057239057238,0.706
8.0,0.33333334,11.0,128.0,0.711111111111111,0.706
8.0,0.33333334,13.0,2.0,0.7393939393939395,0.708
8.0,0.33333334,13.0,3.0,0.7393939393939395,0.708
8.0,0.33333334,13.0,5.0,0.7393939393939395,0.708
8.0,0.33333334,13.0,8.0,0.7393939393939395,0.708
8.0,0.33333334,13.0,12.0,0.7393939393939395,0.708
8.0,0.33333334,13.0,20.0,0.7393939393939395,0.708
8.0,0.33333334,13.0,32.0,0.736026936026936,0.714
8.0,0.33333334,13.0,50.0,0.7333333333333333,0.706
8.0,0.33333334,13.0,80.0,0.7205387205387206,0.706
8.0,0.33333334,13.0,128.0,0.711111111111111,0.704
8.0,0.33333334,15.0,2.0,0.7333333333333333,0.71
8.0,0.33333334,15.0,3.0,0.7333333333333333,0.71
8.0,0.33333334,15.0,5.0,0.7333333333333333,0.71
8.0,0.33333334,15.0,8.0,0.7333333333333333,0.71
8.0,0.33333334,15.0,12.0,0.7333333333333333,0.71
8.0,0.33333334,15.0,20.0,0.7333333333333333,0.71
8.0,0.33333334,15.0,32.0,0.7333333333333333,0.71
8.0,0.33333334,15.0,50.0,0.7272727272727273,0.706
8.0,0.33333334,15.0,80.0,0.7158249158249158,0.706
8.0,0.33333334,15.0,128.0,0.7084175084175085,0.704
8.0,0.33333334,17.0,2.0,0.725925925925926,0.706
8.0,0.33333334,17.0,3.0,0.725925925925926,0.706
8.0,0.33333334,17.0,5.0,0.725925925925926,0.706
8.0,0.33333334,17.0,8.0,0.725925925925926,0.706
8.0,0.33333334,17.0,12.0,0.725925925925926,0.706
8.0,0.33333334,17.0,20.0,0.725925925925926,0.706
8.0,0.33333334,17.0,32.0,0.725925925925926,0.706
8.0,0.33333334,17.0,50.0,0.7252525252525253,0.706
8.0,0.33333334,17.0,80.0,0.7151515151515151,0.706
8.0,0.33333334,17.0,128.0,0.7057239057239058,0.704
8.0,0.33333334,20.0,2.0,0.7185185185185186,0.708
8.0,0.33333334,20.0,3.0,0.7185185185185186,0.708
8.0,0.33333334,20.0,5.0,0.7185185185185186,0.708
8.0,0.33333334,20.0,8.0,0.7185185185185186,0.708
8.0,0.33333334,20.0,12.0,0.7185185185185186,0.708
8.0,0.33333334,20.0,20.0,0.7185185185185186,0.708
8.0,0.33333334,20.0,32.0,0.7185185185185186,0.708
8.0,0.33333334,20.0,50.0,0.7171717171717172,0.706
8.0,0.33333334,20.0,80.0,0.7084175084175085,0.706
8.0,0.33333334,20.0,128.0,0.7050505050505051,0.702
8.0,0.44444445,1.0,2.0,0.8437710437710437,0.742
8.0,0.44444445,1.0,3.0,0.8410774410774412,0.746
8.0,0.44444445,1.0,5.0,0.835016835016835,0.746
8.0,0.44444445,1.0,8.0,0.8296296296296296,0.744
8.0,0.44444445,1.0,12.0,0.8195286195286196,0.748
8.0,0.44444445,1.0,20.0,0.806060606060606,0.74
8.0,0.44444445,1.0,32.0,0.7845117845117845,0.74
8.0,0.44444445,1.0,50.0,0.7717171717171717,0.732
8.0,0.44444445,1.0,80.0,0.7508417508417509,0.72
8.0,0.44444445,1.0,128.0,0.734006734006734,0.708
8.0,0.44444445,3.0,2.0,0.8181818181818181,0.746
8.0,0.44444445,3.0,3.0,0.8181818181818181,0.746
8.0,0.44444445,3.0,5.0,0.8181818181818181,0.746
8.0,0.44444445,3.0,8.0,0.8154882154882156,0.738
8.0,0.44444445,3.0,12.0,0.8074074074074075,0.736
8.0,0.44444445,3.0,20.0,0.793939393939394,0.738
8.0,0.44444445,3.0,32.0,0.7831649831649832,0.734
8.0,0.44444445,3.0,50.0,0.7676767676767676,0.73
8.0,0.44444445,3.0,80.0,0.7508417508417509,0.716
8.0,0.44444445,3.0,128.0,0.7326599326599327,0.71
8.0,0.44444445,5.0,2.0,0.793939393939394,0.74
8.0,0.44444445,5.0,3.0,0.793939393939394,0.74
8.0,0.44444445,5.0,5.0,0.793939393939394,0.74
8.0,0.44444445,5.0,8.0,0.793939393939394,0.74
8.0,0.44444445,5.0,12.0,0.7973063973063973,0.744
8.0,0.44444445,5.0,20.0,0.7865319865319865,0.742
8.0,0.44444445,5.0,32.0,0.7771043771043771,0.736
8.0,0.44444445,5.0,50.0,0.7636363636363637,0.73
8.0,0.44444445,5.0,80.0,0.7461279461279461,0.718
8.0,0.44444445,5.0,128.0,0.731986531986532,0.708
8.0,0.44444445,7.0,2.0,0.7797979797979797,0.736
8.0,0.44444445,7.0,3.0,0.7797979797979797,0.736
8.0,0.44444445,7.0,5.0,0.7797979797979797,0.736
8.0,0.44444445,7.0,8.0,0.7797979797979797,0.736
8.0,0.44444445,7.0,12.0,0.7797979797979797,0.736
8.0,0.44444445,7.0,20.0,0.7804713804713804,0.734
8.0,0.44444445,7.0,32.0,0.7683501683501683,0.73
8.0,0.44444445,7.0,50.0,0.7609427609427609,0.732
8.0,0.44444445,7.0,80.0,0.7468013468013468,0.714
8.0,0.44444445,7.0,128.0,0.7299663299663299,0.708
8.0,0.44444445,9.0,2.0,0.7723905723905723,0.734
8.0,0.44444445,9.0,3.0,0.7723905723905723,0.734
8.0,0.44444445,9.0,5.0,0.7723905723905723,0.734
8.0,0.44444445,9.0,8.0,0.7723905723905723,0.734
8.0,0.44444445,9.0,12.0,0.7723905723905723,0.734
8.0,0.44444445,9.0,20.0,0.7723905723905724,0.73
8.0,0.44444445,9.0,32.0,0.7663299663299663,0.73
8.0,0.44444445,9.0,50.0,0.756902356902357,0.724
8.0,0.44444445,9.0,80.0,0.7441077441077442,0.716
8.0,0.44444445,9.0,128.0,0.7279461279461279,0.706
8.0,0.44444445,11.0,2.0,0.7683501683501683,0.724
8.0,0.44444445,11.0,3.0,0.7683501683501683,0.724
8.0,0.44444445,11.0,5.0,0.7683501683501683,0.724
8.0,0.44444445,11.0,8.0,0.7683501683501683,0.724
8.0,0.44444445,11.0,12.0,0.7683501683501683,0.724
8.0,0.44444445,11.0,20.0,0.7683501683501683,0.724
8.0,0.44444445,11.0,32.0,0.762962962962963,0.72
8.0,0.44444445,11.0,50.0,0.7528619528619529,0.726
8.0,0.44444445,11.0,80.0,0.7427609427609427,0.714
8.0,0.44444445,11.0,128.0,0.7272727272727273,0.702
8.0,0.44444445,13.0,2.0,0.7595959595959596,0.72
8.0,0.44444445,13.0,3.0,0.7595959595959596,0.72
8.0,0.44444445,13.0,5.0,0.7595959595959596,0.72
8.0,0.44444445,13.0,8.0,0.7595959595959596,0.72
8.0,0.44444445,13.0,12.0,0.7595959595959596,0.72
8.0,0.44444445,13.0,20.0,0.7595959595959596,0.72
8.0,0.44444445,13.0,32.0,0.756902356902357,0.722
8.0,0.44444445,13.0,50.0,0.7461279461279461,0.724
8.0,0.44444445,13.0,80.0,0.7407407407407407,0.712
8.0,0.44444445,13.0,128.0,0.7225589225589226,0.702
8.0,0.44444445,15.0,2.0,0.7521885521885522,0.72
8.0,0.44444445,15.0,3.0,0.7521885521885522,0.72
8.0,0.44444445,15.0,5.0,0.7521885521885522,0.72
8.0,0.44444445,15.0,8.0,0.7521885521885522,0.72
8.0,0.44444445,15.0,12.0,0.7521885521885522,0.72
8.0,0.44444445,15.0,20.0,0.7521885521885522,0.72
8.0,0.44444445,15.0,32.0,0.7528619528619529,0.72
8.0,0.44444445,15.0,50.0,0.7454545454545455,0.722
8.0,0.44444445,15.0,80.0,0.736026936026936,0.712
8.0,0.44444445,15.0,128.0,0.7212121212121213,0.704
8.0,0.44444445,17.0,2.0,0.7488215488215488,0.722
8.0,0.44444445,17.0,3.0,0.7488215488215488,0.722
8.0,0.44444445,17.0,5.0,0.7488215488215488,0.722
8.0,0.44444445,17.0,8.0,0.7488215488215488,0.722
8.0,0.44444445,17.0,12.0,0.7488215488215488,0.722
8.0,0.44444445,17.0,20.0,0.7488215488215488,0.722
8.0,0.44444445,17.0,32.0,0.7488215488215488,0.722
8.0,0.44444445,17.0,50.0,0.7427609427609427,0.716
8.0,0.44444445,17.0,80.0,0.7306397306397306,0.704
8.0,0.44444445,17.0,128.0,0.7185185185185186,0.704
8.0,0.44444445,20.0,2.0,0.7393939393939395,0.71
8.0,0.44444445,20.0,3.0,0.7393939393939395,0.71
8.0,0.44444445,20.0,5.0,0.7393939393939395,0.71
8.0,0.44444445,20.0,8.0,0.7393939393939395,0.71
8.0,0.44444445,20.0,12.0,0.7393939393939395,0.71
8.0,0.44444445,20.0,20.0,0.7393939393939395,0.71
8.0,0.44444445,20.0,32.0,0.7393939393939395,0.71
8.0,0.44444445,20.0,50.0,0.7380471380471381,0.712
8.0,0.44444445,20.0,80.0,0.7306397306397306,0.704
8.0,0.44444445,20.0,128.0,0.7151515151515151,0.704
8.0,0.5555556,1.0,2.0,0.8572390572390572,0.764
8.0,0.5555556,1.0,3.0,0.8531986531986531,0.774
8.0,0.5555556,1.0,5.0,0.8430976430976431,0.764
8.0,0.5555556,1.0,8.0,0.8377104377104377,0.76
8.0,0.5555556,1.0,12.0,0.8323232323232324,0.77
8.0,0.5555556,1.0,20.0,0.8188552188552188,0.764
8.0,0.5555556,1.0,32.0,0.8013468013468014,0.748
8.0,0.5555556,1.0,50.0,0.7851851851851851,0.738
8.0,0.5555556,1.0,80.0,0.7696969696969698,0.726
8.0,0.5555556,1.0,128.0,0.7461279461279462,0.726
8.0,0.5555556,3.0,2.0,0.8316498316498316,0.77
8.0,0.5555556,3.0,3.0,0.8316498316498316,0.77
8.0,0.5555556,3.0,5.0,0.8316498316498316,0.77
8.0,0.5555556,3.0,8.0,0.8309764309764309,0.774
8.0,0.5555556,3.0,12.0,0.8249158249158249,0.764
8.0,0.5555556,3.0,20.0,0.8134680134680135,0.758
8.0,0.5555556,3.0,32.0,0.797979797979798,0.742
8.0,0.5555556,3.0,50.0,0.7824915824915826,0.736
8.0,0.5555556,3.0,80.0,0.769023569023569,0.728
8.0,0.5555556,3.0,128.0,0.7441077441077442,0.726
8.0,0.5555556,5.0,2.0,0.8181818181818181,0.772
8.0,0.5555556,5.0,3.0,0.8181818181818181,0.772
8.0,0.5555556,5.0,5.0,0.8181818181818181,0.772
8.0,0.5555556,5.0,8.0,0.8181818181818181,0.772
8.0,0.5555556,5.0,12.0,0.8148148148148149,0.766
8.0,0.5555556,5.0,20.0,0.806060606060606,0.754
8.0,0.5555556,5.0,32.0,0.7966329966329966,0.744
8.0,0.5555556,5.0,50.0,0.7791245791245791,0.734
8.0,0.5555556,5.0,80.0,0.764983164983165,0.726
8.0,0.5555556,5.0,128.0,0.7441077441077442,0.724
8.0,0.5555556,7.0,2.0,0.8020202020202021,0.77
8.0,0.5555556,7.0,3.0,0.8020202020202021,0.77
8.0,0.5555556,7.0,5.0,0.8020202020202021,0.77
8.0,0.5555556,7.0,8.0,0.8020202020202021,0.77
8.0,0.5555556,7.0,12.0,0.8020202020202021,0.77
8.0,0.5555556,7.0,20.0,0.7986531986531986,0.754
8.0,0.5555556,7.0,32.0,0.7898989898989899,0.748
8.0,0.5555556,7.0,50.0,0.7764309764309765,0.73
8.0,0.5555556,7.0,80.0,0.7622895622895622,0.728
8.0,0.5555556,7.0,128.0,0.7427609427609427,0.722
8.0,0.5555556,9.0,2.0,0.7912457912457912,0.754
8.0,0.5555556,9.0,3.0,0.7912457912457912,0.754
8.0,0.5555556,9.0,5.0,0.7912457912457912,0.754
8.0,0.5555556,9.0,8.0,0.7912457912457912,0.754
8.0,0.5555556,9.0,12.0,0.7912457912457912,0.754
8.0,0.5555556,9.0,20.0,0.7925925925925925,0.754
8.0,0.5555556,9.0,32.0,0.7838383838383838,0.748
8.0,0.5555556,9.0,50.0,0.7717171717171717,0.734
8.0,0.5555556,9.0,80.0,0.7589225589225589,0.722
8.0,0.5555556,9.0,128.0,0.7414141414141414,0.72
8.0,0.5555556,11.0,2.0,0.7905723905723906,0.746
8.0,0.5555556,11.0,3.0,0.7905723905723906,0.746
8.0,0.5555556,11.0,5.0,0.7905723905723906,0.746
8.0,0.5555556,11.0,8.0,0.7905723905723906,0.746
8.0,0.5555556,11.0,12.0,0.7905723905723906,0.746
8.0,0.5555556,11.0,20.0,0.7905723905723906,0.746
8.0,0.5555556,11.0,32.0,0.7804713804713804,0.74
8.0,0.5555556,11.0,50.0,0.7676767676767676,0.738
8.0,0.5555556,11.0,80.0,0.756902356902357,0.724
8.0,0.5555556,11.0,128.0,0.7407407407407407,0.718
8.0,0.5555556,13.0,2.0,0.775084175084175,0.728
8.0,0.5555556,13.0,3.0,0.775084175084175,0.728
8.0,0.5555556,13.0,5.0,0.775084175084175,0.728
8.0,0.5555556,13.0,8.0,0.775084175084175,0.728
8.0,0.5555556,13.0,12.0,0.775084175084175,0.728
8.0,0.5555556,13.0,20.0,0.775084175084175,0.728
8.0,0.5555556,13.0,32.0,0.7737373737373737,0.73
8.0,0.5555556,13.0,50.0,0.7663299663299663,0.728
8.0,0.5555556,13.0,80.0,0.7548821548821548,0.72
8.0,0.5555556,13.0,128.0,0.7387205387205388,0.712
8.0,0.5555556,15.0,2.0,0.7696969696969698,0.728
8.0,0.5555556,15.0,3.0,0.7696969696969698,0.728
8.0,0.5555556,15.0,5.0,0.7696969696969698,0.728
8.0,0.5555556,15.0,8.0,0.7696969696969698,0.728
8.0,0.5555556,15.0,12.0,0.7696969696969698,0.728
8.0,0.5555556,15.0,20.0,0.7696969696969698,0.728
8.0,0.5555556,15.0,32.0,0.7703703703703704,0.732
8.0,0.5555556,15.0,50.0,0.760942760942761,0.718
8.0,0.5555556,15.0,80.0,0.7521885521885522,0.718
8.0,0.5555556,15.0,128.0,0.7387205387205388,0.712
8.0,0.5555556,17.0,2.0,0.7663299663299663,0.72
8.0,0.5555556,17.0,3.0,0.7663299663299663,0.72
8.0,0.5555556,17.0,5.0,0.7663299663299663,0.72
8.0,0.5555556,17.0,8.0,0.7663299663299663,0.72
8.0,0.5555556,17.0,12.0,0.7663299663299663,0.72
8.0,0.5555556,17.0,20.0,0.7663299663299663,0.72
8.0,0.5555556,17.0,32.0,0.7663299663299663,0.72
8.0,0.5555556,17.0,50.0,0.7636363636363637,0.718
8.0,0.5555556,17.0,80.0,0.7494949494949494,0.718
8.0,0.5555556,17.0,128.0,0.736026936026936,0.712
8.0,0.5555556,20.0,2.0,0.7595959595959596,0.714
8.0,0.5555556,20.0,3.0,0.7595959595959596,0.714
8.0,0.5555556,20.0,5.0,0.7595959595959596,0.714
8.0,0.5555556,20.0,8.0,0.7595959595959596,0.714
8.0,0.5555556,20.0,12.0,0.7595959595959596,0.714
8.0,0.5555556,20.0,20.0,0.7595959595959596,0.714
8.0,0.5555556,20.0,32.0,0.7595959595959596,0.714
8.0,0.5555556,20.0,50.0,0.756902356902357,0.716
8.0,0.5555556,20.0,80.0,0.7461279461279461,0.722
8.0,0.5555556,20.0,128.0,0.731986531986532,0.71
8.0,0.6666667,1.0,2.0,0.8619528619528619,0.77
8.0,0.6666667,1.0,3.0,0.857912457912458,0.77
8.0,0.6666667,1.0,5.0,0.8552188552188552,0.768
8.0,0.6666667,1.0,8.0,0.8484848484848484,0.772
8.0,0.6666667,1.0,12.0,0.8424242424242424,0.768
8.0,0.6666667,1.0,20.0,0.8249158249158249,0.768
8.0,0.6666667,1.0,32.0,0.8107744107744107,0.772
8.0,0.6666667,1.0,50.0,0.793939393939394,0.756
8.0,0.6666667,1.0,80.0,0.771043771043771,0.74
8.0,0.6666667,1.0,128.0,0.7575757575757576,0.724
8.0,0.6666667,3.0,2.0,0.8383838383838385,0.772
8.0,0.6666667,3.0,3.0,0.8383838383838385,0.772
8.0,0.6666667,3.0,5.0,0.8383838383838385,0.772
8.0,0.6666667,3.0,8.0,0.8410774410774412,0.768
8.0,0.6666667,3.0,12.0,0.8303030303030303,0.782
8.0,0.6666667,3.0,20.0,0.8154882154882156,0.766
8.0,0.6666667,3.0,32.0,0.8047138047138047,0.78
8.0,0.6666667,3.0,50.0,0.7925925925925925,0.762
8.0,0.6666667,3.0,80.0,0.7757575757575758,0.736
8.0,0.6666667,3.0,128.0,0.756902356902357,0.724
8.0,0.6666667,5.0,2.0,0.8255892255892257,0.776
8.0,0.6666667,5.0,3.0,0.8255892255892257,0.776
8.0,0.6666667,5.0,5.0,0.8255892255892257,0.776
8.0,0.6666667,5.0,8.0,0.8255892255892257,0.776
8.0,0.6666667,5.0,12.0,0.8202020202020203,0.768
8.0,0.6666667,5.0,20.0,0.81010101010101,0.78
8.0,0.6666667,5.0,32.0,0.8013468013468014,0.772
8.0,0.6666667,5.0,50.0,0.7865319865319865,0.75
8.0,0.6666667,5.0,80.0,0.773063973063973,0.734
8.0,0.6666667,5.0,128.0,0.7575757575757576,0.724
8.0,0.6666667,7.0,2.0,0.8094276094276095,0.778
8.0,0.6666667,7.0,3.0,0.8094276094276095,0.778
8.0,0.6666667,7.0,5.0,0.8094276094276095,0.778
8.0,0.6666667,7.0,8.0,0.8094276094276095,0.778
8.0,0.6666667,7.0,12.0,0.8094276094276095,0.778
8.0,0.6666667,7.0,20.0,0.8067340067340067,0.778
8.0,0.6666667,7.0,32.0,0.793939393939394,0.766
8.0,0.6666667,7.0,50.0,0.7845117845117845,0.748
8.0,0.6666667,7.0,80.0,0.7683501683501683,0.732
8.0,0.6666667,7.0,128.0,0.7562289562289563,0.722
8.0,0.6666667,9.0,2.0,0.804040404040404,0.778
8.0,0.6666667,9.0,3.0,0.804040404040404,0.778
8.0,0.6666667,9.0,5.0,0.804040404040404,0.778
8.0,0.6666667,9.0,8.0,0.804040404040404,0.778
8.0,0.6666667,9.0,12.0,0.804040404040404,0.778
8.0,0.6666667,9.0,20.0,0.8020202020202021,0.78
8.0,0.6666667,9.0,32.0,0.7878787878787878,0.76
8.0,0.6666667,9.0,50.0,0.7811447811447811,0.748
8.0,0.6666667,9.0,80.0,0.7683501683501683,0.728
8.0,0.6666667,9.0,128.0,0.7528619528619529,0.72
8.0,0.6666667,11.0,2.0,0.7946127946127947,0.764
8.0,0.6666667,11.0,3.0,0.7946127946127947,0.764
8.0,0.6666667,11.0,5.0,0.7946127946127947,0.764
8.0,0.6666667,11.0,8.0,0.7946127946127947,0.764
8.0,0.6666667,11.0,12.0,0.7946127946127947,0.764
8.0,0.6666667,11.0,20.0,0.7946127946127947,0.764
8.0,0.6666667,11.0,32.0,0.7865319865319865,0.77
8.0,0.6666667,11.0,50.0,0.7777777777777778,0.74
8.0,0.6666667,11.0,80.0,0.7670033670033669,0.722
8.0,0.6666667,11.0,128.0,0.7528619528619529,0.722
8.0,0.6666667,13.0,2.0,0.7872053872053872,0.762
8.0,0.6666667,13.0,3.0,0.7872053872053872,0.762
8.0,0.6666667,13.0,5.0,0.7872053872053872,0.762
8.0,0.6666667,13.0,8.0,0.7872053872053872,0.762
8.0,0.6666667,13.0,12.0,0.7872053872053872,0.762
8.0,0.6666667,13.0,20.0,0.7872053872053872,0.762
8.0,0.6666667,13.0,32.0,0.7845117845117845,0.758
8.0,0.6666667,13.0,50.0,0.7764309764309764,0.73
8.0,0.6666667,13.0,80.0,0.764983164983165,0.724
8.0,0.6666667,13.0,128.0,0.7521885521885522,0.72
8.0,0.6666667,15.0,2.0,0.7797979797979797,0.756
8.0,0.6666667,15.0,3.0,0.7797979797979797,0.756
8.0,0.6666667,15.0,5.0,0.7797979797979797,0.756
8.0,0.6666667,15.0,8.0,0.7797979797979797,0.756
8.0,0.6666667,15.0,12.0,0.7797979797979797,0.756
8.0,0.6666667,15.0,20.0,0.7797979797979797,0.756
8.0,0.6666667,15.0,32.0,0.7777777777777778,0.752
8.0,0.6666667,15.0,50.0,0.771043771043771,0.742
8.0,0.6666667,15.0,80.0,0.7602693602693603,0.724
8.0,0.6666667,15.0,128.0,0.7501683501683502,0.714
8.0,0.6666667,17.0,2.0,0.771043771043771,0.75
8.0,0.6666667,17.0,3.0,0.771043771043771,0.75
8.0,0.6666667,17.0,5.0,0.771043771043771,0.75
8.0,0.6666667,17.0,8.0,0.771043771043771,0.75
8.0,0.6666667,17.0,12.0,0.771043771043771,0.75
8.0,0.6666667,17.0,20.0,0.771043771043771,0.75
8.0,0.6666667,17.0,32.0,0.771043771043771,0.75
8.0,0.6666667,17.0,50.0,0.7683501683501683,0.73
8.0,0.6666667,17.0,80.0,0.7602693602693603,0.724
8.0,0.6666667,17.0,128.0,0.7494949494949494,0.716
8.0,0.6666667,20.0,2.0,0.7663299663299663,0.738
8.0,0.6666667,20.0,3.0,0.7663299663299663,0.738
8.0,0.6666667,20.0,5.0,0.7663299663299663,0.738
8.0,0.6666667,20.0,8.0,0.7663299663299663,0.738
8.0,0.6666667,20.0,12.0,0.7663299663299663,0.738
8.0,0.6666667,20.0,20.0,0.7663299663299663,0.738
8.0,0.6666667,20.0,32.0,0.7663299663299663,0.738
8.0,0.6666667,20.0,50.0,0.7683501683501683,0.738
8.0,0.6666667,20.0,80.0,0.7582491582491583,0.714
8.0,0.6666667,20.0,128.0,0.7461279461279461,0.72
8.0,0.7777778,1.0,2.0,0.8686868686868687,0.768
8.0,0.7777778,1.0,3.0,0.8666666666666666,0.76
8.0,0.7777778,1.0,5.0,0.8599326599326599,0.758
8.0,0.7777778,1.0,8.0,0.8531986531986533,0.758
8.0,0.7777778,1.0,12.0,0.8471380471380471,0.764
8.0,0.7777778,1.0,20.0,0.8329966329966331,0.756
8.0,0.7777778,1.0,32.0,0.8148148148148149,0.768
8.0,0.7777778,1.0,50.0,0.7986531986531986,0.742
8.0,0.7777778,1.0,80.0,0.7838383838383838,0.74
8.0,0.7777778,1.0,128.0,0.7616161616161616,0.722
8.0,0.7777778,3.0,2.0,0.8444444444444444,0.766
8.0,0.7777778,3.0,3.0,0.8444444444444444,0.766
8.0,0.7777778,3.0,5.0,0.8444444444444444,0.766
8.0,0.7777778,3.0,8.0,0.8444444444444444,0.766
8.0,0.7777778,3.0,12.0,0.8377104377104377,0.766
8.0,0.7777778,3.0,20.0,0.8195286195286196,0.766
8.0,0.7777778,3.0,32.0,0.8087542087542087,0.756
8.0,0.7777778,3.0,50.0,0.7952861952861954,0.746
8.0,0.7777778,3.0,80.0,0.7818181818181819,0.742
8.0,0.7777778,3.0,128.0,0.7622895622895622,0.72
8.0,0.7777778,5.0,2.0,0.8336700336700338,0.76
8.0,0.7777778,5.0,3.0,0.8336700336700338,0.76
8.0,0.7777778,5.0,5.0,0.8336700336700338,0.76
8.0,0.7777778,5.0,8.0,0.8336700336700338,0.76
8.0,0.7777778,5.0,12.0,0.8262626262626263,0.762
8.0,0.7777778,5.0,20.0,0.8161616161616161,0.764
8.0,0.7777778,5.0,32.0,0.804040404040404,0.768
8.0,0.7777778,5.0,50.0,0.7885521885521886,0.754
8.0,0.7777778,5.0,80.0,0.7784511784511785,0.748
8.0,0.7777778,5.0,128.0,0.7616161616161616,0.724
8.0,0.7777778,7.0,2.0,0.8175084175084175,0.764
8.0,0.7777778,7.0,3.0,0.8175084175084175,0.764
8.0,0.7777778,7.0,5.0,0.8175084175084175,0.764
8.0,0.7777778,7.0,8.0,0.8175084175084175,0.764
8.0,0.7777778,7.0,12.0,0.8175084175084175,0.764
8.0,0.7777778,7.0,20.0,0.8154882154882156,0.768
8.0,0.7777778,7.0,32.0,0.7973063973063973,0.768
8.0,0.7777778,7.0,50.0,0.7865319865319865,0.762
8.0,0.7777778,7.0,80.0,0.7764309764309764,0.74
8.0,0.7777778,7.0,128.0,0.7575757575757576,0.724
8.0,0.7777778,9.0,2.0,0.8121212121212121,0.77
8.0,0.7777778,9.0,3.0,0.8121212121212121,0.77
8.0,0.7777778,9.0,5.0,0.8121212121212121,0.77
8.0,0.7777778,9.0,8.0,0.8121212121212121,0.77
8.0,0.7777778,9.0,12.0,0.8121212121212121,0.77
8.0,0.7777778,9.0,20.0,0.8114478114478114,0.764
8.0,0.7777778,9.0,32.0,0.7966329966329966,0.77
8.0,0.7777778,9.0,50.0,0.7858585858585858,0.748
8.0,0.7777778,9.0,80.0,0.775084175084175,0.744
8.0,0.7777778,9.0,128.0,0.7589225589225589,0.724
8.0,0.7777778,11.0,2.0,0.8033670033670035,0.758
8.0,0.7777778,11.0,3.0,0.8033670033670035,0.758
8.0,0.7777778,11.0,5.0,0.8033670033670035,0.758
8.0,0.7777778,11.0,8.0,0.8033670033670035,0.758
8.0,0.7777778,11.0,12.0,0.8033670033670035,0.758
8.0,0.7777778,11.0,20.0,0.8033670033670035,0.758
8.0,0.7777778,11.0,32.0,0.7932659932659932,0.762
8.0,0.7777778,11.0,50.0,0.7845117845117845,0.746
8.0,0.7777778,11.0,80.0,0.7757575757575758,0.734
8.0,0.7777778,11.0,128.0,0.756902356902357,0.724
8.0,0.7777778,13.0,2.0,0.7946127946127947,0.756
8.0,0.7777778,13.0,3.0,0.7946127946127947,0.756
8.0,0.7777778,13.0,5.0,0.7946127946127947,0.756
8.0,0.7777778,13.0,8.0,0.7946127946127947,0.756
8.0,0.7777778,13.0,12.0,0.7946127946127947,0.756
8.0,0.7777778,13.0,20.0,0.7946127946127947,0.756
8.0,0.7777778,13.0,32.0,0.7912457912457913,0.756
8.0,0.7777778,13.0,50.0,0.7845117845117845,0.74
8.0,0.7777778,13.0,80.0,0.775084175084175,0.736
8.0,0.7777778,13.0,128.0,0.7535353535353535,0.724
8.0,0.7777778,15.0,2.0,0.7865319865319865,0.752
8.0,0.7777778,15.0,3.0,0.7865319865319865,0.752
8.0,0.7777778,15.0,5.0,0.7865319865319865,0.752
8.0,0.7777778,15.0,8.0,0.7865319865319865,0.752
8.0,0.7777778,15.0,12.0,0.7865319865319865,0.752
8.0,0.7777778,15.0,20.0,0.7865319865319865,0.752
8.0,0.7777778,15.0,32.0,0.7851851851851852,0.748
8.0,0.7777778,15.0,50.0,0.7791245791245791,0.746
8.0,0.7777778,15.0,80.0,0.7730639730639731,0.728
8.0,0.7777778,15.0,128.0,0.7562289562289563,0.72
8.0,0.7777778,17.0,2.0,0.7831649831649832,0.752
8.0,0.7777778,17.0,3.0,0.7831649831649832,0.752
8.0,0.7777778,17.0,5.0,0.7831649831649832,0.752
8.0,0.7777778,17.0,8.0,0.7831649831649832,0.752
8.0,0.7777778,17.0,12.0,0.7831649831649832,0.752
8.0,0.7777778,17.0,20.0,0.7831649831649832,0.752
8.0,0.7777778,17.0,32.0,0.7831649831649832,0.752
8.0,0.7777778,17.0,50.0,0.7764309764309765,0.742
8.0,0.7777778,17.0,80.0,0.7663299663299663,0.73
8.0,0.7777778,17.0,128.0,0.7535353535353535,0.72
8.0,0.7777778,20.0,2.0,0.7764309764309765,0.736
8.0,0.7777778,20.0,3.0,0.7764309764309765,0.736
8.0,0.7777778,20.0,5.0,0.7764309764309765,0.736
8.0,0.7777778,20.0,8.0,0.7764309764309765,0.736
8.0,0.7777778,20.0,12.0,0.7764309764309765,0.736
8.0,0.7777778,20.0,20.0,0.7764309764309765,0.736
8.0,0.7777778,20.0,32.0,0.7764309764309765,0.736
8.0,0.7777778,20.0,50.0,0.7757575757575758,0.742
8.0,0.7777778,20.0,80.0,0.7595959595959596,0.732
8.0,0.7777778,20.0,128.0,0.7521885521885522,0.716
8.0,0.8888889,1.0,2.0,0.8646464646464647,0.748
8.0,0.8888889,1.0,3.0,0.8632996632996633,0.752
8.0,0.8888889,1.0,5.0,0.8612794612794612,0.756
8.0,0.8888889,1.0,8.0,0.8558922558922559,0.754
8.0,0.8888889,1.0,12.0,0.8471380471380471,0.756
8.0,0.8888889,1.0,20.0,0.8296296296296296,0.758
8.0,0.8888889,1.0,32.0,0.8168350168350168,0.748
8.0,0.8888889,1.0,50.0,0.8,0.742
8.0,0.8888889,1.0,80.0,0.7811447811447811,0.728
8.0,0.8888889,1.0,128.0,0.7663299663299663,0.714
8.0,0.8888889,3.0,2.0,0.8471380471380471,0.758
8.0,0.8888889,3.0,3.0,0.8471380471380471,0.758
8.0,0.8888889,3.0,5.0,0.8471380471380471,0.758
8.0,0.8888889,3.0,8.0,0.8383838383838385,0.758
8.0,0.8888889,3.0,12.0,0.835016835016835,0.76
8.0,0.8888889,3.0,20.0,0.8242424242424242,0.756
8.0,0.8888889,3.0,32.0,0.8114478114478114,0.758
8.0,0.8888889,3.0,50.0,0.797979797979798,0.74
8.0,0.8888889,3.0,80.0,0.7818181818181819,0.73
8.0,0.8888889,3.0,128.0,0.7622895622895622,0.716
8.0,0.8888889,5.0,2.0,0.835016835016835,0.748
8.0,0.8888889,5.0,3.0,0.835016835016835,0.748
8.0,0.8888889,5.0,5.0,0.835016835016835,0.748
8.0,0.8888889,5.0,8.0,0.835016835016835,0.748
8.0,0.8888889,5.0,12.0,0.8363636363636363,0.754
8.0,0.8888889,5.0,20.0,0.8222222222222222,0.754
8.0,0.8888889,5.0,32.0,0.8087542087542087,0.766
8.0,0.8888889,5.0,50.0,0.7993265993265993,0.744
8.0,0.8888889,5.0,80.0,0.775084175084175,0.728
8.0,0.8888889,5.0,128.0,0.762962962962963,0.716
8.0,0.8888889,7.0,2.0,0.8249158249158249,0.746
8.0,0.8888889,7.0,3.0,0.8249158249158249,0.746
8.0,0.8888889,7.0,5.0,0.8249158249158249,0.746
8.0,0.8888889,7.0,8.0,0.8249158249158249,0.746
8.0,0.8888889,7.0,12.0,0.8249158249158249,0.746
8.0,0.8888889,7.0,20.0,0.8228956228956228,0.748
8.0,0.8888889,7.0,32.0,0.8114478114478114,0.758
8.0,0.8888889,7.0,50.0,0.7966329966329966,0.74
8.0,0.8888889,7.0,80.0,0.7764309764309765,0.728
8.0,0.8888889,7.0,128.0,0.7609427609427609,0.72
8.0,0.8888889,9.0,2.0,0.8188552188552188,0.748
8.0,0.8888889,9.0,3.0,0.8188552188552188,0.748
8.0,0.8888889,9.0,5.0,0.8188552188552188,0.748
8.0,0.8888889,9.0,8.0,0.8188552188552188,0.748
8.0,0.8888889,9.0,12.0,0.8188552188552188,0.748
8.0,0.8888889,9.0,20.0,0.8215488215488215,0.752
8.0,0.8888889,9.0,32.0,0.8094276094276094,0.758
8.0,0.8888889,9.0,50.0,0.7946127946127947,0.738
8.0,0.8888889,9.0,80.0,0.7771043771043771,0.726
8.0,0.8888889,9.0,128.0,0.7589225589225589,0.72
8.0,0.8888889,11.0,2.0,0.8114478114478114,0.75
8.0,0.8888889,11.0,3.0,0.8114478114478114,0.75
8.0,0.8888889,11.0,5.0,0.8114478114478114,0.75
8.0,0.8888889,11.0,8.0,0.8114478114478114,0.75
8.0,0.8888889,11.0,12.0,0.8114478114478114,0.75
8.0,0.8888889,11.0,20.0,0.8114478114478114,0.75
8.0,0.8888889,11.0,32.0,0.8033670033670033,0.758
8.0,0.8888889,11.0,50.0,0.7925925925925925,0.746
8.0,0.8888889,11.0,80.0,0.7757575757575758,0.73
8.0,0.8888889,11.0,128.0,0.7582491582491583,0.716
8.0,0.8888889,13.0,2.0,0.8033670033670033,0.756
8.0,0.8888889,13.0,3.0,0.8033670033670033,0.756
8.0,0.8888889,13.0,5.0,0.8033670033670033,0.756
8.0,0.8888889,13.0,8.0,0.8033670033670033,0.756
8.0,0.8888889,13.0,12.0,0.8033670033670033,0.756
8.0,0.8888889,13.0,20.0,0.8033670033670033,0.756
8.0,0.8888889,13.0,32.0,0.8,0.754
8.0,0.8888889,13.0,50.0,0.7865319865319865,0.744
8.0,0.8888889,13.0,80.0,0.7723905723905724,0.728
8.0,0.8888889,13.0,128.0,0.7582491582491583,0.714
8.0,0.8888889,15.0,2.0,0.7925925925925925,0.752
8.0,0.8888889,15.0,3.0,0.7925925925925925,0.752
8.0,0.8888889,15.0,5.0,0.7925925925925925,0.752
8.0,0.8888889,15.0,8.0,0.7925925925925925,0.752
8.0,0.8888889,15.0,12.0,0.7925925925925925,0.752
8.0,0.8888889,15.0,20.0,0.7925925925925925,0.752
8.0,0.8888889,15.0,32.0,0.7932659932659932,0.75
8.0,0.8888889,15.0,50.0,0.7818181818181819,0.746
8.0,0.8888889,15.0,80.0,0.771043771043771,0.726
8.0,0.8888889,15.0,128.0,0.7575757575757576,0.702
8.0,0.8888889,17.0,2.0,0.7872053872053872,0.74
8.0,0.8888889,17.0,3.0,0.7872053872053872,0.74
8.0,0.8888889,17.0,5.0,0.7872053872053872,0.74
8.0,0.8888889,17.0,8.0,0.7872053872053872,0.74
8.0,0.8888889,17.0,12.0,0.7872053872053872,0.74
8.0,0.8888889,17.0,20.0,0.7872053872053872,0.74
8.0,0.8888889,17.0,32.0,0.7872053872053872,0.74
8.0,0.8888889,17.0,50.0,0.7804713804713804,0.744
8.0,0.8888889,17.0,80.0,0.7616161616161616,0.724
8.0,0.8888889,17.0,128.0,0.7555555555555555,0.708
8.0,0.8888889,20.0,2.0,0.7824915824915826,0.736
8.0,0.8888889,20.0,3.0,0.7824915824915826,0.736
8.0,0.8888889,20.0,5.0,0.7824915824915826,0.736
8.0,0.8888889,20.0,8.0,0.7824915824915826,0.736
8.0,0.8888889,20.0,12.0,0.7824915824915826,0.736
8.0,0.8888889,20.0,20.0,0.7824915824915826,0.736
8.0,0.8888889,20.0,32.0,0.7824915824915826,0.736
8.0,0.8888889,20.0,50.0,0.7757575757575758,0.746
8.0,0.8888889,20.0,80.0,0.7643097643097643,0.732
8.0,0.8888889,20.0,128.0,0.7555555555555555,0.71
8.0,1.0,1.0,2.0,0.8646464646464647,0.742
8.0,1.0,1.0,3.0,0.8619528619528619,0.744
8.0,1.0,1.0,5.0,0.8572390572390572,0.746
8.0,1.0,1.0,8.0,0.8491582491582491,0.748
8.0,1.0,1.0,12.0,0.8437710437710437,0.746
8.0,1.0,1.0,20.0,0.8323232323232324,0.74
8.0,1.0,1.0,32.0,0.8168350168350168,0.734
8.0,1.0,1.0,50.0,0.8033670033670035,0.728
8.0,1.0,1.0,80.0,0.7811447811447811,0.708
8.0,1.0,1.0,128.0,0.7616161616161616,0.704
8.0,1.0,3.0,2.0,0.8410774410774412,0.748
8.0,1.0,3.0,3.0,0.8410774410774412,0.748
8.0,1.0,3.0,5.0,0.8410774410774412,0.748
8.0,1.0,3.0,8.0,0.8397306397306398,0.746
8.0,1.0,3.0,12.0,0.8296296296296296,0.75
8.0,1.0,3.0,20.0,0.8242424242424242,0.748
8.0,1.0,3.0,32.0,0.8107744107744107,0.746
8.0,1.0,3.0,50.0,0.7952861952861954,0.73
8.0,1.0,3.0,80.0,0.7764309764309765,0.71
8.0,1.0,3.0,128.0,0.7589225589225589,0.704
8.0,1.0,5.0,2.0,0.8309764309764309,0.742
8.0,1.0,5.0,3.0,0.8309764309764309,0.742
8.0,1.0,5.0,5.0,0.8309764309764309,0.742
8.0,1.0,5.0,8.0,0.8309764309764309,0.742
8.0,1.0,5.0,12.0,0.8276094276094277,0.746
8.0,1.0,5.0,20.0,0.8154882154882156,0.746
8.0,1.0,5.0,32.0,0.8047138047138047,0.738
8.0,1.0,5.0,50.0,0.793939393939394,0.732
8.0,1.0,5.0,80.0,0.7723905723905724,0.722
8.0,1.0,5.0,128.0,0.756902356902357,0.706
8.0,1.0,7.0,2.0,0.8175084175084175,0.748
8.0,1.0,7.0,3.0,0.8175084175084175,0.748
8.0,1.0,7.0,5.0,0.8175084175084175,0.748
8.0,1.0,7.0,8.0,0.8175084175084175,0.748
8.0,1.0,7.0,12.0,0.8175084175084175,0.748
8.0,1.0,7.0,20.0,0.8114478114478114,0.746
8.0,1.0,7.0,32.0,0.804040404040404,0.74
8.0,1.0,7.0,50.0,0.7905723905723906,0.728
8.0,1.0,7.0,80.0,0.7723905723905724,0.718
8.0,1.0,7.0,128.0,0.7548821548821548,0.708
8.0,1.0,9.0,2.0,0.8141414141414142,0.746
8.0,1.0,9.0,3.0,0.8141414141414142,0.746
8.0,1.0,9.0,5.0,0.8141414141414142,0.746
8.0,1.0,9.0,8.0,0.8141414141414142,0.746
8.0,1.0,9.0,12.0,0.8141414141414142,0.746
8.0,1.0,9.0,20.0,0.8107744107744107,0.746
8.0,1.0,9.0,32.0,0.7993265993265993,0.746
8.0,1.0,9.0,50.0,0.7851851851851851,0.732
8.0,1.0,9.0,80.0,0.7676767676767676,0.722
8.0,1.0,9.0,128.0,0.7508417508417509,0.708
8.0,1.0,11.0,2.0,0.8087542087542088,0.746
8.0,1.0,11.0,3.0,0.8087542087542088,0.746
8.0,1.0,11.0,5.0,0.8087542087542088,0.746
8.0,1.0,11.0,8.0,0.8087542087542088,0.746
8.0,1.0,11.0,12.0,0.8087542087542088,0.746
8.0,1.0,11.0,20.0,0.8087542087542088,0.746
8.0,1.0,11.0,32.0,0.8013468013468014,0.74
8.0,1.0,11.0,50.0,0.7858585858585858,0.736
8.0,1.0,11.0,80.0,0.769023569023569,0.72
8.0,1.0,11.0,128.0,0.7515151515151516,0.702
8.0,1.0,13.0,2.0,0.8,0.744
8.0,1.0,13.0,3.0,0.8,0.744
8.0,1.0,13.0,5.0,0.8,0.744
8.0,1.0,13.0,8.0,0.8,0.744
8.0,1.0,13.0,12.0,0.8,0.744
8.0,1.0,13.0,20.0,0.8,0.744
8.0,1.0,13.0,32.0,0.797979797979798,0.744
8.0,1.0,13.0,50.0,0.7838383838383838,0.738
8.0,1.0,13.0,80.0,0.7636363636363637,0.718
8.0,1.0,13.0,128.0,0.7481481481481482,0.7
8.0,1.0,15.0,2.0,0.7919191919191919,0.742
8.0,1.0,15.0,3.0,0.7919191919191919,0.742
8.0,1.0,15.0,5.0,0.7919191919191919,0.742
8.0,1.0,15.0,8.0,0.7919191919191919,0.742
8.0,1.0,15.0,12.0,0.7919191919191919,0.742
8.0,1.0,15.0,20.0,0.7919191919191919,0.742
8.0,1.0,15.0,32.0,0.7932659932659932,0.742
8.0,1.0,15.0,50.0,0.7804713804713804,0.736
8.0,1.0,15.0,80.0,0.7622895622895622,0.714
8.0,1.0,15.0,128.0,0.7461279461279461,0.704
8.0,1.0,17.0,2.0,0.7858585858585858,0.742
8.0,1.0,17.0,3.0,0.7858585858585858,0.742
8.0,1.0,17.0,5.0,0.7858585858585858,0.742
8.0,1.0,17.0,8.0,0.7858585858585858,0.742
8.0,1.0,17.0,12.0,0.7858585858585858,0.742
8.0,1.0,17.0,20.0,0.7858585858585858,0.742
8.0,1.0,17.0,32.0,0.7858585858585858,0.742
8.0,1.0,17.0,50.0,0.7777777777777778,0.736
8.0,1.0,17.0,80.0,0.7595959595959596,0.71
8.0,1.0,17.0,128.0,0.7454545454545455,0.702
8.0,1.0,20.0,2.0,0.7811447811447811,0.742
8.0,1.0,20.0,3.0,0.7811447811447811,0.742
8.0,1.0,20.0,5.0,0.7811447811447811,0.742
8.0,1.0,20.0,8.0,0.7811447811447811,0.742
8.0,1.0,20.0,12.0,0.7811447811447811,0.742
8.0,1.0,20.0,20.0,0.7811447811447811,0.742
8.0,1.0,20.0,32.0,0.7811447811447811,0.742
8.0,1.0,20.0,50.0,0.7764309764309765,0.738
8.0,1.0,20.0,80.0,0.7589225589225589,0.714
8.0,1.0,20.0,128.0,0.7468013468013468,0.704
13.0,0.0,1.0,2.0,0.8868686868686868,0.722
13.0,0.0,1.0,3.0,0.8835016835016836,0.718
13.0,0.0,1.0,5.0,0.8410774410774412,0.716
13.0,0.0,1.0,8.0,0.8074074074074075,0.71
13.0,0.0,1.0,12.0,0.7771043771043771,0.712
13.0,0.0,1.0,20.0,0.7441077441077442,0.704
13.0,0.0,1.0,32.0,0.7205387205387205,0.702
13.0,0.0,1.0,50.0,0.7077441077441078,0.7
13.0,0.0,1.0,80.0,0.7016835016835017,0.7
13.0,0.0,1.0,128.0,0.7003367003367004,0.7
13.0,0.0,3.0,2.0,0.736026936026936,0.702
13.0,0.0,3.0,3.0,0.736026936026936,0.702
13.0,0.0,3.0,5.0,0.736026936026936,0.702
13.0,0.0,3.0,8.0,0.7306397306397306,0.702
13.0,0.0,3.0,12.0,0.7218855218855219,0.7
13.0,0.0,3.0,20.0,0.7144781144781145,0.7
13.0,0.0,3.0,32.0,0.7077441077441078,0.7
13.0,0.0,3.0,50.0,0.7043771043771044,0.7
13.0,0.0,3.0,80.0,0.7010101010101011,0.7
13.0,0.0,3.0,128.0,0.7003367003367004,0.7
13.0,0.0,5.0,2.0,0.7063973063973064,0.7
13.0,0.0,5.0,3.0,0.7063973063973064,0.7
13.0,0.0,5.0,5.0,0.7063973063973064,0.7
13.0,0.0,5.0,8.0,0.7063973063973064,0.7
13.0,0.0,5.0,12.0,0.7063973063973064,0.7
13.0,0.0,5.0,20.0,0.7057239057239058,0.7
13.0,0.0,5.0,32.0,0.703030303030303,0.7
13.0,0.0,5.0,50.0,0.7023569023569024,0.7
13.0,0.0,5.0,80.0,0.7003367003367004,0.7
13.0,0.0,5.0,128.0,0.7003367003367004,0.7
13.0,0.0,7.0,2.0,0.7016835016835017,0.7
13.0,0.0,7.0,3.0,0.7016835016835017,0.7
13.0,0.0,7.0,5.0,0.7016835016835017,0.7
13.0,0.0,7.0,8.0,0.7016835016835017,0.7
13.0,0.0,7.0,12.0,0.7016835016835017,0.7
13.0,0.0,7.0,20.0,0.7016835016835017,0.7
13.0,0.0,7.0,32.0,0.7010101010101011,0.7
13.0,0.0,7.0,50.0,0.7010101010101011,0.7
13.0,0.0,7.0,80.0,0.7003367003367004,0.7
13.0,0.0,7.0,128.0,0.7003367003367004,0.7
13.0,0.0,9.0,2.0,0.7003367003367004,0.7
13.0,0.0,9.0,3.0,0.7003367003367004,0.7
13.0,0.0,9.0,5.0,0.7003367003367004,0.7
13.0,0.0,9.0,8.0,0.7003367003367004,0.7
13.0,0.0,9.0,12.0,0.7003367003367004,0.7
13.0,0.0,9.0,20.0,0.7003367003367004,0.7
13.0,0.0,9.0,32.0,0.7003367003367004,0.7
13.0,0.0,9.0,50.0,0.7003367003367004,0.7
13.0,0.0,9.0,80.0,0.7003367003367004,0.7
13.0,0.0,9.0,128.0,0.7003367003367004,0.7
13.0,0.0,11.0,2.0,0.7003367003367004,0.7
13.0,0.0,11.0,3.0,0.7003367003367004,0.7
13.0,0.0,11.0,5.0,0.7003367003367004,0.7
13.0,0.0,11.0,8.0,0.7003367003367004,0.7
13.0,0.0,11.0,12.0,0.7003367003367004,0.7
13.0,0.0,11.0,20.0,0.7003367003367004,0.7
13.0,0.0,11.0,32.0,0.7003367003367004,0.7
13.0,0.0,11.0,50.0,0.7003367003367004,0.7
13.0,0.0,11.0,80.0,0.7003367003367004,0.7
13.0,0.0,11.0,128.0,0.7003367003367004,0.7
13.0,0.0,13.0,2.0,0.7003367003367004,0.7
13.0,0.0,13.0,3.0,0.7003367003367004,0.7
13.0,0.0,13.0,5.0,0.7003367003367004,0.7
13.0,0.0,13.0,8.0,0.7003367003367004,0.7
13.0,0.0,13.0,12.0,0.7003367003367004,0.7
13.0,0.0,13.0,20.0,0.7003367003367004,0.7
13.0,0.0,13.0,32.0,0.7003367003367004,0.7
13.0,0.0,13.0,50.0,0.7003367003367004,0.7
13.0,0.0,13.0,80.0,0.7003367003367004,0.7
13.0,0.0,13.0,128.0,0.7003367003367004,0.7
13.0,0.0,15.0,2.0,0.7003367003367004,0.7
13.0,0.0,15.0,3.0,0.7003367003367004,0.7
13.0,0.0,15.0,5.0,0.7003367003367004,0.7
13.0,0.0,15.0,8.0,0.7003367003367004,0.7
13.0,0.0,15.0,12.0,0.7003367003367004,0.7
13.0,0.0,15.0,20.0,0.7003367003367004,0.7
13.0,0.0,15.0,32.0,0.7003367003367004,0.7
13.0,0.0,15.0,50.0,0.7003367003367004,0.7
13.0,0.0,15.0,80.0,0.7003367003367004,0.7
13.0,0.0,15.0,128.0,0.7003367003367004,0.7
13.0,0.0,17.0,2.0,0.7003367003367004,0.7
13.0,0.0,17.0,3.0,0.7003367003367004,0.7
13.0,0.0,17.0,5.0,0.7003367003367004,0.7
13.0,0.0,17.0,8.0,0.7003367003367004,0.7
13.0,0.0,17.0,12.0,0.7003367003367004,0.7
13.0,0.0,17.0,20.0,0.7003367003367004,0.7
13.0,0.0,17.0,32.0,0.7003367003367004,0.7
13.0,0.0,17.0,50.0,0.7003367003367004,0.7
13.0,0.0,17.0,80.0,0.7003367003367004,0.7
13.0,0.0,17.0,128.0,0.7003367003367004,0.7
13.0,0.0,20.0,2.0,0.7003367003367004,0.7
13.0,0.0,20.0,3.0,0.7003367003367004,0.7
13.0,0.0,20.0,5.0,0.7003367003367004,0.7
13.0,0.0,20.0,8.0,0.7003367003367004,0.7
13.0,0.0,20.0,12.0,0.7003367003367004,0.7
13.0,0.0,20.0,20.0,0.7003367003367004,0.7
13.0,0.0,20.0,32.0,0.7003367003367004,0.7
13.0,0.0,20.0,50.0,0.7003367003367004,0.7
13.0,0.0,20.0,80.0,0.7003367003367004,0.7
13.0,0.0,20.0,128.0,0.7003367003367004,0.7
13.0,0.11111111,1.0,2.0,0.8929292929292929,0.748
13.0,0.11111111,1.0,3.0,0.8841750841750841,0.74
13.0,0.11111111,1.0,5.0,0.8619528619528619,0.742
13.0,0.11111111,1.0,8.0,0.8356902356902356,0.732
13.0,0.11111111,1.0,12.0,0.8121212121212121,0.722
13.0,0.11111111,1.0,20.0,0.7784511784511785,0.718
13.0,0.11111111,1.0,32.0,0.7535353535353535,0.712
13.0,0.11111111,1.0,50.0,0.7326599326599327,0.71
13.0,0.11111111,1.0,80.0,0.7104377104377104,0.704
13.0,0.11111111,1.0,128.0,0.7037037037037037,0.7
13.0,0.11111111,3.0,2.0,0.7791245791245791,0.714
13.0,0.11111111,3.0,3.0,0.7791245791245791,0.714
13.0,0.11111111,3.0,5.0,0.7791245791245791,0.714
13.0,0.11111111,3.0,8.0,0.7764309764309765,0.71
13.0,0.11111111,3.0,12.0,0.7676767676767676,0.712
13.0,0.11111111,3.0,20.0,0.7521885521885522,0.712
13.0,0.11111111,3.0,32.0,0.736026936026936,0.712
13.0,0.11111111,3.0,50.0,0.7252525252525253,0.706
13.0,0.11111111,3.0,80.0,0.7077441077441078,0.702
13.0,0.11111111,3.0,128.0,0.703030303030303,0.7
13.0,0.11111111,5.0,2.0,0.7454545454545454,0.71
13.0,0.11111111,5.0,3.0,0.7454545454545454,0.71
13.0,0.11111111,5.0,5.0,0.7454545454545454,0.71
13.0,0.11111111,5.0,8.0,0.7454545454545454,0.71
13.0,0.11111111,5.0,12.0,0.7441077441077442,0.708
13.0,0.11111111,5.0,20.0,0.7373737373737373,0.706
13.0,0.11111111,5.0,32.0,0.7292929292929292,0.708
13.0,0.11111111,5.0,50.0,0.7178451178451178,0.704
13.0,0.11111111,5.0,80.0,0.7077441077441078,0.702
13.0,0.11111111,5.0,128.0,0.7023569023569024,0.7
13.0,0.11111111,7.0,2.0,0.725925925925926,0.704
13.0,0.11111111,7.0,3.0,0.725925925925926,0.704
13.0,0.11111111,7.0,5.0,0.725925925925926,0.704
13.0,0.11111111,7.0,8.0,0.725925925925926,0.704
13.0,0.11111111,7.0,12.0,0.725925925925926,0.704
13.0,0.11111111,7.0,20.0,0.7252525252525253,0.706
13.0,0.11111111,7.0,32.0,0.7212121212121213,0.704
13.0,0.11111111,7.0,50.0,0.711111111111111,0.702
13.0,0.11111111,7.0,80.0,0.7070707070707071,0.702
13.0,0.11111111,7.0,128.0,0.7016835016835017,0.7
13.0,0.11111111,9.0,2.0,0.7171717171717171,0.704
13.0,0.11111111,9.0,3.0,0.7171717171717171,0.704
13.0,0.11111111,9.0,5.0,0.7171717171717171,0.704
13.0,0.11111111,9.0,8.0,0.7171717171717171,0.704
13.0,0.11111111,9.0,12.0,0.7171717171717171,0.704
13.0,0.11111111,9.0,20.0,0.7158249158249158,0.702
13.0,0.11111111,9.0,32.0,0.7117845117845117,0.702
13.0,0.11111111,9.0,50.0,0.7077441077441078,0.702
13.0,0.11111111,9.0,80.0,0.7050505050505051,0.7
13.0,0.11111111,9.0,128.0,0.7016835016835017,0.7
13.0,0.11111111,11.0,2.0,0.7084175084175085,0.702
13.0,0.11111111,11.0,3.0,0.7084175084175085,0.702
13.0,0.11111111,11.0,5.0,0.7084175084175085,0.702
13.0,0.11111111,11.0,8.0,0.7084175084175085,0.702
13.0,0.11111111,11.0,12.0,0.7084175084175085,0.702
13.0,0.11111111,11.0,20.0,0.7084175084175085,0.702
13.0,0.11111111,11.0,32.0,0.7077441077441078,0.702
13.0,0.11111111,11.0,50.0,0.7050505050505051,0.702
13.0,0.11111111,11.0,80.0,0.7043771043771044,0.7
13.0,0.11111111,11.0,128.0,0.7010101010101011,0.7
13.0,0.11111111,13.0,2.0,0.7050505050505051,0.7
13.0,0.11111111,13.0,3.0,0.7050505050505051,0.7
13.0,0.11111111,13.0,5.0,0.7050505050505051,0.7
13.0,0.11111111,13.0,8.0,0.7050505050505051,0.7
13.0,0.11111111,13.0,12.0,0.7050505050505051,0.7
13.0,0.11111111,13.0,20.0,0.7050505050505051,0.7
13.0,0.11111111,13.0,32.0,0.7050505050505051,0.7
13.0,0.11111111,13.0,50.0,0.7050505050505051,0.7
13.0,0.11111111,13.0,80.0,0.703030303030303,0.7
13.0,0.11111111,13.0,128.0,0.7010101010101011,0.7
13.0,0.11111111,15.0,2.0,0.7050505050505051,0.7
13.0,0.11111111,15.0,3.0,0.7050505050505051,0.7
13.0,0.11111111,15.0,5.0,0.7050505050505051,0.7
13.0,0.11111111,15.0,8.0,0.7050505050505051,0.7
13.0,0.11111111,15.0,12.0,0.7050505050505051,0.7
13.0,0.11111111,15.0,20.0,0.7050505050505051,0.7
13.0,0.11111111,15.0,32.0,0.7050505050505051,0.7
13.0,0.11111111,15.0,50.0,0.7050505050505051,0.7
13.0,0.11111111,15.0,80.0,0.7016835016835017,0.7
13.0,0.11111111,15.0,128.0,0.7010101010101011,0.7
13.0,0.11111111,17.0,2.0,0.7023569023569024,0.7
13.0,0.11111111,17.0,3.0,0.7023569023569024,0.7
13.0,0.11111111,17.0,5.0,0.7023569023569024,0.7
13.0,0.11111111,17.0,8.0,0.7023569023569024,0.7
13.0,0.11111111,17.0,12.0,0.7023569023569024,0.7
13.0,0.11111111,17.0,20.0,0.7023569023569024,0.7
13.0,0.11111111,17.0,32.0,0.7023569023569024,0.7
13.0,0.11111111,17.0,50.0,0.7023569023569024,0.7
13.0,0.11111111,17.0,80.0,0.7010101010101011,0.7
13.0,0.11111111,17.0,128.0,0.7003367003367004,0.7
13.0,0.11111111,20.0,2.0,0.7003367003367004,0.7
13.0,0.11111111,20.0,3.0,0.7003367003367004,0.7
13.0,0.11111111,20.0,5.0,0.7003367003367004,0.7
13.0,0.11111111,20.0,8.0,0.7003367003367004,0.7
13.0,0.11111111,20.0,12.0,0.7003367003367004,0.7
13.0,0.11111111,20.0,20.0,0.7003367003367004,0.7
13.0,0.11111111,20.0,32.0,0.7003367003367004,0.7
13.0,0.11111111,20.0,50.0,0.7003367003367004,0.7
13.0,0.11111111,20.0,80.0,0.7003367003367004,0.7
13.0,0.11111111,20.0,128.0,0.7003367003367004,0.7
13.0,0.22222222,1.0,2.0,0.8929292929292929,0.748
13.0,0.22222222,1.0,3.0,0.8841750841750841,0.74
13.0,0.22222222,1.0,5.0,0.8619528619528619,0.742
13.0,0.22222222,1.0,8.0,0.8356902356902356,0.732
13.0,0.22222222,1.0,12.0,0.8121212121212121,0.722
13.0,0.22222222,1.0,20.0,0.7784511784511785,0.718
13.0,0.22222222,1.0,32.0,0.7535353535353535,0.712
13.0,0.22222222,1.0,50.0,0.7326599326599327,0.71
13.0,0.22222222,1.0,80.0,0.7104377104377104,0.704
13.0,0.22222222,1.0,128.0,0.7037037037037037,0.7
13.0,0.22222222,3.0,2.0,0.7791245791245791,0.714
13.0,0.22222222,3.0,3.0,0.7791245791245791,0.714
13.0,0.22222222,3.0,5.0,0.7791245791245791,0.714
13.0,0.22222222,3.0,8.0,0.7764309764309765,0.71
13.0,0.22222222,3.0,12.0,0.7676767676767676,0.712
13.0,0.22222222,3.0,20.0,0.7521885521885522,0.712
13.0,0.22222222,3.0,32.0,0.736026936026936,0.712
13.0,0.22222222,3.0,50.0,0.7252525252525253,0.706
13.0,0.22222222,3.0,80.0,0.7077441077441078,0.702
13.0,0.22222222,3.0,128.0,0.703030303030303,0.7
13.0,0.22222222,5.0,2.0,0.7454545454545454,0.71
13.0,0.22222222,5.0,3.0,0.7454545454545454,0.71
13.0,0.22222222,5.0,5.0,0.7454545454545454,0.71
13.0,0.22222222,5.0,8.0,0.7454545454545454,0.71
13.0,0.22222222,5.0,12.0,0.7441077441077442,0.708
13.0,0.22222222,5.0,20.0,0.7373737373737373,0.706
13.0,0.22222222,5.0,32.0,0.7292929292929292,0.708
13.0,0.22222222,5.0,50.0,0.7178451178451178,0.704
13.0,0.22222222,5.0,80.0,0.7077441077441078,0.702
13.0,0.22222222,5.0,128.0,0.7023569023569024,0.7
13.0,0.22222222,7.0,2.0,0.725925925925926,0.704
13.0,0.22222222,7.0,3.0,0.725925925925926,0.704
13.0,0.22222222,7.0,5.0,0.725925925925926,0.704
13.0,0.22222222,7.0,8.0,0.725925925925926,0.704
13.0,0.22222222,7.0,12.0,0.725925925925926,0.704
13.0,0.22222222,7.0,20.0,0.7252525252525253,0.706
13.0,0.22222222,7.0,32.0,0.7212121212121213,0.704
13.0,0.22222222,7.0,50.0,0.711111111111111,0.702
13.0,0.22222222,7.0,80.0,0.7070707070707071,0.702
13.0,0.22222222,7.0,128.0,0.7016835016835017,0.7
13.0,0.22222222,9.0,2.0,0.7171717171717171,0.704
13.0,0.22222222,9.0,3.0,0.7171717171717171,0.704
13.0,0.22222222,9.0,5.0,0.7171717171717171,0.704
13.0,0.22222222,9.0,8.0,0.7171717171717171,0.704
13.0,0.22222222,9.0,12.0,0.7171717171717171,0.704
13.0,0.22222222,9.0,20.0,0.7158249158249158,0.702
13.0,0.22222222,9.0,32.0,0.7117845117845117,0.702
13.0,0.22222222,9.0,50.0,0.7077441077441078,0.702
13.0,0.22222222,9.0,80.0,0.7050505050505051,0.7
13.0,0.22222222,9.0,128.0,0.7016835016835017,0.7
13.0,0.22222222,11.0,2.0,0.7084175084175085,0.702
13.0,0.22222222,11.0,3.0,0.7084175084175085,0.702
13.0,0.22222222,11.0,5.0,0.7084175084175085,0.702
13.0,0.22222222,11.0,8.0,0.7084175084175085,0.702
13.0,0.22222222,11.0,12.0,0.7084175084175085,0.702
13.0,0.22222222,11.0,20.0,0.7084175084175085,0.702
13.0,0.22222222,11.0,32.0,0.7077441077441078,0.702
13.0,0.22222222,11.0,50.0,0.7050505050505051,0.702
13.0,0.22222222,11.0,80.0,0.7043771043771044,0.7
13.0,0.22222222,11.0,128.0,0.7010101010101011,0.7
13.0,0.22222222,13.0,2.0,0.7050505050505051,0.7
13.0,0.22222222,13.0,3.0,0.7050505050505051,0.7
13.0,0.22222222,13.0,5.0,0.7050505050505051,0.7
13.0,0.22222222,13.0,8.0,0.7050505050505051,0.7
13.0,0.22222222,13.0,12.0,0.7050505050505051,0.7
13.0,0.22222222,13.0,20.0,0.7050505050505051,0.7
13.0,0.22222222,13.0,32.0,0.7050505050505051,0.7
13.0,0.22222222,13.0,50.0,0.7050505050505051,0.7
13.0,0.22222222,13.0,80.0,0.703030303030303,0.7
13.0,0.22222222,13.0,128.0,0.7010101010101011,0.7
13.0,0.22222222,15.0,2.0,0.7050505050505051,0.7
13.0,0.22222222,15.0,3.0,0.7050505050505051,0.7
13.0,0.22222222,15.0,5.0,0.7050505050505051,0.7
13.0,0.22222222,15.0,8.0,0.7050505050505051,0.7
13.0,0.22222222,15.0,12.0,0.7050505050505051,0.7
13.0,0.22222222,15.0,20.0,0.7050505050505051,0.7
13.0,0.22222222,15.0,32.0,0.7050505050505051,0.7
13.0,0.22222222,15.0,50.0,0.7050505050505051,0.7
13.0,0.22222222,15.0,80.0,0.7016835016835017,0.7
13.0,0.22222222,15.0,128.0,0.7010101010101011,0.7
13.0,0.22222222,17.0,2.0,0.7023569023569024,0.7
13.0,0.22222222,17.0,3.0,0.7023569023569024,0.7
13.0,0.22222222,17.0,5.0,0.7023569023569024,0.7
13.0,0.22222222,17.0,8.0,0.7023569023569024,0.7
13.0,0.22222222,17.0,12.0,0.7023569023569024,0.7
13.0,0.22222222,17.0,20.0,0.7023569023569024,0.7
13.0,0.22222222,17.0,32.0,0.7023569023569024,0.7
13.0,0.22222222,17.0,50.0,0.7023569023569024,0.7
13.0,0.22222222,17.0,80.0,0.7010101010101011,0.7
13.0,0.22222222,17.0,128.0,0.7003367003367004,0.7
13.0,0.22222222,20.0,2.0,0.7003367003367004,0.7
13.0,0.22222222,20.0,3.0,0.7003367003367004,0.7
13.0,0.22222222,20.0,5.0,0.7003367003367004,0.7
13.0,0.22222222,20.0,8.0,0.7003367003367004,0.7
13.0,0.22222222,20.0,12.0,0.7003367003367004,0.7
13.0,0.22222222,20.0,20.0,0.7003367003367004,0.7
13.0,0.22222222,20.0,32.0,0.7003367003367004,0.7
13.0,0.22222222,20.0,50.0,0.7003367003367004,0.7
13.0,0.22222222,20.0,80.0,0.7003367003367004,0.7
13.0,0.22222222,20.0,128.0,0.7003367003367004,0.7
13.0,0.33333334,1.0,2.0,0.8962962962962964,0.78
13.0,0.33333334,1.0,3.0,0.8929292929292929,0.778
13.0,0.33333334,1.0,5.0,0.8808080808080808,0.776
13.0,0.33333334,1.0,8.0,0.8626262626262626,0.774
13.0,0.33333334,1.0,12.0,0.8404040404040405,0.764
13.0,0.33333334,1.0,20.0,0.8175084175084175,0.754
13.0,0.33333334,1.0,32.0,0.7885521885521886,0.734
13.0,0.33333334,1.0,50.0,0.7636363636363637,0.728
13.0,0.33333334,1.0,80.0,0.7407407407407407,0.712
13.0,0.33333334,1.0,128.0,0.7144781144781145,0.704
13.0,0.33333334,3.0,2.0,0.8356902356902356,0.748
13.0,0.33333334,3.0,3.0,0.8356902356902356,0.748
13.0,0.33333334,3.0,5.0,0.8356902356902356,0.748
13.0,0.33333334,3.0,8.0,0.8296296296296296,0.754
13.0,0.33333334,3.0,12.0,0.820875420875421,0.752
13.0,0.33333334,3.0,20.0,0.8053872053872053,0.74
13.0,0.33333334,3.0,32.0,0.7824915824915826,0.726
13.0,0.33333334,3.0,50.0,0.7582491582491583,0.724
13.0,0.33333334,3.0,80.0,0.7400673400673401,0.716
13.0,0.33333334,3.0,128.0,0.7138047138047139,0.706
13.0,0.33333334,5.0,2.0,0.8,0.742
13.0,0.33333334,5.0,3.0,0.8,0.742
13.0,0.33333334,5.0,5.0,0.8,0.742
13.0,0.33333334,5.0,8.0,0.8,0.742
13.0,0.33333334,5.0,12.0,0.7966329966329966,0.742
13.0,0.33333334,5.0,20.0,0.7912457912457913,0.736
13.0,0.33333334,5.0,32.0,0.7717171717171717,0.722
13.0,0.33333334,5.0,50.0,0.7528619528619529,0.716
13.0,0.33333334,5.0,80.0,0.7367003367003366,0.714
13.0,0.33333334,5.0,128.0,0.7124579124579125,0.706
13.0,0.33333334,7.0,2.0,0.7797979797979797,0.72
13.0,0.33333334,7.0,3.0,0.7797979797979797,0.72
13.0,0.33333334,7.0,5.0,0.7797979797979797,0.72
13.0,0.33333334,7.0,8.0,0.7797979797979797,0.72
13.0,0.33333334,7.0,12.0,0.7797979797979797,0.72
13.0,0.33333334,7.0,20.0,0.7757575757575758,0.718
13.0,0.33333334,7.0,32.0,0.7622895622895622,0.712
13.0,0.33333334,7.0,50.0,0.7474747474747475,0.71
13.0,0.33333334,7.0,80.0,0.7326599326599326,0.714
13.0,0.33333334,7.0,128.0,0.7117845117845117,0.708
13.0,0.33333334,9.0,2.0,0.7609427609427609,0.718
13.0,0.33333334,9.0,3.0,0.7609427609427609,0.718
13.0,0.33333334,9.0,5.0,0.7609427609427609,0.718
13.0,0.33333334,9.0,8.0,0.7609427609427609,0.718
13.0,0.33333334,9.0,12.0,0.7609427609427609,0.718
13.0,0.33333334,9.0,20.0,0.764983164983165,0.72
13.0,0.33333334,9.0,32.0,0.7535353535353535,0.716
13.0,0.33333334,9.0,50.0,0.7454545454545454,0.71
13.0,0.33333334,9.0,80.0,0.7292929292929292,0.708
13.0,0.33333334,9.0,128.0,0.7117845117845117,0.708
13.0,0.33333334,11.0,2.0,0.7508417508417509,0.712
13.0,0.33333334,11.0,3.0,0.7508417508417509,0.712
13.0,0.33333334,11.0,5.0,0.7508417508417509,0.712
13.0,0.33333334,11.0,8.0,0.7508417508417509,0.712
13.0,0.33333334,11.0,12.0,0.7508417508417509,0.712
13.0,0.33333334,11.0,20.0,0.7508417508417509,0.712
13.0,0.33333334,11.0,32.0,0.7481481481481481,0.712
13.0,0.33333334,11.0,50.0,0.7380471380471381,0.706
13.0,0.33333334,11.0,80.0,0.7252525252525253,0.706
13.0,0.33333334,11.0,128.0,0.711111111111111,0.706
13.0,0.33333334,13.0,2.0,0.7434343434343434,0.708
13.0,0.33333334,13.0,3.0,0.7434343434343434,0.708
13.0,0.33333334,13.0,5.0,0.7434343434343434,0.708
13.0,0.33333334,13.0,8.0,0.7434343434343434,0.708
13.0,0.33333334,13.0,12.0,0.7434343434343434,0.708
13.0,0.33333334,13.0,20.0,0.7434343434343434,0.708
13.0,0.33333334,13.0,32.0,0.7393939393939395,0.71
13.0,0.33333334,13.0,50.0,0.7346801346801347,0.708
13.0,0.33333334,13.0,80.0,0.7218855218855219,0.706
13.0,0.33333334,13.0,128.0,0.711111111111111,0.704
13.0,0.33333334,15.0,2.0,0.7353535353535354,0.71
13.0,0.33333334,15.0,3.0,0.7353535353535354,0.71
13.0,0.33333334,15.0,5.0,0.7353535353535354,0.71
13.0,0.33333334,15.0,8.0,0.7353535353535354,0.71
13.0,0.33333334,15.0,12.0,0.7353535353535354,0.71
13.0,0.33333334,15.0,20.0,0.7353535353535354,0.71
13.0,0.33333334,15.0,32.0,0.734006734006734,0.71
13.0,0.33333334,15.0,50.0,0.7286195286195286,0.708
13.0,0.33333334,15.0,80.0,0.7171717171717172,0.706
13.0,0.33333334,15.0,128.0,0.7084175084175085,0.704
13.0,0.33333334,17.0,2.0,0.7279461279461279,0.708
13.0,0.33333334,17.0,3.0,0.7279461279461279,0.708
13.0,0.33333334,17.0,5.0,0.7279461279461279,0.708
13.0,0.33333334,17.0,8.0,0.7279461279461279,0.708
13.0,0.33333334,17.0,12.0,0.7279461279461279,0.708
13.0,0.33333334,17.0,20.0,0.7279461279461279,0.708
13.0,0.33333334,17.0,32.0,0.7279461279461279,0.708
13.0,0.33333334,17.0,50.0,0.7265993265993267,0.706
13.0,0.33333334,17.0,80.0,0.7144781144781145,0.706
13.0,0.33333334,17.0,128.0,0.7057239057239058,0.704
13.0,0.33333334,20.0,2.0,0.7178451178451178,0.708
13.0,0.33333334,20.0,3.0,0.7178451178451178,0.708
13.0,0.33333334,20.0,5.0,0.7178451178451178,0.708
13.0,0.33333334,20.0,8.0,0.7178451178451178,0.708
13.0,0.33333334,20.0,12.0,0.7178451178451178,0.708
13.0,0.33333334,20.0,20.0,0.7178451178451178,0.708
13.0,0.33333334,20.0,32.0,0.7178451178451178,0.708
13.0,0.33333334,20.0,50.0,0.7171717171717172,0.704
13.0,0.33333334,20.0,80.0,0.7084175084175085,0.706
13.0,0.33333334,20.0,128.0,0.7050505050505051,0.702
13.0,0.44444445,1.0,2.0,0.8969696969696969,0.786
13.0,0.44444445,1.0,3.0,0.8936026936026936,0.79
13.0,0.44444445,1.0,5.0,0.8821548821548821,0.786
13.0,0.44444445,1.0,8.0,0.87003367003367,0.78
13.0,0.44444445,1.0,12.0,0.8498316498316498,0.78
13.0,0.44444445,1.0,20.0,0.8262626262626263,0.764
13.0,0.44444445,1.0,32.0,0.7979797979797979,0.752
13.0,0.44444445,1.0,50.0,0.7784511784511784,0.738
13.0,0.44444445,1.0,80.0,0.7528619528619529,0.726
13.0,0.44444445,1.0,128.0,0.7367003367003366,0.71
13.0,0.44444445,3.0,2.0,0.8531986531986533,0.778
13.0,0.44444445,3.0,3.0,0.8531986531986533,0.778
13.0,0.44444445,3.0,5.0,0.8531986531986533,0.778
13.0,0.44444445,3.0,8.0,0.8471380471380471,0.782
13.0,0.44444445,3.0,12.0,0.8336700336700338,0.768
13.0,0.44444445,3.0,20.0,0.8202020202020203,0.76
13.0,0.44444445,3.0,32.0,0.7952861952861954,0.746
13.0,0.44444445,3.0,50.0,0.7764309764309764,0.736
13.0,0.44444445,3.0,80.0,0.7528619528619529,0.716
13.0,0.44444445,3.0,128.0,0.734006734006734,0.71
13.0,0.44444445,5.0,2.0,0.8249158249158249,0.762
13.0,0.44444445,5.0,3.0,0.8249158249158249,0.762
13.0,0.44444445,5.0,5.0,0.8249158249158249,0.762
13.0,0.44444445,5.0,8.0,0.8249158249158249,0.762
13.0,0.44444445,5.0,12.0,0.8168350168350168,0.772
13.0,0.44444445,5.0,20.0,0.8094276094276094,0.75
13.0,0.44444445,5.0,32.0,0.7912457912457912,0.738
13.0,0.44444445,5.0,50.0,0.7683501683501683,0.732
13.0,0.44444445,5.0,80.0,0.7488215488215488,0.716
13.0,0.44444445,5.0,128.0,0.7313131313131314,0.708
13.0,0.44444445,7.0,2.0,0.8013468013468014,0.756
13.0,0.44444445,7.0,3.0,0.8013468013468014,0.756
13.0,0.44444445,7.0,5.0,0.8013468013468014,0.756
13.0,0.44444445,7.0,8.0,0.8013468013468014,0.756
13.0,0.44444445,7.0,12.0,0.8013468013468014,0.756
13.0,0.44444445,7.0,20.0,0.7952861952861954,0.742
13.0,0.44444445,7.0,32.0,0.7784511784511784,0.738
13.0,0.44444445,7.0,50.0,0.7636363636363637,0.73
13.0,0.44444445,7.0,80.0,0.7481481481481482,0.716
13.0,0.44444445,7.0,128.0,0.7306397306397306,0.708
13.0,0.44444445,9.0,2.0,0.7818181818181819,0.736
13.0,0.44444445,9.0,3.0,0.7818181818181819,0.736
13.0,0.44444445,9.0,5.0,0.7818181818181819,0.736
13.0,0.44444445,9.0,8.0,0.7818181818181819,0.736
13.0,0.44444445,9.0,12.0,0.7818181818181819,0.736
13.0,0.44444445,9.0,20.0,0.7858585858585858,0.74
13.0,0.44444445,9.0,32.0,0.769023569023569,0.74
13.0,0.44444445,9.0,50.0,0.756902356902357,0.726
13.0,0.44444445,9.0,80.0,0.7468013468013468,0.716
13.0,0.44444445,9.0,128.0,0.7279461279461279,0.708
13.0,0.44444445,11.0,2.0,0.773063973063973,0.732
13.0,0.44444445,11.0,3.0,0.773063973063973,0.732
13.0,0.44444445,11.0,5.0,0.773063973063973,0.732
13.0,0.44444445,11.0,8.0,0.773063973063973,0.732
13.0,0.44444445,11.0,12.0,0.773063973063973,0.732
13.0,0.44444445,11.0,20.0,0.773063973063973,0.732
13.0,0.44444445,11.0,32.0,0.7683501683501683,0.73
13.0,0.44444445,11.0,50.0,0.7521885521885522,0.724
13.0,0.44444445,11.0,80.0,0.7447811447811448,0.714
13.0,0.44444445,11.0,128.0,0.7279461279461279,0.702
13.0,0.44444445,13.0,2.0,0.7656565656565657,0.722
13.0,0.44444445,13.0,3.0,0.7656565656565657,0.722
13.0,0.44444445,13.0,5.0,0.7656565656565657,0.722
13.0,0.44444445,13.0,8.0,0.7656565656565657,0.722
13.0,0.44444445,13.0,12.0,0.7656565656565657,0.722
13.0,0.44444445,13.0,20.0,0.7656565656565657,0.722
13.0,0.44444445,13.0,32.0,0.762962962962963,0.722
13.0,0.44444445,13.0,50.0,0.7501683501683502,0.722
13.0,0.44444445,13.0,80.0,0.7407407407407407,0.712
13.0,0.44444445,13.0,128.0,0.7218855218855219,0.702
13.0,0.44444445,15.0,2.0,0.7562289562289563,0.718
13.0,0.44444445,15.0,3.0,0.7562289562289563,0.718
13.0,0.44444445,15.0,5.0,0.7562289562289563,0.718
13.0,0.44444445,15.0,8.0,0.7562289562289563,0.718
13.0,0.44444445,15.0,12.0,0.7562289562289563,0.718
13.0,0.44444445,15.0,20.0,0.7562289562289563,0.718
13.0,0.44444445,15.0,32.0,0.7595959595959596,0.718
13.0,0.44444445,15.0,50.0,0.7461279461279461,0.724
13.0,0.44444445,15.0,80.0,0.736026936026936,0.712
13.0,0.44444445,15.0,128.0,0.7212121212121213,0.704
13.0,0.44444445,17.0,2.0,0.7494949494949494,0.724
13.0,0.44444445,17.0,3.0,0.7494949494949494,0.724
13.0,0.44444445,17.0,5.0,0.7494949494949494,0.724
13.0,0.44444445,17.0,8.0,0.7494949494949494,0.724
13.0,0.44444445,17.0,12.0,0.7494949494949494,0.724
13.0,0.44444445,17.0,20.0,0.7494949494949494,0.724
13.0,0.44444445,17.0,32.0,0.7494949494949494,0.724
13.0,0.44444445,17.0,50.0,0.7441077441077442,0.718
13.0,0.44444445,17.0,80.0,0.731986531986532,0.704
13.0,0.44444445,17.0,128.0,0.7198653198653199,0.704
13.0,0.44444445,20.0,2.0,0.7387205387205388,0.71
13.0,0.44444445,20.0,3.0,0.7387205387205388,0.71
13.0,0.44444445,20.0,5.0,0.7387205387205388,0.71
13.0,0.44444445,20.0,8.0,0.7387205387205388,0.71
13.0,0.44444445,20.0,12.0,0.7387205387205388,0.71
13.0,0.44444445,20.0,20.0,0.7387205387205388,0.71
13.0,0.44444445,20.0,32.0,0.7387205387205388,0.71
13.0,0.44444445,20.0,50.0,0.7380471380471381,0.712
13.0,0.44444445,20.0,80.0,0.7299663299663299,0.706
13.0,0.44444445,20.0,128.0,0.7151515151515151,0.704
13.0,0.5555556,1.0,2.0,0.8929292929292929,0.778
13.0,0.5555556,1.0,3.0,0.8895622895622897,0.776
13.0,0.5555556,1.0,5.0,0.8875420875420875,0.782
13.0,0.5555556,1.0,8.0,0.8747474747474747,0.778
13.0,0.5555556,1.0,12.0,0.8592592592592594,0.784
13.0,0.5555556,1.0,20.0,0.8323232323232324,0.77
13.0,0.5555556,1.0,32.0,0.81010101010101,0.766
13.0,0.5555556,1.0,50.0,0.7932659932659932,0.746
13.0,0.5555556,1.0,80.0,0.771043771043771,0.728
13.0,0.5555556,1.0,128.0,0.7461279461279462,0.726
13.0,0.5555556,3.0,2.0,0.8639730639730641,0.78
13.0,0.5555556,3.0,3.0,0.8639730639730641,0.78
13.0,0.5555556,3.0,5.0,0.8639730639730641,0.78
13.0,0.5555556,3.0,8.0,0.8572390572390572,0.778
13.0,0.5555556,3.0,12.0,0.8451178451178452,0.78
13.0,0.5555556,3.0,20.0,0.826936026936027,0.776
13.0,0.5555556,3.0,32.0,0.8087542087542088,0.756
13.0,0.5555556,3.0,50.0,0.7892255892255893,0.746
13.0,0.5555556,3.0,80.0,0.7703703703703704,0.726
13.0,0.5555556,3.0,128.0,0.7441077441077442,0.726
13.0,0.5555556,5.0,2.0,0.8303030303030303,0.776
13.0,0.5555556,5.0,3.0,0.8303030303030303,0.776
13.0,0.5555556,5.0,5.0,0.8303030303030303,0.776
13.0,0.5555556,5.0,8.0,0.8303030303030303,0.776
13.0,0.5555556,5.0,12.0,0.826936026936027,0.784
13.0,0.5555556,5.0,20.0,0.8175084175084175,0.78
13.0,0.5555556,5.0,32.0,0.7979797979797979,0.764
13.0,0.5555556,5.0,50.0,0.7831649831649832,0.742
13.0,0.5555556,5.0,80.0,0.7676767676767676,0.726
13.0,0.5555556,5.0,128.0,0.7447811447811448,0.724
13.0,0.5555556,7.0,2.0,0.8148148148148149,0.778
13.0,0.5555556,7.0,3.0,0.8148148148148149,0.778
13.0,0.5555556,7.0,5.0,0.8148148148148149,0.778
13.0,0.5555556,7.0,8.0,0.8148148148148149,0.778
13.0,0.5555556,7.0,12.0,0.8148148148148149,0.778
13.0,0.5555556,7.0,20.0,0.8094276094276094,0.77
13.0,0.5555556,7.0,32.0,0.7919191919191919,0.758
13.0,0.5555556,7.0,50.0,0.7811447811447811,0.742
13.0,0.5555556,7.0,80.0,0.7656565656565657,0.732
13.0,0.5555556,7.0,128.0,0.7427609427609427,0.722
13.0,0.5555556,9.0,2.0,0.8,0.772
13.0,0.5555556,9.0,3.0,0.8,0.772
13.0,0.5555556,9.0,5.0,0.8,0.772
13.0,0.5555556,9.0,8.0,0.8,0.772
13.0,0.5555556,9.0,12.0,0.8,0.772
13.0,0.5555556,9.0,20.0,0.8013468013468014,0.77
13.0,0.5555556,9.0,32.0,0.7831649831649832,0.75
13.0,0.5555556,9.0,50.0,0.7777777777777778,0.738
13.0,0.5555556,9.0,80.0,0.7602693602693603,0.72
13.0,0.5555556,9.0,128.0,0.7407407407407407,0.72
13.0,0.5555556,11.0,2.0,0.7919191919191919,0.756
13.0,0.5555556,11.0,3.0,0.7919191919191919,0.756
13.0,0.5555556,11.0,5.0,0.7919191919191919,0.756
13.0,0.5555556,11.0,8.0,0.7919191919191919,0.756
13.0,0.5555556,11.0,12.0,0.7919191919191919,0.756
13.0,0.5555556,11.0,20.0,0.7919191919191919,0.756
13.0,0.5555556,11.0,32.0,0.7804713804713804,0.744
13.0,0.5555556,11.0,50.0,0.7717171717171717,0.738
13.0,0.5555556,11.0,80.0,0.7582491582491583,0.722
13.0,0.5555556,11.0,128.0,0.7407407407407407,0.716
13.0,0.5555556,13.0,2.0,0.7764309764309765,0.748
13.0,0.5555556,13.0,3.0,0.7764309764309765,0.748
13.0,0.5555556,13.0,5.0,0.7764309764309765,0.748
13.0,0.5555556,13.0,8.0,0.7764309764309765,0.748
13.0,0.5555556,13.0,12.0,0.7764309764309765,0.748
13.0,0.5555556,13.0,20.0,0.7764309764309765,0.748
13.0,0.5555556,13.0,32.0,0.7791245791245791,0.746
13.0,0.5555556,13.0,50.0,0.7696969696969698,0.726
13.0,0.5555556,13.0,80.0,0.7542087542087542,0.72
13.0,0.5555556,13.0,128.0,0.7380471380471381,0.712
13.0,0.5555556,15.0,2.0,0.7744107744107744,0.736
13.0,0.5555556,15.0,3.0,0.7744107744107744,0.736
13.0,0.5555556,15.0,5.0,0.7744107744107744,0.736
13.0,0.5555556,15.0,8.0,0.7744107744107744,0.736
13.0,0.5555556,15.0,12.0,0.7744107744107744,0.736
13.0,0.5555556,15.0,20.0,0.7744107744107744,0.736
13.0,0.5555556,15.0,32.0,0.7703703703703704,0.74
13.0,0.5555556,15.0,50.0,0.760942760942761,0.728
13.0,0.5555556,15.0,80.0,0.7535353535353535,0.718
13.0,0.5555556,15.0,128.0,0.7393939393939394,0.712
13.0,0.5555556,17.0,2.0,0.7676767676767676,0.726
13.0,0.5555556,17.0,3.0,0.7676767676767676,0.726
13.0,0.5555556,17.0,5.0,0.7676767676767676,0.726
13.0,0.5555556,17.0,8.0,0.7676767676767676,0.726
13.0,0.5555556,17.0,12.0,0.7676767676767676,0.726
13.0,0.5555556,17.0,20.0,0.7676767676767676,0.726
13.0,0.5555556,17.0,32.0,0.7676767676767676,0.726
13.0,0.5555556,17.0,50.0,0.7636363636363637,0.72
13.0,0.5555556,17.0,80.0,0.7501683501683502,0.718
13.0,0.5555556,17.0,128.0,0.7373737373737373,0.712
13.0,0.5555556,20.0,2.0,0.7575757575757576,0.718
13.0,0.5555556,20.0,3.0,0.7575757575757576,0.718
13.0,0.5555556,20.0,5.0,0.7575757575757576,0.718
13.0,0.5555556,20.0,8.0,0.7575757575757576,0.718
13.0,0.5555556,20.0,12.0,0.7575757575757576,0.718
13.0,0.5555556,20.0,20.0,0.7575757575757576,0.718
13.0,0.5555556,20.0,32.0,0.7575757575757576,0.718
13.0,0.5555556,20.0,50.0,0.7602693602693602,0.718
13.0,0.5555556,20.0,80.0,0.7454545454545455,0.72
13.0,0.5555556,20.0,128.0,0.731986531986532,0.71
13.0,0.6666667,1.0,2.0,0.8915824915824915,0.774
13.0,0.6666667,1.0,3.0,0.8895622895622897,0.764
13.0,0.6666667,1.0,5.0,0.8875420875420875,0.778
13.0,0.6666667,1.0,8.0,0.8835016835016836,0.764
13.0,0.6666667,1.0,12.0,0.8639730639730641,0.778
13.0,0.6666667,1.0,20.0,0.8397306397306398,0.776
13.0,0.6666667,1.0,32.0,0.8175084175084175,0.774
13.0,0.6666667,1.0,50.0,0.7986531986531986,0.764
13.0,0.6666667,1.0,80.0,0.7757575757575758,0.74
13.0,0.6666667,1.0,128.0,0.7582491582491583,0.726
13.0,0.6666667,3.0,2.0,0.8619528619528619,0.764
13.0,0.6666667,3.0,3.0,0.8619528619528619,0.764
13.0,0.6666667,3.0,5.0,0.8619528619528619,0.764
13.0,0.6666667,3.0,8.0,0.8585858585858587,0.768
13.0,0.6666667,3.0,12.0,0.8498316498316498,0.772
13.0,0.6666667,3.0,20.0,0.8242424242424242,0.78
13.0,0.6666667,3.0,32.0,0.81010101010101,0.776
13.0,0.6666667,3.0,50.0,0.793939393939394,0.764
13.0,0.6666667,3.0,80.0,0.7797979797979797,0.742
13.0,0.6666667,3.0,128.0,0.7575757575757576,0.726
13.0,0.6666667,5.0,2.0,0.8424242424242424,0.774
13.0,0.6666667,5.0,3.0,0.8424242424242424,0.774
13.0,0.6666667,5.0,5.0,0.8424242424242424,0.774
13.0,0.6666667,5.0,8.0,0.8424242424242424,0.774
13.0,0.6666667,5.0,12.0,0.8383838383838385,0.774
13.0,0.6666667,5.0,20.0,0.8202020202020203,0.77
13.0,0.6666667,5.0,32.0,0.804040404040404,0.776
13.0,0.6666667,5.0,50.0,0.7851851851851852,0.762
13.0,0.6666667,5.0,80.0,0.7757575757575758,0.738
13.0,0.6666667,5.0,128.0,0.7575757575757576,0.724
13.0,0.6666667,7.0,2.0,0.8188552188552188,0.766
13.0,0.6666667,7.0,3.0,0.8188552188552188,0.766
13.0,0.6666667,7.0,5.0,0.8188552188552188,0.766
13.0,0.6666667,7.0,8.0,0.8188552188552188,0.766
13.0,0.6666667,7.0,12.0,0.8188552188552188,0.766
13.0,0.6666667,7.0,20.0,0.81010101010101,0.774
13.0,0.6666667,7.0,32.0,0.7973063973063973,0.772
13.0,0.6666667,7.0,50.0,0.7845117845117845,0.766
13.0,0.6666667,7.0,80.0,0.7717171717171717,0.74
13.0,0.6666667,7.0,128.0,0.7555555555555555,0.722
13.0,0.6666667,9.0,2.0,0.8067340067340067,0.778
13.0,0.6666667,9.0,3.0,0.8067340067340067,0.778
13.0,0.6666667,9.0,5.0,0.8067340067340067,0.778
13.0,0.6666667,9.0,8.0,0.8067340067340067,0.778
13.0,0.6666667,9.0,12.0,0.8067340067340067,0.778
13.0,0.6666667,9.0,20.0,0.8026936026936028,0.78
13.0,0.6666667,9.0,32.0,0.7898989898989899,0.77
13.0,0.6666667,9.0,50.0,0.7784511784511785,0.76
13.0,0.6666667,9.0,80.0,0.7696969696969698,0.732
13.0,0.6666667,9.0,128.0,0.7528619528619529,0.718
13.0,0.6666667,11.0,2.0,0.7946127946127947,0.772
13.0,0.6666667,11.0,3.0,0.7946127946127947,0.772
13.0,0.6666667,11.0,5.0,0.7946127946127947,0.772
13.0,0.6666667,11.0,8.0,0.7946127946127947,0.772
13.0,0.6666667,11.0,12.0,0.7946127946127947,0.772
13.0,0.6666667,11.0,20.0,0.7946127946127947,0.772
13.0,0.6666667,11.0,32.0,0.7885521885521886,0.764
13.0,0.6666667,11.0,50.0,0.7771043771043771,0.752
13.0,0.6666667,11.0,80.0,0.769023569023569,0.73
13.0,0.6666667,11.0,128.0,0.7521885521885523,0.72
13.0,0.6666667,13.0,2.0,0.7912457912457912,0.768
13.0,0.6666667,13.0,3.0,0.7912457912457912,0.768
13.0,0.6666667,13.0,5.0,0.7912457912457912,0.768
13.0,0.6666667,13.0,8.0,0.7912457912457912,0.768
13.0,0.6666667,13.0,12.0,0.7912457912457912,0.768
13.0,0.6666667,13.0,20.0,0.7912457912457912,0.768
13.0,0.6666667,13.0,32.0,0.7838383838383838,0.76
13.0,0.6666667,13.0,50.0,0.7777777777777778,0.752
13.0,0.6666667,13.0,80.0,0.7670033670033669,0.728
13.0,0.6666667,13.0,128.0,0.7515151515151516,0.72
13.0,0.6666667,15.0,2.0,0.7777777777777778,0.76
13.0,0.6666667,15.0,3.0,0.7777777777777778,0.76
13.0,0.6666667,15.0,5.0,0.7777777777777778,0.76
13.0,0.6666667,15.0,8.0,0.7777777777777778,0.76
13.0,0.6666667,15.0,12.0,0.7777777777777778,0.76
13.0,0.6666667,15.0,20.0,0.7777777777777778,0.76
13.0,0.6666667,15.0,32.0,0.7764309764309764,0.758
13.0,0.6666667,15.0,50.0,0.773063973063973,0.746
13.0,0.6666667,15.0,80.0,0.7622895622895622,0.726
13.0,0.6666667,15.0,128.0,0.7494949494949494,0.716
13.0,0.6666667,17.0,2.0,0.7737373737373737,0.748
13.0,0.6666667,17.0,3.0,0.7737373737373737,0.748
13.0,0.6666667,17.0,5.0,0.7737373737373737,0.748
13.0,0.6666667,17.0,8.0,0.7737373737373737,0.748
13.0,0.6666667,17.0,12.0,0.7737373737373737,0.748
13.0,0.6666667,17.0,20.0,0.7737373737373737,0.748
13.0,0.6666667,17.0,32.0,0.7737373737373737,0.748
13.0,0.6666667,17.0,50.0,0.7683501683501683,0.738
13.0,0.6666667,17.0,80.0,0.7602693602693603,0.728
13.0,0.6666667,17.0,128.0,0.7488215488215488,0.716
13.0,0.6666667,20.0,2.0,0.7656565656565657,0.738
13.0,0.6666667,20.0,3.0,0.7656565656565657,0.738
13.0,0.6666667,20.0,5.0,0.7656565656565657,0.738
13.0,0.6666667,20.0,8.0,0.7656565656565657,0.738
13.0,0.6666667,20.0,12.0,0.7656565656565657,0.738
13.0,0.6666667,20.0,20.0,0.7656565656565657,0.738
13.0,0.6666667,20.0,32.0,0.7656565656565657,0.738
13.0,0.6666667,20.0,50.0,0.7696969696969698,0.734
13.0,0.6666667,20.0,80.0,0.7562289562289563,0.718
13.0,0.6666667,20.0,128.0,0.7454545454545454,0.72
13.0,0.7777778,1.0,2.0,0.8902356902356903,0.762
13.0,0.7777778,1.0,3.0,0.8922558922558922,0.764
13.0,0.7777778,1.0,5.0,0.8902356902356903,0.758
13.0,0.7777778,1.0,8.0,0.8787878787878787,0.756
13.0,0.7777778,1.0,12.0,0.8713804713804713,0.756
13.0,0.7777778,1.0,20.0,0.8518518518518519,0.754
13.0,0.7777778,1.0,32.0,0.8168350168350168,0.758
13.0,0.7777778,1.0,50.0,0.797979797979798,0.748
13.0,0.7777778,1.0,80.0,0.7831649831649832,0.738
13.0,0.7777778,1.0,128.0,0.7622895622895622,0.722
13.0,0.7777778,3.0,2.0,0.8673400673400673,0.76
13.0,0.7777778,3.0,3.0,0.8673400673400673,0.76
13.0,0.7777778,3.0,5.0,0.8673400673400673,0.76
13.0,0.7777778,3.0,8.0,0.8632996632996633,0.76
13.0,0.7777778,3.0,12.0,0.8545454545454545,0.756
13.0,0.7777778,3.0,20.0,0.8336700336700336,0.754
13.0,0.7777778,3.0,32.0,0.8161616161616163,0.772
13.0,0.7777778,3.0,50.0,0.793939393939394,0.746
13.0,0.7777778,3.0,80.0,0.7818181818181819,0.746
13.0,0.7777778,3.0,128.0,0.7622895622895622,0.722
13.0,0.7777778,5.0,2.0,0.8505050505050505,0.75
13.0,0.7777778,5.0,3.0,0.8505050505050505,0.75
13.0,0.7777778,5.0,5.0,0.8505050505050505,0.75
13.0,0.7777778,5.0,8.0,0.8505050505050505,0.75
13.0,0.7777778,5.0,12.0,0.8430976430976431,0.748
13.0,0.7777778,5.0,20.0,0.8316498316498316,0.758
13.0,0.7777778,5.0,32.0,0.8121212121212121,0.768
13.0,0.7777778,5.0,50.0,0.7892255892255892,0.76
13.0,0.7777778,5.0,80.0,0.7784511784511785,0.742
13.0,0.7777778,5.0,128.0,0.762962962962963,0.724
13.0,0.7777778,7.0,2.0,0.8316498316498316,0.762
13.0,0.7777778,7.0,3.0,0.8316498316498316,0.762
13.0,0.7777778,7.0,5.0,0.8316498316498316,0.762
13.0,0.7777778,7.0,8.0,0.8316498316498316,0.762
13.0,0.7777778,7.0,12.0,0.8316498316498316,0.762
13.0,0.7777778,7.0,20.0,0.8222222222222222,0.76
13.0,0.7777778,7.0,32.0,0.8087542087542087,0.768
13.0,0.7777778,7.0,50.0,0.7872053872053872,0.756
13.0,0.7777778,7.0,80.0,0.7784511784511785,0.742
13.0,0.7777778,7.0,128.0,0.7595959595959596,0.728
13.0,0.7777778,9.0,2.0,0.8202020202020203,0.764
13.0,0.7777778,9.0,3.0,0.8202020202020203,0.764
13.0,0.7777778,9.0,5.0,0.8202020202020203,0.764
13.0,0.7777778,9.0,8.0,0.8202020202020203,0.764
13.0,0.7777778,9.0,12.0,0.8202020202020203,0.764
13.0,0.7777778,9.0,20.0,0.8195286195286196,0.764
13.0,0.7777778,9.0,32.0,0.8053872053872053,0.768
13.0,0.7777778,9.0,50.0,0.7858585858585858,0.752
13.0,0.7777778,9.0,80.0,0.7757575757575758,0.744
13.0,0.7777778,9.0,128.0,0.7595959595959596,0.724
13.0,0.7777778,11.0,2.0,0.8067340067340067,0.762
13.0,0.7777778,11.0,3.0,0.8067340067340067,0.762
13.0,0.7777778,11.0,5.0,0.8067340067340067,0.762
13.0,0.7777778,11.0,8.0,0.8067340067340067,0.762
13.0,0.7777778,11.0,12.0,0.8067340067340067,0.762
13.0,0.7777778,11.0,20.0,0.8067340067340067,0.762
13.0,0.7777778,11.0,32.0,0.7986531986531986,0.76
13.0,0.7777778,11.0,50.0,0.7831649831649832,0.754
13.0,0.7777778,11.0,80.0,0.7744107744107744,0.738
13.0,0.7777778,11.0,128.0,0.756902356902357,0.72
13.0,0.7777778,13.0,2.0,0.7946127946127947,0.754
13.0,0.7777778,13.0,3.0,0.7946127946127947,0.754
13.0,0.7777778,13.0,5.0,0.7946127946127947,0.754
13.0,0.7777778,13.0,8.0,0.7946127946127947,0.754
13.0,0.7777778,13.0,12.0,0.7946127946127947,0.754
13.0,0.7777778,13.0,20.0,0.7946127946127947,0.754
13.0,0.7777778,13.0,32.0,0.7946127946127947,0.756
13.0,0.7777778,13.0,50.0,0.7851851851851851,0.744
13.0,0.7777778,13.0,80.0,0.773063973063973,0.738
13.0,0.7777778,13.0,128.0,0.7535353535353535,0.724
13.0,0.7777778,15.0,2.0,0.7898989898989899,0.75
13.0,0.7777778,15.0,3.0,0.7898989898989899,0.75
13.0,0.7777778,15.0,5.0,0.7898989898989899,0.75
13.0,0.7777778,15.0,8.0,0.7898989898989899,0.75
13.0,0.7777778,15.0,12.0,0.7898989898989899,0.75
13.0,0.7777778,15.0,20.0,0.7898989898989899,0.75
13.0,0.7777778,15.0,32.0,0.7892255892255892,0.75
13.0,0.7777778,15.0,50.0,0.7791245791245791,0.744
13.0,0.7777778,15.0,80.0,0.7744107744107744,0.736
13.0,0.7777778,15.0,128.0,0.7562289562289563,0.718
13.0,0.7777778,17.0,2.0,0.7791245791245791,0.746
13.0,0.7777778,17.0,3.0,0.7791245791245791,0.746
13.0,0.7777778,17.0,5.0,0.7791245791245791,0.746
13.0,0.7777778,17.0,8.0,0.7791245791245791,0.746
13.0,0.7777778,17.0,12.0,0.7791245791245791,0.746
13.0,0.7777778,17.0,20.0,0.7791245791245791,0.746
13.0,0.7777778,17.0,32.0,0.7791245791245791,0.746
13.0,0.7777778,17.0,50.0,0.7777777777777778,0.744
13.0,0.7777778,17.0,80.0,0.7676767676767676,0.734
13.0,0.7777778,17.0,128.0,0.7535353535353535,0.72
13.0,0.7777778,20.0,2.0,0.7764309764309765,0.736
13.0,0.7777778,20.0,3.0,0.7764309764309765,0.736
13.0,0.7777778,20.0,5.0,0.7764309764309765,0.736
13.0,0.7777778,20.0,8.0,0.7764309764309765,0.736
13.0,0.7777778,20.0,12.0,0.7764309764309765,0.736
13.0,0.7777778,20.0,20.0,0.7764309764309765,0.736
13.0,0.7777778,20.0,32.0,0.7764309764309765,0.736
13.0,0.7777778,20.0,50.0,0.7757575757575758,0.738
13.0,0.7777778,20.0,80.0,0.7616161616161616,0.728
13.0,0.7777778,20.0,128.0,0.7521885521885522,0.716
13.0,0.8888889,1.0,2.0,0.8902356902356902,0.756
13.0,0.8888889,1.0,3.0,0.890909090909091,0.76
13.0,0.8888889,1.0,5.0,0.8868686868686868,0.752
13.0,0.8888889,1.0,8.0,0.8794612794612794,0.76
13.0,0.8888889,1.0,12.0,0.8747474747474747,0.756
13.0,0.8888889,1.0,20.0,0.8538720538720538,0.758
13.0,0.8888889,1.0,32.0,0.8289562289562289,0.752
13.0,0.8888889,1.0,50.0,0.8053872053872053,0.744
13.0,0.8888889,1.0,80.0,0.7824915824915826,0.73
13.0,0.8888889,1.0,128.0,0.7656565656565657,0.714
13.0,0.8888889,3.0,2.0,0.868013468013468,0.762
13.0,0.8888889,3.0,3.0,0.868013468013468,0.762
13.0,0.8888889,3.0,5.0,0.868013468013468,0.762
13.0,0.8888889,3.0,8.0,0.8639730639730641,0.764
13.0,0.8888889,3.0,12.0,0.8518518518518519,0.758
13.0,0.8888889,3.0,20.0,0.837037037037037,0.752
13.0,0.8888889,3.0,32.0,0.8181818181818181,0.762
13.0,0.8888889,3.0,50.0,0.8,0.742
13.0,0.8888889,3.0,80.0,0.7804713804713804,0.73
13.0,0.8888889,3.0,128.0,0.764983164983165,0.716
13.0,0.8888889,5.0,2.0,0.8518518518518519,0.758
13.0,0.8888889,5.0,3.0,0.8518518518518519,0.758
13.0,0.8888889,5.0,5.0,0.8518518518518519,0.758
13.0,0.8888889,5.0,8.0,0.8518518518518519,0.758
13.0,0.8888889,5.0,12.0,0.8498316498316498,0.752
13.0,0.8888889,5.0,20.0,0.8296296296296296,0.754
13.0,0.8888889,5.0,32.0,0.8134680134680135,0.766
13.0,0.8888889,5.0,50.0,0.7986531986531986,0.75
13.0,0.8888889,5.0,80.0,0.7811447811447811,0.73
13.0,0.8888889,5.0,128.0,0.7622895622895622,0.718
13.0,0.8888889,7.0,2.0,0.8383838383838385,0.75
13.0,0.8888889,7.0,3.0,0.8383838383838385,0.75
13.0,0.8888889,7.0,5.0,0.8383838383838385,0.75
13.0,0.8888889,7.0,8.0,0.8383838383838385,0.75
13.0,0.8888889,7.0,12.0,0.8383838383838385,0.75
13.0,0.8888889,7.0,20.0,0.8282828282828284,0.756
13.0,0.8888889,7.0,32.0,0.8154882154882156,0.756
13.0,0.8888889,7.0,50.0,0.7952861952861954,0.744
13.0,0.8888889,7.0,80.0,0.7771043771043771,0.726
13.0,0.8888889,7.0,128.0,0.7616161616161616,0.72
13.0,0.8888889,9.0,2.0,0.826936026936027,0.75
13.0,0.8888889,9.0,3.0,0.826936026936027,0.75
13.0,0.8888889,9.0,5.0,0.826936026936027,0.75
13.0,0.8888889,9.0,8.0,0.826936026936027,0.75
13.0,0.8888889,9.0,12.0,0.826936026936027,0.75
13.0,0.8888889,9.0,20.0,0.826936026936027,0.75
13.0,0.8888889,9.0,32.0,0.8087542087542087,0.764
13.0,0.8888889,9.0,50.0,0.793939393939394,0.742
13.0,0.8888889,9.0,80.0,0.7771043771043771,0.73
13.0,0.8888889,9.0,128.0,0.7582491582491583,0.72
13.0,0.8888889,11.0,2.0,0.8195286195286196,0.758
13.0,0.8888889,11.0,3.0,0.8195286195286196,0.758
13.0,0.8888889,11.0,5.0,0.8195286195286196,0.758
13.0,0.8888889,11.0,8.0,0.8195286195286196,0.758
13.0,0.8888889,11.0,12.0,0.8195286195286196,0.758
13.0,0.8888889,11.0,20.0,0.8195286195286196,0.758
13.0,0.8888889,11.0,32.0,0.8033670033670033,0.76
13.0,0.8888889,11.0,50.0,0.7932659932659932,0.748
13.0,0.8888889,11.0,80.0,0.7744107744107744,0.73
13.0,0.8888889,11.0,128.0,0.7589225589225589,0.716
13.0,0.8888889,13.0,2.0,0.8074074074074075,0.752
13.0,0.8888889,13.0,3.0,0.8074074074074075,0.752
13.0,0.8888889,13.0,5.0,0.8074074074074075,0.752
13.0,0.8888889,13.0,8.0,0.8074074074074075,0.752
13.0,0.8888889,13.0,12.0,0.8074074074074075,0.752
13.0,0.8888889,13.0,20.0,0.8074074074074075,0.752
13.0,0.8888889,13.0,32.0,0.8013468013468014,0.756
13.0,0.8888889,13.0,50.0,0.7865319865319865,0.748
13.0,0.8888889,13.0,80.0,0.7723905723905724,0.728
13.0,0.8888889,13.0,128.0,0.7582491582491583,0.714
13.0,0.8888889,15.0,2.0,0.7973063973063973,0.75
13.0,0.8888889,15.0,3.0,0.7973063973063973,0.75
13.0,0.8888889,15.0,5.0,0.7973063973063973,0.75
13.0,0.8888889,15.0,8.0,0.7973063973063973,0.75
13.0,0.8888889,15.0,12.0,0.7973063973063973,0.75
13.0,0.8888889,15.0,20.0,0.7973063973063973,0.75
13.0,0.8888889,15.0,32.0,0.7946127946127947,0.75
13.0,0.8888889,15.0,50.0,0.7818181818181819,0.748
13.0,0.8888889,15.0,80.0,0.7723905723905724,0.726
13.0,0.8888889,15.0,128.0,0.7575757575757576,0.702
13.0,0.8888889,17.0,2.0,0.7892255892255892,0.742
13.0,0.8888889,17.0,3.0,0.7892255892255892,0.742
13.0,0.8888889,17.0,5.0,0.7892255892255892,0.742
13.0,0.8888889,17.0,8.0,0.7892255892255892,0.742
13.0,0.8888889,17.0,12.0,0.7892255892255892,0.742
13.0,0.8888889,17.0,20.0,0.7892255892255892,0.742
13.0,0.8888889,17.0,32.0,0.7892255892255892,0.742
13.0,0.8888889,17.0,50.0,0.7811447811447811,0.744
13.0,0.8888889,17.0,80.0,0.7616161616161616,0.724
13.0,0.8888889,17.0,128.0,0.7555555555555555,0.708
13.0,0.8888889,20.0,2.0,0.7818181818181819,0.738
13.0,0.8888889,20.0,3.0,0.7818181818181819,0.738
13.0,0.8888889,20.0,5.0,0.7818181818181819,0.738
13.0,0.8888889,20.0,8.0,0.7818181818181819,0.738
13.0,0.8888889,20.0,12.0,0.7818181818181819,0.738
13.0,0.8888889,20.0,20.0,0.7818181818181819,0.738
13.0,0.8888889,20.0,32.0,0.7818181818181819,0.738
13.0,0.8888889,20.0,50.0,0.775084175084175,0.748
13.0,0.8888889,20.0,80.0,0.7643097643097643,0.732
13.0,0.8888889,20.0,128.0,0.7555555555555555,0.71
13.0,1.0,1.0,2.0,0.8855218855218855,0.758
13.0,1.0,1.0,3.0,0.8861952861952862,0.754
13.0,1.0,1.0,5.0,0.8821548821548821,0.756
13.0,1.0,1.0,8.0,0.8760942760942761,0.756
13.0,1.0,1.0,12.0,0.868013468013468,0.758
13.0,1.0,1.0,20.0,0.8451178451178452,0.758
13.0,1.0,1.0,32.0,0.826936026936027,0.74
13.0,1.0,1.0,50.0,0.81010101010101,0.728
13.0,1.0,1.0,80.0,0.7831649831649832,0.714
13.0,1.0,1.0,128.0,0.7609427609427609,0.704
13.0,1.0,3.0,2.0,0.8659932659932659,0.752
13.0,1.0,3.0,3.0,0.8659932659932659,0.752
13.0,1.0,3.0,5.0,0.8659932659932659,0.752
13.0,1.0,3.0,8.0,0.8626262626262626,0.756
13.0,1.0,3.0,12.0,0.8498316498316498,0.76
13.0,1.0,3.0,20.0,0.8316498316498316,0.756
13.0,1.0,3.0,32.0,0.8161616161616161,0.746
13.0,1.0,3.0,50.0,0.8,0.736
13.0,1.0,3.0,80.0,0.7791245791245791,0.716
13.0,1.0,3.0,128.0,0.7582491582491582,0.704
13.0,1.0,5.0,2.0,0.8451178451178452,0.764
13.0,1.0,5.0,3.0,0.8451178451178452,0.764
13.0,1.0,5.0,5.0,0.8451178451178452,0.764
13.0,1.0,5.0,8.0,0.8451178451178452,0.764
13.0,1.0,5.0,12.0,0.8451178451178452,0.758
13.0,1.0,5.0,20.0,0.8235690235690235,0.76
13.0,1.0,5.0,32.0,0.81010101010101,0.744
13.0,1.0,5.0,50.0,0.795959595959596,0.736
13.0,1.0,5.0,80.0,0.773063973063973,0.72
13.0,1.0,5.0,128.0,0.7555555555555555,0.708
13.0,1.0,7.0,2.0,0.8329966329966331,0.75
13.0,1.0,7.0,3.0,0.8329966329966331,0.75
13.0,1.0,7.0,5.0,0.8329966329966331,0.75
13.0,1.0,7.0,8.0,0.8329966329966331,0.75
13.0,1.0,7.0,12.0,0.8329966329966331,0.75
13.0,1.0,7.0,20.0,0.820875420875421,0.76
13.0,1.0,7.0,32.0,0.806060606060606,0.752
13.0,1.0,7.0,50.0,0.7932659932659932,0.738
13.0,1.0,7.0,80.0,0.7730639730639731,0.718
13.0,1.0,7.0,128.0,0.7542087542087542,0.708
13.0,1.0,9.0,2.0,0.8235690235690235,0.752
13.0,1.0,9.0,3.0,0.8235690235690235,0.752
13.0,1.0,9.0,5.0,0.8235690235690235,0.752
13.0,1.0,9.0,8.0,0.8235690235690235,0.752
13.0,1.0,9.0,12.0,0.8235690235690235,0.752
13.0,1.0,9.0,20.0,0.8188552188552188,0.754
13.0,1.0,9.0,32.0,0.8033670033670033,0.752
13.0,1.0,9.0,50.0,0.7872053872053872,0.74
13.0,1.0,9.0,80.0,0.7670033670033669,0.72
13.0,1.0,9.0,128.0,0.7501683501683502,0.706
13.0,1.0,11.0,2.0,0.8148148148148149,0.75
13.0,1.0,11.0,3.0,0.8148148148148149,0.75
13.0,1.0,11.0,5.0,0.8148148148148149,0.75
13.0,1.0,11.0,8.0,0.8148148148148149,0.75
13.0,1.0,11.0,12.0,0.8148148148148149,0.75
13.0,1.0,11.0,20.0,0.8148148148148149,0.75
13.0,1.0,11.0,32.0,0.8026936026936028,0.748
13.0,1.0,11.0,50.0,0.7878787878787878,0.738
13.0,1.0,11.0,80.0,0.7696969696969698,0.72
13.0,1.0,11.0,128.0,0.7508417508417509,0.702
13.0,1.0,13.0,2.0,0.8006734006734006,0.746
13.0,1.0,13.0,3.0,0.8006734006734006,0.746
13.0,1.0,13.0,5.0,0.8006734006734006,0.746
13.0,1.0,13.0,8.0,0.8006734006734006,0.746
13.0,1.0,13.0,12.0,0.8006734006734006,0.746
13.0,1.0,13.0,20.0,0.8006734006734006,0.746
13.0,1.0,13.0,32.0,0.7973063973063973,0.746
13.0,1.0,13.0,50.0,0.7831649831649832,0.738
13.0,1.0,13.0,80.0,0.7643097643097644,0.718
13.0,1.0,13.0,128.0,0.7474747474747475,0.7
13.0,1.0,15.0,2.0,0.7932659932659932,0.744
13.0,1.0,15.0,3.0,0.7932659932659932,0.744
13.0,1.0,15.0,5.0,0.7932659932659932,0.744
13.0,1.0,15.0,8.0,0.7932659932659932,0.744
13.0,1.0,15.0,12.0,0.7932659932659932,0.744
13.0,1.0,15.0,20.0,0.7932659932659932,0.744
13.0,1.0,15.0,32.0,0.7898989898989899,0.744
13.0,1.0,15.0,50.0,0.7791245791245791,0.74
13.0,1.0,15.0,80.0,0.7609427609427609,0.716
13.0,1.0,15.0,128.0,0.7461279461279461,0.704
13.0,1.0,17.0,2.0,0.7872053872053872,0.744
13.0,1.0,17.0,3.0,0.7872053872053872,0.744
13.0,1.0,17.0,5.0,0.7872053872053872,0.744
13.0,1.0,17.0,8.0,0.7872053872053872,0.744
13.0,1.0,17.0,12.0,0.7872053872053872,0.744
13.0,1.0,17.0,20.0,0.7872053872053872,0.744
13.0,1.0,17.0,32.0,0.7872053872053872,0.744
13.0,1.0,17.0,50.0,0.7791245791245791,0.738
13.0,1.0,17.0,80.0,0.7602693602693603,0.71
13.0,1.0,17.0,128.0,0.7454545454545455,0.702
13.0,1.0,20.0,2.0,0.7818181818181819,0.742
13.0,1.0,20.0,3.0,0.7818181818181819,0.742
13.0,1.0,20.0,5.0,0.7818181818181819,0.742
13.0,1.0,20.0,8.0,0.7818181818181819,0.742
13.0,1.0,20.0,12.0,0.7818181818181819,0.742
13.0,1.0,20.0,20.0,0.7818181818181819,0.742
13.0,1.0,20.0,32.0,0.7818181818181819,0.742
13.0,1.0,20.0,50.0,0.7771043771043771,0.738
13.0,1.0,20.0,80.0,0.7589225589225589,0.714
13.0,1.0,20.0,128.0,0.7468013468013468,0.704
20.0,0.0,1.0,2.0,0.9003367003367003,0.734
20.0,0.0,1.0,3.0,0.9016835016835018,0.732
20.0,0.0,1.0,5.0,0.8808080808080808,0.728
20.0,0.0,1.0,8.0,0.8336700336700338,0.722
20.0,0.0,1.0,12.0,0.7986531986531986,0.718
20.0,0.0,1.0,20.0,0.7508417508417509,0.708
20.0,0.0,1.0,32.0,0.7232323232323232,0.702
20.0,0.0,1.0,50.0,0.7077441077441078,0.7
20.0,0.0,1.0,80.0,0.7016835016835017,0.7
20.0,0.0,1.0,128.0,0.7003367003367004,0.7
20.0,0.0,3.0,2.0,0.7346801346801347,0.702
20.0,0.0,3.0,3.0,0.7346801346801347,0.702
20.0,0.0,3.0,5.0,0.7346801346801347,0.702
20.0,0.0,3.0,8.0,0.7333333333333334,0.702
20.0,0.0,3.0,12.0,0.7232323232323232,0.7
20.0,0.0,3.0,20.0,0.7151515151515151,0.7
20.0,0.0,3.0,32.0,0.7070707070707071,0.7
20.0,0.0,3.0,50.0,0.7037037037037037,0.7
20.0,0.0,3.0,80.0,0.7010101010101011,0.7
20.0,0.0,3.0,128.0,0.7003367003367004,0.7
20.0,0.0,5.0,2.0,0.7070707070707071,0.7
20.0,0.0,5.0,3.0,0.7070707070707071,0.7
20.0,0.0,5.0,5.0,0.7070707070707071,0.7
20.0,0.0,5.0,8.0,0.7070707070707071,0.7
20.0,0.0,5.0,12.0,0.7077441077441078,0.7
20.0,0.0,5.0,20.0,0.7063973063973064,0.7
20.0,0.0,5.0,32.0,0.703030303030303,0.7
20.0,0.0,5.0,50.0,0.7023569023569024,0.7
20.0,0.0,5.0,80.0,0.7003367003367004,0.7
20.0,0.0,5.0,128.0,0.7003367003367004,0.7
20.0,0.0,7.0,2.0,0.7016835016835017,0.7
20.0,0.0,7.0,3.0,0.7016835016835017,0.7
20.0,0.0,7.0,5.0,0.7016835016835017,0.7
20.0,0.0,7.0,8.0,0.7016835016835017,0.7
20.0,0.0,7.0,12.0,0.7016835016835017,0.7
20.0,0.0,7.0,20.0,0.7016835016835017,0.7
20.0,0.0,7.0,32.0,0.7010101010101011,0.7
20.0,0.0,7.0,50.0,0.7010101010101011,0.7
20.0,0.0,7.0,80.0,0.7003367003367004,0.7
20.0,0.0,7.0,128.0,0.7003367003367004,0.7
20.0,0.0,9.0,2.0,0.7003367003367004,0.7
20.0,0.0,9.0,3.0,0.7003367003367004,0.7
20.0,0.0,9.0,5.0,0.7003367003367004,0.7
20.0,0.0,9.0,8.0,0.7003367003367004,0.7
20.0,0.0,9.0,12.0,0.7003367003367004,0.7
20.0,0.0,9.0,20.0,0.7003367003367004,0.7
20.0,0.0,9.0,32.0,0.7003367003367004,0.7
20.0,0.0,9.0,50.0,0.7003367003367004,0.7
20.0,0.0,9.0,80.0,0.7003367003367004,0.7
20.0,0.0,9.0,128.0,0.7003367003367004,0.7
20.0,0.0,11.0,2.0,0.7003367003367004,0.7
20.0,0.0,11.0,3.0,0.7003367003367004,0.7
20.0,0.0,11.0,5.0,0.7003367003367004,0.7
20.0,0.0,11.0,8.0,0.7003367003367004,0.7
20.0,0.0,11.0,12.0,0.7003367003367004,0.7
20.0,0.0,11.0,20.0,0.7003367003367004,0.7
20.0,0.0,11.0,32.0,0.7003367003367004,0.7
20.0,0.0,11.0,50.0,0.7003367003367004,0.7
20.0,0.0,11.0,80.0,0.7003367003367004,0.7
20.0,0.0,11.0,128.0,0.7003367003367004,0.7
20.0,0.0,13.0,2.0,0.7003367003367004,0.7
20.0,0.0,13.0,3.0,0.7003367003367004,0.7
20.0,0.0,13.0,5.0,0.7003367003367004,0.7
20.0,0.0,13.0,8.0,0.7003367003367004,0.7
20.0,0.0,13.0,12.0,0.7003367003367004,0.7
20.0,0.0,13.0,20.0,0.7003367003367004,0.7
20.0,0.0,13.0,32.0,0.7003367003367004,0.7
20.0,0.0,13.0,50.0,0.7003367003367004,0.7
20.0,0.0,13.0,80.0,0.7003367003367004,0.7
20.0,0.0,13.0,128.0,0.7003367003367004,0.7
20.0,0.0,15.0,2.0,0.7003367003367004,0.7
20.0,0.0,15.0,3.0,0.7003367003367004,0.7
20.0,0.0,15.0,5.0,0.7003367003367004,0.7
20.0,0.0,15.0,8.0,0.7003367003367004,0.7
20.0,0.0,15.0,12.0,0.7003367003367004,0.7
20.0,0.0,15.0,20.0,0.7003367003367004,0.7
20.0,0.0,15.0,32.0,0.7003367003367004,0.7
20.0,0.0,15.0,50.0,0.7003367003367004,0.7
20.0,0.0,15.0,80.0,0.7003367003367004,0.7
20.0,0.0,15.0,128.0,0.7003367003367004,0.7
20.0,0.0,17.0,2.0,0.7003367003367004,0.7
20.0,0.0,17.0,3.0,0.7003367003367004,0.7
20.0,0.0,17.0,5.0,0.7003367003367004,0.7
20.0,0.0,17.0,8.0,0.7003367003367004,0.7
20.0,0.0,17.0,12.0,0.7003367003367004,0.7
20.0,0.0,17.0,20.0,0.7003367003367004,0.7
20.0,0.0,17.0,32.0,0.7003367003367004,0.7
20.0,0.0,17.0,50.0,0.7003367003367004,0.7
20.0,0.0,17.0,80.0,0.7003367003367004,0.7
20.0,0.0,17.0,128.0,0.7003367003367004,0.7
20.0,0.0,20.0,2.0,0.7003367003367004,0.7
20.0,0.0,20.0,3.0,0.7003367003367004,0.7
20.0,0.0,20.0,5.0,0.7003367003367004,0.7
20.0,0.0,20.0,8.0,0.7003367003367004,0.7
20.0,0.0,20.0,12.0,0.7003367003367004,0.7
20.0,0.0,20.0,20.0,0.7003367003367004,0.7
20.0,0.0,20.0,32.0,0.7003367003367004,0.7
20.0,0.0,20.0,50.0,0.7003367003367004,0.7
20.0,0.0,20.0,80.0,0.7003367003367004,0.7
20.0,0.0,20.0,128.0,0.7003367003367004,0.7
20.0,0.11111111,1.0,2.0,0.898989898989899,0.758
20.0,0.11111111,1.0,3.0,0.9016835016835018,0.756
20.0,0.11111111,1.0,5.0,0.8875420875420875,0.75
20.0,0.11111111,1.0,8.0,0.8538720538720538,0.738
20.0,0.11111111,1.0,12.0,0.8188552188552188,0.73
20.0,0.11111111,1.0,20.0,0.7851851851851851,0.718
20.0,0.11111111,1.0,32.0,0.7508417508417509,0.712
20.0,0.11111111,1.0,50.0,0.734006734006734,0.712
20.0,0.11111111,1.0,80.0,0.7104377104377104,0.704
20.0,0.11111111,1.0,128.0,0.7037037037037037,0.7
20.0,0.11111111,3.0,2.0,0.7878787878787878,0.708
20.0,0.11111111,3.0,3.0,0.7878787878787878,0.708
20.0,0.11111111,3.0,5.0,0.7878787878787878,0.708
20.0,0.11111111,3.0,8.0,0.7838383838383838,0.71
20.0,0.11111111,3.0,12.0,0.7723905723905723,0.716
20.0,0.11111111,3.0,20.0,0.7528619528619529,0.71
20.0,0.11111111,3.0,32.0,0.7387205387205388,0.712
20.0,0.11111111,3.0,50.0,0.7252525252525253,0.706
20.0,0.11111111,3.0,80.0,0.7077441077441078,0.702
20.0,0.11111111,3.0,128.0,0.703030303030303,0.7
20.0,0.11111111,5.0,2.0,0.7461279461279461,0.712
20.0,0.11111111,5.0,3.0,0.7461279461279461,0.712
20.0,0.11111111,5.0,5.0,0.7461279461279461,0.712
20.0,0.11111111,5.0,8.0,0.7461279461279461,0.712
20.0,0.11111111,5.0,12.0,0.7454545454545454,0.708
20.0,0.11111111,5.0,20.0,0.7367003367003366,0.71
20.0,0.11111111,5.0,32.0,0.7299663299663299,0.71
20.0,0.11111111,5.0,50.0,0.7178451178451178,0.704
20.0,0.11111111,5.0,80.0,0.7077441077441078,0.702
20.0,0.11111111,5.0,128.0,0.7023569023569024,0.7
20.0,0.11111111,7.0,2.0,0.7279461279461279,0.706
20.0,0.11111111,7.0,3.0,0.7279461279461279,0.706
20.0,0.11111111,7.0,5.0,0.7279461279461279,0.706
20.0,0.11111111,7.0,8.0,0.7279461279461279,0.706
20.0,0.11111111,7.0,12.0,0.7279461279461279,0.706
20.0,0.11111111,7.0,20.0,0.7252525252525253,0.706
20.0,0.11111111,7.0,32.0,0.7205387205387206,0.704
20.0,0.11111111,7.0,50.0,0.711111111111111,0.702
20.0,0.11111111,7.0,80.0,0.7070707070707071,0.702
20.0,0.11111111,7.0,128.0,0.7016835016835017,0.7
20.0,0.11111111,9.0,2.0,0.7171717171717171,0.704
20.0,0.11111111,9.0,3.0,0.7171717171717171,0.704
20.0,0.11111111,9.0,5.0,0.7171717171717171,0.704
20.0,0.11111111,9.0,8.0,0.7171717171717171,0.704
20.0,0.11111111,9.0,12.0,0.7171717171717171,0.704
20.0,0.11111111,9.0,20.0,0.7158249158249158,0.702
20.0,0.11111111,9.0,32.0,0.7124579124579125,0.702
20.0,0.11111111,9.0,50.0,0.7084175084175085,0.702
20.0,0.11111111,9.0,80.0,0.7050505050505051,0.7
20.0,0.11111111,9.0,128.0,0.7016835016835017,0.7
20.0,0.11111111,11.0,2.0,0.7084175084175085,0.702
20.0,0.11111111,11.0,3.0,0.7084175084175085,0.702
20.0,0.11111111,11.0,5.0,0.7084175084175085,0.702
20.0,0.11111111,11.0,8.0,0.7084175084175085,0.702
20.0,0.11111111,11.0,12.0,0.7084175084175085,0.702
20.0,0.11111111,11.0,20.0,0.7084175084175085,0.702
20.0,0.11111111,11.0,32.0,0.7077441077441078,0.7
20.0,0.11111111,11.0,50.0,0.7050505050505051,0.702
20.0,0.11111111,11.0,80.0,0.7043771043771044,0.7
20.0,0.11111111,11.0,128.0,0.7010101010101011,0.7
20.0,0.11111111,13.0,2.0,0.7050505050505051,0.7
20.0,0.11111111,13.0,3.0,0.7050505050505051,0.7
20.0,0.11111111,13.0,5.0,0.7050505050505051,0.7
20.0,0.11111111,13.0,8.0,0.7050505050505051,0.7
20.0,0.11111111,13.0,12.0,0.7050505050505051,0.7
20.0,0.11111111,13.0,20.0,0.7050505050505051,0.7
20.0,0.11111111,13.0,32.0,0.7050505050505051,0.7
20.0,0.11111111,13.0,50.0,0.7050505050505051,0.7
20.0,0.11111111,13.0,80.0,0.703030303030303,0.7
20.0,0.11111111,13.0,128.0,0.7010101010101011,0.7
20.0,0.11111111,15.0,2.0,0.7050505050505051,0.7
20.0,0.11111111,15.0,3.0,0.7050505050505051,0.7
20.0,0.11111111,15.0,5.0,0.7050505050505051,0.7
20.0,0.11111111,15.0,8.0,0.7050505050505051,0.7
20.0,0.11111111,15.0,12.0,0.7050505050505051,0.7
20.0,0.11111111,15.0,20.0,0.7050505050505051,0.7
20.0,0.11111111,15.0,32.0,0.7050505050505051,0.7
20.0,0.11111111,15.0,50.0,0.7050505050505051,0.7
20.0,0.11111111,15.0,80.0,0.7016835016835017,0.7
20.0,0.11111111,15.0,128.0,0.7010101010101011,0.7
20.0,0.11111111,17.0,2.0,0.7023569023569024,0.7
20.0,0.11111111,17.0,3.0,0.7023569023569024,0.7
20.0,0.11111111,17.0,5.0,0.7023569023569024,0.7
20.0,0.11111111,17.0,8.0,0.7023569023569024,0.7
20.0,0.11111111,17.0,12.0,0.7023569023569024,0.7
20.0,0.11111111,17.0,20.0,0.7023569023569024,0.7
20.0,0.11111111,17.0,32.0,0.7023569023569024,0.7
20.0,0.11111111,17.0,50.0,0.7023569023569024,0.7
20.0,0.11111111,17.0,80.0,0.7010101010101011,0.7
20.0,0.11111111,17.0,128.0,0.7003367003367004,0.7
20.0,0.11111111,20.0,2.0,0.7003367003367004,0.7
20.0,0.11111111,20.0,3.0,0.7003367003367004,0.7
20.0,0.11111111,20.0,5.0,0.7003367003367004,0.7
20.0,0.11111111,20.0,8.0,0.7003367003367004,0.7
20.0,0.11111111,20.0,12.0,0.7003367003367004,0.7
20.0,0.11111111,20.0,20.0,0.7003367003367004,0.7
20.0,0.11111111,20.0,32.0,0.7003367003367004,0.7
20.0,0.11111111,20.0,50.0,0.7003367003367004,0.7
20.0,0.11111111,20.0,80.0,0.7003367003367004,0.7
20.0,0.11111111,20.0,128.0,0.7003367003367004,0.7
20.0,0.22222222,1.0,2.0,0.898989898989899,0.758
20.0,0.22222222,1.0,3.0,0.9016835016835018,0.756
20.0,0.22222222,1.0,5.0,0.8875420875420875,0.75
20.0,0.22222222,1.0,8.0,0.8538720538720538,0.738
20.0,0.22222222,1.0,12.0,0.8188552188552188,0.73
20.0,0.22222222,1.0,20.0,0.7851851851851851,0.718
20.0,0.22222222,1.0,32.0,0.7508417508417509,0.712
20.0,0.22222222,1.0,50.0,0.734006734006734,0.712
20.0,0.22222222,1.0,80.0,0.7104377104377104,0.704
20.0,0.22222222,1.0,128.0,0.7037037037037037,0.7
20.0,0.22222222,3.0,2.0,0.7878787878787878,0.708
20.0,0.22222222,3.0,3.0,0.7878787878787878,0.708
20.0,0.22222222,3.0,5.0,0.7878787878787878,0.708
20.0,0.22222222,3.0,8.0,0.7838383838383838,0.71
20.0,0.22222222,3.0,12.0,0.7723905723905723,0.716
20.0,0.22222222,3.0,20.0,0.7528619528619529,0.71
20.0,0.22222222,3.0,32.0,0.7387205387205388,0.712
20.0,0.22222222,3.0,50.0,0.7252525252525253,0.706
20.0,0.22222222,3.0,80.0,0.7077441077441078,0.702
20.0,0.22222222,3.0,128.0,0.703030303030303,0.7
20.0,0.22222222,5.0,2.0,0.7461279461279461,0.712
20.0,0.22222222,5.0,3.0,0.7461279461279461,0.712
20.0,0.22222222,5.0,5.0,0.7461279461279461,0.712
20.0,0.22222222,5.0,8.0,0.7461279461279461,0.712
20.0,0.22222222,5.0,12.0,0.7454545454545454,0.708
20.0,0.22222222,5.0,20.0,0.7367003367003366,0.71
20.0,0.22222222,5.0,32.0,0.7299663299663299,0.71
20.0,0.22222222,5.0,50.0,0.7178451178451178,0.704
20.0,0.22222222,5.0,80.0,0.7077441077441078,0.702
20.0,0.22222222,5.0,128.0,0.7023569023569024,0.7
20.0,0.22222222,7.0,2.0,0.7279461279461279,0.706
20.0,0.22222222,7.0,3.0,0.7279461279461279,0.706
20.0,0.22222222,7.0,5.0,0.7279461279461279,0.706
20.0,0.22222222,7.0,8.0,0.7279461279461279,0.706
20.0,0.22222222,7.0,12.0,0.7279461279461279,0.706
20.0,0.22222222,7.0,20.0,0.7252525252525253,0.706
20.0,0.22222222,7.0,32.0,0.7205387205387206,0.704
20.0,0.22222222,7.0,50.0,0.711111111111111,0.702
20.0,0.22222222,7.0,80.0,0.7070707070707071,0.702
20.0,0.22222222,7.0,128.0,0.7016835016835017,0.7
20.0,0.22222222,9.0,2.0,0.7171717171717171,0.704
20.0,0.22222222,9.0,3.0,0.7171717171717171,0.704
20.0,0.22222222,9.0,5.0,0.7171717171717171,0.704
20.0,0.22222222,9.0,8.0,0.7171717171717171,0.704
20.0,0.22222222,9.0,12.0,0.7171717171717171,0.704
20.0,0.22222222,9.0,20.0,0.7158249158249158,0.702
20.0,0.22222222,9.0,32.0,0.7124579124579125,0.702
20.0,0.22222222,9.0,50.0,0.7084175084175085,0.702
20.0,0.22222222,9.0,80.0,0.7050505050505051,0.7
20.0,0.22222222,9.0,128.0,0.7016835016835017,0.7
20.0,0.22222222,11.0,2.0,0.7084175084175085,0.702
20.0,0.22222222,11.0,3.0,0.7084175084175085,0.702
20.0,0.22222222,11.0,5.0,0.7084175084175085,0.702
20.0,0.22222222,11.0,8.0,0.7084175084175085,0.702
20.0,0.22222222,11.0,12.0,0.7084175084175085,0.702
20.0,0.22222222,11.0,20.0,0.7084175084175085,0.702
20.0,0.22222222,11.0,32.0,0.7077441077441078,0.7
20.0,0.22222222,11.0,50.0,0.7050505050505051,0.702
20.0,0.22222222,11.0,80.0,0.7043771043771044,0.7
20.0,0.22222222,11.0,128.0,0.7010101010101011,0.7
20.0,0.22222222,13.0,2.0,0.7050505050505051,0.7
20.0,0.22222222,13.0,3.0,0.7050505050505051,0.7
20.0,0.22222222,13.0,5.0,0.7050505050505051,0.7
20.0,0.22222222,13.0,8.0,0.7050505050505051,0.7
20.0,0.22222222,13.0,12.0,0.7050505050505051,0.7
20.0,0.22222222,13.0,20.0,0.7050505050505051,0.7
20.0,0.22222222,13.0,32.0,0.7050505050505051,0.7
20.0,0.22222222,13.0,50.0,0.7050505050505051,0.7
20.0,0.22222222,13.0,80.0,0.703030303030303,0.7
20.0,0.22222222,13.0,128.0,0.7010101010101011,0.7
20.0,0.22222222,15.0,2.0,0.7050505050505051,0.7
20.0,0.22222222,15.0,3.0,0.7050505050505051,0.7
20.0,0.22222222,15.0,5.0,0.7050505050505051,0.7
20.0,0.22222222,15.0,8.0,0.7050505050505051,0.7
20.0,0.22222222,15.0,12.0,0.7050505050505051,0.7
20.0,0.22222222,15.0,20.0,0.7050505050505051,0.7
20.0,0.22222222,15.0,32.0,0.7050505050505051,0.7
20.0,0.22222222,15.0,50.0,0.7050505050505051,0.7
20.0,0.22222222,15.0,80.0,0.7016835016835017,0.7
20.0,0.22222222,15.0,128.0,0.7010101010101011,0.7
20.0,0.22222222,17.0,2.0,0.7023569023569024,0.7
20.0,0.22222222,17.0,3.0,0.7023569023569024,0.7
20.0,0.22222222,17.0,5.0,0.7023569023569024,0.7
20.0,0.22222222,17.0,8.0,0.7023569023569024,0.7
20.0,0.22222222,17.0,12.0,0.7023569023569024,0.7
20.0,0.22222222,17.0,20.0,0.7023569023569024,0.7
20.0,0.22222222,17.0,32.0,0.7023569023569024,0.7
20.0,0.22222222,17.0,50.0,0.7023569023569024,0.7
20.0,0.22222222,17.0,80.0,0.7010101010101011,0.7
20.0,0.22222222,17.0,128.0,0.7003367003367004,0.7
20.0,0.22222222,20.0,2.0,0.7003367003367004,0.7
20.0,0.22222222,20.0,3.0,0.7003367003367004,0.7
20.0,0.22222222,20.0,5.0,0.7003367003367004,0.7
20.0,0.22222222,20.0,8.0,0.7003367003367004,0.7
20.0,0.22222222,20.0,12.0,0.7003367003367004,0.7
20.0,0.22222222,20.0,20.0,0.7003367003367004,0.7
20.0,0.22222222,20.0,32.0,0.7003367003367004,0.7
20.0,0.22222222,20.0,50.0,0.7003367003367004,0.7
20.0,0.22222222,20.0,80.0,0.7003367003367004,0.7
20.0,0.22222222,20.0,128.0,0.7003367003367004,0.7
20.0,0.33333334,1.0,2.0,0.9043771043771043,0.788
20.0,0.33333334,1.0,3.0,0.9016835016835018,0.782
20.0,0.33333334,1.0,5.0,0.8969696969696969,0.786
20.0,0.33333334,1.0,8.0,0.8693602693602693,0.772
20.0,0.33333334,1.0,12.0,0.8451178451178452,0.77
20.0,0.33333334,1.0,20.0,0.8222222222222222,0.758
20.0,0.33333334,1.0,32.0,0.7912457912457913,0.734
20.0,0.33333334,1.0,50.0,0.7656565656565657,0.73
20.0,0.33333334,1.0,80.0,0.7407407407407407,0.712
20.0,0.33333334,1.0,128.0,0.7144781144781145,0.704
20.0,0.33333334,3.0,2.0,0.835016835016835,0.756
20.0,0.33333334,3.0,3.0,0.835016835016835,0.756
20.0,0.33333334,3.0,5.0,0.835016835016835,0.756
20.0,0.33333334,3.0,8.0,0.8323232323232324,0.754
20.0,0.33333334,3.0,12.0,0.8222222222222222,0.748
20.0,0.33333334,3.0,20.0,0.806060606060606,0.744
20.0,0.33333334,3.0,32.0,0.7824915824915826,0.726
20.0,0.33333334,3.0,50.0,0.7582491582491583,0.724
20.0,0.33333334,3.0,80.0,0.7400673400673401,0.716
20.0,0.33333334,3.0,128.0,0.7138047138047139,0.706
20.0,0.33333334,5.0,2.0,0.8020202020202021,0.744
20.0,0.33333334,5.0,3.0,0.8020202020202021,0.744
20.0,0.33333334,5.0,5.0,0.8020202020202021,0.744
20.0,0.33333334,5.0,8.0,0.8020202020202021,0.744
20.0,0.33333334,5.0,12.0,0.8,0.736
20.0,0.33333334,5.0,20.0,0.78989898989899,0.74
20.0,0.33333334,5.0,32.0,0.773063973063973,0.724
20.0,0.33333334,5.0,50.0,0.7535353535353535,0.716
20.0,0.33333334,5.0,80.0,0.7367003367003366,0.714
20.0,0.33333334,5.0,128.0,0.7124579124579125,0.706
20.0,0.33333334,7.0,2.0,0.7804713804713804,0.718
20.0,0.33333334,7.0,3.0,0.7804713804713804,0.718
20.0,0.33333334,7.0,5.0,0.7804713804713804,0.718
20.0,0.33333334,7.0,8.0,0.7804713804713804,0.718
20.0,0.33333334,7.0,12.0,0.7804713804713804,0.718
20.0,0.33333334,7.0,20.0,0.7771043771043771,0.72
20.0,0.33333334,7.0,32.0,0.7609427609427609,0.714
20.0,0.33333334,7.0,50.0,0.7474747474747475,0.71
20.0,0.33333334,7.0,80.0,0.7326599326599326,0.714
20.0,0.33333334,7.0,128.0,0.7117845117845117,0.708
20.0,0.33333334,9.0,2.0,0.762962962962963,0.716
20.0,0.33333334,9.0,3.0,0.762962962962963,0.716
20.0,0.33333334,9.0,5.0,0.762962962962963,0.716
20.0,0.33333334,9.0,8.0,0.762962962962963,0.716
20.0,0.33333334,9.0,12.0,0.762962962962963,0.716
20.0,0.33333334,9.0,20.0,0.7643097643097643,0.718
20.0,0.33333334,9.0,32.0,0.7542087542087541,0.716
20.0,0.33333334,9.0,50.0,0.7454545454545454,0.71
20.0,0.33333334,9.0,80.0,0.7292929292929292,0.708
20.0,0.33333334,9.0,128.0,0.7117845117845117,0.708
20.0,0.33333334,11.0,2.0,0.7508417508417509,0.708
20.0,0.33333334,11.0,3.0,0.7508417508417509,0.708
20.0,0.33333334,11.0,5.0,0.7508417508417509,0.708
20.0,0.33333334,11.0,8.0,0.7508417508417509,0.708
20.0,0.33333334,11.0,12.0,0.7508417508417509,0.708
20.0,0.33333334,11.0,20.0,0.7508417508417509,0.708
20.0,0.33333334,11.0,32.0,0.7488215488215488,0.712
20.0,0.33333334,11.0,50.0,0.7387205387205388,0.706
20.0,0.33333334,11.0,80.0,0.7252525252525253,0.706
20.0,0.33333334,11.0,128.0,0.711111111111111,0.706
20.0,0.33333334,13.0,2.0,0.7434343434343434,0.708
20.0,0.33333334,13.0,3.0,0.7434343434343434,0.708
20.0,0.33333334,13.0,5.0,0.7434343434343434,0.708
20.0,0.33333334,13.0,8.0,0.7434343434343434,0.708
20.0,0.33333334,13.0,12.0,0.7434343434343434,0.708
20.0,0.33333334,13.0,20.0,0.7434343434343434,0.708
20.0,0.33333334,13.0,32.0,0.7400673400673401,0.708
20.0,0.33333334,13.0,50.0,0.7346801346801347,0.708
20.0,0.33333334,13.0,80.0,0.7218855218855219,0.706
20.0,0.33333334,13.0,128.0,0.711111111111111,0.704
20.0,0.33333334,15.0,2.0,0.7353535353535354,0.71
20.0,0.33333334,15.0,3.0,0.7353535353535354,0.71
20.0,0.33333334,15.0,5.0,0.7353535353535354,0.71
20.0,0.33333334,15.0,8.0,0.7353535353535354,0.71
20.0,0.33333334,15.0,12.0,0.7353535353535354,0.71
20.0,0.33333334,15.0,20.0,0.7353535353535354,0.71
20.0,0.33333334,15.0,32.0,0.734006734006734,0.71
20.0,0.33333334,15.0,50.0,0.7286195286195286,0.708
20.0,0.33333334,15.0,80.0,0.7171717171717172,0.706
20.0,0.33333334,15.0,128.0,0.7084175084175085,0.704
20.0,0.33333334,17.0,2.0,0.7279461279461279,0.708
20.0,0.33333334,17.0,3.0,0.7279461279461279,0.708
20.0,0.33333334,17.0,5.0,0.7279461279461279,0.708
20.0,0.33333334,17.0,8.0,0.7279461279461279,0.708
20.0,0.33333334,17.0,12.0,0.7279461279461279,0.708
20.0,0.33333334,17.0,20.0,0.7279461279461279,0.708
20.0,0.33333334,17.0,32.0,0.7279461279461279,0.708
20.0,0.33333334,17.0,50.0,0.7265993265993267,0.706
20.0,0.33333334,17.0,80.0,0.7144781144781145,0.706
20.0,0.33333334,17.0,128.0,0.7057239057239058,0.704
20.0,0.33333334,20.0,2.0,0.7178451178451178,0.708
20.0,0.33333334,20.0,3.0,0.7178451178451178,0.708
20.0,0.33333334,20.0,5.0,0.7178451178451178,0.708
20.0,0.33333334,20.0,8.0,0.7178451178451178,0.708
20.0,0.33333334,20.0,12.0,0.7178451178451178,0.708
20.0,0.33333334,20.0,20.0,0.7178451178451178,0.708
20.0,0.33333334,20.0,32.0,0.7178451178451178,0.708
20.0,0.33333334,20.0,50.0,0.7171717171717172,0.704
20.0,0.33333334,20.0,80.0,0.7084175084175085,0.706
20.0,0.33333334,20.0,128.0,0.7050505050505051,0.702
20.0,0.44444445,1.0,2.0,0.8976430976430976,0.798
20.0,0.44444445,1.0,3.0,0.8962962962962964,0.79
20.0,0.44444445,1.0,5.0,0.8895622895622897,0.798
20.0,0.44444445,1.0,8.0,0.8760942760942761,0.792
20.0,0.44444445,1.0,12.0,0.8565656565656565,0.778
20.0,0.44444445,1.0,20.0,0.8296296296296296,0.768
20.0,0.44444445,1.0,32.0,0.8013468013468014,0.754
20.0,0.44444445,1.0,50.0,0.7784511784511784,0.738
20.0,0.44444445,1.0,80.0,0.7535353535353535,0.726
20.0,0.44444445,1.0,128.0,0.7367003367003366,0.71
20.0,0.44444445,3.0,2.0,0.8585858585858587,0.766
20.0,0.44444445,3.0,3.0,0.8585858585858587,0.766
20.0,0.44444445,3.0,5.0,0.8585858585858587,0.766
20.0,0.44444445,3.0,8.0,0.8505050505050505,0.786
20.0,0.44444445,3.0,12.0,0.8397306397306398,0.778
20.0,0.44444445,3.0,20.0,0.8202020202020203,0.756
20.0,0.44444445,3.0,32.0,0.795959595959596,0.748
20.0,0.44444445,3.0,50.0,0.775084175084175,0.734
20.0,0.44444445,3.0,80.0,0.7535353535353535,0.718
20.0,0.44444445,3.0,128.0,0.734006734006734,0.71
20.0,0.44444445,5.0,2.0,0.8249158249158249,0.764
20.0,0.44444445,5.0,3.0,0.8249158249158249,0.764
20.0,0.44444445,5.0,5.0,0.8249158249158249,0.764
20.0,0.44444445,5.0,8.0,0.8249158249158249,0.764
20.0,0.44444445,5.0,12.0,0.8175084175084175,0.774
20.0,0.44444445,5.0,20.0,0.8094276094276094,0.754
20.0,0.44444445,5.0,32.0,0.7919191919191919,0.744
20.0,0.44444445,5.0,50.0,0.7683501683501683,0.732
20.0,0.44444445,5.0,80.0,0.7488215488215488,0.716
20.0,0.44444445,5.0,128.0,0.7313131313131314,0.708
20.0,0.44444445,7.0,2.0,0.8013468013468014,0.75
20.0,0.44444445,7.0,3.0,0.8013468013468014,0.75
20.0,0.44444445,7.0,5.0,0.8013468013468014,0.75
20.0,0.44444445,7.0,8.0,0.8013468013468014,0.75
20.0,0.44444445,7.0,12.0,0.8013468013468014,0.75
20.0,0.44444445,7.0,20.0,0.7946127946127947,0.742
20.0,0.44444445,7.0,32.0,0.7797979797979797,0.74
20.0,0.44444445,7.0,50.0,0.7636363636363637,0.732
20.0,0.44444445,7.0,80.0,0.7481481481481482,0.716
20.0,0.44444445,7.0,128.0,0.7306397306397306,0.708
20.0,0.44444445,9.0,2.0,0.7838383838383838,0.734
20.0,0.44444445,9.0,3.0,0.7838383838383838,0.734
20.0,0.44444445,9.0,5.0,0.7838383838383838,0.734
20.0,0.44444445,9.0,8.0,0.7838383838383838,0.734
20.0,0.44444445,9.0,12.0,0.7838383838383838,0.734
20.0,0.44444445,9.0,20.0,0.7845117845117845,0.738
20.0,0.44444445,9.0,32.0,0.7696969696969698,0.74
20.0,0.44444445,9.0,50.0,0.756902356902357,0.726
20.0,0.44444445,9.0,80.0,0.7468013468013468,0.716
20.0,0.44444445,9.0,128.0,0.7279461279461279,0.708
20.0,0.44444445,11.0,2.0,0.7723905723905724,0.732
20.0,0.44444445,11.0,3.0,0.7723905723905724,0.732
20.0,0.44444445,11.0,5.0,0.7723905723905724,0.732
20.0,0.44444445,11.0,8.0,0.7723905723905724,0.732
20.0,0.44444445,11.0,12.0,0.7723905723905724,0.732
20.0,0.44444445,11.0,20.0,0.7723905723905724,0.732
20.0,0.44444445,11.0,32.0,0.769023569023569,0.73
20.0,0.44444445,11.0,50.0,0.7521885521885522,0.724
20.0,0.44444445,11.0,80.0,0.7447811447811448,0.714
20.0,0.44444445,11.0,128.0,0.7279461279461279,0.702
20.0,0.44444445,13.0,2.0,0.7656565656565657,0.722
20.0,0.44444445,13.0,3.0,0.7656565656565657,0.722
20.0,0.44444445,13.0,5.0,0.7656565656565657,0.722
20.0,0.44444445,13.0,8.0,0.7656565656565657,0.722
20.0,0.44444445,13.0,12.0,0.7656565656565657,0.722
20.0,0.44444445,13.0,20.0,0.7656565656565657,0.722
20.0,0.44444445,13.0,32.0,0.762962962962963,0.722
20.0,0.44444445,13.0,50.0,0.7501683501683502,0.722
20.0,0.44444445,13.0,80.0,0.7407407407407407,0.712
20.0,0.44444445,13.0,128.0,0.7218855218855219,0.702
20.0,0.44444445,15.0,2.0,0.7562289562289563,0.718
20.0,0.44444445,15.0,3.0,0.7562289562289563,0.718
20.0,0.44444445,15.0,5.0,0.7562289562289563,0.718
20.0,0.44444445,15.0,8.0,0.7562289562289563,0.718
20.0,0.44444445,15.0,12.0,0.7562289562289563,0.718
20.0,0.44444445,15.0,20.0,0.7562289562289563,0.718
20.0,0.44444445,15.0,32.0,0.7595959595959596,0.718
20.0,0.44444445,15.0,50.0,0.7461279461279461,0.724
20.0,0.44444445,15.0,80.0,0.736026936026936,0.712
20.0,0.44444445,15.0,128.0,0.7212121212121213,0.704
20.0,0.44444445,17.0,2.0,0.7494949494949494,0.724
20.0,0.44444445,17.0,3.0,0.7494949494949494,0.724
20.0,0.44444445,17.0,5.0,0.7494949494949494,0.724
20.0,0.44444445,17.0,8.0,0.7494949494949494,0.724
20.0,0.44444445,17.0,12.0,0.7494949494949494,0.724
20.0,0.44444445,17.0,20.0,0.7494949494949494,0.724
20.0,0.44444445,17.0,32.0,0.7494949494949494,0.724
20.0,0.44444445,17.0,50.0,0.7441077441077442,0.718
20.0,0.44444445,17.0,80.0,0.731986531986532,0.704
20.0,0.44444445,17.0,128.0,0.7198653198653199,0.704
20.0,0.44444445,20.0,2.0,0.7387205387205388,0.71
20.0,0.44444445,20.0,3.0,0.7387205387205388,0.71
20.0,0.44444445,20.0,5.0,0.7387205387205388,0.71
20.0,0.44444445,20.0,8.0,0.7387205387205388,0.71
20.0,0.44444445,20.0,12.0,0.7387205387205388,0.71
20.0,0.44444445,20.0,20.0,0.7387205387205388,0.71
20.0,0.44444445,20.0,32.0,0.7387205387205388,0.71
20.0,0.44444445,20.0,50.0,0.7380471380471381,0.712
20.0,0.44444445,20.0,80.0,0.7299663299663299,0.706
20.0,0.44444445,20.0,128.0,0.7151515151515151,0.704
20.0,0.5555556,1.0,2.0,0.8942760942760943,0.786
20.0,0.5555556,1.0,3.0,0.8922558922558922,0.776
20.0,0.5555556,1.0,5.0,0.8882154882154882,0.78
20.0,0.5555556,1.0,8.0,0.8767676767676769,0.782
20.0,0.5555556,1.0,12.0,0.8666666666666666,0.786
20.0,0.5555556,1.0,20.0,0.8356902356902356,0.778
20.0,0.5555556,1.0,32.0,0.8107744107744107,0.768
20.0,0.5555556,1.0,50.0,0.793939393939394,0.746
20.0,0.5555556,1.0,80.0,0.7717171717171717,0.728
20.0,0.5555556,1.0,128.0,0.7461279461279462,0.726
20.0,0.5555556,3.0,2.0,0.8626262626262626,0.78
20.0,0.5555556,3.0,3.0,0.8626262626262626,0.78
20.0,0.5555556,3.0,5.0,0.8626262626262626,0.78
20.0,0.5555556,3.0,8.0,0.8592592592592594,0.78
20.0,0.5555556,3.0,12.0,0.8471380471380471,0.78
20.0,0.5555556,3.0,20.0,0.8262626262626263,0.784
20.0,0.5555556,3.0,32.0,0.8067340067340067,0.762
20.0,0.5555556,3.0,50.0,0.7898989898989899,0.748
20.0,0.5555556,3.0,80.0,0.7703703703703704,0.726
20.0,0.5555556,3.0,128.0,0.7441077441077442,0.726
20.0,0.5555556,5.0,2.0,0.8323232323232324,0.78
20.0,0.5555556,5.0,3.0,0.8323232323232324,0.78
20.0,0.5555556,5.0,5.0,0.8323232323232324,0.78
20.0,0.5555556,5.0,8.0,0.8323232323232324,0.78
20.0,0.5555556,5.0,12.0,0.8282828282828284,0.786
20.0,0.5555556,5.0,20.0,0.8195286195286196,0.78
20.0,0.5555556,5.0,32.0,0.7986531986531986,0.762
20.0,0.5555556,5.0,50.0,0.7851851851851852,0.742
20.0,0.5555556,5.0,80.0,0.7676767676767676,0.726
20.0,0.5555556,5.0,128.0,0.7447811447811448,0.724
20.0,0.5555556,7.0,2.0,0.8154882154882156,0.78
20.0,0.5555556,7.0,3.0,0.8154882154882156,0.78
20.0,0.5555556,7.0,5.0,0.8154882154882156,0.78
20.0,0.5555556,7.0,8.0,0.8154882154882156,0.78
20.0,0.5555556,7.0,12.0,0.8154882154882156,0.78
20.0,0.5555556,7.0,20.0,0.8094276094276094,0.768
20.0,0.5555556,7.0,32.0,0.793939393939394,0.76
20.0,0.5555556,7.0,50.0,0.7804713804713804,0.742
20.0,0.5555556,7.0,80.0,0.7656565656565657,0.732
20.0,0.5555556,7.0,128.0,0.7427609427609427,0.722
20.0,0.5555556,9.0,2.0,0.8013468013468014,0.772
20.0,0.5555556,9.0,3.0,0.8013468013468014,0.772
20.0,0.5555556,9.0,5.0,0.8013468013468014,0.772
20.0,0.5555556,9.0,8.0,0.8013468013468014,0.772
20.0,0.5555556,9.0,12.0,0.8013468013468014,0.772
20.0,0.5555556,9.0,20.0,0.8013468013468014,0.772
20.0,0.5555556,9.0,32.0,0.7831649831649832,0.754
20.0,0.5555556,9.0,50.0,0.7771043771043771,0.738
20.0,0.5555556,9.0,80.0,0.7602693602693603,0.72
20.0,0.5555556,9.0,128.0,0.7407407407407407,0.72
20.0,0.5555556,11.0,2.0,0.7912457912457912,0.756
20.0,0.5555556,11.0,3.0,0.7912457912457912,0.756
20.0,0.5555556,11.0,5.0,0.7912457912457912,0.756
20.0,0.5555556,11.0,8.0,0.7912457912457912,0.756
20.0,0.5555556,11.0,12.0,0.7912457912457912,0.756
20.0,0.5555556,11.0,20.0,0.7912457912457912,0.756
20.0,0.5555556,11.0,32.0,0.7804713804713804,0.744
20.0,0.5555556,11.0,50.0,0.771043771043771,0.738
20.0,0.5555556,11.0,80.0,0.7582491582491583,0.722
20.0,0.5555556,11.0,128.0,0.7407407407407407,0.716
20.0,0.5555556,13.0,2.0,0.7777777777777778,0.748
20.0,0.5555556,13.0,3.0,0.7777777777777778,0.748
20.0,0.5555556,13.0,5.0,0.7777777777777778,0.748
20.0,0.5555556,13.0,8.0,0.7777777777777778,0.748
20.0,0.5555556,13.0,12.0,0.7777777777777778,0.748
20.0,0.5555556,13.0,20.0,0.7777777777777778,0.748
20.0,0.5555556,13.0,32.0,0.7791245791245791,0.742
20.0,0.5555556,13.0,50.0,0.7696969696969698,0.726
20.0,0.5555556,13.0,80.0,0.7542087542087542,0.72
20.0,0.5555556,13.0,128.0,0.7380471380471381,0.712
20.0,0.5555556,15.0,2.0,0.7737373737373737,0.736
20.0,0.5555556,15.0,3.0,0.7737373737373737,0.736
20.0,0.5555556,15.0,5.0,0.7737373737373737,0.736
20.0,0.5555556,15.0,8.0,0.7737373737373737,0.736
20.0,0.5555556,15.0,12.0,0.7737373737373737,0.736
20.0,0.5555556,15.0,20.0,0.7737373737373737,0.736
20.0,0.5555556,15.0,32.0,0.7703703703703704,0.74
20.0,0.5555556,15.0,50.0,0.760942760942761,0.728
20.0,0.5555556,15.0,80.0,0.7535353535353535,0.718
20.0,0.5555556,15.0,128.0,0.7393939393939394,0.712
20.0,0.5555556,17.0,2.0,0.7676767676767676,0.726
20.0,0.5555556,17.0,3.0,0.7676767676767676,0.726
20.0,0.5555556,17.0,5.0,0.7676767676767676,0.726
20.0,0.5555556,17.0,8.0,0.7676767676767676,0.726
20.0,0.5555556,17.0,12.0,0.7676767676767676,0.726
20.0,0.5555556,17.0,20.0,0.7676767676767676,0.726
20.0,0.5555556,17.0,32.0,0.7676767676767676,0.726
20.0,0.5555556,17.0,50.0,0.7636363636363637,0.72
20.0,0.5555556,17.0,80.0,0.7501683501683502,0.718
20.0,0.5555556,17.0,128.0,0.7373737373737373,0.712
20.0,0.5555556,20.0,2.0,0.7575757575757576,0.718
20.0,0.5555556,20.0,3.0,0.7575757575757576,0.718
20.0,0.5555556,20.0,5.0,0.7575757575757576,0.718
20.0,0.5555556,20.0,8.0,0.7575757575757576,0.718
20.0,0.5555556,20.0,12.0,0.7575757575757576,0.718
20.0,0.5555556,20.0,20.0,0.7575757575757576,0.718
20.0,0.5555556,20.0,32.0,0.7575757575757576,0.718
20.0,0.5555556,20.0,50.0,0.7602693602693602,0.718
20.0,0.5555556,20.0,80.0,0.7454545454545455,0.72
20.0,0.5555556,20.0,128.0,0.731986531986532,0.71
20.0,0.6666667,1.0,2.0,0.8922558922558922,0.774
20.0,0.6666667,1.0,3.0,0.8929292929292929,0.764
20.0,0.6666667,1.0,5.0,0.8895622895622897,0.776
20.0,0.6666667,1.0,8.0,0.8814814814814815,0.76
20.0,0.6666667,1.0,12.0,0.8686868686868687,0.776
20.0,0.6666667,1.0,20.0,0.8430976430976431,0.774
20.0,0.6666667,1.0,32.0,0.8195286195286196,0.776
20.0,0.6666667,1.0,50.0,0.7973063973063973,0.76
20.0,0.6666667,1.0,80.0,0.7757575757575758,0.74
20.0,0.6666667,1.0,128.0,0.7582491582491583,0.726
20.0,0.6666667,3.0,2.0,0.8639730639730641,0.764
20.0,0.6666667,3.0,3.0,0.8639730639730641,0.764
20.0,0.6666667,3.0,5.0,0.8639730639730641,0.764
20.0,0.6666667,3.0,8.0,0.8612794612794612,0.768
20.0,0.6666667,3.0,12.0,0.8484848484848484,0.77
20.0,0.6666667,3.0,20.0,0.8276094276094277,0.774
20.0,0.6666667,3.0,32.0,0.81010101010101,0.774
20.0,0.6666667,3.0,50.0,0.7925925925925925,0.762
20.0,0.6666667,3.0,80.0,0.7791245791245791,0.742
20.0,0.6666667,3.0,128.0,0.7575757575757576,0.726
20.0,0.6666667,5.0,2.0,0.8424242424242424,0.772
20.0,0.6666667,5.0,3.0,0.8424242424242424,0.772
20.0,0.6666667,5.0,5.0,0.8424242424242424,0.772
20.0,0.6666667,5.0,8.0,0.8424242424242424,0.772
20.0,0.6666667,5.0,12.0,0.841077441077441,0.772
20.0,0.6666667,5.0,20.0,0.8195286195286196,0.772
20.0,0.6666667,5.0,32.0,0.8033670033670035,0.776
20.0,0.6666667,5.0,50.0,0.7845117845117845,0.764
20.0,0.6666667,5.0,80.0,0.7757575757575758,0.738
20.0,0.6666667,5.0,128.0,0.7575757575757576,0.724
20.0,0.6666667,7.0,2.0,0.8215488215488216,0.762
20.0,0.6666667,7.0,3.0,0.8215488215488216,0.762
20.0,0.6666667,7.0,5.0,0.8215488215488216,0.762
20.0,0.6666667,7.0,8.0,0.8215488215488216,0.762
20.0,0.6666667,7.0,12.0,0.8215488215488216,0.762
20.0,0.6666667,7.0,20.0,0.8087542087542088,0.774
20.0,0.6666667,7.0,32.0,0.7993265993265993,0.772
20.0,0.6666667,7.0,50.0,0.7831649831649832,0.764
20.0,0.6666667,7.0,80.0,0.7717171717171717,0.74
20.0,0.6666667,7.0,128.0,0.7555555555555555,0.722
20.0,0.6666667,9.0,2.0,0.806060606060606,0.778
20.0,0.6666667,9.0,3.0,0.806060606060606,0.778
20.0,0.6666667,9.0,5.0,0.806060606060606,0.778
20.0,0.6666667,9.0,8.0,0.806060606060606,0.778
20.0,0.6666667,9.0,12.0,0.806060606060606,0.778
20.0,0.6666667,9.0,20.0,0.8026936026936028,0.78
20.0,0.6666667,9.0,32.0,0.7892255892255892,0.77
20.0,0.6666667,9.0,50.0,0.7784511784511785,0.758
20.0,0.6666667,9.0,80.0,0.7696969696969698,0.732
20.0,0.6666667,9.0,128.0,0.7528619528619529,0.718
20.0,0.6666667,11.0,2.0,0.7946127946127947,0.772
20.0,0.6666667,11.0,3.0,0.7946127946127947,0.772
20.0,0.6666667,11.0,5.0,0.7946127946127947,0.772
20.0,0.6666667,11.0,8.0,0.7946127946127947,0.772
20.0,0.6666667,11.0,12.0,0.7946127946127947,0.772
20.0,0.6666667,11.0,20.0,0.7946127946127947,0.772
20.0,0.6666667,11.0,32.0,0.7885521885521886,0.764
20.0,0.6666667,11.0,50.0,0.7771043771043771,0.752
20.0,0.6666667,11.0,80.0,0.769023569023569,0.73
20.0,0.6666667,11.0,128.0,0.7521885521885523,0.72
20.0,0.6666667,13.0,2.0,0.7905723905723906,0.768
20.0,0.6666667,13.0,3.0,0.7905723905723906,0.768
20.0,0.6666667,13.0,5.0,0.7905723905723906,0.768
20.0,0.6666667,13.0,8.0,0.7905723905723906,0.768
20.0,0.6666667,13.0,12.0,0.7905723905723906,0.768
20.0,0.6666667,13.0,20.0,0.7905723905723906,0.768
20.0,0.6666667,13.0,32.0,0.7838383838383838,0.758
20.0,0.6666667,13.0,50.0,0.7777777777777778,0.752
20.0,0.6666667,13.0,80.0,0.7670033670033669,0.728
20.0,0.6666667,13.0,128.0,0.7515151515151516,0.72
20.0,0.6666667,15.0,2.0,0.7784511784511785,0.76
20.0,0.6666667,15.0,3.0,0.7784511784511785,0.76
20.0,0.6666667,15.0,5.0,0.7784511784511785,0.76
20.0,0.6666667,15.0,8.0,0.7784511784511785,0.76
20.0,0.6666667,15.0,12.0,0.7784511784511785,0.76
20.0,0.6666667,15.0,20.0,0.7784511784511785,0.76
20.0,0.6666667,15.0,32.0,0.7764309764309764,0.758
20.0,0.6666667,15.0,50.0,0.773063973063973,0.746
20.0,0.6666667,15.0,80.0,0.7622895622895622,0.726
20.0,0.6666667,15.0,128.0,0.7494949494949494,0.716
20.0,0.6666667,17.0,2.0,0.7737373737373737,0.748
20.0,0.6666667,17.0,3.0,0.7737373737373737,0.748
20.0,0.6666667,17.0,5.0,0.7737373737373737,0.748
20.0,0.6666667,17.0,8.0,0.7737373737373737,0.748
20.0,0.6666667,17.0,12.0,0.7737373737373737,0.748
20.0,0.6666667,17.0,20.0,0.7737373737373737,0.748
20.0,0.6666667,17.0,32.0,0.7737373737373737,0.748
20.0,0.6666667,17.0,50.0,0.7683501683501683,0.738
20.0,0.6666667,17.0,80.0,0.7602693602693603,0.728
20.0,0.6666667,17.0,128.0,0.7488215488215488,0.716
20.0,0.6666667,20.0,2.0,0.7656565656565657,0.738
20.0,0.6666667,20.0,3.0,0.7656565656565657,0.738
20.0,0.6666667,20.0,5.0,0.7656565656565657,0.738
20.0,0.6666667,20.0,8.0,0.7656565656565657,0.738
20.0,0.6666667,20.0,12.0,0.7656565656565657,0.738
20.0,0.6666667,20.0,20.0,0.7656565656565657,0.738
20.0,0.6666667,20.0,32.0,0.7656565656565657,0.738
20.0,0.6666667,20.0,50.0,0.7696969696969698,0.734
20.0,0.6666667,20.0,80.0,0.7562289562289563,0.718
20.0,0.6666667,20.0,128.0,0.7454545454545454,0.72
20.0,0.7777778,1.0,2.0,0.8915824915824915,0.762
20.0,0.7777778,1.0,3.0,0.8922558922558922,0.766
20.0,0.7777778,1.0,5.0,0.8882154882154882,0.758
20.0,0.7777778,1.0,8.0,0.8808080808080808,0.76
20.0,0.7777778,1.0,12.0,0.8734006734006734,0.744
20.0,0.7777778,1.0,20.0,0.8518518518518519,0.758
20.0,0.7777778,1.0,32.0,0.8195286195286196,0.758
20.0,0.7777778,1.0,50.0,0.7973063973063973,0.748
20.0,0.7777778,1.0,80.0,0.7838383838383838,0.738
20.0,0.7777778,1.0,128.0,0.7622895622895622,0.722
20.0,0.7777778,3.0,2.0,0.87003367003367,0.762
20.0,0.7777778,3.0,3.0,0.87003367003367,0.762
20.0,0.7777778,3.0,5.0,0.87003367003367,0.762
20.0,0.7777778,3.0,8.0,0.8646464646464647,0.76
20.0,0.7777778,3.0,12.0,0.857912457912458,0.758
20.0,0.7777778,3.0,20.0,0.8343434343434343,0.756
20.0,0.7777778,3.0,32.0,0.8175084175084175,0.768
20.0,0.7777778,3.0,50.0,0.7946127946127947,0.748
20.0,0.7777778,3.0,80.0,0.7811447811447811,0.746
20.0,0.7777778,3.0,128.0,0.7622895622895622,0.722
20.0,0.7777778,5.0,2.0,0.8511784511784513,0.75
20.0,0.7777778,5.0,3.0,0.8511784511784513,0.75
20.0,0.7777778,5.0,5.0,0.8511784511784513,0.75
20.0,0.7777778,5.0,8.0,0.8511784511784513,0.75
20.0,0.7777778,5.0,12.0,0.8417508417508417,0.754
20.0,0.7777778,5.0,20.0,0.8316498316498316,0.76
20.0,0.7777778,5.0,32.0,0.8121212121212121,0.766
20.0,0.7777778,5.0,50.0,0.7898989898989899,0.758
20.0,0.7777778,5.0,80.0,0.7784511784511785,0.742
20.0,0.7777778,5.0,128.0,0.762962962962963,0.724
20.0,0.7777778,7.0,2.0,0.8316498316498316,0.762
20.0,0.7777778,7.0,3.0,0.8316498316498316,0.762
20.0,0.7777778,7.0,5.0,0.8316498316498316,0.762
20.0,0.7777778,7.0,8.0,0.8316498316498316,0.762
20.0,0.7777778,7.0,12.0,0.8316498316498316,0.762
20.0,0.7777778,7.0,20.0,0.8222222222222222,0.76
20.0,0.7777778,7.0,32.0,0.8087542087542087,0.768
20.0,0.7777778,7.0,50.0,0.7872053872053872,0.756
20.0,0.7777778,7.0,80.0,0.7784511784511785,0.742
20.0,0.7777778,7.0,128.0,0.7595959595959596,0.728
20.0,0.7777778,9.0,2.0,0.820875420875421,0.766
20.0,0.7777778,9.0,3.0,0.820875420875421,0.766
20.0,0.7777778,9.0,5.0,0.820875420875421,0.766
20.0,0.7777778,9.0,8.0,0.820875420875421,0.766
20.0,0.7777778,9.0,12.0,0.820875420875421,0.766
20.0,0.7777778,9.0,20.0,0.8195286195286196,0.766
20.0,0.7777778,9.0,32.0,0.804040404040404,0.768
20.0,0.7777778,9.0,50.0,0.7851851851851851,0.752
20.0,0.7777778,9.0,80.0,0.7757575757575758,0.744
20.0,0.7777778,9.0,128.0,0.7595959595959596,0.724
20.0,0.7777778,11.0,2.0,0.8067340067340067,0.762
20.0,0.7777778,11.0,3.0,0.8067340067340067,0.762
20.0,0.7777778,11.0,5.0,0.8067340067340067,0.762
20.0,0.7777778,11.0,8.0,0.8067340067340067,0.762
20.0,0.7777778,11.0,12.0,0.8067340067340067,0.762
20.0,0.7777778,11.0,20.0,0.8067340067340067,0.762
20.0,0.7777778,11.0,32.0,0.7986531986531986,0.76
20.0,0.7777778,11.0,50.0,0.7831649831649832,0.752
20.0,0.7777778,11.0,80.0,0.7744107744107744,0.738
20.0,0.7777778,11.0,128.0,0.756902356902357,0.72
20.0,0.7777778,13.0,2.0,0.793939393939394,0.754
20.0,0.7777778,13.0,3.0,0.793939393939394,0.754
20.0,0.7777778,13.0,5.0,0.793939393939394,0.754
20.0,0.7777778,13.0,8.0,0.793939393939394,0.754
20.0,0.7777778,13.0,12.0,0.793939393939394,0.754
20.0,0.7777778,13.0,20.0,0.793939393939394,0.754
20.0,0.7777778,13.0,32.0,0.7946127946127947,0.756
20.0,0.7777778,13.0,50.0,0.7851851851851851,0.744
20.0,0.7777778,13.0,80.0,0.773063973063973,0.738
20.0,0.7777778,13.0,128.0,0.7535353535353535,0.724
20.0,0.7777778,15.0,2.0,0.7898989898989899,0.75
20.0,0.7777778,15.0,3.0,0.7898989898989899,0.75
20.0,0.7777778,15.0,5.0,0.7898989898989899,0.75
20.0,0.7777778,15.0,8.0,0.7898989898989899,0.75
20.0,0.7777778,15.0,12.0,0.7898989898989899,0.75
20.0,0.7777778,15.0,20.0,0.7898989898989899,0.75
20.0,0.7777778,15.0,32.0,0.7892255892255892,0.75
20.0,0.7777778,15.0,50.0,0.7791245791245791,0.744
20.0,0.7777778,15.0,80.0,0.7744107744107744,0.736
20.0,0.7777778,15.0,128.0,0.7562289562289563,0.718
20.0,0.7777778,17.0,2.0,0.7791245791245791,0.746
20.0,0.7777778,17.0,3.0,0.7791245791245791,0.746
20.0,0.7777778,17.0,5.0,0.7791245791245791,0.746
20.0,0.7777778,17.0,8.0,0.7791245791245791,0.746
20.0,0.7777778,17.0,12.0,0.7791245791245791,0.746
20.0,0.7777778,17.0,20.0,0.7791245791245791,0.746
20.0,0.7777778,17.0,32.0,0.7791245791245791,0.746
20.0,0.7777778,17.0,50.0,0.7777777777777778,0.744
20.0,0.7777778,17.0,80.0,0.7676767676767676,0.734
20.0,0.7777778,17.0,128.0,0.7535353535353535,0.72
20.0,0.7777778,20.0,2.0,0.7764309764309765,0.736
20.0,0.7777778,20.0,3.0,0.7764309764309765,0.736
20.0,0.7777778,20.0,5.0,0.7764309764309765,0.736
20.0,0.7777778,20.0,8.0,0.7764309764309765,0.736
20.0,0.7777778,20.0,12.0,0.7764309764309765,0.736
20.0,0.7777778,20.0,20.0,0.7764309764309765,0.736
20.0,0.7777778,20.0,32.0,0.7764309764309765,0.736
20.0,0.7777778,20.0,50.0,0.7757575757575758,0.738
20.0,0.7777778,20.0,80.0,0.7616161616161616,0.728
20.0,0.7777778,20.0,128.0,0.7521885521885522,0.716
20.0,0.8888889,1.0,2.0,0.8909090909090909,0.762
20.0,0.8888889,1.0,3.0,0.8882154882154882,0.754
20.0,0.8888889,1.0,5.0,0.8861952861952862,0.758
20.0,0.8888889,1.0,8.0,0.8801346801346801,0.758
20.0,0.8888889,1.0,12.0,0.8787878787878787,0.748
20.0,0.8888889,1.0,20.0,0.8552188552188552,0.758
20.0,0.8888889,1.0,32.0,0.8289562289562289,0.752
20.0,0.8888889,1.0,50.0,0.8047138047138047,0.744
20.0,0.8888889,1.0,80.0,0.7824915824915826,0.73
20.0,0.8888889,1.0,128.0,0.7656565656565657,0.714
20.0,0.8888889,3.0,2.0,0.8693602693602693,0.762
20.0,0.8888889,3.0,3.0,0.8693602693602693,0.762
20.0,0.8888889,3.0,5.0,0.8693602693602693,0.762
20.0,0.8888889,3.0,8.0,0.8659932659932661,0.764
20.0,0.8888889,3.0,12.0,0.8498316498316498,0.762
20.0,0.8888889,3.0,20.0,0.8363636363636363,0.754
20.0,0.8888889,3.0,32.0,0.8195286195286196,0.76
20.0,0.8888889,3.0,50.0,0.7993265993265993,0.742
20.0,0.8888889,3.0,80.0,0.7804713804713804,0.73
20.0,0.8888889,3.0,128.0,0.764983164983165,0.716
20.0,0.8888889,5.0,2.0,0.8491582491582491,0.754
20.0,0.8888889,5.0,3.0,0.8491582491582491,0.754
20.0,0.8888889,5.0,5.0,0.8491582491582491,0.754
20.0,0.8888889,5.0,8.0,0.8491582491582491,0.754
20.0,0.8888889,5.0,12.0,0.8491582491582491,0.752
20.0,0.8888889,5.0,20.0,0.8303030303030303,0.752
20.0,0.8888889,5.0,32.0,0.8134680134680135,0.766
20.0,0.8888889,5.0,50.0,0.7986531986531986,0.75
20.0,0.8888889,5.0,80.0,0.7811447811447811,0.73
20.0,0.8888889,5.0,128.0,0.7622895622895622,0.718
20.0,0.8888889,7.0,2.0,0.8377104377104377,0.746
20.0,0.8888889,7.0,3.0,0.8377104377104377,0.746
20.0,0.8888889,7.0,5.0,0.8377104377104377,0.746
20.0,0.8888889,7.0,8.0,0.8377104377104377,0.746
20.0,0.8888889,7.0,12.0,0.8377104377104377,0.746
20.0,0.8888889,7.0,20.0,0.8282828282828284,0.756
20.0,0.8888889,7.0,32.0,0.8148148148148149,0.756
20.0,0.8888889,7.0,50.0,0.7952861952861954,0.744
20.0,0.8888889,7.0,80.0,0.7771043771043771,0.726
20.0,0.8888889,7.0,128.0,0.7616161616161616,0.72
20.0,0.8888889,9.0,2.0,0.8282828282828284,0.75
20.0,0.8888889,9.0,3.0,0.8282828282828284,0.75
20.0,0.8888889,9.0,5.0,0.8282828282828284,0.75
20.0,0.8888889,9.0,8.0,0.8282828282828284,0.75
20.0,0.8888889,9.0,12.0,0.8282828282828284,0.75
20.0,0.8888889,9.0,20.0,0.826936026936027,0.75
20.0,0.8888889,9.0,32.0,0.8087542087542087,0.764
20.0,0.8888889,9.0,50.0,0.793939393939394,0.742
20.0,0.8888889,9.0,80.0,0.7771043771043771,0.73
20.0,0.8888889,9.0,128.0,0.7582491582491583,0.72
20.0,0.8888889,11.0,2.0,0.8202020202020203,0.758
20.0,0.8888889,11.0,3.0,0.8202020202020203,0.758
20.0,0.8888889,11.0,5.0,0.8202020202020203,0.758
20.0,0.8888889,11.0,8.0,0.8202020202020203,0.758
20.0,0.8888889,11.0,12.0,0.8202020202020203,0.758
20.0,0.8888889,11.0,20.0,0.8202020202020203,0.758
20.0,0.8888889,11.0,32.0,0.8033670033670033,0.762
20.0,0.8888889,11.0,50.0,0.7932659932659932,0.748
20.0,0.8888889,11.0,80.0,0.7744107744107744,0.73
20.0,0.8888889,11.0,128.0,0.7589225589225589,0.716
20.0,0.8888889,13.0,2.0,0.8074074074074075,0.752
20.0,0.8888889,13.0,3.0,0.8074074074074075,0.752
20.0,0.8888889,13.0,5.0,0.8074074074074075,0.752
20.0,0.8888889,13.0,8.0,0.8074074074074075,0.752
20.0,0.8888889,13.0,12.0,0.8074074074074075,0.752
20.0,0.8888889,13.0,20.0,0.8074074074074075,0.752
20.0,0.8888889,13.0,32.0,0.8013468013468014,0.756
20.0,0.8888889,13.0,50.0,0.7865319865319865,0.748
20.0,0.8888889,13.0,80.0,0.7723905723905724,0.728
20.0,0.8888889,13.0,128.0,0.7582491582491583,0.714
20.0,0.8888889,15.0,2.0,0.7973063973063973,0.75
20.0,0.8888889,15.0,3.0,0.7973063973063973,0.75
20.0,0.8888889,15.0,5.0,0.7973063973063973,0.75
20.0,0.8888889,15.0,8.0,0.7973063973063973,0.75
20.0,0.8888889,15.0,12.0,0.7973063973063973,0.75
20.0,0.8888889,15.0,20.0,0.7973063973063973,0.75
20.0,0.8888889,15.0,32.0,0.7946127946127947,0.75
20.0,0.8888889,15.0,50.0,0.7818181818181819,0.748
20.0,0.8888889,15.0,80.0,0.7723905723905724,0.726
20.0,0.8888889,15.0,128.0,0.7575757575757576,0.702
20.0,0.8888889,17.0,2.0,0.7892255892255892,0.742
20.0,0.8888889,17.0,3.0,0.7892255892255892,0.742
20.0,0.8888889,17.0,5.0,0.7892255892255892,0.742
20.0,0.8888889,17.0,8.0,0.7892255892255892,0.742
20.0,0.8888889,17.0,12.0,0.7892255892255892,0.742
20.0,0.8888889,17.0,20.0,0.7892255892255892,0.742
20.0,0.8888889,17.0,32.0,0.7892255892255892,0.742
20.0,0.8888889,17.0,50.0,0.7811447811447811,0.744
20.0,0.8888889,17.0,80.0,0.7616161616161616,0.724
20.0,0.8888889,17.0,128.0,0.7555555555555555,0.708
20.0,0.8888889,20.0,2.0,0.7818181818181819,0.738
20.0,0.8888889,20.0,3.0,0.7818181818181819,0.738
20.0,0.8888889,20.0,5.0,0.7818181818181819,0.738
20.0,0.8888889,20.0,8.0,0.7818181818181819,0.738
20.0,0.8888889,20.0,12.0,0.7818181818181819,0.738
20.0,0.8888889,20.0,20.0,0.7818181818181819,0.738
20.0,0.8888889,20.0,32.0,0.7818181818181819,0.738
20.0,0.8888889,20.0,50.0,0.775084175084175,0.748
20.0,0.8888889,20.0,80.0,0.7643097643097643,0.732
20.0,0.8888889,20.0,128.0,0.7555555555555555,0.71
20.0,1.0,1.0,2.0,0.8868686868686868,0.748
20.0,1.0,1.0,3.0,0.8861952861952862,0.75
20.0,1.0,1.0,5.0,0.8828282828282829,0.754
20.0,1.0,1.0,8.0,0.8774410774410775,0.752
20.0,1.0,1.0,12.0,0.8686868686868687,0.762
20.0,1.0,1.0,20.0,0.8457912457912459,0.758
20.0,1.0,1.0,32.0,0.8282828282828282,0.746
20.0,1.0,1.0,50.0,0.81010101010101,0.728
20.0,1.0,1.0,80.0,0.7831649831649832,0.714
20.0,1.0,1.0,128.0,0.7609427609427609,0.704
20.0,1.0,3.0,2.0,0.8646464646464647,0.75
20.0,1.0,3.0,3.0,0.8646464646464647,0.75
20.0,1.0,3.0,5.0,0.8646464646464647,0.75
20.0,1.0,3.0,8.0,0.8632996632996633,0.752
20.0,1.0,3.0,12.0,0.8498316498316498,0.76
20.0,1.0,3.0,20.0,0.8309764309764309,0.756
20.0,1.0,3.0,32.0,0.8161616161616161,0.746
20.0,1.0,3.0,50.0,0.8,0.736
20.0,1.0,3.0,80.0,0.7791245791245791,0.716
20.0,1.0,3.0,128.0,0.7582491582491582,0.704
20.0,1.0,5.0,2.0,0.8464646464646464,0.764
20.0,1.0,5.0,3.0,0.8464646464646464,0.764
20.0,1.0,5.0,5.0,0.8464646464646464,0.764
20.0,1.0,5.0,8.0,0.8464646464646464,0.764
20.0,1.0,5.0,12.0,0.8444444444444444,0.758
20.0,1.0,5.0,20.0,0.8235690235690235,0.76
20.0,1.0,5.0,32.0,0.8094276094276094,0.746
20.0,1.0,5.0,50.0,0.795959595959596,0.736
20.0,1.0,5.0,80.0,0.773063973063973,0.72
20.0,1.0,5.0,128.0,0.7555555555555555,0.708
20.0,1.0,7.0,2.0,0.8336700336700338,0.75
20.0,1.0,7.0,3.0,0.8336700336700338,0.75
20.0,1.0,7.0,5.0,0.8336700336700338,0.75
20.0,1.0,7.0,8.0,0.8336700336700338,0.75
20.0,1.0,7.0,12.0,0.8336700336700338,0.75
20.0,1.0,7.0,20.0,0.8202020202020203,0.76
20.0,1.0,7.0,32.0,0.8053872053872053,0.752
20.0,1.0,7.0,50.0,0.7932659932659932,0.738
20.0,1.0,7.0,80.0,0.7730639730639731,0.718
20.0,1.0,7.0,128.0,0.7542087542087542,0.708
20.0,1.0,9.0,2.0,0.8235690235690235,0.752
20.0,1.0,9.0,3.0,0.8235690235690235,0.752
20.0,1.0,9.0,5.0,0.8235690235690235,0.752
20.0,1.0,9.0,8.0,0.8235690235690235,0.752
20.0,1.0,9.0,12.0,0.8235690235690235,0.752
20.0,1.0,9.0,20.0,0.8195286195286196,0.754
20.0,1.0,9.0,32.0,0.8033670033670033,0.752
20.0,1.0,9.0,50.0,0.7872053872053872,0.74
20.0,1.0,9.0,80.0,0.7670033670033669,0.72
20.0,1.0,9.0,128.0,0.7501683501683502,0.706
20.0,1.0,11.0,2.0,0.8148148148148149,0.75
20.0,1.0,11.0,3.0,0.8148148148148149,0.75
20.0,1.0,11.0,5.0,0.8148148148148149,0.75
20.0,1.0,11.0,8.0,0.8148148148148149,0.75
20.0,1.0,11.0,12.0,0.8148148148148149,0.75
20.0,1.0,11.0,20.0,0.8148148148148149,0.75
20.0,1.0,11.0,32.0,0.8026936026936028,0.748
20.0,1.0,11.0,50.0,0.7878787878787878,0.738
20.0,1.0,11.0,80.0,0.7696969696969698,0.72
20.0,1.0,11.0,128.0,0.7508417508417509,0.702
20.0,1.0,13.0,2.0,0.8006734006734006,0.746
20.0,1.0,13.0,3.0,0.8006734006734006,0.746
20.0,1.0,13.0,5.0,0.8006734006734006,0.746
20.0,1.0,13.0,8.0,0.8006734006734006,0.746
20.0,1.0,13.0,12.0,0.8006734006734006,0.746
20.0,1.0,13.0,20.0,0.8006734006734006,0.746
20.0,1.0,13.0,32.0,0.7973063973063973,0.746
20.0,1.0,13.0,50.0,0.7831649831649832,0.738
20.0,1.0,13.0,80.0,0.7643097643097644,0.718
20.0,1.0,13.0,128.0,0.7474747474747475,0.7
20.0,1.0,15.0,2.0,0.7932659932659932,0.744
20.0,1.0,15.0,3.0,0.7932659932659932,0.744
20.0,1.0,15.0,5.0,0.7932659932659932,0.744
20.0,1.0,15.0,8.0,0.7932659932659932,0.744
20.0,1.0,15.0,12.0,0.7932659932659932,0.744
20.0,1.0,15.0,20.0,0.7932659932659932,0.744
20.0,1.0,15.0,32.0,0.7898989898989899,0.744
20.0,1.0,15.0,50.0,0.7791245791245791,0.74
20.0,1.0,15.0,80.0,0.7609427609427609,0.716
20.0,1.0,15.0,128.0,0.7461279461279461,0.704
20.0,1.0,17.0,2.0,0.7872053872053872,0.744
20.0,1.0,17.0,3.0,0.7872053872053872,0.744
20.0,1.0,17.0,5.0,0.7872053872053872,0.744
20.0,1.0,17.0,8.0,0.7872053872053872,0.744
20.0,1.0,17.0,12.0,0.7872053872053872,0.744
20.0,1.0,17.0,20.0,0.7872053872053872,0.744
20.0,1.0,17.0,32.0,0.7872053872053872,0.744
20.0,1.0,17.0,50.0,0.7791245791245791,0.738
20.0,1.0,17.0,80.0,0.7602693602693603,0.71
20.0,1.0,17.0,128.0,0.7454545454545455,0.702
20.0,1.0,20.0,2.0,0.7818181818181819,0.742
20.0,1.0,20.0,3.0,0.7818181818181819,0.742
20.0,1.0,20.0,5.0,0.7818181818181819,0.742
20.0,1.0,20.0,8.0,0.7818181818181819,0.742
20.0,1.0,20.0,12.0,0.7818181818181819,0.742
20.0,1.0,20.0,20.0,0.7818181818181819,0.742
20.0,1.0,20.0,32.0,0.7818181818181819,0.742
20.0,1.0,20.0,50.0,0.7771043771043771,0.738
20.0,1.0,20.0,80.0,0.7589225589225589,0.714
20.0,1.0,20.0,128.0,0.7468013468013468,0.704
32.0,0.0,1.0,2.0,0.8962962962962964,0.75
32.0,0.0,1.0,3.0,0.9030303030303031,0.734
32.0,0.0,1.0,5.0,0.8767676767676769,0.728
32.0,0.0,1.0,8.0,0.8316498316498316,0.722
32.0,0.0,1.0,12.0,0.7979797979797979,0.716
32.0,0.0,1.0,20.0,0.7501683501683502,0.708
32.0,0.0,1.0,32.0,0.7232323232323232,0.702
32.0,0.0,1.0,50.0,0.7077441077441078,0.7
32.0,0.0,1.0,80.0,0.7016835016835017,0.7
32.0,0.0,1.0,128.0,0.7003367003367004,0.7
32.0,0.0,3.0,2.0,0.7346801346801347,0.702
32.0,0.0,3.0,3.0,0.7346801346801347,0.702
32.0,0.0,3.0,5.0,0.7346801346801347,0.702
32.0,0.0,3.0,8.0,0.7333333333333334,0.702
32.0,0.0,3.0,12.0,0.7232323232323232,0.7
32.0,0.0,3.0,20.0,0.7151515151515151,0.7
32.0,0.0,3.0,32.0,0.7070707070707071,0.7
32.0,0.0,3.0,50.0,0.7037037037037037,0.7
32.0,0.0,3.0,80.0,0.7010101010101011,0.7
32.0,0.0,3.0,128.0,0.7003367003367004,0.7
32.0,0.0,5.0,2.0,0.7070707070707071,0.7
32.0,0.0,5.0,3.0,0.7070707070707071,0.7
32.0,0.0,5.0,5.0,0.7070707070707071,0.7
32.0,0.0,5.0,8.0,0.7070707070707071,0.7
32.0,0.0,5.0,12.0,0.7077441077441078,0.7
32.0,0.0,5.0,20.0,0.7063973063973064,0.7
32.0,0.0,5.0,32.0,0.703030303030303,0.7
32.0,0.0,5.0,50.0,0.7023569023569024,0.7
32.0,0.0,5.0,80.0,0.7003367003367004,0.7
32.0,0.0,5.0,128.0,0.7003367003367004,0.7
32.0,0.0,7.0,2.0,0.7016835016835017,0.7
32.0,0.0,7.0,3.0,0.7016835016835017,0.7
32.0,0.0,7.0,5.0,0.7016835016835017,0.7
32.0,0.0,7.0,8.0,0.7016835016835017,0.7
32.0,0.0,7.0,12.0,0.7016835016835017,0.7
32.0,0.0,7.0,20.0,0.7016835016835017,0.7
32.0,0.0,7.0,32.0,0.7010101010101011,0.7
32.0,0.0,7.0,50.0,0.7010101010101011,0.7
32.0,0.0,7.0,80.0,0.7003367003367004,0.7
32.0,0.0,7.0,128.0,0.7003367003367004,0.7
32.0,0.0,9.0,2.0,0.7003367003367004,0.7
32.0,0.0,9.0,3.0,0.7003367003367004,0.7
32.0,0.0,9.0,5.0,0.7003367003367004,0.7
32.0,0.0,9.0,8.0,0.7003367003367004,0.7
32.0,0.0,9.0,12.0,0.7003367003367004,0.7
32.0,0.0,9.0,20.0,0.7003367003367004,0.7
32.0,0.0,9.0,32.0,0.7003367003367004,0.7
32.0,0.0,9.0,50.0,0.7003367003367004,0.7
32.0,0.0,9.0,80.0,0.7003367003367004,0.7
32.0,0.0,9.0,128.0,0.7003367003367004,0.7
32.0,0.0,11.0,2.0,0.7003367003367004,0.7
32.0,0.0,11.0,3.0,0.7003367003367004,0.7
32.0,0.0,11.0,5.0,0.7003367003367004,0.7
32.0,0.0,11.0,8.0,0.7003367003367004,0.7
32.0,0.0,11.0,12.0,0.7003367003367004,0.7
32.0,0.0,11.0,20.0,0.7003367003367004,0.7
32.0,0.0,11.0,32.0,0.7003367003367004,0.7
32.0,0.0,11.0,50.0,0.7003367003367004,0.7
32.0,0.0,11.0,80.0,0.7003367003367004,0.7
32.0,0.0,11.0,128.0,0.7003367003367004,0.7
32.0,0.0,13.0,2.0,0.7003367003367004,0.7
32.0,0.0,13.0,3.0,0.7003367003367004,0.7
32.0,0.0,13.0,5.0,0.7003367003367004,0.7
32.0,0.0,13.0,8.0,0.7003367003367004,0.7
32.0,0.0,13.0,12.0,0.7003367003367004,0.7
32.0,0.0,13.0,20.0,0.7003367003367004,0.7
32.0,0.0,13.0,32.0,0.7003367003367004,0.7
32.0,0.0,13.0,50.0,0.7003367003367004,0.7
32.0,0.0,13.0,80.0,0.7003367003367004,0.7
32.0,0.0,13.0,128.0,0.7003367003367004,0.7
32.0,0.0,15.0,2.0,0.7003367003367004,0.7
32.0,0.0,15.0,3.0,0.7003367003367004,0.7
32.0,0.0,15.0,5.0,0.7003367003367004,0.7
32.0,0.0,15.0,8.0,0.7003367003367004,0.7
32.0,0.0,15.0,12.0,0.7003367003367004,0.7
32.0,0.0,15.0,20.0,0.7003367003367004,0.7
32.0,0.0,15.0,32.0,0.7003367003367004,0.7
32.0,0.0,15.0,50.0,0.7003367003367004,0.7
32.0,0.0,15.0,80.0,0.7003367003367004,0.7
32.0,0.0,15.0,128.0,0.7003367003367004,0.7
32.0,0.0,17.0,2.0,0.7003367003367004,0.7
32.0,0.0,17.0,3.0,0.7003367003367004,0.7
32.0,0.0,17.0,5.0,0.7003367003367004,0.7
32.0,0.0,17.0,8.0,0.7003367003367004,0.7
32.0,0.0,17.0,12.0,0.7003367003367004,0.7
32.0,0.0,17.0,20.0,0.7003367003367004,0.7
32.0,0.0,17.0,32.0,0.7003367003367004,0.7
32.0,0.0,17.0,50.0,0.7003367003367004,0.7
32.0,0.0,17.0,80.0,0.7003367003367004,0.7
32.0,0.0,17.0,128.0,0.7003367003367004,0.7
32.0,0.0,20.0,2.0,0.7003367003367004,0.7
32.0,0.0,20.0,3.0,0.7003367003367004,0.7
32.0,0.0,20.0,5.0,0.7003367003367004,0.7
32.0,0.0,20.0,8.0,0.7003367003367004,0.7
32.0,0.0,20.0,12.0,0.7003367003367004,0.7
32.0,0.0,20.0,20.0,0.7003367003367004,0.7
32.0,0.0,20.0,32.0,0.7003367003367004,0.7
32.0,0.0,20.0,50.0,0.7003367003367004,0.7
32.0,0.0,20.0,80.0,0.7003367003367004,0.7
32.0,0.0,20.0,128.0,0.7003367003367004,0.7
32.0,0.11111111,1.0,2.0,0.9023569023569025,0.768
32.0,0.11111111,1.0,3.0,0.9003367003367003,0.754
32.0,0.11111111,1.0,5.0,0.8882154882154882,0.744
32.0,0.11111111,1.0,8.0,0.8545454545454545,0.738
32.0,0.11111111,1.0,12.0,0.8215488215488215,0.732
32.0,0.11111111,1.0,20.0,0.7865319865319865,0.718
32.0,0.11111111,1.0,32.0,0.7501683501683502,0.712
32.0,0.11111111,1.0,50.0,0.734006734006734,0.712
32.0,0.11111111,1.0,80.0,0.7104377104377104,0.704
32.0,0.11111111,1.0,128.0,0.7037037037037037,0.7
32.0,0.11111111,3.0,2.0,0.7872053872053872,0.708
32.0,0.11111111,3.0,3.0,0.7872053872053872,0.708
32.0,0.11111111,3.0,5.0,0.7872053872053872,0.708
32.0,0.11111111,3.0,8.0,0.7831649831649832,0.71
32.0,0.11111111,3.0,12.0,0.7723905723905723,0.716
32.0,0.11111111,3.0,20.0,0.7528619528619529,0.71
32.0,0.11111111,3.0,32.0,0.7387205387205388,0.712
32.0,0.11111111,3.0,50.0,0.7252525252525253,0.706
32.0,0.11111111,3.0,80.0,0.7077441077441078,0.702
32.0,0.11111111,3.0,128.0,0.703030303030303,0.7
32.0,0.11111111,5.0,2.0,0.7461279461279461,0.712
32.0,0.11111111,5.0,3.0,0.7461279461279461,0.712
32.0,0.11111111,5.0,5.0,0.7461279461279461,0.712
32.0,0.11111111,5.0,8.0,0.7461279461279461,0.712
32.0,0.11111111,5.0,12.0,0.7454545454545454,0.708
32.0,0.11111111,5.0,20.0,0.7367003367003366,0.71
32.0,0.11111111,5.0,32.0,0.7299663299663299,0.71
32.0,0.11111111,5.0,50.0,0.7178451178451178,0.704
32.0,0.11111111,5.0,80.0,0.7077441077441078,0.702
32.0,0.11111111,5.0,128.0,0.7023569023569024,0.7
32.0,0.11111111,7.0,2.0,0.7279461279461279,0.706
32.0,0.11111111,7.0,3.0,0.7279461279461279,0.706
32.0,0.11111111,7.0,5.0,0.7279461279461279,0.706
32.0,0.11111111,7.0,8.0,0.7279461279461279,0.706
32.0,0.11111111,7.0,12.0,0.7279461279461279,0.706
32.0,0.11111111,7.0,20.0,0.7252525252525253,0.706
32.0,0.11111111,7.0,32.0,0.7205387205387206,0.704
32.0,0.11111111,7.0,50.0,0.711111111111111,0.702
32.0,0.11111111,7.0,80.0,0.7070707070707071,0.702
32.0,0.11111111,7.0,128.0,0.7016835016835017,0.7
32.0,0.11111111,9.0,2.0,0.7171717171717171,0.704
32.0,0.11111111,9.0,3.0,0.7171717171717171,0.704
32.0,0.11111111,9.0,5.0,0.7171717171717171,0.704
32.0,0.11111111,9.0,8.0,0.7171717171717171,0.704
32.0,0.11111111,9.0,12.0,0.7171717171717171,0.704
32.0,0.11111111,9.0,20.0,0.7158249158249158,0.702
32.0,0.11111111,9.0,32.0,0.7124579124579125,0.702
32.0,0.11111111,9.0,50.0,0.7084175084175085,0.702
32.0,0.11111111,9.0,80.0,0.7050505050505051,0.7
32.0,0.11111111,9.0,128.0,0.7016835016835017,0.7
32.0,0.11111111,11.0,2.0,0.7084175084175085,0.702
32.0,0.11111111,11.0,3.0,0.7084175084175085,0.702
32.0,0.11111111,11.0,5.0,0.7084175084175085,0.702
32.0,0.11111111,11.0,8.0,0.7084175084175085,0.702
32.0,0.11111111,11.0,12.0,0.7084175084175085,0.702
32.0,0.11111111,11.0,20.0,0.7084175084175085,0.702
32.0,0.11111111,11.0,32.0,0.7077441077441078,0.7
32.0,0.11111111,11.0,50.0,0.7050505050505051,0.702
32.0,0.11111111,11.0,80.0,0.7043771043771044,0.7
32.0,0.11111111,11.0,128.0,0.7010101010101011,0.7
32.0,0.11111111,13.0,2.0,0.7050505050505051,0.7
32.0,0.11111111,13.0,3.0,0.7050505050505051,0.7
32.0,0.11111111,13.0,5.0,0.7050505050505051,0.7
32.0,0.11111111,13.0,8.0,0.7050505050505051,0.7
32.0,0.11111111,13.0,12.0,0.7050505050505051,0.7
32.0,0.11111111,13.0,20.0,0.7050505050505051,0.7
32.0,0.11111111,13.0,32.0,0.7050505050505051,0.7
32.0,0.11111111,13.0,50.0,0.7050505050505051,0.7
32.0,0.11111111,13.0,80.0,0.703030303030303,0.7
32.0,0.11111111,13.0,128.0,0.7010101010101011,0.7
32.0,0.11111111,15.0,2.0,0.7050505050505051,0.7
32.0,0.11111111,15.0,3.0,0.7050505050505051,0.7
32.0,0.11111111,15.0,5.0,0.7050505050505051,0.7
32.0,0.11111111,15.0,8.0,0.7050505050505051,0.7
32.0,0.11111111,15.0,12.0,0.7050505050505051,0.7
32.0,0.11111111,15.0,20.0,0.7050505050505051,0.7
32.0,0.11111111,15.0,32.0,0.7050505050505051,0.7
32.0,0.11111111,15.0,50.0,0.7050505050505051,0.7
32.0,0.11111111,15.0,80.0,0.7016835016835017,0.7
32.0,0.11111111,15.0,128.0,0.7010101010101011,0.7
32.0,0.11111111,17.0,2.0,0.7023569023569024,0.7
32.0,0.11111111,17.0,3.0,0.7023569023569024,0.7
32.0,0.11111111,17.0,5.0,0.7023569023569024,0.7
32.0,0.11111111,17.0,8.0,0.7023569023569024,0.7
32.0,0.11111111,17.0,12.0,0.7023569023569024,0.7
32.0,0.11111111,17.0,20.0,0.7023569023569024,0.7
32.0,0.11111111,17.0,32.0,0.7023569023569024,0.7
32.0,0.11111111,17.0,50.0,0.7023569023569024,0.7
32.0,0.11111111,17.0,80.0,0.7010101010101011,0.7
32.0,0.11111111,17.0,128.0,0.7003367003367004,0.7
32.0,0.11111111,20.0,2.0,0.7003367003367004,0.7
32.0,0.11111111,20.0,3.0,0.7003367003367004,0.7
32.0,0.11111111,20.0,5.0,0.7003367003367004,0.7
32.0,0.11111111,20.0,8.0,0.7003367003367004,0.7
32.0,0.11111111,20.0,12.0,0.7003367003367004,0.7
32.0,0.11111111,20.0,20.0,0.7003367003367004,0.7
32.0,0.11111111,20.0,32.0,0.7003367003367004,0.7
32.0,0.11111111,20.0,50.0,0.7003367003367004,0.7
32.0,0.11111111,20.0,80.0,0.7003367003367004,0.7
32.0,0.11111111,20.0,128.0,0.7003367003367004,0.7
32.0,0.22222222,1.0,2.0,0.9023569023569025,0.768
32.0,0.22222222,1.0,3.0,0.9003367003367003,0.754
32.0,0.22222222,1.0,5.0,0.8882154882154882,0.744
32.0,0.22222222,1.0,8.0,0.8545454545454545,0.738
32.0,0.22222222,1.0,12.0,0.8215488215488215,0.732
32.0,0.22222222,1.0,20.0,0.7865319865319865,0.718
32.0,0.22222222,1.0,32.0,0.7501683501683502,0.712
32.0,0.22222222,1.0,50.0,0.734006734006734,0.712
32.0,0.22222222,1.0,80.0,0.7104377104377104,0.704
32.0,0.22222222,1.0,128.0,0.7037037037037037,0.7
32.0,0.22222222,3.0,2.0,0.7872053872053872,0.708
32.0,0.22222222,3.0,3.0,0.7872053872053872,0.708
32.0,0.22222222,3.0,5.0,0.7872053872053872,0.708
32.0,0.22222222,3.0,8.0,0.7831649831649832,0.71
32.0,0.22222222,3.0,12.0,0.7723905723905723,0.716
32.0,0.22222222,3.0,20.0,0.7528619528619529,0.71
32.0,0.22222222,3.0,32.0,0.7387205387205388,0.712
32.0,0.22222222,3.0,50.0,0.7252525252525253,0.706
32.0,0.22222222,3.0,80.0,0.7077441077441078,0.702
32.0,0.22222222,3.0,128.0,0.703030303030303,0.7
32.0,0.22222222,5.0,2.0,0.7461279461279461,0.712
32.0,0.22222222,5.0,3.0,0.7461279461279461,0.712
32.0,0.22222222,5.0,5.0,0.7461279461279461,0.712
32.0,0.22222222,5.0,8.0,0.7461279461279461,0.712
32.0,0.22222222,5.0,12.0,0.7454545454545454,0.708
32.0,0.22222222,5.0,20.0,0.7367003367003366,0.71
32.0,0.22222222,5.0,32.0,0.7299663299663299,0.71
32.0,0.22222222,5.0,50.0,0.7178451178451178,0.704
32.0,0.22222222,5.0,80.0,0.7077441077441078,0.702
32.0,0.22222222,5.0,128.0,0.7023569023569024,0.7
32.0,0.22222222,7.0,2.0,0.7279461279461279,0.706
32.0,0.22222222,7.0,3.0,0.7279461279461279,0.706
32.0,0.22222222,7.0,5.0,0.7279461279461279,0.706
32.0,0.22222222,7.0,8.0,0.7279461279461279,0.706
32.0,0.22222222,7.0,12.0,0.7279461279461279,0.706
32.0,0.22222222,7.0,20.0,0.7252525252525253,0.706
32.0,0.22222222,7.0,32.0,0.7205387205387206,0.704
32.0,0.22222222,7.0,50.0,0.711111111111111,0.702
32.0,0.22222222,7.0,80.0,0.7070707070707071,0.702
32.0,0.22222222,7.0,128.0,0.7016835016835017,0.7
32.0,0.22222222,9.0,2.0,0.7171717171717171,0.704
32.0,0.22222222,9.0,3.0,0.7171717171717171,0.704
32.0,0.22222222,9.0,5.0,0.7171717171717171,0.704
32.0,0.22222222,9.0,8.0,0.7171717171717171,0.704
32.0,0.22222222,9.0,12.0,0.7171717171717171,0.704
32.0,0.22222222,9.0,20.0,0.7158249158249158,0.702
32.0,0.22222222,9.0,32.0,0.7124579124579125,0.702
32.0,0.22222222,9.0,50.0,0.7084175084175085,0.702
32.0,0.22222222,9.0,80.0,0.7050505050505051,0.7
32.0,0.22222222,9.0,128.0,0.7016835016835017,0.7
32.0,0.22222222,11.0,2.0,0.7084175084175085,0.702
32.0,0.22222222,11.0,3.0,0.7084175084175085,0.702
32.0,0.22222222,11.0,5.0,0.7084175084175085,0.702
32.0,0.22222222,11.0,8.0,0.7084175084175085,0.702
32.0,0.22222222,11.0,12.0,0.7084175084175085,0.702
32.0,0.22222222,11.0,20.0,0.7084175084175085,0.702
32.0,0.22222222,11.0,32.0,0.7077441077441078,0.7
32.0,0.22222222,11.0,50.0,0.7050505050505051,0.702
32.0,0.22222222,11.0,80.0,0.7043771043771044,0.7
32.0,0.22222222,11.0,128.0,0.7010101010101011,0.7
32.0,0.22222222,13.0,2.0,0.7050505050505051,0.7
32.0,0.22222222,13.0,3.0,0.7050505050505051,0.7
32.0,0.22222222,13.0,5.0,0.7050505050505051,0.7
32.0,0.22222222,13.0,8.0,0.7050505050505051,0.7
32.0,0.22222222,13.0,12.0,0.7050505050505051,0.7
32.0,0.22222222,13.0,20.0,0.7050505050505051,0.7
32.0,0.22222222,13.0,32.0,0.7050505050505051,0.7
32.0,0.22222222,13.0,50.0,0.7050505050505051,0.7
32.0,0.22222222,13.0,80.0,0.703030303030303,0.7
32.0,0.22222222,13.0,128.0,0.7010101010101011,0.7
32.0,0.22222222,15.0,2.0,0.7050505050505051,0.7
32.0,0.22222222,15.0,3.0,0.7050505050505051,0.7
32.0,0.22222222,15.0,5.0,0.7050505050505051,0.7
32.0,0.22222222,15.0,8.0,0.7050505050505051,0.7
32.0,0.22222222,15.0,12.0,0.7050505050505051,0.7
32.0,0.22222222,15.0,20.0,0.7050505050505051,0.7
32.0,0.22222222,15.0,32.0,0.7050505050505051,0.7
32.0,0.22222222,15.0,50.0,0.7050505050505051,0.7
32.0,0.22222222,15.0,80.0,0.7016835016835017,0.7
32.0,0.22222222,15.0,128.0,0.7010101010101011,0.7
32.0,0.22222222,17.0,2.0,0.7023569023569024,0.7
32.0,0.22222222,17.0,3.0,0.7023569023569024,0.7
32.0,0.22222222,17.0,5.0,0.7023569023569024,0.7
32.0,0.22222222,17.0,8.0,0.7023569023569024,0.7
32.0,0.22222222,17.0,12.0,0.7023569023569024,0.7
32.0,0.22222222,17.0,20.0,0.7023569023569024,0.7
32.0,0.22222222,17.0,32.0,0.7023569023569024,0.7
32.0,0.22222222,17.0,50.0,0.7023569023569024,0.7
32.0,0.22222222,17.0,80.0,0.7010101010101011,0.7
32.0,0.22222222,17.0,128.0,0.7003367003367004,0.7
32.0,0.22222222,20.0,2.0,0.7003367003367004,0.7
32.0,0.22222222,20.0,3.0,0.7003367003367004,0.7
32.0,0.22222222,20.0,5.0,0.7003367003367004,0.7
32.0,0.22222222,20.0,8.0,0.7003367003367004,0.7
32.0,0.22222222,20.0,12.0,0.7003367003367004,0.7
32.0,0.22222222,20.0,20.0,0.7003367003367004,0.7
32.0,0.22222222,20.0,32.0,0.7003367003367004,0.7
32.0,0.22222222,20.0,50.0,0.7003367003367004,0.7
32.0,0.22222222,20.0,80.0,0.7003367003367004,0.7
32.0,0.22222222,20.0,128.0,0.7003367003367004,0.7
32.0,0.33333334,1.0,2.0,0.9023569023569025,0.786
32.0,0.33333334,1.0,3.0,0.8996632996632996,0.788
32.0,0.33333334,1.0,5.0,0.8983164983164983,0.784
32.0,0.33333334,1.0,8.0,0.872053872053872,0.77
32.0,0.33333334,1.0,12.0,0.8457912457912459,0.77
32.0,0.33333334,1.0,20.0,0.8215488215488216,0.758
32.0,0.33333334,1.0,32.0,0.7912457912457913,0.734
32.0,0.33333334,1.0,50.0,0.7656565656565657,0.73
32.0,0.33333334,1.0,80.0,0.7407407407407407,0.712
32.0,0.33333334,1.0,128.0,0.7144781144781145,0.704
32.0,0.33333334,3.0,2.0,0.835016835016835,0.752
32.0,0.33333334,3.0,3.0,0.835016835016835,0.752
32.0,0.33333334,3.0,5.0,0.835016835016835,0.752
32.0,0.33333334,3.0,8.0,0.8329966329966331,0.754
32.0,0.33333334,3.0,12.0,0.820875420875421,0.746
32.0,0.33333334,3.0,20.0,0.806060606060606,0.744
32.0,0.33333334,3.0,32.0,0.7824915824915826,0.726
32.0,0.33333334,3.0,50.0,0.7582491582491583,0.724
32.0,0.33333334,3.0,80.0,0.7400673400673401,0.716
32.0,0.33333334,3.0,128.0,0.7138047138047139,0.706
32.0,0.33333334,5.0,2.0,0.8020202020202021,0.744
32.0,0.33333334,5.0,3.0,0.8020202020202021,0.744
32.0,0.33333334,5.0,5.0,0.8020202020202021,0.744
32.0,0.33333334,5.0,8.0,0.8020202020202021,0.744
32.0,0.33333334,5.0,12.0,0.8,0.736
32.0,0.33333334,5.0,20.0,0.78989898989899,0.74
32.0,0.33333334,5.0,32.0,0.773063973063973,0.724
32.0,0.33333334,5.0,50.0,0.7535353535353535,0.716
32.0,0.33333334,5.0,80.0,0.7367003367003366,0.714
32.0,0.33333334,5.0,128.0,0.7124579124579125,0.706
32.0,0.33333334,7.0,2.0,0.7804713804713804,0.718
32.0,0.33333334,7.0,3.0,0.7804713804713804,0.718
32.0,0.33333334,7.0,5.0,0.7804713804713804,0.718
32.0,0.33333334,7.0,8.0,0.7804713804713804,0.718
32.0,0.33333334,7.0,12.0,0.7804713804713804,0.718
32.0,0.33333334,7.0,20.0,0.7771043771043771,0.72
32.0,0.33333334,7.0,32.0,0.7609427609427609,0.714
32.0,0.33333334,7.0,50.0,0.7474747474747475,0.71
32.0,0.33333334,7.0,80.0,0.7326599326599326,0.714
32.0,0.33333334,7.0,128.0,0.7117845117845117,0.708
32.0,0.33333334,9.0,2.0,0.762962962962963,0.716
32.0,0.33333334,9.0,3.0,0.762962962962963,0.716
32.0,0.33333334,9.0,5.0,0.762962962962963,0.716
32.0,0.33333334,9.0,8.0,0.762962962962963,0.716
32.0,0.33333334,9.0,12.0,0.762962962962963,0.716
32.0,0.33333334,9.0,20.0,0.7643097643097643,0.718
32.0,0.33333334,9.0,32.0,0.7542087542087541,0.716
32.0,0.33333334,9.0,50.0,0.7454545454545454,0.71
32.0,0.33333334,9.0,80.0,0.7292929292929292,0.708
32.0,0.33333334,9.0,128.0,0.7117845117845117,0.708
32.0,0.33333334,11.0,2.0,0.7508417508417509,0.708
32.0,0.33333334,11.0,3.0,0.7508417508417509,0.708
32.0,0.33333334,11.0,5.0,0.7508417508417509,0.708
32.0,0.33333334,11.0,8.0,0.7508417508417509,0.708
32.0,0.33333334,11.0,12.0,0.7508417508417509,0.708
32.0,0.33333334,11.0,20.0,0.7508417508417509,0.708
32.0,0.33333334,11.0,32.0,0.7488215488215488,0.712
32.0,0.33333334,11.0,50.0,0.7387205387205388,0.706
32.0,0.33333334,11.0,80.0,0.7252525252525253,0.706
32.0,0.33333334,11.0,128.0,0.711111111111111,0.706
32.0,0.33333334,13.0,2.0,0.7434343434343434,0.708
32.0,0.33333334,13.0,3.0,0.7434343434343434,0.708
32.0,0.33333334,13.0,5.0,0.7434343434343434,0.708
32.0,0.33333334,13.0,8.0,0.7434343434343434,0.708
32.0,0.33333334,13.0,12.0,0.7434343434343434,0.708
32.0,0.33333334,13.0,20.0,0.7434343434343434,0.708
32.0,0.33333334,13.0,32.0,0.7400673400673401,0.708
32.0,0.33333334,13.0,50.0,0.7346801346801347,0.708
32.0,0.33333334,13.0,80.0,0.7218855218855219,0.706
32.0,0.33333334,13.0,128.0,0.711111111111111,0.704
32.0,0.33333334,15.0,2.0,0.7353535353535354,0.71
32.0,0.33333334,15.0,3.0,0.7353535353535354,0.71
32.0,0.33333334,15.0,5.0,0.7353535353535354,0.71
32.0,0.33333334,15.0,8.0,0.7353535353535354,0.71
32.0,0.33333334,15.0,12.0,0.7353535353535354,0.71
32.0,0.33333334,15.0,20.0,0.7353535353535354,0.71
32.0,0.33333334,15.0,32.0,0.734006734006734,0.71
32.0,0.33333334,15.0,50.0,0.7286195286195286,0.708
32.0,0.33333334,15.0,80.0,0.7171717171717172,0.706
32.0,0.33333334,15.0,128.0,0.7084175084175085,0.704
32.0,0.33333334,17.0,2.0,0.7279461279461279,0.708
32.0,0.33333334,17.0,3.0,0.7279461279461279,0.708
32.0,0.33333334,17.0,5.0,0.7279461279461279,0.708
32.0,0.33333334,17.0,8.0,0.7279461279461279,0.708
32.0,0.33333334,17.0,12.0,0.7279461279461279,0.708
32.0,0.33333334,17.0,20.0,0.7279461279461279,0.708
32.0,0.33333334,17.0,32.0,0.7279461279461279,0.708
32.0,0.33333334,17.0,50.0,0.7265993265993267,0.706
32.0,0.33333334,17.0,80.0,0.7144781144781145,0.706
32.0,0.33333334,17.0,128.0,0.7057239057239058,0.704
32.0,0.33333334,20.0,2.0,0.7178451178451178,0.708
32.0,0.33333334,20.0,3.0,0.7178451178451178,0.708
32.0,0.33333334,20.0,5.0,0.7178451178451178,0.708
32.0,0.33333334,20.0,8.0,0.7178451178451178,0.708
32.0,0.33333334,20.0,12.0,0.7178451178451178,0.708
32.0,0.33333334,20.0,20.0,0.7178451178451178,0.708
32.0,0.33333334,20.0,32.0,0.7178451178451178,0.708
32.0,0.33333334,20.0,50.0,0.7171717171717172,0.704
32.0,0.33333334,20.0,80.0,0.7084175084175085,0.706
32.0,0.33333334,20.0,128.0,0.7050505050505051,0.702
32.0,0.44444445,1.0,2.0,0.8976430976430976,0.7939999999999999
32.0,0.44444445,1.0,3.0,0.8976430976430976,0.7939999999999999
32.0,0.44444445,1.0,5.0,0.8909090909090909,0.796
32.0,0.44444445,1.0,8.0,0.8747474747474747,0.792
32.0,0.44444445,1.0,12.0,0.8565656565656565,0.776
32.0,0.44444445,1.0,20.0,0.8303030303030303,0.768
32.0,0.44444445,1.0,32.0,0.8013468013468014,0.754
32.0,0.44444445,1.0,50.0,0.7784511784511784,0.738
32.0,0.44444445,1.0,80.0,0.7535353535353535,0.726
32.0,0.44444445,1.0,128.0,0.7367003367003366,0.71
32.0,0.44444445,3.0,2.0,0.857912457912458,0.768
32.0,0.44444445,3.0,3.0,0.857912457912458,0.768
32.0,0.44444445,3.0,5.0,0.857912457912458,0.768
32.0,0.44444445,3.0,8.0,0.8505050505050505,0.784
32.0,0.44444445,3.0,12.0,0.8397306397306398,0.778
32.0,0.44444445,3.0,20.0,0.8195286195286196,0.758
32.0,0.44444445,3.0,32.0,0.795959595959596,0.748
32.0,0.44444445,3.0,50.0,0.775084175084175,0.734
32.0,0.44444445,3.0,80.0,0.7535353535353535,0.718
32.0,0.44444445,3.0,128.0,0.734006734006734,0.71
32.0,0.44444445,5.0,2.0,0.8249158249158249,0.764
32.0,0.44444445,5.0,3.0,0.8249158249158249,0.764
32.0,0.44444445,5.0,5.0,0.8249158249158249,0.764
32.0,0.44444445,5.0,8.0,0.8249158249158249,0.764
32.0,0.44444445,5.0,12.0,0.8181818181818181,0.774
32.0,0.44444445,5.0,20.0,0.8094276094276094,0.754
32.0,0.44444445,5.0,32.0,0.7919191919191919,0.744
32.0,0.44444445,5.0,50.0,0.7683501683501683,0.732
32.0,0.44444445,5.0,80.0,0.7488215488215488,0.716
32.0,0.44444445,5.0,128.0,0.7313131313131314,0.708
32.0,0.44444445,7.0,2.0,0.8013468013468014,0.75
32.0,0.44444445,7.0,3.0,0.8013468013468014,0.75
32.0,0.44444445,7.0,5.0,0.8013468013468014,0.75
32.0,0.44444445,7.0,8.0,0.8013468013468014,0.75
32.0,0.44444445,7.0,12.0,0.8013468013468014,0.75
32.0,0.44444445,7.0,20.0,0.7946127946127947,0.742
32.0,0.44444445,7.0,32.0,0.7797979797979797,0.74
32.0,0.44444445,7.0,50.0,0.7636363636363637,0.732
32.0,0.44444445,7.0,80.0,0.7481481481481482,0.716
32.0,0.44444445,7.0,128.0,0.7306397306397306,0.708
32.0,0.44444445,9.0,2.0,0.7838383838383838,0.734
32.0,0.44444445,9.0,3.0,0.7838383838383838,0.734
32.0,0.44444445,9.0,5.0,0.7838383838383838,0.734
32.0,0.44444445,9.0,8.0,0.7838383838383838,0.734
32.0,0.44444445,9.0,12.0,0.7838383838383838,0.734
32.0,0.44444445,9.0,20.0,0.7845117845117845,0.738
32.0,0.44444445,9.0,32.0,0.7696969696969698,0.74
32.0,0.44444445,9.0,50.0,0.756902356902357,0.726
32.0,0.44444445,9.0,80.0,0.7468013468013468,0.716
32.0,0.44444445,9.0,128.0,0.7279461279461279,0.708
32.0,0.44444445,11.0,2.0,0.7723905723905724,0.732
32.0,0.44444445,11.0,3.0,0.7723905723905724,0.732
32.0,0.44444445,11.0,5.0,0.7723905723905724,0.732
32.0,0.44444445,11.0,8.0,0.7723905723905724,0.732
32.0,0.44444445,11.0,12.0,0.7723905723905724,0.732
32.0,0.44444445,11.0,20.0,0.7723905723905724,0.732
32.0,0.44444445,11.0,32.0,0.769023569023569,0.73
32.0,0.44444445,11.0,50.0,0.7521885521885522,0.724
32.0,0.44444445,11.0,80.0,0.7447811447811448,0.714
32.0,0.44444445,11.0,128.0,0.7279461279461279,0.702
32.0,0.44444445,13.0,2.0,0.7656565656565657,0.722
32.0,0.44444445,13.0,3.0,0.7656565656565657,0.722
32.0,0.44444445,13.0,5.0,0.7656565656565657,0.722
32.0,0.44444445,13.0,8.0,0.7656565656565657,0.722
32.0,0.44444445,13.0,12.0,0.7656565656565657,0.722
32.0,0.44444445,13.0,20.0,0.7656565656565657,0.722
32.0,0.44444445,13.0,32.0,0.762962962962963,0.722
32.0,0.44444445,13.0,50.0,0.7501683501683502,0.722
32.0,0.44444445,13.0,80.0,0.7407407407407407,0.712
32.0,0.44444445,13.0,128.0,0.7218855218855219,0.702
32.0,0.44444445,15.0,2.0,0.7562289562289563,0.718
32.0,0.44444445,15.0,3.0,0.7562289562289563,0.718
32.0,0.44444445,15.0,5.0,0.7562289562289563,0.718
32.0,0.44444445,15.0,8.0,0.7562289562289563,0.718
32.0,0.44444445,15.0,12.0,0.7562289562289563,0.718
32.0,0.44444445,15.0,20.0,0.7562289562289563,0.718
32.0,0.44444445,15.0,32.0,0.7595959595959596,0.718
32.0,0.44444445,15.0,50.0,0.7461279461279461,0.724
32.0,0.44444445,15.0,80.0,0.736026936026936,0.712
32.0,0.44444445,15.0,128.0,0.7212121212121213,0.704
32.0,0.44444445,17.0,2.0,0.7494949494949494,0.724
32.0,0.44444445,17.0,3.0,0.7494949494949494,0.724
32.0,0.44444445,17.0,5.0,0.7494949494949494,0.724
32.0,0.44444445,17.0,8.0,0.7494949494949494,0.724
32.0,0.44444445,17.0,12.0,0.7494949494949494,0.724
32.0,0.44444445,17.0,20.0,0.7494949494949494,0.724
32.0,0.44444445,17.0,32.0,0.7494949494949494,0.724
32.0,0.44444445,17.0,50.0,0.7441077441077442,0.718
32.0,0.44444445,17.0,80.0,0.731986531986532,0.704
32.0,0.44444445,17.0,128.0,0.7198653198653199,0.704
32.0,0.44444445,20.0,2.0,0.7387205387205388,0.71
32.0,0.44444445,20.0,3.0,0.7387205387205388,0.71
32.0,0.44444445,20.0,5.0,0.7387205387205388,0.71
32.0,0.44444445,20.0,8.0,0.7387205387205388,0.71
32.0,0.44444445,20.0,12.0,0.7387205387205388,0.71
32.0,0.44444445,20.0,20.0,0.7387205387205388,0.71
32.0,0.44444445,20.0,32.0,0.7387205387205388,0.71
32.0,0.44444445,20.0,50.0,0.7380471380471381,0.712
32.0,0.44444445,20.0,80.0,0.7299663299663299,0.706
32.0,0.44444445,20.0,128.0,0.7151515151515151,0.704
32.0,0.5555556,1.0,2.0,0.8929292929292929,0.786
32.0,0.5555556,1.0,3.0,0.8915824915824915,0.776
32.0,0.5555556,1.0,5.0,0.888888888888889,0.782
32.0,0.5555556,1.0,8.0,0.8760942760942761,0.784
32.0,0.5555556,1.0,12.0,0.8653198653198654,0.786
32.0,0.5555556,1.0,20.0,0.8343434343434343,0.778
32.0,0.5555556,1.0,32.0,0.8107744107744107,0.768
32.0,0.5555556,1.0,50.0,0.793939393939394,0.746
32.0,0.5555556,1.0,80.0,0.7717171717171717,0.728
32.0,0.5555556,1.0,128.0,0.7461279461279462,0.726
32.0,0.5555556,3.0,2.0,0.8626262626262626,0.78
32.0,0.5555556,3.0,3.0,0.8626262626262626,0.78
32.0,0.5555556,3.0,5.0,0.8626262626262626,0.78
32.0,0.5555556,3.0,8.0,0.8592592592592594,0.78
32.0,0.5555556,3.0,12.0,0.8471380471380471,0.78
32.0,0.5555556,3.0,20.0,0.8262626262626263,0.784
32.0,0.5555556,3.0,32.0,0.8067340067340067,0.762
32.0,0.5555556,3.0,50.0,0.7898989898989899,0.748
32.0,0.5555556,3.0,80.0,0.7703703703703704,0.726
32.0,0.5555556,3.0,128.0,0.7441077441077442,0.726
32.0,0.5555556,5.0,2.0,0.8316498316498316,0.78
32.0,0.5555556,5.0,3.0,0.8316498316498316,0.78
32.0,0.5555556,5.0,5.0,0.8316498316498316,0.78
32.0,0.5555556,5.0,8.0,0.8316498316498316,0.78
32.0,0.5555556,5.0,12.0,0.8282828282828284,0.786
32.0,0.5555556,5.0,20.0,0.8195286195286196,0.78
32.0,0.5555556,5.0,32.0,0.7986531986531986,0.762
32.0,0.5555556,5.0,50.0,0.7851851851851852,0.742
32.0,0.5555556,5.0,80.0,0.7676767676767676,0.726
32.0,0.5555556,5.0,128.0,0.7447811447811448,0.724
32.0,0.5555556,7.0,2.0,0.8154882154882156,0.78
32.0,0.5555556,7.0,3.0,0.8154882154882156,0.78
32.0,0.5555556,7.0,5.0,0.8154882154882156,0.78
32.0,0.5555556,7.0,8.0,0.8154882154882156,0.78
32.0,0.5555556,7.0,12.0,0.8154882154882156,0.78
32.0,0.5555556,7.0,20.0,0.8094276094276094,0.768
32.0,0.5555556,7.0,32.0,0.793939393939394,0.76
32.0,0.5555556,7.0,50.0,0.7804713804713804,0.742
32.0,0.5555556,7.0,80.0,0.7656565656565657,0.732
32.0,0.5555556,7.0,128.0,0.7427609427609427,0.722
32.0,0.5555556,9.0,2.0,0.8013468013468014,0.772
32.0,0.5555556,9.0,3.0,0.8013468013468014,0.772
32.0,0.5555556,9.0,5.0,0.8013468013468014,0.772
32.0,0.5555556,9.0,8.0,0.8013468013468014,0.772
32.0,0.5555556,9.0,12.0,0.8013468013468014,0.772
32.0,0.5555556,9.0,20.0,0.8013468013468014,0.772
32.0,0.5555556,9.0,32.0,0.7831649831649832,0.754
32.0,0.5555556,9.0,50.0,0.7771043771043771,0.738
32.0,0.5555556,9.0,80.0,0.7602693602693603,0.72
32.0,0.5555556,9.0,128.0,0.7407407407407407,0.72
32.0,0.5555556,11.0,2.0,0.7912457912457912,0.756
32.0,0.5555556,11.0,3.0,0.7912457912457912,0.756
32.0,0.5555556,11.0,5.0,0.7912457912457912,0.756
32.0,0.5555556,11.0,8.0,0.7912457912457912,0.756
32.0,0.5555556,11.0,12.0,0.7912457912457912,0.756
32.0,0.5555556,11.0,20.0,0.7912457912457912,0.756
32.0,0.5555556,11.0,32.0,0.7804713804713804,0.744
32.0,0.5555556,11.0,50.0,0.771043771043771,0.738
32.0,0.5555556,11.0,80.0,0.7582491582491583,0.722
32.0,0.5555556,11.0,128.0,0.7407407407407407,0.716
32.0,0.5555556,13.0,2.0,0.7777777777777778,0.748
32.0,0.5555556,13.0,3.0,0.7777777777777778,0.748
32.0,0.5555556,13.0,5.0,0.7777777777777778,0.748
32.0,0.5555556,13.0,8.0,0.7777777777777778,0.748
32.0,0.5555556,13.0,12.0,0.7777777777777778,0.748
32.0,0.5555556,13.0,20.0,0.7777777777777778,0.748
32.0,0.5555556,13.0,32.0,0.7791245791245791,0.742
32.0,0.5555556,13.0,50.0,0.7696969696969698,0.726
32.0,0.5555556,13.0,80.0,0.7542087542087542,0.72
32.0,0.5555556,13.0,128.0,0.7380471380471381,0.712
32.0,0.5555556,15.0,2.0,0.7737373737373737,0.736
32.0,0.5555556,15.0,3.0,0.7737373737373737,0.736
32.0,0.5555556,15.0,5.0,0.7737373737373737,0.736
32.0,0.5555556,15.0,8.0,0.7737373737373737,0.736
32.0,0.5555556,15.0,12.0,0.7737373737373737,0.736
32.0,0.5555556,15.0,20.0,0.7737373737373737,0.736
32.0,0.5555556,15.0,32.0,0.7703703703703704,0.74
32.0,0.5555556,15.0,50.0,0.760942760942761,0.728
32.0,0.5555556,15.0,80.0,0.7535353535353535,0.718
32.0,0.5555556,15.0,128.0,0.7393939393939394,0.712
32.0,0.5555556,17.0,2.0,0.7676767676767676,0.726
32.0,0.5555556,17.0,3.0,0.7676767676767676,0.726
32.0,0.5555556,17.0,5.0,0.7676767676767676,0.726
32.0,0.5555556,17.0,8.0,0.7676767676767676,0.726
32.0,0.5555556,17.0,12.0,0.7676767676767676,0.726
32.0,0.5555556,17.0,20.0,0.7676767676767676,0.726
32.0,0.5555556,17.0,32.0,0.7676767676767676,0.726
32.0,0.5555556,17.0,50.0,0.7636363636363637,0.72
32.0,0.5555556,17.0,80.0,0.7501683501683502,0.718
32.0,0.5555556,17.0,128.0,0.7373737373737373,0.712
32.0,0.5555556,20.0,2.0,0.7575757575757576,0.718
32.0,0.5555556,20.0,3.0,0.7575757575757576,0.718
32.0,0.5555556,20.0,5.0,0.7575757575757576,0.718
32.0,0.5555556,20.0,8.0,0.7575757575757576,0.718
32.0,0.5555556,20.0,12.0,0.7575757575757576,0.718
32.0,0.5555556,20.0,20.0,0.7575757575757576,0.718
32.0,0.5555556,20.0,32.0,0.7575757575757576,0.718
32.0,0.5555556,20.0,50.0,0.7602693602693602,0.718
32.0,0.5555556,20.0,80.0,0.7454545454545455,0.72
32.0,0.5555556,20.0,128.0,0.731986531986532,0.71
32.0,0.6666667,1.0,2.0,0.8922558922558922,0.772
32.0,0.6666667,1.0,3.0,0.8929292929292929,0.764
32.0,0.6666667,1.0,5.0,0.8895622895622897,0.77
32.0,0.6666667,1.0,8.0,0.8821548821548821,0.762
32.0,0.6666667,1.0,12.0,0.8693602693602693,0.776
32.0,0.6666667,1.0,20.0,0.8424242424242424,0.774
32.0,0.6666667,1.0,32.0,0.8195286195286196,0.776
32.0,0.6666667,1.0,50.0,0.7973063973063973,0.76
32.0,0.6666667,1.0,80.0,0.7757575757575758,0.74
32.0,0.6666667,1.0,128.0,0.7582491582491583,0.726
32.0,0.6666667,3.0,2.0,0.8639730639730641,0.764
32.0,0.6666667,3.0,3.0,0.8639730639730641,0.764
32.0,0.6666667,3.0,5.0,0.8639730639730641,0.764
32.0,0.6666667,3.0,8.0,0.8612794612794612,0.77
32.0,0.6666667,3.0,12.0,0.8484848484848484,0.77
32.0,0.6666667,3.0,20.0,0.8276094276094277,0.774
32.0,0.6666667,3.0,32.0,0.81010101010101,0.774
32.0,0.6666667,3.0,50.0,0.7925925925925925,0.762
32.0,0.6666667,3.0,80.0,0.7791245791245791,0.742
32.0,0.6666667,3.0,128.0,0.7575757575757576,0.726
32.0,0.6666667,5.0,2.0,0.8424242424242424,0.772
32.0,0.6666667,5.0,3.0,0.8424242424242424,0.772
32.0,0.6666667,5.0,5.0,0.8424242424242424,0.772
32.0,0.6666667,5.0,8.0,0.8424242424242424,0.772
32.0,0.6666667,5.0,12.0,0.841077441077441,0.772
32.0,0.6666667,5.0,20.0,0.8195286195286196,0.772
32.0,0.6666667,5.0,32.0,0.8033670033670035,0.776
32.0,0.6666667,5.0,50.0,0.7845117845117845,0.764
32.0,0.6666667,5.0,80.0,0.7757575757575758,0.738
32.0,0.6666667,5.0,128.0,0.7575757575757576,0.724
32.0,0.6666667,7.0,2.0,0.8215488215488216,0.762
32.0,0.6666667,7.0,3.0,0.8215488215488216,0.762
32.0,0.6666667,7.0,5.0,0.8215488215488216,0.762
32.0,0.6666667,7.0,8.0,0.8215488215488216,0.762
32.0,0.6666667,7.0,12.0,0.8215488215488216,0.762
32.0,0.6666667,7.0,20.0,0.8087542087542088,0.774
32.0,0.6666667,7.0,32.0,0.7993265993265993,0.772
32.0,0.6666667,7.0,50.0,0.7831649831649832,0.764
32.0,0.6666667,7.0,80.0,0.7717171717171717,0.74
32.0,0.6666667,7.0,128.0,0.7555555555555555,0.722
32.0,0.6666667,9.0,2.0,0.806060606060606,0.778
32.0,0.6666667,9.0,3.0,0.806060606060606,0.778
32.0,0.6666667,9.0,5.0,0.806060606060606,0.778
32.0,0.6666667,9.0,8.0,0.806060606060606,0.778
32.0,0.6666667,9.0,12.0,0.806060606060606,0.778
32.0,0.6666667,9.0,20.0,0.8026936026936028,0.78
32.0,0.6666667,9.0,32.0,0.7892255892255892,0.77
32.0,0.6666667,9.0,50.0,0.7784511784511785,0.758
32.0,0.6666667,9.0,80.0,0.7696969696969698,0.732
32.0,0.6666667,9.0,128.0,0.7528619528619529,0.718
32.0,0.6666667,11.0,2.0,0.7946127946127947,0.772
32.0,0.6666667,11.0,3.0,0.7946127946127947,0.772
32.0,0.6666667,11.0,5.0,0.7946127946127947,0.772
32.0,0.6666667,11.0,8.0,0.7946127946127947,0.772
32.0,0.6666667,11.0,12.0,0.7946127946127947,0.772
32.0,0.6666667,11.0,20.0,0.7946127946127947,0.772
32.0,0.6666667,11.0,32.0,0.7885521885521886,0.764
32.0,0.6666667,11.0,50.0,0.7771043771043771,0.752
32.0,0.6666667,11.0,80.0,0.769023569023569,0.73
32.0,0.6666667,11.0,128.0,0.7521885521885523,0.72
32.0,0.6666667,13.0,2.0,0.7905723905723906,0.768
32.0,0.6666667,13.0,3.0,0.7905723905723906,0.768
32.0,0.6666667,13.0,5.0,0.7905723905723906,0.768
32.0,0.6666667,13.0,8.0,0.7905723905723906,0.768
32.0,0.6666667,13.0,12.0,0.7905723905723906,0.768
32.0,0.6666667,13.0,20.0,0.7905723905723906,0.768
32.0,0.6666667,13.0,32.0,0.7838383838383838,0.758
32.0,0.6666667,13.0,50.0,0.7777777777777778,0.752
32.0,0.6666667,13.0,80.0,0.7670033670033669,0.728
32.0,0.6666667,13.0,128.0,0.7515151515151516,0.72
32.0,0.6666667,15.0,2.0,0.7784511784511785,0.76
32.0,0.6666667,15.0,3.0,0.7784511784511785,0.76
32.0,0.6666667,15.0,5.0,0.7784511784511785,0.76
32.0,0.6666667,15.0,8.0,0.7784511784511785,0.76
32.0,0.6666667,15.0,12.0,0.7784511784511785,0.76
32.0,0.6666667,15.0,20.0,0.7784511784511785,0.76
32.0,0.6666667,15.0,32.0,0.7764309764309764,0.758
32.0,0.6666667,15.0,50.0,0.773063973063973,0.746
32.0,0.6666667,15.0,80.0,0.7622895622895622,0.726
32.0,0.6666667,15.0,128.0,0.7494949494949494,0.716
32.0,0.6666667,17.0,2.0,0.7737373737373737,0.748
32.0,0.6666667,17.0,3.0,0.7737373737373737,0.748
32.0,0.6666667,17.0,5.0,0.7737373737373737,0.748
32.0,0.6666667,17.0,8.0,0.7737373737373737,0.748
32.0,0.6666667,17.0,12.0,0.7737373737373737,0.748
32.0,0.6666667,17.0,20.0,0.7737373737373737,0.748
32.0,0.6666667,17.0,32.0,0.7737373737373737,0.748
32.0,0.6666667,17.0,50.0,0.7683501683501683,0.738
32.0,0.6666667,17.0,80.0,0.7602693602693603,0.728
32.0,0.6666667,17.0,128.0,0.7488215488215488,0.716
32.0,0.6666667,20.0,2.0,0.7656565656565657,0.738
32.0,0.6666667,20.0,3.0,0.7656565656565657,0.738
32.0,0.6666667,20.0,5.0,0.7656565656565657,0.738
32.0,0.6666667,20.0,8.0,0.7656565656565657,0.738
32.0,0.6666667,20.0,12.0,0.7656565656565657,0.738
32.0,0.6666667,20.0,20.0,0.7656565656565657,0.738
32.0,0.6666667,20.0,32.0,0.7656565656565657,0.738
32.0,0.6666667,20.0,50.0,0.7696969696969698,0.734
32.0,0.6666667,20.0,80.0,0.7562289562289563,0.718
32.0,0.6666667,20.0,128.0,0.7454545454545454,0.72
32.0,0.7777778,1.0,2.0,0.8922558922558922,0.762
32.0,0.7777778,1.0,3.0,0.8929292929292929,0.768
32.0,0.7777778,1.0,5.0,0.8875420875420875,0.758
32.0,0.7777778,1.0,8.0,0.8808080808080808,0.76
32.0,0.7777778,1.0,12.0,0.8734006734006734,0.744
32.0,0.7777778,1.0,20.0,0.8518518518518519,0.758
32.0,0.7777778,1.0,32.0,0.8195286195286196,0.758
32.0,0.7777778,1.0,50.0,0.7973063973063973,0.748
32.0,0.7777778,1.0,80.0,0.7838383838383838,0.738
32.0,0.7777778,1.0,128.0,0.7622895622895622,0.722
32.0,0.7777778,3.0,2.0,0.87003367003367,0.762
32.0,0.7777778,3.0,3.0,0.87003367003367,0.762
32.0,0.7777778,3.0,5.0,0.87003367003367,0.762
32.0,0.7777778,3.0,8.0,0.8646464646464647,0.762
32.0,0.7777778,3.0,12.0,0.857912457912458,0.758
32.0,0.7777778,3.0,20.0,0.8343434343434343,0.756
32.0,0.7777778,3.0,32.0,0.8175084175084175,0.768
32.0,0.7777778,3.0,50.0,0.7946127946127947,0.748
32.0,0.7777778,3.0,80.0,0.7811447811447811,0.746
32.0,0.7777778,3.0,128.0,0.7622895622895622,0.722
32.0,0.7777778,5.0,2.0,0.8511784511784513,0.75
32.0,0.7777778,5.0,3.0,0.8511784511784513,0.75
32.0,0.7777778,5.0,5.0,0.8511784511784513,0.75
32.0,0.7777778,5.0,8.0,0.8511784511784513,0.75
32.0,0.7777778,5.0,12.0,0.8417508417508417,0.754
32.0,0.7777778,5.0,20.0,0.8316498316498316,0.76
32.0,0.7777778,5.0,32.0,0.8121212121212121,0.766
32.0,0.7777778,5.0,50.0,0.7898989898989899,0.758
32.0,0.7777778,5.0,80.0,0.7784511784511785,0.742
32.0,0.7777778,5.0,128.0,0.762962962962963,0.724
32.0,0.7777778,7.0,2.0,0.8316498316498316,0.762
32.0,0.7777778,7.0,3.0,0.8316498316498316,0.762
32.0,0.7777778,7.0,5.0,0.8316498316498316,0.762
32.0,0.7777778,7.0,8.0,0.8316498316498316,0.762
32.0,0.7777778,7.0,12.0,0.8316498316498316,0.762
32.0,0.7777778,7.0,20.0,0.8222222222222222,0.76
32.0,0.7777778,7.0,32.0,0.8087542087542087,0.768
32.0,0.7777778,7.0,50.0,0.7872053872053872,0.756
32.0,0.7777778,7.0,80.0,0.7784511784511785,0.742
32.0,0.7777778,7.0,128.0,0.7595959595959596,0.728
32.0,0.7777778,9.0,2.0,0.820875420875421,0.766
32.0,0.7777778,9.0,3.0,0.820875420875421,0.766
32.0,0.7777778,9.0,5.0,0.820875420875421,0.766
32.0,0.7777778,9.0,8.0,0.820875420875421,0.766
32.0,0.7777778,9.0,12.0,0.820875420875421,0.766
32.0,0.7777778,9.0,20.0,0.8195286195286196,0.766
32.0,0.7777778,9.0,32.0,0.804040404040404,0.768
32.0,0.7777778,9.0,50.0,0.7851851851851851,0.752
32.0,0.7777778,9.0,80.0,0.7757575757575758,0.744
32.0,0.7777778,9.0,128.0,0.7595959595959596,0.724
32.0,0.7777778,11.0,2.0,0.8067340067340067,0.762
32.0,0.7777778,11.0,3.0,0.8067340067340067,0.762
32.0,0.7777778,11.0,5.0,0.8067340067340067,0.762
32.0,0.7777778,11.0,8.0,0.8067340067340067,0.762
32.0,0.7777778,11.0,12.0,0.8067340067340067,0.762
32.0,0.7777778,11.0,20.0,0.8067340067340067,0.762
32.0,0.7777778,11.0,32.0,0.7986531986531986,0.76
32.0,0.7777778,11.0,50.0,0.7831649831649832,0.752
32.0,0.7777778,11.0,80.0,0.7744107744107744,0.738
32.0,0.7777778,11.0,128.0,0.756902356902357,0.72
32.0,0.7777778,13.0,2.0,0.793939393939394,0.754
32.0,0.7777778,13.0,3.0,0.793939393939394,0.754
32.0,0.7777778,13.0,5.0,0.793939393939394,0.754
32.0,0.7777778,13.0,8.0,0.793939393939394,0.754
32.0,0.7777778,13.0,12.0,0.793939393939394,0.754
32.0,0.7777778,13.0,20.0,0.793939393939394,0.754
32.0,0.7777778,13.0,32.0,0.7946127946127947,0.756
32.0,0.7777778,13.0,50.0,0.7851851851851851,0.744
32.0,0.7777778,13.0,80.0,0.773063973063973,0.738
32.0,0.7777778,13.0,128.0,0.7535353535353535,0.724
32.0,0.7777778,15.0,2.0,0.7898989898989899,0.75
32.0,0.7777778,15.0,3.0,0.7898989898989899,0.75
32.0,0.7777778,15.0,5.0,0.7898989898989899,0.75
32.0,0.7777778,15.0,8.0,0.7898989898989899,0.75
32.0,0.7777778,15.0,12.0,0.7898989898989899,0.75
32.0,0.7777778,15.0,20.0,0.7898989898989899,0.75
32.0,0.7777778,15.0,32.0,0.7892255892255892,0.75
32.0,0.7777778,15.0,50.0,0.7791245791245791,0.744
32.0,0.7777778,15.0,80.0,0.7744107744107744,0.736
32.0,0.7777778,15.0,128.0,0.7562289562289563,0.718
32.0,0.7777778,17.0,2.0,0.7791245791245791,0.746
32.0,0.7777778,17.0,3.0,0.7791245791245791,0.746
32.0,0.7777778,17.0,5.0,0.7791245791245791,0.746
32.0,0.7777778,17.0,8.0,0.7791245791245791,0.746
32.0,0.7777778,17.0,12.0,0.7791245791245791,0.746
32.0,0.7777778,17.0,20.0,0.7791245791245791,0.746
32.0,0.7777778,17.0,32.0,0.7791245791245791,0.746
32.0,0.7777778,17.0,50.0,0.7777777777777778,0.744
32.0,0.7777778,17.0,80.0,0.7676767676767676,0.734
32.0,0.7777778,17.0,128.0,0.7535353535353535,0.72
32.0,0.7777778,20.0,2.0,0.7764309764309765,0.736
32.0,0.7777778,20.0,3.0,0.7764309764309765,0.736
32.0,0.7777778,20.0,5.0,0.7764309764309765,0.736
32.0,0.7777778,20.0,8.0,0.7764309764309765,0.736
32.0,0.7777778,20.0,12.0,0.7764309764309765,0.736
32.0,0.7777778,20.0,20.0,0.7764309764309765,0.736
32.0,0.7777778,20.0,32.0,0.7764309764309765,0.736
32.0,0.7777778,20.0,50.0,0.7757575757575758,0.738
32.0,0.7777778,20.0,80.0,0.7616161616161616,0.728
32.0,0.7777778,20.0,128.0,0.7521885521885522,0.716
32.0,0.8888889,1.0,2.0,0.8909090909090909,0.764
32.0,0.8888889,1.0,3.0,0.8882154882154882,0.754
32.0,0.8888889,1.0,5.0,0.8855218855218855,0.758
32.0,0.8888889,1.0,8.0,0.8801346801346801,0.758
32.0,0.8888889,1.0,12.0,0.8787878787878787,0.748
32.0,0.8888889,1.0,20.0,0.8552188552188552,0.758
32.0,0.8888889,1.0,32.0,0.8289562289562289,0.752
32.0,0.8888889,1.0,50.0,0.8047138047138047,0.744
32.0,0.8888889,1.0,80.0,0.7824915824915826,0.73
32.0,0.8888889,1.0,128.0,0.7656565656565657,0.714
32.0,0.8888889,3.0,2.0,0.8686868686868687,0.762
32.0,0.8888889,3.0,3.0,0.8686868686868687,0.762
32.0,0.8888889,3.0,5.0,0.8686868686868687,0.762
32.0,0.8888889,3.0,8.0,0.8659932659932661,0.764
32.0,0.8888889,3.0,12.0,0.8498316498316498,0.762
32.0,0.8888889,3.0,20.0,0.8363636363636363,0.754
32.0,0.8888889,3.0,32.0,0.8195286195286196,0.76
32.0,0.8888889,3.0,50.0,0.7993265993265993,0.742
32.0,0.8888889,3.0,80.0,0.7804713804713804,0.73
32.0,0.8888889,3.0,128.0,0.764983164983165,0.716
32.0,0.8888889,5.0,2.0,0.8491582491582491,0.754
32.0,0.8888889,5.0,3.0,0.8491582491582491,0.754
32.0,0.8888889,5.0,5.0,0.8491582491582491,0.754
32.0,0.8888889,5.0,8.0,0.8491582491582491,0.754
32.0,0.8888889,5.0,12.0,0.8491582491582491,0.752
32.0,0.8888889,5.0,20.0,0.8303030303030303,0.752
32.0,0.8888889,5.0,32.0,0.8134680134680135,0.766
32.0,0.8888889,5.0,50.0,0.7986531986531986,0.75
32.0,0.8888889,5.0,80.0,0.7811447811447811,0.73
32.0,0.8888889,5.0,128.0,0.7622895622895622,0.718
32.0,0.8888889,7.0,2.0,0.8377104377104377,0.746
32.0,0.8888889,7.0,3.0,0.8377104377104377,0.746
32.0,0.8888889,7.0,5.0,0.8377104377104377,0.746
32.0,0.8888889,7.0,8.0,0.8377104377104377,0.746
32.0,0.8888889,7.0,12.0,0.8377104377104377,0.746
32.0,0.8888889,7.0,20.0,0.8282828282828284,0.756
32.0,0.8888889,7.0,32.0,0.8148148148148149,0.756
32.0,0.8888889,7.0,50.0,0.7952861952861954,0.744
32.0,0.8888889,7.0,80.0,0.7771043771043771,0.726
32.0,0.8888889,7.0,128.0,0.7616161616161616,0.72
32.0,0.8888889,9.0,2.0,0.8282828282828284,0.75
32.0,0.8888889,9.0,3.0,0.8282828282828284,0.75
32.0,0.8888889,9.0,5.0,0.8282828282828284,0.75
32.0,0.8888889,9.0,8.0,0.8282828282828284,0.75
32.0,0.8888889,9.0,12.0,0.8282828282828284,0.75
32.0,0.8888889,9.0,20.0,0.826936026936027,0.75
32.0,0.8888889,9.0,32.0,0.8087542087542087,0.764
32.0,0.8888889,9.0,50.0,0.793939393939394,0.742
32.0,0.8888889,9.0,80.0,0.7771043771043771,0.73
32.0,0.8888889,9.0,128.0,0.7582491582491583,0.72
32.0,0.8888889,11.0,2.0,0.8202020202020203,0.758
32.0,0.8888889,11.0,3.0,0.8202020202020203,0.758
32.0,0.8888889,11.0,5.0,0.8202020202020203,0.758
32.0,0.8888889,11.0,8.0,0.8202020202020203,0.758
32.0,0.8888889,11.0,12.0,0.8202020202020203,0.758
32.0,0.8888889,11.0,20.0,0.8202020202020203,0.758
32.0,0.8888889,11.0,32.0,0.8033670033670033,0.762
32.0,0.8888889,11.0,50.0,0.7932659932659932,0.748
32.0,0.8888889,11.0,80.0,0.7744107744107744,0.73
32.0,0.8888889,11.0,128.0,0.7589225589225589,0.716
32.0,0.8888889,13.0,2.0,0.8074074074074075,0.752
32.0,0.8888889,13.0,3.0,0.8074074074074075,0.752
32.0,0.8888889,13.0,5.0,0.8074074074074075,0.752
32.0,0.8888889,13.0,8.0,0.8074074074074075,0.752
32.0,0.8888889,13.0,12.0,0.8074074074074075,0.752
32.0,0.8888889,13.0,20.0,0.8074074074074075,0.752
32.0,0.8888889,13.0,32.0,0.8013468013468014,0.756
32.0,0.8888889,13.0,50.0,0.7865319865319865,0.748
32.0,0.8888889,13.0,80.0,0.7723905723905724,0.728
32.0,0.8888889,13.0,128.0,0.7582491582491583,0.714
32.0,0.8888889,15.0,2.0,0.7973063973063973,0.75
32.0,0.8888889,15.0,3.0,0.7973063973063973,0.75
32.0,0.8888889,15.0,5.0,0.7973063973063973,0.75
32.0,0.8888889,15.0,8.0,0.7973063973063973,0.75
32.0,0.8888889,15.0,12.0,0.7973063973063973,0.75
32.0,0.8888889,15.0,20.0,0.7973063973063973,0.75
32.0,0.8888889,15.0,32.0,0.7946127946127947,0.75
32.0,0.8888889,15.0,50.0,0.7818181818181819,0.748
32.0,0.8888889,15.0,80.0,0.7723905723905724,0.726
32.0,0.8888889,15.0,128.0,0.7575757575757576,0.702
32.0,0.8888889,17.0,2.0,0.7892255892255892,0.742
32.0,0.8888889,17.0,3.0,0.7892255892255892,0.742
32.0,0.8888889,17.0,5.0,0.7892255892255892,0.742
32.0,0.8888889,17.0,8.0,0.7892255892255892,0.742
32.0,0.8888889,17.0,12.0,0.7892255892255892,0.742
32.0,0.8888889,17.0,20.0,0.7892255892255892,0.742
32.0,0.8888889,17.0,32.0,0.7892255892255892,0.742
32.0,0.8888889,17.0,50.0,0.7811447811447811,0.744
32.0,0.8888889,17.0,80.0,0.7616161616161616,0.724
32.0,0.8888889,17.0,128.0,0.7555555555555555,0.708
32.0,0.8888889,20.0,2.0,0.7818181818181819,0.738
32.0,0.8888889,20.0,3.0,0.7818181818181819,0.738
32.0,0.8888889,20.0,5.0,0.7818181818181819,0.738
32.0,0.8888889,20.0,8.0,0.7818181818181819,0.738
32.0,0.8888889,20.0,12.0,0.7818181818181819,0.738
32.0,0.8888889,20.0,20.0,0.7818181818181819,0.738
32.0,0.8888889,20.0,32.0,0.7818181818181819,0.738
32.0,0.8888889,20.0,50.0,0.775084175084175,0.748
32.0,0.8888889,20.0,80.0,0.7643097643097643,0.732
32.0,0.8888889,20.0,128.0,0.7555555555555555,0.71
32.0,1.0,1.0,2.0,0.8875420875420875,0.748
32.0,1.0,1.0,3.0,0.8868686868686868,0.75
32.0,1.0,1.0,5.0,0.8828282828282829,0.754
32.0,1.0,1.0,8.0,0.8774410774410775,0.752
32.0,1.0,1.0,12.0,0.8686868686868687,0.762
32.0,1.0,1.0,20.0,0.8457912457912459,0.758
32.0,1.0,1.0,32.0,0.8282828282828282,0.746
32.0,1.0,1.0,50.0,0.81010101010101,0.728
32.0,1.0,1.0,80.0,0.7831649831649832,0.714
32.0,1.0,1.0,128.0,0.7609427609427609,0.704
32.0,1.0,3.0,2.0,0.8646464646464647,0.75
32.0,1.0,3.0,3.0,0.8646464646464647,0.75
32.0,1.0,3.0,5.0,0.8646464646464647,0.75
32.0,1.0,3.0,8.0,0.8632996632996633,0.752
32.0,1.0,3.0,12.0,0.8498316498316498,0.76
32.0,1.0,3.0,20.0,0.8309764309764309,0.756
32.0,1.0,3.0,32.0,0.8161616161616161,0.746
32.0,1.0,3.0,50.0,0.8,0.736
32.0,1.0,3.0,80.0,0.7791245791245791,0.716
32.0,1.0,3.0,128.0,0.7582491582491582,0.704
32.0,1.0,5.0,2.0,0.8464646464646464,0.764
32.0,1.0,5.0,3.0,0.8464646464646464,0.764
32.0,1.0,5.0,5.0,0.8464646464646464,0.764
32.0,1.0,5.0,8.0,0.8464646464646464,0.764
32.0,1.0,5.0,12.0,0.8444444444444444,0.758
32.0,1.0,5.0,20.0,0.8235690235690235,0.76
32.0,1.0,5.0,32.0,0.8094276094276094,0.746
32.0,1.0,5.0,50.0,0.795959595959596,0.736
32.0,1.0,5.0,80.0,0.773063973063973,0.72
32.0,1.0,5.0,128.0,0.7555555555555555,0.708
32.0,1.0,7.0,2.0,0.8336700336700338,0.75
32.0,1.0,7.0,3.0,0.8336700336700338,0.75
32.0,1.0,7.0,5.0,0.8336700336700338,0.75
32.0,1.0,7.0,8.0,0.8336700336700338,0.75
32.0,1.0,7.0,12.0,0.8336700336700338,0.75
32.0,1.0,7.0,20.0,0.8202020202020203,0.76
32.0,1.0,7.0,32.0,0.8053872053872053,0.752
32.0,1.0,7.0,50.0,0.7932659932659932,0.738
32.0,1.0,7.0,80.0,0.7730639730639731,0.718
32.0,1.0,7.0,128.0,0.7542087542087542,0.708
32.0,1.0,9.0,2.0,0.8235690235690235,0.752
32.0,1.0,9.0,3.0,0.8235690235690235,0.752
32.0,1.0,9.0,5.0,0.8235690235690235,0.752
32.0,1.0,9.0,8.0,0.8235690235690235,0.752
32.0,1.0,9.0,12.0,0.8235690235690235,0.752
32.0,1.0,9.0,20.0,0.8195286195286196,0.754
32.0,1.0,9.0,32.0,0.8033670033670033,0.752
32.0,1.0,9.0,50.0,0.7872053872053872,0.74
32.0,1.0,9.0,80.0,0.7670033670033669,0.72
32.0,1.0,9.0,128.0,0.7501683501683502,0.706
32.0,1.0,11.0,2.0,0.8148148148148149,0.75
32.0,1.0,11.0,3.0,0.8148148148148149,0.75
32.0,1.0,11.0,5.0,0.8148148148148149,0.75
32.0,1.0,11.0,8.0,0.8148148148148149,0.75
32.0,1.0,11.0,12.0,0.8148148148148149,0.75
32.0,1.0,11.0,20.0,0.8148148148148149,0.75
32.0,1.0,11.0,32.0,0.8026936026936028,0.748
32.0,1.0,11.0,50.0,0.7878787878787878,0.738
32.0,1.0,11.0,80.0,0.7696969696969698,0.72
32.0,1.0,11.0,128.0,0.7508417508417509,0.702
32.0,1.0,13.0,2.0,0.8006734006734006,0.746
32.0,1.0,13.0,3.0,0.8006734006734006,0.746
32.0,1.0,13.0,5.0,0.8006734006734006,0.746
32.0,1.0,13.0,8.0,0.8006734006734006,0.746
32.0,1.0,13.0,12.0,0.8006734006734006,0.746
32.0,1.0,13.0,20.0,0.8006734006734006,0.746
32.0,1.0,13.0,32.0,0.7973063973063973,0.746
32.0,1.0,13.0,50.0,0.7831649831649832,0.738
32.0,1.0,13.0,80.0,0.7643097643097644,0.718
32.0,1.0,13.0,128.0,0.7474747474747475,0.7
32.0,1.0,15.0,2.0,0.7932659932659932,0.744
32.0,1.0,15.0,3.0,0.7932659932659932,0.744
32.0,1.0,15.0,5.0,0.7932659932659932,0.744
32.0,1.0,15.0,8.0,0.7932659932659932,0.744
32.0,1.0,15.0,12.0,0.7932659932659932,0.744
32.0,1.0,15.0,20.0,0.7932659932659932,0.744
32.0,1.0,15.0,32.0,0.7898989898989899,0.744
32.0,1.0,15.0,50.0,0.7791245791245791,0.74
32.0,1.0,15.0,80.0,0.7609427609427609,0.716
32.0,1.0,15.0,128.0,0.7461279461279461,0.704
32.0,1.0,17.0,2.0,0.7872053872053872,0.744
32.0,1.0,17.0,3.0,0.7872053872053872,0.744
32.0,1.0,17.0,5.0,0.7872053872053872,0.744
32.0,1.0,17.0,8.0,0.7872053872053872,0.744
32.0,1.0,17.0,12.0,0.7872053872053872,0.744
32.0,1.0,17.0,20.0,0.7872053872053872,0.744
32.0,1.0,17.0,32.0,0.7872053872053872,0.744
32.0,1.0,17.0,50.0,0.7791245791245791,0.738
32.0,1.0,17.0,80.0,0.7602693602693603,0.71
32.0,1.0,17.0,128.0,0.7454545454545455,0.702
32.0,1.0,20.0,2.0,0.7818181818181819,0.742
32.0,1.0,20.0,3.0,0.7818181818181819,0.742
32.0,1.0,20.0,5.0,0.7818181818181819,0.742
32.0,1.0,20.0,8.0,0.7818181818181819,0.742
32.0,1.0,20.0,12.0,0.7818181818181819,0.742
32.0,1.0,20.0,20.0,0.7818181818181819,0.742
32.0,1.0,20.0,32.0,0.7818181818181819,0.742
32.0,1.0,20.0,50.0,0.7771043771043771,0.738
32.0,1.0,20.0,80.0,0.7589225589225589,0.714
32.0,1.0,20.0,128.0,0.7468013468013468,0.704
50.0,0.0,1.0,2.0,0.8962962962962964,0.75
50.0,0.0,1.0,3.0,0.9030303030303031,0.734
50.0,0.0,1.0,5.0,0.8767676767676769,0.728
50.0,0.0,1.0,8.0,0.8316498316498316,0.722
50.0,0.0,1.0,12.0,0.7979797979797979,0.716
50.0,0.0,1.0,20.0,0.7501683501683502,0.708
50.0,0.0,1.0,32.0,0.7232323232323232,0.702
50.0,0.0,1.0,50.0,0.7077441077441078,0.7
50.0,0.0,1.0,80.0,0.7016835016835017,0.7
50.0,0.0,1.0,128.0,0.7003367003367004,0.7
50.0,0.0,3.0,2.0,0.7346801346801347,0.702
50.0,0.0,3.0,3.0,0.7346801346801347,0.702
50.0,0.0,3.0,5.0,0.7346801346801347,0.702
50.0,0.0,3.0,8.0,0.7333333333333334,0.702
50.0,0.0,3.0,12.0,0.7232323232323232,0.7
50.0,0.0,3.0,20.0,0.7151515151515151,0.7
50.0,0.0,3.0,32.0,0.7070707070707071,0.7
50.0,0.0,3.0,50.0,0.7037037037037037,0.7
50.0,0.0,3.0,80.0,0.7010101010101011,0.7
50.0,0.0,3.0,128.0,0.7003367003367004,0.7
50.0,0.0,5.0,2.0,0.7070707070707071,0.7
50.0,0.0,5.0,3.0,0.7070707070707071,0.7
50.0,0.0,5.0,5.0,0.7070707070707071,0.7
50.0,0.0,5.0,8.0,0.7070707070707071,0.7
50.0,0.0,5.0,12.0,0.7077441077441078,0.7
50.0,0.0,5.0,20.0,0.7063973063973064,0.7
50.0,0.0,5.0,32.0,0.703030303030303,0.7
50.0,0.0,5.0,50.0,0.7023569023569024,0.7
50.0,0.0,5.0,80.0,0.7003367003367004,0.7
50.0,0.0,5.0,128.0,0.7003367003367004,0.7
50.0,0.0,7.0,2.0,0.7016835016835017,0.7
50.0,0.0,7.0,3.0,0.7016835016835017,0.7
50.0,0.0,7.0,5.0,0.7016835016835017,0.7
50.0,0.0,7.0,8.0,0.7016835016835017,0.7
50.0,0.0,7.0,12.0,0.7016835016835017,0.7
50.0,0.0,7.0,20.0,0.7016835016835017,0.7
50.0,0.0,7.0,32.0,0.7010101010101011,0.7
50.0,0.0,7.0,50.0,0.7010101010101011,0.7
50.0,0.0,7.0,80.0,0.7003367003367004,0.7
50.0,0.0,7.0,128.0,0.7003367003367004,0.7
50.0,0.0,9.0,2.0,0.7003367003367004,0.7
50.0,0.0,9.0,3.0,0.7003367003367004,0.7
50.0,0.0,9.0,5.0,0.7003367003367004,0.7
50.0,0.0,9.0,8.0,0.7003367003367004,0.7
50.0,0.0,9.0,12.0,0.7003367003367004,0.7
50.0,0.0,9.0,20.0,0.7003367003367004,0.7
50.0,0.0,9.0,32.0,0.7003367003367004,0.7
50.0,0.0,9.0,50.0,0.7003367003367004,0.7
50.0,0.0,9.0,80.0,0.7003367003367004,0.7
50.0,0.0,9.0,128.0,0.7003367003367004,0.7
50.0,0.0,11.0,2.0,0.7003367003367004,0.7
50.0,0.0,11.0,3.0,0.7003367003367004,0.7
50.0,0.0,11.0,5.0,0.7003367003367004,0.7
50.0,0.0,11.0,8.0,0.7003367003367004,0.7
50.0,0.0,11.0,12.0,0.7003367003367004,0.7
50.0,0.0,11.0,20.0,0.7003367003367004,0.7
50.0,0.0,11.0,32.0,0.7003367003367004,0.7
50.0,0.0,11.0,50.0,0.7003367003367004,0.7
50.0,0.0,11.0,80.0,0.7003367003367004,0.7
50.0,0.0,11.0,128.0,0.7003367003367004,0.7
50.0,0.0,13.0,2.0,0.7003367003367004,0.7
50.0,0.0,13.0,3.0,0.7003367003367004,0.7
50.0,0.0,13.0,5.0,0.7003367003367004,0.7
50.0,0.0,13.0,8.0,0.7003367003367004,0.7
50.0,0.0,13.0,12.0,0.7003367003367004,0.7
50.0,0.0,13.0,20.0,0.7003367003367004,0.7
50.0,0.0,13.0,32.0,0.7003367003367004,0.7
50.0,0.0,13.0,50.0,0.7003367003367004,0.7
50.0,0.0,13.0,80.0,0.7003367003367004,0.7
50.0,0.0,13.0,128.0,0.7003367003367004,0.7
50.0,0.0,15.0,2.0,0.7003367003367004,0.7
50.0,0.0,15.0,3.0,0.7003367003367004,0.7
50.0,0.0,15.0,5.0,0.7003367003367004,0.7
50.0,0.0,15.0,8.0,0.7003367003367004,0.7
50.0,0.0,15.0,12.0,0.7003367003367004,0.7
50.0,0.0,15.0,20.0,0.7003367003367004,0.7
50.0,0.0,15.0,32.0,0.7003367003367004,0.7
50.0,0.0,15.0,50.0,0.7003367003367004,0.7
50.0,0.0,15.0,80.0,0.7003367003367004,0.7
50.0,0.0,15.0,128.0,0.7003367003367004,0.7
50.0,0.0,17.0,2.0,0.7003367003367004,0.7
50.0,0.0,17.0,3.0,0.7003367003367004,0.7
50.0,0.0,17.0,5.0,0.7003367003367004,0.7
50.0,0.0,17.0,8.0,0.7003367003367004,0.7
50.0,0.0,17.0,12.0,0.7003367003367004,0.7
50.0,0.0,17.0,20.0,0.7003367003367004,0.7
50.0,0.0,17.0,32.0,0.7003367003367004,0.7
50.0,0.0,17.0,50.0,0.7003367003367004,0.7
50.0,0.0,17.0,80.0,0.7003367003367004,0.7
50.0,0.0,17.0,128.0,0.7003367003367004,0.7
50.0,0.0,20.0,2.0,0.7003367003367004,0.7
50.0,0.0,20.0,3.0,0.7003367003367004,0.7
50.0,0.0,20.0,5.0,0.7003367003367004,0.7
50.0,0.0,20.0,8.0,0.7003367003367004,0.7
50.0,0.0,20.0,12.0,0.7003367003367004,0.7
50.0,0.0,20.0,20.0,0.7003367003367004,0.7
50.0,0.0,20.0,32.0,0.7003367003367004,0.7
50.0,0.0,20.0,50.0,0.7003367003367004,0.7
50.0,0.0,20.0,80.0,0.7003367003367004,0.7
50.0,0.0,20.0,128.0,0.7003367003367004,0.7
50.0,0.11111111,1.0,2.0,0.9023569023569025,0.768
50.0,0.11111111,1.0,3.0,0.9003367003367003,0.754
50.0,0.11111111,1.0,5.0,0.8882154882154882,0.744
50.0,0.11111111,1.0,8.0,0.8545454545454545,0.738
50.0,0.11111111,1.0,12.0,0.8215488215488215,0.732
50.0,0.11111111,1.0,20.0,0.7865319865319865,0.718
50.0,0.11111111,1.0,32.0,0.7501683501683502,0.712
50.0,0.11111111,1.0,50.0,0.734006734006734,0.712
50.0,0.11111111,1.0,80.0,0.7104377104377104,0.704
50.0,0.11111111,1.0,128.0,0.7037037037037037,0.7
50.0,0.11111111,3.0,2.0,0.7872053872053872,0.708
50.0,0.11111111,3.0,3.0,0.7872053872053872,0.708
50.0,0.11111111,3.0,5.0,0.7872053872053872,0.708
50.0,0.11111111,3.0,8.0,0.7831649831649832,0.71
50.0,0.11111111,3.0,12.0,0.7723905723905723,0.716
50.0,0.11111111,3.0,20.0,0.7528619528619529,0.71
50.0,0.11111111,3.0,32.0,0.7387205387205388,0.712
50.0,0.11111111,3.0,50.0,0.7252525252525253,0.706
50.0,0.11111111,3.0,80.0,0.7077441077441078,0.702
50.0,0.11111111,3.0,128.0,0.703030303030303,0.7
50.0,0.11111111,5.0,2.0,0.7461279461279461,0.712
50.0,0.11111111,5.0,3.0,0.7461279461279461,0.712
50.0,0.11111111,5.0,5.0,0.7461279461279461,0.712
50.0,0.11111111,5.0,8.0,0.7461279461279461,0.712
50.0,0.11111111,5.0,12.0,0.7454545454545454,0.708
50.0,0.11111111,5.0,20.0,0.7367003367003366,0.71
50.0,0.11111111,5.0,32.0,0.7299663299663299,0.71
50.0,0.11111111,5.0,50.0,0.7178451178451178,0.704
50.0,0.11111111,5.0,80.0,0.7077441077441078,0.702
50.0,0.11111111,5.0,128.0,0.7023569023569024,0.7
50.0,0.11111111,7.0,2.0,0.7279461279461279,0.706
50.0,0.11111111,7.0,3.0,0.7279461279461279,0.706
50.0,0.11111111,7.0,5.0,0.7279461279461279,0.706
50.0,0.11111111,7.0,8.0,0.7279461279461279,0.706
50.0,0.11111111,7.0,12.0,0.7279461279461279,0.706
50.0,0.11111111,7.0,20.0,0.7252525252525253,0.706
50.0,0.11111111,7.0,32.0,0.7205387205387206,0.704
50.0,0.11111111,7.0,50.0,0.711111111111111,0.702
50.0,0.11111111,7.0,80.0,0.7070707070707071,0.702
50.0,0.11111111,7.0,128.0,0.7016835016835017,0.7
50.0,0.11111111,9.0,2.0,0.7171717171717171,0.704
50.0,0.11111111,9.0,3.0,0.7171717171717171,0.704
50.0,0.11111111,9.0,5.0,0.7171717171717171,0.704
50.0,0.11111111,9.0,8.0,0.7171717171717171,0.704
50.0,0.11111111,9.0,12.0,0.7171717171717171,0.704
50.0,0.11111111,9.0,20.0,0.7158249158249158,0.702
50.0,0.11111111,9.0,32.0,0.7124579124579125,0.702
50.0,0.11111111,9.0,50.0,0.7084175084175085,0.702
50.0,0.11111111,9.0,80.0,0.7050505050505051,0.7
50.0,0.11111111,9.0,128.0,0.7016835016835017,0.7
50.0,0.11111111,11.0,2.0,0.7084175084175085,0.702
50.0,0.11111111,11.0,3.0,0.7084175084175085,0.702
50.0,0.11111111,11.0,5.0,0.7084175084175085,0.702
50.0,0.11111111,11.0,8.0,0.7084175084175085,0.702
50.0,0.11111111,11.0,12.0,0.7084175084175085,0.702
50.0,0.11111111,11.0,20.0,0.7084175084175085,0.702
50.0,0.11111111,11.0,32.0,0.7077441077441078,0.7
50.0,0.11111111,11.0,50.0,0.7050505050505051,0.702
50.0,0.11111111,11.0,80.0,0.7043771043771044,0.7
50.0,0.11111111,11.0,128.0,0.7010101010101011,0.7
50.0,0.11111111,13.0,2.0,0.7050505050505051,0.7
50.0,0.11111111,13.0,3.0,0.7050505050505051,0.7
50.0,0.11111111,13.0,5.0,0.7050505050505051,0.7
50.0,0.11111111,13.0,8.0,0.7050505050505051,0.7
50.0,0.11111111,13.0,12.0,0.7050505050505051,0.7
50.0,0.11111111,13.0,20.0,0.7050505050505051,0.7
50.0,0.11111111,13.0,32.0,0.7050505050505051,0.7
50.0,0.11111111,13.0,50.0,0.7050505050505051,0.7
50.0,0.11111111,13.0,80.0,0.703030303030303,0.7
50.0,0.11111111,13.0,128.0,0.7010101010101011,0.7
50.0,0.11111111,15.0,2.0,0.7050505050505051,0.7
50.0,0.11111111,15.0,3.0,0.7050505050505051,0.7
50.0,0.11111111,15.0,5.0,0.7050505050505051,0.7
50.0,0.11111111,15.0,8.0,0.7050505050505051,0.7
50.0,0.11111111,15.0,12.0,0.7050505050505051,0.7
50.0,0.11111111,15.0,20.0,0.7050505050505051,0.7
50.0,0.11111111,15.0,32.0,0.7050505050505051,0.7
50.0,0.11111111,15.0,50.0,0.7050505050505051,0.7
50.0,0.11111111,15.0,80.0,0.7016835016835017,0.7
50.0,0.11111111,15.0,128.0,0.7010101010101011,0.7
50.0,0.11111111,17.0,2.0,0.7023569023569024,0.7
50.0,0.11111111,17.0,3.0,0.7023569023569024,0.7
50.0,0.11111111,17.0,5.0,0.7023569023569024,0.7
50.0,0.11111111,17.0,8.0,0.7023569023569024,0.7
50.0,0.11111111,17.0,12.0,0.7023569023569024,0.7
50.0,0.11111111,17.0,20.0,0.7023569023569024,0.7
50.0,0.11111111,17.0,32.0,0.7023569023569024,0.7
50.0,0.11111111,17.0,50.0,0.7023569023569024,0.7
50.0,0.11111111,17.0,80.0,0.7010101010101011,0.7
50.0,0.11111111,17.0,128.0,0.7003367003367004,0.7
50.0,0.11111111,20.0,2.0,0.7003367003367004,0.7
50.0,0.11111111,20.0,3.0,0.7003367003367004,0.7
50.0,0.11111111,20.0,5.0,0.7003367003367004,0.7
50.0,0.11111111,20.0,8.0,0.7003367003367004,0.7
50.0,0.11111111,20.0,12.0,0.7003367003367004,0.7
50.0,0.11111111,20.0,20.0,0.7003367003367004,0.7
50.0,0.11111111,20.0,32.0,0.7003367003367004,0.7
50.0,0.11111111,20.0,50.0,0.7003367003367004,0.7
50.0,0.11111111,20.0,80.0,0.7003367003367004,0.7
50.0,0.11111111,20.0,128.0,0.7003367003367004,0.7
50.0,0.22222222,1.0,2.0,0.9023569023569025,0.768
50.0,0.22222222,1.0,3.0,0.9003367003367003,0.754
50.0,0.22222222,1.0,5.0,0.8882154882154882,0.744
50.0,0.22222222,1.0,8.0,0.8545454545454545,0.738
50.0,0.22222222,1.0,12.0,0.8215488215488215,0.732
50.0,0.22222222,1.0,20.0,0.7865319865319865,0.718
50.0,0.22222222,1.0,32.0,0.7501683501683502,0.712
50.0,0.22222222,1.0,50.0,0.734006734006734,0.712
50.0,0.22222222,1.0,80.0,0.7104377104377104,0.704
50.0,0.22222222,1.0,128.0,0.7037037037037037,0.7
50.0,0.22222222,3.0,2.0,0.7872053872053872,0.708
50.0,0.22222222,3.0,3.0,0.7872053872053872,0.708
50.0,0.22222222,3.0,5.0,0.7872053872053872,0.708
50.0,0.22222222,3.0,8.0,0.7831649831649832,0.71
50.0,0.22222222,3.0,12.0,0.7723905723905723,0.716
50.0,0.22222222,3.0,20.0,0.7528619528619529,0.71
50.0,0.22222222,3.0,32.0,0.7387205387205388,0.712
50.0,0.22222222,3.0,50.0,0.7252525252525253,0.706
50.0,0.22222222,3.0,80.0,0.7077441077441078,0.702
50.0,0.22222222,3.0,128.0,0.703030303030303,0.7
50.0,0.22222222,5.0,2.0,0.7461279461279461,0.712
50.0,0.22222222,5.0,3.0,0.7461279461279461,0.712
50.0,0.22222222,5.0,5.0,0.7461279461279461,0.712
50.0,0.22222222,5.0,8.0,0.7461279461279461,0.712
50.0,0.22222222,5.0,12.0,0.7454545454545454,0.708
50.0,0.22222222,5.0,20.0,0.7367003367003366,0.71
50.0,0.22222222,5.0,32.0,0.7299663299663299,0.71
50.0,0.22222222,5.0,50.0,0.7178451178451178,0.704
50.0,0.22222222,5.0,80.0,0.7077441077441078,0.702
50.0,0.22222222,5.0,128.0,0.7023569023569024,0.7
50.0,0.22222222,7.0,2.0,0.7279461279461279,0.706
50.0,0.22222222,7.0,3.0,0.7279461279461279,0.706
50.0,0.22222222,7.0,5.0,0.7279461279461279,0.706
50.0,0.22222222,7.0,8.0,0.7279461279461279,0.706
50.0,0.22222222,7.0,12.0,0.7279461279461279,0.706
50.0,0.22222222,7.0,20.0,0.7252525252525253,0.706
50.0,0.22222222,7.0,32.0,0.7205387205387206,0.704
50.0,0.22222222,7.0,50.0,0.711111111111111,0.702
50.0,0.22222222,7.0,80.0,0.7070707070707071,0.702
50.0,0.22222222,7.0,128.0,0.7016835016835017,0.7
50.0,0.22222222,9.0,2.0,0.7171717171717171,0.704
50.0,0.22222222,9.0,3.0,0.7171717171717171,0.704
50.0,0.22222222,9.0,5.0,0.7171717171717171,0.704
50.0,0.22222222,9.0,8.0,0.7171717171717171,0.704
50.0,0.22222222,9.0,12.0,0.7171717171717171,0.704
50.0,0.22222222,9.0,20.0,0.7158249158249158,0.702
50.0,0.22222222,9.0,32.0,0.7124579124579125,0.702
50.0,0.22222222,9.0,50.0,0.7084175084175085,0.702
50.0,0.22222222,9.0,80.0,0.7050505050505051,0.7
50.0,0.22222222,9.0,128.0,0.7016835016835017,0.7
50.0,0.22222222,11.0,2.0,0.7084175084175085,0.702
50.0,0.22222222,11.0,3.0,0.7084175084175085,0.702
50.0,0.22222222,11.0,5.0,0.7084175084175085,0.702
50.0,0.22222222,11.0,8.0,0.7084175084175085,0.702
50.0,0.22222222,11.0,12.0,0.7084175084175085,0.702
50.0,0.22222222,11.0,20.0,0.7084175084175085,0.702
50.0,0.22222222,11.0,32.0,0.7077441077441078,0.7
50.0,0.22222222,11.0,50.0,0.7050505050505051,0.702
50.0,0.22222222,11.0,80.0,0.7043771043771044,0.7
50.0,0.22222222,11.0,128.0,0.7010101010101011,0.7
50.0,0.22222222,13.0,2.0,0.7050505050505051,0.7
50.0,0.22222222,13.0,3.0,0.7050505050505051,0.7
50.0,0.22222222,13.0,5.0,0.7050505050505051,0.7
50.0,0.22222222,13.0,8.0,0.7050505050505051,0.7
50.0,0.22222222,13.0,12.0,0.7050505050505051,0.7
50.0,0.22222222,13.0,20.0,0.7050505050505051,0.7
50.0,0.22222222,13.0,32.0,0.7050505050505051,0.7
50.0,0.22222222,13.0,50.0,0.7050505050505051,0.7
50.0,0.22222222,13.0,80.0,0.703030303030303,0.7
50.0,0.22222222,13.0,128.0,0.7010101010101011,0.7
50.0,0.22222222,15.0,2.0,0.7050505050505051,0.7
50.0,0.22222222,15.0,3.0,0.7050505050505051,0.7
50.0,0.22222222,15.0,5.0,0.7050505050505051,0.7
50.0,0.22222222,15.0,8.0,0.7050505050505051,0.7
50.0,0.22222222,15.0,12.0,0.7050505050505051,0.7
50.0,0.22222222,15.0,20.0,0.7050505050505051,0.7
50.0,0.22222222,15.0,32.0,0.7050505050505051,0.7
50.0,0.22222222,15.0,50.0,0.7050505050505051,0.7
50.0,0.22222222,15.0,80.0,0.7016835016835017,0.7
50.0,0.22222222,15.0,128.0,0.7010101010101011,0.7
50.0,0.22222222,17.0,2.0,0.7023569023569024,0.7
50.0,0.22222222,17.0,3.0,0.7023569023569024,0.7
50.0,0.22222222,17.0,5.0,0.7023569023569024,0.7
50.0,0.22222222,17.0,8.0,0.7023569023569024,0.7
50.0,0.22222222,17.0,12.0,0.7023569023569024,0.7
50.0,0.22222222,17.0,20.0,0.7023569023569024,0.7
50.0,0.22222222,17.0,32.0,0.7023569023569024,0.7
50.0,0.22222222,17.0,50.0,0.7023569023569024,0.7
50.0,0.22222222,17.0,80.0,0.7010101010101011,0.7
50.0,0.22222222,17.0,128.0,0.7003367003367004,0.7
50.0,0.22222222,20.0,2.0,0.7003367003367004,0.7
50.0,0.22222222,20.0,3.0,0.7003367003367004,0.7
50.0,0.22222222,20.0,5.0,0.7003367003367004,0.7
50.0,0.22222222,20.0,8.0,0.7003367003367004,0.7
50.0,0.22222222,20.0,12.0,0.7003367003367004,0.7
50.0,0.22222222,20.0,20.0,0.7003367003367004,0.7
50.0,0.22222222,20.0,32.0,0.7003367003367004,0.7
50.0,0.22222222,20.0,50.0,0.7003367003367004,0.7
50.0,0.22222222,20.0,80.0,0.7003367003367004,0.7
50.0,0.22222222,20.0,128.0,0.7003367003367004,0.7
50.0,0.33333334,1.0,2.0,0.9023569023569025,0.786
50.0,0.33333334,1.0,3.0,0.8996632996632996,0.788
50.0,0.33333334,1.0,5.0,0.8983164983164983,0.784
50.0,0.33333334,1.0,8.0,0.872053872053872,0.77
50.0,0.33333334,1.0,12.0,0.8457912457912459,0.77
50.0,0.33333334,1.0,20.0,0.8215488215488216,0.758
50.0,0.33333334,1.0,32.0,0.7912457912457913,0.734
50.0,0.33333334,1.0,50.0,0.7656565656565657,0.73
50.0,0.33333334,1.0,80.0,0.7407407407407407,0.712
50.0,0.33333334,1.0,128.0,0.7144781144781145,0.704
50.0,0.33333334,3.0,2.0,0.835016835016835,0.752
50.0,0.33333334,3.0,3.0,0.835016835016835,0.752
50.0,0.33333334,3.0,5.0,0.835016835016835,0.752
50.0,0.33333334,3.0,8.0,0.8329966329966331,0.754
50.0,0.33333334,3.0,12.0,0.820875420875421,0.746
50.0,0.33333334,3.0,20.0,0.806060606060606,0.744
50.0,0.33333334,3.0,32.0,0.7824915824915826,0.726
50.0,0.33333334,3.0,50.0,0.7582491582491583,0.724
50.0,0.33333334,3.0,80.0,0.7400673400673401,0.716
50.0,0.33333334,3.0,128.0,0.7138047138047139,0.706
50.0,0.33333334,5.0,2.0,0.8020202020202021,0.744
50.0,0.33333334,5.0,3.0,0.8020202020202021,0.744
50.0,0.33333334,5.0,5.0,0.8020202020202021,0.744
50.0,0.33333334,5.0,8.0,0.8020202020202021,0.744
50.0,0.33333334,5.0,12.0,0.8,0.736
50.0,0.33333334,5.0,20.0,0.78989898989899,0.74
50.0,0.33333334,5.0,32.0,0.773063973063973,0.724
50.0,0.33333334,5.0,50.0,0.7535353535353535,0.716
50.0,0.33333334,5.0,80.0,0.7367003367003366,0.714
50.0,0.33333334,5.0,128.0,0.7124579124579125,0.706
50.0,0.33333334,7.0,2.0,0.7804713804713804,0.718
50.0,0.33333334,7.0,3.0,0.7804713804713804,0.718
50.0,0.33333334,7.0,5.0,0.7804713804713804,0.718
50.0,0.33333334,7.0,8.0,0.7804713804713804,0.718
50.0,0.33333334,7.0,12.0,0.7804713804713804,0.718
50.0,0.33333334,7.0,20.0,0.7771043771043771,0.72
50.0,0.33333334,7.0,32.0,0.7609427609427609,0.714
50.0,0.33333334,7.0,50.0,0.7474747474747475,0.71
50.0,0.33333334,7.0,80.0,0.7326599326599326,0.714
50.0,0.33333334,7.0,128.0,0.7117845117845117,0.708
50.0,0.33333334,9.0,2.0,0.762962962962963,0.716
50.0,0.33333334,9.0,3.0,0.762962962962963,0.716
50.0,0.33333334,9.0,5.0,0.762962962962963,0.716
50.0,0.33333334,9.0,8.0,0.762962962962963,0.716
50.0,0.33333334,9.0,12.0,0.762962962962963,0.716
50.0,0.33333334,9.0,20.0,0.7643097643097643,0.718
50.0,0.33333334,9.0,32.0,0.7542087542087541,0.716
50.0,0.33333334,9.0,50.0,0.7454545454545454,0.71
50.0,0.33333334,9.0,80.0,0.7292929292929292,0.708
50.0,0.33333334,9.0,128.0,0.7117845117845117,0.708
50.0,0.33333334,11.0,2.0,0.7508417508417509,0.708
50.0,0.33333334,11.0,3.0,0.7508417508417509,0.708
50.0,0.33333334,11.0,5.0,0.7508417508417509,0.708
50.0,0.33333334,11.0,8.0,0.7508417508417509,0.708
50.0,0.33333334,11.0,12.0,0.7508417508417509,0.708
50.0,0.33333334,11.0,20.0,0.7508417508417509,0.708
50.0,0.33333334,11.0,32.0,0.7488215488215488,0.712
50.0,0.33333334,11.0,50.0,0.7387205387205388,0.706
50.0,0.33333334,11.0,80.0,0.7252525252525253,0.706
50.0,0.33333334,11.0,128.0,0.711111111111111,0.706
50.0,0.33333334,13.0,2.0,0.7434343434343434,0.708
50.0,0.33333334,13.0,3.0,0.7434343434343434,0.708
50.0,0.33333334,13.0,5.0,0.7434343434343434,0.708
50.0,0.33333334,13.0,8.0,0.7434343434343434,0.708
50.0,0.33333334,13.0,12.0,0.7434343434343434,0.708
50.0,0.33333334,13.0,20.0,0.7434343434343434,0.708
50.0,0.33333334,13.0,32.0,0.7400673400673401,0.708
50.0,0.33333334,13.0,50.0,0.7346801346801347,0.708
50.0,0.33333334,13.0,80.0,0.7218855218855219,0.706
50.0,0.33333334,13.0,128.0,0.711111111111111,0.704
50.0,0.33333334,15.0,2.0,0.7353535353535354,0.71
50.0,0.33333334,15.0,3.0,0.7353535353535354,0.71
50.0,0.33333334,15.0,5.0,0.7353535353535354,0.71
50.0,0.33333334,15.0,8.0,0.7353535353535354,0.71
50.0,0.33333334,15.0,12.0,0.7353535353535354,0.71
50.0,0.33333334,15.0,20.0,0.7353535353535354,0.71
50.0,0.33333334,15.0,32.0,0.734006734006734,0.71
50.0,0.33333334,15.0,50.0,0.7286195286195286,0.708
50.0,0.33333334,15.0,80.0,0.7171717171717172,0.706
50.0,0.33333334,15.0,128.0,0.7084175084175085,0.704
50.0,0.33333334,17.0,2.0,0.7279461279461279,0.708
50.0,0.33333334,17.0,3.0,0.7279461279461279,0.708
50.0,0.33333334,17.0,5.0,0.7279461279461279,0.708
50.0,0.33333334,17.0,8.0,0.7279461279461279,0.708
50.0,0.33333334,17.0,12.0,0.7279461279461279,0.708
50.0,0.33333334,17.0,20.0,0.7279461279461279,0.708
50.0,0.33333334,17.0,32.0,0.7279461279461279,0.708
50.0,0.33333334,17.0,50.0,0.7265993265993267,0.706
50.0,0.33333334,17.0,80.0,0.7144781144781145,0.706
50.0,0.33333334,17.0,128.0,0.7057239057239058,0.704
50.0,0.33333334,20.0,2.0,0.7178451178451178,0.708
50.0,0.33333334,20.0,3.0,0.7178451178451178,0.708
50.0,0.33333334,20.0,5.0,0.7178451178451178,0.708
50.0,0.33333334,20.0,8.0,0.7178451178451178,0.708
50.0,0.33333334,20.0,12.0,0.7178451178451178,0.708
50.0,0.33333334,20.0,20.0,0.7178451178451178,0.708
50.0,0.33333334,20.0,32.0,0.7178451178451178,0.708
50.0,0.33333334,20.0,50.0,0.7171717171717172,0.704
50.0,0.33333334,20.0,80.0,0.7084175084175085,0.706
50.0,0.33333334,20.0,128.0,0.7050505050505051,0.702
50.0,0.44444445,1.0,2.0,0.8976430976430976,0.7939999999999999
50.0,0.44444445,1.0,3.0,0.8976430976430976,0.7939999999999999
50.0,0.44444445,1.0,5.0,0.8909090909090909,0.796
50.0,0.44444445,1.0,8.0,0.8747474747474747,0.792
50.0,0.44444445,1.0,12.0,0.8565656565656565,0.776
50.0,0.44444445,1.0,20.0,0.8303030303030303,0.768
50.0,0.44444445,1.0,32.0,0.8013468013468014,0.754
50.0,0.44444445,1.0,50.0,0.7784511784511784,0.738
50.0,0.44444445,1.0,80.0,0.7535353535353535,0.726
50.0,0.44444445,1.0,128.0,0.7367003367003366,0.71
50.0,0.44444445,3.0,2.0,0.857912457912458,0.768
50.0,0.44444445,3.0,3.0,0.857912457912458,0.768
50.0,0.44444445,3.0,5.0,0.857912457912458,0.768
50.0,0.44444445,3.0,8.0,0.8505050505050505,0.784
50.0,0.44444445,3.0,12.0,0.8397306397306398,0.778
50.0,0.44444445,3.0,20.0,0.8195286195286196,0.758
50.0,0.44444445,3.0,32.0,0.795959595959596,0.748
50.0,0.44444445,3.0,50.0,0.775084175084175,0.734
50.0,0.44444445,3.0,80.0,0.7535353535353535,0.718
50.0,0.44444445,3.0,128.0,0.734006734006734,0.71
50.0,0.44444445,5.0,2.0,0.8249158249158249,0.764
50.0,0.44444445,5.0,3.0,0.8249158249158249,0.764
50.0,0.44444445,5.0,5.0,0.8249158249158249,0.764
50.0,0.44444445,5.0,8.0,0.8249158249158249,0.764
50.0,0.44444445,5.0,12.0,0.8181818181818181,0.774
50.0,0.44444445,5.0,20.0,0.8094276094276094,0.754
50.0,0.44444445,5.0,32.0,0.7919191919191919,0.744
50.0,0.44444445,5.0,50.0,0.7683501683501683,0.732
50.0,0.44444445,5.0,80.0,0.7488215488215488,0.716
50.0,0.44444445,5.0,128.0,0.7313131313131314,0.708
50.0,0.44444445,7.0,2.0,0.8013468013468014,0.75
50.0,0.44444445,7.0,3.0,0.8013468013468014,0.75
50.0,0.44444445,7.0,5.0,0.8013468013468014,0.75
50.0,0.44444445,7.0,8.0,0.8013468013468014,0.75
50.0,0.44444445,7.0,12.0,0.8013468013468014,0.75
50.0,0.44444445,7.0,20.0,0.7946127946127947,0.742
50.0,0.44444445,7.0,32.0,0.7797979797979797,0.74
50.0,0.44444445,7.0,50.0,0.7636363636363637,0.732
50.0,0.44444445,7.0,80.0,0.7481481481481482,0.716
50.0,0.44444445,7.0,128.0,0.7306397306397306,0.708
50.0,0.44444445,9.0,2.0,0.7838383838383838,0.734
50.0,0.44444445,9.0,3.0,0.7838383838383838,0.734
50.0,0.44444445,9.0,5.0,0.7838383838383838,0.734
50.0,0.44444445,9.0,8.0,0.7838383838383838,0.734
50.0,0.44444445,9.0,12.0,0.7838383838383838,0.734
50.0,0.44444445,9.0,20.0,0.7845117845117845,0.738
50.0,0.44444445,9.0,32.0,0.7696969696969698,0.74
50.0,0.44444445,9.0,50.0,0.756902356902357,0.726
50.0,0.44444445,9.0,80.0,0.7468013468013468,0.716
50.0,0.44444445,9.0,128.0,0.7279461279461279,0.708
50.0,0.44444445,11.0,2.0,0.7723905723905724,0.732
50.0,0.44444445,11.0,3.0,0.7723905723905724,0.732
50.0,0.44444445,11.0,5.0,0.7723905723905724,0.732
50.0,0.44444445,11.0,8.0,0.7723905723905724,0.732
50.0,0.44444445,11.0,12.0,0.7723905723905724,0.732
50.0,0.44444445,11.0,20.0,0.7723905723905724,0.732
50.0,0.44444445,11.0,32.0,0.769023569023569,0.73
50.0,0.44444445,11.0,50.0,0.7521885521885522,0.724
50.0,0.44444445,11.0,80.0,0.7447811447811448,0.714
50.0,0.44444445,11.0,128.0,0.7279461279461279,0.702
50.0,0.44444445,13.0,2.0,0.7656565656565657,0.722
50.0,0.44444445,13.0,3.0,0.7656565656565657,0.722
50.0,0.44444445,13.0,5.0,0.7656565656565657,0.722
50.0,0.44444445,13.0,8.0,0.7656565656565657,0.722
50.0,0.44444445,13.0,12.0,0.7656565656565657,0.722
50.0,0.44444445,13.0,20.0,0.7656565656565657,0.722
50.0,0.44444445,13.0,32.0,0.762962962962963,0.722
50.0,0.44444445,13.0,50.0,0.7501683501683502,0.722
50.0,0.44444445,13.0,80.0,0.7407407407407407,0.712
50.0,0.44444445,13.0,128.0,0.7218855218855219,0.702
50.0,0.44444445,15.0,2.0,0.7562289562289563,0.718
50.0,0.44444445,15.0,3.0,0.7562289562289563,0.718
50.0,0.44444445,15.0,5.0,0.7562289562289563,0.718
50.0,0.44444445,15.0,8.0,0.7562289562289563,0.718
50.0,0.44444445,15.0,12.0,0.7562289562289563,0.718
50.0,0.44444445,15.0,20.0,0.7562289562289563,0.718
50.0,0.44444445,15.0,32.0,0.7595959595959596,0.718
50.0,0.44444445,15.0,50.0,0.7461279461279461,0.724
50.0,0.44444445,15.0,80.0,0.736026936026936,0.712
50.0,0.44444445,15.0,128.0,0.7212121212121213,0.704
50.0,0.44444445,17.0,2.0,0.7494949494949494,0.724
50.0,0.44444445,17.0,3.0,0.7494949494949494,0.724
50.0,0.44444445,17.0,5.0,0.7494949494949494,0.724
50.0,0.44444445,17.0,8.0,0.7494949494949494,0.724
50.0,0.44444445,17.0,12.0,0.7494949494949494,0.724
50.0,0.44444445,17.0,20.0,0.7494949494949494,0.724
50.0,0.44444445,17.0,32.0,0.7494949494949494,0.724
50.0,0.44444445,17.0,50.0,0.7441077441077442,0.718
50.0,0.44444445,17.0,80.0,0.731986531986532,0.704
50.0,0.44444445,17.0,128.0,0.7198653198653199,0.704
50.0,0.44444445,20.0,2.0,0.7387205387205388,0.71
50.0,0.44444445,20.0,3.0,0.7387205387205388,0.71
50.0,0.44444445,20.0,5.0,0.7387205387205388,0.71
50.0,0.44444445,20.0,8.0,0.7387205387205388,0.71
50.0,0.44444445,20.0,12.0,0.7387205387205388,0.71
50.0,0.44444445,20.0,20.0,0.7387205387205388,0.71
50.0,0.44444445,20.0,32.0,0.7387205387205388,0.71
50.0,0.44444445,20.0,50.0,0.7380471380471381,0.712
50.0,0.44444445,20.0,80.0,0.7299663299663299,0.706
50.0,0.44444445,20.0,128.0,0.7151515151515151,0.704
50.0,0.5555556,1.0,2.0,0.8929292929292929,0.786
50.0,0.5555556,1.0,3.0,0.8915824915824915,0.776
50.0,0.5555556,1.0,5.0,0.888888888888889,0.782
50.0,0.5555556,1.0,8.0,0.8760942760942761,0.784
50.0,0.5555556,1.0,12.0,0.8653198653198654,0.786
50.0,0.5555556,1.0,20.0,0.8343434343434343,0.778
50.0,0.5555556,1.0,32.0,0.8107744107744107,0.768
50.0,0.5555556,1.0,50.0,0.793939393939394,0.746
50.0,0.5555556,1.0,80.0,0.7717171717171717,0.728
50.0,0.5555556,1.0,128.0,0.7461279461279462,0.726
50.0,0.5555556,3.0,2.0,0.8626262626262626,0.78
50.0,0.5555556,3.0,3.0,0.8626262626262626,0.78
50.0,0.5555556,3.0,5.0,0.8626262626262626,0.78
50.0,0.5555556,3.0,8.0,0.8592592592592594,0.78
50.0,0.5555556,3.0,12.0,0.8471380471380471,0.78
50.0,0.5555556,3.0,20.0,0.8262626262626263,0.784
50.0,0.5555556,3.0,32.0,0.8067340067340067,0.762
50.0,0.5555556,3.0,50.0,0.7898989898989899,0.748
50.0,0.5555556,3.0,80.0,0.7703703703703704,0.726
50.0,0.5555556,3.0,128.0,0.7441077441077442,0.726
50.0,0.5555556,5.0,2.0,0.8316498316498316,0.78
50.0,0.5555556,5.0,3.0,0.8316498316498316,0.78
50.0,0.5555556,5.0,5.0,0.8316498316498316,0.78
50.0,0.5555556,5.0,8.0,0.8316498316498316,0.78
50.0,0.5555556,5.0,12.0,0.8282828282828284,0.786
50.0,0.5555556,5.0,20.0,0.8195286195286196,0.78
50.0,0.5555556,5.0,32.0,0.7986531986531986,0.762
50.0,0.5555556,5.0,50.0,0.7851851851851852,0.742
50.0,0.5555556,5.0,80.0,0.7676767676767676,0.726
50.0,0.5555556,5.0,128.0,0.7447811447811448,0.724
50.0,0.5555556,7.0,2.0,0.8154882154882156,0.78
50.0,0.5555556,7.0,3.0,0.8154882154882156,0.78
50.0,0.5555556,7.0,5.0,0.8154882154882156,0.78
50.0,0.5555556,7.0,8.0,0.8154882154882156,0.78
50.0,0.5555556,7.0,12.0,0.8154882154882156,0.78
50.0,0.5555556,7.0,20.0,0.8094276094276094,0.768
50.0,0.5555556,7.0,32.0,0.793939393939394,0.76
50.0,0.5555556,7.0,50.0,0.7804713804713804,0.742
50.0,0.5555556,7.0,80.0,0.7656565656565657,0.732
50.0,0.5555556,7.0,128.0,0.7427609427609427,0.722
50.0,0.5555556,9.0,2.0,0.8013468013468014,0.772
50.0,0.5555556,9.0,3.0,0.8013468013468014,0.772
50.0,0.5555556,9.0,5.0,0.8013468013468014,0.772
50.0,0.5555556,9.0,8.0,0.8013468013468014,0.772
50.0,0.5555556,9.0,12.0,0.8013468013468014,0.772
50.0,0.5555556,9.0,20.0,0.8013468013468014,0.772
50.0,0.5555556,9.0,32.0,0.7831649831649832,0.754
50.0,0.5555556,9.0,50.0,0.7771043771043771,0.738
50.0,0.5555556,9.0,80.0,0.7602693602693603,0.72
50.0,0.5555556,9.0,128.0,0.7407407407407407,0.72
50.0,0.5555556,11.0,2.0,0.7912457912457912,0.756
50.0,0.5555556,11.0,3.0,0.7912457912457912,0.756
50.0,0.5555556,11.0,5.0,0.7912457912457912,0.756
50.0,0.5555556,11.0,8.0,0.7912457912457912,0.756
50.0,0.5555556,11.0,12.0,0.7912457912457912,0.756
50.0,0.5555556,11.0,20.0,0.7912457912457912,0.756
50.0,0.5555556,11.0,32.0,0.7804713804713804,0.744
50.0,0.5555556,11.0,50.0,0.771043771043771,0.738
50.0,0.5555556,11.0,80.0,0.7582491582491583,0.722
50.0,0.5555556,11.0,128.0,0.7407407407407407,0.716
50.0,0.5555556,13.0,2.0,0.7777777777777778,0.748
50.0,0.5555556,13.0,3.0,0.7777777777777778,0.748
50.0,0.5555556,13.0,5.0,0.7777777777777778,0.748
50.0,0.5555556,13.0,8.0,0.7777777777777778,0.748
50.0,0.5555556,13.0,12.0,0.7777777777777778,0.748
50.0,0.5555556,13.0,20.0,0.7777777777777778,0.748
50.0,0.5555556,13.0,32.0,0.7791245791245791,0.742
50.0,0.5555556,13.0,50.0,0.7696969696969698,0.726
50.0,0.5555556,13.0,80.0,0.7542087542087542,0.72
50.0,0.5555556,13.0,128.0,0.7380471380471381,0.712
50.0,0.5555556,15.0,2.0,0.7737373737373737,0.736
50.0,0.5555556,15.0,3.0,0.7737373737373737,0.736
50.0,0.5555556,15.0,5.0,0.7737373737373737,0.736
50.0,0.5555556,15.0,8.0,0.7737373737373737,0.736
50.0,0.5555556,15.0,12.0,0.7737373737373737,0.736
50.0,0.5555556,15.0,20.0,0.7737373737373737,0.736
50.0,0.5555556,15.0,32.0,0.7703703703703704,0.74
50.0,0.5555556,15.0,50.0,0.760942760942761,0.728
50.0,0.5555556,15.0,80.0,0.7535353535353535,0.718
50.0,0.5555556,15.0,128.0,0.7393939393939394,0.712
50.0,0.5555556,17.0,2.0,0.7676767676767676,0.726
50.0,0.5555556,17.0,3.0,0.7676767676767676,0.726
50.0,0.5555556,17.0,5.0,0.7676767676767676,0.726
50.0,0.5555556,17.0,8.0,0.7676767676767676,0.726
50.0,0.5555556,17.0,12.0,0.7676767676767676,0.726
50.0,0.5555556,17.0,20.0,0.7676767676767676,0.726
50.0,0.5555556,17.0,32.0,0.7676767676767676,0.726
50.0,0.5555556,17.0,50.0,0.7636363636363637,0.72
50.0,0.5555556,17.0,80.0,0.7501683501683502,0.718
50.0,0.5555556,17.0,128.0,0.7373737373737373,0.712
50.0,0.5555556,20.0,2.0,0.7575757575757576,0.718
50.0,0.5555556,20.0,3.0,0.7575757575757576,0.718
50.0,0.5555556,20.0,5.0,0.7575757575757576,0.718
50.0,0.5555556,20.0,8.0,0.7575757575757576,0.718
50.0,0.5555556,20.0,12.0,0.7575757575757576,0.718
50.0,0.5555556,20.0,20.0,0.7575757575757576,0.718
50.0,0.5555556,20.0,32.0,0.7575757575757576,0.718
50.0,0.5555556,20.0,50.0,0.7602693602693602,0.718
50.0,0.5555556,20.0,80.0,0.7454545454545455,0.72
50.0,0.5555556,20.0,128.0,0.731986531986532,0.71
50.0,0.6666667,1.0,2.0,0.8922558922558922,0.772
50.0,0.6666667,1.0,3.0,0.8929292929292929,0.764
50.0,0.6666667,1.0,5.0,0.8895622895622897,0.77
50.0,0.6666667,1.0,8.0,0.8821548821548821,0.762
50.0,0.6666667,1.0,12.0,0.8693602693602693,0.776
50.0,0.6666667,1.0,20.0,0.8424242424242424,0.774
50.0,0.6666667,1.0,32.0,0.8195286195286196,0.776
50.0,0.6666667,1.0,50.0,0.7973063973063973,0.76
50.0,0.6666667,1.0,80.0,0.7757575757575758,0.74
50.0,0.6666667,1.0,128.0,0.7582491582491583,0.726
50.0,0.6666667,3.0,2.0,0.8639730639730641,0.764
50.0,0.6666667,3.0,3.0,0.8639730639730641,0.764
50.0,0.6666667,3.0,5.0,0.8639730639730641,0.764
50.0,0.6666667,3.0,8.0,0.8612794612794612,0.77
50.0,0.6666667,3.0,12.0,0.8484848484848484,0.77
50.0,0.6666667,3.0,20.0,0.8276094276094277,0.774
50.0,0.6666667,3.0,32.0,0.81010101010101,0.774
50.0,0.6666667,3.0,50.0,0.7925925925925925,0.762
50.0,0.6666667,3.0,80.0,0.7791245791245791,0.742
50.0,0.6666667,3.0,128.0,0.7575757575757576,0.726
50.0,0.6666667,5.0,2.0,0.8424242424242424,0.772
50.0,0.6666667,5.0,3.0,0.8424242424242424,0.772
50.0,0.6666667,5.0,5.0,0.8424242424242424,0.772
50.0,0.6666667,5.0,8.0,0.8424242424242424,0.772
50.0,0.6666667,5.0,12.0,0.841077441077441,0.772
50.0,0.6666667,5.0,20.0,0.8195286195286196,0.772
50.0,0.6666667,5.0,32.0,0.8033670033670035,0.776
50.0,0.6666667,5.0,50.0,0.7845117845117845,0.764
50.0,0.6666667,5.0,80.0,0.7757575757575758,0.738
50.0,0.6666667,5.0,128.0,0.7575757575757576,0.724
50.0,0.6666667,7.0,2.0,0.8215488215488216,0.762
50.0,0.6666667,7.0,3.0,0.8215488215488216,0.762
50.0,0.6666667,7.0,5.0,0.8215488215488216,0.762
50.0,0.6666667,7.0,8.0,0.8215488215488216,0.762
50.0,0.6666667,7.0,12.0,0.8215488215488216,0.762
50.0,0.6666667,7.0,20.0,0.8087542087542088,0.774
50.0,0.6666667,7.0,32.0,0.7993265993265993,0.772
50.0,0.6666667,7.0,50.0,0.7831649831649832,0.764
50.0,0.6666667,7.0,80.0,0.7717171717171717,0.74
50.0,0.6666667,7.0,128.0,0.7555555555555555,0.722
50.0,0.6666667,9.0,2.0,0.806060606060606,0.778
50.0,0.6666667,9.0,3.0,0.806060606060606,0.778
50.0,0.6666667,9.0,5.0,0.806060606060606,0.778
50.0,0.6666667,9.0,8.0,0.806060606060606,0.778
50.0,0.6666667,9.0,12.0,0.806060606060606,0.778
50.0,0.6666667,9.0,20.0,0.8026936026936028,0.78
50.0,0.6666667,9.0,32.0,0.7892255892255892,0.77
50.0,0.6666667,9.0,50.0,0.7784511784511785,0.758
50.0,0.6666667,9.0,80.0,0.7696969696969698,0.732
50.0,0.6666667,9.0,128.0,0.7528619528619529,0.718
50.0,0.6666667,11.0,2.0,0.7946127946127947,0.772
50.0,0.6666667,11.0,3.0,0.7946127946127947,0.772
50.0,0.6666667,11.0,5.0,0.7946127946127947,0.772
50.0,0.6666667,11.0,8.0,0.7946127946127947,0.772
50.0,0.6666667,11.0,12.0,0.7946127946127947,0.772
50.0,0.6666667,11.0,20.0,0.7946127946127947,0.772
50.0,0.6666667,11.0,32.0,0.7885521885521886,0.764
50.0,0.6666667,11.0,50.0,0.7771043771043771,0.752
50.0,0.6666667,11.0,80.0,0.769023569023569,0.73
50.0,0.6666667,11.0,128.0,0.7521885521885523,0.72
50.0,0.6666667,13.0,2.0,0.7905723905723906,0.768
50.0,0.6666667,13.0,3.0,0.7905723905723906,0.768
50.0,0.6666667,13.0,5.0,0.7905723905723906,0.768
50.0,0.6666667,13.0,8.0,0.7905723905723906,0.768
50.0,0.6666667,13.0,12.0,0.7905723905723906,0.768
50.0,0.6666667,13.0,20.0,0.7905723905723906,0.768
50.0,0.6666667,13.0,32.0,0.7838383838383838,0.758
50.0,0.6666667,13.0,50.0,0.7777777777777778,0.752
50.0,0.6666667,13.0,80.0,0.7670033670033669,0.728
50.0,0.6666667,13.0,128.0,0.7515151515151516,0.72
50.0,0.6666667,15.0,2.0,0.7784511784511785,0.76
50.0,0.6666667,15.0,3.0,0.7784511784511785,0.76
50.0,0.6666667,15.0,5.0,0.7784511784511785,0.76
50.0,0.6666667,15.0,8.0,0.7784511784511785,0.76
50.0,0.6666667,15.0,12.0,0.7784511784511785,0.76
50.0,0.6666667,15.0,20.0,0.7784511784511785,0.76
50.0,0.6666667,15.0,32.0,0.7764309764309764,0.758
50.0,0.6666667,15.0,50.0,0.773063973063973,0.746
50.0,0.6666667,15.0,80.0,0.7622895622895622,0.726
50.0,0.6666667,15.0,128.0,0.7494949494949494,0.716
50.0,0.6666667,17.0,2.0,0.7737373737373737,0.748
50.0,0.6666667,17.0,3.0,0.7737373737373737,0.748
50.0,0.6666667,17.0,5.0,0.7737373737373737,0.748
50.0,0.6666667,17.0,8.0,0.7737373737373737,0.748
50.0,0.6666667,17.0,12.0,0.7737373737373737,0.748
50.0,0.6666667,17.0,20.0,0.7737373737373737,0.748
50.0,0.6666667,17.0,32.0,0.7737373737373737,0.748
50.0,0.6666667,17.0,50.0,0.7683501683501683,0.738
50.0,0.6666667,17.0,80.0,0.7602693602693603,0.728
50.0,0.6666667,17.0,128.0,0.7488215488215488,0.716
50.0,0.6666667,20.0,2.0,0.7656565656565657,0.738
50.0,0.6666667,20.0,3.0,0.7656565656565657,0.738
50.0,0.6666667,20.0,5.0,0.7656565656565657,0.738
50.0,0.6666667,20.0,8.0,0.7656565656565657,0.738
50.0,0.6666667,20.0,12.0,0.7656565656565657,0.738
50.0,0.6666667,20.0,20.0,0.7656565656565657,0.738
50.0,0.6666667,20.0,32.0,0.7656565656565657,0.738
50.0,0.6666667,20.0,50.0,0.7696969696969698,0.734
50.0,0.6666667,20.0,80.0,0.7562289562289563,0.718
50.0,0.6666667,20.0,128.0,0.7454545454545454,0.72
50.0,0.7777778,1.0,2.0,0.8922558922558922,0.762
50.0,0.7777778,1.0,3.0,0.8929292929292929,0.768
50.0,0.7777778,1.0,5.0,0.8875420875420875,0.758
50.0,0.7777778,1.0,8.0,0.8808080808080808,0.76
50.0,0.7777778,1.0,12.0,0.8734006734006734,0.744
50.0,0.7777778,1.0,20.0,0.8518518518518519,0.758
50.0,0.7777778,1.0,32.0,0.8195286195286196,0.758
50.0,0.7777778,1.0,50.0,0.7973063973063973,0.748
50.0,0.7777778,1.0,80.0,0.7838383838383838,0.738
50.0,0.7777778,1.0,128.0,0.7622895622895622,0.722
50.0,0.7777778,3.0,2.0,0.87003367003367,0.762
50.0,0.7777778,3.0,3.0,0.87003367003367,0.762
50.0,0.7777778,3.0,5.0,0.87003367003367,0.762
50.0,0.7777778,3.0,8.0,0.8646464646464647,0.762
50.0,0.7777778,3.0,12.0,0.857912457912458,0.758
50.0,0.7777778,3.0,20.0,0.8343434343434343,0.756
50.0,0.7777778,3.0,32.0,0.8175084175084175,0.768
50.0,0.7777778,3.0,50.0,0.7946127946127947,0.748
50.0,0.7777778,3.0,80.0,0.7811447811447811,0.746
50.0,0.7777778,3.0,128.0,0.7622895622895622,0.722
50.0,0.7777778,5.0,2.0,0.8511784511784513,0.75
50.0,0.7777778,5.0,3.0,0.8511784511784513,0.75
50.0,0.7777778,5.0,5.0,0.8511784511784513,0.75
50.0,0.7777778,5.0,8.0,0.8511784511784513,0.75
50.0,0.7777778,5.0,12.0,0.8417508417508417,0.754
50.0,0.7777778,5.0,20.0,0.8316498316498316,0.76
50.0,0.7777778,5.0,32.0,0.8121212121212121,0.766
50.0,0.7777778,5.0,50.0,0.7898989898989899,0.758
50.0,0.7777778,5.0,80.0,0.7784511784511785,0.742
50.0,0.7777778,5.0,128.0,0.762962962962963,0.724
50.0,0.7777778,7.0,2.0,0.8316498316498316,0.762
50.0,0.7777778,7.0,3.0,0.8316498316498316,0.762
50.0,0.7777778,7.0,5.0,0.8316498316498316,0.762
50.0,0.7777778,7.0,8.0,0.8316498316498316,0.762
50.0,0.7777778,7.0,12.0,0.8316498316498316,0.762
50.0,0.7777778,7.0,20.0,0.8222222222222222,0.76
50.0,0.7777778,7.0,32.0,0.8087542087542087,0.768
50.0,0.7777778,7.0,50.0,0.7872053872053872,0.756
50.0,0.7777778,7.0,80.0,0.7784511784511785,0.742
50.0,0.7777778,7.0,128.0,0.7595959595959596,0.728
50.0,0.7777778,9.0,2.0,0.820875420875421,0.766
50.0,0.7777778,9.0,3.0,0.820875420875421,0.766
50.0,0.7777778,9.0,5.0,0.820875420875421,0.766
50.0,0.7777778,9.0,8.0,0.820875420875421,0.766
50.0,0.7777778,9.0,12.0,0.820875420875421,0.766
50.0,0.7777778,9.0,20.0,0.8195286195286196,0.766
50.0,0.7777778,9.0,32.0,0.804040404040404,0.768
50.0,0.7777778,9.0,50.0,0.7851851851851851,0.752
50.0,0.7777778,9.0,80.0,0.7757575757575758,0.744
50.0,0.7777778,9.0,128.0,0.7595959595959596,0.724
50.0,0.7777778,11.0,2.0,0.8067340067340067,0.762
50.0,0.7777778,11.0,3.0,0.8067340067340067,0.762
50.0,0.7777778,11.0,5.0,0.8067340067340067,0.762
50.0,0.7777778,11.0,8.0,0.8067340067340067,0.762
50.0,0.7777778,11.0,12.0,0.8067340067340067,0.762
50.0,0.7777778,11.0,20.0,0.8067340067340067,0.762
50.0,0.7777778,11.0,32.0,0.7986531986531986,0.76
50.0,0.7777778,11.0,50.0,0.7831649831649832,0.752
50.0,0.7777778,11.0,80.0,0.7744107744107744,0.738
50.0,0.7777778,11.0,128.0,0.756902356902357,0.72
50.0,0.7777778,13.0,2.0,0.793939393939394,0.754
50.0,0.7777778,13.0,3.0,0.793939393939394,0.754
50.0,0.7777778,13.0,5.0,0.793939393939394,0.754
50.0,0.7777778,13.0,8.0,0.793939393939394,0.754
50.0,0.7777778,13.0,12.0,0.793939393939394,0.754
50.0,0.7777778,13.0,20.0,0.793939393939394,0.754
50.0,0.7777778,13.0,32.0,0.7946127946127947,0.756
50.0,0.7777778,13.0,50.0,0.7851851851851851,0.744
50.0,0.7777778,13.0,80.0,0.773063973063973,0.738
50.0,0.7777778,13.0,128.0,0.7535353535353535,0.724
50.0,0.7777778,15.0,2.0,0.7898989898989899,0.75
50.0,0.7777778,15.0,3.0,0.7898989898989899,0.75
50.0,0.7777778,15.0,5.0,0.7898989898989899,0.75
50.0,0.7777778,15.0,8.0,0.7898989898989899,0.75
50.0,0.7777778,15.0,12.0,0.7898989898989899,0.75
50.0,0.7777778,15.0,20.0,0.7898989898989899,0.75
50.0,0.7777778,15.0,32.0,0.7892255892255892,0.75
50.0,0.7777778,15.0,50.0,0.7791245791245791,0.744
50.0,0.7777778,15.0,80.0,0.7744107744107744,0.736
50.0,0.7777778,15.0,128.0,0.7562289562289563,0.718
50.0,0.7777778,17.0,2.0,0.7791245791245791,0.746
50.0,0.7777778,17.0,3.0,0.7791245791245791,0.746
50.0,0.7777778,17.0,5.0,0.7791245791245791,0.746
50.0,0.7777778,17.0,8.0,0.7791245791245791,0.746
50.0,0.7777778,17.0,12.0,0.7791245791245791,0.746
50.0,0.7777778,17.0,20.0,0.7791245791245791,0.746
50.0,0.7777778,17.0,32.0,0.7791245791245791,0.746
50.0,0.7777778,17.0,50.0,0.7777777777777778,0.744
50.0,0.7777778,17.0,80.0,0.7676767676767676,0.734
50.0,0.7777778,17.0,128.0,0.7535353535353535,0.72
50.0,0.7777778,20.0,2.0,0.7764309764309765,0.736
50.0,0.7777778,20.0,3.0,0.7764309764309765,0.736
50.0,0.7777778,20.0,5.0,0.7764309764309765,0.736
50.0,0.7777778,20.0,8.0,0.7764309764309765,0.736
50.0,0.7777778,20.0,12.0,0.7764309764309765,0.736
50.0,0.7777778,20.0,20.0,0.7764309764309765,0.736
50.0,0.7777778,20.0,32.0,0.7764309764309765,0.736
50.0,0.7777778,20.0,50.0,0.7757575757575758,0.738
50.0,0.7777778,20.0,80.0,0.7616161616161616,0.728
50.0,0.7777778,20.0,128.0,0.7521885521885522,0.716
50.0,0.8888889,1.0,2.0,0.8909090909090909,0.764
50.0,0.8888889,1.0,3.0,0.8882154882154882,0.754
50.0,0.8888889,1.0,5.0,0.8855218855218855,0.758
50.0,0.8888889,1.0,8.0,0.8801346801346801,0.758
50.0,0.8888889,1.0,12.0,0.8787878787878787,0.748
50.0,0.8888889,1.0,20.0,0.8552188552188552,0.758
50.0,0.8888889,1.0,32.0,0.8289562289562289,0.752
50.0,0.8888889,1.0,50.0,0.8047138047138047,0.744
50.0,0.8888889,1.0,80.0,0.7824915824915826,0.73
50.0,0.8888889,1.0,128.0,0.7656565656565657,0.714
50.0,0.8888889,3.0,2.0,0.8686868686868687,0.762
50.0,0.8888889,3.0,3.0,0.8686868686868687,0.762
50.0,0.8888889,3.0,5.0,0.8686868686868687,0.762
50.0,0.8888889,3.0,8.0,0.8659932659932661,0.764
50.0,0.8888889,3.0,12.0,0.8498316498316498,0.762
50.0,0.8888889,3.0,20.0,0.8363636363636363,0.754
50.0,0.8888889,3.0,32.0,0.8195286195286196,0.76
50.0,0.8888889,3.0,50.0,0.7993265993265993,0.742
50.0,0.8888889,3.0,80.0,0.7804713804713804,0.73
50.0,0.8888889,3.0,128.0,0.764983164983165,0.716
50.0,0.8888889,5.0,2.0,0.8491582491582491,0.754
50.0,0.8888889,5.0,3.0,0.8491582491582491,0.754
50.0,0.8888889,5.0,5.0,0.8491582491582491,0.754
50.0,0.8888889,5.0,8.0,0.8491582491582491,0.754
50.0,0.8888889,5.0,12.0,0.8491582491582491,0.752
50.0,0.8888889,5.0,20.0,0.8303030303030303,0.752
50.0,0.8888889,5.0,32.0,0.8134680134680135,0.766
50.0,0.8888889,5.0,50.0,0.7986531986531986,0.75
50.0,0.8888889,5.0,80.0,0.7811447811447811,0.73
50.0,0.8888889,5.0,128.0,0.7622895622895622,0.718
50.0,0.8888889,7.0,2.0,0.8377104377104377,0.746
50.0,0.8888889,7.0,3.0,0.8377104377104377,0.746
50.0,0.8888889,7.0,5.0,0.8377104377104377,0.746
50.0,0.8888889,7.0,8.0,0.8377104377104377,0.746
50.0,0.8888889,7.0,12.0,0.8377104377104377,0.746
50.0,0.8888889,7.0,20.0,0.8282828282828284,0.756
50.0,0.8888889,7.0,32.0,0.8148148148148149,0.756
50.0,0.8888889,7.0,50.0,0.7952861952861954,0.744
50.0,0.8888889,7.0,80.0,0.7771043771043771,0.726
50.0,0.8888889,7.0,128.0,0.7616161616161616,0.72
50.0,0.8888889,9.0,2.0,0.8282828282828284,0.75
50.0,0.8888889,9.0,3.0,0.8282828282828284,0.75
50.0,0.8888889,9.0,5.0,0.8282828282828284,0.75
50.0,0.8888889,9.0,8.0,0.8282828282828284,0.75
50.0,0.8888889,9.0,12.0,0.8282828282828284,0.75
50.0,0.8888889,9.0,20.0,0.826936026936027,0.75
50.0,0.8888889,9.0,32.0,0.8087542087542087,0.764
50.0,0.8888889,9.0,50.0,0.793939393939394,0.742
50.0,0.8888889,9.0,80.0,0.7771043771043771,0.73
50.0,0.8888889,9.0,128.0,0.7582491582491583,0.72
50.0,0.8888889,11.0,2.0,0.8202020202020203,0.758
50.0,0.8888889,11.0,3.0,0.8202020202020203,0.758
50.0,0.8888889,11.0,5.0,0.8202020202020203,0.758
50.0,0.8888889,11.0,8.0,0.8202020202020203,0.758
50.0,0.8888889,11.0,12.0,0.8202020202020203,0.758
50.0,0.8888889,11.0,20.0,0.8202020202020203,0.758
50.0,0.8888889,11.0,32.0,0.8033670033670033,0.762
50.0,0.8888889,11.0,50.0,0.7932659932659932,0.748
50.0,0.8888889,11.0,80.0,0.7744107744107744,0.73
50.0,0.8888889,11.0,128.0,0.7589225589225589,0.716
50.0,0.8888889,13.0,2.0,0.8074074074074075,0.752
50.0,0.8888889,13.0,3.0,0.8074074074074075,0.752
50.0,0.8888889,13.0,5.0,0.8074074074074075,0.752
50.0,0.8888889,13.0,8.0,0.8074074074074075,0.752
50.0,0.8888889,13.0,12.0,0.8074074074074075,0.752
50.0,0.8888889,13.0,20.0,0.8074074074074075,0.752
50.0,0.8888889,13.0,32.0,0.8013468013468014,0.756
50.0,0.8888889,13.0,50.0,0.7865319865319865,0.748
50.0,0.8888889,13.0,80.0,0.7723905723905724,0.728
50.0,0.8888889,13.0,128.0,0.7582491582491583,0.714
50.0,0.8888889,15.0,2.0,0.7973063973063973,0.75
50.0,0.8888889,15.0,3.0,0.7973063973063973,0.75
50.0,0.8888889,15.0,5.0,0.7973063973063973,0.75
50.0,0.8888889,15.0,8.0,0.7973063973063973,0.75
50.0,0.8888889,15.0,12.0,0.7973063973063973,0.75
50.0,0.8888889,15.0,20.0,0.7973063973063973,0.75
50.0,0.8888889,15.0,32.0,0.7946127946127947,0.75
50.0,0.8888889,15.0,50.0,0.7818181818181819,0.748
50.0,0.8888889,15.0,80.0,0.7723905723905724,0.726
50.0,0.8888889,15.0,128.0,0.7575757575757576,0.702
50.0,0.8888889,17.0,2.0,0.7892255892255892,0.742
50.0,0.8888889,17.0,3.0,0.7892255892255892,0.742
50.0,0.8888889,17.0,5.0,0.7892255892255892,0.742
50.0,0.8888889,17.0,8.0,0.7892255892255892,0.742
50.0,0.8888889,17.0,12.0,0.7892255892255892,0.742
50.0,0.8888889,17.0,20.0,0.7892255892255892,0.742
50.0,0.8888889,17.0,32.0,0.7892255892255892,0.742
50.0,0.8888889,17.0,50.0,0.7811447811447811,0.744
50.0,0.8888889,17.0,80.0,0.7616161616161616,0.724
50.0,0.8888889,17.0,128.0,0.7555555555555555,0.708
50.0,0.8888889,20.0,2.0,0.7818181818181819,0.738
50.0,0.8888889,20.0,3.0,0.7818181818181819,0.738
50.0,0.8888889,20.0,5.0,0.7818181818181819,0.738
50.0,0.8888889,20.0,8.0,0.7818181818181819,0.738
50.0,0.8888889,20.0,12.0,0.7818181818181819,0.738
50.0,0.8888889,20.0,20.0,0.7818181818181819,0.738
50.0,0.8888889,20.0,32.0,0.7818181818181819,0.738
50.0,0.8888889,20.0,50.0,0.775084175084175,0.748
50.0,0.8888889,20.0,80.0,0.7643097643097643,0.732
50.0,0.8888889,20.0,128.0,0.7555555555555555,0.71
50.0,1.0,1.0,2.0,0.8875420875420875,0.748
50.0,1.0,1.0,3.0,0.8868686868686868,0.75
50.0,1.0,1.0,5.0,0.8828282828282829,0.754
50.0,1.0,1.0,8.0,0.8774410774410775,0.752
50.0,1.0,1.0,12.0,0.8686868686868687,0.762
50.0,1.0,1.0,20.0,0.8457912457912459,0.758
50.0,1.0,1.0,32.0,0.8282828282828282,0.746
50.0,1.0,1.0,50.0,0.81010101010101,0.728
50.0,1.0,1.0,80.0,0.7831649831649832,0.714
50.0,1.0,1.0,128.0,0.7609427609427609,0.704
50.0,1.0,3.0,2.0,0.8646464646464647,0.75
50.0,1.0,3.0,3.0,0.8646464646464647,0.75
50.0,1.0,3.0,5.0,0.8646464646464647,0.75
50.0,1.0,3.0,8.0,0.8632996632996633,0.752
50.0,1.0,3.0,12.0,0.8498316498316498,0.76
50.0,1.0,3.0,20.0,0.8309764309764309,0.756
50.0,1.0,3.0,32.0,0.8161616161616161,0.746
50.0,1.0,3.0,50.0,0.8,0.736
50.0,1.0,3.0,80.0,0.7791245791245791,0.716
50.0,1.0,3.0,128.0,0.7582491582491582,0.704
50.0,1.0,5.0,2.0,0.8464646464646464,0.764
50.0,1.0,5.0,3.0,0.8464646464646464,0.764
50.0,1.0,5.0,5.0,0.8464646464646464,0.764
50.0,1.0,5.0,8.0,0.8464646464646464,0.764
50.0,1.0,5.0,12.0,0.8444444444444444,0.758
50.0,1.0,5.0,20.0,0.8235690235690235,0.76
50.0,1.0,5.0,32.0,0.8094276094276094,0.746
50.0,1.0,5.0,50.0,0.795959595959596,0.736
50.0,1.0,5.0,80.0,0.773063973063973,0.72
50.0,1.0,5.0,128.0,0.7555555555555555,0.708
50.0,1.0,7.0,2.0,0.8336700336700338,0.75
50.0,1.0,7.0,3.0,0.8336700336700338,0.75
50.0,1.0,7.0,5.0,0.8336700336700338,0.75
50.0,1.0,7.0,8.0,0.8336700336700338,0.75
50.0,1.0,7.0,12.0,0.8336700336700338,0.75
50.0,1.0,7.0,20.0,0.8202020202020203,0.76
50.0,1.0,7.0,32.0,0.8053872053872053,0.752
50.0,1.0,7.0,50.0,0.7932659932659932,0.738
50.0,1.0,7.0,80.0,0.7730639730639731,0.718
50.0,1.0,7.0,128.0,0.7542087542087542,0.708
50.0,1.0,9.0,2.0,0.8235690235690235,0.752
50.0,1.0,9.0,3.0,0.8235690235690235,0.752
50.0,1.0,9.0,5.0,0.8235690235690235,0.752
50.0,1.0,9.0,8.0,0.8235690235690235,0.752
50.0,1.0,9.0,12.0,0.8235690235690235,0.752
50.0,1.0,9.0,20.0,0.8195286195286196,0.754
50.0,1.0,9.0,32.0,0.8033670033670033,0.752
50.0,1.0,9.0,50.0,0.7872053872053872,0.74
50.0,1.0,9.0,80.0,0.7670033670033669,0.72
50.0,1.0,9.0,128.0,0.7501683501683502,0.706
50.0,1.0,11.0,2.0,0.8148148148148149,0.75
50.0,1.0,11.0,3.0,0.8148148148148149,0.75
50.0,1.0,11.0,5.0,0.8148148148148149,0.75
50.0,1.0,11.0,8.0,0.8148148148148149,0.75
50.0,1.0,11.0,12.0,0.8148148148148149,0.75
50.0,1.0,11.0,20.0,0.8148148148148149,0.75
50.0,1.0,11.0,32.0,0.8026936026936028,0.748
50.0,1.0,11.0,50.0,0.7878787878787878,0.738
50.0,1.0,11.0,80.0,0.7696969696969698,0.72
50.0,1.0,11.0,128.0,0.7508417508417509,0.702
50.0,1.0,13.0,2.0,0.8006734006734006,0.746
50.0,1.0,13.0,3.0,0.8006734006734006,0.746
50.0,1.0,13.0,5.0,0.8006734006734006,0.746
50.0,1.0,13.0,8.0,0.8006734006734006,0.746
50.0,1.0,13.0,12.0,0.8006734006734006,0.746
50.0,1.0,13.0,20.0,0.8006734006734006,0.746
50.0,1.0,13.0,32.0,0.7973063973063973,0.746
50.0,1.0,13.0,50.0,0.7831649831649832,0.738
50.0,1.0,13.0,80.0,0.7643097643097644,0.718
50.0,1.0,13.0,128.0,0.7474747474747475,0.7
50.0,1.0,15.0,2.0,0.7932659932659932,0.744
50.0,1.0,15.0,3.0,0.7932659932659932,0.744
50.0,1.0,15.0,5.0,0.7932659932659932,0.744
50.0,1.0,15.0,8.0,0.7932659932659932,0.744
50.0,1.0,15.0,12.0,0.7932659932659932,0.744
50.0,1.0,15.0,20.0,0.7932659932659932,0.744
50.0,1.0,15.0,32.0,0.7898989898989899,0.744
50.0,1.0,15.0,50.0,0.7791245791245791,0.74
50.0,1.0,15.0,80.0,0.7609427609427609,0.716
50.0,1.0,15.0,128.0,0.7461279461279461,0.704
50.0,1.0,17.0,2.0,0.7872053872053872,0.744
50.0,1.0,17.0,3.0,0.7872053872053872,0.744
50.0,1.0,17.0,5.0,0.7872053872053872,0.744
50.0,1.0,17.0,8.0,0.7872053872053872,0.744
50.0,1.0,17.0,12.0,0.7872053872053872,0.744
50.0,1.0,17.0,20.0,0.7872053872053872,0.744
50.0,1.0,17.0,32.0,0.7872053872053872,0.744
50.0,1.0,17.0,50.0,0.7791245791245791,0.738
50.0,1.0,17.0,80.0,0.7602693602693603,0.71
50.0,1.0,17.0,128.0,0.7454545454545455,0.702
50.0,1.0,20.0,2.0,0.7818181818181819,0.742
50.0,1.0,20.0,3.0,0.7818181818181819,0.742
50.0,1.0,20.0,5.0,0.7818181818181819,0.742
50.0,1.0,20.0,8.0,0.7818181818181819,0.742
50.0,1.0,20.0,12.0,0.7818181818181819,0.742
50.0,1.0,20.0,20.0,0.7818181818181819,0.742
50.0,1.0,20.0,32.0,0.7818181818181819,0.742
50.0,1.0,20.0,50.0,0.7771043771043771,0.738
50.0,1.0,20.0,80.0,0.7589225589225589,0.714
50.0,1.0,20.0,128.0,0.7468013468013468,0.704
