max_depth,max_features,min_samples_leaf,min_samples_split,val_acc,test_acc
1.0,0.0,1.0,2.0,0.7065420560747664,0.7060998151571165
1.0,0.0,1.0,3.0,0.7065420560747664,0.7060998151571165
1.0,0.0,1.0,5.0,0.7065420560747664,0.7060998151571165
1.0,0.0,1.0,8.0,0.7065420560747664,0.7060998151571165
1.0,0.0,1.0,12.0,0.7065420560747664,0.7060998151571165
1.0,0.0,1.0,20.0,0.7065420560747664,0.7060998151571165
1.0,0.0,1.0,32.0,0.7065420560747664,0.7060998151571165
1.0,0.0,1.0,50.0,0.7065420560747664,0.7060998151571165
1.0,0.0,1.0,80.0,0.7065420560747664,0.7060998151571165
1.0,0.0,1.0,128.0,0.7065420560747664,0.7060998151571165
1.0,0.0,3.0,2.0,0.7065420560747664,0.7060998151571165
1.0,0.0,3.0,3.0,0.7065420560747664,0.7060998151571165
1.0,0.0,3.0,5.0,0.7065420560747664,0.7060998151571165
1.0,0.0,3.0,8.0,0.7065420560747664,0.7060998151571165
1.0,0.0,3.0,12.0,0.7065420560747664,0.7060998151571165
1.0,0.0,3.0,20.0,0.7065420560747664,0.7060998151571165
1.0,0.0,3.0,32.0,0.7065420560747664,0.7060998151571165
1.0,0.0,3.0,50.0,0.7065420560747664,0.7060998151571165
1.0,0.0,3.0,80.0,0.7065420560747664,0.7060998151571165
1.0,0.0,3.0,128.0,0.7065420560747664,0.7060998151571165
1.0,0.0,5.0,2.0,0.7065420560747664,0.7060998151571165
1.0,0.0,5.0,3.0,0.7065420560747664,0.7060998151571165
1.0,0.0,5.0,5.0,0.7065420560747664,0.7060998151571165
1.0,0.0,5.0,8.0,0.7065420560747664,0.7060998151571165
1.0,0.0,5.0,12.0,0.7065420560747664,0.7060998151571165
1.0,0.0,5.0,20.0,0.7065420560747664,0.7060998151571165
1.0,0.0,5.0,32.0,0.7065420560747664,0.7060998151571165
1.0,0.0,5.0,50.0,0.7065420560747664,0.7060998151571165
1.0,0.0,5.0,80.0,0.7065420560747664,0.7060998151571165
1.0,0.0,5.0,128.0,0.7065420560747664,0.7060998151571165
1.0,0.0,7.0,2.0,0.7065420560747664,0.7060998151571165
1.0,0.0,7.0,3.0,0.7065420560747664,0.7060998151571165
1.0,0.0,7.0,5.0,0.7065420560747664,0.7060998151571165
1.0,0.0,7.0,8.0,0.7065420560747664,0.7060998151571165
1.0,0.0,7.0,12.0,0.7065420560747664,0.7060998151571165
1.0,0.0,7.0,20.0,0.7065420560747664,0.7060998151571165
1.0,0.0,7.0,32.0,0.7065420560747664,0.7060998151571165
1.0,0.0,7.0,50.0,0.7065420560747664,0.7060998151571165
1.0,0.0,7.0,80.0,0.7065420560747664,0.7060998151571165
1.0,0.0,7.0,128.0,0.7065420560747664,0.7060998151571165
1.0,0.0,9.0,2.0,0.7065420560747664,0.7060998151571165
1.0,0.0,9.0,3.0,0.7065420560747664,0.7060998151571165
1.0,0.0,9.0,5.0,0.7065420560747664,0.7060998151571165
1.0,0.0,9.0,8.0,0.7065420560747664,0.7060998151571165
1.0,0.0,9.0,12.0,0.7065420560747664,0.7060998151571165
1.0,0.0,9.0,20.0,0.7065420560747664,0.7060998151571165
1.0,0.0,9.0,32.0,0.7065420560747664,0.7060998151571165
1.0,0.0,9.0,50.0,0.7065420560747664,0.7060998151571165
1.0,0.0,9.0,80.0,0.7065420560747664,0.7060998151571165
1.0,0.0,9.0,128.0,0.7065420560747664,0.7060998151571165
1.0,0.0,11.0,2.0,0.7065420560747664,0.7060998151571165
1.0,0.0,11.0,3.0,0.7065420560747664,0.7060998151571165
1.0,0.0,11.0,5.0,0.7065420560747664,0.7060998151571165
1.0,0.0,11.0,8.0,0.7065420560747664,0.7060998151571165
1.0,0.0,11.0,12.0,0.7065420560747664,0.7060998151571165
1.0,0.0,11.0,20.0,0.7065420560747664,0.7060998151571165
1.0,0.0,11.0,32.0,0.7065420560747664,0.7060998151571165
1.0,0.0,11.0,50.0,0.7065420560747664,0.7060998151571165
1.0,0.0,11.0,80.0,0.7065420560747664,0.7060998151571165
1.0,0.0,11.0,128.0,0.7065420560747664,0.7060998151571165
1.0,0.0,13.0,2.0,0.7065420560747664,0.7060998151571165
1.0,0.0,13.0,3.0,0.7065420560747664,0.7060998151571165
1.0,0.0,13.0,5.0,0.7065420560747664,0.7060998151571165
1.0,0.0,13.0,8.0,0.7065420560747664,0.7060998151571165
1.0,0.0,13.0,12.0,0.7065420560747664,0.7060998151571165
1.0,0.0,13.0,20.0,0.7065420560747664,0.7060998151571165
1.0,0.0,13.0,32.0,0.7065420560747664,0.7060998151571165
1.0,0.0,13.0,50.0,0.7065420560747664,0.7060998151571165
1.0,0.0,13.0,80.0,0.7065420560747664,0.7060998151571165
1.0,0.0,13.0,128.0,0.7065420560747664,0.7060998151571165
1.0,0.0,15.0,2.0,0.7065420560747664,0.7060998151571165
1.0,0.0,15.0,3.0,0.7065420560747664,0.7060998151571165
1.0,0.0,15.0,5.0,0.7065420560747664,0.7060998151571165
1.0,0.0,15.0,8.0,0.7065420560747664,0.7060998151571165
1.0,0.0,15.0,12.0,0.7065420560747664,0.7060998151571165
1.0,0.0,15.0,20.0,0.7065420560747664,0.7060998151571165
1.0,0.0,15.0,32.0,0.7065420560747664,0.7060998151571165
1.0,0.0,15.0,50.0,0.7065420560747664,0.7060998151571165
1.0,0.0,15.0,80.0,0.7065420560747664,0.7060998151571165
1.0,0.0,15.0,128.0,0.7065420560747664,0.7060998151571165
1.0,0.0,17.0,2.0,0.7065420560747664,0.7060998151571165
1.0,0.0,17.0,3.0,0.7065420560747664,0.7060998151571165
1.0,0.0,17.0,5.0,0.7065420560747664,0.7060998151571165
1.0,0.0,17.0,8.0,0.7065420560747664,0.7060998151571165
1.0,0.0,17.0,12.0,0.7065420560747664,0.7060998151571165
1.0,0.0,17.0,20.0,0.7065420560747664,0.7060998151571165
1.0,0.0,17.0,32.0,0.7065420560747664,0.7060998151571165
1.0,0.0,17.0,50.0,0.7065420560747664,0.7060998151571165
1.0,0.0,17.0,80.0,0.7065420560747664,0.7060998151571165
1.0,0.0,17.0,128.0,0.7065420560747664,0.7060998151571165
1.0,0.0,20.0,2.0,0.7065420560747664,0.7060998151571165
1.0,0.0,20.0,3.0,0.7065420560747664,0.7060998151571165
1.0,0.0,20.0,5.0,0.7065420560747664,0.7060998151571165
1.0,0.0,20.0,8.0,0.7065420560747664,0.7060998151571165
1.0,0.0,20.0,12.0,0.7065420560747664,0.7060998151571165
1.0,0.0,20.0,20.0,0.7065420560747664,0.7060998151571165
1.0,0.0,20.0,32.0,0.7065420560747664,0.7060998151571165
1.0,0.0,20.0,50.0,0.7065420560747664,0.7060998151571165
1.0,0.0,20.0,80.0,0.7065420560747664,0.7060998151571165
1.0,0.0,20.0,128.0,0.7065420560747664,0.7060998151571165
1.0,0.11111111,1.0,2.0,0.7065420560747664,0.7060998151571165
1.0,0.11111111,1.0,3.0,0.7065420560747664,0.7060998151571165
1.0,0.11111111,1.0,5.0,0.7065420560747664,0.7060998151571165
1.0,0.11111111,1.0,8.0,0.7065420560747664,0.7060998151571165
1.0,0.11111111,1.0,12.0,0.7065420560747664,0.7060998151571165
1.0,0.11111111,1.0,20.0,0.7065420560747664,0.7060998151571165
1.0,0.11111111,1.0,32.0,0.7065420560747664,0.7060998151571165
1.0,0.11111111,1.0,50.0,0.7065420560747664,0.7060998151571165
1.0,0.11111111,1.0,80.0,0.7065420560747664,0.7060998151571165
1.0,0.11111111,1.0,128.0,0.7065420560747664,0.7060998151571165
1.0,0.11111111,3.0,2.0,0.7065420560747664,0.7060998151571165
1.0,0.11111111,3.0,3.0,0.7065420560747664,0.7060998151571165
1.0,0.11111111,3.0,5.0,0.7065420560747664,0.7060998151571165
1.0,0.11111111,3.0,8.0,0.7065420560747664,0.7060998151571165
1.0,0.11111111,3.0,12.0,0.7065420560747664,0.7060998151571165
1.0,0.11111111,3.0,20.0,0.7065420560747664,0.7060998151571165
1.0,0.11111111,3.0,32.0,0.7065420560747664,0.7060998151571165
1.0,0.11111111,3.0,50.0,0.7065420560747664,0.7060998151571165
1.0,0.11111111,3.0,80.0,0.7065420560747664,0.7060998151571165
1.0,0.11111111,3.0,128.0,0.7065420560747664,0.7060998151571165
1.0,0.11111111,5.0,2.0,0.7065420560747664,0.7060998151571165
1.0,0.11111111,5.0,3.0,0.7065420560747664,0.7060998151571165
1.0,0.11111111,5.0,5.0,0.7065420560747664,0.7060998151571165
1.0,0.11111111,5.0,8.0,0.7065420560747664,0.7060998151571165
1.0,0.11111111,5.0,12.0,0.7065420560747664,0.7060998151571165
1.0,0.11111111,5.0,20.0,0.7065420560747664,0.7060998151571165
1.0,0.11111111,5.0,32.0,0.7065420560747664,0.7060998151571165
1.0,0.11111111,5.0,50.0,0.7065420560747664,0.7060998151571165
1.0,0.11111111,5.0,80.0,0.7065420560747664,0.7060998151571165
1.0,0.11111111,5.0,128.0,0.7065420560747664,0.7060998151571165
1.0,0.11111111,7.0,2.0,0.7065420560747664,0.7060998151571165
1.0,0.11111111,7.0,3.0,0.7065420560747664,0.7060998151571165
1.0,0.11111111,7.0,5.0,0.7065420560747664,0.7060998151571165
1.0,0.11111111,7.0,8.0,0.7065420560747664,0.7060998151571165
1.0,0.11111111,7.0,12.0,0.7065420560747664,0.7060998151571165
1.0,0.11111111,7.0,20.0,0.7065420560747664,0.7060998151571165
1.0,0.11111111,7.0,32.0,0.7065420560747664,0.7060998151571165
1.0,0.11111111,7.0,50.0,0.7065420560747664,0.7060998151571165
1.0,0.11111111,7.0,80.0,0.7065420560747664,0.7060998151571165
1.0,0.11111111,7.0,128.0,0.7065420560747664,0.7060998151571165
1.0,0.11111111,9.0,2.0,0.7065420560747664,0.7060998151571165
1.0,0.11111111,9.0,3.0,0.7065420560747664,0.7060998151571165
1.0,0.11111111,9.0,5.0,0.7065420560747664,0.7060998151571165
1.0,0.11111111,9.0,8.0,0.7065420560747664,0.7060998151571165
1.0,0.11111111,9.0,12.0,0.7065420560747664,0.7060998151571165
1.0,0.11111111,9.0,20.0,0.7065420560747664,0.7060998151571165
1.0,0.11111111,9.0,32.0,0.7065420560747664,0.7060998151571165
1.0,0.11111111,9.0,50.0,0.7065420560747664,0.7060998151571165
1.0,0.11111111,9.0,80.0,0.7065420560747664,0.7060998151571165
1.0,0.11111111,9.0,128.0,0.7065420560747664,0.7060998151571165
1.0,0.11111111,11.0,2.0,0.7065420560747664,0.7060998151571165
1.0,0.11111111,11.0,3.0,0.7065420560747664,0.7060998151571165
1.0,0.11111111,11.0,5.0,0.7065420560747664,0.7060998151571165
1.0,0.11111111,11.0,8.0,0.7065420560747664,0.7060998151571165
1.0,0.11111111,11.0,12.0,0.7065420560747664,0.7060998151571165
1.0,0.11111111,11.0,20.0,0.7065420560747664,0.7060998151571165
1.0,0.11111111,11.0,32.0,0.7065420560747664,0.7060998151571165
1.0,0.11111111,11.0,50.0,0.7065420560747664,0.7060998151571165
1.0,0.11111111,11.0,80.0,0.7065420560747664,0.7060998151571165
1.0,0.11111111,11.0,128.0,0.7065420560747664,0.7060998151571165
1.0,0.11111111,13.0,2.0,0.7065420560747664,0.7060998151571165
1.0,0.11111111,13.0,3.0,0.7065420560747664,0.7060998151571165
1.0,0.11111111,13.0,5.0,0.7065420560747664,0.7060998151571165
1.0,0.11111111,13.0,8.0,0.7065420560747664,0.7060998151571165
1.0,0.11111111,13.0,12.0,0.7065420560747664,0.7060998151571165
1.0,0.11111111,13.0,20.0,0.7065420560747664,0.7060998151571165
1.0,0.11111111,13.0,32.0,0.7065420560747664,0.7060998151571165
1.0,0.11111111,13.0,50.0,0.7065420560747664,0.7060998151571165
1.0,0.11111111,13.0,80.0,0.7065420560747664,0.7060998151571165
1.0,0.11111111,13.0,128.0,0.7065420560747664,0.7060998151571165
1.0,0.11111111,15.0,2.0,0.7065420560747664,0.7060998151571165
1.0,0.11111111,15.0,3.0,0.7065420560747664,0.7060998151571165
1.0,0.11111111,15.0,5.0,0.7065420560747664,0.7060998151571165
1.0,0.11111111,15.0,8.0,0.7065420560747664,0.7060998151571165
1.0,0.11111111,15.0,12.0,0.7065420560747664,0.7060998151571165
1.0,0.11111111,15.0,20.0,0.7065420560747664,0.7060998151571165
1.0,0.11111111,15.0,32.0,0.7065420560747664,0.7060998151571165
1.0,0.11111111,15.0,50.0,0.7065420560747664,0.7060998151571165
1.0,0.11111111,15.0,80.0,0.7065420560747664,0.7060998151571165
1.0,0.11111111,15.0,128.0,0.7065420560747664,0.7060998151571165
1.0,0.11111111,17.0,2.0,0.7065420560747664,0.7060998151571165
1.0,0.11111111,17.0,3.0,0.7065420560747664,0.7060998151571165
1.0,0.11111111,17.0,5.0,0.7065420560747664,0.7060998151571165
1.0,0.11111111,17.0,8.0,0.7065420560747664,0.7060998151571165
1.0,0.11111111,17.0,12.0,0.7065420560747664,0.7060998151571165
1.0,0.11111111,17.0,20.0,0.7065420560747664,0.7060998151571165
1.0,0.11111111,17.0,32.0,0.7065420560747664,0.7060998151571165
1.0,0.11111111,17.0,50.0,0.7065420560747664,0.7060998151571165
1.0,0.11111111,17.0,80.0,0.7065420560747664,0.7060998151571165
1.0,0.11111111,17.0,128.0,0.7065420560747664,0.7060998151571165
1.0,0.11111111,20.0,2.0,0.7065420560747664,0.7060998151571165
1.0,0.11111111,20.0,3.0,0.7065420560747664,0.7060998151571165
1.0,0.11111111,20.0,5.0,0.7065420560747664,0.7060998151571165
1.0,0.11111111,20.0,8.0,0.7065420560747664,0.7060998151571165
1.0,0.11111111,20.0,12.0,0.7065420560747664,0.7060998151571165
1.0,0.11111111,20.0,20.0,0.7065420560747664,0.7060998151571165
1.0,0.11111111,20.0,32.0,0.7065420560747664,0.7060998151571165
1.0,0.11111111,20.0,50.0,0.7065420560747664,0.7060998151571165
1.0,0.11111111,20.0,80.0,0.7065420560747664,0.7060998151571165
1.0,0.11111111,20.0,128.0,0.7065420560747664,0.7060998151571165
1.0,0.22222222,1.0,2.0,0.7065420560747664,0.7060998151571165
1.0,0.22222222,1.0,3.0,0.7065420560747664,0.7060998151571165
1.0,0.22222222,1.0,5.0,0.7065420560747664,0.7060998151571165
1.0,0.22222222,1.0,8.0,0.7065420560747664,0.7060998151571165
1.0,0.22222222,1.0,12.0,0.7065420560747664,0.7060998151571165
1.0,0.22222222,1.0,20.0,0.7065420560747664,0.7060998151571165
1.0,0.22222222,1.0,32.0,0.7065420560747664,0.7060998151571165
1.0,0.22222222,1.0,50.0,0.7065420560747664,0.7060998151571165
1.0,0.22222222,1.0,80.0,0.7065420560747664,0.7060998151571165
1.0,0.22222222,1.0,128.0,0.7065420560747664,0.7060998151571165
1.0,0.22222222,3.0,2.0,0.7065420560747664,0.7060998151571165
1.0,0.22222222,3.0,3.0,0.7065420560747664,0.7060998151571165
1.0,0.22222222,3.0,5.0,0.7065420560747664,0.7060998151571165
1.0,0.22222222,3.0,8.0,0.7065420560747664,0.7060998151571165
1.0,0.22222222,3.0,12.0,0.7065420560747664,0.7060998151571165
1.0,0.22222222,3.0,20.0,0.7065420560747664,0.7060998151571165
1.0,0.22222222,3.0,32.0,0.7065420560747664,0.7060998151571165
1.0,0.22222222,3.0,50.0,0.7065420560747664,0.7060998151571165
1.0,0.22222222,3.0,80.0,0.7065420560747664,0.7060998151571165
1.0,0.22222222,3.0,128.0,0.7065420560747664,0.7060998151571165
1.0,0.22222222,5.0,2.0,0.7065420560747664,0.7060998151571165
1.0,0.22222222,5.0,3.0,0.7065420560747664,0.7060998151571165
1.0,0.22222222,5.0,5.0,0.7065420560747664,0.7060998151571165
1.0,0.22222222,5.0,8.0,0.7065420560747664,0.7060998151571165
1.0,0.22222222,5.0,12.0,0.7065420560747664,0.7060998151571165
1.0,0.22222222,5.0,20.0,0.7065420560747664,0.7060998151571165
1.0,0.22222222,5.0,32.0,0.7065420560747664,0.7060998151571165
1.0,0.22222222,5.0,50.0,0.7065420560747664,0.7060998151571165
1.0,0.22222222,5.0,80.0,0.7065420560747664,0.7060998151571165
1.0,0.22222222,5.0,128.0,0.7065420560747664,0.7060998151571165
1.0,0.22222222,7.0,2.0,0.7065420560747664,0.7060998151571165
1.0,0.22222222,7.0,3.0,0.7065420560747664,0.7060998151571165
1.0,0.22222222,7.0,5.0,0.7065420560747664,0.7060998151571165
1.0,0.22222222,7.0,8.0,0.7065420560747664,0.7060998151571165
1.0,0.22222222,7.0,12.0,0.7065420560747664,0.7060998151571165
1.0,0.22222222,7.0,20.0,0.7065420560747664,0.7060998151571165
1.0,0.22222222,7.0,32.0,0.7065420560747664,0.7060998151571165
1.0,0.22222222,7.0,50.0,0.7065420560747664,0.7060998151571165
1.0,0.22222222,7.0,80.0,0.7065420560747664,0.7060998151571165
1.0,0.22222222,7.0,128.0,0.7065420560747664,0.7060998151571165
1.0,0.22222222,9.0,2.0,0.7065420560747664,0.7060998151571165
1.0,0.22222222,9.0,3.0,0.7065420560747664,0.7060998151571165
1.0,0.22222222,9.0,5.0,0.7065420560747664,0.7060998151571165
1.0,0.22222222,9.0,8.0,0.7065420560747664,0.7060998151571165
1.0,0.22222222,9.0,12.0,0.7065420560747664,0.7060998151571165
1.0,0.22222222,9.0,20.0,0.7065420560747664,0.7060998151571165
1.0,0.22222222,9.0,32.0,0.7065420560747664,0.7060998151571165
1.0,0.22222222,9.0,50.0,0.7065420560747664,0.7060998151571165
1.0,0.22222222,9.0,80.0,0.7065420560747664,0.7060998151571165
1.0,0.22222222,9.0,128.0,0.7065420560747664,0.7060998151571165
1.0,0.22222222,11.0,2.0,0.7065420560747664,0.7060998151571165
1.0,0.22222222,11.0,3.0,0.7065420560747664,0.7060998151571165
1.0,0.22222222,11.0,5.0,0.7065420560747664,0.7060998151571165
1.0,0.22222222,11.0,8.0,0.7065420560747664,0.7060998151571165
1.0,0.22222222,11.0,12.0,0.7065420560747664,0.7060998151571165
1.0,0.22222222,11.0,20.0,0.7065420560747664,0.7060998151571165
1.0,0.22222222,11.0,32.0,0.7065420560747664,0.7060998151571165
1.0,0.22222222,11.0,50.0,0.7065420560747664,0.7060998151571165
1.0,0.22222222,11.0,80.0,0.7065420560747664,0.7060998151571165
1.0,0.22222222,11.0,128.0,0.7065420560747664,0.7060998151571165
1.0,0.22222222,13.0,2.0,0.7065420560747664,0.7060998151571165
1.0,0.22222222,13.0,3.0,0.7065420560747664,0.7060998151571165
1.0,0.22222222,13.0,5.0,0.7065420560747664,0.7060998151571165
1.0,0.22222222,13.0,8.0,0.7065420560747664,0.7060998151571165
1.0,0.22222222,13.0,12.0,0.7065420560747664,0.7060998151571165
1.0,0.22222222,13.0,20.0,0.7065420560747664,0.7060998151571165
1.0,0.22222222,13.0,32.0,0.7065420560747664,0.7060998151571165
1.0,0.22222222,13.0,50.0,0.7065420560747664,0.7060998151571165
1.0,0.22222222,13.0,80.0,0.7065420560747664,0.7060998151571165
1.0,0.22222222,13.0,128.0,0.7065420560747664,0.7060998151571165
1.0,0.22222222,15.0,2.0,0.7065420560747664,0.7060998151571165
1.0,0.22222222,15.0,3.0,0.7065420560747664,0.7060998151571165
1.0,0.22222222,15.0,5.0,0.7065420560747664,0.7060998151571165
1.0,0.22222222,15.0,8.0,0.7065420560747664,0.7060998151571165
1.0,0.22222222,15.0,12.0,0.7065420560747664,0.7060998151571165
1.0,0.22222222,15.0,20.0,0.7065420560747664,0.7060998151571165
1.0,0.22222222,15.0,32.0,0.7065420560747664,0.7060998151571165
1.0,0.22222222,15.0,50.0,0.7065420560747664,0.7060998151571165
1.0,0.22222222,15.0,80.0,0.7065420560747664,0.7060998151571165
1.0,0.22222222,15.0,128.0,0.7065420560747664,0.7060998151571165
1.0,0.22222222,17.0,2.0,0.7065420560747664,0.7060998151571165
1.0,0.22222222,17.0,3.0,0.7065420560747664,0.7060998151571165
1.0,0.22222222,17.0,5.0,0.7065420560747664,0.7060998151571165
1.0,0.22222222,17.0,8.0,0.7065420560747664,0.7060998151571165
1.0,0.22222222,17.0,12.0,0.7065420560747664,0.7060998151571165
1.0,0.22222222,17.0,20.0,0.7065420560747664,0.7060998151571165
1.0,0.22222222,17.0,32.0,0.7065420560747664,0.7060998151571165
1.0,0.22222222,17.0,50.0,0.7065420560747664,0.7060998151571165
1.0,0.22222222,17.0,80.0,0.7065420560747664,0.7060998151571165
1.0,0.22222222,17.0,128.0,0.7065420560747664,0.7060998151571165
1.0,0.22222222,20.0,2.0,0.7065420560747664,0.7060998151571165
1.0,0.22222222,20.0,3.0,0.7065420560747664,0.7060998151571165
1.0,0.22222222,20.0,5.0,0.7065420560747664,0.7060998151571165
1.0,0.22222222,20.0,8.0,0.7065420560747664,0.7060998151571165
1.0,0.22222222,20.0,12.0,0.7065420560747664,0.7060998151571165
1.0,0.22222222,20.0,20.0,0.7065420560747664,0.7060998151571165
1.0,0.22222222,20.0,32.0,0.7065420560747664,0.7060998151571165
1.0,0.22222222,20.0,50.0,0.7065420560747664,0.7060998151571165
1.0,0.22222222,20.0,80.0,0.7065420560747664,0.7060998151571165
1.0,0.22222222,20.0,128.0,0.7065420560747664,0.7060998151571165
1.0,0.33333334,1.0,2.0,0.7465420560747663,0.744177449168207
1.0,0.33333334,1.0,3.0,0.7465420560747663,0.744177449168207
1.0,0.33333334,1.0,5.0,0.7465420560747663,0.744177449168207
1.0,0.33333334,1.0,8.0,0.7465420560747663,0.744177449168207
1.0,0.33333334,1.0,12.0,0.7465420560747663,0.744177449168207
1.0,0.33333334,1.0,20.0,0.7465420560747663,0.744177449168207
1.0,0.33333334,1.0,32.0,0.7465420560747663,0.744177449168207
1.0,0.33333334,1.0,50.0,0.7465420560747663,0.744177449168207
1.0,0.33333334,1.0,80.0,0.7465420560747663,0.744177449168207
1.0,0.33333334,1.0,128.0,0.7465420560747663,0.744177449168207
1.0,0.33333334,3.0,2.0,0.7465420560747663,0.744177449168207
1.0,0.33333334,3.0,3.0,0.7465420560747663,0.744177449168207
1.0,0.33333334,3.0,5.0,0.7465420560747663,0.744177449168207
1.0,0.33333334,3.0,8.0,0.7465420560747663,0.744177449168207
1.0,0.33333334,3.0,12.0,0.7465420560747663,0.744177449168207
1.0,0.33333334,3.0,20.0,0.7465420560747663,0.744177449168207
1.0,0.33333334,3.0,32.0,0.7465420560747663,0.744177449168207
1.0,0.33333334,3.0,50.0,0.7465420560747663,0.744177449168207
1.0,0.33333334,3.0,80.0,0.7465420560747663,0.744177449168207
1.0,0.33333334,3.0,128.0,0.7465420560747663,0.744177449168207
1.0,0.33333334,5.0,2.0,0.7465420560747663,0.744177449168207
1.0,0.33333334,5.0,3.0,0.7465420560747663,0.744177449168207
1.0,0.33333334,5.0,5.0,0.7465420560747663,0.744177449168207
1.0,0.33333334,5.0,8.0,0.7465420560747663,0.744177449168207
1.0,0.33333334,5.0,12.0,0.7465420560747663,0.744177449168207
1.0,0.33333334,5.0,20.0,0.7465420560747663,0.744177449168207
1.0,0.33333334,5.0,32.0,0.7465420560747663,0.744177449168207
1.0,0.33333334,5.0,50.0,0.7465420560747663,0.744177449168207
1.0,0.33333334,5.0,80.0,0.7465420560747663,0.744177449168207
1.0,0.33333334,5.0,128.0,0.7465420560747663,0.744177449168207
1.0,0.33333334,7.0,2.0,0.7465420560747663,0.744177449168207
1.0,0.33333334,7.0,3.0,0.7465420560747663,0.744177449168207
1.0,0.33333334,7.0,5.0,0.7465420560747663,0.744177449168207
1.0,0.33333334,7.0,8.0,0.7465420560747663,0.744177449168207
1.0,0.33333334,7.0,12.0,0.7465420560747663,0.744177449168207
1.0,0.33333334,7.0,20.0,0.7465420560747663,0.744177449168207
1.0,0.33333334,7.0,32.0,0.7465420560747663,0.744177449168207
1.0,0.33333334,7.0,50.0,0.7465420560747663,0.744177449168207
1.0,0.33333334,7.0,80.0,0.7465420560747663,0.744177449168207
1.0,0.33333334,7.0,128.0,0.7465420560747663,0.744177449168207
1.0,0.33333334,9.0,2.0,0.7465420560747663,0.744177449168207
1.0,0.33333334,9.0,3.0,0.7465420560747663,0.744177449168207
1.0,0.33333334,9.0,5.0,0.7465420560747663,0.744177449168207
1.0,0.33333334,9.0,8.0,0.7465420560747663,0.744177449168207
1.0,0.33333334,9.0,12.0,0.7465420560747663,0.744177449168207
1.0,0.33333334,9.0,20.0,0.7465420560747663,0.744177449168207
1.0,0.33333334,9.0,32.0,0.7465420560747663,0.744177449168207
1.0,0.33333334,9.0,50.0,0.7465420560747663,0.744177449168207
1.0,0.33333334,9.0,80.0,0.7465420560747663,0.744177449168207
1.0,0.33333334,9.0,128.0,0.7465420560747663,0.744177449168207
1.0,0.33333334,11.0,2.0,0.7465420560747663,0.744177449168207
1.0,0.33333334,11.0,3.0,0.7465420560747663,0.744177449168207
1.0,0.33333334,11.0,5.0,0.7465420560747663,0.744177449168207
1.0,0.33333334,11.0,8.0,0.7465420560747663,0.744177449168207
1.0,0.33333334,11.0,12.0,0.7465420560747663,0.744177449168207
1.0,0.33333334,11.0,20.0,0.7465420560747663,0.744177449168207
1.0,0.33333334,11.0,32.0,0.7465420560747663,0.744177449168207
1.0,0.33333334,11.0,50.0,0.7465420560747663,0.744177449168207
1.0,0.33333334,11.0,80.0,0.7465420560747663,0.744177449168207
1.0,0.33333334,11.0,128.0,0.7465420560747663,0.744177449168207
1.0,0.33333334,13.0,2.0,0.7465420560747663,0.744177449168207
1.0,0.33333334,13.0,3.0,0.7465420560747663,0.744177449168207
1.0,0.33333334,13.0,5.0,0.7465420560747663,0.744177449168207
1.0,0.33333334,13.0,8.0,0.7465420560747663,0.744177449168207
1.0,0.33333334,13.0,12.0,0.7465420560747663,0.744177449168207
1.0,0.33333334,13.0,20.0,0.7465420560747663,0.744177449168207
1.0,0.33333334,13.0,32.0,0.7465420560747663,0.744177449168207
1.0,0.33333334,13.0,50.0,0.7465420560747663,0.744177449168207
1.0,0.33333334,13.0,80.0,0.7465420560747663,0.744177449168207
1.0,0.33333334,13.0,128.0,0.7465420560747663,0.744177449168207
1.0,0.33333334,15.0,2.0,0.7465420560747663,0.744177449168207
1.0,0.33333334,15.0,3.0,0.7465420560747663,0.744177449168207
1.0,0.33333334,15.0,5.0,0.7465420560747663,0.744177449168207
1.0,0.33333334,15.0,8.0,0.7465420560747663,0.744177449168207
1.0,0.33333334,15.0,12.0,0.7465420560747663,0.744177449168207
1.0,0.33333334,15.0,20.0,0.7465420560747663,0.744177449168207
1.0,0.33333334,15.0,32.0,0.7465420560747663,0.744177449168207
1.0,0.33333334,15.0,50.0,0.7465420560747663,0.744177449168207
1.0,0.33333334,15.0,80.0,0.7465420560747663,0.744177449168207
1.0,0.33333334,15.0,128.0,0.7465420560747663,0.744177449168207
1.0,0.33333334,17.0,2.0,0.7465420560747663,0.744177449168207
1.0,0.33333334,17.0,3.0,0.7465420560747663,0.744177449168207
1.0,0.33333334,17.0,5.0,0.7465420560747663,0.744177449168207
1.0,0.33333334,17.0,8.0,0.7465420560747663,0.744177449168207
1.0,0.33333334,17.0,12.0,0.7465420560747663,0.744177449168207
1.0,0.33333334,17.0,20.0,0.7465420560747663,0.744177449168207
1.0,0.33333334,17.0,32.0,0.7465420560747663,0.744177449168207
1.0,0.33333334,17.0,50.0,0.7465420560747663,0.744177449168207
1.0,0.33333334,17.0,80.0,0.7465420560747663,0.744177449168207
1.0,0.33333334,17.0,128.0,0.7465420560747663,0.744177449168207
1.0,0.33333334,20.0,2.0,0.7465420560747663,0.744177449168207
1.0,0.33333334,20.0,3.0,0.7465420560747663,0.744177449168207
1.0,0.33333334,20.0,5.0,0.7465420560747663,0.744177449168207
1.0,0.33333334,20.0,8.0,0.7465420560747663,0.744177449168207
1.0,0.33333334,20.0,12.0,0.7465420560747663,0.744177449168207
1.0,0.33333334,20.0,20.0,0.7465420560747663,0.744177449168207
1.0,0.33333334,20.0,32.0,0.7465420560747663,0.744177449168207
1.0,0.33333334,20.0,50.0,0.7465420560747663,0.744177449168207
1.0,0.33333334,20.0,80.0,0.7465420560747663,0.744177449168207
1.0,0.33333334,20.0,128.0,0.7465420560747663,0.744177449168207
1.0,0.44444445,1.0,2.0,0.7465420560747663,0.744177449168207
1.0,0.44444445,1.0,3.0,0.7465420560747663,0.744177449168207
1.0,0.44444445,1.0,5.0,0.7465420560747663,0.744177449168207
1.0,0.44444445,1.0,8.0,0.7465420560747663,0.744177449168207
1.0,0.44444445,1.0,12.0,0.7465420560747663,0.744177449168207
1.0,0.44444445,1.0,20.0,0.7465420560747663,0.744177449168207
1.0,0.44444445,1.0,32.0,0.7465420560747663,0.744177449168207
1.0,0.44444445,1.0,50.0,0.7465420560747663,0.744177449168207
1.0,0.44444445,1.0,80.0,0.7465420560747663,0.744177449168207
1.0,0.44444445,1.0,128.0,0.7465420560747663,0.744177449168207
1.0,0.44444445,3.0,2.0,0.7465420560747663,0.744177449168207
1.0,0.44444445,3.0,3.0,0.7465420560747663,0.744177449168207
1.0,0.44444445,3.0,5.0,0.7465420560747663,0.744177449168207
1.0,0.44444445,3.0,8.0,0.7465420560747663,0.744177449168207
1.0,0.44444445,3.0,12.0,0.7465420560747663,0.744177449168207
1.0,0.44444445,3.0,20.0,0.7465420560747663,0.744177449168207
1.0,0.44444445,3.0,32.0,0.7465420560747663,0.744177449168207
1.0,0.44444445,3.0,50.0,0.7465420560747663,0.744177449168207
1.0,0.44444445,3.0,80.0,0.7465420560747663,0.744177449168207
1.0,0.44444445,3.0,128.0,0.7465420560747663,0.744177449168207
1.0,0.44444445,5.0,2.0,0.7465420560747663,0.744177449168207
1.0,0.44444445,5.0,3.0,0.7465420560747663,0.744177449168207
1.0,0.44444445,5.0,5.0,0.7465420560747663,0.744177449168207
1.0,0.44444445,5.0,8.0,0.7465420560747663,0.744177449168207
1.0,0.44444445,5.0,12.0,0.7465420560747663,0.744177449168207
1.0,0.44444445,5.0,20.0,0.7465420560747663,0.744177449168207
1.0,0.44444445,5.0,32.0,0.7465420560747663,0.744177449168207
1.0,0.44444445,5.0,50.0,0.7465420560747663,0.744177449168207
1.0,0.44444445,5.0,80.0,0.7465420560747663,0.744177449168207
1.0,0.44444445,5.0,128.0,0.7465420560747663,0.744177449168207
1.0,0.44444445,7.0,2.0,0.7465420560747663,0.744177449168207
1.0,0.44444445,7.0,3.0,0.7465420560747663,0.744177449168207
1.0,0.44444445,7.0,5.0,0.7465420560747663,0.744177449168207
1.0,0.44444445,7.0,8.0,0.7465420560747663,0.744177449168207
1.0,0.44444445,7.0,12.0,0.7465420560747663,0.744177449168207
1.0,0.44444445,7.0,20.0,0.7465420560747663,0.744177449168207
1.0,0.44444445,7.0,32.0,0.7465420560747663,0.744177449168207
1.0,0.44444445,7.0,50.0,0.7465420560747663,0.744177449168207
1.0,0.44444445,7.0,80.0,0.7465420560747663,0.744177449168207
1.0,0.44444445,7.0,128.0,0.7465420560747663,0.744177449168207
1.0,0.44444445,9.0,2.0,0.7465420560747663,0.744177449168207
1.0,0.44444445,9.0,3.0,0.7465420560747663,0.744177449168207
1.0,0.44444445,9.0,5.0,0.7465420560747663,0.744177449168207
1.0,0.44444445,9.0,8.0,0.7465420560747663,0.744177449168207
1.0,0.44444445,9.0,12.0,0.7465420560747663,0.744177449168207
1.0,0.44444445,9.0,20.0,0.7465420560747663,0.744177449168207
1.0,0.44444445,9.0,32.0,0.7465420560747663,0.744177449168207
1.0,0.44444445,9.0,50.0,0.7465420560747663,0.744177449168207
1.0,0.44444445,9.0,80.0,0.7465420560747663,0.744177449168207
1.0,0.44444445,9.0,128.0,0.7465420560747663,0.744177449168207
1.0,0.44444445,11.0,2.0,0.7465420560747663,0.744177449168207
1.0,0.44444445,11.0,3.0,0.7465420560747663,0.744177449168207
1.0,0.44444445,11.0,5.0,0.7465420560747663,0.744177449168207
1.0,0.44444445,11.0,8.0,0.7465420560747663,0.744177449168207
1.0,0.44444445,11.0,12.0,0.7465420560747663,0.744177449168207
1.0,0.44444445,11.0,20.0,0.7465420560747663,0.744177449168207
1.0,0.44444445,11.0,32.0,0.7465420560747663,0.744177449168207
1.0,0.44444445,11.0,50.0,0.7465420560747663,0.744177449168207
1.0,0.44444445,11.0,80.0,0.7465420560747663,0.744177449168207
1.0,0.44444445,11.0,128.0,0.7465420560747663,0.744177449168207
1.0,0.44444445,13.0,2.0,0.7465420560747663,0.744177449168207
1.0,0.44444445,13.0,3.0,0.7465420560747663,0.744177449168207
1.0,0.44444445,13.0,5.0,0.7465420560747663,0.744177449168207
1.0,0.44444445,13.0,8.0,0.7465420560747663,0.744177449168207
1.0,0.44444445,13.0,12.0,0.7465420560747663,0.744177449168207
1.0,0.44444445,13.0,20.0,0.7465420560747663,0.744177449168207
1.0,0.44444445,13.0,32.0,0.7465420560747663,0.744177449168207
1.0,0.44444445,13.0,50.0,0.7465420560747663,0.744177449168207
1.0,0.44444445,13.0,80.0,0.7465420560747663,0.744177449168207
1.0,0.44444445,13.0,128.0,0.7465420560747663,0.744177449168207
1.0,0.44444445,15.0,2.0,0.7465420560747663,0.744177449168207
1.0,0.44444445,15.0,3.0,0.7465420560747663,0.744177449168207
1.0,0.44444445,15.0,5.0,0.7465420560747663,0.744177449168207
1.0,0.44444445,15.0,8.0,0.7465420560747663,0.744177449168207
1.0,0.44444445,15.0,12.0,0.7465420560747663,0.744177449168207
1.0,0.44444445,15.0,20.0,0.7465420560747663,0.744177449168207
1.0,0.44444445,15.0,32.0,0.7465420560747663,0.744177449168207
1.0,0.44444445,15.0,50.0,0.7465420560747663,0.744177449168207
1.0,0.44444445,15.0,80.0,0.7465420560747663,0.744177449168207
1.0,0.44444445,15.0,128.0,0.7465420560747663,0.744177449168207
1.0,0.44444445,17.0,2.0,0.7465420560747663,0.744177449168207
1.0,0.44444445,17.0,3.0,0.7465420560747663,0.744177449168207
1.0,0.44444445,17.0,5.0,0.7465420560747663,0.744177449168207
1.0,0.44444445,17.0,8.0,0.7465420560747663,0.744177449168207
1.0,0.44444445,17.0,12.0,0.7465420560747663,0.744177449168207
1.0,0.44444445,17.0,20.0,0.7465420560747663,0.744177449168207
1.0,0.44444445,17.0,32.0,0.7465420560747663,0.744177449168207
1.0,0.44444445,17.0,50.0,0.7465420560747663,0.744177449168207
1.0,0.44444445,17.0,80.0,0.7465420560747663,0.744177449168207
1.0,0.44444445,17.0,128.0,0.7465420560747663,0.744177449168207
1.0,0.44444445,20.0,2.0,0.7465420560747663,0.744177449168207
1.0,0.44444445,20.0,3.0,0.7465420560747663,0.744177449168207
1.0,0.44444445,20.0,5.0,0.7465420560747663,0.744177449168207
1.0,0.44444445,20.0,8.0,0.7465420560747663,0.744177449168207
1.0,0.44444445,20.0,12.0,0.7465420560747663,0.744177449168207
1.0,0.44444445,20.0,20.0,0.7465420560747663,0.744177449168207
1.0,0.44444445,20.0,32.0,0.7465420560747663,0.744177449168207
1.0,0.44444445,20.0,50.0,0.7465420560747663,0.744177449168207
1.0,0.44444445,20.0,80.0,0.7465420560747663,0.744177449168207
1.0,0.44444445,20.0,128.0,0.7465420560747663,0.744177449168207
1.0,0.5555556,1.0,2.0,0.7465420560747663,0.744177449168207
1.0,0.5555556,1.0,3.0,0.7465420560747663,0.744177449168207
1.0,0.5555556,1.0,5.0,0.7465420560747663,0.744177449168207
1.0,0.5555556,1.0,8.0,0.7465420560747663,0.744177449168207
1.0,0.5555556,1.0,12.0,0.7465420560747663,0.744177449168207
1.0,0.5555556,1.0,20.0,0.7465420560747663,0.744177449168207
1.0,0.5555556,1.0,32.0,0.7465420560747663,0.744177449168207
1.0,0.5555556,1.0,50.0,0.7465420560747663,0.744177449168207
1.0,0.5555556,1.0,80.0,0.7465420560747663,0.744177449168207
1.0,0.5555556,1.0,128.0,0.7465420560747663,0.744177449168207
1.0,0.5555556,3.0,2.0,0.7465420560747663,0.744177449168207
1.0,0.5555556,3.0,3.0,0.7465420560747663,0.744177449168207
1.0,0.5555556,3.0,5.0,0.7465420560747663,0.744177449168207
1.0,0.5555556,3.0,8.0,0.7465420560747663,0.744177449168207
1.0,0.5555556,3.0,12.0,0.7465420560747663,0.744177449168207
1.0,0.5555556,3.0,20.0,0.7465420560747663,0.744177449168207
1.0,0.5555556,3.0,32.0,0.7465420560747663,0.744177449168207
1.0,0.5555556,3.0,50.0,0.7465420560747663,0.744177449168207
1.0,0.5555556,3.0,80.0,0.7465420560747663,0.744177449168207
1.0,0.5555556,3.0,128.0,0.7465420560747663,0.744177449168207
1.0,0.5555556,5.0,2.0,0.7465420560747663,0.744177449168207
1.0,0.5555556,5.0,3.0,0.7465420560747663,0.744177449168207
1.0,0.5555556,5.0,5.0,0.7465420560747663,0.744177449168207
1.0,0.5555556,5.0,8.0,0.7465420560747663,0.744177449168207
1.0,0.5555556,5.0,12.0,0.7465420560747663,0.744177449168207
1.0,0.5555556,5.0,20.0,0.7465420560747663,0.744177449168207
1.0,0.5555556,5.0,32.0,0.7465420560747663,0.744177449168207
1.0,0.5555556,5.0,50.0,0.7465420560747663,0.744177449168207
1.0,0.5555556,5.0,80.0,0.7465420560747663,0.744177449168207
1.0,0.5555556,5.0,128.0,0.7465420560747663,0.744177449168207
1.0,0.5555556,7.0,2.0,0.7465420560747663,0.744177449168207
1.0,0.5555556,7.0,3.0,0.7465420560747663,0.744177449168207
1.0,0.5555556,7.0,5.0,0.7465420560747663,0.744177449168207
1.0,0.5555556,7.0,8.0,0.7465420560747663,0.744177449168207
1.0,0.5555556,7.0,12.0,0.7465420560747663,0.744177449168207
1.0,0.5555556,7.0,20.0,0.7465420560747663,0.744177449168207
1.0,0.5555556,7.0,32.0,0.7465420560747663,0.744177449168207
1.0,0.5555556,7.0,50.0,0.7465420560747663,0.744177449168207
1.0,0.5555556,7.0,80.0,0.7465420560747663,0.744177449168207
1.0,0.5555556,7.0,128.0,0.7465420560747663,0.744177449168207
1.0,0.5555556,9.0,2.0,0.7465420560747663,0.744177449168207
1.0,0.5555556,9.0,3.0,0.7465420560747663,0.744177449168207
1.0,0.5555556,9.0,5.0,0.7465420560747663,0.744177449168207
1.0,0.5555556,9.0,8.0,0.7465420560747663,0.744177449168207
1.0,0.5555556,9.0,12.0,0.7465420560747663,0.744177449168207
1.0,0.5555556,9.0,20.0,0.7465420560747663,0.744177449168207
1.0,0.5555556,9.0,32.0,0.7465420560747663,0.744177449168207
1.0,0.5555556,9.0,50.0,0.7465420560747663,0.744177449168207
1.0,0.5555556,9.0,80.0,0.7465420560747663,0.744177449168207
1.0,0.5555556,9.0,128.0,0.7465420560747663,0.744177449168207
1.0,0.5555556,11.0,2.0,0.7465420560747663,0.744177449168207
1.0,0.5555556,11.0,3.0,0.7465420560747663,0.744177449168207
1.0,0.5555556,11.0,5.0,0.7465420560747663,0.744177449168207
1.0,0.5555556,11.0,8.0,0.7465420560747663,0.744177449168207
1.0,0.5555556,11.0,12.0,0.7465420560747663,0.744177449168207
1.0,0.5555556,11.0,20.0,0.7465420560747663,0.744177449168207
1.0,0.5555556,11.0,32.0,0.7465420560747663,0.744177449168207
1.0,0.5555556,11.0,50.0,0.7465420560747663,0.744177449168207
1.0,0.5555556,11.0,80.0,0.7465420560747663,0.744177449168207
1.0,0.5555556,11.0,128.0,0.7465420560747663,0.744177449168207
1.0,0.5555556,13.0,2.0,0.7465420560747663,0.744177449168207
1.0,0.5555556,13.0,3.0,0.7465420560747663,0.744177449168207
1.0,0.5555556,13.0,5.0,0.7465420560747663,0.744177449168207
1.0,0.5555556,13.0,8.0,0.7465420560747663,0.744177449168207
1.0,0.5555556,13.0,12.0,0.7465420560747663,0.744177449168207
1.0,0.5555556,13.0,20.0,0.7465420560747663,0.744177449168207
1.0,0.5555556,13.0,32.0,0.7465420560747663,0.744177449168207
1.0,0.5555556,13.0,50.0,0.7465420560747663,0.744177449168207
1.0,0.5555556,13.0,80.0,0.7465420560747663,0.744177449168207
1.0,0.5555556,13.0,128.0,0.7465420560747663,0.744177449168207
1.0,0.5555556,15.0,2.0,0.7465420560747663,0.744177449168207
1.0,0.5555556,15.0,3.0,0.7465420560747663,0.744177449168207
1.0,0.5555556,15.0,5.0,0.7465420560747663,0.744177449168207
1.0,0.5555556,15.0,8.0,0.7465420560747663,0.744177449168207
1.0,0.5555556,15.0,12.0,0.7465420560747663,0.744177449168207
1.0,0.5555556,15.0,20.0,0.7465420560747663,0.744177449168207
1.0,0.5555556,15.0,32.0,0.7465420560747663,0.744177449168207
1.0,0.5555556,15.0,50.0,0.7465420560747663,0.744177449168207
1.0,0.5555556,15.0,80.0,0.7465420560747663,0.744177449168207
1.0,0.5555556,15.0,128.0,0.7465420560747663,0.744177449168207
1.0,0.5555556,17.0,2.0,0.7465420560747663,0.744177449168207
1.0,0.5555556,17.0,3.0,0.7465420560747663,0.744177449168207
1.0,0.5555556,17.0,5.0,0.7465420560747663,0.744177449168207
1.0,0.5555556,17.0,8.0,0.7465420560747663,0.744177449168207
1.0,0.5555556,17.0,12.0,0.7465420560747663,0.744177449168207
1.0,0.5555556,17.0,20.0,0.7465420560747663,0.744177449168207
1.0,0.5555556,17.0,32.0,0.7465420560747663,0.744177449168207
1.0,0.5555556,17.0,50.0,0.7465420560747663,0.744177449168207
1.0,0.5555556,17.0,80.0,0.7465420560747663,0.744177449168207
1.0,0.5555556,17.0,128.0,0.7465420560747663,0.744177449168207
1.0,0.5555556,20.0,2.0,0.7465420560747663,0.744177449168207
1.0,0.5555556,20.0,3.0,0.7465420560747663,0.744177449168207
1.0,0.5555556,20.0,5.0,0.7465420560747663,0.744177449168207
1.0,0.5555556,20.0,8.0,0.7465420560747663,0.744177449168207
1.0,0.5555556,20.0,12.0,0.7465420560747663,0.744177449168207
1.0,0.5555556,20.0,20.0,0.7465420560747663,0.744177449168207
1.0,0.5555556,20.0,32.0,0.7465420560747663,0.744177449168207
1.0,0.5555556,20.0,50.0,0.7465420560747663,0.744177449168207
1.0,0.5555556,20.0,80.0,0.7465420560747663,0.744177449168207
1.0,0.5555556,20.0,128.0,0.7465420560747663,0.744177449168207
1.0,0.6666667,1.0,2.0,0.7581308411214953,0.7578558225508318
1.0,0.6666667,1.0,3.0,0.7581308411214953,0.7578558225508318
1.0,0.6666667,1.0,5.0,0.7581308411214953,0.7578558225508318
1.0,0.6666667,1.0,8.0,0.7581308411214953,0.7578558225508318
1.0,0.6666667,1.0,12.0,0.7581308411214953,0.7578558225508318
1.0,0.6666667,1.0,20.0,0.7581308411214953,0.7578558225508318
1.0,0.6666667,1.0,32.0,0.7581308411214953,0.7578558225508318
1.0,0.6666667,1.0,50.0,0.7581308411214953,0.7578558225508318
1.0,0.6666667,1.0,80.0,0.7581308411214953,0.7578558225508318
1.0,0.6666667,1.0,128.0,0.7581308411214953,0.7578558225508318
1.0,0.6666667,3.0,2.0,0.7581308411214953,0.7578558225508318
1.0,0.6666667,3.0,3.0,0.7581308411214953,0.7578558225508318
1.0,0.6666667,3.0,5.0,0.7581308411214953,0.7578558225508318
1.0,0.6666667,3.0,8.0,0.7581308411214953,0.7578558225508318
1.0,0.6666667,3.0,12.0,0.7581308411214953,0.7578558225508318
1.0,0.6666667,3.0,20.0,0.7581308411214953,0.7578558225508318
1.0,0.6666667,3.0,32.0,0.7581308411214953,0.7578558225508318
1.0,0.6666667,3.0,50.0,0.7581308411214953,0.7578558225508318
1.0,0.6666667,3.0,80.0,0.7581308411214953,0.7578558225508318
1.0,0.6666667,3.0,128.0,0.7581308411214953,0.7578558225508318
1.0,0.6666667,5.0,2.0,0.7581308411214953,0.7578558225508318
1.0,0.6666667,5.0,3.0,0.7581308411214953,0.7578558225508318
1.0,0.6666667,5.0,5.0,0.7581308411214953,0.7578558225508318
1.0,0.6666667,5.0,8.0,0.7581308411214953,0.7578558225508318
1.0,0.6666667,5.0,12.0,0.7581308411214953,0.7578558225508318
1.0,0.6666667,5.0,20.0,0.7581308411214953,0.7578558225508318
1.0,0.6666667,5.0,32.0,0.7581308411214953,0.7578558225508318
1.0,0.6666667,5.0,50.0,0.7581308411214953,0.7578558225508318
1.0,0.6666667,5.0,80.0,0.7581308411214953,0.7578558225508318
1.0,0.6666667,5.0,128.0,0.7581308411214953,0.7578558225508318
1.0,0.6666667,7.0,2.0,0.7581308411214953,0.7578558225508318
1.0,0.6666667,7.0,3.0,0.7581308411214953,0.7578558225508318
1.0,0.6666667,7.0,5.0,0.7581308411214953,0.7578558225508318
1.0,0.6666667,7.0,8.0,0.7581308411214953,0.7578558225508318
1.0,0.6666667,7.0,12.0,0.7581308411214953,0.7578558225508318
1.0,0.6666667,7.0,20.0,0.7581308411214953,0.7578558225508318
1.0,0.6666667,7.0,32.0,0.7581308411214953,0.7578558225508318
1.0,0.6666667,7.0,50.0,0.7581308411214953,0.7578558225508318
1.0,0.6666667,7.0,80.0,0.7581308411214953,0.7578558225508318
1.0,0.6666667,7.0,128.0,0.7581308411214953,0.7578558225508318
1.0,0.6666667,9.0,2.0,0.7581308411214953,0.7578558225508318
1.0,0.6666667,9.0,3.0,0.7581308411214953,0.7578558225508318
1.0,0.6666667,9.0,5.0,0.7581308411214953,0.7578558225508318
1.0,0.6666667,9.0,8.0,0.7581308411214953,0.7578558225508318
1.0,0.6666667,9.0,12.0,0.7581308411214953,0.7578558225508318
1.0,0.6666667,9.0,20.0,0.7581308411214953,0.7578558225508318
1.0,0.6666667,9.0,32.0,0.7581308411214953,0.7578558225508318
1.0,0.6666667,9.0,50.0,0.7581308411214953,0.7578558225508318
1.0,0.6666667,9.0,80.0,0.7581308411214953,0.7578558225508318
1.0,0.6666667,9.0,128.0,0.7581308411214953,0.7578558225508318
1.0,0.6666667,11.0,2.0,0.7581308411214953,0.7578558225508318
1.0,0.6666667,11.0,3.0,0.7581308411214953,0.7578558225508318
1.0,0.6666667,11.0,5.0,0.7581308411214953,0.7578558225508318
1.0,0.6666667,11.0,8.0,0.7581308411214953,0.7578558225508318
1.0,0.6666667,11.0,12.0,0.7581308411214953,0.7578558225508318
1.0,0.6666667,11.0,20.0,0.7581308411214953,0.7578558225508318
1.0,0.6666667,11.0,32.0,0.7581308411214953,0.7578558225508318
1.0,0.6666667,11.0,50.0,0.7581308411214953,0.7578558225508318
1.0,0.6666667,11.0,80.0,0.7581308411214953,0.7578558225508318
1.0,0.6666667,11.0,128.0,0.7581308411214953,0.7578558225508318
1.0,0.6666667,13.0,2.0,0.7581308411214953,0.7578558225508318
1.0,0.6666667,13.0,3.0,0.7581308411214953,0.7578558225508318
1.0,0.6666667,13.0,5.0,0.7581308411214953,0.7578558225508318
1.0,0.6666667,13.0,8.0,0.7581308411214953,0.7578558225508318
1.0,0.6666667,13.0,12.0,0.7581308411214953,0.7578558225508318
1.0,0.6666667,13.0,20.0,0.7581308411214953,0.7578558225508318
1.0,0.6666667,13.0,32.0,0.7581308411214953,0.7578558225508318
1.0,0.6666667,13.0,50.0,0.7581308411214953,0.7578558225508318
1.0,0.6666667,13.0,80.0,0.7581308411214953,0.7578558225508318
1.0,0.6666667,13.0,128.0,0.7581308411214953,0.7578558225508318
1.0,0.6666667,15.0,2.0,0.7581308411214953,0.7578558225508318
1.0,0.6666667,15.0,3.0,0.7581308411214953,0.7578558225508318
1.0,0.6666667,15.0,5.0,0.7581308411214953,0.7578558225508318
1.0,0.6666667,15.0,8.0,0.7581308411214953,0.7578558225508318
1.0,0.6666667,15.0,12.0,0.7581308411214953,0.7578558225508318
1.0,0.6666667,15.0,20.0,0.7581308411214953,0.7578558225508318
1.0,0.6666667,15.0,32.0,0.7581308411214953,0.7578558225508318
1.0,0.6666667,15.0,50.0,0.7581308411214953,0.7578558225508318
1.0,0.6666667,15.0,80.0,0.7581308411214953,0.7578558225508318
1.0,0.6666667,15.0,128.0,0.7581308411214953,0.7578558225508318
1.0,0.6666667,17.0,2.0,0.7581308411214953,0.7578558225508318
1.0,0.6666667,17.0,3.0,0.7581308411214953,0.7578558225508318
1.0,0.6666667,17.0,5.0,0.7581308411214953,0.7578558225508318
1.0,0.6666667,17.0,8.0,0.7581308411214953,0.7578558225508318
1.0,0.6666667,17.0,12.0,0.7581308411214953,0.7578558225508318
1.0,0.6666667,17.0,20.0,0.7581308411214953,0.7578558225508318
1.0,0.6666667,17.0,32.0,0.7581308411214953,0.7578558225508318
1.0,0.6666667,17.0,50.0,0.7581308411214953,0.7578558225508318
1.0,0.6666667,17.0,80.0,0.7581308411214953,0.7578558225508318
1.0,0.6666667,17.0,128.0,0.7581308411214953,0.7578558225508318
1.0,0.6666667,20.0,2.0,0.7581308411214953,0.7578558225508318
1.0,0.6666667,20.0,3.0,0.7581308411214953,0.7578558225508318
1.0,0.6666667,20.0,5.0,0.7581308411214953,0.7578558225508318
1.0,0.6666667,20.0,8.0,0.7581308411214953,0.7578558225508318
1.0,0.6666667,20.0,12.0,0.7581308411214953,0.7578558225508318
1.0,0.6666667,20.0,20.0,0.7581308411214953,0.7578558225508318
1.0,0.6666667,20.0,32.0,0.7581308411214953,0.7578558225508318
1.0,0.6666667,20.0,50.0,0.7581308411214953,0.7578558225508318
1.0,0.6666667,20.0,80.0,0.7581308411214953,0.7578558225508318
1.0,0.6666667,20.0,128.0,0.7581308411214953,0.7578558225508318
1.0,0.7777778,1.0,2.0,0.7581308411214953,0.7578558225508318
1.0,0.7777778,1.0,3.0,0.7581308411214953,0.7578558225508318
1.0,0.7777778,1.0,5.0,0.7581308411214953,0.7578558225508318
1.0,0.7777778,1.0,8.0,0.7581308411214953,0.7578558225508318
1.0,0.7777778,1.0,12.0,0.7581308411214953,0.7578558225508318
1.0,0.7777778,1.0,20.0,0.7581308411214953,0.7578558225508318
1.0,0.7777778,1.0,32.0,0.7581308411214953,0.7578558225508318
1.0,0.7777778,1.0,50.0,0.7581308411214953,0.7578558225508318
1.0,0.7777778,1.0,80.0,0.7581308411214953,0.7578558225508318
1.0,0.7777778,1.0,128.0,0.7581308411214953,0.7578558225508318
1.0,0.7777778,3.0,2.0,0.7581308411214953,0.7578558225508318
1.0,0.7777778,3.0,3.0,0.7581308411214953,0.7578558225508318
1.0,0.7777778,3.0,5.0,0.7581308411214953,0.7578558225508318
1.0,0.7777778,3.0,8.0,0.7581308411214953,0.7578558225508318
1.0,0.7777778,3.0,12.0,0.7581308411214953,0.7578558225508318
1.0,0.7777778,3.0,20.0,0.7581308411214953,0.7578558225508318
1.0,0.7777778,3.0,32.0,0.7581308411214953,0.7578558225508318
1.0,0.7777778,3.0,50.0,0.7581308411214953,0.7578558225508318
1.0,0.7777778,3.0,80.0,0.7581308411214953,0.7578558225508318
1.0,0.7777778,3.0,128.0,0.7581308411214953,0.7578558225508318
1.0,0.7777778,5.0,2.0,0.7581308411214953,0.7578558225508318
1.0,0.7777778,5.0,3.0,0.7581308411214953,0.7578558225508318
1.0,0.7777778,5.0,5.0,0.7581308411214953,0.7578558225508318
1.0,0.7777778,5.0,8.0,0.7581308411214953,0.7578558225508318
1.0,0.7777778,5.0,12.0,0.7581308411214953,0.7578558225508318
1.0,0.7777778,5.0,20.0,0.7581308411214953,0.7578558225508318
1.0,0.7777778,5.0,32.0,0.7581308411214953,0.7578558225508318
1.0,0.7777778,5.0,50.0,0.7581308411214953,0.7578558225508318
1.0,0.7777778,5.0,80.0,0.7581308411214953,0.7578558225508318
1.0,0.7777778,5.0,128.0,0.7581308411214953,0.7578558225508318
1.0,0.7777778,7.0,2.0,0.7581308411214953,0.7578558225508318
1.0,0.7777778,7.0,3.0,0.7581308411214953,0.7578558225508318
1.0,0.7777778,7.0,5.0,0.7581308411214953,0.7578558225508318
1.0,0.7777778,7.0,8.0,0.7581308411214953,0.7578558225508318
1.0,0.7777778,7.0,12.0,0.7581308411214953,0.7578558225508318
1.0,0.7777778,7.0,20.0,0.7581308411214953,0.7578558225508318
1.0,0.7777778,7.0,32.0,0.7581308411214953,0.7578558225508318
1.0,0.7777778,7.0,50.0,0.7581308411214953,0.7578558225508318
1.0,0.7777778,7.0,80.0,0.7581308411214953,0.7578558225508318
1.0,0.7777778,7.0,128.0,0.7581308411214953,0.7578558225508318
1.0,0.7777778,9.0,2.0,0.7581308411214953,0.7578558225508318
1.0,0.7777778,9.0,3.0,0.7581308411214953,0.7578558225508318
1.0,0.7777778,9.0,5.0,0.7581308411214953,0.7578558225508318
1.0,0.7777778,9.0,8.0,0.7581308411214953,0.7578558225508318
1.0,0.7777778,9.0,12.0,0.7581308411214953,0.7578558225508318
1.0,0.7777778,9.0,20.0,0.7581308411214953,0.7578558225508318
1.0,0.7777778,9.0,32.0,0.7581308411214953,0.7578558225508318
1.0,0.7777778,9.0,50.0,0.7581308411214953,0.7578558225508318
1.0,0.7777778,9.0,80.0,0.7581308411214953,0.7578558225508318
1.0,0.7777778,9.0,128.0,0.7581308411214953,0.7578558225508318
1.0,0.7777778,11.0,2.0,0.7581308411214953,0.7578558225508318
1.0,0.7777778,11.0,3.0,0.7581308411214953,0.7578558225508318
1.0,0.7777778,11.0,5.0,0.7581308411214953,0.7578558225508318
1.0,0.7777778,11.0,8.0,0.7581308411214953,0.7578558225508318
1.0,0.7777778,11.0,12.0,0.7581308411214953,0.7578558225508318
1.0,0.7777778,11.0,20.0,0.7581308411214953,0.7578558225508318
1.0,0.7777778,11.0,32.0,0.7581308411214953,0.7578558225508318
1.0,0.7777778,11.0,50.0,0.7581308411214953,0.7578558225508318
1.0,0.7777778,11.0,80.0,0.7581308411214953,0.7578558225508318
1.0,0.7777778,11.0,128.0,0.7581308411214953,0.7578558225508318
1.0,0.7777778,13.0,2.0,0.7581308411214953,0.7578558225508318
1.0,0.7777778,13.0,3.0,0.7581308411214953,0.7578558225508318
1.0,0.7777778,13.0,5.0,0.7581308411214953,0.7578558225508318
1.0,0.7777778,13.0,8.0,0.7581308411214953,0.7578558225508318
1.0,0.7777778,13.0,12.0,0.7581308411214953,0.7578558225508318
1.0,0.7777778,13.0,20.0,0.7581308411214953,0.7578558225508318
1.0,0.7777778,13.0,32.0,0.7581308411214953,0.7578558225508318
1.0,0.7777778,13.0,50.0,0.7581308411214953,0.7578558225508318
1.0,0.7777778,13.0,80.0,0.7581308411214953,0.7578558225508318
1.0,0.7777778,13.0,128.0,0.7581308411214953,0.7578558225508318
1.0,0.7777778,15.0,2.0,0.7581308411214953,0.7578558225508318
1.0,0.7777778,15.0,3.0,0.7581308411214953,0.7578558225508318
1.0,0.7777778,15.0,5.0,0.7581308411214953,0.7578558225508318
1.0,0.7777778,15.0,8.0,0.7581308411214953,0.7578558225508318
1.0,0.7777778,15.0,12.0,0.7581308411214953,0.7578558225508318
1.0,0.7777778,15.0,20.0,0.7581308411214953,0.7578558225508318
1.0,0.7777778,15.0,32.0,0.7581308411214953,0.7578558225508318
1.0,0.7777778,15.0,50.0,0.7581308411214953,0.7578558225508318
1.0,0.7777778,15.0,80.0,0.7581308411214953,0.7578558225508318
1.0,0.7777778,15.0,128.0,0.7581308411214953,0.7578558225508318
1.0,0.7777778,17.0,2.0,0.7581308411214953,0.7578558225508318
1.0,0.7777778,17.0,3.0,0.7581308411214953,0.7578558225508318
1.0,0.7777778,17.0,5.0,0.7581308411214953,0.7578558225508318
1.0,0.7777778,17.0,8.0,0.7581308411214953,0.7578558225508318
1.0,0.7777778,17.0,12.0,0.7581308411214953,0.7578558225508318
1.0,0.7777778,17.0,20.0,0.7581308411214953,0.7578558225508318
1.0,0.7777778,17.0,32.0,0.7581308411214953,0.7578558225508318
1.0,0.7777778,17.0,50.0,0.7581308411214953,0.7578558225508318
1.0,0.7777778,17.0,80.0,0.7581308411214953,0.7578558225508318
1.0,0.7777778,17.0,128.0,0.7581308411214953,0.7578558225508318
1.0,0.7777778,20.0,2.0,0.7581308411214953,0.7578558225508318
1.0,0.7777778,20.0,3.0,0.7581308411214953,0.7578558225508318
1.0,0.7777778,20.0,5.0,0.7581308411214953,0.7578558225508318
1.0,0.7777778,20.0,8.0,0.7581308411214953,0.7578558225508318
1.0,0.7777778,20.0,12.0,0.7581308411214953,0.7578558225508318
1.0,0.7777778,20.0,20.0,0.7581308411214953,0.7578558225508318
1.0,0.7777778,20.0,32.0,0.7581308411214953,0.7578558225508318
1.0,0.7777778,20.0,50.0,0.7581308411214953,0.7578558225508318
1.0,0.7777778,20.0,80.0,0.7581308411214953,0.7578558225508318
1.0,0.7777778,20.0,128.0,0.7581308411214953,0.7578558225508318
1.0,0.8888889,1.0,2.0,0.7818068535825545,0.7796672828096118
1.0,0.8888889,1.0,3.0,0.7818068535825545,0.7796672828096118
1.0,0.8888889,1.0,5.0,0.7818068535825545,0.7796672828096118
1.0,0.8888889,1.0,8.0,0.7818068535825545,0.7796672828096118
1.0,0.8888889,1.0,12.0,0.7818068535825545,0.7796672828096118
1.0,0.8888889,1.0,20.0,0.7818068535825545,0.7796672828096118
1.0,0.8888889,1.0,32.0,0.7818068535825545,0.7796672828096118
1.0,0.8888889,1.0,50.0,0.7818068535825545,0.7796672828096118
1.0,0.8888889,1.0,80.0,0.7818068535825545,0.7796672828096118
1.0,0.8888889,1.0,128.0,0.7818068535825545,0.7796672828096118
1.0,0.8888889,3.0,2.0,0.7818068535825545,0.7796672828096118
1.0,0.8888889,3.0,3.0,0.7818068535825545,0.7796672828096118
1.0,0.8888889,3.0,5.0,0.7818068535825545,0.7796672828096118
1.0,0.8888889,3.0,8.0,0.7818068535825545,0.7796672828096118
1.0,0.8888889,3.0,12.0,0.7818068535825545,0.7796672828096118
1.0,0.8888889,3.0,20.0,0.7818068535825545,0.7796672828096118
1.0,0.8888889,3.0,32.0,0.7818068535825545,0.7796672828096118
1.0,0.8888889,3.0,50.0,0.7818068535825545,0.7796672828096118
1.0,0.8888889,3.0,80.0,0.7818068535825545,0.7796672828096118
1.0,0.8888889,3.0,128.0,0.7818068535825545,0.7796672828096118
1.0,0.8888889,5.0,2.0,0.7818068535825545,0.7796672828096118
1.0,0.8888889,5.0,3.0,0.7818068535825545,0.7796672828096118
1.0,0.8888889,5.0,5.0,0.7818068535825545,0.7796672828096118
1.0,0.8888889,5.0,8.0,0.7818068535825545,0.7796672828096118
1.0,0.8888889,5.0,12.0,0.7818068535825545,0.7796672828096118
1.0,0.8888889,5.0,20.0,0.7818068535825545,0.7796672828096118
1.0,0.8888889,5.0,32.0,0.7818068535825545,0.7796672828096118
1.0,0.8888889,5.0,50.0,0.7818068535825545,0.7796672828096118
1.0,0.8888889,5.0,80.0,0.7818068535825545,0.7796672828096118
1.0,0.8888889,5.0,128.0,0.7818068535825545,0.7796672828096118
1.0,0.8888889,7.0,2.0,0.7818068535825545,0.7796672828096118
1.0,0.8888889,7.0,3.0,0.7818068535825545,0.7796672828096118
1.0,0.8888889,7.0,5.0,0.7818068535825545,0.7796672828096118
1.0,0.8888889,7.0,8.0,0.7818068535825545,0.7796672828096118
1.0,0.8888889,7.0,12.0,0.7818068535825545,0.7796672828096118
1.0,0.8888889,7.0,20.0,0.7818068535825545,0.7796672828096118
1.0,0.8888889,7.0,32.0,0.7818068535825545,0.7796672828096118
1.0,0.8888889,7.0,50.0,0.7818068535825545,0.7796672828096118
1.0,0.8888889,7.0,80.0,0.7818068535825545,0.7796672828096118
1.0,0.8888889,7.0,128.0,0.7818068535825545,0.7796672828096118
1.0,0.8888889,9.0,2.0,0.7818068535825545,0.7796672828096118
1.0,0.8888889,9.0,3.0,0.7818068535825545,0.7796672828096118
1.0,0.8888889,9.0,5.0,0.7818068535825545,0.7796672828096118
1.0,0.8888889,9.0,8.0,0.7818068535825545,0.7796672828096118
1.0,0.8888889,9.0,12.0,0.7818068535825545,0.7796672828096118
1.0,0.8888889,9.0,20.0,0.7818068535825545,0.7796672828096118
1.0,0.8888889,9.0,32.0,0.7818068535825545,0.7796672828096118
1.0,0.8888889,9.0,50.0,0.7818068535825545,0.7796672828096118
1.0,0.8888889,9.0,80.0,0.7818068535825545,0.7796672828096118
1.0,0.8888889,9.0,128.0,0.7818068535825545,0.7796672828096118
1.0,0.8888889,11.0,2.0,0.7818068535825545,0.7796672828096118
1.0,0.8888889,11.0,3.0,0.7818068535825545,0.7796672828096118
1.0,0.8888889,11.0,5.0,0.7818068535825545,0.7796672828096118
1.0,0.8888889,11.0,8.0,0.7818068535825545,0.7796672828096118
1.0,0.8888889,11.0,12.0,0.7818068535825545,0.7796672828096118
1.0,0.8888889,11.0,20.0,0.7818068535825545,0.7796672828096118
1.0,0.8888889,11.0,32.0,0.7818068535825545,0.7796672828096118
1.0,0.8888889,11.0,50.0,0.7818068535825545,0.7796672828096118
1.0,0.8888889,11.0,80.0,0.7818068535825545,0.7796672828096118
1.0,0.8888889,11.0,128.0,0.7818068535825545,0.7796672828096118
1.0,0.8888889,13.0,2.0,0.7818068535825545,0.7796672828096118
1.0,0.8888889,13.0,3.0,0.7818068535825545,0.7796672828096118
1.0,0.8888889,13.0,5.0,0.7818068535825545,0.7796672828096118
1.0,0.8888889,13.0,8.0,0.7818068535825545,0.7796672828096118
1.0,0.8888889,13.0,12.0,0.7818068535825545,0.7796672828096118
1.0,0.8888889,13.0,20.0,0.7818068535825545,0.7796672828096118
1.0,0.8888889,13.0,32.0,0.7818068535825545,0.7796672828096118
1.0,0.8888889,13.0,50.0,0.7818068535825545,0.7796672828096118
1.0,0.8888889,13.0,80.0,0.7818068535825545,0.7796672828096118
1.0,0.8888889,13.0,128.0,0.7818068535825545,0.7796672828096118
1.0,0.8888889,15.0,2.0,0.7818068535825545,0.7796672828096118
1.0,0.8888889,15.0,3.0,0.7818068535825545,0.7796672828096118
1.0,0.8888889,15.0,5.0,0.7818068535825545,0.7796672828096118
1.0,0.8888889,15.0,8.0,0.7818068535825545,0.7796672828096118
1.0,0.8888889,15.0,12.0,0.7818068535825545,0.7796672828096118
1.0,0.8888889,15.0,20.0,0.7818068535825545,0.7796672828096118
1.0,0.8888889,15.0,32.0,0.7818068535825545,0.7796672828096118
1.0,0.8888889,15.0,50.0,0.7818068535825545,0.7796672828096118
1.0,0.8888889,15.0,80.0,0.7818068535825545,0.7796672828096118
1.0,0.8888889,15.0,128.0,0.7818068535825545,0.7796672828096118
1.0,0.8888889,17.0,2.0,0.7818068535825545,0.7796672828096118
1.0,0.8888889,17.0,3.0,0.7818068535825545,0.7796672828096118
1.0,0.8888889,17.0,5.0,0.7818068535825545,0.7796672828096118
1.0,0.8888889,17.0,8.0,0.7818068535825545,0.7796672828096118
1.0,0.8888889,17.0,12.0,0.7818068535825545,0.7796672828096118
1.0,0.8888889,17.0,20.0,0.7818068535825545,0.7796672828096118
1.0,0.8888889,17.0,32.0,0.7818068535825545,0.7796672828096118
1.0,0.8888889,17.0,50.0,0.7818068535825545,0.7796672828096118
1.0,0.8888889,17.0,80.0,0.7818068535825545,0.7796672828096118
1.0,0.8888889,17.0,128.0,0.7818068535825545,0.7796672828096118
1.0,0.8888889,20.0,2.0,0.7818068535825545,0.7796672828096118
1.0,0.8888889,20.0,3.0,0.7818068535825545,0.7796672828096118
1.0,0.8888889,20.0,5.0,0.7818068535825545,0.7796672828096118
1.0,0.8888889,20.0,8.0,0.7818068535825545,0.7796672828096118
1.0,0.8888889,20.0,12.0,0.7818068535825545,0.7796672828096118
1.0,0.8888889,20.0,20.0,0.7818068535825545,0.7796672828096118
1.0,0.8888889,20.0,32.0,0.7818068535825545,0.7796672828096118
1.0,0.8888889,20.0,50.0,0.7818068535825545,0.7796672828096118
1.0,0.8888889,20.0,80.0,0.7818068535825545,0.7796672828096118
1.0,0.8888889,20.0,128.0,0.7818068535825545,0.7796672828096118
1.0,1.0,1.0,2.0,0.7707165109034267,0.7593345656192236
1.0,1.0,1.0,3.0,0.7707165109034267,0.7593345656192236
1.0,1.0,1.0,5.0,0.7707165109034267,0.7593345656192236
1.0,1.0,1.0,8.0,0.7707165109034267,0.7593345656192236
1.0,1.0,1.0,12.0,0.7707165109034267,0.7593345656192236
1.0,1.0,1.0,20.0,0.7707165109034267,0.7593345656192236
1.0,1.0,1.0,32.0,0.7707165109034267,0.7593345656192236
1.0,1.0,1.0,50.0,0.7707165109034267,0.7593345656192236
1.0,1.0,1.0,80.0,0.7707165109034267,0.7593345656192236
1.0,1.0,1.0,128.0,0.7707165109034267,0.7593345656192236
1.0,1.0,3.0,2.0,0.7707165109034267,0.7593345656192236
1.0,1.0,3.0,3.0,0.7707165109034267,0.7593345656192236
1.0,1.0,3.0,5.0,0.7707165109034267,0.7593345656192236
1.0,1.0,3.0,8.0,0.7707165109034267,0.7593345656192236
1.0,1.0,3.0,12.0,0.7707165109034267,0.7593345656192236
1.0,1.0,3.0,20.0,0.7707165109034267,0.7593345656192236
1.0,1.0,3.0,32.0,0.7707165109034267,0.7593345656192236
1.0,1.0,3.0,50.0,0.7707165109034267,0.7593345656192236
1.0,1.0,3.0,80.0,0.7707165109034267,0.7593345656192236
1.0,1.0,3.0,128.0,0.7707165109034267,0.7593345656192236
1.0,1.0,5.0,2.0,0.7707165109034267,0.7593345656192236
1.0,1.0,5.0,3.0,0.7707165109034267,0.7593345656192236
1.0,1.0,5.0,5.0,0.7707165109034267,0.7593345656192236
1.0,1.0,5.0,8.0,0.7707165109034267,0.7593345656192236
1.0,1.0,5.0,12.0,0.7707165109034267,0.7593345656192236
1.0,1.0,5.0,20.0,0.7707165109034267,0.7593345656192236
1.0,1.0,5.0,32.0,0.7707165109034267,0.7593345656192236
1.0,1.0,5.0,50.0,0.7707165109034267,0.7593345656192236
1.0,1.0,5.0,80.0,0.7707165109034267,0.7593345656192236
1.0,1.0,5.0,128.0,0.7707165109034267,0.7593345656192236
1.0,1.0,7.0,2.0,0.7707165109034267,0.7593345656192236
1.0,1.0,7.0,3.0,0.7707165109034267,0.7593345656192236
1.0,1.0,7.0,5.0,0.7707165109034267,0.7593345656192236
1.0,1.0,7.0,8.0,0.7707165109034267,0.7593345656192236
1.0,1.0,7.0,12.0,0.7707165109034267,0.7593345656192236
1.0,1.0,7.0,20.0,0.7707165109034267,0.7593345656192236
1.0,1.0,7.0,32.0,0.7707165109034267,0.7593345656192236
1.0,1.0,7.0,50.0,0.7707165109034267,0.7593345656192236
1.0,1.0,7.0,80.0,0.7707165109034267,0.7593345656192236
1.0,1.0,7.0,128.0,0.7707165109034267,0.7593345656192236
1.0,1.0,9.0,2.0,0.7707165109034267,0.7593345656192236
1.0,1.0,9.0,3.0,0.7707165109034267,0.7593345656192236
1.0,1.0,9.0,5.0,0.7707165109034267,0.7593345656192236
1.0,1.0,9.0,8.0,0.7707165109034267,0.7593345656192236
1.0,1.0,9.0,12.0,0.7707165109034267,0.7593345656192236
1.0,1.0,9.0,20.0,0.7707165109034267,0.7593345656192236
1.0,1.0,9.0,32.0,0.7707165109034267,0.7593345656192236
1.0,1.0,9.0,50.0,0.7707165109034267,0.7593345656192236
1.0,1.0,9.0,80.0,0.7707165109034267,0.7593345656192236
1.0,1.0,9.0,128.0,0.7707165109034267,0.7593345656192236
1.0,1.0,11.0,2.0,0.7707165109034267,0.7593345656192236
1.0,1.0,11.0,3.0,0.7707165109034267,0.7593345656192236
1.0,1.0,11.0,5.0,0.7707165109034267,0.7593345656192236
1.0,1.0,11.0,8.0,0.7707165109034267,0.7593345656192236
1.0,1.0,11.0,12.0,0.7707165109034267,0.7593345656192236
1.0,1.0,11.0,20.0,0.7707165109034267,0.7593345656192236
1.0,1.0,11.0,32.0,0.7707165109034267,0.7593345656192236
1.0,1.0,11.0,50.0,0.7707165109034267,0.7593345656192236
1.0,1.0,11.0,80.0,0.7707165109034267,0.7593345656192236
1.0,1.0,11.0,128.0,0.7707165109034267,0.7593345656192236
1.0,1.0,13.0,2.0,0.7707165109034267,0.7593345656192236
1.0,1.0,13.0,3.0,0.7707165109034267,0.7593345656192236
1.0,1.0,13.0,5.0,0.7707165109034267,0.7593345656192236
1.0,1.0,13.0,8.0,0.7707165109034267,0.7593345656192236
1.0,1.0,13.0,12.0,0.7707165109034267,0.7593345656192236
1.0,1.0,13.0,20.0,0.7707165109034267,0.7593345656192236
1.0,1.0,13.0,32.0,0.7707165109034267,0.7593345656192236
1.0,1.0,13.0,50.0,0.7707165109034267,0.7593345656192236
1.0,1.0,13.0,80.0,0.7707165109034267,0.7593345656192236
1.0,1.0,13.0,128.0,0.7707165109034267,0.7593345656192236
1.0,1.0,15.0,2.0,0.7707165109034267,0.7593345656192236
1.0,1.0,15.0,3.0,0.7707165109034267,0.7593345656192236
1.0,1.0,15.0,5.0,0.7707165109034267,0.7593345656192236
1.0,1.0,15.0,8.0,0.7707165109034267,0.7593345656192236
1.0,1.0,15.0,12.0,0.7707165109034267,0.7593345656192236
1.0,1.0,15.0,20.0,0.7707165109034267,0.7593345656192236
1.0,1.0,15.0,32.0,0.7707165109034267,0.7593345656192236
1.0,1.0,15.0,50.0,0.7707165109034267,0.7593345656192236
1.0,1.0,15.0,80.0,0.7707165109034267,0.7593345656192236
1.0,1.0,15.0,128.0,0.7707165109034267,0.7593345656192236
1.0,1.0,17.0,2.0,0.7707165109034267,0.7593345656192236
1.0,1.0,17.0,3.0,0.7707165109034267,0.7593345656192236
1.0,1.0,17.0,5.0,0.7707165109034267,0.7593345656192236
1.0,1.0,17.0,8.0,0.7707165109034267,0.7593345656192236
1.0,1.0,17.0,12.0,0.7707165109034267,0.7593345656192236
1.0,1.0,17.0,20.0,0.7707165109034267,0.7593345656192236
1.0,1.0,17.0,32.0,0.7707165109034267,0.7593345656192236
1.0,1.0,17.0,50.0,0.7707165109034267,0.7593345656192236
1.0,1.0,17.0,80.0,0.7707165109034267,0.7593345656192236
1.0,1.0,17.0,128.0,0.7707165109034267,0.7593345656192236
1.0,1.0,20.0,2.0,0.7707165109034267,0.7593345656192236
1.0,1.0,20.0,3.0,0.7707165109034267,0.7593345656192236
1.0,1.0,20.0,5.0,0.7707165109034267,0.7593345656192236
1.0,1.0,20.0,8.0,0.7707165109034267,0.7593345656192236
1.0,1.0,20.0,12.0,0.7707165109034267,0.7593345656192236
1.0,1.0,20.0,20.0,0.7707165109034267,0.7593345656192236
1.0,1.0,20.0,32.0,0.7707165109034267,0.7593345656192236
1.0,1.0,20.0,50.0,0.7707165109034267,0.7593345656192236
1.0,1.0,20.0,80.0,0.7707165109034267,0.7593345656192236
1.0,1.0,20.0,128.0,0.7707165109034267,0.7593345656192236
2.0,0.0,1.0,2.0,0.7611214953271028,0.7515711645101664
2.0,0.0,1.0,3.0,0.7611214953271028,0.7515711645101664
2.0,0.0,1.0,5.0,0.7611214953271028,0.7515711645101664
2.0,0.0,1.0,8.0,0.7611214953271028,0.7515711645101664
2.0,0.0,1.0,12.0,0.7611214953271028,0.7515711645101664
2.0,0.0,1.0,20.0,0.7611214953271028,0.7515711645101664
2.0,0.0,1.0,32.0,0.7611214953271028,0.7515711645101664
2.0,0.0,1.0,50.0,0.7611214953271028,0.7515711645101664
2.0,0.0,1.0,80.0,0.7611214953271028,0.7515711645101664
2.0,0.0,1.0,128.0,0.7611214953271028,0.7515711645101664
2.0,0.0,3.0,2.0,0.7611214953271028,0.7515711645101664
2.0,0.0,3.0,3.0,0.7611214953271028,0.7515711645101664
2.0,0.0,3.0,5.0,0.7611214953271028,0.7515711645101664
2.0,0.0,3.0,8.0,0.7611214953271028,0.7515711645101664
2.0,0.0,3.0,12.0,0.7611214953271028,0.7515711645101664
2.0,0.0,3.0,20.0,0.7611214953271028,0.7515711645101664
2.0,0.0,3.0,32.0,0.7611214953271028,0.7515711645101664
2.0,0.0,3.0,50.0,0.7611214953271028,0.7515711645101664
2.0,0.0,3.0,80.0,0.7611214953271028,0.7515711645101664
2.0,0.0,3.0,128.0,0.7611214953271028,0.7515711645101664
2.0,0.0,5.0,2.0,0.7609968847352026,0.7515711645101664
2.0,0.0,5.0,3.0,0.7609968847352026,0.7515711645101664
2.0,0.0,5.0,5.0,0.7609968847352026,0.7515711645101664
2.0,0.0,5.0,8.0,0.7609968847352026,0.7515711645101664
2.0,0.0,5.0,12.0,0.7609968847352026,0.7515711645101664
2.0,0.0,5.0,20.0,0.7609968847352026,0.7515711645101664
2.0,0.0,5.0,32.0,0.7609968847352026,0.7515711645101664
2.0,0.0,5.0,50.0,0.7609968847352026,0.7515711645101664
2.0,0.0,5.0,80.0,0.7609968847352026,0.7515711645101664
2.0,0.0,5.0,128.0,0.7609968847352026,0.7515711645101664
2.0,0.0,7.0,2.0,0.7609968847352026,0.7515711645101664
2.0,0.0,7.0,3.0,0.7609968847352026,0.7515711645101664
2.0,0.0,7.0,5.0,0.7609968847352026,0.7515711645101664
2.0,0.0,7.0,8.0,0.7609968847352026,0.7515711645101664
2.0,0.0,7.0,12.0,0.7609968847352026,0.7515711645101664
2.0,0.0,7.0,20.0,0.7609968847352026,0.7515711645101664
2.0,0.0,7.0,32.0,0.7609968847352026,0.7515711645101664
2.0,0.0,7.0,50.0,0.7609968847352026,0.7515711645101664
2.0,0.0,7.0,80.0,0.7609968847352026,0.7515711645101664
2.0,0.0,7.0,128.0,0.7609968847352026,0.7515711645101664
2.0,0.0,9.0,2.0,0.7609968847352026,0.7515711645101664
2.0,0.0,9.0,3.0,0.7609968847352026,0.7515711645101664
2.0,0.0,9.0,5.0,0.7609968847352026,0.7515711645101664
2.0,0.0,9.0,8.0,0.7609968847352026,0.7515711645101664
2.0,0.0,9.0,12.0,0.7609968847352026,0.7515711645101664
2.0,0.0,9.0,20.0,0.7609968847352026,0.7515711645101664
2.0,0.0,9.0,32.0,0.7609968847352026,0.7515711645101664
2.0,0.0,9.0,50.0,0.7609968847352026,0.7515711645101664
2.0,0.0,9.0,80.0,0.7609968847352026,0.7515711645101664
2.0,0.0,9.0,128.0,0.7609968847352026,0.7515711645101664
2.0,0.0,11.0,2.0,0.7609968847352026,0.7515711645101664
2.0,0.0,11.0,3.0,0.7609968847352026,0.7515711645101664
2.0,0.0,11.0,5.0,0.7609968847352026,0.7515711645101664
2.0,0.0,11.0,8.0,0.7609968847352026,0.7515711645101664
2.0,0.0,11.0,12.0,0.7609968847352026,0.7515711645101664
2.0,0.0,11.0,20.0,0.7609968847352026,0.7515711645101664
2.0,0.0,11.0,32.0,0.7609968847352026,0.7515711645101664
2.0,0.0,11.0,50.0,0.7609968847352026,0.7515711645101664
2.0,0.0,11.0,80.0,0.7609968847352026,0.7515711645101664
2.0,0.0,11.0,128.0,0.7609968847352026,0.7515711645101664
2.0,0.0,13.0,2.0,0.7609968847352026,0.7515711645101664
2.0,0.0,13.0,3.0,0.7609968847352026,0.7515711645101664
2.0,0.0,13.0,5.0,0.7609968847352026,0.7515711645101664
2.0,0.0,13.0,8.0,0.7609968847352026,0.7515711645101664
2.0,0.0,13.0,12.0,0.7609968847352026,0.7515711645101664
2.0,0.0,13.0,20.0,0.7609968847352026,0.7515711645101664
2.0,0.0,13.0,32.0,0.7609968847352026,0.7515711645101664
2.0,0.0,13.0,50.0,0.7609968847352026,0.7515711645101664
2.0,0.0,13.0,80.0,0.7609968847352026,0.7515711645101664
2.0,0.0,13.0,128.0,0.7609968847352026,0.7515711645101664
2.0,0.0,15.0,2.0,0.7609968847352026,0.7515711645101664
2.0,0.0,15.0,3.0,0.7609968847352026,0.7515711645101664
2.0,0.0,15.0,5.0,0.7609968847352026,0.7515711645101664
2.0,0.0,15.0,8.0,0.7609968847352026,0.7515711645101664
2.0,0.0,15.0,12.0,0.7609968847352026,0.7515711645101664
2.0,0.0,15.0,20.0,0.7609968847352026,0.7515711645101664
2.0,0.0,15.0,32.0,0.7609968847352026,0.7515711645101664
2.0,0.0,15.0,50.0,0.7609968847352026,0.7515711645101664
2.0,0.0,15.0,80.0,0.7609968847352026,0.7515711645101664
2.0,0.0,15.0,128.0,0.7609968847352026,0.7515711645101664
2.0,0.0,17.0,2.0,0.7609968847352026,0.7515711645101664
2.0,0.0,17.0,3.0,0.7609968847352026,0.7515711645101664
2.0,0.0,17.0,5.0,0.7609968847352026,0.7515711645101664
2.0,0.0,17.0,8.0,0.7609968847352026,0.7515711645101664
2.0,0.0,17.0,12.0,0.7609968847352026,0.7515711645101664
2.0,0.0,17.0,20.0,0.7609968847352026,0.7515711645101664
2.0,0.0,17.0,32.0,0.7609968847352026,0.7515711645101664
2.0,0.0,17.0,50.0,0.7609968847352026,0.7515711645101664
2.0,0.0,17.0,80.0,0.7609968847352026,0.7515711645101664
2.0,0.0,17.0,128.0,0.7609968847352026,0.7515711645101664
2.0,0.0,20.0,2.0,0.7609968847352026,0.7515711645101664
2.0,0.0,20.0,3.0,0.7609968847352026,0.7515711645101664
2.0,0.0,20.0,5.0,0.7609968847352026,0.7515711645101664
2.0,0.0,20.0,8.0,0.7609968847352026,0.7515711645101664
2.0,0.0,20.0,12.0,0.7609968847352026,0.7515711645101664
2.0,0.0,20.0,20.0,0.7609968847352026,0.7515711645101664
2.0,0.0,20.0,32.0,0.7609968847352026,0.7515711645101664
2.0,0.0,20.0,50.0,0.7609968847352026,0.7515711645101664
2.0,0.0,20.0,80.0,0.7609968847352026,0.7515711645101664
2.0,0.0,20.0,128.0,0.7609968847352026,0.7515711645101664
2.0,0.11111111,1.0,2.0,0.7611214953271028,0.7515711645101664
2.0,0.11111111,1.0,3.0,0.7611214953271028,0.7515711645101664
2.0,0.11111111,1.0,5.0,0.7611214953271028,0.7515711645101664
2.0,0.11111111,1.0,8.0,0.7611214953271028,0.7515711645101664
2.0,0.11111111,1.0,12.0,0.7611214953271028,0.7515711645101664
2.0,0.11111111,1.0,20.0,0.7611214953271028,0.7515711645101664
2.0,0.11111111,1.0,32.0,0.7611214953271028,0.7515711645101664
2.0,0.11111111,1.0,50.0,0.7611214953271028,0.7515711645101664
2.0,0.11111111,1.0,80.0,0.7611214953271028,0.7515711645101664
2.0,0.11111111,1.0,128.0,0.7611214953271028,0.7515711645101664
2.0,0.11111111,3.0,2.0,0.7611214953271028,0.7515711645101664
2.0,0.11111111,3.0,3.0,0.7611214953271028,0.7515711645101664
2.0,0.11111111,3.0,5.0,0.7611214953271028,0.7515711645101664
2.0,0.11111111,3.0,8.0,0.7611214953271028,0.7515711645101664
2.0,0.11111111,3.0,12.0,0.7611214953271028,0.7515711645101664
2.0,0.11111111,3.0,20.0,0.7611214953271028,0.7515711645101664
2.0,0.11111111,3.0,32.0,0.7611214953271028,0.7515711645101664
2.0,0.11111111,3.0,50.0,0.7611214953271028,0.7515711645101664
2.0,0.11111111,3.0,80.0,0.7611214953271028,0.7515711645101664
2.0,0.11111111,3.0,128.0,0.7611214953271028,0.7515711645101664
2.0,0.11111111,5.0,2.0,0.7609968847352026,0.7515711645101664
2.0,0.11111111,5.0,3.0,0.7609968847352026,0.7515711645101664
2.0,0.11111111,5.0,5.0,0.7609968847352026,0.7515711645101664
2.0,0.11111111,5.0,8.0,0.7609968847352026,0.7515711645101664
2.0,0.11111111,5.0,12.0,0.7609968847352026,0.7515711645101664
2.0,0.11111111,5.0,20.0,0.7609968847352026,0.7515711645101664
2.0,0.11111111,5.0,32.0,0.7609968847352026,0.7515711645101664
2.0,0.11111111,5.0,50.0,0.7609968847352026,0.7515711645101664
2.0,0.11111111,5.0,80.0,0.7609968847352026,0.7515711645101664
2.0,0.11111111,5.0,128.0,0.7609968847352026,0.7515711645101664
2.0,0.11111111,7.0,2.0,0.7609968847352026,0.7515711645101664
2.0,0.11111111,7.0,3.0,0.7609968847352026,0.7515711645101664
2.0,0.11111111,7.0,5.0,0.7609968847352026,0.7515711645101664
2.0,0.11111111,7.0,8.0,0.7609968847352026,0.7515711645101664
2.0,0.11111111,7.0,12.0,0.7609968847352026,0.7515711645101664
2.0,0.11111111,7.0,20.0,0.7609968847352026,0.7515711645101664
2.0,0.11111111,7.0,32.0,0.7609968847352026,0.7515711645101664
2.0,0.11111111,7.0,50.0,0.7609968847352026,0.7515711645101664
2.0,0.11111111,7.0,80.0,0.7609968847352026,0.7515711645101664
2.0,0.11111111,7.0,128.0,0.7609968847352026,0.7515711645101664
2.0,0.11111111,9.0,2.0,0.7609968847352026,0.7515711645101664
2.0,0.11111111,9.0,3.0,0.7609968847352026,0.7515711645101664
2.0,0.11111111,9.0,5.0,0.7609968847352026,0.7515711645101664
2.0,0.11111111,9.0,8.0,0.7609968847352026,0.7515711645101664
2.0,0.11111111,9.0,12.0,0.7609968847352026,0.7515711645101664
2.0,0.11111111,9.0,20.0,0.7609968847352026,0.7515711645101664
2.0,0.11111111,9.0,32.0,0.7609968847352026,0.7515711645101664
2.0,0.11111111,9.0,50.0,0.7609968847352026,0.7515711645101664
2.0,0.11111111,9.0,80.0,0.7609968847352026,0.7515711645101664
2.0,0.11111111,9.0,128.0,0.7609968847352026,0.7515711645101664
2.0,0.11111111,11.0,2.0,0.7609968847352026,0.7515711645101664
2.0,0.11111111,11.0,3.0,0.7609968847352026,0.7515711645101664
2.0,0.11111111,11.0,5.0,0.7609968847352026,0.7515711645101664
2.0,0.11111111,11.0,8.0,0.7609968847352026,0.7515711645101664
2.0,0.11111111,11.0,12.0,0.7609968847352026,0.7515711645101664
2.0,0.11111111,11.0,20.0,0.7609968847352026,0.7515711645101664
2.0,0.11111111,11.0,32.0,0.7609968847352026,0.7515711645101664
2.0,0.11111111,11.0,50.0,0.7609968847352026,0.7515711645101664
2.0,0.11111111,11.0,80.0,0.7609968847352026,0.7515711645101664
2.0,0.11111111,11.0,128.0,0.7609968847352026,0.7515711645101664
2.0,0.11111111,13.0,2.0,0.7609968847352026,0.7515711645101664
2.0,0.11111111,13.0,3.0,0.7609968847352026,0.7515711645101664
2.0,0.11111111,13.0,5.0,0.7609968847352026,0.7515711645101664
2.0,0.11111111,13.0,8.0,0.7609968847352026,0.7515711645101664
2.0,0.11111111,13.0,12.0,0.7609968847352026,0.7515711645101664
2.0,0.11111111,13.0,20.0,0.7609968847352026,0.7515711645101664
2.0,0.11111111,13.0,32.0,0.7609968847352026,0.7515711645101664
2.0,0.11111111,13.0,50.0,0.7609968847352026,0.7515711645101664
2.0,0.11111111,13.0,80.0,0.7609968847352026,0.7515711645101664
2.0,0.11111111,13.0,128.0,0.7609968847352026,0.7515711645101664
2.0,0.11111111,15.0,2.0,0.7609968847352026,0.7515711645101664
2.0,0.11111111,15.0,3.0,0.7609968847352026,0.7515711645101664
2.0,0.11111111,15.0,5.0,0.7609968847352026,0.7515711645101664
2.0,0.11111111,15.0,8.0,0.7609968847352026,0.7515711645101664
2.0,0.11111111,15.0,12.0,0.7609968847352026,0.7515711645101664
2.0,0.11111111,15.0,20.0,0.7609968847352026,0.7515711645101664
2.0,0.11111111,15.0,32.0,0.7609968847352026,0.7515711645101664
2.0,0.11111111,15.0,50.0,0.7609968847352026,0.7515711645101664
2.0,0.11111111,15.0,80.0,0.7609968847352026,0.7515711645101664
2.0,0.11111111,15.0,128.0,0.7609968847352026,0.7515711645101664
2.0,0.11111111,17.0,2.0,0.7609968847352026,0.7515711645101664
2.0,0.11111111,17.0,3.0,0.7609968847352026,0.7515711645101664
2.0,0.11111111,17.0,5.0,0.7609968847352026,0.7515711645101664
2.0,0.11111111,17.0,8.0,0.7609968847352026,0.7515711645101664
2.0,0.11111111,17.0,12.0,0.7609968847352026,0.7515711645101664
2.0,0.11111111,17.0,20.0,0.7609968847352026,0.7515711645101664
2.0,0.11111111,17.0,32.0,0.7609968847352026,0.7515711645101664
2.0,0.11111111,17.0,50.0,0.7609968847352026,0.7515711645101664
2.0,0.11111111,17.0,80.0,0.7609968847352026,0.7515711645101664
2.0,0.11111111,17.0,128.0,0.7609968847352026,0.7515711645101664
2.0,0.11111111,20.0,2.0,0.7609968847352026,0.7515711645101664
2.0,0.11111111,20.0,3.0,0.7609968847352026,0.7515711645101664
2.0,0.11111111,20.0,5.0,0.7609968847352026,0.7515711645101664
2.0,0.11111111,20.0,8.0,0.7609968847352026,0.7515711645101664
2.0,0.11111111,20.0,12.0,0.7609968847352026,0.7515711645101664
2.0,0.11111111,20.0,20.0,0.7609968847352026,0.7515711645101664
2.0,0.11111111,20.0,32.0,0.7609968847352026,0.7515711645101664
2.0,0.11111111,20.0,50.0,0.7609968847352026,0.7515711645101664
2.0,0.11111111,20.0,80.0,0.7609968847352026,0.7515711645101664
2.0,0.11111111,20.0,128.0,0.7609968847352026,0.7515711645101664
2.0,0.22222222,1.0,2.0,0.7611214953271028,0.7515711645101664
2.0,0.22222222,1.0,3.0,0.7611214953271028,0.7515711645101664
2.0,0.22222222,1.0,5.0,0.7611214953271028,0.7515711645101664
2.0,0.22222222,1.0,8.0,0.7611214953271028,0.7515711645101664
2.0,0.22222222,1.0,12.0,0.7611214953271028,0.7515711645101664
2.0,0.22222222,1.0,20.0,0.7611214953271028,0.7515711645101664
2.0,0.22222222,1.0,32.0,0.7611214953271028,0.7515711645101664
2.0,0.22222222,1.0,50.0,0.7611214953271028,0.7515711645101664
2.0,0.22222222,1.0,80.0,0.7611214953271028,0.7515711645101664
2.0,0.22222222,1.0,128.0,0.7611214953271028,0.7515711645101664
2.0,0.22222222,3.0,2.0,0.7611214953271028,0.7515711645101664
2.0,0.22222222,3.0,3.0,0.7611214953271028,0.7515711645101664
2.0,0.22222222,3.0,5.0,0.7611214953271028,0.7515711645101664
2.0,0.22222222,3.0,8.0,0.7611214953271028,0.7515711645101664
2.0,0.22222222,3.0,12.0,0.7611214953271028,0.7515711645101664
2.0,0.22222222,3.0,20.0,0.7611214953271028,0.7515711645101664
2.0,0.22222222,3.0,32.0,0.7611214953271028,0.7515711645101664
2.0,0.22222222,3.0,50.0,0.7611214953271028,0.7515711645101664
2.0,0.22222222,3.0,80.0,0.7611214953271028,0.7515711645101664
2.0,0.22222222,3.0,128.0,0.7611214953271028,0.7515711645101664
2.0,0.22222222,5.0,2.0,0.7609968847352026,0.7515711645101664
2.0,0.22222222,5.0,3.0,0.7609968847352026,0.7515711645101664
2.0,0.22222222,5.0,5.0,0.7609968847352026,0.7515711645101664
2.0,0.22222222,5.0,8.0,0.7609968847352026,0.7515711645101664
2.0,0.22222222,5.0,12.0,0.7609968847352026,0.7515711645101664
2.0,0.22222222,5.0,20.0,0.7609968847352026,0.7515711645101664
2.0,0.22222222,5.0,32.0,0.7609968847352026,0.7515711645101664
2.0,0.22222222,5.0,50.0,0.7609968847352026,0.7515711645101664
2.0,0.22222222,5.0,80.0,0.7609968847352026,0.7515711645101664
2.0,0.22222222,5.0,128.0,0.7609968847352026,0.7515711645101664
2.0,0.22222222,7.0,2.0,0.7609968847352026,0.7515711645101664
2.0,0.22222222,7.0,3.0,0.7609968847352026,0.7515711645101664
2.0,0.22222222,7.0,5.0,0.7609968847352026,0.7515711645101664
2.0,0.22222222,7.0,8.0,0.7609968847352026,0.7515711645101664
2.0,0.22222222,7.0,12.0,0.7609968847352026,0.7515711645101664
2.0,0.22222222,7.0,20.0,0.7609968847352026,0.7515711645101664
2.0,0.22222222,7.0,32.0,0.7609968847352026,0.7515711645101664
2.0,0.22222222,7.0,50.0,0.7609968847352026,0.7515711645101664
2.0,0.22222222,7.0,80.0,0.7609968847352026,0.7515711645101664
2.0,0.22222222,7.0,128.0,0.7609968847352026,0.7515711645101664
2.0,0.22222222,9.0,2.0,0.7609968847352026,0.7515711645101664
2.0,0.22222222,9.0,3.0,0.7609968847352026,0.7515711645101664
2.0,0.22222222,9.0,5.0,0.7609968847352026,0.7515711645101664
2.0,0.22222222,9.0,8.0,0.7609968847352026,0.7515711645101664
2.0,0.22222222,9.0,12.0,0.7609968847352026,0.7515711645101664
2.0,0.22222222,9.0,20.0,0.7609968847352026,0.7515711645101664
2.0,0.22222222,9.0,32.0,0.7609968847352026,0.7515711645101664
2.0,0.22222222,9.0,50.0,0.7609968847352026,0.7515711645101664
2.0,0.22222222,9.0,80.0,0.7609968847352026,0.7515711645101664
2.0,0.22222222,9.0,128.0,0.7609968847352026,0.7515711645101664
2.0,0.22222222,11.0,2.0,0.7609968847352026,0.7515711645101664
2.0,0.22222222,11.0,3.0,0.7609968847352026,0.7515711645101664
2.0,0.22222222,11.0,5.0,0.7609968847352026,0.7515711645101664
2.0,0.22222222,11.0,8.0,0.7609968847352026,0.7515711645101664
2.0,0.22222222,11.0,12.0,0.7609968847352026,0.7515711645101664
2.0,0.22222222,11.0,20.0,0.7609968847352026,0.7515711645101664
2.0,0.22222222,11.0,32.0,0.7609968847352026,0.7515711645101664
2.0,0.22222222,11.0,50.0,0.7609968847352026,0.7515711645101664
2.0,0.22222222,11.0,80.0,0.7609968847352026,0.7515711645101664
2.0,0.22222222,11.0,128.0,0.7609968847352026,0.7515711645101664
2.0,0.22222222,13.0,2.0,0.7609968847352026,0.7515711645101664
2.0,0.22222222,13.0,3.0,0.7609968847352026,0.7515711645101664
2.0,0.22222222,13.0,5.0,0.7609968847352026,0.7515711645101664
2.0,0.22222222,13.0,8.0,0.7609968847352026,0.7515711645101664
2.0,0.22222222,13.0,12.0,0.7609968847352026,0.7515711645101664
2.0,0.22222222,13.0,20.0,0.7609968847352026,0.7515711645101664
2.0,0.22222222,13.0,32.0,0.7609968847352026,0.7515711645101664
2.0,0.22222222,13.0,50.0,0.7609968847352026,0.7515711645101664
2.0,0.22222222,13.0,80.0,0.7609968847352026,0.7515711645101664
2.0,0.22222222,13.0,128.0,0.7609968847352026,0.7515711645101664
2.0,0.22222222,15.0,2.0,0.7609968847352026,0.7515711645101664
2.0,0.22222222,15.0,3.0,0.7609968847352026,0.7515711645101664
2.0,0.22222222,15.0,5.0,0.7609968847352026,0.7515711645101664
2.0,0.22222222,15.0,8.0,0.7609968847352026,0.7515711645101664
2.0,0.22222222,15.0,12.0,0.7609968847352026,0.7515711645101664
2.0,0.22222222,15.0,20.0,0.7609968847352026,0.7515711645101664
2.0,0.22222222,15.0,32.0,0.7609968847352026,0.7515711645101664
2.0,0.22222222,15.0,50.0,0.7609968847352026,0.7515711645101664
2.0,0.22222222,15.0,80.0,0.7609968847352026,0.7515711645101664
2.0,0.22222222,15.0,128.0,0.7609968847352026,0.7515711645101664
2.0,0.22222222,17.0,2.0,0.7609968847352026,0.7515711645101664
2.0,0.22222222,17.0,3.0,0.7609968847352026,0.7515711645101664
2.0,0.22222222,17.0,5.0,0.7609968847352026,0.7515711645101664
2.0,0.22222222,17.0,8.0,0.7609968847352026,0.7515711645101664
2.0,0.22222222,17.0,12.0,0.7609968847352026,0.7515711645101664
2.0,0.22222222,17.0,20.0,0.7609968847352026,0.7515711645101664
2.0,0.22222222,17.0,32.0,0.7609968847352026,0.7515711645101664
2.0,0.22222222,17.0,50.0,0.7609968847352026,0.7515711645101664
2.0,0.22222222,17.0,80.0,0.7609968847352026,0.7515711645101664
2.0,0.22222222,17.0,128.0,0.7609968847352026,0.7515711645101664
2.0,0.22222222,20.0,2.0,0.7609968847352026,0.7515711645101664
2.0,0.22222222,20.0,3.0,0.7609968847352026,0.7515711645101664
2.0,0.22222222,20.0,5.0,0.7609968847352026,0.7515711645101664
2.0,0.22222222,20.0,8.0,0.7609968847352026,0.7515711645101664
2.0,0.22222222,20.0,12.0,0.7609968847352026,0.7515711645101664
2.0,0.22222222,20.0,20.0,0.7609968847352026,0.7515711645101664
2.0,0.22222222,20.0,32.0,0.7609968847352026,0.7515711645101664
2.0,0.22222222,20.0,50.0,0.7609968847352026,0.7515711645101664
2.0,0.22222222,20.0,80.0,0.7609968847352026,0.7515711645101664
2.0,0.22222222,20.0,128.0,0.7609968847352026,0.7515711645101664
2.0,0.33333334,1.0,2.0,0.7951401869158878,0.787800369685767
2.0,0.33333334,1.0,3.0,0.7951401869158878,0.787800369685767
2.0,0.33333334,1.0,5.0,0.7951401869158878,0.787800369685767
2.0,0.33333334,1.0,8.0,0.7951401869158878,0.787800369685767
2.0,0.33333334,1.0,12.0,0.7951401869158878,0.787800369685767
2.0,0.33333334,1.0,20.0,0.7951401869158878,0.787800369685767
2.0,0.33333334,1.0,32.0,0.7951401869158878,0.787800369685767
2.0,0.33333334,1.0,50.0,0.7951401869158878,0.787800369685767
2.0,0.33333334,1.0,80.0,0.7951401869158878,0.787800369685767
2.0,0.33333334,1.0,128.0,0.7951401869158878,0.787800369685767
2.0,0.33333334,3.0,2.0,0.7951401869158878,0.787800369685767
2.0,0.33333334,3.0,3.0,0.7951401869158878,0.787800369685767
2.0,0.33333334,3.0,5.0,0.7951401869158878,0.787800369685767
2.0,0.33333334,3.0,8.0,0.7951401869158878,0.787800369685767
2.0,0.33333334,3.0,12.0,0.7951401869158878,0.787800369685767
2.0,0.33333334,3.0,20.0,0.7951401869158878,0.787800369685767
2.0,0.33333334,3.0,32.0,0.7951401869158878,0.787800369685767
2.0,0.33333334,3.0,50.0,0.7951401869158878,0.787800369685767
2.0,0.33333334,3.0,80.0,0.7951401869158878,0.787800369685767
2.0,0.33333334,3.0,128.0,0.7951401869158878,0.787800369685767
2.0,0.33333334,5.0,2.0,0.7951401869158878,0.787800369685767
2.0,0.33333334,5.0,3.0,0.7951401869158878,0.787800369685767
2.0,0.33333334,5.0,5.0,0.7951401869158878,0.787800369685767
2.0,0.33333334,5.0,8.0,0.7951401869158878,0.787800369685767
2.0,0.33333334,5.0,12.0,0.7951401869158878,0.787800369685767
2.0,0.33333334,5.0,20.0,0.7951401869158878,0.787800369685767
2.0,0.33333334,5.0,32.0,0.7951401869158878,0.787800369685767
2.0,0.33333334,5.0,50.0,0.7951401869158878,0.787800369685767
2.0,0.33333334,5.0,80.0,0.7951401869158878,0.787800369685767
2.0,0.33333334,5.0,128.0,0.7951401869158878,0.787800369685767
2.0,0.33333334,7.0,2.0,0.7951401869158878,0.787800369685767
2.0,0.33333334,7.0,3.0,0.7951401869158878,0.787800369685767
2.0,0.33333334,7.0,5.0,0.7951401869158878,0.787800369685767
2.0,0.33333334,7.0,8.0,0.7951401869158878,0.787800369685767
2.0,0.33333334,7.0,12.0,0.7951401869158878,0.787800369685767
2.0,0.33333334,7.0,20.0,0.7951401869158878,0.787800369685767
2.0,0.33333334,7.0,32.0,0.7951401869158878,0.787800369685767
2.0,0.33333334,7.0,50.0,0.7951401869158878,0.787800369685767
2.0,0.33333334,7.0,80.0,0.7951401869158878,0.787800369685767
2.0,0.33333334,7.0,128.0,0.7951401869158878,0.787800369685767
2.0,0.33333334,9.0,2.0,0.7951401869158878,0.787800369685767
2.0,0.33333334,9.0,3.0,0.7951401869158878,0.787800369685767
2.0,0.33333334,9.0,5.0,0.7951401869158878,0.787800369685767
2.0,0.33333334,9.0,8.0,0.7951401869158878,0.787800369685767
2.0,0.33333334,9.0,12.0,0.7951401869158878,0.787800369685767
2.0,0.33333334,9.0,20.0,0.7951401869158878,0.787800369685767
2.0,0.33333334,9.0,32.0,0.7951401869158878,0.787800369685767
2.0,0.33333334,9.0,50.0,0.7951401869158878,0.787800369685767
2.0,0.33333334,9.0,80.0,0.7951401869158878,0.787800369685767
2.0,0.33333334,9.0,128.0,0.7951401869158878,0.787800369685767
2.0,0.33333334,11.0,2.0,0.7951401869158878,0.787800369685767
2.0,0.33333334,11.0,3.0,0.7951401869158878,0.787800369685767
2.0,0.33333334,11.0,5.0,0.7951401869158878,0.787800369685767
2.0,0.33333334,11.0,8.0,0.7951401869158878,0.787800369685767
2.0,0.33333334,11.0,12.0,0.7951401869158878,0.787800369685767
2.0,0.33333334,11.0,20.0,0.7951401869158878,0.787800369685767
2.0,0.33333334,11.0,32.0,0.7951401869158878,0.787800369685767
2.0,0.33333334,11.0,50.0,0.7951401869158878,0.787800369685767
2.0,0.33333334,11.0,80.0,0.7951401869158878,0.787800369685767
2.0,0.33333334,11.0,128.0,0.7951401869158878,0.787800369685767
2.0,0.33333334,13.0,2.0,0.7951401869158878,0.7874306839186691
2.0,0.33333334,13.0,3.0,0.7951401869158878,0.7874306839186691
2.0,0.33333334,13.0,5.0,0.7951401869158878,0.7874306839186691
2.0,0.33333334,13.0,8.0,0.7951401869158878,0.7874306839186691
2.0,0.33333334,13.0,12.0,0.7951401869158878,0.7874306839186691
2.0,0.33333334,13.0,20.0,0.7951401869158878,0.7874306839186691
2.0,0.33333334,13.0,32.0,0.7951401869158878,0.7874306839186691
2.0,0.33333334,13.0,50.0,0.7951401869158878,0.7874306839186691
2.0,0.33333334,13.0,80.0,0.7951401869158878,0.7874306839186691
2.0,0.33333334,13.0,128.0,0.7951401869158878,0.7874306839186691
2.0,0.33333334,15.0,2.0,0.7951401869158878,0.7874306839186691
2.0,0.33333334,15.0,3.0,0.7951401869158878,0.7874306839186691
2.0,0.33333334,15.0,5.0,0.7951401869158878,0.7874306839186691
2.0,0.33333334,15.0,8.0,0.7951401869158878,0.7874306839186691
2.0,0.33333334,15.0,12.0,0.7951401869158878,0.7874306839186691
2.0,0.33333334,15.0,20.0,0.7951401869158878,0.7874306839186691
2.0,0.33333334,15.0,32.0,0.7951401869158878,0.7874306839186691
2.0,0.33333334,15.0,50.0,0.7951401869158878,0.7874306839186691
2.0,0.33333334,15.0,80.0,0.7951401869158878,0.7874306839186691
2.0,0.33333334,15.0,128.0,0.7951401869158878,0.7874306839186691
2.0,0.33333334,17.0,2.0,0.7951401869158878,0.7874306839186691
2.0,0.33333334,17.0,3.0,0.7951401869158878,0.7874306839186691
2.0,0.33333334,17.0,5.0,0.7951401869158878,0.7874306839186691
2.0,0.33333334,17.0,8.0,0.7951401869158878,0.7874306839186691
2.0,0.33333334,17.0,12.0,0.7951401869158878,0.7874306839186691
2.0,0.33333334,17.0,20.0,0.7951401869158878,0.7874306839186691
2.0,0.33333334,17.0,32.0,0.7951401869158878,0.7874306839186691
2.0,0.33333334,17.0,50.0,0.7951401869158878,0.7874306839186691
2.0,0.33333334,17.0,80.0,0.7951401869158878,0.7874306839186691
2.0,0.33333334,17.0,128.0,0.7951401869158878,0.7874306839186691
2.0,0.33333334,20.0,2.0,0.7951401869158878,0.7874306839186691
2.0,0.33333334,20.0,3.0,0.7951401869158878,0.7874306839186691
2.0,0.33333334,20.0,5.0,0.7951401869158878,0.7874306839186691
2.0,0.33333334,20.0,8.0,0.7951401869158878,0.7874306839186691
2.0,0.33333334,20.0,12.0,0.7951401869158878,0.7874306839186691
2.0,0.33333334,20.0,20.0,0.7951401869158878,0.7874306839186691
2.0,0.33333334,20.0,32.0,0.7951401869158878,0.7874306839186691
2.0,0.33333334,20.0,50.0,0.7951401869158878,0.7874306839186691
2.0,0.33333334,20.0,80.0,0.7951401869158878,0.7874306839186691
2.0,0.33333334,20.0,128.0,0.7951401869158878,0.7874306839186691
2.0,0.44444445,1.0,2.0,0.7951401869158878,0.787800369685767
2.0,0.44444445,1.0,3.0,0.7951401869158878,0.787800369685767
2.0,0.44444445,1.0,5.0,0.7951401869158878,0.787800369685767
2.0,0.44444445,1.0,8.0,0.7951401869158878,0.787800369685767
2.0,0.44444445,1.0,12.0,0.7951401869158878,0.787800369685767
2.0,0.44444445,1.0,20.0,0.7951401869158878,0.787800369685767
2.0,0.44444445,1.0,32.0,0.7951401869158878,0.787800369685767
2.0,0.44444445,1.0,50.0,0.7951401869158878,0.787800369685767
2.0,0.44444445,1.0,80.0,0.7951401869158878,0.787800369685767
2.0,0.44444445,1.0,128.0,0.7951401869158878,0.787800369685767
2.0,0.44444445,3.0,2.0,0.7951401869158878,0.787800369685767
2.0,0.44444445,3.0,3.0,0.7951401869158878,0.787800369685767
2.0,0.44444445,3.0,5.0,0.7951401869158878,0.787800369685767
2.0,0.44444445,3.0,8.0,0.7951401869158878,0.787800369685767
2.0,0.44444445,3.0,12.0,0.7951401869158878,0.787800369685767
2.0,0.44444445,3.0,20.0,0.7951401869158878,0.787800369685767
2.0,0.44444445,3.0,32.0,0.7951401869158878,0.787800369685767
2.0,0.44444445,3.0,50.0,0.7951401869158878,0.787800369685767
2.0,0.44444445,3.0,80.0,0.7951401869158878,0.787800369685767
2.0,0.44444445,3.0,128.0,0.7951401869158878,0.787800369685767
2.0,0.44444445,5.0,2.0,0.7951401869158878,0.787800369685767
2.0,0.44444445,5.0,3.0,0.7951401869158878,0.787800369685767
2.0,0.44444445,5.0,5.0,0.7951401869158878,0.787800369685767
2.0,0.44444445,5.0,8.0,0.7951401869158878,0.787800369685767
2.0,0.44444445,5.0,12.0,0.7951401869158878,0.787800369685767
2.0,0.44444445,5.0,20.0,0.7951401869158878,0.787800369685767
2.0,0.44444445,5.0,32.0,0.7951401869158878,0.787800369685767
2.0,0.44444445,5.0,50.0,0.7951401869158878,0.787800369685767
2.0,0.44444445,5.0,80.0,0.7951401869158878,0.787800369685767
2.0,0.44444445,5.0,128.0,0.7951401869158878,0.787800369685767
2.0,0.44444445,7.0,2.0,0.7951401869158878,0.787800369685767
2.0,0.44444445,7.0,3.0,0.7951401869158878,0.787800369685767
2.0,0.44444445,7.0,5.0,0.7951401869158878,0.787800369685767
2.0,0.44444445,7.0,8.0,0.7951401869158878,0.787800369685767
2.0,0.44444445,7.0,12.0,0.7951401869158878,0.787800369685767
2.0,0.44444445,7.0,20.0,0.7951401869158878,0.787800369685767
2.0,0.44444445,7.0,32.0,0.7951401869158878,0.787800369685767
2.0,0.44444445,7.0,50.0,0.7951401869158878,0.787800369685767
2.0,0.44444445,7.0,80.0,0.7951401869158878,0.787800369685767
2.0,0.44444445,7.0,128.0,0.7951401869158878,0.787800369685767
2.0,0.44444445,9.0,2.0,0.7951401869158878,0.787800369685767
2.0,0.44444445,9.0,3.0,0.7951401869158878,0.787800369685767
2.0,0.44444445,9.0,5.0,0.7951401869158878,0.787800369685767
2.0,0.44444445,9.0,8.0,0.7951401869158878,0.787800369685767
2.0,0.44444445,9.0,12.0,0.7951401869158878,0.787800369685767
2.0,0.44444445,9.0,20.0,0.7951401869158878,0.787800369685767
2.0,0.44444445,9.0,32.0,0.7951401869158878,0.787800369685767
2.0,0.44444445,9.0,50.0,0.7951401869158878,0.787800369685767
2.0,0.44444445,9.0,80.0,0.7951401869158878,0.787800369685767
2.0,0.44444445,9.0,128.0,0.7951401869158878,0.787800369685767
2.0,0.44444445,11.0,2.0,0.7951401869158878,0.787800369685767
2.0,0.44444445,11.0,3.0,0.7951401869158878,0.787800369685767
2.0,0.44444445,11.0,5.0,0.7951401869158878,0.787800369685767
2.0,0.44444445,11.0,8.0,0.7951401869158878,0.787800369685767
2.0,0.44444445,11.0,12.0,0.7951401869158878,0.787800369685767
2.0,0.44444445,11.0,20.0,0.7951401869158878,0.787800369685767
2.0,0.44444445,11.0,32.0,0.7951401869158878,0.787800369685767
2.0,0.44444445,11.0,50.0,0.7951401869158878,0.787800369685767
2.0,0.44444445,11.0,80.0,0.7951401869158878,0.787800369685767
2.0,0.44444445,11.0,128.0,0.7951401869158878,0.787800369685767
2.0,0.44444445,13.0,2.0,0.7951401869158878,0.7874306839186691
2.0,0.44444445,13.0,3.0,0.7951401869158878,0.7874306839186691
2.0,0.44444445,13.0,5.0,0.7951401869158878,0.7874306839186691
2.0,0.44444445,13.0,8.0,0.7951401869158878,0.7874306839186691
2.0,0.44444445,13.0,12.0,0.7951401869158878,0.7874306839186691
2.0,0.44444445,13.0,20.0,0.7951401869158878,0.7874306839186691
2.0,0.44444445,13.0,32.0,0.7951401869158878,0.7874306839186691
2.0,0.44444445,13.0,50.0,0.7951401869158878,0.7874306839186691
2.0,0.44444445,13.0,80.0,0.7951401869158878,0.7874306839186691
2.0,0.44444445,13.0,128.0,0.7951401869158878,0.7874306839186691
2.0,0.44444445,15.0,2.0,0.7951401869158878,0.7874306839186691
2.0,0.44444445,15.0,3.0,0.7951401869158878,0.7874306839186691
2.0,0.44444445,15.0,5.0,0.7951401869158878,0.7874306839186691
2.0,0.44444445,15.0,8.0,0.7951401869158878,0.7874306839186691
2.0,0.44444445,15.0,12.0,0.7951401869158878,0.7874306839186691
2.0,0.44444445,15.0,20.0,0.7951401869158878,0.7874306839186691
2.0,0.44444445,15.0,32.0,0.7951401869158878,0.7874306839186691
2.0,0.44444445,15.0,50.0,0.7951401869158878,0.7874306839186691
2.0,0.44444445,15.0,80.0,0.7951401869158878,0.7874306839186691
2.0,0.44444445,15.0,128.0,0.7951401869158878,0.7874306839186691
2.0,0.44444445,17.0,2.0,0.7951401869158878,0.7874306839186691
2.0,0.44444445,17.0,3.0,0.7951401869158878,0.7874306839186691
2.0,0.44444445,17.0,5.0,0.7951401869158878,0.7874306839186691
2.0,0.44444445,17.0,8.0,0.7951401869158878,0.7874306839186691
2.0,0.44444445,17.0,12.0,0.7951401869158878,0.7874306839186691
2.0,0.44444445,17.0,20.0,0.7951401869158878,0.7874306839186691
2.0,0.44444445,17.0,32.0,0.7951401869158878,0.7874306839186691
2.0,0.44444445,17.0,50.0,0.7951401869158878,0.7874306839186691
2.0,0.44444445,17.0,80.0,0.7951401869158878,0.7874306839186691
2.0,0.44444445,17.0,128.0,0.7951401869158878,0.7874306839186691
2.0,0.44444445,20.0,2.0,0.7951401869158878,0.7874306839186691
2.0,0.44444445,20.0,3.0,0.7951401869158878,0.7874306839186691
2.0,0.44444445,20.0,5.0,0.7951401869158878,0.7874306839186691
2.0,0.44444445,20.0,8.0,0.7951401869158878,0.7874306839186691
2.0,0.44444445,20.0,12.0,0.7951401869158878,0.7874306839186691
2.0,0.44444445,20.0,20.0,0.7951401869158878,0.7874306839186691
2.0,0.44444445,20.0,32.0,0.7951401869158878,0.7874306839186691
2.0,0.44444445,20.0,50.0,0.7951401869158878,0.7874306839186691
2.0,0.44444445,20.0,80.0,0.7951401869158878,0.7874306839186691
2.0,0.44444445,20.0,128.0,0.7951401869158878,0.7874306839186691
2.0,0.5555556,1.0,2.0,0.7951401869158878,0.787800369685767
2.0,0.5555556,1.0,3.0,0.7951401869158878,0.787800369685767
2.0,0.5555556,1.0,5.0,0.7951401869158878,0.787800369685767
2.0,0.5555556,1.0,8.0,0.7951401869158878,0.787800369685767
2.0,0.5555556,1.0,12.0,0.7951401869158878,0.787800369685767
2.0,0.5555556,1.0,20.0,0.7951401869158878,0.787800369685767
2.0,0.5555556,1.0,32.0,0.7951401869158878,0.787800369685767
2.0,0.5555556,1.0,50.0,0.7951401869158878,0.787800369685767
2.0,0.5555556,1.0,80.0,0.7951401869158878,0.787800369685767
2.0,0.5555556,1.0,128.0,0.7951401869158878,0.787800369685767
2.0,0.5555556,3.0,2.0,0.7951401869158878,0.787800369685767
2.0,0.5555556,3.0,3.0,0.7951401869158878,0.787800369685767
2.0,0.5555556,3.0,5.0,0.7951401869158878,0.787800369685767
2.0,0.5555556,3.0,8.0,0.7951401869158878,0.787800369685767
2.0,0.5555556,3.0,12.0,0.7951401869158878,0.787800369685767
2.0,0.5555556,3.0,20.0,0.7951401869158878,0.787800369685767
2.0,0.5555556,3.0,32.0,0.7951401869158878,0.787800369685767
2.0,0.5555556,3.0,50.0,0.7951401869158878,0.787800369685767
2.0,0.5555556,3.0,80.0,0.7951401869158878,0.787800369685767
2.0,0.5555556,3.0,128.0,0.7951401869158878,0.787800369685767
2.0,0.5555556,5.0,2.0,0.7951401869158878,0.787800369685767
2.0,0.5555556,5.0,3.0,0.7951401869158878,0.787800369685767
2.0,0.5555556,5.0,5.0,0.7951401869158878,0.787800369685767
2.0,0.5555556,5.0,8.0,0.7951401869158878,0.787800369685767
2.0,0.5555556,5.0,12.0,0.7951401869158878,0.787800369685767
2.0,0.5555556,5.0,20.0,0.7951401869158878,0.787800369685767
2.0,0.5555556,5.0,32.0,0.7951401869158878,0.787800369685767
2.0,0.5555556,5.0,50.0,0.7951401869158878,0.787800369685767
2.0,0.5555556,5.0,80.0,0.7951401869158878,0.787800369685767
2.0,0.5555556,5.0,128.0,0.7951401869158878,0.787800369685767
2.0,0.5555556,7.0,2.0,0.7951401869158878,0.787800369685767
2.0,0.5555556,7.0,3.0,0.7951401869158878,0.787800369685767
2.0,0.5555556,7.0,5.0,0.7951401869158878,0.787800369685767
2.0,0.5555556,7.0,8.0,0.7951401869158878,0.787800369685767
2.0,0.5555556,7.0,12.0,0.7951401869158878,0.787800369685767
2.0,0.5555556,7.0,20.0,0.7951401869158878,0.787800369685767
2.0,0.5555556,7.0,32.0,0.7951401869158878,0.787800369685767
2.0,0.5555556,7.0,50.0,0.7951401869158878,0.787800369685767
2.0,0.5555556,7.0,80.0,0.7951401869158878,0.787800369685767
2.0,0.5555556,7.0,128.0,0.7951401869158878,0.787800369685767
2.0,0.5555556,9.0,2.0,0.7951401869158878,0.787800369685767
2.0,0.5555556,9.0,3.0,0.7951401869158878,0.787800369685767
2.0,0.5555556,9.0,5.0,0.7951401869158878,0.787800369685767
2.0,0.5555556,9.0,8.0,0.7951401869158878,0.787800369685767
2.0,0.5555556,9.0,12.0,0.7951401869158878,0.787800369685767
2.0,0.5555556,9.0,20.0,0.7951401869158878,0.787800369685767
2.0,0.5555556,9.0,32.0,0.7951401869158878,0.787800369685767
2.0,0.5555556,9.0,50.0,0.7951401869158878,0.787800369685767
2.0,0.5555556,9.0,80.0,0.7951401869158878,0.787800369685767
2.0,0.5555556,9.0,128.0,0.7951401869158878,0.787800369685767
2.0,0.5555556,11.0,2.0,0.7951401869158878,0.787800369685767
2.0,0.5555556,11.0,3.0,0.7951401869158878,0.787800369685767
2.0,0.5555556,11.0,5.0,0.7951401869158878,0.787800369685767
2.0,0.5555556,11.0,8.0,0.7951401869158878,0.787800369685767
2.0,0.5555556,11.0,12.0,0.7951401869158878,0.787800369685767
2.0,0.5555556,11.0,20.0,0.7951401869158878,0.787800369685767
2.0,0.5555556,11.0,32.0,0.7951401869158878,0.787800369685767
2.0,0.5555556,11.0,50.0,0.7951401869158878,0.787800369685767
2.0,0.5555556,11.0,80.0,0.7951401869158878,0.787800369685767
2.0,0.5555556,11.0,128.0,0.7951401869158878,0.787800369685767
2.0,0.5555556,13.0,2.0,0.7951401869158878,0.7874306839186691
2.0,0.5555556,13.0,3.0,0.7951401869158878,0.7874306839186691
2.0,0.5555556,13.0,5.0,0.7951401869158878,0.7874306839186691
2.0,0.5555556,13.0,8.0,0.7951401869158878,0.7874306839186691
2.0,0.5555556,13.0,12.0,0.7951401869158878,0.7874306839186691
2.0,0.5555556,13.0,20.0,0.7951401869158878,0.7874306839186691
2.0,0.5555556,13.0,32.0,0.7951401869158878,0.7874306839186691
2.0,0.5555556,13.0,50.0,0.7951401869158878,0.7874306839186691
2.0,0.5555556,13.0,80.0,0.7951401869158878,0.7874306839186691
2.0,0.5555556,13.0,128.0,0.7951401869158878,0.7874306839186691
2.0,0.5555556,15.0,2.0,0.7951401869158878,0.7874306839186691
2.0,0.5555556,15.0,3.0,0.7951401869158878,0.7874306839186691
2.0,0.5555556,15.0,5.0,0.7951401869158878,0.7874306839186691
2.0,0.5555556,15.0,8.0,0.7951401869158878,0.7874306839186691
2.0,0.5555556,15.0,12.0,0.7951401869158878,0.7874306839186691
2.0,0.5555556,15.0,20.0,0.7951401869158878,0.7874306839186691
2.0,0.5555556,15.0,32.0,0.7951401869158878,0.7874306839186691
2.0,0.5555556,15.0,50.0,0.7951401869158878,0.7874306839186691
2.0,0.5555556,15.0,80.0,0.7951401869158878,0.7874306839186691
2.0,0.5555556,15.0,128.0,0.7951401869158878,0.7874306839186691
2.0,0.5555556,17.0,2.0,0.7951401869158878,0.7874306839186691
2.0,0.5555556,17.0,3.0,0.7951401869158878,0.7874306839186691
2.0,0.5555556,17.0,5.0,0.7951401869158878,0.7874306839186691
2.0,0.5555556,17.0,8.0,0.7951401869158878,0.7874306839186691
2.0,0.5555556,17.0,12.0,0.7951401869158878,0.7874306839186691
2.0,0.5555556,17.0,20.0,0.7951401869158878,0.7874306839186691
2.0,0.5555556,17.0,32.0,0.7951401869158878,0.7874306839186691
2.0,0.5555556,17.0,50.0,0.7951401869158878,0.7874306839186691
2.0,0.5555556,17.0,80.0,0.7951401869158878,0.7874306839186691
2.0,0.5555556,17.0,128.0,0.7951401869158878,0.7874306839186691
2.0,0.5555556,20.0,2.0,0.7951401869158878,0.7874306839186691
2.0,0.5555556,20.0,3.0,0.7951401869158878,0.7874306839186691
2.0,0.5555556,20.0,5.0,0.7951401869158878,0.7874306839186691
2.0,0.5555556,20.0,8.0,0.7951401869158878,0.7874306839186691
2.0,0.5555556,20.0,12.0,0.7951401869158878,0.7874306839186691
2.0,0.5555556,20.0,20.0,0.7951401869158878,0.7874306839186691
2.0,0.5555556,20.0,32.0,0.7951401869158878,0.7874306839186691
2.0,0.5555556,20.0,50.0,0.7951401869158878,0.7874306839186691
2.0,0.5555556,20.0,80.0,0.7951401869158878,0.7874306839186691
2.0,0.5555556,20.0,128.0,0.7951401869158878,0.7874306839186691
2.0,0.6666667,1.0,2.0,0.7923987538940811,0.7852125693160813
2.0,0.6666667,1.0,3.0,0.7923987538940811,0.7852125693160813
2.0,0.6666667,1.0,5.0,0.7923987538940811,0.7852125693160813
2.0,0.6666667,1.0,8.0,0.7923987538940811,0.7852125693160813
2.0,0.6666667,1.0,12.0,0.7923987538940811,0.7852125693160813
2.0,0.6666667,1.0,20.0,0.7923987538940811,0.7852125693160813
2.0,0.6666667,1.0,32.0,0.7923987538940811,0.7852125693160813
2.0,0.6666667,1.0,50.0,0.7923987538940811,0.7852125693160813
2.0,0.6666667,1.0,80.0,0.7923987538940811,0.7852125693160813
2.0,0.6666667,1.0,128.0,0.7923987538940811,0.7852125693160813
2.0,0.6666667,3.0,2.0,0.7923987538940811,0.7852125693160813
2.0,0.6666667,3.0,3.0,0.7923987538940811,0.7852125693160813
2.0,0.6666667,3.0,5.0,0.7923987538940811,0.7852125693160813
2.0,0.6666667,3.0,8.0,0.7923987538940811,0.7852125693160813
2.0,0.6666667,3.0,12.0,0.7923987538940811,0.7852125693160813
2.0,0.6666667,3.0,20.0,0.7923987538940811,0.7852125693160813
2.0,0.6666667,3.0,32.0,0.7923987538940811,0.7852125693160813
2.0,0.6666667,3.0,50.0,0.7923987538940811,0.7852125693160813
2.0,0.6666667,3.0,80.0,0.7923987538940811,0.7852125693160813
2.0,0.6666667,3.0,128.0,0.7923987538940811,0.7852125693160813
2.0,0.6666667,5.0,2.0,0.7923987538940811,0.7852125693160813
2.0,0.6666667,5.0,3.0,0.7923987538940811,0.7852125693160813
2.0,0.6666667,5.0,5.0,0.7923987538940811,0.7852125693160813
2.0,0.6666667,5.0,8.0,0.7923987538940811,0.7852125693160813
2.0,0.6666667,5.0,12.0,0.7923987538940811,0.7852125693160813
2.0,0.6666667,5.0,20.0,0.7923987538940811,0.7852125693160813
2.0,0.6666667,5.0,32.0,0.7923987538940811,0.7852125693160813
2.0,0.6666667,5.0,50.0,0.7923987538940811,0.7852125693160813
2.0,0.6666667,5.0,80.0,0.7923987538940811,0.7852125693160813
2.0,0.6666667,5.0,128.0,0.7923987538940811,0.7852125693160813
2.0,0.6666667,7.0,2.0,0.7923987538940811,0.7852125693160813
2.0,0.6666667,7.0,3.0,0.7923987538940811,0.7852125693160813
2.0,0.6666667,7.0,5.0,0.7923987538940811,0.7852125693160813
2.0,0.6666667,7.0,8.0,0.7923987538940811,0.7852125693160813
2.0,0.6666667,7.0,12.0,0.7923987538940811,0.7852125693160813
2.0,0.6666667,7.0,20.0,0.7923987538940811,0.7852125693160813
2.0,0.6666667,7.0,32.0,0.7923987538940811,0.7852125693160813
2.0,0.6666667,7.0,50.0,0.7923987538940811,0.7852125693160813
2.0,0.6666667,7.0,80.0,0.7923987538940811,0.7852125693160813
2.0,0.6666667,7.0,128.0,0.7923987538940811,0.7852125693160813
2.0,0.6666667,9.0,2.0,0.7923987538940811,0.7852125693160813
2.0,0.6666667,9.0,3.0,0.7923987538940811,0.7852125693160813
2.0,0.6666667,9.0,5.0,0.7923987538940811,0.7852125693160813
2.0,0.6666667,9.0,8.0,0.7923987538940811,0.7852125693160813
2.0,0.6666667,9.0,12.0,0.7923987538940811,0.7852125693160813
2.0,0.6666667,9.0,20.0,0.7923987538940811,0.7852125693160813
2.0,0.6666667,9.0,32.0,0.7923987538940811,0.7852125693160813
2.0,0.6666667,9.0,50.0,0.7923987538940811,0.7852125693160813
2.0,0.6666667,9.0,80.0,0.7923987538940811,0.7852125693160813
2.0,0.6666667,9.0,128.0,0.7923987538940811,0.7852125693160813
2.0,0.6666667,11.0,2.0,0.7923987538940811,0.7852125693160813
2.0,0.6666667,11.0,3.0,0.7923987538940811,0.7852125693160813
2.0,0.6666667,11.0,5.0,0.7923987538940811,0.7852125693160813
2.0,0.6666667,11.0,8.0,0.7923987538940811,0.7852125693160813
2.0,0.6666667,11.0,12.0,0.7923987538940811,0.7852125693160813
2.0,0.6666667,11.0,20.0,0.7923987538940811,0.7852125693160813
2.0,0.6666667,11.0,32.0,0.7923987538940811,0.7852125693160813
2.0,0.6666667,11.0,50.0,0.7923987538940811,0.7852125693160813
2.0,0.6666667,11.0,80.0,0.7923987538940811,0.7852125693160813
2.0,0.6666667,11.0,128.0,0.7923987538940811,0.7852125693160813
2.0,0.6666667,13.0,2.0,0.7923987538940811,0.7852125693160813
2.0,0.6666667,13.0,3.0,0.7923987538940811,0.7852125693160813
2.0,0.6666667,13.0,5.0,0.7923987538940811,0.7852125693160813
2.0,0.6666667,13.0,8.0,0.7923987538940811,0.7852125693160813
2.0,0.6666667,13.0,12.0,0.7923987538940811,0.7852125693160813
2.0,0.6666667,13.0,20.0,0.7923987538940811,0.7852125693160813
2.0,0.6666667,13.0,32.0,0.7923987538940811,0.7852125693160813
2.0,0.6666667,13.0,50.0,0.7923987538940811,0.7852125693160813
2.0,0.6666667,13.0,80.0,0.7923987538940811,0.7852125693160813
2.0,0.6666667,13.0,128.0,0.7923987538940811,0.7852125693160813
2.0,0.6666667,15.0,2.0,0.7923987538940811,0.7852125693160813
2.0,0.6666667,15.0,3.0,0.7923987538940811,0.7852125693160813
2.0,0.6666667,15.0,5.0,0.7923987538940811,0.7852125693160813
2.0,0.6666667,15.0,8.0,0.7923987538940811,0.7852125693160813
2.0,0.6666667,15.0,12.0,0.7923987538940811,0.7852125693160813
2.0,0.6666667,15.0,20.0,0.7923987538940811,0.7852125693160813
2.0,0.6666667,15.0,32.0,0.7923987538940811,0.7852125693160813
2.0,0.6666667,15.0,50.0,0.7923987538940811,0.7852125693160813
2.0,0.6666667,15.0,80.0,0.7923987538940811,0.7852125693160813
2.0,0.6666667,15.0,128.0,0.7923987538940811,0.7852125693160813
2.0,0.6666667,17.0,2.0,0.7923987538940811,0.7852125693160813
2.0,0.6666667,17.0,3.0,0.7923987538940811,0.7852125693160813
2.0,0.6666667,17.0,5.0,0.7923987538940811,0.7852125693160813
2.0,0.6666667,17.0,8.0,0.7923987538940811,0.7852125693160813
2.0,0.6666667,17.0,12.0,0.7923987538940811,0.7852125693160813
2.0,0.6666667,17.0,20.0,0.7923987538940811,0.7852125693160813
2.0,0.6666667,17.0,32.0,0.7923987538940811,0.7852125693160813
2.0,0.6666667,17.0,50.0,0.7923987538940811,0.7852125693160813
2.0,0.6666667,17.0,80.0,0.7923987538940811,0.7852125693160813
2.0,0.6666667,17.0,128.0,0.7923987538940811,0.7852125693160813
2.0,0.6666667,20.0,2.0,0.7923987538940811,0.7852125693160813
2.0,0.6666667,20.0,3.0,0.7923987538940811,0.7852125693160813
2.0,0.6666667,20.0,5.0,0.7923987538940811,0.7852125693160813
2.0,0.6666667,20.0,8.0,0.7923987538940811,0.7852125693160813
2.0,0.6666667,20.0,12.0,0.7923987538940811,0.7852125693160813
2.0,0.6666667,20.0,20.0,0.7923987538940811,0.7852125693160813
2.0,0.6666667,20.0,32.0,0.7923987538940811,0.7852125693160813
2.0,0.6666667,20.0,50.0,0.7923987538940811,0.7852125693160813
2.0,0.6666667,20.0,80.0,0.7923987538940811,0.7852125693160813
2.0,0.6666667,20.0,128.0,0.7923987538940811,0.7852125693160813
2.0,0.7777778,1.0,2.0,0.7923987538940811,0.7852125693160813
2.0,0.7777778,1.0,3.0,0.7923987538940811,0.7852125693160813
2.0,0.7777778,1.0,5.0,0.7923987538940811,0.7852125693160813
2.0,0.7777778,1.0,8.0,0.7923987538940811,0.7852125693160813
2.0,0.7777778,1.0,12.0,0.7923987538940811,0.7852125693160813
2.0,0.7777778,1.0,20.0,0.7923987538940811,0.7852125693160813
2.0,0.7777778,1.0,32.0,0.7923987538940811,0.7852125693160813
2.0,0.7777778,1.0,50.0,0.7923987538940811,0.7852125693160813
2.0,0.7777778,1.0,80.0,0.7923987538940811,0.7852125693160813
2.0,0.7777778,1.0,128.0,0.7923987538940811,0.7852125693160813
2.0,0.7777778,3.0,2.0,0.7923987538940811,0.7852125693160813
2.0,0.7777778,3.0,3.0,0.7923987538940811,0.7852125693160813
2.0,0.7777778,3.0,5.0,0.7923987538940811,0.7852125693160813
2.0,0.7777778,3.0,8.0,0.7923987538940811,0.7852125693160813
2.0,0.7777778,3.0,12.0,0.7923987538940811,0.7852125693160813
2.0,0.7777778,3.0,20.0,0.7923987538940811,0.7852125693160813
2.0,0.7777778,3.0,32.0,0.7923987538940811,0.7852125693160813
2.0,0.7777778,3.0,50.0,0.7923987538940811,0.7852125693160813
2.0,0.7777778,3.0,80.0,0.7923987538940811,0.7852125693160813
2.0,0.7777778,3.0,128.0,0.7923987538940811,0.7852125693160813
2.0,0.7777778,5.0,2.0,0.7923987538940811,0.7852125693160813
2.0,0.7777778,5.0,3.0,0.7923987538940811,0.7852125693160813
2.0,0.7777778,5.0,5.0,0.7923987538940811,0.7852125693160813
2.0,0.7777778,5.0,8.0,0.7923987538940811,0.7852125693160813
2.0,0.7777778,5.0,12.0,0.7923987538940811,0.7852125693160813
2.0,0.7777778,5.0,20.0,0.7923987538940811,0.7852125693160813
2.0,0.7777778,5.0,32.0,0.7923987538940811,0.7852125693160813
2.0,0.7777778,5.0,50.0,0.7923987538940811,0.7852125693160813
2.0,0.7777778,5.0,80.0,0.7923987538940811,0.7852125693160813
2.0,0.7777778,5.0,128.0,0.7923987538940811,0.7852125693160813
2.0,0.7777778,7.0,2.0,0.7923987538940811,0.7852125693160813
2.0,0.7777778,7.0,3.0,0.7923987538940811,0.7852125693160813
2.0,0.7777778,7.0,5.0,0.7923987538940811,0.7852125693160813
2.0,0.7777778,7.0,8.0,0.7923987538940811,0.7852125693160813
2.0,0.7777778,7.0,12.0,0.7923987538940811,0.7852125693160813
2.0,0.7777778,7.0,20.0,0.7923987538940811,0.7852125693160813
2.0,0.7777778,7.0,32.0,0.7923987538940811,0.7852125693160813
2.0,0.7777778,7.0,50.0,0.7923987538940811,0.7852125693160813
2.0,0.7777778,7.0,80.0,0.7923987538940811,0.7852125693160813
2.0,0.7777778,7.0,128.0,0.7923987538940811,0.7852125693160813
2.0,0.7777778,9.0,2.0,0.7923987538940811,0.7852125693160813
2.0,0.7777778,9.0,3.0,0.7923987538940811,0.7852125693160813
2.0,0.7777778,9.0,5.0,0.7923987538940811,0.7852125693160813
2.0,0.7777778,9.0,8.0,0.7923987538940811,0.7852125693160813
2.0,0.7777778,9.0,12.0,0.7923987538940811,0.7852125693160813
2.0,0.7777778,9.0,20.0,0.7923987538940811,0.7852125693160813
2.0,0.7777778,9.0,32.0,0.7923987538940811,0.7852125693160813
2.0,0.7777778,9.0,50.0,0.7923987538940811,0.7852125693160813
2.0,0.7777778,9.0,80.0,0.7923987538940811,0.7852125693160813
2.0,0.7777778,9.0,128.0,0.7923987538940811,0.7852125693160813
2.0,0.7777778,11.0,2.0,0.7923987538940811,0.7852125693160813
2.0,0.7777778,11.0,3.0,0.7923987538940811,0.7852125693160813
2.0,0.7777778,11.0,5.0,0.7923987538940811,0.7852125693160813
2.0,0.7777778,11.0,8.0,0.7923987538940811,0.7852125693160813
2.0,0.7777778,11.0,12.0,0.7923987538940811,0.7852125693160813
2.0,0.7777778,11.0,20.0,0.7923987538940811,0.7852125693160813
2.0,0.7777778,11.0,32.0,0.7923987538940811,0.7852125693160813
2.0,0.7777778,11.0,50.0,0.7923987538940811,0.7852125693160813
2.0,0.7777778,11.0,80.0,0.7923987538940811,0.7852125693160813
2.0,0.7777778,11.0,128.0,0.7923987538940811,0.7852125693160813
2.0,0.7777778,13.0,2.0,0.7923987538940811,0.7852125693160813
2.0,0.7777778,13.0,3.0,0.7923987538940811,0.7852125693160813
2.0,0.7777778,13.0,5.0,0.7923987538940811,0.7852125693160813
2.0,0.7777778,13.0,8.0,0.7923987538940811,0.7852125693160813
2.0,0.7777778,13.0,12.0,0.7923987538940811,0.7852125693160813
2.0,0.7777778,13.0,20.0,0.7923987538940811,0.7852125693160813
2.0,0.7777778,13.0,32.0,0.7923987538940811,0.7852125693160813
2.0,0.7777778,13.0,50.0,0.7923987538940811,0.7852125693160813
2.0,0.7777778,13.0,80.0,0.7923987538940811,0.7852125693160813
2.0,0.7777778,13.0,128.0,0.7923987538940811,0.7852125693160813
2.0,0.7777778,15.0,2.0,0.7923987538940811,0.7852125693160813
2.0,0.7777778,15.0,3.0,0.7923987538940811,0.7852125693160813
2.0,0.7777778,15.0,5.0,0.7923987538940811,0.7852125693160813
2.0,0.7777778,15.0,8.0,0.7923987538940811,0.7852125693160813
2.0,0.7777778,15.0,12.0,0.7923987538940811,0.7852125693160813
2.0,0.7777778,15.0,20.0,0.7923987538940811,0.7852125693160813
2.0,0.7777778,15.0,32.0,0.7923987538940811,0.7852125693160813
2.0,0.7777778,15.0,50.0,0.7923987538940811,0.7852125693160813
2.0,0.7777778,15.0,80.0,0.7923987538940811,0.7852125693160813
2.0,0.7777778,15.0,128.0,0.7923987538940811,0.7852125693160813
2.0,0.7777778,17.0,2.0,0.7923987538940811,0.7852125693160813
2.0,0.7777778,17.0,3.0,0.7923987538940811,0.7852125693160813
2.0,0.7777778,17.0,5.0,0.7923987538940811,0.7852125693160813
2.0,0.7777778,17.0,8.0,0.7923987538940811,0.7852125693160813
2.0,0.7777778,17.0,12.0,0.7923987538940811,0.7852125693160813
2.0,0.7777778,17.0,20.0,0.7923987538940811,0.7852125693160813
2.0,0.7777778,17.0,32.0,0.7923987538940811,0.7852125693160813
2.0,0.7777778,17.0,50.0,0.7923987538940811,0.7852125693160813
2.0,0.7777778,17.0,80.0,0.7923987538940811,0.7852125693160813
2.0,0.7777778,17.0,128.0,0.7923987538940811,0.7852125693160813
2.0,0.7777778,20.0,2.0,0.7923987538940811,0.7852125693160813
2.0,0.7777778,20.0,3.0,0.7923987538940811,0.7852125693160813
2.0,0.7777778,20.0,5.0,0.7923987538940811,0.7852125693160813
2.0,0.7777778,20.0,8.0,0.7923987538940811,0.7852125693160813
2.0,0.7777778,20.0,12.0,0.7923987538940811,0.7852125693160813
2.0,0.7777778,20.0,20.0,0.7923987538940811,0.7852125693160813
2.0,0.7777778,20.0,32.0,0.7923987538940811,0.7852125693160813
2.0,0.7777778,20.0,50.0,0.7923987538940811,0.7852125693160813
2.0,0.7777778,20.0,80.0,0.7923987538940811,0.7852125693160813
2.0,0.7777778,20.0,128.0,0.7923987538940811,0.7852125693160813
2.0,0.8888889,1.0,2.0,0.7864174454828661,0.777818853974122
2.0,0.8888889,1.0,3.0,0.7864174454828661,0.777818853974122
2.0,0.8888889,1.0,5.0,0.7864174454828661,0.777818853974122
2.0,0.8888889,1.0,8.0,0.7864174454828661,0.777818853974122
2.0,0.8888889,1.0,12.0,0.7864174454828661,0.777818853974122
2.0,0.8888889,1.0,20.0,0.7864174454828661,0.777818853974122
2.0,0.8888889,1.0,32.0,0.7864174454828661,0.777818853974122
2.0,0.8888889,1.0,50.0,0.7864174454828661,0.777818853974122
2.0,0.8888889,1.0,80.0,0.7864174454828661,0.777818853974122
2.0,0.8888889,1.0,128.0,0.7864174454828661,0.777818853974122
2.0,0.8888889,3.0,2.0,0.7864174454828661,0.777818853974122
2.0,0.8888889,3.0,3.0,0.7864174454828661,0.777818853974122
2.0,0.8888889,3.0,5.0,0.7864174454828661,0.777818853974122
2.0,0.8888889,3.0,8.0,0.7864174454828661,0.777818853974122
2.0,0.8888889,3.0,12.0,0.7864174454828661,0.777818853974122
2.0,0.8888889,3.0,20.0,0.7864174454828661,0.777818853974122
2.0,0.8888889,3.0,32.0,0.7864174454828661,0.777818853974122
2.0,0.8888889,3.0,50.0,0.7864174454828661,0.777818853974122
2.0,0.8888889,3.0,80.0,0.7864174454828661,0.777818853974122
2.0,0.8888889,3.0,128.0,0.7864174454828661,0.777818853974122
2.0,0.8888889,5.0,2.0,0.7864174454828661,0.777818853974122
2.0,0.8888889,5.0,3.0,0.7864174454828661,0.777818853974122
2.0,0.8888889,5.0,5.0,0.7864174454828661,0.777818853974122
2.0,0.8888889,5.0,8.0,0.7864174454828661,0.777818853974122
2.0,0.8888889,5.0,12.0,0.7864174454828661,0.777818853974122
2.0,0.8888889,5.0,20.0,0.7864174454828661,0.777818853974122
2.0,0.8888889,5.0,32.0,0.7864174454828661,0.777818853974122
2.0,0.8888889,5.0,50.0,0.7864174454828661,0.777818853974122
2.0,0.8888889,5.0,80.0,0.7864174454828661,0.777818853974122
2.0,0.8888889,5.0,128.0,0.7864174454828661,0.777818853974122
2.0,0.8888889,7.0,2.0,0.7864174454828661,0.777818853974122
2.0,0.8888889,7.0,3.0,0.7864174454828661,0.777818853974122
2.0,0.8888889,7.0,5.0,0.7864174454828661,0.777818853974122
2.0,0.8888889,7.0,8.0,0.7864174454828661,0.777818853974122
2.0,0.8888889,7.0,12.0,0.7864174454828661,0.777818853974122
2.0,0.8888889,7.0,20.0,0.7864174454828661,0.777818853974122
2.0,0.8888889,7.0,32.0,0.7864174454828661,0.777818853974122
2.0,0.8888889,7.0,50.0,0.7864174454828661,0.777818853974122
2.0,0.8888889,7.0,80.0,0.7864174454828661,0.777818853974122
2.0,0.8888889,7.0,128.0,0.7864174454828661,0.777818853974122
2.0,0.8888889,9.0,2.0,0.7864174454828661,0.777818853974122
2.0,0.8888889,9.0,3.0,0.7864174454828661,0.777818853974122
2.0,0.8888889,9.0,5.0,0.7864174454828661,0.777818853974122
2.0,0.8888889,9.0,8.0,0.7864174454828661,0.777818853974122
2.0,0.8888889,9.0,12.0,0.7864174454828661,0.777818853974122
2.0,0.8888889,9.0,20.0,0.7864174454828661,0.777818853974122
2.0,0.8888889,9.0,32.0,0.7864174454828661,0.777818853974122
2.0,0.8888889,9.0,50.0,0.7864174454828661,0.777818853974122
2.0,0.8888889,9.0,80.0,0.7864174454828661,0.777818853974122
2.0,0.8888889,9.0,128.0,0.7864174454828661,0.777818853974122
2.0,0.8888889,11.0,2.0,0.7864174454828661,0.777818853974122
2.0,0.8888889,11.0,3.0,0.7864174454828661,0.777818853974122
2.0,0.8888889,11.0,5.0,0.7864174454828661,0.777818853974122
2.0,0.8888889,11.0,8.0,0.7864174454828661,0.777818853974122
2.0,0.8888889,11.0,12.0,0.7864174454828661,0.777818853974122
2.0,0.8888889,11.0,20.0,0.7864174454828661,0.777818853974122
2.0,0.8888889,11.0,32.0,0.7864174454828661,0.777818853974122
2.0,0.8888889,11.0,50.0,0.7864174454828661,0.777818853974122
2.0,0.8888889,11.0,80.0,0.7864174454828661,0.777818853974122
2.0,0.8888889,11.0,128.0,0.7864174454828661,0.777818853974122
2.0,0.8888889,13.0,2.0,0.7864174454828661,0.777818853974122
2.0,0.8888889,13.0,3.0,0.7864174454828661,0.777818853974122
2.0,0.8888889,13.0,5.0,0.7864174454828661,0.777818853974122
2.0,0.8888889,13.0,8.0,0.7864174454828661,0.777818853974122
2.0,0.8888889,13.0,12.0,0.7864174454828661,0.777818853974122
2.0,0.8888889,13.0,20.0,0.7864174454828661,0.777818853974122
2.0,0.8888889,13.0,32.0,0.7864174454828661,0.777818853974122
2.0,0.8888889,13.0,50.0,0.7864174454828661,0.777818853974122
2.0,0.8888889,13.0,80.0,0.7864174454828661,0.777818853974122
2.0,0.8888889,13.0,128.0,0.7864174454828661,0.777818853974122
2.0,0.8888889,15.0,2.0,0.7864174454828661,0.777818853974122
2.0,0.8888889,15.0,3.0,0.7864174454828661,0.777818853974122
2.0,0.8888889,15.0,5.0,0.7864174454828661,0.777818853974122
2.0,0.8888889,15.0,8.0,0.7864174454828661,0.777818853974122
2.0,0.8888889,15.0,12.0,0.7864174454828661,0.777818853974122
2.0,0.8888889,15.0,20.0,0.7864174454828661,0.777818853974122
2.0,0.8888889,15.0,32.0,0.7864174454828661,0.777818853974122
2.0,0.8888889,15.0,50.0,0.7864174454828661,0.777818853974122
2.0,0.8888889,15.0,80.0,0.7864174454828661,0.777818853974122
2.0,0.8888889,15.0,128.0,0.7864174454828661,0.777818853974122
2.0,0.8888889,17.0,2.0,0.7864174454828661,0.777818853974122
2.0,0.8888889,17.0,3.0,0.7864174454828661,0.777818853974122
2.0,0.8888889,17.0,5.0,0.7864174454828661,0.777818853974122
2.0,0.8888889,17.0,8.0,0.7864174454828661,0.777818853974122
2.0,0.8888889,17.0,12.0,0.7864174454828661,0.777818853974122
2.0,0.8888889,17.0,20.0,0.7864174454828661,0.777818853974122
2.0,0.8888889,17.0,32.0,0.7864174454828661,0.777818853974122
2.0,0.8888889,17.0,50.0,0.7864174454828661,0.777818853974122
2.0,0.8888889,17.0,80.0,0.7864174454828661,0.777818853974122
2.0,0.8888889,17.0,128.0,0.7864174454828661,0.777818853974122
2.0,0.8888889,20.0,2.0,0.7864174454828661,0.777818853974122
2.0,0.8888889,20.0,3.0,0.7864174454828661,0.777818853974122
2.0,0.8888889,20.0,5.0,0.7864174454828661,0.777818853974122
2.0,0.8888889,20.0,8.0,0.7864174454828661,0.777818853974122
2.0,0.8888889,20.0,12.0,0.7864174454828661,0.777818853974122
2.0,0.8888889,20.0,20.0,0.7864174454828661,0.777818853974122
2.0,0.8888889,20.0,32.0,0.7864174454828661,0.777818853974122
2.0,0.8888889,20.0,50.0,0.7864174454828661,0.777818853974122
2.0,0.8888889,20.0,80.0,0.7864174454828661,0.777818853974122
2.0,0.8888889,20.0,128.0,0.7864174454828661,0.777818853974122
2.0,1.0,1.0,2.0,0.7890342679127726,0.7715341959334566
2.0,1.0,1.0,3.0,0.7890342679127726,0.7715341959334566
2.0,1.0,1.0,5.0,0.7890342679127726,0.7715341959334566
2.0,1.0,1.0,8.0,0.7890342679127726,0.7715341959334566
2.0,1.0,1.0,12.0,0.7890342679127726,0.7715341959334566
2.0,1.0,1.0,20.0,0.7890342679127726,0.7715341959334566
2.0,1.0,1.0,32.0,0.7890342679127726,0.7715341959334566
2.0,1.0,1.0,50.0,0.7890342679127726,0.7715341959334566
2.0,1.0,1.0,80.0,0.7890342679127726,0.7715341959334566
2.0,1.0,1.0,128.0,0.7890342679127726,0.7715341959334566
2.0,1.0,3.0,2.0,0.7890342679127726,0.7715341959334566
2.0,1.0,3.0,3.0,0.7890342679127726,0.7715341959334566
2.0,1.0,3.0,5.0,0.7890342679127726,0.7715341959334566
2.0,1.0,3.0,8.0,0.7890342679127726,0.7715341959334566
2.0,1.0,3.0,12.0,0.7890342679127726,0.7715341959334566
2.0,1.0,3.0,20.0,0.7890342679127726,0.7715341959334566
2.0,1.0,3.0,32.0,0.7890342679127726,0.7715341959334566
2.0,1.0,3.0,50.0,0.7890342679127726,0.7715341959334566
2.0,1.0,3.0,80.0,0.7890342679127726,0.7715341959334566
2.0,1.0,3.0,128.0,0.7890342679127726,0.7715341959334566
2.0,1.0,5.0,2.0,0.7890342679127726,0.7715341959334566
2.0,1.0,5.0,3.0,0.7890342679127726,0.7715341959334566
2.0,1.0,5.0,5.0,0.7890342679127726,0.7715341959334566
2.0,1.0,5.0,8.0,0.7890342679127726,0.7715341959334566
2.0,1.0,5.0,12.0,0.7890342679127726,0.7715341959334566
2.0,1.0,5.0,20.0,0.7890342679127726,0.7715341959334566
2.0,1.0,5.0,32.0,0.7890342679127726,0.7715341959334566
2.0,1.0,5.0,50.0,0.7890342679127726,0.7715341959334566
2.0,1.0,5.0,80.0,0.7890342679127726,0.7715341959334566
2.0,1.0,5.0,128.0,0.7890342679127726,0.7715341959334566
2.0,1.0,7.0,2.0,0.7890342679127726,0.7715341959334566
2.0,1.0,7.0,3.0,0.7890342679127726,0.7715341959334566
2.0,1.0,7.0,5.0,0.7890342679127726,0.7715341959334566
2.0,1.0,7.0,8.0,0.7890342679127726,0.7715341959334566
2.0,1.0,7.0,12.0,0.7890342679127726,0.7715341959334566
2.0,1.0,7.0,20.0,0.7890342679127726,0.7715341959334566
2.0,1.0,7.0,32.0,0.7890342679127726,0.7715341959334566
2.0,1.0,7.0,50.0,0.7890342679127726,0.7715341959334566
2.0,1.0,7.0,80.0,0.7890342679127726,0.7715341959334566
2.0,1.0,7.0,128.0,0.7890342679127726,0.7715341959334566
2.0,1.0,9.0,2.0,0.7890342679127726,0.7715341959334566
2.0,1.0,9.0,3.0,0.7890342679127726,0.7715341959334566
2.0,1.0,9.0,5.0,0.7890342679127726,0.7715341959334566
2.0,1.0,9.0,8.0,0.7890342679127726,0.7715341959334566
2.0,1.0,9.0,12.0,0.7890342679127726,0.7715341959334566
2.0,1.0,9.0,20.0,0.7890342679127726,0.7715341959334566
2.0,1.0,9.0,32.0,0.7890342679127726,0.7715341959334566
2.0,1.0,9.0,50.0,0.7890342679127726,0.7715341959334566
2.0,1.0,9.0,80.0,0.7890342679127726,0.7715341959334566
2.0,1.0,9.0,128.0,0.7890342679127726,0.7715341959334566
2.0,1.0,11.0,2.0,0.7890342679127726,0.7715341959334566
2.0,1.0,11.0,3.0,0.7890342679127726,0.7715341959334566
2.0,1.0,11.0,5.0,0.7890342679127726,0.7715341959334566
2.0,1.0,11.0,8.0,0.7890342679127726,0.7715341959334566
2.0,1.0,11.0,12.0,0.7890342679127726,0.7715341959334566
2.0,1.0,11.0,20.0,0.7890342679127726,0.7715341959334566
2.0,1.0,11.0,32.0,0.7890342679127726,0.7715341959334566
2.0,1.0,11.0,50.0,0.7890342679127726,0.7715341959334566
2.0,1.0,11.0,80.0,0.7890342679127726,0.7715341959334566
2.0,1.0,11.0,128.0,0.7890342679127726,0.7715341959334566
2.0,1.0,13.0,2.0,0.7890342679127726,0.7715341959334566
2.0,1.0,13.0,3.0,0.7890342679127726,0.7715341959334566
2.0,1.0,13.0,5.0,0.7890342679127726,0.7715341959334566
2.0,1.0,13.0,8.0,0.7890342679127726,0.7715341959334566
2.0,1.0,13.0,12.0,0.7890342679127726,0.7715341959334566
2.0,1.0,13.0,20.0,0.7890342679127726,0.7715341959334566
2.0,1.0,13.0,32.0,0.7890342679127726,0.7715341959334566
2.0,1.0,13.0,50.0,0.7890342679127726,0.7715341959334566
2.0,1.0,13.0,80.0,0.7890342679127726,0.7715341959334566
2.0,1.0,13.0,128.0,0.7890342679127726,0.7715341959334566
2.0,1.0,15.0,2.0,0.7890342679127726,0.7715341959334566
2.0,1.0,15.0,3.0,0.7890342679127726,0.7715341959334566
2.0,1.0,15.0,5.0,0.7890342679127726,0.7715341959334566
2.0,1.0,15.0,8.0,0.7890342679127726,0.7715341959334566
2.0,1.0,15.0,12.0,0.7890342679127726,0.7715341959334566
2.0,1.0,15.0,20.0,0.7890342679127726,0.7715341959334566
2.0,1.0,15.0,32.0,0.7890342679127726,0.7715341959334566
2.0,1.0,15.0,50.0,0.7890342679127726,0.7715341959334566
2.0,1.0,15.0,80.0,0.7890342679127726,0.7715341959334566
2.0,1.0,15.0,128.0,0.7890342679127726,0.7715341959334566
2.0,1.0,17.0,2.0,0.7890342679127726,0.7715341959334566
2.0,1.0,17.0,3.0,0.7890342679127726,0.7715341959334566
2.0,1.0,17.0,5.0,0.7890342679127726,0.7715341959334566
2.0,1.0,17.0,8.0,0.7890342679127726,0.7715341959334566
2.0,1.0,17.0,12.0,0.7890342679127726,0.7715341959334566
2.0,1.0,17.0,20.0,0.7890342679127726,0.7715341959334566
2.0,1.0,17.0,32.0,0.7890342679127726,0.7715341959334566
2.0,1.0,17.0,50.0,0.7890342679127726,0.7715341959334566
2.0,1.0,17.0,80.0,0.7890342679127726,0.7715341959334566
2.0,1.0,17.0,128.0,0.7890342679127726,0.7715341959334566
2.0,1.0,20.0,2.0,0.7890342679127726,0.7715341959334566
2.0,1.0,20.0,3.0,0.7890342679127726,0.7715341959334566
2.0,1.0,20.0,5.0,0.7890342679127726,0.7715341959334566
2.0,1.0,20.0,8.0,0.7890342679127726,0.7715341959334566
2.0,1.0,20.0,12.0,0.7890342679127726,0.7715341959334566
2.0,1.0,20.0,20.0,0.7890342679127726,0.7715341959334566
2.0,1.0,20.0,32.0,0.7890342679127726,0.7715341959334566
2.0,1.0,20.0,50.0,0.7890342679127726,0.7715341959334566
2.0,1.0,20.0,80.0,0.7890342679127726,0.7715341959334566
2.0,1.0,20.0,128.0,0.7890342679127726,0.7715341959334566
3.0,0.0,1.0,2.0,0.8021183800623053,0.7889094269870609
3.0,0.0,1.0,3.0,0.8021183800623053,0.7889094269870609
3.0,0.0,1.0,5.0,0.8021183800623053,0.7889094269870609
3.0,0.0,1.0,8.0,0.8021183800623053,0.7889094269870609
3.0,0.0,1.0,12.0,0.8021183800623053,0.7889094269870609
3.0,0.0,1.0,20.0,0.802367601246106,0.7885397412199631
3.0,0.0,1.0,32.0,0.8022429906542057,0.7870609981515712
3.0,0.0,1.0,50.0,0.8021183800623053,0.7881700554528651
3.0,0.0,1.0,80.0,0.8016199376947041,0.787800369685767
3.0,0.0,1.0,128.0,0.8019937694704049,0.7874306839186691
3.0,0.0,3.0,2.0,0.802367601246106,0.7889094269870609
3.0,0.0,3.0,3.0,0.802367601246106,0.7889094269870609
3.0,0.0,3.0,5.0,0.802367601246106,0.7889094269870609
3.0,0.0,3.0,8.0,0.802367601246106,0.7889094269870609
3.0,0.0,3.0,12.0,0.802367601246106,0.7889094269870609
3.0,0.0,3.0,20.0,0.8022429906542057,0.7881700554528651
3.0,0.0,3.0,32.0,0.802367601246106,0.7870609981515712
3.0,0.0,3.0,50.0,0.802367601246106,0.7881700554528651
3.0,0.0,3.0,80.0,0.8016199376947041,0.787800369685767
3.0,0.0,3.0,128.0,0.8019937694704049,0.7874306839186691
3.0,0.0,5.0,2.0,0.802367601246106,0.7885397412199631
3.0,0.0,5.0,3.0,0.802367601246106,0.7885397412199631
3.0,0.0,5.0,5.0,0.802367601246106,0.7885397412199631
3.0,0.0,5.0,8.0,0.802367601246106,0.7885397412199631
3.0,0.0,5.0,12.0,0.802367601246106,0.7885397412199631
3.0,0.0,5.0,20.0,0.802367601246106,0.7881700554528651
3.0,0.0,5.0,32.0,0.802367601246106,0.7874306839186691
3.0,0.0,5.0,50.0,0.802367601246106,0.7881700554528651
3.0,0.0,5.0,80.0,0.8017445482866045,0.787800369685767
3.0,0.0,5.0,128.0,0.8019937694704049,0.7874306839186691
3.0,0.0,7.0,2.0,0.8024922118380061,0.7889094269870609
3.0,0.0,7.0,3.0,0.8024922118380061,0.7889094269870609
3.0,0.0,7.0,5.0,0.8024922118380061,0.7889094269870609
3.0,0.0,7.0,8.0,0.8024922118380061,0.7889094269870609
3.0,0.0,7.0,12.0,0.8024922118380061,0.7889094269870609
3.0,0.0,7.0,20.0,0.802367601246106,0.789279112754159
3.0,0.0,7.0,32.0,0.8021183800623053,0.787800369685767
3.0,0.0,7.0,50.0,0.8024922118380061,0.7874306839186691
3.0,0.0,7.0,80.0,0.8017445482866045,0.7870609981515712
3.0,0.0,7.0,128.0,0.8017445482866045,0.7874306839186691
3.0,0.0,9.0,2.0,0.8016199376947041,0.7881700554528651
3.0,0.0,9.0,3.0,0.8016199376947041,0.7881700554528651
3.0,0.0,9.0,5.0,0.8016199376947041,0.7881700554528651
3.0,0.0,9.0,8.0,0.8016199376947041,0.7881700554528651
3.0,0.0,9.0,12.0,0.8016199376947041,0.7881700554528651
3.0,0.0,9.0,20.0,0.8018691588785046,0.7885397412199631
3.0,0.0,9.0,32.0,0.8016199376947041,0.787800369685767
3.0,0.0,9.0,50.0,0.8021183800623053,0.7874306839186691
3.0,0.0,9.0,80.0,0.8014953271028038,0.7870609981515712
3.0,0.0,9.0,128.0,0.8017445482866045,0.7874306839186691
3.0,0.0,11.0,2.0,0.8021183800623053,0.7881700554528651
3.0,0.0,11.0,3.0,0.8021183800623053,0.7881700554528651
3.0,0.0,11.0,5.0,0.8021183800623053,0.7881700554528651
3.0,0.0,11.0,8.0,0.8021183800623053,0.7881700554528651
3.0,0.0,11.0,12.0,0.8021183800623053,0.7881700554528651
3.0,0.0,11.0,20.0,0.8021183800623053,0.7881700554528651
3.0,0.0,11.0,32.0,0.8019937694704049,0.787800369685767
3.0,0.0,11.0,50.0,0.8019937694704049,0.787800369685767
3.0,0.0,11.0,80.0,0.8017445482866045,0.787800369685767
3.0,0.0,11.0,128.0,0.8017445482866045,0.787800369685767
3.0,0.0,13.0,2.0,0.8026168224299065,0.7881700554528651
3.0,0.0,13.0,3.0,0.8026168224299065,0.7881700554528651
3.0,0.0,13.0,5.0,0.8026168224299065,0.7881700554528651
3.0,0.0,13.0,8.0,0.8026168224299065,0.7881700554528651
3.0,0.0,13.0,12.0,0.8026168224299065,0.7881700554528651
3.0,0.0,13.0,20.0,0.8026168224299065,0.7881700554528651
3.0,0.0,13.0,32.0,0.8026168224299065,0.7889094269870609
3.0,0.0,13.0,50.0,0.8024922118380061,0.7881700554528651
3.0,0.0,13.0,80.0,0.8017445482866045,0.7874306839186691
3.0,0.0,13.0,128.0,0.8019937694704049,0.7881700554528651
3.0,0.0,15.0,2.0,0.8021183800623053,0.7885397412199631
3.0,0.0,15.0,3.0,0.8021183800623053,0.7885397412199631
3.0,0.0,15.0,5.0,0.8021183800623053,0.7885397412199631
3.0,0.0,15.0,8.0,0.8021183800623053,0.7885397412199631
3.0,0.0,15.0,12.0,0.8021183800623053,0.7885397412199631
3.0,0.0,15.0,20.0,0.8021183800623053,0.7885397412199631
3.0,0.0,15.0,32.0,0.8024922118380063,0.7885397412199631
3.0,0.0,15.0,50.0,0.802367601246106,0.7881700554528651
3.0,0.0,15.0,80.0,0.8017445482866045,0.7874306839186691
3.0,0.0,15.0,128.0,0.8016199376947041,0.787800369685767
3.0,0.0,17.0,2.0,0.8024922118380061,0.787800369685767
3.0,0.0,17.0,3.0,0.8024922118380061,0.787800369685767
3.0,0.0,17.0,5.0,0.8024922118380061,0.787800369685767
3.0,0.0,17.0,8.0,0.8024922118380061,0.787800369685767
3.0,0.0,17.0,12.0,0.8024922118380061,0.787800369685767
3.0,0.0,17.0,20.0,0.8024922118380061,0.787800369685767
3.0,0.0,17.0,32.0,0.8024922118380061,0.787800369685767
3.0,0.0,17.0,50.0,0.8022429906542057,0.787800369685767
3.0,0.0,17.0,80.0,0.8018691588785046,0.787800369685767
3.0,0.0,17.0,128.0,0.8019937694704049,0.787800369685767
3.0,0.0,20.0,2.0,0.8022429906542057,0.7866913123844732
3.0,0.0,20.0,3.0,0.8022429906542057,0.7866913123844732
3.0,0.0,20.0,5.0,0.8022429906542057,0.7866913123844732
3.0,0.0,20.0,8.0,0.8022429906542057,0.7866913123844732
3.0,0.0,20.0,12.0,0.8022429906542057,0.7866913123844732
3.0,0.0,20.0,20.0,0.8022429906542057,0.7866913123844732
3.0,0.0,20.0,32.0,0.8022429906542057,0.7866913123844732
3.0,0.0,20.0,50.0,0.8024922118380061,0.787800369685767
3.0,0.0,20.0,80.0,0.8021183800623053,0.7874306839186691
3.0,0.0,20.0,128.0,0.8021183800623053,0.787800369685767
3.0,0.11111111,1.0,2.0,0.8021183800623053,0.7889094269870609
3.0,0.11111111,1.0,3.0,0.8021183800623053,0.7889094269870609
3.0,0.11111111,1.0,5.0,0.8021183800623053,0.7889094269870609
3.0,0.11111111,1.0,8.0,0.8021183800623053,0.7889094269870609
3.0,0.11111111,1.0,12.0,0.8021183800623053,0.7889094269870609
3.0,0.11111111,1.0,20.0,0.802367601246106,0.7885397412199631
3.0,0.11111111,1.0,32.0,0.8022429906542057,0.7870609981515712
3.0,0.11111111,1.0,50.0,0.8021183800623053,0.7881700554528651
3.0,0.11111111,1.0,80.0,0.8016199376947041,0.787800369685767
3.0,0.11111111,1.0,128.0,0.8019937694704049,0.7874306839186691
3.0,0.11111111,3.0,2.0,0.802367601246106,0.7889094269870609
3.0,0.11111111,3.0,3.0,0.802367601246106,0.7889094269870609
3.0,0.11111111,3.0,5.0,0.802367601246106,0.7889094269870609
3.0,0.11111111,3.0,8.0,0.802367601246106,0.7889094269870609
3.0,0.11111111,3.0,12.0,0.802367601246106,0.7889094269870609
3.0,0.11111111,3.0,20.0,0.8022429906542057,0.7881700554528651
3.0,0.11111111,3.0,32.0,0.802367601246106,0.7870609981515712
3.0,0.11111111,3.0,50.0,0.802367601246106,0.7881700554528651
3.0,0.11111111,3.0,80.0,0.8016199376947041,0.787800369685767
3.0,0.11111111,3.0,128.0,0.8019937694704049,0.7874306839186691
3.0,0.11111111,5.0,2.0,0.802367601246106,0.7885397412199631
3.0,0.11111111,5.0,3.0,0.802367601246106,0.7885397412199631
3.0,0.11111111,5.0,5.0,0.802367601246106,0.7885397412199631
3.0,0.11111111,5.0,8.0,0.802367601246106,0.7885397412199631
3.0,0.11111111,5.0,12.0,0.802367601246106,0.7885397412199631
3.0,0.11111111,5.0,20.0,0.802367601246106,0.7881700554528651
3.0,0.11111111,5.0,32.0,0.802367601246106,0.7874306839186691
3.0,0.11111111,5.0,50.0,0.802367601246106,0.7881700554528651
3.0,0.11111111,5.0,80.0,0.8017445482866045,0.787800369685767
3.0,0.11111111,5.0,128.0,0.8019937694704049,0.7874306839186691
3.0,0.11111111,7.0,2.0,0.8024922118380061,0.7889094269870609
3.0,0.11111111,7.0,3.0,0.8024922118380061,0.7889094269870609
3.0,0.11111111,7.0,5.0,0.8024922118380061,0.7889094269870609
3.0,0.11111111,7.0,8.0,0.8024922118380061,0.7889094269870609
3.0,0.11111111,7.0,12.0,0.8024922118380061,0.7889094269870609
3.0,0.11111111,7.0,20.0,0.802367601246106,0.789279112754159
3.0,0.11111111,7.0,32.0,0.8021183800623053,0.787800369685767
3.0,0.11111111,7.0,50.0,0.8024922118380061,0.7874306839186691
3.0,0.11111111,7.0,80.0,0.8017445482866045,0.7870609981515712
3.0,0.11111111,7.0,128.0,0.8017445482866045,0.7874306839186691
3.0,0.11111111,9.0,2.0,0.8016199376947041,0.7881700554528651
3.0,0.11111111,9.0,3.0,0.8016199376947041,0.7881700554528651
3.0,0.11111111,9.0,5.0,0.8016199376947041,0.7881700554528651
3.0,0.11111111,9.0,8.0,0.8016199376947041,0.7881700554528651
3.0,0.11111111,9.0,12.0,0.8016199376947041,0.7881700554528651
3.0,0.11111111,9.0,20.0,0.8018691588785046,0.7885397412199631
3.0,0.11111111,9.0,32.0,0.8016199376947041,0.787800369685767
3.0,0.11111111,9.0,50.0,0.8021183800623053,0.7874306839186691
3.0,0.11111111,9.0,80.0,0.8014953271028038,0.7870609981515712
3.0,0.11111111,9.0,128.0,0.8017445482866045,0.7874306839186691
3.0,0.11111111,11.0,2.0,0.8021183800623053,0.7881700554528651
3.0,0.11111111,11.0,3.0,0.8021183800623053,0.7881700554528651
3.0,0.11111111,11.0,5.0,0.8021183800623053,0.7881700554528651
3.0,0.11111111,11.0,8.0,0.8021183800623053,0.7881700554528651
3.0,0.11111111,11.0,12.0,0.8021183800623053,0.7881700554528651
3.0,0.11111111,11.0,20.0,0.8021183800623053,0.7881700554528651
3.0,0.11111111,11.0,32.0,0.8019937694704049,0.787800369685767
3.0,0.11111111,11.0,50.0,0.8019937694704049,0.787800369685767
3.0,0.11111111,11.0,80.0,0.8017445482866045,0.787800369685767
3.0,0.11111111,11.0,128.0,0.8017445482866045,0.787800369685767
3.0,0.11111111,13.0,2.0,0.8026168224299065,0.7881700554528651
3.0,0.11111111,13.0,3.0,0.8026168224299065,0.7881700554528651
3.0,0.11111111,13.0,5.0,0.8026168224299065,0.7881700554528651
3.0,0.11111111,13.0,8.0,0.8026168224299065,0.7881700554528651
3.0,0.11111111,13.0,12.0,0.8026168224299065,0.7881700554528651
3.0,0.11111111,13.0,20.0,0.8026168224299065,0.7881700554528651
3.0,0.11111111,13.0,32.0,0.8026168224299065,0.7889094269870609
3.0,0.11111111,13.0,50.0,0.8024922118380061,0.7881700554528651
3.0,0.11111111,13.0,80.0,0.8017445482866045,0.7874306839186691
3.0,0.11111111,13.0,128.0,0.8019937694704049,0.7881700554528651
3.0,0.11111111,15.0,2.0,0.8021183800623053,0.7885397412199631
3.0,0.11111111,15.0,3.0,0.8021183800623053,0.7885397412199631
3.0,0.11111111,15.0,5.0,0.8021183800623053,0.7885397412199631
3.0,0.11111111,15.0,8.0,0.8021183800623053,0.7885397412199631
3.0,0.11111111,15.0,12.0,0.8021183800623053,0.7885397412199631
3.0,0.11111111,15.0,20.0,0.8021183800623053,0.7885397412199631
3.0,0.11111111,15.0,32.0,0.8024922118380063,0.7885397412199631
3.0,0.11111111,15.0,50.0,0.802367601246106,0.7881700554528651
3.0,0.11111111,15.0,80.0,0.8017445482866045,0.7874306839186691
3.0,0.11111111,15.0,128.0,0.8016199376947041,0.787800369685767
3.0,0.11111111,17.0,2.0,0.8024922118380061,0.787800369685767
3.0,0.11111111,17.0,3.0,0.8024922118380061,0.787800369685767
3.0,0.11111111,17.0,5.0,0.8024922118380061,0.787800369685767
3.0,0.11111111,17.0,8.0,0.8024922118380061,0.787800369685767
3.0,0.11111111,17.0,12.0,0.8024922118380061,0.787800369685767
3.0,0.11111111,17.0,20.0,0.8024922118380061,0.787800369685767
3.0,0.11111111,17.0,32.0,0.8024922118380061,0.787800369685767
3.0,0.11111111,17.0,50.0,0.8022429906542057,0.787800369685767
3.0,0.11111111,17.0,80.0,0.8018691588785046,0.787800369685767
3.0,0.11111111,17.0,128.0,0.8019937694704049,0.787800369685767
3.0,0.11111111,20.0,2.0,0.8022429906542057,0.7866913123844732
3.0,0.11111111,20.0,3.0,0.8022429906542057,0.7866913123844732
3.0,0.11111111,20.0,5.0,0.8022429906542057,0.7866913123844732
3.0,0.11111111,20.0,8.0,0.8022429906542057,0.7866913123844732
3.0,0.11111111,20.0,12.0,0.8022429906542057,0.7866913123844732
3.0,0.11111111,20.0,20.0,0.8022429906542057,0.7866913123844732
3.0,0.11111111,20.0,32.0,0.8022429906542057,0.7866913123844732
3.0,0.11111111,20.0,50.0,0.8024922118380061,0.787800369685767
3.0,0.11111111,20.0,80.0,0.8021183800623053,0.7874306839186691
3.0,0.11111111,20.0,128.0,0.8021183800623053,0.787800369685767
3.0,0.22222222,1.0,2.0,0.8021183800623053,0.7889094269870609
3.0,0.22222222,1.0,3.0,0.8021183800623053,0.7889094269870609
3.0,0.22222222,1.0,5.0,0.8021183800623053,0.7889094269870609
3.0,0.22222222,1.0,8.0,0.8021183800623053,0.7889094269870609
3.0,0.22222222,1.0,12.0,0.8021183800623053,0.7889094269870609
3.0,0.22222222,1.0,20.0,0.802367601246106,0.7885397412199631
3.0,0.22222222,1.0,32.0,0.8022429906542057,0.7870609981515712
3.0,0.22222222,1.0,50.0,0.8021183800623053,0.7881700554528651
3.0,0.22222222,1.0,80.0,0.8016199376947041,0.787800369685767
3.0,0.22222222,1.0,128.0,0.8019937694704049,0.7874306839186691
3.0,0.22222222,3.0,2.0,0.802367601246106,0.7889094269870609
3.0,0.22222222,3.0,3.0,0.802367601246106,0.7889094269870609
3.0,0.22222222,3.0,5.0,0.802367601246106,0.7889094269870609
3.0,0.22222222,3.0,8.0,0.802367601246106,0.7889094269870609
3.0,0.22222222,3.0,12.0,0.802367601246106,0.7889094269870609
3.0,0.22222222,3.0,20.0,0.8022429906542057,0.7881700554528651
3.0,0.22222222,3.0,32.0,0.802367601246106,0.7870609981515712
3.0,0.22222222,3.0,50.0,0.802367601246106,0.7881700554528651
3.0,0.22222222,3.0,80.0,0.8016199376947041,0.787800369685767
3.0,0.22222222,3.0,128.0,0.8019937694704049,0.7874306839186691
3.0,0.22222222,5.0,2.0,0.802367601246106,0.7885397412199631
3.0,0.22222222,5.0,3.0,0.802367601246106,0.7885397412199631
3.0,0.22222222,5.0,5.0,0.802367601246106,0.7885397412199631
3.0,0.22222222,5.0,8.0,0.802367601246106,0.7885397412199631
3.0,0.22222222,5.0,12.0,0.802367601246106,0.7885397412199631
3.0,0.22222222,5.0,20.0,0.802367601246106,0.7881700554528651
3.0,0.22222222,5.0,32.0,0.802367601246106,0.7874306839186691
3.0,0.22222222,5.0,50.0,0.802367601246106,0.7881700554528651
3.0,0.22222222,5.0,80.0,0.8017445482866045,0.787800369685767
3.0,0.22222222,5.0,128.0,0.8019937694704049,0.7874306839186691
3.0,0.22222222,7.0,2.0,0.8024922118380061,0.7889094269870609
3.0,0.22222222,7.0,3.0,0.8024922118380061,0.7889094269870609
3.0,0.22222222,7.0,5.0,0.8024922118380061,0.7889094269870609
3.0,0.22222222,7.0,8.0,0.8024922118380061,0.7889094269870609
3.0,0.22222222,7.0,12.0,0.8024922118380061,0.7889094269870609
3.0,0.22222222,7.0,20.0,0.802367601246106,0.789279112754159
3.0,0.22222222,7.0,32.0,0.8021183800623053,0.787800369685767
3.0,0.22222222,7.0,50.0,0.8024922118380061,0.7874306839186691
3.0,0.22222222,7.0,80.0,0.8017445482866045,0.7870609981515712
3.0,0.22222222,7.0,128.0,0.8017445482866045,0.7874306839186691
3.0,0.22222222,9.0,2.0,0.8016199376947041,0.7881700554528651
3.0,0.22222222,9.0,3.0,0.8016199376947041,0.7881700554528651
3.0,0.22222222,9.0,5.0,0.8016199376947041,0.7881700554528651
3.0,0.22222222,9.0,8.0,0.8016199376947041,0.7881700554528651
3.0,0.22222222,9.0,12.0,0.8016199376947041,0.7881700554528651
3.0,0.22222222,9.0,20.0,0.8018691588785046,0.7885397412199631
3.0,0.22222222,9.0,32.0,0.8016199376947041,0.787800369685767
3.0,0.22222222,9.0,50.0,0.8021183800623053,0.7874306839186691
3.0,0.22222222,9.0,80.0,0.8014953271028038,0.7870609981515712
3.0,0.22222222,9.0,128.0,0.8017445482866045,0.7874306839186691
3.0,0.22222222,11.0,2.0,0.8021183800623053,0.7881700554528651
3.0,0.22222222,11.0,3.0,0.8021183800623053,0.7881700554528651
3.0,0.22222222,11.0,5.0,0.8021183800623053,0.7881700554528651
3.0,0.22222222,11.0,8.0,0.8021183800623053,0.7881700554528651
3.0,0.22222222,11.0,12.0,0.8021183800623053,0.7881700554528651
3.0,0.22222222,11.0,20.0,0.8021183800623053,0.7881700554528651
3.0,0.22222222,11.0,32.0,0.8019937694704049,0.787800369685767
3.0,0.22222222,11.0,50.0,0.8019937694704049,0.787800369685767
3.0,0.22222222,11.0,80.0,0.8017445482866045,0.787800369685767
3.0,0.22222222,11.0,128.0,0.8017445482866045,0.787800369685767
3.0,0.22222222,13.0,2.0,0.8026168224299065,0.7881700554528651
3.0,0.22222222,13.0,3.0,0.8026168224299065,0.7881700554528651
3.0,0.22222222,13.0,5.0,0.8026168224299065,0.7881700554528651
3.0,0.22222222,13.0,8.0,0.8026168224299065,0.7881700554528651
3.0,0.22222222,13.0,12.0,0.8026168224299065,0.7881700554528651
3.0,0.22222222,13.0,20.0,0.8026168224299065,0.7881700554528651
3.0,0.22222222,13.0,32.0,0.8026168224299065,0.7889094269870609
3.0,0.22222222,13.0,50.0,0.8024922118380061,0.7881700554528651
3.0,0.22222222,13.0,80.0,0.8017445482866045,0.7874306839186691
3.0,0.22222222,13.0,128.0,0.8019937694704049,0.7881700554528651
3.0,0.22222222,15.0,2.0,0.8021183800623053,0.7885397412199631
3.0,0.22222222,15.0,3.0,0.8021183800623053,0.7885397412199631
3.0,0.22222222,15.0,5.0,0.8021183800623053,0.7885397412199631
3.0,0.22222222,15.0,8.0,0.8021183800623053,0.7885397412199631
3.0,0.22222222,15.0,12.0,0.8021183800623053,0.7885397412199631
3.0,0.22222222,15.0,20.0,0.8021183800623053,0.7885397412199631
3.0,0.22222222,15.0,32.0,0.8024922118380063,0.7885397412199631
3.0,0.22222222,15.0,50.0,0.802367601246106,0.7881700554528651
3.0,0.22222222,15.0,80.0,0.8017445482866045,0.7874306839186691
3.0,0.22222222,15.0,128.0,0.8016199376947041,0.787800369685767
3.0,0.22222222,17.0,2.0,0.8024922118380061,0.787800369685767
3.0,0.22222222,17.0,3.0,0.8024922118380061,0.787800369685767
3.0,0.22222222,17.0,5.0,0.8024922118380061,0.787800369685767
3.0,0.22222222,17.0,8.0,0.8024922118380061,0.787800369685767
3.0,0.22222222,17.0,12.0,0.8024922118380061,0.787800369685767
3.0,0.22222222,17.0,20.0,0.8024922118380061,0.787800369685767
3.0,0.22222222,17.0,32.0,0.8024922118380061,0.787800369685767
3.0,0.22222222,17.0,50.0,0.8022429906542057,0.787800369685767
3.0,0.22222222,17.0,80.0,0.8018691588785046,0.787800369685767
3.0,0.22222222,17.0,128.0,0.8019937694704049,0.787800369685767
3.0,0.22222222,20.0,2.0,0.8022429906542057,0.7866913123844732
3.0,0.22222222,20.0,3.0,0.8022429906542057,0.7866913123844732
3.0,0.22222222,20.0,5.0,0.8022429906542057,0.7866913123844732
3.0,0.22222222,20.0,8.0,0.8022429906542057,0.7866913123844732
3.0,0.22222222,20.0,12.0,0.8022429906542057,0.7866913123844732
3.0,0.22222222,20.0,20.0,0.8022429906542057,0.7866913123844732
3.0,0.22222222,20.0,32.0,0.8022429906542057,0.7866913123844732
3.0,0.22222222,20.0,50.0,0.8024922118380061,0.787800369685767
3.0,0.22222222,20.0,80.0,0.8021183800623053,0.7874306839186691
3.0,0.22222222,20.0,128.0,0.8021183800623053,0.787800369685767
3.0,0.33333334,1.0,2.0,0.815202492211838,0.8062846580406655
3.0,0.33333334,1.0,3.0,0.815202492211838,0.8062846580406655
3.0,0.33333334,1.0,5.0,0.815202492211838,0.8062846580406655
3.0,0.33333334,1.0,8.0,0.815202492211838,0.8062846580406655
3.0,0.33333334,1.0,12.0,0.815202492211838,0.8062846580406655
3.0,0.33333334,1.0,20.0,0.8149532710280374,0.8062846580406655
3.0,0.33333334,1.0,32.0,0.8145794392523363,0.8051756007393716
3.0,0.33333334,1.0,50.0,0.8139563862928348,0.8066543438077634
3.0,0.33333334,1.0,80.0,0.8132087227414331,0.8059149722735676
3.0,0.33333334,1.0,128.0,0.8132087227414331,0.8073937153419595
3.0,0.33333334,3.0,2.0,0.8149532710280374,0.8062846580406655
3.0,0.33333334,3.0,3.0,0.8149532710280374,0.8062846580406655
3.0,0.33333334,3.0,5.0,0.8149532710280374,0.8062846580406655
3.0,0.33333334,3.0,8.0,0.8149532710280374,0.8062846580406655
3.0,0.33333334,3.0,12.0,0.8149532710280374,0.8062846580406655
3.0,0.33333334,3.0,20.0,0.814828660436137,0.8062846580406655
3.0,0.33333334,3.0,32.0,0.8144548286604362,0.8051756007393716
3.0,0.33333334,3.0,50.0,0.8140809968847351,0.8066543438077634
3.0,0.33333334,3.0,80.0,0.8130841121495328,0.8059149722735676
3.0,0.33333334,3.0,128.0,0.8130841121495328,0.8073937153419595
3.0,0.33333334,5.0,2.0,0.814828660436137,0.8062846580406655
3.0,0.33333334,5.0,3.0,0.814828660436137,0.8062846580406655
3.0,0.33333334,5.0,5.0,0.814828660436137,0.8062846580406655
3.0,0.33333334,5.0,8.0,0.814828660436137,0.8062846580406655
3.0,0.33333334,5.0,12.0,0.814828660436137,0.8062846580406655
3.0,0.33333334,5.0,20.0,0.8145794392523363,0.8062846580406655
3.0,0.33333334,5.0,32.0,0.8143302180685359,0.8051756007393716
3.0,0.33333334,5.0,50.0,0.8138317757009347,0.8066543438077634
3.0,0.33333334,5.0,80.0,0.8132087227414331,0.8059149722735676
3.0,0.33333334,5.0,128.0,0.8133333333333332,0.8073937153419595
3.0,0.33333334,7.0,2.0,0.8147040498442367,0.8066543438077634
3.0,0.33333334,7.0,3.0,0.8147040498442367,0.8066543438077634
3.0,0.33333334,7.0,5.0,0.8147040498442367,0.8066543438077634
3.0,0.33333334,7.0,8.0,0.8147040498442367,0.8066543438077634
3.0,0.33333334,7.0,12.0,0.8147040498442367,0.8066543438077634
3.0,0.33333334,7.0,20.0,0.8147040498442367,0.8066543438077634
3.0,0.33333334,7.0,32.0,0.8142056074766355,0.8055452865064694
3.0,0.33333334,7.0,50.0,0.8137071651090343,0.8070240295748613
3.0,0.33333334,7.0,80.0,0.8132087227414331,0.8062846580406655
3.0,0.33333334,7.0,128.0,0.8134579439252336,0.8073937153419595
3.0,0.33333334,9.0,2.0,0.8147040498442368,0.8066543438077634
3.0,0.33333334,9.0,3.0,0.8147040498442368,0.8066543438077634
3.0,0.33333334,9.0,5.0,0.8147040498442368,0.8066543438077634
3.0,0.33333334,9.0,8.0,0.8147040498442368,0.8066543438077634
3.0,0.33333334,9.0,12.0,0.8147040498442368,0.8066543438077634
3.0,0.33333334,9.0,20.0,0.8144548286604362,0.8066543438077634
3.0,0.33333334,9.0,32.0,0.8140809968847351,0.8055452865064694
3.0,0.33333334,9.0,50.0,0.8134579439252336,0.8070240295748613
3.0,0.33333334,9.0,80.0,0.8128348909657321,0.8062846580406655
3.0,0.33333334,9.0,128.0,0.8130841121495328,0.8070240295748613
3.0,0.33333334,11.0,2.0,0.8144548286604362,0.8066543438077634
3.0,0.33333334,11.0,3.0,0.8144548286604362,0.8066543438077634
3.0,0.33333334,11.0,5.0,0.8144548286604362,0.8066543438077634
3.0,0.33333334,11.0,8.0,0.8144548286604362,0.8066543438077634
3.0,0.33333334,11.0,12.0,0.8144548286604362,0.8066543438077634
3.0,0.33333334,11.0,20.0,0.8144548286604362,0.8066543438077634
3.0,0.33333334,11.0,32.0,0.8140809968847351,0.8055452865064694
3.0,0.33333334,11.0,50.0,0.8134579439252336,0.8066543438077634
3.0,0.33333334,11.0,80.0,0.8129595015576324,0.8059149722735676
3.0,0.33333334,11.0,128.0,0.8129595015576324,0.8070240295748613
3.0,0.33333334,13.0,2.0,0.8140809968847351,0.8066543438077634
3.0,0.33333334,13.0,3.0,0.8140809968847351,0.8066543438077634
3.0,0.33333334,13.0,5.0,0.8140809968847351,0.8066543438077634
3.0,0.33333334,13.0,8.0,0.8140809968847351,0.8066543438077634
3.0,0.33333334,13.0,12.0,0.8140809968847351,0.8066543438077634
3.0,0.33333334,13.0,20.0,0.8140809968847351,0.8066543438077634
3.0,0.33333334,13.0,32.0,0.8139563862928348,0.8055452865064694
3.0,0.33333334,13.0,50.0,0.8134579439252336,0.8066543438077634
3.0,0.33333334,13.0,80.0,0.8130841121495328,0.8062846580406655
3.0,0.33333334,13.0,128.0,0.8130841121495328,0.8062846580406655
3.0,0.33333334,15.0,2.0,0.8138317757009347,0.8055452865064694
3.0,0.33333334,15.0,3.0,0.8138317757009347,0.8055452865064694
3.0,0.33333334,15.0,5.0,0.8138317757009347,0.8055452865064694
3.0,0.33333334,15.0,8.0,0.8138317757009347,0.8055452865064694
3.0,0.33333334,15.0,12.0,0.8138317757009347,0.8055452865064694
3.0,0.33333334,15.0,20.0,0.8138317757009347,0.8055452865064694
3.0,0.33333334,15.0,32.0,0.8138317757009347,0.8055452865064694
3.0,0.33333334,15.0,50.0,0.8132087227414331,0.8066543438077634
3.0,0.33333334,15.0,80.0,0.8128348909657321,0.8062846580406655
3.0,0.33333334,15.0,128.0,0.8130841121495328,0.8062846580406655
3.0,0.33333334,17.0,2.0,0.8137071651090343,0.8062846580406655
3.0,0.33333334,17.0,3.0,0.8137071651090343,0.8062846580406655
3.0,0.33333334,17.0,5.0,0.8137071651090343,0.8062846580406655
3.0,0.33333334,17.0,8.0,0.8137071651090343,0.8062846580406655
3.0,0.33333334,17.0,12.0,0.8137071651090343,0.8062846580406655
3.0,0.33333334,17.0,20.0,0.8137071651090343,0.8062846580406655
3.0,0.33333334,17.0,32.0,0.8137071651090343,0.8062846580406655
3.0,0.33333334,17.0,50.0,0.8132087227414331,0.8066543438077634
3.0,0.33333334,17.0,80.0,0.8127102803738318,0.8062846580406655
3.0,0.33333334,17.0,128.0,0.8129595015576324,0.8062846580406655
3.0,0.33333334,20.0,2.0,0.8134579439252336,0.8055452865064694
3.0,0.33333334,20.0,3.0,0.8134579439252336,0.8055452865064694
3.0,0.33333334,20.0,5.0,0.8134579439252336,0.8055452865064694
3.0,0.33333334,20.0,8.0,0.8134579439252336,0.8055452865064694
3.0,0.33333334,20.0,12.0,0.8134579439252336,0.8055452865064694
3.0,0.33333334,20.0,20.0,0.8134579439252336,0.8055452865064694
3.0,0.33333334,20.0,32.0,0.8134579439252336,0.8055452865064694
3.0,0.33333334,20.0,50.0,0.8129595015576324,0.8059149722735676
3.0,0.33333334,20.0,80.0,0.8125856697819314,0.8055452865064694
3.0,0.33333334,20.0,128.0,0.8130841121495328,0.8062846580406655
3.0,0.44444445,1.0,2.0,0.815202492211838,0.8062846580406655
3.0,0.44444445,1.0,3.0,0.815202492211838,0.8062846580406655
3.0,0.44444445,1.0,5.0,0.815202492211838,0.8062846580406655
3.0,0.44444445,1.0,8.0,0.815202492211838,0.8062846580406655
3.0,0.44444445,1.0,12.0,0.815202492211838,0.8062846580406655
3.0,0.44444445,1.0,20.0,0.8149532710280374,0.8062846580406655
3.0,0.44444445,1.0,32.0,0.8145794392523363,0.8051756007393716
3.0,0.44444445,1.0,50.0,0.8139563862928348,0.8066543438077634
3.0,0.44444445,1.0,80.0,0.8132087227414331,0.8059149722735676
3.0,0.44444445,1.0,128.0,0.8132087227414331,0.8073937153419595
3.0,0.44444445,3.0,2.0,0.8149532710280374,0.8062846580406655
3.0,0.44444445,3.0,3.0,0.8149532710280374,0.8062846580406655
3.0,0.44444445,3.0,5.0,0.8149532710280374,0.8062846580406655
3.0,0.44444445,3.0,8.0,0.8149532710280374,0.8062846580406655
3.0,0.44444445,3.0,12.0,0.8149532710280374,0.8062846580406655
3.0,0.44444445,3.0,20.0,0.814828660436137,0.8062846580406655
3.0,0.44444445,3.0,32.0,0.8144548286604362,0.8051756007393716
3.0,0.44444445,3.0,50.0,0.8140809968847351,0.8066543438077634
3.0,0.44444445,3.0,80.0,0.8130841121495328,0.8059149722735676
3.0,0.44444445,3.0,128.0,0.8130841121495328,0.8073937153419595
3.0,0.44444445,5.0,2.0,0.814828660436137,0.8062846580406655
3.0,0.44444445,5.0,3.0,0.814828660436137,0.8062846580406655
3.0,0.44444445,5.0,5.0,0.814828660436137,0.8062846580406655
3.0,0.44444445,5.0,8.0,0.814828660436137,0.8062846580406655
3.0,0.44444445,5.0,12.0,0.814828660436137,0.8062846580406655
3.0,0.44444445,5.0,20.0,0.8145794392523363,0.8062846580406655
3.0,0.44444445,5.0,32.0,0.8143302180685359,0.8051756007393716
3.0,0.44444445,5.0,50.0,0.8138317757009347,0.8066543438077634
3.0,0.44444445,5.0,80.0,0.8132087227414331,0.8059149722735676
3.0,0.44444445,5.0,128.0,0.8133333333333332,0.8073937153419595
3.0,0.44444445,7.0,2.0,0.8147040498442367,0.8066543438077634
3.0,0.44444445,7.0,3.0,0.8147040498442367,0.8066543438077634
3.0,0.44444445,7.0,5.0,0.8147040498442367,0.8066543438077634
3.0,0.44444445,7.0,8.0,0.8147040498442367,0.8066543438077634
3.0,0.44444445,7.0,12.0,0.8147040498442367,0.8066543438077634
3.0,0.44444445,7.0,20.0,0.8147040498442367,0.8066543438077634
3.0,0.44444445,7.0,32.0,0.8142056074766355,0.8055452865064694
3.0,0.44444445,7.0,50.0,0.8137071651090343,0.8070240295748613
3.0,0.44444445,7.0,80.0,0.8132087227414331,0.8062846580406655
3.0,0.44444445,7.0,128.0,0.8134579439252336,0.8073937153419595
3.0,0.44444445,9.0,2.0,0.8147040498442368,0.8066543438077634
3.0,0.44444445,9.0,3.0,0.8147040498442368,0.8066543438077634
3.0,0.44444445,9.0,5.0,0.8147040498442368,0.8066543438077634
3.0,0.44444445,9.0,8.0,0.8147040498442368,0.8066543438077634
3.0,0.44444445,9.0,12.0,0.8147040498442368,0.8066543438077634
3.0,0.44444445,9.0,20.0,0.8144548286604362,0.8066543438077634
3.0,0.44444445,9.0,32.0,0.8140809968847351,0.8055452865064694
3.0,0.44444445,9.0,50.0,0.8134579439252336,0.8070240295748613
3.0,0.44444445,9.0,80.0,0.8128348909657321,0.8062846580406655
3.0,0.44444445,9.0,128.0,0.8130841121495328,0.8070240295748613
3.0,0.44444445,11.0,2.0,0.8144548286604362,0.8066543438077634
3.0,0.44444445,11.0,3.0,0.8144548286604362,0.8066543438077634
3.0,0.44444445,11.0,5.0,0.8144548286604362,0.8066543438077634
3.0,0.44444445,11.0,8.0,0.8144548286604362,0.8066543438077634
3.0,0.44444445,11.0,12.0,0.8144548286604362,0.8066543438077634
3.0,0.44444445,11.0,20.0,0.8144548286604362,0.8066543438077634
3.0,0.44444445,11.0,32.0,0.8140809968847351,0.8055452865064694
3.0,0.44444445,11.0,50.0,0.8134579439252336,0.8066543438077634
3.0,0.44444445,11.0,80.0,0.8129595015576324,0.8059149722735676
3.0,0.44444445,11.0,128.0,0.8129595015576324,0.8070240295748613
3.0,0.44444445,13.0,2.0,0.8140809968847351,0.8066543438077634
3.0,0.44444445,13.0,3.0,0.8140809968847351,0.8066543438077634
3.0,0.44444445,13.0,5.0,0.8140809968847351,0.8066543438077634
3.0,0.44444445,13.0,8.0,0.8140809968847351,0.8066543438077634
3.0,0.44444445,13.0,12.0,0.8140809968847351,0.8066543438077634
3.0,0.44444445,13.0,20.0,0.8140809968847351,0.8066543438077634
3.0,0.44444445,13.0,32.0,0.8139563862928348,0.8055452865064694
3.0,0.44444445,13.0,50.0,0.8134579439252336,0.8066543438077634
3.0,0.44444445,13.0,80.0,0.8130841121495328,0.8062846580406655
3.0,0.44444445,13.0,128.0,0.8130841121495328,0.8062846580406655
3.0,0.44444445,15.0,2.0,0.8138317757009347,0.8055452865064694
3.0,0.44444445,15.0,3.0,0.8138317757009347,0.8055452865064694
3.0,0.44444445,15.0,5.0,0.8138317757009347,0.8055452865064694
3.0,0.44444445,15.0,8.0,0.8138317757009347,0.8055452865064694
3.0,0.44444445,15.0,12.0,0.8138317757009347,0.8055452865064694
3.0,0.44444445,15.0,20.0,0.8138317757009347,0.8055452865064694
3.0,0.44444445,15.0,32.0,0.8138317757009347,0.8055452865064694
3.0,0.44444445,15.0,50.0,0.8132087227414331,0.8066543438077634
3.0,0.44444445,15.0,80.0,0.8128348909657321,0.8062846580406655
3.0,0.44444445,15.0,128.0,0.8130841121495328,0.8062846580406655
3.0,0.44444445,17.0,2.0,0.8137071651090343,0.8062846580406655
3.0,0.44444445,17.0,3.0,0.8137071651090343,0.8062846580406655
3.0,0.44444445,17.0,5.0,0.8137071651090343,0.8062846580406655
3.0,0.44444445,17.0,8.0,0.8137071651090343,0.8062846580406655
3.0,0.44444445,17.0,12.0,0.8137071651090343,0.8062846580406655
3.0,0.44444445,17.0,20.0,0.8137071651090343,0.8062846580406655
3.0,0.44444445,17.0,32.0,0.8137071651090343,0.8062846580406655
3.0,0.44444445,17.0,50.0,0.8132087227414331,0.8066543438077634
3.0,0.44444445,17.0,80.0,0.8127102803738318,0.8062846580406655
3.0,0.44444445,17.0,128.0,0.8129595015576324,0.8062846580406655
3.0,0.44444445,20.0,2.0,0.8134579439252336,0.8055452865064694
3.0,0.44444445,20.0,3.0,0.8134579439252336,0.8055452865064694
3.0,0.44444445,20.0,5.0,0.8134579439252336,0.8055452865064694
3.0,0.44444445,20.0,8.0,0.8134579439252336,0.8055452865064694
3.0,0.44444445,20.0,12.0,0.8134579439252336,0.8055452865064694
3.0,0.44444445,20.0,20.0,0.8134579439252336,0.8055452865064694
3.0,0.44444445,20.0,32.0,0.8134579439252336,0.8055452865064694
3.0,0.44444445,20.0,50.0,0.8129595015576324,0.8059149722735676
3.0,0.44444445,20.0,80.0,0.8125856697819314,0.8055452865064694
3.0,0.44444445,20.0,128.0,0.8130841121495328,0.8062846580406655
3.0,0.5555556,1.0,2.0,0.815202492211838,0.8062846580406655
3.0,0.5555556,1.0,3.0,0.815202492211838,0.8062846580406655
3.0,0.5555556,1.0,5.0,0.815202492211838,0.8062846580406655
3.0,0.5555556,1.0,8.0,0.815202492211838,0.8062846580406655
3.0,0.5555556,1.0,12.0,0.815202492211838,0.8062846580406655
3.0,0.5555556,1.0,20.0,0.8149532710280374,0.8062846580406655
3.0,0.5555556,1.0,32.0,0.8145794392523363,0.8051756007393716
3.0,0.5555556,1.0,50.0,0.8139563862928348,0.8066543438077634
3.0,0.5555556,1.0,80.0,0.8132087227414331,0.8059149722735676
3.0,0.5555556,1.0,128.0,0.8132087227414331,0.8073937153419595
3.0,0.5555556,3.0,2.0,0.8149532710280374,0.8062846580406655
3.0,0.5555556,3.0,3.0,0.8149532710280374,0.8062846580406655
3.0,0.5555556,3.0,5.0,0.8149532710280374,0.8062846580406655
3.0,0.5555556,3.0,8.0,0.8149532710280374,0.8062846580406655
3.0,0.5555556,3.0,12.0,0.8149532710280374,0.8062846580406655
3.0,0.5555556,3.0,20.0,0.814828660436137,0.8062846580406655
3.0,0.5555556,3.0,32.0,0.8144548286604362,0.8051756007393716
3.0,0.5555556,3.0,50.0,0.8140809968847351,0.8066543438077634
3.0,0.5555556,3.0,80.0,0.8130841121495328,0.8059149722735676
3.0,0.5555556,3.0,128.0,0.8130841121495328,0.8073937153419595
3.0,0.5555556,5.0,2.0,0.814828660436137,0.8062846580406655
3.0,0.5555556,5.0,3.0,0.814828660436137,0.8062846580406655
3.0,0.5555556,5.0,5.0,0.814828660436137,0.8062846580406655
3.0,0.5555556,5.0,8.0,0.814828660436137,0.8062846580406655
3.0,0.5555556,5.0,12.0,0.814828660436137,0.8062846580406655
3.0,0.5555556,5.0,20.0,0.8145794392523363,0.8062846580406655
3.0,0.5555556,5.0,32.0,0.8143302180685359,0.8051756007393716
3.0,0.5555556,5.0,50.0,0.8138317757009347,0.8066543438077634
3.0,0.5555556,5.0,80.0,0.8132087227414331,0.8059149722735676
3.0,0.5555556,5.0,128.0,0.8133333333333332,0.8073937153419595
3.0,0.5555556,7.0,2.0,0.8147040498442367,0.8066543438077634
3.0,0.5555556,7.0,3.0,0.8147040498442367,0.8066543438077634
3.0,0.5555556,7.0,5.0,0.8147040498442367,0.8066543438077634
3.0,0.5555556,7.0,8.0,0.8147040498442367,0.8066543438077634
3.0,0.5555556,7.0,12.0,0.8147040498442367,0.8066543438077634
3.0,0.5555556,7.0,20.0,0.8147040498442367,0.8066543438077634
3.0,0.5555556,7.0,32.0,0.8142056074766355,0.8055452865064694
3.0,0.5555556,7.0,50.0,0.8137071651090343,0.8070240295748613
3.0,0.5555556,7.0,80.0,0.8132087227414331,0.8062846580406655
3.0,0.5555556,7.0,128.0,0.8134579439252336,0.8073937153419595
3.0,0.5555556,9.0,2.0,0.8147040498442368,0.8066543438077634
3.0,0.5555556,9.0,3.0,0.8147040498442368,0.8066543438077634
3.0,0.5555556,9.0,5.0,0.8147040498442368,0.8066543438077634
3.0,0.5555556,9.0,8.0,0.8147040498442368,0.8066543438077634
3.0,0.5555556,9.0,12.0,0.8147040498442368,0.8066543438077634
3.0,0.5555556,9.0,20.0,0.8144548286604362,0.8066543438077634
3.0,0.5555556,9.0,32.0,0.8140809968847351,0.8055452865064694
3.0,0.5555556,9.0,50.0,0.8134579439252336,0.8070240295748613
3.0,0.5555556,9.0,80.0,0.8128348909657321,0.8062846580406655
3.0,0.5555556,9.0,128.0,0.8130841121495328,0.8070240295748613
3.0,0.5555556,11.0,2.0,0.8144548286604362,0.8066543438077634
3.0,0.5555556,11.0,3.0,0.8144548286604362,0.8066543438077634
3.0,0.5555556,11.0,5.0,0.8144548286604362,0.8066543438077634
3.0,0.5555556,11.0,8.0,0.8144548286604362,0.8066543438077634
3.0,0.5555556,11.0,12.0,0.8144548286604362,0.8066543438077634
3.0,0.5555556,11.0,20.0,0.8144548286604362,0.8066543438077634
3.0,0.5555556,11.0,32.0,0.8140809968847351,0.8055452865064694
3.0,0.5555556,11.0,50.0,0.8134579439252336,0.8066543438077634
3.0,0.5555556,11.0,80.0,0.8129595015576324,0.8059149722735676
3.0,0.5555556,11.0,128.0,0.8129595015576324,0.8070240295748613
3.0,0.5555556,13.0,2.0,0.8140809968847351,0.8066543438077634
3.0,0.5555556,13.0,3.0,0.8140809968847351,0.8066543438077634
3.0,0.5555556,13.0,5.0,0.8140809968847351,0.8066543438077634
3.0,0.5555556,13.0,8.0,0.8140809968847351,0.8066543438077634
3.0,0.5555556,13.0,12.0,0.8140809968847351,0.8066543438077634
3.0,0.5555556,13.0,20.0,0.8140809968847351,0.8066543438077634
3.0,0.5555556,13.0,32.0,0.8139563862928348,0.8055452865064694
3.0,0.5555556,13.0,50.0,0.8134579439252336,0.8066543438077634
3.0,0.5555556,13.0,80.0,0.8130841121495328,0.8062846580406655
3.0,0.5555556,13.0,128.0,0.8130841121495328,0.8062846580406655
3.0,0.5555556,15.0,2.0,0.8138317757009347,0.8055452865064694
3.0,0.5555556,15.0,3.0,0.8138317757009347,0.8055452865064694
3.0,0.5555556,15.0,5.0,0.8138317757009347,0.8055452865064694
3.0,0.5555556,15.0,8.0,0.8138317757009347,0.8055452865064694
3.0,0.5555556,15.0,12.0,0.8138317757009347,0.8055452865064694
3.0,0.5555556,15.0,20.0,0.8138317757009347,0.8055452865064694
3.0,0.5555556,15.0,32.0,0.8138317757009347,0.8055452865064694
3.0,0.5555556,15.0,50.0,0.8132087227414331,0.8066543438077634
3.0,0.5555556,15.0,80.0,0.8128348909657321,0.8062846580406655
3.0,0.5555556,15.0,128.0,0.8130841121495328,0.8062846580406655
3.0,0.5555556,17.0,2.0,0.8137071651090343,0.8062846580406655
3.0,0.5555556,17.0,3.0,0.8137071651090343,0.8062846580406655
3.0,0.5555556,17.0,5.0,0.8137071651090343,0.8062846580406655
3.0,0.5555556,17.0,8.0,0.8137071651090343,0.8062846580406655
3.0,0.5555556,17.0,12.0,0.8137071651090343,0.8062846580406655
3.0,0.5555556,17.0,20.0,0.8137071651090343,0.8062846580406655
3.0,0.5555556,17.0,32.0,0.8137071651090343,0.8062846580406655
3.0,0.5555556,17.0,50.0,0.8132087227414331,0.8066543438077634
3.0,0.5555556,17.0,80.0,0.8127102803738318,0.8062846580406655
3.0,0.5555556,17.0,128.0,0.8129595015576324,0.8062846580406655
3.0,0.5555556,20.0,2.0,0.8134579439252336,0.8055452865064694
3.0,0.5555556,20.0,3.0,0.8134579439252336,0.8055452865064694
3.0,0.5555556,20.0,5.0,0.8134579439252336,0.8055452865064694
3.0,0.5555556,20.0,8.0,0.8134579439252336,0.8055452865064694
3.0,0.5555556,20.0,12.0,0.8134579439252336,0.8055452865064694
3.0,0.5555556,20.0,20.0,0.8134579439252336,0.8055452865064694
3.0,0.5555556,20.0,32.0,0.8134579439252336,0.8055452865064694
3.0,0.5555556,20.0,50.0,0.8129595015576324,0.8059149722735676
3.0,0.5555556,20.0,80.0,0.8125856697819314,0.8055452865064694
3.0,0.5555556,20.0,128.0,0.8130841121495328,0.8062846580406655
3.0,0.6666667,1.0,2.0,0.8105919003115265,0.7981515711645102
3.0,0.6666667,1.0,3.0,0.8105919003115265,0.7981515711645102
3.0,0.6666667,1.0,5.0,0.8105919003115265,0.7981515711645102
3.0,0.6666667,1.0,8.0,0.8105919003115265,0.7981515711645102
3.0,0.6666667,1.0,12.0,0.8105919003115265,0.7981515711645102
3.0,0.6666667,1.0,20.0,0.8109657320872274,0.7985212569316081
3.0,0.6666667,1.0,32.0,0.8108411214953272,0.8
3.0,0.6666667,1.0,50.0,0.8104672897196261,0.7988909426987061
3.0,0.6666667,1.0,80.0,0.8104672897196261,0.7988909426987061
3.0,0.6666667,1.0,128.0,0.8105919003115265,0.799260628465804
3.0,0.6666667,3.0,2.0,0.8103426791277257,0.7981515711645102
3.0,0.6666667,3.0,3.0,0.8103426791277257,0.7981515711645102
3.0,0.6666667,3.0,5.0,0.8103426791277257,0.7981515711645102
3.0,0.6666667,3.0,8.0,0.8103426791277257,0.7981515711645102
3.0,0.6666667,3.0,12.0,0.8103426791277257,0.7981515711645102
3.0,0.6666667,3.0,20.0,0.8107165109034268,0.7985212569316081
3.0,0.6666667,3.0,32.0,0.8107165109034268,0.8
3.0,0.6666667,3.0,50.0,0.8104672897196261,0.7988909426987061
3.0,0.6666667,3.0,80.0,0.8104672897196261,0.7988909426987061
3.0,0.6666667,3.0,128.0,0.8105919003115265,0.799260628465804
3.0,0.6666667,5.0,2.0,0.8103426791277257,0.7981515711645102
3.0,0.6666667,5.0,3.0,0.8103426791277257,0.7981515711645102
3.0,0.6666667,5.0,5.0,0.8103426791277257,0.7981515711645102
3.0,0.6666667,5.0,8.0,0.8103426791277257,0.7981515711645102
3.0,0.6666667,5.0,12.0,0.8103426791277257,0.7981515711645102
3.0,0.6666667,5.0,20.0,0.8107165109034268,0.7985212569316081
3.0,0.6666667,5.0,32.0,0.8107165109034268,0.799260628465804
3.0,0.6666667,5.0,50.0,0.8105919003115265,0.7985212569316081
3.0,0.6666667,5.0,80.0,0.8104672897196261,0.7988909426987061
3.0,0.6666667,5.0,128.0,0.8105919003115265,0.799260628465804
3.0,0.6666667,7.0,2.0,0.8103426791277257,0.7981515711645102
3.0,0.6666667,7.0,3.0,0.8103426791277257,0.7981515711645102
3.0,0.6666667,7.0,5.0,0.8103426791277257,0.7981515711645102
3.0,0.6666667,7.0,8.0,0.8103426791277257,0.7981515711645102
3.0,0.6666667,7.0,12.0,0.8103426791277257,0.7981515711645102
3.0,0.6666667,7.0,20.0,0.8107165109034268,0.7985212569316081
3.0,0.6666667,7.0,32.0,0.8105919003115265,0.799260628465804
3.0,0.6666667,7.0,50.0,0.8105919003115265,0.7985212569316081
3.0,0.6666667,7.0,80.0,0.8104672897196261,0.7988909426987061
3.0,0.6666667,7.0,128.0,0.8107165109034268,0.799260628465804
3.0,0.6666667,9.0,2.0,0.8104672897196261,0.7981515711645102
3.0,0.6666667,9.0,3.0,0.8104672897196261,0.7981515711645102
3.0,0.6666667,9.0,5.0,0.8104672897196261,0.7981515711645102
3.0,0.6666667,9.0,8.0,0.8104672897196261,0.7981515711645102
3.0,0.6666667,9.0,12.0,0.8104672897196261,0.7981515711645102
3.0,0.6666667,9.0,20.0,0.8108411214953272,0.7985212569316081
3.0,0.6666667,9.0,32.0,0.8107165109034268,0.7988909426987061
3.0,0.6666667,9.0,50.0,0.8104672897196261,0.7985212569316081
3.0,0.6666667,9.0,80.0,0.8104672897196261,0.7985212569316081
3.0,0.6666667,9.0,128.0,0.8107165109034268,0.799260628465804
3.0,0.6666667,11.0,2.0,0.8109657320872274,0.799260628465804
3.0,0.6666667,11.0,3.0,0.8109657320872274,0.799260628465804
3.0,0.6666667,11.0,5.0,0.8109657320872274,0.799260628465804
3.0,0.6666667,11.0,8.0,0.8109657320872274,0.799260628465804
3.0,0.6666667,11.0,12.0,0.8109657320872274,0.799260628465804
3.0,0.6666667,11.0,20.0,0.8109657320872274,0.799260628465804
3.0,0.6666667,11.0,32.0,0.8109657320872274,0.799260628465804
3.0,0.6666667,11.0,50.0,0.8104672897196261,0.7988909426987061
3.0,0.6666667,11.0,80.0,0.8105919003115265,0.7988909426987061
3.0,0.6666667,11.0,128.0,0.8107165109034268,0.799260628465804
3.0,0.6666667,13.0,2.0,0.8105919003115265,0.7985212569316081
3.0,0.6666667,13.0,3.0,0.8105919003115265,0.7985212569316081
3.0,0.6666667,13.0,5.0,0.8105919003115265,0.7985212569316081
3.0,0.6666667,13.0,8.0,0.8105919003115265,0.7985212569316081
3.0,0.6666667,13.0,12.0,0.8105919003115265,0.7985212569316081
3.0,0.6666667,13.0,20.0,0.8105919003115265,0.7985212569316081
3.0,0.6666667,13.0,32.0,0.8108411214953272,0.799260628465804
3.0,0.6666667,13.0,50.0,0.8102180685358256,0.7988909426987061
3.0,0.6666667,13.0,80.0,0.8104672897196261,0.7988909426987061
3.0,0.6666667,13.0,128.0,0.8104672897196261,0.799260628465804
3.0,0.6666667,15.0,2.0,0.8105919003115265,0.7985212569316081
3.0,0.6666667,15.0,3.0,0.8105919003115265,0.7985212569316081
3.0,0.6666667,15.0,5.0,0.8105919003115265,0.7985212569316081
3.0,0.6666667,15.0,8.0,0.8105919003115265,0.7985212569316081
3.0,0.6666667,15.0,12.0,0.8105919003115265,0.7985212569316081
3.0,0.6666667,15.0,20.0,0.8105919003115265,0.7985212569316081
3.0,0.6666667,15.0,32.0,0.8105919003115265,0.7988909426987061
3.0,0.6666667,15.0,50.0,0.8103426791277257,0.7985212569316081
3.0,0.6666667,15.0,80.0,0.8103426791277257,0.7985212569316081
3.0,0.6666667,15.0,128.0,0.8102180685358256,0.799260628465804
3.0,0.6666667,17.0,2.0,0.8104672897196261,0.7985212569316081
3.0,0.6666667,17.0,3.0,0.8104672897196261,0.7985212569316081
3.0,0.6666667,17.0,5.0,0.8104672897196261,0.7985212569316081
3.0,0.6666667,17.0,8.0,0.8104672897196261,0.7985212569316081
3.0,0.6666667,17.0,12.0,0.8104672897196261,0.7985212569316081
3.0,0.6666667,17.0,20.0,0.8104672897196261,0.7985212569316081
3.0,0.6666667,17.0,32.0,0.8104672897196261,0.7985212569316081
3.0,0.6666667,17.0,50.0,0.8103426791277257,0.7981515711645102
3.0,0.6666667,17.0,80.0,0.8104672897196261,0.7981515711645102
3.0,0.6666667,17.0,128.0,0.8100934579439253,0.799260628465804
3.0,0.6666667,20.0,2.0,0.8105919003115265,0.7985212569316081
3.0,0.6666667,20.0,3.0,0.8105919003115265,0.7985212569316081
3.0,0.6666667,20.0,5.0,0.8105919003115265,0.7985212569316081
3.0,0.6666667,20.0,8.0,0.8105919003115265,0.7985212569316081
3.0,0.6666667,20.0,12.0,0.8105919003115265,0.7985212569316081
3.0,0.6666667,20.0,20.0,0.8105919003115265,0.7985212569316081
3.0,0.6666667,20.0,32.0,0.8105919003115265,0.7985212569316081
3.0,0.6666667,20.0,50.0,0.8104672897196261,0.7985212569316081
3.0,0.6666667,20.0,80.0,0.8104672897196261,0.7985212569316081
3.0,0.6666667,20.0,128.0,0.8100934579439253,0.799260628465804
3.0,0.7777778,1.0,2.0,0.8105919003115265,0.7981515711645102
3.0,0.7777778,1.0,3.0,0.8105919003115265,0.7981515711645102
3.0,0.7777778,1.0,5.0,0.8105919003115265,0.7981515711645102
3.0,0.7777778,1.0,8.0,0.8105919003115265,0.7981515711645102
3.0,0.7777778,1.0,12.0,0.8105919003115265,0.7981515711645102
3.0,0.7777778,1.0,20.0,0.8109657320872274,0.7985212569316081
3.0,0.7777778,1.0,32.0,0.8108411214953272,0.8
3.0,0.7777778,1.0,50.0,0.8104672897196261,0.7988909426987061
3.0,0.7777778,1.0,80.0,0.8104672897196261,0.7988909426987061
3.0,0.7777778,1.0,128.0,0.8105919003115265,0.799260628465804
3.0,0.7777778,3.0,2.0,0.8103426791277257,0.7981515711645102
3.0,0.7777778,3.0,3.0,0.8103426791277257,0.7981515711645102
3.0,0.7777778,3.0,5.0,0.8103426791277257,0.7981515711645102
3.0,0.7777778,3.0,8.0,0.8103426791277257,0.7981515711645102
3.0,0.7777778,3.0,12.0,0.8103426791277257,0.7981515711645102
3.0,0.7777778,3.0,20.0,0.8107165109034268,0.7985212569316081
3.0,0.7777778,3.0,32.0,0.8107165109034268,0.8
3.0,0.7777778,3.0,50.0,0.8104672897196261,0.7988909426987061
3.0,0.7777778,3.0,80.0,0.8104672897196261,0.7988909426987061
3.0,0.7777778,3.0,128.0,0.8105919003115265,0.799260628465804
3.0,0.7777778,5.0,2.0,0.8103426791277257,0.7981515711645102
3.0,0.7777778,5.0,3.0,0.8103426791277257,0.7981515711645102
3.0,0.7777778,5.0,5.0,0.8103426791277257,0.7981515711645102
3.0,0.7777778,5.0,8.0,0.8103426791277257,0.7981515711645102
3.0,0.7777778,5.0,12.0,0.8103426791277257,0.7981515711645102
3.0,0.7777778,5.0,20.0,0.8107165109034268,0.7985212569316081
3.0,0.7777778,5.0,32.0,0.8107165109034268,0.799260628465804
3.0,0.7777778,5.0,50.0,0.8105919003115265,0.7985212569316081
3.0,0.7777778,5.0,80.0,0.8104672897196261,0.7988909426987061
3.0,0.7777778,5.0,128.0,0.8105919003115265,0.799260628465804
3.0,0.7777778,7.0,2.0,0.8103426791277257,0.7981515711645102
3.0,0.7777778,7.0,3.0,0.8103426791277257,0.7981515711645102
3.0,0.7777778,7.0,5.0,0.8103426791277257,0.7981515711645102
3.0,0.7777778,7.0,8.0,0.8103426791277257,0.7981515711645102
3.0,0.7777778,7.0,12.0,0.8103426791277257,0.7981515711645102
3.0,0.7777778,7.0,20.0,0.8107165109034268,0.7985212569316081
3.0,0.7777778,7.0,32.0,0.8105919003115265,0.799260628465804
3.0,0.7777778,7.0,50.0,0.8105919003115265,0.7985212569316081
3.0,0.7777778,7.0,80.0,0.8104672897196261,0.7988909426987061
3.0,0.7777778,7.0,128.0,0.8107165109034268,0.799260628465804
3.0,0.7777778,9.0,2.0,0.8104672897196261,0.7981515711645102
3.0,0.7777778,9.0,3.0,0.8104672897196261,0.7981515711645102
3.0,0.7777778,9.0,5.0,0.8104672897196261,0.7981515711645102
3.0,0.7777778,9.0,8.0,0.8104672897196261,0.7981515711645102
3.0,0.7777778,9.0,12.0,0.8104672897196261,0.7981515711645102
3.0,0.7777778,9.0,20.0,0.8108411214953272,0.7985212569316081
3.0,0.7777778,9.0,32.0,0.8107165109034268,0.7988909426987061
3.0,0.7777778,9.0,50.0,0.8104672897196261,0.7985212569316081
3.0,0.7777778,9.0,80.0,0.8104672897196261,0.7985212569316081
3.0,0.7777778,9.0,128.0,0.8107165109034268,0.799260628465804
3.0,0.7777778,11.0,2.0,0.8109657320872274,0.799260628465804
3.0,0.7777778,11.0,3.0,0.8109657320872274,0.799260628465804
3.0,0.7777778,11.0,5.0,0.8109657320872274,0.799260628465804
3.0,0.7777778,11.0,8.0,0.8109657320872274,0.799260628465804
3.0,0.7777778,11.0,12.0,0.8109657320872274,0.799260628465804
3.0,0.7777778,11.0,20.0,0.8109657320872274,0.799260628465804
3.0,0.7777778,11.0,32.0,0.8109657320872274,0.799260628465804
3.0,0.7777778,11.0,50.0,0.8104672897196261,0.7988909426987061
3.0,0.7777778,11.0,80.0,0.8105919003115265,0.7988909426987061
3.0,0.7777778,11.0,128.0,0.8107165109034268,0.799260628465804
3.0,0.7777778,13.0,2.0,0.8105919003115265,0.7985212569316081
3.0,0.7777778,13.0,3.0,0.8105919003115265,0.7985212569316081
3.0,0.7777778,13.0,5.0,0.8105919003115265,0.7985212569316081
3.0,0.7777778,13.0,8.0,0.8105919003115265,0.7985212569316081
3.0,0.7777778,13.0,12.0,0.8105919003115265,0.7985212569316081
3.0,0.7777778,13.0,20.0,0.8105919003115265,0.7985212569316081
3.0,0.7777778,13.0,32.0,0.8108411214953272,0.799260628465804
3.0,0.7777778,13.0,50.0,0.8102180685358256,0.7988909426987061
3.0,0.7777778,13.0,80.0,0.8104672897196261,0.7988909426987061
3.0,0.7777778,13.0,128.0,0.8104672897196261,0.799260628465804
3.0,0.7777778,15.0,2.0,0.8105919003115265,0.7985212569316081
3.0,0.7777778,15.0,3.0,0.8105919003115265,0.7985212569316081
3.0,0.7777778,15.0,5.0,0.8105919003115265,0.7985212569316081
3.0,0.7777778,15.0,8.0,0.8105919003115265,0.7985212569316081
3.0,0.7777778,15.0,12.0,0.8105919003115265,0.7985212569316081
3.0,0.7777778,15.0,20.0,0.8105919003115265,0.7985212569316081
3.0,0.7777778,15.0,32.0,0.8105919003115265,0.7988909426987061
3.0,0.7777778,15.0,50.0,0.8103426791277257,0.7985212569316081
3.0,0.7777778,15.0,80.0,0.8103426791277257,0.7985212569316081
3.0,0.7777778,15.0,128.0,0.8102180685358256,0.799260628465804
3.0,0.7777778,17.0,2.0,0.8104672897196261,0.7985212569316081
3.0,0.7777778,17.0,3.0,0.8104672897196261,0.7985212569316081
3.0,0.7777778,17.0,5.0,0.8104672897196261,0.7985212569316081
3.0,0.7777778,17.0,8.0,0.8104672897196261,0.7985212569316081
3.0,0.7777778,17.0,12.0,0.8104672897196261,0.7985212569316081
3.0,0.7777778,17.0,20.0,0.8104672897196261,0.7985212569316081
3.0,0.7777778,17.0,32.0,0.8104672897196261,0.7985212569316081
3.0,0.7777778,17.0,50.0,0.8103426791277257,0.7981515711645102
3.0,0.7777778,17.0,80.0,0.8104672897196261,0.7981515711645102
3.0,0.7777778,17.0,128.0,0.8100934579439253,0.799260628465804
3.0,0.7777778,20.0,2.0,0.8105919003115265,0.7985212569316081
3.0,0.7777778,20.0,3.0,0.8105919003115265,0.7985212569316081
3.0,0.7777778,20.0,5.0,0.8105919003115265,0.7985212569316081
3.0,0.7777778,20.0,8.0,0.8105919003115265,0.7985212569316081
3.0,0.7777778,20.0,12.0,0.8105919003115265,0.7985212569316081
3.0,0.7777778,20.0,20.0,0.8105919003115265,0.7985212569316081
3.0,0.7777778,20.0,32.0,0.8105919003115265,0.7985212569316081
3.0,0.7777778,20.0,50.0,0.8104672897196261,0.7985212569316081
3.0,0.7777778,20.0,80.0,0.8104672897196261,0.7985212569316081
3.0,0.7777778,20.0,128.0,0.8100934579439253,0.799260628465804
3.0,0.8888889,1.0,2.0,0.8067289719626167,0.7918669131238447
3.0,0.8888889,1.0,3.0,0.8067289719626167,0.7918669131238447
3.0,0.8888889,1.0,5.0,0.8067289719626167,0.7918669131238447
3.0,0.8888889,1.0,8.0,0.8067289719626167,0.7918669131238447
3.0,0.8888889,1.0,12.0,0.8067289719626167,0.7918669131238447
3.0,0.8888889,1.0,20.0,0.8067289719626167,0.7918669131238447
3.0,0.8888889,1.0,32.0,0.8067289719626167,0.7918669131238447
3.0,0.8888889,1.0,50.0,0.8067289719626167,0.7918669131238447
3.0,0.8888889,1.0,80.0,0.8068535825545171,0.7918669131238447
3.0,0.8888889,1.0,128.0,0.8063551401869159,0.7918669131238447
3.0,0.8888889,3.0,2.0,0.8067289719626167,0.7918669131238447
3.0,0.8888889,3.0,3.0,0.8067289719626167,0.7918669131238447
3.0,0.8888889,3.0,5.0,0.8067289719626167,0.7918669131238447
3.0,0.8888889,3.0,8.0,0.8067289719626167,0.7918669131238447
3.0,0.8888889,3.0,12.0,0.8067289719626167,0.7918669131238447
3.0,0.8888889,3.0,20.0,0.8067289719626167,0.7918669131238447
3.0,0.8888889,3.0,32.0,0.8067289719626167,0.7918669131238447
3.0,0.8888889,3.0,50.0,0.8067289719626167,0.7918669131238447
3.0,0.8888889,3.0,80.0,0.8064797507788162,0.7918669131238447
3.0,0.8888889,3.0,128.0,0.8061059190031152,0.7918669131238447
3.0,0.8888889,5.0,2.0,0.8063551401869159,0.7918669131238447
3.0,0.8888889,5.0,3.0,0.8063551401869159,0.7918669131238447
3.0,0.8888889,5.0,5.0,0.8063551401869159,0.7918669131238447
3.0,0.8888889,5.0,8.0,0.8063551401869159,0.7918669131238447
3.0,0.8888889,5.0,12.0,0.8063551401869159,0.7918669131238447
3.0,0.8888889,5.0,20.0,0.8063551401869159,0.7918669131238447
3.0,0.8888889,5.0,32.0,0.8063551401869159,0.7918669131238447
3.0,0.8888889,5.0,50.0,0.8063551401869159,0.7918669131238447
3.0,0.8888889,5.0,80.0,0.8066043613707166,0.7918669131238447
3.0,0.8888889,5.0,128.0,0.8063551401869159,0.7918669131238447
3.0,0.8888889,7.0,2.0,0.8064797507788162,0.7918669131238447
3.0,0.8888889,7.0,3.0,0.8064797507788162,0.7918669131238447
3.0,0.8888889,7.0,5.0,0.8064797507788162,0.7918669131238447
3.0,0.8888889,7.0,8.0,0.8064797507788162,0.7918669131238447
3.0,0.8888889,7.0,12.0,0.8064797507788162,0.7918669131238447
3.0,0.8888889,7.0,20.0,0.8064797507788162,0.7918669131238447
3.0,0.8888889,7.0,32.0,0.8064797507788162,0.7918669131238447
3.0,0.8888889,7.0,50.0,0.8064797507788162,0.7918669131238447
3.0,0.8888889,7.0,80.0,0.8066043613707166,0.7918669131238447
3.0,0.8888889,7.0,128.0,0.8063551401869159,0.7918669131238447
3.0,0.8888889,9.0,2.0,0.8064797507788162,0.7918669131238447
3.0,0.8888889,9.0,3.0,0.8064797507788162,0.7918669131238447
3.0,0.8888889,9.0,5.0,0.8064797507788162,0.7918669131238447
3.0,0.8888889,9.0,8.0,0.8064797507788162,0.7918669131238447
3.0,0.8888889,9.0,12.0,0.8064797507788162,0.7918669131238447
3.0,0.8888889,9.0,20.0,0.8064797507788162,0.7918669131238447
3.0,0.8888889,9.0,32.0,0.8064797507788162,0.7918669131238447
3.0,0.8888889,9.0,50.0,0.8063551401869159,0.7918669131238447
3.0,0.8888889,9.0,80.0,0.8064797507788162,0.7918669131238447
3.0,0.8888889,9.0,128.0,0.8062305295950155,0.7918669131238447
3.0,0.8888889,11.0,2.0,0.8063551401869159,0.7918669131238447
3.0,0.8888889,11.0,3.0,0.8063551401869159,0.7918669131238447
3.0,0.8888889,11.0,5.0,0.8063551401869159,0.7918669131238447
3.0,0.8888889,11.0,8.0,0.8063551401869159,0.7918669131238447
3.0,0.8888889,11.0,12.0,0.8063551401869159,0.7918669131238447
3.0,0.8888889,11.0,20.0,0.8063551401869159,0.7918669131238447
3.0,0.8888889,11.0,32.0,0.8063551401869159,0.7918669131238447
3.0,0.8888889,11.0,50.0,0.8062305295950155,0.7918669131238447
3.0,0.8888889,11.0,80.0,0.8064797507788162,0.7918669131238447
3.0,0.8888889,11.0,128.0,0.8062305295950155,0.7918669131238447
3.0,0.8888889,13.0,2.0,0.8062305295950155,0.7918669131238447
3.0,0.8888889,13.0,3.0,0.8062305295950155,0.7918669131238447
3.0,0.8888889,13.0,5.0,0.8062305295950155,0.7918669131238447
3.0,0.8888889,13.0,8.0,0.8062305295950155,0.7918669131238447
3.0,0.8888889,13.0,12.0,0.8062305295950155,0.7918669131238447
3.0,0.8888889,13.0,20.0,0.8062305295950155,0.7918669131238447
3.0,0.8888889,13.0,32.0,0.8062305295950155,0.7918669131238447
3.0,0.8888889,13.0,50.0,0.8062305295950155,0.7918669131238447
3.0,0.8888889,13.0,80.0,0.8064797507788162,0.7918669131238447
3.0,0.8888889,13.0,128.0,0.8062305295950155,0.7918669131238447
3.0,0.8888889,15.0,2.0,0.8063551401869159,0.7918669131238447
3.0,0.8888889,15.0,3.0,0.8063551401869159,0.7918669131238447
3.0,0.8888889,15.0,5.0,0.8063551401869159,0.7918669131238447
3.0,0.8888889,15.0,8.0,0.8063551401869159,0.7918669131238447
3.0,0.8888889,15.0,12.0,0.8063551401869159,0.7918669131238447
3.0,0.8888889,15.0,20.0,0.8063551401869159,0.7918669131238447
3.0,0.8888889,15.0,32.0,0.8063551401869159,0.7918669131238447
3.0,0.8888889,15.0,50.0,0.8061059190031152,0.7918669131238447
3.0,0.8888889,15.0,80.0,0.8064797507788162,0.7918669131238447
3.0,0.8888889,15.0,128.0,0.8064797507788162,0.7918669131238447
3.0,0.8888889,17.0,2.0,0.8062305295950155,0.7918669131238447
3.0,0.8888889,17.0,3.0,0.8062305295950155,0.7918669131238447
3.0,0.8888889,17.0,5.0,0.8062305295950155,0.7918669131238447
3.0,0.8888889,17.0,8.0,0.8062305295950155,0.7918669131238447
3.0,0.8888889,17.0,12.0,0.8062305295950155,0.7918669131238447
3.0,0.8888889,17.0,20.0,0.8062305295950155,0.7918669131238447
3.0,0.8888889,17.0,32.0,0.8062305295950155,0.7918669131238447
3.0,0.8888889,17.0,50.0,0.8062305295950155,0.7918669131238447
3.0,0.8888889,17.0,80.0,0.8066043613707166,0.7918669131238447
3.0,0.8888889,17.0,128.0,0.8066043613707166,0.7918669131238447
3.0,0.8888889,20.0,2.0,0.8059813084112151,0.7918669131238447
3.0,0.8888889,20.0,3.0,0.8059813084112151,0.7918669131238447
3.0,0.8888889,20.0,5.0,0.8059813084112151,0.7918669131238447
3.0,0.8888889,20.0,8.0,0.8059813084112151,0.7918669131238447
3.0,0.8888889,20.0,12.0,0.8059813084112151,0.7918669131238447
3.0,0.8888889,20.0,20.0,0.8059813084112151,0.7918669131238447
3.0,0.8888889,20.0,32.0,0.8059813084112151,0.7918669131238447
3.0,0.8888889,20.0,50.0,0.8059813084112148,0.7918669131238447
3.0,0.8888889,20.0,80.0,0.8063551401869159,0.7918669131238447
3.0,0.8888889,20.0,128.0,0.8063551401869159,0.7918669131238447
3.0,1.0,1.0,2.0,0.8071028037383178,0.7974121996303143
3.0,1.0,1.0,3.0,0.8071028037383178,0.7974121996303143
3.0,1.0,1.0,5.0,0.8071028037383178,0.7974121996303143
3.0,1.0,1.0,8.0,0.8071028037383178,0.7974121996303143
3.0,1.0,1.0,12.0,0.8071028037383178,0.7974121996303143
3.0,1.0,1.0,20.0,0.8071028037383178,0.7974121996303143
3.0,1.0,1.0,32.0,0.8071028037383178,0.7974121996303143
3.0,1.0,1.0,50.0,0.8069781931464174,0.7974121996303143
3.0,1.0,1.0,80.0,0.8071028037383178,0.7974121996303143
3.0,1.0,1.0,128.0,0.8071028037383178,0.7974121996303143
3.0,1.0,3.0,2.0,0.8071028037383178,0.7974121996303143
3.0,1.0,3.0,3.0,0.8071028037383178,0.7974121996303143
3.0,1.0,3.0,5.0,0.8071028037383178,0.7974121996303143
3.0,1.0,3.0,8.0,0.8071028037383178,0.7974121996303143
3.0,1.0,3.0,12.0,0.8071028037383178,0.7974121996303143
3.0,1.0,3.0,20.0,0.8071028037383178,0.7974121996303143
3.0,1.0,3.0,32.0,0.8071028037383178,0.7974121996303143
3.0,1.0,3.0,50.0,0.8071028037383178,0.7974121996303143
3.0,1.0,3.0,80.0,0.8071028037383178,0.7974121996303143
3.0,1.0,3.0,128.0,0.8071028037383178,0.7974121996303143
3.0,1.0,5.0,2.0,0.8071028037383178,0.7974121996303143
3.0,1.0,5.0,3.0,0.8071028037383178,0.7974121996303143
3.0,1.0,5.0,5.0,0.8071028037383178,0.7974121996303143
3.0,1.0,5.0,8.0,0.8071028037383178,0.7974121996303143
3.0,1.0,5.0,12.0,0.8071028037383178,0.7974121996303143
3.0,1.0,5.0,20.0,0.8071028037383178,0.7974121996303143
3.0,1.0,5.0,32.0,0.8071028037383178,0.7974121996303143
3.0,1.0,5.0,50.0,0.8071028037383178,0.7974121996303143
3.0,1.0,5.0,80.0,0.8071028037383178,0.7974121996303143
3.0,1.0,5.0,128.0,0.8071028037383178,0.7974121996303143
3.0,1.0,7.0,2.0,0.807227414330218,0.7974121996303143
3.0,1.0,7.0,3.0,0.807227414330218,0.7974121996303143
3.0,1.0,7.0,5.0,0.807227414330218,0.7974121996303143
3.0,1.0,7.0,8.0,0.807227414330218,0.7974121996303143
3.0,1.0,7.0,12.0,0.807227414330218,0.7974121996303143
3.0,1.0,7.0,20.0,0.807227414330218,0.7974121996303143
3.0,1.0,7.0,32.0,0.807227414330218,0.7974121996303143
3.0,1.0,7.0,50.0,0.807227414330218,0.7974121996303143
3.0,1.0,7.0,80.0,0.8071028037383178,0.7974121996303143
3.0,1.0,7.0,128.0,0.8071028037383178,0.7974121996303143
3.0,1.0,9.0,2.0,0.8071028037383178,0.7974121996303143
3.0,1.0,9.0,3.0,0.8071028037383178,0.7974121996303143
3.0,1.0,9.0,5.0,0.8071028037383178,0.7974121996303143
3.0,1.0,9.0,8.0,0.8071028037383178,0.7974121996303143
3.0,1.0,9.0,12.0,0.8071028037383178,0.7974121996303143
3.0,1.0,9.0,20.0,0.8071028037383178,0.7974121996303143
3.0,1.0,9.0,32.0,0.8071028037383178,0.7974121996303143
3.0,1.0,9.0,50.0,0.8071028037383178,0.7974121996303143
3.0,1.0,9.0,80.0,0.8071028037383178,0.7974121996303143
3.0,1.0,9.0,128.0,0.8071028037383178,0.7974121996303143
3.0,1.0,11.0,2.0,0.8069781931464174,0.7974121996303143
3.0,1.0,11.0,3.0,0.8069781931464174,0.7974121996303143
3.0,1.0,11.0,5.0,0.8069781931464174,0.7974121996303143
3.0,1.0,11.0,8.0,0.8069781931464174,0.7974121996303143
3.0,1.0,11.0,12.0,0.8069781931464174,0.7974121996303143
3.0,1.0,11.0,20.0,0.8069781931464174,0.7974121996303143
3.0,1.0,11.0,32.0,0.8069781931464174,0.7974121996303143
3.0,1.0,11.0,50.0,0.8068535825545171,0.7974121996303143
3.0,1.0,11.0,80.0,0.8069781931464174,0.7974121996303143
3.0,1.0,11.0,128.0,0.8069781931464174,0.7974121996303143
3.0,1.0,13.0,2.0,0.8068535825545171,0.7974121996303143
3.0,1.0,13.0,3.0,0.8068535825545171,0.7974121996303143
3.0,1.0,13.0,5.0,0.8068535825545171,0.7974121996303143
3.0,1.0,13.0,8.0,0.8068535825545171,0.7974121996303143
3.0,1.0,13.0,12.0,0.8068535825545171,0.7974121996303143
3.0,1.0,13.0,20.0,0.8068535825545171,0.7974121996303143
3.0,1.0,13.0,32.0,0.8068535825545171,0.7974121996303143
3.0,1.0,13.0,50.0,0.8068535825545171,0.7974121996303143
3.0,1.0,13.0,80.0,0.8069781931464174,0.7974121996303143
3.0,1.0,13.0,128.0,0.8069781931464174,0.7974121996303143
3.0,1.0,15.0,2.0,0.8067289719626167,0.7974121996303143
3.0,1.0,15.0,3.0,0.8067289719626167,0.7974121996303143
3.0,1.0,15.0,5.0,0.8067289719626167,0.7974121996303143
3.0,1.0,15.0,8.0,0.8067289719626167,0.7974121996303143
3.0,1.0,15.0,12.0,0.8067289719626167,0.7974121996303143
3.0,1.0,15.0,20.0,0.8067289719626167,0.7974121996303143
3.0,1.0,15.0,32.0,0.8067289719626167,0.7974121996303143
3.0,1.0,15.0,50.0,0.8068535825545171,0.7974121996303143
3.0,1.0,15.0,80.0,0.8069781931464174,0.7974121996303143
3.0,1.0,15.0,128.0,0.8069781931464174,0.7974121996303143
3.0,1.0,17.0,2.0,0.8067289719626167,0.7974121996303143
3.0,1.0,17.0,3.0,0.8067289719626167,0.7974121996303143
3.0,1.0,17.0,5.0,0.8067289719626167,0.7974121996303143
3.0,1.0,17.0,8.0,0.8067289719626167,0.7974121996303143
3.0,1.0,17.0,12.0,0.8067289719626167,0.7974121996303143
3.0,1.0,17.0,20.0,0.8067289719626167,0.7974121996303143
3.0,1.0,17.0,32.0,0.8067289719626167,0.7974121996303143
3.0,1.0,17.0,50.0,0.8067289719626167,0.7974121996303143
3.0,1.0,17.0,80.0,0.8071028037383178,0.7974121996303143
3.0,1.0,17.0,128.0,0.8071028037383178,0.7974121996303143
3.0,1.0,20.0,2.0,0.8068535825545171,0.7977818853974121
3.0,1.0,20.0,3.0,0.8068535825545171,0.7977818853974121
3.0,1.0,20.0,5.0,0.8068535825545171,0.7977818853974121
3.0,1.0,20.0,8.0,0.8068535825545171,0.7977818853974121
3.0,1.0,20.0,12.0,0.8068535825545171,0.7977818853974121
3.0,1.0,20.0,20.0,0.8068535825545171,0.7977818853974121
3.0,1.0,20.0,32.0,0.8068535825545171,0.7977818853974121
3.0,1.0,20.0,50.0,0.8068535825545171,0.7977818853974121
3.0,1.0,20.0,80.0,0.8069781931464174,0.7977818853974121
3.0,1.0,20.0,128.0,0.8069781931464174,0.7977818853974121
5.0,0.0,1.0,2.0,0.8434890965732087,0.8177449168207025
5.0,0.0,1.0,3.0,0.8434890965732087,0.8173752310536043
5.0,0.0,1.0,5.0,0.8431152647975078,0.8184842883548983
5.0,0.0,1.0,8.0,0.8442367601246106,0.8170055452865064
5.0,0.0,1.0,12.0,0.8437383177570095,0.8170055452865064
5.0,0.0,1.0,20.0,0.8424922118380062,0.8188539741219962
5.0,0.0,1.0,32.0,0.8424922118380062,0.8184842883548983
5.0,0.0,1.0,50.0,0.8402492211838007,0.8188539741219962
5.0,0.0,1.0,80.0,0.8385046728971963,0.8162661737523106
5.0,0.0,1.0,128.0,0.8337694704049845,0.8136783733826247
5.0,0.0,3.0,2.0,0.843239875389408,0.8170055452865064
5.0,0.0,3.0,3.0,0.843239875389408,0.8170055452865064
5.0,0.0,3.0,5.0,0.843239875389408,0.8170055452865064
5.0,0.0,3.0,8.0,0.843239875389408,0.8158964879852126
5.0,0.0,3.0,12.0,0.8434890965732087,0.8173752310536045
5.0,0.0,3.0,20.0,0.8428660436137072,0.8181146025878003
5.0,0.0,3.0,32.0,0.8426168224299065,0.8184842883548983
5.0,0.0,3.0,50.0,0.8404984423676012,0.8184842883548983
5.0,0.0,3.0,80.0,0.8378816199376947,0.8166358595194085
5.0,0.0,3.0,128.0,0.834018691588785,0.812569316081331
5.0,0.0,5.0,2.0,0.8431152647975078,0.8170055452865064
5.0,0.0,5.0,3.0,0.8431152647975078,0.8170055452865064
5.0,0.0,5.0,5.0,0.8431152647975078,0.8170055452865064
5.0,0.0,5.0,8.0,0.8431152647975078,0.8170055452865064
5.0,0.0,5.0,12.0,0.8424922118380062,0.8170055452865064
5.0,0.0,5.0,20.0,0.8427414330218068,0.8181146025878003
5.0,0.0,5.0,32.0,0.8427414330218068,0.8184842883548983
5.0,0.0,5.0,50.0,0.8409968847352024,0.8184842883548983
5.0,0.0,5.0,80.0,0.8373831775700935,0.8162661737523106
5.0,0.0,5.0,128.0,0.8338940809968847,0.8136783733826247
5.0,0.0,7.0,2.0,0.8411214953271028,0.8177449168207025
5.0,0.0,7.0,3.0,0.8411214953271028,0.8177449168207025
5.0,0.0,7.0,5.0,0.8411214953271028,0.8177449168207025
5.0,0.0,7.0,8.0,0.8411214953271028,0.8177449168207025
5.0,0.0,7.0,12.0,0.8411214953271028,0.8177449168207025
5.0,0.0,7.0,20.0,0.8413707165109034,0.8173752310536043
5.0,0.0,7.0,32.0,0.8418691588785047,0.8173752310536043
5.0,0.0,7.0,50.0,0.8408722741433021,0.8177449168207025
5.0,0.0,7.0,80.0,0.8371339563862928,0.8155268022181146
5.0,0.0,7.0,128.0,0.8330218068535824,0.8144177449168207
5.0,0.0,9.0,2.0,0.8414953271028038,0.8155268022181146
5.0,0.0,9.0,3.0,0.8414953271028038,0.8155268022181146
5.0,0.0,9.0,5.0,0.8414953271028038,0.8155268022181146
5.0,0.0,9.0,8.0,0.8414953271028038,0.8155268022181146
5.0,0.0,9.0,12.0,0.8414953271028038,0.8155268022181146
5.0,0.0,9.0,20.0,0.840747663551402,0.8166358595194085
5.0,0.0,9.0,32.0,0.8414953271028038,0.8177449168207023
5.0,0.0,9.0,50.0,0.8404984423676012,0.8173752310536043
5.0,0.0,9.0,80.0,0.8372585669781932,0.8151571164510166
5.0,0.0,9.0,128.0,0.8328971962616822,0.8144177449168207
5.0,0.0,11.0,2.0,0.8412461059190031,0.8155268022181146
5.0,0.0,11.0,3.0,0.8412461059190031,0.8155268022181146
5.0,0.0,11.0,5.0,0.8412461059190031,0.8155268022181146
5.0,0.0,11.0,8.0,0.8412461059190031,0.8155268022181146
5.0,0.0,11.0,12.0,0.8412461059190031,0.8155268022181146
5.0,0.0,11.0,20.0,0.8412461059190031,0.8155268022181146
5.0,0.0,11.0,32.0,0.8404984423676012,0.8181146025878003
5.0,0.0,11.0,50.0,0.8403738317757009,0.8177449168207025
5.0,0.0,11.0,80.0,0.8370093457943926,0.8151571164510166
5.0,0.0,11.0,128.0,0.8326479750778816,0.8136783733826247
5.0,0.0,13.0,2.0,0.8412461059190031,0.8162661737523106
5.0,0.0,13.0,3.0,0.8412461059190031,0.8162661737523106
5.0,0.0,13.0,5.0,0.8412461059190031,0.8162661737523106
5.0,0.0,13.0,8.0,0.8412461059190031,0.8162661737523106
5.0,0.0,13.0,12.0,0.8412461059190031,0.8162661737523106
5.0,0.0,13.0,20.0,0.8412461059190031,0.8162661737523106
5.0,0.0,13.0,32.0,0.8397507788161993,0.8155268022181146
5.0,0.0,13.0,50.0,0.8397507788161993,0.8177449168207025
5.0,0.0,13.0,80.0,0.8370093457943926,0.8151571164510166
5.0,0.0,13.0,128.0,0.832772585669782,0.8140480591497227
5.0,0.0,15.0,2.0,0.8403738317757009,0.8166358595194085
5.0,0.0,15.0,3.0,0.8403738317757009,0.8166358595194085
5.0,0.0,15.0,5.0,0.8403738317757009,0.8166358595194085
5.0,0.0,15.0,8.0,0.8403738317757009,0.8166358595194085
5.0,0.0,15.0,12.0,0.8403738317757009,0.8166358595194085
5.0,0.0,15.0,20.0,0.8403738317757009,0.8166358595194085
5.0,0.0,15.0,32.0,0.8398753894080997,0.8158964879852126
5.0,0.0,15.0,50.0,0.8390031152647974,0.8181146025878003
5.0,0.0,15.0,80.0,0.8370093457943926,0.8147874306839187
5.0,0.0,15.0,128.0,0.8325233644859813,0.8136783733826247
5.0,0.0,17.0,2.0,0.8402492211838005,0.8155268022181146
5.0,0.0,17.0,3.0,0.8402492211838005,0.8155268022181146
5.0,0.0,17.0,5.0,0.8402492211838005,0.8155268022181146
5.0,0.0,17.0,8.0,0.8402492211838005,0.8155268022181146
5.0,0.0,17.0,12.0,0.8402492211838005,0.8155268022181146
5.0,0.0,17.0,20.0,0.8402492211838005,0.8155268022181146
5.0,0.0,17.0,32.0,0.8402492211838005,0.8155268022181146
5.0,0.0,17.0,50.0,0.8390031152647974,0.8173752310536043
5.0,0.0,17.0,80.0,0.8367601246105918,0.8144177449168207
5.0,0.0,17.0,128.0,0.831651090342679,0.8144177449168207
5.0,0.0,20.0,2.0,0.8388785046728973,0.8155268022181146
5.0,0.0,20.0,3.0,0.8388785046728973,0.8155268022181146
5.0,0.0,20.0,5.0,0.8388785046728973,0.8155268022181146
5.0,0.0,20.0,8.0,0.8388785046728973,0.8155268022181146
5.0,0.0,20.0,12.0,0.8388785046728973,0.8155268022181146
5.0,0.0,20.0,20.0,0.8388785046728973,0.8155268022181146
5.0,0.0,20.0,32.0,0.8388785046728973,0.8155268022181146
5.0,0.0,20.0,50.0,0.8382554517133955,0.8177449168207025
5.0,0.0,20.0,80.0,0.8353894080996884,0.8140480591497227
5.0,0.0,20.0,128.0,0.8315264797507789,0.8133086876155268
5.0,0.11111111,1.0,2.0,0.8434890965732087,0.8177449168207025
5.0,0.11111111,1.0,3.0,0.8434890965732087,0.8173752310536043
5.0,0.11111111,1.0,5.0,0.8431152647975078,0.8184842883548983
5.0,0.11111111,1.0,8.0,0.8442367601246106,0.8170055452865064
5.0,0.11111111,1.0,12.0,0.8437383177570095,0.8170055452865064
5.0,0.11111111,1.0,20.0,0.8424922118380062,0.8188539741219962
5.0,0.11111111,1.0,32.0,0.8424922118380062,0.8184842883548983
5.0,0.11111111,1.0,50.0,0.8402492211838007,0.8188539741219962
5.0,0.11111111,1.0,80.0,0.8385046728971963,0.8162661737523106
5.0,0.11111111,1.0,128.0,0.8337694704049845,0.8136783733826247
5.0,0.11111111,3.0,2.0,0.843239875389408,0.8170055452865064
5.0,0.11111111,3.0,3.0,0.843239875389408,0.8170055452865064
5.0,0.11111111,3.0,5.0,0.843239875389408,0.8170055452865064
5.0,0.11111111,3.0,8.0,0.843239875389408,0.8158964879852126
5.0,0.11111111,3.0,12.0,0.8434890965732087,0.8173752310536045
5.0,0.11111111,3.0,20.0,0.8428660436137072,0.8181146025878003
5.0,0.11111111,3.0,32.0,0.8426168224299065,0.8184842883548983
5.0,0.11111111,3.0,50.0,0.8404984423676012,0.8184842883548983
5.0,0.11111111,3.0,80.0,0.8378816199376947,0.8166358595194085
5.0,0.11111111,3.0,128.0,0.834018691588785,0.812569316081331
5.0,0.11111111,5.0,2.0,0.8431152647975078,0.8170055452865064
5.0,0.11111111,5.0,3.0,0.8431152647975078,0.8170055452865064
5.0,0.11111111,5.0,5.0,0.8431152647975078,0.8170055452865064
5.0,0.11111111,5.0,8.0,0.8431152647975078,0.8170055452865064
5.0,0.11111111,5.0,12.0,0.8424922118380062,0.8170055452865064
5.0,0.11111111,5.0,20.0,0.8427414330218068,0.8181146025878003
5.0,0.11111111,5.0,32.0,0.8427414330218068,0.8184842883548983
5.0,0.11111111,5.0,50.0,0.8409968847352024,0.8184842883548983
5.0,0.11111111,5.0,80.0,0.8373831775700935,0.8162661737523106
5.0,0.11111111,5.0,128.0,0.8338940809968847,0.8136783733826247
5.0,0.11111111,7.0,2.0,0.8411214953271028,0.8177449168207025
5.0,0.11111111,7.0,3.0,0.8411214953271028,0.8177449168207025
5.0,0.11111111,7.0,5.0,0.8411214953271028,0.8177449168207025
5.0,0.11111111,7.0,8.0,0.8411214953271028,0.8177449168207025
5.0,0.11111111,7.0,12.0,0.8411214953271028,0.8177449168207025
5.0,0.11111111,7.0,20.0,0.8413707165109034,0.8173752310536043
5.0,0.11111111,7.0,32.0,0.8418691588785047,0.8173752310536043
5.0,0.11111111,7.0,50.0,0.8408722741433021,0.8177449168207025
5.0,0.11111111,7.0,80.0,0.8371339563862928,0.8155268022181146
5.0,0.11111111,7.0,128.0,0.8330218068535824,0.8144177449168207
5.0,0.11111111,9.0,2.0,0.8414953271028038,0.8155268022181146
5.0,0.11111111,9.0,3.0,0.8414953271028038,0.8155268022181146
5.0,0.11111111,9.0,5.0,0.8414953271028038,0.8155268022181146
5.0,0.11111111,9.0,8.0,0.8414953271028038,0.8155268022181146
5.0,0.11111111,9.0,12.0,0.8414953271028038,0.8155268022181146
5.0,0.11111111,9.0,20.0,0.840747663551402,0.8166358595194085
5.0,0.11111111,9.0,32.0,0.8414953271028038,0.8177449168207023
5.0,0.11111111,9.0,50.0,0.8404984423676012,0.8173752310536043
5.0,0.11111111,9.0,80.0,0.8372585669781932,0.8151571164510166
5.0,0.11111111,9.0,128.0,0.8328971962616822,0.8144177449168207
5.0,0.11111111,11.0,2.0,0.8412461059190031,0.8155268022181146
5.0,0.11111111,11.0,3.0,0.8412461059190031,0.8155268022181146
5.0,0.11111111,11.0,5.0,0.8412461059190031,0.8155268022181146
5.0,0.11111111,11.0,8.0,0.8412461059190031,0.8155268022181146
5.0,0.11111111,11.0,12.0,0.8412461059190031,0.8155268022181146
5.0,0.11111111,11.0,20.0,0.8412461059190031,0.8155268022181146
5.0,0.11111111,11.0,32.0,0.8404984423676012,0.8181146025878003
5.0,0.11111111,11.0,50.0,0.8403738317757009,0.8177449168207025
5.0,0.11111111,11.0,80.0,0.8370093457943926,0.8151571164510166
5.0,0.11111111,11.0,128.0,0.8326479750778816,0.8136783733826247
5.0,0.11111111,13.0,2.0,0.8412461059190031,0.8162661737523106
5.0,0.11111111,13.0,3.0,0.8412461059190031,0.8162661737523106
5.0,0.11111111,13.0,5.0,0.8412461059190031,0.8162661737523106
5.0,0.11111111,13.0,8.0,0.8412461059190031,0.8162661737523106
5.0,0.11111111,13.0,12.0,0.8412461059190031,0.8162661737523106
5.0,0.11111111,13.0,20.0,0.8412461059190031,0.8162661737523106
5.0,0.11111111,13.0,32.0,0.8397507788161993,0.8155268022181146
5.0,0.11111111,13.0,50.0,0.8397507788161993,0.8177449168207025
5.0,0.11111111,13.0,80.0,0.8370093457943926,0.8151571164510166
5.0,0.11111111,13.0,128.0,0.832772585669782,0.8140480591497227
5.0,0.11111111,15.0,2.0,0.8403738317757009,0.8166358595194085
5.0,0.11111111,15.0,3.0,0.8403738317757009,0.8166358595194085
5.0,0.11111111,15.0,5.0,0.8403738317757009,0.8166358595194085
5.0,0.11111111,15.0,8.0,0.8403738317757009,0.8166358595194085
5.0,0.11111111,15.0,12.0,0.8403738317757009,0.8166358595194085
5.0,0.11111111,15.0,20.0,0.8403738317757009,0.8166358595194085
5.0,0.11111111,15.0,32.0,0.8398753894080997,0.8158964879852126
5.0,0.11111111,15.0,50.0,0.8390031152647974,0.8181146025878003
5.0,0.11111111,15.0,80.0,0.8370093457943926,0.8147874306839187
5.0,0.11111111,15.0,128.0,0.8325233644859813,0.8136783733826247
5.0,0.11111111,17.0,2.0,0.8402492211838005,0.8155268022181146
5.0,0.11111111,17.0,3.0,0.8402492211838005,0.8155268022181146
5.0,0.11111111,17.0,5.0,0.8402492211838005,0.8155268022181146
5.0,0.11111111,17.0,8.0,0.8402492211838005,0.8155268022181146
5.0,0.11111111,17.0,12.0,0.8402492211838005,0.8155268022181146
5.0,0.11111111,17.0,20.0,0.8402492211838005,0.8155268022181146
5.0,0.11111111,17.0,32.0,0.8402492211838005,0.8155268022181146
5.0,0.11111111,17.0,50.0,0.8390031152647974,0.8173752310536043
5.0,0.11111111,17.0,80.0,0.8367601246105918,0.8144177449168207
5.0,0.11111111,17.0,128.0,0.831651090342679,0.8144177449168207
5.0,0.11111111,20.0,2.0,0.8388785046728973,0.8155268022181146
5.0,0.11111111,20.0,3.0,0.8388785046728973,0.8155268022181146
5.0,0.11111111,20.0,5.0,0.8388785046728973,0.8155268022181146
5.0,0.11111111,20.0,8.0,0.8388785046728973,0.8155268022181146
5.0,0.11111111,20.0,12.0,0.8388785046728973,0.8155268022181146
5.0,0.11111111,20.0,20.0,0.8388785046728973,0.8155268022181146
5.0,0.11111111,20.0,32.0,0.8388785046728973,0.8155268022181146
5.0,0.11111111,20.0,50.0,0.8382554517133955,0.8177449168207025
5.0,0.11111111,20.0,80.0,0.8353894080996884,0.8140480591497227
5.0,0.11111111,20.0,128.0,0.8315264797507789,0.8133086876155268
5.0,0.22222222,1.0,2.0,0.8434890965732087,0.8177449168207025
5.0,0.22222222,1.0,3.0,0.8434890965732087,0.8173752310536043
5.0,0.22222222,1.0,5.0,0.8431152647975078,0.8184842883548983
5.0,0.22222222,1.0,8.0,0.8442367601246106,0.8170055452865064
5.0,0.22222222,1.0,12.0,0.8437383177570095,0.8170055452865064
5.0,0.22222222,1.0,20.0,0.8424922118380062,0.8188539741219962
5.0,0.22222222,1.0,32.0,0.8424922118380062,0.8184842883548983
5.0,0.22222222,1.0,50.0,0.8402492211838007,0.8188539741219962
5.0,0.22222222,1.0,80.0,0.8385046728971963,0.8162661737523106
5.0,0.22222222,1.0,128.0,0.8337694704049845,0.8136783733826247
5.0,0.22222222,3.0,2.0,0.843239875389408,0.8170055452865064
5.0,0.22222222,3.0,3.0,0.843239875389408,0.8170055452865064
5.0,0.22222222,3.0,5.0,0.843239875389408,0.8170055452865064
5.0,0.22222222,3.0,8.0,0.843239875389408,0.8158964879852126
5.0,0.22222222,3.0,12.0,0.8434890965732087,0.8173752310536045
5.0,0.22222222,3.0,20.0,0.8428660436137072,0.8181146025878003
5.0,0.22222222,3.0,32.0,0.8426168224299065,0.8184842883548983
5.0,0.22222222,3.0,50.0,0.8404984423676012,0.8184842883548983
5.0,0.22222222,3.0,80.0,0.8378816199376947,0.8166358595194085
5.0,0.22222222,3.0,128.0,0.834018691588785,0.812569316081331
5.0,0.22222222,5.0,2.0,0.8431152647975078,0.8170055452865064
5.0,0.22222222,5.0,3.0,0.8431152647975078,0.8170055452865064
5.0,0.22222222,5.0,5.0,0.8431152647975078,0.8170055452865064
5.0,0.22222222,5.0,8.0,0.8431152647975078,0.8170055452865064
5.0,0.22222222,5.0,12.0,0.8424922118380062,0.8170055452865064
5.0,0.22222222,5.0,20.0,0.8427414330218068,0.8181146025878003
5.0,0.22222222,5.0,32.0,0.8427414330218068,0.8184842883548983
5.0,0.22222222,5.0,50.0,0.8409968847352024,0.8184842883548983
5.0,0.22222222,5.0,80.0,0.8373831775700935,0.8162661737523106
5.0,0.22222222,5.0,128.0,0.8338940809968847,0.8136783733826247
5.0,0.22222222,7.0,2.0,0.8411214953271028,0.8177449168207025
5.0,0.22222222,7.0,3.0,0.8411214953271028,0.8177449168207025
5.0,0.22222222,7.0,5.0,0.8411214953271028,0.8177449168207025
5.0,0.22222222,7.0,8.0,0.8411214953271028,0.8177449168207025
5.0,0.22222222,7.0,12.0,0.8411214953271028,0.8177449168207025
5.0,0.22222222,7.0,20.0,0.8413707165109034,0.8173752310536043
5.0,0.22222222,7.0,32.0,0.8418691588785047,0.8173752310536043
5.0,0.22222222,7.0,50.0,0.8408722741433021,0.8177449168207025
5.0,0.22222222,7.0,80.0,0.8371339563862928,0.8155268022181146
5.0,0.22222222,7.0,128.0,0.8330218068535824,0.8144177449168207
5.0,0.22222222,9.0,2.0,0.8414953271028038,0.8155268022181146
5.0,0.22222222,9.0,3.0,0.8414953271028038,0.8155268022181146
5.0,0.22222222,9.0,5.0,0.8414953271028038,0.8155268022181146
5.0,0.22222222,9.0,8.0,0.8414953271028038,0.8155268022181146
5.0,0.22222222,9.0,12.0,0.8414953271028038,0.8155268022181146
5.0,0.22222222,9.0,20.0,0.840747663551402,0.8166358595194085
5.0,0.22222222,9.0,32.0,0.8414953271028038,0.8177449168207023
5.0,0.22222222,9.0,50.0,0.8404984423676012,0.8173752310536043
5.0,0.22222222,9.0,80.0,0.8372585669781932,0.8151571164510166
5.0,0.22222222,9.0,128.0,0.8328971962616822,0.8144177449168207
5.0,0.22222222,11.0,2.0,0.8412461059190031,0.8155268022181146
5.0,0.22222222,11.0,3.0,0.8412461059190031,0.8155268022181146
5.0,0.22222222,11.0,5.0,0.8412461059190031,0.8155268022181146
5.0,0.22222222,11.0,8.0,0.8412461059190031,0.8155268022181146
5.0,0.22222222,11.0,12.0,0.8412461059190031,0.8155268022181146
5.0,0.22222222,11.0,20.0,0.8412461059190031,0.8155268022181146
5.0,0.22222222,11.0,32.0,0.8404984423676012,0.8181146025878003
5.0,0.22222222,11.0,50.0,0.8403738317757009,0.8177449168207025
5.0,0.22222222,11.0,80.0,0.8370093457943926,0.8151571164510166
5.0,0.22222222,11.0,128.0,0.8326479750778816,0.8136783733826247
5.0,0.22222222,13.0,2.0,0.8412461059190031,0.8162661737523106
5.0,0.22222222,13.0,3.0,0.8412461059190031,0.8162661737523106
5.0,0.22222222,13.0,5.0,0.8412461059190031,0.8162661737523106
5.0,0.22222222,13.0,8.0,0.8412461059190031,0.8162661737523106
5.0,0.22222222,13.0,12.0,0.8412461059190031,0.8162661737523106
5.0,0.22222222,13.0,20.0,0.8412461059190031,0.8162661737523106
5.0,0.22222222,13.0,32.0,0.8397507788161993,0.8155268022181146
5.0,0.22222222,13.0,50.0,0.8397507788161993,0.8177449168207025
5.0,0.22222222,13.0,80.0,0.8370093457943926,0.8151571164510166
5.0,0.22222222,13.0,128.0,0.832772585669782,0.8140480591497227
5.0,0.22222222,15.0,2.0,0.8403738317757009,0.8166358595194085
5.0,0.22222222,15.0,3.0,0.8403738317757009,0.8166358595194085
5.0,0.22222222,15.0,5.0,0.8403738317757009,0.8166358595194085
5.0,0.22222222,15.0,8.0,0.8403738317757009,0.8166358595194085
5.0,0.22222222,15.0,12.0,0.8403738317757009,0.8166358595194085
5.0,0.22222222,15.0,20.0,0.8403738317757009,0.8166358595194085
5.0,0.22222222,15.0,32.0,0.8398753894080997,0.8158964879852126
5.0,0.22222222,15.0,50.0,0.8390031152647974,0.8181146025878003
5.0,0.22222222,15.0,80.0,0.8370093457943926,0.8147874306839187
5.0,0.22222222,15.0,128.0,0.8325233644859813,0.8136783733826247
5.0,0.22222222,17.0,2.0,0.8402492211838005,0.8155268022181146
5.0,0.22222222,17.0,3.0,0.8402492211838005,0.8155268022181146
5.0,0.22222222,17.0,5.0,0.8402492211838005,0.8155268022181146
5.0,0.22222222,17.0,8.0,0.8402492211838005,0.8155268022181146
5.0,0.22222222,17.0,12.0,0.8402492211838005,0.8155268022181146
5.0,0.22222222,17.0,20.0,0.8402492211838005,0.8155268022181146
5.0,0.22222222,17.0,32.0,0.8402492211838005,0.8155268022181146
5.0,0.22222222,17.0,50.0,0.8390031152647974,0.8173752310536043
5.0,0.22222222,17.0,80.0,0.8367601246105918,0.8144177449168207
5.0,0.22222222,17.0,128.0,0.831651090342679,0.8144177449168207
5.0,0.22222222,20.0,2.0,0.8388785046728973,0.8155268022181146
5.0,0.22222222,20.0,3.0,0.8388785046728973,0.8155268022181146
5.0,0.22222222,20.0,5.0,0.8388785046728973,0.8155268022181146
5.0,0.22222222,20.0,8.0,0.8388785046728973,0.8155268022181146
5.0,0.22222222,20.0,12.0,0.8388785046728973,0.8155268022181146
5.0,0.22222222,20.0,20.0,0.8388785046728973,0.8155268022181146
5.0,0.22222222,20.0,32.0,0.8388785046728973,0.8155268022181146
5.0,0.22222222,20.0,50.0,0.8382554517133955,0.8177449168207025
5.0,0.22222222,20.0,80.0,0.8353894080996884,0.8140480591497227
5.0,0.22222222,20.0,128.0,0.8315264797507789,0.8133086876155268
5.0,0.33333334,1.0,2.0,0.8583177570093458,0.8377079482439926
5.0,0.33333334,1.0,3.0,0.8581931464174455,0.8369685767097966
5.0,0.33333334,1.0,5.0,0.8583177570093458,0.8373382624768947
5.0,0.33333334,1.0,8.0,0.8578193146417445,0.8365988909426987
5.0,0.33333334,1.0,12.0,0.8575700934579439,0.8354898336414049
5.0,0.33333334,1.0,20.0,0.8565732087227413,0.8358595194085028
5.0,0.33333334,1.0,32.0,0.8539563862928349,0.8369685767097966
5.0,0.33333334,1.0,50.0,0.853582554517134,0.8369685767097966
5.0,0.33333334,1.0,80.0,0.8500934579439253,0.8373382624768947
5.0,0.33333334,1.0,128.0,0.8466043613707166,0.8299445471349353
5.0,0.33333334,3.0,2.0,0.8560747663551401,0.8362292051756007
5.0,0.33333334,3.0,3.0,0.8560747663551401,0.8362292051756007
5.0,0.33333334,3.0,5.0,0.8560747663551401,0.8362292051756007
5.0,0.33333334,3.0,8.0,0.8564485981308412,0.8365988909426987
5.0,0.33333334,3.0,12.0,0.8566978193146417,0.8358595194085028
5.0,0.33333334,3.0,20.0,0.8553271028037382,0.8362292051756007
5.0,0.33333334,3.0,32.0,0.853582554517134,0.8373382624768947
5.0,0.33333334,3.0,50.0,0.8534579439252337,0.8384473197781885
5.0,0.33333334,3.0,80.0,0.8495950155763239,0.8369685767097966
5.0,0.33333334,3.0,128.0,0.846728971962617,0.8292051756007395
5.0,0.33333334,5.0,2.0,0.8564485981308412,0.8365988909426987
5.0,0.33333334,5.0,3.0,0.8564485981308412,0.8365988909426987
5.0,0.33333334,5.0,5.0,0.8564485981308412,0.8365988909426987
5.0,0.33333334,5.0,8.0,0.8564485981308412,0.8365988909426987
5.0,0.33333334,5.0,12.0,0.8570716510903427,0.8377079482439926
5.0,0.33333334,5.0,20.0,0.8563239875389408,0.8377079482439926
5.0,0.33333334,5.0,32.0,0.8539563862928349,0.8373382624768947
5.0,0.33333334,5.0,50.0,0.8529595015576323,0.8369685767097966
5.0,0.33333334,5.0,80.0,0.8493457943925234,0.8377079482439926
5.0,0.33333334,5.0,128.0,0.8467289719626168,0.8295748613678373
5.0,0.33333334,7.0,2.0,0.856822429906542,0.8369685767097966
5.0,0.33333334,7.0,3.0,0.856822429906542,0.8369685767097966
5.0,0.33333334,7.0,5.0,0.856822429906542,0.8369685767097966
5.0,0.33333334,7.0,8.0,0.856822429906542,0.8369685767097966
5.0,0.33333334,7.0,12.0,0.856822429906542,0.8369685767097966
5.0,0.33333334,7.0,20.0,0.8560747663551401,0.8373382624768947
5.0,0.33333334,7.0,32.0,0.853208722741433,0.8384473197781885
5.0,0.33333334,7.0,50.0,0.8525856697819314,0.8373382624768947
5.0,0.33333334,7.0,80.0,0.8493457943925234,0.8369685767097966
5.0,0.33333334,7.0,128.0,0.8457320872274143,0.8288354898336415
5.0,0.33333334,9.0,2.0,0.8554517133956386,0.8377079482439926
5.0,0.33333334,9.0,3.0,0.8554517133956386,0.8377079482439926
5.0,0.33333334,9.0,5.0,0.8554517133956386,0.8377079482439926
5.0,0.33333334,9.0,8.0,0.8554517133956386,0.8377079482439926
5.0,0.33333334,9.0,12.0,0.8554517133956386,0.8377079482439926
5.0,0.33333334,9.0,20.0,0.8555763239875389,0.8377079482439926
5.0,0.33333334,9.0,32.0,0.853582554517134,0.8377079482439926
5.0,0.33333334,9.0,50.0,0.8525856697819314,0.8365988909426987
5.0,0.33333334,9.0,80.0,0.8497196261682243,0.8358595194085028
5.0,0.33333334,9.0,128.0,0.8454828660436137,0.8292051756007395
5.0,0.33333334,11.0,2.0,0.8543302180685359,0.8388170055452864
5.0,0.33333334,11.0,3.0,0.8543302180685359,0.8388170055452864
5.0,0.33333334,11.0,5.0,0.8543302180685359,0.8388170055452864
5.0,0.33333334,11.0,8.0,0.8543302180685359,0.8388170055452864
5.0,0.33333334,11.0,12.0,0.8543302180685359,0.8388170055452864
5.0,0.33333334,11.0,20.0,0.8543302180685359,0.8388170055452864
5.0,0.33333334,11.0,32.0,0.8527102803738318,0.8377079482439926
5.0,0.33333334,11.0,50.0,0.8527102803738318,0.8380776340110906
5.0,0.33333334,11.0,80.0,0.8492211838006231,0.8354898336414049
5.0,0.33333334,11.0,128.0,0.8453582554517134,0.8288354898336415
5.0,0.33333334,13.0,2.0,0.8543302180685359,0.8395563770794825
5.0,0.33333334,13.0,3.0,0.8543302180685359,0.8395563770794825
5.0,0.33333334,13.0,5.0,0.8543302180685359,0.8395563770794825
5.0,0.33333334,13.0,8.0,0.8543302180685359,0.8395563770794825
5.0,0.33333334,13.0,12.0,0.8543302180685359,0.8395563770794825
5.0,0.33333334,13.0,20.0,0.8543302180685359,0.8395563770794825
5.0,0.33333334,13.0,32.0,0.8530841121495328,0.8373382624768947
5.0,0.33333334,13.0,50.0,0.8517133956386292,0.8369685767097966
5.0,0.33333334,13.0,80.0,0.8488473520249222,0.8351201478743068
5.0,0.33333334,13.0,128.0,0.8447352024922118,0.8284658040665434
5.0,0.33333334,15.0,2.0,0.8537071651090343,0.8377079482439926
5.0,0.33333334,15.0,3.0,0.8537071651090343,0.8377079482439926
5.0,0.33333334,15.0,5.0,0.8537071651090343,0.8377079482439926
5.0,0.33333334,15.0,8.0,0.8537071651090343,0.8377079482439926
5.0,0.33333334,15.0,12.0,0.8537071651090343,0.8377079482439926
5.0,0.33333334,15.0,20.0,0.8537071651090343,0.8377079482439926
5.0,0.33333334,15.0,32.0,0.853208722741433,0.8362292051756007
5.0,0.33333334,15.0,50.0,0.8515887850467291,0.8365988909426987
5.0,0.33333334,15.0,80.0,0.8487227414330218,0.8351201478743068
5.0,0.33333334,15.0,128.0,0.8446105919003115,0.8292051756007395
5.0,0.33333334,17.0,2.0,0.8522118380062306,0.8358595194085028
5.0,0.33333334,17.0,3.0,0.8522118380062306,0.8358595194085028
5.0,0.33333334,17.0,5.0,0.8522118380062306,0.8358595194085028
5.0,0.33333334,17.0,8.0,0.8522118380062306,0.8358595194085028
5.0,0.33333334,17.0,12.0,0.8522118380062306,0.8358595194085028
5.0,0.33333334,17.0,20.0,0.8522118380062306,0.8358595194085028
5.0,0.33333334,17.0,32.0,0.8522118380062306,0.8358595194085028
5.0,0.33333334,17.0,50.0,0.8513395638629284,0.8365988909426987
5.0,0.33333334,17.0,80.0,0.8489719626168224,0.8347504621072088
5.0,0.33333334,17.0,128.0,0.8446105919003115,0.8292051756007395
5.0,0.33333334,20.0,2.0,0.851214953271028,0.8365988909426987
5.0,0.33333334,20.0,3.0,0.851214953271028,0.8365988909426987
5.0,0.33333334,20.0,5.0,0.851214953271028,0.8365988909426987
5.0,0.33333334,20.0,8.0,0.851214953271028,0.8365988909426987
5.0,0.33333334,20.0,12.0,0.851214953271028,0.8365988909426987
5.0,0.33333334,20.0,20.0,0.851214953271028,0.8365988909426987
5.0,0.33333334,20.0,32.0,0.851214953271028,0.8365988909426987
5.0,0.33333334,20.0,50.0,0.8514641744548287,0.8365988909426987
5.0,0.33333334,20.0,80.0,0.8494704049844237,0.834380776340111
5.0,0.33333334,20.0,128.0,0.8451090342679128,0.8303142329020332
5.0,0.44444445,1.0,2.0,0.8583177570093458,0.8377079482439926
5.0,0.44444445,1.0,3.0,0.8581931464174455,0.8369685767097966
5.0,0.44444445,1.0,5.0,0.8583177570093458,0.8373382624768947
5.0,0.44444445,1.0,8.0,0.8578193146417445,0.8365988909426987
5.0,0.44444445,1.0,12.0,0.8575700934579439,0.8354898336414049
5.0,0.44444445,1.0,20.0,0.8565732087227413,0.8358595194085028
5.0,0.44444445,1.0,32.0,0.8539563862928349,0.8369685767097966
5.0,0.44444445,1.0,50.0,0.853582554517134,0.8369685767097966
5.0,0.44444445,1.0,80.0,0.8500934579439253,0.8373382624768947
5.0,0.44444445,1.0,128.0,0.8466043613707166,0.8299445471349353
5.0,0.44444445,3.0,2.0,0.8560747663551401,0.8362292051756007
5.0,0.44444445,3.0,3.0,0.8560747663551401,0.8362292051756007
5.0,0.44444445,3.0,5.0,0.8560747663551401,0.8362292051756007
5.0,0.44444445,3.0,8.0,0.8564485981308412,0.8365988909426987
5.0,0.44444445,3.0,12.0,0.8566978193146417,0.8358595194085028
5.0,0.44444445,3.0,20.0,0.8553271028037382,0.8362292051756007
5.0,0.44444445,3.0,32.0,0.853582554517134,0.8373382624768947
5.0,0.44444445,3.0,50.0,0.8534579439252337,0.8384473197781885
5.0,0.44444445,3.0,80.0,0.8495950155763239,0.8369685767097966
5.0,0.44444445,3.0,128.0,0.846728971962617,0.8292051756007395
5.0,0.44444445,5.0,2.0,0.8564485981308412,0.8365988909426987
5.0,0.44444445,5.0,3.0,0.8564485981308412,0.8365988909426987
5.0,0.44444445,5.0,5.0,0.8564485981308412,0.8365988909426987
5.0,0.44444445,5.0,8.0,0.8564485981308412,0.8365988909426987
5.0,0.44444445,5.0,12.0,0.8570716510903427,0.8377079482439926
5.0,0.44444445,5.0,20.0,0.8563239875389408,0.8377079482439926
5.0,0.44444445,5.0,32.0,0.8539563862928349,0.8373382624768947
5.0,0.44444445,5.0,50.0,0.8529595015576323,0.8369685767097966
5.0,0.44444445,5.0,80.0,0.8493457943925234,0.8377079482439926
5.0,0.44444445,5.0,128.0,0.8467289719626168,0.8295748613678373
5.0,0.44444445,7.0,2.0,0.856822429906542,0.8369685767097966
5.0,0.44444445,7.0,3.0,0.856822429906542,0.8369685767097966
5.0,0.44444445,7.0,5.0,0.856822429906542,0.8369685767097966
5.0,0.44444445,7.0,8.0,0.856822429906542,0.8369685767097966
5.0,0.44444445,7.0,12.0,0.856822429906542,0.8369685767097966
5.0,0.44444445,7.0,20.0,0.8560747663551401,0.8373382624768947
5.0,0.44444445,7.0,32.0,0.853208722741433,0.8384473197781885
5.0,0.44444445,7.0,50.0,0.8525856697819314,0.8373382624768947
5.0,0.44444445,7.0,80.0,0.8493457943925234,0.8369685767097966
5.0,0.44444445,7.0,128.0,0.8457320872274143,0.8288354898336415
5.0,0.44444445,9.0,2.0,0.8554517133956386,0.8377079482439926
5.0,0.44444445,9.0,3.0,0.8554517133956386,0.8377079482439926
5.0,0.44444445,9.0,5.0,0.8554517133956386,0.8377079482439926
5.0,0.44444445,9.0,8.0,0.8554517133956386,0.8377079482439926
5.0,0.44444445,9.0,12.0,0.8554517133956386,0.8377079482439926
5.0,0.44444445,9.0,20.0,0.8555763239875389,0.8377079482439926
5.0,0.44444445,9.0,32.0,0.853582554517134,0.8377079482439926
5.0,0.44444445,9.0,50.0,0.8525856697819314,0.8365988909426987
5.0,0.44444445,9.0,80.0,0.8497196261682243,0.8358595194085028
5.0,0.44444445,9.0,128.0,0.8454828660436137,0.8292051756007395
5.0,0.44444445,11.0,2.0,0.8543302180685359,0.8388170055452864
5.0,0.44444445,11.0,3.0,0.8543302180685359,0.8388170055452864
5.0,0.44444445,11.0,5.0,0.8543302180685359,0.8388170055452864
5.0,0.44444445,11.0,8.0,0.8543302180685359,0.8388170055452864
5.0,0.44444445,11.0,12.0,0.8543302180685359,0.8388170055452864
5.0,0.44444445,11.0,20.0,0.8543302180685359,0.8388170055452864
5.0,0.44444445,11.0,32.0,0.8527102803738318,0.8377079482439926
5.0,0.44444445,11.0,50.0,0.8527102803738318,0.8380776340110906
5.0,0.44444445,11.0,80.0,0.8492211838006231,0.8354898336414049
5.0,0.44444445,11.0,128.0,0.8453582554517134,0.8288354898336415
5.0,0.44444445,13.0,2.0,0.8543302180685359,0.8395563770794825
5.0,0.44444445,13.0,3.0,0.8543302180685359,0.8395563770794825
5.0,0.44444445,13.0,5.0,0.8543302180685359,0.8395563770794825
5.0,0.44444445,13.0,8.0,0.8543302180685359,0.8395563770794825
5.0,0.44444445,13.0,12.0,0.8543302180685359,0.8395563770794825
5.0,0.44444445,13.0,20.0,0.8543302180685359,0.8395563770794825
5.0,0.44444445,13.0,32.0,0.8530841121495328,0.8373382624768947
5.0,0.44444445,13.0,50.0,0.8517133956386292,0.8369685767097966
5.0,0.44444445,13.0,80.0,0.8488473520249222,0.8351201478743068
5.0,0.44444445,13.0,128.0,0.8447352024922118,0.8284658040665434
5.0,0.44444445,15.0,2.0,0.8537071651090343,0.8377079482439926
5.0,0.44444445,15.0,3.0,0.8537071651090343,0.8377079482439926
5.0,0.44444445,15.0,5.0,0.8537071651090343,0.8377079482439926
5.0,0.44444445,15.0,8.0,0.8537071651090343,0.8377079482439926
5.0,0.44444445,15.0,12.0,0.8537071651090343,0.8377079482439926
5.0,0.44444445,15.0,20.0,0.8537071651090343,0.8377079482439926
5.0,0.44444445,15.0,32.0,0.853208722741433,0.8362292051756007
5.0,0.44444445,15.0,50.0,0.8515887850467291,0.8365988909426987
5.0,0.44444445,15.0,80.0,0.8487227414330218,0.8351201478743068
5.0,0.44444445,15.0,128.0,0.8446105919003115,0.8292051756007395
5.0,0.44444445,17.0,2.0,0.8522118380062306,0.8358595194085028
5.0,0.44444445,17.0,3.0,0.8522118380062306,0.8358595194085028
5.0,0.44444445,17.0,5.0,0.8522118380062306,0.8358595194085028
5.0,0.44444445,17.0,8.0,0.8522118380062306,0.8358595194085028
5.0,0.44444445,17.0,12.0,0.8522118380062306,0.8358595194085028
5.0,0.44444445,17.0,20.0,0.8522118380062306,0.8358595194085028
5.0,0.44444445,17.0,32.0,0.8522118380062306,0.8358595194085028
5.0,0.44444445,17.0,50.0,0.8513395638629284,0.8365988909426987
5.0,0.44444445,17.0,80.0,0.8489719626168224,0.8347504621072088
5.0,0.44444445,17.0,128.0,0.8446105919003115,0.8292051756007395
5.0,0.44444445,20.0,2.0,0.851214953271028,0.8365988909426987
5.0,0.44444445,20.0,3.0,0.851214953271028,0.8365988909426987
5.0,0.44444445,20.0,5.0,0.851214953271028,0.8365988909426987
5.0,0.44444445,20.0,8.0,0.851214953271028,0.8365988909426987
5.0,0.44444445,20.0,12.0,0.851214953271028,0.8365988909426987
5.0,0.44444445,20.0,20.0,0.851214953271028,0.8365988909426987
5.0,0.44444445,20.0,32.0,0.851214953271028,0.8365988909426987
5.0,0.44444445,20.0,50.0,0.8514641744548287,0.8365988909426987
5.0,0.44444445,20.0,80.0,0.8494704049844237,0.834380776340111
5.0,0.44444445,20.0,128.0,0.8451090342679128,0.8303142329020332
5.0,0.5555556,1.0,2.0,0.8583177570093458,0.8377079482439926
5.0,0.5555556,1.0,3.0,0.8581931464174455,0.8369685767097966
5.0,0.5555556,1.0,5.0,0.8583177570093458,0.8373382624768947
5.0,0.5555556,1.0,8.0,0.8578193146417445,0.8365988909426987
5.0,0.5555556,1.0,12.0,0.8575700934579439,0.8354898336414049
5.0,0.5555556,1.0,20.0,0.8565732087227413,0.8358595194085028
5.0,0.5555556,1.0,32.0,0.8539563862928349,0.8369685767097966
5.0,0.5555556,1.0,50.0,0.853582554517134,0.8369685767097966
5.0,0.5555556,1.0,80.0,0.8500934579439253,0.8373382624768947
5.0,0.5555556,1.0,128.0,0.8466043613707166,0.8299445471349353
5.0,0.5555556,3.0,2.0,0.8560747663551401,0.8362292051756007
5.0,0.5555556,3.0,3.0,0.8560747663551401,0.8362292051756007
5.0,0.5555556,3.0,5.0,0.8560747663551401,0.8362292051756007
5.0,0.5555556,3.0,8.0,0.8564485981308412,0.8365988909426987
5.0,0.5555556,3.0,12.0,0.8566978193146417,0.8358595194085028
5.0,0.5555556,3.0,20.0,0.8553271028037382,0.8362292051756007
5.0,0.5555556,3.0,32.0,0.853582554517134,0.8373382624768947
5.0,0.5555556,3.0,50.0,0.8534579439252337,0.8384473197781885
5.0,0.5555556,3.0,80.0,0.8495950155763239,0.8369685767097966
5.0,0.5555556,3.0,128.0,0.846728971962617,0.8292051756007395
5.0,0.5555556,5.0,2.0,0.8564485981308412,0.8365988909426987
5.0,0.5555556,5.0,3.0,0.8564485981308412,0.8365988909426987
5.0,0.5555556,5.0,5.0,0.8564485981308412,0.8365988909426987
5.0,0.5555556,5.0,8.0,0.8564485981308412,0.8365988909426987
5.0,0.5555556,5.0,12.0,0.8570716510903427,0.8377079482439926
5.0,0.5555556,5.0,20.0,0.8563239875389408,0.8377079482439926
5.0,0.5555556,5.0,32.0,0.8539563862928349,0.8373382624768947
5.0,0.5555556,5.0,50.0,0.8529595015576323,0.8369685767097966
5.0,0.5555556,5.0,80.0,0.8493457943925234,0.8377079482439926
5.0,0.5555556,5.0,128.0,0.8467289719626168,0.8295748613678373
5.0,0.5555556,7.0,2.0,0.856822429906542,0.8369685767097966
5.0,0.5555556,7.0,3.0,0.856822429906542,0.8369685767097966
5.0,0.5555556,7.0,5.0,0.856822429906542,0.8369685767097966
5.0,0.5555556,7.0,8.0,0.856822429906542,0.8369685767097966
5.0,0.5555556,7.0,12.0,0.856822429906542,0.8369685767097966
5.0,0.5555556,7.0,20.0,0.8560747663551401,0.8373382624768947
5.0,0.5555556,7.0,32.0,0.853208722741433,0.8384473197781885
5.0,0.5555556,7.0,50.0,0.8525856697819314,0.8373382624768947
5.0,0.5555556,7.0,80.0,0.8493457943925234,0.8369685767097966
5.0,0.5555556,7.0,128.0,0.8457320872274143,0.8288354898336415
5.0,0.5555556,9.0,2.0,0.8554517133956386,0.8377079482439926
5.0,0.5555556,9.0,3.0,0.8554517133956386,0.8377079482439926
5.0,0.5555556,9.0,5.0,0.8554517133956386,0.8377079482439926
5.0,0.5555556,9.0,8.0,0.8554517133956386,0.8377079482439926
5.0,0.5555556,9.0,12.0,0.8554517133956386,0.8377079482439926
5.0,0.5555556,9.0,20.0,0.8555763239875389,0.8377079482439926
5.0,0.5555556,9.0,32.0,0.853582554517134,0.8377079482439926
5.0,0.5555556,9.0,50.0,0.8525856697819314,0.8365988909426987
5.0,0.5555556,9.0,80.0,0.8497196261682243,0.8358595194085028
5.0,0.5555556,9.0,128.0,0.8454828660436137,0.8292051756007395
5.0,0.5555556,11.0,2.0,0.8543302180685359,0.8388170055452864
5.0,0.5555556,11.0,3.0,0.8543302180685359,0.8388170055452864
5.0,0.5555556,11.0,5.0,0.8543302180685359,0.8388170055452864
5.0,0.5555556,11.0,8.0,0.8543302180685359,0.8388170055452864
5.0,0.5555556,11.0,12.0,0.8543302180685359,0.8388170055452864
5.0,0.5555556,11.0,20.0,0.8543302180685359,0.8388170055452864
5.0,0.5555556,11.0,32.0,0.8527102803738318,0.8377079482439926
5.0,0.5555556,11.0,50.0,0.8527102803738318,0.8380776340110906
5.0,0.5555556,11.0,80.0,0.8492211838006231,0.8354898336414049
5.0,0.5555556,11.0,128.0,0.8453582554517134,0.8288354898336415
5.0,0.5555556,13.0,2.0,0.8543302180685359,0.8395563770794825
5.0,0.5555556,13.0,3.0,0.8543302180685359,0.8395563770794825
5.0,0.5555556,13.0,5.0,0.8543302180685359,0.8395563770794825
5.0,0.5555556,13.0,8.0,0.8543302180685359,0.8395563770794825
5.0,0.5555556,13.0,12.0,0.8543302180685359,0.8395563770794825
5.0,0.5555556,13.0,20.0,0.8543302180685359,0.8395563770794825
5.0,0.5555556,13.0,32.0,0.8530841121495328,0.8373382624768947
5.0,0.5555556,13.0,50.0,0.8517133956386292,0.8369685767097966
5.0,0.5555556,13.0,80.0,0.8488473520249222,0.8351201478743068
5.0,0.5555556,13.0,128.0,0.8447352024922118,0.8284658040665434
5.0,0.5555556,15.0,2.0,0.8537071651090343,0.8377079482439926
5.0,0.5555556,15.0,3.0,0.8537071651090343,0.8377079482439926
5.0,0.5555556,15.0,5.0,0.8537071651090343,0.8377079482439926
5.0,0.5555556,15.0,8.0,0.8537071651090343,0.8377079482439926
5.0,0.5555556,15.0,12.0,0.8537071651090343,0.8377079482439926
5.0,0.5555556,15.0,20.0,0.8537071651090343,0.8377079482439926
5.0,0.5555556,15.0,32.0,0.853208722741433,0.8362292051756007
5.0,0.5555556,15.0,50.0,0.8515887850467291,0.8365988909426987
5.0,0.5555556,15.0,80.0,0.8487227414330218,0.8351201478743068
5.0,0.5555556,15.0,128.0,0.8446105919003115,0.8292051756007395
5.0,0.5555556,17.0,2.0,0.8522118380062306,0.8358595194085028
5.0,0.5555556,17.0,3.0,0.8522118380062306,0.8358595194085028
5.0,0.5555556,17.0,5.0,0.8522118380062306,0.8358595194085028
5.0,0.5555556,17.0,8.0,0.8522118380062306,0.8358595194085028
5.0,0.5555556,17.0,12.0,0.8522118380062306,0.8358595194085028
5.0,0.5555556,17.0,20.0,0.8522118380062306,0.8358595194085028
5.0,0.5555556,17.0,32.0,0.8522118380062306,0.8358595194085028
5.0,0.5555556,17.0,50.0,0.8513395638629284,0.8365988909426987
5.0,0.5555556,17.0,80.0,0.8489719626168224,0.8347504621072088
5.0,0.5555556,17.0,128.0,0.8446105919003115,0.8292051756007395
5.0,0.5555556,20.0,2.0,0.851214953271028,0.8365988909426987
5.0,0.5555556,20.0,3.0,0.851214953271028,0.8365988909426987
5.0,0.5555556,20.0,5.0,0.851214953271028,0.8365988909426987
5.0,0.5555556,20.0,8.0,0.851214953271028,0.8365988909426987
5.0,0.5555556,20.0,12.0,0.851214953271028,0.8365988909426987
5.0,0.5555556,20.0,20.0,0.851214953271028,0.8365988909426987
5.0,0.5555556,20.0,32.0,0.851214953271028,0.8365988909426987
5.0,0.5555556,20.0,50.0,0.8514641744548287,0.8365988909426987
5.0,0.5555556,20.0,80.0,0.8494704049844237,0.834380776340111
5.0,0.5555556,20.0,128.0,0.8451090342679128,0.8303142329020332
5.0,0.6666667,1.0,2.0,0.8659190031152647,0.84362292051756
5.0,0.6666667,1.0,3.0,0.8659190031152647,0.8432532347504621
5.0,0.6666667,1.0,5.0,0.866791277258567,0.84362292051756
5.0,0.6666667,1.0,8.0,0.8656697819314643,0.8432532347504621
5.0,0.6666667,1.0,12.0,0.864797507788162,0.8425138632162662
5.0,0.6666667,1.0,20.0,0.8649221183800624,0.844731977818854
5.0,0.6666667,1.0,32.0,0.8630529595015576,0.8432532347504621
5.0,0.6666667,1.0,50.0,0.8605607476635514,0.8469500924214419
5.0,0.6666667,1.0,80.0,0.8569470404984424,0.8432532347504621
5.0,0.6666667,1.0,128.0,0.851214953271028,0.8380776340110906
5.0,0.6666667,3.0,2.0,0.8657943925233645,0.84362292051756
5.0,0.6666667,3.0,3.0,0.8657943925233645,0.84362292051756
5.0,0.6666667,3.0,5.0,0.8657943925233645,0.84362292051756
5.0,0.6666667,3.0,8.0,0.8656697819314643,0.8432532347504621
5.0,0.6666667,3.0,12.0,0.8645482866043613,0.8421441774491683
5.0,0.6666667,3.0,20.0,0.8639252336448597,0.844731977818854
5.0,0.6666667,3.0,32.0,0.8623052959501557,0.8439926062846581
5.0,0.6666667,3.0,50.0,0.8603115264797507,0.8469500924214417
5.0,0.6666667,3.0,80.0,0.857196261682243,0.8428835489833642
5.0,0.6666667,3.0,128.0,0.8510903426791276,0.8384473197781885
5.0,0.6666667,5.0,2.0,0.8640498442367601,0.84362292051756
5.0,0.6666667,5.0,3.0,0.8640498442367601,0.84362292051756
5.0,0.6666667,5.0,5.0,0.8640498442367601,0.84362292051756
5.0,0.6666667,5.0,8.0,0.8640498442367601,0.84362292051756
5.0,0.6666667,5.0,12.0,0.8631775700934579,0.8428835489833642
5.0,0.6666667,5.0,20.0,0.8640498442367601,0.845841035120148
5.0,0.6666667,5.0,32.0,0.8615576323987539,0.8428835489833642
5.0,0.6666667,5.0,50.0,0.8604361370716511,0.8473197781885398
5.0,0.6666667,5.0,80.0,0.8563239875389408,0.8428835489833642
5.0,0.6666667,5.0,128.0,0.8520872274143303,0.8384473197781885
5.0,0.6666667,7.0,2.0,0.8641744548286605,0.844731977818854
5.0,0.6666667,7.0,3.0,0.8641744548286605,0.844731977818854
5.0,0.6666667,7.0,5.0,0.8641744548286605,0.844731977818854
5.0,0.6666667,7.0,8.0,0.8641744548286605,0.844731977818854
5.0,0.6666667,7.0,12.0,0.8641744548286605,0.844731977818854
5.0,0.6666667,7.0,20.0,0.8631775700934579,0.8462107208872458
5.0,0.6666667,7.0,32.0,0.8615576323987539,0.8439926062846581
5.0,0.6666667,7.0,50.0,0.8599376947040499,0.8480591497227357
5.0,0.6666667,7.0,80.0,0.8563239875389408,0.84362292051756
5.0,0.6666667,7.0,128.0,0.8515887850467291,0.8377079482439926
5.0,0.6666667,9.0,2.0,0.8630529595015577,0.8451016635859518
5.0,0.6666667,9.0,3.0,0.8630529595015577,0.8451016635859518
5.0,0.6666667,9.0,5.0,0.8630529595015577,0.8451016635859518
5.0,0.6666667,9.0,8.0,0.8630529595015577,0.8451016635859518
5.0,0.6666667,9.0,12.0,0.8630529595015577,0.8451016635859518
5.0,0.6666667,9.0,20.0,0.8621806853582555,0.8462107208872458
5.0,0.6666667,9.0,32.0,0.8616822429906541,0.845841035120148
5.0,0.6666667,9.0,50.0,0.8601869158878503,0.8473197781885398
5.0,0.6666667,9.0,80.0,0.8565732087227413,0.84362292051756
5.0,0.6666667,9.0,128.0,0.8513395638629284,0.8380776340110906
5.0,0.6666667,11.0,2.0,0.8621806853582555,0.845841035120148
5.0,0.6666667,11.0,3.0,0.8621806853582555,0.845841035120148
5.0,0.6666667,11.0,5.0,0.8621806853582555,0.845841035120148
5.0,0.6666667,11.0,8.0,0.8621806853582555,0.845841035120148
5.0,0.6666667,11.0,12.0,0.8621806853582555,0.845841035120148
5.0,0.6666667,11.0,20.0,0.8621806853582555,0.845841035120148
5.0,0.6666667,11.0,32.0,0.8609345794392524,0.8454713493530498
5.0,0.6666667,11.0,50.0,0.8599376947040499,0.8462107208872458
5.0,0.6666667,11.0,80.0,0.8559501557632399,0.8425138632162662
5.0,0.6666667,11.0,128.0,0.8509657320872275,0.8377079482439926
5.0,0.6666667,13.0,2.0,0.8609345794392522,0.8465804066543438
5.0,0.6666667,13.0,3.0,0.8609345794392522,0.8465804066543438
5.0,0.6666667,13.0,5.0,0.8609345794392522,0.8465804066543438
5.0,0.6666667,13.0,8.0,0.8609345794392522,0.8465804066543438
5.0,0.6666667,13.0,12.0,0.8609345794392522,0.8465804066543438
5.0,0.6666667,13.0,20.0,0.8609345794392522,0.8465804066543438
5.0,0.6666667,13.0,32.0,0.8609345794392522,0.845841035120148
5.0,0.6666667,13.0,50.0,0.8595638629283489,0.8465804066543438
5.0,0.6666667,13.0,80.0,0.8560747663551401,0.8428835489833642
5.0,0.6666667,13.0,128.0,0.8507165109034268,0.8377079482439926
5.0,0.6666667,15.0,2.0,0.8599376947040499,0.8443622920517561
5.0,0.6666667,15.0,3.0,0.8599376947040499,0.8443622920517561
5.0,0.6666667,15.0,5.0,0.8599376947040499,0.8443622920517561
5.0,0.6666667,15.0,8.0,0.8599376947040499,0.8443622920517561
5.0,0.6666667,15.0,12.0,0.8599376947040499,0.8443622920517561
5.0,0.6666667,15.0,20.0,0.8599376947040499,0.8443622920517561
5.0,0.6666667,15.0,32.0,0.8596884735202492,0.8439926062846581
5.0,0.6666667,15.0,50.0,0.8594392523364485,0.8454713493530498
5.0,0.6666667,15.0,80.0,0.8557009345794393,0.84362292051756
5.0,0.6666667,15.0,128.0,0.8508411214953272,0.8373382624768947
5.0,0.6666667,17.0,2.0,0.8599376947040499,0.8451016635859518
5.0,0.6666667,17.0,3.0,0.8599376947040499,0.8451016635859518
5.0,0.6666667,17.0,5.0,0.8599376947040499,0.8451016635859518
5.0,0.6666667,17.0,8.0,0.8599376947040499,0.8451016635859518
5.0,0.6666667,17.0,12.0,0.8599376947040499,0.8451016635859518
5.0,0.6666667,17.0,20.0,0.8599376947040499,0.8451016635859518
5.0,0.6666667,17.0,32.0,0.8599376947040499,0.8451016635859518
5.0,0.6666667,17.0,50.0,0.8595638629283489,0.845841035120148
5.0,0.6666667,17.0,80.0,0.8553271028037382,0.8428835489833642
5.0,0.6666667,17.0,128.0,0.8513395638629284,0.8380776340110906
5.0,0.6666667,20.0,2.0,0.8594392523364487,0.845841035120148
5.0,0.6666667,20.0,3.0,0.8594392523364487,0.845841035120148
5.0,0.6666667,20.0,5.0,0.8594392523364487,0.845841035120148
5.0,0.6666667,20.0,8.0,0.8594392523364487,0.845841035120148
5.0,0.6666667,20.0,12.0,0.8594392523364487,0.845841035120148
5.0,0.6666667,20.0,20.0,0.8594392523364487,0.845841035120148
5.0,0.6666667,20.0,32.0,0.8594392523364487,0.845841035120148
5.0,0.6666667,20.0,50.0,0.8580685358255451,0.8443622920517561
5.0,0.6666667,20.0,80.0,0.8555763239875389,0.8439926062846581
5.0,0.6666667,20.0,128.0,0.8505919003115265,0.8380776340110906
5.0,0.7777778,1.0,2.0,0.8659190031152647,0.84362292051756
5.0,0.7777778,1.0,3.0,0.8659190031152647,0.8432532347504621
5.0,0.7777778,1.0,5.0,0.866791277258567,0.84362292051756
5.0,0.7777778,1.0,8.0,0.8656697819314643,0.8432532347504621
5.0,0.7777778,1.0,12.0,0.864797507788162,0.8425138632162662
5.0,0.7777778,1.0,20.0,0.8649221183800624,0.844731977818854
5.0,0.7777778,1.0,32.0,0.8630529595015576,0.8432532347504621
5.0,0.7777778,1.0,50.0,0.8605607476635514,0.8469500924214419
5.0,0.7777778,1.0,80.0,0.8569470404984424,0.8432532347504621
5.0,0.7777778,1.0,128.0,0.851214953271028,0.8380776340110906
5.0,0.7777778,3.0,2.0,0.8657943925233645,0.84362292051756
5.0,0.7777778,3.0,3.0,0.8657943925233645,0.84362292051756
5.0,0.7777778,3.0,5.0,0.8657943925233645,0.84362292051756
5.0,0.7777778,3.0,8.0,0.8656697819314643,0.8432532347504621
5.0,0.7777778,3.0,12.0,0.8645482866043613,0.8421441774491683
5.0,0.7777778,3.0,20.0,0.8639252336448597,0.844731977818854
5.0,0.7777778,3.0,32.0,0.8623052959501557,0.8439926062846581
5.0,0.7777778,3.0,50.0,0.8603115264797507,0.8469500924214417
5.0,0.7777778,3.0,80.0,0.857196261682243,0.8428835489833642
5.0,0.7777778,3.0,128.0,0.8510903426791276,0.8384473197781885
5.0,0.7777778,5.0,2.0,0.8640498442367601,0.84362292051756
5.0,0.7777778,5.0,3.0,0.8640498442367601,0.84362292051756
5.0,0.7777778,5.0,5.0,0.8640498442367601,0.84362292051756
5.0,0.7777778,5.0,8.0,0.8640498442367601,0.84362292051756
5.0,0.7777778,5.0,12.0,0.8631775700934579,0.8428835489833642
5.0,0.7777778,5.0,20.0,0.8640498442367601,0.845841035120148
5.0,0.7777778,5.0,32.0,0.8615576323987539,0.8428835489833642
5.0,0.7777778,5.0,50.0,0.8604361370716511,0.8473197781885398
5.0,0.7777778,5.0,80.0,0.8563239875389408,0.8428835489833642
5.0,0.7777778,5.0,128.0,0.8520872274143303,0.8384473197781885
5.0,0.7777778,7.0,2.0,0.8641744548286605,0.844731977818854
5.0,0.7777778,7.0,3.0,0.8641744548286605,0.844731977818854
5.0,0.7777778,7.0,5.0,0.8641744548286605,0.844731977818854
5.0,0.7777778,7.0,8.0,0.8641744548286605,0.844731977818854
5.0,0.7777778,7.0,12.0,0.8641744548286605,0.844731977818854
5.0,0.7777778,7.0,20.0,0.8631775700934579,0.8462107208872458
5.0,0.7777778,7.0,32.0,0.8615576323987539,0.8439926062846581
5.0,0.7777778,7.0,50.0,0.8599376947040499,0.8480591497227357
5.0,0.7777778,7.0,80.0,0.8563239875389408,0.84362292051756
5.0,0.7777778,7.0,128.0,0.8515887850467291,0.8377079482439926
5.0,0.7777778,9.0,2.0,0.8630529595015577,0.8451016635859518
5.0,0.7777778,9.0,3.0,0.8630529595015577,0.8451016635859518
5.0,0.7777778,9.0,5.0,0.8630529595015577,0.8451016635859518
5.0,0.7777778,9.0,8.0,0.8630529595015577,0.8451016635859518
5.0,0.7777778,9.0,12.0,0.8630529595015577,0.8451016635859518
5.0,0.7777778,9.0,20.0,0.8621806853582555,0.8462107208872458
5.0,0.7777778,9.0,32.0,0.8616822429906541,0.845841035120148
5.0,0.7777778,9.0,50.0,0.8601869158878503,0.8473197781885398
5.0,0.7777778,9.0,80.0,0.8565732087227413,0.84362292051756
5.0,0.7777778,9.0,128.0,0.8513395638629284,0.8380776340110906
5.0,0.7777778,11.0,2.0,0.8621806853582555,0.845841035120148
5.0,0.7777778,11.0,3.0,0.8621806853582555,0.845841035120148
5.0,0.7777778,11.0,5.0,0.8621806853582555,0.845841035120148
5.0,0.7777778,11.0,8.0,0.8621806853582555,0.845841035120148
5.0,0.7777778,11.0,12.0,0.8621806853582555,0.845841035120148
5.0,0.7777778,11.0,20.0,0.8621806853582555,0.845841035120148
5.0,0.7777778,11.0,32.0,0.8609345794392524,0.8454713493530498
5.0,0.7777778,11.0,50.0,0.8599376947040499,0.8462107208872458
5.0,0.7777778,11.0,80.0,0.8559501557632399,0.8425138632162662
5.0,0.7777778,11.0,128.0,0.8509657320872275,0.8377079482439926
5.0,0.7777778,13.0,2.0,0.8609345794392522,0.8465804066543438
5.0,0.7777778,13.0,3.0,0.8609345794392522,0.8465804066543438
5.0,0.7777778,13.0,5.0,0.8609345794392522,0.8465804066543438
5.0,0.7777778,13.0,8.0,0.8609345794392522,0.8465804066543438
5.0,0.7777778,13.0,12.0,0.8609345794392522,0.8465804066543438
5.0,0.7777778,13.0,20.0,0.8609345794392522,0.8465804066543438
5.0,0.7777778,13.0,32.0,0.8609345794392522,0.845841035120148
5.0,0.7777778,13.0,50.0,0.8595638629283489,0.8465804066543438
5.0,0.7777778,13.0,80.0,0.8560747663551401,0.8428835489833642
5.0,0.7777778,13.0,128.0,0.8507165109034268,0.8377079482439926
5.0,0.7777778,15.0,2.0,0.8599376947040499,0.8443622920517561
5.0,0.7777778,15.0,3.0,0.8599376947040499,0.8443622920517561
5.0,0.7777778,15.0,5.0,0.8599376947040499,0.8443622920517561
5.0,0.7777778,15.0,8.0,0.8599376947040499,0.8443622920517561
5.0,0.7777778,15.0,12.0,0.8599376947040499,0.8443622920517561
5.0,0.7777778,15.0,20.0,0.8599376947040499,0.8443622920517561
5.0,0.7777778,15.0,32.0,0.8596884735202492,0.8439926062846581
5.0,0.7777778,15.0,50.0,0.8594392523364485,0.8454713493530498
5.0,0.7777778,15.0,80.0,0.8557009345794393,0.84362292051756
5.0,0.7777778,15.0,128.0,0.8508411214953272,0.8373382624768947
5.0,0.7777778,17.0,2.0,0.8599376947040499,0.8451016635859518
5.0,0.7777778,17.0,3.0,0.8599376947040499,0.8451016635859518
5.0,0.7777778,17.0,5.0,0.8599376947040499,0.8451016635859518
5.0,0.7777778,17.0,8.0,0.8599376947040499,0.8451016635859518
5.0,0.7777778,17.0,12.0,0.8599376947040499,0.8451016635859518
5.0,0.7777778,17.0,20.0,0.8599376947040499,0.8451016635859518
5.0,0.7777778,17.0,32.0,0.8599376947040499,0.8451016635859518
5.0,0.7777778,17.0,50.0,0.8595638629283489,0.845841035120148
5.0,0.7777778,17.0,80.0,0.8553271028037382,0.8428835489833642
5.0,0.7777778,17.0,128.0,0.8513395638629284,0.8380776340110906
5.0,0.7777778,20.0,2.0,0.8594392523364487,0.845841035120148
5.0,0.7777778,20.0,3.0,0.8594392523364487,0.845841035120148
5.0,0.7777778,20.0,5.0,0.8594392523364487,0.845841035120148
5.0,0.7777778,20.0,8.0,0.8594392523364487,0.845841035120148
5.0,0.7777778,20.0,12.0,0.8594392523364487,0.845841035120148
5.0,0.7777778,20.0,20.0,0.8594392523364487,0.845841035120148
5.0,0.7777778,20.0,32.0,0.8594392523364487,0.845841035120148
5.0,0.7777778,20.0,50.0,0.8580685358255451,0.8443622920517561
5.0,0.7777778,20.0,80.0,0.8555763239875389,0.8439926062846581
5.0,0.7777778,20.0,128.0,0.8505919003115265,0.8380776340110906
5.0,0.8888889,1.0,2.0,0.866791277258567,0.8499075785582255
5.0,0.8888889,1.0,3.0,0.8669158878504672,0.8499075785582255
5.0,0.8888889,1.0,5.0,0.8675389408099689,0.8506469500924215
5.0,0.8888889,1.0,8.0,0.8666666666666666,0.8506469500924215
5.0,0.8888889,1.0,12.0,0.8661682242990654,0.8502772643253234
5.0,0.8888889,1.0,20.0,0.866791277258567,0.8495378927911276
5.0,0.8888889,1.0,32.0,0.8652959501557632,0.8521256931608132
5.0,0.8888889,1.0,50.0,0.8635514018691589,0.8506469500924215
5.0,0.8888889,1.0,80.0,0.8580685358255451,0.8476894639556377
5.0,0.8888889,1.0,128.0,0.853582554517134,0.8365988909426987
5.0,0.8888889,3.0,2.0,0.867165109034268,0.8495378927911276
5.0,0.8888889,3.0,3.0,0.867165109034268,0.8495378927911276
5.0,0.8888889,3.0,5.0,0.867165109034268,0.8495378927911276
5.0,0.8888889,3.0,8.0,0.866791277258567,0.8506469500924215
5.0,0.8888889,3.0,12.0,0.8661682242990654,0.8510166358595195
5.0,0.8888889,3.0,20.0,0.8661682242990654,0.8499075785582255
5.0,0.8888889,3.0,32.0,0.8654205607476635,0.8521256931608132
5.0,0.8888889,3.0,50.0,0.8633021806853582,0.8510166358595195
5.0,0.8888889,3.0,80.0,0.8581931464174455,0.8476894639556377
5.0,0.8888889,3.0,128.0,0.8540809968847352,0.8365988909426987
5.0,0.8888889,5.0,2.0,0.8655451713395639,0.8495378927911276
5.0,0.8888889,5.0,3.0,0.8655451713395639,0.8495378927911276
5.0,0.8888889,5.0,5.0,0.8655451713395639,0.8495378927911276
5.0,0.8888889,5.0,8.0,0.8655451713395639,0.8495378927911276
5.0,0.8888889,5.0,12.0,0.864797507788162,0.8499075785582255
5.0,0.8888889,5.0,20.0,0.8654205607476635,0.8495378927911276
5.0,0.8888889,5.0,32.0,0.8640498442367601,0.8506469500924215
5.0,0.8888889,5.0,50.0,0.862803738317757,0.8506469500924215
5.0,0.8888889,5.0,80.0,0.857196261682243,0.8473197781885398
5.0,0.8888889,5.0,128.0,0.8534579439252337,0.8358595194085028
5.0,0.8888889,7.0,2.0,0.8641744548286605,0.8502772643253234
5.0,0.8888889,7.0,3.0,0.8641744548286605,0.8502772643253234
5.0,0.8888889,7.0,5.0,0.8641744548286605,0.8502772643253234
5.0,0.8888889,7.0,8.0,0.8641744548286605,0.8502772643253234
5.0,0.8888889,7.0,12.0,0.8641744548286605,0.8502772643253234
5.0,0.8888889,7.0,20.0,0.8645482866043613,0.8499075785582255
5.0,0.8888889,7.0,32.0,0.8636760124610593,0.8506469500924215
5.0,0.8888889,7.0,50.0,0.8625545171339564,0.8513863216266173
5.0,0.8888889,7.0,80.0,0.857196261682243,0.8476894639556377
5.0,0.8888889,7.0,128.0,0.8534579439252337,0.8362292051756007
5.0,0.8888889,9.0,2.0,0.8641744548286605,0.8499075785582255
5.0,0.8888889,9.0,3.0,0.8641744548286605,0.8499075785582255
5.0,0.8888889,9.0,5.0,0.8641744548286605,0.8499075785582255
5.0,0.8888889,9.0,8.0,0.8641744548286605,0.8499075785582255
5.0,0.8888889,9.0,12.0,0.8641744548286605,0.8499075785582255
5.0,0.8888889,9.0,20.0,0.8640498442367601,0.8495378927911276
5.0,0.8888889,9.0,32.0,0.8638006230529595,0.8517560073937153
5.0,0.8888889,9.0,50.0,0.8635514018691589,0.8502772643253234
5.0,0.8888889,9.0,80.0,0.8570716510903427,0.8476894639556377
5.0,0.8888889,9.0,128.0,0.853208722741433,0.8362292051756007
5.0,0.8888889,11.0,2.0,0.8642990654205608,0.8499075785582255
5.0,0.8888889,11.0,3.0,0.8642990654205608,0.8499075785582255
5.0,0.8888889,11.0,5.0,0.8642990654205608,0.8499075785582255
5.0,0.8888889,11.0,8.0,0.8642990654205608,0.8499075785582255
5.0,0.8888889,11.0,12.0,0.8642990654205608,0.8499075785582255
5.0,0.8888889,11.0,20.0,0.8642990654205608,0.8499075785582255
5.0,0.8888889,11.0,32.0,0.8642990654205608,0.8510166358595195
5.0,0.8888889,11.0,50.0,0.8633021806853582,0.8510166358595195
5.0,0.8888889,11.0,80.0,0.8573208722741434,0.8487985212569316
5.0,0.8888889,11.0,128.0,0.8525856697819314,0.8369685767097966
5.0,0.8888889,13.0,2.0,0.8642990654205608,0.8524953789279113
5.0,0.8888889,13.0,3.0,0.8642990654205608,0.8524953789279113
5.0,0.8888889,13.0,5.0,0.8642990654205608,0.8524953789279113
5.0,0.8888889,13.0,8.0,0.8642990654205608,0.8524953789279113
5.0,0.8888889,13.0,12.0,0.8642990654205608,0.8524953789279113
5.0,0.8888889,13.0,20.0,0.8642990654205608,0.8524953789279113
5.0,0.8888889,13.0,32.0,0.8645482866043614,0.8517560073937153
5.0,0.8888889,13.0,50.0,0.8626791277258568,0.8517560073937153
5.0,0.8888889,13.0,80.0,0.856822429906542,0.8480591497227357
5.0,0.8888889,13.0,128.0,0.8524610591900311,0.8377079482439926
5.0,0.8888889,15.0,2.0,0.8642990654205608,0.8536044362292051
5.0,0.8888889,15.0,3.0,0.8642990654205608,0.8536044362292051
5.0,0.8888889,15.0,5.0,0.8642990654205608,0.8536044362292051
5.0,0.8888889,15.0,8.0,0.8642990654205608,0.8536044362292051
5.0,0.8888889,15.0,12.0,0.8642990654205608,0.8536044362292051
5.0,0.8888889,15.0,20.0,0.8642990654205608,0.8536044362292051
5.0,0.8888889,15.0,32.0,0.8638006230529595,0.8532347504621072
5.0,0.8888889,15.0,50.0,0.8619314641744549,0.8513863216266173
5.0,0.8888889,15.0,80.0,0.8566978193146417,0.8480591497227357
5.0,0.8888889,15.0,128.0,0.8524610591900311,0.8380776340110906
5.0,0.8888889,17.0,2.0,0.8631775700934579,0.8528650646950092
5.0,0.8888889,17.0,3.0,0.8631775700934579,0.8528650646950092
5.0,0.8888889,17.0,5.0,0.8631775700934579,0.8528650646950092
5.0,0.8888889,17.0,8.0,0.8631775700934579,0.8528650646950092
5.0,0.8888889,17.0,12.0,0.8631775700934579,0.8528650646950092
5.0,0.8888889,17.0,20.0,0.8631775700934579,0.8528650646950092
5.0,0.8888889,17.0,32.0,0.8631775700934579,0.8528650646950092
5.0,0.8888889,17.0,50.0,0.8615576323987539,0.8517560073937153
5.0,0.8888889,17.0,80.0,0.8564485981308412,0.8487985212569317
5.0,0.8888889,17.0,128.0,0.8519626168224299,0.8377079482439926
5.0,0.8888889,20.0,2.0,0.8610591900311526,0.8521256931608132
5.0,0.8888889,20.0,3.0,0.8610591900311526,0.8521256931608132
5.0,0.8888889,20.0,5.0,0.8610591900311526,0.8521256931608132
5.0,0.8888889,20.0,8.0,0.8610591900311526,0.8521256931608132
5.0,0.8888889,20.0,12.0,0.8610591900311526,0.8521256931608132
5.0,0.8888889,20.0,20.0,0.8610591900311526,0.8521256931608132
5.0,0.8888889,20.0,32.0,0.8610591900311526,0.8521256931608132
5.0,0.8888889,20.0,50.0,0.8610591900311526,0.8517560073937153
5.0,0.8888889,20.0,80.0,0.8560747663551401,0.8476894639556377
5.0,0.8888889,20.0,128.0,0.8523364485981307,0.8369685767097966
5.0,1.0,1.0,2.0,0.8615576323987539,0.8451016635859518
5.0,1.0,1.0,3.0,0.8615576323987539,0.8451016635859518
5.0,1.0,1.0,5.0,0.861183800623053,0.8451016635859518
5.0,1.0,1.0,8.0,0.8610591900311526,0.8451016635859518
5.0,1.0,1.0,12.0,0.8610591900311526,0.844731977818854
5.0,1.0,1.0,20.0,0.8609345794392524,0.8451016635859518
5.0,1.0,1.0,32.0,0.8589408099688474,0.8454713493530498
5.0,1.0,1.0,50.0,0.8581931464174455,0.8439926062846581
5.0,1.0,1.0,80.0,0.8544548286604362,0.8432532347504621
5.0,1.0,1.0,128.0,0.8427414330218068,0.8325323475046211
5.0,1.0,3.0,2.0,0.8610591900311526,0.8454713493530498
5.0,1.0,3.0,3.0,0.8610591900311526,0.8454713493530498
5.0,1.0,3.0,5.0,0.8610591900311526,0.8454713493530498
5.0,1.0,3.0,8.0,0.8610591900311526,0.8451016635859518
5.0,1.0,3.0,12.0,0.8609345794392524,0.8451016635859518
5.0,1.0,3.0,20.0,0.8603115264797507,0.8451016635859518
5.0,1.0,3.0,32.0,0.8585669781931464,0.8451016635859518
5.0,1.0,3.0,50.0,0.8576947040498443,0.84362292051756
5.0,1.0,3.0,80.0,0.8544548286604362,0.84362292051756
5.0,1.0,3.0,128.0,0.8426168224299065,0.8325323475046211
5.0,1.0,5.0,2.0,0.8599376947040499,0.8454713493530498
5.0,1.0,5.0,3.0,0.8599376947040499,0.8454713493530498
5.0,1.0,5.0,5.0,0.8599376947040499,0.8454713493530498
5.0,1.0,5.0,8.0,0.8599376947040499,0.8454713493530498
5.0,1.0,5.0,12.0,0.8598130841121495,0.8451016635859518
5.0,1.0,5.0,20.0,0.8590654205607476,0.845841035120148
5.0,1.0,5.0,32.0,0.8575700934579439,0.845841035120148
5.0,1.0,5.0,50.0,0.8570716510903427,0.8443622920517561
5.0,1.0,5.0,80.0,0.8545794392523364,0.8425138632162662
5.0,1.0,5.0,128.0,0.843239875389408,0.8325323475046211
5.0,1.0,7.0,2.0,0.8596884735202492,0.8454713493530498
5.0,1.0,7.0,3.0,0.8596884735202492,0.8454713493530498
5.0,1.0,7.0,5.0,0.8596884735202492,0.8454713493530498
5.0,1.0,7.0,8.0,0.8596884735202492,0.8454713493530498
5.0,1.0,7.0,12.0,0.8596884735202492,0.8454713493530498
5.0,1.0,7.0,20.0,0.859190031152648,0.8454713493530498
5.0,1.0,7.0,32.0,0.8575700934579439,0.845841035120148
5.0,1.0,7.0,50.0,0.857196261682243,0.844731977818854
5.0,1.0,7.0,80.0,0.8540809968847352,0.8425138632162662
5.0,1.0,7.0,128.0,0.8428660436137072,0.8325323475046211
5.0,1.0,9.0,2.0,0.8598130841121495,0.8462107208872458
5.0,1.0,9.0,3.0,0.8598130841121495,0.8462107208872458
5.0,1.0,9.0,5.0,0.8598130841121495,0.8462107208872458
5.0,1.0,9.0,8.0,0.8598130841121495,0.8462107208872458
5.0,1.0,9.0,12.0,0.8598130841121495,0.8462107208872458
5.0,1.0,9.0,20.0,0.8595638629283489,0.8462107208872458
5.0,1.0,9.0,32.0,0.8579439252336449,0.8465804066543438
5.0,1.0,9.0,50.0,0.8578193146417445,0.8454713493530498
5.0,1.0,9.0,80.0,0.854828660436137,0.8425138632162662
5.0,1.0,9.0,128.0,0.8428660436137072,0.8325323475046211
5.0,1.0,11.0,2.0,0.8583177570093458,0.8462107208872458
5.0,1.0,11.0,3.0,0.8583177570093458,0.8462107208872458
5.0,1.0,11.0,5.0,0.8583177570093458,0.8462107208872458
5.0,1.0,11.0,8.0,0.8583177570093458,0.8462107208872458
5.0,1.0,11.0,12.0,0.8583177570093458,0.8462107208872458
5.0,1.0,11.0,20.0,0.8583177570093458,0.8462107208872458
5.0,1.0,11.0,32.0,0.8578193146417445,0.8462107208872458
5.0,1.0,11.0,50.0,0.8576947040498443,0.8451016635859518
5.0,1.0,11.0,80.0,0.8550778816199378,0.8425138632162662
5.0,1.0,11.0,128.0,0.8412461059190031,0.8317929759704251
5.0,1.0,13.0,2.0,0.8579439252336449,0.8469500924214417
5.0,1.0,13.0,3.0,0.8579439252336449,0.8469500924214417
5.0,1.0,13.0,5.0,0.8579439252336449,0.8469500924214417
5.0,1.0,13.0,8.0,0.8579439252336449,0.8469500924214417
5.0,1.0,13.0,12.0,0.8579439252336449,0.8469500924214417
5.0,1.0,13.0,20.0,0.8579439252336449,0.8469500924214417
5.0,1.0,13.0,32.0,0.8579439252336449,0.8462107208872458
5.0,1.0,13.0,50.0,0.8575700934579439,0.8454713493530498
5.0,1.0,13.0,80.0,0.8543302180685359,0.8425138632162662
5.0,1.0,13.0,128.0,0.8414953271028038,0.8321626617375231
5.0,1.0,15.0,2.0,0.8581931464174455,0.845841035120148
5.0,1.0,15.0,3.0,0.8581931464174455,0.845841035120148
5.0,1.0,15.0,5.0,0.8581931464174455,0.845841035120148
5.0,1.0,15.0,8.0,0.8581931464174455,0.845841035120148
5.0,1.0,15.0,12.0,0.8581931464174455,0.845841035120148
5.0,1.0,15.0,20.0,0.8581931464174455,0.845841035120148
5.0,1.0,15.0,32.0,0.8580685358255451,0.8462107208872458
5.0,1.0,15.0,50.0,0.8578193146417445,0.8454713493530498
5.0,1.0,15.0,80.0,0.8540809968847352,0.8439926062846581
5.0,1.0,15.0,128.0,0.8411214953271028,0.8329020332717191
5.0,1.0,17.0,2.0,0.8575700934579439,0.8454713493530498
5.0,1.0,17.0,3.0,0.8575700934579439,0.8454713493530498
5.0,1.0,17.0,5.0,0.8575700934579439,0.8454713493530498
5.0,1.0,17.0,8.0,0.8575700934579439,0.8454713493530498
5.0,1.0,17.0,12.0,0.8575700934579439,0.8454713493530498
5.0,1.0,17.0,20.0,0.8575700934579439,0.8454713493530498
5.0,1.0,17.0,32.0,0.8575700934579439,0.8454713493530498
5.0,1.0,17.0,50.0,0.8569470404984424,0.845841035120148
5.0,1.0,17.0,80.0,0.8533333333333333,0.8428835489833642
5.0,1.0,17.0,128.0,0.840747663551402,0.8329020332717191
5.0,1.0,20.0,2.0,0.856822429906542,0.8443622920517561
5.0,1.0,20.0,3.0,0.856822429906542,0.8443622920517561
5.0,1.0,20.0,5.0,0.856822429906542,0.8443622920517561
5.0,1.0,20.0,8.0,0.856822429906542,0.8443622920517561
5.0,1.0,20.0,12.0,0.856822429906542,0.8443622920517561
5.0,1.0,20.0,20.0,0.856822429906542,0.8443622920517561
5.0,1.0,20.0,32.0,0.856822429906542,0.8443622920517561
5.0,1.0,20.0,50.0,0.8558255451713397,0.8443622920517561
5.0,1.0,20.0,80.0,0.8513395638629284,0.8417744916820702
5.0,1.0,20.0,128.0,0.8398753894080997,0.8314232902033272
8.0,0.0,1.0,2.0,0.9070404984423677,0.8669131238447321
8.0,0.0,1.0,3.0,0.9055451713395639,0.8658040665434381
8.0,0.0,1.0,5.0,0.9039252336448598,0.8661737523105361
8.0,0.0,1.0,8.0,0.9019314641744549,0.8632162661737522
8.0,0.0,1.0,12.0,0.8993146417445482,0.8628465804066543
8.0,0.0,1.0,20.0,0.8960747663551402,0.8598890942698706
8.0,0.0,1.0,32.0,0.889968847352025,0.8613678373382625
8.0,0.0,1.0,50.0,0.8812461059190031,0.8547134935304991
8.0,0.0,1.0,80.0,0.8712772585669782,0.8476894639556377
8.0,0.0,1.0,128.0,0.8569470404984424,0.8377079482439926
8.0,0.0,3.0,2.0,0.9014330218068537,0.8635859519408502
8.0,0.0,3.0,3.0,0.9014330218068537,0.8635859519408502
8.0,0.0,3.0,5.0,0.9014330218068537,0.8635859519408502
8.0,0.0,3.0,8.0,0.8989408099688474,0.8628465804066543
8.0,0.0,3.0,12.0,0.8984423676012462,0.8617375231053603
8.0,0.0,3.0,20.0,0.8945794392523364,0.8646950092421442
8.0,0.0,3.0,32.0,0.8892211838006231,0.8621072088724585
8.0,0.0,3.0,50.0,0.8814953271028039,0.855822550831793
8.0,0.0,3.0,80.0,0.8710280373831776,0.845841035120148
8.0,0.0,3.0,128.0,0.8578193146417445,0.8391866913123845
8.0,0.0,5.0,2.0,0.8969470404984424,0.8632162661737522
8.0,0.0,5.0,3.0,0.8969470404984424,0.8632162661737522
8.0,0.0,5.0,5.0,0.8969470404984424,0.8632162661737522
8.0,0.0,5.0,8.0,0.8969470404984424,0.8632162661737522
8.0,0.0,5.0,12.0,0.8965732087227414,0.8643253234750462
8.0,0.0,5.0,20.0,0.8930841121495326,0.8624768946395565
8.0,0.0,5.0,32.0,0.8867289719626168,0.8595194085027726
8.0,0.0,5.0,50.0,0.880747663551402,0.8536044362292051
8.0,0.0,5.0,80.0,0.8699065420560748,0.8469500924214417
8.0,0.0,5.0,128.0,0.8569470404984424,0.8402957486136783
8.0,0.0,7.0,2.0,0.894330218068536,0.8628465804066543
8.0,0.0,7.0,3.0,0.894330218068536,0.8628465804066543
8.0,0.0,7.0,5.0,0.894330218068536,0.8628465804066543
8.0,0.0,7.0,8.0,0.894330218068536,0.8628465804066543
8.0,0.0,7.0,12.0,0.894330218068536,0.8628465804066543
8.0,0.0,7.0,20.0,0.8910903426791277,0.8617375231053603
8.0,0.0,7.0,32.0,0.8858566978193145,0.8606284658040666
8.0,0.0,7.0,50.0,0.8791277258566979,0.8513863216266173
8.0,0.0,7.0,80.0,0.8689096573208722,0.8473197781885398
8.0,0.0,7.0,128.0,0.8559501557632399,0.8384473197781885
8.0,0.0,9.0,2.0,0.8889719626168224,0.8621072088724585
8.0,0.0,9.0,3.0,0.8889719626168224,0.8621072088724585
8.0,0.0,9.0,5.0,0.8889719626168224,0.8621072088724585
8.0,0.0,9.0,8.0,0.8889719626168224,0.8621072088724585
8.0,0.0,9.0,12.0,0.8889719626168224,0.8621072088724585
8.0,0.0,9.0,20.0,0.8902180685358255,0.8617375231053603
8.0,0.0,9.0,32.0,0.8849844236760125,0.8591497227356747
8.0,0.0,9.0,50.0,0.8782554517133956,0.8532347504621072
8.0,0.0,9.0,80.0,0.8680373831775701,0.8465804066543438
8.0,0.0,9.0,128.0,0.8555763239875389,0.8395563770794825
8.0,0.0,11.0,2.0,0.8877258566978193,0.8595194085027726
8.0,0.0,11.0,3.0,0.8877258566978193,0.8595194085027726
8.0,0.0,11.0,5.0,0.8877258566978193,0.8595194085027726
8.0,0.0,11.0,8.0,0.8877258566978193,0.8595194085027726
8.0,0.0,11.0,12.0,0.8877258566978193,0.8595194085027726
8.0,0.0,11.0,20.0,0.8877258566978193,0.8595194085027726
8.0,0.0,11.0,32.0,0.8842367601246106,0.8591497227356747
8.0,0.0,11.0,50.0,0.8780062305295949,0.855083179297597
8.0,0.0,11.0,80.0,0.8675389408099689,0.8465804066543438
8.0,0.0,11.0,128.0,0.8547040498442368,0.8384473197781885
8.0,0.0,13.0,2.0,0.8834890965732087,0.8569316081330868
8.0,0.0,13.0,3.0,0.8834890965732087,0.8569316081330868
8.0,0.0,13.0,5.0,0.8834890965732087,0.8569316081330868
8.0,0.0,13.0,8.0,0.8834890965732087,0.8569316081330868
8.0,0.0,13.0,12.0,0.8834890965732087,0.8569316081330868
8.0,0.0,13.0,20.0,0.8834890965732087,0.8569316081330868
8.0,0.0,13.0,32.0,0.8832398753894081,0.8576709796672828
8.0,0.0,13.0,50.0,0.8773831775700934,0.8528650646950092
8.0,0.0,13.0,80.0,0.8652959501557632,0.845841035120148
8.0,0.0,13.0,128.0,0.8543302180685359,0.8399260628465803
8.0,0.0,15.0,2.0,0.8804984423676012,0.8569316081330868
8.0,0.0,15.0,3.0,0.8804984423676012,0.8569316081330868
8.0,0.0,15.0,5.0,0.8804984423676012,0.8569316081330868
8.0,0.0,15.0,8.0,0.8804984423676012,0.8569316081330868
8.0,0.0,15.0,12.0,0.8804984423676012,0.8569316081330868
8.0,0.0,15.0,20.0,0.8804984423676012,0.8569316081330868
8.0,0.0,15.0,32.0,0.8806230529595016,0.8587800369685767
8.0,0.0,15.0,50.0,0.8746417445482866,0.8543438077634011
8.0,0.0,15.0,80.0,0.8660436137071651,0.8451016635859518
8.0,0.0,15.0,128.0,0.8540809968847352,0.8377079482439926
8.0,0.0,17.0,2.0,0.8791277258566979,0.8580406654343807
8.0,0.0,17.0,3.0,0.8791277258566979,0.8580406654343807
8.0,0.0,17.0,5.0,0.8791277258566979,0.8580406654343807
8.0,0.0,17.0,8.0,0.8791277258566979,0.8580406654343807
8.0,0.0,17.0,12.0,0.8791277258566979,0.8580406654343807
8.0,0.0,17.0,20.0,0.8791277258566979,0.8580406654343807
8.0,0.0,17.0,32.0,0.8791277258566979,0.8580406654343807
8.0,0.0,17.0,50.0,0.8730218068535824,0.8547134935304991
8.0,0.0,17.0,80.0,0.8654205607476635,0.8439926062846581
8.0,0.0,17.0,128.0,0.8542056074766355,0.8365988909426987
8.0,0.0,20.0,2.0,0.8741433021806854,0.8536044362292051
8.0,0.0,20.0,3.0,0.8741433021806854,0.8536044362292051
8.0,0.0,20.0,5.0,0.8741433021806854,0.8536044362292051
8.0,0.0,20.0,8.0,0.8741433021806854,0.8536044362292051
8.0,0.0,20.0,12.0,0.8741433021806854,0.8536044362292051
8.0,0.0,20.0,20.0,0.8741433021806854,0.8536044362292051
8.0,0.0,20.0,32.0,0.8741433021806854,0.8536044362292051
8.0,0.0,20.0,50.0,0.870778816199377,0.855083179297597
8.0,0.0,20.0,80.0,0.8642990654205608,0.8451016635859518
8.0,0.0,20.0,128.0,0.8540809968847352,0.8377079482439926
8.0,0.11111111,1.0,2.0,0.9070404984423677,0.8669131238447321
8.0,0.11111111,1.0,3.0,0.9055451713395639,0.8658040665434381
8.0,0.11111111,1.0,5.0,0.9039252336448598,0.8661737523105361
8.0,0.11111111,1.0,8.0,0.9019314641744549,0.8632162661737522
8.0,0.11111111,1.0,12.0,0.8993146417445482,0.8628465804066543
8.0,0.11111111,1.0,20.0,0.8960747663551402,0.8598890942698706
8.0,0.11111111,1.0,32.0,0.889968847352025,0.8613678373382625
8.0,0.11111111,1.0,50.0,0.8812461059190031,0.8547134935304991
8.0,0.11111111,1.0,80.0,0.8712772585669782,0.8476894639556377
8.0,0.11111111,1.0,128.0,0.8569470404984424,0.8377079482439926
8.0,0.11111111,3.0,2.0,0.9014330218068537,0.8635859519408502
8.0,0.11111111,3.0,3.0,0.9014330218068537,0.8635859519408502
8.0,0.11111111,3.0,5.0,0.9014330218068537,0.8635859519408502
8.0,0.11111111,3.0,8.0,0.8989408099688474,0.8628465804066543
8.0,0.11111111,3.0,12.0,0.8984423676012462,0.8617375231053603
8.0,0.11111111,3.0,20.0,0.8945794392523364,0.8646950092421442
8.0,0.11111111,3.0,32.0,0.8892211838006231,0.8621072088724585
8.0,0.11111111,3.0,50.0,0.8814953271028039,0.855822550831793
8.0,0.11111111,3.0,80.0,0.8710280373831776,0.845841035120148
8.0,0.11111111,3.0,128.0,0.8578193146417445,0.8391866913123845
8.0,0.11111111,5.0,2.0,0.8969470404984424,0.8632162661737522
8.0,0.11111111,5.0,3.0,0.8969470404984424,0.8632162661737522
8.0,0.11111111,5.0,5.0,0.8969470404984424,0.8632162661737522
8.0,0.11111111,5.0,8.0,0.8969470404984424,0.8632162661737522
8.0,0.11111111,5.0,12.0,0.8965732087227414,0.8643253234750462
8.0,0.11111111,5.0,20.0,0.8930841121495326,0.8624768946395565
8.0,0.11111111,5.0,32.0,0.8867289719626168,0.8595194085027726
8.0,0.11111111,5.0,50.0,0.880747663551402,0.8536044362292051
8.0,0.11111111,5.0,80.0,0.8699065420560748,0.8469500924214417
8.0,0.11111111,5.0,128.0,0.8569470404984424,0.8402957486136783
8.0,0.11111111,7.0,2.0,0.894330218068536,0.8628465804066543
8.0,0.11111111,7.0,3.0,0.894330218068536,0.8628465804066543
8.0,0.11111111,7.0,5.0,0.894330218068536,0.8628465804066543
8.0,0.11111111,7.0,8.0,0.894330218068536,0.8628465804066543
8.0,0.11111111,7.0,12.0,0.894330218068536,0.8628465804066543
8.0,0.11111111,7.0,20.0,0.8910903426791277,0.8617375231053603
8.0,0.11111111,7.0,32.0,0.8858566978193145,0.8606284658040666
8.0,0.11111111,7.0,50.0,0.8791277258566979,0.8513863216266173
8.0,0.11111111,7.0,80.0,0.8689096573208722,0.8473197781885398
8.0,0.11111111,7.0,128.0,0.8559501557632399,0.8384473197781885
8.0,0.11111111,9.0,2.0,0.8889719626168224,0.8621072088724585
8.0,0.11111111,9.0,3.0,0.8889719626168224,0.8621072088724585
8.0,0.11111111,9.0,5.0,0.8889719626168224,0.8621072088724585
8.0,0.11111111,9.0,8.0,0.8889719626168224,0.8621072088724585
8.0,0.11111111,9.0,12.0,0.8889719626168224,0.8621072088724585
8.0,0.11111111,9.0,20.0,0.8902180685358255,0.8617375231053603
8.0,0.11111111,9.0,32.0,0.8849844236760125,0.8591497227356747
8.0,0.11111111,9.0,50.0,0.8782554517133956,0.8532347504621072
8.0,0.11111111,9.0,80.0,0.8680373831775701,0.8465804066543438
8.0,0.11111111,9.0,128.0,0.8555763239875389,0.8395563770794825
8.0,0.11111111,11.0,2.0,0.8877258566978193,0.8595194085027726
8.0,0.11111111,11.0,3.0,0.8877258566978193,0.8595194085027726
8.0,0.11111111,11.0,5.0,0.8877258566978193,0.8595194085027726
8.0,0.11111111,11.0,8.0,0.8877258566978193,0.8595194085027726
8.0,0.11111111,11.0,12.0,0.8877258566978193,0.8595194085027726
8.0,0.11111111,11.0,20.0,0.8877258566978193,0.8595194085027726
8.0,0.11111111,11.0,32.0,0.8842367601246106,0.8591497227356747
8.0,0.11111111,11.0,50.0,0.8780062305295949,0.855083179297597
8.0,0.11111111,11.0,80.0,0.8675389408099689,0.8465804066543438
8.0,0.11111111,11.0,128.0,0.8547040498442368,0.8384473197781885
8.0,0.11111111,13.0,2.0,0.8834890965732087,0.8569316081330868
8.0,0.11111111,13.0,3.0,0.8834890965732087,0.8569316081330868
8.0,0.11111111,13.0,5.0,0.8834890965732087,0.8569316081330868
8.0,0.11111111,13.0,8.0,0.8834890965732087,0.8569316081330868
8.0,0.11111111,13.0,12.0,0.8834890965732087,0.8569316081330868
8.0,0.11111111,13.0,20.0,0.8834890965732087,0.8569316081330868
8.0,0.11111111,13.0,32.0,0.8832398753894081,0.8576709796672828
8.0,0.11111111,13.0,50.0,0.8773831775700934,0.8528650646950092
8.0,0.11111111,13.0,80.0,0.8652959501557632,0.845841035120148
8.0,0.11111111,13.0,128.0,0.8543302180685359,0.8399260628465803
8.0,0.11111111,15.0,2.0,0.8804984423676012,0.8569316081330868
8.0,0.11111111,15.0,3.0,0.8804984423676012,0.8569316081330868
8.0,0.11111111,15.0,5.0,0.8804984423676012,0.8569316081330868
8.0,0.11111111,15.0,8.0,0.8804984423676012,0.8569316081330868
8.0,0.11111111,15.0,12.0,0.8804984423676012,0.8569316081330868
8.0,0.11111111,15.0,20.0,0.8804984423676012,0.8569316081330868
8.0,0.11111111,15.0,32.0,0.8806230529595016,0.8587800369685767
8.0,0.11111111,15.0,50.0,0.8746417445482866,0.8543438077634011
8.0,0.11111111,15.0,80.0,0.8660436137071651,0.8451016635859518
8.0,0.11111111,15.0,128.0,0.8540809968847352,0.8377079482439926
8.0,0.11111111,17.0,2.0,0.8791277258566979,0.8580406654343807
8.0,0.11111111,17.0,3.0,0.8791277258566979,0.8580406654343807
8.0,0.11111111,17.0,5.0,0.8791277258566979,0.8580406654343807
8.0,0.11111111,17.0,8.0,0.8791277258566979,0.8580406654343807
8.0,0.11111111,17.0,12.0,0.8791277258566979,0.8580406654343807
8.0,0.11111111,17.0,20.0,0.8791277258566979,0.8580406654343807
8.0,0.11111111,17.0,32.0,0.8791277258566979,0.8580406654343807
8.0,0.11111111,17.0,50.0,0.8730218068535824,0.8547134935304991
8.0,0.11111111,17.0,80.0,0.8654205607476635,0.8439926062846581
8.0,0.11111111,17.0,128.0,0.8542056074766355,0.8365988909426987
8.0,0.11111111,20.0,2.0,0.8741433021806854,0.8536044362292051
8.0,0.11111111,20.0,3.0,0.8741433021806854,0.8536044362292051
8.0,0.11111111,20.0,5.0,0.8741433021806854,0.8536044362292051
8.0,0.11111111,20.0,8.0,0.8741433021806854,0.8536044362292051
8.0,0.11111111,20.0,12.0,0.8741433021806854,0.8536044362292051
8.0,0.11111111,20.0,20.0,0.8741433021806854,0.8536044362292051
8.0,0.11111111,20.0,32.0,0.8741433021806854,0.8536044362292051
8.0,0.11111111,20.0,50.0,0.870778816199377,0.855083179297597
8.0,0.11111111,20.0,80.0,0.8642990654205608,0.8451016635859518
8.0,0.11111111,20.0,128.0,0.8540809968847352,0.8377079482439926
8.0,0.22222222,1.0,2.0,0.9070404984423677,0.8669131238447321
8.0,0.22222222,1.0,3.0,0.9055451713395639,0.8658040665434381
8.0,0.22222222,1.0,5.0,0.9039252336448598,0.8661737523105361
8.0,0.22222222,1.0,8.0,0.9019314641744549,0.8632162661737522
8.0,0.22222222,1.0,12.0,0.8993146417445482,0.8628465804066543
8.0,0.22222222,1.0,20.0,0.8960747663551402,0.8598890942698706
8.0,0.22222222,1.0,32.0,0.889968847352025,0.8613678373382625
8.0,0.22222222,1.0,50.0,0.8812461059190031,0.8547134935304991
8.0,0.22222222,1.0,80.0,0.8712772585669782,0.8476894639556377
8.0,0.22222222,1.0,128.0,0.8569470404984424,0.8377079482439926
8.0,0.22222222,3.0,2.0,0.9014330218068537,0.8635859519408502
8.0,0.22222222,3.0,3.0,0.9014330218068537,0.8635859519408502
8.0,0.22222222,3.0,5.0,0.9014330218068537,0.8635859519408502
8.0,0.22222222,3.0,8.0,0.8989408099688474,0.8628465804066543
8.0,0.22222222,3.0,12.0,0.8984423676012462,0.8617375231053603
8.0,0.22222222,3.0,20.0,0.8945794392523364,0.8646950092421442
8.0,0.22222222,3.0,32.0,0.8892211838006231,0.8621072088724585
8.0,0.22222222,3.0,50.0,0.8814953271028039,0.855822550831793
8.0,0.22222222,3.0,80.0,0.8710280373831776,0.845841035120148
8.0,0.22222222,3.0,128.0,0.8578193146417445,0.8391866913123845
8.0,0.22222222,5.0,2.0,0.8969470404984424,0.8632162661737522
8.0,0.22222222,5.0,3.0,0.8969470404984424,0.8632162661737522
8.0,0.22222222,5.0,5.0,0.8969470404984424,0.8632162661737522
8.0,0.22222222,5.0,8.0,0.8969470404984424,0.8632162661737522
8.0,0.22222222,5.0,12.0,0.8965732087227414,0.8643253234750462
8.0,0.22222222,5.0,20.0,0.8930841121495326,0.8624768946395565
8.0,0.22222222,5.0,32.0,0.8867289719626168,0.8595194085027726
8.0,0.22222222,5.0,50.0,0.880747663551402,0.8536044362292051
8.0,0.22222222,5.0,80.0,0.8699065420560748,0.8469500924214417
8.0,0.22222222,5.0,128.0,0.8569470404984424,0.8402957486136783
8.0,0.22222222,7.0,2.0,0.894330218068536,0.8628465804066543
8.0,0.22222222,7.0,3.0,0.894330218068536,0.8628465804066543
8.0,0.22222222,7.0,5.0,0.894330218068536,0.8628465804066543
8.0,0.22222222,7.0,8.0,0.894330218068536,0.8628465804066543
8.0,0.22222222,7.0,12.0,0.894330218068536,0.8628465804066543
8.0,0.22222222,7.0,20.0,0.8910903426791277,0.8617375231053603
8.0,0.22222222,7.0,32.0,0.8858566978193145,0.8606284658040666
8.0,0.22222222,7.0,50.0,0.8791277258566979,0.8513863216266173
8.0,0.22222222,7.0,80.0,0.8689096573208722,0.8473197781885398
8.0,0.22222222,7.0,128.0,0.8559501557632399,0.8384473197781885
8.0,0.22222222,9.0,2.0,0.8889719626168224,0.8621072088724585
8.0,0.22222222,9.0,3.0,0.8889719626168224,0.8621072088724585
8.0,0.22222222,9.0,5.0,0.8889719626168224,0.8621072088724585
8.0,0.22222222,9.0,8.0,0.8889719626168224,0.8621072088724585
8.0,0.22222222,9.0,12.0,0.8889719626168224,0.8621072088724585
8.0,0.22222222,9.0,20.0,0.8902180685358255,0.8617375231053603
8.0,0.22222222,9.0,32.0,0.8849844236760125,0.8591497227356747
8.0,0.22222222,9.0,50.0,0.8782554517133956,0.8532347504621072
8.0,0.22222222,9.0,80.0,0.8680373831775701,0.8465804066543438
8.0,0.22222222,9.0,128.0,0.8555763239875389,0.8395563770794825
8.0,0.22222222,11.0,2.0,0.8877258566978193,0.8595194085027726
8.0,0.22222222,11.0,3.0,0.8877258566978193,0.8595194085027726
8.0,0.22222222,11.0,5.0,0.8877258566978193,0.8595194085027726
8.0,0.22222222,11.0,8.0,0.8877258566978193,0.8595194085027726
8.0,0.22222222,11.0,12.0,0.8877258566978193,0.8595194085027726
8.0,0.22222222,11.0,20.0,0.8877258566978193,0.8595194085027726
8.0,0.22222222,11.0,32.0,0.8842367601246106,0.8591497227356747
8.0,0.22222222,11.0,50.0,0.8780062305295949,0.855083179297597
8.0,0.22222222,11.0,80.0,0.8675389408099689,0.8465804066543438
8.0,0.22222222,11.0,128.0,0.8547040498442368,0.8384473197781885
8.0,0.22222222,13.0,2.0,0.8834890965732087,0.8569316081330868
8.0,0.22222222,13.0,3.0,0.8834890965732087,0.8569316081330868
8.0,0.22222222,13.0,5.0,0.8834890965732087,0.8569316081330868
8.0,0.22222222,13.0,8.0,0.8834890965732087,0.8569316081330868
8.0,0.22222222,13.0,12.0,0.8834890965732087,0.8569316081330868
8.0,0.22222222,13.0,20.0,0.8834890965732087,0.8569316081330868
8.0,0.22222222,13.0,32.0,0.8832398753894081,0.8576709796672828
8.0,0.22222222,13.0,50.0,0.8773831775700934,0.8528650646950092
8.0,0.22222222,13.0,80.0,0.8652959501557632,0.845841035120148
8.0,0.22222222,13.0,128.0,0.8543302180685359,0.8399260628465803
8.0,0.22222222,15.0,2.0,0.8804984423676012,0.8569316081330868
8.0,0.22222222,15.0,3.0,0.8804984423676012,0.8569316081330868
8.0,0.22222222,15.0,5.0,0.8804984423676012,0.8569316081330868
8.0,0.22222222,15.0,8.0,0.8804984423676012,0.8569316081330868
8.0,0.22222222,15.0,12.0,0.8804984423676012,0.8569316081330868
8.0,0.22222222,15.0,20.0,0.8804984423676012,0.8569316081330868
8.0,0.22222222,15.0,32.0,0.8806230529595016,0.8587800369685767
8.0,0.22222222,15.0,50.0,0.8746417445482866,0.8543438077634011
8.0,0.22222222,15.0,80.0,0.8660436137071651,0.8451016635859518
8.0,0.22222222,15.0,128.0,0.8540809968847352,0.8377079482439926
8.0,0.22222222,17.0,2.0,0.8791277258566979,0.8580406654343807
8.0,0.22222222,17.0,3.0,0.8791277258566979,0.8580406654343807
8.0,0.22222222,17.0,5.0,0.8791277258566979,0.8580406654343807
8.0,0.22222222,17.0,8.0,0.8791277258566979,0.8580406654343807
8.0,0.22222222,17.0,12.0,0.8791277258566979,0.8580406654343807
8.0,0.22222222,17.0,20.0,0.8791277258566979,0.8580406654343807
8.0,0.22222222,17.0,32.0,0.8791277258566979,0.8580406654343807
8.0,0.22222222,17.0,50.0,0.8730218068535824,0.8547134935304991
8.0,0.22222222,17.0,80.0,0.8654205607476635,0.8439926062846581
8.0,0.22222222,17.0,128.0,0.8542056074766355,0.8365988909426987
8.0,0.22222222,20.0,2.0,0.8741433021806854,0.8536044362292051
8.0,0.22222222,20.0,3.0,0.8741433021806854,0.8536044362292051
8.0,0.22222222,20.0,5.0,0.8741433021806854,0.8536044362292051
8.0,0.22222222,20.0,8.0,0.8741433021806854,0.8536044362292051
8.0,0.22222222,20.0,12.0,0.8741433021806854,0.8536044362292051
8.0,0.22222222,20.0,20.0,0.8741433021806854,0.8536044362292051
8.0,0.22222222,20.0,32.0,0.8741433021806854,0.8536044362292051
8.0,0.22222222,20.0,50.0,0.870778816199377,0.855083179297597
8.0,0.22222222,20.0,80.0,0.8642990654205608,0.8451016635859518
8.0,0.22222222,20.0,128.0,0.8540809968847352,0.8377079482439926
8.0,0.33333334,1.0,2.0,0.91601246105919,0.8743068391866913
8.0,0.33333334,1.0,3.0,0.9158878504672897,0.8757855822550832
8.0,0.33333334,1.0,5.0,0.9128971962616822,0.8765249537892791
8.0,0.33333334,1.0,8.0,0.9119003115264798,0.8746765249537892
8.0,0.33333334,1.0,12.0,0.9099065420560748,0.8728280961182995
8.0,0.33333334,1.0,20.0,0.9046728971962616,0.8713493530499076
8.0,0.33333334,1.0,32.0,0.8985669781931463,0.8702402957486137
8.0,0.33333334,1.0,50.0,0.8912149532710281,0.8654343807763402
8.0,0.33333334,1.0,80.0,0.8800000000000001,0.8591497227356747
8.0,0.33333334,1.0,128.0,0.867165109034268,0.8532347504621072
8.0,0.33333334,3.0,2.0,0.9110280373831776,0.8746765249537892
8.0,0.33333334,3.0,3.0,0.9110280373831776,0.8746765249537892
8.0,0.33333334,3.0,5.0,0.9110280373831776,0.8746765249537892
8.0,0.33333334,3.0,8.0,0.9095327102803739,0.8739371534195934
8.0,0.33333334,3.0,12.0,0.9090342679127726,0.8757855822550832
8.0,0.33333334,3.0,20.0,0.9018068535825545,0.8717190388170056
8.0,0.33333334,3.0,32.0,0.896448598130841,0.8709796672828096
8.0,0.33333334,3.0,50.0,0.8894704049844236,0.8661737523105361
8.0,0.33333334,3.0,80.0,0.8777570093457945,0.8598890942698706
8.0,0.33333334,3.0,128.0,0.8654205607476635,0.8517560073937153
8.0,0.33333334,5.0,2.0,0.9059190031152647,0.8731977818853973
8.0,0.33333334,5.0,3.0,0.9059190031152647,0.8731977818853973
8.0,0.33333334,5.0,5.0,0.9059190031152647,0.8731977818853973
8.0,0.33333334,5.0,8.0,0.9059190031152647,0.8731977818853973
8.0,0.33333334,5.0,12.0,0.9046728971962616,0.8728280961182995
8.0,0.33333334,5.0,20.0,0.9016822429906541,0.8717190388170055
8.0,0.33333334,5.0,32.0,0.8958255451713395,0.8713493530499076
8.0,0.33333334,5.0,50.0,0.8885981308411216,0.8654343807763402
8.0,0.33333334,5.0,80.0,0.8768847352024922,0.8598890942698706
8.0,0.33333334,5.0,128.0,0.8655451713395639,0.8517560073937153
8.0,0.33333334,7.0,2.0,0.9021806853582554,0.8720887245841036
8.0,0.33333334,7.0,3.0,0.9021806853582554,0.8720887245841036
8.0,0.33333334,7.0,5.0,0.9021806853582554,0.8720887245841036
8.0,0.33333334,7.0,8.0,0.9021806853582554,0.8720887245841036
8.0,0.33333334,7.0,12.0,0.9021806853582554,0.8720887245841036
8.0,0.33333334,7.0,20.0,0.9000623052959501,0.8717190388170055
8.0,0.33333334,7.0,32.0,0.8938317757009345,0.8691312384473198
8.0,0.33333334,7.0,50.0,0.8882242990654206,0.8654343807763402
8.0,0.33333334,7.0,80.0,0.8758878504672897,0.8584103512014789
8.0,0.33333334,7.0,128.0,0.8649221183800624,0.8521256931608132
8.0,0.33333334,9.0,2.0,0.8996884735202493,0.8709796672828096
8.0,0.33333334,9.0,3.0,0.8996884735202493,0.8709796672828096
8.0,0.33333334,9.0,5.0,0.8996884735202493,0.8709796672828096
8.0,0.33333334,9.0,8.0,0.8996884735202493,0.8709796672828096
8.0,0.33333334,9.0,12.0,0.8996884735202493,0.8709796672828096
8.0,0.33333334,9.0,20.0,0.8973208722741433,0.8724584103512015
8.0,0.33333334,9.0,32.0,0.8930841121495326,0.8695009242144177
8.0,0.33333334,9.0,50.0,0.8862305295950156,0.8669131238447318
8.0,0.33333334,9.0,80.0,0.8757632398753895,0.8587800369685766
8.0,0.33333334,9.0,128.0,0.8638006230529595,0.8521256931608132
8.0,0.33333334,11.0,2.0,0.8942056074766356,0.8687615526802219
8.0,0.33333334,11.0,3.0,0.8942056074766356,0.8687615526802219
8.0,0.33333334,11.0,5.0,0.8942056074766356,0.8687615526802219
8.0,0.33333334,11.0,8.0,0.8942056074766356,0.8687615526802219
8.0,0.33333334,11.0,12.0,0.8942056074766356,0.8687615526802219
8.0,0.33333334,11.0,20.0,0.8942056074766356,0.8687615526802219
8.0,0.33333334,11.0,32.0,0.8920872274143303,0.8695009242144177
8.0,0.33333334,11.0,50.0,0.885233644859813,0.8624768946395565
8.0,0.33333334,11.0,80.0,0.8757632398753895,0.8591497227356747
8.0,0.33333334,11.0,128.0,0.8630529595015577,0.8495378927911276
8.0,0.33333334,13.0,2.0,0.8928348909657322,0.867652495378928
8.0,0.33333334,13.0,3.0,0.8928348909657322,0.867652495378928
8.0,0.33333334,13.0,5.0,0.8928348909657322,0.867652495378928
8.0,0.33333334,13.0,8.0,0.8928348909657322,0.867652495378928
8.0,0.33333334,13.0,12.0,0.8928348909657322,0.867652495378928
8.0,0.33333334,13.0,20.0,0.8928348909657322,0.867652495378928
8.0,0.33333334,13.0,32.0,0.8915887850467289,0.8680221811460258
8.0,0.33333334,13.0,50.0,0.8841121495327103,0.8617375231053603
8.0,0.33333334,13.0,80.0,0.8745171339563862,0.8576709796672828
8.0,0.33333334,13.0,128.0,0.8631775700934579,0.8506469500924215
8.0,0.33333334,15.0,2.0,0.8907165109034269,0.8687615526802219
8.0,0.33333334,15.0,3.0,0.8907165109034269,0.8687615526802219
8.0,0.33333334,15.0,5.0,0.8907165109034269,0.8687615526802219
8.0,0.33333334,15.0,8.0,0.8907165109034269,0.8687615526802219
8.0,0.33333334,15.0,12.0,0.8907165109034269,0.8687615526802219
8.0,0.33333334,15.0,20.0,0.8907165109034269,0.8687615526802219
8.0,0.33333334,15.0,32.0,0.889968847352025,0.8680221811460258
8.0,0.33333334,15.0,50.0,0.8846105919003115,0.8624768946395565
8.0,0.33333334,15.0,80.0,0.8743925233644859,0.8569316081330868
8.0,0.33333334,15.0,128.0,0.8631775700934579,0.8487985212569317
8.0,0.33333334,17.0,2.0,0.8874766355140187,0.86543438077634
8.0,0.33333334,17.0,3.0,0.8874766355140187,0.86543438077634
8.0,0.33333334,17.0,5.0,0.8874766355140187,0.86543438077634
8.0,0.33333334,17.0,8.0,0.8874766355140187,0.86543438077634
8.0,0.33333334,17.0,12.0,0.8874766355140187,0.86543438077634
8.0,0.33333334,17.0,20.0,0.8874766355140187,0.86543438077634
8.0,0.33333334,17.0,32.0,0.8874766355140187,0.86543438077634
8.0,0.33333334,17.0,50.0,0.8831152647975078,0.8609981515711645
8.0,0.33333334,17.0,80.0,0.8737694704049843,0.8565619223659888
8.0,0.33333334,17.0,128.0,0.8623052959501557,0.8499075785582255
8.0,0.33333334,20.0,2.0,0.8843613707165108,0.8613678373382625
8.0,0.33333334,20.0,3.0,0.8843613707165108,0.8613678373382625
8.0,0.33333334,20.0,5.0,0.8843613707165108,0.8613678373382625
8.0,0.33333334,20.0,8.0,0.8843613707165108,0.8613678373382625
8.0,0.33333334,20.0,12.0,0.8843613707165108,0.8613678373382625
8.0,0.33333334,20.0,20.0,0.8843613707165108,0.8613678373382625
8.0,0.33333334,20.0,32.0,0.8843613707165108,0.8613678373382625
8.0,0.33333334,20.0,50.0,0.8814953271028039,0.8617375231053603
8.0,0.33333334,20.0,80.0,0.8725233644859813,0.857301293900185
8.0,0.33333334,20.0,128.0,0.8621806853582555,0.8469500924214417
8.0,0.44444445,1.0,2.0,0.91601246105919,0.8743068391866913
8.0,0.44444445,1.0,3.0,0.9158878504672897,0.8757855822550832
8.0,0.44444445,1.0,5.0,0.9128971962616822,0.8765249537892791
8.0,0.44444445,1.0,8.0,0.9119003115264798,0.8746765249537892
8.0,0.44444445,1.0,12.0,0.9099065420560748,0.8728280961182995
8.0,0.44444445,1.0,20.0,0.9046728971962616,0.8713493530499076
8.0,0.44444445,1.0,32.0,0.8985669781931463,0.8702402957486137
8.0,0.44444445,1.0,50.0,0.8912149532710281,0.8654343807763402
8.0,0.44444445,1.0,80.0,0.8800000000000001,0.8591497227356747
8.0,0.44444445,1.0,128.0,0.867165109034268,0.8532347504621072
8.0,0.44444445,3.0,2.0,0.9110280373831776,0.8746765249537892
8.0,0.44444445,3.0,3.0,0.9110280373831776,0.8746765249537892
8.0,0.44444445,3.0,5.0,0.9110280373831776,0.8746765249537892
8.0,0.44444445,3.0,8.0,0.9095327102803739,0.8739371534195934
8.0,0.44444445,3.0,12.0,0.9090342679127726,0.8757855822550832
8.0,0.44444445,3.0,20.0,0.9018068535825545,0.8717190388170056
8.0,0.44444445,3.0,32.0,0.896448598130841,0.8709796672828096
8.0,0.44444445,3.0,50.0,0.8894704049844236,0.8661737523105361
8.0,0.44444445,3.0,80.0,0.8777570093457945,0.8598890942698706
8.0,0.44444445,3.0,128.0,0.8654205607476635,0.8517560073937153
8.0,0.44444445,5.0,2.0,0.9059190031152647,0.8731977818853973
8.0,0.44444445,5.0,3.0,0.9059190031152647,0.8731977818853973
8.0,0.44444445,5.0,5.0,0.9059190031152647,0.8731977818853973
8.0,0.44444445,5.0,8.0,0.9059190031152647,0.8731977818853973
8.0,0.44444445,5.0,12.0,0.9046728971962616,0.8728280961182995
8.0,0.44444445,5.0,20.0,0.9016822429906541,0.8717190388170055
8.0,0.44444445,5.0,32.0,0.8958255451713395,0.8713493530499076
8.0,0.44444445,5.0,50.0,0.8885981308411216,0.8654343807763402
8.0,0.44444445,5.0,80.0,0.8768847352024922,0.8598890942698706
8.0,0.44444445,5.0,128.0,0.8655451713395639,0.8517560073937153
8.0,0.44444445,7.0,2.0,0.9021806853582554,0.8720887245841036
8.0,0.44444445,7.0,3.0,0.9021806853582554,0.8720887245841036
8.0,0.44444445,7.0,5.0,0.9021806853582554,0.8720887245841036
8.0,0.44444445,7.0,8.0,0.9021806853582554,0.8720887245841036
8.0,0.44444445,7.0,12.0,0.9021806853582554,0.8720887245841036
8.0,0.44444445,7.0,20.0,0.9000623052959501,0.8717190388170055
8.0,0.44444445,7.0,32.0,0.8938317757009345,0.8691312384473198
8.0,0.44444445,7.0,50.0,0.8882242990654206,0.8654343807763402
8.0,0.44444445,7.0,80.0,0.8758878504672897,0.8584103512014789
8.0,0.44444445,7.0,128.0,0.8649221183800624,0.8521256931608132
8.0,0.44444445,9.0,2.0,0.8996884735202493,0.8709796672828096
8.0,0.44444445,9.0,3.0,0.8996884735202493,0.8709796672828096
8.0,0.44444445,9.0,5.0,0.8996884735202493,0.8709796672828096
8.0,0.44444445,9.0,8.0,0.8996884735202493,0.8709796672828096
8.0,0.44444445,9.0,12.0,0.8996884735202493,0.8709796672828096
8.0,0.44444445,9.0,20.0,0.8973208722741433,0.8724584103512015
8.0,0.44444445,9.0,32.0,0.8930841121495326,0.8695009242144177
8.0,0.44444445,9.0,50.0,0.8862305295950156,0.8669131238447318
8.0,0.44444445,9.0,80.0,0.8757632398753895,0.8587800369685766
8.0,0.44444445,9.0,128.0,0.8638006230529595,0.8521256931608132
8.0,0.44444445,11.0,2.0,0.8942056074766356,0.8687615526802219
8.0,0.44444445,11.0,3.0,0.8942056074766356,0.8687615526802219
8.0,0.44444445,11.0,5.0,0.8942056074766356,0.8687615526802219
8.0,0.44444445,11.0,8.0,0.8942056074766356,0.8687615526802219
8.0,0.44444445,11.0,12.0,0.8942056074766356,0.8687615526802219
8.0,0.44444445,11.0,20.0,0.8942056074766356,0.8687615526802219
8.0,0.44444445,11.0,32.0,0.8920872274143303,0.8695009242144177
8.0,0.44444445,11.0,50.0,0.885233644859813,0.8624768946395565
8.0,0.44444445,11.0,80.0,0.8757632398753895,0.8591497227356747
8.0,0.44444445,11.0,128.0,0.8630529595015577,0.8495378927911276
8.0,0.44444445,13.0,2.0,0.8928348909657322,0.867652495378928
8.0,0.44444445,13.0,3.0,0.8928348909657322,0.867652495378928
8.0,0.44444445,13.0,5.0,0.8928348909657322,0.867652495378928
8.0,0.44444445,13.0,8.0,0.8928348909657322,0.867652495378928
8.0,0.44444445,13.0,12.0,0.8928348909657322,0.867652495378928
8.0,0.44444445,13.0,20.0,0.8928348909657322,0.867652495378928
8.0,0.44444445,13.0,32.0,0.8915887850467289,0.8680221811460258
8.0,0.44444445,13.0,50.0,0.8841121495327103,0.8617375231053603
8.0,0.44444445,13.0,80.0,0.8745171339563862,0.8576709796672828
8.0,0.44444445,13.0,128.0,0.8631775700934579,0.8506469500924215
8.0,0.44444445,15.0,2.0,0.8907165109034269,0.8687615526802219
8.0,0.44444445,15.0,3.0,0.8907165109034269,0.8687615526802219
8.0,0.44444445,15.0,5.0,0.8907165109034269,0.8687615526802219
8.0,0.44444445,15.0,8.0,0.8907165109034269,0.8687615526802219
8.0,0.44444445,15.0,12.0,0.8907165109034269,0.8687615526802219
8.0,0.44444445,15.0,20.0,0.8907165109034269,0.8687615526802219
8.0,0.44444445,15.0,32.0,0.889968847352025,0.8680221811460258
8.0,0.44444445,15.0,50.0,0.8846105919003115,0.8624768946395565
8.0,0.44444445,15.0,80.0,0.8743925233644859,0.8569316081330868
8.0,0.44444445,15.0,128.0,0.8631775700934579,0.8487985212569317
8.0,0.44444445,17.0,2.0,0.8874766355140187,0.86543438077634
8.0,0.44444445,17.0,3.0,0.8874766355140187,0.86543438077634
8.0,0.44444445,17.0,5.0,0.8874766355140187,0.86543438077634
8.0,0.44444445,17.0,8.0,0.8874766355140187,0.86543438077634
8.0,0.44444445,17.0,12.0,0.8874766355140187,0.86543438077634
8.0,0.44444445,17.0,20.0,0.8874766355140187,0.86543438077634
8.0,0.44444445,17.0,32.0,0.8874766355140187,0.86543438077634
8.0,0.44444445,17.0,50.0,0.8831152647975078,0.8609981515711645
8.0,0.44444445,17.0,80.0,0.8737694704049843,0.8565619223659888
8.0,0.44444445,17.0,128.0,0.8623052959501557,0.8499075785582255
8.0,0.44444445,20.0,2.0,0.8843613707165108,0.8613678373382625
8.0,0.44444445,20.0,3.0,0.8843613707165108,0.8613678373382625
8.0,0.44444445,20.0,5.0,0.8843613707165108,0.8613678373382625
8.0,0.44444445,20.0,8.0,0.8843613707165108,0.8613678373382625
8.0,0.44444445,20.0,12.0,0.8843613707165108,0.8613678373382625
8.0,0.44444445,20.0,20.0,0.8843613707165108,0.8613678373382625
8.0,0.44444445,20.0,32.0,0.8843613707165108,0.8613678373382625
8.0,0.44444445,20.0,50.0,0.8814953271028039,0.8617375231053603
8.0,0.44444445,20.0,80.0,0.8725233644859813,0.857301293900185
8.0,0.44444445,20.0,128.0,0.8621806853582555,0.8469500924214417
8.0,0.5555556,1.0,2.0,0.91601246105919,0.8743068391866913
8.0,0.5555556,1.0,3.0,0.9158878504672897,0.8757855822550832
8.0,0.5555556,1.0,5.0,0.9128971962616822,0.8765249537892791
8.0,0.5555556,1.0,8.0,0.9119003115264798,0.8746765249537892
8.0,0.5555556,1.0,12.0,0.9099065420560748,0.8728280961182995
8.0,0.5555556,1.0,20.0,0.9046728971962616,0.8713493530499076
8.0,0.5555556,1.0,32.0,0.8985669781931463,0.8702402957486137
8.0,0.5555556,1.0,50.0,0.8912149532710281,0.8654343807763402
8.0,0.5555556,1.0,80.0,0.8800000000000001,0.8591497227356747
8.0,0.5555556,1.0,128.0,0.867165109034268,0.8532347504621072
8.0,0.5555556,3.0,2.0,0.9110280373831776,0.8746765249537892
8.0,0.5555556,3.0,3.0,0.9110280373831776,0.8746765249537892
8.0,0.5555556,3.0,5.0,0.9110280373831776,0.8746765249537892
8.0,0.5555556,3.0,8.0,0.9095327102803739,0.8739371534195934
8.0,0.5555556,3.0,12.0,0.9090342679127726,0.8757855822550832
8.0,0.5555556,3.0,20.0,0.9018068535825545,0.8717190388170056
8.0,0.5555556,3.0,32.0,0.896448598130841,0.8709796672828096
8.0,0.5555556,3.0,50.0,0.8894704049844236,0.8661737523105361
8.0,0.5555556,3.0,80.0,0.8777570093457945,0.8598890942698706
8.0,0.5555556,3.0,128.0,0.8654205607476635,0.8517560073937153
8.0,0.5555556,5.0,2.0,0.9059190031152647,0.8731977818853973
8.0,0.5555556,5.0,3.0,0.9059190031152647,0.8731977818853973
8.0,0.5555556,5.0,5.0,0.9059190031152647,0.8731977818853973
8.0,0.5555556,5.0,8.0,0.9059190031152647,0.8731977818853973
8.0,0.5555556,5.0,12.0,0.9046728971962616,0.8728280961182995
8.0,0.5555556,5.0,20.0,0.9016822429906541,0.8717190388170055
8.0,0.5555556,5.0,32.0,0.8958255451713395,0.8713493530499076
8.0,0.5555556,5.0,50.0,0.8885981308411216,0.8654343807763402
8.0,0.5555556,5.0,80.0,0.8768847352024922,0.8598890942698706
8.0,0.5555556,5.0,128.0,0.8655451713395639,0.8517560073937153
8.0,0.5555556,7.0,2.0,0.9021806853582554,0.8720887245841036
8.0,0.5555556,7.0,3.0,0.9021806853582554,0.8720887245841036
8.0,0.5555556,7.0,5.0,0.9021806853582554,0.8720887245841036
8.0,0.5555556,7.0,8.0,0.9021806853582554,0.8720887245841036
8.0,0.5555556,7.0,12.0,0.9021806853582554,0.8720887245841036
8.0,0.5555556,7.0,20.0,0.9000623052959501,0.8717190388170055
8.0,0.5555556,7.0,32.0,0.8938317757009345,0.8691312384473198
8.0,0.5555556,7.0,50.0,0.8882242990654206,0.8654343807763402
8.0,0.5555556,7.0,80.0,0.8758878504672897,0.8584103512014789
8.0,0.5555556,7.0,128.0,0.8649221183800624,0.8521256931608132
8.0,0.5555556,9.0,2.0,0.8996884735202493,0.8709796672828096
8.0,0.5555556,9.0,3.0,0.8996884735202493,0.8709796672828096
8.0,0.5555556,9.0,5.0,0.8996884735202493,0.8709796672828096
8.0,0.5555556,9.0,8.0,0.8996884735202493,0.8709796672828096
8.0,0.5555556,9.0,12.0,0.8996884735202493,0.8709796672828096
8.0,0.5555556,9.0,20.0,0.8973208722741433,0.8724584103512015
8.0,0.5555556,9.0,32.0,0.8930841121495326,0.8695009242144177
8.0,0.5555556,9.0,50.0,0.8862305295950156,0.8669131238447318
8.0,0.5555556,9.0,80.0,0.8757632398753895,0.8587800369685766
8.0,0.5555556,9.0,128.0,0.8638006230529595,0.8521256931608132
8.0,0.5555556,11.0,2.0,0.8942056074766356,0.8687615526802219
8.0,0.5555556,11.0,3.0,0.8942056074766356,0.8687615526802219
8.0,0.5555556,11.0,5.0,0.8942056074766356,0.8687615526802219
8.0,0.5555556,11.0,8.0,0.8942056074766356,0.8687615526802219
8.0,0.5555556,11.0,12.0,0.8942056074766356,0.8687615526802219
8.0,0.5555556,11.0,20.0,0.8942056074766356,0.8687615526802219
8.0,0.5555556,11.0,32.0,0.8920872274143303,0.8695009242144177
8.0,0.5555556,11.0,50.0,0.885233644859813,0.8624768946395565
8.0,0.5555556,11.0,80.0,0.8757632398753895,0.8591497227356747
8.0,0.5555556,11.0,128.0,0.8630529595015577,0.8495378927911276
8.0,0.5555556,13.0,2.0,0.8928348909657322,0.867652495378928
8.0,0.5555556,13.0,3.0,0.8928348909657322,0.867652495378928
8.0,0.5555556,13.0,5.0,0.8928348909657322,0.867652495378928
8.0,0.5555556,13.0,8.0,0.8928348909657322,0.867652495378928
8.0,0.5555556,13.0,12.0,0.8928348909657322,0.867652495378928
8.0,0.5555556,13.0,20.0,0.8928348909657322,0.867652495378928
8.0,0.5555556,13.0,32.0,0.8915887850467289,0.8680221811460258
8.0,0.5555556,13.0,50.0,0.8841121495327103,0.8617375231053603
8.0,0.5555556,13.0,80.0,0.8745171339563862,0.8576709796672828
8.0,0.5555556,13.0,128.0,0.8631775700934579,0.8506469500924215
8.0,0.5555556,15.0,2.0,0.8907165109034269,0.8687615526802219
8.0,0.5555556,15.0,3.0,0.8907165109034269,0.8687615526802219
8.0,0.5555556,15.0,5.0,0.8907165109034269,0.8687615526802219
8.0,0.5555556,15.0,8.0,0.8907165109034269,0.8687615526802219
8.0,0.5555556,15.0,12.0,0.8907165109034269,0.8687615526802219
8.0,0.5555556,15.0,20.0,0.8907165109034269,0.8687615526802219
8.0,0.5555556,15.0,32.0,0.889968847352025,0.8680221811460258
8.0,0.5555556,15.0,50.0,0.8846105919003115,0.8624768946395565
8.0,0.5555556,15.0,80.0,0.8743925233644859,0.8569316081330868
8.0,0.5555556,15.0,128.0,0.8631775700934579,0.8487985212569317
8.0,0.5555556,17.0,2.0,0.8874766355140187,0.86543438077634
8.0,0.5555556,17.0,3.0,0.8874766355140187,0.86543438077634
8.0,0.5555556,17.0,5.0,0.8874766355140187,0.86543438077634
8.0,0.5555556,17.0,8.0,0.8874766355140187,0.86543438077634
8.0,0.5555556,17.0,12.0,0.8874766355140187,0.86543438077634
8.0,0.5555556,17.0,20.0,0.8874766355140187,0.86543438077634
8.0,0.5555556,17.0,32.0,0.8874766355140187,0.86543438077634
8.0,0.5555556,17.0,50.0,0.8831152647975078,0.8609981515711645
8.0,0.5555556,17.0,80.0,0.8737694704049843,0.8565619223659888
8.0,0.5555556,17.0,128.0,0.8623052959501557,0.8499075785582255
8.0,0.5555556,20.0,2.0,0.8843613707165108,0.8613678373382625
8.0,0.5555556,20.0,3.0,0.8843613707165108,0.8613678373382625
8.0,0.5555556,20.0,5.0,0.8843613707165108,0.8613678373382625
8.0,0.5555556,20.0,8.0,0.8843613707165108,0.8613678373382625
8.0,0.5555556,20.0,12.0,0.8843613707165108,0.8613678373382625
8.0,0.5555556,20.0,20.0,0.8843613707165108,0.8613678373382625
8.0,0.5555556,20.0,32.0,0.8843613707165108,0.8613678373382625
8.0,0.5555556,20.0,50.0,0.8814953271028039,0.8617375231053603
8.0,0.5555556,20.0,80.0,0.8725233644859813,0.857301293900185
8.0,0.5555556,20.0,128.0,0.8621806853582555,0.8469500924214417
8.0,0.6666667,1.0,2.0,0.9175077881619937,0.8761552680221811
8.0,0.6666667,1.0,3.0,0.9167601246105919,0.8783733826247688
8.0,0.6666667,1.0,5.0,0.9161370716510904,0.876894639556377
8.0,0.6666667,1.0,8.0,0.915638629283489,0.8750462107208872
8.0,0.6666667,1.0,12.0,0.9120249221183802,0.8739371534195934
8.0,0.6666667,1.0,20.0,0.9076635514018692,0.8739371534195934
8.0,0.6666667,1.0,32.0,0.9004361370716512,0.8720887245841036
8.0,0.6666667,1.0,50.0,0.8917133956386293,0.8713493530499076
8.0,0.6666667,1.0,80.0,0.8829906542056074,0.8643253234750462
8.0,0.6666667,1.0,128.0,0.8686604361370716,0.8521256931608132
8.0,0.6666667,3.0,2.0,0.9122741433021806,0.8772643253234751
8.0,0.6666667,3.0,3.0,0.9122741433021806,0.8772643253234751
8.0,0.6666667,3.0,5.0,0.9122741433021806,0.8772643253234751
8.0,0.6666667,3.0,8.0,0.9106542056074766,0.8754158964879852
8.0,0.6666667,3.0,12.0,0.9094080996884735,0.8735674676524955
8.0,0.6666667,3.0,20.0,0.904423676012461,0.8735674676524955
8.0,0.6666667,3.0,32.0,0.898816199376947,0.8717190388170055
8.0,0.6666667,3.0,50.0,0.8902180685358255,0.8702402957486137
8.0,0.6666667,3.0,80.0,0.8812461059190031,0.8661737523105361
8.0,0.6666667,3.0,128.0,0.8674143302180685,0.8532347504621072
8.0,0.6666667,5.0,2.0,0.9081619937694704,0.8743068391866913
8.0,0.6666667,5.0,3.0,0.9081619937694704,0.8743068391866913
8.0,0.6666667,5.0,5.0,0.9081619937694704,0.8743068391866913
8.0,0.6666667,5.0,8.0,0.9081619937694704,0.8743068391866913
8.0,0.6666667,5.0,12.0,0.9062928348909658,0.8754158964879852
8.0,0.6666667,5.0,20.0,0.9034267912772587,0.8735674676524955
8.0,0.6666667,5.0,32.0,0.8979439252336447,0.8706099815157117
8.0,0.6666667,5.0,50.0,0.8902180685358255,0.8706099815157117
8.0,0.6666667,5.0,80.0,0.8813707165109035,0.86543438077634
8.0,0.6666667,5.0,128.0,0.8677881619937695,0.8524953789279113
8.0,0.6666667,7.0,2.0,0.9038006230529595,0.8743068391866913
8.0,0.6666667,7.0,3.0,0.9038006230529595,0.8743068391866913
8.0,0.6666667,7.0,5.0,0.9038006230529595,0.8743068391866913
8.0,0.6666667,7.0,8.0,0.9038006230529595,0.8743068391866913
8.0,0.6666667,7.0,12.0,0.9038006230529595,0.8743068391866913
8.0,0.6666667,7.0,20.0,0.9016822429906541,0.8746765249537892
8.0,0.6666667,7.0,32.0,0.8954517133956387,0.8687615526802219
8.0,0.6666667,7.0,50.0,0.888847352024922,0.8706099815157117
8.0,0.6666667,7.0,80.0,0.880747663551402,0.86543438077634
8.0,0.6666667,7.0,128.0,0.8664174454828661,0.8517560073937153
8.0,0.6666667,9.0,2.0,0.9004361370716512,0.8731977818853973
8.0,0.6666667,9.0,3.0,0.9004361370716512,0.8731977818853973
8.0,0.6666667,9.0,5.0,0.9004361370716512,0.8731977818853973
8.0,0.6666667,9.0,8.0,0.9004361370716512,0.8731977818853973
8.0,0.6666667,9.0,12.0,0.9004361370716512,0.8731977818853973
8.0,0.6666667,9.0,20.0,0.9008099688473521,0.8728280961182995
8.0,0.6666667,9.0,32.0,0.8945794392523364,0.8691312384473198
8.0,0.6666667,9.0,50.0,0.8887227414330219,0.8695009242144177
8.0,0.6666667,9.0,80.0,0.8796261682242991,0.8646950092421442
8.0,0.6666667,9.0,128.0,0.8670404984423676,0.8517560073937153
8.0,0.6666667,11.0,2.0,0.8981931464174455,0.8720887245841036
8.0,0.6666667,11.0,3.0,0.8981931464174455,0.8720887245841036
8.0,0.6666667,11.0,5.0,0.8981931464174455,0.8720887245841036
8.0,0.6666667,11.0,8.0,0.8981931464174455,0.8720887245841036
8.0,0.6666667,11.0,12.0,0.8981931464174455,0.8720887245841036
8.0,0.6666667,11.0,20.0,0.8981931464174455,0.8720887245841036
8.0,0.6666667,11.0,32.0,0.8940809968847352,0.8698706099815157
8.0,0.6666667,11.0,50.0,0.8879750778816199,0.8709796672828096
8.0,0.6666667,11.0,80.0,0.8791277258566979,0.8658040665434381
8.0,0.6666667,11.0,128.0,0.8662928348909658,0.8528650646950092
8.0,0.6666667,13.0,2.0,0.8958255451713395,0.8717190388170055
8.0,0.6666667,13.0,3.0,0.8958255451713395,0.8717190388170055
8.0,0.6666667,13.0,5.0,0.8958255451713395,0.8717190388170055
8.0,0.6666667,13.0,8.0,0.8958255451713395,0.8717190388170055
8.0,0.6666667,13.0,12.0,0.8958255451713395,0.8717190388170055
8.0,0.6666667,13.0,20.0,0.8958255451713395,0.8717190388170055
8.0,0.6666667,13.0,32.0,0.8918380062305296,0.8706099815157117
8.0,0.6666667,13.0,50.0,0.8878504672897197,0.8687615526802219
8.0,0.6666667,13.0,80.0,0.8793769470404985,0.8650646950092421
8.0,0.6666667,13.0,128.0,0.8665420560747664,0.8521256931608132
8.0,0.6666667,15.0,2.0,0.8927102803738318,0.8706099815157117
8.0,0.6666667,15.0,3.0,0.8927102803738318,0.8706099815157117
8.0,0.6666667,15.0,5.0,0.8927102803738318,0.8706099815157117
8.0,0.6666667,15.0,8.0,0.8927102803738318,0.8706099815157117
8.0,0.6666667,15.0,12.0,0.8927102803738318,0.8706099815157117
8.0,0.6666667,15.0,20.0,0.8927102803738318,0.8706099815157117
8.0,0.6666667,15.0,32.0,0.8925856697819314,0.8702402957486136
8.0,0.6666667,15.0,50.0,0.8873520249221183,0.8691312384473198
8.0,0.6666667,15.0,80.0,0.8785046728971964,0.8621072088724585
8.0,0.6666667,15.0,128.0,0.8655451713395639,0.8513863216266173
8.0,0.6666667,17.0,2.0,0.8895950155763239,0.8695009242144177
8.0,0.6666667,17.0,3.0,0.8895950155763239,0.8695009242144177
8.0,0.6666667,17.0,5.0,0.8895950155763239,0.8695009242144177
8.0,0.6666667,17.0,8.0,0.8895950155763239,0.8695009242144177
8.0,0.6666667,17.0,12.0,0.8895950155763239,0.8695009242144177
8.0,0.6666667,17.0,20.0,0.8895950155763239,0.8695009242144177
8.0,0.6666667,17.0,32.0,0.8895950155763239,0.8695009242144177
8.0,0.6666667,17.0,50.0,0.8857320872274144,0.8669131238447321
8.0,0.6666667,17.0,80.0,0.8777570093457945,0.8632162661737522
8.0,0.6666667,17.0,128.0,0.8652959501557632,0.8510166358595195
8.0,0.6666667,20.0,2.0,0.8869781931464175,0.8658040665434381
8.0,0.6666667,20.0,3.0,0.8869781931464175,0.8658040665434381
8.0,0.6666667,20.0,5.0,0.8869781931464175,0.8658040665434381
8.0,0.6666667,20.0,8.0,0.8869781931464175,0.8658040665434381
8.0,0.6666667,20.0,12.0,0.8869781931464175,0.8658040665434381
8.0,0.6666667,20.0,20.0,0.8869781931464175,0.8658040665434381
8.0,0.6666667,20.0,32.0,0.8869781931464175,0.8658040665434381
8.0,0.6666667,20.0,50.0,0.8833644859813085,0.8658040665434381
8.0,0.6666667,20.0,80.0,0.8758878504672897,0.8617375231053603
8.0,0.6666667,20.0,128.0,0.864797507788162,0.8506469500924215
8.0,0.7777778,1.0,2.0,0.9175077881619937,0.8761552680221811
8.0,0.7777778,1.0,3.0,0.9167601246105919,0.8783733826247688
8.0,0.7777778,1.0,5.0,0.9161370716510904,0.876894639556377
8.0,0.7777778,1.0,8.0,0.915638629283489,0.8750462107208872
8.0,0.7777778,1.0,12.0,0.9120249221183802,0.8739371534195934
8.0,0.7777778,1.0,20.0,0.9076635514018692,0.8739371534195934
8.0,0.7777778,1.0,32.0,0.9004361370716512,0.8720887245841036
8.0,0.7777778,1.0,50.0,0.8917133956386293,0.8713493530499076
8.0,0.7777778,1.0,80.0,0.8829906542056074,0.8643253234750462
8.0,0.7777778,1.0,128.0,0.8686604361370716,0.8521256931608132
8.0,0.7777778,3.0,2.0,0.9122741433021806,0.8772643253234751
8.0,0.7777778,3.0,3.0,0.9122741433021806,0.8772643253234751
8.0,0.7777778,3.0,5.0,0.9122741433021806,0.8772643253234751
8.0,0.7777778,3.0,8.0,0.9106542056074766,0.8754158964879852
8.0,0.7777778,3.0,12.0,0.9094080996884735,0.8735674676524955
8.0,0.7777778,3.0,20.0,0.904423676012461,0.8735674676524955
8.0,0.7777778,3.0,32.0,0.898816199376947,0.8717190388170055
8.0,0.7777778,3.0,50.0,0.8902180685358255,0.8702402957486137
8.0,0.7777778,3.0,80.0,0.8812461059190031,0.8661737523105361
8.0,0.7777778,3.0,128.0,0.8674143302180685,0.8532347504621072
8.0,0.7777778,5.0,2.0,0.9081619937694704,0.8743068391866913
8.0,0.7777778,5.0,3.0,0.9081619937694704,0.8743068391866913
8.0,0.7777778,5.0,5.0,0.9081619937694704,0.8743068391866913
8.0,0.7777778,5.0,8.0,0.9081619937694704,0.8743068391866913
8.0,0.7777778,5.0,12.0,0.9062928348909658,0.8754158964879852
8.0,0.7777778,5.0,20.0,0.9034267912772587,0.8735674676524955
8.0,0.7777778,5.0,32.0,0.8979439252336447,0.8706099815157117
8.0,0.7777778,5.0,50.0,0.8902180685358255,0.8706099815157117
8.0,0.7777778,5.0,80.0,0.8813707165109035,0.86543438077634
8.0,0.7777778,5.0,128.0,0.8677881619937695,0.8524953789279113
8.0,0.7777778,7.0,2.0,0.9038006230529595,0.8743068391866913
8.0,0.7777778,7.0,3.0,0.9038006230529595,0.8743068391866913
8.0,0.7777778,7.0,5.0,0.9038006230529595,0.8743068391866913
8.0,0.7777778,7.0,8.0,0.9038006230529595,0.8743068391866913
8.0,0.7777778,7.0,12.0,0.9038006230529595,0.8743068391866913
8.0,0.7777778,7.0,20.0,0.9016822429906541,0.8746765249537892
8.0,0.7777778,7.0,32.0,0.8954517133956387,0.8687615526802219
8.0,0.7777778,7.0,50.0,0.888847352024922,0.8706099815157117
8.0,0.7777778,7.0,80.0,0.880747663551402,0.86543438077634
8.0,0.7777778,7.0,128.0,0.8664174454828661,0.8517560073937153
8.0,0.7777778,9.0,2.0,0.9004361370716512,0.8731977818853973
8.0,0.7777778,9.0,3.0,0.9004361370716512,0.8731977818853973
8.0,0.7777778,9.0,5.0,0.9004361370716512,0.8731977818853973
8.0,0.7777778,9.0,8.0,0.9004361370716512,0.8731977818853973
8.0,0.7777778,9.0,12.0,0.9004361370716512,0.8731977818853973
8.0,0.7777778,9.0,20.0,0.9008099688473521,0.8728280961182995
8.0,0.7777778,9.0,32.0,0.8945794392523364,0.8691312384473198
8.0,0.7777778,9.0,50.0,0.8887227414330219,0.8695009242144177
8.0,0.7777778,9.0,80.0,0.8796261682242991,0.8646950092421442
8.0,0.7777778,9.0,128.0,0.8670404984423676,0.8517560073937153
8.0,0.7777778,11.0,2.0,0.8981931464174455,0.8720887245841036
8.0,0.7777778,11.0,3.0,0.8981931464174455,0.8720887245841036
8.0,0.7777778,11.0,5.0,0.8981931464174455,0.8720887245841036
8.0,0.7777778,11.0,8.0,0.8981931464174455,0.8720887245841036
8.0,0.7777778,11.0,12.0,0.8981931464174455,0.8720887245841036
8.0,0.7777778,11.0,20.0,0.8981931464174455,0.8720887245841036
8.0,0.7777778,11.0,32.0,0.8940809968847352,0.8698706099815157
8.0,0.7777778,11.0,50.0,0.8879750778816199,0.8709796672828096
8.0,0.7777778,11.0,80.0,0.8791277258566979,0.8658040665434381
8.0,0.7777778,11.0,128.0,0.8662928348909658,0.8528650646950092
8.0,0.7777778,13.0,2.0,0.8958255451713395,0.8717190388170055
8.0,0.7777778,13.0,3.0,0.8958255451713395,0.8717190388170055
8.0,0.7777778,13.0,5.0,0.8958255451713395,0.8717190388170055
8.0,0.7777778,13.0,8.0,0.8958255451713395,0.8717190388170055
8.0,0.7777778,13.0,12.0,0.8958255451713395,0.8717190388170055
8.0,0.7777778,13.0,20.0,0.8958255451713395,0.8717190388170055
8.0,0.7777778,13.0,32.0,0.8918380062305296,0.8706099815157117
8.0,0.7777778,13.0,50.0,0.8878504672897197,0.8687615526802219
8.0,0.7777778,13.0,80.0,0.8793769470404985,0.8650646950092421
8.0,0.7777778,13.0,128.0,0.8665420560747664,0.8521256931608132
8.0,0.7777778,15.0,2.0,0.8927102803738318,0.8706099815157117
8.0,0.7777778,15.0,3.0,0.8927102803738318,0.8706099815157117
8.0,0.7777778,15.0,5.0,0.8927102803738318,0.8706099815157117
8.0,0.7777778,15.0,8.0,0.8927102803738318,0.8706099815157117
8.0,0.7777778,15.0,12.0,0.8927102803738318,0.8706099815157117
8.0,0.7777778,15.0,20.0,0.8927102803738318,0.8706099815157117
8.0,0.7777778,15.0,32.0,0.8925856697819314,0.8702402957486136
8.0,0.7777778,15.0,50.0,0.8873520249221183,0.8691312384473198
8.0,0.7777778,15.0,80.0,0.8785046728971964,0.8621072088724585
8.0,0.7777778,15.0,128.0,0.8655451713395639,0.8513863216266173
8.0,0.7777778,17.0,2.0,0.8895950155763239,0.8695009242144177
8.0,0.7777778,17.0,3.0,0.8895950155763239,0.8695009242144177
8.0,0.7777778,17.0,5.0,0.8895950155763239,0.8695009242144177
8.0,0.7777778,17.0,8.0,0.8895950155763239,0.8695009242144177
8.0,0.7777778,17.0,12.0,0.8895950155763239,0.8695009242144177
8.0,0.7777778,17.0,20.0,0.8895950155763239,0.8695009242144177
8.0,0.7777778,17.0,32.0,0.8895950155763239,0.8695009242144177
8.0,0.7777778,17.0,50.0,0.8857320872274144,0.8669131238447321
8.0,0.7777778,17.0,80.0,0.8777570093457945,0.8632162661737522
8.0,0.7777778,17.0,128.0,0.8652959501557632,0.8510166358595195
8.0,0.7777778,20.0,2.0,0.8869781931464175,0.8658040665434381
8.0,0.7777778,20.0,3.0,0.8869781931464175,0.8658040665434381
8.0,0.7777778,20.0,5.0,0.8869781931464175,0.8658040665434381
8.0,0.7777778,20.0,8.0,0.8869781931464175,0.8658040665434381
8.0,0.7777778,20.0,12.0,0.8869781931464175,0.8658040665434381
8.0,0.7777778,20.0,20.0,0.8869781931464175,0.8658040665434381
8.0,0.7777778,20.0,32.0,0.8869781931464175,0.8658040665434381
8.0,0.7777778,20.0,50.0,0.8833644859813085,0.8658040665434381
8.0,0.7777778,20.0,80.0,0.8758878504672897,0.8617375231053603
8.0,0.7777778,20.0,128.0,0.864797507788162,0.8506469500924215
8.0,0.8888889,1.0,2.0,0.9168847352024923,0.8798521256931607
8.0,0.8888889,1.0,3.0,0.9171339563862928,0.8798521256931607
8.0,0.8888889,1.0,5.0,0.9171339563862928,0.8798521256931607
8.0,0.8888889,1.0,8.0,0.9146417445482866,0.878003696857671
8.0,0.8888889,1.0,12.0,0.9115264797507787,0.8757855822550832
8.0,0.8888889,1.0,20.0,0.9070404984423674,0.8735674676524955
8.0,0.8888889,1.0,32.0,0.8993146417445483,0.8709796672828096
8.0,0.8888889,1.0,50.0,0.8928348909657322,0.8698706099815157
8.0,0.8888889,1.0,80.0,0.881993769470405,0.8617375231053603
8.0,0.8888889,1.0,128.0,0.868411214953271,0.8491682070240296
8.0,0.8888889,3.0,2.0,0.9126479750778816,0.877634011090573
8.0,0.8888889,3.0,3.0,0.9126479750778816,0.877634011090573
8.0,0.8888889,3.0,5.0,0.9126479750778816,0.877634011090573
8.0,0.8888889,3.0,8.0,0.9106542056074766,0.8765249537892791
8.0,0.8888889,3.0,12.0,0.9076635514018692,0.8728280961182995
8.0,0.8888889,3.0,20.0,0.9035514018691588,0.8739371534195934
8.0,0.8888889,3.0,32.0,0.8969470404984424,0.8713493530499076
8.0,0.8888889,3.0,50.0,0.8908411214953272,0.8687615526802219
8.0,0.8888889,3.0,80.0,0.8811214953271028,0.8613678373382625
8.0,0.8888889,3.0,128.0,0.8672897196261683,0.8487985212569317
8.0,0.8888889,5.0,2.0,0.9080373831775701,0.8761552680221811
8.0,0.8888889,5.0,3.0,0.9080373831775701,0.8761552680221811
8.0,0.8888889,5.0,5.0,0.9080373831775701,0.8761552680221811
8.0,0.8888889,5.0,8.0,0.9080373831775701,0.8761552680221811
8.0,0.8888889,5.0,12.0,0.9074143302180685,0.8754158964879852
8.0,0.8888889,5.0,20.0,0.9019314641744549,0.8735674676524955
8.0,0.8888889,5.0,32.0,0.8966978193146418,0.8720887245841036
8.0,0.8888889,5.0,50.0,0.8887227414330218,0.8687615526802219
8.0,0.8888889,5.0,80.0,0.8809968847352024,0.8621072088724585
8.0,0.8888889,5.0,128.0,0.8672897196261683,0.8469500924214417
8.0,0.8888889,7.0,2.0,0.904423676012461,0.8739371534195934
8.0,0.8888889,7.0,3.0,0.904423676012461,0.8739371534195934
8.0,0.8888889,7.0,5.0,0.904423676012461,0.8739371534195934
8.0,0.8888889,7.0,8.0,0.904423676012461,0.8739371534195934
8.0,0.8888889,7.0,12.0,0.904423676012461,0.8739371534195934
8.0,0.8888889,7.0,20.0,0.9009345794392523,0.8743068391866913
8.0,0.8888889,7.0,32.0,0.8948286604361371,0.8728280961182995
8.0,0.8888889,7.0,50.0,0.8880996884735202,0.8698706099815157
8.0,0.8888889,7.0,80.0,0.8802492211838006,0.8613678373382625
8.0,0.8888889,7.0,128.0,0.8662928348909658,0.8469500924214417
8.0,0.8888889,9.0,2.0,0.900809968847352,0.8757855822550832
8.0,0.8888889,9.0,3.0,0.900809968847352,0.8757855822550832
8.0,0.8888889,9.0,5.0,0.900809968847352,0.8757855822550832
8.0,0.8888889,9.0,8.0,0.900809968847352,0.8757855822550832
8.0,0.8888889,9.0,12.0,0.900809968847352,0.8757855822550832
8.0,0.8888889,9.0,20.0,0.9000623052959501,0.8739371534195934
8.0,0.8888889,9.0,32.0,0.8940809968847352,0.8728280961182995
8.0,0.8888889,9.0,50.0,0.8874766355140187,0.8691312384473198
8.0,0.8888889,9.0,80.0,0.8800000000000001,0.8617375231053603
8.0,0.8888889,9.0,128.0,0.8664174454828661,0.8491682070240296
8.0,0.8888889,11.0,2.0,0.896448598130841,0.8735674676524955
8.0,0.8888889,11.0,3.0,0.896448598130841,0.8735674676524955
8.0,0.8888889,11.0,5.0,0.896448598130841,0.8735674676524955
8.0,0.8888889,11.0,8.0,0.896448598130841,0.8735674676524955
8.0,0.8888889,11.0,12.0,0.896448598130841,0.8735674676524955
8.0,0.8888889,11.0,20.0,0.896448598130841,0.8735674676524955
8.0,0.8888889,11.0,32.0,0.8935825545171341,0.8720887245841036
8.0,0.8888889,11.0,50.0,0.8858566978193145,0.8683918669131238
8.0,0.8888889,11.0,80.0,0.8804984423676012,0.8613678373382625
8.0,0.8888889,11.0,128.0,0.8666666666666666,0.8476894639556377
8.0,0.8888889,13.0,2.0,0.8950778816199378,0.8713493530499076
8.0,0.8888889,13.0,3.0,0.8950778816199378,0.8713493530499076
8.0,0.8888889,13.0,5.0,0.8950778816199378,0.8713493530499076
8.0,0.8888889,13.0,8.0,0.8950778816199378,0.8713493530499076
8.0,0.8888889,13.0,12.0,0.8950778816199378,0.8713493530499076
8.0,0.8888889,13.0,20.0,0.8950778816199378,0.8713493530499076
8.0,0.8888889,13.0,32.0,0.8922118380062305,0.8720887245841036
8.0,0.8888889,13.0,50.0,0.8866043613707164,0.8680221811460258
8.0,0.8888889,13.0,80.0,0.8792523364485982,0.8602587800369685
8.0,0.8888889,13.0,128.0,0.8665420560747664,0.8465804066543438
8.0,0.8888889,15.0,2.0,0.8918380062305296,0.8695009242144177
8.0,0.8888889,15.0,3.0,0.8918380062305296,0.8695009242144177
8.0,0.8888889,15.0,5.0,0.8918380062305296,0.8695009242144177
8.0,0.8888889,15.0,8.0,0.8918380062305296,0.8695009242144177
8.0,0.8888889,15.0,12.0,0.8918380062305296,0.8695009242144177
8.0,0.8888889,15.0,20.0,0.8918380062305296,0.8695009242144177
8.0,0.8888889,15.0,32.0,0.8925856697819314,0.8698706099815157
8.0,0.8888889,15.0,50.0,0.886355140186916,0.86728280961183
8.0,0.8888889,15.0,80.0,0.878380062305296,0.8613678373382625
8.0,0.8888889,15.0,128.0,0.8656697819314643,0.8473197781885397
8.0,0.8888889,17.0,2.0,0.8910903426791277,0.8706099815157117
8.0,0.8888889,17.0,3.0,0.8910903426791277,0.8706099815157117
8.0,0.8888889,17.0,5.0,0.8910903426791277,0.8706099815157117
8.0,0.8888889,17.0,8.0,0.8910903426791277,0.8706099815157117
8.0,0.8888889,17.0,12.0,0.8910903426791277,0.8706099815157117
8.0,0.8888889,17.0,20.0,0.8910903426791277,0.8706099815157117
8.0,0.8888889,17.0,32.0,0.8910903426791277,0.8706099815157117
8.0,0.8888889,17.0,50.0,0.8871028037383178,0.8695009242144177
8.0,0.8888889,17.0,80.0,0.8771339563862929,0.8613678373382625
8.0,0.8888889,17.0,128.0,0.865171339563863,0.8462107208872458
8.0,0.8888889,20.0,2.0,0.8874766355140187,0.8661737523105361
8.0,0.8888889,20.0,3.0,0.8874766355140187,0.8661737523105361
8.0,0.8888889,20.0,5.0,0.8874766355140187,0.8661737523105361
8.0,0.8888889,20.0,8.0,0.8874766355140187,0.8661737523105361
8.0,0.8888889,20.0,12.0,0.8874766355140187,0.8661737523105361
8.0,0.8888889,20.0,20.0,0.8874766355140187,0.8661737523105361
8.0,0.8888889,20.0,32.0,0.8874766355140187,0.8661737523105361
8.0,0.8888889,20.0,50.0,0.8857320872274144,0.86728280961183
8.0,0.8888889,20.0,80.0,0.8746417445482866,0.8595194085027726
8.0,0.8888889,20.0,128.0,0.8634267912772586,0.8473197781885398
8.0,1.0,1.0,2.0,0.9151401869158878,0.8754158964879852
8.0,1.0,1.0,3.0,0.9151401869158878,0.8757855822550832
8.0,1.0,1.0,5.0,0.9142679127725856,0.8757855822550832
8.0,1.0,1.0,8.0,0.9116510903426791,0.8743068391866913
8.0,1.0,1.0,12.0,0.9092834890965731,0.8728280961182995
8.0,1.0,1.0,20.0,0.9031775700934579,0.8698706099815157
8.0,1.0,1.0,32.0,0.8950778816199378,0.8683918669131238
8.0,1.0,1.0,50.0,0.8882242990654206,0.8646950092421442
8.0,1.0,1.0,80.0,0.876386292834891,0.856192236598891
8.0,1.0,1.0,128.0,0.859190031152648,0.8417744916820702
8.0,1.0,3.0,2.0,0.9092834890965733,0.8761552680221811
8.0,1.0,3.0,3.0,0.9092834890965733,0.8761552680221811
8.0,1.0,3.0,5.0,0.9092834890965733,0.8761552680221811
8.0,1.0,3.0,8.0,0.9082866043613708,0.8750462107208872
8.0,1.0,3.0,12.0,0.9061682242990654,0.8731977818853973
8.0,1.0,3.0,20.0,0.9001869158878504,0.8698706099815157
8.0,1.0,3.0,32.0,0.8929595015576325,0.8683918669131238
8.0,1.0,3.0,50.0,0.8856074766355141,0.8632162661737522
8.0,1.0,3.0,80.0,0.8750155763239876,0.856192236598891
8.0,1.0,3.0,128.0,0.8585669781931464,0.8417744916820702
8.0,1.0,5.0,2.0,0.9042990654205607,0.8728280961182995
8.0,1.0,5.0,3.0,0.9042990654205607,0.8728280961182995
8.0,1.0,5.0,5.0,0.9042990654205607,0.8728280961182995
8.0,1.0,5.0,8.0,0.9042990654205607,0.8728280961182995
8.0,1.0,5.0,12.0,0.9034267912772584,0.8735674676524955
8.0,1.0,5.0,20.0,0.8978193146417446,0.8706099815157117
8.0,1.0,5.0,32.0,0.8918380062305296,0.867652495378928
8.0,1.0,5.0,50.0,0.8844859813084114,0.8628465804066543
8.0,1.0,5.0,80.0,0.8745171339563864,0.855822550831793
8.0,1.0,5.0,128.0,0.8579439252336449,0.8402957486136783
8.0,1.0,7.0,2.0,0.8998130841121496,0.8713493530499076
8.0,1.0,7.0,3.0,0.8998130841121496,0.8713493530499076
8.0,1.0,7.0,5.0,0.8998130841121496,0.8713493530499076
8.0,1.0,7.0,8.0,0.8998130841121496,0.8713493530499076
8.0,1.0,7.0,12.0,0.8998130841121496,0.8713493530499076
8.0,1.0,7.0,20.0,0.8963239875389408,0.8706099815157117
8.0,1.0,7.0,32.0,0.8908411214953272,0.86728280961183
8.0,1.0,7.0,50.0,0.8829906542056074,0.8635859519408502
8.0,1.0,7.0,80.0,0.8738940809968847,0.855083179297597
8.0,1.0,7.0,128.0,0.8575700934579439,0.8395563770794825
8.0,1.0,9.0,2.0,0.8959501557632399,0.8709796672828096
8.0,1.0,9.0,3.0,0.8959501557632399,0.8709796672828096
8.0,1.0,9.0,5.0,0.8959501557632399,0.8709796672828096
8.0,1.0,9.0,8.0,0.8959501557632399,0.8709796672828096
8.0,1.0,9.0,12.0,0.8959501557632399,0.8709796672828096
8.0,1.0,9.0,20.0,0.8957009345794393,0.8698706099815157
8.0,1.0,9.0,32.0,0.8887227414330218,0.8683918669131238
8.0,1.0,9.0,50.0,0.8817445482866043,0.8650646950092421
8.0,1.0,9.0,80.0,0.8730218068535824,0.855083179297597
8.0,1.0,9.0,128.0,0.8581931464174455,0.8399260628465803
8.0,1.0,11.0,2.0,0.8922118380062305,0.8683918669131238
8.0,1.0,11.0,3.0,0.8922118380062305,0.8683918669131238
8.0,1.0,11.0,5.0,0.8922118380062305,0.8683918669131238
8.0,1.0,11.0,8.0,0.8922118380062305,0.8683918669131238
8.0,1.0,11.0,12.0,0.8922118380062305,0.8683918669131238
8.0,1.0,11.0,20.0,0.8922118380062305,0.8683918669131238
8.0,1.0,11.0,32.0,0.8885981308411214,0.86728280961183
8.0,1.0,11.0,50.0,0.881619937694704,0.8654343807763402
8.0,1.0,11.0,80.0,0.8726479750778816,0.855083179297597
8.0,1.0,11.0,128.0,0.857196261682243,0.8402957486136783
8.0,1.0,13.0,2.0,0.8895950155763239,0.8669131238447321
8.0,1.0,13.0,3.0,0.8895950155763239,0.8669131238447321
8.0,1.0,13.0,5.0,0.8895950155763239,0.8669131238447321
8.0,1.0,13.0,8.0,0.8895950155763239,0.8669131238447321
8.0,1.0,13.0,12.0,0.8895950155763239,0.8669131238447321
8.0,1.0,13.0,20.0,0.8895950155763239,0.8669131238447321
8.0,1.0,13.0,32.0,0.8877258566978193,0.867652495378928
8.0,1.0,13.0,50.0,0.8818691588785047,0.8654343807763402
8.0,1.0,13.0,80.0,0.8716510903426791,0.8536044362292052
8.0,1.0,13.0,128.0,0.8570716510903427,0.8380776340110906
8.0,1.0,15.0,2.0,0.8877258566978193,0.866543438077634
8.0,1.0,15.0,3.0,0.8877258566978193,0.866543438077634
8.0,1.0,15.0,5.0,0.8877258566978193,0.866543438077634
8.0,1.0,15.0,8.0,0.8877258566978193,0.866543438077634
8.0,1.0,15.0,12.0,0.8877258566978193,0.866543438077634
8.0,1.0,15.0,20.0,0.8877258566978193,0.866543438077634
8.0,1.0,15.0,32.0,0.8871028037383178,0.8669131238447321
8.0,1.0,15.0,50.0,0.8821183800623054,0.867652495378928
8.0,1.0,15.0,80.0,0.8716510903426791,0.8539741219963031
8.0,1.0,15.0,128.0,0.8564485981308412,0.8388170055452864
8.0,1.0,17.0,2.0,0.885233644859813,0.866543438077634
8.0,1.0,17.0,3.0,0.885233644859813,0.866543438077634
8.0,1.0,17.0,5.0,0.885233644859813,0.866543438077634
8.0,1.0,17.0,8.0,0.885233644859813,0.866543438077634
8.0,1.0,17.0,12.0,0.885233644859813,0.866543438077634
8.0,1.0,17.0,20.0,0.885233644859813,0.866543438077634
8.0,1.0,17.0,32.0,0.885233644859813,0.866543438077634
8.0,1.0,17.0,50.0,0.8827414330218069,0.8646950092421442
8.0,1.0,17.0,80.0,0.8699065420560748,0.8539741219963032
8.0,1.0,17.0,128.0,0.8561993769470405,0.8395563770794825
8.0,1.0,20.0,2.0,0.8824922118380062,0.8639556377079483
8.0,1.0,20.0,3.0,0.8824922118380062,0.8639556377079483
8.0,1.0,20.0,5.0,0.8824922118380062,0.8639556377079483
8.0,1.0,20.0,8.0,0.8824922118380062,0.8639556377079483
8.0,1.0,20.0,12.0,0.8824922118380062,0.8639556377079483
8.0,1.0,20.0,20.0,0.8824922118380062,0.8639556377079483
8.0,1.0,20.0,32.0,0.8824922118380062,0.8639556377079483
8.0,1.0,20.0,50.0,0.8814953271028039,0.8639556377079483
8.0,1.0,20.0,80.0,0.8677881619937695,0.8532347504621072
8.0,1.0,20.0,128.0,0.8542056074766355,0.8380776340110906
13.0,0.0,1.0,2.0,0.9570093457943925,0.8920517560073937
13.0,0.0,1.0,3.0,0.9561370716510904,0.8909426987060998
13.0,0.0,1.0,5.0,0.9502803738317758,0.8913123844731977
13.0,0.0,1.0,8.0,0.9456697819314641,0.8898336414048058
13.0,0.0,1.0,12.0,0.9385669781931464,0.8857670979667283
13.0,0.0,1.0,20.0,0.9271028037383177,0.8824399260628466
13.0,0.0,1.0,32.0,0.9161370716510904,0.876894639556377
13.0,0.0,1.0,50.0,0.9009345794392523,0.8695009242144177
13.0,0.0,1.0,80.0,0.8841121495327103,0.8598890942698706
13.0,0.0,1.0,128.0,0.8689096573208722,0.8484288354898336
13.0,0.0,3.0,2.0,0.9401869158878504,0.8868761552680222
13.0,0.0,3.0,3.0,0.9401869158878504,0.8868761552680222
13.0,0.0,3.0,5.0,0.9401869158878504,0.8868761552680222
13.0,0.0,3.0,8.0,0.9385669781931464,0.8850277264325322
13.0,0.0,3.0,12.0,0.9305919003115264,0.8835489833641403
13.0,0.0,3.0,20.0,0.9229906542056074,0.8765249537892791
13.0,0.0,3.0,32.0,0.9131464174454829,0.8750462107208872
13.0,0.0,3.0,50.0,0.8990654205607477,0.8717190388170055
13.0,0.0,3.0,80.0,0.8828660436137072,0.8591497227356747
13.0,0.0,3.0,128.0,0.8679127725856699,0.8491682070240296
13.0,0.0,5.0,2.0,0.9277258566978194,0.8817005545286506
13.0,0.0,5.0,3.0,0.9277258566978194,0.8817005545286506
13.0,0.0,5.0,5.0,0.9277258566978194,0.8817005545286506
13.0,0.0,5.0,8.0,0.9277258566978194,0.8817005545286506
13.0,0.0,5.0,12.0,0.925981308411215,0.8817005545286506
13.0,0.0,5.0,20.0,0.9206230529595014,0.8754158964879852
13.0,0.0,5.0,32.0,0.9094080996884735,0.8746765249537892
13.0,0.0,5.0,50.0,0.8958255451713395,0.8683918669131238
13.0,0.0,5.0,80.0,0.8803738317757009,0.8591497227356747
13.0,0.0,5.0,128.0,0.8666666666666668,0.8476894639556377
13.0,0.0,7.0,2.0,0.9191277258566979,0.8794824399260628
13.0,0.0,7.0,3.0,0.9191277258566979,0.8794824399260628
13.0,0.0,7.0,5.0,0.9191277258566979,0.8794824399260628
13.0,0.0,7.0,8.0,0.9191277258566979,0.8794824399260628
13.0,0.0,7.0,12.0,0.9191277258566979,0.8794824399260628
13.0,0.0,7.0,20.0,0.9167601246105919,0.876894639556377
13.0,0.0,7.0,32.0,0.9070404984423674,0.8735674676524955
13.0,0.0,7.0,50.0,0.8947040498442368,0.867652495378928
13.0,0.0,7.0,80.0,0.8790031152647975,0.8591497227356747
13.0,0.0,7.0,128.0,0.8660436137071651,0.8480591497227357
13.0,0.0,9.0,2.0,0.9138940809968847,0.8761552680221811
13.0,0.0,9.0,3.0,0.9138940809968847,0.8761552680221811
13.0,0.0,9.0,5.0,0.9138940809968847,0.8761552680221811
13.0,0.0,9.0,8.0,0.9138940809968847,0.8761552680221811
13.0,0.0,9.0,12.0,0.9138940809968847,0.8761552680221811
13.0,0.0,9.0,20.0,0.9137694704049844,0.8728280961182995
13.0,0.0,9.0,32.0,0.9040498442367602,0.8717190388170055
13.0,0.0,9.0,50.0,0.8920872274143303,0.8680221811460258
13.0,0.0,9.0,80.0,0.8787538940809968,0.8598890942698706
13.0,0.0,9.0,128.0,0.8654205607476635,0.8465804066543438
13.0,0.0,11.0,2.0,0.906791277258567,0.8728280961182995
13.0,0.0,11.0,3.0,0.906791277258567,0.8728280961182995
13.0,0.0,11.0,5.0,0.906791277258567,0.8728280961182995
13.0,0.0,11.0,8.0,0.906791277258567,0.8728280961182995
13.0,0.0,11.0,12.0,0.906791277258567,0.8728280961182995
13.0,0.0,11.0,20.0,0.906791277258567,0.8728280961182995
13.0,0.0,11.0,32.0,0.902803738317757,0.8731977818853973
13.0,0.0,11.0,50.0,0.8912149532710281,0.8680221811460258
13.0,0.0,11.0,80.0,0.8780062305295949,0.8591497227356747
13.0,0.0,11.0,128.0,0.8652959501557632,0.8465804066543438
13.0,0.0,13.0,2.0,0.9018068535825545,0.867652495378928
13.0,0.0,13.0,3.0,0.9018068535825545,0.867652495378928
13.0,0.0,13.0,5.0,0.9018068535825545,0.867652495378928
13.0,0.0,13.0,8.0,0.9018068535825545,0.867652495378928
13.0,0.0,13.0,12.0,0.9018068535825545,0.867652495378928
13.0,0.0,13.0,20.0,0.9018068535825545,0.867652495378928
13.0,0.0,13.0,32.0,0.8970716510903427,0.8698706099815157
13.0,0.0,13.0,50.0,0.8884735202492212,0.8654343807763402
13.0,0.0,13.0,80.0,0.8753894080996885,0.8576709796672828
13.0,0.0,13.0,128.0,0.8652959501557632,0.8454713493530498
13.0,0.0,15.0,2.0,0.8959501557632399,0.8680221811460258
13.0,0.0,15.0,3.0,0.8959501557632399,0.8680221811460258
13.0,0.0,15.0,5.0,0.8959501557632399,0.8680221811460258
13.0,0.0,15.0,8.0,0.8959501557632399,0.8680221811460258
13.0,0.0,15.0,12.0,0.8959501557632399,0.8680221811460258
13.0,0.0,15.0,20.0,0.8959501557632399,0.8680221811460258
13.0,0.0,15.0,32.0,0.896822429906542,0.86728280961183
13.0,0.0,15.0,50.0,0.8872274143302181,0.8650646950092421
13.0,0.0,15.0,80.0,0.874766355140187,0.856192236598891
13.0,0.0,15.0,128.0,0.8639252336448597,0.8451016635859518
13.0,0.0,17.0,2.0,0.8928348909657322,0.8654343807763402
13.0,0.0,17.0,3.0,0.8928348909657322,0.8654343807763402
13.0,0.0,17.0,5.0,0.8928348909657322,0.8654343807763402
13.0,0.0,17.0,8.0,0.8928348909657322,0.8654343807763402
13.0,0.0,17.0,12.0,0.8928348909657322,0.8654343807763402
13.0,0.0,17.0,20.0,0.8928348909657322,0.8654343807763402
13.0,0.0,17.0,32.0,0.8928348909657322,0.8654343807763402
13.0,0.0,17.0,50.0,0.8854828660436137,0.8635859519408502
13.0,0.0,17.0,80.0,0.874766355140187,0.8569316081330868
13.0,0.0,17.0,128.0,0.8625545171339564,0.844731977818854
13.0,0.0,20.0,2.0,0.8858566978193145,0.8654343807763402
13.0,0.0,20.0,3.0,0.8858566978193145,0.8654343807763402
13.0,0.0,20.0,5.0,0.8858566978193145,0.8654343807763402
13.0,0.0,20.0,8.0,0.8858566978193145,0.8654343807763402
13.0,0.0,20.0,12.0,0.8858566978193145,0.8654343807763402
13.0,0.0,20.0,20.0,0.8858566978193145,0.8654343807763402
13.0,0.0,20.0,32.0,0.8858566978193145,0.8654343807763402
13.0,0.0,20.0,50.0,0.8827414330218069,0.8646950092421442
13.0,0.0,20.0,80.0,0.8716510903426791,0.857301293900185
13.0,0.0,20.0,128.0,0.8610591900311526,0.8417744916820702
13.0,0.11111111,1.0,2.0,0.9570093457943925,0.8920517560073937
13.0,0.11111111,1.0,3.0,0.9561370716510904,0.8909426987060998
13.0,0.11111111,1.0,5.0,0.9502803738317758,0.8913123844731977
13.0,0.11111111,1.0,8.0,0.9456697819314641,0.8898336414048058
13.0,0.11111111,1.0,12.0,0.9385669781931464,0.8857670979667283
13.0,0.11111111,1.0,20.0,0.9271028037383177,0.8824399260628466
13.0,0.11111111,1.0,32.0,0.9161370716510904,0.876894639556377
13.0,0.11111111,1.0,50.0,0.9009345794392523,0.8695009242144177
13.0,0.11111111,1.0,80.0,0.8841121495327103,0.8598890942698706
13.0,0.11111111,1.0,128.0,0.8689096573208722,0.8484288354898336
13.0,0.11111111,3.0,2.0,0.9401869158878504,0.8868761552680222
13.0,0.11111111,3.0,3.0,0.9401869158878504,0.8868761552680222
13.0,0.11111111,3.0,5.0,0.9401869158878504,0.8868761552680222
13.0,0.11111111,3.0,8.0,0.9385669781931464,0.8850277264325322
13.0,0.11111111,3.0,12.0,0.9305919003115264,0.8835489833641403
13.0,0.11111111,3.0,20.0,0.9229906542056074,0.8765249537892791
13.0,0.11111111,3.0,32.0,0.9131464174454829,0.8750462107208872
13.0,0.11111111,3.0,50.0,0.8990654205607477,0.8717190388170055
13.0,0.11111111,3.0,80.0,0.8828660436137072,0.8591497227356747
13.0,0.11111111,3.0,128.0,0.8679127725856699,0.8491682070240296
13.0,0.11111111,5.0,2.0,0.9277258566978194,0.8817005545286506
13.0,0.11111111,5.0,3.0,0.9277258566978194,0.8817005545286506
13.0,0.11111111,5.0,5.0,0.9277258566978194,0.8817005545286506
13.0,0.11111111,5.0,8.0,0.9277258566978194,0.8817005545286506
13.0,0.11111111,5.0,12.0,0.925981308411215,0.8817005545286506
13.0,0.11111111,5.0,20.0,0.9206230529595014,0.8754158964879852
13.0,0.11111111,5.0,32.0,0.9094080996884735,0.8746765249537892
13.0,0.11111111,5.0,50.0,0.8958255451713395,0.8683918669131238
13.0,0.11111111,5.0,80.0,0.8803738317757009,0.8591497227356747
13.0,0.11111111,5.0,128.0,0.8666666666666668,0.8476894639556377
13.0,0.11111111,7.0,2.0,0.9191277258566979,0.8794824399260628
13.0,0.11111111,7.0,3.0,0.9191277258566979,0.8794824399260628
13.0,0.11111111,7.0,5.0,0.9191277258566979,0.8794824399260628
13.0,0.11111111,7.0,8.0,0.9191277258566979,0.8794824399260628
13.0,0.11111111,7.0,12.0,0.9191277258566979,0.8794824399260628
13.0,0.11111111,7.0,20.0,0.9167601246105919,0.876894639556377
13.0,0.11111111,7.0,32.0,0.9070404984423674,0.8735674676524955
13.0,0.11111111,7.0,50.0,0.8947040498442368,0.867652495378928
13.0,0.11111111,7.0,80.0,0.8790031152647975,0.8591497227356747
13.0,0.11111111,7.0,128.0,0.8660436137071651,0.8480591497227357
13.0,0.11111111,9.0,2.0,0.9138940809968847,0.8761552680221811
13.0,0.11111111,9.0,3.0,0.9138940809968847,0.8761552680221811
13.0,0.11111111,9.0,5.0,0.9138940809968847,0.8761552680221811
13.0,0.11111111,9.0,8.0,0.9138940809968847,0.8761552680221811
13.0,0.11111111,9.0,12.0,0.9138940809968847,0.8761552680221811
13.0,0.11111111,9.0,20.0,0.9137694704049844,0.8728280961182995
13.0,0.11111111,9.0,32.0,0.9040498442367602,0.8717190388170055
13.0,0.11111111,9.0,50.0,0.8920872274143303,0.8680221811460258
13.0,0.11111111,9.0,80.0,0.8787538940809968,0.8598890942698706
13.0,0.11111111,9.0,128.0,0.8654205607476635,0.8465804066543438
13.0,0.11111111,11.0,2.0,0.906791277258567,0.8728280961182995
13.0,0.11111111,11.0,3.0,0.906791277258567,0.8728280961182995
13.0,0.11111111,11.0,5.0,0.906791277258567,0.8728280961182995
13.0,0.11111111,11.0,8.0,0.906791277258567,0.8728280961182995
13.0,0.11111111,11.0,12.0,0.906791277258567,0.8728280961182995
13.0,0.11111111,11.0,20.0,0.906791277258567,0.8728280961182995
13.0,0.11111111,11.0,32.0,0.902803738317757,0.8731977818853973
13.0,0.11111111,11.0,50.0,0.8912149532710281,0.8680221811460258
13.0,0.11111111,11.0,80.0,0.8780062305295949,0.8591497227356747
13.0,0.11111111,11.0,128.0,0.8652959501557632,0.8465804066543438
13.0,0.11111111,13.0,2.0,0.9018068535825545,0.867652495378928
13.0,0.11111111,13.0,3.0,0.9018068535825545,0.867652495378928
13.0,0.11111111,13.0,5.0,0.9018068535825545,0.867652495378928
13.0,0.11111111,13.0,8.0,0.9018068535825545,0.867652495378928
13.0,0.11111111,13.0,12.0,0.9018068535825545,0.867652495378928
13.0,0.11111111,13.0,20.0,0.9018068535825545,0.867652495378928
13.0,0.11111111,13.0,32.0,0.8970716510903427,0.8698706099815157
13.0,0.11111111,13.0,50.0,0.8884735202492212,0.8654343807763402
13.0,0.11111111,13.0,80.0,0.8753894080996885,0.8576709796672828
13.0,0.11111111,13.0,128.0,0.8652959501557632,0.8454713493530498
13.0,0.11111111,15.0,2.0,0.8959501557632399,0.8680221811460258
13.0,0.11111111,15.0,3.0,0.8959501557632399,0.8680221811460258
13.0,0.11111111,15.0,5.0,0.8959501557632399,0.8680221811460258
13.0,0.11111111,15.0,8.0,0.8959501557632399,0.8680221811460258
13.0,0.11111111,15.0,12.0,0.8959501557632399,0.8680221811460258
13.0,0.11111111,15.0,20.0,0.8959501557632399,0.8680221811460258
13.0,0.11111111,15.0,32.0,0.896822429906542,0.86728280961183
13.0,0.11111111,15.0,50.0,0.8872274143302181,0.8650646950092421
13.0,0.11111111,15.0,80.0,0.874766355140187,0.856192236598891
13.0,0.11111111,15.0,128.0,0.8639252336448597,0.8451016635859518
13.0,0.11111111,17.0,2.0,0.8928348909657322,0.8654343807763402
13.0,0.11111111,17.0,3.0,0.8928348909657322,0.8654343807763402
13.0,0.11111111,17.0,5.0,0.8928348909657322,0.8654343807763402
13.0,0.11111111,17.0,8.0,0.8928348909657322,0.8654343807763402
13.0,0.11111111,17.0,12.0,0.8928348909657322,0.8654343807763402
13.0,0.11111111,17.0,20.0,0.8928348909657322,0.8654343807763402
13.0,0.11111111,17.0,32.0,0.8928348909657322,0.8654343807763402
13.0,0.11111111,17.0,50.0,0.8854828660436137,0.8635859519408502
13.0,0.11111111,17.0,80.0,0.874766355140187,0.8569316081330868
13.0,0.11111111,17.0,128.0,0.8625545171339564,0.844731977818854
13.0,0.11111111,20.0,2.0,0.8858566978193145,0.8654343807763402
13.0,0.11111111,20.0,3.0,0.8858566978193145,0.8654343807763402
13.0,0.11111111,20.0,5.0,0.8858566978193145,0.8654343807763402
13.0,0.11111111,20.0,8.0,0.8858566978193145,0.8654343807763402
13.0,0.11111111,20.0,12.0,0.8858566978193145,0.8654343807763402
13.0,0.11111111,20.0,20.0,0.8858566978193145,0.8654343807763402
13.0,0.11111111,20.0,32.0,0.8858566978193145,0.8654343807763402
13.0,0.11111111,20.0,50.0,0.8827414330218069,0.8646950092421442
13.0,0.11111111,20.0,80.0,0.8716510903426791,0.857301293900185
13.0,0.11111111,20.0,128.0,0.8610591900311526,0.8417744916820702
13.0,0.22222222,1.0,2.0,0.9570093457943925,0.8920517560073937
13.0,0.22222222,1.0,3.0,0.9561370716510904,0.8909426987060998
13.0,0.22222222,1.0,5.0,0.9502803738317758,0.8913123844731977
13.0,0.22222222,1.0,8.0,0.9456697819314641,0.8898336414048058
13.0,0.22222222,1.0,12.0,0.9385669781931464,0.8857670979667283
13.0,0.22222222,1.0,20.0,0.9271028037383177,0.8824399260628466
13.0,0.22222222,1.0,32.0,0.9161370716510904,0.876894639556377
13.0,0.22222222,1.0,50.0,0.9009345794392523,0.8695009242144177
13.0,0.22222222,1.0,80.0,0.8841121495327103,0.8598890942698706
13.0,0.22222222,1.0,128.0,0.8689096573208722,0.8484288354898336
13.0,0.22222222,3.0,2.0,0.9401869158878504,0.8868761552680222
13.0,0.22222222,3.0,3.0,0.9401869158878504,0.8868761552680222
13.0,0.22222222,3.0,5.0,0.9401869158878504,0.8868761552680222
13.0,0.22222222,3.0,8.0,0.9385669781931464,0.8850277264325322
13.0,0.22222222,3.0,12.0,0.9305919003115264,0.8835489833641403
13.0,0.22222222,3.0,20.0,0.9229906542056074,0.8765249537892791
13.0,0.22222222,3.0,32.0,0.9131464174454829,0.8750462107208872
13.0,0.22222222,3.0,50.0,0.8990654205607477,0.8717190388170055
13.0,0.22222222,3.0,80.0,0.8828660436137072,0.8591497227356747
13.0,0.22222222,3.0,128.0,0.8679127725856699,0.8491682070240296
13.0,0.22222222,5.0,2.0,0.9277258566978194,0.8817005545286506
13.0,0.22222222,5.0,3.0,0.9277258566978194,0.8817005545286506
13.0,0.22222222,5.0,5.0,0.9277258566978194,0.8817005545286506
13.0,0.22222222,5.0,8.0,0.9277258566978194,0.8817005545286506
13.0,0.22222222,5.0,12.0,0.925981308411215,0.8817005545286506
13.0,0.22222222,5.0,20.0,0.9206230529595014,0.8754158964879852
13.0,0.22222222,5.0,32.0,0.9094080996884735,0.8746765249537892
13.0,0.22222222,5.0,50.0,0.8958255451713395,0.8683918669131238
13.0,0.22222222,5.0,80.0,0.8803738317757009,0.8591497227356747
13.0,0.22222222,5.0,128.0,0.8666666666666668,0.8476894639556377
13.0,0.22222222,7.0,2.0,0.9191277258566979,0.8794824399260628
13.0,0.22222222,7.0,3.0,0.9191277258566979,0.8794824399260628
13.0,0.22222222,7.0,5.0,0.9191277258566979,0.8794824399260628
13.0,0.22222222,7.0,8.0,0.9191277258566979,0.8794824399260628
13.0,0.22222222,7.0,12.0,0.9191277258566979,0.8794824399260628
13.0,0.22222222,7.0,20.0,0.9167601246105919,0.876894639556377
13.0,0.22222222,7.0,32.0,0.9070404984423674,0.8735674676524955
13.0,0.22222222,7.0,50.0,0.8947040498442368,0.867652495378928
13.0,0.22222222,7.0,80.0,0.8790031152647975,0.8591497227356747
13.0,0.22222222,7.0,128.0,0.8660436137071651,0.8480591497227357
13.0,0.22222222,9.0,2.0,0.9138940809968847,0.8761552680221811
13.0,0.22222222,9.0,3.0,0.9138940809968847,0.8761552680221811
13.0,0.22222222,9.0,5.0,0.9138940809968847,0.8761552680221811
13.0,0.22222222,9.0,8.0,0.9138940809968847,0.8761552680221811
13.0,0.22222222,9.0,12.0,0.9138940809968847,0.8761552680221811
13.0,0.22222222,9.0,20.0,0.9137694704049844,0.8728280961182995
13.0,0.22222222,9.0,32.0,0.9040498442367602,0.8717190388170055
13.0,0.22222222,9.0,50.0,0.8920872274143303,0.8680221811460258
13.0,0.22222222,9.0,80.0,0.8787538940809968,0.8598890942698706
13.0,0.22222222,9.0,128.0,0.8654205607476635,0.8465804066543438
13.0,0.22222222,11.0,2.0,0.906791277258567,0.8728280961182995
13.0,0.22222222,11.0,3.0,0.906791277258567,0.8728280961182995
13.0,0.22222222,11.0,5.0,0.906791277258567,0.8728280961182995
13.0,0.22222222,11.0,8.0,0.906791277258567,0.8728280961182995
13.0,0.22222222,11.0,12.0,0.906791277258567,0.8728280961182995
13.0,0.22222222,11.0,20.0,0.906791277258567,0.8728280961182995
13.0,0.22222222,11.0,32.0,0.902803738317757,0.8731977818853973
13.0,0.22222222,11.0,50.0,0.8912149532710281,0.8680221811460258
13.0,0.22222222,11.0,80.0,0.8780062305295949,0.8591497227356747
13.0,0.22222222,11.0,128.0,0.8652959501557632,0.8465804066543438
13.0,0.22222222,13.0,2.0,0.9018068535825545,0.867652495378928
13.0,0.22222222,13.0,3.0,0.9018068535825545,0.867652495378928
13.0,0.22222222,13.0,5.0,0.9018068535825545,0.867652495378928
13.0,0.22222222,13.0,8.0,0.9018068535825545,0.867652495378928
13.0,0.22222222,13.0,12.0,0.9018068535825545,0.867652495378928
13.0,0.22222222,13.0,20.0,0.9018068535825545,0.867652495378928
13.0,0.22222222,13.0,32.0,0.8970716510903427,0.8698706099815157
13.0,0.22222222,13.0,50.0,0.8884735202492212,0.8654343807763402
13.0,0.22222222,13.0,80.0,0.8753894080996885,0.8576709796672828
13.0,0.22222222,13.0,128.0,0.8652959501557632,0.8454713493530498
13.0,0.22222222,15.0,2.0,0.8959501557632399,0.8680221811460258
13.0,0.22222222,15.0,3.0,0.8959501557632399,0.8680221811460258
13.0,0.22222222,15.0,5.0,0.8959501557632399,0.8680221811460258
13.0,0.22222222,15.0,8.0,0.8959501557632399,0.8680221811460258
13.0,0.22222222,15.0,12.0,0.8959501557632399,0.8680221811460258
13.0,0.22222222,15.0,20.0,0.8959501557632399,0.8680221811460258
13.0,0.22222222,15.0,32.0,0.896822429906542,0.86728280961183
13.0,0.22222222,15.0,50.0,0.8872274143302181,0.8650646950092421
13.0,0.22222222,15.0,80.0,0.874766355140187,0.856192236598891
13.0,0.22222222,15.0,128.0,0.8639252336448597,0.8451016635859518
13.0,0.22222222,17.0,2.0,0.8928348909657322,0.8654343807763402
13.0,0.22222222,17.0,3.0,0.8928348909657322,0.8654343807763402
13.0,0.22222222,17.0,5.0,0.8928348909657322,0.8654343807763402
13.0,0.22222222,17.0,8.0,0.8928348909657322,0.8654343807763402
13.0,0.22222222,17.0,12.0,0.8928348909657322,0.8654343807763402
13.0,0.22222222,17.0,20.0,0.8928348909657322,0.8654343807763402
13.0,0.22222222,17.0,32.0,0.8928348909657322,0.8654343807763402
13.0,0.22222222,17.0,50.0,0.8854828660436137,0.8635859519408502
13.0,0.22222222,17.0,80.0,0.874766355140187,0.8569316081330868
13.0,0.22222222,17.0,128.0,0.8625545171339564,0.844731977818854
13.0,0.22222222,20.0,2.0,0.8858566978193145,0.8654343807763402
13.0,0.22222222,20.0,3.0,0.8858566978193145,0.8654343807763402
13.0,0.22222222,20.0,5.0,0.8858566978193145,0.8654343807763402
13.0,0.22222222,20.0,8.0,0.8858566978193145,0.8654343807763402
13.0,0.22222222,20.0,12.0,0.8858566978193145,0.8654343807763402
13.0,0.22222222,20.0,20.0,0.8858566978193145,0.8654343807763402
13.0,0.22222222,20.0,32.0,0.8858566978193145,0.8654343807763402
13.0,0.22222222,20.0,50.0,0.8827414330218069,0.8646950092421442
13.0,0.22222222,20.0,80.0,0.8716510903426791,0.857301293900185
13.0,0.22222222,20.0,128.0,0.8610591900311526,0.8417744916820702
13.0,0.33333334,1.0,2.0,0.96,0.8927911275415896
13.0,0.33333334,1.0,3.0,0.9581308411214954,0.8931608133086876
13.0,0.33333334,1.0,5.0,0.9565109034267912,0.8924214417744917
13.0,0.33333334,1.0,8.0,0.9501557632398754,0.8927911275415896
13.0,0.33333334,1.0,12.0,0.9434267912772587,0.8879852125693161
13.0,0.33333334,1.0,20.0,0.9309657320872274,0.8861367837338262
13.0,0.33333334,1.0,32.0,0.9206230529595014,0.879112754158965
13.0,0.33333334,1.0,50.0,0.9039252336448598,0.8728280961182995
13.0,0.33333334,1.0,80.0,0.8849844236760125,0.8628465804066543
13.0,0.33333334,1.0,128.0,0.8686604361370716,0.8547134935304991
13.0,0.33333334,3.0,2.0,0.9447975077881621,0.8887245841035121
13.0,0.33333334,3.0,3.0,0.9447975077881621,0.8887245841035121
13.0,0.33333334,3.0,5.0,0.9447975077881621,0.8887245841035121
13.0,0.33333334,3.0,8.0,0.9423052959501558,0.88909426987061
13.0,0.33333334,3.0,12.0,0.9361993769470406,0.8853974121996304
13.0,0.33333334,3.0,20.0,0.9251090342679127,0.8831792975970425
13.0,0.33333334,3.0,32.0,0.9155140186915889,0.8783733826247688
13.0,0.33333334,3.0,50.0,0.9014330218068537,0.8717190388170055
13.0,0.33333334,3.0,80.0,0.8832398753894081,0.8650646950092421
13.0,0.33333334,3.0,128.0,0.8691588785046729,0.8569316081330868
13.0,0.33333334,5.0,2.0,0.932834890965732,0.8861367837338262
13.0,0.33333334,5.0,3.0,0.932834890965732,0.8861367837338262
13.0,0.33333334,5.0,5.0,0.932834890965732,0.8861367837338262
13.0,0.33333334,5.0,8.0,0.932834890965732,0.8861367837338262
13.0,0.33333334,5.0,12.0,0.9307165109034268,0.8842883548983365
13.0,0.33333334,5.0,20.0,0.9226168224299066,0.8850277264325325
13.0,0.33333334,5.0,32.0,0.9135202492211839,0.8805914972273567
13.0,0.33333334,5.0,50.0,0.9001869158878504,0.8720887245841036
13.0,0.33333334,5.0,80.0,0.8832398753894081,0.8643253234750462
13.0,0.33333334,5.0,128.0,0.8682866043613707,0.8565619223659888
13.0,0.33333334,7.0,2.0,0.9249844236760124,0.8820702402957487
13.0,0.33333334,7.0,3.0,0.9249844236760124,0.8820702402957487
13.0,0.33333334,7.0,5.0,0.9249844236760124,0.8820702402957487
13.0,0.33333334,7.0,8.0,0.9249844236760124,0.8820702402957487
13.0,0.33333334,7.0,12.0,0.9249844236760124,0.8820702402957487
13.0,0.33333334,7.0,20.0,0.9193769470404984,0.8809611829944547
13.0,0.33333334,7.0,32.0,0.910031152647975,0.8750462107208872
13.0,0.33333334,7.0,50.0,0.8976947040498443,0.8717190388170055
13.0,0.33333334,7.0,80.0,0.8828660436137072,0.8632162661737522
13.0,0.33333334,7.0,128.0,0.8662928348909658,0.8543438077634011
13.0,0.33333334,9.0,2.0,0.9185046728971962,0.8817005545286506
13.0,0.33333334,9.0,3.0,0.9185046728971962,0.8817005545286506
13.0,0.33333334,9.0,5.0,0.9185046728971962,0.8817005545286506
13.0,0.33333334,9.0,8.0,0.9185046728971962,0.8817005545286506
13.0,0.33333334,9.0,12.0,0.9185046728971962,0.8817005545286506
13.0,0.33333334,9.0,20.0,0.9165109034267912,0.8809611829944547
13.0,0.33333334,9.0,32.0,0.9081619937694704,0.876894639556377
13.0,0.33333334,9.0,50.0,0.8949532710280375,0.8724584103512015
13.0,0.33333334,9.0,80.0,0.8823676012461059,0.8621072088724585
13.0,0.33333334,9.0,128.0,0.8665420560747664,0.8521256931608132
13.0,0.33333334,11.0,2.0,0.9115264797507787,0.8794824399260628
13.0,0.33333334,11.0,3.0,0.9115264797507787,0.8794824399260628
13.0,0.33333334,11.0,5.0,0.9115264797507787,0.8794824399260628
13.0,0.33333334,11.0,8.0,0.9115264797507787,0.8794824399260628
13.0,0.33333334,11.0,12.0,0.9115264797507787,0.8794824399260628
13.0,0.33333334,11.0,20.0,0.9115264797507787,0.8794824399260628
13.0,0.33333334,11.0,32.0,0.9054205607476635,0.8728280961182995
13.0,0.33333334,11.0,50.0,0.895202492211838,0.8706099815157117
13.0,0.33333334,11.0,80.0,0.8797507788161993,0.8621072088724585
13.0,0.33333334,11.0,128.0,0.8670404984423676,0.8539741219963031
13.0,0.33333334,13.0,2.0,0.9082866043613708,0.8735674676524955
13.0,0.33333334,13.0,3.0,0.9082866043613708,0.8735674676524955
13.0,0.33333334,13.0,5.0,0.9082866043613708,0.8735674676524955
13.0,0.33333334,13.0,8.0,0.9082866043613708,0.8735674676524955
13.0,0.33333334,13.0,12.0,0.9082866043613708,0.8735674676524955
13.0,0.33333334,13.0,20.0,0.9082866043613708,0.8735674676524955
13.0,0.33333334,13.0,32.0,0.904797507788162,0.8713493530499076
13.0,0.33333334,13.0,50.0,0.8934579439252337,0.8691312384473198
13.0,0.33333334,13.0,80.0,0.8788785046728972,0.8606284658040666
13.0,0.33333334,13.0,128.0,0.8672897196261683,0.8524953789279113
13.0,0.33333334,15.0,2.0,0.9009345794392523,0.8698706099815157
13.0,0.33333334,15.0,3.0,0.9009345794392523,0.8698706099815157
13.0,0.33333334,15.0,5.0,0.9009345794392523,0.8698706099815157
13.0,0.33333334,15.0,8.0,0.9009345794392523,0.8698706099815157
13.0,0.33333334,15.0,12.0,0.9009345794392523,0.8698706099815157
13.0,0.33333334,15.0,20.0,0.9009345794392523,0.8698706099815157
13.0,0.33333334,15.0,32.0,0.9016822429906541,0.8706099815157117
13.0,0.33333334,15.0,50.0,0.8935825545171341,0.8683918669131238
13.0,0.33333334,15.0,80.0,0.878380062305296,0.8606284658040666
13.0,0.33333334,15.0,128.0,0.866791277258567,0.8517560073937153
13.0,0.33333334,17.0,2.0,0.8976947040498443,0.8702402957486136
13.0,0.33333334,17.0,3.0,0.8976947040498443,0.8702402957486136
13.0,0.33333334,17.0,5.0,0.8976947040498443,0.8702402957486136
13.0,0.33333334,17.0,8.0,0.8976947040498443,0.8702402957486136
13.0,0.33333334,17.0,12.0,0.8976947040498443,0.8702402957486136
13.0,0.33333334,17.0,20.0,0.8976947040498443,0.8702402957486136
13.0,0.33333334,17.0,32.0,0.8976947040498443,0.8702402957486136
13.0,0.33333334,17.0,50.0,0.8922118380062305,0.8669131238447321
13.0,0.33333334,17.0,80.0,0.8785046728971964,0.8595194085027726
13.0,0.33333334,17.0,128.0,0.8660436137071651,0.8510166358595195
13.0,0.33333334,20.0,2.0,0.8935825545171341,0.8661737523105361
13.0,0.33333334,20.0,3.0,0.8935825545171341,0.8661737523105361
13.0,0.33333334,20.0,5.0,0.8935825545171341,0.8661737523105361
13.0,0.33333334,20.0,8.0,0.8935825545171341,0.8661737523105361
13.0,0.33333334,20.0,12.0,0.8935825545171341,0.8661737523105361
13.0,0.33333334,20.0,20.0,0.8935825545171341,0.8661737523105361
13.0,0.33333334,20.0,32.0,0.8935825545171341,0.8661737523105361
13.0,0.33333334,20.0,50.0,0.8905919003115266,0.866543438077634
13.0,0.33333334,20.0,80.0,0.8762616822429907,0.8609981515711645
13.0,0.33333334,20.0,128.0,0.8654205607476635,0.8517560073937153
13.0,0.44444445,1.0,2.0,0.96,0.8927911275415896
13.0,0.44444445,1.0,3.0,0.9581308411214954,0.8931608133086876
13.0,0.44444445,1.0,5.0,0.9565109034267912,0.8924214417744917
13.0,0.44444445,1.0,8.0,0.9501557632398754,0.8927911275415896
13.0,0.44444445,1.0,12.0,0.9434267912772587,0.8879852125693161
13.0,0.44444445,1.0,20.0,0.9309657320872274,0.8861367837338262
13.0,0.44444445,1.0,32.0,0.9206230529595014,0.879112754158965
13.0,0.44444445,1.0,50.0,0.9039252336448598,0.8728280961182995
13.0,0.44444445,1.0,80.0,0.8849844236760125,0.8628465804066543
13.0,0.44444445,1.0,128.0,0.8686604361370716,0.8547134935304991
13.0,0.44444445,3.0,2.0,0.9447975077881621,0.8887245841035121
13.0,0.44444445,3.0,3.0,0.9447975077881621,0.8887245841035121
13.0,0.44444445,3.0,5.0,0.9447975077881621,0.8887245841035121
13.0,0.44444445,3.0,8.0,0.9423052959501558,0.88909426987061
13.0,0.44444445,3.0,12.0,0.9361993769470406,0.8853974121996304
13.0,0.44444445,3.0,20.0,0.9251090342679127,0.8831792975970425
13.0,0.44444445,3.0,32.0,0.9155140186915889,0.8783733826247688
13.0,0.44444445,3.0,50.0,0.9014330218068537,0.8717190388170055
13.0,0.44444445,3.0,80.0,0.8832398753894081,0.8650646950092421
13.0,0.44444445,3.0,128.0,0.8691588785046729,0.8569316081330868
13.0,0.44444445,5.0,2.0,0.932834890965732,0.8861367837338262
13.0,0.44444445,5.0,3.0,0.932834890965732,0.8861367837338262
13.0,0.44444445,5.0,5.0,0.932834890965732,0.8861367837338262
13.0,0.44444445,5.0,8.0,0.932834890965732,0.8861367837338262
13.0,0.44444445,5.0,12.0,0.9307165109034268,0.8842883548983365
13.0,0.44444445,5.0,20.0,0.9226168224299066,0.8850277264325325
13.0,0.44444445,5.0,32.0,0.9135202492211839,0.8805914972273567
13.0,0.44444445,5.0,50.0,0.9001869158878504,0.8720887245841036
13.0,0.44444445,5.0,80.0,0.8832398753894081,0.8643253234750462
13.0,0.44444445,5.0,128.0,0.8682866043613707,0.8565619223659888
13.0,0.44444445,7.0,2.0,0.9249844236760124,0.8820702402957487
13.0,0.44444445,7.0,3.0,0.9249844236760124,0.8820702402957487
13.0,0.44444445,7.0,5.0,0.9249844236760124,0.8820702402957487
13.0,0.44444445,7.0,8.0,0.9249844236760124,0.8820702402957487
13.0,0.44444445,7.0,12.0,0.9249844236760124,0.8820702402957487
13.0,0.44444445,7.0,20.0,0.9193769470404984,0.8809611829944547
13.0,0.44444445,7.0,32.0,0.910031152647975,0.8750462107208872
13.0,0.44444445,7.0,50.0,0.8976947040498443,0.8717190388170055
13.0,0.44444445,7.0,80.0,0.8828660436137072,0.8632162661737522
13.0,0.44444445,7.0,128.0,0.8662928348909658,0.8543438077634011
13.0,0.44444445,9.0,2.0,0.9185046728971962,0.8817005545286506
13.0,0.44444445,9.0,3.0,0.9185046728971962,0.8817005545286506
13.0,0.44444445,9.0,5.0,0.9185046728971962,0.8817005545286506
13.0,0.44444445,9.0,8.0,0.9185046728971962,0.8817005545286506
13.0,0.44444445,9.0,12.0,0.9185046728971962,0.8817005545286506
13.0,0.44444445,9.0,20.0,0.9165109034267912,0.8809611829944547
13.0,0.44444445,9.0,32.0,0.9081619937694704,0.876894639556377
13.0,0.44444445,9.0,50.0,0.8949532710280375,0.8724584103512015
13.0,0.44444445,9.0,80.0,0.8823676012461059,0.8621072088724585
13.0,0.44444445,9.0,128.0,0.8665420560747664,0.8521256931608132
13.0,0.44444445,11.0,2.0,0.9115264797507787,0.8794824399260628
13.0,0.44444445,11.0,3.0,0.9115264797507787,0.8794824399260628
13.0,0.44444445,11.0,5.0,0.9115264797507787,0.8794824399260628
13.0,0.44444445,11.0,8.0,0.9115264797507787,0.8794824399260628
13.0,0.44444445,11.0,12.0,0.9115264797507787,0.8794824399260628
13.0,0.44444445,11.0,20.0,0.9115264797507787,0.8794824399260628
13.0,0.44444445,11.0,32.0,0.9054205607476635,0.8728280961182995
13.0,0.44444445,11.0,50.0,0.895202492211838,0.8706099815157117
13.0,0.44444445,11.0,80.0,0.8797507788161993,0.8621072088724585
13.0,0.44444445,11.0,128.0,0.8670404984423676,0.8539741219963031
13.0,0.44444445,13.0,2.0,0.9082866043613708,0.8735674676524955
13.0,0.44444445,13.0,3.0,0.9082866043613708,0.8735674676524955
13.0,0.44444445,13.0,5.0,0.9082866043613708,0.8735674676524955
13.0,0.44444445,13.0,8.0,0.9082866043613708,0.8735674676524955
13.0,0.44444445,13.0,12.0,0.9082866043613708,0.8735674676524955
13.0,0.44444445,13.0,20.0,0.9082866043613708,0.8735674676524955
13.0,0.44444445,13.0,32.0,0.904797507788162,0.8713493530499076
13.0,0.44444445,13.0,50.0,0.8934579439252337,0.8691312384473198
13.0,0.44444445,13.0,80.0,0.8788785046728972,0.8606284658040666
13.0,0.44444445,13.0,128.0,0.8672897196261683,0.8524953789279113
13.0,0.44444445,15.0,2.0,0.9009345794392523,0.8698706099815157
13.0,0.44444445,15.0,3.0,0.9009345794392523,0.8698706099815157
13.0,0.44444445,15.0,5.0,0.9009345794392523,0.8698706099815157
13.0,0.44444445,15.0,8.0,0.9009345794392523,0.8698706099815157
13.0,0.44444445,15.0,12.0,0.9009345794392523,0.8698706099815157
13.0,0.44444445,15.0,20.0,0.9009345794392523,0.8698706099815157
13.0,0.44444445,15.0,32.0,0.9016822429906541,0.8706099815157117
13.0,0.44444445,15.0,50.0,0.8935825545171341,0.8683918669131238
13.0,0.44444445,15.0,80.0,0.878380062305296,0.8606284658040666
13.0,0.44444445,15.0,128.0,0.866791277258567,0.8517560073937153
13.0,0.44444445,17.0,2.0,0.8976947040498443,0.8702402957486136
13.0,0.44444445,17.0,3.0,0.8976947040498443,0.8702402957486136
13.0,0.44444445,17.0,5.0,0.8976947040498443,0.8702402957486136
13.0,0.44444445,17.0,8.0,0.8976947040498443,0.8702402957486136
13.0,0.44444445,17.0,12.0,0.8976947040498443,0.8702402957486136
13.0,0.44444445,17.0,20.0,0.8976947040498443,0.8702402957486136
13.0,0.44444445,17.0,32.0,0.8976947040498443,0.8702402957486136
13.0,0.44444445,17.0,50.0,0.8922118380062305,0.8669131238447321
13.0,0.44444445,17.0,80.0,0.8785046728971964,0.8595194085027726
13.0,0.44444445,17.0,128.0,0.8660436137071651,0.8510166358595195
13.0,0.44444445,20.0,2.0,0.8935825545171341,0.8661737523105361
13.0,0.44444445,20.0,3.0,0.8935825545171341,0.8661737523105361
13.0,0.44444445,20.0,5.0,0.8935825545171341,0.8661737523105361
13.0,0.44444445,20.0,8.0,0.8935825545171341,0.8661737523105361
13.0,0.44444445,20.0,12.0,0.8935825545171341,0.8661737523105361
13.0,0.44444445,20.0,20.0,0.8935825545171341,0.8661737523105361
13.0,0.44444445,20.0,32.0,0.8935825545171341,0.8661737523105361
13.0,0.44444445,20.0,50.0,0.8905919003115266,0.866543438077634
13.0,0.44444445,20.0,80.0,0.8762616822429907,0.8609981515711645
13.0,0.44444445,20.0,128.0,0.8654205607476635,0.8517560073937153
13.0,0.5555556,1.0,2.0,0.96,0.8927911275415896
13.0,0.5555556,1.0,3.0,0.9581308411214954,0.8931608133086876
13.0,0.5555556,1.0,5.0,0.9565109034267912,0.8924214417744917
13.0,0.5555556,1.0,8.0,0.9501557632398754,0.8927911275415896
13.0,0.5555556,1.0,12.0,0.9434267912772587,0.8879852125693161
13.0,0.5555556,1.0,20.0,0.9309657320872274,0.8861367837338262
13.0,0.5555556,1.0,32.0,0.9206230529595014,0.879112754158965
13.0,0.5555556,1.0,50.0,0.9039252336448598,0.8728280961182995
13.0,0.5555556,1.0,80.0,0.8849844236760125,0.8628465804066543
13.0,0.5555556,1.0,128.0,0.8686604361370716,0.8547134935304991
13.0,0.5555556,3.0,2.0,0.9447975077881621,0.8887245841035121
13.0,0.5555556,3.0,3.0,0.9447975077881621,0.8887245841035121
13.0,0.5555556,3.0,5.0,0.9447975077881621,0.8887245841035121
13.0,0.5555556,3.0,8.0,0.9423052959501558,0.88909426987061
13.0,0.5555556,3.0,12.0,0.9361993769470406,0.8853974121996304
13.0,0.5555556,3.0,20.0,0.9251090342679127,0.8831792975970425
13.0,0.5555556,3.0,32.0,0.9155140186915889,0.8783733826247688
13.0,0.5555556,3.0,50.0,0.9014330218068537,0.8717190388170055
13.0,0.5555556,3.0,80.0,0.8832398753894081,0.8650646950092421
13.0,0.5555556,3.0,128.0,0.8691588785046729,0.8569316081330868
13.0,0.5555556,5.0,2.0,0.932834890965732,0.8861367837338262
13.0,0.5555556,5.0,3.0,0.932834890965732,0.8861367837338262
13.0,0.5555556,5.0,5.0,0.932834890965732,0.8861367837338262
13.0,0.5555556,5.0,8.0,0.932834890965732,0.8861367837338262
13.0,0.5555556,5.0,12.0,0.9307165109034268,0.8842883548983365
13.0,0.5555556,5.0,20.0,0.9226168224299066,0.8850277264325325
13.0,0.5555556,5.0,32.0,0.9135202492211839,0.8805914972273567
13.0,0.5555556,5.0,50.0,0.9001869158878504,0.8720887245841036
13.0,0.5555556,5.0,80.0,0.8832398753894081,0.8643253234750462
13.0,0.5555556,5.0,128.0,0.8682866043613707,0.8565619223659888
13.0,0.5555556,7.0,2.0,0.9249844236760124,0.8820702402957487
13.0,0.5555556,7.0,3.0,0.9249844236760124,0.8820702402957487
13.0,0.5555556,7.0,5.0,0.9249844236760124,0.8820702402957487
13.0,0.5555556,7.0,8.0,0.9249844236760124,0.8820702402957487
13.0,0.5555556,7.0,12.0,0.9249844236760124,0.8820702402957487
13.0,0.5555556,7.0,20.0,0.9193769470404984,0.8809611829944547
13.0,0.5555556,7.0,32.0,0.910031152647975,0.8750462107208872
13.0,0.5555556,7.0,50.0,0.8976947040498443,0.8717190388170055
13.0,0.5555556,7.0,80.0,0.8828660436137072,0.8632162661737522
13.0,0.5555556,7.0,128.0,0.8662928348909658,0.8543438077634011
13.0,0.5555556,9.0,2.0,0.9185046728971962,0.8817005545286506
13.0,0.5555556,9.0,3.0,0.9185046728971962,0.8817005545286506
13.0,0.5555556,9.0,5.0,0.9185046728971962,0.8817005545286506
13.0,0.5555556,9.0,8.0,0.9185046728971962,0.8817005545286506
13.0,0.5555556,9.0,12.0,0.9185046728971962,0.8817005545286506
13.0,0.5555556,9.0,20.0,0.9165109034267912,0.8809611829944547
13.0,0.5555556,9.0,32.0,0.9081619937694704,0.876894639556377
13.0,0.5555556,9.0,50.0,0.8949532710280375,0.8724584103512015
13.0,0.5555556,9.0,80.0,0.8823676012461059,0.8621072088724585
13.0,0.5555556,9.0,128.0,0.8665420560747664,0.8521256931608132
13.0,0.5555556,11.0,2.0,0.9115264797507787,0.8794824399260628
13.0,0.5555556,11.0,3.0,0.9115264797507787,0.8794824399260628
13.0,0.5555556,11.0,5.0,0.9115264797507787,0.8794824399260628
13.0,0.5555556,11.0,8.0,0.9115264797507787,0.8794824399260628
13.0,0.5555556,11.0,12.0,0.9115264797507787,0.8794824399260628
13.0,0.5555556,11.0,20.0,0.9115264797507787,0.8794824399260628
13.0,0.5555556,11.0,32.0,0.9054205607476635,0.8728280961182995
13.0,0.5555556,11.0,50.0,0.895202492211838,0.8706099815157117
13.0,0.5555556,11.0,80.0,0.8797507788161993,0.8621072088724585
13.0,0.5555556,11.0,128.0,0.8670404984423676,0.8539741219963031
13.0,0.5555556,13.0,2.0,0.9082866043613708,0.8735674676524955
13.0,0.5555556,13.0,3.0,0.9082866043613708,0.8735674676524955
13.0,0.5555556,13.0,5.0,0.9082866043613708,0.8735674676524955
13.0,0.5555556,13.0,8.0,0.9082866043613708,0.8735674676524955
13.0,0.5555556,13.0,12.0,0.9082866043613708,0.8735674676524955
13.0,0.5555556,13.0,20.0,0.9082866043613708,0.8735674676524955
13.0,0.5555556,13.0,32.0,0.904797507788162,0.8713493530499076
13.0,0.5555556,13.0,50.0,0.8934579439252337,0.8691312384473198
13.0,0.5555556,13.0,80.0,0.8788785046728972,0.8606284658040666
13.0,0.5555556,13.0,128.0,0.8672897196261683,0.8524953789279113
13.0,0.5555556,15.0,2.0,0.9009345794392523,0.8698706099815157
13.0,0.5555556,15.0,3.0,0.9009345794392523,0.8698706099815157
13.0,0.5555556,15.0,5.0,0.9009345794392523,0.8698706099815157
13.0,0.5555556,15.0,8.0,0.9009345794392523,0.8698706099815157
13.0,0.5555556,15.0,12.0,0.9009345794392523,0.8698706099815157
13.0,0.5555556,15.0,20.0,0.9009345794392523,0.8698706099815157
13.0,0.5555556,15.0,32.0,0.9016822429906541,0.8706099815157117
13.0,0.5555556,15.0,50.0,0.8935825545171341,0.8683918669131238
13.0,0.5555556,15.0,80.0,0.878380062305296,0.8606284658040666
13.0,0.5555556,15.0,128.0,0.866791277258567,0.8517560073937153
13.0,0.5555556,17.0,2.0,0.8976947040498443,0.8702402957486136
13.0,0.5555556,17.0,3.0,0.8976947040498443,0.8702402957486136
13.0,0.5555556,17.0,5.0,0.8976947040498443,0.8702402957486136
13.0,0.5555556,17.0,8.0,0.8976947040498443,0.8702402957486136
13.0,0.5555556,17.0,12.0,0.8976947040498443,0.8702402957486136
13.0,0.5555556,17.0,20.0,0.8976947040498443,0.8702402957486136
13.0,0.5555556,17.0,32.0,0.8976947040498443,0.8702402957486136
13.0,0.5555556,17.0,50.0,0.8922118380062305,0.8669131238447321
13.0,0.5555556,17.0,80.0,0.8785046728971964,0.8595194085027726
13.0,0.5555556,17.0,128.0,0.8660436137071651,0.8510166358595195
13.0,0.5555556,20.0,2.0,0.8935825545171341,0.8661737523105361
13.0,0.5555556,20.0,3.0,0.8935825545171341,0.8661737523105361
13.0,0.5555556,20.0,5.0,0.8935825545171341,0.8661737523105361
13.0,0.5555556,20.0,8.0,0.8935825545171341,0.8661737523105361
13.0,0.5555556,20.0,12.0,0.8935825545171341,0.8661737523105361
13.0,0.5555556,20.0,20.0,0.8935825545171341,0.8661737523105361
13.0,0.5555556,20.0,32.0,0.8935825545171341,0.8661737523105361
13.0,0.5555556,20.0,50.0,0.8905919003115266,0.866543438077634
13.0,0.5555556,20.0,80.0,0.8762616822429907,0.8609981515711645
13.0,0.5555556,20.0,128.0,0.8654205607476635,0.8517560073937153
13.0,0.6666667,1.0,2.0,0.960373831775701,0.8939001848428836
13.0,0.6666667,1.0,3.0,0.96,0.8950092421441773
13.0,0.6666667,1.0,5.0,0.9562616822429906,0.8946395563770795
13.0,0.6666667,1.0,8.0,0.950031152647975,0.8913123844731977
13.0,0.6666667,1.0,12.0,0.9436760124610591,0.888354898336414
13.0,0.6666667,1.0,20.0,0.9312149532710281,0.8861367837338262
13.0,0.6666667,1.0,32.0,0.9185046728971964,0.8783733826247688
13.0,0.6666667,1.0,50.0,0.9046728971962616,0.8720887245841036
13.0,0.6666667,1.0,80.0,0.888847352024922,0.866543438077634
13.0,0.6666667,1.0,128.0,0.8712772585669782,0.8539741219963032
13.0,0.6666667,3.0,2.0,0.9466666666666667,0.88909426987061
13.0,0.6666667,3.0,3.0,0.9466666666666667,0.88909426987061
13.0,0.6666667,3.0,5.0,0.9466666666666667,0.88909426987061
13.0,0.6666667,3.0,8.0,0.9434267912772587,0.8905730129390019
13.0,0.6666667,3.0,12.0,0.9363239875389407,0.8876155268022181
13.0,0.6666667,3.0,20.0,0.9279750778816199,0.8839186691312385
13.0,0.6666667,3.0,32.0,0.9151401869158878,0.8754158964879852
13.0,0.6666667,3.0,50.0,0.9013084112149533,0.8724584103512015
13.0,0.6666667,3.0,80.0,0.8867289719626168,0.866543438077634
13.0,0.6666667,3.0,128.0,0.8702803738317757,0.8539741219963032
13.0,0.6666667,5.0,2.0,0.9343302180685358,0.8861367837338262
13.0,0.6666667,5.0,3.0,0.9343302180685358,0.8861367837338262
13.0,0.6666667,5.0,5.0,0.9343302180685358,0.8861367837338262
13.0,0.6666667,5.0,8.0,0.9343302180685358,0.8861367837338262
13.0,0.6666667,5.0,12.0,0.9323364485981308,0.8865064695009242
13.0,0.6666667,5.0,20.0,0.922866043613707,0.8817005545286506
13.0,0.6666667,5.0,32.0,0.9128971962616822,0.8768946395563771
13.0,0.6666667,5.0,50.0,0.9010591900311526,0.8713493530499076
13.0,0.6666667,5.0,80.0,0.8866043613707164,0.8658040665434381
13.0,0.6666667,5.0,128.0,0.8695327102803738,0.8536044362292052
13.0,0.6666667,7.0,2.0,0.924859813084112,0.8835489833641406
13.0,0.6666667,7.0,3.0,0.924859813084112,0.8835489833641406
13.0,0.6666667,7.0,5.0,0.924859813084112,0.8835489833641406
13.0,0.6666667,7.0,8.0,0.924859813084112,0.8835489833641406
13.0,0.6666667,7.0,12.0,0.924859813084112,0.8835489833641406
13.0,0.6666667,7.0,20.0,0.9191277258566979,0.8802218114602589
13.0,0.6666667,7.0,32.0,0.9107788161993768,0.8750462107208872
13.0,0.6666667,7.0,50.0,0.8995638629283489,0.8717190388170055
13.0,0.6666667,7.0,80.0,0.886355140186916,0.866543438077634
13.0,0.6666667,7.0,128.0,0.8695327102803738,0.8543438077634011
13.0,0.6666667,9.0,2.0,0.9172585669781931,0.878373382624769
13.0,0.6666667,9.0,3.0,0.9172585669781931,0.878373382624769
13.0,0.6666667,9.0,5.0,0.9172585669781931,0.878373382624769
13.0,0.6666667,9.0,8.0,0.9172585669781931,0.878373382624769
13.0,0.6666667,9.0,12.0,0.9172585669781931,0.878373382624769
13.0,0.6666667,9.0,20.0,0.9171339563862928,0.8802218114602589
13.0,0.6666667,9.0,32.0,0.9079127725856697,0.8735674676524953
13.0,0.6666667,9.0,50.0,0.8989408099688474,0.8713493530499076
13.0,0.6666667,9.0,80.0,0.8846105919003115,0.8643253234750462
13.0,0.6666667,9.0,128.0,0.8695327102803738,0.8539741219963032
13.0,0.6666667,11.0,2.0,0.9131464174454829,0.878743068391867
13.0,0.6666667,11.0,3.0,0.9131464174454829,0.878743068391867
13.0,0.6666667,11.0,5.0,0.9131464174454829,0.878743068391867
13.0,0.6666667,11.0,8.0,0.9131464174454829,0.878743068391867
13.0,0.6666667,11.0,12.0,0.9131464174454829,0.878743068391867
13.0,0.6666667,11.0,20.0,0.9131464174454829,0.878743068391867
13.0,0.6666667,11.0,32.0,0.9070404984423677,0.8750462107208872
13.0,0.6666667,11.0,50.0,0.8970716510903426,0.8706099815157117
13.0,0.6666667,11.0,80.0,0.8847352024922118,0.8661737523105361
13.0,0.6666667,11.0,128.0,0.868411214953271,0.8528650646950092
13.0,0.6666667,13.0,2.0,0.9090342679127726,0.8757855822550832
13.0,0.6666667,13.0,3.0,0.9090342679127726,0.8757855822550832
13.0,0.6666667,13.0,5.0,0.9090342679127726,0.8757855822550832
13.0,0.6666667,13.0,8.0,0.9090342679127726,0.8757855822550832
13.0,0.6666667,13.0,12.0,0.9090342679127726,0.8757855822550832
13.0,0.6666667,13.0,20.0,0.9090342679127726,0.8757855822550832
13.0,0.6666667,13.0,32.0,0.9054205607476635,0.8728280961182995
13.0,0.6666667,13.0,50.0,0.8957009345794393,0.8691312384473198
13.0,0.6666667,13.0,80.0,0.8833644859813085,0.8646950092421442
13.0,0.6666667,13.0,128.0,0.8687850467289719,0.8521256931608134
13.0,0.6666667,15.0,2.0,0.9049221183800624,0.8731977818853973
13.0,0.6666667,15.0,3.0,0.9049221183800624,0.8731977818853973
13.0,0.6666667,15.0,5.0,0.9049221183800624,0.8731977818853973
13.0,0.6666667,15.0,8.0,0.9049221183800624,0.8731977818853973
13.0,0.6666667,15.0,12.0,0.9049221183800624,0.8731977818853973
13.0,0.6666667,15.0,20.0,0.9049221183800624,0.8731977818853973
13.0,0.6666667,15.0,32.0,0.9026791277258568,0.8724584103512015
13.0,0.6666667,15.0,50.0,0.8945794392523364,0.8680221811460258
13.0,0.6666667,15.0,80.0,0.8818691588785047,0.8632162661737522
13.0,0.6666667,15.0,128.0,0.8679127725856699,0.8539741219963032
13.0,0.6666667,17.0,2.0,0.8998130841121496,0.8702402957486137
13.0,0.6666667,17.0,3.0,0.8998130841121496,0.8702402957486137
13.0,0.6666667,17.0,5.0,0.8998130841121496,0.8702402957486137
13.0,0.6666667,17.0,8.0,0.8998130841121496,0.8702402957486137
13.0,0.6666667,17.0,12.0,0.8998130841121496,0.8702402957486137
13.0,0.6666667,17.0,20.0,0.8998130841121496,0.8702402957486137
13.0,0.6666667,17.0,32.0,0.8998130841121496,0.8702402957486137
13.0,0.6666667,17.0,50.0,0.8935825545171341,0.8661737523105361
13.0,0.6666667,17.0,80.0,0.8812461059190031,0.8632162661737522
13.0,0.6666667,17.0,128.0,0.8661682242990654,0.8517560073937153
13.0,0.6666667,20.0,2.0,0.8954517133956387,0.8687615526802219
13.0,0.6666667,20.0,3.0,0.8954517133956387,0.8687615526802219
13.0,0.6666667,20.0,5.0,0.8954517133956387,0.8687615526802219
13.0,0.6666667,20.0,8.0,0.8954517133956387,0.8687615526802219
13.0,0.6666667,20.0,12.0,0.8954517133956387,0.8687615526802219
13.0,0.6666667,20.0,20.0,0.8954517133956387,0.8687615526802219
13.0,0.6666667,20.0,32.0,0.8954517133956387,0.8687615526802219
13.0,0.6666667,20.0,50.0,0.8928348909657322,0.8650646950092422
13.0,0.6666667,20.0,80.0,0.8796261682242991,0.8635859519408502
13.0,0.6666667,20.0,128.0,0.8660436137071651,0.8513863216266173
13.0,0.7777778,1.0,2.0,0.960373831775701,0.8939001848428836
13.0,0.7777778,1.0,3.0,0.96,0.8950092421441773
13.0,0.7777778,1.0,5.0,0.9562616822429906,0.8946395563770795
13.0,0.7777778,1.0,8.0,0.950031152647975,0.8913123844731977
13.0,0.7777778,1.0,12.0,0.9436760124610591,0.888354898336414
13.0,0.7777778,1.0,20.0,0.9312149532710281,0.8861367837338262
13.0,0.7777778,1.0,32.0,0.9185046728971964,0.8783733826247688
13.0,0.7777778,1.0,50.0,0.9046728971962616,0.8720887245841036
13.0,0.7777778,1.0,80.0,0.888847352024922,0.866543438077634
13.0,0.7777778,1.0,128.0,0.8712772585669782,0.8539741219963032
13.0,0.7777778,3.0,2.0,0.9466666666666667,0.88909426987061
13.0,0.7777778,3.0,3.0,0.9466666666666667,0.88909426987061
13.0,0.7777778,3.0,5.0,0.9466666666666667,0.88909426987061
13.0,0.7777778,3.0,8.0,0.9434267912772587,0.8905730129390019
13.0,0.7777778,3.0,12.0,0.9363239875389407,0.8876155268022181
13.0,0.7777778,3.0,20.0,0.9279750778816199,0.8839186691312385
13.0,0.7777778,3.0,32.0,0.9151401869158878,0.8754158964879852
13.0,0.7777778,3.0,50.0,0.9013084112149533,0.8724584103512015
13.0,0.7777778,3.0,80.0,0.8867289719626168,0.866543438077634
13.0,0.7777778,3.0,128.0,0.8702803738317757,0.8539741219963032
13.0,0.7777778,5.0,2.0,0.9343302180685358,0.8861367837338262
13.0,0.7777778,5.0,3.0,0.9343302180685358,0.8861367837338262
13.0,0.7777778,5.0,5.0,0.9343302180685358,0.8861367837338262
13.0,0.7777778,5.0,8.0,0.9343302180685358,0.8861367837338262
13.0,0.7777778,5.0,12.0,0.9323364485981308,0.8865064695009242
13.0,0.7777778,5.0,20.0,0.922866043613707,0.8817005545286506
13.0,0.7777778,5.0,32.0,0.9128971962616822,0.8768946395563771
13.0,0.7777778,5.0,50.0,0.9010591900311526,0.8713493530499076
13.0,0.7777778,5.0,80.0,0.8866043613707164,0.8658040665434381
13.0,0.7777778,5.0,128.0,0.8695327102803738,0.8536044362292052
13.0,0.7777778,7.0,2.0,0.924859813084112,0.8835489833641406
13.0,0.7777778,7.0,3.0,0.924859813084112,0.8835489833641406
13.0,0.7777778,7.0,5.0,0.924859813084112,0.8835489833641406
13.0,0.7777778,7.0,8.0,0.924859813084112,0.8835489833641406
13.0,0.7777778,7.0,12.0,0.924859813084112,0.8835489833641406
13.0,0.7777778,7.0,20.0,0.9191277258566979,0.8802218114602589
13.0,0.7777778,7.0,32.0,0.9107788161993768,0.8750462107208872
13.0,0.7777778,7.0,50.0,0.8995638629283489,0.8717190388170055
13.0,0.7777778,7.0,80.0,0.886355140186916,0.866543438077634
13.0,0.7777778,7.0,128.0,0.8695327102803738,0.8543438077634011
13.0,0.7777778,9.0,2.0,0.9172585669781931,0.878373382624769
13.0,0.7777778,9.0,3.0,0.9172585669781931,0.878373382624769
13.0,0.7777778,9.0,5.0,0.9172585669781931,0.878373382624769
13.0,0.7777778,9.0,8.0,0.9172585669781931,0.878373382624769
13.0,0.7777778,9.0,12.0,0.9172585669781931,0.878373382624769
13.0,0.7777778,9.0,20.0,0.9171339563862928,0.8802218114602589
13.0,0.7777778,9.0,32.0,0.9079127725856697,0.8735674676524953
13.0,0.7777778,9.0,50.0,0.8989408099688474,0.8713493530499076
13.0,0.7777778,9.0,80.0,0.8846105919003115,0.8643253234750462
13.0,0.7777778,9.0,128.0,0.8695327102803738,0.8539741219963032
13.0,0.7777778,11.0,2.0,0.9131464174454829,0.878743068391867
13.0,0.7777778,11.0,3.0,0.9131464174454829,0.878743068391867
13.0,0.7777778,11.0,5.0,0.9131464174454829,0.878743068391867
13.0,0.7777778,11.0,8.0,0.9131464174454829,0.878743068391867
13.0,0.7777778,11.0,12.0,0.9131464174454829,0.878743068391867
13.0,0.7777778,11.0,20.0,0.9131464174454829,0.878743068391867
13.0,0.7777778,11.0,32.0,0.9070404984423677,0.8750462107208872
13.0,0.7777778,11.0,50.0,0.8970716510903426,0.8706099815157117
13.0,0.7777778,11.0,80.0,0.8847352024922118,0.8661737523105361
13.0,0.7777778,11.0,128.0,0.868411214953271,0.8528650646950092
13.0,0.7777778,13.0,2.0,0.9090342679127726,0.8757855822550832
13.0,0.7777778,13.0,3.0,0.9090342679127726,0.8757855822550832
13.0,0.7777778,13.0,5.0,0.9090342679127726,0.8757855822550832
13.0,0.7777778,13.0,8.0,0.9090342679127726,0.8757855822550832
13.0,0.7777778,13.0,12.0,0.9090342679127726,0.8757855822550832
13.0,0.7777778,13.0,20.0,0.9090342679127726,0.8757855822550832
13.0,0.7777778,13.0,32.0,0.9054205607476635,0.8728280961182995
13.0,0.7777778,13.0,50.0,0.8957009345794393,0.8691312384473198
13.0,0.7777778,13.0,80.0,0.8833644859813085,0.8646950092421442
13.0,0.7777778,13.0,128.0,0.8687850467289719,0.8521256931608134
13.0,0.7777778,15.0,2.0,0.9049221183800624,0.8731977818853973
13.0,0.7777778,15.0,3.0,0.9049221183800624,0.8731977818853973
13.0,0.7777778,15.0,5.0,0.9049221183800624,0.8731977818853973
13.0,0.7777778,15.0,8.0,0.9049221183800624,0.8731977818853973
13.0,0.7777778,15.0,12.0,0.9049221183800624,0.8731977818853973
13.0,0.7777778,15.0,20.0,0.9049221183800624,0.8731977818853973
13.0,0.7777778,15.0,32.0,0.9026791277258568,0.8724584103512015
13.0,0.7777778,15.0,50.0,0.8945794392523364,0.8680221811460258
13.0,0.7777778,15.0,80.0,0.8818691588785047,0.8632162661737522
13.0,0.7777778,15.0,128.0,0.8679127725856699,0.8539741219963032
13.0,0.7777778,17.0,2.0,0.8998130841121496,0.8702402957486137
13.0,0.7777778,17.0,3.0,0.8998130841121496,0.8702402957486137
13.0,0.7777778,17.0,5.0,0.8998130841121496,0.8702402957486137
13.0,0.7777778,17.0,8.0,0.8998130841121496,0.8702402957486137
13.0,0.7777778,17.0,12.0,0.8998130841121496,0.8702402957486137
13.0,0.7777778,17.0,20.0,0.8998130841121496,0.8702402957486137
13.0,0.7777778,17.0,32.0,0.8998130841121496,0.8702402957486137
13.0,0.7777778,17.0,50.0,0.8935825545171341,0.8661737523105361
13.0,0.7777778,17.0,80.0,0.8812461059190031,0.8632162661737522
13.0,0.7777778,17.0,128.0,0.8661682242990654,0.8517560073937153
13.0,0.7777778,20.0,2.0,0.8954517133956387,0.8687615526802219
13.0,0.7777778,20.0,3.0,0.8954517133956387,0.8687615526802219
13.0,0.7777778,20.0,5.0,0.8954517133956387,0.8687615526802219
13.0,0.7777778,20.0,8.0,0.8954517133956387,0.8687615526802219
13.0,0.7777778,20.0,12.0,0.8954517133956387,0.8687615526802219
13.0,0.7777778,20.0,20.0,0.8954517133956387,0.8687615526802219
13.0,0.7777778,20.0,32.0,0.8954517133956387,0.8687615526802219
13.0,0.7777778,20.0,50.0,0.8928348909657322,0.8650646950092422
13.0,0.7777778,20.0,80.0,0.8796261682242991,0.8635859519408502
13.0,0.7777778,20.0,128.0,0.8660436137071651,0.8513863216266173
13.0,0.8888889,1.0,2.0,0.96,0.8957486136783734
13.0,0.8888889,1.0,3.0,0.9590031152647975,0.8946395563770795
13.0,0.8888889,1.0,5.0,0.958006230529595,0.8946395563770795
13.0,0.8888889,1.0,8.0,0.9521495327102804,0.8898336414048058
13.0,0.8888889,1.0,12.0,0.9435514018691589,0.8898336414048058
13.0,0.8888889,1.0,20.0,0.9320872274143301,0.879112754158965
13.0,0.8888889,1.0,32.0,0.9178816199376947,0.8761552680221811
13.0,0.8888889,1.0,50.0,0.9036760124610591,0.8713493530499076
13.0,0.8888889,1.0,80.0,0.8858566978193145,0.8621072088724585
13.0,0.8888889,1.0,128.0,0.8701557632398753,0.8502772643253234
13.0,0.8888889,3.0,2.0,0.9461682242990654,0.8920517560073937
13.0,0.8888889,3.0,3.0,0.9461682242990654,0.8920517560073937
13.0,0.8888889,3.0,5.0,0.9461682242990654,0.8920517560073937
13.0,0.8888889,3.0,8.0,0.9430529595015577,0.8898336414048058
13.0,0.8888889,3.0,12.0,0.935576323987539,0.8876155268022181
13.0,0.8888889,3.0,20.0,0.9261059190031153,0.8824399260628466
13.0,0.8888889,3.0,32.0,0.9125233644859814,0.8746765249537892
13.0,0.8888889,3.0,50.0,0.9003115264797508,0.8706099815157117
13.0,0.8888889,3.0,80.0,0.8846105919003115,0.8621072088724583
13.0,0.8888889,3.0,128.0,0.8690342679127726,0.8499075785582255
13.0,0.8888889,5.0,2.0,0.933956386292835,0.8879852125693161
13.0,0.8888889,5.0,3.0,0.933956386292835,0.8879852125693161
13.0,0.8888889,5.0,5.0,0.933956386292835,0.8879852125693161
13.0,0.8888889,5.0,8.0,0.933956386292835,0.8879852125693161
13.0,0.8888889,5.0,12.0,0.9314641744548287,0.8879852125693161
13.0,0.8888889,5.0,20.0,0.9206230529595014,0.8805914972273567
13.0,0.8888889,5.0,32.0,0.9105295950155764,0.8772643253234751
13.0,0.8888889,5.0,50.0,0.9001869158878504,0.8691312384473198
13.0,0.8888889,5.0,80.0,0.8837383177570093,0.8621072088724585
13.0,0.8888889,5.0,128.0,0.8680373831775701,0.8510166358595195
13.0,0.8888889,7.0,2.0,0.9229906542056074,0.8820702402957487
13.0,0.8888889,7.0,3.0,0.9229906542056074,0.8820702402957487
13.0,0.8888889,7.0,5.0,0.9229906542056074,0.8820702402957487
13.0,0.8888889,7.0,8.0,0.9229906542056074,0.8820702402957487
13.0,0.8888889,7.0,12.0,0.9229906542056074,0.8820702402957487
13.0,0.8888889,7.0,20.0,0.9167601246105919,0.8805914972273567
13.0,0.8888889,7.0,32.0,0.9075389408099689,0.8743068391866913
13.0,0.8888889,7.0,50.0,0.8979439252336447,0.8680221811460258
13.0,0.8888889,7.0,80.0,0.8837383177570093,0.8617375231053603
13.0,0.8888889,7.0,128.0,0.8676635514018691,0.8495378927911276
13.0,0.8888889,9.0,2.0,0.9161370716510904,0.8805914972273567
13.0,0.8888889,9.0,3.0,0.9161370716510904,0.8805914972273567
13.0,0.8888889,9.0,5.0,0.9161370716510904,0.8805914972273567
13.0,0.8888889,9.0,8.0,0.9161370716510904,0.8805914972273567
13.0,0.8888889,9.0,12.0,0.9161370716510904,0.8805914972273567
13.0,0.8888889,9.0,20.0,0.914766355140187,0.8798521256931607
13.0,0.8888889,9.0,32.0,0.9064174454828662,0.8754158964879852
13.0,0.8888889,9.0,50.0,0.896822429906542,0.8695009242144177
13.0,0.8888889,9.0,80.0,0.881993769470405,0.8621072088724585
13.0,0.8888889,9.0,128.0,0.8674143302180685,0.8491682070240296
13.0,0.8888889,11.0,2.0,0.910031152647975,0.877634011090573
13.0,0.8888889,11.0,3.0,0.910031152647975,0.877634011090573
13.0,0.8888889,11.0,5.0,0.910031152647975,0.877634011090573
13.0,0.8888889,11.0,8.0,0.910031152647975,0.877634011090573
13.0,0.8888889,11.0,12.0,0.910031152647975,0.877634011090573
13.0,0.8888889,11.0,20.0,0.910031152647975,0.877634011090573
13.0,0.8888889,11.0,32.0,0.9042990654205607,0.8743068391866913
13.0,0.8888889,11.0,50.0,0.895202492211838,0.8691312384473198
13.0,0.8888889,11.0,80.0,0.881619937694704,0.8639556377079483
13.0,0.8888889,11.0,128.0,0.867165109034268,0.8480591497227357
13.0,0.8888889,13.0,2.0,0.9066666666666666,0.8750462107208872
13.0,0.8888889,13.0,3.0,0.9066666666666666,0.8750462107208872
13.0,0.8888889,13.0,5.0,0.9066666666666666,0.8750462107208872
13.0,0.8888889,13.0,8.0,0.9066666666666666,0.8750462107208872
13.0,0.8888889,13.0,12.0,0.9066666666666666,0.8750462107208872
13.0,0.8888889,13.0,20.0,0.9066666666666666,0.8750462107208872
13.0,0.8888889,13.0,32.0,0.9033021806853583,0.8735674676524955
13.0,0.8888889,13.0,50.0,0.8935825545171341,0.8691312384473198
13.0,0.8888889,13.0,80.0,0.8814953271028039,0.8609981515711645
13.0,0.8888889,13.0,128.0,0.866791277258567,0.8473197781885398
13.0,0.8888889,15.0,2.0,0.9026791277258568,0.8720887245841034
13.0,0.8888889,15.0,3.0,0.9026791277258568,0.8720887245841034
13.0,0.8888889,15.0,5.0,0.9026791277258568,0.8720887245841034
13.0,0.8888889,15.0,8.0,0.9026791277258568,0.8720887245841034
13.0,0.8888889,15.0,12.0,0.9026791277258568,0.8720887245841034
13.0,0.8888889,15.0,20.0,0.9026791277258568,0.8720887245841034
13.0,0.8888889,15.0,32.0,0.9026791277258568,0.8717190388170055
13.0,0.8888889,15.0,50.0,0.8930841121495326,0.867652495378928
13.0,0.8888889,15.0,80.0,0.8795015576323987,0.8606284658040666
13.0,0.8888889,15.0,128.0,0.8675389408099689,0.8487985212569317
13.0,0.8888889,17.0,2.0,0.9005607476635514,0.8706099815157117
13.0,0.8888889,17.0,3.0,0.9005607476635514,0.8706099815157117
13.0,0.8888889,17.0,5.0,0.9005607476635514,0.8706099815157117
13.0,0.8888889,17.0,8.0,0.9005607476635514,0.8706099815157117
13.0,0.8888889,17.0,12.0,0.9005607476635514,0.8706099815157117
13.0,0.8888889,17.0,20.0,0.9005607476635514,0.8706099815157117
13.0,0.8888889,17.0,32.0,0.9005607476635514,0.8706099815157117
13.0,0.8888889,17.0,50.0,0.8930841121495326,0.8687615526802219
13.0,0.8888889,17.0,80.0,0.878380062305296,0.8606284658040666
13.0,0.8888889,17.0,128.0,0.8662928348909658,0.8476894639556377
13.0,0.8888889,20.0,2.0,0.8935825545171339,0.866543438077634
13.0,0.8888889,20.0,3.0,0.8935825545171339,0.866543438077634
13.0,0.8888889,20.0,5.0,0.8935825545171339,0.866543438077634
13.0,0.8888889,20.0,8.0,0.8935825545171339,0.866543438077634
13.0,0.8888889,20.0,12.0,0.8935825545171339,0.866543438077634
13.0,0.8888889,20.0,20.0,0.8935825545171339,0.866543438077634
13.0,0.8888889,20.0,32.0,0.8935825545171339,0.866543438077634
13.0,0.8888889,20.0,50.0,0.8905919003115266,0.8646950092421442
13.0,0.8888889,20.0,80.0,0.8775077881619937,0.8602587800369685
13.0,0.8888889,20.0,128.0,0.8659190031152647,0.8484288354898336
13.0,1.0,1.0,2.0,0.9587538940809969,0.8924214417744917
13.0,1.0,1.0,3.0,0.9586292834890966,0.8939001848428836
13.0,1.0,1.0,5.0,0.9557632398753894,0.8927911275415896
13.0,1.0,1.0,8.0,0.9490342679127725,0.88909426987061
13.0,1.0,1.0,12.0,0.942429906542056,0.8850277264325322
13.0,1.0,1.0,20.0,0.928348909657321,0.8805914972273567
13.0,1.0,1.0,32.0,0.9137694704049844,0.8746765249537892
13.0,1.0,1.0,50.0,0.8986915887850466,0.8658040665434381
13.0,1.0,1.0,80.0,0.881619937694704,0.8565619223659888
13.0,1.0,1.0,128.0,0.8605607476635514,0.8421441774491681
13.0,1.0,3.0,2.0,0.9439252336448598,0.8913123844731977
13.0,1.0,3.0,3.0,0.9439252336448598,0.8913123844731977
13.0,1.0,3.0,5.0,0.9439252336448598,0.8913123844731977
13.0,1.0,3.0,8.0,0.9409345794392523,0.88909426987061
13.0,1.0,3.0,12.0,0.9345794392523364,0.8865064695009242
13.0,1.0,3.0,20.0,0.922367601246106,0.8802218114602589
13.0,1.0,3.0,32.0,0.9096573208722741,0.8724584103512015
13.0,1.0,3.0,50.0,0.8947040498442368,0.8643253234750462
13.0,1.0,3.0,80.0,0.8796261682242991,0.8554528650646951
13.0,1.0,3.0,128.0,0.859190031152648,0.8414048059149722
13.0,1.0,5.0,2.0,0.9315887850467289,0.8861367837338262
13.0,1.0,5.0,3.0,0.9315887850467289,0.8861367837338262
13.0,1.0,5.0,5.0,0.9315887850467289,0.8861367837338262
13.0,1.0,5.0,8.0,0.9315887850467289,0.8861367837338262
13.0,1.0,5.0,12.0,0.9292211838006231,0.8828096118299446
13.0,1.0,5.0,20.0,0.9168847352024923,0.878743068391867
13.0,1.0,5.0,32.0,0.9057943925233645,0.8717190388170055
13.0,1.0,5.0,50.0,0.8920872274143303,0.8632162661737522
13.0,1.0,5.0,80.0,0.8775077881619937,0.855822550831793
13.0,1.0,5.0,128.0,0.8584423676012461,0.8406654343807762
13.0,1.0,7.0,2.0,0.922367601246106,0.879112754158965
13.0,1.0,7.0,3.0,0.922367601246106,0.879112754158965
13.0,1.0,7.0,5.0,0.922367601246106,0.879112754158965
13.0,1.0,7.0,8.0,0.922367601246106,0.879112754158965
13.0,1.0,7.0,12.0,0.922367601246106,0.879112754158965
13.0,1.0,7.0,20.0,0.9136448598130841,0.8757855822550832
13.0,1.0,7.0,32.0,0.9035514018691589,0.8720887245841036
13.0,1.0,7.0,50.0,0.890841121495327,0.8628465804066543
13.0,1.0,7.0,80.0,0.8762616822429907,0.8547134935304991
13.0,1.0,7.0,128.0,0.8581931464174455,0.8399260628465803
13.0,1.0,9.0,2.0,0.9125233644859814,0.8772643253234751
13.0,1.0,9.0,3.0,0.9125233644859814,0.8772643253234751
13.0,1.0,9.0,5.0,0.9125233644859814,0.8772643253234751
13.0,1.0,9.0,8.0,0.9125233644859814,0.8772643253234751
13.0,1.0,9.0,12.0,0.9125233644859814,0.8772643253234751
13.0,1.0,9.0,20.0,0.9115264797507787,0.8757855822550832
13.0,1.0,9.0,32.0,0.9013084112149533,0.8720887245841036
13.0,1.0,9.0,50.0,0.8892211838006231,0.8635859519408502
13.0,1.0,9.0,80.0,0.874766355140187,0.8539741219963032
13.0,1.0,9.0,128.0,0.8580685358255451,0.8395563770794825
13.0,1.0,11.0,2.0,0.9062928348909658,0.8731977818853973
13.0,1.0,11.0,3.0,0.9062928348909658,0.8731977818853973
13.0,1.0,11.0,5.0,0.9062928348909658,0.8731977818853973
13.0,1.0,11.0,8.0,0.9062928348909658,0.8731977818853973
13.0,1.0,11.0,12.0,0.9062928348909658,0.8731977818853973
13.0,1.0,11.0,20.0,0.9062928348909658,0.8731977818853973
13.0,1.0,11.0,32.0,0.8986915887850466,0.8713493530499076
13.0,1.0,11.0,50.0,0.8880996884735202,0.8628465804066543
13.0,1.0,11.0,80.0,0.8746417445482866,0.8547134935304991
13.0,1.0,11.0,128.0,0.8578193146417445,0.8402957486136783
13.0,1.0,13.0,2.0,0.9016822429906541,0.8709796672828096
13.0,1.0,13.0,3.0,0.9016822429906541,0.8709796672828096
13.0,1.0,13.0,5.0,0.9016822429906541,0.8709796672828096
13.0,1.0,13.0,8.0,0.9016822429906541,0.8709796672828096
13.0,1.0,13.0,12.0,0.9016822429906541,0.8709796672828096
13.0,1.0,13.0,20.0,0.9016822429906541,0.8709796672828096
13.0,1.0,13.0,32.0,0.8979439252336447,0.8691312384473198
13.0,1.0,13.0,50.0,0.8872274143302181,0.8654343807763402
13.0,1.0,13.0,80.0,0.874392523364486,0.8528650646950092
13.0,1.0,13.0,128.0,0.8573208722741432,0.8380776340110906
13.0,1.0,15.0,2.0,0.8976947040498443,0.8687615526802219
13.0,1.0,15.0,3.0,0.8976947040498443,0.8687615526802219
13.0,1.0,15.0,5.0,0.8976947040498443,0.8687615526802219
13.0,1.0,15.0,8.0,0.8976947040498443,0.8687615526802219
13.0,1.0,15.0,12.0,0.8976947040498443,0.8687615526802219
13.0,1.0,15.0,20.0,0.8976947040498443,0.8687615526802219
13.0,1.0,15.0,32.0,0.8960747663551402,0.8669131238447321
13.0,1.0,15.0,50.0,0.8868535825545172,0.8669131238447318
13.0,1.0,15.0,80.0,0.8736448598130842,0.8539741219963032
13.0,1.0,15.0,128.0,0.856822429906542,0.8391866913123845
13.0,1.0,17.0,2.0,0.8928348909657322,0.8658040665434381
13.0,1.0,17.0,3.0,0.8928348909657322,0.8658040665434381
13.0,1.0,17.0,5.0,0.8928348909657322,0.8658040665434381
13.0,1.0,17.0,8.0,0.8928348909657322,0.8658040665434381
13.0,1.0,17.0,12.0,0.8928348909657322,0.8658040665434381
13.0,1.0,17.0,20.0,0.8928348909657322,0.8658040665434381
13.0,1.0,17.0,32.0,0.8928348909657322,0.8658040665434381
13.0,1.0,17.0,50.0,0.8858566978193145,0.866543438077634
13.0,1.0,17.0,80.0,0.8721495327102804,0.8547134935304991
13.0,1.0,17.0,128.0,0.8564485981308412,0.8399260628465803
13.0,1.0,20.0,2.0,0.8868535825545172,0.8628465804066543
13.0,1.0,20.0,3.0,0.8868535825545172,0.8628465804066543
13.0,1.0,20.0,5.0,0.8868535825545172,0.8628465804066543
13.0,1.0,20.0,8.0,0.8868535825545172,0.8628465804066543
13.0,1.0,20.0,12.0,0.8868535825545172,0.8628465804066543
13.0,1.0,20.0,20.0,0.8868535825545172,0.8628465804066543
13.0,1.0,20.0,32.0,0.8868535825545172,0.8628465804066543
13.0,1.0,20.0,50.0,0.88398753894081,0.8624768946395565
13.0,1.0,20.0,80.0,0.8696573208722741,0.8543438077634011
13.0,1.0,20.0,128.0,0.8543302180685359,0.8388170055452864
20.0,0.0,1.0,2.0,0.9643613707165108,0.8972273567467652
20.0,0.0,1.0,3.0,0.9646105919003116,0.8950092421441773
20.0,0.0,1.0,5.0,0.9622429906542056,0.8953789279112755
20.0,0.0,1.0,8.0,0.9552647975077881,0.8898336414048058
20.0,0.0,1.0,12.0,0.9481619937694704,0.8879852125693161
20.0,0.0,1.0,20.0,0.9327102803738316,0.8828096118299446
20.0,0.0,1.0,32.0,0.9201246105919003,0.8754158964879852
20.0,0.0,1.0,50.0,0.9036760124610591,0.8724584103512015
20.0,0.0,1.0,80.0,0.8849844236760125,0.8617375231053603
20.0,0.0,1.0,128.0,0.8689096573208722,0.8495378927911276
20.0,0.0,3.0,2.0,0.9466666666666667,0.888354898336414
20.0,0.0,3.0,3.0,0.9466666666666667,0.888354898336414
20.0,0.0,3.0,5.0,0.9466666666666667,0.888354898336414
20.0,0.0,3.0,8.0,0.9456697819314641,0.8872458410351202
20.0,0.0,3.0,12.0,0.9380685358255452,0.8861367837338262
20.0,0.0,3.0,20.0,0.9269781931464174,0.8802218114602589
20.0,0.0,3.0,32.0,0.914766355140187,0.8754158964879852
20.0,0.0,3.0,50.0,0.8996884735202493,0.8717190388170055
20.0,0.0,3.0,80.0,0.8822429906542055,0.8598890942698706
20.0,0.0,3.0,128.0,0.866791277258567,0.8480591497227357
20.0,0.0,5.0,2.0,0.9327102803738316,0.8835489833641403
20.0,0.0,5.0,3.0,0.9327102803738316,0.8835489833641403
20.0,0.0,5.0,5.0,0.9327102803738316,0.8835489833641403
20.0,0.0,5.0,8.0,0.9327102803738316,0.8835489833641403
20.0,0.0,5.0,12.0,0.9302180685358256,0.8853974121996302
20.0,0.0,5.0,20.0,0.9229906542056074,0.8757855822550832
20.0,0.0,5.0,32.0,0.9119003115264798,0.8754158964879852
20.0,0.0,5.0,50.0,0.8971962616822431,0.8728280961182995
20.0,0.0,5.0,80.0,0.8803738317757009,0.8591497227356747
20.0,0.0,5.0,128.0,0.8664174454828661,0.8484288354898336
20.0,0.0,7.0,2.0,0.9213707165109033,0.878743068391867
20.0,0.0,7.0,3.0,0.9213707165109033,0.878743068391867
20.0,0.0,7.0,5.0,0.9213707165109033,0.878743068391867
20.0,0.0,7.0,8.0,0.9213707165109033,0.878743068391867
20.0,0.0,7.0,12.0,0.9213707165109033,0.878743068391867
20.0,0.0,7.0,20.0,0.9201246105919003,0.878743068391867
20.0,0.0,7.0,32.0,0.9081619937694704,0.8735674676524955
20.0,0.0,7.0,50.0,0.8954517133956387,0.8713493530499076
20.0,0.0,7.0,80.0,0.8797507788161993,0.8595194085027726
20.0,0.0,7.0,128.0,0.8656697819314643,0.8473197781885397
20.0,0.0,9.0,2.0,0.9166355140186916,0.8728280961182995
20.0,0.0,9.0,3.0,0.9166355140186916,0.8728280961182995
20.0,0.0,9.0,5.0,0.9166355140186916,0.8728280961182995
20.0,0.0,9.0,8.0,0.9166355140186916,0.8728280961182995
20.0,0.0,9.0,12.0,0.9166355140186916,0.8728280961182995
20.0,0.0,9.0,20.0,0.9157632398753893,0.8765249537892791
20.0,0.0,9.0,32.0,0.9061682242990654,0.8709796672828096
20.0,0.0,9.0,50.0,0.8928348909657322,0.8709796672828096
20.0,0.0,9.0,80.0,0.8797507788161993,0.8587800369685766
20.0,0.0,9.0,128.0,0.8650467289719627,0.8462107208872458
20.0,0.0,11.0,2.0,0.9082866043613708,0.8746765249537892
20.0,0.0,11.0,3.0,0.9082866043613708,0.8746765249537892
20.0,0.0,11.0,5.0,0.9082866043613708,0.8746765249537892
20.0,0.0,11.0,8.0,0.9082866043613708,0.8746765249537892
20.0,0.0,11.0,12.0,0.9082866043613708,0.8746765249537892
20.0,0.0,11.0,20.0,0.9082866043613708,0.8746765249537892
20.0,0.0,11.0,32.0,0.9026791277258568,0.8717190388170055
20.0,0.0,11.0,50.0,0.8907165109034269,0.8683918669131238
20.0,0.0,11.0,80.0,0.8776323987538941,0.8591497227356747
20.0,0.0,11.0,128.0,0.8654205607476635,0.8473197781885398
20.0,0.0,13.0,2.0,0.9020560747663552,0.8691312384473198
20.0,0.0,13.0,3.0,0.9020560747663552,0.8691312384473198
20.0,0.0,13.0,5.0,0.9020560747663552,0.8691312384473198
20.0,0.0,13.0,8.0,0.9020560747663552,0.8691312384473198
20.0,0.0,13.0,12.0,0.9020560747663552,0.8691312384473198
20.0,0.0,13.0,20.0,0.9020560747663552,0.8691312384473198
20.0,0.0,13.0,32.0,0.8971962616822431,0.8691312384473198
20.0,0.0,13.0,50.0,0.8893457943925233,0.8661737523105361
20.0,0.0,13.0,80.0,0.8762616822429907,0.8565619223659888
20.0,0.0,13.0,128.0,0.8654205607476635,0.8465804066543438
20.0,0.0,15.0,2.0,0.8970716510903427,0.8680221811460258
20.0,0.0,15.0,3.0,0.8970716510903427,0.8680221811460258
20.0,0.0,15.0,5.0,0.8970716510903427,0.8680221811460258
20.0,0.0,15.0,8.0,0.8970716510903427,0.8680221811460258
20.0,0.0,15.0,12.0,0.8970716510903427,0.8680221811460258
20.0,0.0,15.0,20.0,0.8970716510903427,0.8680221811460258
20.0,0.0,15.0,32.0,0.8963239875389408,0.8698706099815157
20.0,0.0,15.0,50.0,0.8874766355140187,0.8643253234750462
20.0,0.0,15.0,80.0,0.8746417445482866,0.8576709796672828
20.0,0.0,15.0,128.0,0.8640498442367601,0.8451016635859518
20.0,0.0,17.0,2.0,0.8938317757009345,0.866543438077634
20.0,0.0,17.0,3.0,0.8938317757009345,0.866543438077634
20.0,0.0,17.0,5.0,0.8938317757009345,0.866543438077634
20.0,0.0,17.0,8.0,0.8938317757009345,0.866543438077634
20.0,0.0,17.0,12.0,0.8938317757009345,0.866543438077634
20.0,0.0,17.0,20.0,0.8938317757009345,0.866543438077634
20.0,0.0,17.0,32.0,0.8938317757009345,0.866543438077634
20.0,0.0,17.0,50.0,0.8864797507788162,0.8643253234750462
20.0,0.0,17.0,80.0,0.874766355140187,0.857301293900185
20.0,0.0,17.0,128.0,0.8625545171339564,0.8451016635859518
20.0,0.0,20.0,2.0,0.8861059190031153,0.8646950092421442
20.0,0.0,20.0,3.0,0.8861059190031153,0.8646950092421442
20.0,0.0,20.0,5.0,0.8861059190031153,0.8646950092421442
20.0,0.0,20.0,8.0,0.8861059190031153,0.8646950092421442
20.0,0.0,20.0,12.0,0.8861059190031153,0.8646950092421442
20.0,0.0,20.0,20.0,0.8861059190031153,0.8646950092421442
20.0,0.0,20.0,32.0,0.8861059190031153,0.8646950092421442
20.0,0.0,20.0,50.0,0.882866043613707,0.8632162661737522
20.0,0.0,20.0,80.0,0.8720249221183801,0.855822550831793
20.0,0.0,20.0,128.0,0.8604361370716511,0.8421441774491683
20.0,0.11111111,1.0,2.0,0.9643613707165108,0.8972273567467652
20.0,0.11111111,1.0,3.0,0.9646105919003116,0.8950092421441773
20.0,0.11111111,1.0,5.0,0.9622429906542056,0.8953789279112755
20.0,0.11111111,1.0,8.0,0.9552647975077881,0.8898336414048058
20.0,0.11111111,1.0,12.0,0.9481619937694704,0.8879852125693161
20.0,0.11111111,1.0,20.0,0.9327102803738316,0.8828096118299446
20.0,0.11111111,1.0,32.0,0.9201246105919003,0.8754158964879852
20.0,0.11111111,1.0,50.0,0.9036760124610591,0.8724584103512015
20.0,0.11111111,1.0,80.0,0.8849844236760125,0.8617375231053603
20.0,0.11111111,1.0,128.0,0.8689096573208722,0.8495378927911276
20.0,0.11111111,3.0,2.0,0.9466666666666667,0.888354898336414
20.0,0.11111111,3.0,3.0,0.9466666666666667,0.888354898336414
20.0,0.11111111,3.0,5.0,0.9466666666666667,0.888354898336414
20.0,0.11111111,3.0,8.0,0.9456697819314641,0.8872458410351202
20.0,0.11111111,3.0,12.0,0.9380685358255452,0.8861367837338262
20.0,0.11111111,3.0,20.0,0.9269781931464174,0.8802218114602589
20.0,0.11111111,3.0,32.0,0.914766355140187,0.8754158964879852
20.0,0.11111111,3.0,50.0,0.8996884735202493,0.8717190388170055
20.0,0.11111111,3.0,80.0,0.8822429906542055,0.8598890942698706
20.0,0.11111111,3.0,128.0,0.866791277258567,0.8480591497227357
20.0,0.11111111,5.0,2.0,0.9327102803738316,0.8835489833641403
20.0,0.11111111,5.0,3.0,0.9327102803738316,0.8835489833641403
20.0,0.11111111,5.0,5.0,0.9327102803738316,0.8835489833641403
20.0,0.11111111,5.0,8.0,0.9327102803738316,0.8835489833641403
20.0,0.11111111,5.0,12.0,0.9302180685358256,0.8853974121996302
20.0,0.11111111,5.0,20.0,0.9229906542056074,0.8757855822550832
20.0,0.11111111,5.0,32.0,0.9119003115264798,0.8754158964879852
20.0,0.11111111,5.0,50.0,0.8971962616822431,0.8728280961182995
20.0,0.11111111,5.0,80.0,0.8803738317757009,0.8591497227356747
20.0,0.11111111,5.0,128.0,0.8664174454828661,0.8484288354898336
20.0,0.11111111,7.0,2.0,0.9213707165109033,0.878743068391867
20.0,0.11111111,7.0,3.0,0.9213707165109033,0.878743068391867
20.0,0.11111111,7.0,5.0,0.9213707165109033,0.878743068391867
20.0,0.11111111,7.0,8.0,0.9213707165109033,0.878743068391867
20.0,0.11111111,7.0,12.0,0.9213707165109033,0.878743068391867
20.0,0.11111111,7.0,20.0,0.9201246105919003,0.878743068391867
20.0,0.11111111,7.0,32.0,0.9081619937694704,0.8735674676524955
20.0,0.11111111,7.0,50.0,0.8954517133956387,0.8713493530499076
20.0,0.11111111,7.0,80.0,0.8797507788161993,0.8595194085027726
20.0,0.11111111,7.0,128.0,0.8656697819314643,0.8473197781885397
20.0,0.11111111,9.0,2.0,0.9166355140186916,0.8728280961182995
20.0,0.11111111,9.0,3.0,0.9166355140186916,0.8728280961182995
20.0,0.11111111,9.0,5.0,0.9166355140186916,0.8728280961182995
20.0,0.11111111,9.0,8.0,0.9166355140186916,0.8728280961182995
20.0,0.11111111,9.0,12.0,0.9166355140186916,0.8728280961182995
20.0,0.11111111,9.0,20.0,0.9157632398753893,0.8765249537892791
20.0,0.11111111,9.0,32.0,0.9061682242990654,0.8709796672828096
20.0,0.11111111,9.0,50.0,0.8928348909657322,0.8709796672828096
20.0,0.11111111,9.0,80.0,0.8797507788161993,0.8587800369685766
20.0,0.11111111,9.0,128.0,0.8650467289719627,0.8462107208872458
20.0,0.11111111,11.0,2.0,0.9082866043613708,0.8746765249537892
20.0,0.11111111,11.0,3.0,0.9082866043613708,0.8746765249537892
20.0,0.11111111,11.0,5.0,0.9082866043613708,0.8746765249537892
20.0,0.11111111,11.0,8.0,0.9082866043613708,0.8746765249537892
20.0,0.11111111,11.0,12.0,0.9082866043613708,0.8746765249537892
20.0,0.11111111,11.0,20.0,0.9082866043613708,0.8746765249537892
20.0,0.11111111,11.0,32.0,0.9026791277258568,0.8717190388170055
20.0,0.11111111,11.0,50.0,0.8907165109034269,0.8683918669131238
20.0,0.11111111,11.0,80.0,0.8776323987538941,0.8591497227356747
20.0,0.11111111,11.0,128.0,0.8654205607476635,0.8473197781885398
20.0,0.11111111,13.0,2.0,0.9020560747663552,0.8691312384473198
20.0,0.11111111,13.0,3.0,0.9020560747663552,0.8691312384473198
20.0,0.11111111,13.0,5.0,0.9020560747663552,0.8691312384473198
20.0,0.11111111,13.0,8.0,0.9020560747663552,0.8691312384473198
20.0,0.11111111,13.0,12.0,0.9020560747663552,0.8691312384473198
20.0,0.11111111,13.0,20.0,0.9020560747663552,0.8691312384473198
20.0,0.11111111,13.0,32.0,0.8971962616822431,0.8691312384473198
20.0,0.11111111,13.0,50.0,0.8893457943925233,0.8661737523105361
20.0,0.11111111,13.0,80.0,0.8762616822429907,0.8565619223659888
20.0,0.11111111,13.0,128.0,0.8654205607476635,0.8465804066543438
20.0,0.11111111,15.0,2.0,0.8970716510903427,0.8680221811460258
20.0,0.11111111,15.0,3.0,0.8970716510903427,0.8680221811460258
20.0,0.11111111,15.0,5.0,0.8970716510903427,0.8680221811460258
20.0,0.11111111,15.0,8.0,0.8970716510903427,0.8680221811460258
20.0,0.11111111,15.0,12.0,0.8970716510903427,0.8680221811460258
20.0,0.11111111,15.0,20.0,0.8970716510903427,0.8680221811460258
20.0,0.11111111,15.0,32.0,0.8963239875389408,0.8698706099815157
20.0,0.11111111,15.0,50.0,0.8874766355140187,0.8643253234750462
20.0,0.11111111,15.0,80.0,0.8746417445482866,0.8576709796672828
20.0,0.11111111,15.0,128.0,0.8640498442367601,0.8451016635859518
20.0,0.11111111,17.0,2.0,0.8938317757009345,0.866543438077634
20.0,0.11111111,17.0,3.0,0.8938317757009345,0.866543438077634
20.0,0.11111111,17.0,5.0,0.8938317757009345,0.866543438077634
20.0,0.11111111,17.0,8.0,0.8938317757009345,0.866543438077634
20.0,0.11111111,17.0,12.0,0.8938317757009345,0.866543438077634
20.0,0.11111111,17.0,20.0,0.8938317757009345,0.866543438077634
20.0,0.11111111,17.0,32.0,0.8938317757009345,0.866543438077634
20.0,0.11111111,17.0,50.0,0.8864797507788162,0.8643253234750462
20.0,0.11111111,17.0,80.0,0.874766355140187,0.857301293900185
20.0,0.11111111,17.0,128.0,0.8625545171339564,0.8451016635859518
20.0,0.11111111,20.0,2.0,0.8861059190031153,0.8646950092421442
20.0,0.11111111,20.0,3.0,0.8861059190031153,0.8646950092421442
20.0,0.11111111,20.0,5.0,0.8861059190031153,0.8646950092421442
20.0,0.11111111,20.0,8.0,0.8861059190031153,0.8646950092421442
20.0,0.11111111,20.0,12.0,0.8861059190031153,0.8646950092421442
20.0,0.11111111,20.0,20.0,0.8861059190031153,0.8646950092421442
20.0,0.11111111,20.0,32.0,0.8861059190031153,0.8646950092421442
20.0,0.11111111,20.0,50.0,0.882866043613707,0.8632162661737522
20.0,0.11111111,20.0,80.0,0.8720249221183801,0.855822550831793
20.0,0.11111111,20.0,128.0,0.8604361370716511,0.8421441774491683
20.0,0.22222222,1.0,2.0,0.9643613707165108,0.8972273567467652
20.0,0.22222222,1.0,3.0,0.9646105919003116,0.8950092421441773
20.0,0.22222222,1.0,5.0,0.9622429906542056,0.8953789279112755
20.0,0.22222222,1.0,8.0,0.9552647975077881,0.8898336414048058
20.0,0.22222222,1.0,12.0,0.9481619937694704,0.8879852125693161
20.0,0.22222222,1.0,20.0,0.9327102803738316,0.8828096118299446
20.0,0.22222222,1.0,32.0,0.9201246105919003,0.8754158964879852
20.0,0.22222222,1.0,50.0,0.9036760124610591,0.8724584103512015
20.0,0.22222222,1.0,80.0,0.8849844236760125,0.8617375231053603
20.0,0.22222222,1.0,128.0,0.8689096573208722,0.8495378927911276
20.0,0.22222222,3.0,2.0,0.9466666666666667,0.888354898336414
20.0,0.22222222,3.0,3.0,0.9466666666666667,0.888354898336414
20.0,0.22222222,3.0,5.0,0.9466666666666667,0.888354898336414
20.0,0.22222222,3.0,8.0,0.9456697819314641,0.8872458410351202
20.0,0.22222222,3.0,12.0,0.9380685358255452,0.8861367837338262
20.0,0.22222222,3.0,20.0,0.9269781931464174,0.8802218114602589
20.0,0.22222222,3.0,32.0,0.914766355140187,0.8754158964879852
20.0,0.22222222,3.0,50.0,0.8996884735202493,0.8717190388170055
20.0,0.22222222,3.0,80.0,0.8822429906542055,0.8598890942698706
20.0,0.22222222,3.0,128.0,0.866791277258567,0.8480591497227357
20.0,0.22222222,5.0,2.0,0.9327102803738316,0.8835489833641403
20.0,0.22222222,5.0,3.0,0.9327102803738316,0.8835489833641403
20.0,0.22222222,5.0,5.0,0.9327102803738316,0.8835489833641403
20.0,0.22222222,5.0,8.0,0.9327102803738316,0.8835489833641403
20.0,0.22222222,5.0,12.0,0.9302180685358256,0.8853974121996302
20.0,0.22222222,5.0,20.0,0.9229906542056074,0.8757855822550832
20.0,0.22222222,5.0,32.0,0.9119003115264798,0.8754158964879852
20.0,0.22222222,5.0,50.0,0.8971962616822431,0.8728280961182995
20.0,0.22222222,5.0,80.0,0.8803738317757009,0.8591497227356747
20.0,0.22222222,5.0,128.0,0.8664174454828661,0.8484288354898336
20.0,0.22222222,7.0,2.0,0.9213707165109033,0.878743068391867
20.0,0.22222222,7.0,3.0,0.9213707165109033,0.878743068391867
20.0,0.22222222,7.0,5.0,0.9213707165109033,0.878743068391867
20.0,0.22222222,7.0,8.0,0.9213707165109033,0.878743068391867
20.0,0.22222222,7.0,12.0,0.9213707165109033,0.878743068391867
20.0,0.22222222,7.0,20.0,0.9201246105919003,0.878743068391867
20.0,0.22222222,7.0,32.0,0.9081619937694704,0.8735674676524955
20.0,0.22222222,7.0,50.0,0.8954517133956387,0.8713493530499076
20.0,0.22222222,7.0,80.0,0.8797507788161993,0.8595194085027726
20.0,0.22222222,7.0,128.0,0.8656697819314643,0.8473197781885397
20.0,0.22222222,9.0,2.0,0.9166355140186916,0.8728280961182995
20.0,0.22222222,9.0,3.0,0.9166355140186916,0.8728280961182995
20.0,0.22222222,9.0,5.0,0.9166355140186916,0.8728280961182995
20.0,0.22222222,9.0,8.0,0.9166355140186916,0.8728280961182995
20.0,0.22222222,9.0,12.0,0.9166355140186916,0.8728280961182995
20.0,0.22222222,9.0,20.0,0.9157632398753893,0.8765249537892791
20.0,0.22222222,9.0,32.0,0.9061682242990654,0.8709796672828096
20.0,0.22222222,9.0,50.0,0.8928348909657322,0.8709796672828096
20.0,0.22222222,9.0,80.0,0.8797507788161993,0.8587800369685766
20.0,0.22222222,9.0,128.0,0.8650467289719627,0.8462107208872458
20.0,0.22222222,11.0,2.0,0.9082866043613708,0.8746765249537892
20.0,0.22222222,11.0,3.0,0.9082866043613708,0.8746765249537892
20.0,0.22222222,11.0,5.0,0.9082866043613708,0.8746765249537892
20.0,0.22222222,11.0,8.0,0.9082866043613708,0.8746765249537892
20.0,0.22222222,11.0,12.0,0.9082866043613708,0.8746765249537892
20.0,0.22222222,11.0,20.0,0.9082866043613708,0.8746765249537892
20.0,0.22222222,11.0,32.0,0.9026791277258568,0.8717190388170055
20.0,0.22222222,11.0,50.0,0.8907165109034269,0.8683918669131238
20.0,0.22222222,11.0,80.0,0.8776323987538941,0.8591497227356747
20.0,0.22222222,11.0,128.0,0.8654205607476635,0.8473197781885398
20.0,0.22222222,13.0,2.0,0.9020560747663552,0.8691312384473198
20.0,0.22222222,13.0,3.0,0.9020560747663552,0.8691312384473198
20.0,0.22222222,13.0,5.0,0.9020560747663552,0.8691312384473198
20.0,0.22222222,13.0,8.0,0.9020560747663552,0.8691312384473198
20.0,0.22222222,13.0,12.0,0.9020560747663552,0.8691312384473198
20.0,0.22222222,13.0,20.0,0.9020560747663552,0.8691312384473198
20.0,0.22222222,13.0,32.0,0.8971962616822431,0.8691312384473198
20.0,0.22222222,13.0,50.0,0.8893457943925233,0.8661737523105361
20.0,0.22222222,13.0,80.0,0.8762616822429907,0.8565619223659888
20.0,0.22222222,13.0,128.0,0.8654205607476635,0.8465804066543438
20.0,0.22222222,15.0,2.0,0.8970716510903427,0.8680221811460258
20.0,0.22222222,15.0,3.0,0.8970716510903427,0.8680221811460258
20.0,0.22222222,15.0,5.0,0.8970716510903427,0.8680221811460258
20.0,0.22222222,15.0,8.0,0.8970716510903427,0.8680221811460258
20.0,0.22222222,15.0,12.0,0.8970716510903427,0.8680221811460258
20.0,0.22222222,15.0,20.0,0.8970716510903427,0.8680221811460258
20.0,0.22222222,15.0,32.0,0.8963239875389408,0.8698706099815157
20.0,0.22222222,15.0,50.0,0.8874766355140187,0.8643253234750462
20.0,0.22222222,15.0,80.0,0.8746417445482866,0.8576709796672828
20.0,0.22222222,15.0,128.0,0.8640498442367601,0.8451016635859518
20.0,0.22222222,17.0,2.0,0.8938317757009345,0.866543438077634
20.0,0.22222222,17.0,3.0,0.8938317757009345,0.866543438077634
20.0,0.22222222,17.0,5.0,0.8938317757009345,0.866543438077634
20.0,0.22222222,17.0,8.0,0.8938317757009345,0.866543438077634
20.0,0.22222222,17.0,12.0,0.8938317757009345,0.866543438077634
20.0,0.22222222,17.0,20.0,0.8938317757009345,0.866543438077634
20.0,0.22222222,17.0,32.0,0.8938317757009345,0.866543438077634
20.0,0.22222222,17.0,50.0,0.8864797507788162,0.8643253234750462
20.0,0.22222222,17.0,80.0,0.874766355140187,0.857301293900185
20.0,0.22222222,17.0,128.0,0.8625545171339564,0.8451016635859518
20.0,0.22222222,20.0,2.0,0.8861059190031153,0.8646950092421442
20.0,0.22222222,20.0,3.0,0.8861059190031153,0.8646950092421442
20.0,0.22222222,20.0,5.0,0.8861059190031153,0.8646950092421442
20.0,0.22222222,20.0,8.0,0.8861059190031153,0.8646950092421442
20.0,0.22222222,20.0,12.0,0.8861059190031153,0.8646950092421442
20.0,0.22222222,20.0,20.0,0.8861059190031153,0.8646950092421442
20.0,0.22222222,20.0,32.0,0.8861059190031153,0.8646950092421442
20.0,0.22222222,20.0,50.0,0.882866043613707,0.8632162661737522
20.0,0.22222222,20.0,80.0,0.8720249221183801,0.855822550831793
20.0,0.22222222,20.0,128.0,0.8604361370716511,0.8421441774491683
20.0,0.33333334,1.0,2.0,0.9644859813084112,0.8964879852125692
20.0,0.33333334,1.0,3.0,0.96398753894081,0.8946395563770795
20.0,0.33333334,1.0,5.0,0.9626168224299064,0.8939001848428836
20.0,0.33333334,1.0,8.0,0.9567601246105919,0.8931608133086876
20.0,0.33333334,1.0,12.0,0.9482866043613708,0.8902033271719038
20.0,0.33333334,1.0,20.0,0.9342056074766354,0.8857670979667283
20.0,0.33333334,1.0,32.0,0.9209968847352025,0.8783733826247688
20.0,0.33333334,1.0,50.0,0.9051713395638629,0.8743068391866913
20.0,0.33333334,1.0,80.0,0.886355140186916,0.8624768946395565
20.0,0.33333334,1.0,128.0,0.8691588785046729,0.8547134935304991
20.0,0.33333334,3.0,2.0,0.9496573208722742,0.8898336414048058
20.0,0.33333334,3.0,3.0,0.9496573208722742,0.8898336414048058
20.0,0.33333334,3.0,5.0,0.9496573208722742,0.8898336414048058
20.0,0.33333334,3.0,8.0,0.9466666666666667,0.8909426987060998
20.0,0.33333334,3.0,12.0,0.9401869158878504,0.8879852125693161
20.0,0.33333334,3.0,20.0,0.9290965732087226,0.8839186691312385
20.0,0.33333334,3.0,32.0,0.9176323987538941,0.876894639556377
20.0,0.33333334,3.0,50.0,0.9019314641744549,0.8720887245841036
20.0,0.33333334,3.0,80.0,0.8833644859813085,0.8635859519408504
20.0,0.33333334,3.0,128.0,0.8692834890965733,0.8547134935304991
20.0,0.33333334,5.0,2.0,0.9374454828660437,0.8879852125693161
20.0,0.33333334,5.0,3.0,0.9374454828660437,0.8879852125693161
20.0,0.33333334,5.0,5.0,0.9374454828660437,0.8879852125693161
20.0,0.33333334,5.0,8.0,0.9374454828660437,0.8879852125693161
20.0,0.33333334,5.0,12.0,0.9345794392523364,0.8857670979667283
20.0,0.33333334,5.0,20.0,0.9256074766355139,0.8839186691312385
20.0,0.33333334,5.0,32.0,0.9136448598130841,0.878003696857671
20.0,0.33333334,5.0,50.0,0.8996884735202493,0.8728280961182995
20.0,0.33333334,5.0,80.0,0.8836137071651091,0.8639556377079483
20.0,0.33333334,5.0,128.0,0.8687850467289719,0.857301293900185
20.0,0.33333334,7.0,2.0,0.9257320872274143,0.8831792975970425
20.0,0.33333334,7.0,3.0,0.9257320872274143,0.8831792975970425
20.0,0.33333334,7.0,5.0,0.9257320872274143,0.8831792975970425
20.0,0.33333334,7.0,8.0,0.9257320872274143,0.8831792975970425
20.0,0.33333334,7.0,12.0,0.9257320872274143,0.8831792975970425
20.0,0.33333334,7.0,20.0,0.9208722741433022,0.8824399260628466
20.0,0.33333334,7.0,32.0,0.9120249221183802,0.877634011090573
20.0,0.33333334,7.0,50.0,0.8978193146417446,0.8717190388170055
20.0,0.33333334,7.0,80.0,0.8829906542056076,0.8632162661737522
20.0,0.33333334,7.0,128.0,0.8665420560747663,0.8539741219963032
20.0,0.33333334,9.0,2.0,0.920373831775701,0.8817005545286506
20.0,0.33333334,9.0,3.0,0.920373831775701,0.8817005545286506
20.0,0.33333334,9.0,5.0,0.920373831775701,0.8817005545286506
20.0,0.33333334,9.0,8.0,0.920373831775701,0.8817005545286506
20.0,0.33333334,9.0,12.0,0.920373831775701,0.8817005545286506
20.0,0.33333334,9.0,20.0,0.9173831775700935,0.8802218114602589
20.0,0.33333334,9.0,32.0,0.9094080996884735,0.8750462107208872
20.0,0.33333334,9.0,50.0,0.8963239875389408,0.8724584103512015
20.0,0.33333334,9.0,80.0,0.8823676012461059,0.8621072088724585
20.0,0.33333334,9.0,128.0,0.8669158878504672,0.8524953789279113
20.0,0.33333334,11.0,2.0,0.9136448598130841,0.879112754158965
20.0,0.33333334,11.0,3.0,0.9136448598130841,0.879112754158965
20.0,0.33333334,11.0,5.0,0.9136448598130841,0.879112754158965
20.0,0.33333334,11.0,8.0,0.9136448598130841,0.879112754158965
20.0,0.33333334,11.0,12.0,0.9136448598130841,0.879112754158965
20.0,0.33333334,11.0,20.0,0.9136448598130841,0.879112754158965
20.0,0.33333334,11.0,32.0,0.9057943925233645,0.8728280961182995
20.0,0.33333334,11.0,50.0,0.8950778816199378,0.8713493530499076
20.0,0.33333334,11.0,80.0,0.8801246105919004,0.8617375231053603
20.0,0.33333334,11.0,128.0,0.8672897196261682,0.8539741219963031
20.0,0.33333334,13.0,2.0,0.9080373831775701,0.8724584103512015
20.0,0.33333334,13.0,3.0,0.9080373831775701,0.8724584103512015
20.0,0.33333334,13.0,5.0,0.9080373831775701,0.8724584103512015
20.0,0.33333334,13.0,8.0,0.9080373831775701,0.8724584103512015
20.0,0.33333334,13.0,12.0,0.9080373831775701,0.8724584103512015
20.0,0.33333334,13.0,20.0,0.9080373831775701,0.8724584103512015
20.0,0.33333334,13.0,32.0,0.9046728971962616,0.8709796672828096
20.0,0.33333334,13.0,50.0,0.8948286604361371,0.8695009242144177
20.0,0.33333334,13.0,80.0,0.8786292834890966,0.8606284658040666
20.0,0.33333334,13.0,128.0,0.8674143302180685,0.8524953789279113
20.0,0.33333334,15.0,2.0,0.9019314641744549,0.8695009242144177
20.0,0.33333334,15.0,3.0,0.9019314641744549,0.8695009242144177
20.0,0.33333334,15.0,5.0,0.9019314641744549,0.8695009242144177
20.0,0.33333334,15.0,8.0,0.9019314641744549,0.8695009242144177
20.0,0.33333334,15.0,12.0,0.9019314641744549,0.8695009242144177
20.0,0.33333334,15.0,20.0,0.9019314641744549,0.8695009242144177
20.0,0.33333334,15.0,32.0,0.9014330218068537,0.8706099815157117
20.0,0.33333334,15.0,50.0,0.8939563862928349,0.8680221811460258
20.0,0.33333334,15.0,80.0,0.8785046728971964,0.8606284658040666
20.0,0.33333334,15.0,128.0,0.8666666666666668,0.8513863216266173
20.0,0.33333334,17.0,2.0,0.8974454828660436,0.8691312384473198
20.0,0.33333334,17.0,3.0,0.8974454828660436,0.8691312384473198
20.0,0.33333334,17.0,5.0,0.8974454828660436,0.8691312384473198
20.0,0.33333334,17.0,8.0,0.8974454828660436,0.8691312384473198
20.0,0.33333334,17.0,12.0,0.8974454828660436,0.8691312384473198
20.0,0.33333334,17.0,20.0,0.8974454828660436,0.8691312384473198
20.0,0.33333334,17.0,32.0,0.8974454828660436,0.8691312384473198
20.0,0.33333334,17.0,50.0,0.8922118380062305,0.867652495378928
20.0,0.33333334,17.0,80.0,0.878380062305296,0.8584103512014789
20.0,0.33333334,17.0,128.0,0.8660436137071651,0.8506469500924215
20.0,0.33333334,20.0,2.0,0.8937071651090344,0.8654343807763402
20.0,0.33333334,20.0,3.0,0.8937071651090344,0.8654343807763402
20.0,0.33333334,20.0,5.0,0.8937071651090344,0.8654343807763402
20.0,0.33333334,20.0,8.0,0.8937071651090344,0.8654343807763402
20.0,0.33333334,20.0,12.0,0.8937071651090344,0.8654343807763402
20.0,0.33333334,20.0,20.0,0.8937071651090344,0.8654343807763402
20.0,0.33333334,20.0,32.0,0.8937071651090344,0.8654343807763402
20.0,0.33333334,20.0,50.0,0.8909657320872274,0.866543438077634
20.0,0.33333334,20.0,80.0,0.8765109034267912,0.8609981515711645
20.0,0.33333334,20.0,128.0,0.8654205607476635,0.8517560073937153
20.0,0.44444445,1.0,2.0,0.9644859813084112,0.8964879852125692
20.0,0.44444445,1.0,3.0,0.96398753894081,0.8946395563770795
20.0,0.44444445,1.0,5.0,0.9626168224299064,0.8939001848428836
20.0,0.44444445,1.0,8.0,0.9567601246105919,0.8931608133086876
20.0,0.44444445,1.0,12.0,0.9482866043613708,0.8902033271719038
20.0,0.44444445,1.0,20.0,0.9342056074766354,0.8857670979667283
20.0,0.44444445,1.0,32.0,0.9209968847352025,0.8783733826247688
20.0,0.44444445,1.0,50.0,0.9051713395638629,0.8743068391866913
20.0,0.44444445,1.0,80.0,0.886355140186916,0.8624768946395565
20.0,0.44444445,1.0,128.0,0.8691588785046729,0.8547134935304991
20.0,0.44444445,3.0,2.0,0.9496573208722742,0.8898336414048058
20.0,0.44444445,3.0,3.0,0.9496573208722742,0.8898336414048058
20.0,0.44444445,3.0,5.0,0.9496573208722742,0.8898336414048058
20.0,0.44444445,3.0,8.0,0.9466666666666667,0.8909426987060998
20.0,0.44444445,3.0,12.0,0.9401869158878504,0.8879852125693161
20.0,0.44444445,3.0,20.0,0.9290965732087226,0.8839186691312385
20.0,0.44444445,3.0,32.0,0.9176323987538941,0.876894639556377
20.0,0.44444445,3.0,50.0,0.9019314641744549,0.8720887245841036
20.0,0.44444445,3.0,80.0,0.8833644859813085,0.8635859519408504
20.0,0.44444445,3.0,128.0,0.8692834890965733,0.8547134935304991
20.0,0.44444445,5.0,2.0,0.9374454828660437,0.8879852125693161
20.0,0.44444445,5.0,3.0,0.9374454828660437,0.8879852125693161
20.0,0.44444445,5.0,5.0,0.9374454828660437,0.8879852125693161
20.0,0.44444445,5.0,8.0,0.9374454828660437,0.8879852125693161
20.0,0.44444445,5.0,12.0,0.9345794392523364,0.8857670979667283
20.0,0.44444445,5.0,20.0,0.9256074766355139,0.8839186691312385
20.0,0.44444445,5.0,32.0,0.9136448598130841,0.878003696857671
20.0,0.44444445,5.0,50.0,0.8996884735202493,0.8728280961182995
20.0,0.44444445,5.0,80.0,0.8836137071651091,0.8639556377079483
20.0,0.44444445,5.0,128.0,0.8687850467289719,0.857301293900185
20.0,0.44444445,7.0,2.0,0.9257320872274143,0.8831792975970425
20.0,0.44444445,7.0,3.0,0.9257320872274143,0.8831792975970425
20.0,0.44444445,7.0,5.0,0.9257320872274143,0.8831792975970425
20.0,0.44444445,7.0,8.0,0.9257320872274143,0.8831792975970425
20.0,0.44444445,7.0,12.0,0.9257320872274143,0.8831792975970425
20.0,0.44444445,7.0,20.0,0.9208722741433022,0.8824399260628466
20.0,0.44444445,7.0,32.0,0.9120249221183802,0.877634011090573
20.0,0.44444445,7.0,50.0,0.8978193146417446,0.8717190388170055
20.0,0.44444445,7.0,80.0,0.8829906542056076,0.8632162661737522
20.0,0.44444445,7.0,128.0,0.8665420560747663,0.8539741219963032
20.0,0.44444445,9.0,2.0,0.920373831775701,0.8817005545286506
20.0,0.44444445,9.0,3.0,0.920373831775701,0.8817005545286506
20.0,0.44444445,9.0,5.0,0.920373831775701,0.8817005545286506
20.0,0.44444445,9.0,8.0,0.920373831775701,0.8817005545286506
20.0,0.44444445,9.0,12.0,0.920373831775701,0.8817005545286506
20.0,0.44444445,9.0,20.0,0.9173831775700935,0.8802218114602589
20.0,0.44444445,9.0,32.0,0.9094080996884735,0.8750462107208872
20.0,0.44444445,9.0,50.0,0.8963239875389408,0.8724584103512015
20.0,0.44444445,9.0,80.0,0.8823676012461059,0.8621072088724585
20.0,0.44444445,9.0,128.0,0.8669158878504672,0.8524953789279113
20.0,0.44444445,11.0,2.0,0.9136448598130841,0.879112754158965
20.0,0.44444445,11.0,3.0,0.9136448598130841,0.879112754158965
20.0,0.44444445,11.0,5.0,0.9136448598130841,0.879112754158965
20.0,0.44444445,11.0,8.0,0.9136448598130841,0.879112754158965
20.0,0.44444445,11.0,12.0,0.9136448598130841,0.879112754158965
20.0,0.44444445,11.0,20.0,0.9136448598130841,0.879112754158965
20.0,0.44444445,11.0,32.0,0.9057943925233645,0.8728280961182995
20.0,0.44444445,11.0,50.0,0.8950778816199378,0.8713493530499076
20.0,0.44444445,11.0,80.0,0.8801246105919004,0.8617375231053603
20.0,0.44444445,11.0,128.0,0.8672897196261682,0.8539741219963031
20.0,0.44444445,13.0,2.0,0.9080373831775701,0.8724584103512015
20.0,0.44444445,13.0,3.0,0.9080373831775701,0.8724584103512015
20.0,0.44444445,13.0,5.0,0.9080373831775701,0.8724584103512015
20.0,0.44444445,13.0,8.0,0.9080373831775701,0.8724584103512015
20.0,0.44444445,13.0,12.0,0.9080373831775701,0.8724584103512015
20.0,0.44444445,13.0,20.0,0.9080373831775701,0.8724584103512015
20.0,0.44444445,13.0,32.0,0.9046728971962616,0.8709796672828096
20.0,0.44444445,13.0,50.0,0.8948286604361371,0.8695009242144177
20.0,0.44444445,13.0,80.0,0.8786292834890966,0.8606284658040666
20.0,0.44444445,13.0,128.0,0.8674143302180685,0.8524953789279113
20.0,0.44444445,15.0,2.0,0.9019314641744549,0.8695009242144177
20.0,0.44444445,15.0,3.0,0.9019314641744549,0.8695009242144177
20.0,0.44444445,15.0,5.0,0.9019314641744549,0.8695009242144177
20.0,0.44444445,15.0,8.0,0.9019314641744549,0.8695009242144177
20.0,0.44444445,15.0,12.0,0.9019314641744549,0.8695009242144177
20.0,0.44444445,15.0,20.0,0.9019314641744549,0.8695009242144177
20.0,0.44444445,15.0,32.0,0.9014330218068537,0.8706099815157117
20.0,0.44444445,15.0,50.0,0.8939563862928349,0.8680221811460258
20.0,0.44444445,15.0,80.0,0.8785046728971964,0.8606284658040666
20.0,0.44444445,15.0,128.0,0.8666666666666668,0.8513863216266173
20.0,0.44444445,17.0,2.0,0.8974454828660436,0.8691312384473198
20.0,0.44444445,17.0,3.0,0.8974454828660436,0.8691312384473198
20.0,0.44444445,17.0,5.0,0.8974454828660436,0.8691312384473198
20.0,0.44444445,17.0,8.0,0.8974454828660436,0.8691312384473198
20.0,0.44444445,17.0,12.0,0.8974454828660436,0.8691312384473198
20.0,0.44444445,17.0,20.0,0.8974454828660436,0.8691312384473198
20.0,0.44444445,17.0,32.0,0.8974454828660436,0.8691312384473198
20.0,0.44444445,17.0,50.0,0.8922118380062305,0.867652495378928
20.0,0.44444445,17.0,80.0,0.878380062305296,0.8584103512014789
20.0,0.44444445,17.0,128.0,0.8660436137071651,0.8506469500924215
20.0,0.44444445,20.0,2.0,0.8937071651090344,0.8654343807763402
20.0,0.44444445,20.0,3.0,0.8937071651090344,0.8654343807763402
20.0,0.44444445,20.0,5.0,0.8937071651090344,0.8654343807763402
20.0,0.44444445,20.0,8.0,0.8937071651090344,0.8654343807763402
20.0,0.44444445,20.0,12.0,0.8937071651090344,0.8654343807763402
20.0,0.44444445,20.0,20.0,0.8937071651090344,0.8654343807763402
20.0,0.44444445,20.0,32.0,0.8937071651090344,0.8654343807763402
20.0,0.44444445,20.0,50.0,0.8909657320872274,0.866543438077634
20.0,0.44444445,20.0,80.0,0.8765109034267912,0.8609981515711645
20.0,0.44444445,20.0,128.0,0.8654205607476635,0.8517560073937153
20.0,0.5555556,1.0,2.0,0.9644859813084112,0.8964879852125692
20.0,0.5555556,1.0,3.0,0.96398753894081,0.8946395563770795
20.0,0.5555556,1.0,5.0,0.9626168224299064,0.8939001848428836
20.0,0.5555556,1.0,8.0,0.9567601246105919,0.8931608133086876
20.0,0.5555556,1.0,12.0,0.9482866043613708,0.8902033271719038
20.0,0.5555556,1.0,20.0,0.9342056074766354,0.8857670979667283
20.0,0.5555556,1.0,32.0,0.9209968847352025,0.8783733826247688
20.0,0.5555556,1.0,50.0,0.9051713395638629,0.8743068391866913
20.0,0.5555556,1.0,80.0,0.886355140186916,0.8624768946395565
20.0,0.5555556,1.0,128.0,0.8691588785046729,0.8547134935304991
20.0,0.5555556,3.0,2.0,0.9496573208722742,0.8898336414048058
20.0,0.5555556,3.0,3.0,0.9496573208722742,0.8898336414048058
20.0,0.5555556,3.0,5.0,0.9496573208722742,0.8898336414048058
20.0,0.5555556,3.0,8.0,0.9466666666666667,0.8909426987060998
20.0,0.5555556,3.0,12.0,0.9401869158878504,0.8879852125693161
20.0,0.5555556,3.0,20.0,0.9290965732087226,0.8839186691312385
20.0,0.5555556,3.0,32.0,0.9176323987538941,0.876894639556377
20.0,0.5555556,3.0,50.0,0.9019314641744549,0.8720887245841036
20.0,0.5555556,3.0,80.0,0.8833644859813085,0.8635859519408504
20.0,0.5555556,3.0,128.0,0.8692834890965733,0.8547134935304991
20.0,0.5555556,5.0,2.0,0.9374454828660437,0.8879852125693161
20.0,0.5555556,5.0,3.0,0.9374454828660437,0.8879852125693161
20.0,0.5555556,5.0,5.0,0.9374454828660437,0.8879852125693161
20.0,0.5555556,5.0,8.0,0.9374454828660437,0.8879852125693161
20.0,0.5555556,5.0,12.0,0.9345794392523364,0.8857670979667283
20.0,0.5555556,5.0,20.0,0.9256074766355139,0.8839186691312385
20.0,0.5555556,5.0,32.0,0.9136448598130841,0.878003696857671
20.0,0.5555556,5.0,50.0,0.8996884735202493,0.8728280961182995
20.0,0.5555556,5.0,80.0,0.8836137071651091,0.8639556377079483
20.0,0.5555556,5.0,128.0,0.8687850467289719,0.857301293900185
20.0,0.5555556,7.0,2.0,0.9257320872274143,0.8831792975970425
20.0,0.5555556,7.0,3.0,0.9257320872274143,0.8831792975970425
20.0,0.5555556,7.0,5.0,0.9257320872274143,0.8831792975970425
20.0,0.5555556,7.0,8.0,0.9257320872274143,0.8831792975970425
20.0,0.5555556,7.0,12.0,0.9257320872274143,0.8831792975970425
20.0,0.5555556,7.0,20.0,0.9208722741433022,0.8824399260628466
20.0,0.5555556,7.0,32.0,0.9120249221183802,0.877634011090573
20.0,0.5555556,7.0,50.0,0.8978193146417446,0.8717190388170055
20.0,0.5555556,7.0,80.0,0.8829906542056076,0.8632162661737522
20.0,0.5555556,7.0,128.0,0.8665420560747663,0.8539741219963032
20.0,0.5555556,9.0,2.0,0.920373831775701,0.8817005545286506
20.0,0.5555556,9.0,3.0,0.920373831775701,0.8817005545286506
20.0,0.5555556,9.0,5.0,0.920373831775701,0.8817005545286506
20.0,0.5555556,9.0,8.0,0.920373831775701,0.8817005545286506
20.0,0.5555556,9.0,12.0,0.920373831775701,0.8817005545286506
20.0,0.5555556,9.0,20.0,0.9173831775700935,0.8802218114602589
20.0,0.5555556,9.0,32.0,0.9094080996884735,0.8750462107208872
20.0,0.5555556,9.0,50.0,0.8963239875389408,0.8724584103512015
20.0,0.5555556,9.0,80.0,0.8823676012461059,0.8621072088724585
20.0,0.5555556,9.0,128.0,0.8669158878504672,0.8524953789279113
20.0,0.5555556,11.0,2.0,0.9136448598130841,0.879112754158965
20.0,0.5555556,11.0,3.0,0.9136448598130841,0.879112754158965
20.0,0.5555556,11.0,5.0,0.9136448598130841,0.879112754158965
20.0,0.5555556,11.0,8.0,0.9136448598130841,0.879112754158965
20.0,0.5555556,11.0,12.0,0.9136448598130841,0.879112754158965
20.0,0.5555556,11.0,20.0,0.9136448598130841,0.879112754158965
20.0,0.5555556,11.0,32.0,0.9057943925233645,0.8728280961182995
20.0,0.5555556,11.0,50.0,0.8950778816199378,0.8713493530499076
20.0,0.5555556,11.0,80.0,0.8801246105919004,0.8617375231053603
20.0,0.5555556,11.0,128.0,0.8672897196261682,0.8539741219963031
20.0,0.5555556,13.0,2.0,0.9080373831775701,0.8724584103512015
20.0,0.5555556,13.0,3.0,0.9080373831775701,0.8724584103512015
20.0,0.5555556,13.0,5.0,0.9080373831775701,0.8724584103512015
20.0,0.5555556,13.0,8.0,0.9080373831775701,0.8724584103512015
20.0,0.5555556,13.0,12.0,0.9080373831775701,0.8724584103512015
20.0,0.5555556,13.0,20.0,0.9080373831775701,0.8724584103512015
20.0,0.5555556,13.0,32.0,0.9046728971962616,0.8709796672828096
20.0,0.5555556,13.0,50.0,0.8948286604361371,0.8695009242144177
20.0,0.5555556,13.0,80.0,0.8786292834890966,0.8606284658040666
20.0,0.5555556,13.0,128.0,0.8674143302180685,0.8524953789279113
20.0,0.5555556,15.0,2.0,0.9019314641744549,0.8695009242144177
20.0,0.5555556,15.0,3.0,0.9019314641744549,0.8695009242144177
20.0,0.5555556,15.0,5.0,0.9019314641744549,0.8695009242144177
20.0,0.5555556,15.0,8.0,0.9019314641744549,0.8695009242144177
20.0,0.5555556,15.0,12.0,0.9019314641744549,0.8695009242144177
20.0,0.5555556,15.0,20.0,0.9019314641744549,0.8695009242144177
20.0,0.5555556,15.0,32.0,0.9014330218068537,0.8706099815157117
20.0,0.5555556,15.0,50.0,0.8939563862928349,0.8680221811460258
20.0,0.5555556,15.0,80.0,0.8785046728971964,0.8606284658040666
20.0,0.5555556,15.0,128.0,0.8666666666666668,0.8513863216266173
20.0,0.5555556,17.0,2.0,0.8974454828660436,0.8691312384473198
20.0,0.5555556,17.0,3.0,0.8974454828660436,0.8691312384473198
20.0,0.5555556,17.0,5.0,0.8974454828660436,0.8691312384473198
20.0,0.5555556,17.0,8.0,0.8974454828660436,0.8691312384473198
20.0,0.5555556,17.0,12.0,0.8974454828660436,0.8691312384473198
20.0,0.5555556,17.0,20.0,0.8974454828660436,0.8691312384473198
20.0,0.5555556,17.0,32.0,0.8974454828660436,0.8691312384473198
20.0,0.5555556,17.0,50.0,0.8922118380062305,0.867652495378928
20.0,0.5555556,17.0,80.0,0.878380062305296,0.8584103512014789
20.0,0.5555556,17.0,128.0,0.8660436137071651,0.8506469500924215
20.0,0.5555556,20.0,2.0,0.8937071651090344,0.8654343807763402
20.0,0.5555556,20.0,3.0,0.8937071651090344,0.8654343807763402
20.0,0.5555556,20.0,5.0,0.8937071651090344,0.8654343807763402
20.0,0.5555556,20.0,8.0,0.8937071651090344,0.8654343807763402
20.0,0.5555556,20.0,12.0,0.8937071651090344,0.8654343807763402
20.0,0.5555556,20.0,20.0,0.8937071651090344,0.8654343807763402
20.0,0.5555556,20.0,32.0,0.8937071651090344,0.8654343807763402
20.0,0.5555556,20.0,50.0,0.8909657320872274,0.866543438077634
20.0,0.5555556,20.0,80.0,0.8765109034267912,0.8609981515711645
20.0,0.5555556,20.0,128.0,0.8654205607476635,0.8517560073937153
20.0,0.6666667,1.0,2.0,0.9637383177570094,0.8975970425138632
20.0,0.6666667,1.0,3.0,0.9637383177570094,0.8987060998151571
20.0,0.6666667,1.0,5.0,0.9622429906542056,0.8979667282809611
20.0,0.6666667,1.0,8.0,0.9566355140186916,0.8939001848428836
20.0,0.6666667,1.0,12.0,0.9479127725856697,0.8905730129390019
20.0,0.6666667,1.0,20.0,0.9345794392523364,0.8853974121996304
20.0,0.6666667,1.0,32.0,0.9218691588785045,0.8783733826247688
20.0,0.6666667,1.0,50.0,0.9049221183800622,0.8728280961182995
20.0,0.6666667,1.0,80.0,0.8890965732087228,0.8669131238447318
20.0,0.6666667,1.0,128.0,0.8716510903426791,0.8547134935304991
20.0,0.6666667,3.0,2.0,0.9502803738317758,0.8913123844731977
20.0,0.6666667,3.0,3.0,0.9502803738317758,0.8913123844731977
20.0,0.6666667,3.0,5.0,0.9502803738317758,0.8913123844731977
20.0,0.6666667,3.0,8.0,0.9471651090342679,0.8920517560073937
20.0,0.6666667,3.0,12.0,0.9399376947040498,0.8887245841035121
20.0,0.6666667,3.0,20.0,0.9287227414330218,0.8868761552680222
20.0,0.6666667,3.0,32.0,0.9173831775700935,0.877634011090573
20.0,0.6666667,3.0,50.0,0.9018068535825545,0.8724584103512015
20.0,0.6666667,3.0,80.0,0.8878504672897197,0.8661737523105361
20.0,0.6666667,3.0,128.0,0.8702803738317757,0.8547134935304991
20.0,0.6666667,5.0,2.0,0.936448598130841,0.8879852125693161
20.0,0.6666667,5.0,3.0,0.936448598130841,0.8879852125693161
20.0,0.6666667,5.0,5.0,0.936448598130841,0.8879852125693161
20.0,0.6666667,5.0,8.0,0.936448598130841,0.8879852125693161
20.0,0.6666667,5.0,12.0,0.9347040498442368,0.88909426987061
20.0,0.6666667,5.0,20.0,0.92398753894081,0.8805914972273567
20.0,0.6666667,5.0,32.0,0.9122741433021806,0.8772643253234751
20.0,0.6666667,5.0,50.0,0.9003115264797508,0.8728280961182995
20.0,0.6666667,5.0,80.0,0.8864797507788162,0.8669131238447318
20.0,0.6666667,5.0,128.0,0.8696573208722741,0.8536044362292052
20.0,0.6666667,7.0,2.0,0.9261059190031153,0.8839186691312385
20.0,0.6666667,7.0,3.0,0.9261059190031153,0.8839186691312385
20.0,0.6666667,7.0,5.0,0.9261059190031153,0.8839186691312385
20.0,0.6666667,7.0,8.0,0.9261059190031153,0.8839186691312385
20.0,0.6666667,7.0,12.0,0.9261059190031153,0.8839186691312385
20.0,0.6666667,7.0,20.0,0.9204984423676013,0.8798521256931607
20.0,0.6666667,7.0,32.0,0.9110280373831776,0.8757855822550832
20.0,0.6666667,7.0,50.0,0.9001869158878504,0.8724584103512015
20.0,0.6666667,7.0,80.0,0.8861059190031153,0.86728280961183
20.0,0.6666667,7.0,128.0,0.8695327102803738,0.8543438077634011
20.0,0.6666667,9.0,2.0,0.9177570093457945,0.8794824399260628
20.0,0.6666667,9.0,3.0,0.9177570093457945,0.8794824399260628
20.0,0.6666667,9.0,5.0,0.9177570093457945,0.8794824399260628
20.0,0.6666667,9.0,8.0,0.9177570093457945,0.8794824399260628
20.0,0.6666667,9.0,12.0,0.9177570093457945,0.8794824399260628
20.0,0.6666667,9.0,20.0,0.9187538940809968,0.8794824399260628
20.0,0.6666667,9.0,32.0,0.908785046728972,0.8735674676524953
20.0,0.6666667,9.0,50.0,0.8991900311526481,0.8720887245841036
20.0,0.6666667,9.0,80.0,0.8847352024922118,0.8650646950092421
20.0,0.6666667,9.0,128.0,0.8695327102803738,0.8539741219963032
20.0,0.6666667,11.0,2.0,0.9136448598130841,0.878003696857671
20.0,0.6666667,11.0,3.0,0.9136448598130841,0.878003696857671
20.0,0.6666667,11.0,5.0,0.9136448598130841,0.878003696857671
20.0,0.6666667,11.0,8.0,0.9136448598130841,0.878003696857671
20.0,0.6666667,11.0,12.0,0.9136448598130841,0.878003696857671
20.0,0.6666667,11.0,20.0,0.9136448598130841,0.878003696857671
20.0,0.6666667,11.0,32.0,0.9075389408099689,0.8746765249537892
20.0,0.6666667,11.0,50.0,0.8966978193146418,0.8709796672828096
20.0,0.6666667,11.0,80.0,0.8849844236760125,0.8658040665434381
20.0,0.6666667,11.0,128.0,0.868411214953271,0.8528650646950092
20.0,0.6666667,13.0,2.0,0.9090342679127726,0.8761552680221811
20.0,0.6666667,13.0,3.0,0.9090342679127726,0.8761552680221811
20.0,0.6666667,13.0,5.0,0.9090342679127726,0.8761552680221811
20.0,0.6666667,13.0,8.0,0.9090342679127726,0.8761552680221811
20.0,0.6666667,13.0,12.0,0.9090342679127726,0.8761552680221811
20.0,0.6666667,13.0,20.0,0.9090342679127726,0.8761552680221811
20.0,0.6666667,13.0,32.0,0.9052959501557633,0.8735674676524955
20.0,0.6666667,13.0,50.0,0.895576323987539,0.8698706099815157
20.0,0.6666667,13.0,80.0,0.8828660436137072,0.8650646950092421
20.0,0.6666667,13.0,128.0,0.8689096573208722,0.8521256931608134
20.0,0.6666667,15.0,2.0,0.9046728971962616,0.8739371534195934
20.0,0.6666667,15.0,3.0,0.9046728971962616,0.8739371534195934
20.0,0.6666667,15.0,5.0,0.9046728971962616,0.8739371534195934
20.0,0.6666667,15.0,8.0,0.9046728971962616,0.8739371534195934
20.0,0.6666667,15.0,12.0,0.9046728971962616,0.8739371534195934
20.0,0.6666667,15.0,20.0,0.9046728971962616,0.8739371534195934
20.0,0.6666667,15.0,32.0,0.9033021806853583,0.8724584103512015
20.0,0.6666667,15.0,50.0,0.8945794392523364,0.8702402957486136
20.0,0.6666667,15.0,80.0,0.8818691588785047,0.8632162661737522
20.0,0.6666667,15.0,128.0,0.8677881619937695,0.8536044362292052
20.0,0.6666667,17.0,2.0,0.9001869158878504,0.8698706099815159
20.0,0.6666667,17.0,3.0,0.9001869158878504,0.8698706099815159
20.0,0.6666667,17.0,5.0,0.9001869158878504,0.8698706099815159
20.0,0.6666667,17.0,8.0,0.9001869158878504,0.8698706099815159
20.0,0.6666667,17.0,12.0,0.9001869158878504,0.8698706099815159
20.0,0.6666667,17.0,20.0,0.9001869158878504,0.8698706099815159
20.0,0.6666667,17.0,32.0,0.9001869158878504,0.8698706099815159
20.0,0.6666667,17.0,50.0,0.8938317757009345,0.866543438077634
20.0,0.6666667,17.0,80.0,0.8811214953271028,0.8632162661737522
20.0,0.6666667,17.0,128.0,0.8662928348909658,0.8517560073937153
20.0,0.6666667,20.0,2.0,0.8958255451713395,0.867652495378928
20.0,0.6666667,20.0,3.0,0.8958255451713395,0.867652495378928
20.0,0.6666667,20.0,5.0,0.8958255451713395,0.867652495378928
20.0,0.6666667,20.0,8.0,0.8958255451713395,0.867652495378928
20.0,0.6666667,20.0,12.0,0.8958255451713395,0.867652495378928
20.0,0.6666667,20.0,20.0,0.8958255451713395,0.867652495378928
20.0,0.6666667,20.0,32.0,0.8958255451713395,0.867652495378928
20.0,0.6666667,20.0,50.0,0.8924610591900312,0.8646950092421442
20.0,0.6666667,20.0,80.0,0.8798753894080997,0.8635859519408502
20.0,0.6666667,20.0,128.0,0.8659190031152647,0.8513863216266173
20.0,0.7777778,1.0,2.0,0.9637383177570094,0.8975970425138632
20.0,0.7777778,1.0,3.0,0.9637383177570094,0.8987060998151571
20.0,0.7777778,1.0,5.0,0.9622429906542056,0.8979667282809611
20.0,0.7777778,1.0,8.0,0.9566355140186916,0.8939001848428836
20.0,0.7777778,1.0,12.0,0.9479127725856697,0.8905730129390019
20.0,0.7777778,1.0,20.0,0.9345794392523364,0.8853974121996304
20.0,0.7777778,1.0,32.0,0.9218691588785045,0.8783733826247688
20.0,0.7777778,1.0,50.0,0.9049221183800622,0.8728280961182995
20.0,0.7777778,1.0,80.0,0.8890965732087228,0.8669131238447318
20.0,0.7777778,1.0,128.0,0.8716510903426791,0.8547134935304991
20.0,0.7777778,3.0,2.0,0.9502803738317758,0.8913123844731977
20.0,0.7777778,3.0,3.0,0.9502803738317758,0.8913123844731977
20.0,0.7777778,3.0,5.0,0.9502803738317758,0.8913123844731977
20.0,0.7777778,3.0,8.0,0.9471651090342679,0.8920517560073937
20.0,0.7777778,3.0,12.0,0.9399376947040498,0.8887245841035121
20.0,0.7777778,3.0,20.0,0.9287227414330218,0.8868761552680222
20.0,0.7777778,3.0,32.0,0.9173831775700935,0.877634011090573
20.0,0.7777778,3.0,50.0,0.9018068535825545,0.8724584103512015
20.0,0.7777778,3.0,80.0,0.8878504672897197,0.8661737523105361
20.0,0.7777778,3.0,128.0,0.8702803738317757,0.8547134935304991
20.0,0.7777778,5.0,2.0,0.936448598130841,0.8879852125693161
20.0,0.7777778,5.0,3.0,0.936448598130841,0.8879852125693161
20.0,0.7777778,5.0,5.0,0.936448598130841,0.8879852125693161
20.0,0.7777778,5.0,8.0,0.936448598130841,0.8879852125693161
20.0,0.7777778,5.0,12.0,0.9347040498442368,0.88909426987061
20.0,0.7777778,5.0,20.0,0.92398753894081,0.8805914972273567
20.0,0.7777778,5.0,32.0,0.9122741433021806,0.8772643253234751
20.0,0.7777778,5.0,50.0,0.9003115264797508,0.8728280961182995
20.0,0.7777778,5.0,80.0,0.8864797507788162,0.8669131238447318
20.0,0.7777778,5.0,128.0,0.8696573208722741,0.8536044362292052
20.0,0.7777778,7.0,2.0,0.9261059190031153,0.8839186691312385
20.0,0.7777778,7.0,3.0,0.9261059190031153,0.8839186691312385
20.0,0.7777778,7.0,5.0,0.9261059190031153,0.8839186691312385
20.0,0.7777778,7.0,8.0,0.9261059190031153,0.8839186691312385
20.0,0.7777778,7.0,12.0,0.9261059190031153,0.8839186691312385
20.0,0.7777778,7.0,20.0,0.9204984423676013,0.8798521256931607
20.0,0.7777778,7.0,32.0,0.9110280373831776,0.8757855822550832
20.0,0.7777778,7.0,50.0,0.9001869158878504,0.8724584103512015
20.0,0.7777778,7.0,80.0,0.8861059190031153,0.86728280961183
20.0,0.7777778,7.0,128.0,0.8695327102803738,0.8543438077634011
20.0,0.7777778,9.0,2.0,0.9177570093457945,0.8794824399260628
20.0,0.7777778,9.0,3.0,0.9177570093457945,0.8794824399260628
20.0,0.7777778,9.0,5.0,0.9177570093457945,0.8794824399260628
20.0,0.7777778,9.0,8.0,0.9177570093457945,0.8794824399260628
20.0,0.7777778,9.0,12.0,0.9177570093457945,0.8794824399260628
20.0,0.7777778,9.0,20.0,0.9187538940809968,0.8794824399260628
20.0,0.7777778,9.0,32.0,0.908785046728972,0.8735674676524953
20.0,0.7777778,9.0,50.0,0.8991900311526481,0.8720887245841036
20.0,0.7777778,9.0,80.0,0.8847352024922118,0.8650646950092421
20.0,0.7777778,9.0,128.0,0.8695327102803738,0.8539741219963032
20.0,0.7777778,11.0,2.0,0.9136448598130841,0.878003696857671
20.0,0.7777778,11.0,3.0,0.9136448598130841,0.878003696857671
20.0,0.7777778,11.0,5.0,0.9136448598130841,0.878003696857671
20.0,0.7777778,11.0,8.0,0.9136448598130841,0.878003696857671
20.0,0.7777778,11.0,12.0,0.9136448598130841,0.878003696857671
20.0,0.7777778,11.0,20.0,0.9136448598130841,0.878003696857671
20.0,0.7777778,11.0,32.0,0.9075389408099689,0.8746765249537892
20.0,0.7777778,11.0,50.0,0.8966978193146418,0.8709796672828096
20.0,0.7777778,11.0,80.0,0.8849844236760125,0.8658040665434381
20.0,0.7777778,11.0,128.0,0.868411214953271,0.8528650646950092
20.0,0.7777778,13.0,2.0,0.9090342679127726,0.8761552680221811
20.0,0.7777778,13.0,3.0,0.9090342679127726,0.8761552680221811
20.0,0.7777778,13.0,5.0,0.9090342679127726,0.8761552680221811
20.0,0.7777778,13.0,8.0,0.9090342679127726,0.8761552680221811
20.0,0.7777778,13.0,12.0,0.9090342679127726,0.8761552680221811
20.0,0.7777778,13.0,20.0,0.9090342679127726,0.8761552680221811
20.0,0.7777778,13.0,32.0,0.9052959501557633,0.8735674676524955
20.0,0.7777778,13.0,50.0,0.895576323987539,0.8698706099815157
20.0,0.7777778,13.0,80.0,0.8828660436137072,0.8650646950092421
20.0,0.7777778,13.0,128.0,0.8689096573208722,0.8521256931608134
20.0,0.7777778,15.0,2.0,0.9046728971962616,0.8739371534195934
20.0,0.7777778,15.0,3.0,0.9046728971962616,0.8739371534195934
20.0,0.7777778,15.0,5.0,0.9046728971962616,0.8739371534195934
20.0,0.7777778,15.0,8.0,0.9046728971962616,0.8739371534195934
20.0,0.7777778,15.0,12.0,0.9046728971962616,0.8739371534195934
20.0,0.7777778,15.0,20.0,0.9046728971962616,0.8739371534195934
20.0,0.7777778,15.0,32.0,0.9033021806853583,0.8724584103512015
20.0,0.7777778,15.0,50.0,0.8945794392523364,0.8702402957486136
20.0,0.7777778,15.0,80.0,0.8818691588785047,0.8632162661737522
20.0,0.7777778,15.0,128.0,0.8677881619937695,0.8536044362292052
20.0,0.7777778,17.0,2.0,0.9001869158878504,0.8698706099815159
20.0,0.7777778,17.0,3.0,0.9001869158878504,0.8698706099815159
20.0,0.7777778,17.0,5.0,0.9001869158878504,0.8698706099815159
20.0,0.7777778,17.0,8.0,0.9001869158878504,0.8698706099815159
20.0,0.7777778,17.0,12.0,0.9001869158878504,0.8698706099815159
20.0,0.7777778,17.0,20.0,0.9001869158878504,0.8698706099815159
20.0,0.7777778,17.0,32.0,0.9001869158878504,0.8698706099815159
20.0,0.7777778,17.0,50.0,0.8938317757009345,0.866543438077634
20.0,0.7777778,17.0,80.0,0.8811214953271028,0.8632162661737522
20.0,0.7777778,17.0,128.0,0.8662928348909658,0.8517560073937153
20.0,0.7777778,20.0,2.0,0.8958255451713395,0.867652495378928
20.0,0.7777778,20.0,3.0,0.8958255451713395,0.867652495378928
20.0,0.7777778,20.0,5.0,0.8958255451713395,0.867652495378928
20.0,0.7777778,20.0,8.0,0.8958255451713395,0.867652495378928
20.0,0.7777778,20.0,12.0,0.8958255451713395,0.867652495378928
20.0,0.7777778,20.0,20.0,0.8958255451713395,0.867652495378928
20.0,0.7777778,20.0,32.0,0.8958255451713395,0.867652495378928
20.0,0.7777778,20.0,50.0,0.8924610591900312,0.8646950092421442
20.0,0.7777778,20.0,80.0,0.8798753894080997,0.8635859519408502
20.0,0.7777778,20.0,128.0,0.8659190031152647,0.8513863216266173
20.0,0.8888889,1.0,2.0,0.9626168224299064,0.8983364140480592
20.0,0.8888889,1.0,3.0,0.9628660436137071,0.8987060998151571
20.0,0.8888889,1.0,5.0,0.962367601246106,0.8968576709796674
20.0,0.8888889,1.0,8.0,0.9553894080996885,0.8935304990757856
20.0,0.8888889,1.0,12.0,0.9482866043613708,0.8905730129390019
20.0,0.8888889,1.0,20.0,0.9350778816199377,0.8813308687615526
20.0,0.8888889,1.0,32.0,0.9198753894080998,0.8765249537892791
20.0,0.8888889,1.0,50.0,0.9050467289719627,0.8691312384473198
20.0,0.8888889,1.0,80.0,0.8858566978193145,0.8624768946395565
20.0,0.8888889,1.0,128.0,0.8705295950155764,0.8506469500924215
20.0,0.8888889,3.0,2.0,0.9496573208722742,0.8931608133086876
20.0,0.8888889,3.0,3.0,0.9496573208722742,0.8931608133086876
20.0,0.8888889,3.0,5.0,0.9496573208722742,0.8931608133086876
20.0,0.8888889,3.0,8.0,0.9460436137071652,0.8920517560073937
20.0,0.8888889,3.0,12.0,0.9400623052959501,0.8872458410351202
20.0,0.8888889,3.0,20.0,0.9277258566978193,0.8809611829944547
20.0,0.8888889,3.0,32.0,0.914392523364486,0.8746765249537892
20.0,0.8888889,3.0,50.0,0.9009345794392523,0.8702402957486136
20.0,0.8888889,3.0,80.0,0.8841121495327103,0.8624768946395565
20.0,0.8888889,3.0,128.0,0.8689096573208722,0.8491682070240296
20.0,0.8888889,5.0,2.0,0.9357009345794391,0.890203327171904
20.0,0.8888889,5.0,3.0,0.9357009345794391,0.890203327171904
20.0,0.8888889,5.0,5.0,0.9357009345794391,0.890203327171904
20.0,0.8888889,5.0,8.0,0.9357009345794391,0.890203327171904
20.0,0.8888889,5.0,12.0,0.9340809968847352,0.8861367837338262
20.0,0.8888889,5.0,20.0,0.921993769470405,0.8817005545286506
20.0,0.8888889,5.0,32.0,0.9107788161993768,0.878743068391867
20.0,0.8888889,5.0,50.0,0.9001869158878504,0.8713493530499076
20.0,0.8888889,5.0,80.0,0.8838629283489097,0.8621072088724585
20.0,0.8888889,5.0,128.0,0.8685358255451714,0.8506469500924215
20.0,0.8888889,7.0,2.0,0.9251090342679127,0.8831792975970425
20.0,0.8888889,7.0,3.0,0.9251090342679127,0.8831792975970425
20.0,0.8888889,7.0,5.0,0.9251090342679127,0.8831792975970425
20.0,0.8888889,7.0,8.0,0.9251090342679127,0.8831792975970425
20.0,0.8888889,7.0,12.0,0.9251090342679127,0.8831792975970425
20.0,0.8888889,7.0,20.0,0.9181308411214953,0.8809611829944547
20.0,0.8888889,7.0,32.0,0.9081619937694704,0.8761552680221811
20.0,0.8888889,7.0,50.0,0.896822429906542,0.8669131238447321
20.0,0.8888889,7.0,80.0,0.8832398753894081,0.8617375231053603
20.0,0.8888889,7.0,128.0,0.8676635514018691,0.8495378927911276
20.0,0.8888889,9.0,2.0,0.9157632398753893,0.8824399260628466
20.0,0.8888889,9.0,3.0,0.9157632398753893,0.8824399260628466
20.0,0.8888889,9.0,5.0,0.9157632398753893,0.8824399260628466
20.0,0.8888889,9.0,8.0,0.9157632398753893,0.8824399260628466
20.0,0.8888889,9.0,12.0,0.9157632398753893,0.8824399260628466
20.0,0.8888889,9.0,20.0,0.915638629283489,0.8794824399260628
20.0,0.8888889,9.0,32.0,0.906417445482866,0.8750462107208872
20.0,0.8888889,9.0,50.0,0.896822429906542,0.8695009242144177
20.0,0.8888889,9.0,80.0,0.8821183800623054,0.8624768946395565
20.0,0.8888889,9.0,128.0,0.8674143302180685,0.8491682070240296
20.0,0.8888889,11.0,2.0,0.9102803738317757,0.878373382624769
20.0,0.8888889,11.0,3.0,0.9102803738317757,0.878373382624769
20.0,0.8888889,11.0,5.0,0.9102803738317757,0.878373382624769
20.0,0.8888889,11.0,8.0,0.9102803738317757,0.878373382624769
20.0,0.8888889,11.0,12.0,0.9102803738317757,0.878373382624769
20.0,0.8888889,11.0,20.0,0.9102803738317757,0.878373382624769
20.0,0.8888889,11.0,32.0,0.9041744548286605,0.8750462107208872
20.0,0.8888889,11.0,50.0,0.895202492211838,0.8687615526802219
20.0,0.8888889,11.0,80.0,0.881619937694704,0.8639556377079483
20.0,0.8888889,11.0,128.0,0.866791277258567,0.8480591497227357
20.0,0.8888889,13.0,2.0,0.9072897196261682,0.8757855822550832
20.0,0.8888889,13.0,3.0,0.9072897196261682,0.8757855822550832
20.0,0.8888889,13.0,5.0,0.9072897196261682,0.8757855822550832
20.0,0.8888889,13.0,8.0,0.9072897196261682,0.8757855822550832
20.0,0.8888889,13.0,12.0,0.9072897196261682,0.8757855822550832
20.0,0.8888889,13.0,20.0,0.9072897196261682,0.8757855822550832
20.0,0.8888889,13.0,32.0,0.9039252336448598,0.8724584103512015
20.0,0.8888889,13.0,50.0,0.8935825545171341,0.8702402957486136
20.0,0.8888889,13.0,80.0,0.881619937694704,0.8613678373382625
20.0,0.8888889,13.0,128.0,0.8670404984423676,0.8473197781885398
20.0,0.8888889,15.0,2.0,0.902429906542056,0.8717190388170055
20.0,0.8888889,15.0,3.0,0.902429906542056,0.8717190388170055
20.0,0.8888889,15.0,5.0,0.902429906542056,0.8717190388170055
20.0,0.8888889,15.0,8.0,0.902429906542056,0.8717190388170055
20.0,0.8888889,15.0,12.0,0.902429906542056,0.8717190388170055
20.0,0.8888889,15.0,20.0,0.902429906542056,0.8717190388170055
20.0,0.8888889,15.0,32.0,0.9026791277258568,0.8713493530499076
20.0,0.8888889,15.0,50.0,0.892834890965732,0.8680221811460258
20.0,0.8888889,15.0,80.0,0.8796261682242991,0.8609981515711645
20.0,0.8888889,15.0,128.0,0.8675389408099689,0.8487985212569317
20.0,0.8888889,17.0,2.0,0.9003115264797508,0.8706099815157117
20.0,0.8888889,17.0,3.0,0.9003115264797508,0.8706099815157117
20.0,0.8888889,17.0,5.0,0.9003115264797508,0.8706099815157117
20.0,0.8888889,17.0,8.0,0.9003115264797508,0.8706099815157117
20.0,0.8888889,17.0,12.0,0.9003115264797508,0.8706099815157117
20.0,0.8888889,17.0,20.0,0.9003115264797508,0.8706099815157117
20.0,0.8888889,17.0,32.0,0.9003115264797508,0.8706099815157117
20.0,0.8888889,17.0,50.0,0.8929595015576324,0.8698706099815157
20.0,0.8888889,17.0,80.0,0.878380062305296,0.8606284658040666
20.0,0.8888889,17.0,128.0,0.8662928348909658,0.8476894639556377
20.0,0.8888889,20.0,2.0,0.8935825545171341,0.8658040665434381
20.0,0.8888889,20.0,3.0,0.8935825545171341,0.8658040665434381
20.0,0.8888889,20.0,5.0,0.8935825545171341,0.8658040665434381
20.0,0.8888889,20.0,8.0,0.8935825545171341,0.8658040665434381
20.0,0.8888889,20.0,12.0,0.8935825545171341,0.8658040665434381
20.0,0.8888889,20.0,20.0,0.8935825545171341,0.8658040665434381
20.0,0.8888889,20.0,32.0,0.8935825545171341,0.8658040665434381
20.0,0.8888889,20.0,50.0,0.8907165109034267,0.8639556377079483
20.0,0.8888889,20.0,80.0,0.8772585669781933,0.8602587800369685
20.0,0.8888889,20.0,128.0,0.8659190031152647,0.8484288354898336
20.0,1.0,1.0,2.0,0.9618691588785048,0.8961182994454713
20.0,1.0,1.0,3.0,0.9612461059190031,0.8964879852125692
20.0,1.0,1.0,5.0,0.9596261682242991,0.8961182994454713
20.0,1.0,1.0,8.0,0.9538940809968848,0.8927911275415896
20.0,1.0,1.0,12.0,0.9460436137071652,0.8879852125693161
20.0,1.0,1.0,20.0,0.9315887850467289,0.8802218114602589
20.0,1.0,1.0,32.0,0.9158878504672897,0.8746765249537892
20.0,1.0,1.0,50.0,0.8989408099688474,0.8658040665434381
20.0,1.0,1.0,80.0,0.8818691588785047,0.8565619223659888
20.0,1.0,1.0,128.0,0.8605607476635514,0.8421441774491681
20.0,1.0,3.0,2.0,0.9471651090342679,0.8931608133086876
20.0,1.0,3.0,3.0,0.9471651090342679,0.8931608133086876
20.0,1.0,3.0,5.0,0.9471651090342679,0.8931608133086876
20.0,1.0,3.0,8.0,0.9433021806853583,0.8913123844731977
20.0,1.0,3.0,12.0,0.9365732087227414,0.8879852125693161
20.0,1.0,3.0,20.0,0.9237383177570093,0.8805914972273567
20.0,1.0,3.0,32.0,0.9101557632398753,0.8724584103512015
20.0,1.0,3.0,50.0,0.8950778816199376,0.8643253234750462
20.0,1.0,3.0,80.0,0.8796261682242991,0.855822550831793
20.0,1.0,3.0,128.0,0.859190031152648,0.8414048059149722
20.0,1.0,5.0,2.0,0.9330841121495327,0.8868761552680222
20.0,1.0,5.0,3.0,0.9330841121495327,0.8868761552680222
20.0,1.0,5.0,5.0,0.9330841121495327,0.8868761552680222
20.0,1.0,5.0,8.0,0.9330841121495327,0.8868761552680222
20.0,1.0,5.0,12.0,0.9307165109034269,0.8835489833641403
20.0,1.0,5.0,20.0,0.918380062305296,0.8794824399260628
20.0,1.0,5.0,32.0,0.9060436137071651,0.8724584103512015
20.0,1.0,5.0,50.0,0.8922118380062306,0.8632162661737522
20.0,1.0,5.0,80.0,0.8776323987538941,0.855822550831793
20.0,1.0,5.0,128.0,0.8584423676012461,0.8406654343807762
20.0,1.0,7.0,2.0,0.9232398753894081,0.8794824399260628
20.0,1.0,7.0,3.0,0.9232398753894081,0.8794824399260628
20.0,1.0,7.0,5.0,0.9232398753894081,0.8794824399260628
20.0,1.0,7.0,8.0,0.9232398753894081,0.8794824399260628
20.0,1.0,7.0,12.0,0.9232398753894081,0.8794824399260628
20.0,1.0,7.0,20.0,0.9155140186915889,0.8761552680221811
20.0,1.0,7.0,32.0,0.9042990654205607,0.8728280961182995
20.0,1.0,7.0,50.0,0.8912149532710281,0.8628465804066543
20.0,1.0,7.0,80.0,0.876386292834891,0.8547134935304991
20.0,1.0,7.0,128.0,0.8583177570093458,0.8399260628465803
20.0,1.0,9.0,2.0,0.9132710280373832,0.878743068391867
20.0,1.0,9.0,3.0,0.9132710280373832,0.878743068391867
20.0,1.0,9.0,5.0,0.9132710280373832,0.878743068391867
20.0,1.0,9.0,8.0,0.9132710280373832,0.878743068391867
20.0,1.0,9.0,12.0,0.9132710280373832,0.878743068391867
20.0,1.0,9.0,20.0,0.9122741433021806,0.876894639556377
20.0,1.0,9.0,32.0,0.9018068535825545,0.8713493530499076
20.0,1.0,9.0,50.0,0.8893457943925235,0.8635859519408502
20.0,1.0,9.0,80.0,0.8750155763239876,0.8539741219963032
20.0,1.0,9.0,128.0,0.8580685358255451,0.8395563770794825
20.0,1.0,11.0,2.0,0.9062928348909658,0.8739371534195934
20.0,1.0,11.0,3.0,0.9062928348909658,0.8739371534195934
20.0,1.0,11.0,5.0,0.9062928348909658,0.8739371534195934
20.0,1.0,11.0,8.0,0.9062928348909658,0.8739371534195934
20.0,1.0,11.0,12.0,0.9062928348909658,0.8739371534195934
20.0,1.0,11.0,20.0,0.9062928348909658,0.8739371534195934
20.0,1.0,11.0,32.0,0.8989408099688474,0.8717190388170055
20.0,1.0,11.0,50.0,0.8880996884735202,0.8628465804066543
20.0,1.0,11.0,80.0,0.8746417445482866,0.8547134935304991
20.0,1.0,11.0,128.0,0.8578193146417445,0.8402957486136783
20.0,1.0,13.0,2.0,0.902429906542056,0.8713493530499076
20.0,1.0,13.0,3.0,0.902429906542056,0.8713493530499076
20.0,1.0,13.0,5.0,0.902429906542056,0.8713493530499076
20.0,1.0,13.0,8.0,0.902429906542056,0.8713493530499076
20.0,1.0,13.0,12.0,0.902429906542056,0.8713493530499076
20.0,1.0,13.0,20.0,0.902429906542056,0.8713493530499076
20.0,1.0,13.0,32.0,0.8978193146417446,0.8687615526802219
20.0,1.0,13.0,50.0,0.8872274143302181,0.8654343807763402
20.0,1.0,13.0,80.0,0.874392523364486,0.8528650646950092
20.0,1.0,13.0,128.0,0.8573208722741432,0.8380776340110906
20.0,1.0,15.0,2.0,0.8980685358255451,0.8687615526802219
20.0,1.0,15.0,3.0,0.8980685358255451,0.8687615526802219
20.0,1.0,15.0,5.0,0.8980685358255451,0.8687615526802219
20.0,1.0,15.0,8.0,0.8980685358255451,0.8687615526802219
20.0,1.0,15.0,12.0,0.8980685358255451,0.8687615526802219
20.0,1.0,15.0,20.0,0.8980685358255451,0.8687615526802219
20.0,1.0,15.0,32.0,0.8961993769470405,0.86728280961183
20.0,1.0,15.0,50.0,0.8868535825545172,0.8669131238447318
20.0,1.0,15.0,80.0,0.8736448598130842,0.8539741219963032
20.0,1.0,15.0,128.0,0.856822429906542,0.8391866913123845
20.0,1.0,17.0,2.0,0.8930841121495326,0.8658040665434381
20.0,1.0,17.0,3.0,0.8930841121495326,0.8658040665434381
20.0,1.0,17.0,5.0,0.8930841121495326,0.8658040665434381
20.0,1.0,17.0,8.0,0.8930841121495326,0.8658040665434381
20.0,1.0,17.0,12.0,0.8930841121495326,0.8658040665434381
20.0,1.0,17.0,20.0,0.8930841121495326,0.8658040665434381
20.0,1.0,17.0,32.0,0.8930841121495326,0.8658040665434381
20.0,1.0,17.0,50.0,0.8859813084112149,0.866543438077634
20.0,1.0,17.0,80.0,0.8721495327102804,0.8547134935304991
20.0,1.0,17.0,128.0,0.8564485981308412,0.8399260628465803
20.0,1.0,20.0,2.0,0.8869781931464175,0.8628465804066543
20.0,1.0,20.0,3.0,0.8869781931464175,0.8628465804066543
20.0,1.0,20.0,5.0,0.8869781931464175,0.8628465804066543
20.0,1.0,20.0,8.0,0.8869781931464175,0.8628465804066543
20.0,1.0,20.0,12.0,0.8869781931464175,0.8628465804066543
20.0,1.0,20.0,20.0,0.8869781931464175,0.8628465804066543
20.0,1.0,20.0,32.0,0.8869781931464175,0.8628465804066543
20.0,1.0,20.0,50.0,0.88398753894081,0.8624768946395565
20.0,1.0,20.0,80.0,0.8696573208722741,0.8543438077634011
20.0,1.0,20.0,128.0,0.8543302180685359,0.8388170055452864
32.0,0.0,1.0,2.0,0.96398753894081,0.8987060998151571
32.0,0.0,1.0,3.0,0.9646105919003116,0.8950092421441775
32.0,0.0,1.0,5.0,0.9618691588785045,0.8939001848428836
32.0,0.0,1.0,8.0,0.9555140186915889,0.8905730129390019
32.0,0.0,1.0,12.0,0.9489096573208723,0.88909426987061
32.0,0.0,1.0,20.0,0.9327102803738316,0.8839186691312385
32.0,0.0,1.0,32.0,0.9207476635514018,0.8754158964879852
32.0,0.0,1.0,50.0,0.9033021806853583,0.8720887245841036
32.0,0.0,1.0,80.0,0.8848598130841122,0.8617375231053603
32.0,0.0,1.0,128.0,0.8689096573208722,0.8495378927911276
32.0,0.0,3.0,2.0,0.9471651090342679,0.8887245841035121
32.0,0.0,3.0,3.0,0.9471651090342679,0.8887245841035121
32.0,0.0,3.0,5.0,0.9471651090342679,0.8887245841035121
32.0,0.0,3.0,8.0,0.9461682242990654,0.8879852125693161
32.0,0.0,3.0,12.0,0.9376947040498443,0.8857670979667283
32.0,0.0,3.0,20.0,0.9268535825545172,0.8817005545286506
32.0,0.0,3.0,32.0,0.9150155763239874,0.8754158964879852
32.0,0.0,3.0,50.0,0.8995638629283489,0.8717190388170055
32.0,0.0,3.0,80.0,0.8822429906542055,0.8602587800369685
32.0,0.0,3.0,128.0,0.866791277258567,0.8480591497227357
32.0,0.0,5.0,2.0,0.9324610591900312,0.8857670979667283
32.0,0.0,5.0,3.0,0.9324610591900312,0.8857670979667283
32.0,0.0,5.0,5.0,0.9324610591900312,0.8857670979667283
32.0,0.0,5.0,8.0,0.9324610591900312,0.8857670979667283
32.0,0.0,5.0,12.0,0.9302180685358256,0.8861367837338262
32.0,0.0,5.0,20.0,0.9229906542056074,0.8754158964879852
32.0,0.0,5.0,32.0,0.9117757009345795,0.8761552680221811
32.0,0.0,5.0,50.0,0.8974454828660436,0.8728280961182995
32.0,0.0,5.0,80.0,0.8804984423676012,0.8591497227356747
32.0,0.0,5.0,128.0,0.8664174454828661,0.8484288354898336
32.0,0.0,7.0,2.0,0.9218691588785047,0.8798521256931607
32.0,0.0,7.0,3.0,0.9218691588785047,0.8798521256931607
32.0,0.0,7.0,5.0,0.9218691588785047,0.8798521256931607
32.0,0.0,7.0,8.0,0.9218691588785047,0.8798521256931607
32.0,0.0,7.0,12.0,0.9218691588785047,0.8798521256931607
32.0,0.0,7.0,20.0,0.9197507788161994,0.878003696857671
32.0,0.0,7.0,32.0,0.9082866043613708,0.8735674676524955
32.0,0.0,7.0,50.0,0.8953271028037383,0.8713493530499076
32.0,0.0,7.0,80.0,0.8797507788161993,0.8595194085027726
32.0,0.0,7.0,128.0,0.8656697819314643,0.8473197781885397
32.0,0.0,9.0,2.0,0.9165109034267912,0.8724584103512015
32.0,0.0,9.0,3.0,0.9165109034267912,0.8724584103512015
32.0,0.0,9.0,5.0,0.9165109034267912,0.8724584103512015
32.0,0.0,9.0,8.0,0.9165109034267912,0.8724584103512015
32.0,0.0,9.0,12.0,0.9165109034267912,0.8724584103512015
32.0,0.0,9.0,20.0,0.9161370716510904,0.8754158964879852
32.0,0.0,9.0,32.0,0.9061682242990654,0.8709796672828096
32.0,0.0,9.0,50.0,0.8930841121495326,0.8709796672828096
32.0,0.0,9.0,80.0,0.8797507788161993,0.8587800369685766
32.0,0.0,9.0,128.0,0.8650467289719627,0.8462107208872458
32.0,0.0,11.0,2.0,0.9085358255451712,0.8746765249537892
32.0,0.0,11.0,3.0,0.9085358255451712,0.8746765249537892
32.0,0.0,11.0,5.0,0.9085358255451712,0.8746765249537892
32.0,0.0,11.0,8.0,0.9085358255451712,0.8746765249537892
32.0,0.0,11.0,12.0,0.9085358255451712,0.8746765249537892
32.0,0.0,11.0,20.0,0.9085358255451712,0.8746765249537892
32.0,0.0,11.0,32.0,0.902803738317757,0.8717190388170055
32.0,0.0,11.0,50.0,0.8907165109034269,0.8683918669131238
32.0,0.0,11.0,80.0,0.8776323987538941,0.8591497227356747
32.0,0.0,11.0,128.0,0.8654205607476635,0.8473197781885398
32.0,0.0,13.0,2.0,0.9020560747663552,0.8687615526802219
32.0,0.0,13.0,3.0,0.9020560747663552,0.8687615526802219
32.0,0.0,13.0,5.0,0.9020560747663552,0.8687615526802219
32.0,0.0,13.0,8.0,0.9020560747663552,0.8687615526802219
32.0,0.0,13.0,12.0,0.9020560747663552,0.8687615526802219
32.0,0.0,13.0,20.0,0.9020560747663552,0.8687615526802219
32.0,0.0,13.0,32.0,0.8971962616822431,0.8691312384473198
32.0,0.0,13.0,50.0,0.8893457943925233,0.8661737523105361
32.0,0.0,13.0,80.0,0.8762616822429907,0.8565619223659888
32.0,0.0,13.0,128.0,0.8654205607476635,0.8465804066543438
32.0,0.0,15.0,2.0,0.8970716510903427,0.8680221811460258
32.0,0.0,15.0,3.0,0.8970716510903427,0.8680221811460258
32.0,0.0,15.0,5.0,0.8970716510903427,0.8680221811460258
32.0,0.0,15.0,8.0,0.8970716510903427,0.8680221811460258
32.0,0.0,15.0,12.0,0.8970716510903427,0.8680221811460258
32.0,0.0,15.0,20.0,0.8970716510903427,0.8680221811460258
32.0,0.0,15.0,32.0,0.896448598130841,0.8698706099815157
32.0,0.0,15.0,50.0,0.8876012461059191,0.8643253234750462
32.0,0.0,15.0,80.0,0.8746417445482866,0.8576709796672828
32.0,0.0,15.0,128.0,0.8640498442367601,0.8451016635859518
32.0,0.0,17.0,2.0,0.8939563862928349,0.866543438077634
32.0,0.0,17.0,3.0,0.8939563862928349,0.866543438077634
32.0,0.0,17.0,5.0,0.8939563862928349,0.866543438077634
32.0,0.0,17.0,8.0,0.8939563862928349,0.866543438077634
32.0,0.0,17.0,12.0,0.8939563862928349,0.866543438077634
32.0,0.0,17.0,20.0,0.8939563862928349,0.866543438077634
32.0,0.0,17.0,32.0,0.8939563862928349,0.866543438077634
32.0,0.0,17.0,50.0,0.8864797507788162,0.8643253234750462
32.0,0.0,17.0,80.0,0.874766355140187,0.857301293900185
32.0,0.0,17.0,128.0,0.8625545171339564,0.8451016635859518
32.0,0.0,20.0,2.0,0.8861059190031153,0.8646950092421442
32.0,0.0,20.0,3.0,0.8861059190031153,0.8646950092421442
32.0,0.0,20.0,5.0,0.8861059190031153,0.8646950092421442
32.0,0.0,20.0,8.0,0.8861059190031153,0.8646950092421442
32.0,0.0,20.0,12.0,0.8861059190031153,0.8646950092421442
32.0,0.0,20.0,20.0,0.8861059190031153,0.8646950092421442
32.0,0.0,20.0,32.0,0.8861059190031153,0.8646950092421442
32.0,0.0,20.0,50.0,0.882866043613707,0.8632162661737522
32.0,0.0,20.0,80.0,0.8720249221183801,0.855822550831793
32.0,0.0,20.0,128.0,0.8604361370716511,0.8421441774491683
32.0,0.11111111,1.0,2.0,0.96398753894081,0.8987060998151571
32.0,0.11111111,1.0,3.0,0.9646105919003116,0.8950092421441775
32.0,0.11111111,1.0,5.0,0.9618691588785045,0.8939001848428836
32.0,0.11111111,1.0,8.0,0.9555140186915889,0.8905730129390019
32.0,0.11111111,1.0,12.0,0.9489096573208723,0.88909426987061
32.0,0.11111111,1.0,20.0,0.9327102803738316,0.8839186691312385
32.0,0.11111111,1.0,32.0,0.9207476635514018,0.8754158964879852
32.0,0.11111111,1.0,50.0,0.9033021806853583,0.8720887245841036
32.0,0.11111111,1.0,80.0,0.8848598130841122,0.8617375231053603
32.0,0.11111111,1.0,128.0,0.8689096573208722,0.8495378927911276
32.0,0.11111111,3.0,2.0,0.9471651090342679,0.8887245841035121
32.0,0.11111111,3.0,3.0,0.9471651090342679,0.8887245841035121
32.0,0.11111111,3.0,5.0,0.9471651090342679,0.8887245841035121
32.0,0.11111111,3.0,8.0,0.9461682242990654,0.8879852125693161
32.0,0.11111111,3.0,12.0,0.9376947040498443,0.8857670979667283
32.0,0.11111111,3.0,20.0,0.9268535825545172,0.8817005545286506
32.0,0.11111111,3.0,32.0,0.9150155763239874,0.8754158964879852
32.0,0.11111111,3.0,50.0,0.8995638629283489,0.8717190388170055
32.0,0.11111111,3.0,80.0,0.8822429906542055,0.8602587800369685
32.0,0.11111111,3.0,128.0,0.866791277258567,0.8480591497227357
32.0,0.11111111,5.0,2.0,0.9324610591900312,0.8857670979667283
32.0,0.11111111,5.0,3.0,0.9324610591900312,0.8857670979667283
32.0,0.11111111,5.0,5.0,0.9324610591900312,0.8857670979667283
32.0,0.11111111,5.0,8.0,0.9324610591900312,0.8857670979667283
32.0,0.11111111,5.0,12.0,0.9302180685358256,0.8861367837338262
32.0,0.11111111,5.0,20.0,0.9229906542056074,0.8754158964879852
32.0,0.11111111,5.0,32.0,0.9117757009345795,0.8761552680221811
32.0,0.11111111,5.0,50.0,0.8974454828660436,0.8728280961182995
32.0,0.11111111,5.0,80.0,0.8804984423676012,0.8591497227356747
32.0,0.11111111,5.0,128.0,0.8664174454828661,0.8484288354898336
32.0,0.11111111,7.0,2.0,0.9218691588785047,0.8798521256931607
32.0,0.11111111,7.0,3.0,0.9218691588785047,0.8798521256931607
32.0,0.11111111,7.0,5.0,0.9218691588785047,0.8798521256931607
32.0,0.11111111,7.0,8.0,0.9218691588785047,0.8798521256931607
32.0,0.11111111,7.0,12.0,0.9218691588785047,0.8798521256931607
32.0,0.11111111,7.0,20.0,0.9197507788161994,0.878003696857671
32.0,0.11111111,7.0,32.0,0.9082866043613708,0.8735674676524955
32.0,0.11111111,7.0,50.0,0.8953271028037383,0.8713493530499076
32.0,0.11111111,7.0,80.0,0.8797507788161993,0.8595194085027726
32.0,0.11111111,7.0,128.0,0.8656697819314643,0.8473197781885397
32.0,0.11111111,9.0,2.0,0.9165109034267912,0.8724584103512015
32.0,0.11111111,9.0,3.0,0.9165109034267912,0.8724584103512015
32.0,0.11111111,9.0,5.0,0.9165109034267912,0.8724584103512015
32.0,0.11111111,9.0,8.0,0.9165109034267912,0.8724584103512015
32.0,0.11111111,9.0,12.0,0.9165109034267912,0.8724584103512015
32.0,0.11111111,9.0,20.0,0.9161370716510904,0.8754158964879852
32.0,0.11111111,9.0,32.0,0.9061682242990654,0.8709796672828096
32.0,0.11111111,9.0,50.0,0.8930841121495326,0.8709796672828096
32.0,0.11111111,9.0,80.0,0.8797507788161993,0.8587800369685766
32.0,0.11111111,9.0,128.0,0.8650467289719627,0.8462107208872458
32.0,0.11111111,11.0,2.0,0.9085358255451712,0.8746765249537892
32.0,0.11111111,11.0,3.0,0.9085358255451712,0.8746765249537892
32.0,0.11111111,11.0,5.0,0.9085358255451712,0.8746765249537892
32.0,0.11111111,11.0,8.0,0.9085358255451712,0.8746765249537892
32.0,0.11111111,11.0,12.0,0.9085358255451712,0.8746765249537892
32.0,0.11111111,11.0,20.0,0.9085358255451712,0.8746765249537892
32.0,0.11111111,11.0,32.0,0.902803738317757,0.8717190388170055
32.0,0.11111111,11.0,50.0,0.8907165109034269,0.8683918669131238
32.0,0.11111111,11.0,80.0,0.8776323987538941,0.8591497227356747
32.0,0.11111111,11.0,128.0,0.8654205607476635,0.8473197781885398
32.0,0.11111111,13.0,2.0,0.9020560747663552,0.8687615526802219
32.0,0.11111111,13.0,3.0,0.9020560747663552,0.8687615526802219
32.0,0.11111111,13.0,5.0,0.9020560747663552,0.8687615526802219
32.0,0.11111111,13.0,8.0,0.9020560747663552,0.8687615526802219
32.0,0.11111111,13.0,12.0,0.9020560747663552,0.8687615526802219
32.0,0.11111111,13.0,20.0,0.9020560747663552,0.8687615526802219
32.0,0.11111111,13.0,32.0,0.8971962616822431,0.8691312384473198
32.0,0.11111111,13.0,50.0,0.8893457943925233,0.8661737523105361
32.0,0.11111111,13.0,80.0,0.8762616822429907,0.8565619223659888
32.0,0.11111111,13.0,128.0,0.8654205607476635,0.8465804066543438
32.0,0.11111111,15.0,2.0,0.8970716510903427,0.8680221811460258
32.0,0.11111111,15.0,3.0,0.8970716510903427,0.8680221811460258
32.0,0.11111111,15.0,5.0,0.8970716510903427,0.8680221811460258
32.0,0.11111111,15.0,8.0,0.8970716510903427,0.8680221811460258
32.0,0.11111111,15.0,12.0,0.8970716510903427,0.8680221811460258
32.0,0.11111111,15.0,20.0,0.8970716510903427,0.8680221811460258
32.0,0.11111111,15.0,32.0,0.896448598130841,0.8698706099815157
32.0,0.11111111,15.0,50.0,0.8876012461059191,0.8643253234750462
32.0,0.11111111,15.0,80.0,0.8746417445482866,0.8576709796672828
32.0,0.11111111,15.0,128.0,0.8640498442367601,0.8451016635859518
32.0,0.11111111,17.0,2.0,0.8939563862928349,0.866543438077634
32.0,0.11111111,17.0,3.0,0.8939563862928349,0.866543438077634
32.0,0.11111111,17.0,5.0,0.8939563862928349,0.866543438077634
32.0,0.11111111,17.0,8.0,0.8939563862928349,0.866543438077634
32.0,0.11111111,17.0,12.0,0.8939563862928349,0.866543438077634
32.0,0.11111111,17.0,20.0,0.8939563862928349,0.866543438077634
32.0,0.11111111,17.0,32.0,0.8939563862928349,0.866543438077634
32.0,0.11111111,17.0,50.0,0.8864797507788162,0.8643253234750462
32.0,0.11111111,17.0,80.0,0.874766355140187,0.857301293900185
32.0,0.11111111,17.0,128.0,0.8625545171339564,0.8451016635859518
32.0,0.11111111,20.0,2.0,0.8861059190031153,0.8646950092421442
32.0,0.11111111,20.0,3.0,0.8861059190031153,0.8646950092421442
32.0,0.11111111,20.0,5.0,0.8861059190031153,0.8646950092421442
32.0,0.11111111,20.0,8.0,0.8861059190031153,0.8646950092421442
32.0,0.11111111,20.0,12.0,0.8861059190031153,0.8646950092421442
32.0,0.11111111,20.0,20.0,0.8861059190031153,0.8646950092421442
32.0,0.11111111,20.0,32.0,0.8861059190031153,0.8646950092421442
32.0,0.11111111,20.0,50.0,0.882866043613707,0.8632162661737522
32.0,0.11111111,20.0,80.0,0.8720249221183801,0.855822550831793
32.0,0.11111111,20.0,128.0,0.8604361370716511,0.8421441774491683
32.0,0.22222222,1.0,2.0,0.96398753894081,0.8987060998151571
32.0,0.22222222,1.0,3.0,0.9646105919003116,0.8950092421441775
32.0,0.22222222,1.0,5.0,0.9618691588785045,0.8939001848428836
32.0,0.22222222,1.0,8.0,0.9555140186915889,0.8905730129390019
32.0,0.22222222,1.0,12.0,0.9489096573208723,0.88909426987061
32.0,0.22222222,1.0,20.0,0.9327102803738316,0.8839186691312385
32.0,0.22222222,1.0,32.0,0.9207476635514018,0.8754158964879852
32.0,0.22222222,1.0,50.0,0.9033021806853583,0.8720887245841036
32.0,0.22222222,1.0,80.0,0.8848598130841122,0.8617375231053603
32.0,0.22222222,1.0,128.0,0.8689096573208722,0.8495378927911276
32.0,0.22222222,3.0,2.0,0.9471651090342679,0.8887245841035121
32.0,0.22222222,3.0,3.0,0.9471651090342679,0.8887245841035121
32.0,0.22222222,3.0,5.0,0.9471651090342679,0.8887245841035121
32.0,0.22222222,3.0,8.0,0.9461682242990654,0.8879852125693161
32.0,0.22222222,3.0,12.0,0.9376947040498443,0.8857670979667283
32.0,0.22222222,3.0,20.0,0.9268535825545172,0.8817005545286506
32.0,0.22222222,3.0,32.0,0.9150155763239874,0.8754158964879852
32.0,0.22222222,3.0,50.0,0.8995638629283489,0.8717190388170055
32.0,0.22222222,3.0,80.0,0.8822429906542055,0.8602587800369685
32.0,0.22222222,3.0,128.0,0.866791277258567,0.8480591497227357
32.0,0.22222222,5.0,2.0,0.9324610591900312,0.8857670979667283
32.0,0.22222222,5.0,3.0,0.9324610591900312,0.8857670979667283
32.0,0.22222222,5.0,5.0,0.9324610591900312,0.8857670979667283
32.0,0.22222222,5.0,8.0,0.9324610591900312,0.8857670979667283
32.0,0.22222222,5.0,12.0,0.9302180685358256,0.8861367837338262
32.0,0.22222222,5.0,20.0,0.9229906542056074,0.8754158964879852
32.0,0.22222222,5.0,32.0,0.9117757009345795,0.8761552680221811
32.0,0.22222222,5.0,50.0,0.8974454828660436,0.8728280961182995
32.0,0.22222222,5.0,80.0,0.8804984423676012,0.8591497227356747
32.0,0.22222222,5.0,128.0,0.8664174454828661,0.8484288354898336
32.0,0.22222222,7.0,2.0,0.9218691588785047,0.8798521256931607
32.0,0.22222222,7.0,3.0,0.9218691588785047,0.8798521256931607
32.0,0.22222222,7.0,5.0,0.9218691588785047,0.8798521256931607
32.0,0.22222222,7.0,8.0,0.9218691588785047,0.8798521256931607
32.0,0.22222222,7.0,12.0,0.9218691588785047,0.8798521256931607
32.0,0.22222222,7.0,20.0,0.9197507788161994,0.878003696857671
32.0,0.22222222,7.0,32.0,0.9082866043613708,0.8735674676524955
32.0,0.22222222,7.0,50.0,0.8953271028037383,0.8713493530499076
32.0,0.22222222,7.0,80.0,0.8797507788161993,0.8595194085027726
32.0,0.22222222,7.0,128.0,0.8656697819314643,0.8473197781885397
32.0,0.22222222,9.0,2.0,0.9165109034267912,0.8724584103512015
32.0,0.22222222,9.0,3.0,0.9165109034267912,0.8724584103512015
32.0,0.22222222,9.0,5.0,0.9165109034267912,0.8724584103512015
32.0,0.22222222,9.0,8.0,0.9165109034267912,0.8724584103512015
32.0,0.22222222,9.0,12.0,0.9165109034267912,0.8724584103512015
32.0,0.22222222,9.0,20.0,0.9161370716510904,0.8754158964879852
32.0,0.22222222,9.0,32.0,0.9061682242990654,0.8709796672828096
32.0,0.22222222,9.0,50.0,0.8930841121495326,0.8709796672828096
32.0,0.22222222,9.0,80.0,0.8797507788161993,0.8587800369685766
32.0,0.22222222,9.0,128.0,0.8650467289719627,0.8462107208872458
32.0,0.22222222,11.0,2.0,0.9085358255451712,0.8746765249537892
32.0,0.22222222,11.0,3.0,0.9085358255451712,0.8746765249537892
32.0,0.22222222,11.0,5.0,0.9085358255451712,0.8746765249537892
32.0,0.22222222,11.0,8.0,0.9085358255451712,0.8746765249537892
32.0,0.22222222,11.0,12.0,0.9085358255451712,0.8746765249537892
32.0,0.22222222,11.0,20.0,0.9085358255451712,0.8746765249537892
32.0,0.22222222,11.0,32.0,0.902803738317757,0.8717190388170055
32.0,0.22222222,11.0,50.0,0.8907165109034269,0.8683918669131238
32.0,0.22222222,11.0,80.0,0.8776323987538941,0.8591497227356747
32.0,0.22222222,11.0,128.0,0.8654205607476635,0.8473197781885398
32.0,0.22222222,13.0,2.0,0.9020560747663552,0.8687615526802219
32.0,0.22222222,13.0,3.0,0.9020560747663552,0.8687615526802219
32.0,0.22222222,13.0,5.0,0.9020560747663552,0.8687615526802219
32.0,0.22222222,13.0,8.0,0.9020560747663552,0.8687615526802219
32.0,0.22222222,13.0,12.0,0.9020560747663552,0.8687615526802219
32.0,0.22222222,13.0,20.0,0.9020560747663552,0.8687615526802219
32.0,0.22222222,13.0,32.0,0.8971962616822431,0.8691312384473198
32.0,0.22222222,13.0,50.0,0.8893457943925233,0.8661737523105361
32.0,0.22222222,13.0,80.0,0.8762616822429907,0.8565619223659888
32.0,0.22222222,13.0,128.0,0.8654205607476635,0.8465804066543438
32.0,0.22222222,15.0,2.0,0.8970716510903427,0.8680221811460258
32.0,0.22222222,15.0,3.0,0.8970716510903427,0.8680221811460258
32.0,0.22222222,15.0,5.0,0.8970716510903427,0.8680221811460258
32.0,0.22222222,15.0,8.0,0.8970716510903427,0.8680221811460258
32.0,0.22222222,15.0,12.0,0.8970716510903427,0.8680221811460258
32.0,0.22222222,15.0,20.0,0.8970716510903427,0.8680221811460258
32.0,0.22222222,15.0,32.0,0.896448598130841,0.8698706099815157
32.0,0.22222222,15.0,50.0,0.8876012461059191,0.8643253234750462
32.0,0.22222222,15.0,80.0,0.8746417445482866,0.8576709796672828
32.0,0.22222222,15.0,128.0,0.8640498442367601,0.8451016635859518
32.0,0.22222222,17.0,2.0,0.8939563862928349,0.866543438077634
32.0,0.22222222,17.0,3.0,0.8939563862928349,0.866543438077634
32.0,0.22222222,17.0,5.0,0.8939563862928349,0.866543438077634
32.0,0.22222222,17.0,8.0,0.8939563862928349,0.866543438077634
32.0,0.22222222,17.0,12.0,0.8939563862928349,0.866543438077634
32.0,0.22222222,17.0,20.0,0.8939563862928349,0.866543438077634
32.0,0.22222222,17.0,32.0,0.8939563862928349,0.866543438077634
32.0,0.22222222,17.0,50.0,0.8864797507788162,0.8643253234750462
32.0,0.22222222,17.0,80.0,0.874766355140187,0.857301293900185
32.0,0.22222222,17.0,128.0,0.8625545171339564,0.8451016635859518
32.0,0.22222222,20.0,2.0,0.8861059190031153,0.8646950092421442
32.0,0.22222222,20.0,3.0,0.8861059190031153,0.8646950092421442
32.0,0.22222222,20.0,5.0,0.8861059190031153,0.8646950092421442
32.0,0.22222222,20.0,8.0,0.8861059190031153,0.8646950092421442
32.0,0.22222222,20.0,12.0,0.8861059190031153,0.8646950092421442
32.0,0.22222222,20.0,20.0,0.8861059190031153,0.8646950092421442
32.0,0.22222222,20.0,32.0,0.8861059190031153,0.8646950092421442
32.0,0.22222222,20.0,50.0,0.882866043613707,0.8632162661737522
32.0,0.22222222,20.0,80.0,0.8720249221183801,0.855822550831793
32.0,0.22222222,20.0,128.0,0.8604361370716511,0.8421441774491683
32.0,0.33333334,1.0,2.0,0.9647352024922118,0.8964879852125692
32.0,0.33333334,1.0,3.0,0.9638629283489097,0.8957486136783734
32.0,0.33333334,1.0,5.0,0.962367601246106,0.8950092421441773
32.0,0.33333334,1.0,8.0,0.9566355140186916,0.8924214417744917
32.0,0.33333334,1.0,12.0,0.9482866043613708,0.8902033271719038
32.0,0.33333334,1.0,20.0,0.9342056074766354,0.8857670979667283
32.0,0.33333334,1.0,32.0,0.9208722741433022,0.877634011090573
32.0,0.33333334,1.0,50.0,0.9050467289719626,0.8739371534195934
32.0,0.33333334,1.0,80.0,0.886355140186916,0.8624768946395565
32.0,0.33333334,1.0,128.0,0.8691588785046729,0.8547134935304991
32.0,0.33333334,3.0,2.0,0.9494080996884735,0.889833641404806
32.0,0.33333334,3.0,3.0,0.9494080996884735,0.889833641404806
32.0,0.33333334,3.0,5.0,0.9494080996884735,0.889833641404806
32.0,0.33333334,3.0,8.0,0.9470404984423675,0.8913123844731977
32.0,0.33333334,3.0,12.0,0.9405607476635514,0.8876155268022181
32.0,0.33333334,3.0,20.0,0.9289719626168225,0.8842883548983365
32.0,0.33333334,3.0,32.0,0.9176323987538941,0.8772643253234751
32.0,0.33333334,3.0,50.0,0.9019314641744549,0.8720887245841036
32.0,0.33333334,3.0,80.0,0.8833644859813085,0.8635859519408504
32.0,0.33333334,3.0,128.0,0.8692834890965733,0.8547134935304991
32.0,0.33333334,5.0,2.0,0.9368224299065421,0.8879852125693161
32.0,0.33333334,5.0,3.0,0.9368224299065421,0.8879852125693161
32.0,0.33333334,5.0,5.0,0.9368224299065421,0.8879852125693161
32.0,0.33333334,5.0,8.0,0.9368224299065421,0.8879852125693161
32.0,0.33333334,5.0,12.0,0.934828660436137,0.8857670979667283
32.0,0.33333334,5.0,20.0,0.9256074766355139,0.8839186691312385
32.0,0.33333334,5.0,32.0,0.9135202492211837,0.878003696857671
32.0,0.33333334,5.0,50.0,0.8996884735202493,0.8728280961182995
32.0,0.33333334,5.0,80.0,0.8836137071651091,0.8639556377079483
32.0,0.33333334,5.0,128.0,0.8687850467289719,0.857301293900185
32.0,0.33333334,7.0,2.0,0.9258566978193146,0.8828096118299446
32.0,0.33333334,7.0,3.0,0.9258566978193146,0.8828096118299446
32.0,0.33333334,7.0,5.0,0.9258566978193146,0.8828096118299446
32.0,0.33333334,7.0,8.0,0.9258566978193146,0.8828096118299446
32.0,0.33333334,7.0,12.0,0.9258566978193146,0.8828096118299446
32.0,0.33333334,7.0,20.0,0.9207476635514018,0.8817005545286506
32.0,0.33333334,7.0,32.0,0.9120249221183802,0.877634011090573
32.0,0.33333334,7.0,50.0,0.8978193146417446,0.8717190388170055
32.0,0.33333334,7.0,80.0,0.8829906542056076,0.8632162661737522
32.0,0.33333334,7.0,128.0,0.8665420560747663,0.8539741219963032
32.0,0.33333334,9.0,2.0,0.9201246105919003,0.8817005545286506
32.0,0.33333334,9.0,3.0,0.9201246105919003,0.8817005545286506
32.0,0.33333334,9.0,5.0,0.9201246105919003,0.8817005545286506
32.0,0.33333334,9.0,8.0,0.9201246105919003,0.8817005545286506
32.0,0.33333334,9.0,12.0,0.9201246105919003,0.8817005545286506
32.0,0.33333334,9.0,20.0,0.9173831775700935,0.8802218114602589
32.0,0.33333334,9.0,32.0,0.9094080996884735,0.8750462107208872
32.0,0.33333334,9.0,50.0,0.8963239875389408,0.8724584103512015
32.0,0.33333334,9.0,80.0,0.8823676012461059,0.8621072088724585
32.0,0.33333334,9.0,128.0,0.8669158878504672,0.8524953789279113
32.0,0.33333334,11.0,2.0,0.9136448598130841,0.879112754158965
32.0,0.33333334,11.0,3.0,0.9136448598130841,0.879112754158965
32.0,0.33333334,11.0,5.0,0.9136448598130841,0.879112754158965
32.0,0.33333334,11.0,8.0,0.9136448598130841,0.879112754158965
32.0,0.33333334,11.0,12.0,0.9136448598130841,0.879112754158965
32.0,0.33333334,11.0,20.0,0.9136448598130841,0.879112754158965
32.0,0.33333334,11.0,32.0,0.9057943925233645,0.8728280961182995
32.0,0.33333334,11.0,50.0,0.8950778816199378,0.8713493530499076
32.0,0.33333334,11.0,80.0,0.8801246105919004,0.8617375231053603
32.0,0.33333334,11.0,128.0,0.8672897196261682,0.8539741219963031
32.0,0.33333334,13.0,2.0,0.9080373831775701,0.8724584103512015
32.0,0.33333334,13.0,3.0,0.9080373831775701,0.8724584103512015
32.0,0.33333334,13.0,5.0,0.9080373831775701,0.8724584103512015
32.0,0.33333334,13.0,8.0,0.9080373831775701,0.8724584103512015
32.0,0.33333334,13.0,12.0,0.9080373831775701,0.8724584103512015
32.0,0.33333334,13.0,20.0,0.9080373831775701,0.8724584103512015
32.0,0.33333334,13.0,32.0,0.9046728971962616,0.8709796672828096
32.0,0.33333334,13.0,50.0,0.8948286604361371,0.8695009242144177
32.0,0.33333334,13.0,80.0,0.8786292834890966,0.8606284658040666
32.0,0.33333334,13.0,128.0,0.8674143302180685,0.8524953789279113
32.0,0.33333334,15.0,2.0,0.9019314641744549,0.8695009242144177
32.0,0.33333334,15.0,3.0,0.9019314641744549,0.8695009242144177
32.0,0.33333334,15.0,5.0,0.9019314641744549,0.8695009242144177
32.0,0.33333334,15.0,8.0,0.9019314641744549,0.8695009242144177
32.0,0.33333334,15.0,12.0,0.9019314641744549,0.8695009242144177
32.0,0.33333334,15.0,20.0,0.9019314641744549,0.8695009242144177
32.0,0.33333334,15.0,32.0,0.9014330218068537,0.8706099815157117
32.0,0.33333334,15.0,50.0,0.8939563862928349,0.8680221811460258
32.0,0.33333334,15.0,80.0,0.8785046728971964,0.8606284658040666
32.0,0.33333334,15.0,128.0,0.8666666666666668,0.8513863216266173
32.0,0.33333334,17.0,2.0,0.8974454828660436,0.8691312384473198
32.0,0.33333334,17.0,3.0,0.8974454828660436,0.8691312384473198
32.0,0.33333334,17.0,5.0,0.8974454828660436,0.8691312384473198
32.0,0.33333334,17.0,8.0,0.8974454828660436,0.8691312384473198
32.0,0.33333334,17.0,12.0,0.8974454828660436,0.8691312384473198
32.0,0.33333334,17.0,20.0,0.8974454828660436,0.8691312384473198
32.0,0.33333334,17.0,32.0,0.8974454828660436,0.8691312384473198
32.0,0.33333334,17.0,50.0,0.8922118380062305,0.867652495378928
32.0,0.33333334,17.0,80.0,0.878380062305296,0.8584103512014789
32.0,0.33333334,17.0,128.0,0.8660436137071651,0.8506469500924215
32.0,0.33333334,20.0,2.0,0.8937071651090344,0.8654343807763402
32.0,0.33333334,20.0,3.0,0.8937071651090344,0.8654343807763402
32.0,0.33333334,20.0,5.0,0.8937071651090344,0.8654343807763402
32.0,0.33333334,20.0,8.0,0.8937071651090344,0.8654343807763402
32.0,0.33333334,20.0,12.0,0.8937071651090344,0.8654343807763402
32.0,0.33333334,20.0,20.0,0.8937071651090344,0.8654343807763402
32.0,0.33333334,20.0,32.0,0.8937071651090344,0.8654343807763402
32.0,0.33333334,20.0,50.0,0.8909657320872274,0.866543438077634
32.0,0.33333334,20.0,80.0,0.8765109034267912,0.8609981515711645
32.0,0.33333334,20.0,128.0,0.8654205607476635,0.8517560073937153
32.0,0.44444445,1.0,2.0,0.9647352024922118,0.8964879852125692
32.0,0.44444445,1.0,3.0,0.9638629283489097,0.8957486136783734
32.0,0.44444445,1.0,5.0,0.962367601246106,0.8950092421441773
32.0,0.44444445,1.0,8.0,0.9566355140186916,0.8924214417744917
32.0,0.44444445,1.0,12.0,0.9482866043613708,0.8902033271719038
32.0,0.44444445,1.0,20.0,0.9342056074766354,0.8857670979667283
32.0,0.44444445,1.0,32.0,0.9208722741433022,0.877634011090573
32.0,0.44444445,1.0,50.0,0.9050467289719626,0.8739371534195934
32.0,0.44444445,1.0,80.0,0.886355140186916,0.8624768946395565
32.0,0.44444445,1.0,128.0,0.8691588785046729,0.8547134935304991
32.0,0.44444445,3.0,2.0,0.9494080996884735,0.889833641404806
32.0,0.44444445,3.0,3.0,0.9494080996884735,0.889833641404806
32.0,0.44444445,3.0,5.0,0.9494080996884735,0.889833641404806
32.0,0.44444445,3.0,8.0,0.9470404984423675,0.8913123844731977
32.0,0.44444445,3.0,12.0,0.9405607476635514,0.8876155268022181
32.0,0.44444445,3.0,20.0,0.9289719626168225,0.8842883548983365
32.0,0.44444445,3.0,32.0,0.9176323987538941,0.8772643253234751
32.0,0.44444445,3.0,50.0,0.9019314641744549,0.8720887245841036
32.0,0.44444445,3.0,80.0,0.8833644859813085,0.8635859519408504
32.0,0.44444445,3.0,128.0,0.8692834890965733,0.8547134935304991
32.0,0.44444445,5.0,2.0,0.9368224299065421,0.8879852125693161
32.0,0.44444445,5.0,3.0,0.9368224299065421,0.8879852125693161
32.0,0.44444445,5.0,5.0,0.9368224299065421,0.8879852125693161
32.0,0.44444445,5.0,8.0,0.9368224299065421,0.8879852125693161
32.0,0.44444445,5.0,12.0,0.934828660436137,0.8857670979667283
32.0,0.44444445,5.0,20.0,0.9256074766355139,0.8839186691312385
32.0,0.44444445,5.0,32.0,0.9135202492211837,0.878003696857671
32.0,0.44444445,5.0,50.0,0.8996884735202493,0.8728280961182995
32.0,0.44444445,5.0,80.0,0.8836137071651091,0.8639556377079483
32.0,0.44444445,5.0,128.0,0.8687850467289719,0.857301293900185
32.0,0.44444445,7.0,2.0,0.9258566978193146,0.8828096118299446
32.0,0.44444445,7.0,3.0,0.9258566978193146,0.8828096118299446
32.0,0.44444445,7.0,5.0,0.9258566978193146,0.8828096118299446
32.0,0.44444445,7.0,8.0,0.9258566978193146,0.8828096118299446
32.0,0.44444445,7.0,12.0,0.9258566978193146,0.8828096118299446
32.0,0.44444445,7.0,20.0,0.9207476635514018,0.8817005545286506
32.0,0.44444445,7.0,32.0,0.9120249221183802,0.877634011090573
32.0,0.44444445,7.0,50.0,0.8978193146417446,0.8717190388170055
32.0,0.44444445,7.0,80.0,0.8829906542056076,0.8632162661737522
32.0,0.44444445,7.0,128.0,0.8665420560747663,0.8539741219963032
32.0,0.44444445,9.0,2.0,0.9201246105919003,0.8817005545286506
32.0,0.44444445,9.0,3.0,0.9201246105919003,0.8817005545286506
32.0,0.44444445,9.0,5.0,0.9201246105919003,0.8817005545286506
32.0,0.44444445,9.0,8.0,0.9201246105919003,0.8817005545286506
32.0,0.44444445,9.0,12.0,0.9201246105919003,0.8817005545286506
32.0,0.44444445,9.0,20.0,0.9173831775700935,0.8802218114602589
32.0,0.44444445,9.0,32.0,0.9094080996884735,0.8750462107208872
32.0,0.44444445,9.0,50.0,0.8963239875389408,0.8724584103512015
32.0,0.44444445,9.0,80.0,0.8823676012461059,0.8621072088724585
32.0,0.44444445,9.0,128.0,0.8669158878504672,0.8524953789279113
32.0,0.44444445,11.0,2.0,0.9136448598130841,0.879112754158965
32.0,0.44444445,11.0,3.0,0.9136448598130841,0.879112754158965
32.0,0.44444445,11.0,5.0,0.9136448598130841,0.879112754158965
32.0,0.44444445,11.0,8.0,0.9136448598130841,0.879112754158965
32.0,0.44444445,11.0,12.0,0.9136448598130841,0.879112754158965
32.0,0.44444445,11.0,20.0,0.9136448598130841,0.879112754158965
32.0,0.44444445,11.0,32.0,0.9057943925233645,0.8728280961182995
32.0,0.44444445,11.0,50.0,0.8950778816199378,0.8713493530499076
32.0,0.44444445,11.0,80.0,0.8801246105919004,0.8617375231053603
32.0,0.44444445,11.0,128.0,0.8672897196261682,0.8539741219963031
32.0,0.44444445,13.0,2.0,0.9080373831775701,0.8724584103512015
32.0,0.44444445,13.0,3.0,0.9080373831775701,0.8724584103512015
32.0,0.44444445,13.0,5.0,0.9080373831775701,0.8724584103512015
32.0,0.44444445,13.0,8.0,0.9080373831775701,0.8724584103512015
32.0,0.44444445,13.0,12.0,0.9080373831775701,0.8724584103512015
32.0,0.44444445,13.0,20.0,0.9080373831775701,0.8724584103512015
32.0,0.44444445,13.0,32.0,0.9046728971962616,0.8709796672828096
32.0,0.44444445,13.0,50.0,0.8948286604361371,0.8695009242144177
32.0,0.44444445,13.0,80.0,0.8786292834890966,0.8606284658040666
32.0,0.44444445,13.0,128.0,0.8674143302180685,0.8524953789279113
32.0,0.44444445,15.0,2.0,0.9019314641744549,0.8695009242144177
32.0,0.44444445,15.0,3.0,0.9019314641744549,0.8695009242144177
32.0,0.44444445,15.0,5.0,0.9019314641744549,0.8695009242144177
32.0,0.44444445,15.0,8.0,0.9019314641744549,0.8695009242144177
32.0,0.44444445,15.0,12.0,0.9019314641744549,0.8695009242144177
32.0,0.44444445,15.0,20.0,0.9019314641744549,0.8695009242144177
32.0,0.44444445,15.0,32.0,0.9014330218068537,0.8706099815157117
32.0,0.44444445,15.0,50.0,0.8939563862928349,0.8680221811460258
32.0,0.44444445,15.0,80.0,0.8785046728971964,0.8606284658040666
32.0,0.44444445,15.0,128.0,0.8666666666666668,0.8513863216266173
32.0,0.44444445,17.0,2.0,0.8974454828660436,0.8691312384473198
32.0,0.44444445,17.0,3.0,0.8974454828660436,0.8691312384473198
32.0,0.44444445,17.0,5.0,0.8974454828660436,0.8691312384473198
32.0,0.44444445,17.0,8.0,0.8974454828660436,0.8691312384473198
32.0,0.44444445,17.0,12.0,0.8974454828660436,0.8691312384473198
32.0,0.44444445,17.0,20.0,0.8974454828660436,0.8691312384473198
32.0,0.44444445,17.0,32.0,0.8974454828660436,0.8691312384473198
32.0,0.44444445,17.0,50.0,0.8922118380062305,0.867652495378928
32.0,0.44444445,17.0,80.0,0.878380062305296,0.8584103512014789
32.0,0.44444445,17.0,128.0,0.8660436137071651,0.8506469500924215
32.0,0.44444445,20.0,2.0,0.8937071651090344,0.8654343807763402
32.0,0.44444445,20.0,3.0,0.8937071651090344,0.8654343807763402
32.0,0.44444445,20.0,5.0,0.8937071651090344,0.8654343807763402
32.0,0.44444445,20.0,8.0,0.8937071651090344,0.8654343807763402
32.0,0.44444445,20.0,12.0,0.8937071651090344,0.8654343807763402
32.0,0.44444445,20.0,20.0,0.8937071651090344,0.8654343807763402
32.0,0.44444445,20.0,32.0,0.8937071651090344,0.8654343807763402
32.0,0.44444445,20.0,50.0,0.8909657320872274,0.866543438077634
32.0,0.44444445,20.0,80.0,0.8765109034267912,0.8609981515711645
32.0,0.44444445,20.0,128.0,0.8654205607476635,0.8517560073937153
32.0,0.5555556,1.0,2.0,0.9647352024922118,0.8964879852125692
32.0,0.5555556,1.0,3.0,0.9638629283489097,0.8957486136783734
32.0,0.5555556,1.0,5.0,0.962367601246106,0.8950092421441773
32.0,0.5555556,1.0,8.0,0.9566355140186916,0.8924214417744917
32.0,0.5555556,1.0,12.0,0.9482866043613708,0.8902033271719038
32.0,0.5555556,1.0,20.0,0.9342056074766354,0.8857670979667283
32.0,0.5555556,1.0,32.0,0.9208722741433022,0.877634011090573
32.0,0.5555556,1.0,50.0,0.9050467289719626,0.8739371534195934
32.0,0.5555556,1.0,80.0,0.886355140186916,0.8624768946395565
32.0,0.5555556,1.0,128.0,0.8691588785046729,0.8547134935304991
32.0,0.5555556,3.0,2.0,0.9494080996884735,0.889833641404806
32.0,0.5555556,3.0,3.0,0.9494080996884735,0.889833641404806
32.0,0.5555556,3.0,5.0,0.9494080996884735,0.889833641404806
32.0,0.5555556,3.0,8.0,0.9470404984423675,0.8913123844731977
32.0,0.5555556,3.0,12.0,0.9405607476635514,0.8876155268022181
32.0,0.5555556,3.0,20.0,0.9289719626168225,0.8842883548983365
32.0,0.5555556,3.0,32.0,0.9176323987538941,0.8772643253234751
32.0,0.5555556,3.0,50.0,0.9019314641744549,0.8720887245841036
32.0,0.5555556,3.0,80.0,0.8833644859813085,0.8635859519408504
32.0,0.5555556,3.0,128.0,0.8692834890965733,0.8547134935304991
32.0,0.5555556,5.0,2.0,0.9368224299065421,0.8879852125693161
32.0,0.5555556,5.0,3.0,0.9368224299065421,0.8879852125693161
32.0,0.5555556,5.0,5.0,0.9368224299065421,0.8879852125693161
32.0,0.5555556,5.0,8.0,0.9368224299065421,0.8879852125693161
32.0,0.5555556,5.0,12.0,0.934828660436137,0.8857670979667283
32.0,0.5555556,5.0,20.0,0.9256074766355139,0.8839186691312385
32.0,0.5555556,5.0,32.0,0.9135202492211837,0.878003696857671
32.0,0.5555556,5.0,50.0,0.8996884735202493,0.8728280961182995
32.0,0.5555556,5.0,80.0,0.8836137071651091,0.8639556377079483
32.0,0.5555556,5.0,128.0,0.8687850467289719,0.857301293900185
32.0,0.5555556,7.0,2.0,0.9258566978193146,0.8828096118299446
32.0,0.5555556,7.0,3.0,0.9258566978193146,0.8828096118299446
32.0,0.5555556,7.0,5.0,0.9258566978193146,0.8828096118299446
32.0,0.5555556,7.0,8.0,0.9258566978193146,0.8828096118299446
32.0,0.5555556,7.0,12.0,0.9258566978193146,0.8828096118299446
32.0,0.5555556,7.0,20.0,0.9207476635514018,0.8817005545286506
32.0,0.5555556,7.0,32.0,0.9120249221183802,0.877634011090573
32.0,0.5555556,7.0,50.0,0.8978193146417446,0.8717190388170055
32.0,0.5555556,7.0,80.0,0.8829906542056076,0.8632162661737522
32.0,0.5555556,7.0,128.0,0.8665420560747663,0.8539741219963032
32.0,0.5555556,9.0,2.0,0.9201246105919003,0.8817005545286506
32.0,0.5555556,9.0,3.0,0.9201246105919003,0.8817005545286506
32.0,0.5555556,9.0,5.0,0.9201246105919003,0.8817005545286506
32.0,0.5555556,9.0,8.0,0.9201246105919003,0.8817005545286506
32.0,0.5555556,9.0,12.0,0.9201246105919003,0.8817005545286506
32.0,0.5555556,9.0,20.0,0.9173831775700935,0.8802218114602589
32.0,0.5555556,9.0,32.0,0.9094080996884735,0.8750462107208872
32.0,0.5555556,9.0,50.0,0.8963239875389408,0.8724584103512015
32.0,0.5555556,9.0,80.0,0.8823676012461059,0.8621072088724585
32.0,0.5555556,9.0,128.0,0.8669158878504672,0.8524953789279113
32.0,0.5555556,11.0,2.0,0.9136448598130841,0.879112754158965
32.0,0.5555556,11.0,3.0,0.9136448598130841,0.879112754158965
32.0,0.5555556,11.0,5.0,0.9136448598130841,0.879112754158965
32.0,0.5555556,11.0,8.0,0.9136448598130841,0.879112754158965
32.0,0.5555556,11.0,12.0,0.9136448598130841,0.879112754158965
32.0,0.5555556,11.0,20.0,0.9136448598130841,0.879112754158965
32.0,0.5555556,11.0,32.0,0.9057943925233645,0.8728280961182995
32.0,0.5555556,11.0,50.0,0.8950778816199378,0.8713493530499076
32.0,0.5555556,11.0,80.0,0.8801246105919004,0.8617375231053603
32.0,0.5555556,11.0,128.0,0.8672897196261682,0.8539741219963031
32.0,0.5555556,13.0,2.0,0.9080373831775701,0.8724584103512015
32.0,0.5555556,13.0,3.0,0.9080373831775701,0.8724584103512015
32.0,0.5555556,13.0,5.0,0.9080373831775701,0.8724584103512015
32.0,0.5555556,13.0,8.0,0.9080373831775701,0.8724584103512015
32.0,0.5555556,13.0,12.0,0.9080373831775701,0.8724584103512015
32.0,0.5555556,13.0,20.0,0.9080373831775701,0.8724584103512015
32.0,0.5555556,13.0,32.0,0.9046728971962616,0.8709796672828096
32.0,0.5555556,13.0,50.0,0.8948286604361371,0.8695009242144177
32.0,0.5555556,13.0,80.0,0.8786292834890966,0.8606284658040666
32.0,0.5555556,13.0,128.0,0.8674143302180685,0.8524953789279113
32.0,0.5555556,15.0,2.0,0.9019314641744549,0.8695009242144177
32.0,0.5555556,15.0,3.0,0.9019314641744549,0.8695009242144177
32.0,0.5555556,15.0,5.0,0.9019314641744549,0.8695009242144177
32.0,0.5555556,15.0,8.0,0.9019314641744549,0.8695009242144177
32.0,0.5555556,15.0,12.0,0.9019314641744549,0.8695009242144177
32.0,0.5555556,15.0,20.0,0.9019314641744549,0.8695009242144177
32.0,0.5555556,15.0,32.0,0.9014330218068537,0.8706099815157117
32.0,0.5555556,15.0,50.0,0.8939563862928349,0.8680221811460258
32.0,0.5555556,15.0,80.0,0.8785046728971964,0.8606284658040666
32.0,0.5555556,15.0,128.0,0.8666666666666668,0.8513863216266173
32.0,0.5555556,17.0,2.0,0.8974454828660436,0.8691312384473198
32.0,0.5555556,17.0,3.0,0.8974454828660436,0.8691312384473198
32.0,0.5555556,17.0,5.0,0.8974454828660436,0.8691312384473198
32.0,0.5555556,17.0,8.0,0.8974454828660436,0.8691312384473198
32.0,0.5555556,17.0,12.0,0.8974454828660436,0.8691312384473198
32.0,0.5555556,17.0,20.0,0.8974454828660436,0.8691312384473198
32.0,0.5555556,17.0,32.0,0.8974454828660436,0.8691312384473198
32.0,0.5555556,17.0,50.0,0.8922118380062305,0.867652495378928
32.0,0.5555556,17.0,80.0,0.878380062305296,0.8584103512014789
32.0,0.5555556,17.0,128.0,0.8660436137071651,0.8506469500924215
32.0,0.5555556,20.0,2.0,0.8937071651090344,0.8654343807763402
32.0,0.5555556,20.0,3.0,0.8937071651090344,0.8654343807763402
32.0,0.5555556,20.0,5.0,0.8937071651090344,0.8654343807763402
32.0,0.5555556,20.0,8.0,0.8937071651090344,0.8654343807763402
32.0,0.5555556,20.0,12.0,0.8937071651090344,0.8654343807763402
32.0,0.5555556,20.0,20.0,0.8937071651090344,0.8654343807763402
32.0,0.5555556,20.0,32.0,0.8937071651090344,0.8654343807763402
32.0,0.5555556,20.0,50.0,0.8909657320872274,0.866543438077634
32.0,0.5555556,20.0,80.0,0.8765109034267912,0.8609981515711645
32.0,0.5555556,20.0,128.0,0.8654205607476635,0.8517560073937153
32.0,0.6666667,1.0,2.0,0.9634890965732087,0.8987060998151571
32.0,0.6666667,1.0,3.0,0.9631152647975079,0.8975970425138632
32.0,0.6666667,1.0,5.0,0.9621183800623052,0.8979667282809611
32.0,0.6666667,1.0,8.0,0.9565109034267912,0.8935304990757856
32.0,0.6666667,1.0,12.0,0.9481619937694704,0.8898336414048058
32.0,0.6666667,1.0,20.0,0.9344548286604362,0.8853974121996304
32.0,0.6666667,1.0,32.0,0.9217445482866043,0.8787430683918668
32.0,0.6666667,1.0,50.0,0.9049221183800622,0.8728280961182995
32.0,0.6666667,1.0,80.0,0.8890965732087228,0.8669131238447318
32.0,0.6666667,1.0,128.0,0.8716510903426791,0.8547134935304991
32.0,0.6666667,3.0,2.0,0.9502803738317758,0.8909426987060998
32.0,0.6666667,3.0,3.0,0.9502803738317758,0.8909426987060998
32.0,0.6666667,3.0,5.0,0.9502803738317758,0.8909426987060998
32.0,0.6666667,3.0,8.0,0.9474143302180685,0.8920517560073937
32.0,0.6666667,3.0,12.0,0.9401869158878504,0.8879852125693161
32.0,0.6666667,3.0,20.0,0.9288473520249221,0.8861367837338262
32.0,0.6666667,3.0,32.0,0.9172585669781931,0.877634011090573
32.0,0.6666667,3.0,50.0,0.9018068535825545,0.8724584103512015
32.0,0.6666667,3.0,80.0,0.8878504672897197,0.8661737523105361
32.0,0.6666667,3.0,128.0,0.8702803738317757,0.8547134935304991
32.0,0.6666667,5.0,2.0,0.936448598130841,0.8872458410351202
32.0,0.6666667,5.0,3.0,0.936448598130841,0.8872458410351202
32.0,0.6666667,5.0,5.0,0.936448598130841,0.8872458410351202
32.0,0.6666667,5.0,8.0,0.936448598130841,0.8872458410351202
32.0,0.6666667,5.0,12.0,0.9347040498442368,0.88909426987061
32.0,0.6666667,5.0,20.0,0.92398753894081,0.8805914972273567
32.0,0.6666667,5.0,32.0,0.9122741433021806,0.8772643253234751
32.0,0.6666667,5.0,50.0,0.9003115264797508,0.8728280961182995
32.0,0.6666667,5.0,80.0,0.8864797507788162,0.8669131238447318
32.0,0.6666667,5.0,128.0,0.8696573208722741,0.8536044362292052
32.0,0.6666667,7.0,2.0,0.9261059190031153,0.8842883548983365
32.0,0.6666667,7.0,3.0,0.9261059190031153,0.8842883548983365
32.0,0.6666667,7.0,5.0,0.9261059190031153,0.8842883548983365
32.0,0.6666667,7.0,8.0,0.9261059190031153,0.8842883548983365
32.0,0.6666667,7.0,12.0,0.9261059190031153,0.8842883548983365
32.0,0.6666667,7.0,20.0,0.9204984423676013,0.8798521256931607
32.0,0.6666667,7.0,32.0,0.9110280373831776,0.8757855822550832
32.0,0.6666667,7.0,50.0,0.9001869158878504,0.8724584103512015
32.0,0.6666667,7.0,80.0,0.8861059190031153,0.86728280961183
32.0,0.6666667,7.0,128.0,0.8695327102803738,0.8543438077634011
32.0,0.6666667,9.0,2.0,0.9177570093457945,0.8794824399260628
32.0,0.6666667,9.0,3.0,0.9177570093457945,0.8794824399260628
32.0,0.6666667,9.0,5.0,0.9177570093457945,0.8794824399260628
32.0,0.6666667,9.0,8.0,0.9177570093457945,0.8794824399260628
32.0,0.6666667,9.0,12.0,0.9177570093457945,0.8794824399260628
32.0,0.6666667,9.0,20.0,0.9187538940809968,0.8794824399260628
32.0,0.6666667,9.0,32.0,0.908785046728972,0.8735674676524953
32.0,0.6666667,9.0,50.0,0.8991900311526481,0.8720887245841036
32.0,0.6666667,9.0,80.0,0.8847352024922118,0.8650646950092421
32.0,0.6666667,9.0,128.0,0.8695327102803738,0.8539741219963032
32.0,0.6666667,11.0,2.0,0.9136448598130841,0.878003696857671
32.0,0.6666667,11.0,3.0,0.9136448598130841,0.878003696857671
32.0,0.6666667,11.0,5.0,0.9136448598130841,0.878003696857671
32.0,0.6666667,11.0,8.0,0.9136448598130841,0.878003696857671
32.0,0.6666667,11.0,12.0,0.9136448598130841,0.878003696857671
32.0,0.6666667,11.0,20.0,0.9136448598130841,0.878003696857671
32.0,0.6666667,11.0,32.0,0.9075389408099689,0.8746765249537892
32.0,0.6666667,11.0,50.0,0.8966978193146418,0.8709796672828096
32.0,0.6666667,11.0,80.0,0.8849844236760125,0.8658040665434381
32.0,0.6666667,11.0,128.0,0.868411214953271,0.8528650646950092
32.0,0.6666667,13.0,2.0,0.9090342679127726,0.8761552680221811
32.0,0.6666667,13.0,3.0,0.9090342679127726,0.8761552680221811
32.0,0.6666667,13.0,5.0,0.9090342679127726,0.8761552680221811
32.0,0.6666667,13.0,8.0,0.9090342679127726,0.8761552680221811
32.0,0.6666667,13.0,12.0,0.9090342679127726,0.8761552680221811
32.0,0.6666667,13.0,20.0,0.9090342679127726,0.8761552680221811
32.0,0.6666667,13.0,32.0,0.9052959501557633,0.8735674676524955
32.0,0.6666667,13.0,50.0,0.895576323987539,0.8698706099815157
32.0,0.6666667,13.0,80.0,0.8828660436137072,0.8650646950092421
32.0,0.6666667,13.0,128.0,0.8689096573208722,0.8521256931608134
32.0,0.6666667,15.0,2.0,0.9046728971962616,0.8739371534195934
32.0,0.6666667,15.0,3.0,0.9046728971962616,0.8739371534195934
32.0,0.6666667,15.0,5.0,0.9046728971962616,0.8739371534195934
32.0,0.6666667,15.0,8.0,0.9046728971962616,0.8739371534195934
32.0,0.6666667,15.0,12.0,0.9046728971962616,0.8739371534195934
32.0,0.6666667,15.0,20.0,0.9046728971962616,0.8739371534195934
32.0,0.6666667,15.0,32.0,0.9033021806853583,0.8724584103512015
32.0,0.6666667,15.0,50.0,0.8945794392523364,0.8702402957486136
32.0,0.6666667,15.0,80.0,0.8818691588785047,0.8632162661737522
32.0,0.6666667,15.0,128.0,0.8677881619937695,0.8536044362292052
32.0,0.6666667,17.0,2.0,0.9001869158878504,0.8698706099815159
32.0,0.6666667,17.0,3.0,0.9001869158878504,0.8698706099815159
32.0,0.6666667,17.0,5.0,0.9001869158878504,0.8698706099815159
32.0,0.6666667,17.0,8.0,0.9001869158878504,0.8698706099815159
32.0,0.6666667,17.0,12.0,0.9001869158878504,0.8698706099815159
32.0,0.6666667,17.0,20.0,0.9001869158878504,0.8698706099815159
32.0,0.6666667,17.0,32.0,0.9001869158878504,0.8698706099815159
32.0,0.6666667,17.0,50.0,0.8938317757009345,0.866543438077634
32.0,0.6666667,17.0,80.0,0.8811214953271028,0.8632162661737522
32.0,0.6666667,17.0,128.0,0.8662928348909658,0.8517560073937153
32.0,0.6666667,20.0,2.0,0.8958255451713395,0.867652495378928
32.0,0.6666667,20.0,3.0,0.8958255451713395,0.867652495378928
32.0,0.6666667,20.0,5.0,0.8958255451713395,0.867652495378928
32.0,0.6666667,20.0,8.0,0.8958255451713395,0.867652495378928
32.0,0.6666667,20.0,12.0,0.8958255451713395,0.867652495378928
32.0,0.6666667,20.0,20.0,0.8958255451713395,0.867652495378928
32.0,0.6666667,20.0,32.0,0.8958255451713395,0.867652495378928
32.0,0.6666667,20.0,50.0,0.8924610591900312,0.8646950092421442
32.0,0.6666667,20.0,80.0,0.8798753894080997,0.8635859519408502
32.0,0.6666667,20.0,128.0,0.8659190031152647,0.8513863216266173
32.0,0.7777778,1.0,2.0,0.9634890965732087,0.8987060998151571
32.0,0.7777778,1.0,3.0,0.9631152647975079,0.8975970425138632
32.0,0.7777778,1.0,5.0,0.9621183800623052,0.8979667282809611
32.0,0.7777778,1.0,8.0,0.9565109034267912,0.8935304990757856
32.0,0.7777778,1.0,12.0,0.9481619937694704,0.8898336414048058
32.0,0.7777778,1.0,20.0,0.9344548286604362,0.8853974121996304
32.0,0.7777778,1.0,32.0,0.9217445482866043,0.8787430683918668
32.0,0.7777778,1.0,50.0,0.9049221183800622,0.8728280961182995
32.0,0.7777778,1.0,80.0,0.8890965732087228,0.8669131238447318
32.0,0.7777778,1.0,128.0,0.8716510903426791,0.8547134935304991
32.0,0.7777778,3.0,2.0,0.9502803738317758,0.8909426987060998
32.0,0.7777778,3.0,3.0,0.9502803738317758,0.8909426987060998
32.0,0.7777778,3.0,5.0,0.9502803738317758,0.8909426987060998
32.0,0.7777778,3.0,8.0,0.9474143302180685,0.8920517560073937
32.0,0.7777778,3.0,12.0,0.9401869158878504,0.8879852125693161
32.0,0.7777778,3.0,20.0,0.9288473520249221,0.8861367837338262
32.0,0.7777778,3.0,32.0,0.9172585669781931,0.877634011090573
32.0,0.7777778,3.0,50.0,0.9018068535825545,0.8724584103512015
32.0,0.7777778,3.0,80.0,0.8878504672897197,0.8661737523105361
32.0,0.7777778,3.0,128.0,0.8702803738317757,0.8547134935304991
32.0,0.7777778,5.0,2.0,0.936448598130841,0.8872458410351202
32.0,0.7777778,5.0,3.0,0.936448598130841,0.8872458410351202
32.0,0.7777778,5.0,5.0,0.936448598130841,0.8872458410351202
32.0,0.7777778,5.0,8.0,0.936448598130841,0.8872458410351202
32.0,0.7777778,5.0,12.0,0.9347040498442368,0.88909426987061
32.0,0.7777778,5.0,20.0,0.92398753894081,0.8805914972273567
32.0,0.7777778,5.0,32.0,0.9122741433021806,0.8772643253234751
32.0,0.7777778,5.0,50.0,0.9003115264797508,0.8728280961182995
32.0,0.7777778,5.0,80.0,0.8864797507788162,0.8669131238447318
32.0,0.7777778,5.0,128.0,0.8696573208722741,0.8536044362292052
32.0,0.7777778,7.0,2.0,0.9261059190031153,0.8842883548983365
32.0,0.7777778,7.0,3.0,0.9261059190031153,0.8842883548983365
32.0,0.7777778,7.0,5.0,0.9261059190031153,0.8842883548983365
32.0,0.7777778,7.0,8.0,0.9261059190031153,0.8842883548983365
32.0,0.7777778,7.0,12.0,0.9261059190031153,0.8842883548983365
32.0,0.7777778,7.0,20.0,0.9204984423676013,0.8798521256931607
32.0,0.7777778,7.0,32.0,0.9110280373831776,0.8757855822550832
32.0,0.7777778,7.0,50.0,0.9001869158878504,0.8724584103512015
32.0,0.7777778,7.0,80.0,0.8861059190031153,0.86728280961183
32.0,0.7777778,7.0,128.0,0.8695327102803738,0.8543438077634011
32.0,0.7777778,9.0,2.0,0.9177570093457945,0.8794824399260628
32.0,0.7777778,9.0,3.0,0.9177570093457945,0.8794824399260628
32.0,0.7777778,9.0,5.0,0.9177570093457945,0.8794824399260628
32.0,0.7777778,9.0,8.0,0.9177570093457945,0.8794824399260628
32.0,0.7777778,9.0,12.0,0.9177570093457945,0.8794824399260628
32.0,0.7777778,9.0,20.0,0.9187538940809968,0.8794824399260628
32.0,0.7777778,9.0,32.0,0.908785046728972,0.8735674676524953
32.0,0.7777778,9.0,50.0,0.8991900311526481,0.8720887245841036
32.0,0.7777778,9.0,80.0,0.8847352024922118,0.8650646950092421
32.0,0.7777778,9.0,128.0,0.8695327102803738,0.8539741219963032
32.0,0.7777778,11.0,2.0,0.9136448598130841,0.878003696857671
32.0,0.7777778,11.0,3.0,0.9136448598130841,0.878003696857671
32.0,0.7777778,11.0,5.0,0.9136448598130841,0.878003696857671
32.0,0.7777778,11.0,8.0,0.9136448598130841,0.878003696857671
32.0,0.7777778,11.0,12.0,0.9136448598130841,0.878003696857671
32.0,0.7777778,11.0,20.0,0.9136448598130841,0.878003696857671
32.0,0.7777778,11.0,32.0,0.9075389408099689,0.8746765249537892
32.0,0.7777778,11.0,50.0,0.8966978193146418,0.8709796672828096
32.0,0.7777778,11.0,80.0,0.8849844236760125,0.8658040665434381
32.0,0.7777778,11.0,128.0,0.868411214953271,0.8528650646950092
32.0,0.7777778,13.0,2.0,0.9090342679127726,0.8761552680221811
32.0,0.7777778,13.0,3.0,0.9090342679127726,0.8761552680221811
32.0,0.7777778,13.0,5.0,0.9090342679127726,0.8761552680221811
32.0,0.7777778,13.0,8.0,0.9090342679127726,0.8761552680221811
32.0,0.7777778,13.0,12.0,0.9090342679127726,0.8761552680221811
32.0,0.7777778,13.0,20.0,0.9090342679127726,0.8761552680221811
32.0,0.7777778,13.0,32.0,0.9052959501557633,0.8735674676524955
32.0,0.7777778,13.0,50.0,0.895576323987539,0.8698706099815157
32.0,0.7777778,13.0,80.0,0.8828660436137072,0.8650646950092421
32.0,0.7777778,13.0,128.0,0.8689096573208722,0.8521256931608134
32.0,0.7777778,15.0,2.0,0.9046728971962616,0.8739371534195934
32.0,0.7777778,15.0,3.0,0.9046728971962616,0.8739371534195934
32.0,0.7777778,15.0,5.0,0.9046728971962616,0.8739371534195934
32.0,0.7777778,15.0,8.0,0.9046728971962616,0.8739371534195934
32.0,0.7777778,15.0,12.0,0.9046728971962616,0.8739371534195934
32.0,0.7777778,15.0,20.0,0.9046728971962616,0.8739371534195934
32.0,0.7777778,15.0,32.0,0.9033021806853583,0.8724584103512015
32.0,0.7777778,15.0,50.0,0.8945794392523364,0.8702402957486136
32.0,0.7777778,15.0,80.0,0.8818691588785047,0.8632162661737522
32.0,0.7777778,15.0,128.0,0.8677881619937695,0.8536044362292052
32.0,0.7777778,17.0,2.0,0.9001869158878504,0.8698706099815159
32.0,0.7777778,17.0,3.0,0.9001869158878504,0.8698706099815159
32.0,0.7777778,17.0,5.0,0.9001869158878504,0.8698706099815159
32.0,0.7777778,17.0,8.0,0.9001869158878504,0.8698706099815159
32.0,0.7777778,17.0,12.0,0.9001869158878504,0.8698706099815159
32.0,0.7777778,17.0,20.0,0.9001869158878504,0.8698706099815159
32.0,0.7777778,17.0,32.0,0.9001869158878504,0.8698706099815159
32.0,0.7777778,17.0,50.0,0.8938317757009345,0.866543438077634
32.0,0.7777778,17.0,80.0,0.8811214953271028,0.8632162661737522
32.0,0.7777778,17.0,128.0,0.8662928348909658,0.8517560073937153
32.0,0.7777778,20.0,2.0,0.8958255451713395,0.867652495378928
32.0,0.7777778,20.0,3.0,0.8958255451713395,0.867652495378928
32.0,0.7777778,20.0,5.0,0.8958255451713395,0.867652495378928
32.0,0.7777778,20.0,8.0,0.8958255451713395,0.867652495378928
32.0,0.7777778,20.0,12.0,0.8958255451713395,0.867652495378928
32.0,0.7777778,20.0,20.0,0.8958255451713395,0.867652495378928
32.0,0.7777778,20.0,32.0,0.8958255451713395,0.867652495378928
32.0,0.7777778,20.0,50.0,0.8924610591900312,0.8646950092421442
32.0,0.7777778,20.0,80.0,0.8798753894080997,0.8635859519408502
32.0,0.7777778,20.0,128.0,0.8659190031152647,0.8513863216266173
32.0,0.8888889,1.0,2.0,0.962367601246106,0.8972273567467652
32.0,0.8888889,1.0,3.0,0.962367601246106,0.8979667282809611
32.0,0.8888889,1.0,5.0,0.9621183800623052,0.8964879852125692
32.0,0.8888889,1.0,8.0,0.9551401869158879,0.8942698706099815
32.0,0.8888889,1.0,12.0,0.9481619937694704,0.8902033271719038
32.0,0.8888889,1.0,20.0,0.9350778816199377,0.8824399260628466
32.0,0.8888889,1.0,32.0,0.9198753894080998,0.8765249537892791
32.0,0.8888889,1.0,50.0,0.9049221183800624,0.8691312384473198
32.0,0.8888889,1.0,80.0,0.8858566978193145,0.8624768946395565
32.0,0.8888889,1.0,128.0,0.8705295950155764,0.8506469500924215
32.0,0.8888889,3.0,2.0,0.9496573208722742,0.8935304990757856
32.0,0.8888889,3.0,3.0,0.9496573208722742,0.8935304990757856
32.0,0.8888889,3.0,5.0,0.9496573208722742,0.8935304990757856
32.0,0.8888889,3.0,8.0,0.9459190031152648,0.8920517560073937
32.0,0.8888889,3.0,12.0,0.9400623052959501,0.8876155268022181
32.0,0.8888889,3.0,20.0,0.9278504672897195,0.8813308687615526
32.0,0.8888889,3.0,32.0,0.914392523364486,0.8746765249537892
32.0,0.8888889,3.0,50.0,0.9009345794392523,0.8702402957486136
32.0,0.8888889,3.0,80.0,0.8841121495327103,0.8624768946395565
32.0,0.8888889,3.0,128.0,0.8689096573208722,0.8491682070240296
32.0,0.8888889,5.0,2.0,0.9358255451713395,0.889833641404806
32.0,0.8888889,5.0,3.0,0.9358255451713395,0.889833641404806
32.0,0.8888889,5.0,5.0,0.9358255451713395,0.889833641404806
32.0,0.8888889,5.0,8.0,0.9358255451713395,0.889833641404806
32.0,0.8888889,5.0,12.0,0.9340809968847352,0.8861367837338262
32.0,0.8888889,5.0,20.0,0.921993769470405,0.8817005545286506
32.0,0.8888889,5.0,32.0,0.9107788161993768,0.878743068391867
32.0,0.8888889,5.0,50.0,0.9001869158878504,0.8713493530499076
32.0,0.8888889,5.0,80.0,0.8838629283489097,0.8621072088724585
32.0,0.8888889,5.0,128.0,0.8685358255451714,0.8506469500924215
32.0,0.8888889,7.0,2.0,0.9251090342679127,0.8831792975970425
32.0,0.8888889,7.0,3.0,0.9251090342679127,0.8831792975970425
32.0,0.8888889,7.0,5.0,0.9251090342679127,0.8831792975970425
32.0,0.8888889,7.0,8.0,0.9251090342679127,0.8831792975970425
32.0,0.8888889,7.0,12.0,0.9251090342679127,0.8831792975970425
32.0,0.8888889,7.0,20.0,0.9181308411214953,0.8809611829944547
32.0,0.8888889,7.0,32.0,0.9081619937694704,0.8761552680221811
32.0,0.8888889,7.0,50.0,0.896822429906542,0.8669131238447321
32.0,0.8888889,7.0,80.0,0.8832398753894081,0.8617375231053603
32.0,0.8888889,7.0,128.0,0.8676635514018691,0.8495378927911276
32.0,0.8888889,9.0,2.0,0.9157632398753893,0.8824399260628466
32.0,0.8888889,9.0,3.0,0.9157632398753893,0.8824399260628466
32.0,0.8888889,9.0,5.0,0.9157632398753893,0.8824399260628466
32.0,0.8888889,9.0,8.0,0.9157632398753893,0.8824399260628466
32.0,0.8888889,9.0,12.0,0.9157632398753893,0.8824399260628466
32.0,0.8888889,9.0,20.0,0.915638629283489,0.8794824399260628
32.0,0.8888889,9.0,32.0,0.906417445482866,0.8750462107208872
32.0,0.8888889,9.0,50.0,0.896822429906542,0.8695009242144177
32.0,0.8888889,9.0,80.0,0.8821183800623054,0.8624768946395565
32.0,0.8888889,9.0,128.0,0.8674143302180685,0.8491682070240296
32.0,0.8888889,11.0,2.0,0.9102803738317757,0.878373382624769
32.0,0.8888889,11.0,3.0,0.9102803738317757,0.878373382624769
32.0,0.8888889,11.0,5.0,0.9102803738317757,0.878373382624769
32.0,0.8888889,11.0,8.0,0.9102803738317757,0.878373382624769
32.0,0.8888889,11.0,12.0,0.9102803738317757,0.878373382624769
32.0,0.8888889,11.0,20.0,0.9102803738317757,0.878373382624769
32.0,0.8888889,11.0,32.0,0.9041744548286605,0.8750462107208872
32.0,0.8888889,11.0,50.0,0.895202492211838,0.8687615526802219
32.0,0.8888889,11.0,80.0,0.881619937694704,0.8639556377079483
32.0,0.8888889,11.0,128.0,0.866791277258567,0.8480591497227357
32.0,0.8888889,13.0,2.0,0.9072897196261682,0.8757855822550832
32.0,0.8888889,13.0,3.0,0.9072897196261682,0.8757855822550832
32.0,0.8888889,13.0,5.0,0.9072897196261682,0.8757855822550832
32.0,0.8888889,13.0,8.0,0.9072897196261682,0.8757855822550832
32.0,0.8888889,13.0,12.0,0.9072897196261682,0.8757855822550832
32.0,0.8888889,13.0,20.0,0.9072897196261682,0.8757855822550832
32.0,0.8888889,13.0,32.0,0.9039252336448598,0.8724584103512015
32.0,0.8888889,13.0,50.0,0.8935825545171341,0.8702402957486136
32.0,0.8888889,13.0,80.0,0.881619937694704,0.8613678373382625
32.0,0.8888889,13.0,128.0,0.8670404984423676,0.8473197781885398
32.0,0.8888889,15.0,2.0,0.902429906542056,0.8717190388170055
32.0,0.8888889,15.0,3.0,0.902429906542056,0.8717190388170055
32.0,0.8888889,15.0,5.0,0.902429906542056,0.8717190388170055
32.0,0.8888889,15.0,8.0,0.902429906542056,0.8717190388170055
32.0,0.8888889,15.0,12.0,0.902429906542056,0.8717190388170055
32.0,0.8888889,15.0,20.0,0.902429906542056,0.8717190388170055
32.0,0.8888889,15.0,32.0,0.9026791277258568,0.8713493530499076
32.0,0.8888889,15.0,50.0,0.892834890965732,0.8680221811460258
32.0,0.8888889,15.0,80.0,0.8796261682242991,0.8609981515711645
32.0,0.8888889,15.0,128.0,0.8675389408099689,0.8487985212569317
32.0,0.8888889,17.0,2.0,0.9003115264797508,0.8706099815157117
32.0,0.8888889,17.0,3.0,0.9003115264797508,0.8706099815157117
32.0,0.8888889,17.0,5.0,0.9003115264797508,0.8706099815157117
32.0,0.8888889,17.0,8.0,0.9003115264797508,0.8706099815157117
32.0,0.8888889,17.0,12.0,0.9003115264797508,0.8706099815157117
32.0,0.8888889,17.0,20.0,0.9003115264797508,0.8706099815157117
32.0,0.8888889,17.0,32.0,0.9003115264797508,0.8706099815157117
32.0,0.8888889,17.0,50.0,0.8929595015576324,0.8698706099815157
32.0,0.8888889,17.0,80.0,0.878380062305296,0.8606284658040666
32.0,0.8888889,17.0,128.0,0.8662928348909658,0.8476894639556377
32.0,0.8888889,20.0,2.0,0.8935825545171341,0.8658040665434381
32.0,0.8888889,20.0,3.0,0.8935825545171341,0.8658040665434381
32.0,0.8888889,20.0,5.0,0.8935825545171341,0.8658040665434381
32.0,0.8888889,20.0,8.0,0.8935825545171341,0.8658040665434381
32.0,0.8888889,20.0,12.0,0.8935825545171341,0.8658040665434381
32.0,0.8888889,20.0,20.0,0.8935825545171341,0.8658040665434381
32.0,0.8888889,20.0,32.0,0.8935825545171341,0.8658040665434381
32.0,0.8888889,20.0,50.0,0.8907165109034267,0.8639556377079483
32.0,0.8888889,20.0,80.0,0.8772585669781933,0.8602587800369685
32.0,0.8888889,20.0,128.0,0.8659190031152647,0.8484288354898336
32.0,1.0,1.0,2.0,0.9621183800623052,0.8957486136783734
32.0,1.0,1.0,3.0,0.9612461059190032,0.8968576709796672
32.0,1.0,1.0,5.0,0.9598753894080996,0.8961182994454713
32.0,1.0,1.0,8.0,0.9541433021806853,0.8927911275415896
32.0,1.0,1.0,12.0,0.9460436137071652,0.8879852125693161
32.0,1.0,1.0,20.0,0.9315887850467289,0.8805914972273567
32.0,1.0,1.0,32.0,0.91601246105919,0.8746765249537892
32.0,1.0,1.0,50.0,0.8989408099688474,0.8658040665434381
32.0,1.0,1.0,80.0,0.8818691588785047,0.8565619223659888
32.0,1.0,1.0,128.0,0.8605607476635514,0.8421441774491681
32.0,1.0,3.0,2.0,0.9470404984423675,0.8927911275415896
32.0,1.0,3.0,3.0,0.9470404984423675,0.8927911275415896
32.0,1.0,3.0,5.0,0.9470404984423675,0.8927911275415896
32.0,1.0,3.0,8.0,0.9434267912772587,0.8913123844731977
32.0,1.0,3.0,12.0,0.9365732087227414,0.8879852125693161
32.0,1.0,3.0,20.0,0.9237383177570093,0.8805914972273567
32.0,1.0,3.0,32.0,0.9101557632398753,0.8724584103512015
32.0,1.0,3.0,50.0,0.8950778816199376,0.8643253234750462
32.0,1.0,3.0,80.0,0.8796261682242991,0.855822550831793
32.0,1.0,3.0,128.0,0.859190031152648,0.8414048059149722
32.0,1.0,5.0,2.0,0.9330841121495327,0.8868761552680222
32.0,1.0,5.0,3.0,0.9330841121495327,0.8868761552680222
32.0,1.0,5.0,5.0,0.9330841121495327,0.8868761552680222
32.0,1.0,5.0,8.0,0.9330841121495327,0.8868761552680222
32.0,1.0,5.0,12.0,0.9307165109034269,0.8835489833641403
32.0,1.0,5.0,20.0,0.918380062305296,0.8794824399260628
32.0,1.0,5.0,32.0,0.9060436137071651,0.8724584103512015
32.0,1.0,5.0,50.0,0.8922118380062306,0.8632162661737522
32.0,1.0,5.0,80.0,0.8776323987538941,0.855822550831793
32.0,1.0,5.0,128.0,0.8584423676012461,0.8406654343807762
32.0,1.0,7.0,2.0,0.9232398753894081,0.8794824399260628
32.0,1.0,7.0,3.0,0.9232398753894081,0.8794824399260628
32.0,1.0,7.0,5.0,0.9232398753894081,0.8794824399260628
32.0,1.0,7.0,8.0,0.9232398753894081,0.8794824399260628
32.0,1.0,7.0,12.0,0.9232398753894081,0.8794824399260628
32.0,1.0,7.0,20.0,0.9155140186915889,0.8761552680221811
32.0,1.0,7.0,32.0,0.9042990654205607,0.8728280961182995
32.0,1.0,7.0,50.0,0.8912149532710281,0.8628465804066543
32.0,1.0,7.0,80.0,0.876386292834891,0.8547134935304991
32.0,1.0,7.0,128.0,0.8583177570093458,0.8399260628465803
32.0,1.0,9.0,2.0,0.9132710280373832,0.878743068391867
32.0,1.0,9.0,3.0,0.9132710280373832,0.878743068391867
32.0,1.0,9.0,5.0,0.9132710280373832,0.878743068391867
32.0,1.0,9.0,8.0,0.9132710280373832,0.878743068391867
32.0,1.0,9.0,12.0,0.9132710280373832,0.878743068391867
32.0,1.0,9.0,20.0,0.9122741433021806,0.876894639556377
32.0,1.0,9.0,32.0,0.9018068535825545,0.8713493530499076
32.0,1.0,9.0,50.0,0.8893457943925235,0.8635859519408502
32.0,1.0,9.0,80.0,0.8750155763239876,0.8539741219963032
32.0,1.0,9.0,128.0,0.8580685358255451,0.8395563770794825
32.0,1.0,11.0,2.0,0.9062928348909658,0.8739371534195934
32.0,1.0,11.0,3.0,0.9062928348909658,0.8739371534195934
32.0,1.0,11.0,5.0,0.9062928348909658,0.8739371534195934
32.0,1.0,11.0,8.0,0.9062928348909658,0.8739371534195934
32.0,1.0,11.0,12.0,0.9062928348909658,0.8739371534195934
32.0,1.0,11.0,20.0,0.9062928348909658,0.8739371534195934
32.0,1.0,11.0,32.0,0.8989408099688474,0.8717190388170055
32.0,1.0,11.0,50.0,0.8880996884735202,0.8628465804066543
32.0,1.0,11.0,80.0,0.8746417445482866,0.8547134935304991
32.0,1.0,11.0,128.0,0.8578193146417445,0.8402957486136783
32.0,1.0,13.0,2.0,0.902429906542056,0.8713493530499076
32.0,1.0,13.0,3.0,0.902429906542056,0.8713493530499076
32.0,1.0,13.0,5.0,0.902429906542056,0.8713493530499076
32.0,1.0,13.0,8.0,0.902429906542056,0.8713493530499076
32.0,1.0,13.0,12.0,0.902429906542056,0.8713493530499076
32.0,1.0,13.0,20.0,0.902429906542056,0.8713493530499076
32.0,1.0,13.0,32.0,0.8978193146417446,0.8687615526802219
32.0,1.0,13.0,50.0,0.8872274143302181,0.8654343807763402
32.0,1.0,13.0,80.0,0.874392523364486,0.8528650646950092
32.0,1.0,13.0,128.0,0.8573208722741432,0.8380776340110906
32.0,1.0,15.0,2.0,0.8980685358255451,0.8687615526802219
32.0,1.0,15.0,3.0,0.8980685358255451,0.8687615526802219
32.0,1.0,15.0,5.0,0.8980685358255451,0.8687615526802219
32.0,1.0,15.0,8.0,0.8980685358255451,0.8687615526802219
32.0,1.0,15.0,12.0,0.8980685358255451,0.8687615526802219
32.0,1.0,15.0,20.0,0.8980685358255451,0.8687615526802219
32.0,1.0,15.0,32.0,0.8961993769470405,0.86728280961183
32.0,1.0,15.0,50.0,0.8868535825545172,0.8669131238447318
32.0,1.0,15.0,80.0,0.8736448598130842,0.8539741219963032
32.0,1.0,15.0,128.0,0.856822429906542,0.8391866913123845
32.0,1.0,17.0,2.0,0.8930841121495326,0.8658040665434381
32.0,1.0,17.0,3.0,0.8930841121495326,0.8658040665434381
32.0,1.0,17.0,5.0,0.8930841121495326,0.8658040665434381
32.0,1.0,17.0,8.0,0.8930841121495326,0.8658040665434381
32.0,1.0,17.0,12.0,0.8930841121495326,0.8658040665434381
32.0,1.0,17.0,20.0,0.8930841121495326,0.8658040665434381
32.0,1.0,17.0,32.0,0.8930841121495326,0.8658040665434381
32.0,1.0,17.0,50.0,0.8859813084112149,0.866543438077634
32.0,1.0,17.0,80.0,0.8721495327102804,0.8547134935304991
32.0,1.0,17.0,128.0,0.8564485981308412,0.8399260628465803
32.0,1.0,20.0,2.0,0.8869781931464175,0.8628465804066543
32.0,1.0,20.0,3.0,0.8869781931464175,0.8628465804066543
32.0,1.0,20.0,5.0,0.8869781931464175,0.8628465804066543
32.0,1.0,20.0,8.0,0.8869781931464175,0.8628465804066543
32.0,1.0,20.0,12.0,0.8869781931464175,0.8628465804066543
32.0,1.0,20.0,20.0,0.8869781931464175,0.8628465804066543
32.0,1.0,20.0,32.0,0.8869781931464175,0.8628465804066543
32.0,1.0,20.0,50.0,0.88398753894081,0.8624768946395565
32.0,1.0,20.0,80.0,0.8696573208722741,0.8543438077634011
32.0,1.0,20.0,128.0,0.8543302180685359,0.8388170055452864
50.0,0.0,1.0,2.0,0.96398753894081,0.8987060998151571
50.0,0.0,1.0,3.0,0.9646105919003116,0.8950092421441775
50.0,0.0,1.0,5.0,0.9618691588785045,0.8939001848428836
50.0,0.0,1.0,8.0,0.9553894080996885,0.8905730129390019
50.0,0.0,1.0,12.0,0.9489096573208723,0.88909426987061
50.0,0.0,1.0,20.0,0.9327102803738316,0.8839186691312385
50.0,0.0,1.0,32.0,0.9207476635514018,0.8754158964879852
50.0,0.0,1.0,50.0,0.9033021806853583,0.8720887245841036
50.0,0.0,1.0,80.0,0.8848598130841122,0.8617375231053603
50.0,0.0,1.0,128.0,0.8689096573208722,0.8495378927911276
50.0,0.0,3.0,2.0,0.9471651090342679,0.8887245841035121
50.0,0.0,3.0,3.0,0.9471651090342679,0.8887245841035121
50.0,0.0,3.0,5.0,0.9471651090342679,0.8887245841035121
50.0,0.0,3.0,8.0,0.9461682242990654,0.8879852125693161
50.0,0.0,3.0,12.0,0.9376947040498443,0.8857670979667283
50.0,0.0,3.0,20.0,0.9268535825545172,0.8817005545286506
50.0,0.0,3.0,32.0,0.9150155763239874,0.8754158964879852
50.0,0.0,3.0,50.0,0.8995638629283489,0.8717190388170055
50.0,0.0,3.0,80.0,0.8822429906542055,0.8602587800369685
50.0,0.0,3.0,128.0,0.866791277258567,0.8480591497227357
50.0,0.0,5.0,2.0,0.9324610591900312,0.8857670979667283
50.0,0.0,5.0,3.0,0.9324610591900312,0.8857670979667283
50.0,0.0,5.0,5.0,0.9324610591900312,0.8857670979667283
50.0,0.0,5.0,8.0,0.9324610591900312,0.8857670979667283
50.0,0.0,5.0,12.0,0.9302180685358256,0.8861367837338262
50.0,0.0,5.0,20.0,0.9229906542056074,0.8754158964879852
50.0,0.0,5.0,32.0,0.9117757009345795,0.8761552680221811
50.0,0.0,5.0,50.0,0.8974454828660436,0.8728280961182995
50.0,0.0,5.0,80.0,0.8804984423676012,0.8591497227356747
50.0,0.0,5.0,128.0,0.8664174454828661,0.8484288354898336
50.0,0.0,7.0,2.0,0.9218691588785047,0.8798521256931607
50.0,0.0,7.0,3.0,0.9218691588785047,0.8798521256931607
50.0,0.0,7.0,5.0,0.9218691588785047,0.8798521256931607
50.0,0.0,7.0,8.0,0.9218691588785047,0.8798521256931607
50.0,0.0,7.0,12.0,0.9218691588785047,0.8798521256931607
50.0,0.0,7.0,20.0,0.9197507788161994,0.878003696857671
50.0,0.0,7.0,32.0,0.9082866043613708,0.8735674676524955
50.0,0.0,7.0,50.0,0.8953271028037383,0.8713493530499076
50.0,0.0,7.0,80.0,0.8797507788161993,0.8595194085027726
50.0,0.0,7.0,128.0,0.8656697819314643,0.8473197781885397
50.0,0.0,9.0,2.0,0.9165109034267912,0.8724584103512015
50.0,0.0,9.0,3.0,0.9165109034267912,0.8724584103512015
50.0,0.0,9.0,5.0,0.9165109034267912,0.8724584103512015
50.0,0.0,9.0,8.0,0.9165109034267912,0.8724584103512015
50.0,0.0,9.0,12.0,0.9165109034267912,0.8724584103512015
50.0,0.0,9.0,20.0,0.9161370716510904,0.8754158964879852
50.0,0.0,9.0,32.0,0.9061682242990654,0.8709796672828096
50.0,0.0,9.0,50.0,0.8930841121495326,0.8709796672828096
50.0,0.0,9.0,80.0,0.8797507788161993,0.8587800369685766
50.0,0.0,9.0,128.0,0.8650467289719627,0.8462107208872458
50.0,0.0,11.0,2.0,0.9085358255451712,0.8746765249537892
50.0,0.0,11.0,3.0,0.9085358255451712,0.8746765249537892
50.0,0.0,11.0,5.0,0.9085358255451712,0.8746765249537892
50.0,0.0,11.0,8.0,0.9085358255451712,0.8746765249537892
50.0,0.0,11.0,12.0,0.9085358255451712,0.8746765249537892
50.0,0.0,11.0,20.0,0.9085358255451712,0.8746765249537892
50.0,0.0,11.0,32.0,0.902803738317757,0.8717190388170055
50.0,0.0,11.0,50.0,0.8907165109034269,0.8683918669131238
50.0,0.0,11.0,80.0,0.8776323987538941,0.8591497227356747
50.0,0.0,11.0,128.0,0.8654205607476635,0.8473197781885398
50.0,0.0,13.0,2.0,0.9020560747663552,0.8687615526802219
50.0,0.0,13.0,3.0,0.9020560747663552,0.8687615526802219
50.0,0.0,13.0,5.0,0.9020560747663552,0.8687615526802219
50.0,0.0,13.0,8.0,0.9020560747663552,0.8687615526802219
50.0,0.0,13.0,12.0,0.9020560747663552,0.8687615526802219
50.0,0.0,13.0,20.0,0.9020560747663552,0.8687615526802219
50.0,0.0,13.0,32.0,0.8971962616822431,0.8691312384473198
50.0,0.0,13.0,50.0,0.8893457943925233,0.8661737523105361
50.0,0.0,13.0,80.0,0.8762616822429907,0.8565619223659888
50.0,0.0,13.0,128.0,0.8654205607476635,0.8465804066543438
50.0,0.0,15.0,2.0,0.8970716510903427,0.8680221811460258
50.0,0.0,15.0,3.0,0.8970716510903427,0.8680221811460258
50.0,0.0,15.0,5.0,0.8970716510903427,0.8680221811460258
50.0,0.0,15.0,8.0,0.8970716510903427,0.8680221811460258
50.0,0.0,15.0,12.0,0.8970716510903427,0.8680221811460258
50.0,0.0,15.0,20.0,0.8970716510903427,0.8680221811460258
50.0,0.0,15.0,32.0,0.896448598130841,0.8698706099815157
50.0,0.0,15.0,50.0,0.8876012461059191,0.8643253234750462
50.0,0.0,15.0,80.0,0.8746417445482866,0.8576709796672828
50.0,0.0,15.0,128.0,0.8640498442367601,0.8451016635859518
50.0,0.0,17.0,2.0,0.8939563862928349,0.866543438077634
50.0,0.0,17.0,3.0,0.8939563862928349,0.866543438077634
50.0,0.0,17.0,5.0,0.8939563862928349,0.866543438077634
50.0,0.0,17.0,8.0,0.8939563862928349,0.866543438077634
50.0,0.0,17.0,12.0,0.8939563862928349,0.866543438077634
50.0,0.0,17.0,20.0,0.8939563862928349,0.866543438077634
50.0,0.0,17.0,32.0,0.8939563862928349,0.866543438077634
50.0,0.0,17.0,50.0,0.8864797507788162,0.8643253234750462
50.0,0.0,17.0,80.0,0.874766355140187,0.857301293900185
50.0,0.0,17.0,128.0,0.8625545171339564,0.8451016635859518
50.0,0.0,20.0,2.0,0.8861059190031153,0.8646950092421442
50.0,0.0,20.0,3.0,0.8861059190031153,0.8646950092421442
50.0,0.0,20.0,5.0,0.8861059190031153,0.8646950092421442
50.0,0.0,20.0,8.0,0.8861059190031153,0.8646950092421442
50.0,0.0,20.0,12.0,0.8861059190031153,0.8646950092421442
50.0,0.0,20.0,20.0,0.8861059190031153,0.8646950092421442
50.0,0.0,20.0,32.0,0.8861059190031153,0.8646950092421442
50.0,0.0,20.0,50.0,0.882866043613707,0.8632162661737522
50.0,0.0,20.0,80.0,0.8720249221183801,0.855822550831793
50.0,0.0,20.0,128.0,0.8604361370716511,0.8421441774491683
50.0,0.11111111,1.0,2.0,0.96398753894081,0.8987060998151571
50.0,0.11111111,1.0,3.0,0.9646105919003116,0.8950092421441775
50.0,0.11111111,1.0,5.0,0.9618691588785045,0.8939001848428836
50.0,0.11111111,1.0,8.0,0.9553894080996885,0.8905730129390019
50.0,0.11111111,1.0,12.0,0.9489096573208723,0.88909426987061
50.0,0.11111111,1.0,20.0,0.9327102803738316,0.8839186691312385
50.0,0.11111111,1.0,32.0,0.9207476635514018,0.8754158964879852
50.0,0.11111111,1.0,50.0,0.9033021806853583,0.8720887245841036
50.0,0.11111111,1.0,80.0,0.8848598130841122,0.8617375231053603
50.0,0.11111111,1.0,128.0,0.8689096573208722,0.8495378927911276
50.0,0.11111111,3.0,2.0,0.9471651090342679,0.8887245841035121
50.0,0.11111111,3.0,3.0,0.9471651090342679,0.8887245841035121
50.0,0.11111111,3.0,5.0,0.9471651090342679,0.8887245841035121
50.0,0.11111111,3.0,8.0,0.9461682242990654,0.8879852125693161
50.0,0.11111111,3.0,12.0,0.9376947040498443,0.8857670979667283
50.0,0.11111111,3.0,20.0,0.9268535825545172,0.8817005545286506
50.0,0.11111111,3.0,32.0,0.9150155763239874,0.8754158964879852
50.0,0.11111111,3.0,50.0,0.8995638629283489,0.8717190388170055
50.0,0.11111111,3.0,80.0,0.8822429906542055,0.8602587800369685
50.0,0.11111111,3.0,128.0,0.866791277258567,0.8480591497227357
50.0,0.11111111,5.0,2.0,0.9324610591900312,0.8857670979667283
50.0,0.11111111,5.0,3.0,0.9324610591900312,0.8857670979667283
50.0,0.11111111,5.0,5.0,0.9324610591900312,0.8857670979667283
50.0,0.11111111,5.0,8.0,0.9324610591900312,0.8857670979667283
50.0,0.11111111,5.0,12.0,0.9302180685358256,0.8861367837338262
50.0,0.11111111,5.0,20.0,0.9229906542056074,0.8754158964879852
50.0,0.11111111,5.0,32.0,0.9117757009345795,0.8761552680221811
50.0,0.11111111,5.0,50.0,0.8974454828660436,0.8728280961182995
50.0,0.11111111,5.0,80.0,0.8804984423676012,0.8591497227356747
50.0,0.11111111,5.0,128.0,0.8664174454828661,0.8484288354898336
50.0,0.11111111,7.0,2.0,0.9218691588785047,0.8798521256931607
50.0,0.11111111,7.0,3.0,0.9218691588785047,0.8798521256931607
50.0,0.11111111,7.0,5.0,0.9218691588785047,0.8798521256931607
50.0,0.11111111,7.0,8.0,0.9218691588785047,0.8798521256931607
50.0,0.11111111,7.0,12.0,0.9218691588785047,0.8798521256931607
50.0,0.11111111,7.0,20.0,0.9197507788161994,0.878003696857671
50.0,0.11111111,7.0,32.0,0.9082866043613708,0.8735674676524955
50.0,0.11111111,7.0,50.0,0.8953271028037383,0.8713493530499076
50.0,0.11111111,7.0,80.0,0.8797507788161993,0.8595194085027726
50.0,0.11111111,7.0,128.0,0.8656697819314643,0.8473197781885397
50.0,0.11111111,9.0,2.0,0.9165109034267912,0.8724584103512015
50.0,0.11111111,9.0,3.0,0.9165109034267912,0.8724584103512015
50.0,0.11111111,9.0,5.0,0.9165109034267912,0.8724584103512015
50.0,0.11111111,9.0,8.0,0.9165109034267912,0.8724584103512015
50.0,0.11111111,9.0,12.0,0.9165109034267912,0.8724584103512015
50.0,0.11111111,9.0,20.0,0.9161370716510904,0.8754158964879852
50.0,0.11111111,9.0,32.0,0.9061682242990654,0.8709796672828096
50.0,0.11111111,9.0,50.0,0.8930841121495326,0.8709796672828096
50.0,0.11111111,9.0,80.0,0.8797507788161993,0.8587800369685766
50.0,0.11111111,9.0,128.0,0.8650467289719627,0.8462107208872458
50.0,0.11111111,11.0,2.0,0.9085358255451712,0.8746765249537892
50.0,0.11111111,11.0,3.0,0.9085358255451712,0.8746765249537892
50.0,0.11111111,11.0,5.0,0.9085358255451712,0.8746765249537892
50.0,0.11111111,11.0,8.0,0.9085358255451712,0.8746765249537892
50.0,0.11111111,11.0,12.0,0.9085358255451712,0.8746765249537892
50.0,0.11111111,11.0,20.0,0.9085358255451712,0.8746765249537892
50.0,0.11111111,11.0,32.0,0.902803738317757,0.8717190388170055
50.0,0.11111111,11.0,50.0,0.8907165109034269,0.8683918669131238
50.0,0.11111111,11.0,80.0,0.8776323987538941,0.8591497227356747
50.0,0.11111111,11.0,128.0,0.8654205607476635,0.8473197781885398
50.0,0.11111111,13.0,2.0,0.9020560747663552,0.8687615526802219
50.0,0.11111111,13.0,3.0,0.9020560747663552,0.8687615526802219
50.0,0.11111111,13.0,5.0,0.9020560747663552,0.8687615526802219
50.0,0.11111111,13.0,8.0,0.9020560747663552,0.8687615526802219
50.0,0.11111111,13.0,12.0,0.9020560747663552,0.8687615526802219
50.0,0.11111111,13.0,20.0,0.9020560747663552,0.8687615526802219
50.0,0.11111111,13.0,32.0,0.8971962616822431,0.8691312384473198
50.0,0.11111111,13.0,50.0,0.8893457943925233,0.8661737523105361
50.0,0.11111111,13.0,80.0,0.8762616822429907,0.8565619223659888
50.0,0.11111111,13.0,128.0,0.8654205607476635,0.8465804066543438
50.0,0.11111111,15.0,2.0,0.8970716510903427,0.8680221811460258
50.0,0.11111111,15.0,3.0,0.8970716510903427,0.8680221811460258
50.0,0.11111111,15.0,5.0,0.8970716510903427,0.8680221811460258
50.0,0.11111111,15.0,8.0,0.8970716510903427,0.8680221811460258
50.0,0.11111111,15.0,12.0,0.8970716510903427,0.8680221811460258
50.0,0.11111111,15.0,20.0,0.8970716510903427,0.8680221811460258
50.0,0.11111111,15.0,32.0,0.896448598130841,0.8698706099815157
50.0,0.11111111,15.0,50.0,0.8876012461059191,0.8643253234750462
50.0,0.11111111,15.0,80.0,0.8746417445482866,0.8576709796672828
50.0,0.11111111,15.0,128.0,0.8640498442367601,0.8451016635859518
50.0,0.11111111,17.0,2.0,0.8939563862928349,0.866543438077634
50.0,0.11111111,17.0,3.0,0.8939563862928349,0.866543438077634
50.0,0.11111111,17.0,5.0,0.8939563862928349,0.866543438077634
50.0,0.11111111,17.0,8.0,0.8939563862928349,0.866543438077634
50.0,0.11111111,17.0,12.0,0.8939563862928349,0.866543438077634
50.0,0.11111111,17.0,20.0,0.8939563862928349,0.866543438077634
50.0,0.11111111,17.0,32.0,0.8939563862928349,0.866543438077634
50.0,0.11111111,17.0,50.0,0.8864797507788162,0.8643253234750462
50.0,0.11111111,17.0,80.0,0.874766355140187,0.857301293900185
50.0,0.11111111,17.0,128.0,0.8625545171339564,0.8451016635859518
50.0,0.11111111,20.0,2.0,0.8861059190031153,0.8646950092421442
50.0,0.11111111,20.0,3.0,0.8861059190031153,0.8646950092421442
50.0,0.11111111,20.0,5.0,0.8861059190031153,0.8646950092421442
50.0,0.11111111,20.0,8.0,0.8861059190031153,0.8646950092421442
50.0,0.11111111,20.0,12.0,0.8861059190031153,0.8646950092421442
50.0,0.11111111,20.0,20.0,0.8861059190031153,0.8646950092421442
50.0,0.11111111,20.0,32.0,0.8861059190031153,0.8646950092421442
50.0,0.11111111,20.0,50.0,0.882866043613707,0.8632162661737522
50.0,0.11111111,20.0,80.0,0.8720249221183801,0.855822550831793
50.0,0.11111111,20.0,128.0,0.8604361370716511,0.8421441774491683
50.0,0.22222222,1.0,2.0,0.96398753894081,0.8987060998151571
50.0,0.22222222,1.0,3.0,0.9646105919003116,0.8950092421441775
50.0,0.22222222,1.0,5.0,0.9618691588785045,0.8939001848428836
50.0,0.22222222,1.0,8.0,0.9553894080996885,0.8905730129390019
50.0,0.22222222,1.0,12.0,0.9489096573208723,0.88909426987061
50.0,0.22222222,1.0,20.0,0.9327102803738316,0.8839186691312385
50.0,0.22222222,1.0,32.0,0.9207476635514018,0.8754158964879852
50.0,0.22222222,1.0,50.0,0.9033021806853583,0.8720887245841036
50.0,0.22222222,1.0,80.0,0.8848598130841122,0.8617375231053603
50.0,0.22222222,1.0,128.0,0.8689096573208722,0.8495378927911276
50.0,0.22222222,3.0,2.0,0.9471651090342679,0.8887245841035121
50.0,0.22222222,3.0,3.0,0.9471651090342679,0.8887245841035121
50.0,0.22222222,3.0,5.0,0.9471651090342679,0.8887245841035121
50.0,0.22222222,3.0,8.0,0.9461682242990654,0.8879852125693161
50.0,0.22222222,3.0,12.0,0.9376947040498443,0.8857670979667283
50.0,0.22222222,3.0,20.0,0.9268535825545172,0.8817005545286506
50.0,0.22222222,3.0,32.0,0.9150155763239874,0.8754158964879852
50.0,0.22222222,3.0,50.0,0.8995638629283489,0.8717190388170055
50.0,0.22222222,3.0,80.0,0.8822429906542055,0.8602587800369685
50.0,0.22222222,3.0,128.0,0.866791277258567,0.8480591497227357
50.0,0.22222222,5.0,2.0,0.9324610591900312,0.8857670979667283
50.0,0.22222222,5.0,3.0,0.9324610591900312,0.8857670979667283
50.0,0.22222222,5.0,5.0,0.9324610591900312,0.8857670979667283
50.0,0.22222222,5.0,8.0,0.9324610591900312,0.8857670979667283
50.0,0.22222222,5.0,12.0,0.9302180685358256,0.8861367837338262
50.0,0.22222222,5.0,20.0,0.9229906542056074,0.8754158964879852
50.0,0.22222222,5.0,32.0,0.9117757009345795,0.8761552680221811
50.0,0.22222222,5.0,50.0,0.8974454828660436,0.8728280961182995
50.0,0.22222222,5.0,80.0,0.8804984423676012,0.8591497227356747
50.0,0.22222222,5.0,128.0,0.8664174454828661,0.8484288354898336
50.0,0.22222222,7.0,2.0,0.9218691588785047,0.8798521256931607
50.0,0.22222222,7.0,3.0,0.9218691588785047,0.8798521256931607
50.0,0.22222222,7.0,5.0,0.9218691588785047,0.8798521256931607
50.0,0.22222222,7.0,8.0,0.9218691588785047,0.8798521256931607
50.0,0.22222222,7.0,12.0,0.9218691588785047,0.8798521256931607
50.0,0.22222222,7.0,20.0,0.9197507788161994,0.878003696857671
50.0,0.22222222,7.0,32.0,0.9082866043613708,0.8735674676524955
50.0,0.22222222,7.0,50.0,0.8953271028037383,0.8713493530499076
50.0,0.22222222,7.0,80.0,0.8797507788161993,0.8595194085027726
50.0,0.22222222,7.0,128.0,0.8656697819314643,0.8473197781885397
50.0,0.22222222,9.0,2.0,0.9165109034267912,0.8724584103512015
50.0,0.22222222,9.0,3.0,0.9165109034267912,0.8724584103512015
50.0,0.22222222,9.0,5.0,0.9165109034267912,0.8724584103512015
50.0,0.22222222,9.0,8.0,0.9165109034267912,0.8724584103512015
50.0,0.22222222,9.0,12.0,0.9165109034267912,0.8724584103512015
50.0,0.22222222,9.0,20.0,0.9161370716510904,0.8754158964879852
50.0,0.22222222,9.0,32.0,0.9061682242990654,0.8709796672828096
50.0,0.22222222,9.0,50.0,0.8930841121495326,0.8709796672828096
50.0,0.22222222,9.0,80.0,0.8797507788161993,0.8587800369685766
50.0,0.22222222,9.0,128.0,0.8650467289719627,0.8462107208872458
50.0,0.22222222,11.0,2.0,0.9085358255451712,0.8746765249537892
50.0,0.22222222,11.0,3.0,0.9085358255451712,0.8746765249537892
50.0,0.22222222,11.0,5.0,0.9085358255451712,0.8746765249537892
50.0,0.22222222,11.0,8.0,0.9085358255451712,0.8746765249537892
50.0,0.22222222,11.0,12.0,0.9085358255451712,0.8746765249537892
50.0,0.22222222,11.0,20.0,0.9085358255451712,0.8746765249537892
50.0,0.22222222,11.0,32.0,0.902803738317757,0.8717190388170055
50.0,0.22222222,11.0,50.0,0.8907165109034269,0.8683918669131238
50.0,0.22222222,11.0,80.0,0.8776323987538941,0.8591497227356747
50.0,0.22222222,11.0,128.0,0.8654205607476635,0.8473197781885398
50.0,0.22222222,13.0,2.0,0.9020560747663552,0.8687615526802219
50.0,0.22222222,13.0,3.0,0.9020560747663552,0.8687615526802219
50.0,0.22222222,13.0,5.0,0.9020560747663552,0.8687615526802219
50.0,0.22222222,13.0,8.0,0.9020560747663552,0.8687615526802219
50.0,0.22222222,13.0,12.0,0.9020560747663552,0.8687615526802219
50.0,0.22222222,13.0,20.0,0.9020560747663552,0.8687615526802219
50.0,0.22222222,13.0,32.0,0.8971962616822431,0.8691312384473198
50.0,0.22222222,13.0,50.0,0.8893457943925233,0.8661737523105361
50.0,0.22222222,13.0,80.0,0.8762616822429907,0.8565619223659888
50.0,0.22222222,13.0,128.0,0.8654205607476635,0.8465804066543438
50.0,0.22222222,15.0,2.0,0.8970716510903427,0.8680221811460258
50.0,0.22222222,15.0,3.0,0.8970716510903427,0.8680221811460258
50.0,0.22222222,15.0,5.0,0.8970716510903427,0.8680221811460258
50.0,0.22222222,15.0,8.0,0.8970716510903427,0.8680221811460258
50.0,0.22222222,15.0,12.0,0.8970716510903427,0.8680221811460258
50.0,0.22222222,15.0,20.0,0.8970716510903427,0.8680221811460258
50.0,0.22222222,15.0,32.0,0.896448598130841,0.8698706099815157
50.0,0.22222222,15.0,50.0,0.8876012461059191,0.8643253234750462
50.0,0.22222222,15.0,80.0,0.8746417445482866,0.8576709796672828
50.0,0.22222222,15.0,128.0,0.8640498442367601,0.8451016635859518
50.0,0.22222222,17.0,2.0,0.8939563862928349,0.866543438077634
50.0,0.22222222,17.0,3.0,0.8939563862928349,0.866543438077634
50.0,0.22222222,17.0,5.0,0.8939563862928349,0.866543438077634
50.0,0.22222222,17.0,8.0,0.8939563862928349,0.866543438077634
50.0,0.22222222,17.0,12.0,0.8939563862928349,0.866543438077634
50.0,0.22222222,17.0,20.0,0.8939563862928349,0.866543438077634
50.0,0.22222222,17.0,32.0,0.8939563862928349,0.866543438077634
50.0,0.22222222,17.0,50.0,0.8864797507788162,0.8643253234750462
50.0,0.22222222,17.0,80.0,0.874766355140187,0.857301293900185
50.0,0.22222222,17.0,128.0,0.8625545171339564,0.8451016635859518
50.0,0.22222222,20.0,2.0,0.8861059190031153,0.8646950092421442
50.0,0.22222222,20.0,3.0,0.8861059190031153,0.8646950092421442
50.0,0.22222222,20.0,5.0,0.8861059190031153,0.8646950092421442
50.0,0.22222222,20.0,8.0,0.8861059190031153,0.8646950092421442
50.0,0.22222222,20.0,12.0,0.8861059190031153,0.8646950092421442
50.0,0.22222222,20.0,20.0,0.8861059190031153,0.8646950092421442
50.0,0.22222222,20.0,32.0,0.8861059190031153,0.8646950092421442
50.0,0.22222222,20.0,50.0,0.882866043613707,0.8632162661737522
50.0,0.22222222,20.0,80.0,0.8720249221183801,0.855822550831793
50.0,0.22222222,20.0,128.0,0.8604361370716511,0.8421441774491683
50.0,0.33333334,1.0,2.0,0.9647352024922118,0.8964879852125692
50.0,0.33333334,1.0,3.0,0.9638629283489097,0.8957486136783734
50.0,0.33333334,1.0,5.0,0.962367601246106,0.8950092421441773
50.0,0.33333334,1.0,8.0,0.9566355140186916,0.8924214417744917
50.0,0.33333334,1.0,12.0,0.9482866043613708,0.8902033271719038
50.0,0.33333334,1.0,20.0,0.9342056074766354,0.8857670979667283
50.0,0.33333334,1.0,32.0,0.9208722741433022,0.877634011090573
50.0,0.33333334,1.0,50.0,0.9050467289719626,0.8739371534195934
50.0,0.33333334,1.0,80.0,0.886355140186916,0.8624768946395565
50.0,0.33333334,1.0,128.0,0.8691588785046729,0.8547134935304991
50.0,0.33333334,3.0,2.0,0.9494080996884735,0.889833641404806
50.0,0.33333334,3.0,3.0,0.9494080996884735,0.889833641404806
50.0,0.33333334,3.0,5.0,0.9494080996884735,0.889833641404806
50.0,0.33333334,3.0,8.0,0.9470404984423675,0.8913123844731977
50.0,0.33333334,3.0,12.0,0.9405607476635514,0.8876155268022181
50.0,0.33333334,3.0,20.0,0.9289719626168225,0.8842883548983365
50.0,0.33333334,3.0,32.0,0.9176323987538941,0.8772643253234751
50.0,0.33333334,3.0,50.0,0.9019314641744549,0.8720887245841036
50.0,0.33333334,3.0,80.0,0.8833644859813085,0.8635859519408504
50.0,0.33333334,3.0,128.0,0.8692834890965733,0.8547134935304991
50.0,0.33333334,5.0,2.0,0.9368224299065421,0.8879852125693161
50.0,0.33333334,5.0,3.0,0.9368224299065421,0.8879852125693161
50.0,0.33333334,5.0,5.0,0.9368224299065421,0.8879852125693161
50.0,0.33333334,5.0,8.0,0.9368224299065421,0.8879852125693161
50.0,0.33333334,5.0,12.0,0.934828660436137,0.8857670979667283
50.0,0.33333334,5.0,20.0,0.9256074766355139,0.8839186691312385
50.0,0.33333334,5.0,32.0,0.9135202492211837,0.878003696857671
50.0,0.33333334,5.0,50.0,0.8996884735202493,0.8728280961182995
50.0,0.33333334,5.0,80.0,0.8836137071651091,0.8639556377079483
50.0,0.33333334,5.0,128.0,0.8687850467289719,0.857301293900185
50.0,0.33333334,7.0,2.0,0.9258566978193146,0.8828096118299446
50.0,0.33333334,7.0,3.0,0.9258566978193146,0.8828096118299446
50.0,0.33333334,7.0,5.0,0.9258566978193146,0.8828096118299446
50.0,0.33333334,7.0,8.0,0.9258566978193146,0.8828096118299446
50.0,0.33333334,7.0,12.0,0.9258566978193146,0.8828096118299446
50.0,0.33333334,7.0,20.0,0.9207476635514018,0.8817005545286506
50.0,0.33333334,7.0,32.0,0.9120249221183802,0.877634011090573
50.0,0.33333334,7.0,50.0,0.8978193146417446,0.8717190388170055
50.0,0.33333334,7.0,80.0,0.8829906542056076,0.8632162661737522
50.0,0.33333334,7.0,128.0,0.8665420560747663,0.8539741219963032
50.0,0.33333334,9.0,2.0,0.9201246105919003,0.8817005545286506
50.0,0.33333334,9.0,3.0,0.9201246105919003,0.8817005545286506
50.0,0.33333334,9.0,5.0,0.9201246105919003,0.8817005545286506
50.0,0.33333334,9.0,8.0,0.9201246105919003,0.8817005545286506
50.0,0.33333334,9.0,12.0,0.9201246105919003,0.8817005545286506
50.0,0.33333334,9.0,20.0,0.9173831775700935,0.8802218114602589
50.0,0.33333334,9.0,32.0,0.9094080996884735,0.8750462107208872
50.0,0.33333334,9.0,50.0,0.8963239875389408,0.8724584103512015
50.0,0.33333334,9.0,80.0,0.8823676012461059,0.8621072088724585
50.0,0.33333334,9.0,128.0,0.8669158878504672,0.8524953789279113
50.0,0.33333334,11.0,2.0,0.9136448598130841,0.879112754158965
50.0,0.33333334,11.0,3.0,0.9136448598130841,0.879112754158965
50.0,0.33333334,11.0,5.0,0.9136448598130841,0.879112754158965
50.0,0.33333334,11.0,8.0,0.9136448598130841,0.879112754158965
50.0,0.33333334,11.0,12.0,0.9136448598130841,0.879112754158965
50.0,0.33333334,11.0,20.0,0.9136448598130841,0.879112754158965
50.0,0.33333334,11.0,32.0,0.9057943925233645,0.8728280961182995
50.0,0.33333334,11.0,50.0,0.8950778816199378,0.8713493530499076
50.0,0.33333334,11.0,80.0,0.8801246105919004,0.8617375231053603
50.0,0.33333334,11.0,128.0,0.8672897196261682,0.8539741219963031
50.0,0.33333334,13.0,2.0,0.9080373831775701,0.8724584103512015
50.0,0.33333334,13.0,3.0,0.9080373831775701,0.8724584103512015
50.0,0.33333334,13.0,5.0,0.9080373831775701,0.8724584103512015
50.0,0.33333334,13.0,8.0,0.9080373831775701,0.8724584103512015
50.0,0.33333334,13.0,12.0,0.9080373831775701,0.8724584103512015
50.0,0.33333334,13.0,20.0,0.9080373831775701,0.8724584103512015
50.0,0.33333334,13.0,32.0,0.9046728971962616,0.8709796672828096
50.0,0.33333334,13.0,50.0,0.8948286604361371,0.8695009242144177
50.0,0.33333334,13.0,80.0,0.8786292834890966,0.8606284658040666
50.0,0.33333334,13.0,128.0,0.8674143302180685,0.8524953789279113
50.0,0.33333334,15.0,2.0,0.9019314641744549,0.8695009242144177
50.0,0.33333334,15.0,3.0,0.9019314641744549,0.8695009242144177
50.0,0.33333334,15.0,5.0,0.9019314641744549,0.8695009242144177
50.0,0.33333334,15.0,8.0,0.9019314641744549,0.8695009242144177
50.0,0.33333334,15.0,12.0,0.9019314641744549,0.8695009242144177
50.0,0.33333334,15.0,20.0,0.9019314641744549,0.8695009242144177
50.0,0.33333334,15.0,32.0,0.9014330218068537,0.8706099815157117
50.0,0.33333334,15.0,50.0,0.8939563862928349,0.8680221811460258
50.0,0.33333334,15.0,80.0,0.8785046728971964,0.8606284658040666
50.0,0.33333334,15.0,128.0,0.8666666666666668,0.8513863216266173
50.0,0.33333334,17.0,2.0,0.8974454828660436,0.8691312384473198
50.0,0.33333334,17.0,3.0,0.8974454828660436,0.8691312384473198
50.0,0.33333334,17.0,5.0,0.8974454828660436,0.8691312384473198
50.0,0.33333334,17.0,8.0,0.8974454828660436,0.8691312384473198
50.0,0.33333334,17.0,12.0,0.8974454828660436,0.8691312384473198
50.0,0.33333334,17.0,20.0,0.8974454828660436,0.8691312384473198
50.0,0.33333334,17.0,32.0,0.8974454828660436,0.8691312384473198
50.0,0.33333334,17.0,50.0,0.8922118380062305,0.867652495378928
50.0,0.33333334,17.0,80.0,0.878380062305296,0.8584103512014789
50.0,0.33333334,17.0,128.0,0.8660436137071651,0.8506469500924215
50.0,0.33333334,20.0,2.0,0.8937071651090344,0.8654343807763402
50.0,0.33333334,20.0,3.0,0.8937071651090344,0.8654343807763402
50.0,0.33333334,20.0,5.0,0.8937071651090344,0.8654343807763402
50.0,0.33333334,20.0,8.0,0.8937071651090344,0.8654343807763402
50.0,0.33333334,20.0,12.0,0.8937071651090344,0.8654343807763402
50.0,0.33333334,20.0,20.0,0.8937071651090344,0.8654343807763402
50.0,0.33333334,20.0,32.0,0.8937071651090344,0.8654343807763402
50.0,0.33333334,20.0,50.0,0.8909657320872274,0.866543438077634
50.0,0.33333334,20.0,80.0,0.8765109034267912,0.8609981515711645
50.0,0.33333334,20.0,128.0,0.8654205607476635,0.8517560073937153
50.0,0.44444445,1.0,2.0,0.9647352024922118,0.8964879852125692
50.0,0.44444445,1.0,3.0,0.9638629283489097,0.8957486136783734
50.0,0.44444445,1.0,5.0,0.962367601246106,0.8950092421441773
50.0,0.44444445,1.0,8.0,0.9566355140186916,0.8924214417744917
50.0,0.44444445,1.0,12.0,0.9482866043613708,0.8902033271719038
50.0,0.44444445,1.0,20.0,0.9342056074766354,0.8857670979667283
50.0,0.44444445,1.0,32.0,0.9208722741433022,0.877634011090573
50.0,0.44444445,1.0,50.0,0.9050467289719626,0.8739371534195934
50.0,0.44444445,1.0,80.0,0.886355140186916,0.8624768946395565
50.0,0.44444445,1.0,128.0,0.8691588785046729,0.8547134935304991
50.0,0.44444445,3.0,2.0,0.9494080996884735,0.889833641404806
50.0,0.44444445,3.0,3.0,0.9494080996884735,0.889833641404806
50.0,0.44444445,3.0,5.0,0.9494080996884735,0.889833641404806
50.0,0.44444445,3.0,8.0,0.9470404984423675,0.8913123844731977
50.0,0.44444445,3.0,12.0,0.9405607476635514,0.8876155268022181
50.0,0.44444445,3.0,20.0,0.9289719626168225,0.8842883548983365
50.0,0.44444445,3.0,32.0,0.9176323987538941,0.8772643253234751
50.0,0.44444445,3.0,50.0,0.9019314641744549,0.8720887245841036
50.0,0.44444445,3.0,80.0,0.8833644859813085,0.8635859519408504
50.0,0.44444445,3.0,128.0,0.8692834890965733,0.8547134935304991
50.0,0.44444445,5.0,2.0,0.9368224299065421,0.8879852125693161
50.0,0.44444445,5.0,3.0,0.9368224299065421,0.8879852125693161
50.0,0.44444445,5.0,5.0,0.9368224299065421,0.8879852125693161
50.0,0.44444445,5.0,8.0,0.9368224299065421,0.8879852125693161
50.0,0.44444445,5.0,12.0,0.934828660436137,0.8857670979667283
50.0,0.44444445,5.0,20.0,0.9256074766355139,0.8839186691312385
50.0,0.44444445,5.0,32.0,0.9135202492211837,0.878003696857671
50.0,0.44444445,5.0,50.0,0.8996884735202493,0.8728280961182995
50.0,0.44444445,5.0,80.0,0.8836137071651091,0.8639556377079483
50.0,0.44444445,5.0,128.0,0.8687850467289719,0.857301293900185
50.0,0.44444445,7.0,2.0,0.9258566978193146,0.8828096118299446
50.0,0.44444445,7.0,3.0,0.9258566978193146,0.8828096118299446
50.0,0.44444445,7.0,5.0,0.9258566978193146,0.8828096118299446
50.0,0.44444445,7.0,8.0,0.9258566978193146,0.8828096118299446
50.0,0.44444445,7.0,12.0,0.9258566978193146,0.8828096118299446
50.0,0.44444445,7.0,20.0,0.9207476635514018,0.8817005545286506
50.0,0.44444445,7.0,32.0,0.9120249221183802,0.877634011090573
50.0,0.44444445,7.0,50.0,0.8978193146417446,0.8717190388170055
50.0,0.44444445,7.0,80.0,0.8829906542056076,0.8632162661737522
50.0,0.44444445,7.0,128.0,0.8665420560747663,0.8539741219963032
50.0,0.44444445,9.0,2.0,0.9201246105919003,0.8817005545286506
50.0,0.44444445,9.0,3.0,0.9201246105919003,0.8817005545286506
50.0,0.44444445,9.0,5.0,0.9201246105919003,0.8817005545286506
50.0,0.44444445,9.0,8.0,0.9201246105919003,0.8817005545286506
50.0,0.44444445,9.0,12.0,0.9201246105919003,0.8817005545286506
50.0,0.44444445,9.0,20.0,0.9173831775700935,0.8802218114602589
50.0,0.44444445,9.0,32.0,0.9094080996884735,0.8750462107208872
50.0,0.44444445,9.0,50.0,0.8963239875389408,0.8724584103512015
50.0,0.44444445,9.0,80.0,0.8823676012461059,0.8621072088724585
50.0,0.44444445,9.0,128.0,0.8669158878504672,0.8524953789279113
50.0,0.44444445,11.0,2.0,0.9136448598130841,0.879112754158965
50.0,0.44444445,11.0,3.0,0.9136448598130841,0.879112754158965
50.0,0.44444445,11.0,5.0,0.9136448598130841,0.879112754158965
50.0,0.44444445,11.0,8.0,0.9136448598130841,0.879112754158965
50.0,0.44444445,11.0,12.0,0.9136448598130841,0.879112754158965
50.0,0.44444445,11.0,20.0,0.9136448598130841,0.879112754158965
50.0,0.44444445,11.0,32.0,0.9057943925233645,0.8728280961182995
50.0,0.44444445,11.0,50.0,0.8950778816199378,0.8713493530499076
50.0,0.44444445,11.0,80.0,0.8801246105919004,0.8617375231053603
50.0,0.44444445,11.0,128.0,0.8672897196261682,0.8539741219963031
50.0,0.44444445,13.0,2.0,0.9080373831775701,0.8724584103512015
50.0,0.44444445,13.0,3.0,0.9080373831775701,0.8724584103512015
50.0,0.44444445,13.0,5.0,0.9080373831775701,0.8724584103512015
50.0,0.44444445,13.0,8.0,0.9080373831775701,0.8724584103512015
50.0,0.44444445,13.0,12.0,0.9080373831775701,0.8724584103512015
50.0,0.44444445,13.0,20.0,0.9080373831775701,0.8724584103512015
50.0,0.44444445,13.0,32.0,0.9046728971962616,0.8709796672828096
50.0,0.44444445,13.0,50.0,0.8948286604361371,0.8695009242144177
50.0,0.44444445,13.0,80.0,0.8786292834890966,0.8606284658040666
50.0,0.44444445,13.0,128.0,0.8674143302180685,0.8524953789279113
50.0,0.44444445,15.0,2.0,0.9019314641744549,0.8695009242144177
50.0,0.44444445,15.0,3.0,0.9019314641744549,0.8695009242144177
50.0,0.44444445,15.0,5.0,0.9019314641744549,0.8695009242144177
50.0,0.44444445,15.0,8.0,0.9019314641744549,0.8695009242144177
50.0,0.44444445,15.0,12.0,0.9019314641744549,0.8695009242144177
50.0,0.44444445,15.0,20.0,0.9019314641744549,0.8695009242144177
50.0,0.44444445,15.0,32.0,0.9014330218068537,0.8706099815157117
50.0,0.44444445,15.0,50.0,0.8939563862928349,0.8680221811460258
50.0,0.44444445,15.0,80.0,0.8785046728971964,0.8606284658040666
50.0,0.44444445,15.0,128.0,0.8666666666666668,0.8513863216266173
50.0,0.44444445,17.0,2.0,0.8974454828660436,0.8691312384473198
50.0,0.44444445,17.0,3.0,0.8974454828660436,0.8691312384473198
50.0,0.44444445,17.0,5.0,0.8974454828660436,0.8691312384473198
50.0,0.44444445,17.0,8.0,0.8974454828660436,0.8691312384473198
50.0,0.44444445,17.0,12.0,0.8974454828660436,0.8691312384473198
50.0,0.44444445,17.0,20.0,0.8974454828660436,0.8691312384473198
50.0,0.44444445,17.0,32.0,0.8974454828660436,0.8691312384473198
50.0,0.44444445,17.0,50.0,0.8922118380062305,0.867652495378928
50.0,0.44444445,17.0,80.0,0.878380062305296,0.8584103512014789
50.0,0.44444445,17.0,128.0,0.8660436137071651,0.8506469500924215
50.0,0.44444445,20.0,2.0,0.8937071651090344,0.8654343807763402
50.0,0.44444445,20.0,3.0,0.8937071651090344,0.8654343807763402
50.0,0.44444445,20.0,5.0,0.8937071651090344,0.8654343807763402
50.0,0.44444445,20.0,8.0,0.8937071651090344,0.8654343807763402
50.0,0.44444445,20.0,12.0,0.8937071651090344,0.8654343807763402
50.0,0.44444445,20.0,20.0,0.8937071651090344,0.8654343807763402
50.0,0.44444445,20.0,32.0,0.8937071651090344,0.8654343807763402
50.0,0.44444445,20.0,50.0,0.8909657320872274,0.866543438077634
50.0,0.44444445,20.0,80.0,0.8765109034267912,0.8609981515711645
50.0,0.44444445,20.0,128.0,0.8654205607476635,0.8517560073937153
50.0,0.5555556,1.0,2.0,0.9647352024922118,0.8964879852125692
50.0,0.5555556,1.0,3.0,0.9638629283489097,0.8957486136783734
50.0,0.5555556,1.0,5.0,0.962367601246106,0.8950092421441773
50.0,0.5555556,1.0,8.0,0.9566355140186916,0.8924214417744917
50.0,0.5555556,1.0,12.0,0.9482866043613708,0.8902033271719038
50.0,0.5555556,1.0,20.0,0.9342056074766354,0.8857670979667283
50.0,0.5555556,1.0,32.0,0.9208722741433022,0.877634011090573
50.0,0.5555556,1.0,50.0,0.9050467289719626,0.8739371534195934
50.0,0.5555556,1.0,80.0,0.886355140186916,0.8624768946395565
50.0,0.5555556,1.0,128.0,0.8691588785046729,0.8547134935304991
50.0,0.5555556,3.0,2.0,0.9494080996884735,0.889833641404806
50.0,0.5555556,3.0,3.0,0.9494080996884735,0.889833641404806
50.0,0.5555556,3.0,5.0,0.9494080996884735,0.889833641404806
50.0,0.5555556,3.0,8.0,0.9470404984423675,0.8913123844731977
50.0,0.5555556,3.0,12.0,0.9405607476635514,0.8876155268022181
50.0,0.5555556,3.0,20.0,0.9289719626168225,0.8842883548983365
50.0,0.5555556,3.0,32.0,0.9176323987538941,0.8772643253234751
50.0,0.5555556,3.0,50.0,0.9019314641744549,0.8720887245841036
50.0,0.5555556,3.0,80.0,0.8833644859813085,0.8635859519408504
50.0,0.5555556,3.0,128.0,0.8692834890965733,0.8547134935304991
50.0,0.5555556,5.0,2.0,0.9368224299065421,0.8879852125693161
50.0,0.5555556,5.0,3.0,0.9368224299065421,0.8879852125693161
50.0,0.5555556,5.0,5.0,0.9368224299065421,0.8879852125693161
50.0,0.5555556,5.0,8.0,0.9368224299065421,0.8879852125693161
50.0,0.5555556,5.0,12.0,0.934828660436137,0.8857670979667283
50.0,0.5555556,5.0,20.0,0.9256074766355139,0.8839186691312385
50.0,0.5555556,5.0,32.0,0.9135202492211837,0.878003696857671
50.0,0.5555556,5.0,50.0,0.8996884735202493,0.8728280961182995
50.0,0.5555556,5.0,80.0,0.8836137071651091,0.8639556377079483
50.0,0.5555556,5.0,128.0,0.8687850467289719,0.857301293900185
50.0,0.5555556,7.0,2.0,0.9258566978193146,0.8828096118299446
50.0,0.5555556,7.0,3.0,0.9258566978193146,0.8828096118299446
50.0,0.5555556,7.0,5.0,0.9258566978193146,0.8828096118299446
50.0,0.5555556,7.0,8.0,0.9258566978193146,0.8828096118299446
50.0,0.5555556,7.0,12.0,0.9258566978193146,0.8828096118299446
50.0,0.5555556,7.0,20.0,0.9207476635514018,0.8817005545286506
50.0,0.5555556,7.0,32.0,0.9120249221183802,0.877634011090573
50.0,0.5555556,7.0,50.0,0.8978193146417446,0.8717190388170055
50.0,0.5555556,7.0,80.0,0.8829906542056076,0.8632162661737522
50.0,0.5555556,7.0,128.0,0.8665420560747663,0.8539741219963032
50.0,0.5555556,9.0,2.0,0.9201246105919003,0.8817005545286506
50.0,0.5555556,9.0,3.0,0.9201246105919003,0.8817005545286506
50.0,0.5555556,9.0,5.0,0.9201246105919003,0.8817005545286506
50.0,0.5555556,9.0,8.0,0.9201246105919003,0.8817005545286506
50.0,0.5555556,9.0,12.0,0.9201246105919003,0.8817005545286506
50.0,0.5555556,9.0,20.0,0.9173831775700935,0.8802218114602589
50.0,0.5555556,9.0,32.0,0.9094080996884735,0.8750462107208872
50.0,0.5555556,9.0,50.0,0.8963239875389408,0.8724584103512015
50.0,0.5555556,9.0,80.0,0.8823676012461059,0.8621072088724585
50.0,0.5555556,9.0,128.0,0.8669158878504672,0.8524953789279113
50.0,0.5555556,11.0,2.0,0.9136448598130841,0.879112754158965
50.0,0.5555556,11.0,3.0,0.9136448598130841,0.879112754158965
50.0,0.5555556,11.0,5.0,0.9136448598130841,0.879112754158965
50.0,0.5555556,11.0,8.0,0.9136448598130841,0.879112754158965
50.0,0.5555556,11.0,12.0,0.9136448598130841,0.879112754158965
50.0,0.5555556,11.0,20.0,0.9136448598130841,0.879112754158965
50.0,0.5555556,11.0,32.0,0.9057943925233645,0.8728280961182995
50.0,0.5555556,11.0,50.0,0.8950778816199378,0.8713493530499076
50.0,0.5555556,11.0,80.0,0.8801246105919004,0.8617375231053603
50.0,0.5555556,11.0,128.0,0.8672897196261682,0.8539741219963031
50.0,0.5555556,13.0,2.0,0.9080373831775701,0.8724584103512015
50.0,0.5555556,13.0,3.0,0.9080373831775701,0.8724584103512015
50.0,0.5555556,13.0,5.0,0.9080373831775701,0.8724584103512015
50.0,0.5555556,13.0,8.0,0.9080373831775701,0.8724584103512015
50.0,0.5555556,13.0,12.0,0.9080373831775701,0.8724584103512015
50.0,0.5555556,13.0,20.0,0.9080373831775701,0.8724584103512015
50.0,0.5555556,13.0,32.0,0.9046728971962616,0.8709796672828096
50.0,0.5555556,13.0,50.0,0.8948286604361371,0.8695009242144177
50.0,0.5555556,13.0,80.0,0.8786292834890966,0.8606284658040666
50.0,0.5555556,13.0,128.0,0.8674143302180685,0.8524953789279113
50.0,0.5555556,15.0,2.0,0.9019314641744549,0.8695009242144177
50.0,0.5555556,15.0,3.0,0.9019314641744549,0.8695009242144177
50.0,0.5555556,15.0,5.0,0.9019314641744549,0.8695009242144177
50.0,0.5555556,15.0,8.0,0.9019314641744549,0.8695009242144177
50.0,0.5555556,15.0,12.0,0.9019314641744549,0.8695009242144177
50.0,0.5555556,15.0,20.0,0.9019314641744549,0.8695009242144177
50.0,0.5555556,15.0,32.0,0.9014330218068537,0.8706099815157117
50.0,0.5555556,15.0,50.0,0.8939563862928349,0.8680221811460258
50.0,0.5555556,15.0,80.0,0.8785046728971964,0.8606284658040666
50.0,0.5555556,15.0,128.0,0.8666666666666668,0.8513863216266173
50.0,0.5555556,17.0,2.0,0.8974454828660436,0.8691312384473198
50.0,0.5555556,17.0,3.0,0.8974454828660436,0.8691312384473198
50.0,0.5555556,17.0,5.0,0.8974454828660436,0.8691312384473198
50.0,0.5555556,17.0,8.0,0.8974454828660436,0.8691312384473198
50.0,0.5555556,17.0,12.0,0.8974454828660436,0.8691312384473198
50.0,0.5555556,17.0,20.0,0.8974454828660436,0.8691312384473198
50.0,0.5555556,17.0,32.0,0.8974454828660436,0.8691312384473198
50.0,0.5555556,17.0,50.0,0.8922118380062305,0.867652495378928
50.0,0.5555556,17.0,80.0,0.878380062305296,0.8584103512014789
50.0,0.5555556,17.0,128.0,0.8660436137071651,0.8506469500924215
50.0,0.5555556,20.0,2.0,0.8937071651090344,0.8654343807763402
50.0,0.5555556,20.0,3.0,0.8937071651090344,0.8654343807763402
50.0,0.5555556,20.0,5.0,0.8937071651090344,0.8654343807763402
50.0,0.5555556,20.0,8.0,0.8937071651090344,0.8654343807763402
50.0,0.5555556,20.0,12.0,0.8937071651090344,0.8654343807763402
50.0,0.5555556,20.0,20.0,0.8937071651090344,0.8654343807763402
50.0,0.5555556,20.0,32.0,0.8937071651090344,0.8654343807763402
50.0,0.5555556,20.0,50.0,0.8909657320872274,0.866543438077634
50.0,0.5555556,20.0,80.0,0.8765109034267912,0.8609981515711645
50.0,0.5555556,20.0,128.0,0.8654205607476635,0.8517560073937153
50.0,0.6666667,1.0,2.0,0.9634890965732087,0.8987060998151571
50.0,0.6666667,1.0,3.0,0.9631152647975079,0.8975970425138632
50.0,0.6666667,1.0,5.0,0.9621183800623052,0.8979667282809611
50.0,0.6666667,1.0,8.0,0.9565109034267912,0.8935304990757856
50.0,0.6666667,1.0,12.0,0.9481619937694704,0.8898336414048058
50.0,0.6666667,1.0,20.0,0.9344548286604362,0.8853974121996304
50.0,0.6666667,1.0,32.0,0.9217445482866043,0.8787430683918668
50.0,0.6666667,1.0,50.0,0.9049221183800622,0.8728280961182995
50.0,0.6666667,1.0,80.0,0.8890965732087228,0.8669131238447318
50.0,0.6666667,1.0,128.0,0.8716510903426791,0.8547134935304991
50.0,0.6666667,3.0,2.0,0.9502803738317758,0.8909426987060998
50.0,0.6666667,3.0,3.0,0.9502803738317758,0.8909426987060998
50.0,0.6666667,3.0,5.0,0.9502803738317758,0.8909426987060998
50.0,0.6666667,3.0,8.0,0.9474143302180685,0.8920517560073937
50.0,0.6666667,3.0,12.0,0.9401869158878504,0.8879852125693161
50.0,0.6666667,3.0,20.0,0.9288473520249221,0.8861367837338262
50.0,0.6666667,3.0,32.0,0.9172585669781931,0.877634011090573
50.0,0.6666667,3.0,50.0,0.9018068535825545,0.8724584103512015
50.0,0.6666667,3.0,80.0,0.8878504672897197,0.8661737523105361
50.0,0.6666667,3.0,128.0,0.8702803738317757,0.8547134935304991
50.0,0.6666667,5.0,2.0,0.936448598130841,0.8872458410351202
50.0,0.6666667,5.0,3.0,0.936448598130841,0.8872458410351202
50.0,0.6666667,5.0,5.0,0.936448598130841,0.8872458410351202
50.0,0.6666667,5.0,8.0,0.936448598130841,0.8872458410351202
50.0,0.6666667,5.0,12.0,0.9347040498442368,0.88909426987061
50.0,0.6666667,5.0,20.0,0.92398753894081,0.8805914972273567
50.0,0.6666667,5.0,32.0,0.9122741433021806,0.8772643253234751
50.0,0.6666667,5.0,50.0,0.9003115264797508,0.8728280961182995
50.0,0.6666667,5.0,80.0,0.8864797507788162,0.8669131238447318
50.0,0.6666667,5.0,128.0,0.8696573208722741,0.8536044362292052
50.0,0.6666667,7.0,2.0,0.9261059190031153,0.8842883548983365
50.0,0.6666667,7.0,3.0,0.9261059190031153,0.8842883548983365
50.0,0.6666667,7.0,5.0,0.9261059190031153,0.8842883548983365
50.0,0.6666667,7.0,8.0,0.9261059190031153,0.8842883548983365
50.0,0.6666667,7.0,12.0,0.9261059190031153,0.8842883548983365
50.0,0.6666667,7.0,20.0,0.9204984423676013,0.8798521256931607
50.0,0.6666667,7.0,32.0,0.9110280373831776,0.8757855822550832
50.0,0.6666667,7.0,50.0,0.9001869158878504,0.8724584103512015
50.0,0.6666667,7.0,80.0,0.8861059190031153,0.86728280961183
50.0,0.6666667,7.0,128.0,0.8695327102803738,0.8543438077634011
50.0,0.6666667,9.0,2.0,0.9177570093457945,0.8794824399260628
50.0,0.6666667,9.0,3.0,0.9177570093457945,0.8794824399260628
50.0,0.6666667,9.0,5.0,0.9177570093457945,0.8794824399260628
50.0,0.6666667,9.0,8.0,0.9177570093457945,0.8794824399260628
50.0,0.6666667,9.0,12.0,0.9177570093457945,0.8794824399260628
50.0,0.6666667,9.0,20.0,0.9187538940809968,0.8794824399260628
50.0,0.6666667,9.0,32.0,0.908785046728972,0.8735674676524953
50.0,0.6666667,9.0,50.0,0.8991900311526481,0.8720887245841036
50.0,0.6666667,9.0,80.0,0.8847352024922118,0.8650646950092421
50.0,0.6666667,9.0,128.0,0.8695327102803738,0.8539741219963032
50.0,0.6666667,11.0,2.0,0.9136448598130841,0.878003696857671
50.0,0.6666667,11.0,3.0,0.9136448598130841,0.878003696857671
50.0,0.6666667,11.0,5.0,0.9136448598130841,0.878003696857671
50.0,0.6666667,11.0,8.0,0.9136448598130841,0.878003696857671
50.0,0.6666667,11.0,12.0,0.9136448598130841,0.878003696857671
50.0,0.6666667,11.0,20.0,0.9136448598130841,0.878003696857671
50.0,0.6666667,11.0,32.0,0.9075389408099689,0.8746765249537892
50.0,0.6666667,11.0,50.0,0.8966978193146418,0.8709796672828096
50.0,0.6666667,11.0,80.0,0.8849844236760125,0.8658040665434381
50.0,0.6666667,11.0,128.0,0.868411214953271,0.8528650646950092
50.0,0.6666667,13.0,2.0,0.9090342679127726,0.8761552680221811
50.0,0.6666667,13.0,3.0,0.9090342679127726,0.8761552680221811
50.0,0.6666667,13.0,5.0,0.9090342679127726,0.8761552680221811
50.0,0.6666667,13.0,8.0,0.9090342679127726,0.8761552680221811
50.0,0.6666667,13.0,12.0,0.9090342679127726,0.8761552680221811
50.0,0.6666667,13.0,20.0,0.9090342679127726,0.8761552680221811
50.0,0.6666667,13.0,32.0,0.9052959501557633,0.8735674676524955
50.0,0.6666667,13.0,50.0,0.895576323987539,0.8698706099815157
50.0,0.6666667,13.0,80.0,0.8828660436137072,0.8650646950092421
50.0,0.6666667,13.0,128.0,0.8689096573208722,0.8521256931608134
50.0,0.6666667,15.0,2.0,0.9046728971962616,0.8739371534195934
50.0,0.6666667,15.0,3.0,0.9046728971962616,0.8739371534195934
50.0,0.6666667,15.0,5.0,0.9046728971962616,0.8739371534195934
50.0,0.6666667,15.0,8.0,0.9046728971962616,0.8739371534195934
50.0,0.6666667,15.0,12.0,0.9046728971962616,0.8739371534195934
50.0,0.6666667,15.0,20.0,0.9046728971962616,0.8739371534195934
50.0,0.6666667,15.0,32.0,0.9033021806853583,0.8724584103512015
50.0,0.6666667,15.0,50.0,0.8945794392523364,0.8702402957486136
50.0,0.6666667,15.0,80.0,0.8818691588785047,0.8632162661737522
50.0,0.6666667,15.0,128.0,0.8677881619937695,0.8536044362292052
50.0,0.6666667,17.0,2.0,0.9001869158878504,0.8698706099815159
50.0,0.6666667,17.0,3.0,0.9001869158878504,0.8698706099815159
50.0,0.6666667,17.0,5.0,0.9001869158878504,0.8698706099815159
50.0,0.6666667,17.0,8.0,0.9001869158878504,0.8698706099815159
50.0,0.6666667,17.0,12.0,0.9001869158878504,0.8698706099815159
50.0,0.6666667,17.0,20.0,0.9001869158878504,0.8698706099815159
50.0,0.6666667,17.0,32.0,0.9001869158878504,0.8698706099815159
50.0,0.6666667,17.0,50.0,0.8938317757009345,0.866543438077634
50.0,0.6666667,17.0,80.0,0.8811214953271028,0.8632162661737522
50.0,0.6666667,17.0,128.0,0.8662928348909658,0.8517560073937153
50.0,0.6666667,20.0,2.0,0.8958255451713395,0.867652495378928
50.0,0.6666667,20.0,3.0,0.8958255451713395,0.867652495378928
50.0,0.6666667,20.0,5.0,0.8958255451713395,0.867652495378928
50.0,0.6666667,20.0,8.0,0.8958255451713395,0.867652495378928
50.0,0.6666667,20.0,12.0,0.8958255451713395,0.867652495378928
50.0,0.6666667,20.0,20.0,0.8958255451713395,0.867652495378928
50.0,0.6666667,20.0,32.0,0.8958255451713395,0.867652495378928
50.0,0.6666667,20.0,50.0,0.8924610591900312,0.8646950092421442
50.0,0.6666667,20.0,80.0,0.8798753894080997,0.8635859519408502
50.0,0.6666667,20.0,128.0,0.8659190031152647,0.8513863216266173
50.0,0.7777778,1.0,2.0,0.9634890965732087,0.8987060998151571
50.0,0.7777778,1.0,3.0,0.9631152647975079,0.8975970425138632
50.0,0.7777778,1.0,5.0,0.9621183800623052,0.8979667282809611
50.0,0.7777778,1.0,8.0,0.9565109034267912,0.8935304990757856
50.0,0.7777778,1.0,12.0,0.9481619937694704,0.8898336414048058
50.0,0.7777778,1.0,20.0,0.9344548286604362,0.8853974121996304
50.0,0.7777778,1.0,32.0,0.9217445482866043,0.8787430683918668
50.0,0.7777778,1.0,50.0,0.9049221183800622,0.8728280961182995
50.0,0.7777778,1.0,80.0,0.8890965732087228,0.8669131238447318
50.0,0.7777778,1.0,128.0,0.8716510903426791,0.8547134935304991
50.0,0.7777778,3.0,2.0,0.9502803738317758,0.8909426987060998
50.0,0.7777778,3.0,3.0,0.9502803738317758,0.8909426987060998
50.0,0.7777778,3.0,5.0,0.9502803738317758,0.8909426987060998
50.0,0.7777778,3.0,8.0,0.9474143302180685,0.8920517560073937
50.0,0.7777778,3.0,12.0,0.9401869158878504,0.8879852125693161
50.0,0.7777778,3.0,20.0,0.9288473520249221,0.8861367837338262
50.0,0.7777778,3.0,32.0,0.9172585669781931,0.877634011090573
50.0,0.7777778,3.0,50.0,0.9018068535825545,0.8724584103512015
50.0,0.7777778,3.0,80.0,0.8878504672897197,0.8661737523105361
50.0,0.7777778,3.0,128.0,0.8702803738317757,0.8547134935304991
50.0,0.7777778,5.0,2.0,0.936448598130841,0.8872458410351202
50.0,0.7777778,5.0,3.0,0.936448598130841,0.8872458410351202
50.0,0.7777778,5.0,5.0,0.936448598130841,0.8872458410351202
50.0,0.7777778,5.0,8.0,0.936448598130841,0.8872458410351202
50.0,0.7777778,5.0,12.0,0.9347040498442368,0.88909426987061
50.0,0.7777778,5.0,20.0,0.92398753894081,0.8805914972273567
50.0,0.7777778,5.0,32.0,0.9122741433021806,0.8772643253234751
50.0,0.7777778,5.0,50.0,0.9003115264797508,0.8728280961182995
50.0,0.7777778,5.0,80.0,0.8864797507788162,0.8669131238447318
50.0,0.7777778,5.0,128.0,0.8696573208722741,0.8536044362292052
50.0,0.7777778,7.0,2.0,0.9261059190031153,0.8842883548983365
50.0,0.7777778,7.0,3.0,0.9261059190031153,0.8842883548983365
50.0,0.7777778,7.0,5.0,0.9261059190031153,0.8842883548983365
50.0,0.7777778,7.0,8.0,0.9261059190031153,0.8842883548983365
50.0,0.7777778,7.0,12.0,0.9261059190031153,0.8842883548983365
50.0,0.7777778,7.0,20.0,0.9204984423676013,0.8798521256931607
50.0,0.7777778,7.0,32.0,0.9110280373831776,0.8757855822550832
50.0,0.7777778,7.0,50.0,0.9001869158878504,0.8724584103512015
50.0,0.7777778,7.0,80.0,0.8861059190031153,0.86728280961183
50.0,0.7777778,7.0,128.0,0.8695327102803738,0.8543438077634011
50.0,0.7777778,9.0,2.0,0.9177570093457945,0.8794824399260628
50.0,0.7777778,9.0,3.0,0.9177570093457945,0.8794824399260628
50.0,0.7777778,9.0,5.0,0.9177570093457945,0.8794824399260628
50.0,0.7777778,9.0,8.0,0.9177570093457945,0.8794824399260628
50.0,0.7777778,9.0,12.0,0.9177570093457945,0.8794824399260628
50.0,0.7777778,9.0,20.0,0.9187538940809968,0.8794824399260628
50.0,0.7777778,9.0,32.0,0.908785046728972,0.8735674676524953
50.0,0.7777778,9.0,50.0,0.8991900311526481,0.8720887245841036
50.0,0.7777778,9.0,80.0,0.8847352024922118,0.8650646950092421
50.0,0.7777778,9.0,128.0,0.8695327102803738,0.8539741219963032
50.0,0.7777778,11.0,2.0,0.9136448598130841,0.878003696857671
50.0,0.7777778,11.0,3.0,0.9136448598130841,0.878003696857671
50.0,0.7777778,11.0,5.0,0.9136448598130841,0.878003696857671
50.0,0.7777778,11.0,8.0,0.9136448598130841,0.878003696857671
50.0,0.7777778,11.0,12.0,0.9136448598130841,0.878003696857671
50.0,0.7777778,11.0,20.0,0.9136448598130841,0.878003696857671
50.0,0.7777778,11.0,32.0,0.9075389408099689,0.8746765249537892
50.0,0.7777778,11.0,50.0,0.8966978193146418,0.8709796672828096
50.0,0.7777778,11.0,80.0,0.8849844236760125,0.8658040665434381
50.0,0.7777778,11.0,128.0,0.868411214953271,0.8528650646950092
50.0,0.7777778,13.0,2.0,0.9090342679127726,0.8761552680221811
50.0,0.7777778,13.0,3.0,0.9090342679127726,0.8761552680221811
50.0,0.7777778,13.0,5.0,0.9090342679127726,0.8761552680221811
50.0,0.7777778,13.0,8.0,0.9090342679127726,0.8761552680221811
50.0,0.7777778,13.0,12.0,0.9090342679127726,0.8761552680221811
50.0,0.7777778,13.0,20.0,0.9090342679127726,0.8761552680221811
50.0,0.7777778,13.0,32.0,0.9052959501557633,0.8735674676524955
50.0,0.7777778,13.0,50.0,0.895576323987539,0.8698706099815157
50.0,0.7777778,13.0,80.0,0.8828660436137072,0.8650646950092421
50.0,0.7777778,13.0,128.0,0.8689096573208722,0.8521256931608134
50.0,0.7777778,15.0,2.0,0.9046728971962616,0.8739371534195934
50.0,0.7777778,15.0,3.0,0.9046728971962616,0.8739371534195934
50.0,0.7777778,15.0,5.0,0.9046728971962616,0.8739371534195934
50.0,0.7777778,15.0,8.0,0.9046728971962616,0.8739371534195934
50.0,0.7777778,15.0,12.0,0.9046728971962616,0.8739371534195934
50.0,0.7777778,15.0,20.0,0.9046728971962616,0.8739371534195934
50.0,0.7777778,15.0,32.0,0.9033021806853583,0.8724584103512015
50.0,0.7777778,15.0,50.0,0.8945794392523364,0.8702402957486136
50.0,0.7777778,15.0,80.0,0.8818691588785047,0.8632162661737522
50.0,0.7777778,15.0,128.0,0.8677881619937695,0.8536044362292052
50.0,0.7777778,17.0,2.0,0.9001869158878504,0.8698706099815159
50.0,0.7777778,17.0,3.0,0.9001869158878504,0.8698706099815159
50.0,0.7777778,17.0,5.0,0.9001869158878504,0.8698706099815159
50.0,0.7777778,17.0,8.0,0.9001869158878504,0.8698706099815159
50.0,0.7777778,17.0,12.0,0.9001869158878504,0.8698706099815159
50.0,0.7777778,17.0,20.0,0.9001869158878504,0.8698706099815159
50.0,0.7777778,17.0,32.0,0.9001869158878504,0.8698706099815159
50.0,0.7777778,17.0,50.0,0.8938317757009345,0.866543438077634
50.0,0.7777778,17.0,80.0,0.8811214953271028,0.8632162661737522
50.0,0.7777778,17.0,128.0,0.8662928348909658,0.8517560073937153
50.0,0.7777778,20.0,2.0,0.8958255451713395,0.867652495378928
50.0,0.7777778,20.0,3.0,0.8958255451713395,0.867652495378928
50.0,0.7777778,20.0,5.0,0.8958255451713395,0.867652495378928
50.0,0.7777778,20.0,8.0,0.8958255451713395,0.867652495378928
50.0,0.7777778,20.0,12.0,0.8958255451713395,0.867652495378928
50.0,0.7777778,20.0,20.0,0.8958255451713395,0.867652495378928
50.0,0.7777778,20.0,32.0,0.8958255451713395,0.867652495378928
50.0,0.7777778,20.0,50.0,0.8924610591900312,0.8646950092421442
50.0,0.7777778,20.0,80.0,0.8798753894080997,0.8635859519408502
50.0,0.7777778,20.0,128.0,0.8659190031152647,0.8513863216266173
50.0,0.8888889,1.0,2.0,0.962367601246106,0.8972273567467652
50.0,0.8888889,1.0,3.0,0.962367601246106,0.8979667282809611
50.0,0.8888889,1.0,5.0,0.9621183800623052,0.8964879852125692
50.0,0.8888889,1.0,8.0,0.9551401869158879,0.8942698706099815
50.0,0.8888889,1.0,12.0,0.9481619937694704,0.8902033271719038
50.0,0.8888889,1.0,20.0,0.9350778816199377,0.8824399260628466
50.0,0.8888889,1.0,32.0,0.9198753894080998,0.8765249537892791
50.0,0.8888889,1.0,50.0,0.9049221183800624,0.8691312384473198
50.0,0.8888889,1.0,80.0,0.8858566978193145,0.8624768946395565
50.0,0.8888889,1.0,128.0,0.8705295950155764,0.8506469500924215
50.0,0.8888889,3.0,2.0,0.9496573208722742,0.8935304990757856
50.0,0.8888889,3.0,3.0,0.9496573208722742,0.8935304990757856
50.0,0.8888889,3.0,5.0,0.9496573208722742,0.8935304990757856
50.0,0.8888889,3.0,8.0,0.9459190031152648,0.8920517560073937
50.0,0.8888889,3.0,12.0,0.9400623052959501,0.8876155268022181
50.0,0.8888889,3.0,20.0,0.9278504672897195,0.8813308687615526
50.0,0.8888889,3.0,32.0,0.914392523364486,0.8746765249537892
50.0,0.8888889,3.0,50.0,0.9009345794392523,0.8702402957486136
50.0,0.8888889,3.0,80.0,0.8841121495327103,0.8624768946395565
50.0,0.8888889,3.0,128.0,0.8689096573208722,0.8491682070240296
50.0,0.8888889,5.0,2.0,0.9358255451713395,0.889833641404806
50.0,0.8888889,5.0,3.0,0.9358255451713395,0.889833641404806
50.0,0.8888889,5.0,5.0,0.9358255451713395,0.889833641404806
50.0,0.8888889,5.0,8.0,0.9358255451713395,0.889833641404806
50.0,0.8888889,5.0,12.0,0.9340809968847352,0.8861367837338262
50.0,0.8888889,5.0,20.0,0.921993769470405,0.8817005545286506
50.0,0.8888889,5.0,32.0,0.9107788161993768,0.878743068391867
50.0,0.8888889,5.0,50.0,0.9001869158878504,0.8713493530499076
50.0,0.8888889,5.0,80.0,0.8838629283489097,0.8621072088724585
50.0,0.8888889,5.0,128.0,0.8685358255451714,0.8506469500924215
50.0,0.8888889,7.0,2.0,0.9251090342679127,0.8831792975970425
50.0,0.8888889,7.0,3.0,0.9251090342679127,0.8831792975970425
50.0,0.8888889,7.0,5.0,0.9251090342679127,0.8831792975970425
50.0,0.8888889,7.0,8.0,0.9251090342679127,0.8831792975970425
50.0,0.8888889,7.0,12.0,0.9251090342679127,0.8831792975970425
50.0,0.8888889,7.0,20.0,0.9181308411214953,0.8809611829944547
50.0,0.8888889,7.0,32.0,0.9081619937694704,0.8761552680221811
50.0,0.8888889,7.0,50.0,0.896822429906542,0.8669131238447321
50.0,0.8888889,7.0,80.0,0.8832398753894081,0.8617375231053603
50.0,0.8888889,7.0,128.0,0.8676635514018691,0.8495378927911276
50.0,0.8888889,9.0,2.0,0.9157632398753893,0.8824399260628466
50.0,0.8888889,9.0,3.0,0.9157632398753893,0.8824399260628466
50.0,0.8888889,9.0,5.0,0.9157632398753893,0.8824399260628466
50.0,0.8888889,9.0,8.0,0.9157632398753893,0.8824399260628466
50.0,0.8888889,9.0,12.0,0.9157632398753893,0.8824399260628466
50.0,0.8888889,9.0,20.0,0.915638629283489,0.8794824399260628
50.0,0.8888889,9.0,32.0,0.906417445482866,0.8750462107208872
50.0,0.8888889,9.0,50.0,0.896822429906542,0.8695009242144177
50.0,0.8888889,9.0,80.0,0.8821183800623054,0.8624768946395565
50.0,0.8888889,9.0,128.0,0.8674143302180685,0.8491682070240296
50.0,0.8888889,11.0,2.0,0.9102803738317757,0.878373382624769
50.0,0.8888889,11.0,3.0,0.9102803738317757,0.878373382624769
50.0,0.8888889,11.0,5.0,0.9102803738317757,0.878373382624769
50.0,0.8888889,11.0,8.0,0.9102803738317757,0.878373382624769
50.0,0.8888889,11.0,12.0,0.9102803738317757,0.878373382624769
50.0,0.8888889,11.0,20.0,0.9102803738317757,0.878373382624769
50.0,0.8888889,11.0,32.0,0.9041744548286605,0.8750462107208872
50.0,0.8888889,11.0,50.0,0.895202492211838,0.8687615526802219
50.0,0.8888889,11.0,80.0,0.881619937694704,0.8639556377079483
50.0,0.8888889,11.0,128.0,0.866791277258567,0.8480591497227357
50.0,0.8888889,13.0,2.0,0.9072897196261682,0.8757855822550832
50.0,0.8888889,13.0,3.0,0.9072897196261682,0.8757855822550832
50.0,0.8888889,13.0,5.0,0.9072897196261682,0.8757855822550832
50.0,0.8888889,13.0,8.0,0.9072897196261682,0.8757855822550832
50.0,0.8888889,13.0,12.0,0.9072897196261682,0.8757855822550832
50.0,0.8888889,13.0,20.0,0.9072897196261682,0.8757855822550832
50.0,0.8888889,13.0,32.0,0.9039252336448598,0.8724584103512015
50.0,0.8888889,13.0,50.0,0.8935825545171341,0.8702402957486136
50.0,0.8888889,13.0,80.0,0.881619937694704,0.8613678373382625
50.0,0.8888889,13.0,128.0,0.8670404984423676,0.8473197781885398
50.0,0.8888889,15.0,2.0,0.902429906542056,0.8717190388170055
50.0,0.8888889,15.0,3.0,0.902429906542056,0.8717190388170055
50.0,0.8888889,15.0,5.0,0.902429906542056,0.8717190388170055
50.0,0.8888889,15.0,8.0,0.902429906542056,0.8717190388170055
50.0,0.8888889,15.0,12.0,0.902429906542056,0.8717190388170055
50.0,0.8888889,15.0,20.0,0.902429906542056,0.8717190388170055
50.0,0.8888889,15.0,32.0,0.9026791277258568,0.8713493530499076
50.0,0.8888889,15.0,50.0,0.892834890965732,0.8680221811460258
50.0,0.8888889,15.0,80.0,0.8796261682242991,0.8609981515711645
50.0,0.8888889,15.0,128.0,0.8675389408099689,0.8487985212569317
50.0,0.8888889,17.0,2.0,0.9003115264797508,0.8706099815157117
50.0,0.8888889,17.0,3.0,0.9003115264797508,0.8706099815157117
50.0,0.8888889,17.0,5.0,0.9003115264797508,0.8706099815157117
50.0,0.8888889,17.0,8.0,0.9003115264797508,0.8706099815157117
50.0,0.8888889,17.0,12.0,0.9003115264797508,0.8706099815157117
50.0,0.8888889,17.0,20.0,0.9003115264797508,0.8706099815157117
50.0,0.8888889,17.0,32.0,0.9003115264797508,0.8706099815157117
50.0,0.8888889,17.0,50.0,0.8929595015576324,0.8698706099815157
50.0,0.8888889,17.0,80.0,0.878380062305296,0.8606284658040666
50.0,0.8888889,17.0,128.0,0.8662928348909658,0.8476894639556377
50.0,0.8888889,20.0,2.0,0.8935825545171341,0.8658040665434381
50.0,0.8888889,20.0,3.0,0.8935825545171341,0.8658040665434381
50.0,0.8888889,20.0,5.0,0.8935825545171341,0.8658040665434381
50.0,0.8888889,20.0,8.0,0.8935825545171341,0.8658040665434381
50.0,0.8888889,20.0,12.0,0.8935825545171341,0.8658040665434381
50.0,0.8888889,20.0,20.0,0.8935825545171341,0.8658040665434381
50.0,0.8888889,20.0,32.0,0.8935825545171341,0.8658040665434381
50.0,0.8888889,20.0,50.0,0.8907165109034267,0.8639556377079483
50.0,0.8888889,20.0,80.0,0.8772585669781933,0.8602587800369685
50.0,0.8888889,20.0,128.0,0.8659190031152647,0.8484288354898336
50.0,1.0,1.0,2.0,0.9621183800623052,0.8957486136783734
50.0,1.0,1.0,3.0,0.9612461059190032,0.8968576709796672
50.0,1.0,1.0,5.0,0.9598753894080996,0.8961182994454713
50.0,1.0,1.0,8.0,0.9541433021806853,0.8927911275415896
50.0,1.0,1.0,12.0,0.9460436137071652,0.8879852125693161
50.0,1.0,1.0,20.0,0.9315887850467289,0.8805914972273567
50.0,1.0,1.0,32.0,0.91601246105919,0.8746765249537892
50.0,1.0,1.0,50.0,0.8989408099688474,0.8658040665434381
50.0,1.0,1.0,80.0,0.8818691588785047,0.8565619223659888
50.0,1.0,1.0,128.0,0.8605607476635514,0.8421441774491681
50.0,1.0,3.0,2.0,0.9470404984423675,0.8927911275415896
50.0,1.0,3.0,3.0,0.9470404984423675,0.8927911275415896
50.0,1.0,3.0,5.0,0.9470404984423675,0.8927911275415896
50.0,1.0,3.0,8.0,0.9434267912772587,0.8913123844731977
50.0,1.0,3.0,12.0,0.9365732087227414,0.8879852125693161
50.0,1.0,3.0,20.0,0.9237383177570093,0.8805914972273567
50.0,1.0,3.0,32.0,0.9101557632398753,0.8724584103512015
50.0,1.0,3.0,50.0,0.8950778816199376,0.8643253234750462
50.0,1.0,3.0,80.0,0.8796261682242991,0.855822550831793
50.0,1.0,3.0,128.0,0.859190031152648,0.8414048059149722
50.0,1.0,5.0,2.0,0.9330841121495327,0.8868761552680222
50.0,1.0,5.0,3.0,0.9330841121495327,0.8868761552680222
50.0,1.0,5.0,5.0,0.9330841121495327,0.8868761552680222
50.0,1.0,5.0,8.0,0.9330841121495327,0.8868761552680222
50.0,1.0,5.0,12.0,0.9307165109034269,0.8835489833641403
50.0,1.0,5.0,20.0,0.918380062305296,0.8794824399260628
50.0,1.0,5.0,32.0,0.9060436137071651,0.8724584103512015
50.0,1.0,5.0,50.0,0.8922118380062306,0.8632162661737522
50.0,1.0,5.0,80.0,0.8776323987538941,0.855822550831793
50.0,1.0,5.0,128.0,0.8584423676012461,0.8406654343807762
50.0,1.0,7.0,2.0,0.9232398753894081,0.8794824399260628
50.0,1.0,7.0,3.0,0.9232398753894081,0.8794824399260628
50.0,1.0,7.0,5.0,0.9232398753894081,0.8794824399260628
50.0,1.0,7.0,8.0,0.9232398753894081,0.8794824399260628
50.0,1.0,7.0,12.0,0.9232398753894081,0.8794824399260628
50.0,1.0,7.0,20.0,0.9155140186915889,0.8761552680221811
50.0,1.0,7.0,32.0,0.9042990654205607,0.8728280961182995
50.0,1.0,7.0,50.0,0.8912149532710281,0.8628465804066543
50.0,1.0,7.0,80.0,0.876386292834891,0.8547134935304991
50.0,1.0,7.0,128.0,0.8583177570093458,0.8399260628465803
50.0,1.0,9.0,2.0,0.9132710280373832,0.878743068391867
50.0,1.0,9.0,3.0,0.9132710280373832,0.878743068391867
50.0,1.0,9.0,5.0,0.9132710280373832,0.878743068391867
50.0,1.0,9.0,8.0,0.9132710280373832,0.878743068391867
50.0,1.0,9.0,12.0,0.9132710280373832,0.878743068391867
50.0,1.0,9.0,20.0,0.9122741433021806,0.876894639556377
50.0,1.0,9.0,32.0,0.9018068535825545,0.8713493530499076
50.0,1.0,9.0,50.0,0.8893457943925235,0.8635859519408502
50.0,1.0,9.0,80.0,0.8750155763239876,0.8539741219963032
50.0,1.0,9.0,128.0,0.8580685358255451,0.8395563770794825
50.0,1.0,11.0,2.0,0.9062928348909658,0.8739371534195934
50.0,1.0,11.0,3.0,0.9062928348909658,0.8739371534195934
50.0,1.0,11.0,5.0,0.9062928348909658,0.8739371534195934
50.0,1.0,11.0,8.0,0.9062928348909658,0.8739371534195934
50.0,1.0,11.0,12.0,0.9062928348909658,0.8739371534195934
50.0,1.0,11.0,20.0,0.9062928348909658,0.8739371534195934
50.0,1.0,11.0,32.0,0.8989408099688474,0.8717190388170055
50.0,1.0,11.0,50.0,0.8880996884735202,0.8628465804066543
50.0,1.0,11.0,80.0,0.8746417445482866,0.8547134935304991
50.0,1.0,11.0,128.0,0.8578193146417445,0.8402957486136783
50.0,1.0,13.0,2.0,0.902429906542056,0.8713493530499076
50.0,1.0,13.0,3.0,0.902429906542056,0.8713493530499076
50.0,1.0,13.0,5.0,0.902429906542056,0.8713493530499076
50.0,1.0,13.0,8.0,0.902429906542056,0.8713493530499076
50.0,1.0,13.0,12.0,0.902429906542056,0.8713493530499076
50.0,1.0,13.0,20.0,0.902429906542056,0.8713493530499076
50.0,1.0,13.0,32.0,0.8978193146417446,0.8687615526802219
50.0,1.0,13.0,50.0,0.8872274143302181,0.8654343807763402
50.0,1.0,13.0,80.0,0.874392523364486,0.8528650646950092
50.0,1.0,13.0,128.0,0.8573208722741432,0.8380776340110906
50.0,1.0,15.0,2.0,0.8980685358255451,0.8687615526802219
50.0,1.0,15.0,3.0,0.8980685358255451,0.8687615526802219
50.0,1.0,15.0,5.0,0.8980685358255451,0.8687615526802219
50.0,1.0,15.0,8.0,0.8980685358255451,0.8687615526802219
50.0,1.0,15.0,12.0,0.8980685358255451,0.8687615526802219
50.0,1.0,15.0,20.0,0.8980685358255451,0.8687615526802219
50.0,1.0,15.0,32.0,0.8961993769470405,0.86728280961183
50.0,1.0,15.0,50.0,0.8868535825545172,0.8669131238447318
50.0,1.0,15.0,80.0,0.8736448598130842,0.8539741219963032
50.0,1.0,15.0,128.0,0.856822429906542,0.8391866913123845
50.0,1.0,17.0,2.0,0.8930841121495326,0.8658040665434381
50.0,1.0,17.0,3.0,0.8930841121495326,0.8658040665434381
50.0,1.0,17.0,5.0,0.8930841121495326,0.8658040665434381
50.0,1.0,17.0,8.0,0.8930841121495326,0.8658040665434381
50.0,1.0,17.0,12.0,0.8930841121495326,0.8658040665434381
50.0,1.0,17.0,20.0,0.8930841121495326,0.8658040665434381
50.0,1.0,17.0,32.0,0.8930841121495326,0.8658040665434381
50.0,1.0,17.0,50.0,0.8859813084112149,0.866543438077634
50.0,1.0,17.0,80.0,0.8721495327102804,0.8547134935304991
50.0,1.0,17.0,128.0,0.8564485981308412,0.8399260628465803
50.0,1.0,20.0,2.0,0.8869781931464175,0.8628465804066543
50.0,1.0,20.0,3.0,0.8869781931464175,0.8628465804066543
50.0,1.0,20.0,5.0,0.8869781931464175,0.8628465804066543
50.0,1.0,20.0,8.0,0.8869781931464175,0.8628465804066543
50.0,1.0,20.0,12.0,0.8869781931464175,0.8628465804066543
50.0,1.0,20.0,20.0,0.8869781931464175,0.8628465804066543
50.0,1.0,20.0,32.0,0.8869781931464175,0.8628465804066543
50.0,1.0,20.0,50.0,0.88398753894081,0.8624768946395565
50.0,1.0,20.0,80.0,0.8696573208722741,0.8543438077634011
50.0,1.0,20.0,128.0,0.8543302180685359,0.8388170055452864
